image_name,target,prob,split
ISIC_0074311,0,0.00018822319,inner_val
ISIC_0076545,0,0.03540464,inner_val
ISIC_0076742,0,0.00078326755,inner_val
ISIC_0081956,0,0.00081563025,inner_val
ISIC_0082348,0,9.277742e-05,inner_val
ISIC_0085718,0,0.00051975803,inner_val
ISIC_0087290,0,0.00026488584,inner_val
ISIC_0087297,0,0.0010086894,inner_val
ISIC_0089401,0,7.3679184e-05,inner_val
ISIC_0089738,0,0.038362935,inner_val
ISIC_0094775,0,0.00020443185,inner_val
ISIC_0096201,0,0.04757452,inner_val
ISIC_0096227,0,9.027221e-05,inner_val
ISIC_0106091,0,0.0013017562,inner_val
ISIC_0125706,0,0.008897177,inner_val
ISIC_0147817,0,0.00036115147,inner_val
ISIC_0153589,0,0.0021318356,inner_val
ISIC_0163463,0,0.004510803,inner_val
ISIC_0165903,0,0.0003380242,inner_val
ISIC_0166988,0,0.03223531,inner_val
ISIC_0170101,0,0.010686838,inner_val
ISIC_0170583,0,0.021374248,inner_val
ISIC_0170960,0,0.005598615,inner_val
ISIC_0172865,0,0.005175768,inner_val
ISIC_0175486,0,0.0004825433,inner_val
ISIC_0176781,0,0.0040710503,inner_val
ISIC_0180510,0,0.001361789,inner_val
ISIC_0181059,0,0.00046849257,inner_val
ISIC_0181678,0,0.031771984,inner_val
ISIC_0183290,0,0.002760187,inner_val
ISIC_0186161,0,0.08548926,inner_val
ISIC_0186437,0,0.00014116413,inner_val
ISIC_0186820,0,0.039002284,inner_val
ISIC_0189336,0,0.00018139802,inner_val
ISIC_0192596,0,0.00011673864,inner_val
ISIC_0192701,0,0.00030251016,inner_val
ISIC_0195699,0,0.00019966096,inner_val
ISIC_0195972,0,0.022967562,inner_val
ISIC_0196559,0,0.00022716461,inner_val
ISIC_0196945,0,0.0016341825,inner_val
ISIC_0198861,0,0.0029689611,inner_val
ISIC_0200174,0,0.00016172612,inner_val
ISIC_0200611,0,0.048857324,inner_val
ISIC_0205127,0,0.0046649654,inner_val
ISIC_0205926,0,0.022153322,inner_val
ISIC_0207341,0,0.001138739,inner_val
ISIC_0207349,0,0.0010550433,inner_val
ISIC_0210282,0,0.0008910881,inner_val
ISIC_0214037,0,0.010581916,inner_val
ISIC_0216689,0,0.13305034,inner_val
ISIC_0217057,0,0.00070773705,inner_val
ISIC_0217111,0,0.002466746,inner_val
ISIC_0221351,0,0.021929424,inner_val
ISIC_0222117,0,0.027778387,inner_val
ISIC_0226137,0,0.013382834,inner_val
ISIC_0228497,0,9.4601535e-05,inner_val
ISIC_0228718,0,0.00044994592,inner_val
ISIC_0230332,0,0.04997487,inner_val
ISIC_0231828,0,0.00018901774,inner_val
ISIC_0234894,0,0.00027755607,inner_val
ISIC_0237636,0,0.045910105,inner_val
ISIC_0238570,0,0.014879376,inner_val
ISIC_0240365,0,0.00011017242,inner_val
ISIC_0240778,0,0.08083713,inner_val
ISIC_0242433,0,0.016136354,inner_val
ISIC_0242646,0,0.00043391204,inner_val
ISIC_0243235,0,0.023426648,inner_val
ISIC_0244197,0,0.00016598876,inner_val
ISIC_0247541,0,7.3875046e-05,inner_val
ISIC_0248114,0,0.098229505,inner_val
ISIC_0249269,0,0.00041480278,inner_val
ISIC_0250455,0,0.026752219,inner_val
ISIC_0255796,0,0.0006442125,inner_val
ISIC_0257447,0,0.011797472,inner_val
ISIC_0261781,0,0.00082068716,inner_val
ISIC_0263522,0,0.0015614482,inner_val
ISIC_0270101,0,0.00032000738,inner_val
ISIC_0271922,0,0.022399882,inner_val
ISIC_0274625,0,0.058345422,inner_val
ISIC_0275693,0,0.15288787,inner_val
ISIC_0277727,0,0.0034618503,inner_val
ISIC_0278346,0,0.0030738788,inner_val
ISIC_0280208,0,0.007956039,inner_val
ISIC_0280943,0,0.020628635,inner_val
ISIC_0282166,0,0.0127011165,inner_val
ISIC_0282321,0,0.0075490163,inner_val
ISIC_0282681,0,0.0013034535,inner_val
ISIC_0284664,0,0.03484869,inner_val
ISIC_0285095,0,0.0134661095,inner_val
ISIC_0287784,0,0.00011403176,inner_val
ISIC_0290785,0,0.024811152,inner_val
ISIC_0290881,0,0.023316756,inner_val
ISIC_0294733,0,0.001381391,inner_val
ISIC_0294910,0,0.0016533203,inner_val
ISIC_0295104,0,0.00038740246,inner_val
ISIC_0295178,0,0.0082339635,inner_val
ISIC_0296109,0,0.011679174,inner_val
ISIC_0297558,0,0.0001411644,inner_val
ISIC_0297795,0,0.009766937,inner_val
ISIC_0299504,0,0.01671536,inner_val
ISIC_0301931,0,0.044426005,inner_val
ISIC_0304019,0,0.013728432,inner_val
ISIC_0304649,0,0.00014918802,inner_val
ISIC_0307909,0,0.0116333235,inner_val
ISIC_0308888,0,0.0007224759,inner_val
ISIC_0309642,0,0.06892433,inner_val
ISIC_0309912,0,0.002255216,inner_val
ISIC_0311783,0,0.008037966,inner_val
ISIC_0313507,0,0.0011958755,inner_val
ISIC_0313653,0,0.0010593993,inner_val
ISIC_0313924,0,0.00080703635,inner_val
ISIC_0316656,0,0.05659161,inner_val
ISIC_0316933,0,0.007746647,inner_val
ISIC_0320227,0,0.0025039085,inner_val
ISIC_0322637,0,0.00017043653,inner_val
ISIC_0323792,0,0.0014175802,inner_val
ISIC_0325664,0,0.02323562,inner_val
ISIC_0327225,0,0.0005581678,inner_val
ISIC_0327406,1,0.03112009,inner_val
ISIC_0329458,0,0.0046318416,inner_val
ISIC_0332865,0,0.00017840069,inner_val
ISIC_0333736,0,0.00018634068,inner_val
ISIC_0337921,0,0.0066704885,inner_val
ISIC_0339099,0,0.00029097253,inner_val
ISIC_0339930,0,0.00069869764,inner_val
ISIC_0342869,0,0.00024479884,inner_val
ISIC_0345845,0,0.037178803,inner_val
ISIC_0347795,0,0.09839905,inner_val
ISIC_0347984,0,0.07836997,inner_val
ISIC_0349484,0,0.012335612,inner_val
ISIC_0354635,0,0.00067696255,inner_val
ISIC_0357525,0,0.0010122032,inner_val
ISIC_0361914,0,0.0006163216,inner_val
ISIC_0362853,0,0.015194058,inner_val
ISIC_0363161,0,0.021939177,inner_val
ISIC_0363251,0,0.0005777758,inner_val
ISIC_0364641,0,0.00018765332,inner_val
ISIC_0367913,0,0.03742984,inner_val
ISIC_0369831,1,0.2798164,inner_val
ISIC_0371038,0,0.00025950317,inner_val
ISIC_0372318,0,0.00064844463,inner_val
ISIC_0377184,0,0.008648383,inner_val
ISIC_0377420,0,0.005152862,inner_val
ISIC_0378399,0,0.08618987,inner_val
ISIC_0379931,0,0.00021169856,inner_val
ISIC_0380622,0,0.009245501,inner_val
ISIC_0381051,0,0.074391074,inner_val
ISIC_0383524,0,0.000726311,inner_val
ISIC_0383804,0,0.07917107,inner_val
ISIC_0384407,0,0.00059973507,inner_val
ISIC_0401401,0,0.008635887,inner_val
ISIC_0402533,0,0.00086804555,inner_val
ISIC_0402674,0,0.00010843507,inner_val
ISIC_0404568,0,0.009059382,inner_val
ISIC_0404809,0,0.012733943,inner_val
ISIC_0404840,0,0.029931907,inner_val
ISIC_0409172,0,0.13933152,inner_val
ISIC_0410165,0,0.0008696127,inner_val
ISIC_0420249,0,0.002546345,inner_val
ISIC_0420381,0,0.0106982635,inner_val
ISIC_0420477,0,0.05983459,inner_val
ISIC_0420624,0,0.011346582,inner_val
ISIC_0421558,0,0.005651161,inner_val
ISIC_0428383,0,0.00037087736,inner_val
ISIC_0429932,0,0.14432645,inner_val
ISIC_0432484,0,0.002035867,inner_val
ISIC_0433142,0,0.046060294,inner_val
ISIC_0436161,0,0.010319539,inner_val
ISIC_0442425,0,0.013455103,inner_val
ISIC_0445189,0,0.034535892,inner_val
ISIC_0448050,0,0.00816747,inner_val
ISIC_0450295,0,0.030512927,inner_val
ISIC_0452379,0,0.0039310115,inner_val
ISIC_0454594,0,0.0021828348,inner_val
ISIC_0456090,0,0.04118816,inner_val
ISIC_0460240,0,0.000117807715,inner_val
ISIC_0460608,0,9.7485055e-05,inner_val
ISIC_0460815,0,0.0059816223,inner_val
ISIC_0461128,0,0.045900647,inner_val
ISIC_0461706,0,0.05335353,inner_val
ISIC_0463755,0,0.033495136,inner_val
ISIC_0465938,0,0.037395373,inner_val
ISIC_0468433,0,0.000308371,inner_val
ISIC_0470210,0,0.008340095,inner_val
ISIC_0470224,0,0.25277007,inner_val
ISIC_0474481,0,0.0014854381,inner_val
ISIC_0474975,0,0.00036186454,inner_val
ISIC_0477898,0,0.016310913,inner_val
ISIC_0481453,0,0.004167291,inner_val
ISIC_0483872,0,0.0010072221,inner_val
ISIC_0484171,0,0.00048871076,inner_val
ISIC_0485417,0,0.049856935,inner_val
ISIC_0488192,0,0.0028925613,inner_val
ISIC_0489611,0,0.0010606439,inner_val
ISIC_0496209,0,0.01253064,inner_val
ISIC_0498374,0,7.634227e-05,inner_val
ISIC_0499971,0,0.02484681,inner_val
ISIC_0501506,0,0.0058076507,inner_val
ISIC_0504868,0,0.013130555,inner_val
ISIC_0506901,0,0.053327356,inner_val
ISIC_0507787,0,0.016707344,inner_val
ISIC_0508284,0,0.00015210059,inner_val
ISIC_0515794,0,0.0009799929,inner_val
ISIC_0517121,0,0.013112439,inner_val
ISIC_0518352,0,0.00037906264,inner_val
ISIC_0520584,0,0.005028004,inner_val
ISIC_0523031,0,0.013405203,inner_val
ISIC_0523251,0,0.0023557665,inner_val
ISIC_0525318,0,0.0017288596,inner_val
ISIC_0525554,0,0.019970337,inner_val
ISIC_0526861,0,0.035076022,inner_val
ISIC_0528044,1,0.26512066,inner_val
ISIC_0528380,0,0.009531732,inner_val
ISIC_0528495,0,0.053757045,inner_val
ISIC_0533986,0,0.009768265,inner_val
ISIC_0534191,0,0.0453915,inner_val
ISIC_0535416,0,0.006271763,inner_val
ISIC_0535843,0,0.0023066434,inner_val
ISIC_0536321,0,0.00087403494,inner_val
ISIC_0536454,0,0.071988985,inner_val
ISIC_0536865,0,0.00039886314,inner_val
ISIC_0539604,0,0.011183228,inner_val
ISIC_0542222,0,0.011136167,inner_val
ISIC_0543351,0,0.000247502,inner_val
ISIC_0549531,0,0.02068512,inner_val
ISIC_0550051,0,0.09366015,inner_val
ISIC_0550406,0,0.02483876,inner_val
ISIC_0551684,0,0.090114884,inner_val
ISIC_0553164,0,5.635598e-05,inner_val
ISIC_0553509,0,0.020591628,inner_val
ISIC_0555529,0,0.04869243,inner_val
ISIC_0560916,0,0.0002191491,inner_val
ISIC_0561873,0,0.010137175,inner_val
ISIC_0565120,0,9.25385e-05,inner_val
ISIC_0566527,0,0.008794479,inner_val
ISIC_0569360,0,0.114247635,inner_val
ISIC_0570690,0,0.00037902975,inner_val
ISIC_0573518,0,0.011605039,inner_val
ISIC_0573656,0,0.0026485526,inner_val
ISIC_0573934,0,0.006278706,inner_val
ISIC_0574925,0,0.0068157054,inner_val
ISIC_0580054,0,0.00013392272,inner_val
ISIC_0583827,0,0.0006267342,inner_val
ISIC_0584978,0,0.0025164846,inner_val
ISIC_0586396,0,0.06398379,inner_val
ISIC_0589461,0,0.10749835,inner_val
ISIC_0591097,0,0.08721443,inner_val
ISIC_0595080,0,0.0015395831,inner_val
ISIC_0596607,0,0.0018207099,inner_val
ISIC_0602494,0,0.0008761336,inner_val
ISIC_0602889,0,0.011890632,inner_val
ISIC_0605128,0,0.010277441,inner_val
ISIC_0605180,0,0.005490063,inner_val
ISIC_0606583,0,0.00022208809,inner_val
ISIC_0608613,0,0.00412491,inner_val
ISIC_0610477,0,0.0066377353,inner_val
ISIC_0610849,0,0.0071408413,inner_val
ISIC_0612291,0,0.00081317866,inner_val
ISIC_0615782,0,0.10269043,inner_val
ISIC_0616348,0,0.001048629,inner_val
ISIC_0625629,0,0.0063518137,inner_val
ISIC_0633259,0,0.00019931441,inner_val
ISIC_0634028,0,0.0016999947,inner_val
ISIC_0641330,0,0.060899217,inner_val
ISIC_0644590,0,0.028446797,inner_val
ISIC_0644970,0,0.00013165802,inner_val
ISIC_0645462,0,0.025609178,inner_val
ISIC_0645777,0,0.00961193,inner_val
ISIC_0650126,0,0.00065461016,inner_val
ISIC_0650784,0,0.016338341,inner_val
ISIC_0651166,0,0.00014409873,inner_val
ISIC_0662911,0,0.065704614,inner_val
ISIC_0663631,0,0.00048023864,inner_val
ISIC_0668165,0,7.681664e-05,inner_val
ISIC_0674629,0,0.00011159199,inner_val
ISIC_0676126,0,0.074117854,inner_val
ISIC_0680023,0,0.00589489,inner_val
ISIC_0682403,0,0.02071175,inner_val
ISIC_0683389,0,0.0011187083,inner_val
ISIC_0684995,0,0.0154718235,inner_val
ISIC_0687455,0,0.013234835,inner_val
ISIC_0687593,0,0.00043982716,inner_val
ISIC_0687788,0,0.010117396,inner_val
ISIC_0688622,0,0.0064776125,inner_val
ISIC_0689091,0,0.03247071,inner_val
ISIC_0690822,0,0.00012782437,inner_val
ISIC_0694037,0,0.0756113,inner_val
ISIC_0694381,0,0.00021294135,inner_val
ISIC_0694559,0,0.00028785624,inner_val
ISIC_0696027,0,0.00025173582,inner_val
ISIC_0696408,0,0.006844588,inner_val
ISIC_0697138,0,0.062723346,inner_val
ISIC_0699098,0,0.016066788,inner_val
ISIC_0704859,0,0.011573774,inner_val
ISIC_0705641,0,0.017914157,inner_val
ISIC_0707619,0,0.03655508,inner_val
ISIC_0707824,0,0.012130736,inner_val
ISIC_0716858,0,0.1361856,inner_val
ISIC_0720013,0,0.00042209867,inner_val
ISIC_0720915,0,0.000613113,inner_val
ISIC_0723780,0,0.00055336324,inner_val
ISIC_0728868,0,0.0006146374,inner_val
ISIC_0732636,0,0.07860238,inner_val
ISIC_0740001,0,0.0096607,inner_val
ISIC_0740449,0,0.00026493613,inner_val
ISIC_0748377,0,0.0935033,inner_val
ISIC_0750683,0,0.10300222,inner_val
ISIC_0753250,0,0.00062226434,inner_val
ISIC_0754049,0,0.00017414852,inner_val
ISIC_0754789,0,0.033182446,inner_val
ISIC_0755778,0,0.0002595638,inner_val
ISIC_0758729,0,0.001897377,inner_val
ISIC_0759561,0,0.0016502433,inner_val
ISIC_0759612,0,0.0053166817,inner_val
ISIC_0760892,0,0.03130904,inner_val
ISIC_0761158,0,0.013958084,inner_val
ISIC_0765397,0,5.7443114e-05,inner_val
ISIC_0766328,0,0.004218752,inner_val
ISIC_0767028,0,0.009141077,inner_val
ISIC_0769159,0,0.0005803727,inner_val
ISIC_0770772,0,0.0008103712,inner_val
ISIC_0773096,0,0.019197673,inner_val
ISIC_0773907,0,0.00038848215,inner_val
ISIC_0786366,0,0.00045009243,inner_val
ISIC_0786913,0,0.0056034694,inner_val
ISIC_0787851,0,0.046272155,inner_val
ISIC_0790942,0,0.010695861,inner_val
ISIC_0792879,0,0.0008895671,inner_val
ISIC_0795514,0,0.0029430364,inner_val
ISIC_0796345,0,0.0008897798,inner_val
ISIC_0798355,0,0.011567981,inner_val
ISIC_0803154,0,0.0015044529,inner_val
ISIC_0803667,0,0.02295504,inner_val
ISIC_0803691,0,0.0002921943,inner_val
ISIC_0804420,0,0.005109374,inner_val
ISIC_0808309,0,0.041443817,inner_val
ISIC_0809112,0,0.09540739,inner_val
ISIC_0812959,0,0.016221825,inner_val
ISIC_0813485,0,0.0055627404,inner_val
ISIC_0814097,0,0.005748401,inner_val
ISIC_0817172,0,0.03465145,inner_val
ISIC_0819357,0,0.020110391,inner_val
ISIC_0822842,0,0.007755352,inner_val
ISIC_0826710,0,0.014058035,inner_val
ISIC_0826998,0,0.0038249595,inner_val
ISIC_0828310,0,0.009900746,inner_val
ISIC_0833889,1,0.011128077,inner_val
ISIC_0839323,0,0.15756379,inner_val
ISIC_0839367,0,0.021126153,inner_val
ISIC_0840730,0,0.0032724456,inner_val
ISIC_0842999,0,0.04033428,inner_val
ISIC_0845275,0,0.0065332484,inner_val
ISIC_0848126,0,0.1809545,inner_val
ISIC_0850065,0,0.0046096053,inner_val
ISIC_0853280,0,0.0067126453,inner_val
ISIC_0854727,0,0.0004478609,inner_val
ISIC_0856856,0,0.00049702375,inner_val
ISIC_0857978,0,0.09362954,inner_val
ISIC_0860320,0,0.0011606186,inner_val
ISIC_0860622,0,0.00075623824,inner_val
ISIC_0861066,0,0.12934522,inner_val
ISIC_0861322,0,0.00029129063,inner_val
ISIC_0862797,0,0.014342462,inner_val
ISIC_0863691,0,0.0017524993,inner_val
ISIC_0865443,0,0.0001150755,inner_val
ISIC_0869231,0,0.009397454,inner_val
ISIC_0871035,0,0.031398293,inner_val
ISIC_0871853,0,0.00032855824,inner_val
ISIC_0875971,0,0.0018361115,inner_val
ISIC_0879635,0,0.19244754,inner_val
ISIC_0880061,0,0.00072270684,inner_val
ISIC_0880095,0,0.02436961,inner_val
ISIC_0885785,0,0.0002857715,inner_val
ISIC_0886519,0,0.0005652813,inner_val
ISIC_0889483,0,0.05160972,inner_val
ISIC_0889988,0,0.13414672,inner_val
ISIC_0893996,0,0.000904517,inner_val
ISIC_0900210,0,0.0010397433,inner_val
ISIC_0900216,0,0.044910092,inner_val
ISIC_0900349,0,0.000282477,inner_val
ISIC_0901864,0,0.00041718708,inner_val
ISIC_0904712,0,0.083400905,inner_val
ISIC_0906613,0,0.011476875,inner_val
ISIC_0911989,0,0.00010443139,inner_val
ISIC_0915311,0,0.00017234166,inner_val
ISIC_0918078,0,7.3046474e-05,inner_val
ISIC_0924427,1,0.05685517,inner_val
ISIC_0927854,0,0.009962027,inner_val
ISIC_0928581,0,0.005297312,inner_val
ISIC_0930135,0,0.00028595954,inner_val
ISIC_0931218,0,0.00011944471,inner_val
ISIC_0934367,0,0.00012581206,inner_val
ISIC_0935859,0,0.0005456208,inner_val
ISIC_0939558,0,8.561827e-05,inner_val
ISIC_0941302,0,0.0009072497,inner_val
ISIC_0942056,0,0.0008738388,inner_val
ISIC_0943089,0,0.00076864223,inner_val
ISIC_0945844,0,0.0014293191,inner_val
ISIC_0947525,0,0.027402911,inner_val
ISIC_0951915,0,0.00878497,inner_val
ISIC_0952665,0,0.006868226,inner_val
ISIC_0953709,0,0.10982412,inner_val
ISIC_0956562,0,0.00079961563,inner_val
ISIC_0960088,0,0.00048839266,inner_val
ISIC_0965652,0,0.0049554924,inner_val
ISIC_0970616,0,0.11089118,inner_val
ISIC_0973856,0,0.025398789,inner_val
ISIC_0981775,0,0.0014580535,inner_val
ISIC_0984825,0,0.0014059815,inner_val
ISIC_0987749,0,0.0009287467,inner_val
ISIC_0987830,0,0.00033601385,inner_val
ISIC_0988712,0,0.0010546257,inner_val
ISIC_0990942,0,0.017122202,inner_val
ISIC_0996501,0,0.08904329,inner_val
ISIC_1000648,0,4.7027534e-05,inner_val
ISIC_1001477,0,0.01778672,inner_val
ISIC_1005038,0,0.009728126,inner_val
ISIC_1005544,0,0.0013690888,inner_val
ISIC_1007838,0,0.010100913,inner_val
ISIC_1010525,0,0.00015972371,inner_val
ISIC_1013796,0,0.00051724905,inner_val
ISIC_1015191,0,0.0004480279,inner_val
ISIC_1020208,0,0.014368479,inner_val
ISIC_1020369,0,0.0054140566,inner_val
ISIC_1020405,0,0.0001407013,inner_val
ISIC_1023010,0,0.023844603,inner_val
ISIC_1023339,0,0.009793318,inner_val
ISIC_1023810,0,0.008063753,inner_val
ISIC_1026770,0,0.0001195459,inner_val
ISIC_1027512,0,0.0028653897,inner_val
ISIC_1028550,0,0.0023778726,inner_val
ISIC_1029700,0,0.0110977525,inner_val
ISIC_1034397,0,0.062426068,inner_val
ISIC_1034411,0,0.03640412,inner_val
ISIC_1037947,0,0.000493051,inner_val
ISIC_1040841,0,0.0003735915,inner_val
ISIC_1044758,0,0.000664847,inner_val
ISIC_1045252,0,0.012963606,inner_val
ISIC_1051595,0,0.00078225526,inner_val
ISIC_1052148,0,0.014618842,inner_val
ISIC_1052782,0,0.01782019,inner_val
ISIC_1058326,0,0.00086385425,inner_val
ISIC_1071458,0,0.014969569,inner_val
ISIC_1074629,0,0.0027657826,inner_val
ISIC_1075605,0,0.0028560562,inner_val
ISIC_1076339,0,0.000445117,inner_val
ISIC_1078854,0,0.00044975232,inner_val
ISIC_1081510,0,8.6808854e-05,inner_val
ISIC_1083681,0,0.0010001041,inner_val
ISIC_1089746,0,0.0018746227,inner_val
ISIC_1090562,0,0.0046128156,inner_val
ISIC_1093647,0,0.0013365536,inner_val
ISIC_1093722,0,0.026307484,inner_val
ISIC_1101667,0,0.043931168,inner_val
ISIC_1103365,0,0.0067480924,inner_val
ISIC_1104762,0,0.0003113606,inner_val
ISIC_1105059,0,0.028635943,inner_val
ISIC_1106860,0,0.014638392,inner_val
ISIC_1110949,0,0.0066359555,inner_val
ISIC_1111173,0,0.0011443638,inner_val
ISIC_1111313,0,0.0010049476,inner_val
ISIC_1113271,0,0.068276435,inner_val
ISIC_1113490,1,0.03096517,inner_val
ISIC_1116037,0,0.012424721,inner_val
ISIC_1117214,0,0.05080383,inner_val
ISIC_1117369,0,0.0059963074,inner_val
ISIC_1120654,0,0.008174863,inner_val
ISIC_1121740,0,0.011325857,inner_val
ISIC_1127430,0,0.06394037,inner_val
ISIC_1127653,0,0.000994666,inner_val
ISIC_1128371,0,0.023011994,inner_val
ISIC_1137178,0,0.013368027,inner_val
ISIC_1138232,0,0.0024211013,inner_val
ISIC_1140410,0,0.0083045,inner_val
ISIC_1145706,0,0.00024222846,inner_val
ISIC_1146341,0,0.0023242878,inner_val
ISIC_1147733,0,0.00023078799,inner_val
ISIC_1149469,0,0.05614665,inner_val
ISIC_1151929,0,0.015263706,inner_val
ISIC_1152559,0,0.0018882126,inner_val
ISIC_1152648,0,0.0002918121,inner_val
ISIC_1157007,0,0.008170788,inner_val
ISIC_1157790,0,0.022383826,inner_val
ISIC_1163258,0,5.601073e-05,inner_val
ISIC_1163426,0,0.019258903,inner_val
ISIC_1166446,0,0.004627721,inner_val
ISIC_1169095,0,8.659778e-05,inner_val
ISIC_1176575,0,0.0006777621,inner_val
ISIC_1176987,0,0.034443818,inner_val
ISIC_1179160,0,0.00021090356,inner_val
ISIC_1192974,0,0.00032654346,inner_val
ISIC_1194836,0,0.0009203811,inner_val
ISIC_1196660,0,0.11893811,inner_val
ISIC_1197692,0,0.15394631,inner_val
ISIC_1198405,0,0.00039780294,inner_val
ISIC_1201523,0,0.006524913,inner_val
ISIC_1201873,0,0.0001414583,inner_val
ISIC_1207789,0,0.0022602868,inner_val
ISIC_1211024,0,0.053460512,inner_val
ISIC_1215482,0,0.00020279466,inner_val
ISIC_1218358,0,0.033126228,inner_val
ISIC_1219894,0,0.0713244,inner_val
ISIC_1221691,0,0.000101133024,inner_val
ISIC_1222640,0,0.0006536124,inner_val
ISIC_1225412,0,0.00010315749,inner_val
ISIC_1228927,0,0.014463395,inner_val
ISIC_1233389,0,0.00026844777,inner_val
ISIC_1237271,0,0.0002983957,inner_val
ISIC_1237500,0,0.0022239222,inner_val
ISIC_1239373,0,6.395423e-05,inner_val
ISIC_1239785,0,0.00057114585,inner_val
ISIC_1241304,0,0.0011162736,inner_val
ISIC_1241645,0,0.00065711205,inner_val
ISIC_1241817,1,0.0652834,inner_val
ISIC_1247037,0,0.00026437998,inner_val
ISIC_1247284,0,0.0003741316,inner_val
ISIC_1248275,0,0.03400961,inner_val
ISIC_1256143,0,0.005547591,inner_val
ISIC_1258986,0,0.019549355,inner_val
ISIC_1260515,0,0.05414631,inner_val
ISIC_1268027,0,0.00010931557,inner_val
ISIC_1272071,0,0.06773949,inner_val
ISIC_1272768,0,0.0007877192,inner_val
ISIC_1274220,0,0.091679364,inner_val
ISIC_1280112,0,0.0014870854,inner_val
ISIC_1280780,0,0.020951511,inner_val
ISIC_1282063,0,0.0004943077,inner_val
ISIC_1285870,0,0.00049988186,inner_val
ISIC_1286298,0,0.07273298,inner_val
ISIC_1287495,0,0.0006670855,inner_val
ISIC_1289608,0,0.0003017632,inner_val
ISIC_1290920,0,0.012331378,inner_val
ISIC_1296817,0,0.00063982495,inner_val
ISIC_1304291,0,0.0009281691,inner_val
ISIC_1306020,0,0.0006748623,inner_val
ISIC_1306050,0,0.06168361,inner_val
ISIC_1307651,0,0.00055228674,inner_val
ISIC_1308081,0,9.191103e-05,inner_val
ISIC_1308938,0,0.0015152538,inner_val
ISIC_1323471,0,0.00023051068,inner_val
ISIC_1324618,0,0.00045378617,inner_val
ISIC_1328868,0,0.034841515,inner_val
ISIC_1346562,0,0.00222691,inner_val
ISIC_1348050,0,0.00032530184,inner_val
ISIC_1349042,0,0.027825609,inner_val
ISIC_1349213,0,0.06982174,inner_val
ISIC_1349353,0,0.0003941719,inner_val
ISIC_1351965,0,0.013855996,inner_val
ISIC_1353094,0,0.0026080802,inner_val
ISIC_1353530,0,0.002528712,inner_val
ISIC_1353668,0,0.040806692,inner_val
ISIC_1355890,0,0.20921317,inner_val
ISIC_1359533,0,0.00026073548,inner_val
ISIC_1361124,0,0.22934498,inner_val
ISIC_1362234,0,0.03352331,inner_val
ISIC_1367387,0,0.0021586767,inner_val
ISIC_1368367,0,0.033201817,inner_val
ISIC_1368549,0,0.0005410902,inner_val
ISIC_1373573,0,0.0003306466,inner_val
ISIC_1383347,0,0.023202624,inner_val
ISIC_1386612,0,0.023703266,inner_val
ISIC_1388650,0,0.0017927376,inner_val
ISIC_1393528,0,0.00035156243,inner_val
ISIC_1393849,0,0.00013700892,inner_val
ISIC_1394746,0,0.00031601574,inner_val
ISIC_1397669,0,0.04014106,inner_val
ISIC_1400825,0,0.00070622447,inner_val
ISIC_1401396,0,0.00032017616,inner_val
ISIC_1402407,0,0.0050246627,inner_val
ISIC_1402840,0,0.0008210759,inner_val
ISIC_1414751,0,0.03317157,inner_val
ISIC_1414967,0,0.006322769,inner_val
ISIC_1425961,0,0.00019835094,inner_val
ISIC_1426781,0,0.02511607,inner_val
ISIC_1428473,0,0.13072103,inner_val
ISIC_1429608,0,0.0012709033,inner_val
ISIC_1433921,0,0.05435889,inner_val
ISIC_1435946,0,0.0012117483,inner_val
ISIC_1437974,0,0.018263826,inner_val
ISIC_1438269,0,4.813619e-05,inner_val
ISIC_1440985,1,0.01745406,inner_val
ISIC_1441260,0,0.0003588081,inner_val
ISIC_1443134,0,0.03500552,inner_val
ISIC_1445790,0,0.0001547188,inner_val
ISIC_1451530,0,7.827008e-05,inner_val
ISIC_1452314,0,0.0012123742,inner_val
ISIC_1452626,0,0.00049659185,inner_val
ISIC_1453787,0,0.0024849677,inner_val
ISIC_1454004,0,0.000219549,inner_val
ISIC_1456390,0,0.0008870862,inner_val
ISIC_1457687,0,0.018889436,inner_val
ISIC_1467006,0,0.0012463127,inner_val
ISIC_1467289,0,0.006667936,inner_val
ISIC_1467430,0,0.0007409079,inner_val
ISIC_1470271,0,0.005496839,inner_val
ISIC_1476281,0,0.00932197,inner_val
ISIC_1477076,0,0.0006536641,inner_val
ISIC_1477615,0,0.0021112505,inner_val
ISIC_1479183,0,0.034474365,inner_val
ISIC_1480119,0,0.12738672,inner_val
ISIC_1481965,0,0.0003982573,inner_val
ISIC_1483503,0,0.0010095946,inner_val
ISIC_1487510,0,0.002779813,inner_val
ISIC_1487856,0,0.03259688,inner_val
ISIC_1488047,0,0.0034318995,inner_val
ISIC_1488727,0,0.00022135388,inner_val
ISIC_1496194,0,0.0008623407,inner_val
ISIC_1497121,0,0.048372902,inner_val
ISIC_1501483,0,0.011518134,inner_val
ISIC_1502460,0,0.022500232,inner_val
ISIC_1504257,0,0.00026244292,inner_val
ISIC_1505069,0,0.009224942,inner_val
ISIC_1507583,0,0.0016372575,inner_val
ISIC_1508162,0,0.054331657,inner_val
ISIC_1509056,0,0.0028941748,inner_val
ISIC_1509417,0,0.019281942,inner_val
ISIC_1509635,0,0.020440677,inner_val
ISIC_1511109,0,0.03479373,inner_val
ISIC_1511613,0,0.028840248,inner_val
ISIC_1511661,0,0.020233138,inner_val
ISIC_1515413,0,0.00050850486,inner_val
ISIC_1517730,0,0.0005254476,inner_val
ISIC_1519429,0,0.00037639972,inner_val
ISIC_1519698,0,0.004801709,inner_val
ISIC_1533383,0,0.00028443604,inner_val
ISIC_1536177,0,0.029531006,inner_val
ISIC_1537939,0,0.04639495,inner_val
ISIC_1537958,0,0.0008396447,inner_val
ISIC_1543544,0,0.0013545144,inner_val
ISIC_1545213,0,0.01668127,inner_val
ISIC_1546149,0,0.0015209073,inner_val
ISIC_1546958,0,0.0025375264,inner_val
ISIC_1549005,0,0.004023116,inner_val
ISIC_1557225,0,0.008728027,inner_val
ISIC_1561068,0,0.0037461983,inner_val
ISIC_1566931,0,0.009391481,inner_val
ISIC_1568268,0,0.01625406,inner_val
ISIC_1569775,0,0.00024923348,inner_val
ISIC_1571860,0,0.0018033165,inner_val
ISIC_1574020,0,0.00034787902,inner_val
ISIC_1576437,0,0.02028929,inner_val
ISIC_1578507,0,0.0077372324,inner_val
ISIC_1579745,0,0.012831219,inner_val
ISIC_1580034,0,0.00033894353,inner_val
ISIC_1583201,0,0.013063025,inner_val
ISIC_1584693,0,0.047255315,inner_val
ISIC_1584861,0,0.0038405766,inner_val
ISIC_1585370,0,0.000116984025,inner_val
ISIC_1590814,0,0.00019930852,inner_val
ISIC_1591010,0,0.006355176,inner_val
ISIC_1595496,0,9.392217e-05,inner_val
ISIC_1597566,0,0.043889508,inner_val
ISIC_1598039,0,0.00027230152,inner_val
ISIC_1600554,0,0.00016920266,inner_val
ISIC_1604307,0,0.00063741417,inner_val
ISIC_1611703,0,0.00023052956,inner_val
ISIC_1612236,0,0.016520653,inner_val
ISIC_1613328,0,0.00024972516,inner_val
ISIC_1617888,0,9.001219e-05,inner_val
ISIC_1618302,0,0.03617345,inner_val
ISIC_1621479,0,0.0011168187,inner_val
ISIC_1621961,0,0.00061365846,inner_val
ISIC_1624520,0,0.05195219,inner_val
ISIC_1626359,0,9.47223e-05,inner_val
ISIC_1627111,0,0.004541897,inner_val
ISIC_1629539,0,0.014368073,inner_val
ISIC_1631649,0,0.024078904,inner_val
ISIC_1632009,0,0.0021646207,inner_val
ISIC_1632313,0,0.15282083,inner_val
ISIC_1632655,0,0.0003825584,inner_val
ISIC_1632949,0,0.02953821,inner_val
ISIC_1633816,0,0.037712794,inner_val
ISIC_1636399,0,0.00020522809,inner_val
ISIC_1637401,0,0.00016065699,inner_val
ISIC_1640614,0,4.7633428e-05,inner_val
ISIC_1640666,0,0.006731127,inner_val
ISIC_1641823,0,0.0003741887,inner_val
ISIC_1643979,0,0.013532836,inner_val
ISIC_1645535,0,0.0019153467,inner_val
ISIC_1645738,0,0.00018664991,inner_val
ISIC_1657007,0,0.0105925845,inner_val
ISIC_1658978,0,0.000120563396,inner_val
ISIC_1659656,0,0.007580085,inner_val
ISIC_1659777,0,0.025843749,inner_val
ISIC_1660143,0,0.00016994108,inner_val
ISIC_1660279,0,0.009882888,inner_val
ISIC_1660316,0,0.07570112,inner_val
ISIC_1660565,0,0.0013364938,inner_val
ISIC_1662872,0,0.010228172,inner_val
ISIC_1665153,0,0.008308358,inner_val
ISIC_1670106,0,0.00088106655,inner_val
ISIC_1671282,0,0.0029318917,inner_val
ISIC_1672688,0,0.0072320173,inner_val
ISIC_1676353,0,0.00030358174,inner_val
ISIC_1677092,0,0.0011946112,inner_val
ISIC_1680153,0,0.02113769,inner_val
ISIC_1684829,0,0.0002528394,inner_val
ISIC_1694480,0,0.00014571188,inner_val
ISIC_1695065,0,0.00017250246,inner_val
ISIC_1696070,0,0.020543009,inner_val
ISIC_1698302,0,0.010363285,inner_val
ISIC_1698805,0,0.024767667,inner_val
ISIC_1700029,0,0.00014750418,inner_val
ISIC_1700928,0,0.010649365,inner_val
ISIC_1707324,0,0.023171041,inner_val
ISIC_1712329,0,0.0002618703,inner_val
ISIC_1713413,0,0.0015850135,inner_val
ISIC_1719433,0,0.045016117,inner_val
ISIC_1722494,0,0.032484345,inner_val
ISIC_1727499,0,0.012877664,inner_val
ISIC_1729039,0,0.20785198,inner_val
ISIC_1729351,0,0.011466147,inner_val
ISIC_1730495,0,0.008787303,inner_val
ISIC_1731230,0,0.015955236,inner_val
ISIC_1731411,0,0.0964014,inner_val
ISIC_1736914,0,0.007578009,inner_val
ISIC_1737276,0,0.0003918137,inner_val
ISIC_1737600,0,0.0135787325,inner_val
ISIC_1738117,0,0.0320972,inner_val
ISIC_1740186,0,0.00048508873,inner_val
ISIC_1740430,0,0.050339997,inner_val
ISIC_1741747,0,0.03644849,inner_val
ISIC_1746070,0,0.0039587826,inner_val
ISIC_1746717,0,0.19155666,inner_val
ISIC_1750235,0,0.03366365,inner_val
ISIC_1753360,0,0.014148648,inner_val
ISIC_1756631,0,0.01322757,inner_val
ISIC_1763577,0,0.0041353996,inner_val
ISIC_1768325,0,0.0632968,inner_val
ISIC_1777292,0,0.00020005065,inner_val
ISIC_1777763,0,0.037238114,inner_val
ISIC_1778400,0,0.00080523494,inner_val
ISIC_1781273,0,0.00773653,inner_val
ISIC_1782545,0,0.051028192,inner_val
ISIC_1784340,0,0.038568243,inner_val
ISIC_1785671,0,0.021235906,inner_val
ISIC_1787444,0,0.008743177,inner_val
ISIC_1790549,0,0.0010646756,inner_val
ISIC_1790960,0,0.0050977184,inner_val
ISIC_1792867,0,0.0019878708,inner_val
ISIC_1793624,0,0.015981596,inner_val
ISIC_1795529,0,0.013240105,inner_val
ISIC_1797104,0,0.00016890476,inner_val
ISIC_1798800,0,0.01630325,inner_val
ISIC_1799849,0,0.00052065967,inner_val
ISIC_1801631,0,0.0002557271,inner_val
ISIC_1801687,0,0.011815236,inner_val
ISIC_1803252,0,0.010741159,inner_val
ISIC_1805163,0,0.00024265515,inner_val
ISIC_1805602,0,0.0039290832,inner_val
ISIC_1806179,0,0.03963696,inner_val
ISIC_1806761,0,0.0098348055,inner_val
ISIC_1811256,0,0.14388867,inner_val
ISIC_1821825,0,0.00048102645,inner_val
ISIC_1826803,0,0.09584379,inner_val
ISIC_1832110,0,0.00023993151,inner_val
ISIC_1833337,0,0.008582559,inner_val
ISIC_1833947,0,0.010270545,inner_val
ISIC_1836985,0,0.0010503839,inner_val
ISIC_1844585,0,0.00028116984,inner_val
ISIC_1845926,0,0.00037794514,inner_val
ISIC_1850790,0,0.0028475188,inner_val
ISIC_1850815,0,0.007048083,inner_val
ISIC_1851112,0,0.00039169422,inner_val
ISIC_1851709,0,0.0013857748,inner_val
ISIC_1851985,0,9.774243e-05,inner_val
ISIC_1854582,0,0.014202189,inner_val
ISIC_1860049,0,0.0004178663,inner_val
ISIC_1865347,0,0.119354,inner_val
ISIC_1866770,1,0.012611784,inner_val
ISIC_1872534,0,0.00083009136,inner_val
ISIC_1874480,0,0.01148809,inner_val
ISIC_1874969,0,0.0001971275,inner_val
ISIC_1875729,0,0.0012394305,inner_val
ISIC_1877216,0,0.00015511055,inner_val
ISIC_1878443,0,0.0020313263,inner_val
ISIC_1878481,0,0.021207398,inner_val
ISIC_1880716,0,0.014104699,inner_val
ISIC_1885174,0,0.13623671,inner_val
ISIC_1886413,0,0.048581775,inner_val
ISIC_1886480,0,0.0002093187,inner_val
ISIC_1887093,0,0.000352363,inner_val
ISIC_1887647,0,0.004479583,inner_val
ISIC_1890558,0,0.005772907,inner_val
ISIC_1891515,0,0.084451914,inner_val
ISIC_1891539,0,0.0008712499,inner_val
ISIC_1892011,0,0.006351016,inner_val
ISIC_1894141,0,0.1661625,inner_val
ISIC_1897994,0,0.095939256,inner_val
ISIC_1900433,0,0.01961018,inner_val
ISIC_1904481,0,0.00064062217,inner_val
ISIC_1908424,0,0.025833013,inner_val
ISIC_1911390,0,0.00030444868,inner_val
ISIC_1918027,0,0.060154684,inner_val
ISIC_1919114,0,0.030887248,inner_val
ISIC_1922657,0,0.0004856634,inner_val
ISIC_1924232,0,0.00031663277,inner_val
ISIC_1925533,0,0.0007494807,inner_val
ISIC_1926499,0,0.006156673,inner_val
ISIC_1929654,0,0.1446389,inner_val
ISIC_1932586,0,0.0027983019,inner_val
ISIC_1933891,0,0.097485565,inner_val
ISIC_1935204,0,0.035483018,inner_val
ISIC_1935643,0,0.0005093215,inner_val
ISIC_1936882,0,0.0014838616,inner_val
ISIC_1937197,0,0.0074746325,inner_val
ISIC_1939931,0,0.00060848205,inner_val
ISIC_1940615,0,0.015488466,inner_val
ISIC_1944712,0,0.016362684,inner_val
ISIC_1944752,0,0.00047785108,inner_val
ISIC_1949047,0,0.000243914,inner_val
ISIC_1950282,0,0.00020703567,inner_val
ISIC_1950569,0,0.0039163134,inner_val
ISIC_1950847,0,0.01503404,inner_val
ISIC_1952298,0,0.0016115523,inner_val
ISIC_1957488,0,0.0005494978,inner_val
ISIC_1957685,0,0.0007341467,inner_val
ISIC_1959715,0,0.0018004888,inner_val
ISIC_1960446,0,9.733086e-05,inner_val
ISIC_1967651,0,0.00072145445,inner_val
ISIC_1968499,0,0.002676998,inner_val
ISIC_1970368,0,0.00060975,inner_val
ISIC_1970738,0,0.046770353,inner_val
ISIC_1973151,0,0.003986995,inner_val
ISIC_1976571,0,0.002248689,inner_val
ISIC_1979996,0,0.012493952,inner_val
ISIC_1988080,0,0.018462647,inner_val
ISIC_1988596,0,0.08262353,inner_val
ISIC_1988777,0,0.030137276,inner_val
ISIC_1990046,0,0.010496082,inner_val
ISIC_1990651,0,0.00087738753,inner_val
ISIC_1993529,0,0.00070356403,inner_val
ISIC_1994455,0,0.019598586,inner_val
ISIC_1995882,0,0.0005251309,inner_val
ISIC_2000000,0,0.0019392624,inner_val
ISIC_2000319,0,0.00015765829,inner_val
ISIC_2001699,0,0.001730446,inner_val
ISIC_2011408,0,0.0068785404,inner_val
ISIC_2012245,0,0.025250476,inner_val
ISIC_2012388,0,0.056400105,inner_val
ISIC_2012967,0,0.0039575626,inner_val
ISIC_2013664,0,0.0005147095,inner_val
ISIC_2019386,0,0.0005523455,inner_val
ISIC_2024062,0,0.0051945574,inner_val
ISIC_2027733,0,9.240086e-05,inner_val
ISIC_2028658,0,0.0208227,inner_val
ISIC_2029418,0,0.00094865664,inner_val
ISIC_2030101,0,0.08336426,inner_val
ISIC_2030997,0,0.0002609628,inner_val
ISIC_2031360,0,0.0006027613,inner_val
ISIC_2032658,0,0.116123356,inner_val
ISIC_2038024,0,0.0007449541,inner_val
ISIC_2047791,0,0.0015277817,inner_val
ISIC_2049142,0,0.030477261,inner_val
ISIC_2052192,0,0.1616883,inner_val
ISIC_2052529,0,0.0002593429,inner_val
ISIC_2054066,0,0.020847114,inner_val
ISIC_2054436,0,0.016457066,inner_val
ISIC_2056468,0,0.0065225735,inner_val
ISIC_2058516,0,0.021114338,inner_val
ISIC_2060846,0,0.00031905755,inner_val
ISIC_2061854,0,0.007940413,inner_val
ISIC_2061933,0,0.0011804821,inner_val
ISIC_2069179,0,0.0009725542,inner_val
ISIC_2072219,1,0.03901844,inner_val
ISIC_2077116,1,0.028617637,inner_val
ISIC_2079300,0,0.0322084,inner_val
ISIC_2079758,0,0.005872661,inner_val
ISIC_2082721,0,0.00687393,inner_val
ISIC_2083499,0,0.0048961155,inner_val
ISIC_2087826,0,0.0003561129,inner_val
ISIC_2087913,0,0.014620878,inner_val
ISIC_2088750,0,0.00026307747,inner_val
ISIC_2097198,0,0.004389537,inner_val
ISIC_2098084,0,0.00015390482,inner_val
ISIC_2098959,0,0.009363384,inner_val
ISIC_2102228,0,0.0010664952,inner_val
ISIC_2104267,0,0.005293434,inner_val
ISIC_2105563,1,0.008282354,inner_val
ISIC_2106041,0,0.0007703989,inner_val
ISIC_2106823,0,0.00013201944,inner_val
ISIC_2109766,0,0.03555748,inner_val
ISIC_2123846,0,0.007843878,inner_val
ISIC_2124213,0,0.00018540402,inner_val
ISIC_2127185,0,0.00019950853,inner_val
ISIC_2129292,0,0.0031219725,inner_val
ISIC_2131962,0,0.0006056135,inner_val
ISIC_2133980,0,0.08783876,inner_val
ISIC_2134267,0,0.002607119,inner_val
ISIC_2137735,0,0.038828004,inner_val
ISIC_2139752,0,0.002578117,inner_val
ISIC_2143557,0,0.001000614,inner_val
ISIC_2147549,0,0.013406983,inner_val
ISIC_2149531,0,0.0009364987,inner_val
ISIC_2150221,0,0.26243526,inner_val
ISIC_2156526,0,0.00040184843,inner_val
ISIC_2157630,0,0.010526692,inner_val
ISIC_2157951,0,0.03758248,inner_val
ISIC_2158377,0,9.997635e-05,inner_val
ISIC_2158871,0,0.20557992,inner_val
ISIC_2159982,0,0.0073436224,inner_val
ISIC_2160139,0,0.05148659,inner_val
ISIC_2161444,0,0.00015812999,inner_val
ISIC_2162728,0,0.015884208,inner_val
ISIC_2165840,0,0.0003770602,inner_val
ISIC_2169275,0,0.00032103658,inner_val
ISIC_2169311,0,0.017628668,inner_val
ISIC_2170086,0,0.0011328382,inner_val
ISIC_2171940,0,0.00017666662,inner_val
ISIC_2172329,0,0.00038692285,inner_val
ISIC_2172532,0,0.0021933434,inner_val
ISIC_2174927,0,0.004705857,inner_val
ISIC_2175722,0,0.0091967,inner_val
ISIC_2176112,1,0.045267414,inner_val
ISIC_2176462,0,0.00029632414,inner_val
ISIC_2178689,0,0.0060887258,inner_val
ISIC_2178817,0,0.05017637,inner_val
ISIC_2178834,0,0.01576902,inner_val
ISIC_2186853,0,0.00023957924,inner_val
ISIC_2188566,0,0.0121233445,inner_val
ISIC_2189699,0,0.0008107388,inner_val
ISIC_2191924,0,0.010977946,inner_val
ISIC_2193223,0,0.0068580788,inner_val
ISIC_2194762,0,0.0018252498,inner_val
ISIC_2198244,0,0.00021970355,inner_val
ISIC_2198278,0,0.0001171718,inner_val
ISIC_2199155,0,0.008181159,inner_val
ISIC_2204100,0,0.12610848,inner_val
ISIC_2210565,0,0.003483752,inner_val
ISIC_2211337,0,0.0026971188,inner_val
ISIC_2211403,0,0.00013194344,inner_val
ISIC_2212100,0,0.0070457044,inner_val
ISIC_2221993,0,0.009882739,inner_val
ISIC_2222349,0,0.0006402123,inner_val
ISIC_2226341,0,0.0122544505,inner_val
ISIC_2232546,0,0.0074248575,inner_val
ISIC_2234076,0,0.00026273108,inner_val
ISIC_2236668,0,0.081559286,inner_val
ISIC_2237868,0,0.00012314526,inner_val
ISIC_2239134,0,0.00053440523,inner_val
ISIC_2243372,0,0.0017561201,inner_val
ISIC_2243924,0,0.00041004174,inner_val
ISIC_2249623,0,0.017936109,inner_val
ISIC_2250871,0,0.00039253244,inner_val
ISIC_2251480,0,0.00030226653,inner_val
ISIC_2252958,0,0.0002071907,inner_val
ISIC_2255966,0,0.043041714,inner_val
ISIC_2258612,0,0.027747171,inner_val
ISIC_2263504,0,0.00073615735,inner_val
ISIC_2265409,0,0.09216888,inner_val
ISIC_2266290,0,0.00019004692,inner_val
ISIC_2266369,0,0.04016672,inner_val
ISIC_2273556,0,0.0006413693,inner_val
ISIC_2273860,0,0.0037101423,inner_val
ISIC_2277876,0,0.00012221467,inner_val
ISIC_2278042,0,0.00024034388,inner_val
ISIC_2279329,0,0.00096580095,inner_val
ISIC_2281984,0,0.035271075,inner_val
ISIC_2283702,0,0.00018144923,inner_val
ISIC_2284769,0,0.11866156,inner_val
ISIC_2286375,0,0.037244253,inner_val
ISIC_2288861,0,7.265342e-05,inner_val
ISIC_2289462,0,0.003877028,inner_val
ISIC_2293230,0,0.00011363958,inner_val
ISIC_2293255,0,0.18151635,inner_val
ISIC_2298329,0,0.025989773,inner_val
ISIC_2301843,0,0.022906033,inner_val
ISIC_2302257,0,0.0092590675,inner_val
ISIC_2306653,0,0.027754638,inner_val
ISIC_2307760,0,0.00068462436,inner_val
ISIC_2309744,1,0.08724059,inner_val
ISIC_2314289,0,0.0463127,inner_val
ISIC_2319929,0,0.00020420236,inner_val
ISIC_2320823,0,0.0028260627,inner_val
ISIC_2321940,0,0.0008615695,inner_val
ISIC_2323049,0,0.00033653705,inner_val
ISIC_2323082,0,0.0008541393,inner_val
ISIC_2324440,0,0.0007924183,inner_val
ISIC_2327393,0,0.013772781,inner_val
ISIC_2329722,0,0.07617018,inner_val
ISIC_2334224,0,0.00011815827,inner_val
ISIC_2334595,0,0.00041072012,inner_val
ISIC_2336763,0,0.11556772,inner_val
ISIC_2337907,1,0.31765875,inner_val
ISIC_2339849,0,0.006212343,inner_val
ISIC_2340635,0,0.00012602133,inner_val
ISIC_2342769,1,0.033957586,inner_val
ISIC_2344492,0,0.011659147,inner_val
ISIC_2347821,0,0.00027924925,inner_val
ISIC_2348336,0,0.0050152075,inner_val
ISIC_2351776,0,0.0013922818,inner_val
ISIC_2354258,0,0.00022390555,inner_val
ISIC_2355662,0,0.01284461,inner_val
ISIC_2357010,0,0.00032784266,inner_val
ISIC_2357533,0,0.09844357,inner_val
ISIC_2358170,0,0.0025831908,inner_val
ISIC_2358454,1,0.012459864,inner_val
ISIC_2359366,0,0.00052204716,inner_val
ISIC_2365225,0,0.0007134121,inner_val
ISIC_2374436,0,0.016748575,inner_val
ISIC_2376380,0,0.008650563,inner_val
ISIC_2379024,0,8.501412e-05,inner_val
ISIC_2379778,0,0.025308859,inner_val
ISIC_2380421,0,0.008456503,inner_val
ISIC_2385649,0,0.000611324,inner_val
ISIC_2389688,0,0.0052257227,inner_val
ISIC_2391542,0,0.00017115733,inner_val
ISIC_2391627,0,0.0014299932,inner_val
ISIC_2397455,0,0.075382665,inner_val
ISIC_2399253,0,0.0010806286,inner_val
ISIC_2400515,0,0.035972223,inner_val
ISIC_2403471,0,0.0019847136,inner_val
ISIC_2404635,0,0.0009078182,inner_val
ISIC_2404691,0,0.00085676066,inner_val
ISIC_2404756,0,0.010843333,inner_val
ISIC_2404779,0,0.00075748673,inner_val
ISIC_2406445,0,0.004021015,inner_val
ISIC_2408442,0,0.0047580325,inner_val
ISIC_2410265,0,0.0331434,inner_val
ISIC_2414199,0,0.0013339848,inner_val
ISIC_2414367,0,0.00096113875,inner_val
ISIC_2414373,0,0.00015744798,inner_val
ISIC_2420067,0,0.0010904537,inner_val
ISIC_2423162,0,0.0042816247,inner_val
ISIC_2428829,0,0.0036835,inner_val
ISIC_2429824,0,0.0041209143,inner_val
ISIC_2430937,0,0.0025263075,inner_val
ISIC_2431696,0,0.0024145045,inner_val
ISIC_2433960,0,0.014335602,inner_val
ISIC_2435789,0,0.008611085,inner_val
ISIC_2438935,0,0.00015480291,inner_val
ISIC_2440407,0,0.00035417578,inner_val
ISIC_2441954,0,0.00020841497,inner_val
ISIC_2443396,0,0.0001168079,inner_val
ISIC_2444344,0,0.019790629,inner_val
ISIC_2448820,0,0.0001773507,inner_val
ISIC_2450662,0,0.016443964,inner_val
ISIC_2450785,0,0.00090465834,inner_val
ISIC_2451671,0,0.018467562,inner_val
ISIC_2452729,0,0.00900071,inner_val
ISIC_2454898,0,0.000425899,inner_val
ISIC_2456960,0,0.0004928812,inner_val
ISIC_2457024,0,0.0044744993,inner_val
ISIC_2459724,0,0.00012131377,inner_val
ISIC_2463014,0,4.4981665e-05,inner_val
ISIC_2467153,0,0.0017218728,inner_val
ISIC_2468540,0,0.013874436,inner_val
ISIC_2470795,0,0.00029633488,inner_val
ISIC_2476092,0,0.0003214862,inner_val
ISIC_2479346,0,0.052940443,inner_val
ISIC_2481408,0,0.00095533184,inner_val
ISIC_2482667,0,0.021347577,inner_val
ISIC_2484404,0,0.0832052,inner_val
ISIC_2485946,0,0.01876381,inner_val
ISIC_2487716,0,0.0069792876,inner_val
ISIC_2489146,0,0.0077190893,inner_val
ISIC_2489834,0,0.00013420678,inner_val
ISIC_2490175,0,0.027958881,inner_val
ISIC_2491020,0,0.004061015,inner_val
ISIC_2492245,0,0.004505137,inner_val
ISIC_2494060,0,9.898344e-05,inner_val
ISIC_2496831,0,0.000109048735,inner_val
ISIC_2506200,0,0.00017136407,inner_val
ISIC_2507096,0,0.008635172,inner_val
ISIC_2507340,0,0.00018420053,inner_val
ISIC_2507701,0,0.0009066089,inner_val
ISIC_2507944,0,0.00034778734,inner_val
ISIC_2509850,0,0.00097146316,inner_val
ISIC_2511249,0,0.00042541753,inner_val
ISIC_2513343,0,0.00090306124,inner_val
ISIC_2517258,0,0.010817969,inner_val
ISIC_2520713,0,0.027042793,inner_val
ISIC_2520736,0,0.0006577938,inner_val
ISIC_2523685,0,0.0009248036,inner_val
ISIC_2524113,0,0.000115885756,inner_val
ISIC_2524743,0,0.00016402788,inner_val
ISIC_2527281,0,0.058669295,inner_val
ISIC_2537540,0,0.0013584275,inner_val
ISIC_2539017,0,0.029059932,inner_val
ISIC_2539218,0,0.011250914,inner_val
ISIC_2541375,0,0.00048043692,inner_val
ISIC_2541969,0,0.00013153956,inner_val
ISIC_2543280,0,0.017069254,inner_val
ISIC_2546644,0,0.0005245929,inner_val
ISIC_2549331,0,0.00037756012,inner_val
ISIC_2549673,0,0.00074392406,inner_val
ISIC_2555904,0,0.0016627834,inner_val
ISIC_2560287,0,0.001328932,inner_val
ISIC_2560301,0,0.011918334,inner_val
ISIC_2567644,0,0.030423483,inner_val
ISIC_2568485,0,0.003662682,inner_val
ISIC_2570413,0,0.00085256586,inner_val
ISIC_2575536,0,0.048584513,inner_val
ISIC_2577881,0,0.00044495263,inner_val
ISIC_2577938,0,0.00022008638,inner_val
ISIC_2580891,0,0.00074348814,inner_val
ISIC_2581307,0,0.00010967705,inner_val
ISIC_2581480,0,0.00033713272,inner_val
ISIC_2581592,0,0.00017505352,inner_val
ISIC_2582493,0,0.1484961,inner_val
ISIC_2586269,0,0.033718713,inner_val
ISIC_2588167,0,0.008547014,inner_val
ISIC_2592814,0,0.0053978404,inner_val
ISIC_2592956,0,0.00581954,inner_val
ISIC_2594901,0,0.00023882686,inner_val
ISIC_2601166,0,9.384652e-05,inner_val
ISIC_2601537,0,0.00017789859,inner_val
ISIC_2606024,0,0.00020879807,inner_val
ISIC_2611118,0,0.0007767569,inner_val
ISIC_2613002,0,0.0009785113,inner_val
ISIC_2616327,0,0.0031601905,inner_val
ISIC_2616343,0,0.00012801721,inner_val
ISIC_2618635,0,0.09273515,inner_val
ISIC_2618859,0,0.02235158,inner_val
ISIC_2619698,0,0.0145351365,inner_val
ISIC_2623538,0,0.0022193538,inner_val
ISIC_2631643,0,0.00051190937,inner_val
ISIC_2632587,0,0.03588314,inner_val
ISIC_2636747,0,0.0033588442,inner_val
ISIC_2637608,1,0.12562117,inner_val
ISIC_2637968,0,0.06505045,inner_val
ISIC_2639079,0,0.010498762,inner_val
ISIC_2639144,0,0.020305112,inner_val
ISIC_2645655,0,0.00022927027,inner_val
ISIC_2648261,0,0.0006482753,inner_val
ISIC_2650571,0,0.19939542,inner_val
ISIC_2652786,0,0.00019888782,inner_val
ISIC_2653214,0,0.00048911804,inner_val
ISIC_2654197,0,0.00091975735,inner_val
ISIC_2654417,0,0.00042473676,inner_val
ISIC_2657843,0,0.026562585,inner_val
ISIC_2657946,0,0.0005873392,inner_val
ISIC_2659591,0,0.015619598,inner_val
ISIC_2660535,0,0.013286515,inner_val
ISIC_2665498,0,0.026901742,inner_val
ISIC_2670475,0,0.001205073,inner_val
ISIC_2673871,0,0.00013868585,inner_val
ISIC_2674517,0,0.0027323905,inner_val
ISIC_2679295,0,0.026132874,inner_val
ISIC_2680640,0,0.00027809697,inner_val
ISIC_2681497,0,0.023200788,inner_val
ISIC_2685523,0,0.0006699622,inner_val
ISIC_2687068,0,0.034225,inner_val
ISIC_2687164,0,0.007924494,inner_val
ISIC_2688897,0,0.00063433003,inner_val
ISIC_2693412,0,0.0008444733,inner_val
ISIC_2696344,0,0.014996993,inner_val
ISIC_2699336,0,0.0018141019,inner_val
ISIC_2700545,0,0.000139956,inner_val
ISIC_2700802,0,0.0006511453,inner_val
ISIC_2703816,0,0.041405987,inner_val
ISIC_2706378,0,0.00029487783,inner_val
ISIC_2711084,0,0.002842911,inner_val
ISIC_2714572,0,0.007773383,inner_val
ISIC_2716425,0,0.010540677,inner_val
ISIC_2724529,1,0.019997468,inner_val
ISIC_2726326,0,9.754755e-05,inner_val
ISIC_2726665,0,0.0023750532,inner_val
ISIC_2727016,0,0.03831255,inner_val
ISIC_2730948,0,0.00025774335,inner_val
ISIC_2731847,0,0.022571746,inner_val
ISIC_2732429,0,0.0705635,inner_val
ISIC_2739481,0,0.010121225,inner_val
ISIC_2740756,0,0.00048379967,inner_val
ISIC_2744153,0,0.0018482613,inner_val
ISIC_2747650,0,0.000288863,inner_val
ISIC_2749240,0,0.0058387206,inner_val
ISIC_2750991,0,0.002684443,inner_val
ISIC_2752919,0,0.073716715,inner_val
ISIC_2755667,0,0.020391367,inner_val
ISIC_2761440,0,0.041618787,inner_val
ISIC_2764032,0,0.0007608022,inner_val
ISIC_2765253,0,0.08036973,inner_val
ISIC_2772616,0,0.0002591565,inner_val
ISIC_2780122,0,0.00948648,inner_val
ISIC_2781254,0,0.07061559,inner_val
ISIC_2782870,0,0.00012962255,inner_val
ISIC_2784686,0,0.0002920918,inner_val
ISIC_2786383,0,0.04893457,inner_val
ISIC_2788026,0,0.009087412,inner_val
ISIC_2788933,0,0.00046435423,inner_val
ISIC_2794624,0,0.09210098,inner_val
ISIC_2795016,0,0.020530703,inner_val
ISIC_2798939,0,0.0038619363,inner_val
ISIC_2799242,0,0.009125771,inner_val
ISIC_2799787,0,0.0024904546,inner_val
ISIC_2799892,0,0.0056130216,inner_val
ISIC_2800015,0,0.033619594,inner_val
ISIC_2801042,0,0.0033634698,inner_val
ISIC_2807121,0,0.027444525,inner_val
ISIC_2808622,0,0.04613779,inner_val
ISIC_2809103,0,0.09063414,inner_val
ISIC_2815040,0,0.14583866,inner_val
ISIC_2817878,0,0.0005311197,inner_val
ISIC_2819603,0,0.0006140528,inner_val
ISIC_2826618,0,0.00021383657,inner_val
ISIC_2829017,0,0.00041942394,inner_val
ISIC_2829107,0,0.060647354,inner_val
ISIC_2834840,0,0.030905008,inner_val
ISIC_2838426,0,0.00063178514,inner_val
ISIC_2842532,0,0.0003434031,inner_val
ISIC_2843206,0,0.0014265894,inner_val
ISIC_2843245,0,0.018098459,inner_val
ISIC_2845856,0,0.00041639266,inner_val
ISIC_2855626,0,0.0109946495,inner_val
ISIC_2861317,0,0.08044617,inner_val
ISIC_2861546,0,0.00014877491,inner_val
ISIC_2863809,0,0.16967075,inner_val
ISIC_2869310,0,0.0008951712,inner_val
ISIC_2871070,0,0.018280907,inner_val
ISIC_2873294,0,0.017156588,inner_val
ISIC_2874203,0,0.00025805514,inner_val
ISIC_2874706,0,0.02008284,inner_val
ISIC_2877029,0,0.00045679288,inner_val
ISIC_2878344,0,0.00029729615,inner_val
ISIC_2881128,0,0.01455841,inner_val
ISIC_2881263,0,0.07283752,inner_val
ISIC_2882129,0,0.0041798097,inner_val
ISIC_2887033,0,0.019124502,inner_val
ISIC_2888272,0,0.00013154972,inner_val
ISIC_2892382,0,0.0016641264,inner_val
ISIC_2893823,0,0.0006795106,inner_val
ISIC_2894185,0,0.00126388,inner_val
ISIC_2903423,0,0.016721252,inner_val
ISIC_2903941,0,0.000144327,inner_val
ISIC_2904884,0,0.0015223352,inner_val
ISIC_2907527,0,0.0021977331,inner_val
ISIC_2911251,0,0.0006571052,inner_val
ISIC_2914880,0,6.0836705e-05,inner_val
ISIC_2915747,0,0.00018688089,inner_val
ISIC_2916248,0,0.00166275,inner_val
ISIC_2916510,0,0.00026110813,inner_val
ISIC_2917378,0,0.000372349,inner_val
ISIC_2919360,0,0.079589106,inner_val
ISIC_2921549,0,0.0056628394,inner_val
ISIC_2921933,0,5.776122e-05,inner_val
ISIC_2923483,0,0.0016543666,inner_val
ISIC_2924066,0,0.0036626123,inner_val
ISIC_2925891,0,0.0731311,inner_val
ISIC_2927205,0,0.0074620987,inner_val
ISIC_2927289,0,0.0015507606,inner_val
ISIC_2927891,0,0.0011215658,inner_val
ISIC_2930522,0,0.018700384,inner_val
ISIC_2941560,0,0.00095576106,inner_val
ISIC_2943284,0,0.030500317,inner_val
ISIC_2944480,0,0.010341848,inner_val
ISIC_2945324,0,0.0012374405,inner_val
ISIC_2946577,0,0.00010860591,inner_val
ISIC_2946626,0,9.575454e-05,inner_val
ISIC_2950632,0,0.0024737264,inner_val
ISIC_2952446,0,0.073033564,inner_val
ISIC_2953742,0,0.019744225,inner_val
ISIC_2953962,0,0.014328293,inner_val
ISIC_2956763,0,0.0004324249,inner_val
ISIC_2956783,0,0.22044858,inner_val
ISIC_2957102,0,0.024579838,inner_val
ISIC_2960377,0,0.18472706,inner_val
ISIC_2960995,0,0.0711382,inner_val
ISIC_2963146,0,0.024940034,inner_val
ISIC_2963464,0,0.02294717,inner_val
ISIC_2966043,0,0.00094456505,inner_val
ISIC_2967024,1,0.045428302,inner_val
ISIC_2968243,0,0.047823478,inner_val
ISIC_2975603,0,0.008227436,inner_val
ISIC_2975904,0,0.009104267,inner_val
ISIC_2977985,0,0.014702011,inner_val
ISIC_2978327,0,0.00053592864,inner_val
ISIC_2978682,0,0.03335293,inner_val
ISIC_2981762,0,0.013886261,inner_val
ISIC_2981912,0,0.020518104,inner_val
ISIC_2982945,0,0.0007791099,inner_val
ISIC_2986186,0,0.00044406828,inner_val
ISIC_2986565,0,0.00048411824,inner_val
ISIC_2990722,0,0.0021168594,inner_val
ISIC_2991680,0,0.012719114,inner_val
ISIC_2991936,0,0.011092563,inner_val
ISIC_2993517,0,0.0003126826,inner_val
ISIC_2994772,0,0.00027041804,inner_val
ISIC_2996791,0,0.00058877905,inner_val
ISIC_3001380,0,0.011706864,inner_val
ISIC_3003666,0,0.00396262,inner_val
ISIC_3003779,0,0.025019012,inner_val
ISIC_3005396,0,0.014301361,inner_val
ISIC_3006507,0,0.00014709671,inner_val
ISIC_3010550,0,6.744686e-05,inner_val
ISIC_3010582,0,0.004491249,inner_val
ISIC_3011638,0,0.010757096,inner_val
ISIC_3011836,0,0.012476192,inner_val
ISIC_3012699,0,0.0008316502,inner_val
ISIC_3014965,0,0.0029164874,inner_val
ISIC_3016859,0,0.046990998,inner_val
ISIC_3018550,0,0.005126362,inner_val
ISIC_3020913,0,0.0005589829,inner_val
ISIC_3022527,0,0.00025460141,inner_val
ISIC_3026934,0,0.000110797184,inner_val
ISIC_3029937,0,0.000269043,inner_val
ISIC_3039519,0,0.0015341452,inner_val
ISIC_3043346,0,0.00010996566,inner_val
ISIC_3043475,0,0.00036037457,inner_val
ISIC_3049301,0,0.008834101,inner_val
ISIC_3056425,0,0.000736431,inner_val
ISIC_3059347,0,0.008351852,inner_val
ISIC_3059967,0,0.0012485827,inner_val
ISIC_3062773,0,0.00029375992,inner_val
ISIC_3069054,0,0.0037225783,inner_val
ISIC_3070178,0,0.08061573,inner_val
ISIC_3073605,0,0.039770108,inner_val
ISIC_3084312,1,0.08648069,inner_val
ISIC_3084862,0,0.0037090497,inner_val
ISIC_3086038,0,0.0014528628,inner_val
ISIC_3087371,0,0.007036086,inner_val
ISIC_3087402,0,0.00022377579,inner_val
ISIC_3088019,0,0.0012123014,inner_val
ISIC_3089729,0,0.17262006,inner_val
ISIC_3091757,0,0.0008020951,inner_val
ISIC_3095600,0,0.08820837,inner_val
ISIC_3097419,0,0.004033125,inner_val
ISIC_3097424,0,0.011647668,inner_val
ISIC_3100594,0,0.0021429667,inner_val
ISIC_3105703,0,0.21573083,inner_val
ISIC_3105924,0,0.0013626049,inner_val
ISIC_3110196,0,0.00014302578,inner_val
ISIC_3112783,0,0.014590776,inner_val
ISIC_3113485,0,0.0012003239,inner_val
ISIC_3114020,0,0.000120570636,inner_val
ISIC_3114110,0,0.0018469205,inner_val
ISIC_3116288,0,0.029429585,inner_val
ISIC_3116777,0,0.03251367,inner_val
ISIC_3118576,0,0.00021613769,inner_val
ISIC_3120665,0,0.01186751,inner_val
ISIC_3123377,0,0.024583254,inner_val
ISIC_3125030,0,9.1714384e-05,inner_val
ISIC_3126652,0,0.00046296904,inner_val
ISIC_3128414,0,0.00023519859,inner_val
ISIC_3134259,0,0.0011085052,inner_val
ISIC_3134745,0,0.010942751,inner_val
ISIC_3139994,0,0.0772244,inner_val
ISIC_3140246,0,0.000114141,inner_val
ISIC_3142775,0,0.02929632,inner_val
ISIC_3143650,0,0.052662145,inner_val
ISIC_3148048,0,0.08958005,inner_val
ISIC_3154122,0,0.0016411882,inner_val
ISIC_3154509,0,0.00036054672,inner_val
ISIC_3155020,0,0.0023509916,inner_val
ISIC_3156139,0,9.435872e-05,inner_val
ISIC_3159130,0,0.00017249951,inner_val
ISIC_3159924,1,0.10760894,inner_val
ISIC_3161186,0,0.023774827,inner_val
ISIC_3162794,0,0.0008418979,inner_val
ISIC_3171104,0,0.009494454,inner_val
ISIC_3175350,0,0.01690567,inner_val
ISIC_3177916,0,0.09373758,inner_val
ISIC_3183548,0,0.04985393,inner_val
ISIC_3183794,0,0.022320468,inner_val
ISIC_3185336,0,0.00824333,inner_val
ISIC_3197712,0,0.0018646634,inner_val
ISIC_3198731,0,0.00060474884,inner_val
ISIC_3202358,0,0.00028311464,inner_val
ISIC_3203435,0,0.0011726472,inner_val
ISIC_3206957,0,0.018781817,inner_val
ISIC_3209024,0,0.0026046191,inner_val
ISIC_3209856,0,0.015078781,inner_val
ISIC_3211897,0,0.007895965,inner_val
ISIC_3215136,0,0.0018856047,inner_val
ISIC_3217061,0,0.00023273208,inner_val
ISIC_3218135,0,0.00016152469,inner_val
ISIC_3218403,0,0.00442322,inner_val
ISIC_3220423,0,0.002819679,inner_val
ISIC_3222214,0,0.03147963,inner_val
ISIC_3227705,0,0.00022894262,inner_val
ISIC_3230164,0,0.08389108,inner_val
ISIC_3232712,0,0.0017127122,inner_val
ISIC_3234899,0,0.0021917839,inner_val
ISIC_3237364,0,0.0044142962,inner_val
ISIC_3237861,0,0.07510754,inner_val
ISIC_3238687,0,0.00023176154,inner_val
ISIC_3246376,0,0.0059964666,inner_val
ISIC_3249704,0,0.00020676681,inner_val
ISIC_3249783,0,0.00088915817,inner_val
ISIC_3249936,0,0.011603394,inner_val
ISIC_3249958,0,4.40265e-05,inner_val
ISIC_3251275,0,0.082413584,inner_val
ISIC_3260746,0,0.003235265,inner_val
ISIC_3260974,0,0.0088126995,inner_val
ISIC_3261511,0,0.00039958625,inner_val
ISIC_3264992,0,0.0072155683,inner_val
ISIC_3265470,0,0.015003764,inner_val
ISIC_3267196,0,0.00038353578,inner_val
ISIC_3267817,0,0.00055230834,inner_val
ISIC_3274493,0,0.00290216,inner_val
ISIC_3276395,0,0.056890912,inner_val
ISIC_3280963,0,0.02708214,inner_val
ISIC_3281252,0,0.0007730147,inner_val
ISIC_3283934,0,0.00032184867,inner_val
ISIC_3286597,0,0.031111676,inner_val
ISIC_3289651,0,0.030094337,inner_val
ISIC_3290678,0,0.021110578,inner_val
ISIC_3296136,0,0.016590284,inner_val
ISIC_3296152,0,4.476266e-05,inner_val
ISIC_3297631,0,0.00034818877,inner_val
ISIC_3299783,0,0.00025998682,inner_val
ISIC_3300386,0,0.00018826518,inner_val
ISIC_3301263,0,0.0501774,inner_val
ISIC_3302025,0,0.0014969042,inner_val
ISIC_3304982,0,0.019328155,inner_val
ISIC_3310849,0,0.08820385,inner_val
ISIC_3311662,0,0.003756331,inner_val
ISIC_3312201,0,0.0064493218,inner_val
ISIC_3313317,0,0.00016181219,inner_val
ISIC_3316232,0,0.0068092016,inner_val
ISIC_3319163,0,0.011903457,inner_val
ISIC_3319229,1,0.05837175,inner_val
ISIC_3319361,0,0.00017607636,inner_val
ISIC_3328612,0,0.0002059412,inner_val
ISIC_3328736,0,0.00030833867,inner_val
ISIC_3331853,0,0.09137163,inner_val
ISIC_3335955,0,0.009553248,inner_val
ISIC_3340180,0,0.0007029655,inner_val
ISIC_3340346,0,0.018582245,inner_val
ISIC_3345065,0,0.0008827557,inner_val
ISIC_3346045,0,0.0010457769,inner_val
ISIC_3352700,0,0.009790308,inner_val
ISIC_3356316,0,0.0011924142,inner_val
ISIC_3356497,0,0.00028023875,inner_val
ISIC_3356671,0,0.024921758,inner_val
ISIC_3361955,0,0.0013314208,inner_val
ISIC_3367944,0,0.019978745,inner_val
ISIC_3373004,0,0.04722247,inner_val
ISIC_3373578,0,0.00074506126,inner_val
ISIC_3376991,0,0.00038598265,inner_val
ISIC_3378691,0,0.003757959,inner_val
ISIC_3380009,0,0.16430426,inner_val
ISIC_3383093,0,0.014968585,inner_val
ISIC_3384989,0,0.028437508,inner_val
ISIC_3385071,0,0.0010002494,inner_val
ISIC_3387713,0,0.011885625,inner_val
ISIC_3389461,0,0.0013877632,inner_val
ISIC_3397468,0,0.011696757,inner_val
ISIC_3401240,0,0.0028146703,inner_val
ISIC_3401631,0,0.037774384,inner_val
ISIC_3401780,0,0.00014780027,inner_val
ISIC_3402149,0,0.00012162026,inner_val
ISIC_3403778,0,0.021587498,inner_val
ISIC_3408742,0,0.00028634092,inner_val
ISIC_3412216,0,0.00011043707,inner_val
ISIC_3412637,0,0.0012344916,inner_val
ISIC_3413036,0,0.0002326722,inner_val
ISIC_3415223,0,0.0041186726,inner_val
ISIC_3417390,0,0.016580764,inner_val
ISIC_3418447,0,0.0030937598,inner_val
ISIC_3421141,0,0.018136775,inner_val
ISIC_3424667,0,0.07165451,inner_val
ISIC_3426701,0,0.00014044449,inner_val
ISIC_3435535,0,0.049047917,inner_val
ISIC_3437734,0,0.0014122482,inner_val
ISIC_3440813,0,0.021719221,inner_val
ISIC_3441198,0,0.074115045,inner_val
ISIC_3443234,0,0.1524817,inner_val
ISIC_3444192,0,0.047954533,inner_val
ISIC_3445468,0,0.26175708,inner_val
ISIC_3447765,0,0.034208607,inner_val
ISIC_3448630,0,0.011473116,inner_val
ISIC_3449290,0,0.022339111,inner_val
ISIC_3449292,0,0.0038325728,inner_val
ISIC_3455311,0,0.01078238,inner_val
ISIC_3458811,0,0.004162325,inner_val
ISIC_3461869,0,0.016799496,inner_val
ISIC_3463384,0,0.0011168214,inner_val
ISIC_3465385,0,0.011968336,inner_val
ISIC_3474681,0,0.00040679504,inner_val
ISIC_3475660,1,0.074711084,inner_val
ISIC_3477566,0,0.0048936815,inner_val
ISIC_3477896,0,0.015668325,inner_val
ISIC_3478437,0,0.00020188194,inner_val
ISIC_3481768,0,0.21804878,inner_val
ISIC_3482676,0,0.012822862,inner_val
ISIC_3487151,0,0.017994095,inner_val
ISIC_3487632,0,0.007668023,inner_val
ISIC_3495799,0,0.0001761729,inner_val
ISIC_3499803,0,0.000259641,inner_val
ISIC_3500137,0,0.015433116,inner_val
ISIC_3500673,0,0.0009898772,inner_val
ISIC_3501997,0,0.018895721,inner_val
ISIC_3505327,0,0.031397935,inner_val
ISIC_3505339,0,0.00016274648,inner_val
ISIC_3510004,0,0.0011425492,inner_val
ISIC_3510802,0,0.0062986524,inner_val
ISIC_3511854,0,0.0006638874,inner_val
ISIC_3512019,0,0.00020169417,inner_val
ISIC_3513288,0,0.0003284953,inner_val
ISIC_3521671,0,0.000974956,inner_val
ISIC_3524429,0,0.008657051,inner_val
ISIC_3526799,0,0.007973479,inner_val
ISIC_3528120,0,0.14212853,inner_val
ISIC_3528295,0,0.0050593046,inner_val
ISIC_3531360,0,0.0002504173,inner_val
ISIC_3535289,0,0.00089437264,inner_val
ISIC_3536436,0,0.0004116999,inner_val
ISIC_3537089,0,0.089151226,inner_val
ISIC_3544168,0,0.00069447816,inner_val
ISIC_3548393,0,0.001227311,inner_val
ISIC_3550844,0,0.030829402,inner_val
ISIC_3552318,0,0.0006989048,inner_val
ISIC_3552860,0,0.0030007802,inner_val
ISIC_3555847,0,0.00082141237,inner_val
ISIC_3556857,0,0.003937945,inner_val
ISIC_3559215,0,0.012615258,inner_val
ISIC_3562294,0,0.07109049,inner_val
ISIC_3562660,0,0.0009258827,inner_val
ISIC_3563518,0,0.00044473234,inner_val
ISIC_3573323,0,0.0008596579,inner_val
ISIC_3575305,0,0.035600334,inner_val
ISIC_3575814,0,0.06876463,inner_val
ISIC_3578203,0,7.427281e-05,inner_val
ISIC_3579044,0,0.011405884,inner_val
ISIC_3581871,0,0.0037545396,inner_val
ISIC_3585381,0,0.00027539884,inner_val
ISIC_3586461,0,0.00050810585,inner_val
ISIC_3586611,0,0.0005023664,inner_val
ISIC_3587744,0,0.08471004,inner_val
ISIC_3588908,0,0.005973384,inner_val
ISIC_3589310,0,0.0009466683,inner_val
ISIC_3591686,0,0.008849814,inner_val
ISIC_3598244,0,0.00035411835,inner_val
ISIC_3599125,0,0.0006922514,inner_val
ISIC_3600802,0,0.005053533,inner_val
ISIC_3601224,0,0.054083116,inner_val
ISIC_3605210,0,0.005166167,inner_val
ISIC_3605747,0,0.00057487574,inner_val
ISIC_3609716,0,0.0017932047,inner_val
ISIC_3612211,0,0.010421947,inner_val
ISIC_3612285,0,0.02251196,inner_val
ISIC_3616107,0,0.07885834,inner_val
ISIC_3621391,0,0.0025559121,inner_val
ISIC_3622085,0,0.02395887,inner_val
ISIC_3628925,0,0.0038203076,inner_val
ISIC_3629614,0,0.008295002,inner_val
ISIC_3640401,0,0.0014399128,inner_val
ISIC_3642241,0,0.007076854,inner_val
ISIC_3645705,0,0.007286959,inner_val
ISIC_3646643,0,0.08636079,inner_val
ISIC_3648961,0,0.00011825701,inner_val
ISIC_3650598,0,0.03519498,inner_val
ISIC_3654373,0,0.005747259,inner_val
ISIC_3654454,0,0.022529542,inner_val
ISIC_3657408,0,0.06425554,inner_val
ISIC_3657663,0,0.0041570985,inner_val
ISIC_3659682,0,0.016073076,inner_val
ISIC_3662337,0,0.015766926,inner_val
ISIC_3663705,0,0.0019734942,inner_val
ISIC_3667693,0,0.030660748,inner_val
ISIC_3667705,0,0.09331702,inner_val
ISIC_3668644,0,0.028122045,inner_val
ISIC_3671955,0,0.3154426,inner_val
ISIC_3673090,0,0.0036425276,inner_val
ISIC_3673482,0,0.097796954,inner_val
ISIC_3676639,0,0.012821866,inner_val
ISIC_3676643,0,0.0011850677,inner_val
ISIC_3677742,0,0.025953222,inner_val
ISIC_3677905,0,0.01625438,inner_val
ISIC_3677945,0,0.004819387,inner_val
ISIC_3679271,0,0.00015655126,inner_val
ISIC_3683263,0,0.00046584453,inner_val
ISIC_3683402,0,0.0021321815,inner_val
ISIC_3683530,0,0.0075385994,inner_val
ISIC_3684488,1,0.20951939,inner_val
ISIC_3685448,0,0.0004898205,inner_val
ISIC_3687259,0,0.0007823227,inner_val
ISIC_3689907,0,0.020288501,inner_val
ISIC_3696726,0,0.006370186,inner_val
ISIC_3700351,0,0.00023181103,inner_val
ISIC_3701563,0,0.0005856142,inner_val
ISIC_3703408,0,0.019614602,inner_val
ISIC_3705852,0,0.0003568415,inner_val
ISIC_3707360,0,0.020292709,inner_val
ISIC_3707770,0,0.00031390658,inner_val
ISIC_3715736,0,0.002341549,inner_val
ISIC_3716147,0,0.018665388,inner_val
ISIC_3716686,0,0.015070123,inner_val
ISIC_3718717,0,0.0013556617,inner_val
ISIC_3727292,0,0.00030081416,inner_val
ISIC_3730172,0,0.0005664806,inner_val
ISIC_3730238,0,0.027310023,inner_val
ISIC_3731040,0,0.0010047284,inner_val
ISIC_3731815,0,0.00013014396,inner_val
ISIC_3734766,0,0.016542485,inner_val
ISIC_3735337,0,0.00023337515,inner_val
ISIC_3737487,0,0.034506474,inner_val
ISIC_3740201,0,0.0006700318,inner_val
ISIC_3742431,0,0.008381824,inner_val
ISIC_3744835,0,0.07372449,inner_val
ISIC_3745639,0,0.014915889,inner_val
ISIC_3746410,0,0.00037131482,inner_val
ISIC_3749028,0,0.030486675,inner_val
ISIC_3751001,0,0.108045906,inner_val
ISIC_3761634,0,0.00196783,inner_val
ISIC_3762853,0,0.014061485,inner_val
ISIC_3763248,0,0.017019436,inner_val
ISIC_3766837,0,0.010795856,inner_val
ISIC_3773860,0,0.0008286933,inner_val
ISIC_3774190,0,0.115808114,inner_val
ISIC_3779051,0,0.00029794767,inner_val
ISIC_3782372,0,0.021754172,inner_val
ISIC_3783114,0,0.0018565163,inner_val
ISIC_3787994,0,0.07923113,inner_val
ISIC_3788678,0,0.011713614,inner_val
ISIC_3788873,0,0.00016653935,inner_val
ISIC_3789929,0,0.22307023,inner_val
ISIC_3792450,0,0.00038529132,inner_val
ISIC_3793261,0,0.20928767,inner_val
ISIC_3800974,0,0.008550554,inner_val
ISIC_3801932,0,0.009097103,inner_val
ISIC_3802785,0,0.009657639,inner_val
ISIC_3802812,0,0.06251335,inner_val
ISIC_3803947,0,0.04485054,inner_val
ISIC_3806211,0,0.05544002,inner_val
ISIC_3806554,0,0.00012025797,inner_val
ISIC_3808474,0,0.039663535,inner_val
ISIC_3812918,0,0.00035900707,inner_val
ISIC_3816122,0,0.026810544,inner_val
ISIC_3816833,0,0.00036495953,inner_val
ISIC_3817292,0,0.00054559537,inner_val
ISIC_3818234,0,0.00018750559,inner_val
ISIC_3820602,0,0.016084097,inner_val
ISIC_3821027,0,0.17858899,inner_val
ISIC_3822815,0,0.044407994,inner_val
ISIC_3822864,0,0.0012328194,inner_val
ISIC_3825739,0,0.015999174,inner_val
ISIC_3826102,0,0.012454513,inner_val
ISIC_3828455,0,0.00030780613,inner_val
ISIC_3835276,0,0.0012258646,inner_val
ISIC_3836023,0,0.07763708,inner_val
ISIC_3838310,0,0.00065105944,inner_val
ISIC_3841073,0,0.0034001651,inner_val
ISIC_3843634,0,0.0002529373,inner_val
ISIC_3844484,0,0.019510001,inner_val
ISIC_3846236,0,0.0002586537,inner_val
ISIC_3850432,0,0.00628336,inner_val
ISIC_3854190,0,0.058698583,inner_val
ISIC_3854989,0,0.00033051518,inner_val
ISIC_3856662,0,0.02374631,inner_val
ISIC_3858405,0,0.18470575,inner_val
ISIC_3862917,0,0.019728767,inner_val
ISIC_3863508,0,0.13096158,inner_val
ISIC_3868370,0,0.017421046,inner_val
ISIC_3872560,0,0.00040077345,inner_val
ISIC_3875267,0,0.0005711834,inner_val
ISIC_3875681,0,0.015489856,inner_val
ISIC_3877413,0,0.0066867983,inner_val
ISIC_3877643,0,0.0052346066,inner_val
ISIC_3877981,0,0.041196372,inner_val
ISIC_3878174,0,0.00022270833,inner_val
ISIC_3879564,0,0.012464013,inner_val
ISIC_3881897,0,0.00037935004,inner_val
ISIC_3884221,0,0.11275113,inner_val
ISIC_3886001,0,0.0007030851,inner_val
ISIC_3889671,0,0.06167407,inner_val
ISIC_3896737,0,0.006308037,inner_val
ISIC_3898513,0,0.002739842,inner_val
ISIC_3900327,0,0.00025586027,inner_val
ISIC_3904628,0,0.00012284935,inner_val
ISIC_3910037,0,0.00021727702,inner_val
ISIC_3913441,0,0.01704182,inner_val
ISIC_3913709,0,0.00017351931,inner_val
ISIC_3914743,0,0.032324076,inner_val
ISIC_3916064,0,0.00042618575,inner_val
ISIC_3916830,0,0.010264586,inner_val
ISIC_3917306,0,0.0003371861,inner_val
ISIC_3919496,0,8.208682e-05,inner_val
ISIC_3921769,0,0.032080133,inner_val
ISIC_3924772,0,0.0010150863,inner_val
ISIC_3925125,0,0.0010092008,inner_val
ISIC_3925208,0,0.004091871,inner_val
ISIC_3926972,0,0.010938065,inner_val
ISIC_3931484,0,0.0024820536,inner_val
ISIC_3932232,0,0.0006070131,inner_val
ISIC_3936041,0,0.0005348078,inner_val
ISIC_3942075,0,0.13000366,inner_val
ISIC_3943136,0,0.00017723489,inner_val
ISIC_3944634,1,0.029956216,inner_val
ISIC_3946019,0,0.004134062,inner_val
ISIC_3948560,0,0.022582175,inner_val
ISIC_3948588,0,0.00022556663,inner_val
ISIC_3952070,0,0.004438008,inner_val
ISIC_3952513,0,0.0067492076,inner_val
ISIC_3955302,0,0.0061988216,inner_val
ISIC_3955539,0,0.00073536957,inner_val
ISIC_3957077,0,0.0017748313,inner_val
ISIC_3964848,0,0.021946728,inner_val
ISIC_3967213,0,0.000278023,inner_val
ISIC_3967953,0,0.0011515311,inner_val
ISIC_3968367,0,0.09557539,inner_val
ISIC_3969181,0,0.016769223,inner_val
ISIC_3969867,0,0.015329204,inner_val
ISIC_3970105,0,0.00013053646,inner_val
ISIC_3971174,0,0.0008112156,inner_val
ISIC_3971625,0,0.0016932759,inner_val
ISIC_3974064,0,0.00029359275,inner_val
ISIC_3979225,0,0.00076110894,inner_val
ISIC_3980606,0,0.000943755,inner_val
ISIC_3984167,0,0.0007249187,inner_val
ISIC_3984393,0,0.00023472702,inner_val
ISIC_3985104,0,0.02817469,inner_val
ISIC_3994250,0,0.00023014349,inner_val
ISIC_3995579,0,0.056486446,inner_val
ISIC_4004088,0,0.00029821025,inner_val
ISIC_4005585,0,0.017257385,inner_val
ISIC_4005830,0,0.0062403306,inner_val
ISIC_4006060,0,0.013248998,inner_val
ISIC_4007918,0,0.00013702655,inner_val
ISIC_4015288,0,0.011149953,inner_val
ISIC_4015349,0,0.00049100316,inner_val
ISIC_4017765,0,0.07610342,inner_val
ISIC_4020689,0,0.100303516,inner_val
ISIC_4021456,0,0.026582094,inner_val
ISIC_4021645,0,0.2096567,inner_val
ISIC_4022621,0,0.028523847,inner_val
ISIC_4023618,0,0.0002117353,inner_val
ISIC_4023645,0,0.018672682,inner_val
ISIC_4024269,0,0.000401968,inner_val
ISIC_4026806,0,0.0003384676,inner_val
ISIC_4028402,0,0.0075946697,inner_val
ISIC_4029055,0,0.00020081548,inner_val
ISIC_4030935,0,0.021909004,inner_val
ISIC_4032170,0,0.0001984985,inner_val
ISIC_4034244,0,0.0079824645,inner_val
ISIC_4043423,0,0.03206545,inner_val
ISIC_4044272,0,0.0005236925,inner_val
ISIC_4051128,0,0.016714435,inner_val
ISIC_4052701,0,0.04847306,inner_val
ISIC_4061316,0,0.0006555601,inner_val
ISIC_4063720,0,0.012534871,inner_val
ISIC_4067686,0,0.12966493,inner_val
ISIC_4068365,0,0.023508625,inner_val
ISIC_4068608,0,0.04550185,inner_val
ISIC_4068690,0,0.00029413347,inner_val
ISIC_4073074,0,0.02386187,inner_val
ISIC_4074472,0,0.01801674,inner_val
ISIC_4077798,0,0.0028217619,inner_val
ISIC_4079345,0,0.000851542,inner_val
ISIC_4081632,0,0.07369386,inner_val
ISIC_4083200,0,0.0011596052,inner_val
ISIC_4083947,0,0.0020579111,inner_val
ISIC_4085552,0,0.21680133,inner_val
ISIC_4086375,0,0.007828767,inner_val
ISIC_4088252,0,0.009323625,inner_val
ISIC_4090494,0,0.035225622,inner_val
ISIC_4090714,0,0.059864927,inner_val
ISIC_4091981,0,0.00056965783,inner_val
ISIC_4094925,0,0.013868343,inner_val
ISIC_4096361,0,0.004105523,inner_val
ISIC_4100400,0,0.000321557,inner_val
ISIC_4102922,0,0.0014698488,inner_val
ISIC_4108397,0,0.00022868846,inner_val
ISIC_4108630,0,0.18165019,inner_val
ISIC_4111600,0,0.008595255,inner_val
ISIC_4114060,0,0.056963388,inner_val
ISIC_4114269,0,0.07836587,inner_val
ISIC_4115135,0,0.007450922,inner_val
ISIC_4122125,0,0.00035569302,inner_val
ISIC_4127690,0,0.006802208,inner_val
ISIC_4130478,0,0.00025523533,inner_val
ISIC_4131810,0,0.031301335,inner_val
ISIC_4137694,0,0.00021590495,inner_val
ISIC_4142024,0,0.006719366,inner_val
ISIC_4144198,0,0.00036429454,inner_val
ISIC_4146342,0,0.041097615,inner_val
ISIC_4148681,0,0.023210542,inner_val
ISIC_4153687,0,0.000621402,inner_val
ISIC_4159420,0,0.017232124,inner_val
ISIC_4159742,0,0.013453699,inner_val
ISIC_4160574,0,0.00017729269,inner_val
ISIC_4161113,0,0.00045169902,inner_val
ISIC_4162354,0,0.0026343514,inner_val
ISIC_4162828,0,0.18812823,inner_val
ISIC_4163686,1,0.018698625,inner_val
ISIC_4163881,0,0.027194433,inner_val
ISIC_4164426,0,0.0033734462,inner_val
ISIC_4165214,0,0.00033800164,inner_val
ISIC_4167654,0,0.00054233667,inner_val
ISIC_4176809,0,0.0041793673,inner_val
ISIC_4176815,0,0.030197881,inner_val
ISIC_4186524,0,0.012737445,inner_val
ISIC_4189633,0,0.01741655,inner_val
ISIC_4190706,0,0.0002933105,inner_val
ISIC_4193775,0,0.077536955,inner_val
ISIC_4198421,0,0.12074287,inner_val
ISIC_4200486,0,0.029218988,inner_val
ISIC_4201327,0,0.01993095,inner_val
ISIC_4201571,0,0.011848486,inner_val
ISIC_4207851,0,0.010424726,inner_val
ISIC_4208361,0,0.031570077,inner_val
ISIC_4210002,0,0.12130273,inner_val
ISIC_4221778,0,0.002866214,inner_val
ISIC_4221820,0,0.00022219676,inner_val
ISIC_4227455,0,0.054881614,inner_val
ISIC_4232726,0,0.053154994,inner_val
ISIC_4232756,0,0.00077700574,inner_val
ISIC_4238548,0,0.0019496639,inner_val
ISIC_4241347,0,0.00025903594,inner_val
ISIC_4241907,0,0.0002017155,inner_val
ISIC_4247550,0,0.00018727529,inner_val
ISIC_4248273,0,0.0022479123,inner_val
ISIC_4249893,0,0.01214772,inner_val
ISIC_4252547,0,0.009388,inner_val
ISIC_4253581,0,0.008882548,inner_val
ISIC_4253846,0,0.010774123,inner_val
ISIC_4254754,0,0.0013597815,inner_val
ISIC_4254809,0,0.0014504284,inner_val
ISIC_4257799,0,0.015949503,inner_val
ISIC_4262925,0,0.0010747459,inner_val
ISIC_4265726,0,0.027772663,inner_val
ISIC_4266157,0,0.010879624,inner_val
ISIC_4267177,0,0.04392105,inner_val
ISIC_4270126,0,0.2807024,inner_val
ISIC_4271140,0,0.003984345,inner_val
ISIC_4274519,0,0.0001238581,inner_val
ISIC_4276255,1,0.027663888,inner_val
ISIC_4276933,0,0.00048527587,inner_val
ISIC_4278569,0,0.015954683,inner_val
ISIC_4278981,0,0.00047852323,inner_val
ISIC_4282719,0,0.29747102,inner_val
ISIC_4283351,0,0.00016432609,inner_val
ISIC_4288307,0,7.910024e-05,inner_val
ISIC_4289873,0,0.0033309036,inner_val
ISIC_4293419,0,0.0014092295,inner_val
ISIC_4298761,0,0.027036546,inner_val
ISIC_4299282,0,0.009356881,inner_val
ISIC_4299647,0,0.00046711115,inner_val
ISIC_4300657,0,0.00010589567,inner_val
ISIC_4307205,0,0.00054127054,inner_val
ISIC_4307344,0,0.005739363,inner_val
ISIC_4311436,0,0.005573357,inner_val
ISIC_4312841,0,0.008529381,inner_val
ISIC_4313352,0,0.0015286709,inner_val
ISIC_4314003,0,0.00019414393,inner_val
ISIC_4314417,0,0.003194587,inner_val
ISIC_4315107,0,0.001769987,inner_val
ISIC_4317478,0,0.018618299,inner_val
ISIC_4322954,0,0.036669433,inner_val
ISIC_4324163,0,0.013516811,inner_val
ISIC_4327247,0,0.20549324,inner_val
ISIC_4327726,0,0.0052248025,inner_val
ISIC_4332846,0,0.000787062,inner_val
ISIC_4334767,0,0.013020747,inner_val
ISIC_4335080,0,0.004511797,inner_val
ISIC_4337318,0,0.061620004,inner_val
ISIC_4348579,0,0.00059138925,inner_val
ISIC_4350874,0,0.008098466,inner_val
ISIC_4352854,0,0.0048030033,inner_val
ISIC_4354896,0,0.04573711,inner_val
ISIC_4359340,0,0.007860513,inner_val
ISIC_4361405,0,0.09194831,inner_val
ISIC_4364397,0,0.04386412,inner_val
ISIC_4366055,0,0.002731928,inner_val
ISIC_4367917,0,0.0009097565,inner_val
ISIC_4368411,0,0.0011943466,inner_val
ISIC_4368478,0,0.0010215952,inner_val
ISIC_4370751,0,7.25695e-05,inner_val
ISIC_4373429,0,0.19092184,inner_val
ISIC_4373835,0,0.0007829936,inner_val
ISIC_4374944,0,0.124383315,inner_val
ISIC_4384016,0,0.0032865019,inner_val
ISIC_4384341,0,0.017871799,inner_val
ISIC_4384861,0,0.0013401046,inner_val
ISIC_4385893,0,0.011924367,inner_val
ISIC_4386659,0,0.0004416209,inner_val
ISIC_4388706,0,0.031460084,inner_val
ISIC_4391942,0,0.00019805142,inner_val
ISIC_4392384,0,0.00056976394,inner_val
ISIC_4393209,0,0.0327223,inner_val
ISIC_4394837,0,0.05738893,inner_val
ISIC_4399411,0,0.001454941,inner_val
ISIC_4407024,0,0.0012687166,inner_val
ISIC_4415203,0,0.018019112,inner_val
ISIC_4418259,0,0.0025884002,inner_val
ISIC_4418458,0,0.0005271889,inner_val
ISIC_4419280,0,0.000860726,inner_val
ISIC_4423793,0,0.058993753,inner_val
ISIC_4426345,0,0.0013885351,inner_val
ISIC_4427596,0,0.009558099,inner_val
ISIC_4431858,0,0.0058258064,inner_val
ISIC_4432898,0,0.09041678,inner_val
ISIC_4433514,0,0.006984174,inner_val
ISIC_4434040,0,0.010017671,inner_val
ISIC_4438597,0,0.00042216163,inner_val
ISIC_4442490,0,0.00011588331,inner_val
ISIC_4443373,0,0.0362675,inner_val
ISIC_4447973,0,0.00032732394,inner_val
ISIC_4452233,0,0.009153844,inner_val
ISIC_4454485,0,0.020290315,inner_val
ISIC_4456975,0,0.0043780194,inner_val
ISIC_4457207,0,0.00016945227,inner_val
ISIC_4462870,0,0.050355356,inner_val
ISIC_4463126,0,0.0014402872,inner_val
ISIC_4471367,0,0.00026632953,inner_val
ISIC_4478364,0,0.00028459742,inner_val
ISIC_4480504,0,0.0019846512,inner_val
ISIC_4489229,0,0.00010760671,inner_val
ISIC_4489943,0,0.0004504298,inner_val
ISIC_4490077,0,0.02999615,inner_val
ISIC_4490903,0,0.004785174,inner_val
ISIC_4495210,0,0.012821921,inner_val
ISIC_4496457,0,0.0004608593,inner_val
ISIC_4497120,0,0.000509124,inner_val
ISIC_4498012,0,0.0034242137,inner_val
ISIC_4498746,0,0.020132668,inner_val
ISIC_4499109,0,0.035423547,inner_val
ISIC_4499380,0,0.00059887994,inner_val
ISIC_4506406,0,0.010008552,inner_val
ISIC_4506518,0,0.0009335592,inner_val
ISIC_4506930,0,0.018739056,inner_val
ISIC_4507193,0,0.00017500644,inner_val
ISIC_4511841,0,0.011129079,inner_val
ISIC_4513493,0,0.0008870241,inner_val
ISIC_4513843,0,0.0026398872,inner_val
ISIC_4524422,0,0.00068814756,inner_val
ISIC_4524493,0,0.00041119882,inner_val
ISIC_4525143,0,0.018248484,inner_val
ISIC_4527758,0,0.008303366,inner_val
ISIC_4529363,0,0.00041980032,inner_val
ISIC_4532303,0,0.13908713,inner_val
ISIC_4536709,0,0.017602798,inner_val
ISIC_4544879,0,0.024974687,inner_val
ISIC_4545717,0,0.0145541355,inner_val
ISIC_4546136,0,0.00031521954,inner_val
ISIC_4547887,0,0.00033261187,inner_val
ISIC_4548356,0,0.010118293,inner_val
ISIC_4548483,0,0.053451903,inner_val
ISIC_4551517,0,0.000112280984,inner_val
ISIC_4556455,0,0.0007292694,inner_val
ISIC_4561410,0,0.12204925,inner_val
ISIC_4562352,0,0.02996648,inner_val
ISIC_4563146,0,0.0023459832,inner_val
ISIC_4564048,0,0.00012990317,inner_val
ISIC_4564960,0,0.23452924,inner_val
ISIC_4568084,0,0.0079420805,inner_val
ISIC_4569383,0,0.0014916948,inner_val
ISIC_4571395,0,0.007822052,inner_val
ISIC_4572286,0,0.0039710305,inner_val
ISIC_4575112,0,0.00012558696,inner_val
ISIC_4581029,0,0.035122763,inner_val
ISIC_4581058,0,0.02952203,inner_val
ISIC_4585372,0,0.0033491626,inner_val
ISIC_4586133,0,0.015488058,inner_val
ISIC_4587506,0,0.0005840581,inner_val
ISIC_4591099,0,0.013082452,inner_val
ISIC_4593224,0,0.00022788378,inner_val
ISIC_4593940,0,0.00028262005,inner_val
ISIC_4597598,0,0.021981161,inner_val
ISIC_4600666,0,0.057016335,inner_val
ISIC_4601046,0,0.0012301779,inner_val
ISIC_4601418,0,0.00036730073,inner_val
ISIC_4602667,0,6.156818e-05,inner_val
ISIC_4602983,0,0.0018182617,inner_val
ISIC_4605737,0,0.0018718462,inner_val
ISIC_4606283,0,0.012255572,inner_val
ISIC_4610204,0,0.011949416,inner_val
ISIC_4612015,0,0.08624464,inner_val
ISIC_4612744,0,0.00010932277,inner_val
ISIC_4618932,0,0.1905355,inner_val
ISIC_4620192,0,0.002493819,inner_val
ISIC_4620387,0,0.00026867617,inner_val
ISIC_4624536,0,0.0032007836,inner_val
ISIC_4624753,0,0.0182774,inner_val
ISIC_4629184,0,0.0005117889,inner_val
ISIC_4629472,0,0.0026394702,inner_val
ISIC_4629476,0,0.00014764196,inner_val
ISIC_4630926,0,0.13024488,inner_val
ISIC_4631509,0,0.052838776,inner_val
ISIC_4632059,0,0.00042751117,inner_val
ISIC_4633003,0,0.030423483,inner_val
ISIC_4634479,0,0.00016459708,inner_val
ISIC_4639099,0,0.03392148,inner_val
ISIC_4640293,0,0.007252066,inner_val
ISIC_4643939,0,0.024272086,inner_val
ISIC_4647398,0,0.0013995183,inner_val
ISIC_4647804,0,0.00036842382,inner_val
ISIC_4653363,0,0.08631701,inner_val
ISIC_4654225,0,0.0006490506,inner_val
ISIC_4655338,0,0.032150835,inner_val
ISIC_4658487,0,0.00037514127,inner_val
ISIC_4658681,0,0.027865347,inner_val
ISIC_4663404,0,0.00031900159,inner_val
ISIC_4669366,0,0.0016710025,inner_val
ISIC_4671738,0,0.00020061224,inner_val
ISIC_4677514,0,0.0141653335,inner_val
ISIC_4678416,0,0.00043187002,inner_val
ISIC_4679428,0,0.012707241,inner_val
ISIC_4680417,0,0.0037167207,inner_val
ISIC_4682438,0,0.00042536645,inner_val
ISIC_4682923,0,0.004271383,inner_val
ISIC_4684171,0,0.0033516895,inner_val
ISIC_4691440,0,0.0033226553,inner_val
ISIC_4691883,0,0.046054993,inner_val
ISIC_4693693,0,0.32802808,inner_val
ISIC_4698457,0,0.0021354489,inner_val
ISIC_4707552,0,0.022192588,inner_val
ISIC_4708642,0,7.680866e-05,inner_val
ISIC_4716997,0,0.012681691,inner_val
ISIC_4718884,0,0.053590912,inner_val
ISIC_4719181,0,0.00040124153,inner_val
ISIC_4719620,0,0.010363823,inner_val
ISIC_4724943,0,0.047534775,inner_val
ISIC_4726431,0,0.0032672149,inner_val
ISIC_4728589,0,0.0006265813,inner_val
ISIC_4730066,1,0.020723237,inner_val
ISIC_4730074,0,0.002962105,inner_val
ISIC_4732241,0,0.00026918872,inner_val
ISIC_4732460,0,0.0003617438,inner_val
ISIC_4732985,0,0.0191829,inner_val
ISIC_4735699,0,0.005304788,inner_val
ISIC_4735706,0,0.038897846,inner_val
ISIC_4737109,0,0.015502956,inner_val
ISIC_4742252,0,0.0038298722,inner_val
ISIC_4742488,0,0.000646642,inner_val
ISIC_4744272,0,0.020135105,inner_val
ISIC_4749897,0,0.0012630473,inner_val
ISIC_4750973,0,0.0005766618,inner_val
ISIC_4752084,0,0.028180672,inner_val
ISIC_4752144,0,0.0014273361,inner_val
ISIC_4758757,0,0.0039518564,inner_val
ISIC_4760061,0,0.042409852,inner_val
ISIC_4762702,0,0.00043947075,inner_val
ISIC_4763436,0,0.013466634,inner_val
ISIC_4763943,0,0.015325038,inner_val
ISIC_4764292,0,0.00042101424,inner_val
ISIC_4764568,0,0.0002675366,inner_val
ISIC_4765961,0,0.0010880361,inner_val
ISIC_4768021,0,7.658011e-05,inner_val
ISIC_4780541,0,0.0017346059,inner_val
ISIC_4780793,0,0.0100402,inner_val
ISIC_4781140,0,0.015501567,inner_val
ISIC_4782254,0,0.018119138,inner_val
ISIC_4782878,0,0.017321022,inner_val
ISIC_4783933,0,0.06146754,inner_val
ISIC_4784925,0,0.021477856,inner_val
ISIC_4785358,0,0.00114601,inner_val
ISIC_4786018,0,0.025951337,inner_val
ISIC_4786942,0,0.00088971877,inner_val
ISIC_4788878,0,0.00024432293,inner_val
ISIC_4796189,0,0.0065756086,inner_val
ISIC_4797654,0,0.017863022,inner_val
ISIC_4800314,0,0.0009783823,inner_val
ISIC_4805419,0,0.00076105964,inner_val
ISIC_4807196,0,0.03244333,inner_val
ISIC_4808930,0,0.034433536,inner_val
ISIC_4809078,0,0.14996062,inner_val
ISIC_4809996,0,0.046037816,inner_val
ISIC_4812480,0,0.00024054309,inner_val
ISIC_4812508,0,0.0002954502,inner_val
ISIC_4817112,0,0.009646421,inner_val
ISIC_4822306,0,0.001172503,inner_val
ISIC_4824153,0,0.00018798858,inner_val
ISIC_4826024,0,0.0037250482,inner_val
ISIC_4826449,0,0.0064698406,inner_val
ISIC_4826839,0,0.00059088727,inner_val
ISIC_4827954,0,0.0005551568,inner_val
ISIC_4832697,0,0.054746024,inner_val
ISIC_4833252,0,0.0002795532,inner_val
ISIC_4833303,0,0.00093349745,inner_val
ISIC_4836873,0,0.0007453621,inner_val
ISIC_4840770,0,0.00064593763,inner_val
ISIC_4841705,0,0.017844526,inner_val
ISIC_4844937,0,0.0037504786,inner_val
ISIC_4846287,0,0.007873793,inner_val
ISIC_4847287,0,0.00021199122,inner_val
ISIC_4848047,0,0.0012100149,inner_val
ISIC_4848484,0,0.0008733085,inner_val
ISIC_4851366,1,0.1610847,inner_val
ISIC_4859011,0,0.013671591,inner_val
ISIC_4861267,0,0.0023196351,inner_val
ISIC_4862692,0,0.0052153934,inner_val
ISIC_4868982,0,0.0026090962,inner_val
ISIC_4870813,0,0.0010479052,inner_val
ISIC_4872791,0,0.015918607,inner_val
ISIC_4873009,0,0.00013403603,inner_val
ISIC_4877995,0,7.098752e-05,inner_val
ISIC_4879050,0,0.009188353,inner_val
ISIC_4883688,0,0.00047236634,inner_val
ISIC_4884803,0,0.0008793808,inner_val
ISIC_4884879,0,0.025495945,inner_val
ISIC_4886992,0,0.023985116,inner_val
ISIC_4889196,0,0.012124042,inner_val
ISIC_4890201,0,0.00029307764,inner_val
ISIC_4891057,0,0.0002754369,inner_val
ISIC_4894602,0,0.07759209,inner_val
ISIC_4896088,0,0.032845996,inner_val
ISIC_4901330,0,0.026579855,inner_val
ISIC_4903900,0,0.050277352,inner_val
ISIC_4904364,0,0.061201368,inner_val
ISIC_4905331,0,0.0007798586,inner_val
ISIC_4909229,0,0.00064515194,inner_val
ISIC_4910683,0,0.021028904,inner_val
ISIC_4917748,0,0.0004994348,inner_val
ISIC_4919503,0,0.06715246,inner_val
ISIC_4920181,0,0.04615786,inner_val
ISIC_4921130,0,0.004425976,inner_val
ISIC_4922651,0,0.0007929645,inner_val
ISIC_4925442,0,0.027975876,inner_val
ISIC_4925631,0,0.00029813376,inner_val
ISIC_4927573,0,0.000101791615,inner_val
ISIC_4929101,0,0.0017963938,inner_val
ISIC_4930632,0,0.00023822558,inner_val
ISIC_4931777,0,0.0027728674,inner_val
ISIC_4934323,0,0.002585043,inner_val
ISIC_4936662,1,0.04493672,inner_val
ISIC_4936702,0,0.0004440126,inner_val
ISIC_4946953,0,0.0010306387,inner_val
ISIC_4947726,0,0.00015750203,inner_val
ISIC_4950948,0,0.0404907,inner_val
ISIC_4956766,0,0.00039460853,inner_val
ISIC_4957315,0,0.0006905385,inner_val
ISIC_4965795,0,0.09200442,inner_val
ISIC_4967586,1,0.026305804,inner_val
ISIC_4971047,0,0.007327803,inner_val
ISIC_4972972,0,0.014611248,inner_val
ISIC_4979624,0,0.029458633,inner_val
ISIC_4980328,0,0.0026287043,inner_val
ISIC_4981344,0,0.0031242173,inner_val
ISIC_4984992,0,0.00029114512,inner_val
ISIC_4985369,0,0.0055196323,inner_val
ISIC_4988671,0,0.0005238528,inner_val
ISIC_4992702,0,0.0052542784,inner_val
ISIC_4993417,0,0.0022875487,inner_val
ISIC_4994445,0,0.04377549,inner_val
ISIC_5000359,0,0.019601867,inner_val
ISIC_5000531,0,0.009260073,inner_val
ISIC_5001317,0,0.014329702,inner_val
ISIC_5003226,0,0.000514975,inner_val
ISIC_5003751,0,0.057886854,inner_val
ISIC_5004291,0,0.0020927386,inner_val
ISIC_5005961,0,0.0006755225,inner_val
ISIC_5006135,0,0.00093461206,inner_val
ISIC_5008602,0,0.028722383,inner_val
ISIC_5011331,0,0.052972436,inner_val
ISIC_5011531,0,0.0021828099,inner_val
ISIC_5011583,0,0.00027667917,inner_val
ISIC_5013602,0,0.001058206,inner_val
ISIC_5017874,0,0.050746296,inner_val
ISIC_5022895,0,0.0075461064,inner_val
ISIC_5026709,0,0.0011147488,inner_val
ISIC_5028612,0,0.00994596,inner_val
ISIC_5028878,0,0.0001713536,inner_val
ISIC_5029636,0,0.00029162044,inner_val
ISIC_5032047,0,0.00014517891,inner_val
ISIC_5032464,0,0.0053068763,inner_val
ISIC_5037784,1,0.15374227,inner_val
ISIC_5037796,0,0.0635036,inner_val
ISIC_5042524,0,0.00079929107,inner_val
ISIC_5044766,0,0.029096415,inner_val
ISIC_5046340,0,0.0004032472,inner_val
ISIC_5052760,0,0.0071403543,inner_val
ISIC_5053869,0,0.00024919736,inner_val
ISIC_5053904,0,0.020707475,inner_val
ISIC_5057875,0,0.0005973112,inner_val
ISIC_5064969,0,0.02389782,inner_val
ISIC_5069292,0,0.0016351786,inner_val
ISIC_5069412,0,0.00078286976,inner_val
ISIC_5069715,0,0.03014905,inner_val
ISIC_5073160,0,0.049558066,inner_val
ISIC_5074129,0,0.0002766048,inner_val
ISIC_5084682,0,0.0013945698,inner_val
ISIC_5086349,1,0.04450157,inner_val
ISIC_5086403,0,0.00026593677,inner_val
ISIC_5093070,0,0.025266835,inner_val
ISIC_5099569,0,0.00041287072,inner_val
ISIC_5101218,0,0.00070515653,inner_val
ISIC_5103658,0,0.00057724793,inner_val
ISIC_5103854,0,0.026715824,inner_val
ISIC_5104241,0,0.007066896,inner_val
ISIC_5106545,0,0.00030030153,inner_val
ISIC_5111439,0,0.0017004439,inner_val
ISIC_5112908,0,0.0017314496,inner_val
ISIC_5118951,0,0.0007640819,inner_val
ISIC_5120553,0,0.039993674,inner_val
ISIC_5122173,0,0.010330853,inner_val
ISIC_5122220,0,0.001026703,inner_val
ISIC_5123366,0,0.001518354,inner_val
ISIC_5123817,0,0.0025834278,inner_val
ISIC_5128589,0,0.001028688,inner_val
ISIC_5130418,0,0.017607836,inner_val
ISIC_5130916,0,0.026612815,inner_val
ISIC_5131198,0,0.0073316395,inner_val
ISIC_5131821,0,0.0017337623,inner_val
ISIC_5133396,0,0.025198301,inner_val
ISIC_5135858,0,0.0003333185,inner_val
ISIC_5138032,0,0.009036628,inner_val
ISIC_5138700,0,0.0007098226,inner_val
ISIC_5140952,1,0.017600449,inner_val
ISIC_5141844,0,0.015391603,inner_val
ISIC_5142088,0,0.003938034,inner_val
ISIC_5143697,0,0.04987457,inner_val
ISIC_5143786,0,0.08677786,inner_val
ISIC_5144730,0,0.011885799,inner_val
ISIC_5146245,0,0.0044496595,inner_val
ISIC_5148474,0,0.0048439726,inner_val
ISIC_5148638,0,0.0040247366,inner_val
ISIC_5150671,0,0.00058769726,inner_val
ISIC_5151428,0,0.01302879,inner_val
ISIC_5152859,0,0.0035194377,inner_val
ISIC_5161114,0,0.07682579,inner_val
ISIC_5162699,0,0.00019554172,inner_val
ISIC_5163976,0,0.028455986,inner_val
ISIC_5164045,0,0.00054743805,inner_val
ISIC_5165286,0,0.00034738323,inner_val
ISIC_5165544,0,0.0011469868,inner_val
ISIC_5168662,0,0.0011685771,inner_val
ISIC_5170821,0,0.05538108,inner_val
ISIC_5173742,0,0.037759222,inner_val
ISIC_5176297,0,0.04093284,inner_val
ISIC_5182841,0,0.008640093,inner_val
ISIC_5186059,0,0.00045379263,inner_val
ISIC_5187819,0,0.00013420318,inner_val
ISIC_5190484,0,0.00049865636,inner_val
ISIC_5192051,0,0.0014267897,inner_val
ISIC_5193810,0,0.031046415,inner_val
ISIC_5194345,0,0.0061681187,inner_val
ISIC_5194874,0,0.01923999,inner_val
ISIC_5196052,0,0.004167752,inner_val
ISIC_5204029,0,0.00013930134,inner_val
ISIC_5204245,0,0.0020761103,inner_val
ISIC_5204408,0,0.00095405243,inner_val
ISIC_5205426,0,0.02227055,inner_val
ISIC_5207738,0,0.015491992,inner_val
ISIC_5209031,0,0.0044445,inner_val
ISIC_5209265,0,0.000677847,inner_val
ISIC_5209769,0,0.052731987,inner_val
ISIC_5210063,0,0.022980582,inner_val
ISIC_5213792,0,0.017437942,inner_val
ISIC_5214247,0,0.050582103,inner_val
ISIC_5216654,0,0.007921223,inner_val
ISIC_5218739,0,0.019186689,inner_val
ISIC_5220580,0,0.00043723686,inner_val
ISIC_5225355,0,0.06902365,inner_val
ISIC_5226018,0,0.00011943321,inner_val
ISIC_5226371,0,0.00024635543,inner_val
ISIC_5230345,0,0.00970459,inner_val
ISIC_5234605,0,0.064586304,inner_val
ISIC_5234835,0,0.0002980346,inner_val
ISIC_5236367,0,0.0034865658,inner_val
ISIC_5237723,0,0.008046814,inner_val
ISIC_5238111,0,0.00038982247,inner_val
ISIC_5239796,0,0.0019814512,inner_val
ISIC_5240387,0,0.010420398,inner_val
ISIC_5246130,0,0.0065310146,inner_val
ISIC_5247102,0,0.04316419,inner_val
ISIC_5248304,0,0.0015834754,inner_val
ISIC_5251194,0,0.00015956936,inner_val
ISIC_5252709,0,0.0030826824,inner_val
ISIC_5253149,0,0.00047569038,inner_val
ISIC_5255299,0,0.013530914,inner_val
ISIC_5255922,0,0.0008672113,inner_val
ISIC_5256697,0,0.018352957,inner_val
ISIC_5259313,0,0.04671854,inner_val
ISIC_5264912,0,0.000106683605,inner_val
ISIC_5268507,0,0.0001991894,inner_val
ISIC_5271496,0,0.019481553,inner_val
ISIC_5272602,0,0.0012679966,inner_val
ISIC_5272953,0,0.000101366866,inner_val
ISIC_5273029,0,0.0019633258,inner_val
ISIC_5274992,0,0.0018548656,inner_val
ISIC_5275267,0,0.037381772,inner_val
ISIC_5278307,0,0.05605799,inner_val
ISIC_5284504,0,0.00063290884,inner_val
ISIC_5284935,0,0.04201433,inner_val
ISIC_5289926,0,0.031755257,inner_val
ISIC_5292936,0,0.00468646,inner_val
ISIC_5297101,0,0.017216431,inner_val
ISIC_5300453,0,0.00019793777,inner_val
ISIC_5300455,0,0.011426075,inner_val
ISIC_5300964,0,0.023607828,inner_val
ISIC_5302286,0,0.008760502,inner_val
ISIC_5303069,0,0.026059981,inner_val
ISIC_5303717,0,0.00075879303,inner_val
ISIC_5307210,0,0.00067320786,inner_val
ISIC_5308066,0,0.0006247745,inner_val
ISIC_5308859,0,0.00017417975,inner_val
ISIC_5309561,0,0.0005746344,inner_val
ISIC_5311458,0,0.012705959,inner_val
ISIC_5312909,0,0.0004097791,inner_val
ISIC_5314534,0,0.10812672,inner_val
ISIC_5317565,0,0.0009909845,inner_val
ISIC_5318217,0,0.0006240568,inner_val
ISIC_5318659,0,0.054680534,inner_val
ISIC_5321144,0,0.0017798669,inner_val
ISIC_5321852,0,0.0003801374,inner_val
ISIC_5325356,0,0.006196903,inner_val
ISIC_5327976,0,0.003684606,inner_val
ISIC_5333356,0,0.0007347059,inner_val
ISIC_5334995,0,0.021518987,inner_val
ISIC_5338510,0,0.015262962,inner_val
ISIC_5339620,0,0.0003603665,inner_val
ISIC_5341021,0,0.21099134,inner_val
ISIC_5341267,0,0.028753854,inner_val
ISIC_5342103,0,0.00684255,inner_val
ISIC_5346135,0,0.00022114675,inner_val
ISIC_5346504,0,0.0007420046,inner_val
ISIC_5346936,0,0.064892955,inner_val
ISIC_5347806,0,0.00883148,inner_val
ISIC_5351167,0,0.0019407673,inner_val
ISIC_5351443,0,0.017597102,inner_val
ISIC_5355196,0,0.0042641833,inner_val
ISIC_5357781,0,0.013255819,inner_val
ISIC_5358421,0,0.012569581,inner_val
ISIC_5359621,0,0.0010337555,inner_val
ISIC_5360253,0,0.0007411565,inner_val
ISIC_5365015,0,0.11862055,inner_val
ISIC_5368880,0,0.09080036,inner_val
ISIC_5372911,0,0.02836686,inner_val
ISIC_5376036,0,0.00082307344,inner_val
ISIC_5378379,0,0.015326606,inner_val
ISIC_5380145,0,0.07191386,inner_val
ISIC_5381033,0,0.0043950793,inner_val
ISIC_5381502,0,0.0089508295,inner_val
ISIC_5383252,0,0.0017364465,inner_val
ISIC_5386739,0,0.005741363,inner_val
ISIC_5388485,0,0.108963884,inner_val
ISIC_5389652,0,0.00013023583,inner_val
ISIC_5396264,0,0.045805357,inner_val
ISIC_5396459,0,0.00074094674,inner_val
ISIC_5397058,0,0.0065198643,inner_val
ISIC_5400609,0,0.04535202,inner_val
ISIC_5400911,0,0.0006433826,inner_val
ISIC_5401671,0,0.000115169794,inner_val
ISIC_5402119,0,0.046110876,inner_val
ISIC_5402787,0,0.001715119,inner_val
ISIC_5405889,0,0.00012851832,inner_val
ISIC_5407063,0,0.015981955,inner_val
ISIC_5407191,0,0.005319169,inner_val
ISIC_5407653,0,0.009271254,inner_val
ISIC_5409902,0,0.00020948282,inner_val
ISIC_5412095,0,0.0025502755,inner_val
ISIC_5413630,0,0.0014365406,inner_val
ISIC_5414133,0,0.002529838,inner_val
ISIC_5416567,0,0.07218757,inner_val
ISIC_5422123,0,0.0001233607,inner_val
ISIC_5425366,0,0.016582249,inner_val
ISIC_5434275,0,0.023882471,inner_val
ISIC_5437785,0,0.016919639,inner_val
ISIC_5440296,0,0.00018414942,inner_val
ISIC_5440360,0,0.004844653,inner_val
ISIC_5441247,0,0.0004255532,inner_val
ISIC_5441597,0,0.077912904,inner_val
ISIC_5442452,0,0.009363897,inner_val
ISIC_5444991,0,0.08729931,inner_val
ISIC_5446957,0,0.011096726,inner_val
ISIC_5449908,0,0.0003864635,inner_val
ISIC_5457442,0,0.068543255,inner_val
ISIC_5457625,0,0.00092093775,inner_val
ISIC_5457826,0,0.022131547,inner_val
ISIC_5458290,0,0.00019905118,inner_val
ISIC_5459997,0,0.016679674,inner_val
ISIC_5464911,0,0.021472618,inner_val
ISIC_5465724,0,0.02592219,inner_val
ISIC_5470000,0,0.0005874388,inner_val
ISIC_5470594,0,0.0005591583,inner_val
ISIC_5476277,0,0.0011201373,inner_val
ISIC_5479774,0,0.0041955626,inner_val
ISIC_5485524,0,0.17076692,inner_val
ISIC_5490251,0,0.024880674,inner_val
ISIC_5493359,0,0.0057534967,inner_val
ISIC_5496602,0,0.00019375925,inner_val
ISIC_5498059,0,0.001584296,inner_val
ISIC_5508662,0,0.00021486048,inner_val
ISIC_5513509,0,0.0007957549,inner_val
ISIC_5516082,0,0.00024731303,inner_val
ISIC_5516462,0,0.00026348038,inner_val
ISIC_5518595,0,0.004279807,inner_val
ISIC_5519357,0,0.0010087206,inner_val
ISIC_5523196,0,0.011996985,inner_val
ISIC_5523637,0,0.012888597,inner_val
ISIC_5524048,0,0.00040986214,inner_val
ISIC_5525765,0,0.0002647977,inner_val
ISIC_5526879,0,0.001516488,inner_val
ISIC_5532680,0,0.00089681114,inner_val
ISIC_5534167,0,0.021555552,inner_val
ISIC_5536600,0,0.00033802807,inner_val
ISIC_5539001,0,0.0018370331,inner_val
ISIC_5540631,0,0.0053107464,inner_val
ISIC_5546806,0,0.017069805,inner_val
ISIC_5547318,0,0.0021063697,inner_val
ISIC_5552666,0,0.00013801883,inner_val
ISIC_5553495,0,0.009183882,inner_val
ISIC_5555096,0,0.019975806,inner_val
ISIC_5556498,0,0.00554838,inner_val
ISIC_5557548,0,0.0003856138,inner_val
ISIC_5557806,0,0.008509545,inner_val
ISIC_5558657,0,0.0024861807,inner_val
ISIC_5565279,0,0.0040345043,inner_val
ISIC_5565349,0,0.05368899,inner_val
ISIC_5565696,0,0.0010559553,inner_val
ISIC_5567545,0,0.0009909822,inner_val
ISIC_5569205,0,0.06875336,inner_val
ISIC_5569766,0,0.00028698784,inner_val
ISIC_5573695,0,0.024246713,inner_val
ISIC_5576241,0,0.17518802,inner_val
ISIC_5578239,0,0.0008242755,inner_val
ISIC_5580000,0,0.00509142,inner_val
ISIC_5580730,0,0.0001462528,inner_val
ISIC_5584181,0,0.046481587,inner_val
ISIC_5588968,0,0.0018123371,inner_val
ISIC_5589724,0,0.0016307436,inner_val
ISIC_5591515,0,0.00024577315,inner_val
ISIC_5592633,0,0.015850523,inner_val
ISIC_5601024,0,0.00017776157,inner_val
ISIC_5602528,0,0.07693128,inner_val
ISIC_5604110,0,0.0010898017,inner_val
ISIC_5605916,0,0.05076503,inner_val
ISIC_5606099,0,0.013727012,inner_val
ISIC_5607148,0,0.010581506,inner_val
ISIC_5607702,0,7.978127e-05,inner_val
ISIC_5609541,0,0.010681395,inner_val
ISIC_5609848,0,0.0063078934,inner_val
ISIC_5618239,0,0.0020596597,inner_val
ISIC_5621546,0,0.0005957317,inner_val
ISIC_5622348,0,5.7123445e-05,inner_val
ISIC_5623579,0,0.011757321,inner_val
ISIC_5624273,0,0.00089730177,inner_val
ISIC_5624548,0,0.00016307518,inner_val
ISIC_5627269,0,0.004996091,inner_val
ISIC_5628322,0,0.016150335,inner_val
ISIC_5629390,0,0.06127913,inner_val
ISIC_5632905,0,0.025209032,inner_val
ISIC_5638873,0,0.00033107656,inner_val
ISIC_5639070,0,0.00012717977,inner_val
ISIC_5639154,0,0.00023861563,inner_val
ISIC_5644039,0,0.031166328,inner_val
ISIC_5644242,0,0.0020616925,inner_val
ISIC_5644962,0,0.0021450224,inner_val
ISIC_5647697,0,0.013929154,inner_val
ISIC_5650568,0,0.035924584,inner_val
ISIC_5654704,0,0.0019826235,inner_val
ISIC_5654839,0,0.0002825791,inner_val
ISIC_5657661,0,0.003876582,inner_val
ISIC_5660325,0,0.011441965,inner_val
ISIC_5661100,0,0.00070734904,inner_val
ISIC_5674396,0,0.00046684826,inner_val
ISIC_5675298,0,0.008076869,inner_val
ISIC_5678560,0,0.0013728,inner_val
ISIC_5678799,0,0.01499422,inner_val
ISIC_5683747,0,0.005269393,inner_val
ISIC_5691568,0,0.008174773,inner_val
ISIC_5691740,0,0.13247682,inner_val
ISIC_5695927,0,0.0002296571,inner_val
ISIC_5696315,0,0.07386494,inner_val
ISIC_5696426,0,0.0003964994,inner_val
ISIC_5701526,0,0.00023517416,inner_val
ISIC_5702748,0,0.016164426,inner_val
ISIC_5703274,0,0.00079192576,inner_val
ISIC_5703639,0,0.000902101,inner_val
ISIC_5705734,0,0.011418564,inner_val
ISIC_5707762,0,0.033030663,inner_val
ISIC_5709247,0,0.00024033448,inner_val
ISIC_5714411,1,0.032747924,inner_val
ISIC_5717081,0,0.02281758,inner_val
ISIC_5717763,0,0.005845035,inner_val
ISIC_5719183,0,0.11306848,inner_val
ISIC_5721195,0,0.0047420864,inner_val
ISIC_5723974,0,0.025288012,inner_val
ISIC_5726007,0,0.012671403,inner_val
ISIC_5728988,0,0.0020307195,inner_val
ISIC_5729266,0,0.010450997,inner_val
ISIC_5731061,0,0.0036430557,inner_val
ISIC_5734915,0,0.004488491,inner_val
ISIC_5736292,0,0.000300986,inner_val
ISIC_5736346,0,0.000623372,inner_val
ISIC_5742875,0,0.00022868585,inner_val
ISIC_5753709,0,0.004225275,inner_val
ISIC_5759054,0,0.0021933913,inner_val
ISIC_5759754,0,0.0073776687,inner_val
ISIC_5760047,0,0.00042042066,inner_val
ISIC_5760868,0,0.00028902636,inner_val
ISIC_5777169,0,0.017992858,inner_val
ISIC_5777181,0,0.010110397,inner_val
ISIC_5777548,0,0.17536089,inner_val
ISIC_5777697,0,0.026600681,inner_val
ISIC_5780633,0,0.013518876,inner_val
ISIC_5781089,0,0.001173293,inner_val
ISIC_5784090,0,0.028125862,inner_val
ISIC_5785399,0,0.078775,inner_val
ISIC_5789575,0,0.0003617552,inner_val
ISIC_5789952,0,0.051058196,inner_val
ISIC_5789994,0,0.00011468956,inner_val
ISIC_5790319,0,0.056160726,inner_val
ISIC_5790865,0,0.002083296,inner_val
ISIC_5792189,0,0.008337536,inner_val
ISIC_5799433,0,0.006176952,inner_val
ISIC_5802232,0,0.0077948244,inner_val
ISIC_5802768,0,0.040102832,inner_val
ISIC_5803620,0,0.0248915,inner_val
ISIC_5810306,0,0.0005724232,inner_val
ISIC_5814641,0,0.0027828272,inner_val
ISIC_5819133,0,0.0009533918,inner_val
ISIC_5821737,0,0.024765385,inner_val
ISIC_5821806,0,0.0012850349,inner_val
ISIC_5826063,0,0.017291375,inner_val
ISIC_5828564,0,0.00049075147,inner_val
ISIC_5829938,1,0.23484318,inner_val
ISIC_5831205,0,0.053234268,inner_val
ISIC_5833689,0,0.0002757522,inner_val
ISIC_5833957,0,0.002556458,inner_val
ISIC_5836421,0,0.030628242,inner_val
ISIC_5840614,0,0.00029558432,inner_val
ISIC_5841774,0,0.011861004,inner_val
ISIC_5849517,0,0.02254521,inner_val
ISIC_5851248,0,0.023264393,inner_val
ISIC_5852396,0,0.024832176,inner_val
ISIC_5855918,0,0.044286188,inner_val
ISIC_5857303,0,0.00010409633,inner_val
ISIC_5857823,0,0.0027585116,inner_val
ISIC_5863672,0,0.0024390994,inner_val
ISIC_5866419,0,0.013824797,inner_val
ISIC_5869480,1,0.13127005,inner_val
ISIC_5872498,0,0.012817388,inner_val
ISIC_5877211,0,0.00035383724,inner_val
ISIC_5879789,0,0.000109126326,inner_val
ISIC_5883331,0,0.026422966,inner_val
ISIC_5885403,0,0.008843927,inner_val
ISIC_5886468,0,0.00015198794,inner_val
ISIC_5888971,0,0.03659171,inner_val
ISIC_5889790,0,0.098318234,inner_val
ISIC_5890896,0,0.10675243,inner_val
ISIC_5891384,1,0.024332376,inner_val
ISIC_5891461,0,0.037288222,inner_val
ISIC_5893544,0,0.00021996805,inner_val
ISIC_5894728,0,0.009795044,inner_val
ISIC_5894764,0,0.00010876988,inner_val
ISIC_5899408,0,0.00013561659,inner_val
ISIC_5900283,0,7.4072e-05,inner_val
ISIC_5910413,0,0.0008472427,inner_val
ISIC_5910518,0,0.001296941,inner_val
ISIC_5912560,0,0.028302092,inner_val
ISIC_5920680,0,0.015032903,inner_val
ISIC_5924487,0,0.0033889716,inner_val
ISIC_5925557,0,0.014336585,inner_val
ISIC_5934696,0,0.016232178,inner_val
ISIC_5937990,0,0.00535552,inner_val
ISIC_5938708,0,0.0003366359,inner_val
ISIC_5942564,0,0.00019236079,inner_val
ISIC_5945155,0,0.0025434217,inner_val
ISIC_5946750,0,0.04285346,inner_val
ISIC_5948901,0,0.00010030619,inner_val
ISIC_5950041,0,0.00015816845,inner_val
ISIC_5954790,0,0.0060838624,inner_val
ISIC_5957086,0,0.001083901,inner_val
ISIC_5960534,0,0.0035182906,inner_val
ISIC_5960765,0,0.0008434263,inner_val
ISIC_5961333,0,0.033967003,inner_val
ISIC_5961619,0,0.03703056,inner_val
ISIC_5963015,0,0.09660791,inner_val
ISIC_5964381,0,0.004240157,inner_val
ISIC_5970338,0,0.0046563298,inner_val
ISIC_5971915,0,0.044026315,inner_val
ISIC_5972490,0,0.005595146,inner_val
ISIC_5976532,0,0.00015000823,inner_val
ISIC_5976594,0,0.00032429452,inner_val
ISIC_5977230,0,0.0025317734,inner_val
ISIC_5978705,0,0.00985562,inner_val
ISIC_5980439,0,0.002381511,inner_val
ISIC_5983581,0,0.027951922,inner_val
ISIC_5983666,0,0.0005025405,inner_val
ISIC_5988963,0,0.00021128498,inner_val
ISIC_5991112,0,0.00013348529,inner_val
ISIC_5994390,0,0.0063512055,inner_val
ISIC_5996708,0,0.000102098806,inner_val
ISIC_5997381,0,0.026471414,inner_val
ISIC_5997901,0,0.02326191,inner_val
ISIC_5999028,0,0.0113013545,inner_val
ISIC_5999832,0,0.023128904,inner_val
ISIC_6003124,0,0.0006082284,inner_val
ISIC_6005045,0,0.03419192,inner_val
ISIC_6006658,0,0.24288453,inner_val
ISIC_6007360,0,0.00029239638,inner_val
ISIC_6007760,0,0.0026324575,inner_val
ISIC_6014025,0,0.00020736916,inner_val
ISIC_6019539,0,0.0809804,inner_val
ISIC_6020102,0,0.0023921155,inner_val
ISIC_6021556,0,0.0015206771,inner_val
ISIC_6023585,0,0.0048374766,inner_val
ISIC_6025721,0,0.00050905556,inner_val
ISIC_6028510,0,0.048267078,inner_val
ISIC_6029052,0,0.088016145,inner_val
ISIC_6029508,0,0.00040419013,inner_val
ISIC_6033220,0,0.00013569975,inner_val
ISIC_6034721,0,0.038155966,inner_val
ISIC_6039067,0,0.00019143039,inner_val
ISIC_6044518,0,0.0076010013,inner_val
ISIC_6045560,0,0.032183554,inner_val
ISIC_6046442,0,0.00088256935,inner_val
ISIC_6048088,0,0.0026953286,inner_val
ISIC_6050515,0,0.00022985665,inner_val
ISIC_6056295,0,0.005005387,inner_val
ISIC_6056692,0,0.0020126423,inner_val
ISIC_6064946,0,0.0003543073,inner_val
ISIC_6069236,0,0.0003270145,inner_val
ISIC_6073559,0,0.00018970206,inner_val
ISIC_6074454,0,0.06328851,inner_val
ISIC_6075066,0,0.039236184,inner_val
ISIC_6081901,0,0.031318687,inner_val
ISIC_6084191,0,0.014344356,inner_val
ISIC_6085739,0,0.06912264,inner_val
ISIC_6087652,0,0.0027750784,inner_val
ISIC_6088525,0,0.00041437417,inner_val
ISIC_6088974,0,0.00026160103,inner_val
ISIC_6089210,0,0.0024933086,inner_val
ISIC_6089817,0,0.00058567844,inner_val
ISIC_6091348,0,0.013140439,inner_val
ISIC_6094946,0,0.00026372215,inner_val
ISIC_6096163,0,0.00039063793,inner_val
ISIC_6096693,0,0.011744041,inner_val
ISIC_6097000,0,0.034438163,inner_val
ISIC_6097644,0,0.003736918,inner_val
ISIC_6098768,0,0.00041760274,inner_val
ISIC_6099698,0,0.015166712,inner_val
ISIC_6101007,0,0.12385819,inner_val
ISIC_6104053,0,0.00014143872,inner_val
ISIC_6110309,0,0.04455011,inner_val
ISIC_6110590,0,0.2186503,inner_val
ISIC_6110888,1,0.15950611,inner_val
ISIC_6111487,0,0.00065754744,inner_val
ISIC_6112879,0,0.0042616324,inner_val
ISIC_6113248,0,0.062249456,inner_val
ISIC_6114646,0,0.0010413349,inner_val
ISIC_6117532,0,0.0014626733,inner_val
ISIC_6118204,0,0.0003583507,inner_val
ISIC_6119830,0,0.00051491807,inner_val
ISIC_6122473,0,0.074977696,inner_val
ISIC_6123672,0,0.03192276,inner_val
ISIC_6124241,0,0.025186973,inner_val
ISIC_6126598,0,0.017594974,inner_val
ISIC_6126775,0,0.00042992833,inner_val
ISIC_6128108,0,0.0074942634,inner_val
ISIC_6129538,0,0.04859075,inner_val
ISIC_6133780,0,0.0010572341,inner_val
ISIC_6136948,0,0.0007233139,inner_val
ISIC_6137928,0,0.020214044,inner_val
ISIC_6138576,0,0.000112141985,inner_val
ISIC_6140723,0,0.0002828306,inner_val
ISIC_6144433,0,0.009809062,inner_val
ISIC_6145764,0,0.0030380143,inner_val
ISIC_6150014,0,0.00066879473,inner_val
ISIC_6151703,0,0.044054672,inner_val
ISIC_6151842,0,0.02138875,inner_val
ISIC_6155423,0,0.1302384,inner_val
ISIC_6162308,0,0.00095600187,inner_val
ISIC_6164642,0,0.015861126,inner_val
ISIC_6165499,0,0.0019341746,inner_val
ISIC_6166308,0,0.0005079728,inner_val
ISIC_6168551,0,0.00047669874,inner_val
ISIC_6172538,0,8.2943785e-05,inner_val
ISIC_6172565,0,0.007383491,inner_val
ISIC_6177670,0,0.022024583,inner_val
ISIC_6178149,0,0.00032922992,inner_val
ISIC_6180870,0,0.00010284888,inner_val
ISIC_6180938,0,0.0148412185,inner_val
ISIC_6187697,0,0.042037185,inner_val
ISIC_6193134,0,0.004796776,inner_val
ISIC_6195257,0,0.04175143,inner_val
ISIC_6200040,0,0.021003915,inner_val
ISIC_6200373,0,0.00025863742,inner_val
ISIC_6200688,0,0.00022339994,inner_val
ISIC_6202554,0,0.004761414,inner_val
ISIC_6204305,0,0.008027679,inner_val
ISIC_6204970,0,0.014601544,inner_val
ISIC_6207535,0,0.006076603,inner_val
ISIC_6208107,0,0.005552254,inner_val
ISIC_6208222,0,0.014503244,inner_val
ISIC_6209119,0,0.000748759,inner_val
ISIC_6209322,0,0.0015261112,inner_val
ISIC_6211483,0,0.001355723,inner_val
ISIC_6216671,0,0.05936794,inner_val
ISIC_6222431,0,0.005153581,inner_val
ISIC_6222956,0,0.23478982,inner_val
ISIC_6223183,0,0.00020257224,inner_val
ISIC_6225557,0,0.0011857355,inner_val
ISIC_6227942,0,0.0003304314,inner_val
ISIC_6228827,0,0.004040907,inner_val
ISIC_6236396,0,0.00018810728,inner_val
ISIC_6237799,0,0.01761419,inner_val
ISIC_6238016,0,0.0040579825,inner_val
ISIC_6239663,0,0.0031228974,inner_val
ISIC_6243521,0,0.0004955698,inner_val
ISIC_6244896,0,0.033534847,inner_val
ISIC_6250703,0,0.027000368,inner_val
ISIC_6250970,0,0.016906083,inner_val
ISIC_6251471,0,0.011237511,inner_val
ISIC_6253292,0,0.00041698175,inner_val
ISIC_6254005,0,0.0347231,inner_val
ISIC_6254283,0,0.00058766815,inner_val
ISIC_6256314,0,0.0016254477,inner_val
ISIC_6260432,0,0.00018370153,inner_val
ISIC_6260673,0,0.0008457191,inner_val
ISIC_6261648,0,4.39735e-05,inner_val
ISIC_6263662,0,0.0003290642,inner_val
ISIC_6264165,0,0.0050232583,inner_val
ISIC_6265319,0,0.00017436185,inner_val
ISIC_6265890,0,0.17824551,inner_val
ISIC_6269503,0,0.00020400192,inner_val
ISIC_6270437,0,0.006131272,inner_val
ISIC_6270513,0,0.003897371,inner_val
ISIC_6270846,0,0.0007994918,inner_val
ISIC_6271218,0,0.002035532,inner_val
ISIC_6272501,0,0.00020345666,inner_val
ISIC_6273964,0,0.00424283,inner_val
ISIC_6288696,0,0.02172483,inner_val
ISIC_6289346,0,0.00069276115,inner_val
ISIC_6293227,0,0.2236392,inner_val
ISIC_6296088,0,0.002595412,inner_val
ISIC_6296099,0,0.0121794725,inner_val
ISIC_6298726,0,0.034031797,inner_val
ISIC_6299609,0,0.0641047,inner_val
ISIC_6302291,0,0.0002716556,inner_val
ISIC_6305442,0,0.14917575,inner_val
ISIC_6306333,0,0.00034236227,inner_val
ISIC_6306477,0,0.008983293,inner_val
ISIC_6315192,0,0.015060762,inner_val
ISIC_6316043,0,0.083969794,inner_val
ISIC_6317597,0,0.00025716308,inner_val
ISIC_6320717,0,0.07006597,inner_val
ISIC_6320876,0,0.037373245,inner_val
ISIC_6323420,0,0.033974234,inner_val
ISIC_6323573,0,0.00027394565,inner_val
ISIC_6325673,0,0.0007852378,inner_val
ISIC_6325797,0,0.00080484326,inner_val
ISIC_6326389,0,0.08139032,inner_val
ISIC_6329930,0,0.00525735,inner_val
ISIC_6331731,0,0.06382437,inner_val
ISIC_6332780,0,0.013394733,inner_val
ISIC_6334015,0,0.0013175388,inner_val
ISIC_6339062,0,0.00015165094,inner_val
ISIC_6341033,0,0.02941235,inner_val
ISIC_6342533,0,0.0011887827,inner_val
ISIC_6342641,0,0.11653512,inner_val
ISIC_6353336,0,0.0046803295,inner_val
ISIC_6364958,0,0.0015923384,inner_val
ISIC_6365318,0,0.009783978,inner_val
ISIC_6366677,0,0.11068909,inner_val
ISIC_6370597,0,0.0012942317,inner_val
ISIC_6370792,0,0.010348858,inner_val
ISIC_6371078,0,0.0005019859,inner_val
ISIC_6373689,0,0.00092012726,inner_val
ISIC_6375797,0,0.011737568,inner_val
ISIC_6378798,0,0.003979285,inner_val
ISIC_6381090,0,0.0004992654,inner_val
ISIC_6381197,0,0.00516504,inner_val
ISIC_6381236,0,0.011795593,inner_val
ISIC_6384274,0,0.00053580146,inner_val
ISIC_6385627,0,0.0009256216,inner_val
ISIC_6388531,0,0.0018383326,inner_val
ISIC_6388815,0,0.0005821574,inner_val
ISIC_6388940,0,0.010915113,inner_val
ISIC_6391839,0,0.0035214752,inner_val
ISIC_6395861,0,0.126769,inner_val
ISIC_6397631,0,0.0061596325,inner_val
ISIC_6400714,0,7.030568e-05,inner_val
ISIC_6403592,0,0.014439083,inner_val
ISIC_6407190,0,0.016806176,inner_val
ISIC_6410765,0,0.00028222773,inner_val
ISIC_6411966,0,0.0030845616,inner_val
ISIC_6413346,0,0.008870173,inner_val
ISIC_6416533,0,0.07707746,inner_val
ISIC_6416889,0,0.030943867,inner_val
ISIC_6418410,0,0.009534744,inner_val
ISIC_6418515,0,0.0123979645,inner_val
ISIC_6419239,0,0.00493587,inner_val
ISIC_6422703,0,0.000490907,inner_val
ISIC_6422791,0,0.035965636,inner_val
ISIC_6430088,0,0.0016347256,inner_val
ISIC_6430210,0,0.0066713006,inner_val
ISIC_6430323,0,0.07231197,inner_val
ISIC_6432413,0,0.1809079,inner_val
ISIC_6433084,0,0.17314683,inner_val
ISIC_6433744,0,0.0027958308,inner_val
ISIC_6436107,0,0.0006612602,inner_val
ISIC_6436998,0,0.00048000593,inner_val
ISIC_6437676,0,0.00043311014,inner_val
ISIC_6439380,0,0.02327246,inner_val
ISIC_6440229,0,0.0054181223,inner_val
ISIC_6441261,0,0.028574117,inner_val
ISIC_6443984,0,0.034035675,inner_val
ISIC_6444694,0,0.000112469694,inner_val
ISIC_6445453,0,0.0018902104,inner_val
ISIC_6450123,0,0.008517816,inner_val
ISIC_6450541,0,0.00067246717,inner_val
ISIC_6452498,0,0.064978205,inner_val
ISIC_6455034,0,0.0003506045,inner_val
ISIC_6455160,0,0.019079836,inner_val
ISIC_6455907,0,0.019817524,inner_val
ISIC_6455934,0,0.00033475217,inner_val
ISIC_6467369,0,0.10584466,inner_val
ISIC_6468817,0,0.0015613426,inner_val
ISIC_6469202,0,0.00023377224,inner_val
ISIC_6471878,0,0.0012143978,inner_val
ISIC_6472901,0,0.0034788125,inner_val
ISIC_6473446,0,0.0039896662,inner_val
ISIC_6473449,0,0.09875338,inner_val
ISIC_6473876,0,0.010114344,inner_val
ISIC_6473894,0,0.07444969,inner_val
ISIC_6474368,0,0.00012126809,inner_val
ISIC_6476351,0,0.021578707,inner_val
ISIC_6476964,0,0.007651574,inner_val
ISIC_6481852,0,0.000710901,inner_val
ISIC_6482425,0,0.0066455877,inner_val
ISIC_6487069,0,0.03411711,inner_val
ISIC_6488089,0,0.024490781,inner_val
ISIC_6488658,0,0.013540337,inner_val
ISIC_6491919,0,0.019024195,inner_val
ISIC_6494965,0,0.0001754554,inner_val
ISIC_6496251,1,0.031943843,inner_val
ISIC_6498790,0,0.008968608,inner_val
ISIC_6499329,0,0.01370461,inner_val
ISIC_6501973,0,0.024625454,inner_val
ISIC_6502825,0,0.00045294344,inner_val
ISIC_6505551,0,0.000615344,inner_val
ISIC_6507492,0,0.00015010581,inner_val
ISIC_6511284,0,0.03525388,inner_val
ISIC_6520237,0,0.001389192,inner_val
ISIC_6521444,0,0.029819665,inner_val
ISIC_6522126,0,0.03737908,inner_val
ISIC_6522713,0,0.017043663,inner_val
ISIC_6524119,0,9.327748e-05,inner_val
ISIC_6526150,0,0.015174926,inner_val
ISIC_6531410,0,0.0003779925,inner_val
ISIC_6532137,0,0.00014919115,inner_val
ISIC_6535558,1,0.14796694,inner_val
ISIC_6535961,0,0.0014241564,inner_val
ISIC_6544804,0,0.0054966174,inner_val
ISIC_6546981,0,0.0005866301,inner_val
ISIC_6547275,0,0.00023780733,inner_val
ISIC_6550761,0,0.043723647,inner_val
ISIC_6551980,0,0.0063705817,inner_val
ISIC_6552421,0,0.011265877,inner_val
ISIC_6555618,0,0.018815551,inner_val
ISIC_6560677,0,0.01169318,inner_val
ISIC_6563695,0,0.01644901,inner_val
ISIC_6564920,0,0.00014562215,inner_val
ISIC_6572571,0,0.0022820192,inner_val
ISIC_6575298,0,0.0050275642,inner_val
ISIC_6577745,0,0.0021027755,inner_val
ISIC_6578862,0,0.0019800654,inner_val
ISIC_6581411,1,0.048503704,inner_val
ISIC_6582297,0,0.00010988107,inner_val
ISIC_6585659,0,0.0070244367,inner_val
ISIC_6590191,0,0.00022872793,inner_val
ISIC_6590303,0,0.0038215853,inner_val
ISIC_6590554,0,0.0013733938,inner_val
ISIC_6592334,0,0.006130368,inner_val
ISIC_6595273,0,0.00786887,inner_val
ISIC_6598889,0,0.0006559226,inner_val
ISIC_6603703,0,0.00016788358,inner_val
ISIC_6605912,0,0.015590502,inner_val
ISIC_6606131,0,0.0006751952,inner_val
ISIC_6607633,0,0.0012675045,inner_val
ISIC_6610220,0,0.06533043,inner_val
ISIC_6610700,0,0.014441851,inner_val
ISIC_6612188,0,0.02068545,inner_val
ISIC_6613239,0,0.0013000866,inner_val
ISIC_6613992,0,0.00017722677,inner_val
ISIC_6616081,0,0.007108076,inner_val
ISIC_6618140,0,0.00044099934,inner_val
ISIC_6618799,0,0.023186618,inner_val
ISIC_6620035,0,0.0016660556,inner_val
ISIC_6620273,0,0.00096376956,inner_val
ISIC_6625189,0,0.00023095969,inner_val
ISIC_6625253,0,0.031021623,inner_val
ISIC_6625344,0,8.11684e-05,inner_val
ISIC_6628607,0,0.00055149983,inner_val
ISIC_6628829,0,0.025057787,inner_val
ISIC_6630610,0,0.014237308,inner_val
ISIC_6634914,0,0.00023527442,inner_val
ISIC_6638065,0,0.0017416162,inner_val
ISIC_6639985,0,0.014935645,inner_val
ISIC_6641378,0,0.071678214,inner_val
ISIC_6642886,0,0.006262091,inner_val
ISIC_6645328,0,0.00031287075,inner_val
ISIC_6650581,0,0.00035140195,inner_val
ISIC_6652978,0,0.01549827,inner_val
ISIC_6654619,0,7.504813e-05,inner_val
ISIC_6665312,0,0.00032494756,inner_val
ISIC_6665401,0,0.00032567076,inner_val
ISIC_6665667,0,0.004790611,inner_val
ISIC_6666623,0,0.0002743325,inner_val
ISIC_6668197,0,0.00033918826,inner_val
ISIC_6673669,0,0.0011646037,inner_val
ISIC_6673956,0,0.048149575,inner_val
ISIC_6674653,0,0.009183666,inner_val
ISIC_6674739,0,0.14742121,inner_val
ISIC_6675773,0,0.00047210773,inner_val
ISIC_6680634,0,0.00024862256,inner_val
ISIC_6681802,0,0.0066528223,inner_val
ISIC_6687327,0,0.009069756,inner_val
ISIC_6689146,0,0.00025294238,inner_val
ISIC_6698114,0,0.0061426316,inner_val
ISIC_6700235,0,0.00032182536,inner_val
ISIC_6704623,0,0.00014443646,inner_val
ISIC_6707991,0,0.004565674,inner_val
ISIC_6708310,0,0.026051283,inner_val
ISIC_6712655,0,0.0002544558,inner_val
ISIC_6713263,0,9.753136e-05,inner_val
ISIC_6715731,0,0.00013423852,inner_val
ISIC_6717452,0,0.0019969046,inner_val
ISIC_6722005,0,0.0004081519,inner_val
ISIC_6722934,0,0.0094070425,inner_val
ISIC_6725045,0,0.0031055624,inner_val
ISIC_6728496,0,0.00047072186,inner_val
ISIC_6739204,0,0.0011254315,inner_val
ISIC_6739241,0,0.04988511,inner_val
ISIC_6742185,0,0.07295666,inner_val
ISIC_6743860,0,0.00050047325,inner_val
ISIC_6745062,0,0.01361974,inner_val
ISIC_6753831,0,8.421467e-05,inner_val
ISIC_6756474,0,0.024828147,inner_val
ISIC_6757533,0,0.051939942,inner_val
ISIC_6757674,0,0.00011336965,inner_val
ISIC_6757682,0,0.00050026056,inner_val
ISIC_6759615,0,0.0008153275,inner_val
ISIC_6760984,0,0.0073120864,inner_val
ISIC_6760986,0,0.000383012,inner_val
ISIC_6762833,0,0.0003141554,inner_val
ISIC_6763221,0,0.0030283374,inner_val
ISIC_6765909,0,0.0005548669,inner_val
ISIC_6767038,0,5.7046254e-05,inner_val
ISIC_6767379,0,0.00038845476,inner_val
ISIC_6769445,0,0.0021242432,inner_val
ISIC_6778515,0,0.00056985277,inner_val
ISIC_6778936,0,0.00048750217,inner_val
ISIC_6780841,0,0.11660334,inner_val
ISIC_6783285,0,7.961392e-05,inner_val
ISIC_6786974,0,0.003617379,inner_val
ISIC_6787039,0,0.00051178597,inner_val
ISIC_6800044,0,0.00020454338,inner_val
ISIC_6800115,0,0.007624756,inner_val
ISIC_6808543,0,0.018800134,inner_val
ISIC_6809329,0,0.029836273,inner_val
ISIC_6810183,0,0.069711514,inner_val
ISIC_6810607,0,0.00080793625,inner_val
ISIC_6815451,0,0.0004850522,inner_val
ISIC_6815964,0,0.0002844675,inner_val
ISIC_6820289,0,0.00015011984,inner_val
ISIC_6821459,0,0.015645765,inner_val
ISIC_6822870,0,0.00014203244,inner_val
ISIC_6822917,0,0.00027822983,inner_val
ISIC_6828892,0,0.001033236,inner_val
ISIC_6829008,1,0.021007473,inner_val
ISIC_6837656,0,0.00036309092,inner_val
ISIC_6839272,0,0.015500737,inner_val
ISIC_6844752,0,0.000120713165,inner_val
ISIC_6846376,0,0.00043545553,inner_val
ISIC_6847618,0,0.03803928,inner_val
ISIC_6851073,0,0.015090138,inner_val
ISIC_6851122,0,0.00040281648,inner_val
ISIC_6862411,0,0.0002666479,inner_val
ISIC_6863391,0,0.059485912,inner_val
ISIC_6864484,0,0.00018901666,inner_val
ISIC_6867543,0,0.0032749353,inner_val
ISIC_6872685,0,0.023170479,inner_val
ISIC_6873847,0,0.028146636,inner_val
ISIC_6876281,0,0.0003359786,inner_val
ISIC_6878417,0,0.00040743328,inner_val
ISIC_6884378,0,0.1491803,inner_val
ISIC_6891226,0,6.1123166e-05,inner_val
ISIC_6898502,0,0.00052661536,inner_val
ISIC_6899397,0,0.0038332301,inner_val
ISIC_6900559,0,0.00078570977,inner_val
ISIC_6902487,0,0.033197656,inner_val
ISIC_6906953,0,0.028557176,inner_val
ISIC_6910922,0,0.0006653915,inner_val
ISIC_6910956,0,0.0010638848,inner_val
ISIC_6911252,0,0.008270651,inner_val
ISIC_6918302,0,0.024134954,inner_val
ISIC_6918981,0,0.007634757,inner_val
ISIC_6926090,0,0.014107518,inner_val
ISIC_6928990,0,0.024291247,inner_val
ISIC_6932951,0,0.0070771826,inner_val
ISIC_6933296,0,0.02542002,inner_val
ISIC_6933350,0,0.0002646705,inner_val
ISIC_6938682,0,0.00044444835,inner_val
ISIC_6943610,0,0.0043446277,inner_val
ISIC_6948462,0,0.00049960625,inner_val
ISIC_6953334,0,0.0072785816,inner_val
ISIC_6954994,0,0.012911142,inner_val
ISIC_6961503,1,0.07306342,inner_val
ISIC_6962990,0,0.01828945,inner_val
ISIC_6963318,0,0.00021387717,inner_val
ISIC_6965417,0,0.014248059,inner_val
ISIC_6968124,0,0.00021621147,inner_val
ISIC_6969393,0,0.00016694334,inner_val
ISIC_6971473,0,0.009154278,inner_val
ISIC_6971579,0,0.031837773,inner_val
ISIC_6971970,0,0.0019185627,inner_val
ISIC_6974830,0,0.030773189,inner_val
ISIC_6976494,0,0.041617982,inner_val
ISIC_6977092,0,0.0054857717,inner_val
ISIC_6982406,0,0.03013326,inner_val
ISIC_6983347,0,0.0010739338,inner_val
ISIC_6985114,0,0.0034283004,inner_val
ISIC_6985988,0,0.0056606117,inner_val
ISIC_6985996,0,7.960383e-05,inner_val
ISIC_6987824,0,0.06431945,inner_val
ISIC_6989592,0,0.019458268,inner_val
ISIC_6993690,0,0.0003122188,inner_val
ISIC_6993830,0,0.009006765,inner_val
ISIC_6994237,0,0.014799402,inner_val
ISIC_6996606,0,0.0019609157,inner_val
ISIC_6997436,0,0.021418827,inner_val
ISIC_7001063,0,0.043970115,inner_val
ISIC_7001584,0,0.005739028,inner_val
ISIC_7002496,0,0.0019580035,inner_val
ISIC_7004652,0,0.049066395,inner_val
ISIC_7004857,0,0.008617413,inner_val
ISIC_7011793,0,0.005287141,inner_val
ISIC_7012349,0,0.01389148,inner_val
ISIC_7016255,0,0.06532824,inner_val
ISIC_7017547,0,0.012474412,inner_val
ISIC_7017711,0,0.015150979,inner_val
ISIC_7019211,0,0.041048374,inner_val
ISIC_7020578,0,0.0152376415,inner_val
ISIC_7030461,0,0.00034670645,inner_val
ISIC_7031550,0,0.0061932835,inner_val
ISIC_7035368,0,0.04382568,inner_val
ISIC_7038742,0,0.0002429202,inner_val
ISIC_7044032,0,0.035801493,inner_val
ISIC_7044840,0,0.00076902873,inner_val
ISIC_7049442,0,6.898079e-05,inner_val
ISIC_7054053,0,0.00016611669,inner_val
ISIC_7057515,0,0.00027582163,inner_val
ISIC_7059794,0,0.00014168507,inner_val
ISIC_7061003,0,0.049580425,inner_val
ISIC_7065522,0,0.0004956817,inner_val
ISIC_7066393,0,0.0015779781,inner_val
ISIC_7068674,0,0.000120160774,inner_val
ISIC_7070020,1,0.31718525,inner_val
ISIC_7070384,0,0.00017160932,inner_val
ISIC_7073270,0,0.00019153593,inner_val
ISIC_7074763,0,0.000119944525,inner_val
ISIC_7077029,0,0.00016389249,inner_val
ISIC_7078487,0,0.029852318,inner_val
ISIC_7079349,1,0.10254818,inner_val
ISIC_7088774,0,0.00077185605,inner_val
ISIC_7089788,0,0.00016736859,inner_val
ISIC_7097507,0,0.0008771552,inner_val
ISIC_7098141,1,0.056143567,inner_val
ISIC_7107910,0,0.00089441484,inner_val
ISIC_7108277,0,0.00509373,inner_val
ISIC_7109582,0,0.16918562,inner_val
ISIC_7110699,0,0.0009928388,inner_val
ISIC_7110889,0,0.0071675135,inner_val
ISIC_7115931,0,0.10110404,inner_val
ISIC_7117554,0,0.0129052065,inner_val
ISIC_7119992,0,0.0004933352,inner_val
ISIC_7124160,0,0.009294101,inner_val
ISIC_7124623,0,0.028095711,inner_val
ISIC_7124766,0,0.0020022907,inner_val
ISIC_7125870,0,0.0063404897,inner_val
ISIC_7126274,0,0.0145478165,inner_val
ISIC_7128535,0,0.16034278,inner_val
ISIC_7129134,0,0.0008630369,inner_val
ISIC_7129509,0,0.00011050902,inner_val
ISIC_7129901,0,0.00039801688,inner_val
ISIC_7132222,0,0.025122315,inner_val
ISIC_7133051,0,6.4267064e-05,inner_val
ISIC_7134476,0,0.059118897,inner_val
ISIC_7135859,0,0.01645076,inner_val
ISIC_7139532,0,0.0019630296,inner_val
ISIC_7139908,0,0.020813243,inner_val
ISIC_7141361,0,0.00019838744,inner_val
ISIC_7141965,0,0.006531382,inner_val
ISIC_7143533,0,0.0010117934,inner_val
ISIC_7146904,0,0.016245767,inner_val
ISIC_7148289,0,0.011657202,inner_val
ISIC_7149484,0,0.0004174049,inner_val
ISIC_7151508,0,0.0075027305,inner_val
ISIC_7153718,0,0.0014926218,inner_val
ISIC_7155505,0,0.006971473,inner_val
ISIC_7164970,0,0.0034428858,inner_val
ISIC_7166676,0,0.06141437,inner_val
ISIC_7168151,0,0.0003179807,inner_val
ISIC_7173639,0,0.00067220133,inner_val
ISIC_7175873,0,0.04120392,inner_val
ISIC_7178155,0,0.04943551,inner_val
ISIC_7182917,0,0.00022337845,inner_val
ISIC_7184491,0,0.0011534151,inner_val
ISIC_7185036,0,0.0005319007,inner_val
ISIC_7186410,0,0.0006332096,inner_val
ISIC_7186503,0,0.06090272,inner_val
ISIC_7187713,0,0.010843977,inner_val
ISIC_7189073,0,0.0023211762,inner_val
ISIC_7190175,0,0.016583461,inner_val
ISIC_7192157,0,0.011206919,inner_val
ISIC_7194377,0,0.0018486002,inner_val
ISIC_7194569,0,0.035393674,inner_val
ISIC_7198492,0,0.00022618385,inner_val
ISIC_7200497,0,0.0027639053,inner_val
ISIC_7201222,0,0.015187943,inner_val
ISIC_7204370,0,0.0016993281,inner_val
ISIC_7205745,1,0.0014633512,inner_val
ISIC_7207080,0,0.00013785114,inner_val
ISIC_7211590,0,0.00018511292,inner_val
ISIC_7212975,0,0.0004276883,inner_val
ISIC_7213231,0,0.026103174,inner_val
ISIC_7215208,0,0.000574996,inner_val
ISIC_7215375,0,0.0005611946,inner_val
ISIC_7215643,0,0.007752987,inner_val
ISIC_7216585,0,0.053732324,inner_val
ISIC_7222438,0,0.06919077,inner_val
ISIC_7223327,0,0.01814849,inner_val
ISIC_7226974,0,0.0014492514,inner_val
ISIC_7228822,0,0.00626709,inner_val
ISIC_7229357,0,0.01967027,inner_val
ISIC_7230898,0,9.4735406e-05,inner_val
ISIC_7231369,0,0.0008432488,inner_val
ISIC_7246852,0,0.03259058,inner_val
ISIC_7254249,0,0.029614056,inner_val
ISIC_7255445,0,0.026101891,inner_val
ISIC_7255891,0,0.0004966678,inner_val
ISIC_7257380,0,0.0074602375,inner_val
ISIC_7259400,0,0.00045353553,inner_val
ISIC_7260977,0,0.0001996147,inner_val
ISIC_7261681,0,0.0002134992,inner_val
ISIC_7264231,0,0.14230072,inner_val
ISIC_7268592,0,0.0047272225,inner_val
ISIC_7270233,0,0.03941565,inner_val
ISIC_7271718,0,0.020578107,inner_val
ISIC_7276864,0,0.052765094,inner_val
ISIC_7278885,0,0.00035016742,inner_val
ISIC_7282415,0,0.021613825,inner_val
ISIC_7282441,0,0.05124891,inner_val
ISIC_7284377,0,0.014812801,inner_val
ISIC_7291453,0,0.00046943003,inner_val
ISIC_7296462,0,0.02946754,inner_val
ISIC_7299025,0,0.027454047,inner_val
ISIC_7301963,0,8.039775e-05,inner_val
ISIC_7304480,0,0.0026396636,inner_val
ISIC_7307860,0,0.00012960698,inner_val
ISIC_7310249,0,0.00926822,inner_val
ISIC_7311624,0,0.03261322,inner_val
ISIC_7313348,0,0.00019617892,inner_val
ISIC_7315468,0,0.018761937,inner_val
ISIC_7317646,0,0.018507183,inner_val
ISIC_7323761,0,0.0002219725,inner_val
ISIC_7327423,1,0.10187538,inner_val
ISIC_7330564,0,0.0010342499,inner_val
ISIC_7331098,0,0.000657206,inner_val
ISIC_7331382,0,0.01164577,inner_val
ISIC_7333167,0,0.0017386392,inner_val
ISIC_7333928,0,0.000210389,inner_val
ISIC_7334758,0,0.024976416,inner_val
ISIC_7334783,0,0.009963385,inner_val
ISIC_7335659,0,0.0003033225,inner_val
ISIC_7339138,0,0.002044419,inner_val
ISIC_7342914,0,0.066979185,inner_val
ISIC_7352175,0,0.006569724,inner_val
ISIC_7352886,0,0.0059141517,inner_val
ISIC_7353097,0,0.00041088436,inner_val
ISIC_7357436,0,0.03554714,inner_val
ISIC_7358625,0,0.001375469,inner_val
ISIC_7359014,0,0.0003552816,inner_val
ISIC_7365523,0,0.00025358732,inner_val
ISIC_7366144,0,0.0008511595,inner_val
ISIC_7368544,0,0.036217067,inner_val
ISIC_7369690,0,0.10814758,inner_val
ISIC_7372081,0,0.021187352,inner_val
ISIC_7375240,0,0.025938364,inner_val
ISIC_7376243,0,0.00024237306,inner_val
ISIC_7383521,0,0.028989883,inner_val
ISIC_7385430,0,0.010541697,inner_val
ISIC_7386566,0,0.0008363724,inner_val
ISIC_7386891,0,0.0006790846,inner_val
ISIC_7391160,0,0.01317454,inner_val
ISIC_7397129,0,0.008874055,inner_val
ISIC_7402440,0,0.00063644745,inner_val
ISIC_7404638,0,0.03292759,inner_val
ISIC_7407847,0,0.00028341686,inner_val
ISIC_7412559,0,0.00040945582,inner_val
ISIC_7413149,0,0.019836193,inner_val
ISIC_7416702,0,0.00034914757,inner_val
ISIC_7416783,0,0.027645564,inner_val
ISIC_7417678,0,0.027069943,inner_val
ISIC_7430054,0,0.05917678,inner_val
ISIC_7433711,0,0.21000712,inner_val
ISIC_7438675,0,0.0017689049,inner_val
ISIC_7441957,0,0.058873743,inner_val
ISIC_7443928,0,0.00032303677,inner_val
ISIC_7447716,0,0.003304988,inner_val
ISIC_7450481,0,0.012631959,inner_val
ISIC_7452348,0,0.01834867,inner_val
ISIC_7452871,0,0.038651858,inner_val
ISIC_7453895,0,0.01487883,inner_val
ISIC_7454487,0,0.0011719514,inner_val
ISIC_7456891,0,0.00042767543,inner_val
ISIC_7457488,0,0.020982537,inner_val
ISIC_7457750,0,0.30731046,inner_val
ISIC_7460887,1,0.07692412,inner_val
ISIC_7462628,0,0.00013565602,inner_val
ISIC_7465237,0,0.00011402644,inner_val
ISIC_7465944,0,0.00028259336,inner_val
ISIC_7465990,0,0.010959287,inner_val
ISIC_7473338,0,0.00065900007,inner_val
ISIC_7473469,0,0.0031252229,inner_val
ISIC_7474655,0,0.0022467512,inner_val
ISIC_7476849,0,0.0060024806,inner_val
ISIC_7478024,0,0.00034035923,inner_val
ISIC_7478847,0,0.0008422566,inner_val
ISIC_7479548,0,0.0942235,inner_val
ISIC_7483552,0,0.060460743,inner_val
ISIC_7486266,0,0.0565397,inner_val
ISIC_7490776,0,0.0003262385,inner_val
ISIC_7492374,0,0.0002727768,inner_val
ISIC_7497699,0,0.0013064457,inner_val
ISIC_7500238,0,0.006570191,inner_val
ISIC_7504276,0,0.0014008331,inner_val
ISIC_7509284,0,0.013887116,inner_val
ISIC_7511365,0,0.00052006944,inner_val
ISIC_7514830,0,0.07114627,inner_val
ISIC_7515463,0,0.013478669,inner_val
ISIC_7519627,0,0.048473675,inner_val
ISIC_7520058,0,0.0012717376,inner_val
ISIC_7521457,0,0.0146263875,inner_val
ISIC_7523226,0,0.001826016,inner_val
ISIC_7525320,0,0.00066099776,inner_val
ISIC_7526548,0,0.00028137284,inner_val
ISIC_7529513,0,0.015573638,inner_val
ISIC_7529560,0,8.028919e-05,inner_val
ISIC_7531073,0,0.0002920612,inner_val
ISIC_7533116,0,0.0020183665,inner_val
ISIC_7540354,0,0.0019439372,inner_val
ISIC_7542722,0,0.00899901,inner_val
ISIC_7544537,0,0.00032483973,inner_val
ISIC_7545549,0,0.24074131,inner_val
ISIC_7547058,0,0.001832573,inner_val
ISIC_7547714,0,0.019460278,inner_val
ISIC_7550917,0,0.0003081867,inner_val
ISIC_7558912,0,0.0005360191,inner_val
ISIC_7560495,0,0.019624464,inner_val
ISIC_7560723,0,0.0005623311,inner_val
ISIC_7563371,0,0.0006156761,inner_val
ISIC_7567699,0,0.009339988,inner_val
ISIC_7570495,0,0.0044694403,inner_val
ISIC_7573559,0,0.0004913702,inner_val
ISIC_7574101,0,0.0472656,inner_val
ISIC_7577197,0,0.00025441192,inner_val
ISIC_7581388,0,0.014690839,inner_val
ISIC_7582315,0,0.01573646,inner_val
ISIC_7582765,0,6.426522e-05,inner_val
ISIC_7583768,0,0.00021498466,inner_val
ISIC_7587078,0,0.011858108,inner_val
ISIC_7587513,0,0.00039965063,inner_val
ISIC_7588132,0,0.12462489,inner_val
ISIC_7589004,0,0.00045607367,inner_val
ISIC_7589300,0,0.00018207489,inner_val
ISIC_7592406,0,0.00049080217,inner_val
ISIC_7595351,0,0.0004178277,inner_val
ISIC_7596526,0,0.00031199533,inner_val
ISIC_7599973,0,0.00259645,inner_val
ISIC_7600279,0,0.01681982,inner_val
ISIC_7601936,0,0.001870781,inner_val
ISIC_7603320,0,0.0008070251,inner_val
ISIC_7604178,0,0.00015341691,inner_val
ISIC_7616427,0,0.0011730202,inner_val
ISIC_7618103,0,0.00075240835,inner_val
ISIC_7619467,0,0.0021467295,inner_val
ISIC_7619491,0,0.00020745995,inner_val
ISIC_7626256,1,0.11446844,inner_val
ISIC_7628328,0,0.0013718264,inner_val
ISIC_7630208,0,0.04017604,inner_val
ISIC_7630831,0,0.00013473608,inner_val
ISIC_7633322,0,0.0003434689,inner_val
ISIC_7636321,0,0.007713912,inner_val
ISIC_7640835,0,0.0002599303,inner_val
ISIC_7641231,0,0.000104653496,inner_val
ISIC_7641956,0,0.028039347,inner_val
ISIC_7642991,0,0.013666847,inner_val
ISIC_7643966,0,0.022352118,inner_val
ISIC_7644093,0,0.013994122,inner_val
ISIC_7646954,0,0.0012655002,inner_val
ISIC_7648111,0,0.00015759969,inner_val
ISIC_7649708,0,0.0008120942,inner_val
ISIC_7649986,0,0.047557246,inner_val
ISIC_7652731,0,0.01154394,inner_val
ISIC_7654071,0,0.0045304117,inner_val
ISIC_7654211,0,0.00022849209,inner_val
ISIC_7659833,0,0.02061563,inner_val
ISIC_7661559,0,0.03203446,inner_val
ISIC_7662910,1,0.16499856,inner_val
ISIC_7663033,0,0.011606592,inner_val
ISIC_7663719,0,0.0009962204,inner_val
ISIC_7667157,0,0.00030456885,inner_val
ISIC_7668749,0,0.0014298101,inner_val
ISIC_7670304,0,0.24124062,inner_val
ISIC_7671802,0,0.0013569973,inner_val
ISIC_7676485,0,0.017097197,inner_val
ISIC_7680333,0,0.005667293,inner_val
ISIC_7682984,0,0.0069281124,inner_val
ISIC_7685853,0,0.00028753805,inner_val
ISIC_7687367,0,0.12076466,inner_val
ISIC_7687848,0,0.00014965406,inner_val
ISIC_7693611,1,0.08085011,inner_val
ISIC_7696732,0,0.02972587,inner_val
ISIC_7697366,0,0.00025749134,inner_val
ISIC_7699392,0,0.0022663148,inner_val
ISIC_7700463,0,0.0025210069,inner_val
ISIC_7705867,0,0.003999106,inner_val
ISIC_7707720,0,0.01885893,inner_val
ISIC_7715260,0,0.015432847,inner_val
ISIC_7716088,0,0.00054690376,inner_val
ISIC_7716168,0,0.0005084162,inner_val
ISIC_7717552,0,0.01200794,inner_val
ISIC_7717907,0,0.0005428086,inner_val
ISIC_7720684,0,0.046249803,inner_val
ISIC_7722716,0,0.019382775,inner_val
ISIC_7725971,0,0.004701258,inner_val
ISIC_7727908,0,0.009221299,inner_val
ISIC_7730443,0,0.113091916,inner_val
ISIC_7731447,0,0.024874765,inner_val
ISIC_7731786,0,0.014848276,inner_val
ISIC_7733890,0,6.589775e-05,inner_val
ISIC_7736423,0,0.010297501,inner_val
ISIC_7738065,0,0.01601784,inner_val
ISIC_7738761,0,0.00030864013,inner_val
ISIC_7740004,0,0.00785925,inner_val
ISIC_7744262,0,0.00033758814,inner_val
ISIC_7746409,0,0.0041577974,inner_val
ISIC_7748144,0,0.00010041692,inner_val
ISIC_7748899,0,0.030052284,inner_val
ISIC_7755875,0,0.008931249,inner_val
ISIC_7756006,0,0.010373061,inner_val
ISIC_7756373,0,0.033573475,inner_val
ISIC_7757763,0,0.00018585945,inner_val
ISIC_7764021,0,0.17616774,inner_val
ISIC_7764847,0,0.01005198,inner_val
ISIC_7765038,0,0.00035321678,inner_val
ISIC_7765193,0,0.029451633,inner_val
ISIC_7766704,0,0.016215343,inner_val
ISIC_7770394,0,0.00013980501,inner_val
ISIC_7776593,0,0.014624367,inner_val
ISIC_7777176,0,0.00064899586,inner_val
ISIC_7780098,0,0.018116822,inner_val
ISIC_7782274,0,0.14849517,inner_val
ISIC_7783346,0,0.021835059,inner_val
ISIC_7788567,0,0.016440826,inner_val
ISIC_7788814,0,0.011514572,inner_val
ISIC_7789537,0,0.24134561,inner_val
ISIC_7796822,0,0.0005812509,inner_val
ISIC_7799968,0,0.00044785923,inner_val
ISIC_7800750,1,0.1496978,inner_val
ISIC_7806381,0,8.2196486e-05,inner_val
ISIC_7807526,0,0.012025987,inner_val
ISIC_7818740,0,0.05569997,inner_val
ISIC_7818763,0,0.0001436567,inner_val
ISIC_7818799,0,0.018237945,inner_val
ISIC_7819707,0,0.021206507,inner_val
ISIC_7822178,0,0.0046053734,inner_val
ISIC_7831645,0,0.0028607708,inner_val
ISIC_7834075,0,0.00018281683,inner_val
ISIC_7835537,0,0.04146504,inner_val
ISIC_7838524,0,0.00056540663,inner_val
ISIC_7840165,0,0.0046638804,inner_val
ISIC_7841993,0,0.01805143,inner_val
ISIC_7844565,0,0.00013624625,inner_val
ISIC_7845702,0,0.027239747,inner_val
ISIC_7847667,0,0.00022728163,inner_val
ISIC_7850134,0,0.013199739,inner_val
ISIC_7852280,0,0.00018850155,inner_val
ISIC_7852465,0,0.066598974,inner_val
ISIC_7852855,0,0.00036833392,inner_val
ISIC_7854663,0,0.004728452,inner_val
ISIC_7855286,0,0.028370567,inner_val
ISIC_7859098,0,0.00029888883,inner_val
ISIC_7860012,0,0.000107020045,inner_val
ISIC_7861718,0,0.0018349146,inner_val
ISIC_7861911,0,0.00012866179,inner_val
ISIC_7861942,0,0.000116960604,inner_val
ISIC_7862068,0,0.0009133898,inner_val
ISIC_7872595,1,0.038790457,inner_val
ISIC_7875088,0,0.042354096,inner_val
ISIC_7876737,0,0.15657504,inner_val
ISIC_7877034,0,0.0032459975,inner_val
ISIC_7877488,0,0.024625482,inner_val
ISIC_7882022,0,0.010485617,inner_val
ISIC_7886188,0,0.0003128135,inner_val
ISIC_7887321,0,0.021860754,inner_val
ISIC_7889838,0,0.006928716,inner_val
ISIC_7894744,0,0.0006596263,inner_val
ISIC_7897484,0,0.001623267,inner_val
ISIC_7902978,0,0.00015514472,inner_val
ISIC_7904250,0,0.0024166831,inner_val
ISIC_7904411,0,0.00022940781,inner_val
ISIC_7907665,0,0.00032365674,inner_val
ISIC_7914631,1,0.049079362,inner_val
ISIC_7915595,0,0.046907082,inner_val
ISIC_7923745,0,0.039940484,inner_val
ISIC_7928614,0,0.0009706986,inner_val
ISIC_7929919,0,0.00039783402,inner_val
ISIC_7933774,0,0.06540186,inner_val
ISIC_7935528,0,0.0018390433,inner_val
ISIC_7936149,0,0.0044677584,inner_val
ISIC_7936559,0,0.020422628,inner_val
ISIC_7948461,0,0.009605169,inner_val
ISIC_7948728,0,0.0010121057,inner_val
ISIC_7948999,0,0.056116395,inner_val
ISIC_7950729,0,0.02319869,inner_val
ISIC_7951186,0,0.0003804907,inner_val
ISIC_7951857,0,0.00011271071,inner_val
ISIC_7951995,0,0.030667366,inner_val
ISIC_7954325,0,0.0005157949,inner_val
ISIC_7959202,0,0.00034735902,inner_val
ISIC_7959339,0,0.013349608,inner_val
ISIC_7960920,0,0.0048145023,inner_val
ISIC_7961805,0,0.028243449,inner_val
ISIC_7964757,0,0.0002983994,inner_val
ISIC_7964819,0,0.0012448468,inner_val
ISIC_7973296,0,0.00050609844,inner_val
ISIC_7973340,0,0.00091258023,inner_val
ISIC_7973500,0,0.00030376125,inner_val
ISIC_7973564,0,0.05448276,inner_val
ISIC_7975420,0,0.020821603,inner_val
ISIC_7975678,0,0.03077784,inner_val
ISIC_7980482,0,0.00043824755,inner_val
ISIC_7982020,0,0.015600927,inner_val
ISIC_7983553,0,0.02905054,inner_val
ISIC_7988517,0,0.0007836669,inner_val
ISIC_7990641,0,0.0034227008,inner_val
ISIC_7992584,0,0.049204167,inner_val
ISIC_7994337,0,0.00015241375,inner_val
ISIC_7997132,0,0.0010686325,inner_val
ISIC_7997639,0,0.012947477,inner_val
ISIC_8002456,0,0.009991812,inner_val
ISIC_8004013,0,0.0056743347,inner_val
ISIC_8010381,0,0.001971829,inner_val
ISIC_8011253,0,0.02161375,inner_val
ISIC_8012737,0,0.018118102,inner_val
ISIC_8013179,0,0.040812355,inner_val
ISIC_8014513,0,0.00031392457,inner_val
ISIC_8015441,0,0.00036743822,inner_val
ISIC_8019487,0,0.017159982,inner_val
ISIC_8021960,0,0.002118136,inner_val
ISIC_8023338,0,0.032367725,inner_val
ISIC_8023705,0,0.0146928,inner_val
ISIC_8023823,0,4.9377755e-05,inner_val
ISIC_8025011,0,0.013382469,inner_val
ISIC_8025852,0,0.0013356552,inner_val
ISIC_8027491,0,0.0072615882,inner_val
ISIC_8028682,0,0.0009767085,inner_val
ISIC_8029120,0,0.038744703,inner_val
ISIC_8033373,0,0.00030185273,inner_val
ISIC_8034587,0,0.008876354,inner_val
ISIC_8035608,0,0.01048636,inner_val
ISIC_8036363,0,0.01453241,inner_val
ISIC_8044983,0,0.027955359,inner_val
ISIC_8047080,0,0.00046141687,inner_val
ISIC_8047129,0,0.0019872256,inner_val
ISIC_8047316,0,0.0054831943,inner_val
ISIC_8051628,0,0.005418475,inner_val
ISIC_8051791,0,0.060926147,inner_val
ISIC_8052559,0,0.05701174,inner_val
ISIC_8052877,0,0.00020112822,inner_val
ISIC_8054626,0,0.037246857,inner_val
ISIC_8054710,0,0.048166703,inner_val
ISIC_8056974,0,0.00096483895,inner_val
ISIC_8063080,0,0.0012770339,inner_val
ISIC_8064866,0,0.0028473684,inner_val
ISIC_8065001,0,0.00012586953,inner_val
ISIC_8065633,0,0.019277899,inner_val
ISIC_8066110,1,0.01345528,inner_val
ISIC_8066994,0,0.0011445911,inner_val
ISIC_8070074,0,0.05260848,inner_val
ISIC_8070555,0,0.01427894,inner_val
ISIC_8073036,0,0.011927907,inner_val
ISIC_8076451,0,0.0006156508,inner_val
ISIC_8078525,0,0.00041020065,inner_val
ISIC_8078589,0,0.012434232,inner_val
ISIC_8079008,0,0.1144928,inner_val
ISIC_8081676,0,0.000659339,inner_val
ISIC_8083174,0,0.00012373013,inner_val
ISIC_8086919,0,0.011867253,inner_val
ISIC_8092018,0,0.00027241732,inner_val
ISIC_8095877,0,0.058590893,inner_val
ISIC_8096541,0,0.20373724,inner_val
ISIC_8097610,0,0.0051398207,inner_val
ISIC_8100185,0,0.021173237,inner_val
ISIC_8102676,0,0.00076920167,inner_val
ISIC_8106591,0,0.009691612,inner_val
ISIC_8108046,0,0.009853694,inner_val
ISIC_8108720,0,0.0026027744,inner_val
ISIC_8116421,0,0.0066333413,inner_val
ISIC_8117468,0,0.004573567,inner_val
ISIC_8124436,0,0.02352266,inner_val
ISIC_8124482,0,0.017318184,inner_val
ISIC_8125684,0,0.0003474619,inner_val
ISIC_8126172,0,0.0019165048,inner_val
ISIC_8128927,0,0.0018954534,inner_val
ISIC_8129362,0,0.023857383,inner_val
ISIC_8130596,0,0.01819862,inner_val
ISIC_8132196,0,0.008238583,inner_val
ISIC_8133350,1,0.08384241,inner_val
ISIC_8141348,0,5.061343e-05,inner_val
ISIC_8145195,0,0.0044357185,inner_val
ISIC_8146629,0,0.011796788,inner_val
ISIC_8148759,0,0.026041938,inner_val
ISIC_8153123,0,0.0015911971,inner_val
ISIC_8158285,0,0.037039667,inner_val
ISIC_8160576,0,0.081074834,inner_val
ISIC_8161933,0,0.001310582,inner_val
ISIC_8165293,0,0.04829967,inner_val
ISIC_8170665,0,0.004738556,inner_val
ISIC_8172170,0,0.13369024,inner_val
ISIC_8174981,0,0.00012890174,inner_val
ISIC_8189028,0,0.00056722516,inner_val
ISIC_8190308,0,0.0002610987,inner_val
ISIC_8190603,0,0.011215916,inner_val
ISIC_8191639,0,0.013663074,inner_val
ISIC_8191696,0,0.002180107,inner_val
ISIC_8191985,0,0.0037726182,inner_val
ISIC_8194835,1,0.034793507,inner_val
ISIC_8195729,0,0.0002156005,inner_val
ISIC_8196660,0,0.08652546,inner_val
ISIC_8199947,0,0.008061671,inner_val
ISIC_8202184,0,0.006172598,inner_val
ISIC_8202586,0,0.009106065,inner_val
ISIC_8206400,0,0.00022227516,inner_val
ISIC_8214071,0,0.00050171465,inner_val
ISIC_8217328,0,0.00032693535,inner_val
ISIC_8219342,0,0.023492053,inner_val
ISIC_8222181,0,0.007049939,inner_val
ISIC_8228433,0,0.0198077,inner_val
ISIC_8231704,0,0.06171811,inner_val
ISIC_8233211,0,0.0399634,inner_val
ISIC_8235663,0,0.008685258,inner_val
ISIC_8239309,0,0.14223555,inner_val
ISIC_8241422,0,0.00062751304,inner_val
ISIC_8247499,0,0.08319856,inner_val
ISIC_8247802,0,0.010917286,inner_val
ISIC_8248109,0,0.00013436684,inner_val
ISIC_8248707,0,0.00067041564,inner_val
ISIC_8249834,0,0.09830838,inner_val
ISIC_8249854,1,0.137288,inner_val
ISIC_8252406,1,0.119960025,inner_val
ISIC_8252558,0,0.0075847427,inner_val
ISIC_8252886,0,0.0002285847,inner_val
ISIC_8253317,0,0.033162918,inner_val
ISIC_8255176,0,0.017894335,inner_val
ISIC_8258907,0,0.0007049008,inner_val
ISIC_8269660,0,0.00013843995,inner_val
ISIC_8270254,0,0.00017958549,inner_val
ISIC_8270405,0,0.22691618,inner_val
ISIC_8276053,0,0.010464973,inner_val
ISIC_8277845,0,0.0055900626,inner_val
ISIC_8278308,0,0.05948958,inner_val
ISIC_8282954,0,0.00068296416,inner_val
ISIC_8286826,0,0.0009151494,inner_val
ISIC_8288656,0,0.06879531,inner_val
ISIC_8289518,0,0.0003639747,inner_val
ISIC_8293834,0,0.007488966,inner_val
ISIC_8295152,0,0.0053643696,inner_val
ISIC_8296246,0,0.0019259463,inner_val
ISIC_8296881,0,0.0010696409,inner_val
ISIC_8299820,0,0.018821485,inner_val
ISIC_8305581,0,0.00015859507,inner_val
ISIC_8311165,0,0.0055043623,inner_val
ISIC_8311363,0,0.005631277,inner_val
ISIC_8322005,0,0.013065212,inner_val
ISIC_8324787,0,0.02807045,inner_val
ISIC_8325569,0,0.042265564,inner_val
ISIC_8329292,0,0.020781789,inner_val
ISIC_8329709,0,0.0073540304,inner_val
ISIC_8331313,0,0.023738846,inner_val
ISIC_8332339,0,0.00020679855,inner_val
ISIC_8332695,0,0.0024747173,inner_val
ISIC_8333592,0,0.00659424,inner_val
ISIC_8337820,0,0.00075188617,inner_val
ISIC_8338141,0,0.0005311853,inner_val
ISIC_8338775,0,0.015611214,inner_val
ISIC_8342541,0,0.0018898642,inner_val
ISIC_8344196,0,0.00015833232,inner_val
ISIC_8344948,0,0.00036768243,inner_val
ISIC_8347739,0,0.00022765377,inner_val
ISIC_8356904,0,0.006584576,inner_val
ISIC_8357133,0,0.1685975,inner_val
ISIC_8357415,0,0.014145124,inner_val
ISIC_8359258,0,0.050735403,inner_val
ISIC_8366327,0,0.015681244,inner_val
ISIC_8366553,0,0.0003549879,inner_val
ISIC_8370239,0,0.0008321646,inner_val
ISIC_8372381,0,0.00013310945,inner_val
ISIC_8375021,0,0.0003384692,inner_val
ISIC_8375123,0,0.00015843804,inner_val
ISIC_8375699,0,0.13798074,inner_val
ISIC_8375982,0,0.033682264,inner_val
ISIC_8378029,0,0.0008629761,inner_val
ISIC_8378376,0,0.005121994,inner_val
ISIC_8380039,0,0.030982437,inner_val
ISIC_8380676,0,0.00028634176,inner_val
ISIC_8380874,0,0.037353612,inner_val
ISIC_8391394,0,0.009218312,inner_val
ISIC_8392065,0,0.012081818,inner_val
ISIC_8394030,0,0.0003640505,inner_val
ISIC_8395701,0,0.00031752815,inner_val
ISIC_8403824,0,0.00015583518,inner_val
ISIC_8404470,0,0.030079665,inner_val
ISIC_8404950,0,0.00029669475,inner_val
ISIC_8405555,0,0.010018989,inner_val
ISIC_8407218,0,0.005430821,inner_val
ISIC_8409421,0,0.03950697,inner_val
ISIC_8409850,0,0.023845553,inner_val
ISIC_8409977,0,0.02816682,inner_val
ISIC_8412401,0,0.00020248399,inner_val
ISIC_8413593,0,0.00029580647,inner_val
ISIC_8413760,0,0.10189441,inner_val
ISIC_8414421,0,0.00077555253,inner_val
ISIC_8420927,0,0.020858211,inner_val
ISIC_8421033,0,0.0035388458,inner_val
ISIC_8431681,0,0.0016547178,inner_val
ISIC_8433108,0,0.0004261946,inner_val
ISIC_8435125,0,0.0008916775,inner_val
ISIC_8435736,0,0.0010448587,inner_val
ISIC_8437480,0,0.00071163615,inner_val
ISIC_8437493,1,0.25717598,inner_val
ISIC_8438802,0,0.019387448,inner_val
ISIC_8439307,0,0.102945186,inner_val
ISIC_8441293,0,0.01350088,inner_val
ISIC_8441905,0,0.016977,inner_val
ISIC_8443984,0,0.00071814196,inner_val
ISIC_8444919,0,0.02739535,inner_val
ISIC_8447315,0,0.01698437,inner_val
ISIC_8447658,0,0.00078669976,inner_val
ISIC_8448473,0,0.0016020653,inner_val
ISIC_8449660,0,0.00029608211,inner_val
ISIC_8452718,0,0.025355963,inner_val
ISIC_8455853,0,0.006928152,inner_val
ISIC_8455866,0,0.00054191763,inner_val
ISIC_8458440,0,0.0040005157,inner_val
ISIC_8458843,0,0.11276129,inner_val
ISIC_8460093,0,0.0016134131,inner_val
ISIC_8465152,0,0.02043858,inner_val
ISIC_8466745,0,0.0055167093,inner_val
ISIC_8466805,0,0.00061686867,inner_val
ISIC_8467834,0,0.06579052,inner_val
ISIC_8468512,0,0.0150936665,inner_val
ISIC_8475324,0,0.018733997,inner_val
ISIC_8483799,0,0.036372352,inner_val
ISIC_8484867,0,0.0021552262,inner_val
ISIC_8487959,0,0.012576253,inner_val
ISIC_8488204,0,0.0006948873,inner_val
ISIC_8492731,0,0.00014182336,inner_val
ISIC_8493108,1,0.048087243,inner_val
ISIC_8493313,0,0.00033868194,inner_val
ISIC_8493401,0,0.0025274015,inner_val
ISIC_8496245,0,0.0009420966,inner_val
ISIC_8498454,0,0.026137266,inner_val
ISIC_8498777,0,0.00039362584,inner_val
ISIC_8500876,0,0.014137672,inner_val
ISIC_8501248,0,0.02629893,inner_val
ISIC_8503192,0,0.0974799,inner_val
ISIC_8503961,0,0.0047243135,inner_val
ISIC_8505098,0,0.0009996898,inner_val
ISIC_8507809,0,0.0004622873,inner_val
ISIC_8510644,0,0.00022308878,inner_val
ISIC_8512716,0,0.001477746,inner_val
ISIC_8513112,0,0.0020290588,inner_val
ISIC_8513649,0,0.026844712,inner_val
ISIC_8515281,0,0.00030802545,inner_val
ISIC_8516631,0,0.008184615,inner_val
ISIC_8521162,0,0.015983732,inner_val
ISIC_8523143,0,0.00025268662,inner_val
ISIC_8523423,0,0.0051832423,inner_val
ISIC_8524137,0,0.0003792513,inner_val
ISIC_8524457,0,0.0035595447,inner_val
ISIC_8526513,0,0.004047943,inner_val
ISIC_8527092,1,0.1691888,inner_val
ISIC_8531541,0,0.0010282687,inner_val
ISIC_8536913,0,0.00014063022,inner_val
ISIC_8540111,0,0.005685403,inner_val
ISIC_8545949,1,0.15639935,inner_val
ISIC_8547536,0,0.00017013711,inner_val
ISIC_8554535,0,0.00812575,inner_val
ISIC_8555379,0,0.07741914,inner_val
ISIC_8555610,0,0.0018106101,inner_val
ISIC_8556629,0,0.011439079,inner_val
ISIC_8557006,0,0.0006310365,inner_val
ISIC_8557624,0,0.015532357,inner_val
ISIC_8559778,0,0.014938045,inner_val
ISIC_8561864,0,0.00039472387,inner_val
ISIC_8566006,1,0.12527172,inner_val
ISIC_8568520,0,0.025741985,inner_val
ISIC_8570402,0,0.04733606,inner_val
ISIC_8570917,0,0.0002695979,inner_val
ISIC_8571168,0,0.0095567275,inner_val
ISIC_8574363,0,0.0003102808,inner_val
ISIC_8574407,0,0.02320097,inner_val
ISIC_8577523,0,0.00042517448,inner_val
ISIC_8577970,0,0.0008258475,inner_val
ISIC_8580692,0,0.00028440158,inner_val
ISIC_8582918,0,0.07814155,inner_val
ISIC_8583462,0,0.0003528516,inner_val
ISIC_8587556,0,0.010996698,inner_val
ISIC_8587822,0,0.028459743,inner_val
ISIC_8592827,0,0.05425302,inner_val
ISIC_8595133,0,0.0013825063,inner_val
ISIC_8597158,0,6.755023e-05,inner_val
ISIC_8603493,0,0.001022098,inner_val
ISIC_8609756,1,0.0355025,inner_val
ISIC_8612113,0,0.00025674046,inner_val
ISIC_8612828,0,0.00044813528,inner_val
ISIC_8617145,0,0.0018440745,inner_val
ISIC_8620064,0,0.00019868484,inner_val
ISIC_8621723,0,0.00037873213,inner_val
ISIC_8622941,0,0.0033444434,inner_val
ISIC_8623291,0,0.05141951,inner_val
ISIC_8623743,0,0.00015670927,inner_val
ISIC_8624230,0,0.008659596,inner_val
ISIC_8628723,0,0.06748159,inner_val
ISIC_8629084,0,0.0020914853,inner_val
ISIC_8629308,0,0.01463886,inner_val
ISIC_8630963,0,0.0004614345,inner_val
ISIC_8631304,0,0.0011521896,inner_val
ISIC_8632929,0,0.00012139004,inner_val
ISIC_8633512,0,0.051702116,inner_val
ISIC_8634670,0,0.00066288695,inner_val
ISIC_8635849,0,0.009398408,inner_val
ISIC_8639128,0,0.0007648403,inner_val
ISIC_8641048,0,0.0065192985,inner_val
ISIC_8643675,0,0.00023286461,inner_val
ISIC_8644092,0,0.00018266855,inner_val
ISIC_8649251,0,0.00027059755,inner_val
ISIC_8651541,0,0.014482084,inner_val
ISIC_8651863,0,0.0008680252,inner_val
ISIC_8653009,0,0.0021635313,inner_val
ISIC_8655487,0,0.00012971158,inner_val
ISIC_8657381,0,0.013266182,inner_val
ISIC_8657895,0,0.004499661,inner_val
ISIC_8658618,0,0.0008925029,inner_val
ISIC_8663291,0,0.046297036,inner_val
ISIC_8663353,0,0.009778413,inner_val
ISIC_8664196,0,0.011397721,inner_val
ISIC_8667319,0,0.00045525623,inner_val
ISIC_8675105,0,0.00074617116,inner_val
ISIC_8685259,0,0.019222146,inner_val
ISIC_8689284,0,0.010316938,inner_val
ISIC_8692006,0,0.00012851993,inner_val
ISIC_8693823,0,0.023837058,inner_val
ISIC_8698452,0,0.16484828,inner_val
ISIC_8698578,0,0.00058346696,inner_val
ISIC_8699796,0,0.00049106096,inner_val
ISIC_8700156,0,0.0003280368,inner_val
ISIC_8700706,0,0.0002784042,inner_val
ISIC_8700740,0,0.009486067,inner_val
ISIC_8703375,0,0.0034111235,inner_val
ISIC_8706667,0,0.0061024507,inner_val
ISIC_8711983,0,4.692338e-05,inner_val
ISIC_8712028,0,0.0002680304,inner_val
ISIC_8715507,0,0.008652337,inner_val
ISIC_8716533,0,0.00094612775,inner_val
ISIC_8719134,0,0.00012698102,inner_val
ISIC_8723397,0,0.027796227,inner_val
ISIC_8724944,1,0.13141583,inner_val
ISIC_8725334,0,0.024918446,inner_val
ISIC_8726948,0,0.0006909285,inner_val
ISIC_8731219,0,0.00022518971,inner_val
ISIC_8738797,0,0.00056972867,inner_val
ISIC_8742034,0,0.027199887,inner_val
ISIC_8742277,0,0.00019155639,inner_val
ISIC_8742972,0,0.0068332036,inner_val
ISIC_8745884,0,0.0009396394,inner_val
ISIC_8748253,0,0.0073162513,inner_val
ISIC_8751106,0,0.07208522,inner_val
ISIC_8755239,0,0.0022391875,inner_val
ISIC_8756011,0,4.743443e-05,inner_val
ISIC_8760731,0,0.00014952698,inner_val
ISIC_8761972,0,0.008732237,inner_val
ISIC_8769391,0,0.00010740505,inner_val
ISIC_8772241,0,0.0034300764,inner_val
ISIC_8773568,0,0.0009299749,inner_val
ISIC_8779013,0,0.0027483604,inner_val
ISIC_8779202,0,0.00013970013,inner_val
ISIC_8783000,0,0.012774916,inner_val
ISIC_8783066,0,0.0016909305,inner_val
ISIC_8790885,0,0.015115076,inner_val
ISIC_8795968,0,0.14869593,inner_val
ISIC_8803537,0,0.014025746,inner_val
ISIC_8806180,0,0.0004006936,inner_val
ISIC_8806647,0,0.030633429,inner_val
ISIC_8806941,0,0.00025655574,inner_val
ISIC_8808909,0,0.00027286183,inner_val
ISIC_8809821,0,0.010226149,inner_val
ISIC_8813078,0,0.030642293,inner_val
ISIC_8818102,0,0.019000812,inner_val
ISIC_8819163,0,0.06822458,inner_val
ISIC_8819519,0,0.00032436903,inner_val
ISIC_8820527,0,0.0037069484,inner_val
ISIC_8820668,0,0.0032350544,inner_val
ISIC_8821017,0,0.01365071,inner_val
ISIC_8821259,0,0.0014404798,inner_val
ISIC_8822331,0,0.0015762022,inner_val
ISIC_8822738,0,0.00012959412,inner_val
ISIC_8823875,0,0.029790165,inner_val
ISIC_8825731,0,0.010686628,inner_val
ISIC_8827745,0,0.0007639847,inner_val
ISIC_8828327,0,0.008260414,inner_val
ISIC_8828770,0,0.0007617065,inner_val
ISIC_8829480,0,0.027010003,inner_val
ISIC_8832449,0,7.453754e-05,inner_val
ISIC_8834282,0,0.05273624,inner_val
ISIC_8838213,0,0.00016763277,inner_val
ISIC_8841384,0,0.00062438665,inner_val
ISIC_8845339,0,0.0005568186,inner_val
ISIC_8847638,0,0.00018069164,inner_val
ISIC_8849458,0,0.00010978063,inner_val
ISIC_8851036,0,0.0029170713,inner_val
ISIC_8853249,0,0.0032020041,inner_val
ISIC_8855790,0,0.101512365,inner_val
ISIC_8862118,0,0.020675309,inner_val
ISIC_8862858,0,0.003350726,inner_val
ISIC_8862911,0,0.0005833444,inner_val
ISIC_8862967,0,0.020297633,inner_val
ISIC_8864811,0,0.00022998532,inner_val
ISIC_8867127,0,0.0001344017,inner_val
ISIC_8868978,0,0.002678446,inner_val
ISIC_8871092,0,0.08402329,inner_val
ISIC_8872422,0,0.011361992,inner_val
ISIC_8873823,0,0.011102892,inner_val
ISIC_8873943,0,0.018505502,inner_val
ISIC_8875702,0,0.006146117,inner_val
ISIC_8875762,0,0.0005823405,inner_val
ISIC_8876880,0,0.0050839838,inner_val
ISIC_8883577,0,0.0051429155,inner_val
ISIC_8887142,0,0.011429718,inner_val
ISIC_8888087,0,0.001873045,inner_val
ISIC_8889199,0,0.022233153,inner_val
ISIC_8889425,0,0.020839771,inner_val
ISIC_8889856,0,0.0007510386,inner_val
ISIC_8892663,0,0.007192984,inner_val
ISIC_8892766,0,0.020871056,inner_val
ISIC_8893030,0,0.0004029832,inner_val
ISIC_8893501,0,0.009986842,inner_val
ISIC_8894305,0,8.233228e-05,inner_val
ISIC_8898552,0,0.012838831,inner_val
ISIC_8901371,0,0.042687394,inner_val
ISIC_8903932,0,0.0072361715,inner_val
ISIC_8904326,0,0.034719113,inner_val
ISIC_8905157,0,0.03994066,inner_val
ISIC_8906583,0,0.00046965427,inner_val
ISIC_8908280,0,0.029702075,inner_val
ISIC_8909618,0,0.012709659,inner_val
ISIC_8909957,0,0.0033479356,inner_val
ISIC_8913074,0,0.01579682,inner_val
ISIC_8913166,0,0.00016737114,inner_val
ISIC_8914978,0,0.019449716,inner_val
ISIC_8922111,0,0.0028377764,inner_val
ISIC_8923393,0,0.005675215,inner_val
ISIC_8925378,0,0.12143217,inner_val
ISIC_8928166,0,0.007403533,inner_val
ISIC_8931012,0,0.00088784134,inner_val
ISIC_8940715,0,0.01583057,inner_val
ISIC_8942401,0,0.0012666888,inner_val
ISIC_8943344,0,0.0007096728,inner_val
ISIC_8943855,0,0.00085535034,inner_val
ISIC_8943906,0,0.0004414361,inner_val
ISIC_8944716,0,0.020647684,inner_val
ISIC_8956614,0,0.022319416,inner_val
ISIC_8957490,0,0.0008380133,inner_val
ISIC_8957886,0,0.0208749,inner_val
ISIC_8958656,0,0.15681528,inner_val
ISIC_8959928,0,0.00036214027,inner_val
ISIC_8961663,0,0.044572778,inner_val
ISIC_8962375,0,0.0007508268,inner_val
ISIC_8963614,0,0.0024275465,inner_val
ISIC_8965320,0,0.054733023,inner_val
ISIC_8966567,0,0.0059637963,inner_val
ISIC_8966915,0,0.009662141,inner_val
ISIC_8977878,0,0.0069590393,inner_val
ISIC_8981166,0,0.00032823827,inner_val
ISIC_8981301,0,0.00041348007,inner_val
ISIC_8986785,0,0.00014777081,inner_val
ISIC_8993666,0,0.00044072914,inner_val
ISIC_8994153,0,0.015366163,inner_val
ISIC_8996654,0,0.00064134516,inner_val
ISIC_8998017,0,0.00057491707,inner_val
ISIC_8998190,0,0.005769197,inner_val
ISIC_9000901,0,0.0018022996,inner_val
ISIC_9003062,0,0.004054752,inner_val
ISIC_9004374,0,0.012347092,inner_val
ISIC_9008095,0,0.00058944215,inner_val
ISIC_9009242,0,0.0002608725,inner_val
ISIC_9010907,0,0.010598224,inner_val
ISIC_9012536,0,0.00023762033,inner_val
ISIC_9012868,0,0.00013888911,inner_val
ISIC_9013023,0,0.00028844853,inner_val
ISIC_9013554,0,0.00080295274,inner_val
ISIC_9014098,0,0.00916915,inner_val
ISIC_9016601,0,0.00034723507,inner_val
ISIC_9018338,0,0.006943335,inner_val
ISIC_9025263,0,0.051476732,inner_val
ISIC_9030482,0,0.040528536,inner_val
ISIC_9031637,0,0.033407383,inner_val
ISIC_9032302,0,0.00014060676,inner_val
ISIC_9034411,0,0.032916173,inner_val
ISIC_9035181,0,0.0004328951,inner_val
ISIC_9037499,0,0.03333714,inner_val
ISIC_9046478,0,0.005013889,inner_val
ISIC_9047184,0,0.00032559535,inner_val
ISIC_9051856,0,0.0012224686,inner_val
ISIC_9054603,0,0.0046057184,inner_val
ISIC_9056246,0,0.00019089378,inner_val
ISIC_9056422,0,0.18288158,inner_val
ISIC_9056577,0,0.00051369885,inner_val
ISIC_9056935,0,0.052389365,inner_val
ISIC_9057417,0,0.07580219,inner_val
ISIC_9059632,0,0.004005736,inner_val
ISIC_9062530,0,0.00037863266,inner_val
ISIC_9063429,0,0.0004168176,inner_val
ISIC_9064668,0,0.055330265,inner_val
ISIC_9066066,0,0.0001538017,inner_val
ISIC_9069537,0,0.00035275577,inner_val
ISIC_9081595,0,0.0002889429,inner_val
ISIC_9081663,0,0.002069434,inner_val
ISIC_9081853,0,0.032594863,inner_val
ISIC_9085719,0,0.00069873896,inner_val
ISIC_9086288,0,0.0023199045,inner_val
ISIC_9088656,0,0.0013421521,inner_val
ISIC_9093183,0,0.003034126,inner_val
ISIC_9096001,0,0.000114426846,inner_val
ISIC_9099430,0,0.14944755,inner_val
ISIC_9100353,0,0.005925612,inner_val
ISIC_9101055,0,0.0022422983,inner_val
ISIC_9101441,0,0.11488167,inner_val
ISIC_9102352,0,0.00024499217,inner_val
ISIC_9105258,0,0.017754452,inner_val
ISIC_9105994,0,0.02840773,inner_val
ISIC_9111229,0,0.0018853302,inner_val
ISIC_9111388,0,0.082926415,inner_val
ISIC_9115855,0,0.00021309713,inner_val
ISIC_9116179,0,0.0058967345,inner_val
ISIC_9119549,0,0.00016605222,inner_val
ISIC_9122215,0,0.00866886,inner_val
ISIC_9125216,0,0.0030008785,inner_val
ISIC_9126992,0,0.00041267026,inner_val
ISIC_9130157,1,0.017450422,inner_val
ISIC_9130704,0,0.01884141,inner_val
ISIC_9133087,0,0.00047395323,inner_val
ISIC_9134566,0,0.009772172,inner_val
ISIC_9140119,0,0.07766767,inner_val
ISIC_9140498,0,0.0008012307,inner_val
ISIC_9141282,0,0.0135077275,inner_val
ISIC_9141379,0,0.020409515,inner_val
ISIC_9141416,0,0.025931846,inner_val
ISIC_9141613,0,0.0074389908,inner_val
ISIC_9143077,0,0.00031783042,inner_val
ISIC_9143744,0,0.002028831,inner_val
ISIC_9144961,0,0.019338224,inner_val
ISIC_9147785,0,0.007808319,inner_val
ISIC_9157619,0,0.0003367463,inner_val
ISIC_9157809,0,0.015821956,inner_val
ISIC_9163684,0,0.0003584117,inner_val
ISIC_9165815,0,0.0037445454,inner_val
ISIC_9174092,0,0.00030357452,inner_val
ISIC_9176138,0,0.0003186429,inner_val
ISIC_9176281,0,0.0051616915,inner_val
ISIC_9176472,0,0.0056062974,inner_val
ISIC_9181399,0,0.0008798082,inner_val
ISIC_9189319,0,0.00031267572,inner_val
ISIC_9191270,0,0.033994656,inner_val
ISIC_9192632,0,0.009158287,inner_val
ISIC_9194082,0,0.00016685679,inner_val
ISIC_9196424,0,0.008081309,inner_val
ISIC_9198021,0,0.00018838081,inner_val
ISIC_9199429,1,0.111251,inner_val
ISIC_9203914,0,0.0124712745,inner_val
ISIC_9204678,0,0.00027387985,inner_val
ISIC_9204688,0,0.021840116,inner_val
ISIC_9205063,0,0.040635698,inner_val
ISIC_9211175,0,0.013530187,inner_val
ISIC_9212054,0,0.04451875,inner_val
ISIC_9214172,0,0.00043308618,inner_val
ISIC_9214601,0,0.0046873093,inner_val
ISIC_9217405,0,0.00034842984,inner_val
ISIC_9219421,0,0.016937701,inner_val
ISIC_9221004,0,0.052977435,inner_val
ISIC_9221435,0,0.017784106,inner_val
ISIC_9223108,0,0.0025989595,inner_val
ISIC_9227253,0,0.00015530264,inner_val
ISIC_9229373,0,0.08059952,inner_val
ISIC_9230976,0,0.18533681,inner_val
ISIC_9231079,0,0.02167927,inner_val
ISIC_9232587,0,0.0014454472,inner_val
ISIC_9232615,0,0.00067898363,inner_val
ISIC_9236241,0,6.7415094e-05,inner_val
ISIC_9236253,0,0.0051103607,inner_val
ISIC_9239632,0,0.031910226,inner_val
ISIC_9241732,0,0.017353712,inner_val
ISIC_9242891,0,0.18986556,inner_val
ISIC_9245101,0,0.00474032,inner_val
ISIC_9245680,0,0.00083544524,inner_val
ISIC_9246565,0,0.012134834,inner_val
ISIC_9246908,0,0.00011203767,inner_val
ISIC_9252956,0,0.0009660218,inner_val
ISIC_9257356,0,0.00018465299,inner_val
ISIC_9259384,0,0.07125184,inner_val
ISIC_9260499,0,0.00040385674,inner_val
ISIC_9263896,0,0.0121595645,inner_val
ISIC_9263990,0,0.035871606,inner_val
ISIC_9264072,0,0.046095356,inner_val
ISIC_9266841,0,0.0162345,inner_val
ISIC_9272859,0,0.00011563584,inner_val
ISIC_9273568,0,0.0018359683,inner_val
ISIC_9276066,0,0.010395636,inner_val
ISIC_9276479,0,0.01651867,inner_val
ISIC_9277695,0,0.013239513,inner_val
ISIC_9277774,0,0.005560812,inner_val
ISIC_9280358,0,0.026907071,inner_val
ISIC_9281339,0,0.08895761,inner_val
ISIC_9285033,0,0.0002345702,inner_val
ISIC_9286929,0,0.05210526,inner_val
ISIC_9288490,0,0.13369048,inner_val
ISIC_9288923,0,0.00016955165,inner_val
ISIC_9293571,0,0.0020051599,inner_val
ISIC_9293624,0,0.0024388686,inner_val
ISIC_9297537,0,0.029369172,inner_val
ISIC_9298545,0,0.10920175,inner_val
ISIC_9302653,0,0.0007151626,inner_val
ISIC_9304022,0,0.00022881321,inner_val
ISIC_9305113,0,0.03335092,inner_val
ISIC_9305323,0,0.0065189563,inner_val
ISIC_9308275,0,0.0003877333,inner_val
ISIC_9310210,0,0.0006684844,inner_val
ISIC_9311196,0,0.00017950588,inner_val
ISIC_9313377,0,0.019151457,inner_val
ISIC_9314646,0,0.014869131,inner_val
ISIC_9317483,1,0.09028044,inner_val
ISIC_9318528,0,0.0004316467,inner_val
ISIC_9320258,0,0.0008675741,inner_val
ISIC_9321537,0,0.0007595175,inner_val
ISIC_9321837,0,0.0049792966,inner_val
ISIC_9328242,0,0.08036843,inner_val
ISIC_9330103,0,0.013156234,inner_val
ISIC_9333546,0,0.08104917,inner_val
ISIC_9333906,0,0.20751163,inner_val
ISIC_9334145,0,0.0005778006,inner_val
ISIC_9339525,0,0.005011297,inner_val
ISIC_9345294,0,0.00035689067,inner_val
ISIC_9349930,0,0.00017900697,inner_val
ISIC_9350507,0,0.00029294717,inner_val
ISIC_9353895,0,0.0029777945,inner_val
ISIC_9354604,0,0.035875656,inner_val
ISIC_9355671,0,0.00021919863,inner_val
ISIC_9356120,0,0.00021737315,inner_val
ISIC_9356222,0,0.00032459426,inner_val
ISIC_9358532,0,0.00012848695,inner_val
ISIC_9361217,0,0.0010853838,inner_val
ISIC_9367832,0,0.00011975948,inner_val
ISIC_9374187,0,0.011729622,inner_val
ISIC_9374598,0,0.009005109,inner_val
ISIC_9375426,0,0.0007577947,inner_val
ISIC_9375930,0,0.0019678937,inner_val
ISIC_9379545,0,0.018206015,inner_val
ISIC_9379816,0,0.0005634315,inner_val
ISIC_9380275,0,0.01081852,inner_val
ISIC_9383204,0,0.0044252784,inner_val
ISIC_9395707,0,0.0005779389,inner_val
ISIC_9399475,0,0.0005749459,inner_val
ISIC_9401543,0,0.005459272,inner_val
ISIC_9407448,0,0.015040602,inner_val
ISIC_9410044,0,0.00036034195,inner_val
ISIC_9411337,0,0.00010355774,inner_val
ISIC_9416538,0,0.015010137,inner_val
ISIC_9418224,0,0.049680717,inner_val
ISIC_9424172,0,0.047518376,inner_val
ISIC_9426618,0,0.26700866,inner_val
ISIC_9433523,0,0.0005590221,inner_val
ISIC_9437380,0,7.890715e-05,inner_val
ISIC_9437417,0,0.0093281455,inner_val
ISIC_9438607,0,0.009222179,inner_val
ISIC_9440565,0,0.033566426,inner_val
ISIC_9443820,0,0.0004074094,inner_val
ISIC_9448629,0,0.048871066,inner_val
ISIC_9451910,0,0.0077197608,inner_val
ISIC_9453392,0,0.011882937,inner_val
ISIC_9453737,0,0.009958772,inner_val
ISIC_9454024,0,0.00014203663,inner_val
ISIC_9456752,0,0.1578805,inner_val
ISIC_9461940,0,0.004513438,inner_val
ISIC_9461953,0,0.00073691364,inner_val
ISIC_9462738,0,0.0069726515,inner_val
ISIC_9463691,0,0.0012523081,inner_val
ISIC_9463865,0,0.0024559058,inner_val
ISIC_9464203,0,0.1686507,inner_val
ISIC_9466320,0,0.00261892,inner_val
ISIC_9467125,0,0.03470251,inner_val
ISIC_9469079,0,0.046993557,inner_val
ISIC_9470922,0,0.008478482,inner_val
ISIC_9472193,0,0.024666766,inner_val
ISIC_9472725,0,0.008459866,inner_val
ISIC_9475217,0,0.0002614973,inner_val
ISIC_9476273,0,0.0036395076,inner_val
ISIC_9477362,0,0.0014239379,inner_val
ISIC_9477825,0,0.007450957,inner_val
ISIC_9478317,0,0.026381074,inner_val
ISIC_9480417,0,0.034199234,inner_val
ISIC_9482165,0,0.023091549,inner_val
ISIC_9483306,0,0.0001595006,inner_val
ISIC_9485883,0,0.014962723,inner_val
ISIC_9486917,0,0.00045207987,inner_val
ISIC_9487585,0,0.013700852,inner_val
ISIC_9489128,0,0.041685022,inner_val
ISIC_9489813,0,0.010400508,inner_val
ISIC_9492000,0,0.04665599,inner_val
ISIC_9492750,0,0.00027771146,inner_val
ISIC_9492873,0,0.0009932966,inner_val
ISIC_9496098,0,0.000246792,inner_val
ISIC_9496738,0,0.006918621,inner_val
ISIC_9497587,0,0.00013355863,inner_val
ISIC_9498714,0,0.2750933,inner_val
ISIC_9502555,0,0.012491635,inner_val
ISIC_9505910,0,0.0006793137,inner_val
ISIC_9508560,0,0.021031322,inner_val
ISIC_9509345,0,0.013208892,inner_val
ISIC_9511832,0,0.00039984533,inner_val
ISIC_9513953,0,0.00025999077,inner_val
ISIC_9516140,0,0.0003595109,inner_val
ISIC_9516457,0,0.0009934859,inner_val
ISIC_9528709,0,0.047370818,inner_val
ISIC_9531403,0,0.0010825471,inner_val
ISIC_9533977,0,0.035590924,inner_val
ISIC_9537698,0,0.00046028657,inner_val
ISIC_9538004,0,0.0032695758,inner_val
ISIC_9538621,0,0.0033900477,inner_val
ISIC_9542764,0,0.045288906,inner_val
ISIC_9542960,0,0.00021830366,inner_val
ISIC_9543982,0,0.012802964,inner_val
ISIC_9547089,0,0.0015697395,inner_val
ISIC_9547725,1,0.06861079,inner_val
ISIC_9551134,0,0.0003230605,inner_val
ISIC_9552235,0,0.017950214,inner_val
ISIC_9553830,0,0.08318109,inner_val
ISIC_9555044,0,0.00086414284,inner_val
ISIC_9560298,0,0.012309026,inner_val
ISIC_9560639,0,0.0003572324,inner_val
ISIC_9560804,0,0.0977012,inner_val
ISIC_9565194,0,0.014101914,inner_val
ISIC_9574051,0,0.011158568,inner_val
ISIC_9574591,0,0.15433587,inner_val
ISIC_9585329,1,0.037939947,inner_val
ISIC_9585534,0,0.00080872996,inner_val
ISIC_9590673,0,0.012698462,inner_val
ISIC_9593796,0,0.0026563143,inner_val
ISIC_9593940,1,0.086984515,inner_val
ISIC_9595201,0,0.00017149057,inner_val
ISIC_9595988,0,0.00014518805,inner_val
ISIC_9596837,0,0.014563398,inner_val
ISIC_9597728,0,8.748506e-05,inner_val
ISIC_9598453,0,0.0043891454,inner_val
ISIC_9603637,0,0.008225669,inner_val
ISIC_9608861,0,0.003741238,inner_val
ISIC_9610311,0,0.00892509,inner_val
ISIC_9611250,0,0.003940227,inner_val
ISIC_9615579,0,0.0034262955,inner_val
ISIC_9621586,0,0.0008157782,inner_val
ISIC_9625160,0,0.013314298,inner_val
ISIC_9625269,0,0.0023095873,inner_val
ISIC_9625875,0,0.0001643794,inner_val
ISIC_9626843,1,0.0111116385,inner_val
ISIC_9627139,0,0.040280577,inner_val
ISIC_9629024,0,0.009744549,inner_val
ISIC_9631792,0,0.00028891064,inner_val
ISIC_9632917,0,0.008351899,inner_val
ISIC_9633789,0,0.00013454094,inner_val
ISIC_9634018,0,6.6689485e-05,inner_val
ISIC_9636849,0,0.002189068,inner_val
ISIC_9639931,0,0.0001433215,inner_val
ISIC_9641092,0,0.0015492094,inner_val
ISIC_9648696,0,0.00013801713,inner_val
ISIC_9649028,0,0.05578402,inner_val
ISIC_9650774,0,0.038211357,inner_val
ISIC_9651698,0,0.0004649497,inner_val
ISIC_9654537,0,0.00022912868,inner_val
ISIC_9657153,0,0.00022132539,inner_val
ISIC_9659306,0,0.034669854,inner_val
ISIC_9660409,0,0.00013245901,inner_val
ISIC_9662367,0,0.0029815556,inner_val
ISIC_9668646,0,0.0006502253,inner_val
ISIC_9669830,0,0.020437678,inner_val
ISIC_9672482,0,0.009312331,inner_val
ISIC_9672734,0,0.00075360667,inner_val
ISIC_9680071,0,0.0012198833,inner_val
ISIC_9680365,0,0.014361187,inner_val
ISIC_9680911,0,0.02267352,inner_val
ISIC_9684010,0,0.0022703768,inner_val
ISIC_9686296,0,0.009054476,inner_val
ISIC_9690239,0,0.002121088,inner_val
ISIC_9690256,0,0.043850206,inner_val
ISIC_9690371,0,0.011063674,inner_val
ISIC_9691287,0,0.008909358,inner_val
ISIC_9691303,0,0.00071875204,inner_val
ISIC_9691372,0,0.00058296754,inner_val
ISIC_9694663,0,0.043428708,inner_val
ISIC_9696502,0,0.10093137,inner_val
ISIC_9698498,0,0.043266404,inner_val
ISIC_9712479,0,0.0013783606,inner_val
ISIC_9712963,0,0.065598145,inner_val
ISIC_9713959,0,0.0013149937,inner_val
ISIC_9714746,0,0.0006176982,inner_val
ISIC_9716031,0,0.004247155,inner_val
ISIC_9716059,0,0.006709171,inner_val
ISIC_9719576,0,0.16290174,inner_val
ISIC_9719922,0,0.00099135,inner_val
ISIC_9721056,0,0.06035191,inner_val
ISIC_9721312,0,0.00034822727,inner_val
ISIC_9722385,0,0.00081052404,inner_val
ISIC_9724550,0,0.0007783797,inner_val
ISIC_9724720,0,0.06127554,inner_val
ISIC_9725585,0,0.00027118486,inner_val
ISIC_9731969,0,0.00020619921,inner_val
ISIC_9733592,0,0.0003287776,inner_val
ISIC_9739610,0,0.0056816866,inner_val
ISIC_9739881,0,0.010271563,inner_val
ISIC_9743002,0,0.0063401894,inner_val
ISIC_9744755,0,0.0013196649,inner_val
ISIC_9748173,0,0.012220092,inner_val
ISIC_9748543,0,0.0002588466,inner_val
ISIC_9748845,0,0.046544693,inner_val
ISIC_9752880,0,0.0016650502,inner_val
ISIC_9753415,0,0.0049848896,inner_val
ISIC_9755946,0,0.0008254187,inner_val
ISIC_9756791,0,0.06450661,inner_val
ISIC_9757654,0,0.00042348047,inner_val
ISIC_9762609,0,0.020383984,inner_val
ISIC_9764024,0,0.041845113,inner_val
ISIC_9769827,0,0.00032477782,inner_val
ISIC_9772383,0,0.00035898294,inner_val
ISIC_9772465,0,0.08664765,inner_val
ISIC_9773404,0,0.046699192,inner_val
ISIC_9776245,0,0.0019220996,inner_val
ISIC_9776851,0,0.00029796016,inner_val
ISIC_9777543,0,0.0007978479,inner_val
ISIC_9778786,0,0.0015532033,inner_val
ISIC_9781112,0,0.01395508,inner_val
ISIC_9782539,0,0.0017851781,inner_val
ISIC_9786943,0,0.017211938,inner_val
ISIC_9787802,0,0.0012809816,inner_val
ISIC_9788174,0,0.0121120475,inner_val
ISIC_9788341,0,0.0016244759,inner_val
ISIC_9788537,0,0.0062910705,inner_val
ISIC_9790808,0,0.006261672,inner_val
ISIC_9791133,0,0.004062286,inner_val
ISIC_9791811,0,0.004944869,inner_val
ISIC_9792253,0,0.0020713361,inner_val
ISIC_9794538,0,0.0026658906,inner_val
ISIC_9794659,0,0.046200797,inner_val
ISIC_9797003,0,0.00057728373,inner_val
ISIC_9801917,0,0.0042244107,inner_val
ISIC_9806131,0,0.013917951,inner_val
ISIC_9806768,0,0.027014941,inner_val
ISIC_9808161,0,0.0024480403,inner_val
ISIC_9810417,0,0.13029341,inner_val
ISIC_9810847,0,0.0011184302,inner_val
ISIC_9815806,0,0.003099956,inner_val
ISIC_9816203,0,0.050805002,inner_val
ISIC_9821002,1,0.074718006,inner_val
ISIC_9821398,0,0.0018206683,inner_val
ISIC_9821756,0,0.0007718226,inner_val
ISIC_9823162,0,0.004525548,inner_val
ISIC_9824967,0,0.0033795016,inner_val
ISIC_9826482,0,0.026280632,inner_val
ISIC_9828060,0,0.098745726,inner_val
ISIC_9829605,0,9.655886e-05,inner_val
ISIC_9830963,0,0.03249142,inner_val
ISIC_9831378,0,0.0039310562,inner_val
ISIC_9832775,0,0.0114938645,inner_val
ISIC_9834369,0,0.01032117,inner_val
ISIC_9837063,0,0.00057389966,inner_val
ISIC_9837324,0,0.000112207235,inner_val
ISIC_9838270,0,0.0057786023,inner_val
ISIC_9839042,0,0.19224864,inner_val
ISIC_9839324,0,0.089095674,inner_val
ISIC_9839867,0,0.012860327,inner_val
ISIC_9841563,0,0.05461587,inner_val
ISIC_9846081,0,0.0032635892,inner_val
ISIC_9848607,0,0.0012363072,inner_val
ISIC_9848675,0,0.022999855,inner_val
ISIC_9848953,0,0.0018345322,inner_val
ISIC_9853087,0,0.0001474949,inner_val
ISIC_9861225,0,0.005562076,inner_val
ISIC_9865913,0,0.003498646,inner_val
ISIC_9867539,0,0.00022574306,inner_val
ISIC_9868319,0,0.00014836097,inner_val
ISIC_9868388,0,0.013716998,inner_val
ISIC_9870313,0,0.0033506271,inner_val
ISIC_9871124,0,0.0050954362,inner_val
ISIC_9872751,0,0.019476274,inner_val
ISIC_9878449,0,0.0008447051,inner_val
ISIC_9883879,0,0.0053184573,inner_val
ISIC_9888203,0,0.00016177054,inner_val
ISIC_9889373,0,0.001728268,inner_val
ISIC_9890873,0,0.0062828637,inner_val
ISIC_9892318,0,0.002986988,inner_val
ISIC_9893641,0,0.009776672,inner_val
ISIC_9893956,0,0.00018326066,inner_val
ISIC_9894782,0,0.00024036472,inner_val
ISIC_9895220,0,0.004269807,inner_val
ISIC_9895582,0,0.05222649,inner_val
ISIC_9896192,0,0.0003326791,inner_val
ISIC_9898107,0,0.0041420166,inner_val
ISIC_9898447,0,0.03454354,inner_val
ISIC_9900262,0,0.012651785,inner_val
ISIC_9906799,0,0.0062339706,inner_val
ISIC_9907084,0,0.010675995,inner_val
ISIC_9910791,1,0.028134657,inner_val
ISIC_9913573,0,0.024234388,inner_val
ISIC_9915649,0,0.00033653257,inner_val
ISIC_9916654,0,0.00022437914,inner_val
ISIC_9918598,0,0.009880253,inner_val
ISIC_9918806,0,0.15572236,inner_val
ISIC_9924303,0,0.09869282,inner_val
ISIC_9927221,0,0.00012793376,inner_val
ISIC_9931733,0,0.01984803,inner_val
ISIC_9933406,0,0.057217736,inner_val
ISIC_9938316,0,0.0001062349,inner_val
ISIC_9939653,0,0.00011534641,inner_val
ISIC_9940802,0,0.00016298673,inner_val
ISIC_9945620,0,0.00024475637,inner_val
ISIC_9945993,0,0.00015300786,inner_val
ISIC_9951949,0,0.0042216773,inner_val
ISIC_9952872,0,0.010969423,inner_val
ISIC_9955255,0,8.3715684e-05,inner_val
ISIC_9956374,0,0.00088513707,inner_val
ISIC_9957107,0,0.0032341306,inner_val
ISIC_9958346,0,0.08045526,inner_val
ISIC_9959011,0,0.003550194,inner_val
ISIC_9959813,0,0.101643816,inner_val
ISIC_9960578,0,0.0054708594,inner_val
ISIC_9960584,0,0.0161126,inner_val
ISIC_9962329,0,0.0007109112,inner_val
ISIC_9964362,0,0.019219175,inner_val
ISIC_9969263,0,0.0003130853,inner_val
ISIC_9969907,0,0.0002143101,inner_val
ISIC_9970004,0,0.011041319,inner_val
ISIC_9972518,0,0.008338909,inner_val
ISIC_9973322,0,0.018532082,inner_val
ISIC_9973894,0,0.0088853855,inner_val
ISIC_9974613,0,0.00015201679,inner_val
ISIC_9978107,1,0.012628873,inner_val
ISIC_9979765,0,0.0002450578,inner_val
ISIC_9980055,0,0.017194064,inner_val
ISIC_9982060,0,0.0006877981,inner_val
ISIC_9982091,0,0.00072658755,inner_val
ISIC_9986333,0,0.0008309476,inner_val
ISIC_9989082,0,0.017819472,inner_val
ISIC_9989680,0,0.00029291812,inner_val
ISIC_9991492,0,0.00013335577,inner_val
ISIC_9994390,0,0.00013552324,inner_val
ISIC_9996128,0,0.00014651705,inner_val
ISIC_9996662,0,0.00018358017,inner_val
ISIC_9998937,0,0.09849676,inner_val
ISIC_9999127,0,5.3726235e-05,inner_val
ISIC_9999666,0,0.0555021,inner_val
ISIC_0074268,0,0.0003593344,held_fold
ISIC_0074542,0,0.0010813284,held_fold
ISIC_0075914,0,0.00041766537,held_fold
ISIC_0083035,0,8.170556e-05,held_fold
ISIC_0091559,0,0.00048003494,held_fold
ISIC_0095805,0,0.00020187406,held_fold
ISIC_0096328,0,0.003476139,held_fold
ISIC_0109568,0,0.0019383137,held_fold
ISIC_0112097,0,0.00020517547,held_fold
ISIC_0114225,0,0.011749765,held_fold
ISIC_0148751,0,0.0010776345,held_fold
ISIC_0148783,0,0.00020038607,held_fold
ISIC_0153265,0,0.010384178,held_fold
ISIC_0154338,0,0.025742842,held_fold
ISIC_0154872,0,0.0102433795,held_fold
ISIC_0155173,0,0.028085602,held_fold
ISIC_0155273,0,0.017550414,held_fold
ISIC_0155473,0,0.0020555828,held_fold
ISIC_0157530,0,0.0009882541,held_fold
ISIC_0159782,0,0.010703206,held_fold
ISIC_0166935,0,0.00758597,held_fold
ISIC_0170285,0,0.029395772,held_fold
ISIC_0174527,0,0.015320289,held_fold
ISIC_0175837,0,0.019077104,held_fold
ISIC_0179104,0,0.0005506064,held_fold
ISIC_0180660,0,0.00026261012,held_fold
ISIC_0185135,0,0.00035343206,held_fold
ISIC_0185547,0,7.6303986e-05,held_fold
ISIC_0186501,0,0.0019252296,held_fold
ISIC_0189059,0,0.20221984,held_fold
ISIC_0189694,0,0.007841723,held_fold
ISIC_0190725,0,0.006711612,held_fold
ISIC_0191366,0,0.00013184092,held_fold
ISIC_0192490,0,0.00093871105,held_fold
ISIC_0194550,0,0.0008580147,held_fold
ISIC_0194914,0,0.0016758484,held_fold
ISIC_0196399,0,0.01992443,held_fold
ISIC_0199116,0,0.01782625,held_fold
ISIC_0199494,0,0.004857839,held_fold
ISIC_0200153,0,0.00020057723,held_fold
ISIC_0202023,0,0.00020236876,held_fold
ISIC_0202576,0,0.0003029939,held_fold
ISIC_0202680,0,0.023984881,held_fold
ISIC_0203016,0,0.0023325924,held_fold
ISIC_0203233,0,0.0052192393,held_fold
ISIC_0204275,0,0.0008615974,held_fold
ISIC_0206442,0,0.016231256,held_fold
ISIC_0207209,0,0.0025644542,held_fold
ISIC_0209871,0,0.0012081998,held_fold
ISIC_0210308,0,0.0020257602,held_fold
ISIC_0210423,0,0.045312837,held_fold
ISIC_0210830,0,0.021828363,held_fold
ISIC_0213336,0,0.00039510374,held_fold
ISIC_0214335,0,0.115785174,held_fold
ISIC_0220649,0,0.019824225,held_fold
ISIC_0224678,0,0.0057643987,held_fold
ISIC_0224681,0,0.0035865353,held_fold
ISIC_0225245,0,0.0008681654,held_fold
ISIC_0227038,0,0.09274301,held_fold
ISIC_0227532,0,0.00057231064,held_fold
ISIC_0229680,0,0.00013263583,held_fold
ISIC_0232785,0,0.019500325,held_fold
ISIC_0234049,0,5.6091227e-05,held_fold
ISIC_0235728,0,0.059388068,held_fold
ISIC_0236237,0,0.00082568545,held_fold
ISIC_0237862,0,0.00014232732,held_fold
ISIC_0238002,0,0.0009535417,held_fold
ISIC_0238118,0,0.0002473963,held_fold
ISIC_0238711,0,0.00013012286,held_fold
ISIC_0239178,0,0.005780934,held_fold
ISIC_0239843,0,0.028300092,held_fold
ISIC_0247330,1,0.0035488682,held_fold
ISIC_0250069,0,0.0006093671,held_fold
ISIC_0252649,0,0.012462364,held_fold
ISIC_0253516,0,0.010108235,held_fold
ISIC_0254686,0,0.00050010154,held_fold
ISIC_0254698,0,0.002181567,held_fold
ISIC_0257755,0,0.00015435248,held_fold
ISIC_0258065,0,9.7616125e-05,held_fold
ISIC_0260475,0,0.08314051,held_fold
ISIC_0263916,0,0.100062326,held_fold
ISIC_0264941,0,0.0028002851,held_fold
ISIC_0268187,0,0.00025381567,held_fold
ISIC_0270289,0,0.00026057445,held_fold
ISIC_0271408,0,0.0036870681,held_fold
ISIC_0273222,0,0.01008901,held_fold
ISIC_0275661,0,0.00019476931,held_fold
ISIC_0275984,0,0.053676467,held_fold
ISIC_0276435,0,0.002027805,held_fold
ISIC_0277164,0,0.00040518583,held_fold
ISIC_0278021,0,0.0044829124,held_fold
ISIC_0278130,0,0.00019600148,held_fold
ISIC_0280603,0,0.020063087,held_fold
ISIC_0281286,0,8.936851e-05,held_fold
ISIC_0281658,0,0.0133064035,held_fold
ISIC_0282422,0,0.00074091426,held_fold
ISIC_0283511,0,7.896557e-05,held_fold
ISIC_0285157,0,0.00035880107,held_fold
ISIC_0291277,0,0.016189499,held_fold
ISIC_0291282,0,0.00018638367,held_fold
ISIC_0291882,0,0.00012180932,held_fold
ISIC_0292349,0,0.0005100454,held_fold
ISIC_0294170,0,0.009244278,held_fold
ISIC_0294687,0,0.0005854233,held_fold
ISIC_0295507,0,0.01960888,held_fold
ISIC_0295820,0,0.004258354,held_fold
ISIC_0302441,0,0.00012494218,held_fold
ISIC_0305842,0,0.0007716108,held_fold
ISIC_0308127,0,0.00043254156,held_fold
ISIC_0310231,0,0.00080134836,held_fold
ISIC_0311853,0,0.00057971064,held_fold
ISIC_0313067,0,0.041756,held_fold
ISIC_0315631,0,0.00084841246,held_fold
ISIC_0316025,0,0.00010103634,held_fold
ISIC_0319715,0,0.0025482737,held_fold
ISIC_0319928,0,9.82196e-05,held_fold
ISIC_0324255,0,0.00028573172,held_fold
ISIC_0325771,0,0.0024854168,held_fold
ISIC_0326523,0,0.003510941,held_fold
ISIC_0326608,0,0.0036980321,held_fold
ISIC_0338377,0,0.0008352717,held_fold
ISIC_0340995,0,0.00014520604,held_fold
ISIC_0341262,0,0.00030997564,held_fold
ISIC_0341298,0,0.004326138,held_fold
ISIC_0342608,0,0.0048766183,held_fold
ISIC_0344052,0,0.074722685,held_fold
ISIC_0345499,0,0.0007245267,held_fold
ISIC_0347263,0,0.00037624815,held_fold
ISIC_0348633,0,0.0002387376,held_fold
ISIC_0350472,0,0.0004878046,held_fold
ISIC_0354589,0,0.0011110383,held_fold
ISIC_0356611,0,0.0013953595,held_fold
ISIC_0358326,0,0.0056038313,held_fold
ISIC_0358490,0,0.0055911657,held_fold
ISIC_0361034,0,0.00076510996,held_fold
ISIC_0362190,0,0.03168326,held_fold
ISIC_0363130,0,0.0003494734,held_fold
ISIC_0364478,0,0.12718202,held_fold
ISIC_0365410,0,0.011817892,held_fold
ISIC_0370132,0,0.03738239,held_fold
ISIC_0372376,0,0.00012722342,held_fold
ISIC_0372902,0,0.0086862855,held_fold
ISIC_0375073,0,0.012682862,held_fold
ISIC_0379979,0,0.0028203211,held_fold
ISIC_0381169,0,0.037651237,held_fold
ISIC_0381342,0,0.010350373,held_fold
ISIC_0385609,0,0.00015034704,held_fold
ISIC_0385633,0,0.0024867817,held_fold
ISIC_0389629,0,0.0004893939,held_fold
ISIC_0392334,0,0.0026494535,held_fold
ISIC_0392966,0,0.21051408,held_fold
ISIC_0398005,0,0.06026585,held_fold
ISIC_0398069,0,0.0026304754,held_fold
ISIC_0398140,0,0.008920101,held_fold
ISIC_0399416,0,0.039954834,held_fold
ISIC_0400685,0,0.0001842831,held_fold
ISIC_0401078,0,0.113592744,held_fold
ISIC_0401116,0,0.0010898203,held_fold
ISIC_0407005,0,0.0039026518,held_fold
ISIC_0407040,0,0.12737589,held_fold
ISIC_0407905,0,0.020367488,held_fold
ISIC_0409276,0,0.0026865285,held_fold
ISIC_0410824,0,0.087026164,held_fold
ISIC_0413111,0,0.0025327369,held_fold
ISIC_0413372,0,0.07977851,held_fold
ISIC_0413715,0,0.010226035,held_fold
ISIC_0413804,0,0.030095797,held_fold
ISIC_0419212,0,0.0018766026,held_fold
ISIC_0422139,0,0.01253529,held_fold
ISIC_0422225,0,0.030966267,held_fold
ISIC_0423312,0,0.0015633448,held_fold
ISIC_0423395,0,0.010267347,held_fold
ISIC_0423722,0,0.0070239175,held_fold
ISIC_0424784,0,0.00042068042,held_fold
ISIC_0426487,0,0.000117355194,held_fold
ISIC_0427760,0,0.0013668999,held_fold
ISIC_0428656,0,0.055390082,held_fold
ISIC_0430356,0,0.0058776154,held_fold
ISIC_0430837,0,0.06203222,held_fold
ISIC_0430904,0,0.0032079846,held_fold
ISIC_0432077,0,0.0028662155,held_fold
ISIC_0434114,0,0.02088502,held_fold
ISIC_0435434,0,0.0696523,held_fold
ISIC_0437593,0,0.0029866104,held_fold
ISIC_0437828,0,0.019130263,held_fold
ISIC_0439040,0,0.0005891361,held_fold
ISIC_0439839,0,0.014697507,held_fold
ISIC_0440584,0,0.00015337391,held_fold
ISIC_0442290,0,0.08015223,held_fold
ISIC_0443266,0,0.00013918834,held_fold
ISIC_0444347,0,0.039793476,held_fold
ISIC_0445396,0,0.061886106,held_fold
ISIC_0452388,0,0.0063130665,held_fold
ISIC_0460833,0,0.12778632,held_fold
ISIC_0461085,0,0.0009974516,held_fold
ISIC_0463621,0,0.003610371,held_fold
ISIC_0467100,0,7.215794e-05,held_fold
ISIC_0470433,0,0.0013867497,held_fold
ISIC_0473135,0,0.0031618224,held_fold
ISIC_0475718,0,0.0002752833,held_fold
ISIC_0476670,0,0.07528641,held_fold
ISIC_0478571,0,0.01912383,held_fold
ISIC_0479264,0,0.0003631356,held_fold
ISIC_0481425,0,0.012757092,held_fold
ISIC_0481652,0,0.0014361057,held_fold
ISIC_0481910,0,0.0004845938,held_fold
ISIC_0482297,0,0.00017356266,held_fold
ISIC_0483469,0,0.00012715333,held_fold
ISIC_0484568,0,0.0013940511,held_fold
ISIC_0485881,0,0.0010376495,held_fold
ISIC_0490442,0,5.4377862e-05,held_fold
ISIC_0491818,0,0.0050408486,held_fold
ISIC_0493653,0,0.0117235435,held_fold
ISIC_0494046,0,0.00012548448,held_fold
ISIC_0494257,0,0.00073582033,held_fold
ISIC_0494263,0,0.0027298632,held_fold
ISIC_0494383,0,0.0048236977,held_fold
ISIC_0497390,0,0.19646753,held_fold
ISIC_0499554,0,0.014864956,held_fold
ISIC_0500526,0,0.016631745,held_fold
ISIC_0502016,0,0.0001512212,held_fold
ISIC_0502419,0,0.0018575682,held_fold
ISIC_0506617,0,0.0030439356,held_fold
ISIC_0511782,0,0.0018193092,held_fold
ISIC_0512155,0,0.0018287454,held_fold
ISIC_0513488,0,0.07231907,held_fold
ISIC_0514672,0,0.000110158566,held_fold
ISIC_0516337,0,0.003642929,held_fold
ISIC_0516982,0,0.00023430331,held_fold
ISIC_0518459,0,0.00014580834,held_fold
ISIC_0519719,0,0.19354771,held_fold
ISIC_0519765,0,0.03705587,held_fold
ISIC_0522865,0,0.043797154,held_fold
ISIC_0523125,0,0.00047125385,held_fold
ISIC_0526904,0,9.473847e-05,held_fold
ISIC_0527166,0,0.00020125673,held_fold
ISIC_0527170,0,0.010418526,held_fold
ISIC_0527350,0,0.00011055296,held_fold
ISIC_0527593,0,0.0007603021,held_fold
ISIC_0529784,0,0.007301779,held_fold
ISIC_0534529,0,0.00031459148,held_fold
ISIC_0534674,0,0.0068495786,held_fold
ISIC_0538688,0,0.004735409,held_fold
ISIC_0539380,0,0.015882524,held_fold
ISIC_0543132,0,0.06645164,held_fold
ISIC_0545237,0,0.00094296545,held_fold
ISIC_0545322,0,0.0104494635,held_fold
ISIC_0545838,0,0.013426182,held_fold
ISIC_0547769,0,0.04240925,held_fold
ISIC_0547934,0,0.00021187951,held_fold
ISIC_0548904,0,0.0011110065,held_fold
ISIC_0549163,0,0.0002802083,held_fold
ISIC_0549791,0,0.027563162,held_fold
ISIC_0551392,0,0.14841412,held_fold
ISIC_0552911,0,0.010545492,held_fold
ISIC_0554499,0,0.00023112072,held_fold
ISIC_0557109,0,0.011957982,held_fold
ISIC_0558046,0,0.0035917538,held_fold
ISIC_0559481,0,0.00015811114,held_fold
ISIC_0559566,0,0.07999308,held_fold
ISIC_0561295,0,0.00016550104,held_fold
ISIC_0563533,0,0.0001882124,held_fold
ISIC_0563705,0,0.000723509,held_fold
ISIC_0566530,0,0.021572975,held_fold
ISIC_0567142,0,0.012657278,held_fold
ISIC_0570393,0,0.0001977659,held_fold
ISIC_0570742,0,0.005531048,held_fold
ISIC_0571560,0,0.06815877,held_fold
ISIC_0572205,1,0.03672801,held_fold
ISIC_0572450,0,0.00062601845,held_fold
ISIC_0574880,0,0.026845552,held_fold
ISIC_0576265,0,0.006462697,held_fold
ISIC_0576455,0,0.00010277779,held_fold
ISIC_0578534,0,0.00062758266,held_fold
ISIC_0584130,0,0.0059227142,held_fold
ISIC_0586053,0,0.011946877,held_fold
ISIC_0586680,0,0.0005859843,held_fold
ISIC_0588322,0,0.0002664177,held_fold
ISIC_0588855,0,0.0002618101,held_fold
ISIC_0589744,0,0.0041552,held_fold
ISIC_0590790,0,0.00020822033,held_fold
ISIC_0591226,0,0.00020949202,held_fold
ISIC_0592068,0,0.057952598,held_fold
ISIC_0593756,0,0.057131164,held_fold
ISIC_0595018,0,0.0016443155,held_fold
ISIC_0595199,0,0.0043228776,held_fold
ISIC_0595676,0,0.0005001051,held_fold
ISIC_0597581,0,0.04271194,held_fold
ISIC_0599918,0,0.0009785487,held_fold
ISIC_0600789,0,0.0037510386,held_fold
ISIC_0600866,0,0.00011563759,held_fold
ISIC_0601107,0,0.022858962,held_fold
ISIC_0602697,0,0.00034983145,held_fold
ISIC_0605145,0,0.008576573,held_fold
ISIC_0607852,0,0.009512785,held_fold
ISIC_0611629,0,0.002217837,held_fold
ISIC_0612080,0,0.0009385801,held_fold
ISIC_0612624,0,0.116524085,held_fold
ISIC_0615335,0,0.0030660552,held_fold
ISIC_0617442,0,0.0005128413,held_fold
ISIC_0617767,0,0.00029314414,held_fold
ISIC_0619244,0,0.0007888749,held_fold
ISIC_0619848,0,0.034049027,held_fold
ISIC_0621550,0,0.040237077,held_fold
ISIC_0622084,0,0.0057671648,held_fold
ISIC_0622112,0,0.02880035,held_fold
ISIC_0623386,0,9.5297335e-05,held_fold
ISIC_0623857,0,0.053770028,held_fold
ISIC_0623875,0,0.020179978,held_fold
ISIC_0624783,0,0.045643486,held_fold
ISIC_0630780,0,0.043630484,held_fold
ISIC_0632876,0,0.002814135,held_fold
ISIC_0637043,0,8.761071e-05,held_fold
ISIC_0637539,0,0.00045503624,held_fold
ISIC_0638652,0,0.05288657,held_fold
ISIC_0638857,0,0.00029030695,held_fold
ISIC_0641173,0,9.8518634e-05,held_fold
ISIC_0642200,0,0.000450407,held_fold
ISIC_0645116,0,0.0016917984,held_fold
ISIC_0645454,1,0.028084345,held_fold
ISIC_0648752,0,0.00012808475,held_fold
ISIC_0649544,0,0.010100456,held_fold
ISIC_0650027,0,0.037727553,held_fold
ISIC_0653308,0,0.017227802,held_fold
ISIC_0653456,0,0.15597945,held_fold
ISIC_0654104,0,0.066264965,held_fold
ISIC_0654636,0,0.00018719993,held_fold
ISIC_0658225,0,0.00018967454,held_fold
ISIC_0659540,0,0.00032580772,held_fold
ISIC_0660770,0,0.00092898926,held_fold
ISIC_0661120,0,0.0002996292,held_fold
ISIC_0664031,0,0.0035219605,held_fold
ISIC_0666641,0,0.00030332716,held_fold
ISIC_0667136,0,0.01963206,held_fold
ISIC_0667315,0,0.00044704493,held_fold
ISIC_0668739,0,0.0009509941,held_fold
ISIC_0668772,0,0.00015500748,held_fold
ISIC_0668969,0,0.12807067,held_fold
ISIC_0669605,0,0.0055297366,held_fold
ISIC_0671251,0,0.0035547344,held_fold
ISIC_0675972,0,0.0042375587,held_fold
ISIC_0678196,0,0.003000415,held_fold
ISIC_0679359,0,0.052618854,held_fold
ISIC_0679494,0,0.0071214084,held_fold
ISIC_0679553,0,0.0019216167,held_fold
ISIC_0680210,0,0.0018233629,held_fold
ISIC_0682255,0,0.0001657392,held_fold
ISIC_0683259,0,0.0005282223,held_fold
ISIC_0686839,0,0.1491394,held_fold
ISIC_0687823,0,0.00160856,held_fold
ISIC_0690237,0,0.02351404,held_fold
ISIC_0690734,0,0.0009388725,held_fold
ISIC_0691454,0,0.0003585754,held_fold
ISIC_0694033,0,0.04546217,held_fold
ISIC_0694924,0,0.0370778,held_fold
ISIC_0695428,0,0.0006648232,held_fold
ISIC_0697953,0,0.002558587,held_fold
ISIC_0700870,0,0.067408994,held_fold
ISIC_0701455,0,0.0070027113,held_fold
ISIC_0702042,0,0.00018535402,held_fold
ISIC_0702174,0,0.0040897764,held_fold
ISIC_0708542,0,0.0005994405,held_fold
ISIC_0709699,0,0.00012941186,held_fold
ISIC_0712615,0,0.0008083544,held_fold
ISIC_0715115,0,0.0066368734,held_fold
ISIC_0715869,0,0.0002799023,held_fold
ISIC_0716541,0,0.00030550497,held_fold
ISIC_0716674,0,0.01402384,held_fold
ISIC_0718834,0,0.0028801933,held_fold
ISIC_0719631,0,0.0006208867,held_fold
ISIC_0721010,0,0.0311208,held_fold
ISIC_0721819,0,0.00080585014,held_fold
ISIC_0726170,0,0.0012631598,held_fold
ISIC_0727322,0,0.024009435,held_fold
ISIC_0727489,0,7.0352486e-05,held_fold
ISIC_0734540,0,0.032026608,held_fold
ISIC_0737125,0,0.014013216,held_fold
ISIC_0737399,0,0.003665606,held_fold
ISIC_0737883,0,0.00037630968,held_fold
ISIC_0738587,0,0.2897344,held_fold
ISIC_0743096,0,0.019729592,held_fold
ISIC_0744013,1,0.08024439,held_fold
ISIC_0744177,0,0.004857883,held_fold
ISIC_0744553,0,0.000851035,held_fold
ISIC_0745718,0,0.00020693603,held_fold
ISIC_0745721,0,0.000996116,held_fold
ISIC_0746397,0,0.013822392,held_fold
ISIC_0747101,0,0.028352,held_fold
ISIC_0749089,0,0.015846983,held_fold
ISIC_0749263,0,0.00012623348,held_fold
ISIC_0751219,0,0.00048175632,held_fold
ISIC_0752546,0,0.014309448,held_fold
ISIC_0754156,0,0.007829853,held_fold
ISIC_0754561,0,0.0012827049,held_fold
ISIC_0755565,0,0.00017156861,held_fold
ISIC_0760168,0,0.0013455233,held_fold
ISIC_0763140,0,0.0004025831,held_fold
ISIC_0764975,0,0.0042137867,held_fold
ISIC_0765632,0,0.00021111603,held_fold
ISIC_0769854,0,0.0011182416,held_fold
ISIC_0770861,0,0.00386423,held_fold
ISIC_0771151,0,0.00015574916,held_fold
ISIC_0771537,0,0.0005812207,held_fold
ISIC_0772836,0,0.011952975,held_fold
ISIC_0772957,0,0.00040564456,held_fold
ISIC_0786170,0,0.0011497944,held_fold
ISIC_0786233,0,0.0038079491,held_fold
ISIC_0787585,0,0.000976269,held_fold
ISIC_0792805,0,0.00030102703,held_fold
ISIC_0793501,0,0.0012901268,held_fold
ISIC_0796325,0,0.022664176,held_fold
ISIC_0800269,0,0.0008817199,held_fold
ISIC_0809173,0,0.00026317808,held_fold
ISIC_0809241,0,0.0026525334,held_fold
ISIC_0816917,0,0.007806771,held_fold
ISIC_0818621,0,0.00077861303,held_fold
ISIC_0821520,0,0.0024428475,held_fold
ISIC_0822656,0,0.006167498,held_fold
ISIC_0826834,0,0.000115918454,held_fold
ISIC_0828069,0,0.0062237754,held_fold
ISIC_0830131,0,0.016070066,held_fold
ISIC_0830217,0,0.00016291387,held_fold
ISIC_0830876,0,0.025005076,held_fold
ISIC_0834775,0,0.00018126403,held_fold
ISIC_0836546,0,0.01773684,held_fold
ISIC_0843662,0,0.015174891,held_fold
ISIC_0844312,1,0.053464346,held_fold
ISIC_0846482,0,0.007789428,held_fold
ISIC_0846915,0,0.0014765841,held_fold
ISIC_0847420,0,0.005564793,held_fold
ISIC_0849702,0,0.0001967178,held_fold
ISIC_0851556,0,0.090694696,held_fold
ISIC_0852790,0,0.077977315,held_fold
ISIC_0853825,0,0.020776067,held_fold
ISIC_0854335,0,0.00027719536,held_fold
ISIC_0854601,0,0.0026690012,held_fold
ISIC_0859438,0,0.0002713188,held_fold
ISIC_0861128,0,0.0036425535,held_fold
ISIC_0862063,0,0.0063778176,held_fold
ISIC_0864226,0,0.0017849554,held_fold
ISIC_0864527,0,0.079983376,held_fold
ISIC_0867503,0,0.023166781,held_fold
ISIC_0869142,0,0.007243516,held_fold
ISIC_0870696,0,0.00028231088,held_fold
ISIC_0873044,0,0.005774158,held_fold
ISIC_0873923,0,0.029032085,held_fold
ISIC_0877543,0,0.0006689184,held_fold
ISIC_0878530,0,0.00025411785,held_fold
ISIC_0879962,0,0.00061456097,held_fold
ISIC_0882619,0,0.020047793,held_fold
ISIC_0884463,0,0.0005993727,held_fold
ISIC_0884576,0,0.00034877312,held_fold
ISIC_0885048,0,0.0020064246,held_fold
ISIC_0886205,0,0.0007783589,held_fold
ISIC_0886853,0,0.012093109,held_fold
ISIC_0890364,0,0.0020256436,held_fold
ISIC_0892089,0,0.00017368086,held_fold
ISIC_0892980,0,0.0021387322,held_fold
ISIC_0894057,0,0.0012919736,held_fold
ISIC_0896635,0,0.048370406,held_fold
ISIC_0897459,0,0.014846127,held_fold
ISIC_0899891,0,0.017354649,held_fold
ISIC_0899961,0,0.000528493,held_fold
ISIC_0901403,0,0.000780719,held_fold
ISIC_0902830,0,0.0004454434,held_fold
ISIC_0903020,0,0.011915617,held_fold
ISIC_0903175,0,0.0014635461,held_fold
ISIC_0903330,0,0.0012644148,held_fold
ISIC_0903548,0,0.0033513566,held_fold
ISIC_0904214,0,0.00028154295,held_fold
ISIC_0905000,0,0.00041570116,held_fold
ISIC_0906639,0,0.00065778184,held_fold
ISIC_0909206,0,0.0013453914,held_fold
ISIC_0911783,0,0.001512885,held_fold
ISIC_0912196,0,0.000894955,held_fold
ISIC_0914700,0,0.0017368566,held_fold
ISIC_0915750,0,0.0032123409,held_fold
ISIC_0917416,0,0.00064704206,held_fold
ISIC_0918831,0,0.01820012,held_fold
ISIC_0919271,0,0.0010171875,held_fold
ISIC_0920000,0,0.01808046,held_fold
ISIC_0920968,0,0.0011437159,held_fold
ISIC_0924724,0,0.03565623,held_fold
ISIC_0925758,0,0.00029990097,held_fold
ISIC_0928604,0,0.042586032,held_fold
ISIC_0931725,0,0.08086853,held_fold
ISIC_0932862,0,0.04571021,held_fold
ISIC_0937378,0,0.009953513,held_fold
ISIC_0940385,0,0.023782829,held_fold
ISIC_0941085,0,0.0011714558,held_fold
ISIC_0942654,0,0.00022499333,held_fold
ISIC_0944103,0,0.14777796,held_fold
ISIC_0944753,0,0.00013160882,held_fold
ISIC_0951377,0,0.0010812223,held_fold
ISIC_0951438,0,0.05070433,held_fold
ISIC_0952472,1,0.14215459,held_fold
ISIC_0953133,0,0.0268692,held_fold
ISIC_0953500,0,0.0020963426,held_fold
ISIC_0953675,0,0.10392347,held_fold
ISIC_0954841,0,0.022827044,held_fold
ISIC_0958328,0,0.0031400986,held_fold
ISIC_0959863,0,0.0012300793,held_fold
ISIC_0960741,0,0.00017568175,held_fold
ISIC_0962601,0,0.00016866947,held_fold
ISIC_0963117,0,0.00034192586,held_fold
ISIC_0963460,0,0.009001885,held_fold
ISIC_0965224,0,0.004952507,held_fold
ISIC_0966987,0,0.026771715,held_fold
ISIC_0974159,0,0.0041384776,held_fold
ISIC_0977333,0,0.013554796,held_fold
ISIC_0978977,0,0.00045845404,held_fold
ISIC_0980012,0,0.0006186544,held_fold
ISIC_0980513,0,0.00061640824,held_fold
ISIC_0981661,0,0.12861644,held_fold
ISIC_0981883,0,0.0007045644,held_fold
ISIC_0982855,0,0.00065545604,held_fold
ISIC_0983360,0,0.08585388,held_fold
ISIC_0985052,0,0.009744576,held_fold
ISIC_0985863,0,0.016972456,held_fold
ISIC_0987176,0,0.0001849074,held_fold
ISIC_0987757,0,0.03216784,held_fold
ISIC_0988665,0,0.0115925465,held_fold
ISIC_0991133,0,0.00045308552,held_fold
ISIC_0994556,0,0.014238699,held_fold
ISIC_0998408,0,0.0006342959,held_fold
ISIC_0998651,0,8.636489e-05,held_fold
ISIC_1001348,0,0.063440576,held_fold
ISIC_1001562,0,0.09451131,held_fold
ISIC_1002107,0,0.0077784415,held_fold
ISIC_1003703,0,0.00029305334,held_fold
ISIC_1004225,0,0.001873851,held_fold
ISIC_1006632,0,0.0007021052,held_fold
ISIC_1008321,0,0.031114623,held_fold
ISIC_1008609,0,0.00094217516,held_fold
ISIC_1010416,0,7.862301e-05,held_fold
ISIC_1010991,0,0.004965825,held_fold
ISIC_1011089,0,0.0019736672,held_fold
ISIC_1013648,0,0.00011267257,held_fold
ISIC_1015264,0,0.0005827906,held_fold
ISIC_1015644,0,0.0014312208,held_fold
ISIC_1020809,0,0.00036469157,held_fold
ISIC_1022653,0,0.00011955478,held_fold
ISIC_1023685,0,0.0007085499,held_fold
ISIC_1024569,0,0.002551626,held_fold
ISIC_1025009,0,0.0033426604,held_fold
ISIC_1025192,0,0.00064515654,held_fold
ISIC_1029536,0,0.008399928,held_fold
ISIC_1031166,0,0.034105435,held_fold
ISIC_1031178,0,0.00014064819,held_fold
ISIC_1039970,0,0.016812991,held_fold
ISIC_1041406,0,0.00013946016,held_fold
ISIC_1042588,0,0.0055929683,held_fold
ISIC_1046786,0,0.012836921,held_fold
ISIC_1048741,0,0.0017833574,held_fold
ISIC_1048856,0,0.0026046527,held_fold
ISIC_1048895,0,0.047850408,held_fold
ISIC_1050000,0,0.017300777,held_fold
ISIC_1060448,0,0.008435454,held_fold
ISIC_1064163,0,0.02519422,held_fold
ISIC_1066052,0,0.06830221,held_fold
ISIC_1067985,0,0.112925276,held_fold
ISIC_1069960,0,0.0003656104,held_fold
ISIC_1070864,0,0.000100338424,held_fold
ISIC_1070883,0,0.00039090024,held_fold
ISIC_1072321,0,0.00038836367,held_fold
ISIC_1073233,0,0.026351215,held_fold
ISIC_1073350,0,0.0011985074,held_fold
ISIC_1074551,0,0.0012539643,held_fold
ISIC_1075968,0,0.053174578,held_fold
ISIC_1077911,0,0.011811322,held_fold
ISIC_1078563,0,0.0063063153,held_fold
ISIC_1080647,0,0.085722394,held_fold
ISIC_1082020,0,0.0017026697,held_fold
ISIC_1082748,0,0.027169647,held_fold
ISIC_1084154,0,0.0028129832,held_fold
ISIC_1084452,0,0.00046990908,held_fold
ISIC_1085285,0,0.2495049,held_fold
ISIC_1087705,0,0.001071885,held_fold
ISIC_1088190,0,0.04918825,held_fold
ISIC_1096503,0,0.005597904,held_fold
ISIC_1101631,0,0.0003989993,held_fold
ISIC_1106211,0,0.028160471,held_fold
ISIC_1107820,0,0.006323988,held_fold
ISIC_1108178,0,0.0006105461,held_fold
ISIC_1108204,0,0.045287754,held_fold
ISIC_1109485,0,0.01657826,held_fold
ISIC_1109641,0,0.00042407468,held_fold
ISIC_1111050,0,0.00045238528,held_fold
ISIC_1112803,0,0.00022170834,held_fold
ISIC_1114860,0,0.12126839,held_fold
ISIC_1115013,0,0.006759441,held_fold
ISIC_1115266,0,0.005119018,held_fold
ISIC_1115695,0,0.000714654,held_fold
ISIC_1116483,1,0.09492346,held_fold
ISIC_1117976,0,0.0006071415,held_fold
ISIC_1122023,0,0.051029555,held_fold
ISIC_1122524,0,6.2496176e-05,held_fold
ISIC_1124434,1,0.03115242,held_fold
ISIC_1124744,0,0.0049818587,held_fold
ISIC_1126202,0,0.06313696,held_fold
ISIC_1126306,0,0.011998348,held_fold
ISIC_1129508,0,0.012011571,held_fold
ISIC_1130830,0,0.047381695,held_fold
ISIC_1130888,0,0.029672377,held_fold
ISIC_1134319,0,0.0003538651,held_fold
ISIC_1134437,0,0.023316909,held_fold
ISIC_1134882,0,0.0011473338,held_fold
ISIC_1140717,0,0.0014041348,held_fold
ISIC_1141666,0,0.015768288,held_fold
ISIC_1143655,0,0.0014078807,held_fold
ISIC_1144466,0,0.000114334674,held_fold
ISIC_1144769,0,0.041997083,held_fold
ISIC_1147442,0,0.00016500092,held_fold
ISIC_1147795,0,0.001511694,held_fold
ISIC_1148932,0,0.014737924,held_fold
ISIC_1149693,0,0.006812099,held_fold
ISIC_1151910,0,0.11342377,held_fold
ISIC_1153106,0,0.000158448,held_fold
ISIC_1153940,0,0.00030616252,held_fold
ISIC_1154072,0,0.0005340231,held_fold
ISIC_1159773,0,0.062055685,held_fold
ISIC_1160040,0,0.068024345,held_fold
ISIC_1162156,0,0.00043309425,held_fold
ISIC_1163624,0,0.0010801562,held_fold
ISIC_1164612,0,0.017336955,held_fold
ISIC_1166337,0,0.0014609081,held_fold
ISIC_1166522,0,0.005351691,held_fold
ISIC_1166678,0,0.00096620136,held_fold
ISIC_1167108,0,0.00033955675,held_fold
ISIC_1170134,0,0.00284318,held_fold
ISIC_1171646,0,7.464637e-05,held_fold
ISIC_1171655,0,0.0024007063,held_fold
ISIC_1172955,0,0.0013447688,held_fold
ISIC_1176970,0,0.0009877279,held_fold
ISIC_1177505,1,0.06338714,held_fold
ISIC_1178491,0,0.0012652894,held_fold
ISIC_1181483,0,0.05196392,held_fold
ISIC_1182612,0,0.00781529,held_fold
ISIC_1183565,0,0.02060407,held_fold
ISIC_1184373,0,0.013388854,held_fold
ISIC_1185468,0,0.062516205,held_fold
ISIC_1186495,0,0.18263076,held_fold
ISIC_1188141,0,0.00042362438,held_fold
ISIC_1190567,0,0.0036135623,held_fold
ISIC_1190994,0,0.015327742,held_fold
ISIC_1194944,0,0.007031098,held_fold
ISIC_1195254,0,0.00035290176,held_fold
ISIC_1195563,0,0.014842829,held_fold
ISIC_1198047,0,0.00031652983,held_fold
ISIC_1198929,0,0.00011792977,held_fold
ISIC_1202355,0,0.001373416,held_fold
ISIC_1202976,0,0.00049902464,held_fold
ISIC_1203254,0,0.009212881,held_fold
ISIC_1204286,0,0.0016226704,held_fold
ISIC_1206571,0,0.004065679,held_fold
ISIC_1207652,0,0.017889794,held_fold
ISIC_1209492,0,0.00050812843,held_fold
ISIC_1210011,1,0.16088563,held_fold
ISIC_1219427,0,0.0040129474,held_fold
ISIC_1219783,0,0.028809398,held_fold
ISIC_1222905,0,0.15075596,held_fold
ISIC_1224295,0,0.007032573,held_fold
ISIC_1224329,0,0.058776505,held_fold
ISIC_1224650,0,0.034338918,held_fold
ISIC_1225511,0,0.0018984266,held_fold
ISIC_1226868,0,0.0009482892,held_fold
ISIC_1226882,0,0.0013186503,held_fold
ISIC_1227931,0,0.027983936,held_fold
ISIC_1228845,0,0.019727591,held_fold
ISIC_1233068,0,0.009402605,held_fold
ISIC_1233830,0,0.0005893366,held_fold
ISIC_1235053,0,0.00042841706,held_fold
ISIC_1242176,0,0.0011540162,held_fold
ISIC_1242992,0,0.0048887217,held_fold
ISIC_1246630,0,0.00012608671,held_fold
ISIC_1248073,0,0.0025514427,held_fold
ISIC_1248372,0,0.0014673789,held_fold
ISIC_1248876,0,0.0002671301,held_fold
ISIC_1250861,0,0.0015813238,held_fold
ISIC_1251364,0,0.023342779,held_fold
ISIC_1251721,0,0.00071339105,held_fold
ISIC_1257045,0,0.05752647,held_fold
ISIC_1258127,0,0.0061235535,held_fold
ISIC_1258763,0,0.00022873598,held_fold
ISIC_1259465,0,0.00020403849,held_fold
ISIC_1260198,0,0.0024894825,held_fold
ISIC_1261530,0,0.0041579357,held_fold
ISIC_1264725,0,0.003339664,held_fold
ISIC_1265427,0,0.00088316697,held_fold
ISIC_1265609,0,0.0006545064,held_fold
ISIC_1265653,0,0.060327962,held_fold
ISIC_1266707,0,0.0036755216,held_fold
ISIC_1269461,0,6.383937e-05,held_fold
ISIC_1270305,0,0.00050408934,held_fold
ISIC_1270307,0,4.648685e-05,held_fold
ISIC_1272233,0,0.00047983392,held_fold
ISIC_1274851,0,0.00010473186,held_fold
ISIC_1276037,0,0.0025375083,held_fold
ISIC_1281431,0,0.02130037,held_fold
ISIC_1283518,0,0.018914506,held_fold
ISIC_1283950,0,0.000615672,held_fold
ISIC_1284397,0,0.03382731,held_fold
ISIC_1284496,0,0.00013182861,held_fold
ISIC_1285997,0,0.03330738,held_fold
ISIC_1287050,0,0.0003201685,held_fold
ISIC_1287370,0,0.01019093,held_fold
ISIC_1292006,0,0.0669861,held_fold
ISIC_1292165,0,0.0011881075,held_fold
ISIC_1292607,0,0.06787383,held_fold
ISIC_1292799,0,0.005024472,held_fold
ISIC_1296490,0,0.03278789,held_fold
ISIC_1298253,0,0.001964985,held_fold
ISIC_1300318,0,0.00020442017,held_fold
ISIC_1300967,0,0.0017488692,held_fold
ISIC_1301544,0,0.00028029486,held_fold
ISIC_1301591,0,0.0005978369,held_fold
ISIC_1307134,0,0.030344822,held_fold
ISIC_1307396,0,0.0039851647,held_fold
ISIC_1307419,0,0.0021964388,held_fold
ISIC_1309015,0,0.00031936247,held_fold
ISIC_1309130,0,0.014091455,held_fold
ISIC_1313105,0,0.00041469405,held_fold
ISIC_1318137,0,0.008326553,held_fold
ISIC_1318781,0,0.0010547106,held_fold
ISIC_1322621,0,0.04279795,held_fold
ISIC_1326295,0,0.02824035,held_fold
ISIC_1326483,0,7.321943e-05,held_fold
ISIC_1328417,0,0.04784908,held_fold
ISIC_1330242,0,0.0013160349,held_fold
ISIC_1333230,0,0.0020038013,held_fold
ISIC_1336519,0,0.020347103,held_fold
ISIC_1336572,0,0.04481591,held_fold
ISIC_1337144,0,0.00080946164,held_fold
ISIC_1338069,0,0.02747956,held_fold
ISIC_1341106,0,0.046804514,held_fold
ISIC_1341586,0,0.03663124,held_fold
ISIC_1342117,0,0.0024147653,held_fold
ISIC_1342739,0,0.00017382335,held_fold
ISIC_1344537,0,0.04943851,held_fold
ISIC_1344757,0,0.0011510036,held_fold
ISIC_1346695,0,0.0009779345,held_fold
ISIC_1347099,0,0.0001937722,held_fold
ISIC_1348254,0,0.05718921,held_fold
ISIC_1348539,0,0.00016102077,held_fold
ISIC_1348843,0,0.00031810356,held_fold
ISIC_1350519,0,0.0006595514,held_fold
ISIC_1350659,0,0.0016658732,held_fold
ISIC_1351604,0,0.015412868,held_fold
ISIC_1352841,0,0.0849708,held_fold
ISIC_1352911,0,0.009632587,held_fold
ISIC_1353532,0,0.0005092597,held_fold
ISIC_1353653,0,0.004403954,held_fold
ISIC_1355104,0,0.003341382,held_fold
ISIC_1355722,0,0.00072448945,held_fold
ISIC_1358348,0,0.0027652082,held_fold
ISIC_1358527,0,0.0011062304,held_fold
ISIC_1358757,0,0.0004060512,held_fold
ISIC_1360595,0,0.016744114,held_fold
ISIC_1363718,0,0.012763849,held_fold
ISIC_1364848,0,0.0001210255,held_fold
ISIC_1365434,0,0.016736407,held_fold
ISIC_1366993,0,0.1734217,held_fold
ISIC_1370034,0,0.0009841125,held_fold
ISIC_1373468,0,0.005441365,held_fold
ISIC_1376528,0,0.0013469598,held_fold
ISIC_1377409,0,0.0001009669,held_fold
ISIC_1384413,0,0.0007679376,held_fold
ISIC_1384527,0,0.0020359813,held_fold
ISIC_1387456,0,0.013056043,held_fold
ISIC_1388230,0,0.0019739904,held_fold
ISIC_1388984,0,0.0014142252,held_fold
ISIC_1389620,0,0.077011034,held_fold
ISIC_1390308,0,0.0015704884,held_fold
ISIC_1392776,0,0.00074360153,held_fold
ISIC_1394786,0,0.00016495925,held_fold
ISIC_1396573,0,0.0021348442,held_fold
ISIC_1396857,0,0.007638313,held_fold
ISIC_1401235,0,0.027817305,held_fold
ISIC_1403974,0,0.00019873107,held_fold
ISIC_1405391,0,0.059137315,held_fold
ISIC_1410153,0,0.0024286692,held_fold
ISIC_1411384,0,0.018088503,held_fold
ISIC_1412620,0,0.004140353,held_fold
ISIC_1412843,1,0.026534071,held_fold
ISIC_1413366,0,0.00039555068,held_fold
ISIC_1416869,0,0.013309509,held_fold
ISIC_1416995,0,0.046269305,held_fold
ISIC_1418788,0,0.018020183,held_fold
ISIC_1421644,0,0.0020640956,held_fold
ISIC_1422217,0,0.00051943626,held_fold
ISIC_1422429,0,0.020655213,held_fold
ISIC_1424529,0,0.0014246934,held_fold
ISIC_1424655,0,0.00025729893,held_fold
ISIC_1425404,0,0.0014300116,held_fold
ISIC_1429437,0,0.012685926,held_fold
ISIC_1429954,0,0.030241592,held_fold
ISIC_1431332,0,0.0024681555,held_fold
ISIC_1432485,0,0.012037283,held_fold
ISIC_1433739,0,0.001909149,held_fold
ISIC_1434244,0,0.0005528614,held_fold
ISIC_1434340,0,0.006316567,held_fold
ISIC_1436124,0,0.0091990465,held_fold
ISIC_1436341,0,0.0009970047,held_fold
ISIC_1437529,0,0.031453036,held_fold
ISIC_1438382,0,0.0003821899,held_fold
ISIC_1438584,0,0.03557254,held_fold
ISIC_1438669,0,0.0075472766,held_fold
ISIC_1440033,0,0.000121845565,held_fold
ISIC_1442186,0,0.04741997,held_fold
ISIC_1444573,0,0.0141063025,held_fold
ISIC_1446344,0,0.004091109,held_fold
ISIC_1447118,0,0.00024182118,held_fold
ISIC_1447559,0,0.020543959,held_fold
ISIC_1448526,0,0.0073476485,held_fold
ISIC_1449910,0,0.044889685,held_fold
ISIC_1450745,0,0.00039997225,held_fold
ISIC_1451092,0,0.00014183579,held_fold
ISIC_1452412,0,6.2734245e-05,held_fold
ISIC_1456444,0,0.00035233935,held_fold
ISIC_1457263,0,0.0047225,held_fold
ISIC_1458551,0,0.0005855952,held_fold
ISIC_1459948,0,0.061753426,held_fold
ISIC_1461419,0,0.00040920454,held_fold
ISIC_1462268,0,0.0001949789,held_fold
ISIC_1463838,0,0.045556016,held_fold
ISIC_1466584,0,0.00801169,held_fold
ISIC_1467552,0,0.0010925318,held_fold
ISIC_1467583,0,0.060206775,held_fold
ISIC_1470522,0,0.0001319696,held_fold
ISIC_1471649,0,0.009052142,held_fold
ISIC_1472731,0,0.017727911,held_fold
ISIC_1473522,1,0.11340366,held_fold
ISIC_1476176,0,0.0011570867,held_fold
ISIC_1477664,0,0.00089021405,held_fold
ISIC_1478794,0,0.0002490444,held_fold
ISIC_1479729,0,0.0130998865,held_fold
ISIC_1479891,0,0.00010862498,held_fold
ISIC_1483952,0,0.004048558,held_fold
ISIC_1485132,0,0.00044172193,held_fold
ISIC_1485969,0,3.8475766e-05,held_fold
ISIC_1486589,0,0.0006086769,held_fold
ISIC_1490161,0,0.02334088,held_fold
ISIC_1492055,0,0.00091627095,held_fold
ISIC_1493314,0,0.0014274877,held_fold
ISIC_1493565,0,0.0004422541,held_fold
ISIC_1497992,0,0.0008672543,held_fold
ISIC_1500815,0,0.0037559904,held_fold
ISIC_1500843,0,0.0007201308,held_fold
ISIC_1501034,0,0.006244217,held_fold
ISIC_1502140,0,0.010818917,held_fold
ISIC_1502309,0,0.19284613,held_fold
ISIC_1503020,0,0.003021445,held_fold
ISIC_1505951,0,0.002288205,held_fold
ISIC_1506794,0,0.0042082043,held_fold
ISIC_1506912,0,0.00012090197,held_fold
ISIC_1506954,0,0.0008216622,held_fold
ISIC_1507090,0,0.029830953,held_fold
ISIC_1508810,0,0.0018892922,held_fold
ISIC_1510504,0,0.005498263,held_fold
ISIC_1511227,0,0.0024547963,held_fold
ISIC_1511536,0,0.050548844,held_fold
ISIC_1513720,0,0.058868688,held_fold
ISIC_1514117,0,0.0007095179,held_fold
ISIC_1514364,0,0.00016781285,held_fold
ISIC_1514401,0,0.0094369715,held_fold
ISIC_1519645,0,0.002010676,held_fold
ISIC_1519891,0,0.00015635166,held_fold
ISIC_1520897,0,0.021665175,held_fold
ISIC_1528994,0,0.016825277,held_fold
ISIC_1529534,0,0.04570025,held_fold
ISIC_1531548,0,0.112546,held_fold
ISIC_1532403,0,0.00040648764,held_fold
ISIC_1534800,0,0.054102577,held_fold
ISIC_1537566,0,0.00021944102,held_fold
ISIC_1537779,0,0.00062495493,held_fold
ISIC_1541817,0,0.0019340935,held_fold
ISIC_1542389,0,0.08656672,held_fold
ISIC_1543862,0,0.00017017053,held_fold
ISIC_1544093,0,0.0013039962,held_fold
ISIC_1545489,0,0.00028557648,held_fold
ISIC_1545675,0,0.0002794298,held_fold
ISIC_1545851,0,0.025100928,held_fold
ISIC_1548638,0,0.0013010913,held_fold
ISIC_1549857,0,0.034041405,held_fold
ISIC_1550349,0,0.046544373,held_fold
ISIC_1550785,0,0.00038132537,held_fold
ISIC_1552127,0,0.045570653,held_fold
ISIC_1552570,0,0.0834314,held_fold
ISIC_1554843,0,0.0004025706,held_fold
ISIC_1556209,0,0.0030347435,held_fold
ISIC_1556765,0,0.014035291,held_fold
ISIC_1558731,0,0.0009036912,held_fold
ISIC_1561177,0,0.0150625855,held_fold
ISIC_1566312,0,0.00014937906,held_fold
ISIC_1566381,0,0.02954695,held_fold
ISIC_1568752,0,0.0052558538,held_fold
ISIC_1570838,0,0.0005733969,held_fold
ISIC_1573974,0,0.01931387,held_fold
ISIC_1574123,0,0.21436282,held_fold
ISIC_1575396,0,0.00014479955,held_fold
ISIC_1578194,0,0.052005656,held_fold
ISIC_1578811,0,0.00048154136,held_fold
ISIC_1579463,0,0.015569236,held_fold
ISIC_1579497,0,0.00019536151,held_fold
ISIC_1580068,0,0.0057770717,held_fold
ISIC_1584543,0,0.0025760087,held_fold
ISIC_1585511,0,0.0073971576,held_fold
ISIC_1588382,0,0.013912757,held_fold
ISIC_1589136,0,0.04177172,held_fold
ISIC_1589997,1,0.13770005,held_fold
ISIC_1590829,0,0.0010838266,held_fold
ISIC_1593175,0,0.038530845,held_fold
ISIC_1593638,0,0.0019126466,held_fold
ISIC_1594422,0,0.00018738155,held_fold
ISIC_1595157,0,0.0052993456,held_fold
ISIC_1595325,0,0.00083491596,held_fold
ISIC_1597414,0,0.00021305426,held_fold
ISIC_1599163,0,0.00029883042,held_fold
ISIC_1601244,0,0.0030308736,held_fold
ISIC_1603509,0,0.00043541446,held_fold
ISIC_1604935,0,0.0011858897,held_fold
ISIC_1605988,0,0.0006346587,held_fold
ISIC_1608192,0,0.02947538,held_fold
ISIC_1608727,0,0.00025825817,held_fold
ISIC_1610092,0,0.0011784565,held_fold
ISIC_1611600,0,0.00019856439,held_fold
ISIC_1617282,0,0.0059821503,held_fold
ISIC_1617896,0,0.000749958,held_fold
ISIC_1618730,0,0.0002225884,held_fold
ISIC_1624873,0,0.010019519,held_fold
ISIC_1631125,0,0.009306082,held_fold
ISIC_1631397,0,0.00013910157,held_fold
ISIC_1633463,0,0.0010897254,held_fold
ISIC_1635633,0,0.0031248203,held_fold
ISIC_1636849,0,0.000918453,held_fold
ISIC_1637536,0,0.07500614,held_fold
ISIC_1637588,0,8.218951e-05,held_fold
ISIC_1638436,0,0.020412901,held_fold
ISIC_1639011,0,0.00012650822,held_fold
ISIC_1639765,0,0.00080011523,held_fold
ISIC_1640426,0,0.00032753372,held_fold
ISIC_1641301,0,0.002431932,held_fold
ISIC_1641839,0,0.015085525,held_fold
ISIC_1646084,0,0.0004730569,held_fold
ISIC_1648233,0,0.00034220304,held_fold
ISIC_1650523,0,0.0323953,held_fold
ISIC_1652008,0,0.0017360697,held_fold
ISIC_1654183,0,0.008157977,held_fold
ISIC_1654342,1,0.113067694,held_fold
ISIC_1655513,0,0.00020092425,held_fold
ISIC_1656186,0,0.0007422719,held_fold
ISIC_1656452,0,0.009020142,held_fold
ISIC_1664534,0,0.0024391331,held_fold
ISIC_1665248,0,0.016135944,held_fold
ISIC_1674776,0,0.016773745,held_fold
ISIC_1675814,0,0.0013082656,held_fold
ISIC_1676261,0,0.00028540418,held_fold
ISIC_1676826,0,0.0006199084,held_fold
ISIC_1681627,0,0.001258845,held_fold
ISIC_1682693,0,0.0011856784,held_fold
ISIC_1684067,0,0.00018830504,held_fold
ISIC_1684127,1,0.06471405,held_fold
ISIC_1684948,0,0.0044394303,held_fold
ISIC_1685833,0,0.059553318,held_fold
ISIC_1687584,0,0.00064461445,held_fold
ISIC_1688160,0,0.045579903,held_fold
ISIC_1689686,0,7.320519e-05,held_fold
ISIC_1690499,0,0.031924605,held_fold
ISIC_1690909,0,0.00030277504,held_fold
ISIC_1691676,0,0.00014768065,held_fold
ISIC_1692144,0,0.024168652,held_fold
ISIC_1693686,0,0.0014709606,held_fold
ISIC_1693912,0,7.640111e-05,held_fold
ISIC_1695724,0,0.005953992,held_fold
ISIC_1698119,0,0.00067353644,held_fold
ISIC_1700513,0,0.0030861192,held_fold
ISIC_1704026,0,0.075664826,held_fold
ISIC_1708068,0,0.00012979322,held_fold
ISIC_1710179,0,0.0019963935,held_fold
ISIC_1715406,0,0.017068855,held_fold
ISIC_1718418,0,0.0005913608,held_fold
ISIC_1718707,0,0.012215328,held_fold
ISIC_1719236,0,0.0002463977,held_fold
ISIC_1720840,0,0.0013663787,held_fold
ISIC_1723279,0,0.004624792,held_fold
ISIC_1724802,0,0.0006233699,held_fold
ISIC_1725961,0,0.0013150626,held_fold
ISIC_1725997,0,0.00036046596,held_fold
ISIC_1727369,0,0.00014352745,held_fold
ISIC_1728767,0,0.0022809207,held_fold
ISIC_1729465,0,0.035574324,held_fold
ISIC_1732965,0,0.0009861303,held_fold
ISIC_1736706,0,0.00017570939,held_fold
ISIC_1738348,0,0.00065602234,held_fold
ISIC_1740379,0,0.00034264865,held_fold
ISIC_1743974,0,0.010879111,held_fold
ISIC_1744704,0,0.0018006422,held_fold
ISIC_1744817,0,0.0008998394,held_fold
ISIC_1745458,0,0.014304291,held_fold
ISIC_1745477,0,0.0062878793,held_fold
ISIC_1747417,0,0.009074453,held_fold
ISIC_1749857,0,0.0011601754,held_fold
ISIC_1750674,0,0.00033464047,held_fold
ISIC_1752306,0,0.00017991525,held_fold
ISIC_1755832,0,0.038782377,held_fold
ISIC_1756265,0,0.0015575702,held_fold
ISIC_1757212,0,0.25420395,held_fold
ISIC_1758149,0,0.00014525202,held_fold
ISIC_1758558,0,0.023940584,held_fold
ISIC_1761138,0,0.018264603,held_fold
ISIC_1766601,0,0.0019537134,held_fold
ISIC_1768217,0,0.0007047054,held_fold
ISIC_1769724,0,0.004726702,held_fold
ISIC_1772523,0,0.03382437,held_fold
ISIC_1772784,0,0.0003657181,held_fold
ISIC_1777398,0,0.030487277,held_fold
ISIC_1779061,0,0.16834667,held_fold
ISIC_1779443,0,0.035354014,held_fold
ISIC_1780675,0,0.00035572,held_fold
ISIC_1782911,0,0.016046988,held_fold
ISIC_1783021,0,0.0014789425,held_fold
ISIC_1786025,0,0.004968309,held_fold
ISIC_1786309,0,0.057186954,held_fold
ISIC_1788314,0,0.027726902,held_fold
ISIC_1788671,0,9.924752e-05,held_fold
ISIC_1788875,0,0.009375816,held_fold
ISIC_1795959,0,0.019072797,held_fold
ISIC_1800066,0,0.06885124,held_fold
ISIC_1802793,0,0.004898753,held_fold
ISIC_1806497,0,0.004985575,held_fold
ISIC_1807638,0,0.0007798192,held_fold
ISIC_1809912,0,0.0044473615,held_fold
ISIC_1810207,0,0.1900477,held_fold
ISIC_1810790,0,0.02173157,held_fold
ISIC_1813911,0,0.008819163,held_fold
ISIC_1817714,0,0.027866066,held_fold
ISIC_1819358,0,0.0012494487,held_fold
ISIC_1820193,0,0.014551967,held_fold
ISIC_1820389,0,0.00944893,held_fold
ISIC_1825131,0,0.004257181,held_fold
ISIC_1828652,0,0.023771198,held_fold
ISIC_1829378,0,0.030828582,held_fold
ISIC_1830017,0,0.00027785418,held_fold
ISIC_1831304,0,0.029801577,held_fold
ISIC_1832582,0,0.0004152006,held_fold
ISIC_1833138,0,0.00041468852,held_fold
ISIC_1835426,0,0.011575459,held_fold
ISIC_1835970,0,0.01732224,held_fold
ISIC_1837402,0,0.0034193224,held_fold
ISIC_1837609,0,0.011757708,held_fold
ISIC_1838888,0,0.0005933693,held_fold
ISIC_1838904,0,0.045663286,held_fold
ISIC_1840418,0,0.00015534693,held_fold
ISIC_1841825,0,0.010856889,held_fold
ISIC_1841949,0,0.028281,held_fold
ISIC_1844824,0,0.00031459148,held_fold
ISIC_1845271,0,0.0008775334,held_fold
ISIC_1845580,0,0.00016337806,held_fold
ISIC_1846528,0,0.0006611336,held_fold
ISIC_1847200,0,0.00010980241,held_fold
ISIC_1847516,0,0.0018893462,held_fold
ISIC_1847684,0,0.00034948473,held_fold
ISIC_1848300,0,0.00015915923,held_fold
ISIC_1849151,0,0.0054903394,held_fold
ISIC_1849227,0,0.0004285825,held_fold
ISIC_1849442,0,0.010611502,held_fold
ISIC_1850122,0,0.0016959929,held_fold
ISIC_1850388,0,0.014155567,held_fold
ISIC_1852500,0,0.058632348,held_fold
ISIC_1852987,0,0.022077322,held_fold
ISIC_1857587,0,0.006597534,held_fold
ISIC_1858123,0,0.026423635,held_fold
ISIC_1858237,0,0.004104153,held_fold
ISIC_1859531,0,0.0004500105,held_fold
ISIC_1859923,0,0.016392542,held_fold
ISIC_1861580,0,0.010904065,held_fold
ISIC_1863917,0,0.0106957955,held_fold
ISIC_1864109,0,0.00013529613,held_fold
ISIC_1864210,0,0.009292973,held_fold
ISIC_1865060,0,0.0013540591,held_fold
ISIC_1865170,0,0.00012607686,held_fold
ISIC_1867577,0,0.019056264,held_fold
ISIC_1870517,0,0.003948226,held_fold
ISIC_1873035,0,0.0017426736,held_fold
ISIC_1875086,0,0.004722312,held_fold
ISIC_1876799,0,0.00011510381,held_fold
ISIC_1878972,0,0.010042072,held_fold
ISIC_1880540,0,0.2804121,held_fold
ISIC_1881268,0,0.04930646,held_fold
ISIC_1883184,0,0.0005642029,held_fold
ISIC_1883330,0,0.0005790113,held_fold
ISIC_1884256,0,0.0019363684,held_fold
ISIC_1886719,0,0.011581499,held_fold
ISIC_1886756,0,0.0011687469,held_fold
ISIC_1887768,0,0.01185164,held_fold
ISIC_1888148,0,0.00021187727,held_fold
ISIC_1890263,0,0.008296567,held_fold
ISIC_1892887,0,0.46147949,held_fold
ISIC_1896350,0,0.002296584,held_fold
ISIC_1897312,0,0.0011875016,held_fold
ISIC_1897327,0,0.00040655123,held_fold
ISIC_1900721,0,0.0047680396,held_fold
ISIC_1901204,0,0.00012143311,held_fold
ISIC_1901829,0,0.015319937,held_fold
ISIC_1903698,0,0.0009754499,held_fold
ISIC_1904002,0,0.00034374144,held_fold
ISIC_1910458,0,0.00022529323,held_fold
ISIC_1911714,0,0.00064968556,held_fold
ISIC_1912184,0,0.0006098092,held_fold
ISIC_1912589,0,0.00022945068,held_fold
ISIC_1915989,0,0.042712193,held_fold
ISIC_1917554,0,0.0860635,held_fold
ISIC_1917856,0,0.00042879823,held_fold
ISIC_1919196,0,0.036449846,held_fold
ISIC_1919324,0,0.0021301748,held_fold
ISIC_1919829,0,0.09513239,held_fold
ISIC_1920685,0,0.00021893733,held_fold
ISIC_1921387,0,0.0026678715,held_fold
ISIC_1921636,0,0.008435642,held_fold
ISIC_1922234,0,0.030932235,held_fold
ISIC_1922568,0,0.001131018,held_fold
ISIC_1924949,0,0.00014267952,held_fold
ISIC_1925412,0,0.0134274075,held_fold
ISIC_1926530,0,0.0010463903,held_fold
ISIC_1927858,0,0.004926118,held_fold
ISIC_1930598,0,0.0069020237,held_fold
ISIC_1930877,0,0.0064733787,held_fold
ISIC_1931408,0,0.00037839453,held_fold
ISIC_1932632,0,0.00019229314,held_fold
ISIC_1932947,0,0.00012622627,held_fold
ISIC_1933026,0,0.0015905064,held_fold
ISIC_1934097,0,0.0023519322,held_fold
ISIC_1937955,0,0.06522394,held_fold
ISIC_1943439,0,0.078764245,held_fold
ISIC_1943654,0,0.05421143,held_fold
ISIC_1944865,0,0.0005445324,held_fold
ISIC_1945381,0,0.010473948,held_fold
ISIC_1947992,0,0.002254995,held_fold
ISIC_1948751,0,0.005812752,held_fold
ISIC_1950616,0,0.060873628,held_fold
ISIC_1951928,0,0.00502283,held_fold
ISIC_1953808,0,8.69822e-05,held_fold
ISIC_1954547,0,0.0008265683,held_fold
ISIC_1957587,0,0.0002904437,held_fold
ISIC_1958003,0,0.00018348095,held_fold
ISIC_1958612,0,0.008590593,held_fold
ISIC_1959078,0,0.0071938015,held_fold
ISIC_1959939,1,0.08219273,held_fold
ISIC_1964334,0,0.0069867996,held_fold
ISIC_1966916,0,0.005483478,held_fold
ISIC_1970027,0,0.00280294,held_fold
ISIC_1973320,0,0.0001918053,held_fold
ISIC_1974281,0,0.00029867288,held_fold
ISIC_1974530,0,0.0010450648,held_fold
ISIC_1975941,0,0.05177873,held_fold
ISIC_1977265,0,0.0450733,held_fold
ISIC_1977916,0,0.00024440518,held_fold
ISIC_1978228,0,9.503707e-05,held_fold
ISIC_1978426,0,0.00065520813,held_fold
ISIC_1979473,0,0.023683086,held_fold
ISIC_1981133,0,0.0021646668,held_fold
ISIC_1982295,0,0.00091840705,held_fold
ISIC_1983516,0,0.007013403,held_fold
ISIC_1985244,0,0.0061793406,held_fold
ISIC_1985984,0,0.0006717985,held_fold
ISIC_1988336,0,0.0030759752,held_fold
ISIC_1990520,0,0.002675701,held_fold
ISIC_1991054,0,0.001875456,held_fold
ISIC_1991528,0,0.026333982,held_fold
ISIC_1998849,0,0.06553863,held_fold
ISIC_2000184,0,0.026941592,held_fold
ISIC_2001492,0,0.016333109,held_fold
ISIC_2003272,0,0.059513636,held_fold
ISIC_2006783,0,0.03404457,held_fold
ISIC_2009055,0,0.005273164,held_fold
ISIC_2009167,0,0.0004196463,held_fold
ISIC_2010841,0,0.008638157,held_fold
ISIC_2011145,0,0.02302225,held_fold
ISIC_2011758,0,0.0038710714,held_fold
ISIC_2011893,0,0.00072048366,held_fold
ISIC_2014399,0,0.0017715244,held_fold
ISIC_2015441,0,0.012575696,held_fold
ISIC_2016546,0,0.00027335394,held_fold
ISIC_2019110,0,0.0005638497,held_fold
ISIC_2027392,0,0.000366984,held_fold
ISIC_2027490,0,0.0006351017,held_fold
ISIC_2027705,0,0.009417913,held_fold
ISIC_2031177,0,0.043090604,held_fold
ISIC_2035097,0,0.00029784115,held_fold
ISIC_2037324,0,0.0010978538,held_fold
ISIC_2041726,0,0.00012874426,held_fold
ISIC_2045595,0,0.0011835847,held_fold
ISIC_2046079,0,0.009983028,held_fold
ISIC_2048638,0,0.007839656,held_fold
ISIC_2049818,0,0.00011891989,held_fold
ISIC_2049836,0,0.0005407927,held_fold
ISIC_2053045,0,0.038331844,held_fold
ISIC_2056104,0,0.010492615,held_fold
ISIC_2057606,0,0.039058924,held_fold
ISIC_2059085,0,0.017265528,held_fold
ISIC_2059481,0,0.0035501656,held_fold
ISIC_2060078,0,0.08440221,held_fold
ISIC_2061063,0,0.007991774,held_fold
ISIC_2066127,0,0.0015831604,held_fold
ISIC_2066146,0,0.008097253,held_fold
ISIC_2066654,0,0.0021029075,held_fold
ISIC_2067576,0,0.0016919544,held_fold
ISIC_2068866,0,0.0027402588,held_fold
ISIC_2069039,0,0.01253087,held_fold
ISIC_2069765,0,0.012109476,held_fold
ISIC_2070718,0,0.024004517,held_fold
ISIC_2070726,0,0.00047507047,held_fold
ISIC_2071317,0,0.0005978885,held_fold
ISIC_2073994,0,0.020528048,held_fold
ISIC_2074396,0,0.00023145415,held_fold
ISIC_2074764,0,0.00034328853,held_fold
ISIC_2077460,0,0.027818207,held_fold
ISIC_2078053,0,0.00019080625,held_fold
ISIC_2079078,0,0.006651253,held_fold
ISIC_2079121,0,0.003127342,held_fold
ISIC_2079417,0,0.00014439832,held_fold
ISIC_2080351,0,0.00015312023,held_fold
ISIC_2081142,0,0.013985729,held_fold
ISIC_2081489,0,0.009493897,held_fold
ISIC_2087446,0,0.030982688,held_fold
ISIC_2092879,0,0.0012441002,held_fold
ISIC_2094429,0,0.041676395,held_fold
ISIC_2095347,0,0.00024843728,held_fold
ISIC_2099776,0,0.00013404524,held_fold
ISIC_2101624,1,0.14001136,held_fold
ISIC_2102371,0,0.050542537,held_fold
ISIC_2102551,0,0.002516785,held_fold
ISIC_2104487,0,0.01411974,held_fold
ISIC_2108787,0,0.0353413,held_fold
ISIC_2109563,0,0.00014631628,held_fold
ISIC_2120508,0,0.0021071136,held_fold
ISIC_2121292,0,0.00015368484,held_fold
ISIC_2122087,0,0.00021807023,held_fold
ISIC_2123159,0,0.0026849231,held_fold
ISIC_2123488,0,0.00048526592,held_fold
ISIC_2125450,0,0.02444637,held_fold
ISIC_2126248,0,0.00038286543,held_fold
ISIC_2126316,0,0.0005440183,held_fold
ISIC_2127685,0,0.0003392361,held_fold
ISIC_2127820,0,0.0031609358,held_fold
ISIC_2129226,0,0.0001844355,held_fold
ISIC_2129541,0,0.005811339,held_fold
ISIC_2130800,0,0.0049124258,held_fold
ISIC_2131707,0,0.00012294756,held_fold
ISIC_2134858,0,0.0026071104,held_fold
ISIC_2137041,0,0.01829004,held_fold
ISIC_2140115,0,0.02013995,held_fold
ISIC_2142072,0,0.0001183616,held_fold
ISIC_2142232,0,0.00015058264,held_fold
ISIC_2142639,0,0.0011331922,held_fold
ISIC_2148350,0,0.0073734475,held_fold
ISIC_2149030,0,0.0037764378,held_fold
ISIC_2150031,0,0.00048245938,held_fold
ISIC_2151459,0,0.0002603872,held_fold
ISIC_2152051,0,0.009001914,held_fold
ISIC_2152755,0,0.26832378,held_fold
ISIC_2153201,0,0.0040036403,held_fold
ISIC_2153401,1,0.034483995,held_fold
ISIC_2153879,0,0.012323976,held_fold
ISIC_2155898,0,0.04909723,held_fold
ISIC_2159914,0,0.000343228,held_fold
ISIC_2161864,0,0.0008162141,held_fold
ISIC_2161930,0,0.015985165,held_fold
ISIC_2168257,0,0.00029581858,held_fold
ISIC_2168953,0,0.0073559554,held_fold
ISIC_2170531,0,0.0029222395,held_fold
ISIC_2172377,0,0.016864289,held_fold
ISIC_2174204,0,0.0009929881,held_fold
ISIC_2175855,0,0.016493604,held_fold
ISIC_2176370,0,0.0001619088,held_fold
ISIC_2179001,0,0.0014350442,held_fold
ISIC_2180439,0,0.0031375892,held_fold
ISIC_2185831,0,0.0007701045,held_fold
ISIC_2186496,0,0.01115171,held_fold
ISIC_2186828,0,0.00035691654,held_fold
ISIC_2188465,0,0.0002536531,held_fold
ISIC_2192666,0,0.00016816682,held_fold
ISIC_2193761,0,0.00027055162,held_fold
ISIC_2194968,0,0.07372163,held_fold
ISIC_2199969,0,0.063281946,held_fold
ISIC_2200426,0,0.00013514874,held_fold
ISIC_2203306,0,0.09933661,held_fold
ISIC_2205780,0,0.000440479,held_fold
ISIC_2208668,0,0.017623069,held_fold
ISIC_2211136,0,0.054542642,held_fold
ISIC_2212473,1,0.04756307,held_fold
ISIC_2215830,0,0.043436613,held_fold
ISIC_2216526,0,0.033379376,held_fold
ISIC_2217550,0,0.00030813296,held_fold
ISIC_2219050,0,0.0027056758,held_fold
ISIC_2219235,0,0.006358468,held_fold
ISIC_2220508,0,7.1770344e-05,held_fold
ISIC_2222264,0,0.083250314,held_fold
ISIC_2222489,0,0.006354845,held_fold
ISIC_2227830,0,0.025447834,held_fold
ISIC_2228270,0,0.00018682281,held_fold
ISIC_2229251,0,0.00028456055,held_fold
ISIC_2234023,0,0.0145045,held_fold
ISIC_2241173,0,0.009133755,held_fold
ISIC_2241975,0,0.0036408803,held_fold
ISIC_2243353,0,0.00045585618,held_fold
ISIC_2243954,0,0.0026922685,held_fold
ISIC_2244742,0,0.044808086,held_fold
ISIC_2245695,0,0.0006439142,held_fold
ISIC_2248305,0,0.03900693,held_fold
ISIC_2248956,0,0.002826985,held_fold
ISIC_2255492,0,0.018653527,held_fold
ISIC_2262530,0,0.008217543,held_fold
ISIC_2263311,0,0.00033059053,held_fold
ISIC_2265410,0,0.00035212326,held_fold
ISIC_2266011,0,0.006019663,held_fold
ISIC_2266857,0,0.018840069,held_fold
ISIC_2269849,0,0.035436764,held_fold
ISIC_2274871,0,0.08231481,held_fold
ISIC_2275181,0,0.00017873307,held_fold
ISIC_2275624,0,0.0029348542,held_fold
ISIC_2275821,0,0.00068001455,held_fold
ISIC_2276141,0,0.015420199,held_fold
ISIC_2280085,0,0.021105312,held_fold
ISIC_2281048,0,0.011612282,held_fold
ISIC_2282086,0,0.071682245,held_fold
ISIC_2282330,0,0.0014361674,held_fold
ISIC_2282522,0,0.000474826,held_fold
ISIC_2283628,0,0.0022188555,held_fold
ISIC_2284502,0,0.00031349086,held_fold
ISIC_2284633,0,0.005180863,held_fold
ISIC_2295998,0,0.0017881648,held_fold
ISIC_2297858,0,0.00057548756,held_fold
ISIC_2313297,0,0.017364725,held_fold
ISIC_2316159,0,0.00035001023,held_fold
ISIC_2316827,0,0.04772048,held_fold
ISIC_2317156,0,0.00048434647,held_fold
ISIC_2318657,0,0.0014828602,held_fold
ISIC_2318906,0,0.0024868883,held_fold
ISIC_2319122,0,0.00087873003,held_fold
ISIC_2321619,0,0.0013459591,held_fold
ISIC_2321671,0,0.0081437975,held_fold
ISIC_2326984,0,0.012397486,held_fold
ISIC_2328299,0,0.00036126305,held_fold
ISIC_2329701,0,0.00012208933,held_fold
ISIC_2337650,0,0.0155691495,held_fold
ISIC_2337786,0,0.06450637,held_fold
ISIC_2339522,0,0.012656008,held_fold
ISIC_2347774,0,0.00038186883,held_fold
ISIC_2348481,0,0.14801897,held_fold
ISIC_2349386,0,0.00043317824,held_fold
ISIC_2349743,0,6.5337284e-05,held_fold
ISIC_2355513,0,0.0011627775,held_fold
ISIC_2356841,0,0.00030049827,held_fold
ISIC_2357022,0,0.02330061,held_fold
ISIC_2357307,0,0.00015300931,held_fold
ISIC_2364189,0,0.0029446501,held_fold
ISIC_2365588,0,0.010121881,held_fold
ISIC_2366196,0,0.08428584,held_fold
ISIC_2367392,0,0.0033525224,held_fold
ISIC_2370650,0,0.016644072,held_fold
ISIC_2371734,0,0.02444737,held_fold
ISIC_2373071,0,0.00382013,held_fold
ISIC_2374446,0,0.014206143,held_fold
ISIC_2378303,0,0.03329783,held_fold
ISIC_2378495,0,0.00027798218,held_fold
ISIC_2382078,0,0.008073524,held_fold
ISIC_2382323,0,0.013229368,held_fold
ISIC_2383335,0,0.035020303,held_fold
ISIC_2383571,0,0.014587354,held_fold
ISIC_2386668,0,0.105461575,held_fold
ISIC_2387403,0,0.0041065793,held_fold
ISIC_2387634,0,0.002120886,held_fold
ISIC_2394780,0,0.012518132,held_fold
ISIC_2394894,0,0.01014956,held_fold
ISIC_2396480,0,0.00012647723,held_fold
ISIC_2396791,0,0.012523721,held_fold
ISIC_2397307,0,0.000115888506,held_fold
ISIC_2398131,0,0.00045973188,held_fold
ISIC_2399130,0,0.00019082245,held_fold
ISIC_2400177,0,0.010389961,held_fold
ISIC_2401705,0,0.0004588134,held_fold
ISIC_2402717,0,0.00053845707,held_fold
ISIC_2406580,0,0.0007513035,held_fold
ISIC_2406848,0,0.0027705743,held_fold
ISIC_2407132,0,0.00015983814,held_fold
ISIC_2407914,0,0.0037266554,held_fold
ISIC_2408815,1,0.008314835,held_fold
ISIC_2410842,0,0.03789008,held_fold
ISIC_2412426,0,0.07844118,held_fold
ISIC_2413429,0,0.0024188166,held_fold
ISIC_2415030,0,0.00037900516,held_fold
ISIC_2416792,0,0.008489457,held_fold
ISIC_2417638,0,0.03857843,held_fold
ISIC_2418848,0,0.00070031226,held_fold
ISIC_2418954,0,0.0024495265,held_fold
ISIC_2419593,0,0.0051431744,held_fold
ISIC_2420042,0,0.0013935043,held_fold
ISIC_2421521,0,6.5688444e-05,held_fold
ISIC_2425013,0,0.006417218,held_fold
ISIC_2427137,0,0.0005252538,held_fold
ISIC_2428554,0,0.08027496,held_fold
ISIC_2430137,0,0.038251463,held_fold
ISIC_2432058,0,0.038858466,held_fold
ISIC_2434382,0,0.009128479,held_fold
ISIC_2437188,0,0.014135585,held_fold
ISIC_2438067,0,0.00023810407,held_fold
ISIC_2448123,1,0.004514363,held_fold
ISIC_2448210,0,0.00056761724,held_fold
ISIC_2452083,0,0.0117131565,held_fold
ISIC_2452931,0,0.00015342805,held_fold
ISIC_2454475,0,0.12466322,held_fold
ISIC_2457132,0,0.0011860355,held_fold
ISIC_2457369,0,0.0022051258,held_fold
ISIC_2459772,0,0.00022374035,held_fold
ISIC_2462485,0,0.00084321183,held_fold
ISIC_2467125,0,0.00023048233,held_fold
ISIC_2468975,0,7.311317e-05,held_fold
ISIC_2470542,0,0.00022441336,held_fold
ISIC_2476876,0,0.0024305312,held_fold
ISIC_2477888,0,0.00044781438,held_fold
ISIC_2478012,0,0.00052623654,held_fold
ISIC_2480608,0,0.106282294,held_fold
ISIC_2480615,0,0.00063131656,held_fold
ISIC_2481230,0,0.020118332,held_fold
ISIC_2482427,0,0.0003283522,held_fold
ISIC_2482653,0,0.031706586,held_fold
ISIC_2482687,0,0.0046968046,held_fold
ISIC_2484586,0,0.0137191955,held_fold
ISIC_2487061,0,0.14177792,held_fold
ISIC_2489471,0,0.025104875,held_fold
ISIC_2490493,0,0.006918123,held_fold
ISIC_2493432,0,0.0061319545,held_fold
ISIC_2494956,0,0.0007366205,held_fold
ISIC_2495303,0,0.0005397458,held_fold
ISIC_2496053,0,0.0011978066,held_fold
ISIC_2496374,0,0.0014737964,held_fold
ISIC_2499559,0,0.0071426164,held_fold
ISIC_2499678,0,0.002559855,held_fold
ISIC_2500087,0,9.471337e-05,held_fold
ISIC_2502405,0,0.029075783,held_fold
ISIC_2502558,0,6.5790824e-05,held_fold
ISIC_2502855,0,0.0029004687,held_fold
ISIC_2508032,0,0.018258091,held_fold
ISIC_2509736,0,0.00027709786,held_fold
ISIC_2514994,0,0.012446928,held_fold
ISIC_2515324,0,0.002245597,held_fold
ISIC_2518672,0,0.019747404,held_fold
ISIC_2520419,0,0.00043832543,held_fold
ISIC_2521947,0,0.000116666866,held_fold
ISIC_2523922,0,0.0031144088,held_fold
ISIC_2524005,0,0.012836601,held_fold
ISIC_2525084,1,0.1649824,held_fold
ISIC_2527238,0,0.24055338,held_fold
ISIC_2527485,0,0.0012228644,held_fold
ISIC_2533114,0,0.08692101,held_fold
ISIC_2535541,1,0.10521942,held_fold
ISIC_2536728,0,0.04064624,held_fold
ISIC_2538378,0,0.00065301976,held_fold
ISIC_2538571,0,0.01184943,held_fold
ISIC_2539861,0,0.0034949621,held_fold
ISIC_2540408,0,0.013024523,held_fold
ISIC_2541562,0,0.0005590509,held_fold
ISIC_2546094,0,0.015531897,held_fold
ISIC_2550872,0,0.025280656,held_fold
ISIC_2553784,0,0.01090475,held_fold
ISIC_2553976,0,0.00039763574,held_fold
ISIC_2555243,0,0.0015588632,held_fold
ISIC_2555358,0,0.001746791,held_fold
ISIC_2555494,0,0.00061975064,held_fold
ISIC_2558189,0,0.0004892638,held_fold
ISIC_2558439,0,0.068936706,held_fold
ISIC_2559074,0,0.0008654864,held_fold
ISIC_2559472,0,0.036950313,held_fold
ISIC_2560645,0,0.0020772438,held_fold
ISIC_2563840,0,0.0015075173,held_fold
ISIC_2565512,0,0.0007091694,held_fold
ISIC_2565986,0,0.00044749753,held_fold
ISIC_2566365,0,0.02646056,held_fold
ISIC_2570708,0,0.034943633,held_fold
ISIC_2571614,0,0.01443485,held_fold
ISIC_2572530,0,0.0009443172,held_fold
ISIC_2574197,0,0.000808646,held_fold
ISIC_2574344,0,0.0013030613,held_fold
ISIC_2574351,0,0.0002790156,held_fold
ISIC_2579390,0,0.032249313,held_fold
ISIC_2585066,0,0.048348684,held_fold
ISIC_2586708,0,0.0007286862,held_fold
ISIC_2587955,0,0.0042767,held_fold
ISIC_2594290,0,0.00042523548,held_fold
ISIC_2595590,0,0.0014335697,held_fold
ISIC_2596574,0,0.0030247117,held_fold
ISIC_2597342,0,0.0021236571,held_fold
ISIC_2597975,0,0.012903462,held_fold
ISIC_2598702,0,0.0052998536,held_fold
ISIC_2600276,0,0.014580374,held_fold
ISIC_2601156,0,0.0047386466,held_fold
ISIC_2603420,0,0.011743643,held_fold
ISIC_2605567,0,0.005910491,held_fold
ISIC_2606194,0,0.010584382,held_fold
ISIC_2607010,0,0.047278766,held_fold
ISIC_2608471,0,0.00015596452,held_fold
ISIC_2613405,0,0.0025670815,held_fold
ISIC_2616788,0,0.016221887,held_fold
ISIC_2618092,0,0.0034232114,held_fold
ISIC_2620159,0,0.013143964,held_fold
ISIC_2621121,0,0.00027793765,held_fold
ISIC_2621493,0,0.008252215,held_fold
ISIC_2623707,0,0.028406994,held_fold
ISIC_2624189,0,0.0045438893,held_fold
ISIC_2625884,0,0.0507591,held_fold
ISIC_2626310,0,0.0002842582,held_fold
ISIC_2629998,0,0.0044663334,held_fold
ISIC_2632471,0,0.00010789831,held_fold
ISIC_2636012,0,0.00056033384,held_fold
ISIC_2637014,0,0.00063876604,held_fold
ISIC_2641186,0,0.002090975,held_fold
ISIC_2645314,0,0.00052924815,held_fold
ISIC_2645615,0,0.02917264,held_fold
ISIC_2647070,0,0.00022101143,held_fold
ISIC_2649999,0,0.067268826,held_fold
ISIC_2652721,0,0.00030211356,held_fold
ISIC_2653098,0,0.0005668279,held_fold
ISIC_2653824,0,0.020223686,held_fold
ISIC_2654412,0,0.01842011,held_fold
ISIC_2658858,0,0.008959949,held_fold
ISIC_2659107,0,0.0003280631,held_fold
ISIC_2664973,0,0.0816256,held_fold
ISIC_2665039,0,0.027805636,held_fold
ISIC_2665487,0,0.0065848604,held_fold
ISIC_2667784,0,0.0031403047,held_fold
ISIC_2667921,0,0.0010228392,held_fold
ISIC_2671038,0,0.0021309755,held_fold
ISIC_2671727,0,0.017100234,held_fold
ISIC_2672001,0,0.08263869,held_fold
ISIC_2672379,0,0.0005267439,held_fold
ISIC_2672587,0,0.007850108,held_fold
ISIC_2673586,0,0.00038566045,held_fold
ISIC_2676784,0,0.029282274,held_fold
ISIC_2680842,0,0.003498822,held_fold
ISIC_2682861,0,0.00010817935,held_fold
ISIC_2683125,0,0.00047622662,held_fold
ISIC_2684374,0,0.00018967148,held_fold
ISIC_2690733,0,0.0009997012,held_fold
ISIC_2691211,0,0.010956637,held_fold
ISIC_2700320,1,0.08904282,held_fold
ISIC_2700731,0,0.01914923,held_fold
ISIC_2703447,0,0.005861739,held_fold
ISIC_2704072,0,0.11471944,held_fold
ISIC_2705052,0,0.004094571,held_fold
ISIC_2707664,0,0.00021325647,held_fold
ISIC_2709109,0,0.01847759,held_fold
ISIC_2709809,0,0.000101035475,held_fold
ISIC_2710887,0,0.05189267,held_fold
ISIC_2711946,0,0.0023864578,held_fold
ISIC_2716284,0,0.028675664,held_fold
ISIC_2716925,0,0.00024526796,held_fold
ISIC_2717587,0,0.0018177804,held_fold
ISIC_2718135,0,0.0007740415,held_fold
ISIC_2718199,0,0.0006178186,held_fold
ISIC_2719558,0,0.007522605,held_fold
ISIC_2720231,0,0.0006818368,held_fold
ISIC_2721543,0,0.043315068,held_fold
ISIC_2722070,0,0.0017300507,held_fold
ISIC_2729893,0,0.00083763164,held_fold
ISIC_2731386,0,0.00022094989,held_fold
ISIC_2732573,0,0.00013340323,held_fold
ISIC_2732720,0,0.0012182519,held_fold
ISIC_2733043,0,0.003105236,held_fold
ISIC_2734817,0,0.043941103,held_fold
ISIC_2735051,0,0.027055616,held_fold
ISIC_2735720,0,0.0024366886,held_fold
ISIC_2735846,0,0.026322702,held_fold
ISIC_2736793,0,0.008881885,held_fold
ISIC_2738454,0,0.044508874,held_fold
ISIC_2740815,0,0.0019286687,held_fold
ISIC_2741984,0,0.028053522,held_fold
ISIC_2742870,0,9.6615506e-05,held_fold
ISIC_2746191,0,0.016009822,held_fold
ISIC_2746282,0,0.00019608354,held_fold
ISIC_2746974,0,0.0014446278,held_fold
ISIC_2747749,0,0.0013107012,held_fold
ISIC_2748148,0,0.0009439142,held_fold
ISIC_2748736,0,0.00018957672,held_fold
ISIC_2751781,0,0.0012440634,held_fold
ISIC_2751896,0,0.0028914034,held_fold
ISIC_2752297,0,0.0007505786,held_fold
ISIC_2753908,0,0.036572535,held_fold
ISIC_2754170,0,0.04445761,held_fold
ISIC_2754186,0,0.0059498507,held_fold
ISIC_2754616,0,0.0006060142,held_fold
ISIC_2755502,0,0.015107063,held_fold
ISIC_2757414,0,0.0007921805,held_fold
ISIC_2757957,0,0.0030277832,held_fold
ISIC_2763060,0,0.00021533895,held_fold
ISIC_2769292,0,0.0013099781,held_fold
ISIC_2772581,0,0.00068085827,held_fold
ISIC_2773044,0,0.0089422725,held_fold
ISIC_2773261,0,0.018959513,held_fold
ISIC_2773596,0,4.7584534e-05,held_fold
ISIC_2775157,0,0.02001757,held_fold
ISIC_2775638,0,0.07173097,held_fold
ISIC_2776906,1,0.12753086,held_fold
ISIC_2776986,0,0.067685306,held_fold
ISIC_2777137,0,0.00063828164,held_fold
ISIC_2786246,0,0.022787265,held_fold
ISIC_2790561,0,0.04143303,held_fold
ISIC_2793903,0,0.00020972284,held_fold
ISIC_2793989,0,0.047931187,held_fold
ISIC_2795397,0,0.046535254,held_fold
ISIC_2797898,0,0.00040633616,held_fold
ISIC_2799701,0,0.000836215,held_fold
ISIC_2800198,0,0.021580031,held_fold
ISIC_2803212,0,0.00012039061,held_fold
ISIC_2803733,0,0.00032911662,held_fold
ISIC_2805634,0,0.0008877275,held_fold
ISIC_2808187,0,0.0033329227,held_fold
ISIC_2810793,0,0.035980396,held_fold
ISIC_2811847,0,0.0025491794,held_fold
ISIC_2814675,0,0.0014096529,held_fold
ISIC_2817348,0,0.0021949376,held_fold
ISIC_2818530,0,0.0025387045,held_fold
ISIC_2819721,0,0.00046438476,held_fold
ISIC_2820050,0,0.00017261929,held_fold
ISIC_2821172,0,0.00062854524,held_fold
ISIC_2822622,0,0.0057461504,held_fold
ISIC_2823287,1,0.12744673,held_fold
ISIC_2824679,0,0.00025482706,held_fold
ISIC_2829088,0,0.013920571,held_fold
ISIC_2832507,0,0.11676444,held_fold
ISIC_2834175,0,9.44048e-05,held_fold
ISIC_2836038,0,0.000526833,held_fold
ISIC_2837876,0,0.04889873,held_fold
ISIC_2838960,0,0.031474378,held_fold
ISIC_2839053,0,0.016133673,held_fold
ISIC_2840136,0,0.016781265,held_fold
ISIC_2840727,0,0.0009598612,held_fold
ISIC_2841630,0,0.0015061881,held_fold
ISIC_2844085,0,0.011545083,held_fold
ISIC_2845237,0,0.04218528,held_fold
ISIC_2845758,0,0.00014622312,held_fold
ISIC_2847358,0,0.0008492853,held_fold
ISIC_2849717,0,0.0014300204,held_fold
ISIC_2850155,0,8.890001e-05,held_fold
ISIC_2852497,0,0.13097765,held_fold
ISIC_2853981,0,0.03424703,held_fold
ISIC_2855191,0,0.009541149,held_fold
ISIC_2858035,0,0.009303861,held_fold
ISIC_2858419,0,0.00037340185,held_fold
ISIC_2859012,0,0.00054730056,held_fold
ISIC_2860230,0,0.01118661,held_fold
ISIC_2867740,0,0.0017621574,held_fold
ISIC_2871437,0,0.039594818,held_fold
ISIC_2872201,0,0.00018070971,held_fold
ISIC_2875622,0,0.00056685926,held_fold
ISIC_2879257,0,0.00073884847,held_fold
ISIC_2879512,0,0.0011406689,held_fold
ISIC_2887690,0,0.00012449395,held_fold
ISIC_2889208,0,0.0072561973,held_fold
ISIC_2889670,0,0.00076473824,held_fold
ISIC_2889981,0,0.0023217162,held_fold
ISIC_2894223,0,7.972279e-05,held_fold
ISIC_2896341,0,0.0030627789,held_fold
ISIC_2898780,0,0.0006733715,held_fold
ISIC_2898886,0,0.0201686,held_fold
ISIC_2899829,0,0.00015073763,held_fold
ISIC_2901944,0,0.02312508,held_fold
ISIC_2912335,0,0.048727915,held_fold
ISIC_2914304,0,0.00049465674,held_fold
ISIC_2914353,0,0.011519393,held_fold
ISIC_2915930,0,0.024995742,held_fold
ISIC_2917372,0,0.00014884246,held_fold
ISIC_2921679,0,0.022899844,held_fold
ISIC_2922270,0,0.0024084833,held_fold
ISIC_2922381,0,0.03408389,held_fold
ISIC_2924281,0,0.07094984,held_fold
ISIC_2924418,0,0.002411365,held_fold
ISIC_2924748,0,0.032507326,held_fold
ISIC_2924968,0,0.042813294,held_fold
ISIC_2927587,0,0.000110675326,held_fold
ISIC_2928278,0,0.0004090468,held_fold
ISIC_2932418,0,0.008117794,held_fold
ISIC_2935987,0,0.00016903334,held_fold
ISIC_2938284,0,0.008722488,held_fold
ISIC_2939330,0,0.0107775945,held_fold
ISIC_2939734,0,4.206049e-05,held_fold
ISIC_2942057,0,0.050795678,held_fold
ISIC_2945310,0,0.00013378538,held_fold
ISIC_2946999,0,0.002988208,held_fold
ISIC_2947038,0,0.012591207,held_fold
ISIC_2949980,0,0.0019811795,held_fold
ISIC_2951741,0,0.0011188254,held_fold
ISIC_2952684,0,0.00063127297,held_fold
ISIC_2954294,0,0.00020575926,held_fold
ISIC_2955499,0,0.035453185,held_fold
ISIC_2955610,0,0.062487487,held_fold
ISIC_2958240,0,0.0003552687,held_fold
ISIC_2961666,0,0.008228467,held_fold
ISIC_2962753,0,0.00030634442,held_fold
ISIC_2963478,0,0.025277037,held_fold
ISIC_2964397,0,0.00013926455,held_fold
ISIC_2968272,0,0.00015752847,held_fold
ISIC_2969055,0,0.0010164294,held_fold
ISIC_2969301,0,0.00019785664,held_fold
ISIC_2969373,0,0.08336325,held_fold
ISIC_2970632,0,0.15578896,held_fold
ISIC_2974884,0,0.00032429298,held_fold
ISIC_2977336,0,0.009233069,held_fold
ISIC_2979268,1,0.00042556232,held_fold
ISIC_2980633,0,0.017238624,held_fold
ISIC_2982357,0,0.00031723586,held_fold
ISIC_2982883,0,0.002153417,held_fold
ISIC_2984214,0,0.063500874,held_fold
ISIC_2984437,0,0.0052606976,held_fold
ISIC_2984737,0,0.0826981,held_fold
ISIC_2985322,0,0.010753429,held_fold
ISIC_2985753,0,0.024093857,held_fold
ISIC_2985966,0,0.00033694346,held_fold
ISIC_2986014,0,0.000119207594,held_fold
ISIC_2989425,0,0.001044192,held_fold
ISIC_2990228,0,0.0030394762,held_fold
ISIC_2996391,0,0.010270846,held_fold
ISIC_2996668,0,0.020226154,held_fold
ISIC_2998411,0,0.0002359587,held_fold
ISIC_2999582,0,0.007940413,held_fold
ISIC_3003273,0,0.00019425317,held_fold
ISIC_3003513,0,0.0013551841,held_fold
ISIC_3007232,0,0.0018287147,held_fold
ISIC_3008419,0,0.04729835,held_fold
ISIC_3009930,0,7.469935e-05,held_fold
ISIC_3010487,0,0.016150288,held_fold
ISIC_3016696,0,0.0006776161,held_fold
ISIC_3016754,0,0.07018956,held_fold
ISIC_3017950,0,0.0005621631,held_fold
ISIC_3021188,0,0.036947224,held_fold
ISIC_3023901,0,0.001231088,held_fold
ISIC_3024600,0,0.00014316906,held_fold
ISIC_3033120,0,0.0009852016,held_fold
ISIC_3038950,0,0.011481226,held_fold
ISIC_3042091,0,0.00027821868,held_fold
ISIC_3042182,0,0.017094778,held_fold
ISIC_3042558,0,0.0025244674,held_fold
ISIC_3043105,0,0.017127017,held_fold
ISIC_3046710,0,0.0025303217,held_fold
ISIC_3052675,0,0.00040065078,held_fold
ISIC_3054523,0,0.008149108,held_fold
ISIC_3058625,0,0.0012917423,held_fold
ISIC_3060248,0,0.010070359,held_fold
ISIC_3062820,0,0.025959961,held_fold
ISIC_3063260,0,0.006286705,held_fold
ISIC_3063649,0,0.00017513883,held_fold
ISIC_3063923,0,0.03910283,held_fold
ISIC_3065254,0,0.002071829,held_fold
ISIC_3067522,0,0.00020725411,held_fold
ISIC_3070142,0,0.037225977,held_fold
ISIC_3072143,0,0.00035234136,held_fold
ISIC_3072382,0,0.0058630924,held_fold
ISIC_3077866,0,0.051750522,held_fold
ISIC_3078678,0,8.9590016e-05,held_fold
ISIC_3079729,0,0.00016596216,held_fold
ISIC_3080307,0,0.016381128,held_fold
ISIC_3082841,0,0.06881044,held_fold
ISIC_3084791,0,0.013700466,held_fold
ISIC_3088518,0,0.19818792,held_fold
ISIC_3089388,0,0.00022588708,held_fold
ISIC_3090417,0,0.0014060149,held_fold
ISIC_3090572,0,0.00049026165,held_fold
ISIC_3090792,0,0.007007176,held_fold
ISIC_3091420,0,0.006149389,held_fold
ISIC_3092441,0,0.0068802414,held_fold
ISIC_3093025,0,0.053823315,held_fold
ISIC_3093069,0,0.00012002129,held_fold
ISIC_3093810,0,0.00016244293,held_fold
ISIC_3096269,0,0.019190013,held_fold
ISIC_3097899,0,0.005199796,held_fold
ISIC_3097976,0,0.05556426,held_fold
ISIC_3098299,0,0.008049824,held_fold
ISIC_3098342,0,0.0002630331,held_fold
ISIC_3102011,0,0.00057116436,held_fold
ISIC_3105314,0,0.04533877,held_fold
ISIC_3110425,0,0.0007508103,held_fold
ISIC_3110946,0,0.02163177,held_fold
ISIC_3111635,0,0.0013004328,held_fold
ISIC_3114066,0,0.007604801,held_fold
ISIC_3115568,0,0.003336368,held_fold
ISIC_3117977,0,0.0042003025,held_fold
ISIC_3123718,0,0.00020139878,held_fold
ISIC_3123835,0,0.00043476908,held_fold
ISIC_3125078,0,0.005364209,held_fold
ISIC_3125318,0,0.00017151379,held_fold
ISIC_3126161,0,0.010254461,held_fold
ISIC_3126619,0,0.008778777,held_fold
ISIC_3127347,0,0.006798878,held_fold
ISIC_3131821,0,0.00071190373,held_fold
ISIC_3133127,0,0.00032774173,held_fold
ISIC_3134556,0,5.5823668e-05,held_fold
ISIC_3135594,0,0.0003623879,held_fold
ISIC_3136263,0,7.9686535e-05,held_fold
ISIC_3136818,0,0.012263505,held_fold
ISIC_3137003,0,0.0023497648,held_fold
ISIC_3143604,0,0.00070894335,held_fold
ISIC_3145458,0,0.060710024,held_fold
ISIC_3146074,0,0.00046846626,held_fold
ISIC_3147179,0,0.009643361,held_fold
ISIC_3149717,0,0.010250188,held_fold
ISIC_3152572,0,0.00024527218,held_fold
ISIC_3154716,0,0.007734023,held_fold
ISIC_3157046,0,0.0020111746,held_fold
ISIC_3157385,0,0.0049668243,held_fold
ISIC_3157921,0,0.00019132072,held_fold
ISIC_3160147,0,0.049405962,held_fold
ISIC_3160224,0,0.00014584603,held_fold
ISIC_3161358,0,0.039646193,held_fold
ISIC_3161477,0,0.008142066,held_fold
ISIC_3163216,0,0.0007751528,held_fold
ISIC_3165198,0,0.013429998,held_fold
ISIC_3166276,0,0.035749584,held_fold
ISIC_3172196,0,0.0022087,held_fold
ISIC_3172815,0,0.22659954,held_fold
ISIC_3173007,0,0.0007129296,held_fold
ISIC_3175723,0,0.00057094824,held_fold
ISIC_3176296,0,0.00076738826,held_fold
ISIC_3176566,0,0.027837653,held_fold
ISIC_3180108,0,0.004580297,held_fold
ISIC_3180138,0,0.00013861459,held_fold
ISIC_3181358,0,0.0017554215,held_fold
ISIC_3182075,0,0.0023919358,held_fold
ISIC_3183653,0,0.024086619,held_fold
ISIC_3185524,0,0.0101275435,held_fold
ISIC_3186625,0,0.083868824,held_fold
ISIC_3187746,0,0.00041217564,held_fold
ISIC_3188758,0,0.0003686035,held_fold
ISIC_3189075,0,6.926e-05,held_fold
ISIC_3190790,0,0.0054865656,held_fold
ISIC_3191602,0,0.0001264244,held_fold
ISIC_3191646,0,0.046128515,held_fold
ISIC_3196630,0,0.09860951,held_fold
ISIC_3199821,0,0.014436247,held_fold
ISIC_3202724,0,0.000534596,held_fold
ISIC_3203303,0,0.013546504,held_fold
ISIC_3204621,0,0.10438387,held_fold
ISIC_3206207,0,0.0061848955,held_fold
ISIC_3209363,0,0.0009991147,held_fold
ISIC_3209456,0,0.0012462444,held_fold
ISIC_3211631,0,0.0076496853,held_fold
ISIC_3211915,0,0.0013243664,held_fold
ISIC_3212050,0,0.008501819,held_fold
ISIC_3215397,0,0.026173545,held_fold
ISIC_3217658,0,0.010144221,held_fold
ISIC_3218245,0,0.049529187,held_fold
ISIC_3220970,0,0.000875846,held_fold
ISIC_3223762,0,0.0006606432,held_fold
ISIC_3224181,0,0.008070339,held_fold
ISIC_3224643,0,0.00249812,held_fold
ISIC_3224794,0,0.0002861428,held_fold
ISIC_3225754,0,0.004111075,held_fold
ISIC_3226667,0,0.0383014,held_fold
ISIC_3228015,0,0.018297192,held_fold
ISIC_3229171,0,0.00019282226,held_fold
ISIC_3229755,0,0.0074973707,held_fold
ISIC_3230630,0,0.0010212064,held_fold
ISIC_3232329,0,0.01074712,held_fold
ISIC_3235868,0,0.00056372426,held_fold
ISIC_3236964,0,0.000740471,held_fold
ISIC_3242282,0,0.0004391265,held_fold
ISIC_3244067,1,0.023976801,held_fold
ISIC_3246752,0,0.0002260937,held_fold
ISIC_3250584,0,0.06984866,held_fold
ISIC_3251421,0,0.00023745635,held_fold
ISIC_3251951,0,0.0054254197,held_fold
ISIC_3252522,0,0.041672528,held_fold
ISIC_3253484,1,0.07925476,held_fold
ISIC_3256966,0,0.010015268,held_fold
ISIC_3258598,0,0.012880186,held_fold
ISIC_3259494,0,0.008279248,held_fold
ISIC_3260068,0,0.0013146871,held_fold
ISIC_3260211,0,0.0065267924,held_fold
ISIC_3260549,0,0.00396916,held_fold
ISIC_3260571,0,0.00069890346,held_fold
ISIC_3260649,0,0.035905365,held_fold
ISIC_3262153,0,0.06426248,held_fold
ISIC_3264124,0,0.009359161,held_fold
ISIC_3266797,0,0.018767085,held_fold
ISIC_3267259,0,0.00035461583,held_fold
ISIC_3269018,0,0.014019689,held_fold
ISIC_3270588,0,0.017330635,held_fold
ISIC_3272470,0,0.00011937115,held_fold
ISIC_3273115,0,0.08056911,held_fold
ISIC_3277722,0,0.030285554,held_fold
ISIC_3279911,0,0.0006436574,held_fold
ISIC_3287807,0,0.0022002629,held_fold
ISIC_3288342,0,9.3097275e-05,held_fold
ISIC_3292915,0,0.0011052755,held_fold
ISIC_3296079,0,0.0007906266,held_fold
ISIC_3298596,0,0.00012348544,held_fold
ISIC_3299433,0,0.00059598364,held_fold
ISIC_3300710,0,0.00848069,held_fold
ISIC_3301164,0,0.023269221,held_fold
ISIC_3302126,0,0.0004993429,held_fold
ISIC_3305468,0,0.008657718,held_fold
ISIC_3308635,0,0.0016794811,held_fold
ISIC_3310625,0,0.00020868103,held_fold
ISIC_3310739,0,0.00093308435,held_fold
ISIC_3314853,0,0.00081125344,held_fold
ISIC_3315713,0,0.004156029,held_fold
ISIC_3316641,0,0.014434517,held_fold
ISIC_3316688,0,0.005737143,held_fold
ISIC_3318860,0,0.025939688,held_fold
ISIC_3324479,0,0.0011484617,held_fold
ISIC_3326704,0,0.053189036,held_fold
ISIC_3331533,0,0.011598215,held_fold
ISIC_3332207,0,0.040783886,held_fold
ISIC_3332756,0,0.013717383,held_fold
ISIC_3341471,0,0.003491254,held_fold
ISIC_3341710,1,0.38864073,held_fold
ISIC_3341994,0,0.08014343,held_fold
ISIC_3342067,0,0.038974732,held_fold
ISIC_3342276,0,0.009467398,held_fold
ISIC_3345230,0,0.0052671744,held_fold
ISIC_3348086,0,0.029392555,held_fold
ISIC_3348306,0,0.0006405669,held_fold
ISIC_3349107,0,0.0009670855,held_fold
ISIC_3350052,0,0.0066063525,held_fold
ISIC_3351880,0,0.001924559,held_fold
ISIC_3354831,0,0.001434803,held_fold
ISIC_3358896,0,0.00028399407,held_fold
ISIC_3361126,0,0.011009244,held_fold
ISIC_3361690,0,0.00025799067,held_fold
ISIC_3365320,0,0.0015087797,held_fold
ISIC_3365692,0,9.567285e-05,held_fold
ISIC_3370255,0,8.1698316e-05,held_fold
ISIC_3375921,0,0.004024672,held_fold
ISIC_3377082,0,0.00052408583,held_fold
ISIC_3377282,0,0.00043876295,held_fold
ISIC_3378194,0,0.0037294289,held_fold
ISIC_3380212,0,0.046175946,held_fold
ISIC_3382231,0,0.012377377,held_fold
ISIC_3383330,0,0.009122964,held_fold
ISIC_3389740,0,0.0012876518,held_fold
ISIC_3395488,0,0.008161801,held_fold
ISIC_3397583,0,0.028485885,held_fold
ISIC_3397764,0,0.024435956,held_fold
ISIC_3399603,0,0.039910037,held_fold
ISIC_3403144,0,0.0002893652,held_fold
ISIC_3406319,0,8.6021886e-05,held_fold
ISIC_3407960,0,0.036681272,held_fold
ISIC_3408080,0,0.006620117,held_fold
ISIC_3408231,1,0.082694665,held_fold
ISIC_3408383,0,9.3580216e-05,held_fold
ISIC_3410530,0,0.0062836166,held_fold
ISIC_3413657,0,0.0058041387,held_fold
ISIC_3415967,0,0.0026526544,held_fold
ISIC_3416107,1,0.05475371,held_fold
ISIC_3416130,0,0.00013474637,held_fold
ISIC_3420287,0,0.00075673894,held_fold
ISIC_3420831,0,0.114631996,held_fold
ISIC_3424154,0,0.00876676,held_fold
ISIC_3424207,0,0.035045974,held_fold
ISIC_3424634,0,0.00027338235,held_fold
ISIC_3425388,0,0.009333496,held_fold
ISIC_3425896,0,0.02586242,held_fold
ISIC_3426857,0,0.0025133397,held_fold
ISIC_3428559,0,0.03704943,held_fold
ISIC_3428894,0,0.0003272821,held_fold
ISIC_3429014,0,0.00047843202,held_fold
ISIC_3429552,0,0.101570405,held_fold
ISIC_3429860,0,0.03023101,held_fold
ISIC_3431064,0,0.019522022,held_fold
ISIC_3432318,0,0.0057666535,held_fold
ISIC_3434670,0,0.0037127307,held_fold
ISIC_3435747,0,7.524512e-05,held_fold
ISIC_3440002,0,0.00010701617,held_fold
ISIC_3441196,0,0.00028425193,held_fold
ISIC_3441698,0,0.023840178,held_fold
ISIC_3443898,0,0.00031285075,held_fold
ISIC_3444221,0,0.0032433711,held_fold
ISIC_3446591,0,0.0019407342,held_fold
ISIC_3448409,0,0.009112245,held_fold
ISIC_3449079,0,0.0013349513,held_fold
ISIC_3453060,0,0.00036308507,held_fold
ISIC_3456094,0,0.020520482,held_fold
ISIC_3464226,0,0.005902686,held_fold
ISIC_3469260,0,0.020532908,held_fold
ISIC_3469442,0,0.00012930208,held_fold
ISIC_3470824,0,0.025973534,held_fold
ISIC_3474609,0,0.0036279662,held_fold
ISIC_3479948,0,0.0042716404,held_fold
ISIC_3481509,0,0.021213192,held_fold
ISIC_3484722,0,0.00041433805,held_fold
ISIC_3485300,0,0.0013995683,held_fold
ISIC_3485482,0,0.004563217,held_fold
ISIC_3485557,0,0.00047102306,held_fold
ISIC_3488556,0,0.005209301,held_fold
ISIC_3489630,0,0.0057411836,held_fold
ISIC_3492490,0,0.06296793,held_fold
ISIC_3493050,0,0.0023480956,held_fold
ISIC_3496369,0,0.09559984,held_fold
ISIC_3497346,0,0.014477525,held_fold
ISIC_3498983,0,0.003542847,held_fold
ISIC_3499071,0,0.019541495,held_fold
ISIC_3501271,0,0.0008684976,held_fold
ISIC_3502577,0,0.0007140365,held_fold
ISIC_3507444,0,0.12558241,held_fold
ISIC_3507446,0,0.0057677664,held_fold
ISIC_3508192,0,0.017571844,held_fold
ISIC_3509250,0,0.00012739508,held_fold
ISIC_3509838,0,0.0050366055,held_fold
ISIC_3510941,0,0.057349782,held_fold
ISIC_3513367,0,0.067004874,held_fold
ISIC_3520591,0,0.0102251405,held_fold
ISIC_3521736,0,0.000873133,held_fold
ISIC_3521744,0,0.070627294,held_fold
ISIC_3522342,0,0.00022479026,held_fold
ISIC_3523476,0,0.00028681936,held_fold
ISIC_3524546,0,0.00069432467,held_fold
ISIC_3526017,0,0.00024228664,held_fold
ISIC_3526122,0,0.11347608,held_fold
ISIC_3529572,0,0.33021516,held_fold
ISIC_3529778,0,0.00021930358,held_fold
ISIC_3529922,0,0.012654692,held_fold
ISIC_3530337,0,0.027481705,held_fold
ISIC_3534633,0,0.036345214,held_fold
ISIC_3535007,0,0.015007415,held_fold
ISIC_3536858,0,0.0009506625,held_fold
ISIC_3537768,0,0.0008045991,held_fold
ISIC_3543244,0,0.0016483841,held_fold
ISIC_3548927,0,0.092247814,held_fold
ISIC_3549384,0,0.0002287543,held_fold
ISIC_3549984,0,0.016457444,held_fold
ISIC_3550939,0,0.0006084954,held_fold
ISIC_3552245,0,0.058402453,held_fold
ISIC_3556190,0,0.09925435,held_fold
ISIC_3556200,0,0.0005932664,held_fold
ISIC_3556980,0,0.000316433,held_fold
ISIC_3558634,0,0.0011886457,held_fold
ISIC_3559222,0,0.0004955803,held_fold
ISIC_3560466,0,0.013924912,held_fold
ISIC_3561065,1,0.04187329,held_fold
ISIC_3561857,0,0.00020335134,held_fold
ISIC_3563234,0,0.0050047203,held_fold
ISIC_3564263,0,0.045283694,held_fold
ISIC_3564897,0,0.035877284,held_fold
ISIC_3567352,0,0.022617433,held_fold
ISIC_3569794,0,0.00014885707,held_fold
ISIC_3571523,0,0.0004117484,held_fold
ISIC_3575777,0,0.03852976,held_fold
ISIC_3578186,0,0.01161116,held_fold
ISIC_3579477,0,0.004032156,held_fold
ISIC_3579853,0,0.0012035891,held_fold
ISIC_3586480,0,0.000551184,held_fold
ISIC_3586824,0,0.00020611625,held_fold
ISIC_3590167,1,0.018193414,held_fold
ISIC_3592731,0,0.018250091,held_fold
ISIC_3593240,0,0.000257192,held_fold
ISIC_3593382,0,0.0039363587,held_fold
ISIC_3593988,0,0.00043870605,held_fold
ISIC_3594764,0,0.00022728683,held_fold
ISIC_3594774,0,0.013470885,held_fold
ISIC_3595825,0,0.015999895,held_fold
ISIC_3595918,0,0.0010192319,held_fold
ISIC_3596219,0,0.0049753534,held_fold
ISIC_3597277,0,0.0008529818,held_fold
ISIC_3597812,0,0.0002142335,held_fold
ISIC_3597870,0,0.10146305,held_fold
ISIC_3598604,0,0.00024018009,held_fold
ISIC_3599489,0,0.006073678,held_fold
ISIC_3599724,0,0.004750432,held_fold
ISIC_3601052,0,0.00072376,held_fold
ISIC_3601493,0,0.014042273,held_fold
ISIC_3603228,0,0.0013274729,held_fold
ISIC_3603704,0,0.00089576916,held_fold
ISIC_3604100,0,0.00017111718,held_fold
ISIC_3604975,0,3.31492e-05,held_fold
ISIC_3608670,0,0.03567286,held_fold
ISIC_3609265,0,0.010500872,held_fold
ISIC_3609379,0,0.028116532,held_fold
ISIC_3613012,0,0.00046546946,held_fold
ISIC_3621887,0,0.011319494,held_fold
ISIC_3622949,0,0.027213594,held_fold
ISIC_3623868,0,0.035622504,held_fold
ISIC_3624069,0,0.0013212407,held_fold
ISIC_3627732,0,0.0007086536,held_fold
ISIC_3628451,0,0.016957562,held_fold
ISIC_3628831,0,0.008400219,held_fold
ISIC_3631165,0,0.0006389993,held_fold
ISIC_3633227,0,0.0003270251,held_fold
ISIC_3633306,0,0.008530712,held_fold
ISIC_3633436,0,6.6073124e-05,held_fold
ISIC_3633707,0,0.023751006,held_fold
ISIC_3635014,0,0.0047062654,held_fold
ISIC_3635280,0,0.0013711889,held_fold
ISIC_3642011,0,0.0014820399,held_fold
ISIC_3646670,0,0.0003432738,held_fold
ISIC_3649632,0,7.8890975e-05,held_fold
ISIC_3650533,0,0.0018640334,held_fold
ISIC_3651451,0,0.00067027163,held_fold
ISIC_3652884,0,0.00046748263,held_fold
ISIC_3653733,0,0.008731732,held_fold
ISIC_3657135,0,0.0005347553,held_fold
ISIC_3657386,0,0.00010590577,held_fold
ISIC_3658449,0,0.0002598721,held_fold
ISIC_3659906,0,0.0005018342,held_fold
ISIC_3662678,0,0.0018937251,held_fold
ISIC_3665298,0,0.002001397,held_fold
ISIC_3669736,0,0.0035784114,held_fold
ISIC_3670261,0,0.076971576,held_fold
ISIC_3671169,0,0.0069374815,held_fold
ISIC_3671274,0,0.014903081,held_fold
ISIC_3673517,0,0.046342686,held_fold
ISIC_3678586,0,0.013700492,held_fold
ISIC_3678595,0,0.039005093,held_fold
ISIC_3682700,0,0.00039424063,held_fold
ISIC_3686179,0,0.016961155,held_fold
ISIC_3686815,0,0.00013211415,held_fold
ISIC_3687263,0,0.0001489782,held_fold
ISIC_3688362,0,0.0010314878,held_fold
ISIC_3688410,0,0.0075901505,held_fold
ISIC_3691714,0,0.037566178,held_fold
ISIC_3692092,0,0.055486277,held_fold
ISIC_3692753,0,0.00031508433,held_fold
ISIC_3692776,0,0.2502419,held_fold
ISIC_3692952,0,0.045090236,held_fold
ISIC_3693018,0,0.002255498,held_fold
ISIC_3693367,0,0.019347021,held_fold
ISIC_3693934,0,0.00012582177,held_fold
ISIC_3694619,0,0.043480422,held_fold
ISIC_3695635,0,0.00031066735,held_fold
ISIC_3700360,0,0.023472842,held_fold
ISIC_3700928,0,0.039699458,held_fold
ISIC_3701887,0,0.00017949443,held_fold
ISIC_3702454,0,0.00029235566,held_fold
ISIC_3702724,0,0.03457461,held_fold
ISIC_3706973,0,0.015452391,held_fold
ISIC_3709724,0,0.031261943,held_fold
ISIC_3716384,0,0.0040991097,held_fold
ISIC_3716504,0,0.030797517,held_fold
ISIC_3717769,0,0.028115228,held_fold
ISIC_3720117,0,0.0002470842,held_fold
ISIC_3721600,0,0.00017761723,held_fold
ISIC_3723065,0,0.03765101,held_fold
ISIC_3724089,0,0.0013638539,held_fold
ISIC_3724491,0,0.01947333,held_fold
ISIC_3727856,0,0.0018900234,held_fold
ISIC_3729749,0,0.003702047,held_fold
ISIC_3729849,0,0.00020322361,held_fold
ISIC_3730507,0,0.06716794,held_fold
ISIC_3734724,0,0.0063262596,held_fold
ISIC_3734966,0,0.10546858,held_fold
ISIC_3735143,0,0.00024746987,held_fold
ISIC_3737739,0,0.00049873645,held_fold
ISIC_3738157,0,0.04571913,held_fold
ISIC_3740449,0,0.00017027018,held_fold
ISIC_3740798,0,0.08356801,held_fold
ISIC_3742028,0,0.0006139963,held_fold
ISIC_3742633,0,0.00013565783,held_fold
ISIC_3746471,0,0.00016148975,held_fold
ISIC_3746922,0,0.00022228471,held_fold
ISIC_3747575,0,0.00012979546,held_fold
ISIC_3749320,0,0.0036083902,held_fold
ISIC_3753216,0,0.028025934,held_fold
ISIC_3754247,0,0.03333707,held_fold
ISIC_3754466,0,0.00035836556,held_fold
ISIC_3757400,0,0.00081574795,held_fold
ISIC_3760018,0,0.026713194,held_fold
ISIC_3760156,0,0.09529899,held_fold
ISIC_3760796,0,0.053580157,held_fold
ISIC_3761071,0,0.000815985,held_fold
ISIC_3762459,0,0.00041135092,held_fold
ISIC_3768097,0,9.525083e-05,held_fold
ISIC_3769071,0,0.0013606118,held_fold
ISIC_3770380,0,8.368551e-05,held_fold
ISIC_3772941,0,0.0003147751,held_fold
ISIC_3777026,0,0.0009086776,held_fold
ISIC_3779093,0,0.00015213556,held_fold
ISIC_3779424,0,0.00024614882,held_fold
ISIC_3782451,0,0.0005456955,held_fold
ISIC_3783241,0,0.056137975,held_fold
ISIC_3783898,0,0.00073620887,held_fold
ISIC_3784838,0,0.0020947154,held_fold
ISIC_3786438,0,0.00014750095,held_fold
ISIC_3789405,0,0.0023249371,held_fold
ISIC_3791435,0,0.0030052243,held_fold
ISIC_3796594,0,0.0002885184,held_fold
ISIC_3797073,0,0.0050260597,held_fold
ISIC_3797573,0,0.03827647,held_fold
ISIC_3800435,0,0.003544704,held_fold
ISIC_3800470,0,0.004189809,held_fold
ISIC_3807708,0,0.018414224,held_fold
ISIC_3808007,0,0.0069440454,held_fold
ISIC_3809013,0,0.00090853125,held_fold
ISIC_3810274,0,0.054939765,held_fold
ISIC_3814474,0,0.010565837,held_fold
ISIC_3814807,0,0.0050873687,held_fold
ISIC_3816423,0,0.01497336,held_fold
ISIC_3817719,1,0.14452979,held_fold
ISIC_3820232,0,0.0008430884,held_fold
ISIC_3820533,0,0.0080824485,held_fold
ISIC_3821242,1,0.10929829,held_fold
ISIC_3824206,1,0.03815657,held_fold
ISIC_3825762,0,0.00037436245,held_fold
ISIC_3826602,0,7.500542e-05,held_fold
ISIC_3828561,0,0.0064150873,held_fold
ISIC_3830701,0,0.0001474956,held_fold
ISIC_3831858,0,0.01695184,held_fold
ISIC_3832462,0,0.100201085,held_fold
ISIC_3833013,0,0.03620403,held_fold
ISIC_3834379,0,0.015248414,held_fold
ISIC_3835100,0,0.0004246487,held_fold
ISIC_3836174,0,0.005190747,held_fold
ISIC_3844080,0,0.0010646268,held_fold
ISIC_3844151,0,0.0007453013,held_fold
ISIC_3844983,0,0.00034164204,held_fold
ISIC_3846648,0,0.010014445,held_fold
ISIC_3846727,0,0.0016296919,held_fold
ISIC_3849316,0,0.0015731796,held_fold
ISIC_3852802,0,0.0027799571,held_fold
ISIC_3856233,0,0.006764607,held_fold
ISIC_3856926,0,0.00055305293,held_fold
ISIC_3858113,0,0.00095887907,held_fold
ISIC_3858798,0,0.020886486,held_fold
ISIC_3859068,0,0.019026447,held_fold
ISIC_3863610,0,0.00092593837,held_fold
ISIC_3864842,0,0.003029796,held_fold
ISIC_3865993,0,0.0061653065,held_fold
ISIC_3866054,0,0.00015719446,held_fold
ISIC_3866641,0,0.0016228156,held_fold
ISIC_3866946,0,0.001790294,held_fold
ISIC_3871230,0,0.01538395,held_fold
ISIC_3871414,0,0.02930371,held_fold
ISIC_3871468,0,0.259223,held_fold
ISIC_3872019,0,0.006597327,held_fold
ISIC_3877974,0,0.00018603622,held_fold
ISIC_3878213,0,0.015369988,held_fold
ISIC_3880459,0,0.0006052456,held_fold
ISIC_3881573,0,0.0034641412,held_fold
ISIC_3882374,0,0.00045191872,held_fold
ISIC_3882400,0,0.00034277214,held_fold
ISIC_3884285,0,0.0009159588,held_fold
ISIC_3884719,0,0.017125249,held_fold
ISIC_3887465,0,0.011636832,held_fold
ISIC_3888054,0,0.00016411407,held_fold
ISIC_3888070,0,0.00037857835,held_fold
ISIC_3888550,0,0.0015721994,held_fold
ISIC_3888713,0,0.0024447748,held_fold
ISIC_3892185,0,0.0037735524,held_fold
ISIC_3894224,0,0.048131473,held_fold
ISIC_3906303,0,0.004088553,held_fold
ISIC_3911901,0,0.103714705,held_fold
ISIC_3913561,0,0.00076071447,held_fold
ISIC_3915289,0,7.735517e-05,held_fold
ISIC_3916565,0,0.0249,held_fold
ISIC_3919752,0,0.00019355043,held_fold
ISIC_3931132,0,0.015902428,held_fold
ISIC_3933658,0,0.009414937,held_fold
ISIC_3942947,0,0.015153719,held_fold
ISIC_3945469,0,7.04878e-05,held_fold
ISIC_3945984,0,0.014893205,held_fold
ISIC_3946914,0,0.008925347,held_fold
ISIC_3948041,0,0.00038025176,held_fold
ISIC_3948221,0,0.0036269268,held_fold
ISIC_3948344,0,0.006061198,held_fold
ISIC_3950408,0,0.0007165027,held_fold
ISIC_3950474,0,0.0051912544,held_fold
ISIC_3950753,0,0.00020238536,held_fold
ISIC_3951677,0,0.09581586,held_fold
ISIC_3951907,0,0.20588174,held_fold
ISIC_3952030,0,0.030151963,held_fold
ISIC_3952709,0,0.0008133759,held_fold
ISIC_3956335,0,0.0025935464,held_fold
ISIC_3956570,0,0.01976706,held_fold
ISIC_3957475,0,0.0018652173,held_fold
ISIC_3958111,0,0.0006699807,held_fold
ISIC_3959262,0,0.004373856,held_fold
ISIC_3959888,0,0.019630538,held_fold
ISIC_3961101,0,0.00047067655,held_fold
ISIC_3963183,1,0.081607625,held_fold
ISIC_3965872,0,0.0015763344,held_fold
ISIC_3966717,0,0.014348579,held_fold
ISIC_3971712,0,0.0001845706,held_fold
ISIC_3971920,0,0.0029539329,held_fold
ISIC_3972249,0,0.058626343,held_fold
ISIC_3972569,0,0.001471612,held_fold
ISIC_3975133,0,0.0042122547,held_fold
ISIC_3975143,0,0.030190662,held_fold
ISIC_3975294,0,0.005497895,held_fold
ISIC_3975427,0,6.9049565e-05,held_fold
ISIC_3975743,0,0.016246537,held_fold
ISIC_3976718,0,4.7257618e-05,held_fold
ISIC_3978040,0,0.00065832556,held_fold
ISIC_3978732,0,0.00031522525,held_fold
ISIC_3979323,0,0.018357983,held_fold
ISIC_3981900,0,0.00034647319,held_fold
ISIC_3985273,0,0.00011642293,held_fold
ISIC_3990092,0,0.0018033439,held_fold
ISIC_3990124,0,0.013606493,held_fold
ISIC_3992201,0,0.06124376,held_fold
ISIC_3997331,0,0.043807264,held_fold
ISIC_3998204,0,0.02532851,held_fold
ISIC_3998579,0,0.03977679,held_fold
ISIC_4003877,0,0.0012061836,held_fold
ISIC_4015361,0,0.00011400708,held_fold
ISIC_4015764,0,0.00036150645,held_fold
ISIC_4022642,0,0.041776665,held_fold
ISIC_4024333,0,0.010087506,held_fold
ISIC_4026943,0,0.005263096,held_fold
ISIC_4032638,0,0.0002077107,held_fold
ISIC_4039290,0,0.007979999,held_fold
ISIC_4042947,0,0.02431212,held_fold
ISIC_4043580,0,0.0003206808,held_fold
ISIC_4045231,0,0.005849049,held_fold
ISIC_4046045,0,0.0022485156,held_fold
ISIC_4047707,0,0.070351325,held_fold
ISIC_4048449,0,0.00016168265,held_fold
ISIC_4048509,0,0.0014376465,held_fold
ISIC_4049598,0,0.0008876646,held_fold
ISIC_4049855,0,0.0003055414,held_fold
ISIC_4050422,0,0.00026568916,held_fold
ISIC_4052597,0,0.007680663,held_fold
ISIC_4052659,0,0.00746231,held_fold
ISIC_4053220,0,0.00015888251,held_fold
ISIC_4056017,0,0.026654603,held_fold
ISIC_4056158,0,0.00018179281,held_fold
ISIC_4057501,0,0.00012273871,held_fold
ISIC_4057921,0,0.005988448,held_fold
ISIC_4063097,0,0.00290325,held_fold
ISIC_4063390,0,0.01670223,held_fold
ISIC_4064041,0,0.00032082145,held_fold
ISIC_4065034,0,0.02253985,held_fold
ISIC_4065779,0,0.0015833994,held_fold
ISIC_4066013,0,0.00090932543,held_fold
ISIC_4066094,0,0.020557866,held_fold
ISIC_4066314,0,0.005647561,held_fold
ISIC_4071099,0,0.00037576281,held_fold
ISIC_4072073,0,0.00011332878,held_fold
ISIC_4074537,0,0.00039669508,held_fold
ISIC_4076162,0,0.00035071184,held_fold
ISIC_4077664,0,0.0015948223,held_fold
ISIC_4082318,0,0.013343428,held_fold
ISIC_4082515,0,0.012705547,held_fold
ISIC_4084359,0,0.00013600405,held_fold
ISIC_4084878,0,0.0024969403,held_fold
ISIC_4086323,0,0.0043700603,held_fold
ISIC_4086529,0,0.002116128,held_fold
ISIC_4090161,0,0.0004205319,held_fold
ISIC_4090811,0,7.577828e-05,held_fold
ISIC_4092249,0,0.020758659,held_fold
ISIC_4092478,0,0.00017205335,held_fold
ISIC_4093484,0,8.174897e-05,held_fold
ISIC_4094763,0,0.00034261402,held_fold
ISIC_4095559,0,0.012182536,held_fold
ISIC_4098925,0,0.010551265,held_fold
ISIC_4099428,0,0.024811696,held_fold
ISIC_4100970,0,0.00034746603,held_fold
ISIC_4102250,0,7.991102e-05,held_fold
ISIC_4103653,0,0.00011763102,held_fold
ISIC_4104378,0,0.0061287936,held_fold
ISIC_4109725,0,0.028881121,held_fold
ISIC_4110997,0,0.002751512,held_fold
ISIC_4112392,0,0.0008882314,held_fold
ISIC_4112409,0,0.00040475727,held_fold
ISIC_4113246,0,0.009351078,held_fold
ISIC_4116553,0,0.010113308,held_fold
ISIC_4118525,0,0.006140938,held_fold
ISIC_4120704,0,0.0067931167,held_fold
ISIC_4123007,0,0.0003291003,held_fold
ISIC_4124060,0,0.00048184788,held_fold
ISIC_4127016,0,0.0014244696,held_fold
ISIC_4127065,0,0.0053648353,held_fold
ISIC_4129321,0,0.007940198,held_fold
ISIC_4129443,0,0.06015738,held_fold
ISIC_4129493,0,0.0004741561,held_fold
ISIC_4135058,0,0.00022572883,held_fold
ISIC_4136663,0,0.00032580088,held_fold
ISIC_4137198,0,0.06725117,held_fold
ISIC_4140008,0,0.0005519842,held_fold
ISIC_4141898,0,0.0003544593,held_fold
ISIC_4142019,0,0.00032831592,held_fold
ISIC_4143831,0,0.0619904,held_fold
ISIC_4145671,0,0.018636037,held_fold
ISIC_4147166,0,0.014690728,held_fold
ISIC_4147328,0,0.00027988284,held_fold
ISIC_4150885,0,0.00040316666,held_fold
ISIC_4152689,0,0.0010754736,held_fold
ISIC_4155471,0,0.0008995792,held_fold
ISIC_4156010,0,7.8076555e-05,held_fold
ISIC_4157955,0,0.006810334,held_fold
ISIC_4158555,0,0.0011989914,held_fold
ISIC_4159272,0,0.0009761224,held_fold
ISIC_4160773,0,0.012757506,held_fold
ISIC_4163930,0,0.00015163676,held_fold
ISIC_4164955,0,0.08513484,held_fold
ISIC_4166364,0,0.0003181997,held_fold
ISIC_4167053,0,0.006002116,held_fold
ISIC_4170698,1,0.030898662,held_fold
ISIC_4172470,0,0.00023731511,held_fold
ISIC_4174479,0,0.001307543,held_fold
ISIC_4174614,0,0.011354962,held_fold
ISIC_4174983,0,0.01298645,held_fold
ISIC_4181595,0,0.009073159,held_fold
ISIC_4181628,0,0.04304972,held_fold
ISIC_4187393,0,0.01507376,held_fold
ISIC_4187485,0,0.01762449,held_fold
ISIC_4190595,0,0.00091072574,held_fold
ISIC_4190900,0,0.029191611,held_fold
ISIC_4191094,0,0.025475444,held_fold
ISIC_4191215,0,0.011136156,held_fold
ISIC_4191363,0,0.00043182063,held_fold
ISIC_4192383,0,3.2445776e-05,held_fold
ISIC_4195837,0,0.00011654034,held_fold
ISIC_4196596,0,0.00048137616,held_fold
ISIC_4200081,0,0.0004214009,held_fold
ISIC_4205242,0,0.01850189,held_fold
ISIC_4209411,0,0.00013303685,held_fold
ISIC_4210857,0,0.0007380549,held_fold
ISIC_4211868,0,0.000636935,held_fold
ISIC_4212259,0,0.0010401565,held_fold
ISIC_4216169,0,0.016946184,held_fold
ISIC_4220279,0,0.06738667,held_fold
ISIC_4220326,0,0.0001589845,held_fold
ISIC_4222616,0,0.0014474576,held_fold
ISIC_4223575,0,0.028534634,held_fold
ISIC_4227209,0,0.001209206,held_fold
ISIC_4227377,0,0.005676334,held_fold
ISIC_4228971,0,0.001568386,held_fold
ISIC_4231346,0,0.004060118,held_fold
ISIC_4232172,0,0.0005989065,held_fold
ISIC_4237064,0,0.00048038858,held_fold
ISIC_4237725,0,0.00017759658,held_fold
ISIC_4241286,0,0.016400933,held_fold
ISIC_4243470,0,0.0049923453,held_fold
ISIC_4243801,0,0.0022014598,held_fold
ISIC_4245634,0,0.0018388159,held_fold
ISIC_4247917,0,0.06388111,held_fold
ISIC_4248187,0,0.0003191762,held_fold
ISIC_4249243,0,0.0002788353,held_fold
ISIC_4253348,0,6.108483e-05,held_fold
ISIC_4254687,0,0.00048383567,held_fold
ISIC_4255013,0,5.6679684e-05,held_fold
ISIC_4257634,0,0.0041528624,held_fold
ISIC_4259290,0,0.1989679,held_fold
ISIC_4262670,0,0.00012678417,held_fold
ISIC_4264422,0,0.00041786133,held_fold
ISIC_4265307,0,0.07704343,held_fold
ISIC_4266533,1,0.028477795,held_fold
ISIC_4270163,0,0.0027377398,held_fold
ISIC_4271110,0,0.00014132306,held_fold
ISIC_4277163,0,0.0007516329,held_fold
ISIC_4281745,0,0.038932692,held_fold
ISIC_4282783,0,0.00025606086,held_fold
ISIC_4285297,0,0.014394475,held_fold
ISIC_4287463,0,0.0005337758,held_fold
ISIC_4288709,0,0.00025775662,held_fold
ISIC_4289345,0,0.013396718,held_fold
ISIC_4289906,0,0.00016601535,held_fold
ISIC_4294705,0,0.00028739552,held_fold
ISIC_4300983,0,0.007318471,held_fold
ISIC_4301050,0,0.0061169313,held_fold
ISIC_4301302,0,0.0049469527,held_fold
ISIC_4301919,0,0.0061551593,held_fold
ISIC_4303228,0,0.0005029064,held_fold
ISIC_4304068,0,0.001145251,held_fold
ISIC_4309183,0,8.01103e-05,held_fold
ISIC_4310834,0,0.01915315,held_fold
ISIC_4311544,0,0.06471901,held_fold
ISIC_4311592,0,0.07895799,held_fold
ISIC_4312470,0,0.027664626,held_fold
ISIC_4312804,0,0.022354342,held_fold
ISIC_4314577,0,0.008412683,held_fold
ISIC_4316501,0,0.00040674425,held_fold
ISIC_4319859,0,0.000105408464,held_fold
ISIC_4319945,0,0.00036062958,held_fold
ISIC_4320200,0,0.00014100081,held_fold
ISIC_4321815,0,0.00068529084,held_fold
ISIC_4322822,0,0.00032625935,held_fold
ISIC_4323160,0,0.01694605,held_fold
ISIC_4323391,0,0.00012727609,held_fold
ISIC_4325003,0,0.00010901972,held_fold
ISIC_4327046,0,0.11821452,held_fold
ISIC_4327358,0,0.00029190473,held_fold
ISIC_4327535,0,0.00074683636,held_fold
ISIC_4329598,0,0.036802556,held_fold
ISIC_4330796,0,0.00012885504,held_fold
ISIC_4331481,0,0.14912386,held_fold
ISIC_4331936,0,0.00022961154,held_fold
ISIC_4332771,0,0.033937246,held_fold
ISIC_4335758,0,0.002959412,held_fold
ISIC_4336409,0,0.042357113,held_fold
ISIC_4338927,0,0.02872959,held_fold
ISIC_4340139,0,0.0019279289,held_fold
ISIC_4340509,0,0.011769166,held_fold
ISIC_4341875,0,0.025342206,held_fold
ISIC_4342416,0,0.0836651,held_fold
ISIC_4343129,0,0.012932167,held_fold
ISIC_4343552,0,0.00012423661,held_fold
ISIC_4343836,0,0.00040914095,held_fold
ISIC_4344540,0,0.0069903443,held_fold
ISIC_4345015,0,0.013582679,held_fold
ISIC_4347590,0,0.00015579032,held_fold
ISIC_4348896,0,0.0030272664,held_fold
ISIC_4349418,0,0.05856398,held_fold
ISIC_4350924,0,0.013279446,held_fold
ISIC_4351077,0,0.008262102,held_fold
ISIC_4351248,0,0.0774159,held_fold
ISIC_4351814,0,0.009328331,held_fold
ISIC_4352700,0,0.05734276,held_fold
ISIC_4355518,0,0.054194048,held_fold
ISIC_4357596,0,0.011703606,held_fold
ISIC_4358017,0,0.0037323143,held_fold
ISIC_4360127,0,0.0013330297,held_fold
ISIC_4363398,0,0.00022655293,held_fold
ISIC_4364788,0,0.000488388,held_fold
ISIC_4365093,0,0.08091688,held_fold
ISIC_4366175,0,0.00020492033,held_fold
ISIC_4366213,0,0.00015031837,held_fold
ISIC_4369035,0,0.00019914078,held_fold
ISIC_4369062,0,0.000108026485,held_fold
ISIC_4373563,0,0.00036191763,held_fold
ISIC_4375524,0,0.0025721607,held_fold
ISIC_4377193,0,0.01841743,held_fold
ISIC_4378851,0,0.028379276,held_fold
ISIC_4379502,0,0.014733319,held_fold
ISIC_4380268,0,0.0020211113,held_fold
ISIC_4381427,0,0.00021499697,held_fold
ISIC_4389708,0,0.00013125427,held_fold
ISIC_4391894,0,0.014695098,held_fold
ISIC_4393704,0,0.0051541873,held_fold
ISIC_4393733,0,0.025028117,held_fold
ISIC_4397068,0,0.00017429571,held_fold
ISIC_4397755,0,0.0002129253,held_fold
ISIC_4400140,0,0.013883787,held_fold
ISIC_4404036,0,0.009959534,held_fold
ISIC_4405986,0,0.0005587443,held_fold
ISIC_4409067,0,0.003771339,held_fold
ISIC_4410725,0,0.031501867,held_fold
ISIC_4412821,0,0.011984248,held_fold
ISIC_4415049,0,0.048724495,held_fold
ISIC_4417295,0,0.004594557,held_fold
ISIC_4419522,0,0.016128015,held_fold
ISIC_4419720,0,0.08903213,held_fold
ISIC_4420727,0,0.00942677,held_fold
ISIC_4420952,0,0.020852253,held_fold
ISIC_4422476,0,0.010630406,held_fold
ISIC_4422580,0,0.0021292537,held_fold
ISIC_4425604,0,0.00018768429,held_fold
ISIC_4428649,0,0.00029101662,held_fold
ISIC_4428769,0,0.04682833,held_fold
ISIC_4431715,0,0.00020969746,held_fold
ISIC_4434221,0,0.0004579081,held_fold
ISIC_4435262,0,0.007251088,held_fold
ISIC_4436649,0,0.078219354,held_fold
ISIC_4438311,0,0.0036819691,held_fold
ISIC_4439054,1,0.28391528,held_fold
ISIC_4441648,0,0.009276485,held_fold
ISIC_4442506,0,0.0026376205,held_fold
ISIC_4445501,0,0.0031033135,held_fold
ISIC_4448257,0,0.00043318237,held_fold
ISIC_4448341,0,0.0045823,held_fold
ISIC_4451735,0,0.015183259,held_fold
ISIC_4457552,0,0.005792942,held_fold
ISIC_4459125,0,0.00016350743,held_fold
ISIC_4462476,0,0.033121645,held_fold
ISIC_4462621,0,0.0055840546,held_fold
ISIC_4464311,0,0.011628849,held_fold
ISIC_4464702,0,0.0003437654,held_fold
ISIC_4468474,0,0.008126768,held_fold
ISIC_4470574,0,0.00046852435,held_fold
ISIC_4473124,0,0.0036196937,held_fold
ISIC_4474170,0,0.0048585422,held_fold
ISIC_4474341,0,0.00041204915,held_fold
ISIC_4474899,0,0.0019369848,held_fold
ISIC_4477916,0,0.0003786509,held_fold
ISIC_4478276,0,0.067595765,held_fold
ISIC_4481362,0,0.00024080675,held_fold
ISIC_4481684,0,0.08639595,held_fold
ISIC_4485854,0,0.0004032295,held_fold
ISIC_4487036,0,0.0060244924,held_fold
ISIC_4487743,0,0.015197925,held_fold
ISIC_4488579,0,0.016867483,held_fold
ISIC_4494516,0,0.00045567175,held_fold
ISIC_4495092,0,0.0001348137,held_fold
ISIC_4496665,0,0.0001399584,held_fold
ISIC_4497373,0,0.006681265,held_fold
ISIC_4500503,0,0.009571185,held_fold
ISIC_4501838,0,0.006421537,held_fold
ISIC_4502420,0,0.033949766,held_fold
ISIC_4505178,0,0.056394678,held_fold
ISIC_4508878,1,0.1957007,held_fold
ISIC_4509525,0,0.00039513235,held_fold
ISIC_4510342,0,0.0019830689,held_fold
ISIC_4513934,0,0.00013694634,held_fold
ISIC_4516137,0,0.00073034293,held_fold
ISIC_4516437,0,0.00014278732,held_fold
ISIC_4516835,0,0.022979245,held_fold
ISIC_4517595,0,0.027842013,held_fold
ISIC_4517738,1,0.049155477,held_fold
ISIC_4518003,0,0.0023601053,held_fold
ISIC_4518384,0,0.0061547332,held_fold
ISIC_4520704,0,0.015958875,held_fold
ISIC_4521482,0,0.0014865587,held_fold
ISIC_4523565,0,0.006459874,held_fold
ISIC_4523750,0,0.01211243,held_fold
ISIC_4524900,0,0.02176758,held_fold
ISIC_4525463,0,0.0065071695,held_fold
ISIC_4525721,0,0.0013739261,held_fold
ISIC_4527661,0,0.0006026433,held_fold
ISIC_4528140,0,0.000743429,held_fold
ISIC_4529168,0,0.0006532662,held_fold
ISIC_4530249,0,0.000115004856,held_fold
ISIC_4530871,0,0.00010042562,held_fold
ISIC_4531585,0,0.0012130574,held_fold
ISIC_4532667,0,0.00040318567,held_fold
ISIC_4533487,0,0.00071184844,held_fold
ISIC_4535125,0,0.00028982796,held_fold
ISIC_4536154,0,0.00024683977,held_fold
ISIC_4536635,0,0.011053734,held_fold
ISIC_4536982,0,0.0012497589,held_fold
ISIC_4538661,0,7.742691e-05,held_fold
ISIC_4539674,0,0.00015741448,held_fold
ISIC_4543944,0,0.004956339,held_fold
ISIC_4545112,0,0.021447603,held_fold
ISIC_4547141,0,0.009939374,held_fold
ISIC_4549059,0,0.00063633703,held_fold
ISIC_4551082,0,0.0017141347,held_fold
ISIC_4553390,0,0.0013497319,held_fold
ISIC_4559397,0,0.112164415,held_fold
ISIC_4560585,0,0.01977109,held_fold
ISIC_4561874,0,0.000978722,held_fold
ISIC_4567730,0,0.0015042761,held_fold
ISIC_4568022,0,0.0049871127,held_fold
ISIC_4568565,0,0.00034620508,held_fold
ISIC_4570724,0,0.008906991,held_fold
ISIC_4571687,0,0.0031495164,held_fold
ISIC_4573256,0,0.3613996,held_fold
ISIC_4576725,0,0.016532907,held_fold
ISIC_4577414,0,0.000100739846,held_fold
ISIC_4578194,0,0.0005330599,held_fold
ISIC_4580458,0,0.0002758892,held_fold
ISIC_4580926,0,0.00018073832,held_fold
ISIC_4582670,0,0.0025366466,held_fold
ISIC_4583929,0,0.00024591494,held_fold
ISIC_4584265,1,0.008121669,held_fold
ISIC_4584794,0,0.07764292,held_fold
ISIC_4588129,0,0.0005752871,held_fold
ISIC_4589123,0,0.00039161017,held_fold
ISIC_4589609,0,0.079390384,held_fold
ISIC_4591316,0,0.00015384526,held_fold
ISIC_4594982,0,0.01552267,held_fold
ISIC_4595856,0,0.00041211201,held_fold
ISIC_4600505,0,9.270968e-05,held_fold
ISIC_4600831,0,0.0011065186,held_fold
ISIC_4601297,0,0.0010157804,held_fold
ISIC_4601757,0,0.00013132324,held_fold
ISIC_4603706,0,0.00062858267,held_fold
ISIC_4603987,0,0.0002946207,held_fold
ISIC_4606646,0,0.00015349637,held_fold
ISIC_4607215,0,0.0007175509,held_fold
ISIC_4608846,0,0.0071103005,held_fold
ISIC_4610868,0,0.00048498242,held_fold
ISIC_4612180,0,0.0007691387,held_fold
ISIC_4620053,0,0.014306832,held_fold
ISIC_4622069,0,0.00080039736,held_fold
ISIC_4622159,0,0.008354143,held_fold
ISIC_4623037,0,0.005555452,held_fold
ISIC_4626633,0,0.006936056,held_fold
ISIC_4631698,0,0.019619223,held_fold
ISIC_4635765,0,0.058344346,held_fold
ISIC_4637454,0,8.944865e-05,held_fold
ISIC_4639468,0,0.00053971546,held_fold
ISIC_4641968,0,8.303297e-05,held_fold
ISIC_4644299,0,0.0031427685,held_fold
ISIC_4645788,0,0.0011197159,held_fold
ISIC_4645995,0,0.0010759025,held_fold
ISIC_4646413,0,0.0061175404,held_fold
ISIC_4647349,0,0.049873155,held_fold
ISIC_4653073,0,0.07757475,held_fold
ISIC_4654965,0,0.00091078744,held_fold
ISIC_4656184,0,0.00031803286,held_fold
ISIC_4657078,0,0.02192411,held_fold
ISIC_4658144,0,0.11821574,held_fold
ISIC_4663008,0,0.003772952,held_fold
ISIC_4667223,0,0.00026256705,held_fold
ISIC_4669149,0,0.00013855776,held_fold
ISIC_4669803,0,0.00072355685,held_fold
ISIC_4670089,0,0.017375527,held_fold
ISIC_4671039,0,0.0002985798,held_fold
ISIC_4671324,0,0.00031995887,held_fold
ISIC_4675065,0,0.08200443,held_fold
ISIC_4675269,0,0.0011661263,held_fold
ISIC_4679605,0,0.048309606,held_fold
ISIC_4682498,0,0.0006303885,held_fold
ISIC_4684100,0,0.10084533,held_fold
ISIC_4686274,0,0.06023958,held_fold
ISIC_4686662,0,0.0015773539,held_fold
ISIC_4686690,0,0.00048150905,held_fold
ISIC_4687418,0,0.000445163,held_fold
ISIC_4690030,0,0.0028961527,held_fold
ISIC_4692454,0,0.0016974452,held_fold
ISIC_4695396,0,9.0548696e-05,held_fold
ISIC_4695702,0,0.042692527,held_fold
ISIC_4695815,0,0.009763602,held_fold
ISIC_4696783,0,0.08296363,held_fold
ISIC_4700970,0,0.002355345,held_fold
ISIC_4701889,0,0.005467031,held_fold
ISIC_4705662,0,0.0003637969,held_fold
ISIC_4709512,0,0.05701946,held_fold
ISIC_4710645,0,0.0003242061,held_fold
ISIC_4715366,0,0.018623557,held_fold
ISIC_4718313,0,7.498146e-05,held_fold
ISIC_4719895,0,0.0011317272,held_fold
ISIC_4721434,0,0.00017105226,held_fold
ISIC_4722119,0,0.0037545362,held_fold
ISIC_4723603,0,0.006005392,held_fold
ISIC_4725089,0,0.00043012595,held_fold
ISIC_4732584,0,0.0019070893,held_fold
ISIC_4735106,0,0.067945175,held_fold
ISIC_4737689,0,0.00014629269,held_fold
ISIC_4738525,0,0.0015888852,held_fold
ISIC_4740278,0,0.0003889948,held_fold
ISIC_4745004,0,0.0038855153,held_fold
ISIC_4745037,0,0.050567877,held_fold
ISIC_4745658,0,0.00019215785,held_fold
ISIC_4746361,0,0.002840502,held_fold
ISIC_4747355,0,0.009072789,held_fold
ISIC_4748031,0,0.0046800096,held_fold
ISIC_4748977,0,6.621068e-05,held_fold
ISIC_4749005,0,0.0001519139,held_fold
ISIC_4751140,0,0.05533353,held_fold
ISIC_4752151,0,8.693461e-05,held_fold
ISIC_4755931,0,0.011559566,held_fold
ISIC_4756595,0,0.023500796,held_fold
ISIC_4758961,0,0.015459364,held_fold
ISIC_4761075,0,0.00014723382,held_fold
ISIC_4762598,0,0.007823917,held_fold
ISIC_4763007,0,0.010500703,held_fold
ISIC_4765023,0,0.0012070915,held_fold
ISIC_4766046,0,0.00055684516,held_fold
ISIC_4771769,0,0.00095036457,held_fold
ISIC_4775964,0,0.00023603791,held_fold
ISIC_4776213,0,0.0047886083,held_fold
ISIC_4781927,0,0.0009989438,held_fold
ISIC_4782134,0,0.030683875,held_fold
ISIC_4785487,0,0.015147437,held_fold
ISIC_4788195,0,0.0003163274,held_fold
ISIC_4788652,0,0.00020381139,held_fold
ISIC_4789784,0,0.0011547189,held_fold
ISIC_4790259,0,0.014695725,held_fold
ISIC_4791461,0,0.0027671012,held_fold
ISIC_4791893,0,0.038288627,held_fold
ISIC_4792338,0,0.0022054717,held_fold
ISIC_4794573,0,0.0011044177,held_fold
ISIC_4794860,0,0.011244731,held_fold
ISIC_4800695,0,0.0028545572,held_fold
ISIC_4801737,0,5.515298e-05,held_fold
ISIC_4803755,0,0.029637054,held_fold
ISIC_4808108,0,0.028545154,held_fold
ISIC_4811593,0,0.00020247376,held_fold
ISIC_4813932,0,0.016628861,held_fold
ISIC_4817121,0,0.03890904,held_fold
ISIC_4818460,0,6.119887e-05,held_fold
ISIC_4820993,0,0.00079399423,held_fold
ISIC_4821309,0,0.0002520658,held_fold
ISIC_4827825,0,0.015366121,held_fold
ISIC_4828265,0,0.00074333407,held_fold
ISIC_4828943,0,0.0081446925,held_fold
ISIC_4833737,0,0.0001465626,held_fold
ISIC_4837536,0,0.00011329832,held_fold
ISIC_4839421,0,0.015830927,held_fold
ISIC_4840686,0,0.0051364964,held_fold
ISIC_4845540,0,0.0036046782,held_fold
ISIC_4846741,0,0.01858221,held_fold
ISIC_4847584,0,0.0014219771,held_fold
ISIC_4848986,0,0.13374303,held_fold
ISIC_4850844,0,0.0001849023,held_fold
ISIC_4851437,0,0.032906864,held_fold
ISIC_4851979,0,0.019407105,held_fold
ISIC_4854091,0,0.0065683266,held_fold
ISIC_4855628,0,0.013013298,held_fold
ISIC_4856908,0,0.035105705,held_fold
ISIC_4857994,0,0.010751572,held_fold
ISIC_4860223,0,0.022143062,held_fold
ISIC_4863236,0,0.032404352,held_fold
ISIC_4863375,0,0.0006723365,held_fold
ISIC_4866649,0,0.0006560351,held_fold
ISIC_4869901,0,0.010098573,held_fold
ISIC_4870936,0,0.00033102636,held_fold
ISIC_4871936,0,0.021196052,held_fold
ISIC_4875370,0,0.08815811,held_fold
ISIC_4879144,0,0.00013566534,held_fold
ISIC_4879187,0,0.017642198,held_fold
ISIC_4880652,0,0.0038218724,held_fold
ISIC_4881109,0,0.25970986,held_fold
ISIC_4882333,0,0.019455386,held_fold
ISIC_4884712,0,0.0024853672,held_fold
ISIC_4886493,0,8.8290035e-05,held_fold
ISIC_4887874,0,0.02057434,held_fold
ISIC_4892083,0,0.00030949846,held_fold
ISIC_4894806,0,0.0006009406,held_fold
ISIC_4897171,0,0.043249235,held_fold
ISIC_4897852,0,0.00015311455,held_fold
ISIC_4900077,0,0.02313149,held_fold
ISIC_4900923,0,0.00025032324,held_fold
ISIC_4902829,0,0.0035812312,held_fold
ISIC_4904317,0,0.00033609616,held_fold
ISIC_4906026,0,0.00037262277,held_fold
ISIC_4906385,0,0.07033007,held_fold
ISIC_4907595,0,0.0011370146,held_fold
ISIC_4909154,0,0.00014322504,held_fold
ISIC_4912127,0,0.005431431,held_fold
ISIC_4915889,0,0.003538957,held_fold
ISIC_4915897,0,0.00012513295,held_fold
ISIC_4918571,0,0.00020898329,held_fold
ISIC_4920166,0,0.0046534003,held_fold
ISIC_4922965,0,0.15114415,held_fold
ISIC_4923457,0,0.00032058178,held_fold
ISIC_4924365,0,0.013230003,held_fold
ISIC_4929865,0,0.021265367,held_fold
ISIC_4932000,0,0.020353416,held_fold
ISIC_4935711,0,0.00121305,held_fold
ISIC_4937725,0,0.003386418,held_fold
ISIC_4938376,0,0.0005024203,held_fold
ISIC_4938388,0,0.025421461,held_fold
ISIC_4938791,0,0.00026859727,held_fold
ISIC_4941125,0,0.00049214717,held_fold
ISIC_4945233,0,0.00032069272,held_fold
ISIC_4946006,0,0.0010124327,held_fold
ISIC_4947778,0,0.063558094,held_fold
ISIC_4948642,0,0.013041739,held_fold
ISIC_4950151,0,0.00041592773,held_fold
ISIC_4952040,0,0.0010137361,held_fold
ISIC_4954282,0,0.0039158724,held_fold
ISIC_4954719,0,0.00046906705,held_fold
ISIC_4954740,0,0.011372046,held_fold
ISIC_4955740,0,0.000879142,held_fold
ISIC_4956352,0,0.017083652,held_fold
ISIC_4956965,0,0.02902696,held_fold
ISIC_4957730,0,0.0014197769,held_fold
ISIC_4958861,0,0.0005732876,held_fold
ISIC_4961292,0,0.11011559,held_fold
ISIC_4963410,0,0.00031471238,held_fold
ISIC_4964644,0,0.0011852368,held_fold
ISIC_4965160,0,0.0094842715,held_fold
ISIC_4965526,0,0.021544509,held_fold
ISIC_4965850,0,0.00039152152,held_fold
ISIC_4966496,0,0.0062138974,held_fold
ISIC_4967639,0,0.008925051,held_fold
ISIC_4967755,0,0.00023790824,held_fold
ISIC_4968536,0,0.04508713,held_fold
ISIC_4969660,0,0.000207313,held_fold
ISIC_4969996,0,0.0013427831,held_fold
ISIC_4973809,0,0.0017174695,held_fold
ISIC_4975848,0,0.00021546877,held_fold
ISIC_4975949,0,0.021692451,held_fold
ISIC_4976189,0,0.0010698742,held_fold
ISIC_4977415,0,0.02560004,held_fold
ISIC_4978474,0,0.0004052113,held_fold
ISIC_4978697,0,0.0007225426,held_fold
ISIC_4979071,0,0.0005864369,held_fold
ISIC_4981135,0,0.00037875128,held_fold
ISIC_4983237,0,0.03559404,held_fold
ISIC_4986879,0,0.00063099625,held_fold
ISIC_4994695,0,0.00012022346,held_fold
ISIC_4996867,0,0.09137549,held_fold
ISIC_5000592,0,0.00077955145,held_fold
ISIC_5002041,0,0.0001914753,held_fold
ISIC_5005065,0,0.01522358,held_fold
ISIC_5005747,0,0.00019544254,held_fold
ISIC_5006020,0,9.59323e-05,held_fold
ISIC_5009935,0,0.004737131,held_fold
ISIC_5010197,0,0.0003816725,held_fold
ISIC_5013376,0,0.0024364602,held_fold
ISIC_5021038,0,0.0005609874,held_fold
ISIC_5022555,0,0.0031382304,held_fold
ISIC_5028203,0,0.00012130546,held_fold
ISIC_5029146,0,0.0021519656,held_fold
ISIC_5030416,0,0.00072821137,held_fold
ISIC_5031549,0,0.00022206354,held_fold
ISIC_5041059,0,0.012038388,held_fold
ISIC_5042497,0,0.003058202,held_fold
ISIC_5043429,0,0.0034374553,held_fold
ISIC_5048571,0,0.0007281739,held_fold
ISIC_5049137,0,0.0015280488,held_fold
ISIC_5049365,0,0.009311641,held_fold
ISIC_5050669,0,0.000512505,held_fold
ISIC_5051449,0,0.1575373,held_fold
ISIC_5054877,0,0.025290422,held_fold
ISIC_5056768,0,0.00039048903,held_fold
ISIC_5059195,0,0.05496955,held_fold
ISIC_5059375,0,0.007199532,held_fold
ISIC_5060252,0,8.232757e-05,held_fold
ISIC_5060576,0,0.03926591,held_fold
ISIC_5066448,0,0.000114839815,held_fold
ISIC_5066548,0,0.020599067,held_fold
ISIC_5070849,0,0.025688853,held_fold
ISIC_5072761,0,0.00017614083,held_fold
ISIC_5074228,0,0.0037679959,held_fold
ISIC_5075202,0,0.035735752,held_fold
ISIC_5075261,0,0.04841696,held_fold
ISIC_5081644,0,0.0005182301,held_fold
ISIC_5084175,0,0.013979977,held_fold
ISIC_5084661,0,0.00032653287,held_fold
ISIC_5088967,0,0.00069163344,held_fold
ISIC_5090146,0,0.0010331376,held_fold
ISIC_5090739,0,0.012735334,held_fold
ISIC_5091950,0,0.0053204354,held_fold
ISIC_5093799,0,0.00016713448,held_fold
ISIC_5095848,0,0.00046764707,held_fold
ISIC_5096227,0,0.0010718564,held_fold
ISIC_5097785,0,0.00046029116,held_fold
ISIC_5097807,0,0.0047131544,held_fold
ISIC_5097947,0,0.08033773,held_fold
ISIC_5098492,0,0.013017315,held_fold
ISIC_5098663,0,0.0010399153,held_fold
ISIC_5099193,0,0.0028355238,held_fold
ISIC_5099324,0,0.0007983278,held_fold
ISIC_5102846,0,0.0012134544,held_fold
ISIC_5103657,0,0.006439494,held_fold
ISIC_5104921,0,0.05294024,held_fold
ISIC_5105824,0,0.055882096,held_fold
ISIC_5106239,0,0.016287252,held_fold
ISIC_5107195,0,0.00031970334,held_fold
ISIC_5108076,0,0.00049162883,held_fold
ISIC_5108538,0,0.00010795955,held_fold
ISIC_5110696,0,0.003911203,held_fold
ISIC_5112744,0,0.00053209084,held_fold
ISIC_5113530,0,0.00029920726,held_fold
ISIC_5122091,0,0.00037207542,held_fold
ISIC_5123813,0,0.011361307,held_fold
ISIC_5123979,0,0.14352818,held_fold
ISIC_5127944,0,0.0036287664,held_fold
ISIC_5128793,0,0.007262667,held_fold
ISIC_5130558,0,7.504605e-05,held_fold
ISIC_5131914,0,0.00016748322,held_fold
ISIC_5132536,0,0.0011184408,held_fold
ISIC_5135143,0,0.017668977,held_fold
ISIC_5135700,0,0.007012038,held_fold
ISIC_5136151,0,0.14808916,held_fold
ISIC_5136370,0,0.057746764,held_fold
ISIC_5137061,0,0.00024390982,held_fold
ISIC_5142275,0,0.036091845,held_fold
ISIC_5142479,0,0.0001855878,held_fold
ISIC_5142496,0,0.00021245968,held_fold
ISIC_5142743,0,0.011811601,held_fold
ISIC_5144373,0,0.0008528072,held_fold
ISIC_5145347,0,0.0024387955,held_fold
ISIC_5147263,0,0.0003520427,held_fold
ISIC_5149397,0,0.027204517,held_fold
ISIC_5149730,0,0.00033203777,held_fold
ISIC_5153075,0,0.0001341437,held_fold
ISIC_5158305,0,0.024465777,held_fold
ISIC_5165522,0,0.00016517314,held_fold
ISIC_5165620,0,0.00016242976,held_fold
ISIC_5166636,0,0.006459284,held_fold
ISIC_5166956,0,0.032173865,held_fold
ISIC_5167001,0,0.0053146747,held_fold
ISIC_5169434,0,0.0059551103,held_fold
ISIC_5169967,0,0.018812286,held_fold
ISIC_5173486,0,0.0005022362,held_fold
ISIC_5174617,0,0.0019753699,held_fold
ISIC_5176105,0,0.0010364391,held_fold
ISIC_5176419,0,0.00034451997,held_fold
ISIC_5178216,0,0.000686592,held_fold
ISIC_5178977,0,0.0004314151,held_fold
ISIC_5181340,0,0.00012483512,held_fold
ISIC_5182725,0,0.009533353,held_fold
ISIC_5182820,0,0.07817039,held_fold
ISIC_5184722,0,0.021548316,held_fold
ISIC_5190920,0,0.0286246,held_fold
ISIC_5191344,1,0.027241148,held_fold
ISIC_5192527,0,0.0012295352,held_fold
ISIC_5194331,0,0.09355226,held_fold
ISIC_5195381,0,0.022212569,held_fold
ISIC_5196781,0,0.000496368,held_fold
ISIC_5198439,0,0.00026305317,held_fold
ISIC_5199342,0,0.0051872693,held_fold
ISIC_5199497,0,0.0003511141,held_fold
ISIC_5201151,0,0.020857876,held_fold
ISIC_5202074,0,0.021612186,held_fold
ISIC_5203137,0,0.036584195,held_fold
ISIC_5207136,0,0.00011927114,held_fold
ISIC_5208357,0,0.005140284,held_fold
ISIC_5208613,0,0.049085207,held_fold
ISIC_5209007,0,0.02115825,held_fold
ISIC_5210016,0,0.00016561833,held_fold
ISIC_5211080,0,0.10978167,held_fold
ISIC_5213224,0,0.019184705,held_fold
ISIC_5213829,0,0.00033484283,held_fold
ISIC_5215191,0,0.013802879,held_fold
ISIC_5216675,0,0.0009792332,held_fold
ISIC_5223101,0,0.0006271465,held_fold
ISIC_5224107,0,0.01589623,held_fold
ISIC_5227635,0,0.027445305,held_fold
ISIC_5230497,0,0.0010064063,held_fold
ISIC_5231616,0,0.0040387106,held_fold
ISIC_5233226,0,0.00017142421,held_fold
ISIC_5233994,0,0.00070621877,held_fold
ISIC_5235200,0,0.00013837912,held_fold
ISIC_5235229,0,0.037264775,held_fold
ISIC_5238649,0,0.00010973981,held_fold
ISIC_5244188,0,0.00048702082,held_fold
ISIC_5245212,0,0.0007914788,held_fold
ISIC_5247383,0,0.014537164,held_fold
ISIC_5249665,0,0.032670088,held_fold
ISIC_5254803,0,0.0009398655,held_fold
ISIC_5254982,0,0.006297555,held_fold
ISIC_5258352,0,0.06295203,held_fold
ISIC_5259414,0,0.003898861,held_fold
ISIC_5259518,0,0.00025658606,held_fold
ISIC_5259582,0,0.055444233,held_fold
ISIC_5261146,0,0.011485411,held_fold
ISIC_5261384,0,0.00024719068,held_fold
ISIC_5261611,0,0.0025350992,held_fold
ISIC_5265873,0,0.0001299774,held_fold
ISIC_5266696,0,0.0027825546,held_fold
ISIC_5266861,0,0.0038687144,held_fold
ISIC_5267251,0,0.0017390688,held_fold
ISIC_5269341,0,0.0038045126,held_fold
ISIC_5272223,1,0.026457408,held_fold
ISIC_5280019,0,0.0006977514,held_fold
ISIC_5280199,0,0.023399167,held_fold
ISIC_5281514,0,0.0003726814,held_fold
ISIC_5281576,0,0.0005281984,held_fold
ISIC_5282642,0,0.004712808,held_fold
ISIC_5286021,0,0.114547744,held_fold
ISIC_5289599,0,0.00022947411,held_fold
ISIC_5290569,0,0.00023358551,held_fold
ISIC_5292859,0,0.00019109885,held_fold
ISIC_5293624,0,0.006530807,held_fold
ISIC_5294689,0,0.017306225,held_fold
ISIC_5295497,0,0.0003532521,held_fold
ISIC_5296443,0,0.0011158457,held_fold
ISIC_5297111,0,0.000288183,held_fold
ISIC_5298608,0,0.0069273775,held_fold
ISIC_5301131,0,0.00016926075,held_fold
ISIC_5302229,0,0.021371696,held_fold
ISIC_5303641,0,0.003715801,held_fold
ISIC_5305288,0,0.00025060194,held_fold
ISIC_5305787,0,0.012682737,held_fold
ISIC_5306427,0,0.00032268406,held_fold
ISIC_5307086,0,0.10031393,held_fold
ISIC_5309572,0,0.0001309109,held_fold
ISIC_5310011,0,0.0015850504,held_fold
ISIC_5310880,0,0.0025113835,held_fold
ISIC_5312003,0,0.0001187275,held_fold
ISIC_5312834,0,0.0007484248,held_fold
ISIC_5313087,0,0.0013401603,held_fold
ISIC_5314855,0,0.00015037342,held_fold
ISIC_5315062,1,0.0684951,held_fold
ISIC_5315486,0,0.0013181939,held_fold
ISIC_5316258,0,0.00016279693,held_fold
ISIC_5317348,0,0.0027052397,held_fold
ISIC_5318506,0,0.00053204317,held_fold
ISIC_5320886,0,0.028302006,held_fold
ISIC_5321219,0,0.0036974805,held_fold
ISIC_5321221,0,0.1222562,held_fold
ISIC_5322011,0,0.00074822083,held_fold
ISIC_5322232,0,0.047671534,held_fold
ISIC_5323944,0,0.0005562485,held_fold
ISIC_5324178,0,0.0015188032,held_fold
ISIC_5325281,0,0.022817234,held_fold
ISIC_5325805,0,0.06553298,held_fold
ISIC_5326225,0,0.00010345213,held_fold
ISIC_5327000,0,0.0017228541,held_fold
ISIC_5327271,0,0.0021865696,held_fold
ISIC_5331089,0,0.01894707,held_fold
ISIC_5333549,0,0.0132257715,held_fold
ISIC_5336007,0,0.00014344057,held_fold
ISIC_5340305,0,0.20216468,held_fold
ISIC_5342109,0,0.049519166,held_fold
ISIC_5346591,0,0.00020444648,held_fold
ISIC_5349612,0,0.01643607,held_fold
ISIC_5350269,0,0.00046767274,held_fold
ISIC_5353241,0,0.015592924,held_fold
ISIC_5354607,0,0.0012932024,held_fold
ISIC_5357288,0,0.010209233,held_fold
ISIC_5358234,0,0.00017943197,held_fold
ISIC_5359123,0,0.00040129412,held_fold
ISIC_5359253,0,0.00024936564,held_fold
ISIC_5360921,0,0.029884,held_fold
ISIC_5361778,0,0.00029873668,held_fold
ISIC_5361965,0,0.0013253499,held_fold
ISIC_5362038,0,0.00020029208,held_fold
ISIC_5362869,0,0.034510493,held_fold
ISIC_5362925,0,0.001317614,held_fold
ISIC_5363229,0,0.012748837,held_fold
ISIC_5364841,0,0.020443235,held_fold
ISIC_5365537,0,0.0006312928,held_fold
ISIC_5365919,0,0.04362585,held_fold
ISIC_5366635,0,0.00033106486,held_fold
ISIC_5366657,0,0.040488597,held_fold
ISIC_5368272,0,0.07125033,held_fold
ISIC_5368668,0,0.0015670813,held_fold
ISIC_5377237,0,0.025460599,held_fold
ISIC_5379122,0,0.0001196627,held_fold
ISIC_5380827,0,0.00015424332,held_fold
ISIC_5382691,0,0.00033001552,held_fold
ISIC_5383356,0,0.00059656985,held_fold
ISIC_5385299,0,0.00045881735,held_fold
ISIC_5387348,0,0.008008871,held_fold
ISIC_5388184,1,0.17933163,held_fold
ISIC_5392958,0,0.00014742164,held_fold
ISIC_5393017,0,0.00078289025,held_fold
ISIC_5393132,0,0.005967514,held_fold
ISIC_5393557,0,0.00018451325,held_fold
ISIC_5393919,0,0.008781051,held_fold
ISIC_5396394,0,0.010339398,held_fold
ISIC_5397818,0,0.00025732984,held_fold
ISIC_5399929,0,0.004944135,held_fold
ISIC_5400113,0,0.0019849762,held_fold
ISIC_5400342,0,0.00038182698,held_fold
ISIC_5402327,0,0.0035433553,held_fold
ISIC_5403296,0,9.208789e-05,held_fold
ISIC_5405456,0,0.051805727,held_fold
ISIC_5406752,0,0.022540398,held_fold
ISIC_5407343,0,0.0004783777,held_fold
ISIC_5407436,0,0.013082679,held_fold
ISIC_5408967,0,0.1141776,held_fold
ISIC_5409137,0,0.011630888,held_fold
ISIC_5409681,0,0.014457727,held_fold
ISIC_5413136,0,0.0003305319,held_fold
ISIC_5415761,1,0.061941884,held_fold
ISIC_5415781,0,0.003181827,held_fold
ISIC_5416978,0,0.000300331,held_fold
ISIC_5422432,0,0.02944359,held_fold
ISIC_5423896,0,0.00016897904,held_fold
ISIC_5424547,0,0.029097706,held_fold
ISIC_5428274,0,0.038744062,held_fold
ISIC_5432603,0,0.052621257,held_fold
ISIC_5433553,0,0.00017812602,held_fold
ISIC_5434055,0,0.005155586,held_fold
ISIC_5434070,0,0.012683166,held_fold
ISIC_5435291,0,0.00046811873,held_fold
ISIC_5435863,0,0.00084058807,held_fold
ISIC_5437356,0,0.058612376,held_fold
ISIC_5438431,0,0.0753995,held_fold
ISIC_5441132,0,0.0001554849,held_fold
ISIC_5443525,0,0.019100705,held_fold
ISIC_5443689,0,0.009381181,held_fold
ISIC_5445188,0,0.00011770732,held_fold
ISIC_5446127,0,0.00018374463,held_fold
ISIC_5446470,0,0.00011958044,held_fold
ISIC_5451336,0,0.00027779912,held_fold
ISIC_5451400,0,0.00035316625,held_fold
ISIC_5454321,0,0.029378016,held_fold
ISIC_5455568,0,0.025228715,held_fold
ISIC_5457246,0,0.00028037076,held_fold
ISIC_5457974,0,0.0010699135,held_fold
ISIC_5464942,0,0.00072335935,held_fold
ISIC_5469457,0,0.06640688,held_fold
ISIC_5469999,0,0.0021570167,held_fold
ISIC_5475423,0,0.010856997,held_fold
ISIC_5477838,0,0.051748045,held_fold
ISIC_5478846,0,0.017860094,held_fold
ISIC_5481211,0,0.0004171537,held_fold
ISIC_5481242,0,0.0017454978,held_fold
ISIC_5481673,0,0.014487754,held_fold
ISIC_5484086,0,8.3729894e-05,held_fold
ISIC_5485254,0,0.02574204,held_fold
ISIC_5485279,0,0.1835754,held_fold
ISIC_5486725,0,0.0027128637,held_fold
ISIC_5487058,0,0.032266848,held_fold
ISIC_5488046,0,0.00039504873,held_fold
ISIC_5488065,0,0.032764632,held_fold
ISIC_5488188,0,0.0051963837,held_fold
ISIC_5491443,0,0.042668466,held_fold
ISIC_5492778,0,0.00030525142,held_fold
ISIC_5495452,0,0.0038840612,held_fold
ISIC_5496214,0,0.0032292276,held_fold
ISIC_5496810,0,0.110639535,held_fold
ISIC_5497526,0,0.00037302473,held_fold
ISIC_5497851,0,0.0002831438,held_fold
ISIC_5500256,0,0.00044898555,held_fold
ISIC_5501375,0,0.0010225606,held_fold
ISIC_5502229,0,0.02744838,held_fold
ISIC_5503634,0,0.044384304,held_fold
ISIC_5506059,0,0.00029444043,held_fold
ISIC_5508542,0,0.0045756316,held_fold
ISIC_5510604,0,0.00021054091,held_fold
ISIC_5517594,0,0.00026910508,held_fold
ISIC_5518025,0,0.025283294,held_fold
ISIC_5518934,0,0.0033891003,held_fold
ISIC_5519289,0,0.0032582486,held_fold
ISIC_5521974,0,0.022294765,held_fold
ISIC_5523221,0,0.005936729,held_fold
ISIC_5524682,0,0.0005320386,held_fold
ISIC_5524986,0,0.022321476,held_fold
ISIC_5525877,0,0.032496486,held_fold
ISIC_5526503,0,0.00035372123,held_fold
ISIC_5528990,0,0.003798028,held_fold
ISIC_5529201,0,0.0018500683,held_fold
ISIC_5529924,0,0.009674468,held_fold
ISIC_5535143,0,0.0010527776,held_fold
ISIC_5536429,0,0.0015770752,held_fold
ISIC_5537771,0,0.03453232,held_fold
ISIC_5538778,0,0.01810569,held_fold
ISIC_5539077,0,0.09455169,held_fold
ISIC_5540840,0,0.0049122744,held_fold
ISIC_5541028,0,0.032708615,held_fold
ISIC_5541999,0,0.004497037,held_fold
ISIC_5542716,0,0.0030914461,held_fold
ISIC_5543178,0,0.00040521167,held_fold
ISIC_5545410,0,0.04947654,held_fold
ISIC_5547116,0,0.024086619,held_fold
ISIC_5548717,0,0.0025705341,held_fold
ISIC_5549768,0,0.011118452,held_fold
ISIC_5552041,0,0.06763623,held_fold
ISIC_5552066,0,0.014576591,held_fold
ISIC_5552335,0,0.00031361586,held_fold
ISIC_5555505,0,0.00013047298,held_fold
ISIC_5558729,0,0.062422194,held_fold
ISIC_5559188,0,0.0003140524,held_fold
ISIC_5560538,0,0.014310773,held_fold
ISIC_5561003,1,0.21623415,held_fold
ISIC_5563553,0,0.027600296,held_fold
ISIC_5567663,0,0.006856407,held_fold
ISIC_5568346,0,0.27913737,held_fold
ISIC_5568834,0,0.0019173184,held_fold
ISIC_5569091,0,0.0042793076,held_fold
ISIC_5569936,0,0.0033096592,held_fold
ISIC_5570430,0,0.04196443,held_fold
ISIC_5573340,0,0.0192481,held_fold
ISIC_5573679,0,8.3124316e-05,held_fold
ISIC_5573733,0,0.060987223,held_fold
ISIC_5574940,0,0.008417681,held_fold
ISIC_5575449,0,0.00018895413,held_fold
ISIC_5576250,0,0.00047277394,held_fold
ISIC_5576986,0,0.014935084,held_fold
ISIC_5581931,1,0.04483122,held_fold
ISIC_5583016,0,0.000120259116,held_fold
ISIC_5583139,0,0.0034493543,held_fold
ISIC_5584185,0,0.004148095,held_fold
ISIC_5584859,0,9.069318e-05,held_fold
ISIC_5585279,0,0.0021534192,held_fold
ISIC_5587216,0,0.0033812544,held_fold
ISIC_5587291,0,0.012187564,held_fold
ISIC_5588302,0,0.010512829,held_fold
ISIC_5592192,0,0.00024746705,held_fold
ISIC_5592257,0,0.0002668946,held_fold
ISIC_5592951,0,0.013272202,held_fold
ISIC_5597530,0,0.02107257,held_fold
ISIC_5599298,0,0.0037303076,held_fold
ISIC_5601326,0,0.012536258,held_fold
ISIC_5603773,0,0.0025424312,held_fold
ISIC_5604025,0,0.0005627367,held_fold
ISIC_5605246,0,0.0002475787,held_fold
ISIC_5609883,0,0.014505249,held_fold
ISIC_5610178,0,0.026062967,held_fold
ISIC_5611010,0,0.00023274298,held_fold
ISIC_5611529,0,0.03689196,held_fold
ISIC_5612452,0,0.010782813,held_fold
ISIC_5613199,0,0.041267063,held_fold
ISIC_5615676,0,0.00042332566,held_fold
ISIC_5617952,0,0.017464498,held_fold
ISIC_5619062,0,0.0008000779,held_fold
ISIC_5620520,0,9.3354545e-05,held_fold
ISIC_5621310,0,0.0042765555,held_fold
ISIC_5623327,0,0.035778426,held_fold
ISIC_5623973,0,0.0602823,held_fold
ISIC_5625774,0,0.0008115597,held_fold
ISIC_5625980,0,0.004601425,held_fold
ISIC_5632533,0,0.00025358828,held_fold
ISIC_5634181,0,0.00069738575,held_fold
ISIC_5635940,0,0.06945146,held_fold
ISIC_5636247,0,0.013674509,held_fold
ISIC_5636983,0,0.011062192,held_fold
ISIC_5637105,0,0.006953393,held_fold
ISIC_5648111,0,0.00019522502,held_fold
ISIC_5650272,0,0.0003302182,held_fold
ISIC_5650747,0,0.0001202847,held_fold
ISIC_5652519,0,0.011985094,held_fold
ISIC_5654651,0,0.0075830594,held_fold
ISIC_5654818,0,0.03842731,held_fold
ISIC_5657535,0,0.00090152235,held_fold
ISIC_5658900,0,0.020107014,held_fold
ISIC_5659240,0,0.00017353571,held_fold
ISIC_5659295,0,0.018806472,held_fold
ISIC_5660360,0,0.0010163825,held_fold
ISIC_5664966,0,0.0003997497,held_fold
ISIC_5665011,0,0.00070192193,held_fold
ISIC_5665277,0,0.0063934983,held_fold
ISIC_5667461,1,0.0049396046,held_fold
ISIC_5667519,0,0.0010293125,held_fold
ISIC_5667935,0,0.027806511,held_fold
ISIC_5676027,0,0.015333277,held_fold
ISIC_5678933,0,0.00012728458,held_fold
ISIC_5679708,0,0.00015616763,held_fold
ISIC_5679942,0,0.0011911307,held_fold
ISIC_5681025,0,0.049682617,held_fold
ISIC_5681794,0,0.00053231354,held_fold
ISIC_5686768,0,0.0022879317,held_fold
ISIC_5686868,0,0.06499833,held_fold
ISIC_5688051,0,0.16557322,held_fold
ISIC_5688657,0,0.0019011754,held_fold
ISIC_5688720,0,0.049451835,held_fold
ISIC_5688950,0,0.00016533355,held_fold
ISIC_5689986,0,0.00026505892,held_fold
ISIC_5692481,0,0.00076525874,held_fold
ISIC_5692863,0,0.00069868733,held_fold
ISIC_5694393,0,0.0059350906,held_fold
ISIC_5696540,0,0.0007270824,held_fold
ISIC_5697228,0,0.0115349,held_fold
ISIC_5699175,0,0.013733322,held_fold
ISIC_5700599,0,0.00033218815,held_fold
ISIC_5702549,0,0.0001628179,held_fold
ISIC_5702591,0,0.04380596,held_fold
ISIC_5705413,0,0.00013529947,held_fold
ISIC_5705973,0,0.00066420797,held_fold
ISIC_5708288,0,0.00086142623,held_fold
ISIC_5709170,0,0.005145788,held_fold
ISIC_5712029,0,0.009448751,held_fold
ISIC_5713588,0,0.018949041,held_fold
ISIC_5714201,0,0.06247706,held_fold
ISIC_5718343,0,0.00043591886,held_fold
ISIC_5720694,0,0.013941033,held_fold
ISIC_5721677,0,0.0004607427,held_fold
ISIC_5722194,0,0.002975723,held_fold
ISIC_5722211,0,0.024711397,held_fold
ISIC_5723510,0,0.0001843757,held_fold
ISIC_5727083,0,0.040110238,held_fold
ISIC_5730636,0,0.11917641,held_fold
ISIC_5733557,0,0.00017045814,held_fold
ISIC_5733748,1,0.0014890848,held_fold
ISIC_5735592,0,0.03065405,held_fold
ISIC_5736023,0,0.003110803,held_fold
ISIC_5736126,0,0.005651533,held_fold
ISIC_5736595,0,0.00015907382,held_fold
ISIC_5736966,0,0.07905138,held_fold
ISIC_5736979,0,0.005012448,held_fold
ISIC_5737191,0,0.0008519007,held_fold
ISIC_5737704,0,0.0044341944,held_fold
ISIC_5738103,0,0.04269391,held_fold
ISIC_5738587,0,0.00023035907,held_fold
ISIC_5739570,0,0.00025597788,held_fold
ISIC_5743012,0,0.0033371593,held_fold
ISIC_5745349,0,0.00022942945,held_fold
ISIC_5745941,0,0.0002130709,held_fold
ISIC_5746706,0,0.056509364,held_fold
ISIC_5747367,0,0.006890499,held_fold
ISIC_5747486,1,0.011839189,held_fold
ISIC_5747681,0,0.008943472,held_fold
ISIC_5748751,0,0.00021153934,held_fold
ISIC_5748858,0,0.05128855,held_fold
ISIC_5749706,0,0.00035176138,held_fold
ISIC_5750242,0,0.07654364,held_fold
ISIC_5754233,0,0.021713719,held_fold
ISIC_5755210,0,0.005299823,held_fold
ISIC_5755836,0,0.00034144864,held_fold
ISIC_5757336,0,0.012410337,held_fold
ISIC_5760948,0,0.033941753,held_fold
ISIC_5763398,0,0.05502507,held_fold
ISIC_5766141,0,0.013086886,held_fold
ISIC_5766923,0,0.00043615865,held_fold
ISIC_5767976,0,9.500762e-05,held_fold
ISIC_5768602,0,0.057040446,held_fold
ISIC_5771106,0,0.0002707005,held_fold
ISIC_5773967,0,0.0014822778,held_fold
ISIC_5778330,0,0.0007913867,held_fold
ISIC_5778476,0,0.00010307912,held_fold
ISIC_5779688,0,0.034241304,held_fold
ISIC_5782816,0,0.0016330223,held_fold
ISIC_5783685,0,0.00053901394,held_fold
ISIC_5784362,0,0.0008071206,held_fold
ISIC_5787517,0,0.001964914,held_fold
ISIC_5788057,0,0.00073517585,held_fold
ISIC_5789052,0,0.032236475,held_fold
ISIC_5790458,0,0.00022047914,held_fold
ISIC_5790534,0,8.1328704e-05,held_fold
ISIC_5797220,0,0.00015494823,held_fold
ISIC_5797942,0,0.00049894524,held_fold
ISIC_5798539,0,0.15399098,held_fold
ISIC_5800113,0,0.0054896204,held_fold
ISIC_5804606,0,0.001086235,held_fold
ISIC_5805349,0,0.009616266,held_fold
ISIC_5807112,0,0.007857922,held_fold
ISIC_5810736,0,0.00044114,held_fold
ISIC_5816788,0,0.0042149113,held_fold
ISIC_5819754,0,0.09194361,held_fold
ISIC_5821292,0,0.0053800778,held_fold
ISIC_5822691,0,0.013131705,held_fold
ISIC_5823076,0,0.007818925,held_fold
ISIC_5823292,0,0.0023252168,held_fold
ISIC_5824656,0,0.0015100619,held_fold
ISIC_5824730,0,0.0013115429,held_fold
ISIC_5825647,0,0.06793807,held_fold
ISIC_5827217,0,0.0006191809,held_fold
ISIC_5828787,0,0.009340809,held_fold
ISIC_5831201,0,0.00093380973,held_fold
ISIC_5831880,0,0.000114842325,held_fold
ISIC_5832440,0,0.013711603,held_fold
ISIC_5832623,0,0.0020753387,held_fold
ISIC_5833015,0,0.0030780872,held_fold
ISIC_5837974,0,0.0003289795,held_fold
ISIC_5843515,0,0.020657672,held_fold
ISIC_5846233,0,0.0010773533,held_fold
ISIC_5849178,0,0.0007395895,held_fold
ISIC_5849715,0,0.00093940936,held_fold
ISIC_5850699,0,0.000911643,held_fold
ISIC_5852061,0,0.009125181,held_fold
ISIC_5853048,0,0.0006025749,held_fold
ISIC_5854870,0,0.0030950413,held_fold
ISIC_5855400,0,0.000915059,held_fold
ISIC_5855700,0,0.0033555366,held_fold
ISIC_5855835,0,0.008773376,held_fold
ISIC_5857155,0,0.00941757,held_fold
ISIC_5857239,0,0.0059360247,held_fold
ISIC_5859895,0,0.00053735013,held_fold
ISIC_5860849,0,0.050020494,held_fold
ISIC_5864067,0,0.002623893,held_fold
ISIC_5865142,0,0.00029919302,held_fold
ISIC_5865828,0,0.0003014498,held_fold
ISIC_5866381,0,0.16129817,held_fold
ISIC_5867862,0,0.031307247,held_fold
ISIC_5868291,1,0.33222905,held_fold
ISIC_5870406,0,0.0012206696,held_fold
ISIC_5873539,0,0.005587347,held_fold
ISIC_5876289,0,0.0015417146,held_fold
ISIC_5881363,0,0.004289886,held_fold
ISIC_5882254,0,0.00026375256,held_fold
ISIC_5882629,0,0.033318467,held_fold
ISIC_5883505,0,0.12081811,held_fold
ISIC_5885421,0,0.00010093504,held_fold
ISIC_5885837,0,0.00033340332,held_fold
ISIC_5886168,0,0.002266976,held_fold
ISIC_5888460,0,0.004128604,held_fold
ISIC_5888672,0,0.00043468247,held_fold
ISIC_5889246,0,0.007943831,held_fold
ISIC_5892920,0,0.00011705723,held_fold
ISIC_5894246,0,0.0002870215,held_fold
ISIC_5899228,0,0.017837524,held_fold
ISIC_5900141,0,0.0168856,held_fold
ISIC_5901919,0,0.008613936,held_fold
ISIC_5902175,0,0.0055249063,held_fold
ISIC_5903054,0,0.00045821702,held_fold
ISIC_5904214,0,0.09505151,held_fold
ISIC_5908780,0,0.010060809,held_fold
ISIC_5909403,0,0.007107416,held_fold
ISIC_5910514,0,0.030204808,held_fold
ISIC_5910595,0,0.0002753508,held_fold
ISIC_5910975,0,0.006990268,held_fold
ISIC_5912392,0,0.025108257,held_fold
ISIC_5917004,0,0.00018231549,held_fold
ISIC_5917605,0,0.048698306,held_fold
ISIC_5917755,0,0.0005460987,held_fold
ISIC_5918756,0,0.0010473746,held_fold
ISIC_5920471,0,0.0060491967,held_fold
ISIC_5921734,0,0.00075076136,held_fold
ISIC_5923430,0,0.0003343044,held_fold
ISIC_5924459,0,0.0051296484,held_fold
ISIC_5930509,0,0.0011114617,held_fold
ISIC_5932996,0,0.0007150501,held_fold
ISIC_5934104,0,5.3112242e-05,held_fold
ISIC_5934319,0,0.15285979,held_fold
ISIC_5935362,0,0.00039669411,held_fold
ISIC_5941271,0,0.015424986,held_fold
ISIC_5941314,0,0.0003133448,held_fold
ISIC_5942073,0,0.019055502,held_fold
ISIC_5942312,0,8.5267595e-05,held_fold
ISIC_5942756,0,0.043423798,held_fold
ISIC_5943355,0,0.00012866006,held_fold
ISIC_5944524,0,0.006847493,held_fold
ISIC_5945822,0,0.0005773321,held_fold
ISIC_5950144,0,0.007954767,held_fold
ISIC_5950453,0,0.00035071364,held_fold
ISIC_5952026,0,0.03679037,held_fold
ISIC_5952650,0,0.005653927,held_fold
ISIC_5953416,0,0.0023124171,held_fold
ISIC_5955314,0,0.0011387662,held_fold
ISIC_5958657,0,0.067423955,held_fold
ISIC_5960183,0,0.0002223273,held_fold
ISIC_5960641,0,0.00010937563,held_fold
ISIC_5961421,0,0.03145643,held_fold
ISIC_5961544,0,0.078205876,held_fold
ISIC_5962268,0,0.00020375484,held_fold
ISIC_5962462,0,0.04938131,held_fold
ISIC_5963113,0,0.00011900156,held_fold
ISIC_5963344,0,0.0011010194,held_fold
ISIC_5963491,0,0.00015442242,held_fold
ISIC_5971574,0,0.0002850145,held_fold
ISIC_5973717,0,0.0219588,held_fold
ISIC_5974286,0,0.0001115256,held_fold
ISIC_5976373,0,0.00014697321,held_fold
ISIC_5979771,0,0.00095340825,held_fold
ISIC_5979783,0,0.00017967937,held_fold
ISIC_5981150,0,6.241071e-05,held_fold
ISIC_5983942,0,0.00089663686,held_fold
ISIC_5985961,0,0.06866053,held_fold
ISIC_5990428,0,0.02635159,held_fold
ISIC_5997133,0,0.008486374,held_fold
ISIC_6000048,0,0.00014058678,held_fold
ISIC_6000142,0,0.009696546,held_fold
ISIC_6000889,0,0.079943314,held_fold
ISIC_6002622,0,0.11372062,held_fold
ISIC_6003494,0,0.00015551811,held_fold
ISIC_6004540,0,0.00046347556,held_fold
ISIC_6006795,0,0.00015572525,held_fold
ISIC_6013568,0,0.00087581354,held_fold
ISIC_6016197,0,0.0050259787,held_fold
ISIC_6016330,0,0.0102013955,held_fold
ISIC_6017897,0,0.00040572288,held_fold
ISIC_6019322,0,4.53194e-05,held_fold
ISIC_6019374,0,0.018077014,held_fold
ISIC_6019516,0,0.00020450867,held_fold
ISIC_6020615,0,0.009628949,held_fold
ISIC_6020636,0,0.005049085,held_fold
ISIC_6022423,0,0.0011661113,held_fold
ISIC_6023504,0,0.03804994,held_fold
ISIC_6023518,0,0.008207387,held_fold
ISIC_6024691,0,0.03125166,held_fold
ISIC_6025224,0,0.00042789648,held_fold
ISIC_6028622,0,0.008624985,held_fold
ISIC_6030901,0,0.0006163292,held_fold
ISIC_6033222,0,0.00081890693,held_fold
ISIC_6035362,0,0.0055835037,held_fold
ISIC_6041346,0,0.018191932,held_fold
ISIC_6041880,0,0.00019605568,held_fold
ISIC_6043051,0,0.0005150742,held_fold
ISIC_6047070,0,0.02443945,held_fold
ISIC_6049499,0,0.080849074,held_fold
ISIC_6050281,0,0.00036246545,held_fold
ISIC_6051598,0,0.00034547874,held_fold
ISIC_6052702,0,0.00020898489,held_fold
ISIC_6052995,0,0.00067880633,held_fold
ISIC_6053980,0,0.0022786183,held_fold
ISIC_6054420,0,0.11945767,held_fold
ISIC_6057455,0,0.00047163185,held_fold
ISIC_6058822,0,0.05465887,held_fold
ISIC_6062638,0,0.005912787,held_fold
ISIC_6062657,0,0.0005467422,held_fold
ISIC_6063007,0,0.0045381733,held_fold
ISIC_6065618,0,0.006417173,held_fold
ISIC_6067058,0,0.005196677,held_fold
ISIC_6072001,0,8.296167e-05,held_fold
ISIC_6076242,0,0.00025691287,held_fold
ISIC_6078211,0,0.036664523,held_fold
ISIC_6081091,0,0.00017093764,held_fold
ISIC_6081985,0,0.005688091,held_fold
ISIC_6089318,1,0.15401682,held_fold
ISIC_6090848,0,0.04109973,held_fold
ISIC_6092849,0,0.018150307,held_fold
ISIC_6092911,0,0.015209405,held_fold
ISIC_6093728,0,0.044199597,held_fold
ISIC_6096306,0,0.0003489532,held_fold
ISIC_6096541,0,0.03172261,held_fold
ISIC_6096598,0,0.014107285,held_fold
ISIC_6099309,0,0.0066913106,held_fold
ISIC_6100064,0,0.0027793043,held_fold
ISIC_6101341,0,7.0893475e-05,held_fold
ISIC_6107273,0,0.0051189377,held_fold
ISIC_6110788,0,0.029853517,held_fold
ISIC_6111078,0,0.012329979,held_fold
ISIC_6113524,0,0.0025710966,held_fold
ISIC_6116536,0,0.0031591153,held_fold
ISIC_6121393,0,0.00026125758,held_fold
ISIC_6124127,0,0.0003714522,held_fold
ISIC_6124481,1,0.069969065,held_fold
ISIC_6125014,0,0.01925252,held_fold
ISIC_6125652,1,0.2517716,held_fold
ISIC_6127074,0,0.037636418,held_fold
ISIC_6127167,0,0.00031095123,held_fold
ISIC_6127495,0,0.016623957,held_fold
ISIC_6131501,0,0.0029552178,held_fold
ISIC_6132976,0,0.008657681,held_fold
ISIC_6133418,0,0.0025525242,held_fold
ISIC_6133988,0,5.9794278e-05,held_fold
ISIC_6138246,0,0.000886075,held_fold
ISIC_6141422,0,0.00025333962,held_fold
ISIC_6142525,0,0.0005180205,held_fold
ISIC_6144716,0,0.00065193645,held_fold
ISIC_6151555,0,0.001025586,held_fold
ISIC_6153134,0,0.013695505,held_fold
ISIC_6153728,0,0.008617482,held_fold
ISIC_6153896,0,0.0011492464,held_fold
ISIC_6155782,0,0.0008656774,held_fold
ISIC_6155981,0,0.00017626953,held_fold
ISIC_6158021,0,0.0023852533,held_fold
ISIC_6161876,0,0.00015342685,held_fold
ISIC_6162609,0,0.00065195945,held_fold
ISIC_6162663,0,0.0018259918,held_fold
ISIC_6162711,0,0.0031863705,held_fold
ISIC_6163926,0,0.017532984,held_fold
ISIC_6165627,0,0.0027919596,held_fold
ISIC_6166247,0,5.9081925e-05,held_fold
ISIC_6167855,0,0.101662375,held_fold
ISIC_6168754,0,0.00018636273,held_fold
ISIC_6173977,0,0.00399715,held_fold
ISIC_6174735,0,0.0016907871,held_fold
ISIC_6174933,0,0.03305432,held_fold
ISIC_6176182,0,0.0013702868,held_fold
ISIC_6176518,0,0.022580916,held_fold
ISIC_6178088,0,7.8421435e-05,held_fold
ISIC_6178350,0,0.029806124,held_fold
ISIC_6180030,0,0.0037524642,held_fold
ISIC_6182833,0,0.01084031,held_fold
ISIC_6184190,0,0.0022989605,held_fold
ISIC_6186813,0,0.0006696602,held_fold
ISIC_6188916,0,0.00037325916,held_fold
ISIC_6189075,0,0.00028503896,held_fold
ISIC_6189375,0,0.008507807,held_fold
ISIC_6192108,0,0.021405125,held_fold
ISIC_6197608,0,0.00050409755,held_fold
ISIC_6205288,0,0.001965346,held_fold
ISIC_6208762,0,0.00030942558,held_fold
ISIC_6208775,0,0.005978023,held_fold
ISIC_6210500,0,0.0041053067,held_fold
ISIC_6216261,0,0.0051982864,held_fold
ISIC_6217184,0,0.010622231,held_fold
ISIC_6224828,0,0.00600045,held_fold
ISIC_6225107,0,0.009859725,held_fold
ISIC_6225303,0,0.00025184482,held_fold
ISIC_6225409,0,0.0106354635,held_fold
ISIC_6231450,0,0.010192387,held_fold
ISIC_6242842,0,0.000120464094,held_fold
ISIC_6243238,0,0.0031901244,held_fold
ISIC_6245809,0,0.0019654843,held_fold
ISIC_6247314,0,0.0012703199,held_fold
ISIC_6248789,0,0.01509025,held_fold
ISIC_6254324,0,0.08616066,held_fold
ISIC_6255494,0,0.00034532102,held_fold
ISIC_6255613,0,0.0005878634,held_fold
ISIC_6256797,0,0.00027784123,held_fold
ISIC_6257804,0,0.00589194,held_fold
ISIC_6257952,0,0.0009827025,held_fold
ISIC_6258246,0,0.014559882,held_fold
ISIC_6260485,0,0.0003995965,held_fold
ISIC_6264379,0,0.0069264458,held_fold
ISIC_6265284,0,0.0007950193,held_fold
ISIC_6267455,0,0.0029346503,held_fold
ISIC_6267562,0,0.013069217,held_fold
ISIC_6268546,0,0.00020829897,held_fold
ISIC_6269166,1,0.07455592,held_fold
ISIC_6269414,0,0.0053736637,held_fold
ISIC_6269556,0,0.0014402645,held_fold
ISIC_6273566,0,0.0009470517,held_fold
ISIC_6274020,0,0.0806903,held_fold
ISIC_6278584,0,0.008958201,held_fold
ISIC_6279017,0,0.012174699,held_fold
ISIC_6281419,0,0.0002313434,held_fold
ISIC_6284704,0,0.00033894452,held_fold
ISIC_6287575,0,0.008548096,held_fold
ISIC_6287803,0,0.001462885,held_fold
ISIC_6291051,0,0.00026765856,held_fold
ISIC_6292209,0,0.0065242695,held_fold
ISIC_6293132,0,9.926929e-05,held_fold
ISIC_6293829,0,0.00015866087,held_fold
ISIC_6297408,0,0.000116687894,held_fold
ISIC_6303154,0,0.017350703,held_fold
ISIC_6304007,0,0.00070532755,held_fold
ISIC_6304412,0,0.0068091303,held_fold
ISIC_6310591,0,0.004929698,held_fold
ISIC_6312590,0,0.0015864145,held_fold
ISIC_6313487,1,0.06484039,held_fold
ISIC_6315037,0,0.00016891105,held_fold
ISIC_6316410,0,0.009773275,held_fold
ISIC_6321119,0,0.0010840792,held_fold
ISIC_6322191,0,0.00014445615,held_fold
ISIC_6323199,0,0.01733399,held_fold
ISIC_6323489,0,0.036563065,held_fold
ISIC_6324832,0,0.00022093914,held_fold
ISIC_6328526,0,0.016359353,held_fold
ISIC_6328606,0,0.0007133207,held_fold
ISIC_6330808,0,0.020639496,held_fold
ISIC_6335490,0,0.0404102,held_fold
ISIC_6336141,0,0.042049006,held_fold
ISIC_6339509,0,0.17760383,held_fold
ISIC_6340018,0,0.009765152,held_fold
ISIC_6340529,0,0.00030106233,held_fold
ISIC_6341685,0,0.036432557,held_fold
ISIC_6343199,0,0.0004243355,held_fold
ISIC_6344114,0,0.094023295,held_fold
ISIC_6344673,0,0.00067674555,held_fold
ISIC_6345354,0,0.00030490267,held_fold
ISIC_6347269,0,0.001527376,held_fold
ISIC_6352726,0,0.0051358966,held_fold
ISIC_6352730,0,0.00011180011,held_fold
ISIC_6353527,0,0.025079994,held_fold
ISIC_6355245,0,0.00011260018,held_fold
ISIC_6355353,1,0.008683107,held_fold
ISIC_6357644,0,0.0007850631,held_fold
ISIC_6358383,0,0.061167687,held_fold
ISIC_6363862,0,0.0042707436,held_fold
ISIC_6364051,0,0.015071637,held_fold
ISIC_6371233,0,0.018155508,held_fold
ISIC_6373500,0,0.0070896447,held_fold
ISIC_6376959,0,0.00015776687,held_fold
ISIC_6377578,0,0.00020774004,held_fold
ISIC_6379690,0,0.00015722803,held_fold
ISIC_6380662,0,0.00026589338,held_fold
ISIC_6383193,0,0.0024346728,held_fold
ISIC_6383486,0,0.06758435,held_fold
ISIC_6383922,0,5.3642943e-05,held_fold
ISIC_6384559,0,0.017352307,held_fold
ISIC_6384997,0,0.0003376194,held_fold
ISIC_6385074,0,9.132986e-05,held_fold
ISIC_6385374,0,0.0041936226,held_fold
ISIC_6390738,0,0.00026504928,held_fold
ISIC_6391835,0,0.03657601,held_fold
ISIC_6392461,1,0.03672123,held_fold
ISIC_6393699,0,0.00038847548,held_fold
ISIC_6394612,0,0.00077863416,held_fold
ISIC_6396565,0,0.00027032988,held_fold
ISIC_6398669,1,0.03306737,held_fold
ISIC_6399275,0,7.2925926e-05,held_fold
ISIC_6399303,0,0.000660863,held_fold
ISIC_6400815,0,0.043129686,held_fold
ISIC_6401355,0,0.0008139729,held_fold
ISIC_6402680,0,0.022468966,held_fold
ISIC_6403268,0,0.00016912362,held_fold
ISIC_6404238,0,0.0007134665,held_fold
ISIC_6405298,0,0.016912311,held_fold
ISIC_6405981,0,0.007602433,held_fold
ISIC_6407004,0,0.005599353,held_fold
ISIC_6407230,0,8.9498644e-05,held_fold
ISIC_6408480,0,0.009783876,held_fold
ISIC_6409296,0,0.15166754,held_fold
ISIC_6411466,0,0.00014012825,held_fold
ISIC_6412486,0,0.0007085007,held_fold
ISIC_6413382,0,0.0071956813,held_fold
ISIC_6415466,0,3.9628874e-05,held_fold
ISIC_6420431,0,0.00071706047,held_fold
ISIC_6422862,0,0.0003371922,held_fold
ISIC_6423301,0,0.00040140413,held_fold
ISIC_6423914,0,0.002999819,held_fold
ISIC_6425807,0,0.00013861735,held_fold
ISIC_6425888,0,0.010779167,held_fold
ISIC_6432495,0,0.00080812874,held_fold
ISIC_6433551,0,0.03448667,held_fold
ISIC_6434605,0,0.0016871609,held_fold
ISIC_6435644,0,0.0053455145,held_fold
ISIC_6438174,0,0.020750558,held_fold
ISIC_6438355,0,0.0055883084,held_fold
ISIC_6440753,0,0.00049895473,held_fold
ISIC_6444653,0,0.040608194,held_fold
ISIC_6446616,0,7.690372e-05,held_fold
ISIC_6447071,0,0.013172681,held_fold
ISIC_6447681,0,0.035893664,held_fold
ISIC_6448063,0,0.050208736,held_fold
ISIC_6449939,0,0.000114375565,held_fold
ISIC_6450517,0,0.00023007284,held_fold
ISIC_6450756,0,0.043081813,held_fold
ISIC_6451230,0,0.00094240904,held_fold
ISIC_6453506,0,5.1110193e-05,held_fold
ISIC_6455702,0,0.00032222384,held_fold
ISIC_6457849,0,0.0024015424,held_fold
ISIC_6459796,0,0.006126656,held_fold
ISIC_6460696,0,9.479839e-05,held_fold
ISIC_6464177,0,0.023237899,held_fold
ISIC_6464905,0,0.023808233,held_fold
ISIC_6466611,0,0.0003236382,held_fold
ISIC_6467876,0,0.0018041674,held_fold
ISIC_6470697,0,0.00026562557,held_fold
ISIC_6477782,0,0.0009940724,held_fold
ISIC_6479999,0,0.00063774775,held_fold
ISIC_6480784,0,0.0033984382,held_fold
ISIC_6482239,0,0.00079760316,held_fold
ISIC_6484136,0,0.0833772,held_fold
ISIC_6485050,0,0.015148262,held_fold
ISIC_6486815,0,0.01238098,held_fold
ISIC_6486856,0,0.0152102625,held_fold
ISIC_6487809,0,0.00043129013,held_fold
ISIC_6490895,0,0.0007069436,held_fold
ISIC_6496927,0,0.10521606,held_fold
ISIC_6497797,0,0.0003771019,held_fold
ISIC_6498670,0,0.0038058753,held_fold
ISIC_6500094,0,0.071450174,held_fold
ISIC_6500700,0,0.009767333,held_fold
ISIC_6506429,0,0.017563986,held_fold
ISIC_6506481,0,0.0007751893,held_fold
ISIC_6507412,0,0.0004363529,held_fold
ISIC_6507640,0,8.6357315e-05,held_fold
ISIC_6509682,1,0.041999113,held_fold
ISIC_6510403,0,0.0014964909,held_fold
ISIC_6512878,0,0.079203434,held_fold
ISIC_6513575,0,0.0002668455,held_fold
ISIC_6513977,0,0.00021221551,held_fold
ISIC_6515221,0,0.15551072,held_fold
ISIC_6515241,0,0.0001141276,held_fold
ISIC_6524052,0,0.0019029928,held_fold
ISIC_6524810,0,0.0021924463,held_fold
ISIC_6527464,0,0.0022922733,held_fold
ISIC_6528080,0,0.0016698542,held_fold
ISIC_6528650,0,0.014449863,held_fold
ISIC_6529773,0,0.00038773002,held_fold
ISIC_6530659,0,0.0034771664,held_fold
ISIC_6533307,0,0.0012773576,held_fold
ISIC_6534346,0,0.0040420587,held_fold
ISIC_6538955,0,0.006039164,held_fold
ISIC_6539116,0,0.00010999985,held_fold
ISIC_6540624,0,0.01038379,held_fold
ISIC_6543121,0,0.0019677915,held_fold
ISIC_6543564,0,0.00012534563,held_fold
ISIC_6544548,0,0.003408476,held_fold
ISIC_6545051,0,0.0006375979,held_fold
ISIC_6547083,0,0.0028693734,held_fold
ISIC_6547379,0,0.014469072,held_fold
ISIC_6547605,0,0.006768475,held_fold
ISIC_6547878,0,0.001764526,held_fold
ISIC_6549908,0,0.02073646,held_fold
ISIC_6550427,0,0.0012349715,held_fold
ISIC_6551532,0,0.00043855968,held_fold
ISIC_6553389,0,0.0012829254,held_fold
ISIC_6553768,0,0.00010864415,held_fold
ISIC_6556473,0,0.0010935086,held_fold
ISIC_6559979,0,0.00012393843,held_fold
ISIC_6561787,0,0.09953225,held_fold
ISIC_6563211,0,0.005387602,held_fold
ISIC_6563761,0,0.029197006,held_fold
ISIC_6564034,0,0.01439741,held_fold
ISIC_6564818,0,0.00041044963,held_fold
ISIC_6565709,0,0.00034749633,held_fold
ISIC_6567382,0,0.0012240112,held_fold
ISIC_6568247,0,0.013932816,held_fold
ISIC_6570611,0,0.005788747,held_fold
ISIC_6571305,0,0.00023067668,held_fold
ISIC_6571335,0,0.010142574,held_fold
ISIC_6571459,0,0.0048625185,held_fold
ISIC_6571597,0,0.0009164088,held_fold
ISIC_6572463,0,0.0071008583,held_fold
ISIC_6572646,0,0.00061674585,held_fold
ISIC_6576397,0,0.00015631766,held_fold
ISIC_6576549,0,0.0064917994,held_fold
ISIC_6581665,0,9.282733e-05,held_fold
ISIC_6582783,0,0.019682817,held_fold
ISIC_6584847,0,0.00055934646,held_fold
ISIC_6586052,0,0.00039803205,held_fold
ISIC_6588756,0,0.017673299,held_fold
ISIC_6588853,0,0.020344527,held_fold
ISIC_6593826,0,0.00057725987,held_fold
ISIC_6594273,0,0.005376027,held_fold
ISIC_6602724,0,0.00033269433,held_fold
ISIC_6607895,0,0.008478109,held_fold
ISIC_6608281,0,0.00015934737,held_fold
ISIC_6608507,0,0.067449264,held_fold
ISIC_6608618,0,0.0001902032,held_fold
ISIC_6609931,0,0.00015446144,held_fold
ISIC_6610645,0,0.00014166103,held_fold
ISIC_6613228,0,0.003257171,held_fold
ISIC_6615566,0,0.017957725,held_fold
ISIC_6616174,0,0.021382798,held_fold
ISIC_6617840,0,0.0024773343,held_fold
ISIC_6618652,0,0.001213263,held_fold
ISIC_6619970,0,0.0022257946,held_fold
ISIC_6622594,0,9.725859e-05,held_fold
ISIC_6622892,0,0.0037850116,held_fold
ISIC_6627142,0,0.0071736006,held_fold
ISIC_6627659,0,0.0045639104,held_fold
ISIC_6628544,0,0.00044460598,held_fold
ISIC_6632997,0,0.022115637,held_fold
ISIC_6636275,0,0.00027279728,held_fold
ISIC_6636720,0,0.014632024,held_fold
ISIC_6637323,0,0.00019480682,held_fold
ISIC_6638892,0,0.0026077107,held_fold
ISIC_6640753,0,0.0012386275,held_fold
ISIC_6644265,0,0.00048385066,held_fold
ISIC_6646410,0,0.002000443,held_fold
ISIC_6646749,0,0.0008380715,held_fold
ISIC_6651931,0,0.00031569143,held_fold
ISIC_6652211,0,0.005983852,held_fold
ISIC_6653311,0,0.045896713,held_fold
ISIC_6653456,0,0.0226652,held_fold
ISIC_6660516,0,0.05861771,held_fold
ISIC_6661691,0,0.005711472,held_fold
ISIC_6661904,0,0.13221587,held_fold
ISIC_6661910,0,0.024165295,held_fold
ISIC_6664275,0,0.045909543,held_fold
ISIC_6665380,0,0.014558575,held_fold
ISIC_6665515,0,0.0002521206,held_fold
ISIC_6668604,0,0.010485786,held_fold
ISIC_6668859,0,0.0031848187,held_fold
ISIC_6673875,0,0.05959938,held_fold
ISIC_6674202,0,0.041247796,held_fold
ISIC_6676568,0,0.017657734,held_fold
ISIC_6676705,0,0.011298515,held_fold
ISIC_6680873,0,0.00020225844,held_fold
ISIC_6681346,0,0.0030093603,held_fold
ISIC_6683756,0,0.00013977409,held_fold
ISIC_6686144,0,0.0005546195,held_fold
ISIC_6687927,0,0.00068219885,held_fold
ISIC_6688311,0,0.00079903327,held_fold
ISIC_6689593,0,0.00075268233,held_fold
ISIC_6689717,0,0.0002407138,held_fold
ISIC_6690049,0,0.0010079065,held_fold
ISIC_6691092,0,8.380258e-05,held_fold
ISIC_6696515,0,0.018986225,held_fold
ISIC_6696536,0,0.00028591618,held_fold
ISIC_6698186,0,0.0012555305,held_fold
ISIC_6701139,0,0.00022409158,held_fold
ISIC_6702684,0,0.0019567728,held_fold
ISIC_6703021,0,0.000118850294,held_fold
ISIC_6703027,0,0.06074062,held_fold
ISIC_6704036,0,0.0005629502,held_fold
ISIC_6704130,0,0.00036224816,held_fold
ISIC_6706289,0,0.0017020134,held_fold
ISIC_6706678,0,0.04632892,held_fold
ISIC_6708968,0,0.026532222,held_fold
ISIC_6709052,0,0.0009015395,held_fold
ISIC_6712470,0,0.06732623,held_fold
ISIC_6713062,0,0.010760355,held_fold
ISIC_6716036,0,0.0003235996,held_fold
ISIC_6721304,0,0.0027286871,held_fold
ISIC_6723937,0,0.0044546644,held_fold
ISIC_6725390,0,0.00049451366,held_fold
ISIC_6725760,0,0.002664618,held_fold
ISIC_6725828,0,0.020026848,held_fold
ISIC_6726495,0,0.032887634,held_fold
ISIC_6727495,0,0.001082785,held_fold
ISIC_6729594,0,0.04342014,held_fold
ISIC_6731796,0,0.017812664,held_fold
ISIC_6735970,0,0.021665882,held_fold
ISIC_6738013,0,0.0009520207,held_fold
ISIC_6747026,0,0.0011864507,held_fold
ISIC_6749688,0,0.0010986327,held_fold
ISIC_6753364,0,0.022441618,held_fold
ISIC_6753425,0,0.0010725647,held_fold
ISIC_6754034,0,0.077526964,held_fold
ISIC_6754749,0,0.00028419506,held_fold
ISIC_6756517,0,0.008670434,held_fold
ISIC_6758042,0,0.011875476,held_fold
ISIC_6759319,0,0.002430279,held_fold
ISIC_6761980,0,0.00068935327,held_fold
ISIC_6764541,0,0.0035058013,held_fold
ISIC_6767017,0,0.0012601311,held_fold
ISIC_6772067,0,0.008966553,held_fold
ISIC_6774796,0,0.0036052351,held_fold
ISIC_6778483,0,0.02009144,held_fold
ISIC_6778756,0,0.00023007242,held_fold
ISIC_6779354,0,0.009879398,held_fold
ISIC_6781075,0,0.0050628386,held_fold
ISIC_6781637,0,0.0005708528,held_fold
ISIC_6781665,0,0.00891055,held_fold
ISIC_6784722,0,0.063695796,held_fold
ISIC_6787097,0,0.007153395,held_fold
ISIC_6789876,0,0.0005688342,held_fold
ISIC_6790949,0,0.0037274344,held_fold
ISIC_6792155,0,0.0170839,held_fold
ISIC_6794321,0,0.000167753,held_fold
ISIC_6794899,0,0.08246292,held_fold
ISIC_6795009,0,0.0011660635,held_fold
ISIC_6798880,0,6.4186825e-05,held_fold
ISIC_6804665,0,0.008619841,held_fold
ISIC_6814478,0,0.067425035,held_fold
ISIC_6815524,0,0.0002418569,held_fold
ISIC_6815672,0,0.0150388,held_fold
ISIC_6817651,0,0.033794742,held_fold
ISIC_6826081,0,0.00037963112,held_fold
ISIC_6827929,0,0.016832205,held_fold
ISIC_6828587,0,0.02713324,held_fold
ISIC_6831482,0,0.016722329,held_fold
ISIC_6841294,1,0.20931499,held_fold
ISIC_6841752,0,0.0018085256,held_fold
ISIC_6844282,0,0.043886647,held_fold
ISIC_6845907,0,0.06616247,held_fold
ISIC_6847317,0,0.0002836553,held_fold
ISIC_6848560,0,0.040546674,held_fold
ISIC_6852275,0,0.05733746,held_fold
ISIC_6852281,0,0.0070133302,held_fold
ISIC_6853087,0,0.02033763,held_fold
ISIC_6853657,0,0.0015151615,held_fold
ISIC_6853786,0,0.004089037,held_fold
ISIC_6854940,0,0.0007441502,held_fold
ISIC_6855125,0,0.00019189496,held_fold
ISIC_6857334,0,0.00010534445,held_fold
ISIC_6858074,0,0.051544935,held_fold
ISIC_6858892,0,0.00017898717,held_fold
ISIC_6859159,0,0.037735622,held_fold
ISIC_6866526,0,0.0007138133,held_fold
ISIC_6872792,0,0.051777508,held_fold
ISIC_6873669,0,0.001998171,held_fold
ISIC_6874316,0,0.012040147,held_fold
ISIC_6876297,0,0.020443255,held_fold
ISIC_6876309,0,0.008384131,held_fold
ISIC_6876820,0,0.02439021,held_fold
ISIC_6878588,0,0.29755026,held_fold
ISIC_6879085,0,0.0006923374,held_fold
ISIC_6880164,0,0.0053854077,held_fold
ISIC_6882582,0,0.016756665,held_fold
ISIC_6888012,0,0.0002672274,held_fold
ISIC_6888353,0,0.0031915058,held_fold
ISIC_6889965,0,0.0019513662,held_fold
ISIC_6890820,0,0.0009863991,held_fold
ISIC_6893552,0,0.0120589705,held_fold
ISIC_6896427,0,0.0007194555,held_fold
ISIC_6898059,0,0.0065057087,held_fold
ISIC_6898841,0,0.0002954367,held_fold
ISIC_6899551,0,0.0006608649,held_fold
ISIC_6900579,0,0.010411665,held_fold
ISIC_6901340,0,0.0020371054,held_fold
ISIC_6901681,0,0.06000711,held_fold
ISIC_6903643,0,0.0024028977,held_fold
ISIC_6904082,1,0.030624656,held_fold
ISIC_6904410,0,0.00010342905,held_fold
ISIC_6905594,0,0.0003454642,held_fold
ISIC_6906203,0,0.00155196,held_fold
ISIC_6908286,0,0.00055378804,held_fold
ISIC_6915759,0,0.07821566,held_fold
ISIC_6916987,0,0.043567356,held_fold
ISIC_6928607,0,0.002838524,held_fold
ISIC_6930690,0,0.057015304,held_fold
ISIC_6930828,0,0.09450967,held_fold
ISIC_6933471,0,0.0013519027,held_fold
ISIC_6933978,0,0.0001982787,held_fold
ISIC_6934211,0,0.0025031809,held_fold
ISIC_6938489,0,0.0013131165,held_fold
ISIC_6938905,0,0.053423487,held_fold
ISIC_6940677,0,0.0025977655,held_fold
ISIC_6941441,0,0.00085923134,held_fold
ISIC_6943717,0,0.014515717,held_fold
ISIC_6944466,0,0.025211984,held_fold
ISIC_6944481,0,0.00034142582,held_fold
ISIC_6945725,0,0.0077134515,held_fold
ISIC_6946260,0,0.004905885,held_fold
ISIC_6947870,0,0.0005360694,held_fold
ISIC_6949941,0,0.007353932,held_fold
ISIC_6952773,0,0.00047693963,held_fold
ISIC_6954577,0,0.0012075882,held_fold
ISIC_6955095,0,0.0034267209,held_fold
ISIC_6955799,0,0.00093515904,held_fold
ISIC_6959018,0,0.004834858,held_fold
ISIC_6963252,0,0.0025128687,held_fold
ISIC_6967033,0,0.026250463,held_fold
ISIC_6968422,0,0.0007220068,held_fold
ISIC_6968972,0,0.006672973,held_fold
ISIC_6968982,0,0.018267563,held_fold
ISIC_6970181,0,0.0056280205,held_fold
ISIC_6970271,0,0.0007674877,held_fold
ISIC_6973257,0,0.010642134,held_fold
ISIC_6974005,0,0.005121605,held_fold
ISIC_6974286,0,0.00014504069,held_fold
ISIC_6977097,0,0.03225993,held_fold
ISIC_6977581,0,0.07907115,held_fold
ISIC_6986010,0,0.0037594978,held_fold
ISIC_6991849,0,0.020721525,held_fold
ISIC_6992267,0,0.015228708,held_fold
ISIC_6992709,0,0.00022687134,held_fold
ISIC_6997349,0,8.69618e-05,held_fold
ISIC_7002323,0,0.0006364023,held_fold
ISIC_7006312,0,0.00028628416,held_fold
ISIC_7009273,0,0.00018845555,held_fold
ISIC_7011753,0,0.0019858982,held_fold
ISIC_7012881,0,0.002063899,held_fold
ISIC_7013418,0,0.0007800563,held_fold
ISIC_7013991,0,0.000435169,held_fold
ISIC_7015694,0,0.0063936682,held_fold
ISIC_7016839,0,0.00023156495,held_fold
ISIC_7020708,0,0.032117747,held_fold
ISIC_7024662,0,0.01632058,held_fold
ISIC_7024807,0,0.010509605,held_fold
ISIC_7027424,0,0.025308294,held_fold
ISIC_7027536,0,0.007322993,held_fold
ISIC_7028320,0,0.16299893,held_fold
ISIC_7030974,0,0.0003301697,held_fold
ISIC_7032085,0,0.00058290776,held_fold
ISIC_7032787,0,0.0020678085,held_fold
ISIC_7033912,0,0.003332061,held_fold
ISIC_7035517,0,0.053243883,held_fold
ISIC_7038586,0,0.000742913,held_fold
ISIC_7041484,0,0.000476475,held_fold
ISIC_7041558,0,0.00031222295,held_fold
ISIC_7043443,0,0.013719559,held_fold
ISIC_7044173,0,0.0001567257,held_fold
ISIC_7046324,0,0.008487899,held_fold
ISIC_7051167,0,0.000266279,held_fold
ISIC_7052158,0,0.014525705,held_fold
ISIC_7054108,0,0.0010090739,held_fold
ISIC_7056776,0,0.00027878958,held_fold
ISIC_7056918,0,0.015016003,held_fold
ISIC_7058883,0,0.0017891022,held_fold
ISIC_7064137,0,0.0008800623,held_fold
ISIC_7066320,0,0.00147858,held_fold
ISIC_7066695,0,0.0019070546,held_fold
ISIC_7066945,0,0.024545077,held_fold
ISIC_7067750,0,0.002307673,held_fold
ISIC_7068021,0,0.00016422961,held_fold
ISIC_7069404,0,0.0001828585,held_fold
ISIC_7069423,0,0.0010607828,held_fold
ISIC_7069853,0,0.019346008,held_fold
ISIC_7071213,0,0.045162965,held_fold
ISIC_7073263,0,0.0032731148,held_fold
ISIC_7079714,0,0.0064905477,held_fold
ISIC_7080584,0,0.0015109256,held_fold
ISIC_7082703,0,0.013832067,held_fold
ISIC_7083307,0,0.03580763,held_fold
ISIC_7084197,0,0.011095685,held_fold
ISIC_7091750,0,0.00036125857,held_fold
ISIC_7095245,0,0.003248808,held_fold
ISIC_7096946,0,0.0005212772,held_fold
ISIC_7097343,0,4.2336345e-05,held_fold
ISIC_7100755,1,0.081035934,held_fold
ISIC_7104307,0,0.010231697,held_fold
ISIC_7105639,0,0.00029350907,held_fold
ISIC_7105681,0,0.0001185275,held_fold
ISIC_7107371,0,0.0038659626,held_fold
ISIC_7115605,0,0.28203538,held_fold
ISIC_7116781,0,0.00401374,held_fold
ISIC_7117338,0,0.042881202,held_fold
ISIC_7119225,0,0.000109152876,held_fold
ISIC_7121198,0,0.0132873785,held_fold
ISIC_7121344,0,0.0053824615,held_fold
ISIC_7124408,0,0.0006383847,held_fold
ISIC_7125023,0,3.4242257e-05,held_fold
ISIC_7125512,0,0.06843473,held_fold
ISIC_7125703,0,0.00058413914,held_fold
ISIC_7126877,0,0.00056981744,held_fold
ISIC_7128233,0,0.00048595955,held_fold
ISIC_7128674,0,0.008518444,held_fold
ISIC_7129085,0,0.018438326,held_fold
ISIC_7135134,0,0.00042885018,held_fold
ISIC_7136995,0,0.00020628808,held_fold
ISIC_7137773,0,0.06034189,held_fold
ISIC_7139484,0,0.00026100263,held_fold
ISIC_7140636,0,0.103395864,held_fold
ISIC_7140783,0,0.00027776574,held_fold
ISIC_7143388,0,0.06348605,held_fold
ISIC_7144795,0,0.001090963,held_fold
ISIC_7145266,0,0.015125215,held_fold
ISIC_7145969,0,0.0020917002,held_fold
ISIC_7148656,0,0.09412624,held_fold
ISIC_7150966,0,0.08017016,held_fold
ISIC_7152347,0,0.005839233,held_fold
ISIC_7153240,0,0.0006539031,held_fold
ISIC_7155873,0,0.00041593963,held_fold
ISIC_7156715,0,0.0004990598,held_fold
ISIC_7161002,0,0.00011972181,held_fold
ISIC_7161069,0,0.0026257231,held_fold
ISIC_7162343,0,0.023633808,held_fold
ISIC_7162711,0,0.025743596,held_fold
ISIC_7164076,0,9.8901925e-05,held_fold
ISIC_7167473,0,0.00017549304,held_fold
ISIC_7168604,0,0.0028573626,held_fold
ISIC_7170391,0,7.896e-05,held_fold
ISIC_7170431,0,0.00025863887,held_fold
ISIC_7171799,0,0.039659984,held_fold
ISIC_7173520,0,0.00784448,held_fold
ISIC_7173850,0,9.994985e-05,held_fold
ISIC_7175127,0,0.0011245522,held_fold
ISIC_7179067,0,0.00013131123,held_fold
ISIC_7180332,0,0.009943716,held_fold
ISIC_7181396,0,0.027728682,held_fold
ISIC_7182677,0,0.00824629,held_fold
ISIC_7183212,1,0.12774676,held_fold
ISIC_7183931,0,0.00025110703,held_fold
ISIC_7185157,0,0.00057860825,held_fold
ISIC_7187577,0,0.024124606,held_fold
ISIC_7188330,0,0.071183935,held_fold
ISIC_7192331,0,0.069004655,held_fold
ISIC_7194695,0,0.18240377,held_fold
ISIC_7195168,0,0.018214796,held_fold
ISIC_7199167,0,0.0057389685,held_fold
ISIC_7204331,0,0.19356412,held_fold
ISIC_7205039,0,0.016946573,held_fold
ISIC_7205863,0,0.00047923377,held_fold
ISIC_7207496,0,0.040200267,held_fold
ISIC_7207715,0,0.00015518867,held_fold
ISIC_7210752,0,0.0003874813,held_fold
ISIC_7212312,0,0.0115648415,held_fold
ISIC_7212966,0,0.059045456,held_fold
ISIC_7216772,0,0.025871836,held_fold
ISIC_7219262,0,0.0002651901,held_fold
ISIC_7220538,0,0.0013357741,held_fold
ISIC_7226381,0,0.00010325817,held_fold
ISIC_7227599,0,0.0005188455,held_fold
ISIC_7230027,0,0.002973583,held_fold
ISIC_7230304,0,0.0054575377,held_fold
ISIC_7231735,0,0.046371996,held_fold
ISIC_7232375,0,0.0021867664,held_fold
ISIC_7236143,0,0.051549353,held_fold
ISIC_7238139,0,0.00030066737,held_fold
ISIC_7240224,0,0.0051952056,held_fold
ISIC_7240424,0,0.00078567455,held_fold
ISIC_7240915,0,0.042119946,held_fold
ISIC_7243256,0,0.020319056,held_fold
ISIC_7243593,0,0.0003990107,held_fold
ISIC_7244323,0,0.00018902909,held_fold
ISIC_7246096,0,0.009809854,held_fold
ISIC_7248532,0,0.0007177452,held_fold
ISIC_7248566,0,0.00011758393,held_fold
ISIC_7250813,0,0.000101921854,held_fold
ISIC_7259980,0,0.001314761,held_fold
ISIC_7260013,0,0.041019946,held_fold
ISIC_7260492,0,0.00027579928,held_fold
ISIC_7266940,0,0.020074302,held_fold
ISIC_7268804,0,0.013197573,held_fold
ISIC_7270858,0,0.00018487833,held_fold
ISIC_7272509,0,0.06835236,held_fold
ISIC_7273853,0,0.002132981,held_fold
ISIC_7279098,0,0.014082125,held_fold
ISIC_7281014,0,0.00028237738,held_fold
ISIC_7286958,0,0.19494428,held_fold
ISIC_7287053,0,0.0008856876,held_fold
ISIC_7287161,0,8.110388e-05,held_fold
ISIC_7287338,0,0.004235584,held_fold
ISIC_7288627,0,0.0019577248,held_fold
ISIC_7288949,0,0.045448557,held_fold
ISIC_7292533,0,0.00021324286,held_fold
ISIC_7294446,0,0.014423749,held_fold
ISIC_7298784,0,0.0008223601,held_fold
ISIC_7301029,0,0.022795083,held_fold
ISIC_7302456,0,0.00013416582,held_fold
ISIC_7309600,0,0.007234585,held_fold
ISIC_7312781,0,0.00014137522,held_fold
ISIC_7313390,0,6.755165e-05,held_fold
ISIC_7313923,0,0.025187705,held_fold
ISIC_7315641,0,0.054367624,held_fold
ISIC_7316364,0,0.0009407476,held_fold
ISIC_7316871,0,0.045521572,held_fold
ISIC_7319707,0,0.044054262,held_fold
ISIC_7321132,0,0.003126945,held_fold
ISIC_7322169,0,0.00091895496,held_fold
ISIC_7324228,0,0.0002807292,held_fold
ISIC_7324840,0,0.025310636,held_fold
ISIC_7326713,0,0.00210557,held_fold
ISIC_7327087,0,0.0021350149,held_fold
ISIC_7332657,0,0.03562029,held_fold
ISIC_7334875,0,0.010537997,held_fold
ISIC_7335785,0,0.00011703222,held_fold
ISIC_7337194,0,0.0005152527,held_fold
ISIC_7338634,0,0.00032137067,held_fold
ISIC_7338760,0,0.02865596,held_fold
ISIC_7338843,0,0.00013457083,held_fold
ISIC_7342741,0,0.0037590622,held_fold
ISIC_7344014,0,0.00020143394,held_fold
ISIC_7345367,0,0.0013990359,held_fold
ISIC_7345709,0,0.00021143511,held_fold
ISIC_7346739,1,0.18057948,held_fold
ISIC_7351007,0,0.0005499754,held_fold
ISIC_7353070,0,0.0003830531,held_fold
ISIC_7356472,0,0.0002944104,held_fold
ISIC_7356589,0,0.003103067,held_fold
ISIC_7357474,0,0.001023278,held_fold
ISIC_7358425,0,0.0001565735,held_fold
ISIC_7358848,0,0.1668024,held_fold
ISIC_7358998,0,0.036907423,held_fold
ISIC_7360101,0,0.009018698,held_fold
ISIC_7364411,0,0.011215979,held_fold
ISIC_7365445,0,0.00011091685,held_fold
ISIC_7367323,0,0.000109115725,held_fold
ISIC_7368046,0,0.0011918333,held_fold
ISIC_7369843,0,0.0063709198,held_fold
ISIC_7370756,0,0.001523306,held_fold
ISIC_7372459,0,0.00019428946,held_fold
ISIC_7380364,0,0.001482769,held_fold
ISIC_7382594,0,0.03994944,held_fold
ISIC_7383044,0,8.598236e-05,held_fold
ISIC_7383585,0,0.024917923,held_fold
ISIC_7384638,0,0.040495172,held_fold
ISIC_7389320,0,0.00053685636,held_fold
ISIC_7394756,0,0.005206559,held_fold
ISIC_7394834,0,0.0003617193,held_fold
ISIC_7394897,0,0.0044211918,held_fold
ISIC_7395166,0,0.034727033,held_fold
ISIC_7399970,0,0.002583306,held_fold
ISIC_7401893,0,0.00015589717,held_fold
ISIC_7402256,0,0.0058066817,held_fold
ISIC_7404937,0,0.00041744567,held_fold
ISIC_7409797,0,0.000112198904,held_fold
ISIC_7410598,0,0.000116304305,held_fold
ISIC_7410677,0,0.013538846,held_fold
ISIC_7413098,0,0.00090781477,held_fold
ISIC_7413468,0,0.0053947074,held_fold
ISIC_7414124,0,0.0039225626,held_fold
ISIC_7416797,0,0.014077459,held_fold
ISIC_7418760,0,0.02982351,held_fold
ISIC_7422026,0,0.00051343994,held_fold
ISIC_7423788,0,0.0021625133,held_fold
ISIC_7424320,0,0.05210901,held_fold
ISIC_7430481,0,0.070379406,held_fold
ISIC_7431480,0,0.00093665934,held_fold
ISIC_7434918,0,0.0027566168,held_fold
ISIC_7436377,0,0.00015529404,held_fold
ISIC_7438913,0,0.0017043062,held_fold
ISIC_7439160,0,0.00029338765,held_fold
ISIC_7441917,0,0.00038556522,held_fold
ISIC_7445800,0,0.00034337724,held_fold
ISIC_7446443,0,0.0026209299,held_fold
ISIC_7452503,0,0.001287974,held_fold
ISIC_7452767,0,9.559578e-05,held_fold
ISIC_7453902,0,0.0139501,held_fold
ISIC_7456769,0,0.0010508883,held_fold
ISIC_7458272,0,0.0005476312,held_fold
ISIC_7459066,0,0.0014222215,held_fold
ISIC_7459410,0,0.025641477,held_fold
ISIC_7460111,0,0.0144522255,held_fold
ISIC_7460444,0,0.01857692,held_fold
ISIC_7461086,0,0.00031418205,held_fold
ISIC_7462746,0,0.029633174,held_fold
ISIC_7465209,0,0.005122329,held_fold
ISIC_7465753,0,0.036332905,held_fold
ISIC_7466101,0,0.0059324414,held_fold
ISIC_7468182,0,0.0003308342,held_fold
ISIC_7468407,0,0.09280919,held_fold
ISIC_7468410,0,0.00016829965,held_fold
ISIC_7471517,0,0.065226294,held_fold
ISIC_7474949,0,0.0001436641,held_fold
ISIC_7474994,0,0.042053174,held_fold
ISIC_7477006,0,0.035558507,held_fold
ISIC_7477754,0,0.0026785133,held_fold
ISIC_7477771,0,0.012425786,held_fold
ISIC_7480166,0,0.00012899851,held_fold
ISIC_7481978,0,4.262535e-05,held_fold
ISIC_7482149,0,0.007571055,held_fold
ISIC_7484011,0,0.00035539,held_fold
ISIC_7484618,0,0.00011661725,held_fold
ISIC_7489895,0,0.0002307891,held_fold
ISIC_7491217,0,0.04160913,held_fold
ISIC_7495148,0,0.053615533,held_fold
ISIC_7495157,0,0.00047028728,held_fold
ISIC_7495971,0,0.0036534255,held_fold
ISIC_7496225,0,0.0028670414,held_fold
ISIC_7496511,0,0.030790575,held_fold
ISIC_7498132,0,0.00027598892,held_fold
ISIC_7498716,0,0.04574641,held_fold
ISIC_7499769,0,0.01718009,held_fold
ISIC_7503521,0,0.015859168,held_fold
ISIC_7503950,1,0.009389858,held_fold
ISIC_7504741,0,0.00058910495,held_fold
ISIC_7505533,0,0.06092897,held_fold
ISIC_7505675,0,0.00017053976,held_fold
ISIC_7507065,0,0.00351279,held_fold
ISIC_7507286,0,0.013378138,held_fold
ISIC_7507808,0,0.008247116,held_fold
ISIC_7508320,0,0.0061946427,held_fold
ISIC_7509837,0,0.0075858654,held_fold
ISIC_7511557,0,0.0004427282,held_fold
ISIC_7513139,0,0.0012041035,held_fold
ISIC_7513677,0,0.0076138643,held_fold
ISIC_7514840,0,0.000634754,held_fold
ISIC_7517099,0,0.0077226176,held_fold
ISIC_7519274,0,0.0006185406,held_fold
ISIC_7522199,0,0.06452446,held_fold
ISIC_7523330,0,0.004505372,held_fold
ISIC_7524426,0,0.0008465056,held_fold
ISIC_7527413,0,0.15190053,held_fold
ISIC_7533216,0,0.012292163,held_fold
ISIC_7536704,1,0.17735364,held_fold
ISIC_7539588,0,0.00050511677,held_fold
ISIC_7540824,0,0.0008488572,held_fold
ISIC_7543874,0,0.0060696923,held_fold
ISIC_7544251,0,0.00028000426,held_fold
ISIC_7546192,0,0.0006474374,held_fold
ISIC_7547609,0,0.10590612,held_fold
ISIC_7548405,0,0.012391719,held_fold
ISIC_7548923,0,0.0038977317,held_fold
ISIC_7549398,0,0.012846152,held_fold
ISIC_7552521,0,0.00096577284,held_fold
ISIC_7555016,0,0.011006603,held_fold
ISIC_7559435,0,0.0064155464,held_fold
ISIC_7560157,0,0.060409527,held_fold
ISIC_7561521,0,0.0023552084,held_fold
ISIC_7562175,0,0.00028564673,held_fold
ISIC_7564040,0,0.009234063,held_fold
ISIC_7566403,0,0.00052039156,held_fold
ISIC_7567374,0,0.010830661,held_fold
ISIC_7570834,0,0.0069052177,held_fold
ISIC_7571957,0,0.015341098,held_fold
ISIC_7572137,0,0.0017320901,held_fold
ISIC_7574666,0,0.10966545,held_fold
ISIC_7575131,0,0.0010610725,held_fold
ISIC_7575246,0,0.011021276,held_fold
ISIC_7575644,0,0.021084912,held_fold
ISIC_7575815,0,0.0002348208,held_fold
ISIC_7576735,0,0.0007656472,held_fold
ISIC_7582764,0,0.0022476257,held_fold
ISIC_7583644,0,0.0015240766,held_fold
ISIC_7583922,0,0.0212447,held_fold
ISIC_7585280,0,0.0005078619,held_fold
ISIC_7585550,0,0.00020928799,held_fold
ISIC_7585924,0,0.00075540564,held_fold
ISIC_7586566,0,0.044091165,held_fold
ISIC_7587006,0,0.08111083,held_fold
ISIC_7589802,0,0.0033397833,held_fold
ISIC_7593561,0,0.0002415048,held_fold
ISIC_7594124,0,0.000493958,held_fold
ISIC_7594625,0,0.06008548,held_fold
ISIC_7595826,0,0.00034099128,held_fold
ISIC_7596866,0,0.0051706885,held_fold
ISIC_7598658,0,0.0008952906,held_fold
ISIC_7600348,0,0.0012398709,held_fold
ISIC_7601364,0,0.00021657954,held_fold
ISIC_7602656,0,0.020459017,held_fold
ISIC_7603831,0,0.05254947,held_fold
ISIC_7604870,0,0.0069065457,held_fold
ISIC_7607101,0,0.00031895537,held_fold
ISIC_7607107,0,0.00017997462,held_fold
ISIC_7607335,0,0.0005219116,held_fold
ISIC_7609643,0,0.012005235,held_fold
ISIC_7612427,0,0.019937418,held_fold
ISIC_7612589,0,0.025873542,held_fold
ISIC_7615896,0,0.023107076,held_fold
ISIC_7617445,0,0.0003269453,held_fold
ISIC_7619041,0,0.022874726,held_fold
ISIC_7619234,0,0.00035007697,held_fold
ISIC_7620347,0,0.017060312,held_fold
ISIC_7622520,0,0.0011559576,held_fold
ISIC_7626632,0,0.011374732,held_fold
ISIC_7628175,0,0.00034436595,held_fold
ISIC_7629264,0,0.00035097872,held_fold
ISIC_7632525,0,0.02063277,held_fold
ISIC_7634151,0,0.124771684,held_fold
ISIC_7634281,0,0.00020355097,held_fold
ISIC_7635056,0,0.008041358,held_fold
ISIC_7637091,0,0.05673944,held_fold
ISIC_7637801,0,0.0002542691,held_fold
ISIC_7638574,0,0.00818832,held_fold
ISIC_7642500,0,0.003047645,held_fold
ISIC_7643396,0,0.017231017,held_fold
ISIC_7643603,0,0.0006400812,held_fold
ISIC_7644571,0,0.00016017762,held_fold
ISIC_7646866,0,0.00071046146,held_fold
ISIC_7647201,0,0.003811902,held_fold
ISIC_7649562,0,0.027453104,held_fold
ISIC_7649781,0,0.04716514,held_fold
ISIC_7650216,0,0.044270195,held_fold
ISIC_7650369,0,0.0004922321,held_fold
ISIC_7652615,0,0.011560591,held_fold
ISIC_7653121,0,0.00029102634,held_fold
ISIC_7656935,0,0.0049720826,held_fold
ISIC_7657085,0,0.043359604,held_fold
ISIC_7658006,0,0.017612291,held_fold
ISIC_7661657,0,0.00019149484,held_fold
ISIC_7665526,0,0.026619567,held_fold
ISIC_7665645,0,0.025082173,held_fold
ISIC_7668206,0,0.00030092546,held_fold
ISIC_7670149,0,0.04686538,held_fold
ISIC_7671589,0,0.0035072712,held_fold
ISIC_7671776,0,0.0016562877,held_fold
ISIC_7671972,0,0.0005683234,held_fold
ISIC_7672895,0,0.04288285,held_fold
ISIC_7677461,0,0.00056015764,held_fold
ISIC_7677876,0,0.00027966278,held_fold
ISIC_7683437,0,0.00021815178,held_fold
ISIC_7685761,0,0.019073764,held_fold
ISIC_7686795,0,0.0001625734,held_fold
ISIC_7687686,0,0.00095963577,held_fold
ISIC_7690228,0,0.005409136,held_fold
ISIC_7691262,0,0.018655015,held_fold
ISIC_7693995,0,0.00072081055,held_fold
ISIC_7694028,0,0.045941312,held_fold
ISIC_7694184,0,0.00025284375,held_fold
ISIC_7694877,0,0.0007771338,held_fold
ISIC_7697022,0,0.0001358634,held_fold
ISIC_7697445,0,0.00083452114,held_fold
ISIC_7701105,0,0.00033546682,held_fold
ISIC_7702225,0,0.000527833,held_fold
ISIC_7704533,0,0.019911055,held_fold
ISIC_7705876,0,0.017028436,held_fold
ISIC_7706215,0,0.04416063,held_fold
ISIC_7709419,0,0.0002111426,held_fold
ISIC_7709611,0,0.0032987595,held_fold
ISIC_7710816,0,0.0011594517,held_fold
ISIC_7711688,0,0.014543191,held_fold
ISIC_7711947,0,0.005678708,held_fold
ISIC_7712138,0,0.009791742,held_fold
ISIC_7712996,0,0.0057427245,held_fold
ISIC_7713180,0,0.01053161,held_fold
ISIC_7714981,0,0.034016658,held_fold
ISIC_7715315,0,0.004218179,held_fold
ISIC_7723150,0,0.0006824063,held_fold
ISIC_7724906,0,0.02041313,held_fold
ISIC_7727347,0,0.017456235,held_fold
ISIC_7727960,0,0.0031345317,held_fold
ISIC_7728520,0,0.0029867638,held_fold
ISIC_7729573,0,0.004997391,held_fold
ISIC_7737437,0,0.0017035226,held_fold
ISIC_7738923,0,0.0052238656,held_fold
ISIC_7744571,0,7.7899254e-05,held_fold
ISIC_7745175,0,0.00010627218,held_fold
ISIC_7750508,0,0.00049192325,held_fold
ISIC_7750544,0,0.033992376,held_fold
ISIC_7753375,0,0.0064852578,held_fold
ISIC_7753753,0,0.0001342252,held_fold
ISIC_7754416,0,0.00010811779,held_fold
ISIC_7756791,0,0.0015549895,held_fold
ISIC_7759376,0,0.0030672844,held_fold
ISIC_7759630,0,0.000918061,held_fold
ISIC_7760219,0,0.0008967795,held_fold
ISIC_7760920,0,0.0036913622,held_fold
ISIC_7760948,0,0.01318063,held_fold
ISIC_7761884,0,0.0044716178,held_fold
ISIC_7762499,0,0.004564597,held_fold
ISIC_7763701,0,0.0011095268,held_fold
ISIC_7764481,0,0.034199763,held_fold
ISIC_7767350,0,0.006666849,held_fold
ISIC_7767423,0,0.015952047,held_fold
ISIC_7769639,0,0.00029452017,held_fold
ISIC_7769827,0,0.010857186,held_fold
ISIC_7771615,0,0.000360628,held_fold
ISIC_7775535,0,0.0065927655,held_fold
ISIC_7777873,0,0.0018197309,held_fold
ISIC_7779225,0,0.00031050216,held_fold
ISIC_7779685,0,0.0010786981,held_fold
ISIC_7780704,0,0.0039117285,held_fold
ISIC_7783914,0,0.0009817722,held_fold
ISIC_7784796,0,4.607218e-05,held_fold
ISIC_7791478,0,0.00047841217,held_fold
ISIC_7792073,0,0.0012133747,held_fold
ISIC_7796174,0,0.0021773432,held_fold
ISIC_7797745,0,0.0068669864,held_fold
ISIC_7798403,0,0.03993022,held_fold
ISIC_7800170,0,0.00027300284,held_fold
ISIC_7800415,0,0.06546247,held_fold
ISIC_7801815,0,0.01667087,held_fold
ISIC_7803010,0,6.3387975e-05,held_fold
ISIC_7803118,0,0.00024328203,held_fold
ISIC_7803496,0,0.0015193485,held_fold
ISIC_7804919,0,0.00010925888,held_fold
ISIC_7806040,0,0.0007886344,held_fold
ISIC_7806612,0,0.0025205896,held_fold
ISIC_7806765,0,0.0014326089,held_fold
ISIC_7807235,0,0.03487454,held_fold
ISIC_7808132,0,0.00083687383,held_fold
ISIC_7809643,0,0.00043196388,held_fold
ISIC_7811951,0,0.012498948,held_fold
ISIC_7814144,0,0.008862923,held_fold
ISIC_7815762,0,0.00019885997,held_fold
ISIC_7816367,0,0.0022999109,held_fold
ISIC_7818429,0,0.011390384,held_fold
ISIC_7819084,0,0.001098179,held_fold
ISIC_7821676,0,0.0014518007,held_fold
ISIC_7823773,0,0.007096324,held_fold
ISIC_7824206,0,0.004444156,held_fold
ISIC_7824250,0,0.06408851,held_fold
ISIC_7824420,0,0.023412736,held_fold
ISIC_7824688,0,0.00012786534,held_fold
ISIC_7826983,0,0.0004630388,held_fold
ISIC_7827067,0,0.0037207047,held_fold
ISIC_7828320,0,0.0030830838,held_fold
ISIC_7830937,0,0.010181607,held_fold
ISIC_7832323,0,0.0010392121,held_fold
ISIC_7833195,0,0.00028499655,held_fold
ISIC_7836872,0,0.0035219672,held_fold
ISIC_7839220,0,0.0004118736,held_fold
ISIC_7841085,0,5.911709e-05,held_fold
ISIC_7841317,0,0.0053460947,held_fold
ISIC_7842567,0,0.0006415622,held_fold
ISIC_7843406,0,0.04984867,held_fold
ISIC_7844276,0,0.014540115,held_fold
ISIC_7845281,0,0.051270757,held_fold
ISIC_7847294,0,0.011729191,held_fold
ISIC_7850058,0,0.00034195388,held_fold
ISIC_7850191,0,0.00021829073,held_fold
ISIC_7850786,0,9.101305e-05,held_fold
ISIC_7850884,0,0.010844831,held_fold
ISIC_7851399,0,0.00037795503,held_fold
ISIC_7852508,0,0.027932238,held_fold
ISIC_7852759,0,0.00016254612,held_fold
ISIC_7853136,0,0.00033563093,held_fold
ISIC_7857144,0,8.505222e-05,held_fold
ISIC_7859801,0,0.022083819,held_fold
ISIC_7867320,0,0.085410394,held_fold
ISIC_7868525,0,0.0009188386,held_fold
ISIC_7868855,0,0.0049512996,held_fold
ISIC_7869953,0,0.012244597,held_fold
ISIC_7873885,0,0.0010364368,held_fold
ISIC_7875959,0,0.014694994,held_fold
ISIC_7876620,0,0.00062506815,held_fold
ISIC_7879597,0,0.0005600813,held_fold
ISIC_7880046,0,0.00016320102,held_fold
ISIC_7880706,0,0.0016261983,held_fold
ISIC_7881514,0,0.007712288,held_fold
ISIC_7882053,0,0.00055638124,held_fold
ISIC_7885531,0,0.005079114,held_fold
ISIC_7888672,0,9.316512e-05,held_fold
ISIC_7890383,0,0.061350573,held_fold
ISIC_7891992,0,0.0039800517,held_fold
ISIC_7892276,0,0.032126576,held_fold
ISIC_7895093,0,0.0017950381,held_fold
ISIC_7896667,0,0.00014359999,held_fold
ISIC_7897374,0,0.0010832868,held_fold
ISIC_7897626,0,0.029101903,held_fold
ISIC_7900295,0,0.00018353731,held_fold
ISIC_7901662,0,0.029737398,held_fold
ISIC_7901891,0,0.043012016,held_fold
ISIC_7903213,0,0.001026416,held_fold
ISIC_7903561,0,0.0011629848,held_fold
ISIC_7903873,0,4.5038883e-05,held_fold
ISIC_7904191,0,0.00013872936,held_fold
ISIC_7905714,0,0.0025273724,held_fold
ISIC_7907113,0,0.00023493123,held_fold
ISIC_7907304,0,0.0007357835,held_fold
ISIC_7907808,0,0.017595708,held_fold
ISIC_7908575,0,0.06359676,held_fold
ISIC_7911353,0,0.00021967631,held_fold
ISIC_7912183,0,0.0006294859,held_fold
ISIC_7915094,0,0.00016925299,held_fold
ISIC_7915366,0,0.00056872086,held_fold
ISIC_7917961,0,0.009177732,held_fold
ISIC_7920705,0,0.0039819637,held_fold
ISIC_7924119,0,0.00028323696,held_fold
ISIC_7929089,0,0.0039658323,held_fold
ISIC_7929649,0,0.0062933723,held_fold
ISIC_7932466,0,0.05512898,held_fold
ISIC_7932658,0,0.0032392056,held_fold
ISIC_7933565,0,0.0091329785,held_fold
ISIC_7935007,0,0.0008730045,held_fold
ISIC_7936798,0,0.0005025101,held_fold
ISIC_7937728,0,0.00091231253,held_fold
ISIC_7940137,0,0.0049870447,held_fold
ISIC_7940744,0,0.00032942707,held_fold
ISIC_7942323,0,0.000343729,held_fold
ISIC_7947847,0,0.00015789148,held_fold
ISIC_7948290,1,0.004699119,held_fold
ISIC_7949832,0,0.00048465063,held_fold
ISIC_7950240,0,0.0007777561,held_fold
ISIC_7956925,0,0.03867044,held_fold
ISIC_7957630,0,0.0029238432,held_fold
ISIC_7958439,0,0.00024483618,held_fold
ISIC_7960251,0,0.018137828,held_fold
ISIC_7960953,0,0.044526335,held_fold
ISIC_7966295,0,0.00077446864,held_fold
ISIC_7967586,0,0.0021123216,held_fold
ISIC_7968733,0,0.00050927035,held_fold
ISIC_7969673,0,0.0010041713,held_fold
ISIC_7970478,0,7.405102e-05,held_fold
ISIC_7972675,0,0.00052826334,held_fold
ISIC_7972756,0,0.08489878,held_fold
ISIC_7974409,0,0.000276219,held_fold
ISIC_7975613,0,0.0012662334,held_fold
ISIC_7976463,0,0.0001270044,held_fold
ISIC_7976522,0,0.08696855,held_fold
ISIC_7977871,0,0.019413836,held_fold
ISIC_7978358,0,0.02086624,held_fold
ISIC_7984985,0,0.1277606,held_fold
ISIC_7985659,0,0.15833257,held_fold
ISIC_7987407,0,0.012974972,held_fold
ISIC_7988726,0,0.0017565206,held_fold
ISIC_7989119,0,4.3894906e-05,held_fold
ISIC_7989205,0,0.0016957151,held_fold
ISIC_7991159,0,0.00015274518,held_fold
ISIC_7991305,0,0.016863862,held_fold
ISIC_7991424,0,0.110826224,held_fold
ISIC_7991740,0,0.0024868385,held_fold
ISIC_7991932,0,0.0008933822,held_fold
ISIC_7993653,0,0.00077870017,held_fold
ISIC_7996054,0,0.000112539645,held_fold
ISIC_7997461,0,0.024490777,held_fold
ISIC_8000880,0,0.0002883171,held_fold
ISIC_8001757,0,0.00017613242,held_fold
ISIC_8002875,1,0.2127673,held_fold
ISIC_8004811,0,0.0019877336,held_fold
ISIC_8008356,0,0.046959452,held_fold
ISIC_8008932,0,0.044142563,held_fold
ISIC_8009201,0,0.0008576967,held_fold
ISIC_8011058,1,0.01871508,held_fold
ISIC_8011403,0,0.036400005,held_fold
ISIC_8012279,0,8.455288e-05,held_fold
ISIC_8013946,0,7.145492e-05,held_fold
ISIC_8015990,0,0.00023087162,held_fold
ISIC_8017829,0,0.0015051801,held_fold
ISIC_8024647,0,0.0002636281,held_fold
ISIC_8025243,0,0.0007973212,held_fold
ISIC_8025644,0,0.00037523752,held_fold
ISIC_8026249,0,0.25760227,held_fold
ISIC_8028126,0,0.0013308725,held_fold
ISIC_8029954,0,0.00023740204,held_fold
ISIC_8030063,0,0.038605154,held_fold
ISIC_8031776,0,0.02979532,held_fold
ISIC_8032520,0,0.02020915,held_fold
ISIC_8033131,0,0.00027382295,held_fold
ISIC_8034738,0,0.012276172,held_fold
ISIC_8034792,0,0.028155146,held_fold
ISIC_8035790,0,0.027227566,held_fold
ISIC_8036544,0,0.00092248106,held_fold
ISIC_8038427,0,0.019048056,held_fold
ISIC_8039056,0,0.0004088661,held_fold
ISIC_8041078,0,0.09000231,held_fold
ISIC_8041953,0,0.026866652,held_fold
ISIC_8042423,0,0.013153313,held_fold
ISIC_8043887,0,0.00019200017,held_fold
ISIC_8044526,0,0.00023573767,held_fold
ISIC_8045105,0,0.0008414861,held_fold
ISIC_8045277,0,0.18653855,held_fold
ISIC_8049738,0,0.030140564,held_fold
ISIC_8049923,0,7.305943e-05,held_fold
ISIC_8050763,0,0.022959098,held_fold
ISIC_8051015,0,0.0011914854,held_fold
ISIC_8051579,0,0.0049241576,held_fold
ISIC_8052769,1,0.042198695,held_fold
ISIC_8053432,0,0.00045376152,held_fold
ISIC_8053864,0,0.00023112226,held_fold
ISIC_8055525,0,0.010601114,held_fold
ISIC_8055992,0,0.00022704207,held_fold
ISIC_8059246,0,0.0011143124,held_fold
ISIC_8064759,0,0.0005046269,held_fold
ISIC_8066191,0,0.0012753633,held_fold
ISIC_8066391,0,0.00032493638,held_fold
ISIC_8066487,0,0.002976,held_fold
ISIC_8069416,0,0.056608025,held_fold
ISIC_8071131,0,0.007325541,held_fold
ISIC_8073568,0,0.01725867,held_fold
ISIC_8075868,0,0.00018905361,held_fold
ISIC_8089289,0,0.00069238327,held_fold
ISIC_8090739,0,0.031088306,held_fold
ISIC_8094432,0,0.06828775,held_fold
ISIC_8095966,0,0.0003399435,held_fold
ISIC_8096904,0,0.00044800265,held_fold
ISIC_8097600,0,0.00034800192,held_fold
ISIC_8099296,0,0.0057935766,held_fold
ISIC_8099354,0,0.03212975,held_fold
ISIC_8101117,0,0.024285322,held_fold
ISIC_8102580,0,0.022113433,held_fold
ISIC_8105845,0,0.002087685,held_fold
ISIC_8108090,0,0.00012268429,held_fold
ISIC_8108870,0,0.011899347,held_fold
ISIC_8109433,0,0.0010843875,held_fold
ISIC_8112306,0,0.00026229885,held_fold
ISIC_8114321,0,0.032628525,held_fold
ISIC_8116363,0,0.0006969214,held_fold
ISIC_8116716,0,0.0005078604,held_fold
ISIC_8118312,0,0.0006851599,held_fold
ISIC_8119105,0,0.004152202,held_fold
ISIC_8119115,0,0.00038340708,held_fold
ISIC_8121679,0,0.020060733,held_fold
ISIC_8123257,0,0.00071563537,held_fold
ISIC_8124459,0,0.00019160315,held_fold
ISIC_8125621,0,0.0040293764,held_fold
ISIC_8127242,0,0.0028416463,held_fold
ISIC_8129907,0,0.001173853,held_fold
ISIC_8130007,0,0.006297459,held_fold
ISIC_8132874,0,0.0018680309,held_fold
ISIC_8140229,0,0.00021586748,held_fold
ISIC_8142461,0,0.018829659,held_fold
ISIC_8145260,0,0.00037466164,held_fold
ISIC_8147189,0,0.00050172035,held_fold
ISIC_8148300,0,0.00048622294,held_fold
ISIC_8150300,0,0.00017187018,held_fold
ISIC_8150469,0,0.0012534765,held_fold
ISIC_8151437,0,0.009770313,held_fold
ISIC_8151700,0,0.00317787,held_fold
ISIC_8151991,0,0.047940373,held_fold
ISIC_8153237,0,0.0011823323,held_fold
ISIC_8154358,0,0.00046912115,held_fold
ISIC_8155634,0,0.0010585972,held_fold
ISIC_8157303,0,0.0006829125,held_fold
ISIC_8157405,0,0.023407374,held_fold
ISIC_8157972,0,0.004790102,held_fold
ISIC_8158542,0,0.008700594,held_fold
ISIC_8159779,0,0.0006757907,held_fold
ISIC_8160979,0,0.0016846667,held_fold
ISIC_8163269,0,0.0022164138,held_fold
ISIC_8164676,0,0.00035282772,held_fold
ISIC_8165434,0,0.015365795,held_fold
ISIC_8166690,0,0.06654177,held_fold
ISIC_8167062,0,0.0004016328,held_fold
ISIC_8168507,0,0.00029339019,held_fold
ISIC_8170115,0,0.0003558002,held_fold
ISIC_8172795,0,6.370533e-05,held_fold
ISIC_8174925,0,0.022134142,held_fold
ISIC_8177108,0,0.0007861333,held_fold
ISIC_8184471,0,0.16230422,held_fold
ISIC_8187997,0,8.891925e-05,held_fold
ISIC_8188597,0,0.15459432,held_fold
ISIC_8189863,0,0.0015945125,held_fold
ISIC_8190321,0,0.18850605,held_fold
ISIC_8190660,0,0.06668878,held_fold
ISIC_8191809,0,0.005957789,held_fold
ISIC_8194465,0,0.022118831,held_fold
ISIC_8195062,0,0.031984933,held_fold
ISIC_8195528,0,0.00011280846,held_fold
ISIC_8196859,0,0.00012498663,held_fold
ISIC_8199467,0,0.0031402123,held_fold
ISIC_8200593,0,0.00016961554,held_fold
ISIC_8200928,0,0.00013634308,held_fold
ISIC_8202573,0,0.0011005785,held_fold
ISIC_8206290,0,0.068017215,held_fold
ISIC_8206577,0,0.0042378143,held_fold
ISIC_8207162,0,0.00051161426,held_fold
ISIC_8208962,0,0.03662918,held_fold
ISIC_8212536,0,0.0019153868,held_fold
ISIC_8212937,0,0.13049334,held_fold
ISIC_8215842,0,0.0013685034,held_fold
ISIC_8218058,0,0.019185646,held_fold
ISIC_8222134,0,0.00018787084,held_fold
ISIC_8222678,0,0.106504545,held_fold
ISIC_8223051,0,0.03468642,held_fold
ISIC_8225018,0,0.009023736,held_fold
ISIC_8228595,0,0.00015303383,held_fold
ISIC_8228671,0,0.0018867188,held_fold
ISIC_8229770,0,0.0017612568,held_fold
ISIC_8229833,0,0.0067794695,held_fold
ISIC_8230318,1,0.16509055,held_fold
ISIC_8231594,0,0.016044896,held_fold
ISIC_8231949,0,0.040800214,held_fold
ISIC_8231999,1,0.06520871,held_fold
ISIC_8233378,0,0.00033940657,held_fold
ISIC_8233560,0,0.0053568822,held_fold
ISIC_8235969,0,0.00028057184,held_fold
ISIC_8236604,0,0.0006404506,held_fold
ISIC_8238508,0,6.161546e-05,held_fold
ISIC_8239034,0,0.02344114,held_fold
ISIC_8241770,0,0.0027238242,held_fold
ISIC_8242918,0,0.037491985,held_fold
ISIC_8243312,0,0.000846281,held_fold
ISIC_8243893,0,0.0033244763,held_fold
ISIC_8246858,0,0.014899764,held_fold
ISIC_8247847,0,0.00023062983,held_fold
ISIC_8248941,0,0.000372093,held_fold
ISIC_8249743,0,0.0002852317,held_fold
ISIC_8249766,0,0.021745985,held_fold
ISIC_8250729,0,0.00010051617,held_fold
ISIC_8251042,0,0.00095165486,held_fold
ISIC_8258795,0,6.325338e-05,held_fold
ISIC_8260720,0,0.0003377501,held_fold
ISIC_8262345,0,0.00025883748,held_fold
ISIC_8263741,0,0.00024679553,held_fold
ISIC_8265045,0,0.0009849896,held_fold
ISIC_8266469,0,0.0456189,held_fold
ISIC_8267758,0,0.0070901453,held_fold
ISIC_8267961,0,0.0025422073,held_fold
ISIC_8270195,0,0.00031584164,held_fold
ISIC_8272138,0,0.000924912,held_fold
ISIC_8275353,0,0.001198617,held_fold
ISIC_8276583,0,0.0023251737,held_fold
ISIC_8277987,0,0.014549082,held_fold
ISIC_8278517,0,4.8730613e-05,held_fold
ISIC_8278742,0,0.06893393,held_fold
ISIC_8278912,0,0.0044725565,held_fold
ISIC_8278996,0,0.0050479206,held_fold
ISIC_8280581,0,0.00032025186,held_fold
ISIC_8283033,0,0.054432712,held_fold
ISIC_8284404,0,9.197258e-05,held_fold
ISIC_8284602,0,0.00017074737,held_fold
ISIC_8284685,0,0.00011054475,held_fold
ISIC_8287528,0,0.050489888,held_fold
ISIC_8291368,0,0.00062795094,held_fold
ISIC_8292122,0,0.00063646416,held_fold
ISIC_8293201,0,9.339274e-05,held_fold
ISIC_8293930,0,0.0003966595,held_fold
ISIC_8294905,0,0.001333295,held_fold
ISIC_8297517,0,0.0072571696,held_fold
ISIC_8297563,0,0.043949906,held_fold
ISIC_8300858,0,7.184403e-05,held_fold
ISIC_8304346,0,0.0017239248,held_fold
ISIC_8310944,0,0.0003943353,held_fold
ISIC_8313202,0,0.0074284147,held_fold
ISIC_8314055,0,0.0018876457,held_fold
ISIC_8314115,0,0.01442072,held_fold
ISIC_8314759,0,0.0011926186,held_fold
ISIC_8315128,0,0.050385464,held_fold
ISIC_8316125,0,0.0006437562,held_fold
ISIC_8316885,0,0.0053760777,held_fold
ISIC_8318077,0,0.0004952819,held_fold
ISIC_8319058,0,0.0001521959,held_fold
ISIC_8319586,0,0.0007557801,held_fold
ISIC_8321678,0,0.000101757454,held_fold
ISIC_8322239,0,0.029374978,held_fold
ISIC_8323234,0,0.00012819203,held_fold
ISIC_8323829,0,0.0017338209,held_fold
ISIC_8324271,0,0.023640878,held_fold
ISIC_8324371,0,0.038584344,held_fold
ISIC_8324681,0,0.00061425974,held_fold
ISIC_8324870,0,0.0038552973,held_fold
ISIC_8324895,0,0.0004606911,held_fold
ISIC_8325107,0,8.849706e-05,held_fold
ISIC_8325198,0,0.00019773911,held_fold
ISIC_8325260,0,0.011230187,held_fold
ISIC_8326957,0,0.0068070446,held_fold
ISIC_8327302,0,0.092387065,held_fold
ISIC_8327352,0,0.00016772485,held_fold
ISIC_8327455,0,0.024208715,held_fold
ISIC_8327485,0,0.022583347,held_fold
ISIC_8333087,0,0.00027385532,held_fold
ISIC_8334115,0,0.03686233,held_fold
ISIC_8335489,0,0.20829968,held_fold
ISIC_8335722,0,0.00039151966,held_fold
ISIC_8336956,0,0.013196256,held_fold
ISIC_8341144,0,7.614625e-05,held_fold
ISIC_8342761,0,0.045077007,held_fold
ISIC_8343285,0,0.00023401975,held_fold
ISIC_8343678,0,0.0031655729,held_fold
ISIC_8344124,0,0.00037659804,held_fold
ISIC_8345964,0,0.00056067173,held_fold
ISIC_8347165,0,0.07368296,held_fold
ISIC_8347675,0,0.099883795,held_fold
ISIC_8349600,0,0.006174792,held_fold
ISIC_8353156,0,0.00019659534,held_fold
ISIC_8354409,0,0.028645243,held_fold
ISIC_8356805,0,0.02290105,held_fold
ISIC_8362113,0,0.0004336114,held_fold
ISIC_8363791,0,0.000657612,held_fold
ISIC_8366005,0,0.00021947447,held_fold
ISIC_8368870,0,0.013383841,held_fold
ISIC_8373218,0,0.04245032,held_fold
ISIC_8374044,0,0.00018395271,held_fold
ISIC_8374497,0,0.005732627,held_fold
ISIC_8376027,0,0.0010285401,held_fold
ISIC_8378094,0,0.00011876498,held_fold
ISIC_8378321,0,0.00015651125,held_fold
ISIC_8378790,0,0.0009184666,held_fold
ISIC_8379890,0,0.00042526834,held_fold
ISIC_8379956,1,0.050937593,held_fold
ISIC_8380527,0,0.053984847,held_fold
ISIC_8380605,0,0.008168162,held_fold
ISIC_8380904,0,0.0116138095,held_fold
ISIC_8381608,0,0.0014338345,held_fold
ISIC_8381673,0,4.4331813e-05,held_fold
ISIC_8383915,0,0.005560074,held_fold
ISIC_8386146,0,0.00024366089,held_fold
ISIC_8387437,0,0.00027233863,held_fold
ISIC_8388593,0,0.052598953,held_fold
ISIC_8393181,0,0.009071169,held_fold
ISIC_8397698,0,0.001325877,held_fold
ISIC_8400393,0,0.025506169,held_fold
ISIC_8406777,0,0.001284406,held_fold
ISIC_8409053,0,0.00015617613,held_fold
ISIC_8409475,0,0.012465017,held_fold
ISIC_8414396,0,0.008004841,held_fold
ISIC_8416554,0,0.0038360537,held_fold
ISIC_8418506,0,0.020968745,held_fold
ISIC_8418610,0,0.025621569,held_fold
ISIC_8419036,0,0.0072882287,held_fold
ISIC_8419663,0,0.0010203652,held_fold
ISIC_8420148,0,0.0005876774,held_fold
ISIC_8421394,0,0.00014863965,held_fold
ISIC_8422703,0,0.019399123,held_fold
ISIC_8423312,0,0.0006712948,held_fold
ISIC_8423604,0,0.0033198805,held_fold
ISIC_8424599,0,0.108388305,held_fold
ISIC_8424785,0,0.0059607862,held_fold
ISIC_8425338,0,0.009031453,held_fold
ISIC_8425541,0,0.022621661,held_fold
ISIC_8429099,0,0.06595686,held_fold
ISIC_8429564,0,0.00048794504,held_fold
ISIC_8429722,0,0.00016289149,held_fold
ISIC_8430749,0,0.0059548444,held_fold
ISIC_8432001,0,0.0029639052,held_fold
ISIC_8434081,0,0.00030383858,held_fold
ISIC_8435651,0,0.010579973,held_fold
ISIC_8436590,0,0.011728412,held_fold
ISIC_8438071,0,0.053610936,held_fold
ISIC_8440070,0,0.00027848486,held_fold
ISIC_8442933,0,0.035429563,held_fold
ISIC_8444072,0,0.0003417264,held_fold
ISIC_8445041,0,0.0054487423,held_fold
ISIC_8445238,0,0.009414968,held_fold
ISIC_8446043,0,0.042588104,held_fold
ISIC_8449514,0,0.050415736,held_fold
ISIC_8450723,0,0.00044492015,held_fold
ISIC_8451130,0,0.028648555,held_fold
ISIC_8451869,0,0.00013721194,held_fold
ISIC_8458149,0,0.000110473826,held_fold
ISIC_8460669,0,0.02119391,held_fold
ISIC_8462445,0,0.001603483,held_fold
ISIC_8463146,0,0.0005421493,held_fold
ISIC_8467665,0,0.00032445625,held_fold
ISIC_8468957,0,0.0018473159,held_fold
ISIC_8469765,0,6.6472596e-05,held_fold
ISIC_8474660,0,0.014676198,held_fold
ISIC_8475681,0,0.0095985215,held_fold
ISIC_8479104,0,0.008872491,held_fold
ISIC_8479651,0,9.084371e-05,held_fold
ISIC_8480329,0,0.00028407155,held_fold
ISIC_8481822,0,0.00924502,held_fold
ISIC_8484660,0,0.00070065237,held_fold
ISIC_8492463,0,0.00082655525,held_fold
ISIC_8495497,0,0.0057597165,held_fold
ISIC_8495875,0,0.009897989,held_fold
ISIC_8496646,0,0.00022068062,held_fold
ISIC_8497457,1,0.03885266,held_fold
ISIC_8502248,0,0.0012418589,held_fold
ISIC_8502341,0,9.180434e-05,held_fold
ISIC_8504450,0,0.053936083,held_fold
ISIC_8504479,0,0.00016512527,held_fold
ISIC_8504517,0,0.014456545,held_fold
ISIC_8506003,0,0.0017997794,held_fold
ISIC_8506618,0,0.10322892,held_fold
ISIC_8509430,0,0.018764649,held_fold
ISIC_8510975,0,0.020573262,held_fold
ISIC_8515165,0,0.0022881713,held_fold
ISIC_8518406,0,0.0005224795,held_fold
ISIC_8519931,0,0.00019786021,held_fold
ISIC_8525314,0,0.010244926,held_fold
ISIC_8526729,0,0.124829315,held_fold
ISIC_8526902,0,0.00011854818,held_fold
ISIC_8526982,0,0.010069484,held_fold
ISIC_8527330,0,0.00020322517,held_fold
ISIC_8528486,0,0.00041670122,held_fold
ISIC_8528824,0,0.00040097904,held_fold
ISIC_8533045,0,0.0044578584,held_fold
ISIC_8534863,0,0.00026522853,held_fold
ISIC_8535943,0,0.0006558126,held_fold
ISIC_8536138,0,0.0003926125,held_fold
ISIC_8539990,0,0.000601961,held_fold
ISIC_8541038,0,0.0028775395,held_fold
ISIC_8546213,0,0.00013365023,held_fold
ISIC_8546378,0,0.0024466515,held_fold
ISIC_8551624,0,0.016896907,held_fold
ISIC_8554450,0,0.00012968089,held_fold
ISIC_8555960,0,0.00012749595,held_fold
ISIC_8556519,0,0.031517606,held_fold
ISIC_8561070,0,0.039729226,held_fold
ISIC_8561963,0,0.023606008,held_fold
ISIC_8564527,0,0.019235011,held_fold
ISIC_8564636,0,0.00055960263,held_fold
ISIC_8566184,0,0.0003801329,held_fold
ISIC_8566203,0,0.023414249,held_fold
ISIC_8567027,0,0.027754515,held_fold
ISIC_8567199,0,0.0068040215,held_fold
ISIC_8569148,0,0.0003085239,held_fold
ISIC_8570817,0,0.00047933336,held_fold
ISIC_8571262,0,0.0028324865,held_fold
ISIC_8573647,0,0.047992025,held_fold
ISIC_8576068,0,0.00013029395,held_fold
ISIC_8578732,0,0.011793215,held_fold
ISIC_8584089,0,0.02201939,held_fold
ISIC_8584585,0,0.0006518889,held_fold
ISIC_8585685,0,0.01051021,held_fold
ISIC_8591003,0,0.034998707,held_fold
ISIC_8596724,0,0.070268705,held_fold
ISIC_8597354,0,0.00017634971,held_fold
ISIC_8599384,0,0.0044450397,held_fold
ISIC_8600358,0,0.04256711,held_fold
ISIC_8602467,0,0.07596656,held_fold
ISIC_8603124,0,0.0015942673,held_fold
ISIC_8603396,0,0.003751158,held_fold
ISIC_8605422,0,0.00056666177,held_fold
ISIC_8608894,0,0.008525016,held_fold
ISIC_8614359,0,0.0002112479,held_fold
ISIC_8614778,0,0.0028686258,held_fold
ISIC_8618266,0,0.00041387277,held_fold
ISIC_8624063,0,0.00406829,held_fold
ISIC_8624123,0,0.0018876718,held_fold
ISIC_8626941,0,0.00019348381,held_fold
ISIC_8629973,0,0.003304705,held_fold
ISIC_8630818,0,0.011748092,held_fold
ISIC_8631846,0,0.00012687524,held_fold
ISIC_8633719,0,0.023627168,held_fold
ISIC_8633889,0,0.11877803,held_fold
ISIC_8634356,0,0.00045330645,held_fold
ISIC_8635903,0,0.0046149134,held_fold
ISIC_8638021,0,0.0001783541,held_fold
ISIC_8638173,0,0.00011131057,held_fold
ISIC_8639771,0,0.008906171,held_fold
ISIC_8645104,0,0.009526048,held_fold
ISIC_8646276,0,0.050163858,held_fold
ISIC_8647900,0,0.00025506524,held_fold
ISIC_8648090,0,0.0003748199,held_fold
ISIC_8649055,0,0.00017403498,held_fold
ISIC_8651476,0,0.01133403,held_fold
ISIC_8657079,0,0.0014864766,held_fold
ISIC_8658037,0,0.016664619,held_fold
ISIC_8658889,0,0.0034188074,held_fold
ISIC_8659694,0,0.0007054318,held_fold
ISIC_8661226,0,0.012548807,held_fold
ISIC_8663971,0,0.010034808,held_fold
ISIC_8664315,0,0.00027135195,held_fold
ISIC_8664819,0,0.00018025078,held_fold
ISIC_8666405,0,0.0558449,held_fold
ISIC_8666637,0,0.0035998519,held_fold
ISIC_8668448,0,0.00049778045,held_fold
ISIC_8668530,0,0.00035296803,held_fold
ISIC_8669314,0,0.028648024,held_fold
ISIC_8670684,0,0.00010231,held_fold
ISIC_8672185,0,0.1147378,held_fold
ISIC_8677110,0,0.03180316,held_fold
ISIC_8679149,0,0.00038686328,held_fold
ISIC_8680421,0,0.009792324,held_fold
ISIC_8680948,0,0.02296982,held_fold
ISIC_8681290,0,0.004627974,held_fold
ISIC_8681917,0,0.05881846,held_fold
ISIC_8691091,0,0.0003871514,held_fold
ISIC_8691163,0,0.010498756,held_fold
ISIC_8692950,0,0.0002636251,held_fold
ISIC_8694888,0,0.013956275,held_fold
ISIC_8695109,0,0.00043601356,held_fold
ISIC_8695317,0,0.0471615,held_fold
ISIC_8699205,0,0.001392195,held_fold
ISIC_8699453,0,0.038696267,held_fold
ISIC_8700403,0,0.0068957093,held_fold
ISIC_8701975,0,0.016879046,held_fold
ISIC_8702706,0,0.0010273957,held_fold
ISIC_8703209,0,0.00010331834,held_fold
ISIC_8704004,0,8.255752e-05,held_fold
ISIC_8705626,0,0.038423896,held_fold
ISIC_8707606,0,0.0033190001,held_fold
ISIC_8715792,0,0.028045736,held_fold
ISIC_8716235,0,0.014621041,held_fold
ISIC_8716644,0,0.00085276004,held_fold
ISIC_8717336,0,0.018115684,held_fold
ISIC_8723815,0,0.011326284,held_fold
ISIC_8727731,0,0.0001456073,held_fold
ISIC_8729091,0,0.012286734,held_fold
ISIC_8739046,0,0.00023280465,held_fold
ISIC_8739533,0,0.01792693,held_fold
ISIC_8742875,0,0.005383304,held_fold
ISIC_8747095,0,0.04704862,held_fold
ISIC_8748689,0,0.000732843,held_fold
ISIC_8750055,0,0.04600873,held_fold
ISIC_8751393,0,0.02047915,held_fold
ISIC_8754461,0,0.008828358,held_fold
ISIC_8755163,0,0.00011177739,held_fold
ISIC_8755714,0,0.032823034,held_fold
ISIC_8757664,0,0.0018796005,held_fold
ISIC_8759073,0,0.0045378846,held_fold
ISIC_8759726,0,0.024994772,held_fold
ISIC_8759744,0,0.0010038366,held_fold
ISIC_8759813,0,0.020217074,held_fold
ISIC_8760029,0,0.0008737098,held_fold
ISIC_8760380,0,0.030921437,held_fold
ISIC_8762437,0,0.00041535954,held_fold
ISIC_8764927,0,0.14153183,held_fold
ISIC_8770401,0,0.008118102,held_fold
ISIC_8773685,0,0.00032783236,held_fold
ISIC_8774880,0,0.000579717,held_fold
ISIC_8776363,0,0.00026697808,held_fold
ISIC_8776661,0,0.1213915,held_fold
ISIC_8777622,0,0.00023575856,held_fold
ISIC_8777866,0,0.0005104919,held_fold
ISIC_8778648,0,0.0001630343,held_fold
ISIC_8780547,0,0.0045596207,held_fold
ISIC_8781451,0,0.030978464,held_fold
ISIC_8781751,0,0.00029821336,held_fold
ISIC_8783667,0,0.027095957,held_fold
ISIC_8786606,0,0.00050849497,held_fold
ISIC_8789673,0,0.0048983064,held_fold
ISIC_8790198,0,0.00029271937,held_fold
ISIC_8791729,0,0.033905257,held_fold
ISIC_8799089,0,0.00756487,held_fold
ISIC_8802047,0,0.00021003485,held_fold
ISIC_8804704,0,0.00067705964,held_fold
ISIC_8805000,0,0.0001804406,held_fold
ISIC_8808756,0,0.00055275235,held_fold
ISIC_8812739,0,0.0014938583,held_fold
ISIC_8812781,0,0.013734748,held_fold
ISIC_8812830,0,0.022142716,held_fold
ISIC_8813303,0,0.0012968373,held_fold
ISIC_8813306,0,0.012234399,held_fold
ISIC_8813415,0,0.11025055,held_fold
ISIC_8813838,0,0.00017293131,held_fold
ISIC_8814843,0,0.0001399121,held_fold
ISIC_8816154,0,0.020506391,held_fold
ISIC_8816494,0,0.0004965743,held_fold
ISIC_8821137,0,0.0027142107,held_fold
ISIC_8826643,0,0.0006877977,held_fold
ISIC_8831176,0,0.0006940504,held_fold
ISIC_8831631,0,0.026525024,held_fold
ISIC_8834606,0,0.012653685,held_fold
ISIC_8835154,0,0.20014262,held_fold
ISIC_8837100,0,0.022992693,held_fold
ISIC_8837792,0,0.024292475,held_fold
ISIC_8838232,0,0.0004916563,held_fold
ISIC_8840271,0,0.00018823682,held_fold
ISIC_8841738,0,0.00022906292,held_fold
ISIC_8841886,0,0.057863344,held_fold
ISIC_8842295,0,0.0009904136,held_fold
ISIC_8842646,0,0.009779128,held_fold
ISIC_8844233,0,0.0008291462,held_fold
ISIC_8845891,0,0.032907024,held_fold
ISIC_8846654,0,0.00015686879,held_fold
ISIC_8847321,0,0.014449652,held_fold
ISIC_8847503,0,0.10573709,held_fold
ISIC_8848134,0,0.031970985,held_fold
ISIC_8848327,0,0.0039205626,held_fold
ISIC_8849117,0,0.00020287996,held_fold
ISIC_8849466,0,0.017602978,held_fold
ISIC_8850826,0,0.031975005,held_fold
ISIC_8853902,0,8.735943e-05,held_fold
ISIC_8853995,0,0.0011004128,held_fold
ISIC_8854196,0,0.0077190893,held_fold
ISIC_8858877,0,0.034432583,held_fold
ISIC_8862107,0,0.03436855,held_fold
ISIC_8866651,1,0.30589613,held_fold
ISIC_8867555,0,0.011935012,held_fold
ISIC_8867565,0,0.00019717618,held_fold
ISIC_8869249,0,0.0035838832,held_fold
ISIC_8872158,1,0.064633794,held_fold
ISIC_8878967,0,0.01227165,held_fold
ISIC_8882801,0,0.0028721783,held_fold
ISIC_8883212,0,0.00015818578,held_fold
ISIC_8887095,0,0.0075476593,held_fold
ISIC_8887170,0,0.054845884,held_fold
ISIC_8887405,0,0.004175089,held_fold
ISIC_8889010,0,0.0005691246,held_fold
ISIC_8890072,0,0.00033120313,held_fold
ISIC_8891234,0,0.029414253,held_fold
ISIC_8893724,0,0.04225909,held_fold
ISIC_8896223,0,0.00088115135,held_fold
ISIC_8898680,0,0.00035153495,held_fold
ISIC_8900012,0,0.0019731948,held_fold
ISIC_8901419,0,0.032395553,held_fold
ISIC_8902080,0,0.00027930757,held_fold
ISIC_8904256,0,0.014297208,held_fold
ISIC_8905349,0,0.027729172,held_fold
ISIC_8910635,0,0.00036474617,held_fold
ISIC_8911740,0,0.035866003,held_fold
ISIC_8917078,0,0.019017935,held_fold
ISIC_8917755,0,0.17225601,held_fold
ISIC_8920064,0,0.0018906668,held_fold
ISIC_8921327,0,0.0004566928,held_fold
ISIC_8921647,0,0.0030412192,held_fold
ISIC_8923673,0,0.0063828183,held_fold
ISIC_8924292,0,0.00017770378,held_fold
ISIC_8924426,0,0.050238654,held_fold
ISIC_8924853,0,0.00016852673,held_fold
ISIC_8926341,0,0.01685147,held_fold
ISIC_8926892,0,0.017503127,held_fold
ISIC_8926980,0,0.02260385,held_fold
ISIC_8927825,0,0.029710196,held_fold
ISIC_8933744,0,0.0002840634,held_fold
ISIC_8935984,0,0.0014299565,held_fold
ISIC_8936977,0,0.007116299,held_fold
ISIC_8937646,0,0.00084105483,held_fold
ISIC_8938681,0,0.00056608045,held_fold
ISIC_8938776,0,0.00025970687,held_fold
ISIC_8941586,0,0.0008208722,held_fold
ISIC_8944892,0,0.0057076984,held_fold
ISIC_8951449,0,0.0009135512,held_fold
ISIC_8952288,0,0.07751706,held_fold
ISIC_8953242,0,0.010016105,held_fold
ISIC_8956001,0,0.0006197128,held_fold
ISIC_8957426,0,0.0011594086,held_fold
ISIC_8960763,0,0.12387671,held_fold
ISIC_8965285,0,0.009869543,held_fold
ISIC_8966170,0,0.030269684,held_fold
ISIC_8967404,0,0.02648202,held_fold
ISIC_8967818,0,6.183548e-05,held_fold
ISIC_8970333,0,0.0001492633,held_fold
ISIC_8970499,0,0.00065873854,held_fold
ISIC_8972403,0,0.0001273306,held_fold
ISIC_8977933,0,0.0091719935,held_fold
ISIC_8980801,0,0.00089996116,held_fold
ISIC_8981700,0,0.21871935,held_fold
ISIC_8981851,0,0.0013859926,held_fold
ISIC_8985109,1,0.05269314,held_fold
ISIC_8986997,0,0.00040595751,held_fold
ISIC_8987085,0,0.00046882164,held_fold
ISIC_8989572,0,4.457642e-05,held_fold
ISIC_8991530,0,0.11402441,held_fold
ISIC_8991672,0,0.009433339,held_fold
ISIC_8992925,0,0.054697566,held_fold
ISIC_8996902,0,0.0030790095,held_fold
ISIC_8997109,0,0.012227307,held_fold
ISIC_9000030,0,0.0008832327,held_fold
ISIC_9000226,0,0.00088555,held_fold
ISIC_9000824,1,0.12489069,held_fold
ISIC_9001948,1,0.08062176,held_fold
ISIC_9004995,0,0.010069675,held_fold
ISIC_9008026,0,0.00017571171,held_fold
ISIC_9011777,0,0.00026262613,held_fold
ISIC_9012721,0,0.00034237665,held_fold
ISIC_9013045,0,0.020572359,held_fold
ISIC_9014036,0,0.0024939908,held_fold
ISIC_9014786,0,5.955703e-05,held_fold
ISIC_9015818,0,0.00058813265,held_fold
ISIC_9021889,0,0.023813603,held_fold
ISIC_9022054,0,0.053756893,held_fold
ISIC_9023603,0,0.024551094,held_fold
ISIC_9023945,0,0.020149028,held_fold
ISIC_9024038,0,0.05247962,held_fold
ISIC_9024245,0,0.00032438574,held_fold
ISIC_9028177,0,0.0016208467,held_fold
ISIC_9028997,0,0.07794769,held_fold
ISIC_9029328,0,0.002749878,held_fold
ISIC_9037248,0,0.0054221507,held_fold
ISIC_9037301,0,0.0001262855,held_fold
ISIC_9037423,0,0.014817365,held_fold
ISIC_9037453,0,0.042313732,held_fold
ISIC_9041509,0,0.00010989699,held_fold
ISIC_9041897,0,0.00010240156,held_fold
ISIC_9043344,0,0.09965713,held_fold
ISIC_9043908,0,0.0006121449,held_fold
ISIC_9050608,0,0.00016185633,held_fold
ISIC_9051057,0,8.0796024e-05,held_fold
ISIC_9051287,0,0.046519708,held_fold
ISIC_9052594,0,7.613565e-05,held_fold
ISIC_9053619,0,0.0028907119,held_fold
ISIC_9053699,0,0.03896025,held_fold
ISIC_9053788,0,0.031308323,held_fold
ISIC_9054920,0,0.028157268,held_fold
ISIC_9055357,0,0.0052954783,held_fold
ISIC_9059086,0,0.0032932253,held_fold
ISIC_9059296,0,0.0020542,held_fold
ISIC_9059686,0,0.061556466,held_fold
ISIC_9060377,0,0.041618474,held_fold
ISIC_9064053,0,0.0048093665,held_fold
ISIC_9066883,0,0.0011773456,held_fold
ISIC_9069800,0,0.0005292078,held_fold
ISIC_9071758,0,0.0030317456,held_fold
ISIC_9072309,0,0.00017546445,held_fold
ISIC_9072567,0,0.0063520875,held_fold
ISIC_9076034,0,0.12111714,held_fold
ISIC_9077709,0,0.06863585,held_fold
ISIC_9078100,0,0.00012955112,held_fold
ISIC_9079223,0,0.0076608993,held_fold
ISIC_9079489,0,0.00015155294,held_fold
ISIC_9080743,0,0.0005698851,held_fold
ISIC_9080990,0,0.06446838,held_fold
ISIC_9082440,0,0.004380065,held_fold
ISIC_9083592,0,0.00080732896,held_fold
ISIC_9084483,0,0.0060698767,held_fold
ISIC_9085473,0,0.00053883006,held_fold
ISIC_9087581,0,0.0077271867,held_fold
ISIC_9087655,0,0.003998149,held_fold
ISIC_9089575,0,0.00092581165,held_fold
ISIC_9089987,0,0.00409665,held_fold
ISIC_9091415,0,0.012624474,held_fold
ISIC_9091954,0,0.002677217,held_fold
ISIC_9092759,0,0.02809264,held_fold
ISIC_9094201,0,0.00047929815,held_fold
ISIC_9099529,0,0.006674218,held_fold
ISIC_9102834,0,0.0001863581,held_fold
ISIC_9103422,0,0.006094702,held_fold
ISIC_9103556,0,0.00044945185,held_fold
ISIC_9105740,0,0.006204411,held_fold
ISIC_9107811,0,0.0001875798,held_fold
ISIC_9109515,0,0.00043044548,held_fold
ISIC_9109847,0,0.00081891747,held_fold
ISIC_9112443,0,0.0002946221,held_fold
ISIC_9114776,0,0.006113088,held_fold
ISIC_9115001,0,0.00092444994,held_fold
ISIC_9115256,0,0.033243984,held_fold
ISIC_9117456,0,0.017332016,held_fold
ISIC_9118842,0,0.006344823,held_fold
ISIC_9119271,0,0.03466462,held_fold
ISIC_9122329,0,0.00015241477,held_fold
ISIC_9127934,0,0.0027141308,held_fold
ISIC_9128304,0,0.03686775,held_fold
ISIC_9134100,0,6.4150605e-05,held_fold
ISIC_9135390,0,0.00978347,held_fold
ISIC_9138647,0,0.03570944,held_fold
ISIC_9143795,0,0.00094665936,held_fold
ISIC_9146648,0,0.0018918493,held_fold
ISIC_9150050,0,0.00025602887,held_fold
ISIC_9151409,0,0.011331476,held_fold
ISIC_9153636,0,0.015759869,held_fold
ISIC_9154282,0,0.0041969554,held_fold
ISIC_9159739,0,0.002162507,held_fold
ISIC_9160772,0,0.01840502,held_fold
ISIC_9161341,0,0.015436467,held_fold
ISIC_9162451,0,0.0006256973,held_fold
ISIC_9162798,0,0.00014651887,held_fold
ISIC_9163905,0,0.0023828752,held_fold
ISIC_9165807,0,0.0021466375,held_fold
ISIC_9167285,0,0.00035065247,held_fold
ISIC_9167290,0,0.0003544264,held_fold
ISIC_9168779,0,0.008426617,held_fold
ISIC_9169000,0,0.09414382,held_fold
ISIC_9169586,0,0.0008340692,held_fold
ISIC_9172605,0,0.0028795237,held_fold
ISIC_9174306,1,0.04690793,held_fold
ISIC_9174347,0,0.120566696,held_fold
ISIC_9174412,0,0.0051608398,held_fold
ISIC_9174830,0,0.021088447,held_fold
ISIC_9177813,0,0.0002596118,held_fold
ISIC_9182285,0,0.0005750588,held_fold
ISIC_9187978,0,0.025975725,held_fold
ISIC_9190018,0,0.0002122912,held_fold
ISIC_9190784,0,0.00055529334,held_fold
ISIC_9193127,1,0.023182541,held_fold
ISIC_9196819,0,0.0001148224,held_fold
ISIC_9199229,0,0.00068235426,held_fold
ISIC_9202278,0,0.020121789,held_fold
ISIC_9206499,0,0.0045523914,held_fold
ISIC_9207137,0,0.0012858503,held_fold
ISIC_9208006,0,0.18499371,held_fold
ISIC_9209515,0,8.353283e-05,held_fold
ISIC_9210825,0,0.00025230553,held_fold
ISIC_9211989,0,0.06603844,held_fold
ISIC_9215836,0,0.032664,held_fold
ISIC_9216989,0,0.006000694,held_fold
ISIC_9217340,0,0.019061672,held_fold
ISIC_9223481,0,0.017311325,held_fold
ISIC_9225184,0,0.00030305484,held_fold
ISIC_9225210,0,0.009425095,held_fold
ISIC_9226193,0,0.002829245,held_fold
ISIC_9228224,0,0.0006800386,held_fold
ISIC_9229525,0,0.00048338578,held_fold
ISIC_9230826,0,0.0006670092,held_fold
ISIC_9231263,0,0.011699259,held_fold
ISIC_9233009,0,0.000113016584,held_fold
ISIC_9235975,0,0.0072213407,held_fold
ISIC_9237244,0,0.23572531,held_fold
ISIC_9237341,0,0.059626278,held_fold
ISIC_9239339,0,0.00020390897,held_fold
ISIC_9241093,0,0.0003098563,held_fold
ISIC_9241222,0,0.0039626956,held_fold
ISIC_9241497,0,0.001272867,held_fold
ISIC_9241722,0,0.00027650513,held_fold
ISIC_9243440,0,0.0010855854,held_fold
ISIC_9244634,0,0.051285513,held_fold
ISIC_9244659,0,0.034901228,held_fold
ISIC_9246022,0,0.0011261629,held_fold
ISIC_9247687,0,0.102627926,held_fold
ISIC_9249257,0,0.09823123,held_fold
ISIC_9250898,0,0.00079498533,held_fold
ISIC_9252800,0,0.026050242,held_fold
ISIC_9254433,0,0.00060511555,held_fold
ISIC_9255522,0,0.005682285,held_fold
ISIC_9258027,0,0.017956192,held_fold
ISIC_9259697,0,0.0070029134,held_fold
ISIC_9259892,0,0.032057147,held_fold
ISIC_9262162,0,0.00038586656,held_fold
ISIC_9264993,0,0.00014896144,held_fold
ISIC_9265406,0,0.00057923316,held_fold
ISIC_9267058,0,0.00048578775,held_fold
ISIC_9268137,0,0.0010108881,held_fold
ISIC_9270335,0,0.00070085505,held_fold
ISIC_9270418,0,0.0018273185,held_fold
ISIC_9271416,0,0.0005129331,held_fold
ISIC_9271800,0,0.0023587584,held_fold
ISIC_9272770,0,0.00022842782,held_fold
ISIC_9273465,0,0.017769542,held_fold
ISIC_9276442,0,0.045187067,held_fold
ISIC_9276931,0,0.00015924104,held_fold
ISIC_9279329,0,0.0024783832,held_fold
ISIC_9280210,0,0.005363339,held_fold
ISIC_9283427,0,0.0024604122,held_fold
ISIC_9283914,0,0.0006294196,held_fold
ISIC_9285635,0,0.0015889164,held_fold
ISIC_9290617,0,0.007718176,held_fold
ISIC_9290968,0,0.0009459543,held_fold
ISIC_9293970,0,0.03323741,held_fold
ISIC_9294326,0,8.7677065e-05,held_fold
ISIC_9294593,0,0.0005911621,held_fold
ISIC_9295267,0,0.0012239248,held_fold
ISIC_9296537,0,0.000120842145,held_fold
ISIC_9297472,0,0.008235206,held_fold
ISIC_9299721,0,9.094382e-05,held_fold
ISIC_9300579,0,0.0030165853,held_fold
ISIC_9301333,0,0.0020574646,held_fold
ISIC_9303849,0,0.00038075686,held_fold
ISIC_9305788,0,0.0009091205,held_fold
ISIC_9307584,0,0.00045299006,held_fold
ISIC_9307997,0,0.00030834894,held_fold
ISIC_9309245,0,0.0076875533,held_fold
ISIC_9310101,0,0.0010776925,held_fold
ISIC_9310178,0,0.0023989049,held_fold
ISIC_9310505,0,0.073665775,held_fold
ISIC_9312099,0,0.0037763477,held_fold
ISIC_9312164,1,0.026041992,held_fold
ISIC_9314144,0,0.09386939,held_fold
ISIC_9316994,0,0.0025286651,held_fold
ISIC_9317894,0,0.077036045,held_fold
ISIC_9323095,0,7.434913e-05,held_fold
ISIC_9323283,0,0.0325076,held_fold
ISIC_9325254,0,0.055927232,held_fold
ISIC_9328589,0,0.043201886,held_fold
ISIC_9331684,0,0.021848848,held_fold
ISIC_9332795,0,0.033462733,held_fold
ISIC_9333245,0,0.006119761,held_fold
ISIC_9333842,0,0.023242673,held_fold
ISIC_9334956,0,0.0006195516,held_fold
ISIC_9335977,0,0.0013842363,held_fold
ISIC_9338267,0,0.05184952,held_fold
ISIC_9339096,0,0.022721633,held_fold
ISIC_9339713,0,0.012680647,held_fold
ISIC_9340122,0,0.00984062,held_fold
ISIC_9340334,0,0.046228334,held_fold
ISIC_9340659,0,0.22932902,held_fold
ISIC_9342053,0,0.013136135,held_fold
ISIC_9344253,0,0.00080028526,held_fold
ISIC_9344352,0,0.12988465,held_fold
ISIC_9344664,0,0.0006740678,held_fold
ISIC_9349327,0,0.0045969062,held_fold
ISIC_9350197,0,0.00036588445,held_fold
ISIC_9351189,0,0.0011393337,held_fold
ISIC_9353514,0,0.06427715,held_fold
ISIC_9356306,0,0.00430887,held_fold
ISIC_9356313,0,0.02931166,held_fold
ISIC_9356630,0,0.017134074,held_fold
ISIC_9361625,0,0.00048010316,held_fold
ISIC_9362964,0,0.024343206,held_fold
ISIC_9363106,0,0.008556611,held_fold
ISIC_9364690,0,0.00084983086,held_fold
ISIC_9365475,0,0.0003158645,held_fold
ISIC_9366873,0,0.0043201772,held_fold
ISIC_9367353,0,0.002449834,held_fold
ISIC_9368534,0,0.0031466312,held_fold
ISIC_9371867,0,0.0002990131,held_fold
ISIC_9371926,0,0.0013493976,held_fold
ISIC_9374061,0,0.0053377976,held_fold
ISIC_9375086,0,0.00020313488,held_fold
ISIC_9378153,0,0.0019418668,held_fold
ISIC_9378883,0,0.00950599,held_fold
ISIC_9379477,0,0.00010158314,held_fold
ISIC_9379917,0,0.0010256193,held_fold
ISIC_9385014,0,0.00053090946,held_fold
ISIC_9386541,0,0.00024054377,held_fold
ISIC_9387488,0,0.009943711,held_fold
ISIC_9389584,0,0.00012737552,held_fold
ISIC_9390305,0,0.00020799135,held_fold
ISIC_9393022,0,0.0007851768,held_fold
ISIC_9394148,0,0.00038989238,held_fold
ISIC_9395144,0,0.024251092,held_fold
ISIC_9395519,0,0.0016445873,held_fold
ISIC_9396628,0,0.0015501243,held_fold
ISIC_9398499,0,0.00014456763,held_fold
ISIC_9398989,0,0.00019621183,held_fold
ISIC_9399365,0,0.0012727312,held_fold
ISIC_9399686,0,0.0727243,held_fold
ISIC_9402324,1,0.023323562,held_fold
ISIC_9403241,0,0.01720601,held_fold
ISIC_9404190,0,0.0006969054,held_fold
ISIC_9405403,0,0.0010420682,held_fold
ISIC_9406299,0,0.00037978552,held_fold
ISIC_9406568,0,0.11227851,held_fold
ISIC_9407543,0,0.0025944717,held_fold
ISIC_9407667,0,0.010998835,held_fold
ISIC_9407690,0,0.003537333,held_fold
ISIC_9407781,0,0.01591592,held_fold
ISIC_9408359,0,0.0040757665,held_fold
ISIC_9414126,0,0.010861647,held_fold
ISIC_9414574,0,0.0117868595,held_fold
ISIC_9414904,0,0.0004585353,held_fold
ISIC_9416183,0,0.001088415,held_fold
ISIC_9416765,0,0.00031442568,held_fold
ISIC_9418745,0,0.0032103413,held_fold
ISIC_9419454,0,0.023652429,held_fold
ISIC_9422298,0,0.00061016297,held_fold
ISIC_9424706,0,0.010385584,held_fold
ISIC_9424787,0,0.009618724,held_fold
ISIC_9426433,0,9.82387e-05,held_fold
ISIC_9431739,0,0.0040439996,held_fold
ISIC_9437390,0,0.0047616493,held_fold
ISIC_9437975,0,0.032407805,held_fold
ISIC_9438178,0,0.040216163,held_fold
ISIC_9443041,0,0.0003066787,held_fold
ISIC_9445196,0,0.0008431744,held_fold
ISIC_9447286,0,0.02127017,held_fold
ISIC_9455994,0,0.004997004,held_fold
ISIC_9458746,0,0.002039638,held_fold
ISIC_9460379,0,0.007743463,held_fold
ISIC_9466416,0,0.00012977676,held_fold
ISIC_9466790,0,0.05406891,held_fold
ISIC_9466794,0,0.012377861,held_fold
ISIC_9467082,0,0.004254409,held_fold
ISIC_9467292,0,0.008809801,held_fold
ISIC_9469650,0,0.00011096636,held_fold
ISIC_9471383,0,0.06871433,held_fold
ISIC_9473134,0,7.869262e-05,held_fold
ISIC_9473731,0,0.02643876,held_fold
ISIC_9475559,0,0.00014116708,held_fold
ISIC_9475941,0,0.0033508088,held_fold
ISIC_9476904,0,0.005130763,held_fold
ISIC_9478109,0,0.03889221,held_fold
ISIC_9478930,0,0.029561318,held_fold
ISIC_9479161,0,0.02630958,held_fold
ISIC_9483417,0,0.006819567,held_fold
ISIC_9483894,0,0.014080319,held_fold
ISIC_9484538,0,0.010515046,held_fold
ISIC_9485536,0,0.016443541,held_fold
ISIC_9485901,0,0.00012971244,held_fold
ISIC_9489738,0,0.004855178,held_fold
ISIC_9491630,0,0.0005536141,held_fold
ISIC_9493710,0,0.018451337,held_fold
ISIC_9497062,0,0.0008735558,held_fold
ISIC_9498448,0,0.0072058877,held_fold
ISIC_9498942,0,0.0057955,held_fold
ISIC_9500701,0,0.0018371799,held_fold
ISIC_9502241,0,0.0030299185,held_fold
ISIC_9505595,0,0.00032561334,held_fold
ISIC_9509360,0,0.082326524,held_fold
ISIC_9511888,0,0.00025102662,held_fold
ISIC_9513808,0,0.007349979,held_fold
ISIC_9514450,0,0.09232766,held_fold
ISIC_9517456,0,0.0036641124,held_fold
ISIC_9519906,0,0.024808286,held_fold
ISIC_9522628,0,0.0065730675,held_fold
ISIC_9525136,0,0.0005773429,held_fold
ISIC_9526877,0,0.06362448,held_fold
ISIC_9528732,0,0.0009591519,held_fold
ISIC_9529297,0,0.011261644,held_fold
ISIC_9531527,0,0.038624596,held_fold
ISIC_9535114,0,0.15483537,held_fold
ISIC_9540598,0,0.012039977,held_fold
ISIC_9540703,0,0.0015360871,held_fold
ISIC_9542037,0,0.004876493,held_fold
ISIC_9542791,0,0.00035463372,held_fold
ISIC_9543841,0,0.0010372665,held_fold
ISIC_9544059,0,0.00026352963,held_fold
ISIC_9544832,1,0.10418278,held_fold
ISIC_9546197,0,0.01046871,held_fold
ISIC_9546876,0,0.002264253,held_fold
ISIC_9548821,1,0.115387365,held_fold
ISIC_9549857,0,0.0056870608,held_fold
ISIC_9550834,0,0.025894606,held_fold
ISIC_9551111,0,0.0006309244,held_fold
ISIC_9551360,0,0.0001007579,held_fold
ISIC_9551406,0,0.000806643,held_fold
ISIC_9551696,0,0.00044053106,held_fold
ISIC_9553125,0,0.00010258353,held_fold
ISIC_9556334,1,0.19186647,held_fold
ISIC_9559293,0,0.013839613,held_fold
ISIC_9560390,0,0.020851674,held_fold
ISIC_9560694,0,0.0006593601,held_fold
ISIC_9561954,0,0.00023676727,held_fold
ISIC_9562292,0,0.011503181,held_fold
ISIC_9562442,0,0.0022561625,held_fold
ISIC_9562731,0,0.00015856604,held_fold
ISIC_9563514,0,0.0002932238,held_fold
ISIC_9564379,0,0.00016053357,held_fold
ISIC_9564875,0,0.0026578053,held_fold
ISIC_9566964,0,1.8976292e-05,held_fold
ISIC_9568868,0,0.0005721647,held_fold
ISIC_9569891,0,0.00065968,held_fold
ISIC_9571044,0,0.00039769983,held_fold
ISIC_9571107,0,0.061469574,held_fold
ISIC_9571685,0,0.0034982767,held_fold
ISIC_9573024,0,0.0017574248,held_fold
ISIC_9573267,0,0.043695565,held_fold
ISIC_9573538,0,0.00055209885,held_fold
ISIC_9574237,0,0.00054028444,held_fold
ISIC_9574819,0,0.00046794448,held_fold
ISIC_9578109,0,0.15766709,held_fold
ISIC_9578603,0,0.0001664976,held_fold
ISIC_9578777,0,0.000699032,held_fold
ISIC_9579506,0,0.00019102106,held_fold
ISIC_9580101,0,0.0003720201,held_fold
ISIC_9580143,0,0.0042862087,held_fold
ISIC_9580344,0,0.00020482851,held_fold
ISIC_9581761,0,0.007591856,held_fold
ISIC_9582535,0,0.0010667945,held_fold
ISIC_9587745,0,0.018554118,held_fold
ISIC_9589883,0,0.12790069,held_fold
ISIC_9590586,0,0.00020285696,held_fold
ISIC_9590644,0,0.00054666656,held_fold
ISIC_9590727,0,0.0011205727,held_fold
ISIC_9590964,0,0.00018875084,held_fold
ISIC_9596685,0,7.758249e-05,held_fold
ISIC_9596955,0,0.0098448815,held_fold
ISIC_9597731,0,0.042180285,held_fold
ISIC_9598426,0,0.0013502591,held_fold
ISIC_9600205,0,0.00455566,held_fold
ISIC_9601132,0,0.00046836003,held_fold
ISIC_9606109,0,0.00015501311,held_fold
ISIC_9606139,0,0.0012479145,held_fold
ISIC_9607252,0,0.089408204,held_fold
ISIC_9608191,0,0.0023534298,held_fold
ISIC_9609865,0,0.05291426,held_fold
ISIC_9612481,1,0.023928981,held_fold
ISIC_9613570,0,0.00015598281,held_fold
ISIC_9616024,0,0.0014410965,held_fold
ISIC_9622274,0,0.0516016,held_fold
ISIC_9627148,0,0.00021303537,held_fold
ISIC_9628600,0,0.00015027753,held_fold
ISIC_9629757,0,0.00055228727,held_fold
ISIC_9632819,0,0.0002914623,held_fold
ISIC_9636293,0,0.12436394,held_fold
ISIC_9636881,0,0.10374464,held_fold
ISIC_9637180,0,0.0016109532,held_fold
ISIC_9637306,0,0.018100789,held_fold
ISIC_9637932,0,0.061692756,held_fold
ISIC_9637941,0,0.052414455,held_fold
ISIC_9638088,0,0.0015941893,held_fold
ISIC_9640145,0,0.01764553,held_fold
ISIC_9640847,0,0.06286805,held_fold
ISIC_9642671,0,0.00014036175,held_fold
ISIC_9643846,0,0.00088773435,held_fold
ISIC_9644412,0,0.121391736,held_fold
ISIC_9647024,0,0.002480662,held_fold
ISIC_9647502,0,0.0038476577,held_fold
ISIC_9648563,0,0.06496578,held_fold
ISIC_9648904,0,0.0070714415,held_fold
ISIC_9649253,0,0.00094138685,held_fold
ISIC_9657852,0,0.058494642,held_fold
ISIC_9659443,0,0.0006297082,held_fold
ISIC_9660528,0,0.043994687,held_fold
ISIC_9660555,0,0.0011542119,held_fold
ISIC_9665206,0,0.0002493547,held_fold
ISIC_9666709,0,0.056242164,held_fold
ISIC_9671143,0,0.021836128,held_fold
ISIC_9671443,0,0.009874605,held_fold
ISIC_9676233,0,0.094202094,held_fold
ISIC_9677250,0,0.002830844,held_fold
ISIC_9679700,0,0.00042145996,held_fold
ISIC_9681146,0,0.08497383,held_fold
ISIC_9681655,0,0.00011709764,held_fold
ISIC_9682473,0,0.0065900614,held_fold
ISIC_9685344,0,0.00043406905,held_fold
ISIC_9686581,0,0.014224726,held_fold
ISIC_9687369,0,0.00095256965,held_fold
ISIC_9687776,0,0.075042345,held_fold
ISIC_9688617,0,0.16424264,held_fold
ISIC_9690422,0,0.13492627,held_fold
ISIC_9693103,0,0.00027846603,held_fold
ISIC_9693759,0,0.006580096,held_fold
ISIC_9694198,0,0.00778343,held_fold
ISIC_9694275,0,0.0002627739,held_fold
ISIC_9694867,0,0.00018930706,held_fold
ISIC_9695501,0,0.01888926,held_fold
ISIC_9695809,0,0.05047108,held_fold
ISIC_9698774,0,0.00049845723,held_fold
ISIC_9698786,0,0.09488562,held_fold
ISIC_9699238,0,0.0012677894,held_fold
ISIC_9699728,0,9.673977e-05,held_fold
ISIC_9700920,0,0.00013705752,held_fold
ISIC_9701912,0,0.00063699513,held_fold
ISIC_9704788,0,0.0003102506,held_fold
ISIC_9705832,0,0.0021979462,held_fold
ISIC_9706034,0,0.00035536897,held_fold
ISIC_9706318,0,0.00015641666,held_fold
ISIC_9710168,0,0.0013290909,held_fold
ISIC_9711252,0,0.050813787,held_fold
ISIC_9713363,0,0.00026375937,held_fold
ISIC_9713897,0,0.0060460605,held_fold
ISIC_9714255,0,4.9155995e-05,held_fold
ISIC_9720044,0,0.0002510508,held_fold
ISIC_9720518,0,0.007293999,held_fold
ISIC_9723594,0,0.00036689476,held_fold
ISIC_9725043,0,0.0009977217,held_fold
ISIC_9725205,0,0.0004764741,held_fold
ISIC_9728805,0,0.13261895,held_fold
ISIC_9730889,0,0.01999896,held_fold
ISIC_9731788,0,0.0006873247,held_fold
ISIC_9732811,0,0.0004553454,held_fold
ISIC_9733758,0,0.025998717,held_fold
ISIC_9736710,0,0.05817456,held_fold
ISIC_9738306,0,0.009664665,held_fold
ISIC_9742891,0,0.030566359,held_fold
ISIC_9743014,0,0.15022326,held_fold
ISIC_9743638,0,0.0037589297,held_fold
ISIC_9744206,0,0.06472472,held_fold
ISIC_9744723,0,0.002021699,held_fold
ISIC_9745492,0,0.0005073238,held_fold
ISIC_9745942,0,0.0075878156,held_fold
ISIC_9746246,0,0.00030860744,held_fold
ISIC_9746861,0,0.0007761746,held_fold
ISIC_9749009,0,0.06761631,held_fold
ISIC_9749497,0,0.057741784,held_fold
ISIC_9749852,0,0.0034234002,held_fold
ISIC_9756215,0,0.004021951,held_fold
ISIC_9758444,0,0.011353967,held_fold
ISIC_9759505,0,0.0017378911,held_fold
ISIC_9761658,0,0.0005333328,held_fold
ISIC_9765760,0,0.008377458,held_fold
ISIC_9766574,0,0.0019605053,held_fold
ISIC_9767292,0,9.0790956e-05,held_fold
ISIC_9767883,0,0.02633376,held_fold
ISIC_9768834,0,0.018640084,held_fold
ISIC_9770536,0,0.00035615705,held_fold
ISIC_9770765,0,0.0006806056,held_fold
ISIC_9773002,0,0.011625577,held_fold
ISIC_9776242,0,0.017995274,held_fold
ISIC_9778389,0,0.00030336823,held_fold
ISIC_9783456,0,0.0025052116,held_fold
ISIC_9785970,0,0.012699938,held_fold
ISIC_9787058,0,0.0012121975,held_fold
ISIC_9787633,0,0.0008438484,held_fold
ISIC_9788591,0,0.021005204,held_fold
ISIC_9788987,0,0.005243602,held_fold
ISIC_9791586,0,0.021425957,held_fold
ISIC_9794738,0,0.0018395608,held_fold
ISIC_9795608,0,0.004019365,held_fold
ISIC_9796680,0,0.0001381098,held_fold
ISIC_9797914,0,0.00021637089,held_fold
ISIC_9800787,0,0.00017258851,held_fold
ISIC_9810276,0,0.06533967,held_fold
ISIC_9811939,0,0.000251559,held_fold
ISIC_9812330,0,0.27062917,held_fold
ISIC_9816307,0,0.00015909899,held_fold
ISIC_9818733,0,0.0117696645,held_fold
ISIC_9822350,0,0.0069684004,held_fold
ISIC_9824129,0,0.0012572837,held_fold
ISIC_9825491,0,8.527719e-05,held_fold
ISIC_9825604,0,0.012756029,held_fold
ISIC_9825836,0,0.0006067525,held_fold
ISIC_9826904,0,0.023773002,held_fold
ISIC_9829655,0,0.0002355222,held_fold
ISIC_9829667,0,0.010018464,held_fold
ISIC_9829781,0,0.036149442,held_fold
ISIC_9833462,0,7.003814e-05,held_fold
ISIC_9834469,0,0.0008897722,held_fold
ISIC_9834664,0,0.008613919,held_fold
ISIC_9842000,0,0.034530796,held_fold
ISIC_9842269,0,8.3897176e-05,held_fold
ISIC_9847262,0,0.03003706,held_fold
ISIC_9847284,0,0.0038629065,held_fold
ISIC_9847972,0,7.9263795e-05,held_fold
ISIC_9851993,0,0.0039262273,held_fold
ISIC_9852341,0,0.00061977305,held_fold
ISIC_9854912,0,0.0042660763,held_fold
ISIC_9855719,0,0.045977544,held_fold
ISIC_9859594,0,0.0270693,held_fold
ISIC_9859708,0,0.0003225026,held_fold
ISIC_9860895,0,0.000377515,held_fold
ISIC_9863059,0,0.00016138214,held_fold
ISIC_9864416,0,0.014538257,held_fold
ISIC_9865814,0,0.0004281221,held_fold
ISIC_9866375,0,0.0006057018,held_fold
ISIC_9866767,0,0.0003663443,held_fold
ISIC_9869789,0,0.012994625,held_fold
ISIC_9871571,0,0.0023099557,held_fold
ISIC_9877164,0,0.04946411,held_fold
ISIC_9878424,0,0.003499878,held_fold
ISIC_9879041,0,3.8969258e-05,held_fold
ISIC_9879347,0,0.0004510371,held_fold
ISIC_9880854,0,0.015594486,held_fold
ISIC_9883092,0,0.0012967928,held_fold
ISIC_9883380,0,0.002716672,held_fold
ISIC_9885210,0,0.010728591,held_fold
ISIC_9886540,0,0.022959124,held_fold
ISIC_9887282,0,0.00017051032,held_fold
ISIC_9888213,0,0.020666584,held_fold
ISIC_9889001,0,0.0031634457,held_fold
ISIC_9889470,0,0.0003232694,held_fold
ISIC_9889687,0,0.036795016,held_fold
ISIC_9892275,0,0.02919837,held_fold
ISIC_9894283,0,0.0011721865,held_fold
ISIC_9899140,0,0.05073898,held_fold
ISIC_9899644,0,0.00035974436,held_fold
ISIC_9900623,0,0.06410178,held_fold
ISIC_9901871,0,0.008821685,held_fold
ISIC_9907793,0,0.016551897,held_fold
ISIC_9907938,0,0.00010700688,held_fold
ISIC_9908982,0,0.020120263,held_fold
ISIC_9909173,0,0.0007876494,held_fold
ISIC_9913091,0,0.0045536016,held_fold
ISIC_9915927,0,0.00058323983,held_fold
ISIC_9916907,0,0.00044031235,held_fold
ISIC_9919255,0,0.029091593,held_fold
ISIC_9919374,0,0.00029719982,held_fold
ISIC_9920161,0,0.011483889,held_fold
ISIC_9921831,0,0.0003312142,held_fold
ISIC_9926111,0,0.021950481,held_fold
ISIC_9927490,0,0.16818269,held_fold
ISIC_9928774,0,0.0006104073,held_fold
ISIC_9929556,0,0.00040298398,held_fold
ISIC_9932789,0,0.02298805,held_fold
ISIC_9933119,0,0.00017455033,held_fold
ISIC_9934553,0,0.030846393,held_fold
ISIC_9936188,0,0.021790093,held_fold
ISIC_9939963,0,0.0012819794,held_fold
ISIC_9942347,0,0.121473216,held_fold
ISIC_9943579,0,0.006728752,held_fold
ISIC_9944803,0,0.002734349,held_fold
ISIC_9945083,0,0.016386854,held_fold
ISIC_9946557,0,0.0008525654,held_fold
ISIC_9946910,0,0.0001247598,held_fold
ISIC_9948815,0,0.00030619025,held_fold
ISIC_9954582,0,0.00017372625,held_fold
ISIC_9955092,0,0.0048975768,held_fold
ISIC_9956957,0,0.0030565525,held_fold
ISIC_9960855,0,0.014262815,held_fold
ISIC_9962720,0,0.03909809,held_fold
ISIC_9963177,1,0.0287461,held_fold
ISIC_9971202,0,0.014678738,held_fold
ISIC_9973015,0,0.00092714204,held_fold
ISIC_9973459,0,0.009301401,held_fold
ISIC_9974860,0,0.0034242996,held_fold
ISIC_9975260,0,0.04043305,held_fold
ISIC_9975974,0,0.107386455,held_fold
ISIC_9978498,0,0.007806587,held_fold
ISIC_9979438,0,0.00031976707,held_fold
ISIC_9980068,0,0.0005065053,held_fold
ISIC_9981394,0,0.02702223,held_fold
ISIC_9981925,0,0.118538216,held_fold
ISIC_9982953,0,0.01410019,held_fold
ISIC_9985141,0,0.00047364138,held_fold
ISIC_9991451,0,0.18794832,held_fold
ISIC_9995837,0,0.0057838345,held_fold
ISIC_9998152,0,0.00047220406,held_fold
ISIC_9998682,1,0.081974335,held_fold
