image_name,target,prob,split
ISIC_0015719,0,0.0007510168,inner_val
ISIC_0052212,0,0.0020825656,inner_val
ISIC_0074311,0,0.003490813,inner_val
ISIC_0076262,0,0.0021713339,inner_val
ISIC_0077472,0,0.0005469882,inner_val
ISIC_0082348,0,0.001231007,inner_val
ISIC_0084395,0,0.0010479176,inner_val
ISIC_0085172,0,0.0010825086,inner_val
ISIC_0091996,0,0.0017017873,inner_val
ISIC_0096227,0,0.0015877119,inner_val
ISIC_0103298,0,0.002913919,inner_val
ISIC_0124849,0,0.043843407,inner_val
ISIC_0147642,0,0.00087828166,inner_val
ISIC_0149527,0,0.042644106,inner_val
ISIC_0149568,1,0.0013577809,inner_val
ISIC_0149698,0,0.000507737,inner_val
ISIC_0149918,0,0.007258712,inner_val
ISIC_0151200,0,0.05096858,inner_val
ISIC_0162627,0,0.03184568,inner_val
ISIC_0163639,0,0.06673954,inner_val
ISIC_0171946,0,0.01499805,inner_val
ISIC_0179191,0,0.0007874753,inner_val
ISIC_0186820,0,0.012540137,inner_val
ISIC_0187428,0,0.030095031,inner_val
ISIC_0190870,0,0.0039647967,inner_val
ISIC_0192701,0,0.0025018991,inner_val
ISIC_0198392,0,0.057928447,inner_val
ISIC_0199455,0,0.054311655,inner_val
ISIC_0204994,0,0.13377704,inner_val
ISIC_0210282,0,0.0022903124,inner_val
ISIC_0212774,0,0.068334185,inner_val
ISIC_0215966,0,0.0032561014,inner_val
ISIC_0216296,0,0.00583301,inner_val
ISIC_0219948,0,0.003759414,inner_val
ISIC_0222117,0,0.026729966,inner_val
ISIC_0228718,0,0.0011557428,inner_val
ISIC_0229656,0,0.0028959052,inner_val
ISIC_0230564,0,0.001796143,inner_val
ISIC_0236531,0,0.07273331,inner_val
ISIC_0238824,0,0.0069276174,inner_val
ISIC_0239810,0,0.14494497,inner_val
ISIC_0243148,0,0.006257781,inner_val
ISIC_0244877,0,0.0018817158,inner_val
ISIC_0246090,0,0.030257931,inner_val
ISIC_0248114,0,0.07750625,inner_val
ISIC_0248218,0,0.013605201,inner_val
ISIC_0250839,1,0.07656699,inner_val
ISIC_0255796,0,0.02313556,inner_val
ISIC_0255914,0,0.017305924,inner_val
ISIC_0256715,0,0.0044933967,inner_val
ISIC_0258821,0,0.00529179,inner_val
ISIC_0259615,0,0.007852567,inner_val
ISIC_0261781,0,0.0006997242,inner_val
ISIC_0262276,0,0.114740424,inner_val
ISIC_0268371,0,0.010569836,inner_val
ISIC_0274382,1,0.06168608,inner_val
ISIC_0275693,0,0.051306095,inner_val
ISIC_0275783,0,0.19722232,inner_val
ISIC_0275828,1,0.009688037,inner_val
ISIC_0277115,0,0.011826672,inner_val
ISIC_0278126,0,0.008346258,inner_val
ISIC_0279526,0,0.0218265,inner_val
ISIC_0281753,0,0.001566592,inner_val
ISIC_0282281,0,0.0024101129,inner_val
ISIC_0287683,0,0.007276009,inner_val
ISIC_0288421,0,0.04189095,inner_val
ISIC_0288916,0,0.0047981464,inner_val
ISIC_0290785,0,0.004821826,inner_val
ISIC_0292158,0,0.004303217,inner_val
ISIC_0294910,0,0.016903799,inner_val
ISIC_0296109,0,0.034627825,inner_val
ISIC_0297795,0,0.008881741,inner_val
ISIC_0304649,0,0.0024806526,inner_val
ISIC_0308888,0,0.048410743,inner_val
ISIC_0309317,0,0.0017121686,inner_val
ISIC_0311112,0,0.00086376874,inner_val
ISIC_0311369,0,0.0023632105,inner_val
ISIC_0315525,0,0.032172192,inner_val
ISIC_0316668,0,0.03531551,inner_val
ISIC_0329458,0,0.0060702073,inner_val
ISIC_0338712,0,0.009355244,inner_val
ISIC_0338752,0,0.1041318,inner_val
ISIC_0339773,0,0.0011737266,inner_val
ISIC_0340256,0,0.08235278,inner_val
ISIC_0342587,0,0.03494111,inner_val
ISIC_0348503,0,0.0073797256,inner_val
ISIC_0351084,0,0.0044953357,inner_val
ISIC_0354535,0,0.0022399887,inner_val
ISIC_0354635,0,0.00057791494,inner_val
ISIC_0355023,0,0.008753332,inner_val
ISIC_0355197,0,0.009822822,inner_val
ISIC_0358285,0,0.0044572637,inner_val
ISIC_0359307,0,0.06979291,inner_val
ISIC_0361149,0,0.0011494829,inner_val
ISIC_0366021,0,0.0037463207,inner_val
ISIC_0371763,0,0.008092448,inner_val
ISIC_0371772,0,0.0043965904,inner_val
ISIC_0372318,0,0.0032552008,inner_val
ISIC_0373585,0,0.00122262,inner_val
ISIC_0377213,0,0.004171488,inner_val
ISIC_0377420,0,0.03405541,inner_val
ISIC_0378399,0,0.12961955,inner_val
ISIC_0379551,0,0.019577581,inner_val
ISIC_0379863,0,0.014893667,inner_val
ISIC_0384200,0,0.0024480552,inner_val
ISIC_0386664,0,0.0041089826,inner_val
ISIC_0394140,0,0.0034138788,inner_val
ISIC_0395933,0,0.017082868,inner_val
ISIC_0401416,0,0.0009560884,inner_val
ISIC_0401425,0,0.0035724249,inner_val
ISIC_0402533,0,0.010732312,inner_val
ISIC_0403893,0,0.004092574,inner_val
ISIC_0411688,0,0.0037348308,inner_val
ISIC_0412659,0,0.00063418347,inner_val
ISIC_0413154,0,0.00065372116,inner_val
ISIC_0413512,0,0.005570517,inner_val
ISIC_0413575,0,0.0019646643,inner_val
ISIC_0420174,0,0.00096896646,inner_val
ISIC_0421041,0,0.03811298,inner_val
ISIC_0427813,0,0.008230487,inner_val
ISIC_0428482,0,0.00472543,inner_val
ISIC_0430646,0,0.009361611,inner_val
ISIC_0442749,0,0.062759325,inner_val
ISIC_0442837,0,0.0071034743,inner_val
ISIC_0445189,0,0.057590302,inner_val
ISIC_0449824,0,0.0010666233,inner_val
ISIC_0449983,0,0.0027245653,inner_val
ISIC_0452356,0,0.02163594,inner_val
ISIC_0452656,0,0.020648804,inner_val
ISIC_0459035,0,0.012769512,inner_val
ISIC_0461706,0,0.053400725,inner_val
ISIC_0462956,0,0.012116567,inner_val
ISIC_0470731,0,0.03452176,inner_val
ISIC_0472796,0,0.025672065,inner_val
ISIC_0473257,0,0.0024821693,inner_val
ISIC_0474406,0,0.006790482,inner_val
ISIC_0477898,0,0.01194314,inner_val
ISIC_0481059,0,0.000906828,inner_val
ISIC_0484163,0,0.001005154,inner_val
ISIC_0485529,0,0.009670212,inner_val
ISIC_0485537,0,0.02499932,inner_val
ISIC_0485914,0,0.0005483436,inner_val
ISIC_0486478,0,0.0038480544,inner_val
ISIC_0489729,0,0.026695129,inner_val
ISIC_0490714,0,0.0029533175,inner_val
ISIC_0494868,0,0.009446051,inner_val
ISIC_0496971,0,0.008380172,inner_val
ISIC_0501506,0,0.0049377554,inner_val
ISIC_0504730,0,0.041860964,inner_val
ISIC_0506843,0,0.038069755,inner_val
ISIC_0507189,0,0.00067614374,inner_val
ISIC_0509901,0,0.058124494,inner_val
ISIC_0510785,0,0.011142815,inner_val
ISIC_0517121,0,0.015902929,inner_val
ISIC_0517814,0,0.0014843867,inner_val
ISIC_0525554,0,0.015960978,inner_val
ISIC_0529486,0,0.033012073,inner_val
ISIC_0529518,0,0.002421886,inner_val
ISIC_0535843,0,0.0085643735,inner_val
ISIC_0543351,0,0.001462662,inner_val
ISIC_0549211,0,0.11727461,inner_val
ISIC_0550736,0,0.056602065,inner_val
ISIC_0551684,0,0.07257106,inner_val
ISIC_0555529,0,0.08140802,inner_val
ISIC_0561802,0,0.0013742764,inner_val
ISIC_0565120,0,0.00058437604,inner_val
ISIC_0567676,0,0.0036003704,inner_val
ISIC_0569360,0,0.029368378,inner_val
ISIC_0573666,0,0.00593914,inner_val
ISIC_0573934,0,0.008839071,inner_val
ISIC_0579562,0,0.00514831,inner_val
ISIC_0588328,0,0.014585593,inner_val
ISIC_0591011,0,0.017280318,inner_val
ISIC_0592026,0,0.0027816552,inner_val
ISIC_0592946,0,0.004522363,inner_val
ISIC_0596942,0,0.0015546837,inner_val
ISIC_0597414,0,0.0052517047,inner_val
ISIC_0603439,0,0.0019835315,inner_val
ISIC_0607324,0,0.02473163,inner_val
ISIC_0612291,0,0.0003748401,inner_val
ISIC_0613076,0,0.0005637224,inner_val
ISIC_0614681,0,0.00064316037,inner_val
ISIC_0615782,0,0.027906517,inner_val
ISIC_0625777,0,0.00015464373,inner_val
ISIC_0626815,0,0.006359803,inner_val
ISIC_0626832,0,0.0028911901,inner_val
ISIC_0631669,0,0.01231627,inner_val
ISIC_0639415,0,0.23955885,inner_val
ISIC_0644964,0,0.018483344,inner_val
ISIC_0645950,0,0.0040942775,inner_val
ISIC_0662867,0,0.046410605,inner_val
ISIC_0663588,0,0.0014007658,inner_val
ISIC_0678569,0,0.010133114,inner_val
ISIC_0678649,0,0.004979604,inner_val
ISIC_0683077,0,0.009764377,inner_val
ISIC_0685154,0,0.0055666137,inner_val
ISIC_0685898,0,0.027913498,inner_val
ISIC_0687593,0,0.0036366053,inner_val
ISIC_0690822,0,0.0007462643,inner_val
ISIC_0692478,0,0.002277128,inner_val
ISIC_0693968,0,0.0065271547,inner_val
ISIC_0695014,0,0.003174935,inner_val
ISIC_0696150,0,0.028110031,inner_val
ISIC_0696303,0,0.017994642,inner_val
ISIC_0697951,0,0.0074803545,inner_val
ISIC_0702317,0,0.03816284,inner_val
ISIC_0704618,0,0.008273026,inner_val
ISIC_0704895,0,0.00087226735,inner_val
ISIC_0705586,0,0.13029324,inner_val
ISIC_0707244,0,0.0057628714,inner_val
ISIC_0711790,0,0.29013735,inner_val
ISIC_0712254,0,0.082406536,inner_val
ISIC_0718586,0,0.008792892,inner_val
ISIC_0728413,0,0.004467402,inner_val
ISIC_0742879,0,0.17441739,inner_val
ISIC_0743090,0,0.020062385,inner_val
ISIC_0743540,0,0.0055584214,inner_val
ISIC_0745395,0,0.042785086,inner_val
ISIC_0747870,0,0.06107603,inner_val
ISIC_0754049,0,0.001153826,inner_val
ISIC_0754789,0,0.08282202,inner_val
ISIC_0755331,0,0.00701322,inner_val
ISIC_0757532,0,0.027557818,inner_val
ISIC_0758283,0,0.001229242,inner_val
ISIC_0760892,0,0.08685716,inner_val
ISIC_0761049,0,0.008682172,inner_val
ISIC_0761472,0,0.07100307,inner_val
ISIC_0766345,0,0.0058912165,inner_val
ISIC_0766365,0,0.002486686,inner_val
ISIC_0769700,0,0.016843714,inner_val
ISIC_0770723,0,0.032923173,inner_val
ISIC_0771953,0,0.013653194,inner_val
ISIC_0781380,0,0.17052664,inner_val
ISIC_0787745,0,0.004469697,inner_val
ISIC_0788453,0,0.0595561,inner_val
ISIC_0791303,0,0.0034722988,inner_val
ISIC_0796372,0,0.0006168437,inner_val
ISIC_0796973,0,0.041844312,inner_val
ISIC_0799347,0,0.042849157,inner_val
ISIC_0799535,0,0.006672385,inner_val
ISIC_0800628,0,0.0032458077,inner_val
ISIC_0801563,0,0.034064297,inner_val
ISIC_0803691,0,0.0051699625,inner_val
ISIC_0803850,0,0.09895458,inner_val
ISIC_0808057,0,0.0033608112,inner_val
ISIC_0809467,0,0.0005733185,inner_val
ISIC_0811406,0,0.00480075,inner_val
ISIC_0813856,0,0.0020860247,inner_val
ISIC_0814894,0,0.0008341133,inner_val
ISIC_0818033,0,0.00032297798,inner_val
ISIC_0818181,0,0.05149608,inner_val
ISIC_0820559,0,0.03874616,inner_val
ISIC_0822116,0,0.003190529,inner_val
ISIC_0833682,0,0.027465632,inner_val
ISIC_0836727,0,0.0021965129,inner_val
ISIC_0837618,0,0.00081287656,inner_val
ISIC_0837789,0,0.034567226,inner_val
ISIC_0840730,0,0.00839058,inner_val
ISIC_0841762,0,0.0102638295,inner_val
ISIC_0853280,0,0.0069826497,inner_val
ISIC_0860384,0,0.008648584,inner_val
ISIC_0867090,0,0.0077921776,inner_val
ISIC_0871853,0,0.0045703594,inner_val
ISIC_0873571,0,0.0002849615,inner_val
ISIC_0876992,0,0.0015377012,inner_val
ISIC_0880095,0,0.057043716,inner_val
ISIC_0880405,0,0.003050447,inner_val
ISIC_0882617,0,0.014430116,inner_val
ISIC_0884550,0,0.0011110177,inner_val
ISIC_0887488,0,0.0021934195,inner_val
ISIC_0887792,0,0.08249396,inner_val
ISIC_0888799,0,0.018812962,inner_val
ISIC_0889988,0,0.036320563,inner_val
ISIC_0894136,0,0.0022119652,inner_val
ISIC_0895547,0,0.04856213,inner_val
ISIC_0901864,0,0.0101603065,inner_val
ISIC_0909082,0,0.05474595,inner_val
ISIC_0914168,1,0.10264741,inner_val
ISIC_0919351,0,0.02413794,inner_val
ISIC_0922251,0,0.005558775,inner_val
ISIC_0923157,0,0.011538766,inner_val
ISIC_0924215,0,0.020030618,inner_val
ISIC_0927960,0,0.0030156046,inner_val
ISIC_0933075,0,0.012395098,inner_val
ISIC_0935859,0,0.0052430527,inner_val
ISIC_0936865,0,0.03174523,inner_val
ISIC_0939642,0,0.19806953,inner_val
ISIC_0943717,0,0.0035691112,inner_val
ISIC_0947467,0,0.00070056785,inner_val
ISIC_0948152,0,0.08169095,inner_val
ISIC_0948240,0,0.06807157,inner_val
ISIC_0949164,0,0.05441416,inner_val
ISIC_0953317,1,0.061295975,inner_val
ISIC_0954236,0,0.03485964,inner_val
ISIC_0955945,0,0.0011763643,inner_val
ISIC_0957034,0,0.033640604,inner_val
ISIC_0961055,0,0.017239893,inner_val
ISIC_0963536,0,0.00031789616,inner_val
ISIC_0970069,0,0.03550276,inner_val
ISIC_0974293,0,0.007653371,inner_val
ISIC_0975117,0,0.004788929,inner_val
ISIC_0978386,0,0.006227903,inner_val
ISIC_0979454,0,0.0044953697,inner_val
ISIC_0981657,0,0.005242351,inner_val
ISIC_0982984,0,0.13882984,inner_val
ISIC_0986890,0,0.03238247,inner_val
ISIC_0987830,0,0.0015536027,inner_val
ISIC_0996566,0,0.041020244,inner_val
ISIC_0998639,0,0.012002804,inner_val
ISIC_1001320,0,0.0034822212,inner_val
ISIC_1005048,0,0.002676472,inner_val
ISIC_1017015,0,0.00046514257,inner_val
ISIC_1020661,0,0.004620035,inner_val
ISIC_1021883,0,0.0111920955,inner_val
ISIC_1024269,0,0.0025332477,inner_val
ISIC_1026770,0,0.0017916808,inner_val
ISIC_1027512,0,0.0059285313,inner_val
ISIC_1030777,0,0.010149771,inner_val
ISIC_1032115,0,0.00037033894,inner_val
ISIC_1033336,0,0.014560005,inner_val
ISIC_1044129,0,0.0073011736,inner_val
ISIC_1044758,0,0.0011266646,inner_val
ISIC_1065699,0,0.088073716,inner_val
ISIC_1066973,0,0.024750546,inner_val
ISIC_1073659,0,0.0005979574,inner_val
ISIC_1075605,0,0.0032862846,inner_val
ISIC_1075654,0,0.035312552,inner_val
ISIC_1080640,0,0.0019129862,inner_val
ISIC_1090983,0,0.0012601455,inner_val
ISIC_1091280,0,0.004338028,inner_val
ISIC_1092604,0,0.059493903,inner_val
ISIC_1100216,0,0.06061744,inner_val
ISIC_1104171,0,0.00866326,inner_val
ISIC_1104374,0,0.010240131,inner_val
ISIC_1105059,0,0.14738524,inner_val
ISIC_1105263,0,0.0076323478,inner_val
ISIC_1105772,0,0.104269736,inner_val
ISIC_1106860,0,0.029316735,inner_val
ISIC_1107954,0,0.007704533,inner_val
ISIC_1111313,0,0.0017455925,inner_val
ISIC_1112205,0,0.0010655395,inner_val
ISIC_1113629,0,0.021678241,inner_val
ISIC_1113686,0,0.07534309,inner_val
ISIC_1116037,0,0.035223644,inner_val
ISIC_1118894,0,0.020556943,inner_val
ISIC_1122727,0,0.001492386,inner_val
ISIC_1127639,0,0.011458627,inner_val
ISIC_1128846,0,0.119478725,inner_val
ISIC_1131772,0,0.0005609738,inner_val
ISIC_1132496,1,0.03031029,inner_val
ISIC_1142764,0,0.060134336,inner_val
ISIC_1144286,0,0.041956156,inner_val
ISIC_1145442,0,0.17465793,inner_val
ISIC_1145799,0,0.002597132,inner_val
ISIC_1145963,0,0.01605278,inner_val
ISIC_1148874,0,0.020846505,inner_val
ISIC_1151269,0,0.0009954263,inner_val
ISIC_1157790,0,0.010823246,inner_val
ISIC_1157850,0,0.02488717,inner_val
ISIC_1167258,0,0.04311926,inner_val
ISIC_1171704,0,0.0064322366,inner_val
ISIC_1179209,0,0.0022741042,inner_val
ISIC_1182624,0,0.000999355,inner_val
ISIC_1185853,0,0.012481804,inner_val
ISIC_1188525,0,0.00084744423,inner_val
ISIC_1189461,0,0.0028412433,inner_val
ISIC_1189712,0,0.0034501245,inner_val
ISIC_1195961,0,0.00034841205,inner_val
ISIC_1196284,0,0.0039624753,inner_val
ISIC_1196376,0,0.011472257,inner_val
ISIC_1197080,0,0.0028360456,inner_val
ISIC_1197816,0,0.0052637104,inner_val
ISIC_1199236,0,0.01798029,inner_val
ISIC_1200192,1,0.0008114741,inner_val
ISIC_1200790,0,0.00047102713,inner_val
ISIC_1201523,0,0.0078465175,inner_val
ISIC_1201857,0,0.0005426296,inner_val
ISIC_1202561,0,0.0060515534,inner_val
ISIC_1203434,0,0.0038639528,inner_val
ISIC_1206021,0,0.012205924,inner_val
ISIC_1206585,0,0.052580886,inner_val
ISIC_1209365,0,0.004019715,inner_val
ISIC_1210338,0,0.02585002,inner_val
ISIC_1213493,0,0.001952165,inner_val
ISIC_1216139,0,0.010785091,inner_val
ISIC_1220029,0,0.002659177,inner_val
ISIC_1231419,1,0.02278278,inner_val
ISIC_1234310,0,0.0020566424,inner_val
ISIC_1234618,0,0.002554404,inner_val
ISIC_1237266,0,0.001529806,inner_val
ISIC_1247254,0,0.0028213218,inner_val
ISIC_1249358,0,0.011227444,inner_val
ISIC_1251639,0,0.01359675,inner_val
ISIC_1252944,0,0.0068611195,inner_val
ISIC_1253009,0,0.00090531464,inner_val
ISIC_1253435,0,0.09480563,inner_val
ISIC_1255210,0,0.032052718,inner_val
ISIC_1258271,0,0.05805507,inner_val
ISIC_1258362,0,0.011170055,inner_val
ISIC_1258756,0,0.0025503726,inner_val
ISIC_1263585,0,0.008855207,inner_val
ISIC_1264950,0,0.004006754,inner_val
ISIC_1266424,0,0.01537961,inner_val
ISIC_1272768,0,0.004455819,inner_val
ISIC_1274150,0,0.0008894421,inner_val
ISIC_1277862,0,0.002628043,inner_val
ISIC_1281742,0,0.006349328,inner_val
ISIC_1282063,0,0.016208794,inner_val
ISIC_1282922,0,0.09802572,inner_val
ISIC_1290295,0,0.003265032,inner_val
ISIC_1290677,0,0.0016898294,inner_val
ISIC_1293403,0,0.052553076,inner_val
ISIC_1296073,0,0.014298532,inner_val
ISIC_1299388,0,0.008148387,inner_val
ISIC_1302281,0,0.007369613,inner_val
ISIC_1303205,0,0.01695377,inner_val
ISIC_1303854,0,0.0019851348,inner_val
ISIC_1306020,0,0.0048943036,inner_val
ISIC_1308847,0,0.004741596,inner_val
ISIC_1310639,0,0.009371716,inner_val
ISIC_1312827,0,0.0053608674,inner_val
ISIC_1314417,0,0.0037965074,inner_val
ISIC_1316185,0,0.022321189,inner_val
ISIC_1321376,0,0.008327316,inner_val
ISIC_1325727,0,0.0015312036,inner_val
ISIC_1326757,0,0.0223739,inner_val
ISIC_1328488,0,0.0044479957,inner_val
ISIC_1329146,0,0.0051745893,inner_val
ISIC_1333049,0,0.0013317702,inner_val
ISIC_1341068,0,0.025733454,inner_val
ISIC_1344155,0,0.0048242034,inner_val
ISIC_1346209,0,0.0014436302,inner_val
ISIC_1348050,0,0.0025388845,inner_val
ISIC_1353530,0,0.0040720343,inner_val
ISIC_1353949,0,0.09097646,inner_val
ISIC_1355214,0,0.00826445,inner_val
ISIC_1355286,0,0.04378298,inner_val
ISIC_1359533,0,0.0052702404,inner_val
ISIC_1361391,0,0.0031846748,inner_val
ISIC_1363372,0,0.00050275685,inner_val
ISIC_1363787,0,0.004651976,inner_val
ISIC_1369310,0,0.024630448,inner_val
ISIC_1369967,1,0.018739536,inner_val
ISIC_1373573,0,0.0025150008,inner_val
ISIC_1373747,0,0.08464207,inner_val
ISIC_1379601,0,0.01322785,inner_val
ISIC_1382220,0,0.0271991,inner_val
ISIC_1385033,0,0.023030998,inner_val
ISIC_1387722,0,0.019360209,inner_val
ISIC_1388650,0,0.00652436,inner_val
ISIC_1393672,0,0.009718642,inner_val
ISIC_1394013,0,0.01732552,inner_val
ISIC_1398485,0,0.008676219,inner_val
ISIC_1400825,0,0.009413386,inner_val
ISIC_1401396,0,0.00085575593,inner_val
ISIC_1401969,0,0.020269755,inner_val
ISIC_1402407,0,0.031961203,inner_val
ISIC_1404780,0,0.005381486,inner_val
ISIC_1410927,0,0.00074676087,inner_val
ISIC_1413242,0,0.013632423,inner_val
ISIC_1413343,0,0.002683395,inner_val
ISIC_1414967,0,0.00169721,inner_val
ISIC_1425961,0,0.016427422,inner_val
ISIC_1426974,0,0.044700883,inner_val
ISIC_1435656,0,0.02336328,inner_val
ISIC_1435944,0,0.007619245,inner_val
ISIC_1440063,0,0.004986832,inner_val
ISIC_1441260,0,0.0021062985,inner_val
ISIC_1445957,0,0.0038898585,inner_val
ISIC_1449915,0,0.060247213,inner_val
ISIC_1450315,0,0.069761686,inner_val
ISIC_1452626,0,0.0014987206,inner_val
ISIC_1456688,0,0.038376022,inner_val
ISIC_1460932,1,0.009418095,inner_val
ISIC_1462996,0,0.006968585,inner_val
ISIC_1468354,0,0.001371974,inner_val
ISIC_1469861,0,0.007022561,inner_val
ISIC_1470271,0,0.009901962,inner_val
ISIC_1474461,1,0.016039658,inner_val
ISIC_1474577,0,0.0045320163,inner_val
ISIC_1477076,0,0.001422311,inner_val
ISIC_1479949,0,0.0037351984,inner_val
ISIC_1480119,0,0.07170555,inner_val
ISIC_1481147,0,0.007846121,inner_val
ISIC_1482346,0,0.044932645,inner_val
ISIC_1484621,0,0.00528298,inner_val
ISIC_1487443,0,0.0025012626,inner_val
ISIC_1489934,0,0.0072302613,inner_val
ISIC_1493235,0,0.07794021,inner_val
ISIC_1494033,0,0.006590387,inner_val
ISIC_1495793,0,0.0016141561,inner_val
ISIC_1500060,0,0.0025484955,inner_val
ISIC_1500139,0,0.00085678475,inner_val
ISIC_1502442,0,0.008126573,inner_val
ISIC_1504257,0,0.00087761745,inner_val
ISIC_1513596,0,0.02592786,inner_val
ISIC_1515543,0,0.00081946346,inner_val
ISIC_1518461,0,0.12217273,inner_val
ISIC_1521803,0,0.025169415,inner_val
ISIC_1526502,0,0.019264182,inner_val
ISIC_1526593,0,0.0005553061,inner_val
ISIC_1527418,0,0.003037282,inner_val
ISIC_1533630,0,0.02265727,inner_val
ISIC_1536177,0,0.09382345,inner_val
ISIC_1537638,0,0.03902967,inner_val
ISIC_1537939,0,0.08902728,inner_val
ISIC_1537958,0,0.0076110717,inner_val
ISIC_1545213,0,0.0052335635,inner_val
ISIC_1546020,0,0.0022978177,inner_val
ISIC_1546653,0,0.0004476919,inner_val
ISIC_1555147,0,0.09989889,inner_val
ISIC_1565767,0,0.0026076362,inner_val
ISIC_1565890,0,0.017611507,inner_val
ISIC_1566931,0,0.04136726,inner_val
ISIC_1569403,0,0.041845918,inner_val
ISIC_1569775,0,0.0014423933,inner_val
ISIC_1570580,0,0.00043042455,inner_val
ISIC_1571442,0,0.0020276892,inner_val
ISIC_1574947,0,0.032587174,inner_val
ISIC_1577621,0,0.0022819357,inner_val
ISIC_1580767,0,0.03717778,inner_val
ISIC_1583715,0,0.008513831,inner_val
ISIC_1584535,0,0.0014422766,inner_val
ISIC_1591911,0,0.0062311585,inner_val
ISIC_1591931,0,0.036375504,inner_val
ISIC_1595496,0,0.0014843718,inner_val
ISIC_1596868,0,0.0006285422,inner_val
ISIC_1600975,0,0.014476171,inner_val
ISIC_1613328,0,0.00441152,inner_val
ISIC_1620401,1,0.037034523,inner_val
ISIC_1626069,0,0.00376818,inner_val
ISIC_1629433,0,0.015413214,inner_val
ISIC_1630301,1,0.14085914,inner_val
ISIC_1631082,0,0.037055556,inner_val
ISIC_1632696,0,0.031157011,inner_val
ISIC_1633078,0,0.0025369541,inner_val
ISIC_1633315,0,0.0012125035,inner_val
ISIC_1640666,0,0.012730863,inner_val
ISIC_1641637,0,0.028191088,inner_val
ISIC_1644520,0,0.010569636,inner_val
ISIC_1649410,0,0.01729811,inner_val
ISIC_1652897,0,0.0036875533,inner_val
ISIC_1655931,0,0.0065132394,inner_val
ISIC_1661324,0,0.0008652927,inner_val
ISIC_1668077,0,0.0018425286,inner_val
ISIC_1668944,0,0.03656258,inner_val
ISIC_1671258,0,0.026314784,inner_val
ISIC_1671282,0,0.0048675328,inner_val
ISIC_1672688,0,0.011324512,inner_val
ISIC_1676689,0,0.048198782,inner_val
ISIC_1685257,0,0.033328295,inner_val
ISIC_1687278,0,0.0012481641,inner_val
ISIC_1690665,0,0.02284855,inner_val
ISIC_1691732,0,0.011618233,inner_val
ISIC_1695158,0,0.009853299,inner_val
ISIC_1695360,0,0.002709036,inner_val
ISIC_1698805,0,0.03531205,inner_val
ISIC_1706973,0,0.019553298,inner_val
ISIC_1710970,0,0.0013680526,inner_val
ISIC_1712329,0,0.0017179259,inner_val
ISIC_1715110,0,0.008614351,inner_val
ISIC_1719300,0,0.008808552,inner_val
ISIC_1720411,0,0.01629955,inner_val
ISIC_1725019,0,0.015457063,inner_val
ISIC_1726410,0,0.06383232,inner_val
ISIC_1730282,0,0.0014462086,inner_val
ISIC_1731109,0,0.015956463,inner_val
ISIC_1732761,0,0.010903109,inner_val
ISIC_1733130,0,0.0031218808,inner_val
ISIC_1735204,0,0.015180529,inner_val
ISIC_1736914,0,0.001304624,inner_val
ISIC_1738297,0,0.014405634,inner_val
ISIC_1740186,0,0.0068260203,inner_val
ISIC_1741219,0,0.007807182,inner_val
ISIC_1746702,0,0.0095602535,inner_val
ISIC_1752589,0,0.012572967,inner_val
ISIC_1753360,0,0.022360804,inner_val
ISIC_1760981,0,0.0010956988,inner_val
ISIC_1761878,0,0.013733805,inner_val
ISIC_1762555,0,0.06318989,inner_val
ISIC_1763183,0,0.0143831745,inner_val
ISIC_1763257,0,0.013446947,inner_val
ISIC_1767633,0,0.039400756,inner_val
ISIC_1768051,0,0.0052794125,inner_val
ISIC_1768325,0,0.17342748,inner_val
ISIC_1777142,0,0.009005029,inner_val
ISIC_1777710,0,0.01335484,inner_val
ISIC_1780417,0,0.004273271,inner_val
ISIC_1783727,0,0.002213163,inner_val
ISIC_1796223,0,0.022140548,inner_val
ISIC_1800762,0,0.07015925,inner_val
ISIC_1806179,0,0.09466834,inner_val
ISIC_1807812,0,0.010574973,inner_val
ISIC_1809444,0,0.00789276,inner_val
ISIC_1813445,0,0.0005165504,inner_val
ISIC_1819531,0,0.0067346054,inner_val
ISIC_1821113,0,0.017347574,inner_val
ISIC_1821825,0,0.00017433293,inner_val
ISIC_1823006,0,0.055516887,inner_val
ISIC_1828419,0,0.011154953,inner_val
ISIC_1831325,0,0.0036908013,inner_val
ISIC_1836661,0,0.01440122,inner_val
ISIC_1838216,0,0.096173465,inner_val
ISIC_1843053,0,0.008176683,inner_val
ISIC_1843497,0,0.0030428448,inner_val
ISIC_1845450,0,0.052821763,inner_val
ISIC_1849014,0,0.046365827,inner_val
ISIC_1850483,0,0.00060961314,inner_val
ISIC_1858989,0,0.0017454464,inner_val
ISIC_1860548,0,0.024194695,inner_val
ISIC_1862506,0,0.009706349,inner_val
ISIC_1874969,0,0.0045224857,inner_val
ISIC_1878082,0,0.0008923248,inner_val
ISIC_1878481,0,0.028411796,inner_val
ISIC_1881035,0,0.0055524386,inner_val
ISIC_1884191,0,0.0029497223,inner_val
ISIC_1887282,0,0.00788382,inner_val
ISIC_1896191,0,0.015604254,inner_val
ISIC_1897507,0,0.06188131,inner_val
ISIC_1899198,0,0.07411858,inner_val
ISIC_1901615,0,0.001864013,inner_val
ISIC_1904481,0,0.00043756023,inner_val
ISIC_1905855,0,0.0040031327,inner_val
ISIC_1920523,0,0.005905893,inner_val
ISIC_1921883,0,0.064260274,inner_val
ISIC_1924232,0,0.0012076435,inner_val
ISIC_1924365,0,0.022076739,inner_val
ISIC_1925533,0,0.000773298,inner_val
ISIC_1928510,0,0.0038955368,inner_val
ISIC_1929320,0,0.05394056,inner_val
ISIC_1930604,0,0.007580143,inner_val
ISIC_1932394,0,0.013373632,inner_val
ISIC_1932486,0,0.01708615,inner_val
ISIC_1932729,0,0.011555703,inner_val
ISIC_1935109,0,0.0033775256,inner_val
ISIC_1935643,0,0.0007279619,inner_val
ISIC_1945604,0,0.002388785,inner_val
ISIC_1951999,0,0.0019598699,inner_val
ISIC_1957625,0,0.0076451,inner_val
ISIC_1959040,0,0.004673258,inner_val
ISIC_1960468,0,0.0031063494,inner_val
ISIC_1963919,0,0.048969492,inner_val
ISIC_1970368,0,0.0012583504,inner_val
ISIC_1976135,0,0.004101608,inner_val
ISIC_1976444,0,0.010702303,inner_val
ISIC_1977241,0,0.01894321,inner_val
ISIC_1980111,0,0.019483779,inner_val
ISIC_1988335,0,0.003597595,inner_val
ISIC_1996356,0,0.030769246,inner_val
ISIC_1998942,0,0.012266867,inner_val
ISIC_2000240,0,0.042285953,inner_val
ISIC_2005921,0,0.049164336,inner_val
ISIC_2013861,0,0.0141601255,inner_val
ISIC_2016586,0,0.043186218,inner_val
ISIC_2017991,0,0.0011579677,inner_val
ISIC_2019386,0,0.0061408794,inner_val
ISIC_2021413,0,0.006219114,inner_val
ISIC_2023594,0,0.0018174067,inner_val
ISIC_2031252,0,0.0010219944,inner_val
ISIC_2031794,0,0.0010503252,inner_val
ISIC_2033832,0,0.013556186,inner_val
ISIC_2034311,0,0.027106808,inner_val
ISIC_2038024,0,0.0015510345,inner_val
ISIC_2038794,0,0.008682439,inner_val
ISIC_2043431,0,0.0012540986,inner_val
ISIC_2054705,0,0.008697876,inner_val
ISIC_2056352,0,0.0008542015,inner_val
ISIC_2057707,0,0.000836176,inner_val
ISIC_2057990,0,0.03746895,inner_val
ISIC_2063479,0,0.016513364,inner_val
ISIC_2063937,0,0.008160898,inner_val
ISIC_2064084,0,0.0038020532,inner_val
ISIC_2066825,0,0.08491645,inner_val
ISIC_2066959,0,0.03754807,inner_val
ISIC_2070441,0,0.0130464,inner_val
ISIC_2075372,0,0.00177725,inner_val
ISIC_2075596,0,0.002502288,inner_val
ISIC_2083098,0,0.010225416,inner_val
ISIC_2085855,0,0.0033021725,inner_val
ISIC_2086082,0,0.0020168312,inner_val
ISIC_2092150,0,0.012041973,inner_val
ISIC_2092911,0,0.001118565,inner_val
ISIC_2097198,0,0.002467518,inner_val
ISIC_2099059,0,0.026388913,inner_val
ISIC_2099315,0,0.0028055843,inner_val
ISIC_2100445,0,0.025409402,inner_val
ISIC_2108823,0,0.007265821,inner_val
ISIC_2109658,0,0.007103558,inner_val
ISIC_2114522,0,0.006285746,inner_val
ISIC_2115136,0,0.06392677,inner_val
ISIC_2115645,0,0.051425662,inner_val
ISIC_2119925,0,0.0007696332,inner_val
ISIC_2123846,0,0.003372789,inner_val
ISIC_2126411,0,0.013119092,inner_val
ISIC_2129639,0,0.00033503183,inner_val
ISIC_2134753,0,0.06036015,inner_val
ISIC_2136243,0,0.013792667,inner_val
ISIC_2136533,0,0.010285617,inner_val
ISIC_2139387,0,0.020292234,inner_val
ISIC_2140099,0,0.030368632,inner_val
ISIC_2141786,0,0.0003083569,inner_val
ISIC_2144220,0,0.0037539687,inner_val
ISIC_2146346,0,0.008900053,inner_val
ISIC_2147549,0,0.017592642,inner_val
ISIC_2150997,0,0.0687203,inner_val
ISIC_2153159,0,0.004727638,inner_val
ISIC_2154237,0,0.033249907,inner_val
ISIC_2158871,0,0.079528295,inner_val
ISIC_2159294,0,0.06130043,inner_val
ISIC_2162120,0,0.048861824,inner_val
ISIC_2162458,0,0.011747932,inner_val
ISIC_2162542,0,0.0022183203,inner_val
ISIC_2172532,0,0.012295023,inner_val
ISIC_2175722,0,0.0033469254,inner_val
ISIC_2178032,0,0.00161255,inner_val
ISIC_2183559,0,0.0021429912,inner_val
ISIC_2186853,0,0.003178423,inner_val
ISIC_2192973,0,0.0024477085,inner_val
ISIC_2195070,0,0.12424393,inner_val
ISIC_2205007,0,0.23909754,inner_val
ISIC_2207693,0,0.0034118905,inner_val
ISIC_2211811,0,0.00926336,inner_val
ISIC_2216833,0,0.004872344,inner_val
ISIC_2221993,0,0.055262875,inner_val
ISIC_2222879,0,0.002924523,inner_val
ISIC_2225680,0,0.024991792,inner_val
ISIC_2228053,0,0.0031347047,inner_val
ISIC_2231591,0,0.0012362554,inner_val
ISIC_2239134,0,0.0012749103,inner_val
ISIC_2241755,0,0.0040164804,inner_val
ISIC_2246839,0,0.0018039638,inner_val
ISIC_2249623,0,0.029203556,inner_val
ISIC_2251480,0,0.031620067,inner_val
ISIC_2252651,0,0.003648971,inner_val
ISIC_2253931,0,0.007520138,inner_val
ISIC_2260249,0,0.0077954177,inner_val
ISIC_2261306,0,0.018797109,inner_val
ISIC_2269117,0,0.0036429758,inner_val
ISIC_2270571,0,0.008378388,inner_val
ISIC_2275909,0,0.0028002278,inner_val
ISIC_2278564,0,0.0021221864,inner_val
ISIC_2279765,0,0.0007321673,inner_val
ISIC_2280429,0,0.0029443367,inner_val
ISIC_2281090,0,0.0028358286,inner_val
ISIC_2283702,0,0.005756946,inner_val
ISIC_2284138,0,0.020411,inner_val
ISIC_2288896,0,0.012681064,inner_val
ISIC_2291021,0,0.053367376,inner_val
ISIC_2292593,0,0.025203796,inner_val
ISIC_2306330,0,0.014724788,inner_val
ISIC_2309037,0,0.0029331231,inner_val
ISIC_2310105,0,0.006642236,inner_val
ISIC_2310167,0,0.010936482,inner_val
ISIC_2311709,0,0.0006602728,inner_val
ISIC_2315560,0,0.00051758345,inner_val
ISIC_2321403,0,0.11087688,inner_val
ISIC_2321699,0,0.011082274,inner_val
ISIC_2322347,0,0.003779729,inner_val
ISIC_2322693,0,0.012413581,inner_val
ISIC_2326179,0,0.0026859192,inner_val
ISIC_2327393,0,0.03745938,inner_val
ISIC_2341875,1,0.12166035,inner_val
ISIC_2344309,0,0.0042169373,inner_val
ISIC_2360676,0,0.012992626,inner_val
ISIC_2361997,0,0.025666393,inner_val
ISIC_2366652,0,0.0023619866,inner_val
ISIC_2368518,0,0.0021733348,inner_val
ISIC_2369986,0,0.008850475,inner_val
ISIC_2375233,0,0.02143413,inner_val
ISIC_2375394,0,0.0028541512,inner_val
ISIC_2375871,0,0.002617574,inner_val
ISIC_2380895,0,0.0007992347,inner_val
ISIC_2381167,0,0.03573715,inner_val
ISIC_2384341,0,0.0014961289,inner_val
ISIC_2384774,0,0.016466105,inner_val
ISIC_2394181,0,0.021116186,inner_val
ISIC_2395859,0,0.002687501,inner_val
ISIC_2398511,0,0.0032966123,inner_val
ISIC_2398526,0,0.025627865,inner_val
ISIC_2399314,0,0.013911887,inner_val
ISIC_2399943,0,0.0372603,inner_val
ISIC_2401734,0,0.01283358,inner_val
ISIC_2404804,0,0.0070427964,inner_val
ISIC_2406492,1,0.01014447,inner_val
ISIC_2412805,0,0.0055155763,inner_val
ISIC_2412888,0,0.0021197482,inner_val
ISIC_2414367,0,0.012468028,inner_val
ISIC_2414373,0,0.0024903482,inner_val
ISIC_2418389,0,0.0015346755,inner_val
ISIC_2420067,0,0.010952947,inner_val
ISIC_2421486,0,0.018091626,inner_val
ISIC_2423162,0,0.000885866,inner_val
ISIC_2430489,0,0.014828968,inner_val
ISIC_2436371,0,0.01197168,inner_val
ISIC_2438305,0,0.071107455,inner_val
ISIC_2438329,0,0.0067985845,inner_val
ISIC_2445710,0,0.0020634227,inner_val
ISIC_2449103,0,0.004994361,inner_val
ISIC_2456291,0,0.014107868,inner_val
ISIC_2456960,0,0.0038033144,inner_val
ISIC_2461602,0,0.014395009,inner_val
ISIC_2470795,0,0.002636596,inner_val
ISIC_2476624,0,0.0058089425,inner_val
ISIC_2478104,0,0.052981496,inner_val
ISIC_2479346,0,0.05744271,inner_val
ISIC_2482016,0,0.025027895,inner_val
ISIC_2482899,0,0.0022298056,inner_val
ISIC_2483825,0,0.03847224,inner_val
ISIC_2485946,0,0.021315737,inner_val
ISIC_2486088,0,0.0031122288,inner_val
ISIC_2487173,0,0.008678381,inner_val
ISIC_2491020,0,0.0024345093,inner_val
ISIC_2492859,0,0.01108818,inner_val
ISIC_2493376,0,0.0011435067,inner_val
ISIC_2495762,0,0.18444291,inner_val
ISIC_2496068,0,0.08886122,inner_val
ISIC_2500008,0,0.0034906238,inner_val
ISIC_2502377,0,0.025287913,inner_val
ISIC_2507845,0,0.024898125,inner_val
ISIC_2508759,0,0.0021419025,inner_val
ISIC_2511975,0,0.031193262,inner_val
ISIC_2513338,0,0.009215846,inner_val
ISIC_2516069,0,0.024587423,inner_val
ISIC_2518505,0,0.018566621,inner_val
ISIC_2520736,0,0.0023503564,inner_val
ISIC_2528618,0,0.009585177,inner_val
ISIC_2535558,0,0.0024087902,inner_val
ISIC_2537598,0,0.0024229588,inner_val
ISIC_2543280,0,0.09225756,inner_val
ISIC_2544309,0,0.0013100617,inner_val
ISIC_2546644,0,0.0049414583,inner_val
ISIC_2549673,0,0.002320038,inner_val
ISIC_2554942,0,0.0014166483,inner_val
ISIC_2560287,0,0.028992092,inner_val
ISIC_2562668,0,0.024864765,inner_val
ISIC_2567644,0,0.0073151044,inner_val
ISIC_2567786,0,0.0060721124,inner_val
ISIC_2568066,0,0.024099244,inner_val
ISIC_2568485,0,0.003453287,inner_val
ISIC_2578539,0,0.0085517615,inner_val
ISIC_2580289,0,0.0011807673,inner_val
ISIC_2581307,0,0.0060133836,inner_val
ISIC_2583592,0,0.008179105,inner_val
ISIC_2586487,0,0.23030533,inner_val
ISIC_2590211,0,0.002482972,inner_val
ISIC_2592034,0,0.012172028,inner_val
ISIC_2592814,0,0.0075660083,inner_val
ISIC_2604813,0,0.0050006188,inner_val
ISIC_2605118,0,0.024738993,inner_val
ISIC_2606024,0,0.0072999718,inner_val
ISIC_2616343,0,0.0011556343,inner_val
ISIC_2620837,0,0.008746071,inner_val
ISIC_2624451,0,0.0007780151,inner_val
ISIC_2637795,0,0.008042901,inner_val
ISIC_2638895,0,0.0019471518,inner_val
ISIC_2639547,0,0.008900268,inner_val
ISIC_2645333,0,0.025048079,inner_val
ISIC_2646829,1,0.0747157,inner_val
ISIC_2647269,0,0.0053899228,inner_val
ISIC_2654197,0,0.0020969622,inner_val
ISIC_2655423,0,0.0605939,inner_val
ISIC_2659591,0,0.029335199,inner_val
ISIC_2659758,0,0.025065633,inner_val
ISIC_2667199,0,0.0059382007,inner_val
ISIC_2669526,0,0.020726994,inner_val
ISIC_2671817,0,0.031995256,inner_val
ISIC_2673511,0,0.009792005,inner_val
ISIC_2673871,0,0.0035186184,inner_val
ISIC_2680689,0,0.010492843,inner_val
ISIC_2683083,0,0.0078177005,inner_val
ISIC_2684246,0,0.0028853442,inner_val
ISIC_2688897,0,0.0009753722,inner_val
ISIC_2694383,0,0.059654336,inner_val
ISIC_2696646,0,0.0016705451,inner_val
ISIC_2699336,0,0.0019850894,inner_val
ISIC_2706407,0,0.0042585563,inner_val
ISIC_2708737,0,0.00072695944,inner_val
ISIC_2712018,0,0.0008189724,inner_val
ISIC_2715791,0,0.002642903,inner_val
ISIC_2721512,0,0.0138294455,inner_val
ISIC_2726326,0,0.0021850076,inner_val
ISIC_2726665,0,0.025487933,inner_val
ISIC_2727016,0,0.13383566,inner_val
ISIC_2729109,0,0.017781124,inner_val
ISIC_2736625,0,0.0050301556,inner_val
ISIC_2737372,0,0.026653683,inner_val
ISIC_2742503,0,0.00084436033,inner_val
ISIC_2743708,0,0.075535566,inner_val
ISIC_2750991,0,0.006974269,inner_val
ISIC_2752607,0,0.0010278391,inner_val
ISIC_2753279,0,0.014972424,inner_val
ISIC_2755037,0,0.0026837818,inner_val
ISIC_2755395,0,0.0020623684,inner_val
ISIC_2760961,0,0.006753044,inner_val
ISIC_2761440,0,0.2823147,inner_val
ISIC_2762964,0,0.021977002,inner_val
ISIC_2763919,0,0.15084179,inner_val
ISIC_2769835,0,0.059431277,inner_val
ISIC_2774435,0,0.0116517255,inner_val
ISIC_2779357,0,0.010428121,inner_val
ISIC_2779787,0,0.004661703,inner_val
ISIC_2779797,0,0.009787346,inner_val
ISIC_2780122,0,0.035553142,inner_val
ISIC_2783331,0,0.0012358204,inner_val
ISIC_2783810,0,0.0009897613,inner_val
ISIC_2784664,0,0.012386706,inner_val
ISIC_2788026,0,0.010022532,inner_val
ISIC_2791338,0,0.0056674513,inner_val
ISIC_2792035,0,0.0045315363,inner_val
ISIC_2792248,0,0.020135533,inner_val
ISIC_2798100,0,0.041613497,inner_val
ISIC_2799447,0,0.0058645457,inner_val
ISIC_2804023,0,0.0038105007,inner_val
ISIC_2805573,0,0.00011548916,inner_val
ISIC_2809103,0,0.06542739,inner_val
ISIC_2818042,0,0.006920488,inner_val
ISIC_2819798,0,0.0061267987,inner_val
ISIC_2822718,1,0.052647103,inner_val
ISIC_2824970,0,0.01075567,inner_val
ISIC_2827098,0,0.0011691215,inner_val
ISIC_2829414,0,0.0025330756,inner_val
ISIC_2830887,0,0.084263854,inner_val
ISIC_2841488,0,0.0006799086,inner_val
ISIC_2842532,0,0.00057833345,inner_val
ISIC_2845104,0,0.07395018,inner_val
ISIC_2847555,0,0.0015007586,inner_val
ISIC_2854416,0,0.013559784,inner_val
ISIC_2855052,0,0.04700024,inner_val
ISIC_2859888,0,0.0050817197,inner_val
ISIC_2860800,0,0.0025109344,inner_val
ISIC_2872107,0,0.0010284833,inner_val
ISIC_2885265,0,0.0048777754,inner_val
ISIC_2887668,0,0.0021605303,inner_val
ISIC_2892593,0,0.029197207,inner_val
ISIC_2893340,0,0.0042479523,inner_val
ISIC_2897249,0,0.0005955373,inner_val
ISIC_2900048,0,0.0073032477,inner_val
ISIC_2900357,0,0.0129454,inner_val
ISIC_2901605,0,0.012085534,inner_val
ISIC_2902504,0,0.04281647,inner_val
ISIC_2904884,0,0.0010448084,inner_val
ISIC_2916677,0,0.07028138,inner_val
ISIC_2932886,0,0.10395809,inner_val
ISIC_2933202,0,0.013487104,inner_val
ISIC_2939356,0,0.0012411146,inner_val
ISIC_2940763,0,0.109523855,inner_val
ISIC_2941560,0,0.004258534,inner_val
ISIC_2944487,0,0.0028995574,inner_val
ISIC_2948811,0,0.015206313,inner_val
ISIC_2953962,0,0.062012777,inner_val
ISIC_2956763,0,0.0017232865,inner_val
ISIC_2957732,1,0.011494623,inner_val
ISIC_2959719,0,0.034471907,inner_val
ISIC_2960377,0,0.050577868,inner_val
ISIC_2963464,0,0.09638541,inner_val
ISIC_2968532,0,0.036175646,inner_val
ISIC_2969968,0,0.005103064,inner_val
ISIC_2977144,0,0.0029339765,inner_val
ISIC_2978592,0,0.0022545166,inner_val
ISIC_2981881,0,0.0003279724,inner_val
ISIC_2981912,0,0.090694815,inner_val
ISIC_2982945,0,0.004502569,inner_val
ISIC_2985724,0,0.0067920582,inner_val
ISIC_2987630,0,0.006271587,inner_val
ISIC_2988460,0,0.0021822294,inner_val
ISIC_2988753,0,0.0042530517,inner_val
ISIC_2988832,0,0.0014635392,inner_val
ISIC_2988993,0,0.020372266,inner_val
ISIC_2989918,0,0.0007400273,inner_val
ISIC_2994772,0,0.00046470447,inner_val
ISIC_2997601,0,0.0071111056,inner_val
ISIC_3001328,0,0.003216914,inner_val
ISIC_3001380,0,0.00069726247,inner_val
ISIC_3005651,0,0.03949016,inner_val
ISIC_3006101,0,0.01632437,inner_val
ISIC_3006279,0,0.00949731,inner_val
ISIC_3006507,0,0.0006437117,inner_val
ISIC_3010550,0,0.00082220376,inner_val
ISIC_3012305,0,0.008674259,inner_val
ISIC_3019041,0,0.02012163,inner_val
ISIC_3025329,0,0.0058467085,inner_val
ISIC_3025780,0,0.006607735,inner_val
ISIC_3026023,0,0.078057714,inner_val
ISIC_3026660,0,0.03060465,inner_val
ISIC_3028705,0,0.024772303,inner_val
ISIC_3030065,0,0.0051740767,inner_val
ISIC_3037890,0,0.009599714,inner_val
ISIC_3038869,0,0.015016617,inner_val
ISIC_3039707,0,0.023475548,inner_val
ISIC_3045537,0,0.0025163132,inner_val
ISIC_3049028,0,0.0034673312,inner_val
ISIC_3049301,0,0.044430945,inner_val
ISIC_3056509,0,0.0004754966,inner_val
ISIC_3064103,0,0.0011618558,inner_val
ISIC_3064807,0,0.0027578492,inner_val
ISIC_3065253,0,0.0017646293,inner_val
ISIC_3067949,0,0.07179806,inner_val
ISIC_3072343,0,0.0010008286,inner_val
ISIC_3085239,0,0.001820456,inner_val
ISIC_3087433,0,0.0020852843,inner_val
ISIC_3089119,0,0.0069393516,inner_val
ISIC_3090246,0,0.00051138806,inner_val
ISIC_3090826,0,0.027601866,inner_val
ISIC_3091457,0,0.009957814,inner_val
ISIC_3097253,0,0.022351425,inner_val
ISIC_3099438,0,0.06886266,inner_val
ISIC_3105924,0,0.0086837355,inner_val
ISIC_3111591,0,0.049837016,inner_val
ISIC_3113485,0,0.014584957,inner_val
ISIC_3115419,0,0.0710834,inner_val
ISIC_3116288,0,0.012125114,inner_val
ISIC_3116777,0,0.006210267,inner_val
ISIC_3118435,0,0.003684608,inner_val
ISIC_3121451,0,0.045449648,inner_val
ISIC_3131292,0,0.011378164,inner_val
ISIC_3132378,0,0.02591357,inner_val
ISIC_3140022,0,0.00015557179,inner_val
ISIC_3146092,0,0.004484447,inner_val
ISIC_3152305,0,0.1593858,inner_val
ISIC_3154509,0,0.0032270995,inner_val
ISIC_3155003,0,0.0009004218,inner_val
ISIC_3158860,0,0.0787444,inner_val
ISIC_3165425,0,0.0023776032,inner_val
ISIC_3169566,0,0.008991702,inner_val
ISIC_3170155,0,0.0034441785,inner_val
ISIC_3171941,0,0.07745862,inner_val
ISIC_3175883,0,0.012425213,inner_val
ISIC_3178212,0,0.0014659147,inner_val
ISIC_3181899,0,0.003772441,inner_val
ISIC_3182374,0,0.0026643695,inner_val
ISIC_3183794,0,0.0045192516,inner_val
ISIC_3185664,0,0.14619447,inner_val
ISIC_3193988,0,0.054777622,inner_val
ISIC_3197069,0,0.005564783,inner_val
ISIC_3198071,0,0.034533538,inner_val
ISIC_3198731,0,0.0005767728,inner_val
ISIC_3204481,0,0.0030403764,inner_val
ISIC_3209641,0,0.02167213,inner_val
ISIC_3210728,0,0.0044255406,inner_val
ISIC_3213318,0,0.0024636774,inner_val
ISIC_3213469,0,0.016704932,inner_val
ISIC_3216482,0,0.06760071,inner_val
ISIC_3217061,0,0.005713284,inner_val
ISIC_3218227,0,0.0024923296,inner_val
ISIC_3219662,0,0.0014456296,inner_val
ISIC_3228186,0,0.0057913167,inner_val
ISIC_3228711,0,0.028096927,inner_val
ISIC_3230575,0,0.0014632626,inner_val
ISIC_3232811,0,0.09601221,inner_val
ISIC_3234816,0,0.005397973,inner_val
ISIC_3237290,0,0.00443197,inner_val
ISIC_3237364,0,0.014473886,inner_val
ISIC_3241558,0,0.029018408,inner_val
ISIC_3242165,0,0.002151424,inner_val
ISIC_3245980,0,0.023064485,inner_val
ISIC_3249783,0,0.0014597435,inner_val
ISIC_3249958,0,0.0004755863,inner_val
ISIC_3254309,0,0.02523813,inner_val
ISIC_3262171,0,0.07408474,inner_val
ISIC_3264096,0,0.036288332,inner_val
ISIC_3265748,0,0.009543273,inner_val
ISIC_3267036,0,0.037701998,inner_val
ISIC_3270831,0,0.005902549,inner_val
ISIC_3272155,0,0.04269316,inner_val
ISIC_3272526,0,0.01599639,inner_val
ISIC_3274103,0,0.0038765064,inner_val
ISIC_3288502,0,0.00618106,inner_val
ISIC_3292196,0,0.008230222,inner_val
ISIC_3292959,0,0.0054085436,inner_val
ISIC_3298707,0,0.024110213,inner_val
ISIC_3301163,0,0.0011044414,inner_val
ISIC_3304293,0,0.0011526028,inner_val
ISIC_3304982,0,0.19989465,inner_val
ISIC_3307751,0,0.0031446097,inner_val
ISIC_3309001,0,0.06997913,inner_val
ISIC_3312574,0,0.02503596,inner_val
ISIC_3315810,0,0.00064143963,inner_val
ISIC_3316665,0,0.029036038,inner_val
ISIC_3330852,0,0.018430045,inner_val
ISIC_3338703,0,0.011406874,inner_val
ISIC_3338730,0,0.05807629,inner_val
ISIC_3340180,0,0.003028559,inner_val
ISIC_3342553,0,0.0205224,inner_val
ISIC_3343475,1,0.035923287,inner_val
ISIC_3343918,0,0.017996978,inner_val
ISIC_3346045,0,0.011223538,inner_val
ISIC_3347362,0,0.003306881,inner_val
ISIC_3351500,0,0.002227053,inner_val
ISIC_3356497,0,0.001782892,inner_val
ISIC_3357399,0,0.020152342,inner_val
ISIC_3359880,1,0.06498213,inner_val
ISIC_3360137,0,0.02914246,inner_val
ISIC_3366868,0,0.030175418,inner_val
ISIC_3371318,0,0.0019735545,inner_val
ISIC_3371722,0,0.03356858,inner_val
ISIC_3372918,0,0.00823953,inner_val
ISIC_3374172,0,0.0016513845,inner_val
ISIC_3380750,0,0.00803432,inner_val
ISIC_3383093,0,0.018672258,inner_val
ISIC_3384884,0,0.00018003708,inner_val
ISIC_3385712,0,0.0012004714,inner_val
ISIC_3385846,0,0.0033156923,inner_val
ISIC_3386395,0,0.039710347,inner_val
ISIC_3387470,0,0.00050407933,inner_val
ISIC_3391100,0,0.015247813,inner_val
ISIC_3397963,0,0.05221769,inner_val
ISIC_3398017,0,0.012107935,inner_val
ISIC_3402778,0,0.001133236,inner_val
ISIC_3404606,0,0.017293708,inner_val
ISIC_3406519,0,0.012301064,inner_val
ISIC_3408742,0,0.0022105784,inner_val
ISIC_3410459,0,0.001788816,inner_val
ISIC_3418153,0,0.012797283,inner_val
ISIC_3418447,0,0.009466753,inner_val
ISIC_3425831,0,0.0035625123,inner_val
ISIC_3437036,0,0.0016925707,inner_val
ISIC_3440004,0,0.005803465,inner_val
ISIC_3440583,0,0.0011278457,inner_val
ISIC_3440693,0,0.13566656,inner_val
ISIC_3442539,0,0.010035072,inner_val
ISIC_3442691,0,0.0030160719,inner_val
ISIC_3444192,0,0.020832784,inner_val
ISIC_3447331,0,0.013229686,inner_val
ISIC_3448546,0,0.0030285104,inner_val
ISIC_3455285,0,0.0022257417,inner_val
ISIC_3455595,0,0.0020179565,inner_val
ISIC_3458811,0,0.005161408,inner_val
ISIC_3460537,0,0.16119292,inner_val
ISIC_3479903,0,0.0019364043,inner_val
ISIC_3481078,0,0.0010145265,inner_val
ISIC_3481133,0,0.03292158,inner_val
ISIC_3481768,0,0.23212785,inner_val
ISIC_3484988,0,0.0023118728,inner_val
ISIC_3485069,0,0.005124086,inner_val
ISIC_3485583,0,0.024426227,inner_val
ISIC_3485981,0,0.11024157,inner_val
ISIC_3495113,0,0.002654291,inner_val
ISIC_3495799,0,0.0016732144,inner_val
ISIC_3499223,0,0.00024942818,inner_val
ISIC_3500673,0,0.004316378,inner_val
ISIC_3501997,0,0.03712771,inner_val
ISIC_3503302,0,0.005549962,inner_val
ISIC_3507198,0,0.021336295,inner_val
ISIC_3510802,0,0.044912945,inner_val
ISIC_3516857,0,0.049181283,inner_val
ISIC_3518299,0,0.00095913175,inner_val
ISIC_3518444,0,0.0051691164,inner_val
ISIC_3521671,0,0.0024022928,inner_val
ISIC_3522874,0,0.0014888012,inner_val
ISIC_3528120,0,0.03116044,inner_val
ISIC_3531277,0,0.0695656,inner_val
ISIC_3532397,0,0.0007053999,inner_val
ISIC_3533204,0,0.004926766,inner_val
ISIC_3536231,0,0.042848922,inner_val
ISIC_3536848,0,0.038143016,inner_val
ISIC_3537191,0,0.0033310985,inner_val
ISIC_3537571,0,0.040276043,inner_val
ISIC_3538402,0,0.0137899155,inner_val
ISIC_3542273,0,0.0069850767,inner_val
ISIC_3551685,0,0.0022741086,inner_val
ISIC_3557706,0,0.012324538,inner_val
ISIC_3559215,0,0.012298903,inner_val
ISIC_3560566,0,0.02374357,inner_val
ISIC_3561539,0,0.011082545,inner_val
ISIC_3562461,0,0.0025338093,inner_val
ISIC_3562968,0,0.0070568286,inner_val
ISIC_3565508,0,0.031911116,inner_val
ISIC_3566897,0,0.014218268,inner_val
ISIC_3569965,0,0.0002766755,inner_val
ISIC_3573323,0,0.0071132174,inner_val
ISIC_3575814,0,0.09028744,inner_val
ISIC_3583880,0,0.0024926555,inner_val
ISIC_3585381,0,0.0048957765,inner_val
ISIC_3585737,0,0.034807146,inner_val
ISIC_3591025,0,0.0006788921,inner_val
ISIC_3592022,0,0.0030850763,inner_val
ISIC_3596927,0,0.0007814674,inner_val
ISIC_3601744,0,0.013083531,inner_val
ISIC_3605210,0,0.0065552006,inner_val
ISIC_3609081,0,0.0039335345,inner_val
ISIC_3611014,0,0.00040396437,inner_val
ISIC_3612630,0,0.005524964,inner_val
ISIC_3615391,0,0.003954363,inner_val
ISIC_3617159,0,0.0076815784,inner_val
ISIC_3617229,0,0.0003516452,inner_val
ISIC_3619052,0,0.014304485,inner_val
ISIC_3619200,0,0.002823433,inner_val
ISIC_3629278,0,0.019588565,inner_val
ISIC_3629614,0,0.005374439,inner_val
ISIC_3635602,0,0.0032969506,inner_val
ISIC_3640675,0,0.005240658,inner_val
ISIC_3643861,0,0.0059113377,inner_val
ISIC_3649113,0,0.003106763,inner_val
ISIC_3651274,0,0.023396278,inner_val
ISIC_3653492,0,0.0048234113,inner_val
ISIC_3654454,0,0.056206394,inner_val
ISIC_3659739,0,0.0005698357,inner_val
ISIC_3665147,0,0.027058342,inner_val
ISIC_3667693,0,0.0028427583,inner_val
ISIC_3669954,0,0.023772955,inner_val
ISIC_3671424,0,0.0145443315,inner_val
ISIC_3677336,0,0.017170519,inner_val
ISIC_3684488,1,0.035602048,inner_val
ISIC_3686322,0,0.004121163,inner_val
ISIC_3686329,0,0.0005210698,inner_val
ISIC_3703990,0,0.0014357141,inner_val
ISIC_3704492,0,0.00033263693,inner_val
ISIC_3706506,0,0.0029938025,inner_val
ISIC_3707185,0,0.11285425,inner_val
ISIC_3707360,0,0.048084296,inner_val
ISIC_3708400,0,0.0013936663,inner_val
ISIC_3720096,0,0.0010459068,inner_val
ISIC_3720748,0,0.0056957146,inner_val
ISIC_3726355,0,0.026714131,inner_val
ISIC_3728170,0,0.0631937,inner_val
ISIC_3731040,0,0.0008180244,inner_val
ISIC_3733131,0,0.00067055464,inner_val
ISIC_3743283,0,0.0040336074,inner_val
ISIC_3743409,0,0.0023597865,inner_val
ISIC_3745639,0,0.012962807,inner_val
ISIC_3751001,0,0.069479465,inner_val
ISIC_3757997,0,0.0075120986,inner_val
ISIC_3760096,0,0.0004715534,inner_val
ISIC_3765394,0,0.012698098,inner_val
ISIC_3768701,0,0.0043164706,inner_val
ISIC_3768748,0,0.001583471,inner_val
ISIC_3769211,0,0.061492223,inner_val
ISIC_3769485,0,0.011310698,inner_val
ISIC_3771814,0,0.0022099004,inner_val
ISIC_3780571,0,0.002293806,inner_val
ISIC_3783114,0,0.00029563814,inner_val
ISIC_3787558,0,0.019324332,inner_val
ISIC_3801938,0,0.07996856,inner_val
ISIC_3802785,0,0.0023715722,inner_val
ISIC_3802812,0,0.037430387,inner_val
ISIC_3805329,0,0.0020814657,inner_val
ISIC_3808474,0,0.0042237407,inner_val
ISIC_3809762,0,0.27937558,inner_val
ISIC_3812918,0,0.012727099,inner_val
ISIC_3816570,0,0.0011239005,inner_val
ISIC_3816833,0,0.002075324,inner_val
ISIC_3829609,0,0.0032831375,inner_val
ISIC_3833253,0,0.0018391397,inner_val
ISIC_3841073,0,0.0025948652,inner_val
ISIC_3844839,0,0.024891876,inner_val
ISIC_3846236,0,0.00065446075,inner_val
ISIC_3854244,0,0.004975476,inner_val
ISIC_3859689,0,0.00520546,inner_val
ISIC_3860032,0,0.007978383,inner_val
ISIC_3861343,0,0.0064432565,inner_val
ISIC_3862621,0,0.0002555677,inner_val
ISIC_3863276,0,0.0059159487,inner_val
ISIC_3865503,0,0.005637053,inner_val
ISIC_3868370,0,0.01666515,inner_val
ISIC_3871153,0,0.0056973323,inner_val
ISIC_3874043,0,0.0009703411,inner_val
ISIC_3875681,0,0.035664886,inner_val
ISIC_3877643,0,0.027655719,inner_val
ISIC_3884221,0,0.054031476,inner_val
ISIC_3890800,0,0.021128805,inner_val
ISIC_3890835,0,0.009835561,inner_val
ISIC_3908910,0,0.0068268673,inner_val
ISIC_3909039,1,0.02817143,inner_val
ISIC_3911850,0,0.0006251161,inner_val
ISIC_3917053,0,0.004424642,inner_val
ISIC_3917284,0,0.0019439649,inner_val
ISIC_3917306,0,0.006966167,inner_val
ISIC_3918592,0,0.006359773,inner_val
ISIC_3934537,0,0.006383583,inner_val
ISIC_3939820,0,0.28557903,inner_val
ISIC_3941147,0,0.0022240407,inner_val
ISIC_3944634,1,0.0081280945,inner_val
ISIC_3945529,0,0.03418134,inner_val
ISIC_3955379,0,0.025327686,inner_val
ISIC_3961380,0,0.07064993,inner_val
ISIC_3965087,1,0.046977855,inner_val
ISIC_3967213,0,0.0028215488,inner_val
ISIC_3967953,0,0.00075567816,inner_val
ISIC_3969411,1,0.30032,inner_val
ISIC_3971830,0,0.0006861453,inner_val
ISIC_3979225,0,0.0054963334,inner_val
ISIC_3992028,0,0.0061648805,inner_val
ISIC_3992996,0,0.0038843565,inner_val
ISIC_3999125,0,0.023358034,inner_val
ISIC_4001269,0,0.012601552,inner_val
ISIC_4001815,0,0.019777799,inner_val
ISIC_4004269,0,0.009884069,inner_val
ISIC_4013692,0,0.003208201,inner_val
ISIC_4015349,0,0.0033080068,inner_val
ISIC_4018952,0,0.00057472044,inner_val
ISIC_4020689,0,0.13659187,inner_val
ISIC_4022788,0,0.005026694,inner_val
ISIC_4024692,0,0.038736142,inner_val
ISIC_4026806,0,0.0024746787,inner_val
ISIC_4029055,0,0.0014822304,inner_val
ISIC_4031777,0,0.012851093,inner_val
ISIC_4033523,0,0.043640193,inner_val
ISIC_4037228,0,0.008869413,inner_val
ISIC_4038942,0,0.0012964797,inner_val
ISIC_4041169,0,0.0037137114,inner_val
ISIC_4044272,0,0.0042263386,inner_val
ISIC_4052586,0,0.015848247,inner_val
ISIC_4055833,0,0.002265336,inner_val
ISIC_4056708,0,0.01204826,inner_val
ISIC_4066707,0,0.0013666995,inner_val
ISIC_4071351,0,0.01575952,inner_val
ISIC_4072221,0,0.048073467,inner_val
ISIC_4073281,0,0.00060603383,inner_val
ISIC_4077252,0,0.020045059,inner_val
ISIC_4077798,0,0.0011648462,inner_val
ISIC_4080292,0,0.02567432,inner_val
ISIC_4085644,0,0.054116685,inner_val
ISIC_4086726,0,0.013120142,inner_val
ISIC_4087028,0,0.034447853,inner_val
ISIC_4096361,0,0.0058261235,inner_val
ISIC_4097632,0,0.0021870814,inner_val
ISIC_4101596,0,0.026199592,inner_val
ISIC_4102774,0,0.002231048,inner_val
ISIC_4107250,0,0.0078324685,inner_val
ISIC_4107574,0,0.0050907345,inner_val
ISIC_4107717,0,0.009961923,inner_val
ISIC_4108397,0,0.004641002,inner_val
ISIC_4110296,0,0.00084481825,inner_val
ISIC_4123491,0,0.012757386,inner_val
ISIC_4126822,0,0.0016987757,inner_val
ISIC_4130540,0,0.0023738805,inner_val
ISIC_4131810,0,0.1302074,inner_val
ISIC_4131961,0,0.001432259,inner_val
ISIC_4134969,0,0.003903926,inner_val
ISIC_4136351,0,0.0014403234,inner_val
ISIC_4137093,0,0.010717378,inner_val
ISIC_4137694,0,0.0054591447,inner_val
ISIC_4137821,0,0.009740735,inner_val
ISIC_4146342,0,0.014305522,inner_val
ISIC_4149704,0,0.0043261442,inner_val
ISIC_4155780,0,0.00087945536,inner_val
ISIC_4157237,0,0.006355628,inner_val
ISIC_4158984,0,0.047204185,inner_val
ISIC_4159621,0,0.00038686563,inner_val
ISIC_4162354,0,0.004484287,inner_val
ISIC_4162774,0,0.0019246709,inner_val
ISIC_4167726,0,0.025835963,inner_val
ISIC_4171787,0,0.06188974,inner_val
ISIC_4177761,0,0.0033688804,inner_val
ISIC_4178745,0,0.002406937,inner_val
ISIC_4180373,0,0.0030680427,inner_val
ISIC_4180497,0,0.012048856,inner_val
ISIC_4181530,0,0.0018724041,inner_val
ISIC_4184100,0,0.022113001,inner_val
ISIC_4184433,0,0.0059938887,inner_val
ISIC_4188644,0,0.036104914,inner_val
ISIC_4189111,0,0.021458847,inner_val
ISIC_4190706,0,0.0072754305,inner_val
ISIC_4190910,0,0.014941619,inner_val
ISIC_4192466,0,0.024625396,inner_val
ISIC_4198984,0,0.004207629,inner_val
ISIC_4200673,0,0.008683641,inner_val
ISIC_4201327,0,0.016585244,inner_val
ISIC_4202054,0,0.07553131,inner_val
ISIC_4204880,0,0.027113708,inner_val
ISIC_4205922,0,0.0012924629,inner_val
ISIC_4207079,0,0.0678882,inner_val
ISIC_4210740,0,0.0024275687,inner_val
ISIC_4212454,0,0.07099387,inner_val
ISIC_4215060,0,0.001362991,inner_val
ISIC_4220010,0,0.0029800297,inner_val
ISIC_4230432,0,0.0060130763,inner_val
ISIC_4232370,0,0.002700588,inner_val
ISIC_4235215,0,0.0013945578,inner_val
ISIC_4236274,0,0.00044745783,inner_val
ISIC_4238548,0,0.0010573328,inner_val
ISIC_4242504,0,0.013652905,inner_val
ISIC_4247204,0,0.013494182,inner_val
ISIC_4247853,0,0.0010366614,inner_val
ISIC_4255923,0,0.0014658113,inner_val
ISIC_4257799,0,0.012031524,inner_val
ISIC_4263017,0,0.02724814,inner_val
ISIC_4264358,0,0.0017584236,inner_val
ISIC_4264826,0,0.009842289,inner_val
ISIC_4266455,0,0.0065080733,inner_val
ISIC_4266467,0,0.009132357,inner_val
ISIC_4267177,0,0.01883305,inner_val
ISIC_4271377,0,0.014037225,inner_val
ISIC_4276528,0,0.003255054,inner_val
ISIC_4276933,0,0.0030263714,inner_val
ISIC_4282579,0,0.015732428,inner_val
ISIC_4291750,0,0.003668786,inner_val
ISIC_4293652,0,0.0027457192,inner_val
ISIC_4295092,0,0.025736272,inner_val
ISIC_4307490,0,0.0017229904,inner_val
ISIC_4311436,0,0.008334214,inner_val
ISIC_4311858,0,0.0004047436,inner_val
ISIC_4316571,0,0.18350685,inner_val
ISIC_4324879,0,0.003254913,inner_val
ISIC_4327071,0,0.011619174,inner_val
ISIC_4329544,0,0.0023544566,inner_val
ISIC_4337318,0,0.047367185,inner_val
ISIC_4341261,0,0.0038423452,inner_val
ISIC_4344995,0,0.0020292057,inner_val
ISIC_4348579,0,0.007934686,inner_val
ISIC_4351306,0,0.017039128,inner_val
ISIC_4354772,0,0.062956765,inner_val
ISIC_4355229,0,0.009204106,inner_val
ISIC_4356872,0,0.009645515,inner_val
ISIC_4360908,0,0.003688675,inner_val
ISIC_4361405,0,0.06934705,inner_val
ISIC_4363603,0,0.001637086,inner_val
ISIC_4366032,0,0.0024908658,inner_val
ISIC_4369805,0,0.006075895,inner_val
ISIC_4373429,0,0.06813933,inner_val
ISIC_4373835,0,0.002014344,inner_val
ISIC_4375870,0,0.012605895,inner_val
ISIC_4377059,0,0.05046941,inner_val
ISIC_4377245,0,0.13970645,inner_val
ISIC_4379788,0,0.013576332,inner_val
ISIC_4382115,0,0.0077634957,inner_val
ISIC_4387517,0,0.0006682016,inner_val
ISIC_4387797,0,0.02053165,inner_val
ISIC_4387858,0,0.031232225,inner_val
ISIC_4388949,0,0.008821364,inner_val
ISIC_4392916,0,0.0012180872,inner_val
ISIC_4396553,0,0.014686056,inner_val
ISIC_4400664,0,0.008846125,inner_val
ISIC_4401014,0,0.043034397,inner_val
ISIC_4404649,0,0.025175074,inner_val
ISIC_4404893,0,0.0021535882,inner_val
ISIC_4409266,0,0.010939318,inner_val
ISIC_4417495,0,0.014629706,inner_val
ISIC_4425322,1,0.08050818,inner_val
ISIC_4426345,0,0.0036037879,inner_val
ISIC_4431858,0,0.0057184002,inner_val
ISIC_4433832,0,0.09408774,inner_val
ISIC_4434040,0,0.10904323,inner_val
ISIC_4434947,0,0.0009727594,inner_val
ISIC_4442900,0,0.013324139,inner_val
ISIC_4452168,0,0.01754411,inner_val
ISIC_4455413,0,0.0021063525,inner_val
ISIC_4458567,0,0.027151758,inner_val
ISIC_4461785,0,0.020733807,inner_val
ISIC_4462821,0,0.007947631,inner_val
ISIC_4462870,0,0.12488968,inner_val
ISIC_4463126,0,0.004309465,inner_val
ISIC_4463837,0,0.018672634,inner_val
ISIC_4464935,0,0.0015700004,inner_val
ISIC_4465529,0,0.05501788,inner_val
ISIC_4468439,0,0.0015562492,inner_val
ISIC_4470123,0,0.0076346737,inner_val
ISIC_4475297,0,0.07891052,inner_val
ISIC_4475489,0,0.016834816,inner_val
ISIC_4482610,0,0.007973468,inner_val
ISIC_4484966,0,0.009914461,inner_val
ISIC_4487081,0,0.0044096364,inner_val
ISIC_4495210,0,0.0054588607,inner_val
ISIC_4500287,0,0.010636813,inner_val
ISIC_4506518,0,0.0005274862,inner_val
ISIC_4512260,0,0.05669005,inner_val
ISIC_4525243,0,0.007712872,inner_val
ISIC_4526991,0,0.07130588,inner_val
ISIC_4535809,0,0.0028109218,inner_val
ISIC_4538207,0,0.0004908688,inner_val
ISIC_4538489,0,0.004544878,inner_val
ISIC_4540903,0,0.001161971,inner_val
ISIC_4542016,0,0.0013399024,inner_val
ISIC_4545553,0,0.014695361,inner_val
ISIC_4547887,0,0.007469886,inner_val
ISIC_4548346,0,0.01886632,inner_val
ISIC_4548632,0,0.00013965738,inner_val
ISIC_4555461,0,0.0015068988,inner_val
ISIC_4560338,0,0.0066466355,inner_val
ISIC_4560763,0,0.001774263,inner_val
ISIC_4560814,0,0.022692448,inner_val
ISIC_4564048,0,0.0048844507,inner_val
ISIC_4565254,0,0.0010713005,inner_val
ISIC_4565708,0,0.010609348,inner_val
ISIC_4574346,0,0.002046685,inner_val
ISIC_4574865,0,0.00041790516,inner_val
ISIC_4575432,0,0.00076286617,inner_val
ISIC_4575717,0,0.0048069227,inner_val
ISIC_4581058,0,0.0215352,inner_val
ISIC_4587506,0,0.007426833,inner_val
ISIC_4593792,0,0.0035817944,inner_val
ISIC_4594429,0,0.0039270106,inner_val
ISIC_4594995,0,0.0025138573,inner_val
ISIC_4595555,0,0.09083764,inner_val
ISIC_4599730,0,0.0031774822,inner_val
ISIC_4604137,0,0.01734,inner_val
ISIC_4610204,0,0.035865508,inner_val
ISIC_4610907,0,0.029020946,inner_val
ISIC_4620192,0,0.008884458,inner_val
ISIC_4621548,0,0.024364125,inner_val
ISIC_4622079,0,0.00091212866,inner_val
ISIC_4622902,0,0.0009656478,inner_val
ISIC_4624973,0,0.09024751,inner_val
ISIC_4626159,0,0.027438356,inner_val
ISIC_4628654,0,0.014254297,inner_val
ISIC_4633003,0,0.006318827,inner_val
ISIC_4636434,0,0.078375086,inner_val
ISIC_4647398,0,0.00046614037,inner_val
ISIC_4647804,0,0.002678089,inner_val
ISIC_4648561,0,0.008536599,inner_val
ISIC_4650236,0,0.011275293,inner_val
ISIC_4654808,0,0.4300916,inner_val
ISIC_4659494,0,0.024479387,inner_val
ISIC_4660078,0,0.0060110614,inner_val
ISIC_4663883,0,0.03206668,inner_val
ISIC_4668001,0,0.043812316,inner_val
ISIC_4669070,0,0.023327777,inner_val
ISIC_4670831,0,0.00866589,inner_val
ISIC_4672131,0,0.0054110065,inner_val
ISIC_4672918,0,0.027965702,inner_val
ISIC_4674378,0,0.0057764794,inner_val
ISIC_4676270,1,0.07553891,inner_val
ISIC_4679492,0,0.0018370751,inner_val
ISIC_4683695,0,0.0019501694,inner_val
ISIC_4684424,0,0.0012401857,inner_val
ISIC_4684714,0,0.015584073,inner_val
ISIC_4688253,0,0.0038764863,inner_val
ISIC_4691943,0,0.047769807,inner_val
ISIC_4694634,0,0.00043663871,inner_val
ISIC_4695916,0,0.0014799075,inner_val
ISIC_4695963,0,0.007881466,inner_val
ISIC_4697037,0,0.00093064987,inner_val
ISIC_4700532,0,0.009067454,inner_val
ISIC_4701063,0,0.02041682,inner_val
ISIC_4702027,0,0.0025299655,inner_val
ISIC_4704470,0,0.00092969765,inner_val
ISIC_4707552,0,0.014479029,inner_val
ISIC_4709945,0,0.019342404,inner_val
ISIC_4711662,0,0.026592514,inner_val
ISIC_4723378,0,0.031934347,inner_val
ISIC_4724738,0,0.004305782,inner_val
ISIC_4725367,0,0.07887418,inner_val
ISIC_4725762,0,0.0063085,inner_val
ISIC_4727450,0,0.009410082,inner_val
ISIC_4728968,0,0.015154103,inner_val
ISIC_4735706,0,0.021254344,inner_val
ISIC_4735959,0,0.071852826,inner_val
ISIC_4738641,0,0.0074289916,inner_val
ISIC_4739594,0,0.001246448,inner_val
ISIC_4742252,0,0.010649269,inner_val
ISIC_4742279,0,0.0016275569,inner_val
ISIC_4745594,0,0.004649786,inner_val
ISIC_4750973,0,0.00086966483,inner_val
ISIC_4751809,0,0.00848108,inner_val
ISIC_4752273,0,0.007269206,inner_val
ISIC_4752289,0,0.0019463643,inner_val
ISIC_4758913,0,0.034790304,inner_val
ISIC_4759062,0,0.0027774044,inner_val
ISIC_4761751,0,0.0026261327,inner_val
ISIC_4763703,0,0.006828713,inner_val
ISIC_4764002,0,0.11114277,inner_val
ISIC_4764292,0,0.0008426812,inner_val
ISIC_4770452,0,0.0012793837,inner_val
ISIC_4770938,0,0.0024628865,inner_val
ISIC_4781140,0,0.009032388,inner_val
ISIC_4783750,0,0.008198132,inner_val
ISIC_4787698,0,0.0048846984,inner_val
ISIC_4791589,0,0.010512829,inner_val
ISIC_4792446,0,0.13394935,inner_val
ISIC_4797654,0,0.03615891,inner_val
ISIC_4799881,0,0.039259937,inner_val
ISIC_4805419,0,0.002748269,inner_val
ISIC_4811165,0,0.39913476,inner_val
ISIC_4820549,0,0.008388917,inner_val
ISIC_4821865,0,0.0017992029,inner_val
ISIC_4824758,0,0.0033597078,inner_val
ISIC_4827954,0,0.003908274,inner_val
ISIC_4833252,0,0.0017140557,inner_val
ISIC_4836699,0,0.16418302,inner_val
ISIC_4836861,0,0.002920498,inner_val
ISIC_4838394,0,0.0032232015,inner_val
ISIC_4841705,0,0.0050961347,inner_val
ISIC_4846042,0,0.00037341382,inner_val
ISIC_4850178,0,0.0016115168,inner_val
ISIC_4851366,1,0.051737513,inner_val
ISIC_4851652,0,0.006651801,inner_val
ISIC_4853597,0,0.038355395,inner_val
ISIC_4854794,0,0.0031719876,inner_val
ISIC_4855054,0,0.004089229,inner_val
ISIC_4865746,0,0.0061226967,inner_val
ISIC_4867043,0,0.00073512824,inner_val
ISIC_4869844,0,0.010013316,inner_val
ISIC_4870701,0,0.017027916,inner_val
ISIC_4873045,0,0.00082880654,inner_val
ISIC_4874266,0,0.0010357808,inner_val
ISIC_4877382,0,0.045565274,inner_val
ISIC_4878779,0,0.001744022,inner_val
ISIC_4883688,0,0.0009525884,inner_val
ISIC_4887403,0,0.009926539,inner_val
ISIC_4897895,0,0.0016982687,inner_val
ISIC_4899386,0,0.0068595735,inner_val
ISIC_4899689,0,0.0028578045,inner_val
ISIC_4904405,0,0.011738081,inner_val
ISIC_4904912,0,0.025851576,inner_val
ISIC_4913284,0,0.0009120578,inner_val
ISIC_4919198,0,0.0004126803,inner_val
ISIC_4922651,0,0.0110955285,inner_val
ISIC_4923095,0,0.018266825,inner_val
ISIC_4925442,0,0.072855316,inner_val
ISIC_4926099,0,0.0030158837,inner_val
ISIC_4927075,0,0.1292785,inner_val
ISIC_4927560,0,0.02021722,inner_val
ISIC_4927573,0,0.0018353715,inner_val
ISIC_4927943,0,0.010418196,inner_val
ISIC_4928553,0,0.0091313515,inner_val
ISIC_4929141,0,0.011414593,inner_val
ISIC_4930558,0,0.0062028705,inner_val
ISIC_4936662,1,0.03043328,inner_val
ISIC_4949846,0,0.02796194,inner_val
ISIC_4950467,0,0.0716222,inner_val
ISIC_4950948,0,0.009855555,inner_val
ISIC_4951557,0,0.016475337,inner_val
ISIC_4956558,0,0.017461102,inner_val
ISIC_4957931,0,0.0021492634,inner_val
ISIC_4959937,0,0.0129324645,inner_val
ISIC_4960406,0,0.0047976593,inner_val
ISIC_4960802,1,0.015526108,inner_val
ISIC_4964532,0,0.050012846,inner_val
ISIC_4965967,0,0.0059703663,inner_val
ISIC_4967164,0,0.01995838,inner_val
ISIC_4967830,0,0.00032200429,inner_val
ISIC_4969372,0,0.015573675,inner_val
ISIC_4973549,0,0.0045007486,inner_val
ISIC_4973666,0,0.0014964716,inner_val
ISIC_4977971,0,0.072621934,inner_val
ISIC_4991633,0,0.002949557,inner_val
ISIC_4994072,0,0.013335934,inner_val
ISIC_4994891,0,0.001092267,inner_val
ISIC_5000359,0,0.007519615,inner_val
ISIC_5003391,0,0.00056290114,inner_val
ISIC_5004291,0,0.0021199207,inner_val
ISIC_5004716,0,0.002819199,inner_val
ISIC_5005961,0,0.0020184615,inner_val
ISIC_5009980,0,0.079916015,inner_val
ISIC_5011583,0,0.007005629,inner_val
ISIC_5013602,0,0.008234415,inner_val
ISIC_5015391,0,0.0030119265,inner_val
ISIC_5018367,0,0.007012606,inner_val
ISIC_5018620,0,0.0022287776,inner_val
ISIC_5026565,0,0.0015778398,inner_val
ISIC_5030989,0,0.11808501,inner_val
ISIC_5031380,0,0.0013328132,inner_val
ISIC_5032047,0,0.0017422653,inner_val
ISIC_5035663,0,0.007863002,inner_val
ISIC_5037370,0,0.007765479,inner_val
ISIC_5037740,0,0.0010253214,inner_val
ISIC_5039708,0,0.004492923,inner_val
ISIC_5041398,0,0.009974361,inner_val
ISIC_5044449,0,0.0048638363,inner_val
ISIC_5044765,0,0.042393625,inner_val
ISIC_5054136,0,0.02001152,inner_val
ISIC_5056170,0,0.0013541926,inner_val
ISIC_5061278,0,0.0236235,inner_val
ISIC_5065157,0,0.0040142015,inner_val
ISIC_5066267,0,0.010302902,inner_val
ISIC_5068221,0,0.22596978,inner_val
ISIC_5070701,0,0.041528102,inner_val
ISIC_5073817,0,0.027386444,inner_val
ISIC_5086676,0,0.0039068605,inner_val
ISIC_5086709,0,0.009739897,inner_val
ISIC_5087331,0,0.027669976,inner_val
ISIC_5091815,0,0.0010927031,inner_val
ISIC_5096338,0,0.025371365,inner_val
ISIC_5096378,0,0.00016045629,inner_val
ISIC_5104795,0,0.17134199,inner_val
ISIC_5106102,0,0.013498929,inner_val
ISIC_5110133,0,0.0032245603,inner_val
ISIC_5111439,0,0.012428577,inner_val
ISIC_5121178,0,0.000807723,inner_val
ISIC_5121498,0,0.001043971,inner_val
ISIC_5122173,0,0.007891619,inner_val
ISIC_5125226,0,0.0014755123,inner_val
ISIC_5125960,0,0.001626165,inner_val
ISIC_5139028,0,0.014742751,inner_val
ISIC_5144730,0,0.010258222,inner_val
ISIC_5145651,0,0.01462968,inner_val
ISIC_5146942,0,0.0009321171,inner_val
ISIC_5147292,1,0.007469084,inner_val
ISIC_5149021,0,0.071446985,inner_val
ISIC_5150141,0,0.004604643,inner_val
ISIC_5151719,0,0.012265469,inner_val
ISIC_5152859,0,0.0015052855,inner_val
ISIC_5156210,0,0.057159312,inner_val
ISIC_5158910,0,0.0011035411,inner_val
ISIC_5164059,0,0.005324472,inner_val
ISIC_5168662,0,0.01476364,inner_val
ISIC_5170323,0,0.0017646695,inner_val
ISIC_5174403,0,0.00868944,inner_val
ISIC_5187457,0,0.0011968173,inner_val
ISIC_5189247,0,0.030438948,inner_val
ISIC_5189963,0,0.00061133155,inner_val
ISIC_5191018,0,0.0032172073,inner_val
ISIC_5192265,0,0.015095339,inner_val
ISIC_5200993,0,0.0135266045,inner_val
ISIC_5204408,0,0.0061283316,inner_val
ISIC_5206080,0,0.003787132,inner_val
ISIC_5207738,0,0.082259186,inner_val
ISIC_5208090,0,0.013246073,inner_val
ISIC_5209769,0,0.022044567,inner_val
ISIC_5220254,0,0.009139859,inner_val
ISIC_5225928,0,0.023616208,inner_val
ISIC_5226018,0,0.0013440198,inner_val
ISIC_5228997,0,0.005326063,inner_val
ISIC_5230371,0,0.0044640317,inner_val
ISIC_5231991,0,0.014372984,inner_val
ISIC_5233406,0,0.002032182,inner_val
ISIC_5236367,0,0.0016211146,inner_val
ISIC_5240035,0,0.006278236,inner_val
ISIC_5242216,0,0.00073165604,inner_val
ISIC_5243831,0,0.0024306376,inner_val
ISIC_5247560,1,0.2251279,inner_val
ISIC_5250674,0,0.0021784576,inner_val
ISIC_5251729,0,0.0014288818,inner_val
ISIC_5260050,1,0.24130876,inner_val
ISIC_5260323,0,0.005349687,inner_val
ISIC_5263419,0,0.015351209,inner_val
ISIC_5265488,0,0.014824878,inner_val
ISIC_5267666,0,0.009868299,inner_val
ISIC_5269776,0,0.05836485,inner_val
ISIC_5272345,0,0.001487666,inner_val
ISIC_5272837,0,0.12273024,inner_val
ISIC_5278844,0,0.0055968845,inner_val
ISIC_5283467,0,0.0024674723,inner_val
ISIC_5288404,0,0.0030116374,inner_val
ISIC_5290109,0,0.024629006,inner_val
ISIC_5299786,0,0.013893635,inner_val
ISIC_5303829,0,0.0012571908,inner_val
ISIC_5309300,0,0.0041405633,inner_val
ISIC_5309726,0,0.0953842,inner_val
ISIC_5311666,0,0.0025742524,inner_val
ISIC_5312909,0,0.005946166,inner_val
ISIC_5317325,0,0.08399825,inner_val
ISIC_5317565,0,0.00596651,inner_val
ISIC_5318217,0,0.0028278008,inner_val
ISIC_5320483,0,0.0014363717,inner_val
ISIC_5321144,0,0.00516691,inner_val
ISIC_5329118,0,0.0019786959,inner_val
ISIC_5329156,0,0.012382443,inner_val
ISIC_5329772,0,0.012350767,inner_val
ISIC_5331210,0,0.003426237,inner_val
ISIC_5332605,0,0.00047458458,inner_val
ISIC_5335049,0,0.041277062,inner_val
ISIC_5335139,0,0.20302616,inner_val
ISIC_5335353,0,0.0027387373,inner_val
ISIC_5339620,0,0.0015185175,inner_val
ISIC_5340000,0,0.0014667328,inner_val
ISIC_5340117,0,0.008226852,inner_val
ISIC_5340455,0,0.006294157,inner_val
ISIC_5348582,0,0.040705036,inner_val
ISIC_5349205,0,0.02598083,inner_val
ISIC_5349456,0,0.020394413,inner_val
ISIC_5349762,0,0.036409747,inner_val
ISIC_5353454,0,0.016772054,inner_val
ISIC_5359353,0,0.012504329,inner_val
ISIC_5361285,0,0.0012956576,inner_val
ISIC_5379786,0,0.04937041,inner_val
ISIC_5383064,0,0.013099757,inner_val
ISIC_5383791,0,0.0029453405,inner_val
ISIC_5384059,0,0.076166324,inner_val
ISIC_5386739,0,0.011081798,inner_val
ISIC_5387829,0,0.011536906,inner_val
ISIC_5389366,0,0.002040035,inner_val
ISIC_5389415,0,0.00050284504,inner_val
ISIC_5391190,0,0.0030604692,inner_val
ISIC_5393367,0,0.016805813,inner_val
ISIC_5395341,0,0.0016750114,inner_val
ISIC_5397483,0,0.00046886093,inner_val
ISIC_5401740,0,0.15588826,inner_val
ISIC_5405889,0,0.0016452733,inner_val
ISIC_5407191,0,0.042592507,inner_val
ISIC_5408436,0,0.09082329,inner_val
ISIC_5409064,0,0.002728246,inner_val
ISIC_5409956,0,0.0006649908,inner_val
ISIC_5409993,0,0.0014178365,inner_val
ISIC_5413630,0,0.0008650186,inner_val
ISIC_5415213,0,0.013810359,inner_val
ISIC_5415964,0,0.028745927,inner_val
ISIC_5418216,0,0.048080087,inner_val
ISIC_5418861,0,0.0116197765,inner_val
ISIC_5419016,0,0.005011568,inner_val
ISIC_5432777,0,0.0020065533,inner_val
ISIC_5438156,0,0.041344725,inner_val
ISIC_5439041,0,0.00058254204,inner_val
ISIC_5440296,0,0.0018628298,inner_val
ISIC_5442464,0,0.0143772205,inner_val
ISIC_5442578,0,0.051038515,inner_val
ISIC_5442834,0,0.007337282,inner_val
ISIC_5446515,0,0.009410811,inner_val
ISIC_5447103,0,0.0014033816,inner_val
ISIC_5448850,0,0.0038114185,inner_val
ISIC_5449822,0,0.008147955,inner_val
ISIC_5457705,0,0.017489552,inner_val
ISIC_5458290,0,0.0004562144,inner_val
ISIC_5458933,0,0.0040897806,inner_val
ISIC_5463111,0,0.010147749,inner_val
ISIC_5470300,0,0.0016179335,inner_val
ISIC_5472470,0,0.0047846697,inner_val
ISIC_5486460,0,0.0010526888,inner_val
ISIC_5489942,0,0.007609981,inner_val
ISIC_5490673,0,0.0036683604,inner_val
ISIC_5497432,0,0.003012462,inner_val
ISIC_5501596,0,0.010580867,inner_val
ISIC_5513509,0,0.044670213,inner_val
ISIC_5518595,0,0.0053940094,inner_val
ISIC_5519378,0,0.0035272175,inner_val
ISIC_5521873,0,0.00682326,inner_val
ISIC_5526279,0,0.0028861084,inner_val
ISIC_5532680,0,0.005992551,inner_val
ISIC_5534167,0,0.00362167,inner_val
ISIC_5534666,0,0.0040323953,inner_val
ISIC_5536600,0,0.0004523767,inner_val
ISIC_5537876,0,0.017275574,inner_val
ISIC_5537985,0,0.25410575,inner_val
ISIC_5539180,0,0.004851423,inner_val
ISIC_5545874,0,0.010734018,inner_val
ISIC_5546181,0,0.14414547,inner_val
ISIC_5546488,0,0.000651474,inner_val
ISIC_5547218,0,0.088548906,inner_val
ISIC_5549565,0,0.0005079393,inner_val
ISIC_5552381,0,0.018269615,inner_val
ISIC_5553495,0,0.048264585,inner_val
ISIC_5556302,0,0.11077123,inner_val
ISIC_5564757,0,0.04047993,inner_val
ISIC_5573566,0,0.0015358801,inner_val
ISIC_5577356,0,0.001543525,inner_val
ISIC_5578239,0,0.0052680112,inner_val
ISIC_5581936,0,0.0037935562,inner_val
ISIC_5589163,0,0.0129668275,inner_val
ISIC_5592633,0,0.010520708,inner_val
ISIC_5593556,0,0.00081328757,inner_val
ISIC_5602528,0,0.04569521,inner_val
ISIC_5606155,0,0.0018832019,inner_val
ISIC_5607702,0,0.0014815128,inner_val
ISIC_5609848,0,0.0026950072,inner_val
ISIC_5610222,0,0.004156528,inner_val
ISIC_5615520,0,0.027118007,inner_val
ISIC_5617339,0,0.0015262093,inner_val
ISIC_5618055,0,0.026546823,inner_val
ISIC_5618239,0,0.008178432,inner_val
ISIC_5621546,0,0.005719328,inner_val
ISIC_5624273,0,0.004873558,inner_val
ISIC_5624660,0,0.039431486,inner_val
ISIC_5624953,0,0.0025041003,inner_val
ISIC_5629288,0,0.0010301116,inner_val
ISIC_5629697,0,0.007658272,inner_val
ISIC_5632748,0,0.0053727822,inner_val
ISIC_5635961,0,0.042949867,inner_val
ISIC_5637150,0,0.0016826517,inner_val
ISIC_5637715,0,0.04023179,inner_val
ISIC_5641956,0,0.0009867403,inner_val
ISIC_5642121,0,0.0016708568,inner_val
ISIC_5643186,0,0.0015957983,inner_val
ISIC_5647453,0,0.0019504701,inner_val
ISIC_5647937,0,0.010791031,inner_val
ISIC_5651246,0,0.023500707,inner_val
ISIC_5655181,0,0.031012477,inner_val
ISIC_5659077,0,0.0021828213,inner_val
ISIC_5662175,0,0.0023530426,inner_val
ISIC_5664256,0,0.19182067,inner_val
ISIC_5667403,0,0.0032939513,inner_val
ISIC_5675123,0,0.021951603,inner_val
ISIC_5679982,0,0.0033900477,inner_val
ISIC_5680271,0,0.09537417,inner_val
ISIC_5689392,0,0.0013794124,inner_val
ISIC_5692027,0,0.0023157243,inner_val
ISIC_5694421,0,0.0017841952,inner_val
ISIC_5696426,0,0.0018833877,inner_val
ISIC_5697457,0,0.0013130021,inner_val
ISIC_5701526,0,0.0030565902,inner_val
ISIC_5713761,0,0.055751167,inner_val
ISIC_5716262,0,0.00071750203,inner_val
ISIC_5721195,0,0.0113547,inner_val
ISIC_5721717,0,0.0013388813,inner_val
ISIC_5722526,0,0.0044562356,inner_val
ISIC_5722813,0,0.0007877436,inner_val
ISIC_5722943,0,0.0016920117,inner_val
ISIC_5723592,0,0.0281497,inner_val
ISIC_5723974,0,0.013202145,inner_val
ISIC_5728067,0,0.007944407,inner_val
ISIC_5730199,0,0.0063611413,inner_val
ISIC_5731061,0,0.037010673,inner_val
ISIC_5740023,0,0.004397256,inner_val
ISIC_5740617,0,0.0043942304,inner_val
ISIC_5747709,0,0.0016388358,inner_val
ISIC_5748118,0,0.018735044,inner_val
ISIC_5750329,0,0.03498014,inner_val
ISIC_5758327,0,0.24171765,inner_val
ISIC_5758379,0,0.017076336,inner_val
ISIC_5760915,0,0.0014645089,inner_val
ISIC_5769387,0,0.009147909,inner_val
ISIC_5771028,0,0.001296008,inner_val
ISIC_5772938,0,0.0070009143,inner_val
ISIC_5775708,0,0.022837821,inner_val
ISIC_5780633,0,0.0051214783,inner_val
ISIC_5783861,0,0.018215515,inner_val
ISIC_5789978,0,0.014321883,inner_val
ISIC_5793035,0,0.005465347,inner_val
ISIC_5796081,0,0.028052047,inner_val
ISIC_5797788,0,0.019165799,inner_val
ISIC_5799583,0,0.21052414,inner_val
ISIC_5803529,0,0.0017259504,inner_val
ISIC_5807608,0,0.0010261554,inner_val
ISIC_5816399,0,0.0015858557,inner_val
ISIC_5821293,0,0.026095709,inner_val
ISIC_5823077,0,0.021322478,inner_val
ISIC_5832792,0,0.008558476,inner_val
ISIC_5832901,0,0.0056223525,inner_val
ISIC_5833229,0,0.021568546,inner_val
ISIC_5833740,0,0.0034028469,inner_val
ISIC_5835765,0,0.0016852256,inner_val
ISIC_5847941,0,0.0060924757,inner_val
ISIC_5848790,0,0.0052130264,inner_val
ISIC_5852065,0,0.015931528,inner_val
ISIC_5852365,0,0.015442269,inner_val
ISIC_5860269,0,0.009990854,inner_val
ISIC_5863114,0,0.04823328,inner_val
ISIC_5863435,0,0.018562563,inner_val
ISIC_5864760,0,0.0020290762,inner_val
ISIC_5869383,0,0.007848575,inner_val
ISIC_5869699,0,0.005400121,inner_val
ISIC_5875181,0,0.007250374,inner_val
ISIC_5876881,0,0.0030940366,inner_val
ISIC_5877211,0,0.0040570344,inner_val
ISIC_5879418,0,0.049383715,inner_val
ISIC_5887816,0,0.011565167,inner_val
ISIC_5889790,0,0.0716001,inner_val
ISIC_5907909,0,0.007887203,inner_val
ISIC_5907931,0,0.0020272783,inner_val
ISIC_5919470,0,0.01922096,inner_val
ISIC_5919621,0,0.08120459,inner_val
ISIC_5921024,0,0.008631218,inner_val
ISIC_5922056,0,0.012554901,inner_val
ISIC_5922931,0,0.009824868,inner_val
ISIC_5924147,0,0.009727943,inner_val
ISIC_5924239,0,0.0046829064,inner_val
ISIC_5926079,0,0.00770024,inner_val
ISIC_5932704,0,0.0754848,inner_val
ISIC_5933559,0,0.01202196,inner_val
ISIC_5939646,0,0.0019878016,inner_val
ISIC_5945155,0,0.007055576,inner_val
ISIC_5950116,0,0.010967653,inner_val
ISIC_5950302,0,0.0020167592,inner_val
ISIC_5955084,0,0.0071679414,inner_val
ISIC_5955730,0,0.0052838544,inner_val
ISIC_5956170,0,0.017293092,inner_val
ISIC_5958246,0,0.2172342,inner_val
ISIC_5959591,0,0.0038396847,inner_val
ISIC_5961092,0,0.0028310365,inner_val
ISIC_5966190,0,0.020446554,inner_val
ISIC_5969837,0,0.04437414,inner_val
ISIC_5970180,0,0.0005453754,inner_val
ISIC_5976039,0,0.000830416,inner_val
ISIC_5978259,0,0.008561243,inner_val
ISIC_5986798,0,0.0015862333,inner_val
ISIC_5997266,0,0.047610458,inner_val
ISIC_5997454,0,0.0035243526,inner_val
ISIC_5997532,0,0.06557611,inner_val
ISIC_5999002,0,0.0011891536,inner_val
ISIC_5999832,0,0.01260976,inner_val
ISIC_6003124,0,0.009345368,inner_val
ISIC_6003407,0,0.03746405,inner_val
ISIC_6003500,0,0.012194615,inner_val
ISIC_6007546,0,0.019276222,inner_val
ISIC_6008926,0,0.0015466714,inner_val
ISIC_6010018,0,0.0025696491,inner_val
ISIC_6013764,0,0.058787726,inner_val
ISIC_6018905,0,0.003820353,inner_val
ISIC_6019120,0,0.044746604,inner_val
ISIC_6023428,0,0.0053007384,inner_val
ISIC_6026244,0,0.0039441986,inner_val
ISIC_6033220,0,0.0021124834,inner_val
ISIC_6034125,0,0.0019842396,inner_val
ISIC_6037853,0,0.020436563,inner_val
ISIC_6038253,0,0.020517934,inner_val
ISIC_6039516,0,0.03842268,inner_val
ISIC_6045832,0,0.007519828,inner_val
ISIC_6050597,0,0.0038224387,inner_val
ISIC_6052437,0,0.0015629892,inner_val
ISIC_6057809,0,0.0058402545,inner_val
ISIC_6066129,0,0.07905228,inner_val
ISIC_6071391,0,0.008949222,inner_val
ISIC_6080906,0,0.013436525,inner_val
ISIC_6081901,0,0.011898367,inner_val
ISIC_6089798,0,0.013550844,inner_val
ISIC_6089817,0,0.0028376644,inner_val
ISIC_6091348,0,0.021713285,inner_val
ISIC_6092704,0,0.051553473,inner_val
ISIC_6092800,0,0.042296544,inner_val
ISIC_6096977,0,0.16140081,inner_val
ISIC_6097616,0,0.0019654124,inner_val
ISIC_6102502,0,0.0010088913,inner_val
ISIC_6108396,0,0.011136092,inner_val
ISIC_6109464,0,0.026516106,inner_val
ISIC_6117024,0,0.0119435005,inner_val
ISIC_6118824,0,0.0075453096,inner_val
ISIC_6119386,0,0.0042922026,inner_val
ISIC_6122799,0,0.0026887807,inner_val
ISIC_6123657,0,0.023638403,inner_val
ISIC_6126056,0,0.014646537,inner_val
ISIC_6129219,0,0.008204644,inner_val
ISIC_6132725,0,0.05564374,inner_val
ISIC_6133466,0,0.000968558,inner_val
ISIC_6134767,0,0.007263713,inner_val
ISIC_6134930,0,0.016395248,inner_val
ISIC_6137928,0,0.026284989,inner_val
ISIC_6139375,0,0.0018062708,inner_val
ISIC_6143929,0,0.14666757,inner_val
ISIC_6146357,0,0.008279088,inner_val
ISIC_6147033,0,0.0010812321,inner_val
ISIC_6148967,0,0.0025772918,inner_val
ISIC_6150484,0,0.0030813299,inner_val
ISIC_6159276,0,0.001863267,inner_val
ISIC_6159783,0,0.009511918,inner_val
ISIC_6159865,0,0.0073843515,inner_val
ISIC_6163509,0,0.02622746,inner_val
ISIC_6166761,0,0.0066932403,inner_val
ISIC_6167377,0,0.0004964953,inner_val
ISIC_6177158,0,0.0047979145,inner_val
ISIC_6177730,0,0.018011566,inner_val
ISIC_6178149,0,0.002391145,inner_val
ISIC_6178740,0,0.011070306,inner_val
ISIC_6180938,0,0.004224246,inner_val
ISIC_6185146,0,0.001417695,inner_val
ISIC_6186492,0,0.01335826,inner_val
ISIC_6190245,0,0.023873953,inner_val
ISIC_6198121,0,0.002888294,inner_val
ISIC_6200373,0,0.0014931891,inner_val
ISIC_6201338,0,0.010394081,inner_val
ISIC_6211801,0,0.0045756297,inner_val
ISIC_6216283,0,0.0010566295,inner_val
ISIC_6217135,0,0.005452506,inner_val
ISIC_6217831,0,0.016110538,inner_val
ISIC_6220784,0,0.014937646,inner_val
ISIC_6223767,0,0.0040839156,inner_val
ISIC_6224915,0,0.034470495,inner_val
ISIC_6227397,0,0.028435929,inner_val
ISIC_6227920,0,0.0009017324,inner_val
ISIC_6228625,0,0.005421641,inner_val
ISIC_6236556,0,0.01550498,inner_val
ISIC_6238016,0,0.0016467598,inner_val
ISIC_6238658,0,0.0007671806,inner_val
ISIC_6240945,0,0.0683088,inner_val
ISIC_6243521,0,0.0021163346,inner_val
ISIC_6243879,0,0.04568894,inner_val
ISIC_6251447,0,0.004717628,inner_val
ISIC_6251753,1,0.05584139,inner_val
ISIC_6253947,0,0.0009827927,inner_val
ISIC_6255113,1,0.2713317,inner_val
ISIC_6258744,0,0.037623566,inner_val
ISIC_6260673,0,0.0006182963,inner_val
ISIC_6263736,0,0.06523676,inner_val
ISIC_6264845,0,0.0048967474,inner_val
ISIC_6269503,0,0.0029160702,inner_val
ISIC_6278647,0,0.018304944,inner_val
ISIC_6279936,0,0.001300343,inner_val
ISIC_6282858,0,0.004703702,inner_val
ISIC_6285376,0,0.26463217,inner_val
ISIC_6286014,0,0.003109286,inner_val
ISIC_6289346,0,0.002705511,inner_val
ISIC_6289835,0,0.050310303,inner_val
ISIC_6290159,0,0.013005631,inner_val
ISIC_6295310,0,0.018853728,inner_val
ISIC_6298988,0,0.0103182,inner_val
ISIC_6301774,0,0.03846696,inner_val
ISIC_6307553,0,0.011361666,inner_val
ISIC_6320012,0,0.10694736,inner_val
ISIC_6323573,0,0.0059663747,inner_val
ISIC_6325673,0,0.0008809751,inner_val
ISIC_6326012,0,0.0064333673,inner_val
ISIC_6329930,0,0.0074456194,inner_val
ISIC_6332165,0,0.0017270879,inner_val
ISIC_6332618,0,0.013956772,inner_val
ISIC_6334419,0,0.006201891,inner_val
ISIC_6337982,0,0.024752526,inner_val
ISIC_6338078,0,0.0089784805,inner_val
ISIC_6342060,0,0.00196034,inner_val
ISIC_6342820,0,0.005109037,inner_val
ISIC_6347261,0,0.010770277,inner_val
ISIC_6347332,0,0.005690354,inner_val
ISIC_6349205,0,0.14993708,inner_val
ISIC_6352994,0,0.0012973413,inner_val
ISIC_6354194,0,0.04842162,inner_val
ISIC_6356522,0,0.014934581,inner_val
ISIC_6362735,0,0.071629636,inner_val
ISIC_6365920,0,0.006792881,inner_val
ISIC_6370142,0,0.0015442646,inner_val
ISIC_6370748,0,0.0018968434,inner_val
ISIC_6370792,0,0.013537439,inner_val
ISIC_6372726,0,0.0041673384,inner_val
ISIC_6373689,0,0.021526247,inner_val
ISIC_6383949,0,0.0012245389,inner_val
ISIC_6385216,0,0.0016283342,inner_val
ISIC_6388940,0,0.018147048,inner_val
ISIC_6390756,0,0.029805541,inner_val
ISIC_6391567,0,0.053336296,inner_val
ISIC_6392089,0,0.0072936025,inner_val
ISIC_6398519,0,0.027819747,inner_val
ISIC_6400279,0,0.020022256,inner_val
ISIC_6403739,0,0.03204802,inner_val
ISIC_6407239,0,0.023118623,inner_val
ISIC_6412112,0,0.008792359,inner_val
ISIC_6414006,0,0.0033364648,inner_val
ISIC_6416533,0,0.03719766,inner_val
ISIC_6416559,0,0.029228697,inner_val
ISIC_6417037,0,0.001862938,inner_val
ISIC_6418122,0,0.0020949736,inner_val
ISIC_6421507,0,0.0062398724,inner_val
ISIC_6424460,0,0.005946437,inner_val
ISIC_6425531,0,0.0051072147,inner_val
ISIC_6427086,0,0.0024416754,inner_val
ISIC_6430323,0,0.04214025,inner_val
ISIC_6433284,0,0.026816398,inner_val
ISIC_6434618,0,0.0040637236,inner_val
ISIC_6436107,0,0.0039786934,inner_val
ISIC_6436998,0,0.0019047572,inner_val
ISIC_6437676,0,0.00059901294,inner_val
ISIC_6441689,0,0.016585344,inner_val
ISIC_6446779,0,0.00029547868,inner_val
ISIC_6450123,0,0.018409474,inner_val
ISIC_6455034,0,0.0003058285,inner_val
ISIC_6461419,0,0.0069372286,inner_val
ISIC_6463222,0,0.0006704243,inner_val
ISIC_6464509,0,0.074022725,inner_val
ISIC_6473760,0,0.00065467384,inner_val
ISIC_6482425,0,0.0345844,inner_val
ISIC_6486810,0,0.005152388,inner_val
ISIC_6490926,0,0.01731543,inner_val
ISIC_6494974,0,0.0020537446,inner_val
ISIC_6497801,0,0.0066069844,inner_val
ISIC_6499613,0,0.075985335,inner_val
ISIC_6504118,0,0.01853747,inner_val
ISIC_6512653,1,0.025275733,inner_val
ISIC_6521087,0,0.015290544,inner_val
ISIC_6527127,0,0.02638522,inner_val
ISIC_6527570,0,0.0033657486,inner_val
ISIC_6531003,0,0.0052039316,inner_val
ISIC_6532096,0,0.001766738,inner_val
ISIC_6537513,0,0.021464767,inner_val
ISIC_6542162,0,0.010040214,inner_val
ISIC_6544010,0,0.0055253543,inner_val
ISIC_6544410,0,0.049484134,inner_val
ISIC_6549919,0,0.018329995,inner_val
ISIC_6552884,0,0.02500281,inner_val
ISIC_6553951,0,0.17553145,inner_val
ISIC_6557642,0,0.0076352702,inner_val
ISIC_6559840,0,0.0102488585,inner_val
ISIC_6562217,0,0.0005455511,inner_val
ISIC_6570291,0,0.05821428,inner_val
ISIC_6571026,0,0.0003245961,inner_val
ISIC_6573731,0,0.011464645,inner_val
ISIC_6574042,0,0.029309923,inner_val
ISIC_6574851,0,0.017478824,inner_val
ISIC_6579382,0,0.032574773,inner_val
ISIC_6580386,0,0.0016285753,inner_val
ISIC_6587979,0,0.1239624,inner_val
ISIC_6594464,0,0.09282192,inner_val
ISIC_6595273,0,0.005369129,inner_val
ISIC_6600158,0,0.013437904,inner_val
ISIC_6600225,0,0.021798775,inner_val
ISIC_6600424,0,0.00084550766,inner_val
ISIC_6612179,0,0.022016993,inner_val
ISIC_6613079,0,0.0022024424,inner_val
ISIC_6613239,0,0.0023506337,inner_val
ISIC_6619276,0,0.0045019235,inner_val
ISIC_6619934,0,0.0006108522,inner_val
ISIC_6619962,0,0.006277254,inner_val
ISIC_6624154,0,0.050487977,inner_val
ISIC_6628721,0,0.004585851,inner_val
ISIC_6635590,0,0.0013930072,inner_val
ISIC_6635931,0,0.004332224,inner_val
ISIC_6637946,0,0.0025768701,inner_val
ISIC_6647501,0,0.0043270173,inner_val
ISIC_6651570,0,0.00050748367,inner_val
ISIC_6652021,0,0.001414397,inner_val
ISIC_6662566,0,0.0006693671,inner_val
ISIC_6662941,0,0.13486534,inner_val
ISIC_6666623,0,0.0013303142,inner_val
ISIC_6668197,0,0.00085951504,inner_val
ISIC_6670242,0,0.03347154,inner_val
ISIC_6671451,0,0.0057271696,inner_val
ISIC_6673506,0,0.02034671,inner_val
ISIC_6673669,0,0.00068492617,inner_val
ISIC_6679126,0,0.0051329127,inner_val
ISIC_6683370,0,0.002913847,inner_val
ISIC_6684371,0,0.0010119432,inner_val
ISIC_6691217,0,0.0052118395,inner_val
ISIC_6694724,0,0.047389727,inner_val
ISIC_6697013,0,0.0035613955,inner_val
ISIC_6699023,0,0.015173024,inner_val
ISIC_6700416,0,0.009321067,inner_val
ISIC_6706365,0,0.010080437,inner_val
ISIC_6712342,0,0.015156473,inner_val
ISIC_6712464,0,0.0009899461,inner_val
ISIC_6712655,0,0.003567487,inner_val
ISIC_6712836,0,0.027955208,inner_val
ISIC_6719226,0,0.034978174,inner_val
ISIC_6722945,0,0.014236344,inner_val
ISIC_6724946,0,0.0014870635,inner_val
ISIC_6731470,0,0.0021985164,inner_val
ISIC_6731651,0,0.010505262,inner_val
ISIC_6732560,0,0.0006914321,inner_val
ISIC_6734859,0,0.02133581,inner_val
ISIC_6739241,0,0.08606973,inner_val
ISIC_6743860,0,0.0057332767,inner_val
ISIC_6749024,0,0.002591258,inner_val
ISIC_6749926,0,0.0029307937,inner_val
ISIC_6760475,0,0.008322722,inner_val
ISIC_6761269,0,0.0031125706,inner_val
ISIC_6762560,0,0.014908913,inner_val
ISIC_6762833,0,0.0030230165,inner_val
ISIC_6764717,0,0.0036564835,inner_val
ISIC_6767379,0,0.0013688293,inner_val
ISIC_6769445,0,0.0022101128,inner_val
ISIC_6771724,0,0.012236924,inner_val
ISIC_6773042,0,0.0148029,inner_val
ISIC_6773833,0,0.020236913,inner_val
ISIC_6776434,0,0.0062201815,inner_val
ISIC_6777153,0,0.020154255,inner_val
ISIC_6778936,0,0.0066283755,inner_val
ISIC_6779421,0,0.019742507,inner_val
ISIC_6782248,0,0.026490929,inner_val
ISIC_6782898,0,0.0058887987,inner_val
ISIC_6787039,0,0.0007641518,inner_val
ISIC_6788130,0,0.012021399,inner_val
ISIC_6789222,0,0.0010703548,inner_val
ISIC_6792398,0,0.008529054,inner_val
ISIC_6795622,0,0.0013268357,inner_val
ISIC_6806545,0,0.0034623933,inner_val
ISIC_6807667,0,0.007559584,inner_val
ISIC_6810219,0,0.017619932,inner_val
ISIC_6814007,0,0.0024039529,inner_val
ISIC_6815451,0,0.0075400583,inner_val
ISIC_6824744,0,0.039533038,inner_val
ISIC_6828892,0,0.0065536946,inner_val
ISIC_6829008,1,0.014959152,inner_val
ISIC_6829909,0,0.006124679,inner_val
ISIC_6832628,0,0.0028934428,inner_val
ISIC_6844329,0,0.0021757383,inner_val
ISIC_6850647,0,0.006255696,inner_val
ISIC_6853584,0,0.001178429,inner_val
ISIC_6855941,0,0.002340326,inner_val
ISIC_6856054,0,0.015259687,inner_val
ISIC_6860064,0,0.0033560644,inner_val
ISIC_6860222,0,0.0017194834,inner_val
ISIC_6862411,0,0.00021021655,inner_val
ISIC_6863391,0,0.06476303,inner_val
ISIC_6864170,0,0.016588269,inner_val
ISIC_6864484,0,0.014841287,inner_val
ISIC_6864553,0,0.00057758205,inner_val
ISIC_6865997,0,0.0010684589,inner_val
ISIC_6867543,0,0.0029904947,inner_val
ISIC_6877742,0,0.158746,inner_val
ISIC_6886237,0,0.008622568,inner_val
ISIC_6888090,0,0.0008968654,inner_val
ISIC_6893147,0,0.07408395,inner_val
ISIC_6900448,0,0.03278141,inner_val
ISIC_6900559,0,0.011827178,inner_val
ISIC_6902487,0,0.030273724,inner_val
ISIC_6905623,0,0.040727086,inner_val
ISIC_6908183,0,0.008748096,inner_val
ISIC_6909624,0,0.05167778,inner_val
ISIC_6909749,0,0.040670283,inner_val
ISIC_6911333,0,0.00077888835,inner_val
ISIC_6917681,0,0.08169395,inner_val
ISIC_6920867,0,0.05056318,inner_val
ISIC_6926716,0,0.0056613926,inner_val
ISIC_6927363,0,0.04698889,inner_val
ISIC_6928308,0,0.003715753,inner_val
ISIC_6928442,0,0.005129875,inner_val
ISIC_6932481,0,0.0055717584,inner_val
ISIC_6933509,0,0.0008501018,inner_val
ISIC_6933573,0,0.014292947,inner_val
ISIC_6951506,0,0.005451826,inner_val
ISIC_6953334,0,0.01074301,inner_val
ISIC_6958534,0,0.0017353004,inner_val
ISIC_6965441,0,0.009881428,inner_val
ISIC_6968933,0,0.004865087,inner_val
ISIC_6976235,0,0.007769346,inner_val
ISIC_6976570,0,0.00057058514,inner_val
ISIC_6981061,0,0.0051530506,inner_val
ISIC_6981433,0,0.017490922,inner_val
ISIC_6982406,0,0.021107879,inner_val
ISIC_6983347,0,0.0016984659,inner_val
ISIC_6996606,0,0.0037095926,inner_val
ISIC_7001072,0,0.05366842,inner_val
ISIC_7004857,0,0.008105993,inner_val
ISIC_7006530,0,0.0054746796,inner_val
ISIC_7009118,0,0.07038784,inner_val
ISIC_7011122,0,0.0039043408,inner_val
ISIC_7014092,0,0.008000053,inner_val
ISIC_7024161,0,0.0008422044,inner_val
ISIC_7025303,0,0.007499816,inner_val
ISIC_7030404,0,0.004634962,inner_val
ISIC_7030461,0,0.0004928443,inner_val
ISIC_7038742,0,0.014880122,inner_val
ISIC_7039465,0,0.0035845728,inner_val
ISIC_7045042,0,0.06520301,inner_val
ISIC_7050575,0,0.08491371,inner_val
ISIC_7051800,0,0.029185466,inner_val
ISIC_7052503,0,0.005011635,inner_val
ISIC_7052658,0,0.003532877,inner_val
ISIC_7054053,0,0.005517452,inner_val
ISIC_7056620,0,0.008366908,inner_val
ISIC_7057515,0,0.0033562004,inner_val
ISIC_7059744,0,0.005470704,inner_val
ISIC_7059794,0,0.0020348101,inner_val
ISIC_7062293,0,0.0054301713,inner_val
ISIC_7062360,0,0.039368145,inner_val
ISIC_7063995,0,0.009176535,inner_val
ISIC_7067677,0,0.008191869,inner_val
ISIC_7070684,0,0.0028793842,inner_val
ISIC_7073459,0,0.05062238,inner_val
ISIC_7076677,0,0.0033938629,inner_val
ISIC_7086611,0,0.002454516,inner_val
ISIC_7086619,0,0.0034860505,inner_val
ISIC_7095039,0,0.00085557817,inner_val
ISIC_7096320,0,0.005760937,inner_val
ISIC_7100813,0,0.08599781,inner_val
ISIC_7109307,0,0.016490914,inner_val
ISIC_7109817,0,0.005771615,inner_val
ISIC_7124160,0,0.007504104,inner_val
ISIC_7124766,0,0.014414072,inner_val
ISIC_7125870,0,0.011999078,inner_val
ISIC_7129509,0,0.0052216956,inner_val
ISIC_7134821,0,0.027667409,inner_val
ISIC_7138875,0,0.13247326,inner_val
ISIC_7139532,0,0.014734192,inner_val
ISIC_7140243,0,0.0026548833,inner_val
ISIC_7140778,0,0.0065237875,inner_val
ISIC_7141361,0,0.0006638308,inner_val
ISIC_7156796,0,0.12798212,inner_val
ISIC_7164134,0,0.029546663,inner_val
ISIC_7166317,0,0.0040934663,inner_val
ISIC_7167085,0,0.0011349147,inner_val
ISIC_7167811,0,0.0016283155,inner_val
ISIC_7167947,0,0.0018933725,inner_val
ISIC_7168122,0,0.033976026,inner_val
ISIC_7173333,0,0.007836998,inner_val
ISIC_7173973,0,0.0017319764,inner_val
ISIC_7175697,0,0.021097137,inner_val
ISIC_7181774,0,0.0035221933,inner_val
ISIC_7187459,0,0.01052324,inner_val
ISIC_7187713,0,0.051234785,inner_val
ISIC_7189167,0,0.01729815,inner_val
ISIC_7189351,0,0.0012610664,inner_val
ISIC_7198004,0,0.08615023,inner_val
ISIC_7198492,0,0.00697826,inner_val
ISIC_7199089,0,0.023041654,inner_val
ISIC_7201189,0,0.0018667494,inner_val
ISIC_7205267,0,0.0023460635,inner_val
ISIC_7215208,0,0.0027261542,inner_val
ISIC_7218530,0,0.0038166272,inner_val
ISIC_7220105,0,0.02023281,inner_val
ISIC_7225873,0,0.003010455,inner_val
ISIC_7226974,0,0.0022449978,inner_val
ISIC_7230713,0,0.011739245,inner_val
ISIC_7231313,0,0.018533312,inner_val
ISIC_7233665,0,0.014482322,inner_val
ISIC_7234197,0,0.12902613,inner_val
ISIC_7239245,0,0.028810766,inner_val
ISIC_7241549,0,0.0004104193,inner_val
ISIC_7244604,0,0.1512845,inner_val
ISIC_7244873,0,0.004922877,inner_val
ISIC_7250007,0,0.004389297,inner_val
ISIC_7250445,0,0.0102136675,inner_val
ISIC_7250640,0,0.046455637,inner_val
ISIC_7252425,0,0.0018554732,inner_val
ISIC_7255637,0,0.0020324353,inner_val
ISIC_7256560,0,0.0031018192,inner_val
ISIC_7261519,0,0.010514535,inner_val
ISIC_7261681,0,0.0020568722,inner_val
ISIC_7264231,0,0.1011993,inner_val
ISIC_7264599,0,0.005557797,inner_val
ISIC_7266571,0,0.05538018,inner_val
ISIC_7266736,0,0.0034507234,inner_val
ISIC_7271745,0,0.0011656326,inner_val
ISIC_7274757,0,0.0129260635,inner_val
ISIC_7276864,0,0.17788328,inner_val
ISIC_7278885,0,0.012586803,inner_val
ISIC_7284607,0,0.036628895,inner_val
ISIC_7288992,0,0.016623434,inner_val
ISIC_7292853,0,0.4243712,inner_val
ISIC_7293761,0,0.013594883,inner_val
ISIC_7296463,0,0.03637394,inner_val
ISIC_7296583,0,0.0006055843,inner_val
ISIC_7299025,0,0.03700693,inner_val
ISIC_7301963,0,0.001058009,inner_val
ISIC_7306131,0,0.0037184693,inner_val
ISIC_7307860,0,0.006961211,inner_val
ISIC_7307866,0,0.0026305015,inner_val
ISIC_7308572,0,0.0064640534,inner_val
ISIC_7308784,0,0.03315784,inner_val
ISIC_7309194,0,0.11391886,inner_val
ISIC_7315258,0,0.009342306,inner_val
ISIC_7315620,0,0.06351823,inner_val
ISIC_7315685,0,0.028631521,inner_val
ISIC_7319169,0,0.0072960644,inner_val
ISIC_7319686,0,0.028980557,inner_val
ISIC_7322727,0,0.005158015,inner_val
ISIC_7332892,0,0.027579593,inner_val
ISIC_7335095,0,0.0037942631,inner_val
ISIC_7343496,0,0.0040086177,inner_val
ISIC_7346224,0,0.0007989347,inner_val
ISIC_7346228,1,0.031606372,inner_val
ISIC_7350199,0,0.07555368,inner_val
ISIC_7352489,0,0.0021350149,inner_val
ISIC_7353097,0,0.0015080199,inner_val
ISIC_7355653,0,0.0029424112,inner_val
ISIC_7363187,0,0.0018786946,inner_val
ISIC_7365523,0,0.005411643,inner_val
ISIC_7365615,0,0.043324187,inner_val
ISIC_7366144,0,0.0030631344,inner_val
ISIC_7369690,0,0.038053684,inner_val
ISIC_7373240,0,0.00073628785,inner_val
ISIC_7375419,0,0.0009551547,inner_val
ISIC_7376684,0,0.0032767553,inner_val
ISIC_7376872,0,0.027705932,inner_val
ISIC_7381098,0,0.020150637,inner_val
ISIC_7383521,0,0.008631259,inner_val
ISIC_7385112,0,0.005908463,inner_val
ISIC_7386566,0,0.0065776743,inner_val
ISIC_7391200,0,0.029120822,inner_val
ISIC_7393085,0,0.02586501,inner_val
ISIC_7399973,0,0.00046892915,inner_val
ISIC_7400458,0,0.0051869317,inner_val
ISIC_7405224,0,0.03677798,inner_val
ISIC_7406107,0,0.00038499173,inner_val
ISIC_7406359,0,0.15780866,inner_val
ISIC_7411913,0,0.0009878323,inner_val
ISIC_7412559,0,0.0075253146,inner_val
ISIC_7413149,0,0.022485007,inner_val
ISIC_7417933,0,0.18730323,inner_val
ISIC_7424079,0,0.000671385,inner_val
ISIC_7428248,0,0.011939388,inner_val
ISIC_7435292,0,0.008217862,inner_val
ISIC_7442476,0,0.01610354,inner_val
ISIC_7447716,0,0.020984508,inner_val
ISIC_7452348,0,0.013428109,inner_val
ISIC_7452815,0,0.0009382216,inner_val
ISIC_7454487,0,0.0004457488,inner_val
ISIC_7457750,0,0.03913384,inner_val
ISIC_7457969,0,0.01594146,inner_val
ISIC_7464309,0,0.04918525,inner_val
ISIC_7465470,0,0.008530152,inner_val
ISIC_7477061,0,0.0027883798,inner_val
ISIC_7489925,0,0.14257835,inner_val
ISIC_7492471,0,0.0146879675,inner_val
ISIC_7494625,0,0.014272437,inner_val
ISIC_7498410,0,0.008581294,inner_val
ISIC_7505863,0,0.0015678582,inner_val
ISIC_7506288,0,0.0035646288,inner_val
ISIC_7507224,0,0.0021702244,inner_val
ISIC_7508382,0,0.013329587,inner_val
ISIC_7509284,0,0.056512907,inner_val
ISIC_7511365,0,0.0011598147,inner_val
ISIC_7511781,0,0.039831534,inner_val
ISIC_7519841,0,0.018528562,inner_val
ISIC_7526530,0,0.01576893,inner_val
ISIC_7526857,0,0.00017610588,inner_val
ISIC_7528996,0,0.0059259576,inner_val
ISIC_7531633,0,0.0014328723,inner_val
ISIC_7535412,0,0.007259825,inner_val
ISIC_7539729,0,0.008690955,inner_val
ISIC_7544537,0,0.004749176,inner_val
ISIC_7547058,0,0.0066964403,inner_val
ISIC_7549766,0,0.0036058293,inner_val
ISIC_7550917,0,0.004222072,inner_val
ISIC_7556341,0,0.0011143457,inner_val
ISIC_7560723,0,0.0016921745,inner_val
ISIC_7563283,0,0.0012640649,inner_val
ISIC_7564217,0,0.01199407,inner_val
ISIC_7565128,0,0.001349681,inner_val
ISIC_7567861,0,0.073695265,inner_val
ISIC_7571230,0,0.0032729795,inner_val
ISIC_7594368,0,0.008239424,inner_val
ISIC_7596681,0,0.0022774977,inner_val
ISIC_7600232,0,0.010859291,inner_val
ISIC_7601450,0,0.103419654,inner_val
ISIC_7604178,0,0.0008440546,inner_val
ISIC_7606849,0,0.003075737,inner_val
ISIC_7606860,0,0.008209207,inner_val
ISIC_7607166,0,0.011472939,inner_val
ISIC_7611464,0,0.009846085,inner_val
ISIC_7611850,0,0.014581804,inner_val
ISIC_7612324,0,0.021900022,inner_val
ISIC_7612417,0,0.029996246,inner_val
ISIC_7621067,0,0.0005286744,inner_val
ISIC_7621899,0,0.032537755,inner_val
ISIC_7641157,0,0.0074919006,inner_val
ISIC_7645625,0,0.07670729,inner_val
ISIC_7645850,0,0.006974827,inner_val
ISIC_7646167,0,0.0033549818,inner_val
ISIC_7647076,0,0.0021498462,inner_val
ISIC_7649260,0,0.01692393,inner_val
ISIC_7654071,0,0.0029134662,inner_val
ISIC_7658276,0,0.008852653,inner_val
ISIC_7658431,0,0.1211182,inner_val
ISIC_7666224,0,0.002450637,inner_val
ISIC_7668345,0,0.005005145,inner_val
ISIC_7670923,0,0.010992933,inner_val
ISIC_7681336,0,0.08108684,inner_val
ISIC_7682485,0,0.008151505,inner_val
ISIC_7685237,0,0.024075553,inner_val
ISIC_7696218,0,0.0048199245,inner_val
ISIC_7702857,0,0.0063401023,inner_val
ISIC_7704900,0,0.013299568,inner_val
ISIC_7707513,0,0.0015940329,inner_val
ISIC_7708255,0,0.043358203,inner_val
ISIC_7711715,0,0.0019958455,inner_val
ISIC_7715233,0,0.00066020706,inner_val
ISIC_7719553,0,0.09965168,inner_val
ISIC_7720522,0,0.00643252,inner_val
ISIC_7720684,0,0.2329082,inner_val
ISIC_7730443,0,0.16356194,inner_val
ISIC_7735102,0,0.060014307,inner_val
ISIC_7737316,0,0.0017482818,inner_val
ISIC_7739752,0,0.003490622,inner_val
ISIC_7746479,0,0.005845373,inner_val
ISIC_7746898,0,0.020507783,inner_val
ISIC_7748767,0,0.004995608,inner_val
ISIC_7750956,0,0.0053405827,inner_val
ISIC_7753307,0,0.005805762,inner_val
ISIC_7754743,0,0.0027997685,inner_val
ISIC_7755194,0,0.0019177994,inner_val
ISIC_7764021,0,0.06413185,inner_val
ISIC_7764987,0,0.0028785998,inner_val
ISIC_7768638,0,0.103407405,inner_val
ISIC_7768782,0,0.038994506,inner_val
ISIC_7770394,0,0.0013374494,inner_val
ISIC_7772950,0,0.004652687,inner_val
ISIC_7776360,0,0.0019866375,inner_val
ISIC_7778234,0,0.0062851203,inner_val
ISIC_7778842,0,0.08478254,inner_val
ISIC_7780812,0,0.0015282845,inner_val
ISIC_7782029,0,0.004506217,inner_val
ISIC_7784090,0,0.0030397926,inner_val
ISIC_7784703,0,0.010960379,inner_val
ISIC_7785457,0,0.14572214,inner_val
ISIC_7793859,0,0.00899878,inner_val
ISIC_7795549,0,0.0011079579,inner_val
ISIC_7796822,0,0.0059168977,inner_val
ISIC_7797853,0,0.0062735607,inner_val
ISIC_7798048,0,0.014616899,inner_val
ISIC_7799517,0,0.031728275,inner_val
ISIC_7801961,0,0.011279674,inner_val
ISIC_7803426,0,0.03426129,inner_val
ISIC_7806637,0,0.005282243,inner_val
ISIC_7807526,0,0.0003862718,inner_val
ISIC_7808556,0,0.003031476,inner_val
ISIC_7818740,0,0.043493263,inner_val
ISIC_7820042,0,0.050232187,inner_val
ISIC_7820044,0,0.012801295,inner_val
ISIC_7821647,0,0.0020601107,inner_val
ISIC_7821675,0,0.0068906266,inner_val
ISIC_7825342,0,0.0066276784,inner_val
ISIC_7828712,0,0.0039213817,inner_val
ISIC_7829883,0,0.007342496,inner_val
ISIC_7836288,0,0.0075346185,inner_val
ISIC_7837503,0,0.00081928814,inner_val
ISIC_7844825,1,0.017448476,inner_val
ISIC_7861117,0,0.0038990057,inner_val
ISIC_7866488,0,0.23297778,inner_val
ISIC_7869255,0,0.0027482298,inner_val
ISIC_7877034,0,0.010123118,inner_val
ISIC_7880793,0,0.009407811,inner_val
ISIC_7885845,0,0.004283489,inner_val
ISIC_7886280,0,0.0048269653,inner_val
ISIC_7888236,0,0.016322365,inner_val
ISIC_7889231,0,0.076625906,inner_val
ISIC_7890630,0,0.017528944,inner_val
ISIC_7896548,0,0.026014829,inner_val
ISIC_7897363,0,0.002493034,inner_val
ISIC_7901786,0,0.012769361,inner_val
ISIC_7902978,0,0.0012716036,inner_val
ISIC_7906421,0,0.087857716,inner_val
ISIC_7906462,0,0.01955717,inner_val
ISIC_7909667,0,0.030772062,inner_val
ISIC_7909916,0,0.00029761464,inner_val
ISIC_7912334,0,0.0012514311,inner_val
ISIC_7927285,0,0.0025672135,inner_val
ISIC_7932749,0,0.10973367,inner_val
ISIC_7933514,0,0.0018949269,inner_val
ISIC_7933945,0,0.0031778822,inner_val
ISIC_7936961,0,0.00057483953,inner_val
ISIC_7939511,0,0.03900361,inner_val
ISIC_7939816,1,0.05936502,inner_val
ISIC_7948999,0,0.06511127,inner_val
ISIC_7954538,0,0.014946089,inner_val
ISIC_7960892,0,0.019796384,inner_val
ISIC_7961805,0,0.016947938,inner_val
ISIC_7966605,0,0.0031616404,inner_val
ISIC_7968800,0,0.011206031,inner_val
ISIC_7973296,0,0.00031008324,inner_val
ISIC_7973714,0,0.0031420859,inner_val
ISIC_7974945,0,0.016893826,inner_val
ISIC_7975420,0,0.029511193,inner_val
ISIC_7980339,0,0.021790057,inner_val
ISIC_7980625,0,0.017338661,inner_val
ISIC_7981196,0,0.0029572544,inner_val
ISIC_7993774,0,0.0027265016,inner_val
ISIC_7995237,0,0.024515368,inner_val
ISIC_7997132,0,0.0008848959,inner_val
ISIC_7999342,0,0.0011832623,inner_val
ISIC_8003465,0,0.012485443,inner_val
ISIC_8004013,0,0.0017069043,inner_val
ISIC_8005770,0,0.009734605,inner_val
ISIC_8012737,0,0.00071169646,inner_val
ISIC_8017569,0,0.006086002,inner_val
ISIC_8022003,0,0.0054545025,inner_val
ISIC_8028682,0,0.009344715,inner_val
ISIC_8035608,0,0.0032368815,inner_val
ISIC_8044518,0,0.03155678,inner_val
ISIC_8045383,0,0.0022608377,inner_val
ISIC_8047129,0,0.008749725,inner_val
ISIC_8047390,0,0.0015490038,inner_val
ISIC_8048290,0,0.0060827294,inner_val
ISIC_8051791,0,0.06990739,inner_val
ISIC_8052877,0,0.005677136,inner_val
ISIC_8052972,0,0.002231514,inner_val
ISIC_8054710,0,0.14618073,inner_val
ISIC_8059361,0,0.0071943733,inner_val
ISIC_8060329,0,0.025229387,inner_val
ISIC_8061791,0,0.001191184,inner_val
ISIC_8063080,0,0.003590186,inner_val
ISIC_8065538,0,0.004850491,inner_val
ISIC_8065721,0,0.0069313934,inner_val
ISIC_8070064,0,0.021260524,inner_val
ISIC_8070070,0,0.027783448,inner_val
ISIC_8072117,0,0.0018417814,inner_val
ISIC_8072819,0,0.017821742,inner_val
ISIC_8074281,0,0.06229215,inner_val
ISIC_8077486,0,0.0022872265,inner_val
ISIC_8080577,0,0.00090315804,inner_val
ISIC_8083174,0,0.003117475,inner_val
ISIC_8089369,0,0.007539113,inner_val
ISIC_8092875,0,0.0074935504,inner_val
ISIC_8094833,0,0.007326606,inner_val
ISIC_8096907,0,0.0013561286,inner_val
ISIC_8098274,0,0.32440338,inner_val
ISIC_8109950,0,0.0016130374,inner_val
ISIC_8117653,0,0.0003822081,inner_val
ISIC_8122480,0,0.08301891,inner_val
ISIC_8125684,0,0.000791734,inner_val
ISIC_8129759,0,0.012856865,inner_val
ISIC_8135849,0,0.019437062,inner_val
ISIC_8136949,0,0.0008440088,inner_val
ISIC_8137345,0,0.0085937,inner_val
ISIC_8139964,0,0.004925293,inner_val
ISIC_8140072,0,0.05062725,inner_val
ISIC_8142203,0,0.0073705968,inner_val
ISIC_8152481,0,0.02328702,inner_val
ISIC_8153032,0,0.0046527134,inner_val
ISIC_8160180,0,0.0060341572,inner_val
ISIC_8166819,0,0.015304349,inner_val
ISIC_8167374,1,0.18583524,inner_val
ISIC_8167414,0,0.013983895,inner_val
ISIC_8172170,0,0.03626971,inner_val
ISIC_8177391,0,0.0018817479,inner_val
ISIC_8179199,0,0.0025821712,inner_val
ISIC_8179839,0,0.07676033,inner_val
ISIC_8181718,0,0.0024724477,inner_val
ISIC_8185167,0,0.020549957,inner_val
ISIC_8188799,0,0.008657575,inner_val
ISIC_8202626,0,0.19318275,inner_val
ISIC_8204804,0,0.014701478,inner_val
ISIC_8205614,0,0.04006881,inner_val
ISIC_8207186,0,0.0060953493,inner_val
ISIC_8211756,0,0.011889315,inner_val
ISIC_8220700,0,0.0015722016,inner_val
ISIC_8223110,0,0.021840034,inner_val
ISIC_8225843,0,0.01208082,inner_val
ISIC_8227428,0,0.005112116,inner_val
ISIC_8236820,0,0.14300713,inner_val
ISIC_8236943,0,0.025894277,inner_val
ISIC_8247499,0,0.02443221,inner_val
ISIC_8248922,0,0.0088444995,inner_val
ISIC_8250654,0,0.0427039,inner_val
ISIC_8252406,1,0.03957775,inner_val
ISIC_8258907,0,0.013237194,inner_val
ISIC_8264021,0,0.008965871,inner_val
ISIC_8264614,0,0.0044824868,inner_val
ISIC_8270028,0,0.01195529,inner_val
ISIC_8270072,0,0.019237857,inner_val
ISIC_8274622,0,0.0033782157,inner_val
ISIC_8277301,0,0.0039718603,inner_val
ISIC_8278604,0,0.0016168602,inner_val
ISIC_8286565,0,0.021958852,inner_val
ISIC_8287726,0,0.0041858735,inner_val
ISIC_8290994,0,0.0009394071,inner_val
ISIC_8292095,0,0.006656797,inner_val
ISIC_8295663,0,0.00049194926,inner_val
ISIC_8298434,0,0.029289603,inner_val
ISIC_8300326,0,0.0354978,inner_val
ISIC_8300954,0,0.004153884,inner_val
ISIC_8301536,0,0.0037322647,inner_val
ISIC_8302321,0,0.017867472,inner_val
ISIC_8312576,0,0.014047821,inner_val
ISIC_8314353,0,0.004361046,inner_val
ISIC_8316707,0,0.0077034067,inner_val
ISIC_8319711,0,0.00929797,inner_val
ISIC_8320640,0,0.0073446548,inner_val
ISIC_8321148,0,0.00070798735,inner_val
ISIC_8330805,0,0.0019781948,inner_val
ISIC_8331313,0,0.036279585,inner_val
ISIC_8335398,0,0.004224649,inner_val
ISIC_8337820,0,0.0022932866,inner_val
ISIC_8338755,0,0.012882029,inner_val
ISIC_8339129,0,0.0031011591,inner_val
ISIC_8340512,0,0.009189269,inner_val
ISIC_8342541,0,0.014198012,inner_val
ISIC_8343418,0,0.0015446587,inner_val
ISIC_8344948,0,0.018884284,inner_val
ISIC_8353090,0,0.090702765,inner_val
ISIC_8356528,0,0.0012180146,inner_val
ISIC_8357114,0,0.043634385,inner_val
ISIC_8357442,0,0.008112334,inner_val
ISIC_8360023,0,0.08332256,inner_val
ISIC_8366864,0,0.0005019146,inner_val
ISIC_8370239,0,0.0013530788,inner_val
ISIC_8374895,0,0.0015383763,inner_val
ISIC_8375123,0,0.0010327873,inner_val
ISIC_8375331,0,3.677189e-05,inner_val
ISIC_8375933,0,0.00624814,inner_val
ISIC_8377218,0,0.007982409,inner_val
ISIC_8384082,0,0.006489293,inner_val
ISIC_8389650,0,0.0064751636,inner_val
ISIC_8391394,0,0.022626806,inner_val
ISIC_8394030,0,0.002513294,inner_val
ISIC_8395542,0,0.026616002,inner_val
ISIC_8401949,0,0.034756817,inner_val
ISIC_8402962,0,0.059762698,inner_val
ISIC_8407262,0,0.04660216,inner_val
ISIC_8409850,0,0.0317064,inner_val
ISIC_8409977,0,0.059513927,inner_val
ISIC_8413505,0,0.0033932,inner_val
ISIC_8414421,0,0.0022885283,inner_val
ISIC_8416055,0,0.06485439,inner_val
ISIC_8417655,0,0.012758443,inner_val
ISIC_8422213,0,0.0009651925,inner_val
ISIC_8426130,0,0.006264771,inner_val
ISIC_8428038,0,0.0037217138,inner_val
ISIC_8429798,0,0.074982844,inner_val
ISIC_8429889,0,0.015831484,inner_val
ISIC_8430002,0,0.017887902,inner_val
ISIC_8430053,0,0.0063435095,inner_val
ISIC_8430286,0,0.280078,inner_val
ISIC_8431681,0,0.005492873,inner_val
ISIC_8431949,0,0.024153518,inner_val
ISIC_8436666,0,0.0030978029,inner_val
ISIC_8445109,0,0.037302412,inner_val
ISIC_8447174,0,0.0007589799,inner_val
ISIC_8451168,0,0.0006762903,inner_val
ISIC_8452205,0,0.004655965,inner_val
ISIC_8454214,0,0.0033310857,inner_val
ISIC_8455853,0,0.00954416,inner_val
ISIC_8455866,0,0.002108922,inner_val
ISIC_8456275,0,0.0031601228,inner_val
ISIC_8458843,0,0.0333862,inner_val
ISIC_8459354,0,0.003885785,inner_val
ISIC_8461708,0,0.008696363,inner_val
ISIC_8462364,0,0.062966,inner_val
ISIC_8466131,0,0.0010474918,inner_val
ISIC_8468778,0,0.0043058945,inner_val
ISIC_8475734,0,0.04035095,inner_val
ISIC_8480641,0,0.00838343,inner_val
ISIC_8481601,0,0.029357867,inner_val
ISIC_8484867,0,0.0064395214,inner_val
ISIC_8485142,0,0.002998809,inner_val
ISIC_8491294,0,0.13444091,inner_val
ISIC_8492388,0,0.0028164955,inner_val
ISIC_8492957,0,0.092276126,inner_val
ISIC_8493401,0,0.001611023,inner_val
ISIC_8494027,0,0.09536061,inner_val
ISIC_8494551,0,0.005236399,inner_val
ISIC_8496245,0,0.020013662,inner_val
ISIC_8501844,0,0.016002899,inner_val
ISIC_8503961,0,0.009480217,inner_val
ISIC_8505098,0,0.011109093,inner_val
ISIC_8505182,0,0.0023766952,inner_val
ISIC_8515281,0,0.001694425,inner_val
ISIC_8515674,0,0.0013381062,inner_val
ISIC_8516631,0,0.0028034148,inner_val
ISIC_8517305,0,0.0011973218,inner_val
ISIC_8527092,1,0.2130209,inner_val
ISIC_8528497,0,0.02284526,inner_val
ISIC_8531541,0,0.00084435905,inner_val
ISIC_8539883,0,0.0046548382,inner_val
ISIC_8542407,0,0.00830998,inner_val
ISIC_8543283,0,0.0016976019,inner_val
ISIC_8545097,0,0.034919906,inner_val
ISIC_8545949,1,0.011337829,inner_val
ISIC_8549526,0,0.0013453113,inner_val
ISIC_8557006,0,0.0066875494,inner_val
ISIC_8560031,0,0.042189445,inner_val
ISIC_8562717,0,0.07169513,inner_val
ISIC_8572722,0,0.017079337,inner_val
ISIC_8577966,0,0.0014592981,inner_val
ISIC_8580692,0,0.0018211476,inner_val
ISIC_8590181,0,0.0042448347,inner_val
ISIC_8593130,0,0.46557802,inner_val
ISIC_8603734,0,0.04127447,inner_val
ISIC_8610534,0,0.00039868237,inner_val
ISIC_8612113,0,0.0009376813,inner_val
ISIC_8616723,0,0.055426985,inner_val
ISIC_8617145,0,0.0024917463,inner_val
ISIC_8618260,0,0.0020970253,inner_val
ISIC_8621002,0,0.0018208408,inner_val
ISIC_8622204,0,0.010789223,inner_val
ISIC_8623233,0,0.046763375,inner_val
ISIC_8623743,0,0.0025981367,inner_val
ISIC_8626005,0,0.0061992533,inner_val
ISIC_8629932,0,0.0013130928,inner_val
ISIC_8632929,0,0.0010009219,inner_val
ISIC_8633166,0,0.0008393211,inner_val
ISIC_8642670,0,0.0022361607,inner_val
ISIC_8644092,0,0.0005793276,inner_val
ISIC_8647135,0,0.07352799,inner_val
ISIC_8651053,0,0.0017478241,inner_val
ISIC_8653749,0,0.037939016,inner_val
ISIC_8653964,0,0.0026570682,inner_val
ISIC_8658618,0,0.0018107771,inner_val
ISIC_8661993,0,0.022005012,inner_val
ISIC_8666446,0,0.018580329,inner_val
ISIC_8670418,0,0.0038784056,inner_val
ISIC_8670789,0,0.012406988,inner_val
ISIC_8673238,0,0.0021950672,inner_val
ISIC_8674332,0,0.0014545685,inner_val
ISIC_8674558,0,0.0031900392,inner_val
ISIC_8676305,0,0.005676818,inner_val
ISIC_8680191,0,0.0022113193,inner_val
ISIC_8683098,0,0.0035510727,inner_val
ISIC_8697410,0,0.020246757,inner_val
ISIC_8704668,0,0.005153175,inner_val
ISIC_8705729,0,0.10009325,inner_val
ISIC_8706441,0,0.0782178,inner_val
ISIC_8709211,0,0.0010221627,inner_val
ISIC_8709649,0,0.0120167555,inner_val
ISIC_8711778,0,0.0013709794,inner_val
ISIC_8712401,0,0.043931767,inner_val
ISIC_8715329,0,0.006573852,inner_val
ISIC_8716533,0,0.004057539,inner_val
ISIC_8719134,0,0.00045749603,inner_val
ISIC_8721166,0,0.002466618,inner_val
ISIC_8722667,0,0.0022845338,inner_val
ISIC_8726909,0,0.0018953668,inner_val
ISIC_8726948,0,0.0049337903,inner_val
ISIC_8733422,0,0.006295672,inner_val
ISIC_8738925,0,0.005458332,inner_val
ISIC_8748953,0,0.002142461,inner_val
ISIC_8749666,0,0.03951158,inner_val
ISIC_8755239,0,0.01877084,inner_val
ISIC_8758963,0,0.0017737547,inner_val
ISIC_8764217,0,0.0017140672,inner_val
ISIC_8765068,0,0.00644682,inner_val
ISIC_8765435,0,0.01906165,inner_val
ISIC_8769415,0,0.005205576,inner_val
ISIC_8770205,0,0.019637123,inner_val
ISIC_8772124,0,0.0062243356,inner_val
ISIC_8772865,0,0.14080897,inner_val
ISIC_8774086,0,0.0007985907,inner_val
ISIC_8785434,0,0.00437606,inner_val
ISIC_8789051,1,0.20534806,inner_val
ISIC_8790885,0,0.04354757,inner_val
ISIC_8793471,0,0.020884471,inner_val
ISIC_8796456,0,0.0007735095,inner_val
ISIC_8797868,0,0.0073974067,inner_val
ISIC_8799158,0,0.013971836,inner_val
ISIC_8802922,0,0.044184953,inner_val
ISIC_8803600,0,0.05942628,inner_val
ISIC_8808627,0,0.006487421,inner_val
ISIC_8811120,0,0.0012466557,inner_val
ISIC_8820668,0,0.017597761,inner_val
ISIC_8822452,0,0.008276841,inner_val
ISIC_8822738,0,0.0012681215,inner_val
ISIC_8827637,0,0.0038078441,inner_val
ISIC_8834482,0,0.013201703,inner_val
ISIC_8837443,0,0.038827028,inner_val
ISIC_8847050,0,0.0027629526,inner_val
ISIC_8847638,0,0.0017680832,inner_val
ISIC_8848761,0,0.0013763248,inner_val
ISIC_8849283,0,0.005445869,inner_val
ISIC_8849946,0,0.03949831,inner_val
ISIC_8855790,0,0.021518048,inner_val
ISIC_8855901,0,0.0337078,inner_val
ISIC_8856029,0,0.16191928,inner_val
ISIC_8856727,0,0.0029983262,inner_val
ISIC_8856781,0,0.04371647,inner_val
ISIC_8863678,0,0.006834774,inner_val
ISIC_8865342,0,0.0041579693,inner_val
ISIC_8873823,0,0.0024785236,inner_val
ISIC_8876766,0,0.001388594,inner_val
ISIC_8880180,0,0.0026912098,inner_val
ISIC_8880482,0,0.0801193,inner_val
ISIC_8882364,0,0.02695951,inner_val
ISIC_8883454,0,0.095954895,inner_val
ISIC_8892973,0,0.02488617,inner_val
ISIC_8893501,0,0.013515578,inner_val
ISIC_8893962,0,0.06691839,inner_val
ISIC_8899352,0,0.0049284934,inner_val
ISIC_8900730,0,0.0016993936,inner_val
ISIC_8901784,0,0.016979825,inner_val
ISIC_8902868,0,0.006704457,inner_val
ISIC_8904639,0,0.14824626,inner_val
ISIC_8905841,0,0.0017278031,inner_val
ISIC_8909618,0,0.0016954512,inner_val
ISIC_8910102,0,0.022499908,inner_val
ISIC_8920203,0,0.0013109628,inner_val
ISIC_8922111,0,0.0010177254,inner_val
ISIC_8922355,0,0.040630065,inner_val
ISIC_8930970,0,0.003535836,inner_val
ISIC_8934691,0,0.0245333,inner_val
ISIC_8949026,0,0.012127383,inner_val
ISIC_8953775,0,0.02727024,inner_val
ISIC_8959657,0,0.019996792,inner_val
ISIC_8960223,0,0.0014720752,inner_val
ISIC_8961105,0,0.004371309,inner_val
ISIC_8963614,0,0.001971907,inner_val
ISIC_8966059,0,0.0008766559,inner_val
ISIC_8969883,0,0.0029656559,inner_val
ISIC_8976269,0,0.00080838095,inner_val
ISIC_8976889,0,0.009222567,inner_val
ISIC_8980734,0,0.00031012966,inner_val
ISIC_8984990,0,0.00493971,inner_val
ISIC_8986314,0,0.036634684,inner_val
ISIC_8992673,0,0.018327596,inner_val
ISIC_8997983,0,0.1394798,inner_val
ISIC_8998190,0,0.008026427,inner_val
ISIC_9003062,0,0.004244831,inner_val
ISIC_9005623,0,0.012056432,inner_val
ISIC_9025263,0,0.0018764605,inner_val
ISIC_9027285,0,0.018503614,inner_val
ISIC_9029941,0,0.018892847,inner_val
ISIC_9030376,0,0.007034384,inner_val
ISIC_9042958,0,0.020270059,inner_val
ISIC_9045840,0,0.02956216,inner_val
ISIC_9047209,0,0.006169425,inner_val
ISIC_9049462,0,0.0021360158,inner_val
ISIC_9056392,0,0.045835476,inner_val
ISIC_9059870,0,0.0010540211,inner_val
ISIC_9061511,0,0.003385467,inner_val
ISIC_9062714,0,0.004093459,inner_val
ISIC_9065461,0,0.0025850146,inner_val
ISIC_9066099,0,0.006184424,inner_val
ISIC_9074247,0,0.005554756,inner_val
ISIC_9074406,0,0.0102692945,inner_val
ISIC_9076133,0,0.0044920594,inner_val
ISIC_9076637,0,0.1215764,inner_val
ISIC_9080650,0,0.0070313876,inner_val
ISIC_9081663,0,0.0035673787,inner_val
ISIC_9085719,0,0.0014647313,inner_val
ISIC_9100933,0,0.01816498,inner_val
ISIC_9102352,0,0.00041008453,inner_val
ISIC_9105258,0,0.026182504,inner_val
ISIC_9106692,0,0.011048163,inner_val
ISIC_9108562,0,0.011168784,inner_val
ISIC_9110426,0,0.009089516,inner_val
ISIC_9112372,0,0.018858032,inner_val
ISIC_9119549,0,0.0021101665,inner_val
ISIC_9121151,0,0.016712608,inner_val
ISIC_9124500,0,0.0026701486,inner_val
ISIC_9137479,0,0.31264263,inner_val
ISIC_9140677,0,0.0027475555,inner_val
ISIC_9143744,0,0.003245502,inner_val
ISIC_9146496,0,0.29337338,inner_val
ISIC_9148241,0,0.009652952,inner_val
ISIC_9148443,0,0.0015213138,inner_val
ISIC_9150700,0,0.010570614,inner_val
ISIC_9160237,0,0.005439613,inner_val
ISIC_9160614,0,0.0123911,inner_val
ISIC_9163684,0,0.0037821378,inner_val
ISIC_9168624,0,0.017105045,inner_val
ISIC_9168700,0,0.012684629,inner_val
ISIC_9172357,0,0.015947077,inner_val
ISIC_9176160,0,0.019636605,inner_val
ISIC_9176281,0,0.01928544,inner_val
ISIC_9177435,0,0.013484364,inner_val
ISIC_9178347,0,0.00066206866,inner_val
ISIC_9178485,0,0.00062807667,inner_val
ISIC_9182272,0,0.014877474,inner_val
ISIC_9182462,0,0.042917755,inner_val
ISIC_9189897,0,0.0032632747,inner_val
ISIC_9196122,0,0.0069541507,inner_val
ISIC_9199429,1,0.26875758,inner_val
ISIC_9204214,0,0.0024138545,inner_val
ISIC_9207161,0,0.0021062903,inner_val
ISIC_9211175,0,0.07741219,inner_val
ISIC_9211620,0,0.031559035,inner_val
ISIC_9214172,0,0.005951633,inner_val
ISIC_9223743,0,0.0020245952,inner_val
ISIC_9224337,0,0.042164873,inner_val
ISIC_9236253,0,0.0022436366,inner_val
ISIC_9239789,0,0.00439383,inner_val
ISIC_9245103,0,0.0056180833,inner_val
ISIC_9245674,0,0.003158599,inner_val
ISIC_9245680,0,0.007992836,inner_val
ISIC_9246565,0,0.006141837,inner_val
ISIC_9246908,0,0.0013454196,inner_val
ISIC_9252628,0,0.019903528,inner_val
ISIC_9257356,0,0.0007550742,inner_val
ISIC_9260935,0,0.00081404665,inner_val
ISIC_9262813,0,0.0016473385,inner_val
ISIC_9265973,0,0.16723917,inner_val
ISIC_9267202,0,0.0010903795,inner_val
ISIC_9272859,0,0.0076782573,inner_val
ISIC_9273777,0,0.003189856,inner_val
ISIC_9278139,0,0.0007846106,inner_val
ISIC_9278477,0,0.023663405,inner_val
ISIC_9285033,0,0.007889349,inner_val
ISIC_9288490,0,0.031662513,inner_val
ISIC_9289932,0,0.062409814,inner_val
ISIC_9300449,0,0.015473705,inner_val
ISIC_9311196,0,0.0031718458,inner_val
ISIC_9314142,0,0.0022699416,inner_val
ISIC_9315146,0,0.0036127986,inner_val
ISIC_9320258,0,0.00064413325,inner_val
ISIC_9320586,0,0.0011554379,inner_val
ISIC_9326674,0,0.007860428,inner_val
ISIC_9331031,0,0.0011441666,inner_val
ISIC_9331782,0,0.006450061,inner_val
ISIC_9333157,0,0.024174185,inner_val
ISIC_9333546,0,0.03553344,inner_val
ISIC_9334741,0,0.004819234,inner_val
ISIC_9336382,0,0.0018815241,inner_val
ISIC_9336675,0,0.07078856,inner_val
ISIC_9337015,0,0.005440005,inner_val
ISIC_9338349,0,0.010841165,inner_val
ISIC_9339525,0,0.009644718,inner_val
ISIC_9339842,0,0.25917935,inner_val
ISIC_9340102,0,0.0017001712,inner_val
ISIC_9343601,0,0.009748557,inner_val
ISIC_9348374,0,0.18022038,inner_val
ISIC_9352293,0,0.06262633,inner_val
ISIC_9354965,0,0.0770672,inner_val
ISIC_9364585,0,0.007027048,inner_val
ISIC_9369222,0,0.014563452,inner_val
ISIC_9374111,0,0.0032126266,inner_val
ISIC_9374598,0,0.004829745,inner_val
ISIC_9380228,0,0.011218587,inner_val
ISIC_9382392,0,0.008673705,inner_val
ISIC_9403126,0,0.0043536383,inner_val
ISIC_9405838,0,0.0042346767,inner_val
ISIC_9418177,0,0.061472945,inner_val
ISIC_9425363,0,0.020868586,inner_val
ISIC_9425937,0,0.0028575703,inner_val
ISIC_9426607,0,0.010452955,inner_val
ISIC_9429870,0,0.119321175,inner_val
ISIC_9435365,0,0.0080318125,inner_val
ISIC_9436034,0,0.00015442535,inner_val
ISIC_9441393,0,0.0029327467,inner_val
ISIC_9442362,0,0.003944223,inner_val
ISIC_9443820,0,0.0018327946,inner_val
ISIC_9444090,0,0.0033171864,inner_val
ISIC_9448281,0,0.002399448,inner_val
ISIC_9452525,0,0.002733863,inner_val
ISIC_9456322,0,0.001754678,inner_val
ISIC_9459923,0,0.00084498967,inner_val
ISIC_9461926,0,0.0018460829,inner_val
ISIC_9462955,0,0.0026277406,inner_val
ISIC_9465063,0,0.0044496995,inner_val
ISIC_9472951,0,0.00040876807,inner_val
ISIC_9474470,0,0.0036493058,inner_val
ISIC_9481834,0,0.0011534267,inner_val
ISIC_9482251,0,0.010868735,inner_val
ISIC_9484908,0,0.015509275,inner_val
ISIC_9487287,0,0.06618598,inner_val
ISIC_9491531,0,0.0029405453,inner_val
ISIC_9500007,0,0.018775336,inner_val
ISIC_9501851,0,0.023039842,inner_val
ISIC_9506257,0,0.05188634,inner_val
ISIC_9507926,0,0.0022103093,inner_val
ISIC_9509206,0,0.0090746125,inner_val
ISIC_9509376,0,0.008702157,inner_val
ISIC_9509813,0,0.0062865266,inner_val
ISIC_9509844,0,0.0065726535,inner_val
ISIC_9511832,0,0.0009949063,inner_val
ISIC_9514708,0,0.030389398,inner_val
ISIC_9516221,0,0.012941391,inner_val
ISIC_9517752,0,0.017050952,inner_val
ISIC_9521537,0,0.04140275,inner_val
ISIC_9521776,0,0.009939613,inner_val
ISIC_9521898,0,0.0027548347,inner_val
ISIC_9525579,0,0.0029384086,inner_val
ISIC_9525721,0,0.024118742,inner_val
ISIC_9531403,0,0.00078543165,inner_val
ISIC_9534056,0,0.00061190955,inner_val
ISIC_9538419,0,0.0017233316,inner_val
ISIC_9540109,0,0.0020703182,inner_val
ISIC_9540825,0,0.003914768,inner_val
ISIC_9552235,0,0.025868554,inner_val
ISIC_9560804,0,0.38297585,inner_val
ISIC_9562036,0,0.0055193757,inner_val
ISIC_9566426,0,0.0014925026,inner_val
ISIC_9567694,0,0.0017460629,inner_val
ISIC_9570207,0,0.00066082715,inner_val
ISIC_9572651,0,0.019210638,inner_val
ISIC_9580941,0,0.079540156,inner_val
ISIC_9588205,0,0.01296075,inner_val
ISIC_9590331,0,0.014027388,inner_val
ISIC_9590900,0,0.014567874,inner_val
ISIC_9593811,0,0.15329298,inner_val
ISIC_9593933,0,0.011416391,inner_val
ISIC_9594280,0,0.02404545,inner_val
ISIC_9596531,0,0.006784969,inner_val
ISIC_9597903,0,0.006694312,inner_val
ISIC_9603966,0,0.0007564058,inner_val
ISIC_9609907,0,0.004527808,inner_val
ISIC_9616281,0,0.0025134962,inner_val
ISIC_9623772,0,0.018356727,inner_val
ISIC_9624268,0,0.02624644,inner_val
ISIC_9625875,0,0.0021949187,inner_val
ISIC_9626110,0,0.092570774,inner_val
ISIC_9629583,0,0.048648756,inner_val
ISIC_9631669,0,0.0019113444,inner_val
ISIC_9631792,0,0.0011600865,inner_val
ISIC_9632665,0,0.06569527,inner_val
ISIC_9633789,0,0.003880652,inner_val
ISIC_9634177,0,0.0031491348,inner_val
ISIC_9637285,0,0.026728194,inner_val
ISIC_9643578,0,0.026030801,inner_val
ISIC_9646599,0,0.035892203,inner_val
ISIC_9649534,0,0.0010432886,inner_val
ISIC_9650848,0,0.004518398,inner_val
ISIC_9651698,0,0.002082935,inner_val
ISIC_9652183,0,0.005738392,inner_val
ISIC_9654537,0,0.0038232266,inner_val
ISIC_9661686,0,0.0072263987,inner_val
ISIC_9662236,0,0.014214219,inner_val
ISIC_9663017,0,0.007283773,inner_val
ISIC_9670242,0,0.003020665,inner_val
ISIC_9670400,0,0.0004686603,inner_val
ISIC_9672376,0,0.0026206793,inner_val
ISIC_9685931,1,0.06340885,inner_val
ISIC_9690865,0,0.005956239,inner_val
ISIC_9695205,0,0.0015604411,inner_val
ISIC_9698575,0,0.09328108,inner_val
ISIC_9712522,0,0.19243434,inner_val
ISIC_9712995,0,0.063915975,inner_val
ISIC_9714160,0,0.043935664,inner_val
ISIC_9719922,0,0.005586594,inner_val
ISIC_9723519,0,0.032278135,inner_val
ISIC_9724506,0,0.0030200249,inner_val
ISIC_9729313,0,0.004498228,inner_val
ISIC_9729529,0,0.037953213,inner_val
ISIC_9731969,0,0.0014470753,inner_val
ISIC_9742104,0,0.013163022,inner_val
ISIC_9745283,0,0.027426526,inner_val
ISIC_9748543,0,0.004920983,inner_val
ISIC_9749056,0,0.060318913,inner_val
ISIC_9753857,0,0.0073791523,inner_val
ISIC_9756079,0,0.05067902,inner_val
ISIC_9763702,0,0.01564556,inner_val
ISIC_9764833,0,0.0040714424,inner_val
ISIC_9764868,0,0.009619614,inner_val
ISIC_9765024,0,0.008032731,inner_val
ISIC_9771739,0,0.037621964,inner_val
ISIC_9777543,0,0.009596406,inner_val
ISIC_9779803,0,0.00943207,inner_val
ISIC_9781738,0,0.012675555,inner_val
ISIC_9784337,0,0.005831194,inner_val
ISIC_9787578,0,0.03773592,inner_val
ISIC_9789911,0,0.0015483298,inner_val
ISIC_9791133,0,0.010163689,inner_val
ISIC_9798721,0,0.0102007175,inner_val
ISIC_9803651,0,0.0020887125,inner_val
ISIC_9805452,0,0.0012638681,inner_val
ISIC_9809544,0,0.007774542,inner_val
ISIC_9810094,0,0.06199069,inner_val
ISIC_9810847,0,0.0045043477,inner_val
ISIC_9817000,0,0.0070289504,inner_val
ISIC_9820907,0,0.1172239,inner_val
ISIC_9822725,0,0.0073725535,inner_val
ISIC_9824211,0,0.0018429384,inner_val
ISIC_9827962,0,0.0013467495,inner_val
ISIC_9829429,0,0.0005640666,inner_val
ISIC_9829805,0,0.0044119875,inner_val
ISIC_9830461,0,0.012539051,inner_val
ISIC_9830846,0,0.013962358,inner_val
ISIC_9833353,0,0.042877924,inner_val
ISIC_9839324,0,0.041903406,inner_val
ISIC_9840491,0,0.085060686,inner_val
ISIC_9846559,0,0.0005027204,inner_val
ISIC_9851670,0,0.0011718705,inner_val
ISIC_9853051,0,0.007417362,inner_val
ISIC_9856243,0,0.00020605023,inner_val
ISIC_9857857,0,0.007434626,inner_val
ISIC_9860391,0,0.0054896595,inner_val
ISIC_9861225,0,0.0052862586,inner_val
ISIC_9861423,0,0.041391756,inner_val
ISIC_9861674,0,0.003695052,inner_val
ISIC_9863995,0,0.04912275,inner_val
ISIC_9871124,0,0.056186926,inner_val
ISIC_9871381,0,0.0033893273,inner_val
ISIC_9876515,0,0.08901819,inner_val
ISIC_9877357,0,0.0042986833,inner_val
ISIC_9877843,0,0.007507145,inner_val
ISIC_9888203,0,0.0020565612,inner_val
ISIC_9892318,0,0.0043741595,inner_val
ISIC_9893698,0,0.0025891426,inner_val
ISIC_9894782,0,0.0015809882,inner_val
ISIC_9895436,0,0.0013648941,inner_val
ISIC_9898107,0,0.01663716,inner_val
ISIC_9898447,0,0.07366672,inner_val
ISIC_9899949,0,0.018745795,inner_val
ISIC_9909655,0,0.0023346883,inner_val
ISIC_9910854,0,0.0014856049,inner_val
ISIC_9913573,0,0.018652745,inner_val
ISIC_9913914,0,0.0021380943,inner_val
ISIC_9914767,0,0.00039730588,inner_val
ISIC_9915649,0,0.001235612,inner_val
ISIC_9916654,0,0.00838592,inner_val
ISIC_9918584,0,0.010925825,inner_val
ISIC_9921695,0,0.0069870614,inner_val
ISIC_9937653,0,0.008360908,inner_val
ISIC_9938191,0,0.0016682174,inner_val
ISIC_9939653,0,0.0023350471,inner_val
ISIC_9940802,0,0.00030331296,inner_val
ISIC_9944425,0,0.0075953715,inner_val
ISIC_9946702,0,0.0056189257,inner_val
ISIC_9949745,0,0.017167535,inner_val
ISIC_9956125,0,0.011435166,inner_val
ISIC_9956400,0,0.0010794732,inner_val
ISIC_9959011,0,0.01299235,inner_val
ISIC_9964362,0,0.042221453,inner_val
ISIC_9965843,0,0.0118773235,inner_val
ISIC_9968564,0,0.0010614106,inner_val
ISIC_9969263,0,0.012396424,inner_val
ISIC_9977784,0,0.004556289,inner_val
ISIC_9981194,0,0.002576565,inner_val
ISIC_9983696,0,0.039204128,inner_val
ISIC_9985905,0,0.005943173,inner_val
ISIC_9986333,0,0.0012817314,inner_val
ISIC_9996662,0,0.003143332,inner_val
ISIC_9997614,0,0.009328375,inner_val
ISIC_0074268,0,0.00086212746,held_fold
ISIC_0074542,0,0.034389228,held_fold
ISIC_0075914,0,0.0027603526,held_fold
ISIC_0083035,0,0.013950678,held_fold
ISIC_0091559,0,0.0038222405,held_fold
ISIC_0095805,0,0.0011491539,held_fold
ISIC_0096328,0,0.005953682,held_fold
ISIC_0109568,0,0.040561646,held_fold
ISIC_0112097,0,0.006475888,held_fold
ISIC_0114225,0,0.05068195,held_fold
ISIC_0148751,0,0.0019530302,held_fold
ISIC_0148783,0,0.0017746142,held_fold
ISIC_0153265,0,0.0151083125,held_fold
ISIC_0154338,0,0.05883602,held_fold
ISIC_0154872,0,0.02098094,held_fold
ISIC_0155173,0,0.08297051,held_fold
ISIC_0155273,0,0.009829006,held_fold
ISIC_0155473,0,0.005921827,held_fold
ISIC_0157530,0,0.0071404222,held_fold
ISIC_0159782,0,0.0096589755,held_fold
ISIC_0166935,0,0.009061123,held_fold
ISIC_0170285,0,0.037774473,held_fold
ISIC_0174527,0,0.033193447,held_fold
ISIC_0175837,0,0.015947632,held_fold
ISIC_0179104,0,0.00079678075,held_fold
ISIC_0180660,0,0.0023439797,held_fold
ISIC_0185135,0,0.0019491934,held_fold
ISIC_0185547,0,0.008478133,held_fold
ISIC_0186501,0,0.004801447,held_fold
ISIC_0189059,0,0.03239562,held_fold
ISIC_0189694,0,0.007389816,held_fold
ISIC_0190725,0,0.013039507,held_fold
ISIC_0191366,0,0.0030219636,held_fold
ISIC_0192490,0,0.0057350844,held_fold
ISIC_0194550,0,0.015929943,held_fold
ISIC_0194914,0,0.013851684,held_fold
ISIC_0196399,0,0.058870953,held_fold
ISIC_0199116,0,0.024883328,held_fold
ISIC_0199494,0,0.004398939,held_fold
ISIC_0200153,0,0.008957401,held_fold
ISIC_0202023,0,0.0011373162,held_fold
ISIC_0202576,0,0.000744075,held_fold
ISIC_0202680,0,0.017860018,held_fold
ISIC_0203016,0,0.006035321,held_fold
ISIC_0203233,0,0.004684585,held_fold
ISIC_0204275,0,0.003883375,held_fold
ISIC_0206442,0,0.016506527,held_fold
ISIC_0207209,0,0.003306743,held_fold
ISIC_0209871,0,0.002958371,held_fold
ISIC_0210308,0,0.006007361,held_fold
ISIC_0210423,0,0.02191538,held_fold
ISIC_0210830,0,0.030259475,held_fold
ISIC_0213336,0,0.0019636997,held_fold
ISIC_0214335,0,0.2739779,held_fold
ISIC_0220649,0,0.043667216,held_fold
ISIC_0224678,0,0.003669523,held_fold
ISIC_0224681,0,0.008387791,held_fold
ISIC_0225245,0,0.00181033,held_fold
ISIC_0227038,0,0.1278935,held_fold
ISIC_0227532,0,0.0005778714,held_fold
ISIC_0229680,0,0.0022364585,held_fold
ISIC_0232785,0,0.011180998,held_fold
ISIC_0234049,0,0.00060272595,held_fold
ISIC_0235728,0,0.011527687,held_fold
ISIC_0236237,0,0.0049279016,held_fold
ISIC_0237862,0,0.0008636271,held_fold
ISIC_0238002,0,0.008099467,held_fold
ISIC_0238118,0,0.000844726,held_fold
ISIC_0238711,0,0.0024057329,held_fold
ISIC_0239178,0,0.014741884,held_fold
ISIC_0239843,0,0.024288299,held_fold
ISIC_0247330,1,0.016103357,held_fold
ISIC_0250069,0,0.0046205306,held_fold
ISIC_0252649,0,0.024143288,held_fold
ISIC_0253516,0,0.010710811,held_fold
ISIC_0254686,0,0.0009206377,held_fold
ISIC_0254698,0,0.0011216182,held_fold
ISIC_0257755,0,0.001345073,held_fold
ISIC_0258065,0,0.0016781411,held_fold
ISIC_0260475,0,0.018773906,held_fold
ISIC_0263916,0,0.047063384,held_fold
ISIC_0264941,0,0.0046250992,held_fold
ISIC_0268187,0,0.00095289695,held_fold
ISIC_0270289,0,0.0004244077,held_fold
ISIC_0271408,0,0.0048949216,held_fold
ISIC_0273222,0,0.0121586425,held_fold
ISIC_0275661,0,0.0027748093,held_fold
ISIC_0275984,0,0.16338038,held_fold
ISIC_0276435,0,0.0010024604,held_fold
ISIC_0277164,0,0.0027994078,held_fold
ISIC_0278021,0,0.0032430938,held_fold
ISIC_0278130,0,0.002418239,held_fold
ISIC_0280603,0,0.012819059,held_fold
ISIC_0281286,0,0.0013479039,held_fold
ISIC_0281658,0,0.016957667,held_fold
ISIC_0282422,0,0.0055827172,held_fold
ISIC_0283511,0,0.007282956,held_fold
ISIC_0285157,0,0.0014985579,held_fold
ISIC_0291277,0,0.03644392,held_fold
ISIC_0291282,0,0.0012233206,held_fold
ISIC_0291882,0,0.0015018308,held_fold
ISIC_0292349,0,0.003091158,held_fold
ISIC_0294170,0,0.026205193,held_fold
ISIC_0294687,0,0.00397762,held_fold
ISIC_0295507,0,0.013105799,held_fold
ISIC_0295820,0,0.0024891368,held_fold
ISIC_0302441,0,0.0014771206,held_fold
ISIC_0305842,0,0.0015198123,held_fold
ISIC_0308127,0,0.0034787874,held_fold
ISIC_0310231,0,0.0013706738,held_fold
ISIC_0311853,0,0.0017523533,held_fold
ISIC_0313067,0,0.07010088,held_fold
ISIC_0315631,0,0.004056277,held_fold
ISIC_0316025,0,0.002784708,held_fold
ISIC_0319715,0,0.017030759,held_fold
ISIC_0319928,0,0.001585316,held_fold
ISIC_0324255,0,0.011330178,held_fold
ISIC_0325771,0,0.037098914,held_fold
ISIC_0326523,0,0.019272711,held_fold
ISIC_0326608,0,0.014577085,held_fold
ISIC_0338377,0,0.008530684,held_fold
ISIC_0340995,0,0.0013309359,held_fold
ISIC_0341262,0,0.0019523426,held_fold
ISIC_0341298,0,0.009532362,held_fold
ISIC_0342608,0,0.021455824,held_fold
ISIC_0344052,0,0.087046266,held_fold
ISIC_0345499,0,0.0028933466,held_fold
ISIC_0347263,0,0.0008576702,held_fold
ISIC_0348633,0,0.0025624805,held_fold
ISIC_0350472,0,0.00091878604,held_fold
ISIC_0354589,0,0.0004088246,held_fold
ISIC_0356611,0,0.020608585,held_fold
ISIC_0358326,0,0.0073198606,held_fold
ISIC_0358490,0,0.01469059,held_fold
ISIC_0361034,0,0.00034152597,held_fold
ISIC_0362190,0,0.02177267,held_fold
ISIC_0363130,0,0.00700483,held_fold
ISIC_0364478,0,0.020022089,held_fold
ISIC_0365410,0,0.005711594,held_fold
ISIC_0370132,0,0.060611274,held_fold
ISIC_0372376,0,0.0024187462,held_fold
ISIC_0372902,0,0.00366542,held_fold
ISIC_0375073,0,0.0111093605,held_fold
ISIC_0379979,0,0.013542394,held_fold
ISIC_0381169,0,0.017308211,held_fold
ISIC_0381342,0,0.013842007,held_fold
ISIC_0385609,0,0.0073433444,held_fold
ISIC_0385633,0,0.0075279,held_fold
ISIC_0389629,0,0.0062742746,held_fold
ISIC_0392334,0,0.0033897366,held_fold
ISIC_0392966,0,0.057215005,held_fold
ISIC_0398005,0,0.1607766,held_fold
ISIC_0398069,0,0.0020107364,held_fold
ISIC_0398140,0,0.0033721111,held_fold
ISIC_0399416,0,0.034189496,held_fold
ISIC_0400685,0,0.001826323,held_fold
ISIC_0401078,0,0.068671964,held_fold
ISIC_0401116,0,0.007832605,held_fold
ISIC_0407005,0,0.009297355,held_fold
ISIC_0407040,0,0.034615684,held_fold
ISIC_0407905,0,0.013418492,held_fold
ISIC_0409276,0,0.020498423,held_fold
ISIC_0410824,0,0.0180505,held_fold
ISIC_0413111,0,0.029479425,held_fold
ISIC_0413372,0,0.06700515,held_fold
ISIC_0413715,0,0.008062799,held_fold
ISIC_0413804,0,0.012191393,held_fold
ISIC_0419212,0,0.0048032156,held_fold
ISIC_0422139,0,0.012052819,held_fold
ISIC_0422225,0,0.015705565,held_fold
ISIC_0423312,0,0.00081986876,held_fold
ISIC_0423395,0,0.038629837,held_fold
ISIC_0423722,0,0.0069615245,held_fold
ISIC_0424784,0,0.0034817993,held_fold
ISIC_0426487,0,0.00057182997,held_fold
ISIC_0427760,0,0.001993399,held_fold
ISIC_0428656,0,0.017379215,held_fold
ISIC_0430356,0,0.004891088,held_fold
ISIC_0430837,0,0.022492316,held_fold
ISIC_0430904,0,0.005078266,held_fold
ISIC_0432077,0,0.0037740418,held_fold
ISIC_0434114,0,0.020794082,held_fold
ISIC_0435434,0,0.11190342,held_fold
ISIC_0437593,0,0.0043455353,held_fold
ISIC_0437828,0,0.015466376,held_fold
ISIC_0439040,0,0.001139781,held_fold
ISIC_0439839,0,0.041054387,held_fold
ISIC_0440584,0,0.0060336054,held_fold
ISIC_0442290,0,0.029353354,held_fold
ISIC_0443266,0,0.0007472496,held_fold
ISIC_0444347,0,0.030906344,held_fold
ISIC_0445396,0,0.11185656,held_fold
ISIC_0452388,0,0.0048046517,held_fold
ISIC_0460833,0,0.009680995,held_fold
ISIC_0461085,0,0.0021767686,held_fold
ISIC_0463621,0,0.0027696008,held_fold
ISIC_0467100,0,0.0046926136,held_fold
ISIC_0470433,0,0.0025935597,held_fold
ISIC_0473135,0,0.03059549,held_fold
ISIC_0475718,0,0.005061441,held_fold
ISIC_0476670,0,0.109020405,held_fold
ISIC_0478571,0,0.028450575,held_fold
ISIC_0479264,0,0.0012373728,held_fold
ISIC_0481425,0,0.011469802,held_fold
ISIC_0481652,0,0.0072973315,held_fold
ISIC_0481910,0,0.0015477344,held_fold
ISIC_0482297,0,0.0017680951,held_fold
ISIC_0483469,0,0.00017897265,held_fold
ISIC_0484568,0,0.0015813247,held_fold
ISIC_0485881,0,0.016459372,held_fold
ISIC_0490442,0,0.0007041539,held_fold
ISIC_0491818,0,0.011797145,held_fold
ISIC_0493653,0,0.010553885,held_fold
ISIC_0494046,0,0.0016480458,held_fold
ISIC_0494257,0,0.004705868,held_fold
ISIC_0494263,0,0.0039379746,held_fold
ISIC_0494383,0,0.0043494813,held_fold
ISIC_0497390,0,0.011634166,held_fold
ISIC_0499554,0,0.01310715,held_fold
ISIC_0500526,0,0.0030141065,held_fold
ISIC_0502016,0,0.0076481435,held_fold
ISIC_0502419,0,0.0025946097,held_fold
ISIC_0506617,0,0.0031545162,held_fold
ISIC_0511782,0,0.0014559744,held_fold
ISIC_0512155,0,0.004598041,held_fold
ISIC_0513488,0,0.0133925155,held_fold
ISIC_0514672,0,0.002485593,held_fold
ISIC_0516337,0,0.0047068936,held_fold
ISIC_0516982,0,0.0063622952,held_fold
ISIC_0518459,0,0.0126301395,held_fold
ISIC_0519719,0,0.04663979,held_fold
ISIC_0519765,0,0.021610806,held_fold
ISIC_0522865,0,0.04730479,held_fold
ISIC_0523125,0,0.0019921486,held_fold
ISIC_0526904,0,0.0005284791,held_fold
ISIC_0527166,0,0.0012720858,held_fold
ISIC_0527170,0,0.02082403,held_fold
ISIC_0527350,0,0.0019033672,held_fold
ISIC_0527593,0,0.024737455,held_fold
ISIC_0529784,0,0.0019223191,held_fold
ISIC_0534529,0,0.00033977098,held_fold
ISIC_0534674,0,0.009636264,held_fold
ISIC_0538688,0,0.0078876065,held_fold
ISIC_0539380,0,0.010592649,held_fold
ISIC_0543132,0,0.033680033,held_fold
ISIC_0545237,0,0.0004103575,held_fold
ISIC_0545322,0,0.00316469,held_fold
ISIC_0545838,0,0.002122656,held_fold
ISIC_0547769,0,0.14004962,held_fold
ISIC_0547934,0,0.00090945326,held_fold
ISIC_0548904,0,0.0018477882,held_fold
ISIC_0549163,0,0.00044846904,held_fold
ISIC_0549791,0,0.03170675,held_fold
ISIC_0551392,0,0.12243212,held_fold
ISIC_0552911,0,0.015114187,held_fold
ISIC_0554499,0,0.0022594763,held_fold
ISIC_0557109,0,0.01184093,held_fold
ISIC_0558046,0,0.0019277646,held_fold
ISIC_0559481,0,0.0021913669,held_fold
ISIC_0559566,0,0.11144089,held_fold
ISIC_0561295,0,0.00111004,held_fold
ISIC_0563533,0,0.0036035532,held_fold
ISIC_0563705,0,0.0034507986,held_fold
ISIC_0566530,0,0.037017733,held_fold
ISIC_0567142,0,0.016968183,held_fold
ISIC_0570393,0,0.0019992685,held_fold
ISIC_0570742,0,0.010089605,held_fold
ISIC_0571560,0,0.023785299,held_fold
ISIC_0572205,1,0.02400053,held_fold
ISIC_0572450,0,0.0072873835,held_fold
ISIC_0574880,0,0.098903745,held_fold
ISIC_0576265,0,0.0029555804,held_fold
ISIC_0576455,0,0.0020592972,held_fold
ISIC_0578534,0,0.024747148,held_fold
ISIC_0584130,0,0.019671042,held_fold
ISIC_0586053,0,0.0049552014,held_fold
ISIC_0586680,0,0.005183818,held_fold
ISIC_0588322,0,0.0020143336,held_fold
ISIC_0588855,0,0.0017808642,held_fold
ISIC_0589744,0,0.006271796,held_fold
ISIC_0590790,0,0.0017200478,held_fold
ISIC_0591226,0,0.006509269,held_fold
ISIC_0592068,0,0.018967155,held_fold
ISIC_0593756,0,0.030038131,held_fold
ISIC_0595018,0,0.0015051049,held_fold
ISIC_0595199,0,0.0056581562,held_fold
ISIC_0595676,0,0.0037592354,held_fold
ISIC_0597581,0,0.12675464,held_fold
ISIC_0599918,0,0.006684547,held_fold
ISIC_0600789,0,0.012958158,held_fold
ISIC_0600866,0,0.01793504,held_fold
ISIC_0601107,0,0.025540886,held_fold
ISIC_0602697,0,0.0013362322,held_fold
ISIC_0605145,0,0.013896433,held_fold
ISIC_0607852,0,0.031126415,held_fold
ISIC_0611629,0,0.0054480857,held_fold
ISIC_0612080,0,0.010077373,held_fold
ISIC_0612624,0,0.08847482,held_fold
ISIC_0615335,0,0.0027280762,held_fold
ISIC_0617442,0,0.0004959005,held_fold
ISIC_0617767,0,0.0011566201,held_fold
ISIC_0619244,0,0.001861153,held_fold
ISIC_0619848,0,0.040711123,held_fold
ISIC_0621550,0,0.040183086,held_fold
ISIC_0622084,0,0.0020246455,held_fold
ISIC_0622112,0,0.00240726,held_fold
ISIC_0623386,0,0.00119243,held_fold
ISIC_0623857,0,0.042269696,held_fold
ISIC_0623875,0,0.06344792,held_fold
ISIC_0624783,0,0.015389522,held_fold
ISIC_0630780,0,0.0049280985,held_fold
ISIC_0632876,0,0.01018252,held_fold
ISIC_0637043,0,0.0037945025,held_fold
ISIC_0637539,0,0.018091148,held_fold
ISIC_0638652,0,0.08001907,held_fold
ISIC_0638857,0,0.0066277287,held_fold
ISIC_0641173,0,0.0035551216,held_fold
ISIC_0642200,0,0.0009647172,held_fold
ISIC_0645116,0,0.0034863306,held_fold
ISIC_0645454,1,0.12813124,held_fold
ISIC_0648752,0,0.0014975986,held_fold
ISIC_0649544,0,0.0058944263,held_fold
ISIC_0650027,0,0.030798687,held_fold
ISIC_0653308,0,0.033617787,held_fold
ISIC_0653456,0,0.04290078,held_fold
ISIC_0654104,0,0.05685048,held_fold
ISIC_0654636,0,0.0013631898,held_fold
ISIC_0658225,0,0.0011804574,held_fold
ISIC_0659540,0,0.0045357244,held_fold
ISIC_0660770,0,0.0023700905,held_fold
ISIC_0661120,0,0.0040601604,held_fold
ISIC_0664031,0,0.011960309,held_fold
ISIC_0666641,0,0.010838015,held_fold
ISIC_0667136,0,0.07892855,held_fold
ISIC_0667315,0,0.0005529362,held_fold
ISIC_0668739,0,0.007553894,held_fold
ISIC_0668772,0,0.0030688492,held_fold
ISIC_0668969,0,0.1651834,held_fold
ISIC_0669605,0,0.0009554502,held_fold
ISIC_0671251,0,0.0077797812,held_fold
ISIC_0675972,0,0.019820284,held_fold
ISIC_0678196,0,0.01385919,held_fold
ISIC_0679359,0,0.049993362,held_fold
ISIC_0679494,0,0.0053020986,held_fold
ISIC_0679553,0,0.0038906534,held_fold
ISIC_0680210,0,0.018309409,held_fold
ISIC_0682255,0,0.004279143,held_fold
ISIC_0683259,0,0.00035033154,held_fold
ISIC_0686839,0,0.049169097,held_fold
ISIC_0687823,0,0.022517547,held_fold
ISIC_0690237,0,0.08272836,held_fold
ISIC_0690734,0,0.0018483425,held_fold
ISIC_0691454,0,0.0010200149,held_fold
ISIC_0694033,0,0.07313782,held_fold
ISIC_0694924,0,0.0525054,held_fold
ISIC_0695428,0,0.00769185,held_fold
ISIC_0697953,0,0.016774202,held_fold
ISIC_0700870,0,0.032498308,held_fold
ISIC_0701455,0,0.0037239706,held_fold
ISIC_0702042,0,0.00084546005,held_fold
ISIC_0702174,0,0.0006583419,held_fold
ISIC_0708542,0,0.033548266,held_fold
ISIC_0709699,0,0.00015969189,held_fold
ISIC_0712615,0,0.007371046,held_fold
ISIC_0715115,0,0.008456883,held_fold
ISIC_0715869,0,0.0012410051,held_fold
ISIC_0716541,0,0.0021278518,held_fold
ISIC_0716674,0,0.11621996,held_fold
ISIC_0718834,0,0.009695836,held_fold
ISIC_0719631,0,0.0020700062,held_fold
ISIC_0721010,0,0.0544385,held_fold
ISIC_0721819,0,0.0022060606,held_fold
ISIC_0726170,0,0.0031247907,held_fold
ISIC_0727322,0,0.10618404,held_fold
ISIC_0727489,0,0.0018004485,held_fold
ISIC_0734540,0,0.04952354,held_fold
ISIC_0737125,0,0.055853233,held_fold
ISIC_0737399,0,0.00762067,held_fold
ISIC_0737883,0,0.0014393535,held_fold
ISIC_0738587,0,0.28264436,held_fold
ISIC_0743096,0,0.03057535,held_fold
ISIC_0744013,1,0.019824797,held_fold
ISIC_0744177,0,0.01320771,held_fold
ISIC_0744553,0,0.0066335863,held_fold
ISIC_0745718,0,0.0038759448,held_fold
ISIC_0745721,0,0.0022952568,held_fold
ISIC_0746397,0,0.03997852,held_fold
ISIC_0747101,0,0.009345051,held_fold
ISIC_0749089,0,0.06248631,held_fold
ISIC_0749263,0,0.000482238,held_fold
ISIC_0751219,0,0.0008057987,held_fold
ISIC_0752546,0,0.04330938,held_fold
ISIC_0754156,0,0.019655123,held_fold
ISIC_0754561,0,0.005498977,held_fold
ISIC_0755565,0,0.0045827413,held_fold
ISIC_0760168,0,0.0013143509,held_fold
ISIC_0763140,0,0.0076667885,held_fold
ISIC_0764975,0,0.00443836,held_fold
ISIC_0765632,0,0.0056352057,held_fold
ISIC_0769854,0,0.0014757962,held_fold
ISIC_0770861,0,0.018072817,held_fold
ISIC_0771151,0,0.0006063655,held_fold
ISIC_0771537,0,0.0076373587,held_fold
ISIC_0772836,0,0.05381356,held_fold
ISIC_0772957,0,0.0021397837,held_fold
ISIC_0786170,0,0.00026360023,held_fold
ISIC_0786233,0,0.0022467652,held_fold
ISIC_0787585,0,0.004855945,held_fold
ISIC_0792805,0,0.00080879935,held_fold
ISIC_0793501,0,0.013962779,held_fold
ISIC_0796325,0,0.047399856,held_fold
ISIC_0800269,0,0.0019970958,held_fold
ISIC_0809173,0,0.000565897,held_fold
ISIC_0809241,0,0.002208616,held_fold
ISIC_0816917,0,0.005450999,held_fold
ISIC_0818621,0,0.0019814398,held_fold
ISIC_0821520,0,0.02552922,held_fold
ISIC_0822656,0,0.013436286,held_fold
ISIC_0826834,0,0.0006395875,held_fold
ISIC_0828069,0,0.04181637,held_fold
ISIC_0830131,0,0.040367644,held_fold
ISIC_0830217,0,0.0013404666,held_fold
ISIC_0830876,0,0.050763074,held_fold
ISIC_0834775,0,0.0140639255,held_fold
ISIC_0836546,0,0.0041488237,held_fold
ISIC_0843662,0,0.030836456,held_fold
ISIC_0844312,1,0.05620353,held_fold
ISIC_0846482,0,0.037070565,held_fold
ISIC_0846915,0,0.0036150187,held_fold
ISIC_0847420,0,0.0032759926,held_fold
ISIC_0849702,0,0.0016410772,held_fold
ISIC_0851556,0,0.2097971,held_fold
ISIC_0852790,0,0.15956731,held_fold
ISIC_0853825,0,0.005288325,held_fold
ISIC_0854335,0,0.005973644,held_fold
ISIC_0854601,0,0.029392384,held_fold
ISIC_0859438,0,0.009161403,held_fold
ISIC_0861128,0,0.005079374,held_fold
ISIC_0862063,0,0.03438917,held_fold
ISIC_0864226,0,0.001805194,held_fold
ISIC_0864527,0,0.005672576,held_fold
ISIC_0867503,0,0.03910817,held_fold
ISIC_0869142,0,0.015307957,held_fold
ISIC_0870696,0,0.0041666655,held_fold
ISIC_0873044,0,0.018009111,held_fold
ISIC_0873923,0,0.015277912,held_fold
ISIC_0877543,0,0.0025035082,held_fold
ISIC_0878530,0,0.034942653,held_fold
ISIC_0879962,0,0.0024599032,held_fold
ISIC_0882619,0,0.06992202,held_fold
ISIC_0884463,0,0.003613568,held_fold
ISIC_0884576,0,0.0074700094,held_fold
ISIC_0885048,0,0.0024282108,held_fold
ISIC_0886205,0,0.009454854,held_fold
ISIC_0886853,0,0.015605147,held_fold
ISIC_0890364,0,0.005887526,held_fold
ISIC_0892089,0,0.00074850465,held_fold
ISIC_0892980,0,0.0048005357,held_fold
ISIC_0894057,0,0.0117520355,held_fold
ISIC_0896635,0,0.05340038,held_fold
ISIC_0897459,0,0.0040684217,held_fold
ISIC_0899891,0,0.04279576,held_fold
ISIC_0899961,0,0.004821961,held_fold
ISIC_0901403,0,0.011631125,held_fold
ISIC_0902830,0,0.0015466884,held_fold
ISIC_0903020,0,0.018925201,held_fold
ISIC_0903175,0,0.0033216781,held_fold
ISIC_0903330,0,0.011973531,held_fold
ISIC_0903548,0,0.007728978,held_fold
ISIC_0904214,0,0.0075225513,held_fold
ISIC_0905000,0,0.018221522,held_fold
ISIC_0906639,0,0.0011584896,held_fold
ISIC_0909206,0,0.0056700427,held_fold
ISIC_0911783,0,0.0017344805,held_fold
ISIC_0912196,0,0.010106688,held_fold
ISIC_0914700,0,0.012911804,held_fold
ISIC_0915750,0,0.017908294,held_fold
ISIC_0917416,0,0.009764871,held_fold
ISIC_0918831,0,0.072291255,held_fold
ISIC_0919271,0,0.0029630698,held_fold
ISIC_0920000,0,0.03272809,held_fold
ISIC_0920968,0,0.007084206,held_fold
ISIC_0924724,0,0.11936253,held_fold
ISIC_0925758,0,0.003492774,held_fold
ISIC_0928604,0,0.026726542,held_fold
ISIC_0931725,0,0.102512516,held_fold
ISIC_0932862,0,0.018246878,held_fold
ISIC_0937378,0,0.054262795,held_fold
ISIC_0940385,0,0.016435307,held_fold
ISIC_0941085,0,0.005168052,held_fold
ISIC_0942654,0,0.0029344172,held_fold
ISIC_0944103,0,0.15967312,held_fold
ISIC_0944753,0,0.0006525093,held_fold
ISIC_0951377,0,0.009678951,held_fold
ISIC_0951438,0,0.018535184,held_fold
ISIC_0952472,1,0.14154135,held_fold
ISIC_0953133,0,0.09036695,held_fold
ISIC_0953500,0,0.018786164,held_fold
ISIC_0953675,0,0.027400367,held_fold
ISIC_0954841,0,0.06909164,held_fold
ISIC_0958328,0,0.0071398783,held_fold
ISIC_0959863,0,0.0025636249,held_fold
ISIC_0960741,0,0.0010795641,held_fold
ISIC_0962601,0,0.0007767962,held_fold
ISIC_0963117,0,0.0013177834,held_fold
ISIC_0963460,0,0.035919446,held_fold
ISIC_0965224,0,0.0020434824,held_fold
ISIC_0966987,0,0.0022661348,held_fold
ISIC_0974159,0,0.046376158,held_fold
ISIC_0977333,0,0.009005812,held_fold
ISIC_0978977,0,0.01662996,held_fold
ISIC_0980012,0,0.0067889257,held_fold
ISIC_0980513,0,0.016131647,held_fold
ISIC_0981661,0,0.09930272,held_fold
ISIC_0981883,0,0.0051503964,held_fold
ISIC_0982855,0,0.00087034743,held_fold
ISIC_0983360,0,0.054972608,held_fold
ISIC_0985052,0,0.0019033742,held_fold
ISIC_0985863,0,0.027932089,held_fold
ISIC_0987176,0,0.0060661007,held_fold
ISIC_0987757,0,0.04027584,held_fold
ISIC_0988665,0,0.02762463,held_fold
ISIC_0991133,0,0.017718606,held_fold
ISIC_0994556,0,0.005843799,held_fold
ISIC_0998408,0,0.0014935881,held_fold
ISIC_0998651,0,0.0033311443,held_fold
ISIC_1001348,0,0.067215964,held_fold
ISIC_1001562,0,0.2843757,held_fold
ISIC_1002107,0,0.0197977,held_fold
ISIC_1003703,0,0.0017945861,held_fold
ISIC_1004225,0,0.03265564,held_fold
ISIC_1006632,0,0.003811243,held_fold
ISIC_1008321,0,0.038116615,held_fold
ISIC_1008609,0,0.004058906,held_fold
ISIC_1010416,0,0.0012613395,held_fold
ISIC_1010991,0,0.021530481,held_fold
ISIC_1011089,0,0.005248721,held_fold
ISIC_1013648,0,0.0005718772,held_fold
ISIC_1015264,0,0.0051192003,held_fold
ISIC_1015644,0,0.01071072,held_fold
ISIC_1020809,0,0.00590491,held_fold
ISIC_1022653,0,0.0008558048,held_fold
ISIC_1023685,0,0.04179644,held_fold
ISIC_1024569,0,0.0051161824,held_fold
ISIC_1025009,0,0.059141997,held_fold
ISIC_1025192,0,0.0017833972,held_fold
ISIC_1029536,0,0.012325746,held_fold
ISIC_1031166,0,0.07581986,held_fold
ISIC_1031178,0,0.0021687804,held_fold
ISIC_1039970,0,0.05519898,held_fold
ISIC_1041406,0,0.0002953812,held_fold
ISIC_1042588,0,0.017896833,held_fold
ISIC_1046786,0,0.009495642,held_fold
ISIC_1048741,0,0.0013276277,held_fold
ISIC_1048856,0,0.0049568703,held_fold
ISIC_1048895,0,0.03897957,held_fold
ISIC_1050000,0,0.033860255,held_fold
ISIC_1060448,0,0.02784295,held_fold
ISIC_1064163,0,0.030883534,held_fold
ISIC_1066052,0,0.033787508,held_fold
ISIC_1067985,0,0.05507764,held_fold
ISIC_1069960,0,0.00028200448,held_fold
ISIC_1070864,0,0.0002725441,held_fold
ISIC_1070883,0,0.0029110915,held_fold
ISIC_1072321,0,0.007537461,held_fold
ISIC_1073233,0,0.01609145,held_fold
ISIC_1073350,0,0.0014962251,held_fold
ISIC_1074551,0,0.015900234,held_fold
ISIC_1075968,0,0.093492955,held_fold
ISIC_1077911,0,0.01963194,held_fold
ISIC_1078563,0,0.0005648771,held_fold
ISIC_1080647,0,0.006881088,held_fold
ISIC_1082020,0,0.0031175576,held_fold
ISIC_1082748,0,0.009729426,held_fold
ISIC_1084154,0,0.005505725,held_fold
ISIC_1084452,0,0.036301065,held_fold
ISIC_1085285,0,0.041894145,held_fold
ISIC_1087705,0,0.0022344952,held_fold
ISIC_1088190,0,0.03150159,held_fold
ISIC_1096503,0,0.014929325,held_fold
ISIC_1101631,0,0.002221659,held_fold
ISIC_1106211,0,0.012853779,held_fold
ISIC_1107820,0,0.0019757391,held_fold
ISIC_1108178,0,0.0010635027,held_fold
ISIC_1108204,0,0.09113234,held_fold
ISIC_1109485,0,0.01102062,held_fold
ISIC_1109641,0,0.00181711,held_fold
ISIC_1111050,0,0.008295928,held_fold
ISIC_1112803,0,0.0017731806,held_fold
ISIC_1114860,0,0.26471737,held_fold
ISIC_1115013,0,0.010957209,held_fold
ISIC_1115266,0,0.010271763,held_fold
ISIC_1115695,0,0.0034608617,held_fold
ISIC_1116483,1,0.14005531,held_fold
ISIC_1117976,0,0.00039421715,held_fold
ISIC_1122023,0,0.02055226,held_fold
ISIC_1122524,0,0.0022279688,held_fold
ISIC_1124434,1,0.009718361,held_fold
ISIC_1124744,0,0.013403457,held_fold
ISIC_1126202,0,0.024611862,held_fold
ISIC_1126306,0,0.018432124,held_fold
ISIC_1129508,0,0.001848866,held_fold
ISIC_1130830,0,0.11343364,held_fold
ISIC_1130888,0,0.013906622,held_fold
ISIC_1134319,0,0.0012092987,held_fold
ISIC_1134437,0,0.017283874,held_fold
ISIC_1134882,0,0.0015654132,held_fold
ISIC_1140717,0,0.0018226401,held_fold
ISIC_1141666,0,0.036694378,held_fold
ISIC_1143655,0,0.0006578423,held_fold
ISIC_1144466,0,0.0059379977,held_fold
ISIC_1144769,0,0.014047154,held_fold
ISIC_1147442,0,0.0019786675,held_fold
ISIC_1147795,0,0.007169017,held_fold
ISIC_1148932,0,0.006944423,held_fold
ISIC_1149693,0,0.00340943,held_fold
ISIC_1151910,0,0.0393671,held_fold
ISIC_1153106,0,0.0015417198,held_fold
ISIC_1153940,0,0.005110162,held_fold
ISIC_1154072,0,0.002497342,held_fold
ISIC_1159773,0,0.019977378,held_fold
ISIC_1160040,0,0.028153993,held_fold
ISIC_1162156,0,0.0032651145,held_fold
ISIC_1163624,0,0.005191956,held_fold
ISIC_1164612,0,0.009631392,held_fold
ISIC_1166337,0,0.004811901,held_fold
ISIC_1166522,0,0.0067722774,held_fold
ISIC_1166678,0,0.0010377483,held_fold
ISIC_1167108,0,0.0003160543,held_fold
ISIC_1170134,0,0.003511118,held_fold
ISIC_1171646,0,0.012473924,held_fold
ISIC_1171655,0,0.012952775,held_fold
ISIC_1172955,0,0.009072395,held_fold
ISIC_1176970,0,0.000611234,held_fold
ISIC_1177505,1,0.03975268,held_fold
ISIC_1178491,0,0.001965622,held_fold
ISIC_1181483,0,0.019918254,held_fold
ISIC_1182612,0,0.0144251445,held_fold
ISIC_1183565,0,0.013980733,held_fold
ISIC_1184373,0,0.011383046,held_fold
ISIC_1185468,0,0.018857684,held_fold
ISIC_1186495,0,0.0817952,held_fold
ISIC_1188141,0,0.0011025177,held_fold
ISIC_1190567,0,0.018245632,held_fold
ISIC_1190994,0,0.01285488,held_fold
ISIC_1194944,0,0.005289112,held_fold
ISIC_1195254,0,0.004548741,held_fold
ISIC_1195563,0,0.031979796,held_fold
ISIC_1198047,0,0.0064691203,held_fold
ISIC_1198929,0,0.0017956404,held_fold
ISIC_1202355,0,0.001444881,held_fold
ISIC_1202976,0,0.0015201293,held_fold
ISIC_1203254,0,0.008986002,held_fold
ISIC_1204286,0,0.009864102,held_fold
ISIC_1206571,0,0.008778897,held_fold
ISIC_1207652,0,0.07167563,held_fold
ISIC_1209492,0,0.020320347,held_fold
ISIC_1210011,1,0.33743563,held_fold
ISIC_1219427,0,0.007073916,held_fold
ISIC_1219783,0,0.038998913,held_fold
ISIC_1222905,0,0.079830095,held_fold
ISIC_1224295,0,0.00501758,held_fold
ISIC_1224329,0,0.015093419,held_fold
ISIC_1224650,0,0.13844047,held_fold
ISIC_1225511,0,0.0075484486,held_fold
ISIC_1226868,0,0.0058444086,held_fold
ISIC_1226882,0,0.0009874057,held_fold
ISIC_1227931,0,0.026351057,held_fold
ISIC_1228845,0,0.07088253,held_fold
ISIC_1233068,0,0.03814489,held_fold
ISIC_1233830,0,0.0020100917,held_fold
ISIC_1235053,0,0.0010935299,held_fold
ISIC_1242176,0,0.00011658658,held_fold
ISIC_1242992,0,0.0016717289,held_fold
ISIC_1246630,0,0.0010112055,held_fold
ISIC_1248073,0,0.00063600054,held_fold
ISIC_1248372,0,0.0013492517,held_fold
ISIC_1248876,0,0.001983369,held_fold
ISIC_1250861,0,0.0018884446,held_fold
ISIC_1251364,0,0.05438389,held_fold
ISIC_1251721,0,0.0014906006,held_fold
ISIC_1257045,0,0.1501309,held_fold
ISIC_1258127,0,0.008036259,held_fold
ISIC_1258763,0,0.00539611,held_fold
ISIC_1259465,0,0.0053837174,held_fold
ISIC_1260198,0,0.0008100407,held_fold
ISIC_1261530,0,0.013536746,held_fold
ISIC_1264725,0,0.002930427,held_fold
ISIC_1265427,0,0.02207803,held_fold
ISIC_1265609,0,0.012288707,held_fold
ISIC_1265653,0,0.04266671,held_fold
ISIC_1266707,0,0.017387066,held_fold
ISIC_1269461,0,0.0010550136,held_fold
ISIC_1270305,0,0.0011889356,held_fold
ISIC_1270307,0,0.0014778698,held_fold
ISIC_1272233,0,0.0025611205,held_fold
ISIC_1274851,0,0.0010948824,held_fold
ISIC_1276037,0,0.006497673,held_fold
ISIC_1281431,0,0.048534732,held_fold
ISIC_1283518,0,0.008240687,held_fold
ISIC_1283950,0,0.0011309237,held_fold
ISIC_1284397,0,0.009940238,held_fold
ISIC_1284496,0,0.0020277384,held_fold
ISIC_1285997,0,0.028102413,held_fold
ISIC_1287050,0,0.00238011,held_fold
ISIC_1287370,0,0.018312389,held_fold
ISIC_1292006,0,0.0612584,held_fold
ISIC_1292165,0,0.00068225677,held_fold
ISIC_1292607,0,0.10817718,held_fold
ISIC_1292799,0,0.006971773,held_fold
ISIC_1296490,0,0.07210783,held_fold
ISIC_1298253,0,0.007361326,held_fold
ISIC_1300318,0,0.000170457,held_fold
ISIC_1300967,0,0.0052987593,held_fold
ISIC_1301544,0,0.0010769664,held_fold
ISIC_1301591,0,0.012106555,held_fold
ISIC_1307134,0,0.013288778,held_fold
ISIC_1307396,0,0.0038890718,held_fold
ISIC_1307419,0,0.0021464936,held_fold
ISIC_1309015,0,0.0018511314,held_fold
ISIC_1309130,0,0.023815224,held_fold
ISIC_1313105,0,0.00073205493,held_fold
ISIC_1318137,0,0.009978622,held_fold
ISIC_1318781,0,0.009280021,held_fold
ISIC_1322621,0,0.10522753,held_fold
ISIC_1326295,0,0.008961816,held_fold
ISIC_1326483,0,0.0034384746,held_fold
ISIC_1328417,0,0.059599422,held_fold
ISIC_1330242,0,0.0038486964,held_fold
ISIC_1333230,0,0.0006858011,held_fold
ISIC_1336519,0,0.03588115,held_fold
ISIC_1336572,0,0.08155853,held_fold
ISIC_1337144,0,0.00040013305,held_fold
ISIC_1338069,0,0.031687416,held_fold
ISIC_1341106,0,0.01491212,held_fold
ISIC_1341586,0,0.027904104,held_fold
ISIC_1342117,0,0.01370354,held_fold
ISIC_1342739,0,0.0010737021,held_fold
ISIC_1344537,0,0.014000855,held_fold
ISIC_1344757,0,0.00051247084,held_fold
ISIC_1346695,0,0.0022883618,held_fold
ISIC_1347099,0,0.0021098936,held_fold
ISIC_1348254,0,0.17996028,held_fold
ISIC_1348539,0,0.0021628723,held_fold
ISIC_1348843,0,0.0014419291,held_fold
ISIC_1350519,0,0.0039026686,held_fold
ISIC_1350659,0,0.0023527257,held_fold
ISIC_1351604,0,0.020959692,held_fold
ISIC_1352841,0,0.1064874,held_fold
ISIC_1352911,0,0.042869303,held_fold
ISIC_1353532,0,0.009676854,held_fold
ISIC_1353653,0,0.00195797,held_fold
ISIC_1355104,0,0.051243305,held_fold
ISIC_1355722,0,0.0065149586,held_fold
ISIC_1358348,0,0.008950555,held_fold
ISIC_1358527,0,0.0110441055,held_fold
ISIC_1358757,0,0.0045226403,held_fold
ISIC_1360595,0,0.018101323,held_fold
ISIC_1363718,0,0.008996883,held_fold
ISIC_1364848,0,0.0005620758,held_fold
ISIC_1365434,0,0.007863664,held_fold
ISIC_1366993,0,0.04142412,held_fold
ISIC_1370034,0,0.00043168437,held_fold
ISIC_1373468,0,0.0033351646,held_fold
ISIC_1376528,0,0.0056062895,held_fold
ISIC_1377409,0,0.0023579719,held_fold
ISIC_1384413,0,0.00080387417,held_fold
ISIC_1384527,0,0.001804962,held_fold
ISIC_1387456,0,0.12643223,held_fold
ISIC_1388230,0,0.008877432,held_fold
ISIC_1388984,0,0.007987144,held_fold
ISIC_1389620,0,0.11520905,held_fold
ISIC_1390308,0,0.002041314,held_fold
ISIC_1392776,0,0.0024251945,held_fold
ISIC_1394786,0,0.004069542,held_fold
ISIC_1396573,0,0.0018106496,held_fold
ISIC_1396857,0,0.021336941,held_fold
ISIC_1401235,0,0.014747254,held_fold
ISIC_1403974,0,0.006287104,held_fold
ISIC_1405391,0,0.023934629,held_fold
ISIC_1410153,0,0.015916942,held_fold
ISIC_1411384,0,0.019579822,held_fold
ISIC_1412620,0,0.009939736,held_fold
ISIC_1412843,1,0.033839934,held_fold
ISIC_1413366,0,0.0017532109,held_fold
ISIC_1416869,0,0.02482804,held_fold
ISIC_1416995,0,0.0068280445,held_fold
ISIC_1418788,0,0.015788244,held_fold
ISIC_1421644,0,0.010825121,held_fold
ISIC_1422217,0,0.012760131,held_fold
ISIC_1422429,0,0.0025242046,held_fold
ISIC_1424529,0,0.011869004,held_fold
ISIC_1424655,0,0.002886652,held_fold
ISIC_1425404,0,0.010329093,held_fold
ISIC_1429437,0,0.070671365,held_fold
ISIC_1429954,0,0.026905732,held_fold
ISIC_1431332,0,0.007769088,held_fold
ISIC_1432485,0,0.01630227,held_fold
ISIC_1433739,0,0.008197747,held_fold
ISIC_1434244,0,0.003043607,held_fold
ISIC_1434340,0,0.0068061617,held_fold
ISIC_1436124,0,0.0043092933,held_fold
ISIC_1436341,0,0.0031925254,held_fold
ISIC_1437529,0,0.033967208,held_fold
ISIC_1438382,0,0.0014737247,held_fold
ISIC_1438584,0,0.03881644,held_fold
ISIC_1438669,0,0.01565272,held_fold
ISIC_1440033,0,0.009392732,held_fold
ISIC_1442186,0,0.0042277817,held_fold
ISIC_1444573,0,0.017522966,held_fold
ISIC_1446344,0,0.004519359,held_fold
ISIC_1447118,0,0.0010179005,held_fold
ISIC_1447559,0,0.14293155,held_fold
ISIC_1448526,0,0.0075698798,held_fold
ISIC_1449910,0,0.028941678,held_fold
ISIC_1450745,0,0.005851553,held_fold
ISIC_1451092,0,0.0031497756,held_fold
ISIC_1452412,0,0.0013715866,held_fold
ISIC_1456444,0,0.0034788079,held_fold
ISIC_1457263,0,0.0024278862,held_fold
ISIC_1458551,0,0.00250421,held_fold
ISIC_1459948,0,0.10685056,held_fold
ISIC_1461419,0,0.0021909392,held_fold
ISIC_1462268,0,0.009107532,held_fold
ISIC_1463838,0,0.05933953,held_fold
ISIC_1466584,0,0.045655943,held_fold
ISIC_1467552,0,0.0010319665,held_fold
ISIC_1467583,0,0.1397628,held_fold
ISIC_1470522,0,0.0036147663,held_fold
ISIC_1471649,0,0.017433988,held_fold
ISIC_1472731,0,0.021406718,held_fold
ISIC_1473522,1,0.0791913,held_fold
ISIC_1476176,0,0.0042257025,held_fold
ISIC_1477664,0,0.0054773283,held_fold
ISIC_1478794,0,0.001704798,held_fold
ISIC_1479729,0,0.18957262,held_fold
ISIC_1479891,0,0.000692923,held_fold
ISIC_1483952,0,0.0026955684,held_fold
ISIC_1485132,0,0.0058587,held_fold
ISIC_1485969,0,0.0038884399,held_fold
ISIC_1486589,0,0.0068464293,held_fold
ISIC_1490161,0,0.027858935,held_fold
ISIC_1492055,0,0.0056243176,held_fold
ISIC_1493314,0,0.0037721756,held_fold
ISIC_1493565,0,0.0006831009,held_fold
ISIC_1497992,0,0.012914253,held_fold
ISIC_1500815,0,0.013484948,held_fold
ISIC_1500843,0,0.0012242076,held_fold
ISIC_1501034,0,0.0069301534,held_fold
ISIC_1502140,0,0.048622735,held_fold
ISIC_1502309,0,0.1667186,held_fold
ISIC_1503020,0,0.014655602,held_fold
ISIC_1505951,0,0.004784334,held_fold
ISIC_1506794,0,0.0109971035,held_fold
ISIC_1506912,0,0.005458586,held_fold
ISIC_1506954,0,0.002465383,held_fold
ISIC_1507090,0,0.020285372,held_fold
ISIC_1508810,0,0.007985951,held_fold
ISIC_1510504,0,0.0018779775,held_fold
ISIC_1511227,0,0.027974598,held_fold
ISIC_1511536,0,0.01462759,held_fold
ISIC_1513720,0,0.0385113,held_fold
ISIC_1514117,0,0.00053673994,held_fold
ISIC_1514364,0,0.004301158,held_fold
ISIC_1514401,0,0.020734306,held_fold
ISIC_1519645,0,0.0048389756,held_fold
ISIC_1519891,0,0.0041339346,held_fold
ISIC_1520897,0,0.026886437,held_fold
ISIC_1528994,0,0.007613885,held_fold
ISIC_1529534,0,0.03835022,held_fold
ISIC_1531548,0,0.012716349,held_fold
ISIC_1532403,0,0.0027742893,held_fold
ISIC_1534800,0,0.02407759,held_fold
ISIC_1537566,0,0.0040783896,held_fold
ISIC_1537779,0,0.0014829104,held_fold
ISIC_1541817,0,0.008536284,held_fold
ISIC_1542389,0,0.021829488,held_fold
ISIC_1543862,0,0.0029744555,held_fold
ISIC_1544093,0,0.006073419,held_fold
ISIC_1545489,0,0.0018897428,held_fold
ISIC_1545675,0,0.0009598946,held_fold
ISIC_1545851,0,0.026308578,held_fold
ISIC_1548638,0,0.0037139673,held_fold
ISIC_1549857,0,0.0059992434,held_fold
ISIC_1550349,0,0.015141347,held_fold
ISIC_1550785,0,0.008125996,held_fold
ISIC_1552127,0,0.015909467,held_fold
ISIC_1552570,0,0.02824011,held_fold
ISIC_1554843,0,0.0013596668,held_fold
ISIC_1556209,0,0.008779428,held_fold
ISIC_1556765,0,0.010784476,held_fold
ISIC_1558731,0,0.0017193888,held_fold
ISIC_1561177,0,0.013633552,held_fold
ISIC_1566312,0,0.0015309267,held_fold
ISIC_1566381,0,0.02928939,held_fold
ISIC_1568752,0,0.0022365842,held_fold
ISIC_1570838,0,0.011927176,held_fold
ISIC_1573974,0,0.032460567,held_fold
ISIC_1574123,0,0.030767158,held_fold
ISIC_1575396,0,0.0007089181,held_fold
ISIC_1578194,0,0.15284139,held_fold
ISIC_1578811,0,0.016426662,held_fold
ISIC_1579463,0,0.021509124,held_fold
ISIC_1579497,0,0.0038871309,held_fold
ISIC_1580068,0,0.011796568,held_fold
ISIC_1584543,0,0.011089022,held_fold
ISIC_1585511,0,0.010226362,held_fold
ISIC_1588382,0,0.028936272,held_fold
ISIC_1589136,0,0.043017108,held_fold
ISIC_1589997,1,0.0847546,held_fold
ISIC_1590829,0,0.004231296,held_fold
ISIC_1593175,0,0.054250892,held_fold
ISIC_1593638,0,0.009092587,held_fold
ISIC_1594422,0,0.001311553,held_fold
ISIC_1595157,0,0.006369984,held_fold
ISIC_1595325,0,0.0025136,held_fold
ISIC_1597414,0,0.0038362045,held_fold
ISIC_1599163,0,0.00094668637,held_fold
ISIC_1601244,0,0.012965027,held_fold
ISIC_1603509,0,0.0029257634,held_fold
ISIC_1604935,0,0.002180048,held_fold
ISIC_1605988,0,0.0011264994,held_fold
ISIC_1608192,0,0.012726326,held_fold
ISIC_1608727,0,0.0016416939,held_fold
ISIC_1610092,0,0.0029961402,held_fold
ISIC_1611600,0,0.0031940981,held_fold
ISIC_1617282,0,0.010861104,held_fold
ISIC_1617896,0,0.0027691557,held_fold
ISIC_1618730,0,0.004706384,held_fold
ISIC_1624873,0,0.0030231518,held_fold
ISIC_1631125,0,0.018699836,held_fold
ISIC_1631397,0,0.0028568886,held_fold
ISIC_1633463,0,0.008853918,held_fold
ISIC_1635633,0,0.0054916334,held_fold
ISIC_1636849,0,0.0014387696,held_fold
ISIC_1637536,0,0.04951794,held_fold
ISIC_1637588,0,0.0019042658,held_fold
ISIC_1638436,0,0.002076552,held_fold
ISIC_1639011,0,0.0021412054,held_fold
ISIC_1639765,0,0.0005753727,held_fold
ISIC_1640426,0,0.002736092,held_fold
ISIC_1641301,0,0.005412018,held_fold
ISIC_1641839,0,0.00986487,held_fold
ISIC_1646084,0,0.01382325,held_fold
ISIC_1648233,0,0.0005663869,held_fold
ISIC_1650523,0,0.021430856,held_fold
ISIC_1652008,0,0.0046468494,held_fold
ISIC_1654183,0,0.010758659,held_fold
ISIC_1654342,1,0.12508479,held_fold
ISIC_1655513,0,0.0014567863,held_fold
ISIC_1656186,0,0.020932008,held_fold
ISIC_1656452,0,0.019991644,held_fold
ISIC_1664534,0,0.0036930898,held_fold
ISIC_1665248,0,0.05411895,held_fold
ISIC_1674776,0,0.0061183553,held_fold
ISIC_1675814,0,0.010004187,held_fold
ISIC_1676261,0,0.00039005894,held_fold
ISIC_1676826,0,0.00410712,held_fold
ISIC_1681627,0,0.0033725088,held_fold
ISIC_1682693,0,0.0016252039,held_fold
ISIC_1684067,0,0.0006893356,held_fold
ISIC_1684127,1,0.024992686,held_fold
ISIC_1684948,0,0.029078817,held_fold
ISIC_1685833,0,0.12235409,held_fold
ISIC_1687584,0,0.0038160726,held_fold
ISIC_1688160,0,0.07205404,held_fold
ISIC_1689686,0,0.0016065937,held_fold
ISIC_1690499,0,0.0028306502,held_fold
ISIC_1690909,0,0.0018030368,held_fold
ISIC_1691676,0,0.0054326393,held_fold
ISIC_1692144,0,0.006750032,held_fold
ISIC_1693686,0,0.0079489555,held_fold
ISIC_1693912,0,0.0012584147,held_fold
ISIC_1695724,0,0.0062633604,held_fold
ISIC_1698119,0,0.0005519981,held_fold
ISIC_1700513,0,0.012250682,held_fold
ISIC_1704026,0,0.013026399,held_fold
ISIC_1708068,0,0.002212938,held_fold
ISIC_1710179,0,0.002802872,held_fold
ISIC_1715406,0,0.08034159,held_fold
ISIC_1718418,0,0.00045759592,held_fold
ISIC_1718707,0,0.04687518,held_fold
ISIC_1719236,0,0.0029368182,held_fold
ISIC_1720840,0,0.013074304,held_fold
ISIC_1723279,0,0.0329608,held_fold
ISIC_1724802,0,0.00038363357,held_fold
ISIC_1725961,0,0.020667106,held_fold
ISIC_1725997,0,0.001409526,held_fold
ISIC_1727369,0,0.0029600142,held_fold
ISIC_1728767,0,0.017243853,held_fold
ISIC_1729465,0,0.04369644,held_fold
ISIC_1732965,0,0.024646413,held_fold
ISIC_1736706,0,0.001551166,held_fold
ISIC_1738348,0,0.0053323116,held_fold
ISIC_1740379,0,0.0013607874,held_fold
ISIC_1743974,0,0.015697828,held_fold
ISIC_1744704,0,0.0073999767,held_fold
ISIC_1744817,0,0.002136018,held_fold
ISIC_1745458,0,0.07836473,held_fold
ISIC_1745477,0,0.0068652537,held_fold
ISIC_1747417,0,0.020828215,held_fold
ISIC_1749857,0,0.004349143,held_fold
ISIC_1750674,0,0.0032155504,held_fold
ISIC_1752306,0,0.000386907,held_fold
ISIC_1755832,0,0.19526783,held_fold
ISIC_1756265,0,0.011421757,held_fold
ISIC_1757212,0,0.0026503708,held_fold
ISIC_1758149,0,0.0009159968,held_fold
ISIC_1758558,0,0.014946827,held_fold
ISIC_1761138,0,0.025990902,held_fold
ISIC_1766601,0,0.033628944,held_fold
ISIC_1768217,0,0.003362289,held_fold
ISIC_1769724,0,0.012213257,held_fold
ISIC_1772523,0,0.008969121,held_fold
ISIC_1772784,0,0.0034750206,held_fold
ISIC_1777398,0,0.053760894,held_fold
ISIC_1779061,0,0.03063117,held_fold
ISIC_1779443,0,0.15986203,held_fold
ISIC_1780675,0,0.004787632,held_fold
ISIC_1782911,0,0.037184764,held_fold
ISIC_1783021,0,0.006858287,held_fold
ISIC_1786025,0,0.0038996614,held_fold
ISIC_1786309,0,0.13347173,held_fold
ISIC_1788314,0,0.010320532,held_fold
ISIC_1788671,0,0.00488471,held_fold
ISIC_1788875,0,0.024028245,held_fold
ISIC_1795959,0,0.012751813,held_fold
ISIC_1800066,0,0.010137811,held_fold
ISIC_1802793,0,0.025737196,held_fold
ISIC_1806497,0,0.0043579563,held_fold
ISIC_1807638,0,0.0058688624,held_fold
ISIC_1809912,0,0.0043826946,held_fold
ISIC_1810207,0,0.02590398,held_fold
ISIC_1810790,0,0.037981823,held_fold
ISIC_1813911,0,0.03495141,held_fold
ISIC_1817714,0,0.02321225,held_fold
ISIC_1819358,0,0.0033794313,held_fold
ISIC_1820193,0,0.09485061,held_fold
ISIC_1820389,0,0.07031731,held_fold
ISIC_1825131,0,0.014759154,held_fold
ISIC_1828652,0,0.02705647,held_fold
ISIC_1829378,0,0.031455304,held_fold
ISIC_1830017,0,0.003071406,held_fold
ISIC_1831304,0,0.077660374,held_fold
ISIC_1832582,0,0.0021751276,held_fold
ISIC_1833138,0,0.002405521,held_fold
ISIC_1835426,0,0.038951773,held_fold
ISIC_1835970,0,0.12274256,held_fold
ISIC_1837402,0,0.0031647754,held_fold
ISIC_1837609,0,0.03507974,held_fold
ISIC_1838888,0,0.003981328,held_fold
ISIC_1838904,0,0.026602255,held_fold
ISIC_1840418,0,0.0016026505,held_fold
ISIC_1841825,0,0.02412376,held_fold
ISIC_1841949,0,0.0024652984,held_fold
ISIC_1844824,0,0.0010721913,held_fold
ISIC_1845271,0,0.003688843,held_fold
ISIC_1845580,0,0.0011171215,held_fold
ISIC_1846528,0,0.0014352464,held_fold
ISIC_1847200,0,0.0023095785,held_fold
ISIC_1847516,0,0.013381449,held_fold
ISIC_1847684,0,0.005038666,held_fold
ISIC_1848300,0,0.00055986835,held_fold
ISIC_1849151,0,0.014242402,held_fold
ISIC_1849227,0,0.0007697322,held_fold
ISIC_1849442,0,0.0021784285,held_fold
ISIC_1850122,0,0.017640596,held_fold
ISIC_1850388,0,0.01347742,held_fold
ISIC_1852500,0,0.10448562,held_fold
ISIC_1852987,0,0.057004694,held_fold
ISIC_1857587,0,0.013307524,held_fold
ISIC_1858123,0,0.03823482,held_fold
ISIC_1858237,0,0.0031609612,held_fold
ISIC_1859531,0,0.0031700584,held_fold
ISIC_1859923,0,0.035827685,held_fold
ISIC_1861580,0,0.025996652,held_fold
ISIC_1863917,0,0.00778715,held_fold
ISIC_1864109,0,0.0007300141,held_fold
ISIC_1864210,0,0.0030211278,held_fold
ISIC_1865060,0,0.0021246609,held_fold
ISIC_1865170,0,0.001928943,held_fold
ISIC_1867577,0,0.00626391,held_fold
ISIC_1870517,0,0.0032390393,held_fold
ISIC_1873035,0,0.0010570383,held_fold
ISIC_1875086,0,0.012003657,held_fold
ISIC_1876799,0,0.0028711462,held_fold
ISIC_1878972,0,0.032710414,held_fold
ISIC_1880540,0,0.01052338,held_fold
ISIC_1881268,0,0.012743484,held_fold
ISIC_1883184,0,0.0059261317,held_fold
ISIC_1883330,0,0.0002730143,held_fold
ISIC_1884256,0,0.013073497,held_fold
ISIC_1886719,0,0.0129936095,held_fold
ISIC_1886756,0,0.014473826,held_fold
ISIC_1887768,0,0.047162637,held_fold
ISIC_1888148,0,0.004651693,held_fold
ISIC_1890263,0,0.025049476,held_fold
ISIC_1892887,0,0.06736437,held_fold
ISIC_1896350,0,0.0058083693,held_fold
ISIC_1897312,0,0.0028872986,held_fold
ISIC_1897327,0,0.0006058054,held_fold
ISIC_1900721,0,0.0035532096,held_fold
ISIC_1901204,0,0.0023744137,held_fold
ISIC_1901829,0,0.009089177,held_fold
ISIC_1903698,0,0.018752577,held_fold
ISIC_1904002,0,0.0009479061,held_fold
ISIC_1910458,0,0.008018982,held_fold
ISIC_1911714,0,0.019088835,held_fold
ISIC_1912184,0,0.0033843573,held_fold
ISIC_1912589,0,0.0033768388,held_fold
ISIC_1915989,0,0.029820595,held_fold
ISIC_1917554,0,0.02669627,held_fold
ISIC_1917856,0,0.0008346981,held_fold
ISIC_1919196,0,0.008618945,held_fold
ISIC_1919324,0,0.015976924,held_fold
ISIC_1919829,0,0.09428725,held_fold
ISIC_1920685,0,0.0026288682,held_fold
ISIC_1921387,0,0.014882583,held_fold
ISIC_1921636,0,0.0029220714,held_fold
ISIC_1922234,0,0.079064704,held_fold
ISIC_1922568,0,0.0021139071,held_fold
ISIC_1924949,0,0.000675395,held_fold
ISIC_1925412,0,0.032080103,held_fold
ISIC_1926530,0,0.0065129274,held_fold
ISIC_1927858,0,0.029297788,held_fold
ISIC_1930598,0,0.009293662,held_fold
ISIC_1930877,0,0.0032533233,held_fold
ISIC_1931408,0,0.0041754358,held_fold
ISIC_1932632,0,0.0022709665,held_fold
ISIC_1932947,0,0.0035468505,held_fold
ISIC_1933026,0,0.007277349,held_fold
ISIC_1934097,0,0.027471455,held_fold
ISIC_1937955,0,0.051555496,held_fold
ISIC_1943439,0,0.1770594,held_fold
ISIC_1943654,0,0.009912922,held_fold
ISIC_1944865,0,0.0060457313,held_fold
ISIC_1945381,0,0.011332234,held_fold
ISIC_1947992,0,0.01061992,held_fold
ISIC_1948751,0,0.0017616416,held_fold
ISIC_1950616,0,0.1513682,held_fold
ISIC_1951928,0,0.008610556,held_fold
ISIC_1953808,0,0.0016666133,held_fold
ISIC_1954547,0,0.0034463021,held_fold
ISIC_1957587,0,0.004946721,held_fold
ISIC_1958003,0,0.0017667658,held_fold
ISIC_1958612,0,0.022882836,held_fold
ISIC_1959078,0,0.014300473,held_fold
ISIC_1959939,1,0.06162635,held_fold
ISIC_1964334,0,0.009021247,held_fold
ISIC_1966916,0,0.01054939,held_fold
ISIC_1970027,0,0.0027356162,held_fold
ISIC_1973320,0,0.0017894871,held_fold
ISIC_1974281,0,0.0015189898,held_fold
ISIC_1974530,0,0.0026148378,held_fold
ISIC_1975941,0,0.039351813,held_fold
ISIC_1977265,0,0.10452559,held_fold
ISIC_1977916,0,0.010352786,held_fold
ISIC_1978228,0,0.0024829712,held_fold
ISIC_1978426,0,0.0049303393,held_fold
ISIC_1979473,0,0.100076154,held_fold
ISIC_1981133,0,0.013500213,held_fold
ISIC_1982295,0,0.0028859521,held_fold
ISIC_1983516,0,0.0069856523,held_fold
ISIC_1985244,0,0.0053209276,held_fold
ISIC_1985984,0,0.004288544,held_fold
ISIC_1988336,0,0.007888412,held_fold
ISIC_1990520,0,0.0013187608,held_fold
ISIC_1991054,0,0.006537843,held_fold
ISIC_1991528,0,0.046130113,held_fold
ISIC_1998849,0,0.086697206,held_fold
ISIC_2000184,0,0.05186495,held_fold
ISIC_2001492,0,0.0021041147,held_fold
ISIC_2003272,0,0.04281383,held_fold
ISIC_2006783,0,0.02758353,held_fold
ISIC_2009055,0,0.011092253,held_fold
ISIC_2009167,0,0.0021279147,held_fold
ISIC_2010841,0,0.0048875506,held_fold
ISIC_2011145,0,0.047267906,held_fold
ISIC_2011758,0,0.0034657726,held_fold
ISIC_2011893,0,0.004953675,held_fold
ISIC_2014399,0,0.0031719229,held_fold
ISIC_2015441,0,0.0038742183,held_fold
ISIC_2016546,0,0.005315585,held_fold
ISIC_2019110,0,0.0038637158,held_fold
ISIC_2027392,0,0.014081968,held_fold
ISIC_2027490,0,0.044061434,held_fold
ISIC_2027705,0,0.0036195405,held_fold
ISIC_2031177,0,0.027006926,held_fold
ISIC_2035097,0,0.0009320714,held_fold
ISIC_2037324,0,0.0012821796,held_fold
ISIC_2041726,0,0.0025860094,held_fold
ISIC_2045595,0,0.0044045416,held_fold
ISIC_2046079,0,0.0069321063,held_fold
ISIC_2048638,0,0.019740421,held_fold
ISIC_2049818,0,0.0012437304,held_fold
ISIC_2049836,0,0.0009397733,held_fold
ISIC_2053045,0,0.16823415,held_fold
ISIC_2056104,0,0.012733321,held_fold
ISIC_2057606,0,0.009892071,held_fold
ISIC_2059085,0,0.009616989,held_fold
ISIC_2059481,0,0.0014086242,held_fold
ISIC_2060078,0,0.0059512495,held_fold
ISIC_2061063,0,0.023581166,held_fold
ISIC_2066127,0,0.029133951,held_fold
ISIC_2066146,0,0.039808452,held_fold
ISIC_2066654,0,0.0018535127,held_fold
ISIC_2067576,0,0.024295961,held_fold
ISIC_2068866,0,0.008856684,held_fold
ISIC_2069039,0,0.0012053199,held_fold
ISIC_2069765,0,0.0067850426,held_fold
ISIC_2070718,0,0.036626264,held_fold
ISIC_2070726,0,0.0017024922,held_fold
ISIC_2071317,0,0.0028171276,held_fold
ISIC_2073994,0,0.028501157,held_fold
ISIC_2074396,0,0.0040774215,held_fold
ISIC_2074764,0,0.0011942784,held_fold
ISIC_2077460,0,0.01952047,held_fold
ISIC_2078053,0,0.0002576367,held_fold
ISIC_2079078,0,0.0026640666,held_fold
ISIC_2079121,0,0.0027946597,held_fold
ISIC_2079417,0,0.0028802003,held_fold
ISIC_2080351,0,0.0007091333,held_fold
ISIC_2081142,0,0.0088278735,held_fold
ISIC_2081489,0,0.021000953,held_fold
ISIC_2087446,0,0.07908017,held_fold
ISIC_2092879,0,0.035282288,held_fold
ISIC_2094429,0,0.05662697,held_fold
ISIC_2095347,0,0.00068441953,held_fold
ISIC_2099776,0,0.0030701829,held_fold
ISIC_2101624,1,0.6386968,held_fold
ISIC_2102371,0,0.07596441,held_fold
ISIC_2102551,0,0.014238245,held_fold
ISIC_2104487,0,0.0028763094,held_fold
ISIC_2108787,0,0.02779945,held_fold
ISIC_2109563,0,0.001177427,held_fold
ISIC_2120508,0,0.0037747177,held_fold
ISIC_2121292,0,0.010298478,held_fold
ISIC_2122087,0,0.0013611937,held_fold
ISIC_2123159,0,0.0056531844,held_fold
ISIC_2123488,0,0.0006878803,held_fold
ISIC_2125450,0,0.019341413,held_fold
ISIC_2126248,0,0.0017260867,held_fold
ISIC_2126316,0,0.0025069509,held_fold
ISIC_2127685,0,0.0032567997,held_fold
ISIC_2127820,0,0.0054954165,held_fold
ISIC_2129226,0,0.004100264,held_fold
ISIC_2129541,0,0.0002468322,held_fold
ISIC_2130800,0,0.002358545,held_fold
ISIC_2131707,0,0.00015836206,held_fold
ISIC_2134858,0,0.0003055216,held_fold
ISIC_2137041,0,0.041871294,held_fold
ISIC_2140115,0,0.042424403,held_fold
ISIC_2142072,0,0.0018954896,held_fold
ISIC_2142232,0,0.0032139018,held_fold
ISIC_2142639,0,0.00036650567,held_fold
ISIC_2148350,0,0.078561775,held_fold
ISIC_2149030,0,0.012092892,held_fold
ISIC_2150031,0,0.0013428931,held_fold
ISIC_2151459,0,0.001626306,held_fold
ISIC_2152051,0,0.010611066,held_fold
ISIC_2152755,0,0.19010264,held_fold
ISIC_2153201,0,0.0036322281,held_fold
ISIC_2153401,1,0.20247127,held_fold
ISIC_2153879,0,0.02113837,held_fold
ISIC_2155898,0,0.015555218,held_fold
ISIC_2159914,0,0.0009173336,held_fold
ISIC_2161864,0,0.012201354,held_fold
ISIC_2161930,0,0.00808942,held_fold
ISIC_2168257,0,0.00822243,held_fold
ISIC_2168953,0,0.011581319,held_fold
ISIC_2170531,0,0.015143944,held_fold
ISIC_2172377,0,0.017839715,held_fold
ISIC_2174204,0,0.013484961,held_fold
ISIC_2175855,0,0.13462617,held_fold
ISIC_2176370,0,0.00065030373,held_fold
ISIC_2179001,0,0.00064844434,held_fold
ISIC_2180439,0,0.0034756334,held_fold
ISIC_2185831,0,0.0017226525,held_fold
ISIC_2186496,0,0.003322807,held_fold
ISIC_2186828,0,0.0018371309,held_fold
ISIC_2188465,0,0.0059104944,held_fold
ISIC_2192666,0,0.0012919429,held_fold
ISIC_2193761,0,0.0025769533,held_fold
ISIC_2194968,0,0.00947459,held_fold
ISIC_2199969,0,0.16683905,held_fold
ISIC_2200426,0,0.01115052,held_fold
ISIC_2203306,0,0.04844278,held_fold
ISIC_2205780,0,0.00096464274,held_fold
ISIC_2208668,0,0.052197397,held_fold
ISIC_2211136,0,0.22646035,held_fold
ISIC_2212473,1,0.03548212,held_fold
ISIC_2215830,0,0.0936093,held_fold
ISIC_2216526,0,0.06295564,held_fold
ISIC_2217550,0,0.00463036,held_fold
ISIC_2219050,0,0.017674359,held_fold
ISIC_2219235,0,0.04410812,held_fold
ISIC_2220508,0,0.0032664868,held_fold
ISIC_2222264,0,0.1125887,held_fold
ISIC_2222489,0,0.017181747,held_fold
ISIC_2227830,0,0.015168643,held_fold
ISIC_2228270,0,0.0039378214,held_fold
ISIC_2229251,0,0.001820041,held_fold
ISIC_2234023,0,0.016587118,held_fold
ISIC_2241173,0,0.011743554,held_fold
ISIC_2241975,0,0.0035768186,held_fold
ISIC_2243353,0,0.0056903483,held_fold
ISIC_2243954,0,0.0075198244,held_fold
ISIC_2244742,0,0.0025396189,held_fold
ISIC_2245695,0,0.0013480445,held_fold
ISIC_2248305,0,0.022622088,held_fold
ISIC_2248956,0,0.0042309826,held_fold
ISIC_2255492,0,0.016495476,held_fold
ISIC_2262530,0,0.007934728,held_fold
ISIC_2263311,0,0.005918171,held_fold
ISIC_2265410,0,0.0007079567,held_fold
ISIC_2266011,0,0.010348272,held_fold
ISIC_2266857,0,0.049982857,held_fold
ISIC_2269849,0,0.07804236,held_fold
ISIC_2274871,0,0.004728001,held_fold
ISIC_2275181,0,0.009885693,held_fold
ISIC_2275624,0,0.0048578484,held_fold
ISIC_2275821,0,0.014646985,held_fold
ISIC_2276141,0,0.081591584,held_fold
ISIC_2280085,0,0.0045327367,held_fold
ISIC_2281048,0,0.0045568165,held_fold
ISIC_2282086,0,0.019170815,held_fold
ISIC_2282330,0,0.00040807194,held_fold
ISIC_2282522,0,0.0071969996,held_fold
ISIC_2283628,0,0.016795708,held_fold
ISIC_2284502,0,0.0016676052,held_fold
ISIC_2284633,0,0.004533499,held_fold
ISIC_2295998,0,0.0020565602,held_fold
ISIC_2297858,0,0.0018231797,held_fold
ISIC_2313297,0,0.04021032,held_fold
ISIC_2316159,0,0.0038488056,held_fold
ISIC_2316827,0,0.041141048,held_fold
ISIC_2317156,0,0.007710518,held_fold
ISIC_2318657,0,0.0042293617,held_fold
ISIC_2318906,0,0.02979885,held_fold
ISIC_2319122,0,0.0030307684,held_fold
ISIC_2321619,0,0.0028376079,held_fold
ISIC_2321671,0,0.0056515816,held_fold
ISIC_2326984,0,0.014283679,held_fold
ISIC_2328299,0,0.0063898196,held_fold
ISIC_2329701,0,0.0037763857,held_fold
ISIC_2337650,0,0.029127471,held_fold
ISIC_2337786,0,0.029648403,held_fold
ISIC_2339522,0,0.008655214,held_fold
ISIC_2347774,0,0.0025703337,held_fold
ISIC_2348481,0,0.08236239,held_fold
ISIC_2349386,0,0.0018728443,held_fold
ISIC_2349743,0,0.0008590602,held_fold
ISIC_2355513,0,0.0022971204,held_fold
ISIC_2356841,0,0.0011091843,held_fold
ISIC_2357022,0,0.017045284,held_fold
ISIC_2357307,0,0.0026655914,held_fold
ISIC_2364189,0,0.08142359,held_fold
ISIC_2365588,0,0.0049919733,held_fold
ISIC_2366196,0,0.028716201,held_fold
ISIC_2367392,0,0.013191147,held_fold
ISIC_2370650,0,0.0045672497,held_fold
ISIC_2371734,0,0.05701964,held_fold
ISIC_2373071,0,0.015872883,held_fold
ISIC_2374446,0,0.008013562,held_fold
ISIC_2378303,0,0.0075138626,held_fold
ISIC_2378495,0,0.0032267408,held_fold
ISIC_2382078,0,0.013818147,held_fold
ISIC_2382323,0,0.010900724,held_fold
ISIC_2383335,0,0.044590108,held_fold
ISIC_2383571,0,0.0069705844,held_fold
ISIC_2386668,0,0.046228293,held_fold
ISIC_2387403,0,0.0014275115,held_fold
ISIC_2387634,0,0.0074539836,held_fold
ISIC_2394780,0,0.01876206,held_fold
ISIC_2394894,0,0.017165564,held_fold
ISIC_2396480,0,0.0007892069,held_fold
ISIC_2396791,0,0.007982692,held_fold
ISIC_2397307,0,0.0014324622,held_fold
ISIC_2398131,0,0.0013481677,held_fold
ISIC_2399130,0,0.0029563843,held_fold
ISIC_2400177,0,0.0038370576,held_fold
ISIC_2401705,0,0.009320433,held_fold
ISIC_2402717,0,0.0033691556,held_fold
ISIC_2406580,0,0.0025920689,held_fold
ISIC_2406848,0,0.0056297895,held_fold
ISIC_2407132,0,0.0020401368,held_fold
ISIC_2407914,0,0.021379365,held_fold
ISIC_2408815,1,0.003247301,held_fold
ISIC_2410842,0,0.031061772,held_fold
ISIC_2412426,0,0.026949404,held_fold
ISIC_2413429,0,0.010384633,held_fold
ISIC_2415030,0,0.023842184,held_fold
ISIC_2416792,0,0.015135697,held_fold
ISIC_2417638,0,0.022296444,held_fold
ISIC_2418848,0,0.0052832155,held_fold
ISIC_2418954,0,0.04264325,held_fold
ISIC_2419593,0,0.0014488415,held_fold
ISIC_2420042,0,0.024563303,held_fold
ISIC_2421521,0,0.0055023287,held_fold
ISIC_2425013,0,0.00956626,held_fold
ISIC_2427137,0,0.0071872077,held_fold
ISIC_2428554,0,0.16087398,held_fold
ISIC_2430137,0,0.0241628,held_fold
ISIC_2432058,0,0.05642966,held_fold
ISIC_2434382,0,0.0015585433,held_fold
ISIC_2437188,0,0.009133614,held_fold
ISIC_2438067,0,0.0033698392,held_fold
ISIC_2448123,1,0.024759388,held_fold
ISIC_2448210,0,0.0017135728,held_fold
ISIC_2452083,0,0.010962177,held_fold
ISIC_2452931,0,0.0019852472,held_fold
ISIC_2454475,0,0.08678859,held_fold
ISIC_2457132,0,0.003906571,held_fold
ISIC_2457369,0,0.0032103993,held_fold
ISIC_2459772,0,0.0029510886,held_fold
ISIC_2462485,0,0.005416047,held_fold
ISIC_2467125,0,0.014648697,held_fold
ISIC_2468975,0,0.0018642455,held_fold
ISIC_2470542,0,0.00660369,held_fold
ISIC_2476876,0,0.008515379,held_fold
ISIC_2477888,0,0.012579569,held_fold
ISIC_2478012,0,0.012420867,held_fold
ISIC_2480608,0,0.112841606,held_fold
ISIC_2480615,0,0.005966448,held_fold
ISIC_2481230,0,0.021451155,held_fold
ISIC_2482427,0,0.021767443,held_fold
ISIC_2482653,0,0.0723119,held_fold
ISIC_2482687,0,0.0021511866,held_fold
ISIC_2484586,0,0.0069376,held_fold
ISIC_2487061,0,0.014071577,held_fold
ISIC_2489471,0,0.016583417,held_fold
ISIC_2490493,0,0.009251604,held_fold
ISIC_2493432,0,0.011028758,held_fold
ISIC_2494956,0,0.0006212158,held_fold
ISIC_2495303,0,0.0056162085,held_fold
ISIC_2496053,0,0.0014497297,held_fold
ISIC_2496374,0,0.0009225348,held_fold
ISIC_2499559,0,0.0020803192,held_fold
ISIC_2499678,0,0.0061857365,held_fold
ISIC_2500087,0,0.008749862,held_fold
ISIC_2502405,0,0.0059861382,held_fold
ISIC_2502558,0,0.0046331626,held_fold
ISIC_2502855,0,0.0030255402,held_fold
ISIC_2508032,0,0.017768716,held_fold
ISIC_2509736,0,0.001399983,held_fold
ISIC_2514994,0,0.022597646,held_fold
ISIC_2515324,0,0.008020347,held_fold
ISIC_2518672,0,0.031969715,held_fold
ISIC_2520419,0,0.0005809001,held_fold
ISIC_2521947,0,0.0013374151,held_fold
ISIC_2523922,0,0.007910127,held_fold
ISIC_2524005,0,0.042089082,held_fold
ISIC_2525084,1,0.08116238,held_fold
ISIC_2527238,0,0.100447014,held_fold
ISIC_2527485,0,0.0053940066,held_fold
ISIC_2533114,0,0.05423048,held_fold
ISIC_2535541,1,0.14279409,held_fold
ISIC_2536728,0,0.01146189,held_fold
ISIC_2538378,0,0.003529913,held_fold
ISIC_2538571,0,0.012050639,held_fold
ISIC_2539861,0,0.044739213,held_fold
ISIC_2540408,0,0.037320755,held_fold
ISIC_2541562,0,0.0029701625,held_fold
ISIC_2546094,0,0.008281982,held_fold
ISIC_2550872,0,0.01115183,held_fold
ISIC_2553784,0,0.048572708,held_fold
ISIC_2553976,0,0.0017249698,held_fold
ISIC_2555243,0,0.007073123,held_fold
ISIC_2555358,0,0.0056944536,held_fold
ISIC_2555494,0,0.0015681344,held_fold
ISIC_2558189,0,0.00070523855,held_fold
ISIC_2558439,0,0.08439422,held_fold
ISIC_2559074,0,0.002663517,held_fold
ISIC_2559472,0,0.0064604958,held_fold
ISIC_2560645,0,0.0009542184,held_fold
ISIC_2563840,0,0.005916552,held_fold
ISIC_2565512,0,0.005689113,held_fold
ISIC_2565986,0,0.003325614,held_fold
ISIC_2566365,0,0.0070599136,held_fold
ISIC_2570708,0,0.13739298,held_fold
ISIC_2571614,0,0.0076387324,held_fold
ISIC_2572530,0,0.0058449516,held_fold
ISIC_2574197,0,0.0008501001,held_fold
ISIC_2574344,0,0.0063570645,held_fold
ISIC_2574351,0,0.00065668975,held_fold
ISIC_2579390,0,0.020251181,held_fold
ISIC_2585066,0,0.0129284905,held_fold
ISIC_2586708,0,0.0041549574,held_fold
ISIC_2587955,0,0.003980519,held_fold
ISIC_2594290,0,0.0050078887,held_fold
ISIC_2595590,0,0.003886372,held_fold
ISIC_2596574,0,0.01089566,held_fold
ISIC_2597342,0,0.015455512,held_fold
ISIC_2597975,0,0.014693551,held_fold
ISIC_2598702,0,0.0087223025,held_fold
ISIC_2600276,0,0.0053856657,held_fold
ISIC_2601156,0,0.0031246883,held_fold
ISIC_2603420,0,0.01583019,held_fold
ISIC_2605567,0,0.03364508,held_fold
ISIC_2606194,0,0.004576657,held_fold
ISIC_2607010,0,0.032085992,held_fold
ISIC_2608471,0,0.0009508985,held_fold
ISIC_2613405,0,0.015322101,held_fold
ISIC_2616788,0,0.0055854553,held_fold
ISIC_2618092,0,0.027873868,held_fold
ISIC_2620159,0,0.020963741,held_fold
ISIC_2621121,0,0.0025334996,held_fold
ISIC_2621493,0,0.007544581,held_fold
ISIC_2623707,0,0.44658956,held_fold
ISIC_2624189,0,0.009501286,held_fold
ISIC_2625884,0,0.06955202,held_fold
ISIC_2626310,0,0.0018988323,held_fold
ISIC_2629998,0,0.005041691,held_fold
ISIC_2632471,0,0.011737005,held_fold
ISIC_2636012,0,0.007340474,held_fold
ISIC_2637014,0,0.0060224375,held_fold
ISIC_2641186,0,0.0057099746,held_fold
ISIC_2645314,0,0.00061199063,held_fold
ISIC_2645615,0,0.05575746,held_fold
ISIC_2647070,0,0.0003374136,held_fold
ISIC_2649999,0,0.019546056,held_fold
ISIC_2652721,0,0.0017082804,held_fold
ISIC_2653098,0,0.002732241,held_fold
ISIC_2653824,0,0.0120506855,held_fold
ISIC_2654412,0,0.01639901,held_fold
ISIC_2658858,0,0.03335929,held_fold
ISIC_2659107,0,0.00044821025,held_fold
ISIC_2664973,0,0.01829186,held_fold
ISIC_2665039,0,0.0871749,held_fold
ISIC_2665487,0,0.013309934,held_fold
ISIC_2667784,0,0.021259453,held_fold
ISIC_2667921,0,0.01706251,held_fold
ISIC_2671038,0,0.0039535686,held_fold
ISIC_2671727,0,0.031125851,held_fold
ISIC_2672001,0,0.008739012,held_fold
ISIC_2672379,0,0.002645335,held_fold
ISIC_2672587,0,0.033660494,held_fold
ISIC_2673586,0,0.0012986659,held_fold
ISIC_2676784,0,0.037775535,held_fold
ISIC_2680842,0,0.012394328,held_fold
ISIC_2682861,0,0.0020933244,held_fold
ISIC_2683125,0,0.0009607973,held_fold
ISIC_2684374,0,0.000759406,held_fold
ISIC_2690733,0,0.008286393,held_fold
ISIC_2691211,0,0.022306986,held_fold
ISIC_2700320,1,0.022762189,held_fold
ISIC_2700731,0,0.007559409,held_fold
ISIC_2703447,0,0.0060070194,held_fold
ISIC_2704072,0,0.045906752,held_fold
ISIC_2705052,0,0.005253593,held_fold
ISIC_2707664,0,0.0015899955,held_fold
ISIC_2709109,0,0.011349263,held_fold
ISIC_2709809,0,0.0031787043,held_fold
ISIC_2710887,0,0.3167445,held_fold
ISIC_2711946,0,0.00080293894,held_fold
ISIC_2716284,0,0.04909776,held_fold
ISIC_2716925,0,0.0008885709,held_fold
ISIC_2717587,0,0.021432854,held_fold
ISIC_2718135,0,0.0042999536,held_fold
ISIC_2718199,0,0.010797705,held_fold
ISIC_2719558,0,0.005229501,held_fold
ISIC_2720231,0,0.002258107,held_fold
ISIC_2721543,0,0.054371707,held_fold
ISIC_2722070,0,0.0038287006,held_fold
ISIC_2729893,0,0.0014928792,held_fold
ISIC_2731386,0,0.007881157,held_fold
ISIC_2732573,0,0.0025212623,held_fold
ISIC_2732720,0,0.0011782348,held_fold
ISIC_2733043,0,0.0021471987,held_fold
ISIC_2734817,0,0.123505674,held_fold
ISIC_2735051,0,0.022437539,held_fold
ISIC_2735720,0,0.0070216996,held_fold
ISIC_2735846,0,0.053340983,held_fold
ISIC_2736793,0,0.2115548,held_fold
ISIC_2738454,0,0.3508133,held_fold
ISIC_2740815,0,0.0046696775,held_fold
ISIC_2741984,0,0.028582104,held_fold
ISIC_2742870,0,0.0012449613,held_fold
ISIC_2746191,0,0.014918082,held_fold
ISIC_2746282,0,0.0015872092,held_fold
ISIC_2746974,0,0.0017564788,held_fold
ISIC_2747749,0,0.011322285,held_fold
ISIC_2748148,0,0.003310424,held_fold
ISIC_2748736,0,0.010443336,held_fold
ISIC_2751781,0,0.0010351475,held_fold
ISIC_2751896,0,0.039898396,held_fold
ISIC_2752297,0,0.0038488554,held_fold
ISIC_2753908,0,0.022900753,held_fold
ISIC_2754170,0,0.030975824,held_fold
ISIC_2754186,0,0.04060905,held_fold
ISIC_2754616,0,0.002035246,held_fold
ISIC_2755502,0,0.013705789,held_fold
ISIC_2757414,0,0.002879028,held_fold
ISIC_2757957,0,0.01181283,held_fold
ISIC_2763060,0,0.0031665163,held_fold
ISIC_2769292,0,0.0010005726,held_fold
ISIC_2772581,0,0.00852402,held_fold
ISIC_2773044,0,0.0051639765,held_fold
ISIC_2773261,0,0.08058505,held_fold
ISIC_2773596,0,0.02343356,held_fold
ISIC_2775157,0,0.07409631,held_fold
ISIC_2775638,0,0.07185161,held_fold
ISIC_2776906,1,0.5029457,held_fold
ISIC_2776986,0,0.06110918,held_fold
ISIC_2777137,0,0.0014443933,held_fold
ISIC_2786246,0,0.0045509804,held_fold
ISIC_2790561,0,0.051630646,held_fold
ISIC_2793903,0,0.0009890293,held_fold
ISIC_2793989,0,0.005694289,held_fold
ISIC_2795397,0,0.0071986564,held_fold
ISIC_2797898,0,0.00025233248,held_fold
ISIC_2799701,0,0.0017696408,held_fold
ISIC_2800198,0,0.017657362,held_fold
ISIC_2803212,0,0.006904829,held_fold
ISIC_2803733,0,0.0018257918,held_fold
ISIC_2805634,0,0.0019633698,held_fold
ISIC_2808187,0,0.0024610057,held_fold
ISIC_2810793,0,0.027213354,held_fold
ISIC_2811847,0,0.0005760605,held_fold
ISIC_2814675,0,0.0025462273,held_fold
ISIC_2817348,0,0.0024999944,held_fold
ISIC_2818530,0,0.005871155,held_fold
ISIC_2819721,0,0.0004136385,held_fold
ISIC_2820050,0,0.0008454584,held_fold
ISIC_2821172,0,0.0009153971,held_fold
ISIC_2822622,0,0.022195755,held_fold
ISIC_2823287,1,0.077887096,held_fold
ISIC_2824679,0,0.0010343026,held_fold
ISIC_2829088,0,0.08513146,held_fold
ISIC_2832507,0,0.03894329,held_fold
ISIC_2834175,0,0.0023666734,held_fold
ISIC_2836038,0,0.005683985,held_fold
ISIC_2837876,0,0.04063091,held_fold
ISIC_2838960,0,0.02125999,held_fold
ISIC_2839053,0,0.01196974,held_fold
ISIC_2840136,0,0.030281236,held_fold
ISIC_2840727,0,0.0041844426,held_fold
ISIC_2841630,0,0.006958232,held_fold
ISIC_2844085,0,0.015195521,held_fold
ISIC_2845237,0,0.012366726,held_fold
ISIC_2845758,0,0.00047479727,held_fold
ISIC_2847358,0,0.004070915,held_fold
ISIC_2849717,0,0.0011859168,held_fold
ISIC_2850155,0,0.0033099786,held_fold
ISIC_2852497,0,0.04450583,held_fold
ISIC_2853981,0,0.060519192,held_fold
ISIC_2855191,0,0.019222992,held_fold
ISIC_2858035,0,0.023064414,held_fold
ISIC_2858419,0,0.001281004,held_fold
ISIC_2859012,0,0.0054839686,held_fold
ISIC_2860230,0,0.020059913,held_fold
ISIC_2867740,0,0.014584181,held_fold
ISIC_2871437,0,0.016151585,held_fold
ISIC_2872201,0,0.001259374,held_fold
ISIC_2875622,0,0.004682002,held_fold
ISIC_2879257,0,0.0074297898,held_fold
ISIC_2879512,0,0.006120727,held_fold
ISIC_2887690,0,0.0028425772,held_fold
ISIC_2889208,0,0.034484908,held_fold
ISIC_2889670,0,0.0054221605,held_fold
ISIC_2889981,0,0.025028013,held_fold
ISIC_2894223,0,0.004444616,held_fold
ISIC_2896341,0,0.01182388,held_fold
ISIC_2898780,0,0.0008178962,held_fold
ISIC_2898886,0,0.05141142,held_fold
ISIC_2899829,0,0.001998908,held_fold
ISIC_2901944,0,0.10517395,held_fold
ISIC_2912335,0,0.08914293,held_fold
ISIC_2914304,0,0.00019294329,held_fold
ISIC_2914353,0,0.058040477,held_fold
ISIC_2915930,0,0.030495891,held_fold
ISIC_2917372,0,0.0017623293,held_fold
ISIC_2921679,0,0.00087527296,held_fold
ISIC_2922270,0,0.00053780334,held_fold
ISIC_2922381,0,0.008599991,held_fold
ISIC_2924281,0,0.060238514,held_fold
ISIC_2924418,0,0.011051842,held_fold
ISIC_2924748,0,0.012670903,held_fold
ISIC_2924968,0,0.014818131,held_fold
ISIC_2927587,0,0.0035413306,held_fold
ISIC_2928278,0,0.0009059246,held_fold
ISIC_2932418,0,0.058109503,held_fold
ISIC_2935987,0,0.0019649952,held_fold
ISIC_2938284,0,0.008252722,held_fold
ISIC_2939330,0,0.011278919,held_fold
ISIC_2939734,0,0.00077496143,held_fold
ISIC_2942057,0,0.0123132365,held_fold
ISIC_2945310,0,0.002361899,held_fold
ISIC_2946999,0,0.007977482,held_fold
ISIC_2947038,0,0.022524597,held_fold
ISIC_2949980,0,0.0029666359,held_fold
ISIC_2951741,0,0.006401989,held_fold
ISIC_2952684,0,0.00082451274,held_fold
ISIC_2954294,0,0.004660643,held_fold
ISIC_2955499,0,0.0126621835,held_fold
ISIC_2955610,0,0.08523982,held_fold
ISIC_2958240,0,0.0047658426,held_fold
ISIC_2961666,0,0.016506163,held_fold
ISIC_2962753,0,0.0011554688,held_fold
ISIC_2963478,0,0.057205748,held_fold
ISIC_2964397,0,0.0045007397,held_fold
ISIC_2968272,0,0.0005417448,held_fold
ISIC_2969055,0,0.001598627,held_fold
ISIC_2969301,0,0.0011036625,held_fold
ISIC_2969373,0,0.19908728,held_fold
ISIC_2970632,0,0.05402798,held_fold
ISIC_2974884,0,0.0033814313,held_fold
ISIC_2977336,0,0.007906797,held_fold
ISIC_2979268,1,0.003136544,held_fold
ISIC_2980633,0,0.009156963,held_fold
ISIC_2982357,0,0.0008650799,held_fold
ISIC_2982883,0,0.0015731143,held_fold
ISIC_2984214,0,0.07644208,held_fold
ISIC_2984437,0,0.027299734,held_fold
ISIC_2984737,0,0.039892834,held_fold
ISIC_2985322,0,0.021267377,held_fold
ISIC_2985753,0,0.01683611,held_fold
ISIC_2985966,0,0.0029259557,held_fold
ISIC_2986014,0,0.00071312353,held_fold
ISIC_2989425,0,0.0011456945,held_fold
ISIC_2990228,0,0.020003403,held_fold
ISIC_2996391,0,0.03349001,held_fold
ISIC_2996668,0,0.0067008603,held_fold
ISIC_2998411,0,0.00067982246,held_fold
ISIC_2999582,0,0.014275,held_fold
ISIC_3003273,0,0.003966164,held_fold
ISIC_3003513,0,0.0034636885,held_fold
ISIC_3007232,0,0.0060049533,held_fold
ISIC_3008419,0,0.019312773,held_fold
ISIC_3009930,0,0.0008986566,held_fold
ISIC_3010487,0,0.01201538,held_fold
ISIC_3016696,0,0.011972136,held_fold
ISIC_3016754,0,0.016629992,held_fold
ISIC_3017950,0,0.0017275105,held_fold
ISIC_3021188,0,0.022448884,held_fold
ISIC_3023901,0,0.027262837,held_fold
ISIC_3024600,0,0.0073332153,held_fold
ISIC_3033120,0,0.008244784,held_fold
ISIC_3038950,0,0.025930716,held_fold
ISIC_3042091,0,0.005589994,held_fold
ISIC_3042182,0,0.009256077,held_fold
ISIC_3042558,0,0.0029394482,held_fold
ISIC_3043105,0,0.06535241,held_fold
ISIC_3046710,0,0.012884769,held_fold
ISIC_3052675,0,0.0031023384,held_fold
ISIC_3054523,0,0.038012218,held_fold
ISIC_3058625,0,0.0051687458,held_fold
ISIC_3060248,0,0.015990252,held_fold
ISIC_3062820,0,0.015647152,held_fold
ISIC_3063260,0,0.010766335,held_fold
ISIC_3063649,0,0.00034217007,held_fold
ISIC_3063923,0,0.06001738,held_fold
ISIC_3065254,0,0.008970978,held_fold
ISIC_3067522,0,0.0017793983,held_fold
ISIC_3070142,0,0.013939774,held_fold
ISIC_3072143,0,0.000982482,held_fold
ISIC_3072382,0,0.008159478,held_fold
ISIC_3077866,0,0.13174981,held_fold
ISIC_3078678,0,0.00067451986,held_fold
ISIC_3079729,0,0.0028587147,held_fold
ISIC_3080307,0,0.010439883,held_fold
ISIC_3082841,0,0.101208754,held_fold
ISIC_3084791,0,0.035063792,held_fold
ISIC_3088518,0,0.17032021,held_fold
ISIC_3089388,0,0.002272761,held_fold
ISIC_3090417,0,0.007359751,held_fold
ISIC_3090572,0,0.00050057657,held_fold
ISIC_3090792,0,0.0109550655,held_fold
ISIC_3091420,0,0.009026039,held_fold
ISIC_3092441,0,0.0022479647,held_fold
ISIC_3093025,0,0.032792386,held_fold
ISIC_3093069,0,0.0030719887,held_fold
ISIC_3093810,0,0.0026018152,held_fold
ISIC_3096269,0,0.016384795,held_fold
ISIC_3097899,0,0.0019848826,held_fold
ISIC_3097976,0,0.20533118,held_fold
ISIC_3098299,0,0.0233944,held_fold
ISIC_3098342,0,0.0034610408,held_fold
ISIC_3102011,0,0.0005792188,held_fold
ISIC_3105314,0,0.13350525,held_fold
ISIC_3110425,0,0.0034533509,held_fold
ISIC_3110946,0,0.00913518,held_fold
ISIC_3111635,0,0.009092853,held_fold
ISIC_3114066,0,0.0044522416,held_fold
ISIC_3115568,0,0.0054371166,held_fold
ISIC_3117977,0,0.017868996,held_fold
ISIC_3123718,0,0.019428948,held_fold
ISIC_3123835,0,0.011604694,held_fold
ISIC_3125078,0,0.04876122,held_fold
ISIC_3125318,0,0.0003303665,held_fold
ISIC_3126161,0,0.0146859875,held_fold
ISIC_3126619,0,0.014173998,held_fold
ISIC_3127347,0,0.0016804497,held_fold
ISIC_3131821,0,0.010673946,held_fold
ISIC_3133127,0,0.0009852828,held_fold
ISIC_3134556,0,0.011674392,held_fold
ISIC_3135594,0,0.0005398302,held_fold
ISIC_3136263,0,0.0013744608,held_fold
ISIC_3136818,0,0.1411678,held_fold
ISIC_3137003,0,0.0028701278,held_fold
ISIC_3143604,0,0.00054612703,held_fold
ISIC_3145458,0,0.009400526,held_fold
ISIC_3146074,0,0.011722472,held_fold
ISIC_3147179,0,0.008548011,held_fold
ISIC_3149717,0,0.053284857,held_fold
ISIC_3152572,0,0.012573418,held_fold
ISIC_3154716,0,0.06544165,held_fold
ISIC_3157046,0,0.002838293,held_fold
ISIC_3157385,0,0.05267642,held_fold
ISIC_3157921,0,0.0018169311,held_fold
ISIC_3160147,0,0.040414978,held_fold
ISIC_3160224,0,0.00047677098,held_fold
ISIC_3161358,0,0.023369465,held_fold
ISIC_3161477,0,0.009852861,held_fold
ISIC_3163216,0,0.0033037283,held_fold
ISIC_3165198,0,0.018457573,held_fold
ISIC_3166276,0,0.003987641,held_fold
ISIC_3172196,0,0.008736146,held_fold
ISIC_3172815,0,0.041496187,held_fold
ISIC_3173007,0,0.03169011,held_fold
ISIC_3175723,0,0.006482749,held_fold
ISIC_3176296,0,0.001594017,held_fold
ISIC_3176566,0,0.043480985,held_fold
ISIC_3180108,0,0.015313421,held_fold
ISIC_3180138,0,0.0018777275,held_fold
ISIC_3181358,0,0.023562415,held_fold
ISIC_3182075,0,0.017337304,held_fold
ISIC_3183653,0,0.06052616,held_fold
ISIC_3185524,0,0.0028680817,held_fold
ISIC_3186625,0,0.0497237,held_fold
ISIC_3187746,0,0.0035747036,held_fold
ISIC_3188758,0,0.004154796,held_fold
ISIC_3189075,0,0.00198862,held_fold
ISIC_3190790,0,0.0057024998,held_fold
ISIC_3191602,0,0.014029254,held_fold
ISIC_3191646,0,0.01669848,held_fold
ISIC_3196630,0,0.06186911,held_fold
ISIC_3199821,0,0.02781464,held_fold
ISIC_3202724,0,0.001592124,held_fold
ISIC_3203303,0,0.017674657,held_fold
ISIC_3204621,0,0.13870867,held_fold
ISIC_3206207,0,0.013275879,held_fold
ISIC_3209363,0,0.0004251834,held_fold
ISIC_3209456,0,0.027498538,held_fold
ISIC_3211631,0,0.009316682,held_fold
ISIC_3211915,0,0.0016237019,held_fold
ISIC_3212050,0,0.0048999316,held_fold
ISIC_3215397,0,0.053365182,held_fold
ISIC_3217658,0,0.008574594,held_fold
ISIC_3218245,0,0.017066846,held_fold
ISIC_3220970,0,0.0018336155,held_fold
ISIC_3223762,0,0.0021519177,held_fold
ISIC_3224181,0,0.019761877,held_fold
ISIC_3224643,0,0.0005655211,held_fold
ISIC_3224794,0,0.006000196,held_fold
ISIC_3225754,0,0.017796451,held_fold
ISIC_3226667,0,0.015887802,held_fold
ISIC_3228015,0,0.08636802,held_fold
ISIC_3229171,0,0.0005697406,held_fold
ISIC_3229755,0,0.0038532927,held_fold
ISIC_3230630,0,0.0010870782,held_fold
ISIC_3232329,0,0.049642537,held_fold
ISIC_3235868,0,0.003060849,held_fold
ISIC_3236964,0,0.023100749,held_fold
ISIC_3242282,0,0.0010227433,held_fold
ISIC_3244067,1,0.03801022,held_fold
ISIC_3246752,0,0.0053403242,held_fold
ISIC_3250584,0,0.22299728,held_fold
ISIC_3251421,0,0.0024103743,held_fold
ISIC_3251951,0,0.019472865,held_fold
ISIC_3252522,0,0.3379965,held_fold
ISIC_3253484,1,0.25817737,held_fold
ISIC_3256966,0,0.05344483,held_fold
ISIC_3258598,0,0.011433877,held_fold
ISIC_3259494,0,0.011348648,held_fold
ISIC_3260068,0,0.0011483507,held_fold
ISIC_3260211,0,0.002046878,held_fold
ISIC_3260549,0,0.0128727425,held_fold
ISIC_3260571,0,0.00607026,held_fold
ISIC_3260649,0,0.014926985,held_fold
ISIC_3262153,0,0.29686385,held_fold
ISIC_3264124,0,0.030829886,held_fold
ISIC_3266797,0,0.02020577,held_fold
ISIC_3267259,0,0.00083311833,held_fold
ISIC_3269018,0,0.03602274,held_fold
ISIC_3270588,0,0.024303943,held_fold
ISIC_3272470,0,0.001674228,held_fold
ISIC_3273115,0,0.11074347,held_fold
ISIC_3277722,0,0.013765521,held_fold
ISIC_3279911,0,0.0022639828,held_fold
ISIC_3287807,0,0.0034897614,held_fold
ISIC_3288342,0,0.009932268,held_fold
ISIC_3292915,0,0.0037406697,held_fold
ISIC_3296079,0,0.013963816,held_fold
ISIC_3298596,0,0.00085608376,held_fold
ISIC_3299433,0,0.013003796,held_fold
ISIC_3300710,0,0.04570243,held_fold
ISIC_3301164,0,0.06783775,held_fold
ISIC_3302126,0,0.0023992995,held_fold
ISIC_3305468,0,0.026406327,held_fold
ISIC_3308635,0,0.0026982478,held_fold
ISIC_3310625,0,0.0008982282,held_fold
ISIC_3310739,0,0.004557706,held_fold
ISIC_3314853,0,0.010122611,held_fold
ISIC_3315713,0,0.014966737,held_fold
ISIC_3316641,0,0.018649384,held_fold
ISIC_3316688,0,0.0034440279,held_fold
ISIC_3318860,0,0.065141134,held_fold
ISIC_3324479,0,0.021011641,held_fold
ISIC_3326704,0,0.00835013,held_fold
ISIC_3331533,0,0.0049595735,held_fold
ISIC_3332207,0,0.07673997,held_fold
ISIC_3332756,0,0.005126987,held_fold
ISIC_3341471,0,0.0020126586,held_fold
ISIC_3341710,1,0.6279144,held_fold
ISIC_3341994,0,0.028444087,held_fold
ISIC_3342067,0,0.053666934,held_fold
ISIC_3342276,0,0.0097026015,held_fold
ISIC_3345230,0,0.015143596,held_fold
ISIC_3348086,0,0.008831192,held_fold
ISIC_3348306,0,0.0013178524,held_fold
ISIC_3349107,0,0.0063904463,held_fold
ISIC_3350052,0,0.026123505,held_fold
ISIC_3351880,0,0.011876467,held_fold
ISIC_3354831,0,0.005930251,held_fold
ISIC_3358896,0,0.0033136494,held_fold
ISIC_3361126,0,0.025766874,held_fold
ISIC_3361690,0,0.011672012,held_fold
ISIC_3365320,0,0.00988197,held_fold
ISIC_3365692,0,0.0013837281,held_fold
ISIC_3370255,0,0.0014932774,held_fold
ISIC_3375921,0,0.012612312,held_fold
ISIC_3377082,0,0.0012647706,held_fold
ISIC_3377282,0,0.0042379857,held_fold
ISIC_3378194,0,0.01865126,held_fold
ISIC_3380212,0,0.10167138,held_fold
ISIC_3382231,0,0.09354271,held_fold
ISIC_3383330,0,0.04408146,held_fold
ISIC_3389740,0,0.004571991,held_fold
ISIC_3395488,0,0.011685017,held_fold
ISIC_3397583,0,0.07451408,held_fold
ISIC_3397764,0,0.01533348,held_fold
ISIC_3399603,0,0.011266694,held_fold
ISIC_3403144,0,0.0042597433,held_fold
ISIC_3406319,0,0.008323698,held_fold
ISIC_3407960,0,0.02239146,held_fold
ISIC_3408080,0,0.02311388,held_fold
ISIC_3408231,1,0.014966328,held_fold
ISIC_3408383,0,0.00048082194,held_fold
ISIC_3410530,0,0.0024558126,held_fold
ISIC_3413657,0,0.008840262,held_fold
ISIC_3415967,0,0.019334042,held_fold
ISIC_3416107,1,0.13423692,held_fold
ISIC_3416130,0,0.0014146003,held_fold
ISIC_3420287,0,0.0047297315,held_fold
ISIC_3420831,0,0.020846592,held_fold
ISIC_3424154,0,0.01097908,held_fold
ISIC_3424207,0,0.01360106,held_fold
ISIC_3424634,0,0.0006882594,held_fold
ISIC_3425388,0,0.008187225,held_fold
ISIC_3425896,0,0.015753012,held_fold
ISIC_3426857,0,0.0037935476,held_fold
ISIC_3428559,0,0.015444602,held_fold
ISIC_3428894,0,0.00095009705,held_fold
ISIC_3429014,0,0.011276526,held_fold
ISIC_3429552,0,0.021126222,held_fold
ISIC_3429860,0,0.0068053524,held_fold
ISIC_3431064,0,0.022314683,held_fold
ISIC_3432318,0,0.011450058,held_fold
ISIC_3434670,0,0.0026975663,held_fold
ISIC_3435747,0,0.008214078,held_fold
ISIC_3440002,0,0.0045389403,held_fold
ISIC_3441196,0,0.0028017156,held_fold
ISIC_3441698,0,0.014757635,held_fold
ISIC_3443898,0,0.0054705013,held_fold
ISIC_3444221,0,0.00095414015,held_fold
ISIC_3446591,0,0.0057197507,held_fold
ISIC_3448409,0,0.029896112,held_fold
ISIC_3449079,0,0.001070823,held_fold
ISIC_3453060,0,0.002341411,held_fold
ISIC_3456094,0,0.036368832,held_fold
ISIC_3464226,0,0.010462815,held_fold
ISIC_3469260,0,0.009714415,held_fold
ISIC_3469442,0,0.016789189,held_fold
ISIC_3470824,0,0.018136749,held_fold
ISIC_3474609,0,0.019859342,held_fold
ISIC_3479948,0,0.002912318,held_fold
ISIC_3481509,0,0.007173848,held_fold
ISIC_3484722,0,0.0032293717,held_fold
ISIC_3485300,0,0.019408152,held_fold
ISIC_3485482,0,0.04534327,held_fold
ISIC_3485557,0,0.0014380895,held_fold
ISIC_3488556,0,0.04427012,held_fold
ISIC_3489630,0,0.008698492,held_fold
ISIC_3492490,0,0.10207759,held_fold
ISIC_3493050,0,0.0058564283,held_fold
ISIC_3496369,0,0.029899444,held_fold
ISIC_3497346,0,0.047982994,held_fold
ISIC_3498983,0,0.0075128283,held_fold
ISIC_3499071,0,0.013539267,held_fold
ISIC_3501271,0,0.0014457074,held_fold
ISIC_3502577,0,0.0022960617,held_fold
ISIC_3507444,0,0.057081714,held_fold
ISIC_3507446,0,0.00367197,held_fold
ISIC_3508192,0,0.0065229135,held_fold
ISIC_3509250,0,0.00037554582,held_fold
ISIC_3509838,0,0.019773846,held_fold
ISIC_3510941,0,0.024619631,held_fold
ISIC_3513367,0,0.020018829,held_fold
ISIC_3520591,0,0.032113124,held_fold
ISIC_3521736,0,0.0032374277,held_fold
ISIC_3521744,0,0.057134718,held_fold
ISIC_3522342,0,0.0022097605,held_fold
ISIC_3523476,0,0.0021809246,held_fold
ISIC_3524546,0,0.00061450386,held_fold
ISIC_3526017,0,0.000509197,held_fold
ISIC_3526122,0,0.027207978,held_fold
ISIC_3529572,0,0.038111217,held_fold
ISIC_3529778,0,0.0020633866,held_fold
ISIC_3529922,0,0.012246853,held_fold
ISIC_3530337,0,0.02669305,held_fold
ISIC_3534633,0,0.010372933,held_fold
ISIC_3535007,0,0.007306121,held_fold
ISIC_3536858,0,0.008929557,held_fold
ISIC_3537768,0,0.0040354067,held_fold
ISIC_3543244,0,0.0039287233,held_fold
ISIC_3548927,0,0.07485472,held_fold
ISIC_3549384,0,0.0013550511,held_fold
ISIC_3549984,0,0.0035707043,held_fold
ISIC_3550939,0,0.0037535802,held_fold
ISIC_3552245,0,0.015735522,held_fold
ISIC_3556190,0,0.09159884,held_fold
ISIC_3556200,0,0.0022117842,held_fold
ISIC_3556980,0,0.0014005037,held_fold
ISIC_3558634,0,0.004829802,held_fold
ISIC_3559222,0,0.00447228,held_fold
ISIC_3560466,0,0.05422939,held_fold
ISIC_3561065,1,0.030231087,held_fold
ISIC_3561857,0,0.0008994421,held_fold
ISIC_3563234,0,0.013546127,held_fold
ISIC_3564263,0,0.0028956775,held_fold
ISIC_3564897,0,0.02180194,held_fold
ISIC_3567352,0,0.012109543,held_fold
ISIC_3569794,0,0.006039571,held_fold
ISIC_3571523,0,0.0018765829,held_fold
ISIC_3575777,0,0.018817862,held_fold
ISIC_3578186,0,0.009384779,held_fold
ISIC_3579477,0,0.00072894804,held_fold
ISIC_3579853,0,0.0069499533,held_fold
ISIC_3586480,0,0.00687898,held_fold
ISIC_3586824,0,0.011465305,held_fold
ISIC_3590167,1,0.032128647,held_fold
ISIC_3592731,0,0.015473632,held_fold
ISIC_3593240,0,0.004959543,held_fold
ISIC_3593382,0,0.004307706,held_fold
ISIC_3593988,0,0.004660599,held_fold
ISIC_3594764,0,0.0034507709,held_fold
ISIC_3594774,0,0.014062312,held_fold
ISIC_3595825,0,0.015231676,held_fold
ISIC_3595918,0,0.0009556444,held_fold
ISIC_3596219,0,0.00415137,held_fold
ISIC_3597277,0,0.004995492,held_fold
ISIC_3597812,0,0.0026458171,held_fold
ISIC_3597870,0,0.06256176,held_fold
ISIC_3598604,0,0.008298215,held_fold
ISIC_3599489,0,0.0029290789,held_fold
ISIC_3599724,0,0.020038784,held_fold
ISIC_3601052,0,0.008650607,held_fold
ISIC_3601493,0,0.023086017,held_fold
ISIC_3603228,0,0.0016974912,held_fold
ISIC_3603704,0,0.0027008397,held_fold
ISIC_3604100,0,0.0015731293,held_fold
ISIC_3604975,0,0.0024828943,held_fold
ISIC_3608670,0,0.038129915,held_fold
ISIC_3609265,0,0.02710679,held_fold
ISIC_3609379,0,0.014567765,held_fold
ISIC_3613012,0,0.0013035242,held_fold
ISIC_3621887,0,0.01773497,held_fold
ISIC_3622949,0,0.113830864,held_fold
ISIC_3623868,0,0.006937255,held_fold
ISIC_3624069,0,0.0036413942,held_fold
ISIC_3627732,0,0.010285131,held_fold
ISIC_3628451,0,0.05218803,held_fold
ISIC_3628831,0,0.031281162,held_fold
ISIC_3631165,0,0.001063444,held_fold
ISIC_3633227,0,0.00037341967,held_fold
ISIC_3633306,0,0.011423152,held_fold
ISIC_3633436,0,0.0019475595,held_fold
ISIC_3633707,0,0.069525436,held_fold
ISIC_3635014,0,0.0018427706,held_fold
ISIC_3635280,0,0.006513209,held_fold
ISIC_3642011,0,0.004029168,held_fold
ISIC_3646670,0,0.0025908868,held_fold
ISIC_3649632,0,0.0033544113,held_fold
ISIC_3650533,0,0.002957582,held_fold
ISIC_3651451,0,0.0016272956,held_fold
ISIC_3652884,0,0.0006741288,held_fold
ISIC_3653733,0,0.011115083,held_fold
ISIC_3657135,0,0.0159823,held_fold
ISIC_3657386,0,0.0026095517,held_fold
ISIC_3658449,0,0.010196973,held_fold
ISIC_3659906,0,0.00053388515,held_fold
ISIC_3662678,0,0.0021201274,held_fold
ISIC_3665298,0,0.0012160179,held_fold
ISIC_3669736,0,0.008658438,held_fold
ISIC_3670261,0,0.037874144,held_fold
ISIC_3671169,0,0.009625899,held_fold
ISIC_3671274,0,0.015580165,held_fold
ISIC_3673517,0,0.050392028,held_fold
ISIC_3678586,0,0.021311803,held_fold
ISIC_3678595,0,0.00815454,held_fold
ISIC_3682700,0,0.0008307556,held_fold
ISIC_3686179,0,0.124486305,held_fold
ISIC_3686815,0,0.003358686,held_fold
ISIC_3687263,0,0.002104363,held_fold
ISIC_3688362,0,0.009275985,held_fold
ISIC_3688410,0,0.019855611,held_fold
ISIC_3691714,0,0.010601068,held_fold
ISIC_3692092,0,0.009698593,held_fold
ISIC_3692753,0,0.0016126396,held_fold
ISIC_3692776,0,0.00891461,held_fold
ISIC_3692952,0,0.0106275445,held_fold
ISIC_3693018,0,0.00033300722,held_fold
ISIC_3693367,0,0.0061352043,held_fold
ISIC_3693934,0,0.0014377034,held_fold
ISIC_3694619,0,0.022446651,held_fold
ISIC_3695635,0,0.006500229,held_fold
ISIC_3700360,0,0.09152938,held_fold
ISIC_3700928,0,0.056850962,held_fold
ISIC_3701887,0,0.00047205936,held_fold
ISIC_3702454,0,0.0024852362,held_fold
ISIC_3702724,0,0.044213317,held_fold
ISIC_3706973,0,0.010497275,held_fold
ISIC_3709724,0,0.03155665,held_fold
ISIC_3716384,0,0.010781724,held_fold
ISIC_3716504,0,0.006400463,held_fold
ISIC_3717769,0,0.034465477,held_fold
ISIC_3720117,0,0.00056384003,held_fold
ISIC_3721600,0,0.0045294245,held_fold
ISIC_3723065,0,0.0028139092,held_fold
ISIC_3724089,0,0.022320883,held_fold
ISIC_3724491,0,0.019940117,held_fold
ISIC_3727856,0,0.0025255291,held_fold
ISIC_3729749,0,0.0014268388,held_fold
ISIC_3729849,0,0.0015562219,held_fold
ISIC_3730507,0,0.13209364,held_fold
ISIC_3734724,0,0.026949987,held_fold
ISIC_3734966,0,0.07392067,held_fold
ISIC_3735143,0,0.00041666484,held_fold
ISIC_3737739,0,0.014231299,held_fold
ISIC_3738157,0,0.014084059,held_fold
ISIC_3740449,0,0.00047450114,held_fold
ISIC_3740798,0,0.037061308,held_fold
ISIC_3742028,0,0.00399526,held_fold
ISIC_3742633,0,0.0020814638,held_fold
ISIC_3746471,0,0.004181055,held_fold
ISIC_3746922,0,0.0048879352,held_fold
ISIC_3747575,0,0.0017208289,held_fold
ISIC_3749320,0,0.0022349108,held_fold
ISIC_3753216,0,0.012983242,held_fold
ISIC_3754247,0,0.011790242,held_fold
ISIC_3754466,0,0.0012950149,held_fold
ISIC_3757400,0,0.007381496,held_fold
ISIC_3760018,0,0.016584458,held_fold
ISIC_3760156,0,0.21977133,held_fold
ISIC_3760796,0,0.052206878,held_fold
ISIC_3761071,0,0.0057465048,held_fold
ISIC_3762459,0,0.0008238185,held_fold
ISIC_3768097,0,0.0033095286,held_fold
ISIC_3769071,0,0.010745158,held_fold
ISIC_3770380,0,0.0014969063,held_fold
ISIC_3772941,0,0.0073000817,held_fold
ISIC_3777026,0,0.0008024368,held_fold
ISIC_3779093,0,0.0006236344,held_fold
ISIC_3779424,0,0.0011447301,held_fold
ISIC_3782451,0,0.0013578952,held_fold
ISIC_3783241,0,0.04687927,held_fold
ISIC_3783898,0,0.03833015,held_fold
ISIC_3784838,0,0.008581156,held_fold
ISIC_3786438,0,0.0066421665,held_fold
ISIC_3789405,0,0.003790973,held_fold
ISIC_3791435,0,0.010735497,held_fold
ISIC_3796594,0,0.0022493578,held_fold
ISIC_3797073,0,0.0019685763,held_fold
ISIC_3797573,0,0.033846684,held_fold
ISIC_3800435,0,0.0008838042,held_fold
ISIC_3800470,0,0.0027689082,held_fold
ISIC_3807708,0,0.038960822,held_fold
ISIC_3808007,0,0.010411424,held_fold
ISIC_3809013,0,0.0017133305,held_fold
ISIC_3810274,0,0.041653994,held_fold
ISIC_3814474,0,0.013914773,held_fold
ISIC_3814807,0,0.0017584731,held_fold
ISIC_3816423,0,0.014958746,held_fold
ISIC_3817719,1,0.07245587,held_fold
ISIC_3820232,0,0.026433041,held_fold
ISIC_3820533,0,0.008892792,held_fold
ISIC_3821242,1,0.017756471,held_fold
ISIC_3824206,1,0.050949324,held_fold
ISIC_3825762,0,0.0063540596,held_fold
ISIC_3826602,0,0.003106751,held_fold
ISIC_3828561,0,0.0342528,held_fold
ISIC_3830701,0,0.0045136195,held_fold
ISIC_3831858,0,0.06518292,held_fold
ISIC_3832462,0,0.17151384,held_fold
ISIC_3833013,0,0.048731405,held_fold
ISIC_3834379,0,0.004182242,held_fold
ISIC_3835100,0,0.0017666547,held_fold
ISIC_3836174,0,0.06259837,held_fold
ISIC_3844080,0,0.00042509992,held_fold
ISIC_3844151,0,0.0012525354,held_fold
ISIC_3844983,0,0.0013476388,held_fold
ISIC_3846648,0,0.0114794085,held_fold
ISIC_3846727,0,0.0074293707,held_fold
ISIC_3849316,0,0.0041746604,held_fold
ISIC_3852802,0,0.007173427,held_fold
ISIC_3856233,0,0.0105794845,held_fold
ISIC_3856926,0,0.0015892735,held_fold
ISIC_3858113,0,0.0014560547,held_fold
ISIC_3858798,0,0.00197818,held_fold
ISIC_3859068,0,0.040768594,held_fold
ISIC_3863610,0,0.0009826481,held_fold
ISIC_3864842,0,0.0009901626,held_fold
ISIC_3865993,0,0.010828694,held_fold
ISIC_3866054,0,0.020201258,held_fold
ISIC_3866641,0,0.0010821677,held_fold
ISIC_3866946,0,0.0019010277,held_fold
ISIC_3871230,0,0.011433225,held_fold
ISIC_3871414,0,0.12222586,held_fold
ISIC_3871468,0,0.062431663,held_fold
ISIC_3872019,0,0.02658545,held_fold
ISIC_3877974,0,0.00021266256,held_fold
ISIC_3878213,0,0.05450378,held_fold
ISIC_3880459,0,0.0018314482,held_fold
ISIC_3881573,0,0.009602236,held_fold
ISIC_3882374,0,0.0031213434,held_fold
ISIC_3882400,0,0.0011048918,held_fold
ISIC_3884285,0,0.0011149277,held_fold
ISIC_3884719,0,0.0387384,held_fold
ISIC_3887465,0,0.017499544,held_fold
ISIC_3888054,0,0.0015459682,held_fold
ISIC_3888070,0,0.0012847461,held_fold
ISIC_3888550,0,0.0029686592,held_fold
ISIC_3888713,0,0.005349603,held_fold
ISIC_3892185,0,0.006296883,held_fold
ISIC_3894224,0,0.026835158,held_fold
ISIC_3906303,0,0.007707031,held_fold
ISIC_3911901,0,0.047460847,held_fold
ISIC_3913561,0,0.006405973,held_fold
ISIC_3915289,0,0.010956275,held_fold
ISIC_3916565,0,0.056230534,held_fold
ISIC_3919752,0,0.0011759565,held_fold
ISIC_3931132,0,0.01220785,held_fold
ISIC_3933658,0,0.001507257,held_fold
ISIC_3942947,0,0.0067947186,held_fold
ISIC_3945469,0,0.0058765626,held_fold
ISIC_3945984,0,0.010783463,held_fold
ISIC_3946914,0,0.015802342,held_fold
ISIC_3948041,0,0.0051337383,held_fold
ISIC_3948221,0,0.0034064276,held_fold
ISIC_3948344,0,0.005059326,held_fold
ISIC_3950408,0,0.0019493474,held_fold
ISIC_3950474,0,0.029022584,held_fold
ISIC_3950753,0,0.0012555138,held_fold
ISIC_3951677,0,0.0859833,held_fold
ISIC_3951907,0,0.034036186,held_fold
ISIC_3952030,0,0.014127228,held_fold
ISIC_3952709,0,0.007361312,held_fold
ISIC_3956335,0,0.0036898982,held_fold
ISIC_3956570,0,0.013484416,held_fold
ISIC_3957475,0,0.0035047324,held_fold
ISIC_3958111,0,0.0019081398,held_fold
ISIC_3959262,0,0.0027890576,held_fold
ISIC_3959888,0,0.066601895,held_fold
ISIC_3961101,0,0.0047417013,held_fold
ISIC_3963183,1,0.14612529,held_fold
ISIC_3965872,0,0.0043280465,held_fold
ISIC_3966717,0,0.023741111,held_fold
ISIC_3971712,0,0.00075346814,held_fold
ISIC_3971920,0,0.009279829,held_fold
ISIC_3972249,0,0.16512133,held_fold
ISIC_3972569,0,0.0036359315,held_fold
ISIC_3975133,0,0.020679215,held_fold
ISIC_3975143,0,0.04312267,held_fold
ISIC_3975294,0,0.0028315182,held_fold
ISIC_3975427,0,0.008866471,held_fold
ISIC_3975743,0,0.005457185,held_fold
ISIC_3976718,0,0.00298814,held_fold
ISIC_3978040,0,0.016385363,held_fold
ISIC_3978732,0,0.0019132621,held_fold
ISIC_3979323,0,0.014058822,held_fold
ISIC_3981900,0,0.0015877064,held_fold
ISIC_3985273,0,0.0055522914,held_fold
ISIC_3990092,0,0.013364733,held_fold
ISIC_3990124,0,0.045287706,held_fold
ISIC_3992201,0,0.02769596,held_fold
ISIC_3997331,0,0.008737261,held_fold
ISIC_3998204,0,0.021723498,held_fold
ISIC_3998579,0,0.01496296,held_fold
ISIC_4003877,0,0.031798396,held_fold
ISIC_4015361,0,0.0016736446,held_fold
ISIC_4015764,0,0.0029427037,held_fold
ISIC_4022642,0,0.040436354,held_fold
ISIC_4024333,0,0.0049471855,held_fold
ISIC_4026943,0,0.013156538,held_fold
ISIC_4032638,0,0.002016473,held_fold
ISIC_4039290,0,0.0398496,held_fold
ISIC_4042947,0,0.028891899,held_fold
ISIC_4043580,0,0.011852674,held_fold
ISIC_4045231,0,0.0070707016,held_fold
ISIC_4046045,0,0.010762846,held_fold
ISIC_4047707,0,0.012111563,held_fold
ISIC_4048449,0,0.0023195678,held_fold
ISIC_4048509,0,0.0011737898,held_fold
ISIC_4049598,0,0.009378336,held_fold
ISIC_4049855,0,0.003708213,held_fold
ISIC_4050422,0,0.0018129918,held_fold
ISIC_4052597,0,0.06493715,held_fold
ISIC_4052659,0,0.0075811576,held_fold
ISIC_4053220,0,0.0012008448,held_fold
ISIC_4056017,0,0.009294338,held_fold
ISIC_4056158,0,0.001719906,held_fold
ISIC_4057501,0,0.0024981687,held_fold
ISIC_4057921,0,0.0026205843,held_fold
ISIC_4063097,0,0.007474027,held_fold
ISIC_4063390,0,0.01497082,held_fold
ISIC_4064041,0,0.003171674,held_fold
ISIC_4065034,0,0.004851527,held_fold
ISIC_4065779,0,0.01599287,held_fold
ISIC_4066013,0,0.00847008,held_fold
ISIC_4066094,0,0.014179311,held_fold
ISIC_4066314,0,0.035031617,held_fold
ISIC_4071099,0,0.009819085,held_fold
ISIC_4072073,0,0.002193742,held_fold
ISIC_4074537,0,0.002289588,held_fold
ISIC_4076162,0,0.010682831,held_fold
ISIC_4077664,0,0.002576831,held_fold
ISIC_4082318,0,0.049746327,held_fold
ISIC_4082515,0,0.0058823763,held_fold
ISIC_4084359,0,0.0007229455,held_fold
ISIC_4084878,0,0.010933996,held_fold
ISIC_4086323,0,0.025580551,held_fold
ISIC_4086529,0,0.0066225226,held_fold
ISIC_4090161,0,0.005299931,held_fold
ISIC_4090811,0,0.0022735072,held_fold
ISIC_4092249,0,0.05865105,held_fold
ISIC_4092478,0,0.017956361,held_fold
ISIC_4093484,0,0.0019220154,held_fold
ISIC_4094763,0,0.008043849,held_fold
ISIC_4095559,0,0.053325105,held_fold
ISIC_4098925,0,0.051856436,held_fold
ISIC_4099428,0,0.011212605,held_fold
ISIC_4100970,0,0.00083561125,held_fold
ISIC_4102250,0,0.0043229577,held_fold
ISIC_4103653,0,0.0013281975,held_fold
ISIC_4104378,0,0.03317957,held_fold
ISIC_4109725,0,0.08801271,held_fold
ISIC_4110997,0,0.006215809,held_fold
ISIC_4112392,0,0.010526726,held_fold
ISIC_4112409,0,0.010431743,held_fold
ISIC_4113246,0,0.0017731407,held_fold
ISIC_4116553,0,0.028957142,held_fold
ISIC_4118525,0,0.019117579,held_fold
ISIC_4120704,0,0.021103816,held_fold
ISIC_4123007,0,0.0045009404,held_fold
ISIC_4124060,0,0.0032712438,held_fold
ISIC_4127016,0,0.001857806,held_fold
ISIC_4127065,0,0.009072318,held_fold
ISIC_4129321,0,0.032529883,held_fold
ISIC_4129443,0,0.014603334,held_fold
ISIC_4129493,0,0.008659257,held_fold
ISIC_4135058,0,0.0026247432,held_fold
ISIC_4136663,0,0.0034292408,held_fold
ISIC_4137198,0,0.09495136,held_fold
ISIC_4140008,0,0.0017579828,held_fold
ISIC_4141898,0,0.0014825565,held_fold
ISIC_4142019,0,0.0020030187,held_fold
ISIC_4143831,0,0.10163284,held_fold
ISIC_4145671,0,0.040362455,held_fold
ISIC_4147166,0,0.04039257,held_fold
ISIC_4147328,0,0.0071772453,held_fold
ISIC_4150885,0,0.0016650178,held_fold
ISIC_4152689,0,0.0060948846,held_fold
ISIC_4155471,0,0.0056079784,held_fold
ISIC_4156010,0,0.003949937,held_fold
ISIC_4157955,0,0.026107432,held_fold
ISIC_4158555,0,0.013237407,held_fold
ISIC_4159272,0,0.0027060013,held_fold
ISIC_4160773,0,0.08864178,held_fold
ISIC_4163930,0,0.0015281027,held_fold
ISIC_4164955,0,0.043164138,held_fold
ISIC_4166364,0,0.0037319951,held_fold
ISIC_4167053,0,0.009900083,held_fold
ISIC_4170698,1,0.037545484,held_fold
ISIC_4172470,0,0.0043920404,held_fold
ISIC_4174479,0,0.0018512285,held_fold
ISIC_4174614,0,0.027507199,held_fold
ISIC_4174983,0,0.0077373907,held_fold
ISIC_4181595,0,0.005260835,held_fold
ISIC_4181628,0,0.031325746,held_fold
ISIC_4187393,0,0.024273833,held_fold
ISIC_4187485,0,0.046009254,held_fold
ISIC_4190595,0,0.003787224,held_fold
ISIC_4190900,0,0.02388694,held_fold
ISIC_4191094,0,0.05215537,held_fold
ISIC_4191215,0,0.004300127,held_fold
ISIC_4191363,0,0.008089727,held_fold
ISIC_4192383,0,0.009665025,held_fold
ISIC_4195837,0,0.0020124596,held_fold
ISIC_4196596,0,0.0017818165,held_fold
ISIC_4200081,0,0.0054652765,held_fold
ISIC_4205242,0,0.085402325,held_fold
ISIC_4209411,0,0.00033141446,held_fold
ISIC_4210857,0,0.0030811133,held_fold
ISIC_4211868,0,0.0013819108,held_fold
ISIC_4212259,0,0.0028394756,held_fold
ISIC_4216169,0,0.0068424162,held_fold
ISIC_4220279,0,0.08940048,held_fold
ISIC_4220326,0,0.0012978289,held_fold
ISIC_4222616,0,0.002797683,held_fold
ISIC_4223575,0,0.034929756,held_fold
ISIC_4227209,0,0.00061574555,held_fold
ISIC_4227377,0,0.006863632,held_fold
ISIC_4228971,0,0.0030748628,held_fold
ISIC_4231346,0,0.0046973284,held_fold
ISIC_4232172,0,0.006735862,held_fold
ISIC_4237064,0,0.0011909289,held_fold
ISIC_4237725,0,0.0019051108,held_fold
ISIC_4241286,0,0.026132956,held_fold
ISIC_4243470,0,0.028037924,held_fold
ISIC_4243801,0,0.0036767581,held_fold
ISIC_4245634,0,0.024915235,held_fold
ISIC_4247917,0,0.12910567,held_fold
ISIC_4248187,0,0.00073222833,held_fold
ISIC_4249243,0,0.002290101,held_fold
ISIC_4253348,0,0.0028144296,held_fold
ISIC_4254687,0,0.0023715657,held_fold
ISIC_4255013,0,0.0039069955,held_fold
ISIC_4257634,0,0.009423569,held_fold
ISIC_4259290,0,0.080540754,held_fold
ISIC_4262670,0,0.0009177821,held_fold
ISIC_4264422,0,0.0034361763,held_fold
ISIC_4265307,0,0.040501185,held_fold
ISIC_4266533,1,0.015169069,held_fold
ISIC_4270163,0,0.0025102883,held_fold
ISIC_4271110,0,0.002144513,held_fold
ISIC_4277163,0,0.0007933763,held_fold
ISIC_4281745,0,0.09397096,held_fold
ISIC_4282783,0,0.0072579007,held_fold
ISIC_4285297,0,0.0204509,held_fold
ISIC_4287463,0,0.001202571,held_fold
ISIC_4288709,0,0.00370945,held_fold
ISIC_4289345,0,0.0051992754,held_fold
ISIC_4289906,0,0.002169023,held_fold
ISIC_4294705,0,0.00046771328,held_fold
ISIC_4300983,0,0.012638539,held_fold
ISIC_4301050,0,0.020898588,held_fold
ISIC_4301302,0,0.0032585955,held_fold
ISIC_4301919,0,0.0056689302,held_fold
ISIC_4303228,0,0.0039726244,held_fold
ISIC_4304068,0,0.009762496,held_fold
ISIC_4309183,0,0.0015443527,held_fold
ISIC_4310834,0,0.0045809797,held_fold
ISIC_4311544,0,0.11583759,held_fold
ISIC_4311592,0,0.052226953,held_fold
ISIC_4312470,0,0.0238503,held_fold
ISIC_4312804,0,0.0030555034,held_fold
ISIC_4314577,0,0.011034423,held_fold
ISIC_4316501,0,0.0053056027,held_fold
ISIC_4319859,0,0.0006350496,held_fold
ISIC_4319945,0,0.0029549117,held_fold
ISIC_4320200,0,0.00036307675,held_fold
ISIC_4321815,0,0.0021639306,held_fold
ISIC_4322822,0,0.0009057054,held_fold
ISIC_4323160,0,0.009344866,held_fold
ISIC_4323391,0,0.000777977,held_fold
ISIC_4325003,0,0.00033501585,held_fold
ISIC_4327046,0,0.061018083,held_fold
ISIC_4327358,0,0.0028320057,held_fold
ISIC_4327535,0,0.0010895167,held_fold
ISIC_4329598,0,0.034082253,held_fold
ISIC_4330796,0,0.0026934876,held_fold
ISIC_4331481,0,0.16947824,held_fold
ISIC_4331936,0,0.0020728132,held_fold
ISIC_4332771,0,0.05916457,held_fold
ISIC_4335758,0,0.028504029,held_fold
ISIC_4336409,0,0.09973506,held_fold
ISIC_4338927,0,0.02038449,held_fold
ISIC_4340139,0,0.010323451,held_fold
ISIC_4340509,0,0.038432125,held_fold
ISIC_4341875,0,0.0076988665,held_fold
ISIC_4342416,0,0.023119679,held_fold
ISIC_4343129,0,0.005659487,held_fold
ISIC_4343552,0,0.00077002274,held_fold
ISIC_4343836,0,0.0032164464,held_fold
ISIC_4344540,0,0.0091152815,held_fold
ISIC_4345015,0,0.009636424,held_fold
ISIC_4347590,0,0.0006857707,held_fold
ISIC_4348896,0,0.007468794,held_fold
ISIC_4349418,0,0.007863493,held_fold
ISIC_4350924,0,0.0046253013,held_fold
ISIC_4351077,0,0.022130504,held_fold
ISIC_4351248,0,0.0254828,held_fold
ISIC_4351814,0,0.011697898,held_fold
ISIC_4352700,0,0.12939064,held_fold
ISIC_4355518,0,0.016497867,held_fold
ISIC_4357596,0,0.10501847,held_fold
ISIC_4358017,0,0.0019401495,held_fold
ISIC_4360127,0,0.008945332,held_fold
ISIC_4363398,0,0.0012536036,held_fold
ISIC_4364788,0,0.0011245962,held_fold
ISIC_4365093,0,0.0057860776,held_fold
ISIC_4366175,0,0.0025285087,held_fold
ISIC_4366213,0,0.0012730143,held_fold
ISIC_4369035,0,0.004041677,held_fold
ISIC_4369062,0,0.0043400982,held_fold
ISIC_4373563,0,0.0010929529,held_fold
ISIC_4375524,0,0.010072998,held_fold
ISIC_4377193,0,0.017165113,held_fold
ISIC_4378851,0,0.039122596,held_fold
ISIC_4379502,0,0.02961973,held_fold
ISIC_4380268,0,0.0016085375,held_fold
ISIC_4381427,0,0.0029371853,held_fold
ISIC_4389708,0,0.0006655257,held_fold
ISIC_4391894,0,0.034642726,held_fold
ISIC_4393704,0,0.0034251364,held_fold
ISIC_4393733,0,0.03037124,held_fold
ISIC_4397068,0,0.00019492573,held_fold
ISIC_4397755,0,0.0034794062,held_fold
ISIC_4400140,0,0.0052917474,held_fold
ISIC_4404036,0,0.005244177,held_fold
ISIC_4405986,0,0.0019073299,held_fold
ISIC_4409067,0,0.007506363,held_fold
ISIC_4410725,0,0.025309147,held_fold
ISIC_4412821,0,0.0045179925,held_fold
ISIC_4415049,0,0.025756657,held_fold
ISIC_4417295,0,0.0070559005,held_fold
ISIC_4419522,0,0.011866186,held_fold
ISIC_4419720,0,0.03659543,held_fold
ISIC_4420727,0,0.00231339,held_fold
ISIC_4420952,0,0.020652575,held_fold
ISIC_4422476,0,0.010396813,held_fold
ISIC_4422580,0,0.00480139,held_fold
ISIC_4425604,0,0.0014747026,held_fold
ISIC_4428649,0,0.0018946284,held_fold
ISIC_4428769,0,0.0321026,held_fold
ISIC_4431715,0,0.00804195,held_fold
ISIC_4434221,0,0.008860967,held_fold
ISIC_4435262,0,0.02225581,held_fold
ISIC_4436649,0,0.02948911,held_fold
ISIC_4438311,0,0.023370974,held_fold
ISIC_4439054,1,0.120090835,held_fold
ISIC_4441648,0,0.029668964,held_fold
ISIC_4442506,0,0.027014403,held_fold
ISIC_4445501,0,0.04042599,held_fold
ISIC_4448257,0,0.0046614134,held_fold
ISIC_4448341,0,0.0120808715,held_fold
ISIC_4451735,0,0.005739047,held_fold
ISIC_4457552,0,0.0049915495,held_fold
ISIC_4459125,0,0.0011689479,held_fold
ISIC_4462476,0,0.07527507,held_fold
ISIC_4462621,0,0.024926713,held_fold
ISIC_4464311,0,0.019725572,held_fold
ISIC_4464702,0,0.0033208446,held_fold
ISIC_4468474,0,0.011411387,held_fold
ISIC_4470574,0,0.0015167342,held_fold
ISIC_4473124,0,0.002182971,held_fold
ISIC_4474170,0,0.0033426096,held_fold
ISIC_4474341,0,0.004568167,held_fold
ISIC_4474899,0,0.0069046454,held_fold
ISIC_4477916,0,0.0018893632,held_fold
ISIC_4478276,0,0.042354036,held_fold
ISIC_4481362,0,0.00334915,held_fold
ISIC_4481684,0,0.025363406,held_fold
ISIC_4485854,0,0.0058631673,held_fold
ISIC_4487036,0,0.0040328205,held_fold
ISIC_4487743,0,0.007958481,held_fold
ISIC_4488579,0,0.0053407424,held_fold
ISIC_4494516,0,0.0012637211,held_fold
ISIC_4495092,0,0.006059127,held_fold
ISIC_4496665,0,0.0022297099,held_fold
ISIC_4497373,0,0.019445788,held_fold
ISIC_4500503,0,0.024629017,held_fold
ISIC_4501838,0,0.0060511287,held_fold
ISIC_4502420,0,0.013595004,held_fold
ISIC_4505178,0,0.056150325,held_fold
ISIC_4508878,1,0.10144236,held_fold
ISIC_4509525,0,0.0022820008,held_fold
ISIC_4510342,0,0.0020850254,held_fold
ISIC_4513934,0,0.0005308859,held_fold
ISIC_4516137,0,0.0027597619,held_fold
ISIC_4516437,0,0.002541349,held_fold
ISIC_4516835,0,0.03140383,held_fold
ISIC_4517595,0,0.07260424,held_fold
ISIC_4517738,1,0.036856983,held_fold
ISIC_4518003,0,0.0039473223,held_fold
ISIC_4518384,0,0.11371593,held_fold
ISIC_4520704,0,0.07304473,held_fold
ISIC_4521482,0,0.007982861,held_fold
ISIC_4523565,0,0.007357731,held_fold
ISIC_4523750,0,0.007213141,held_fold
ISIC_4524900,0,0.01206833,held_fold
ISIC_4525463,0,0.004610841,held_fold
ISIC_4525721,0,0.003159219,held_fold
ISIC_4527661,0,0.0006294613,held_fold
ISIC_4528140,0,0.0006425042,held_fold
ISIC_4529168,0,0.006940114,held_fold
ISIC_4530249,0,0.011052968,held_fold
ISIC_4530871,0,0.0010270034,held_fold
ISIC_4531585,0,0.0075314133,held_fold
ISIC_4532667,0,0.002537985,held_fold
ISIC_4533487,0,0.0013305303,held_fold
ISIC_4535125,0,0.0018488307,held_fold
ISIC_4536154,0,0.002675991,held_fold
ISIC_4536635,0,0.011623623,held_fold
ISIC_4536982,0,0.0035424244,held_fold
ISIC_4538661,0,0.0018252792,held_fold
ISIC_4539674,0,0.008894579,held_fold
ISIC_4543944,0,0.031622205,held_fold
ISIC_4545112,0,0.039824974,held_fold
ISIC_4547141,0,0.019505313,held_fold
ISIC_4549059,0,0.009379732,held_fold
ISIC_4551082,0,0.036730457,held_fold
ISIC_4553390,0,0.0046394803,held_fold
ISIC_4559397,0,0.072178885,held_fold
ISIC_4560585,0,0.109312475,held_fold
ISIC_4561874,0,0.010529831,held_fold
ISIC_4567730,0,0.0021044742,held_fold
ISIC_4568022,0,0.0060473504,held_fold
ISIC_4568565,0,0.01221691,held_fold
ISIC_4570724,0,0.004071779,held_fold
ISIC_4571687,0,0.0033355372,held_fold
ISIC_4573256,0,0.15129858,held_fold
ISIC_4576725,0,0.0050727227,held_fold
ISIC_4577414,0,0.007823062,held_fold
ISIC_4578194,0,0.0032169032,held_fold
ISIC_4580458,0,0.0010218336,held_fold
ISIC_4580926,0,0.0013092933,held_fold
ISIC_4582670,0,0.012190417,held_fold
ISIC_4583929,0,0.002579904,held_fold
ISIC_4584265,1,0.017724307,held_fold
ISIC_4584794,0,0.094606124,held_fold
ISIC_4588129,0,0.00077831623,held_fold
ISIC_4589123,0,0.0015894672,held_fold
ISIC_4589609,0,0.022214903,held_fold
ISIC_4591316,0,0.008916452,held_fold
ISIC_4594982,0,0.008087197,held_fold
ISIC_4595856,0,0.0036122561,held_fold
ISIC_4600505,0,0.005153053,held_fold
ISIC_4600831,0,0.009858705,held_fold
ISIC_4601297,0,0.0031208626,held_fold
ISIC_4601757,0,0.0015271599,held_fold
ISIC_4603706,0,0.012452795,held_fold
ISIC_4603987,0,0.0039082095,held_fold
ISIC_4606646,0,0.0009263575,held_fold
ISIC_4607215,0,0.0018470514,held_fold
ISIC_4608846,0,0.0068081217,held_fold
ISIC_4610868,0,0.0039561642,held_fold
ISIC_4612180,0,0.0011388784,held_fold
ISIC_4620053,0,0.018445233,held_fold
ISIC_4622069,0,0.0009924775,held_fold
ISIC_4622159,0,0.012509606,held_fold
ISIC_4623037,0,0.0006128848,held_fold
ISIC_4626633,0,0.0017881335,held_fold
ISIC_4631698,0,0.021502707,held_fold
ISIC_4635765,0,0.015071693,held_fold
ISIC_4637454,0,0.0042952397,held_fold
ISIC_4639468,0,0.0014997042,held_fold
ISIC_4641968,0,0.003326705,held_fold
ISIC_4644299,0,0.0024104123,held_fold
ISIC_4645788,0,0.020948727,held_fold
ISIC_4645995,0,0.05582892,held_fold
ISIC_4646413,0,0.029407106,held_fold
ISIC_4647349,0,0.028196335,held_fold
ISIC_4653073,0,0.030629724,held_fold
ISIC_4654965,0,0.0034260023,held_fold
ISIC_4656184,0,0.0021384198,held_fold
ISIC_4657078,0,0.011671929,held_fold
ISIC_4658144,0,0.035228223,held_fold
ISIC_4663008,0,0.0031611174,held_fold
ISIC_4667223,0,0.0036910449,held_fold
ISIC_4669149,0,0.019713594,held_fold
ISIC_4669803,0,0.0039556497,held_fold
ISIC_4670089,0,0.02808567,held_fold
ISIC_4671039,0,0.0048696883,held_fold
ISIC_4671324,0,0.0104845045,held_fold
ISIC_4675065,0,0.021761063,held_fold
ISIC_4675269,0,0.009072973,held_fold
ISIC_4679605,0,0.011481106,held_fold
ISIC_4682498,0,0.004497013,held_fold
ISIC_4684100,0,0.013026349,held_fold
ISIC_4686274,0,0.013688461,held_fold
ISIC_4686662,0,0.0069148736,held_fold
ISIC_4686690,0,0.0028112638,held_fold
ISIC_4687418,0,0.0017476194,held_fold
ISIC_4690030,0,0.003856547,held_fold
ISIC_4692454,0,0.04630412,held_fold
ISIC_4695396,0,0.0015555811,held_fold
ISIC_4695702,0,0.14009532,held_fold
ISIC_4695815,0,0.0023284347,held_fold
ISIC_4696783,0,0.11798134,held_fold
ISIC_4700970,0,0.0072992733,held_fold
ISIC_4701889,0,0.0019834843,held_fold
ISIC_4705662,0,0.0042909696,held_fold
ISIC_4709512,0,0.016807657,held_fold
ISIC_4710645,0,0.0027227118,held_fold
ISIC_4715366,0,0.012726051,held_fold
ISIC_4718313,0,0.002350218,held_fold
ISIC_4719895,0,0.00036126774,held_fold
ISIC_4721434,0,0.01890623,held_fold
ISIC_4722119,0,0.0010905312,held_fold
ISIC_4723603,0,0.15645334,held_fold
ISIC_4725089,0,0.01810356,held_fold
ISIC_4732584,0,0.0048868665,held_fold
ISIC_4735106,0,0.10179971,held_fold
ISIC_4737689,0,0.0023801792,held_fold
ISIC_4738525,0,0.00718064,held_fold
ISIC_4740278,0,0.0022988708,held_fold
ISIC_4745004,0,0.0041561984,held_fold
ISIC_4745037,0,0.23576762,held_fold
ISIC_4745658,0,0.0011839557,held_fold
ISIC_4746361,0,0.01217169,held_fold
ISIC_4747355,0,0.024568127,held_fold
ISIC_4748031,0,0.0029943374,held_fold
ISIC_4748977,0,0.0009879523,held_fold
ISIC_4749005,0,0.0010339352,held_fold
ISIC_4751140,0,0.073172554,held_fold
ISIC_4752151,0,0.0016366856,held_fold
ISIC_4755931,0,0.057865463,held_fold
ISIC_4756595,0,0.10560786,held_fold
ISIC_4758961,0,0.02760603,held_fold
ISIC_4761075,0,0.0006582845,held_fold
ISIC_4762598,0,0.0057427296,held_fold
ISIC_4763007,0,0.031055102,held_fold
ISIC_4765023,0,0.0053466503,held_fold
ISIC_4766046,0,0.004070199,held_fold
ISIC_4771769,0,0.0019885607,held_fold
ISIC_4775964,0,0.00089838135,held_fold
ISIC_4776213,0,0.01766747,held_fold
ISIC_4781927,0,0.0040744133,held_fold
ISIC_4782134,0,0.03951779,held_fold
ISIC_4785487,0,0.0045606745,held_fold
ISIC_4788195,0,0.008789842,held_fold
ISIC_4788652,0,0.003610592,held_fold
ISIC_4789784,0,0.0049356823,held_fold
ISIC_4790259,0,0.0145601,held_fold
ISIC_4791461,0,0.010911654,held_fold
ISIC_4791893,0,0.017501563,held_fold
ISIC_4792338,0,0.00877375,held_fold
ISIC_4794573,0,0.0043485113,held_fold
ISIC_4794860,0,0.08978303,held_fold
ISIC_4800695,0,0.004740475,held_fold
ISIC_4801737,0,0.0010358508,held_fold
ISIC_4803755,0,0.0052845883,held_fold
ISIC_4808108,0,0.016296996,held_fold
ISIC_4811593,0,0.020227723,held_fold
ISIC_4813932,0,0.03714536,held_fold
ISIC_4817121,0,0.055091742,held_fold
ISIC_4818460,0,0.0019443997,held_fold
ISIC_4820993,0,0.0019364097,held_fold
ISIC_4821309,0,0.0006800623,held_fold
ISIC_4827825,0,0.033385955,held_fold
ISIC_4828265,0,0.0011885081,held_fold
ISIC_4828943,0,0.06335257,held_fold
ISIC_4833737,0,0.0014885021,held_fold
ISIC_4837536,0,0.00082498585,held_fold
ISIC_4839421,0,0.03579909,held_fold
ISIC_4840686,0,0.0060690707,held_fold
ISIC_4845540,0,0.0033505335,held_fold
ISIC_4846741,0,0.045505602,held_fold
ISIC_4847584,0,0.0008153621,held_fold
ISIC_4848986,0,0.01836393,held_fold
ISIC_4850844,0,0.00013193776,held_fold
ISIC_4851437,0,0.053351622,held_fold
ISIC_4851979,0,0.008431204,held_fold
ISIC_4854091,0,0.008450643,held_fold
ISIC_4855628,0,0.02888753,held_fold
ISIC_4856908,0,0.021071898,held_fold
ISIC_4857994,0,0.0077458257,held_fold
ISIC_4860223,0,0.13689055,held_fold
ISIC_4863236,0,0.0037593977,held_fold
ISIC_4863375,0,0.0043395213,held_fold
ISIC_4866649,0,0.0014211804,held_fold
ISIC_4869901,0,0.01959723,held_fold
ISIC_4870936,0,0.0006934458,held_fold
ISIC_4871936,0,0.050420664,held_fold
ISIC_4875370,0,0.020954179,held_fold
ISIC_4879144,0,0.0013739086,held_fold
ISIC_4879187,0,0.013876856,held_fold
ISIC_4880652,0,0.012639074,held_fold
ISIC_4881109,0,0.13256256,held_fold
ISIC_4882333,0,0.0090117715,held_fold
ISIC_4884712,0,0.007416548,held_fold
ISIC_4886493,0,0.0016017504,held_fold
ISIC_4887874,0,0.10744896,held_fold
ISIC_4892083,0,0.00022284154,held_fold
ISIC_4894806,0,0.010971415,held_fold
ISIC_4897171,0,0.010128485,held_fold
ISIC_4897852,0,0.0010381428,held_fold
ISIC_4900077,0,0.016752712,held_fold
ISIC_4900923,0,0.0012456825,held_fold
ISIC_4902829,0,0.003152894,held_fold
ISIC_4904317,0,0.003136663,held_fold
ISIC_4906026,0,0.008996802,held_fold
ISIC_4906385,0,0.025947124,held_fold
ISIC_4907595,0,0.02240081,held_fold
ISIC_4909154,0,0.0030400152,held_fold
ISIC_4912127,0,0.006088406,held_fold
ISIC_4915889,0,0.00957284,held_fold
ISIC_4915897,0,0.002362201,held_fold
ISIC_4918571,0,0.0036923285,held_fold
ISIC_4920166,0,0.011910116,held_fold
ISIC_4922965,0,0.23164089,held_fold
ISIC_4923457,0,0.0029592714,held_fold
ISIC_4924365,0,0.0035997222,held_fold
ISIC_4929865,0,0.006934522,held_fold
ISIC_4932000,0,0.030920187,held_fold
ISIC_4935711,0,0.006133719,held_fold
ISIC_4937725,0,0.027308403,held_fold
ISIC_4938376,0,0.00044236958,held_fold
ISIC_4938388,0,0.059155904,held_fold
ISIC_4938791,0,0.0015459241,held_fold
ISIC_4941125,0,0.00020696167,held_fold
ISIC_4945233,0,0.002398939,held_fold
ISIC_4946006,0,0.004290391,held_fold
ISIC_4947778,0,0.09827372,held_fold
ISIC_4948642,0,0.07116212,held_fold
ISIC_4950151,0,0.0020774049,held_fold
ISIC_4952040,0,0.009425145,held_fold
ISIC_4954282,0,0.008432064,held_fold
ISIC_4954719,0,0.0021090887,held_fold
ISIC_4954740,0,0.027263485,held_fold
ISIC_4955740,0,0.010830759,held_fold
ISIC_4956352,0,0.0189021,held_fold
ISIC_4956965,0,0.014803666,held_fold
ISIC_4957730,0,0.0006410907,held_fold
ISIC_4958861,0,0.0069473013,held_fold
ISIC_4961292,0,0.048207883,held_fold
ISIC_4963410,0,0.0011830217,held_fold
ISIC_4964644,0,0.0033920472,held_fold
ISIC_4965160,0,0.016129458,held_fold
ISIC_4965526,0,0.0043448624,held_fold
ISIC_4965850,0,0.003044947,held_fold
ISIC_4966496,0,0.027811076,held_fold
ISIC_4967639,0,0.007631004,held_fold
ISIC_4967755,0,0.0038859402,held_fold
ISIC_4968536,0,0.026750095,held_fold
ISIC_4969660,0,0.0024660912,held_fold
ISIC_4969996,0,0.004121707,held_fold
ISIC_4973809,0,0.0009619733,held_fold
ISIC_4975848,0,0.0013412654,held_fold
ISIC_4975949,0,0.013837837,held_fold
ISIC_4976189,0,0.0021873272,held_fold
ISIC_4977415,0,0.016930604,held_fold
ISIC_4978474,0,0.05376218,held_fold
ISIC_4978697,0,0.0044444175,held_fold
ISIC_4979071,0,0.0014148726,held_fold
ISIC_4981135,0,0.0009776833,held_fold
ISIC_4983237,0,0.088932134,held_fold
ISIC_4986879,0,0.0030771377,held_fold
ISIC_4994695,0,0.013887385,held_fold
ISIC_4996867,0,0.010305246,held_fold
ISIC_5000592,0,0.0012383892,held_fold
ISIC_5002041,0,0.0015282524,held_fold
ISIC_5005065,0,0.049124952,held_fold
ISIC_5005747,0,0.0016658836,held_fold
ISIC_5006020,0,0.0005753861,held_fold
ISIC_5009935,0,0.004538533,held_fold
ISIC_5010197,0,0.007631632,held_fold
ISIC_5013376,0,0.002987897,held_fold
ISIC_5021038,0,0.0014085029,held_fold
ISIC_5022555,0,0.0021643261,held_fold
ISIC_5028203,0,0.003639701,held_fold
ISIC_5029146,0,0.0064932387,held_fold
ISIC_5030416,0,0.0026023635,held_fold
ISIC_5031549,0,0.010917636,held_fold
ISIC_5041059,0,0.003281033,held_fold
ISIC_5042497,0,0.0012410833,held_fold
ISIC_5043429,0,0.018275592,held_fold
ISIC_5048571,0,0.0029298142,held_fold
ISIC_5049137,0,0.0019488167,held_fold
ISIC_5049365,0,0.013886771,held_fold
ISIC_5050669,0,0.0056303428,held_fold
ISIC_5051449,0,0.012915584,held_fold
ISIC_5054877,0,0.04581178,held_fold
ISIC_5056768,0,0.006373486,held_fold
ISIC_5059195,0,0.016645322,held_fold
ISIC_5059375,0,0.029752145,held_fold
ISIC_5060252,0,0.0018740001,held_fold
ISIC_5060576,0,0.05470151,held_fold
ISIC_5066448,0,0.0070252507,held_fold
ISIC_5066548,0,0.049248822,held_fold
ISIC_5070849,0,0.008035346,held_fold
ISIC_5072761,0,0.0007853273,held_fold
ISIC_5074228,0,0.02344243,held_fold
ISIC_5075202,0,0.023443151,held_fold
ISIC_5075261,0,0.011802677,held_fold
ISIC_5081644,0,0.0028649224,held_fold
ISIC_5084175,0,0.006019461,held_fold
ISIC_5084661,0,0.0031221628,held_fold
ISIC_5088967,0,0.0016858606,held_fold
ISIC_5090146,0,0.00486602,held_fold
ISIC_5090739,0,0.0521944,held_fold
ISIC_5091950,0,0.035047628,held_fold
ISIC_5093799,0,0.0035457301,held_fold
ISIC_5095848,0,0.003212104,held_fold
ISIC_5096227,0,0.0019843802,held_fold
ISIC_5097785,0,0.0049534333,held_fold
ISIC_5097807,0,0.0032657338,held_fold
ISIC_5097947,0,0.017372774,held_fold
ISIC_5098492,0,0.0037687102,held_fold
ISIC_5098663,0,0.007793404,held_fold
ISIC_5099193,0,0.025508637,held_fold
ISIC_5099324,0,0.00062136736,held_fold
ISIC_5102846,0,0.0041242777,held_fold
ISIC_5103657,0,0.0031592248,held_fold
ISIC_5104921,0,0.0477881,held_fold
ISIC_5105824,0,0.026071943,held_fold
ISIC_5106239,0,0.0120763825,held_fold
ISIC_5107195,0,0.001231054,held_fold
ISIC_5108076,0,0.0035078712,held_fold
ISIC_5108538,0,0.0049404227,held_fold
ISIC_5110696,0,0.012738165,held_fold
ISIC_5112744,0,0.00091830513,held_fold
ISIC_5113530,0,0.0037365952,held_fold
ISIC_5122091,0,0.002628253,held_fold
ISIC_5123813,0,0.01811498,held_fold
ISIC_5123979,0,0.3304145,held_fold
ISIC_5127944,0,0.0033061944,held_fold
ISIC_5128793,0,0.029453011,held_fold
ISIC_5130558,0,0.0018640875,held_fold
ISIC_5131914,0,0.00046826663,held_fold
ISIC_5132536,0,0.0022565157,held_fold
ISIC_5135143,0,0.0048465272,held_fold
ISIC_5135700,0,0.001854413,held_fold
ISIC_5136151,0,0.0033160152,held_fold
ISIC_5136370,0,0.03990946,held_fold
ISIC_5137061,0,0.0010367354,held_fold
ISIC_5142275,0,0.06494219,held_fold
ISIC_5142479,0,0.0022519983,held_fold
ISIC_5142496,0,0.00689312,held_fold
ISIC_5142743,0,0.0064520203,held_fold
ISIC_5144373,0,0.0041223685,held_fold
ISIC_5145347,0,0.01139142,held_fold
ISIC_5147263,0,0.003830389,held_fold
ISIC_5149397,0,0.020869158,held_fold
ISIC_5149730,0,0.0010950441,held_fold
ISIC_5153075,0,0.0055145617,held_fold
ISIC_5158305,0,0.014647054,held_fold
ISIC_5165522,0,0.0026448432,held_fold
ISIC_5165620,0,0.0036075155,held_fold
ISIC_5166636,0,0.0351777,held_fold
ISIC_5166956,0,0.015450723,held_fold
ISIC_5167001,0,0.0008914724,held_fold
ISIC_5169434,0,0.027236173,held_fold
ISIC_5169967,0,0.0070391083,held_fold
ISIC_5173486,0,0.0083110845,held_fold
ISIC_5174617,0,0.0040152348,held_fold
ISIC_5176105,0,0.00870013,held_fold
ISIC_5176419,0,0.01086873,held_fold
ISIC_5178216,0,0.0034672106,held_fold
ISIC_5178977,0,0.0062320596,held_fold
ISIC_5181340,0,0.0049088653,held_fold
ISIC_5182725,0,0.0077918386,held_fold
ISIC_5182820,0,0.05783021,held_fold
ISIC_5184722,0,0.012050214,held_fold
ISIC_5190920,0,0.024716396,held_fold
ISIC_5191344,1,0.11585981,held_fold
ISIC_5192527,0,0.001530176,held_fold
ISIC_5194331,0,0.058388323,held_fold
ISIC_5195381,0,0.078348115,held_fold
ISIC_5196781,0,0.0043265345,held_fold
ISIC_5198439,0,0.0020396032,held_fold
ISIC_5199342,0,0.016269408,held_fold
ISIC_5199497,0,0.0037826945,held_fold
ISIC_5201151,0,0.07693327,held_fold
ISIC_5202074,0,0.02283896,held_fold
ISIC_5203137,0,0.01282751,held_fold
ISIC_5207136,0,0.0009042994,held_fold
ISIC_5208357,0,0.009546767,held_fold
ISIC_5208613,0,0.0953718,held_fold
ISIC_5209007,0,0.040864166,held_fold
ISIC_5210016,0,0.0024720244,held_fold
ISIC_5211080,0,0.09505049,held_fold
ISIC_5213224,0,0.15235206,held_fold
ISIC_5213829,0,0.00013902852,held_fold
ISIC_5215191,0,0.061295416,held_fold
ISIC_5216675,0,0.008799161,held_fold
ISIC_5223101,0,0.002151156,held_fold
ISIC_5224107,0,0.01036645,held_fold
ISIC_5227635,0,0.02073359,held_fold
ISIC_5230497,0,0.00044094978,held_fold
ISIC_5231616,0,0.005012184,held_fold
ISIC_5233226,0,0.001857593,held_fold
ISIC_5233994,0,0.0003424968,held_fold
ISIC_5235200,0,0.008108973,held_fold
ISIC_5235229,0,0.022329172,held_fold
ISIC_5238649,0,0.0043520406,held_fold
ISIC_5244188,0,0.0036027776,held_fold
ISIC_5245212,0,0.0023897237,held_fold
ISIC_5247383,0,0.009891622,held_fold
ISIC_5249665,0,0.02081348,held_fold
ISIC_5254803,0,0.002373473,held_fold
ISIC_5254982,0,0.04254132,held_fold
ISIC_5258352,0,0.04463721,held_fold
ISIC_5259414,0,0.010874904,held_fold
ISIC_5259518,0,0.0018730932,held_fold
ISIC_5259582,0,0.053086746,held_fold
ISIC_5261146,0,0.00015416185,held_fold
ISIC_5261384,0,0.00065647135,held_fold
ISIC_5261611,0,0.0068091727,held_fold
ISIC_5265873,0,0.0005809842,held_fold
ISIC_5266696,0,0.0011454031,held_fold
ISIC_5266861,0,0.0029107996,held_fold
ISIC_5267251,0,0.0019496676,held_fold
ISIC_5269341,0,0.0063654827,held_fold
ISIC_5272223,1,0.0839625,held_fold
ISIC_5280019,0,0.0049491995,held_fold
ISIC_5280199,0,0.011246035,held_fold
ISIC_5281514,0,0.00078658207,held_fold
ISIC_5281576,0,0.0064265807,held_fold
ISIC_5282642,0,0.015871072,held_fold
ISIC_5286021,0,0.08256242,held_fold
ISIC_5289599,0,0.00023254845,held_fold
ISIC_5290569,0,0.0008428374,held_fold
ISIC_5292859,0,0.00029370055,held_fold
ISIC_5293624,0,0.0009801614,held_fold
ISIC_5294689,0,0.015779978,held_fold
ISIC_5295497,0,0.0036110086,held_fold
ISIC_5296443,0,0.0046726856,held_fold
ISIC_5297111,0,0.008438426,held_fold
ISIC_5298608,0,0.043245308,held_fold
ISIC_5301131,0,0.0028955068,held_fold
ISIC_5302229,0,0.030958721,held_fold
ISIC_5303641,0,0.006096438,held_fold
ISIC_5305288,0,0.0027012415,held_fold
ISIC_5305787,0,0.02571922,held_fold
ISIC_5306427,0,0.00032715013,held_fold
ISIC_5307086,0,0.021288007,held_fold
ISIC_5309572,0,0.0044634594,held_fold
ISIC_5310011,0,0.0033449742,held_fold
ISIC_5310880,0,0.0023818586,held_fold
ISIC_5312003,0,0.00079189707,held_fold
ISIC_5312834,0,0.0058410154,held_fold
ISIC_5313087,0,0.006771832,held_fold
ISIC_5314855,0,0.0016059132,held_fold
ISIC_5315062,1,0.022839013,held_fold
ISIC_5315486,0,0.004665428,held_fold
ISIC_5316258,0,0.0031028637,held_fold
ISIC_5317348,0,0.0024572532,held_fold
ISIC_5318506,0,0.0053778044,held_fold
ISIC_5320886,0,0.029780705,held_fold
ISIC_5321219,0,0.0033322906,held_fold
ISIC_5321221,0,0.0077755493,held_fold
ISIC_5322011,0,0.013044638,held_fold
ISIC_5322232,0,0.03783419,held_fold
ISIC_5323944,0,0.017245913,held_fold
ISIC_5324178,0,0.0041735545,held_fold
ISIC_5325281,0,0.00742883,held_fold
ISIC_5325805,0,0.0119843315,held_fold
ISIC_5326225,0,0.00029034875,held_fold
ISIC_5327000,0,0.025124231,held_fold
ISIC_5327271,0,0.0012204872,held_fold
ISIC_5331089,0,0.03840277,held_fold
ISIC_5333549,0,0.002104376,held_fold
ISIC_5336007,0,0.008679074,held_fold
ISIC_5340305,0,0.08485607,held_fold
ISIC_5342109,0,0.0050499737,held_fold
ISIC_5346591,0,0.0025521126,held_fold
ISIC_5349612,0,0.016221285,held_fold
ISIC_5350269,0,0.00055144145,held_fold
ISIC_5353241,0,0.0140893245,held_fold
ISIC_5354607,0,0.006119016,held_fold
ISIC_5357288,0,0.03420522,held_fold
ISIC_5358234,0,0.0006674643,held_fold
ISIC_5359123,0,0.002540984,held_fold
ISIC_5359253,0,0.002226195,held_fold
ISIC_5360921,0,0.0021232297,held_fold
ISIC_5361778,0,0.0025455481,held_fold
ISIC_5361965,0,0.0018912075,held_fold
ISIC_5362038,0,0.0011938706,held_fold
ISIC_5362869,0,0.01386975,held_fold
ISIC_5362925,0,0.005358338,held_fold
ISIC_5363229,0,0.004045504,held_fold
ISIC_5364841,0,0.022983816,held_fold
ISIC_5365537,0,0.0034969172,held_fold
ISIC_5365919,0,0.035152595,held_fold
ISIC_5366635,0,0.0022010983,held_fold
ISIC_5366657,0,0.102019645,held_fold
ISIC_5368272,0,0.052747186,held_fold
ISIC_5368668,0,0.0088771265,held_fold
ISIC_5377237,0,0.008224483,held_fold
ISIC_5379122,0,0.0045862836,held_fold
ISIC_5380827,0,0.0015230457,held_fold
ISIC_5382691,0,0.001959217,held_fold
ISIC_5383356,0,0.007223939,held_fold
ISIC_5385299,0,0.0016250212,held_fold
ISIC_5387348,0,0.006482533,held_fold
ISIC_5388184,1,0.13438012,held_fold
ISIC_5392958,0,0.007773486,held_fold
ISIC_5393017,0,0.0019632566,held_fold
ISIC_5393132,0,0.06696133,held_fold
ISIC_5393557,0,0.0014047053,held_fold
ISIC_5393919,0,0.00550685,held_fold
ISIC_5396394,0,0.031646945,held_fold
ISIC_5397818,0,0.0011172901,held_fold
ISIC_5399929,0,0.0358554,held_fold
ISIC_5400113,0,0.015426079,held_fold
ISIC_5400342,0,0.001254797,held_fold
ISIC_5402327,0,0.006910311,held_fold
ISIC_5403296,0,0.00053140125,held_fold
ISIC_5405456,0,0.12854448,held_fold
ISIC_5406752,0,0.01934965,held_fold
ISIC_5407343,0,0.0015033545,held_fold
ISIC_5407436,0,0.0043494403,held_fold
ISIC_5408967,0,0.19213474,held_fold
ISIC_5409137,0,0.023595318,held_fold
ISIC_5409681,0,0.018860742,held_fold
ISIC_5413136,0,0.011724333,held_fold
ISIC_5415761,1,0.016326439,held_fold
ISIC_5415781,0,0.0043494445,held_fold
ISIC_5416978,0,0.006263933,held_fold
ISIC_5422432,0,0.010751536,held_fold
ISIC_5423896,0,0.0017788124,held_fold
ISIC_5424547,0,0.033442676,held_fold
ISIC_5428274,0,0.011930515,held_fold
ISIC_5432603,0,0.11447909,held_fold
ISIC_5433553,0,0.00091516715,held_fold
ISIC_5434055,0,0.007310411,held_fold
ISIC_5434070,0,0.015119669,held_fold
ISIC_5435291,0,0.0041406853,held_fold
ISIC_5435863,0,0.0025674955,held_fold
ISIC_5437356,0,0.015990341,held_fold
ISIC_5438431,0,0.02735282,held_fold
ISIC_5441132,0,0.00045729367,held_fold
ISIC_5443525,0,0.030252067,held_fold
ISIC_5443689,0,0.0140144555,held_fold
ISIC_5445188,0,0.0016833047,held_fold
ISIC_5446127,0,0.0011888332,held_fold
ISIC_5446470,0,0.0005787356,held_fold
ISIC_5451336,0,0.000627522,held_fold
ISIC_5451400,0,0.0027384767,held_fold
ISIC_5454321,0,0.02344526,held_fold
ISIC_5455568,0,0.04795352,held_fold
ISIC_5457246,0,0.005166787,held_fold
ISIC_5457974,0,0.0054835686,held_fold
ISIC_5464942,0,0.0057932613,held_fold
ISIC_5469457,0,0.3067365,held_fold
ISIC_5469999,0,0.0057162265,held_fold
ISIC_5475423,0,0.020576376,held_fold
ISIC_5477838,0,0.015964605,held_fold
ISIC_5478846,0,0.060081564,held_fold
ISIC_5481211,0,0.0034386562,held_fold
ISIC_5481242,0,0.007607007,held_fold
ISIC_5481673,0,0.05613719,held_fold
ISIC_5484086,0,0.004868621,held_fold
ISIC_5485254,0,0.030313032,held_fold
ISIC_5485279,0,0.054138225,held_fold
ISIC_5486725,0,0.0014284804,held_fold
ISIC_5487058,0,0.022215715,held_fold
ISIC_5488046,0,0.0015793301,held_fold
ISIC_5488065,0,0.0045261537,held_fold
ISIC_5488188,0,0.0010152177,held_fold
ISIC_5491443,0,0.016735176,held_fold
ISIC_5492778,0,0.0024102414,held_fold
ISIC_5495452,0,0.0044534337,held_fold
ISIC_5496214,0,0.005935074,held_fold
ISIC_5496810,0,0.20747948,held_fold
ISIC_5497526,0,0.0001252503,held_fold
ISIC_5497851,0,0.005641111,held_fold
ISIC_5500256,0,0.00863772,held_fold
ISIC_5501375,0,0.008168528,held_fold
ISIC_5502229,0,0.031693455,held_fold
ISIC_5503634,0,0.011351339,held_fold
ISIC_5506059,0,0.0055404035,held_fold
ISIC_5508542,0,0.027649065,held_fold
ISIC_5510604,0,0.0001478778,held_fold
ISIC_5517594,0,0.0026837601,held_fold
ISIC_5518025,0,0.010417227,held_fold
ISIC_5518934,0,0.0034298406,held_fold
ISIC_5519289,0,0.008104801,held_fold
ISIC_5521974,0,0.018112043,held_fold
ISIC_5523221,0,0.0032839833,held_fold
ISIC_5524682,0,0.001129211,held_fold
ISIC_5524986,0,0.0044612074,held_fold
ISIC_5525877,0,0.008104985,held_fold
ISIC_5526503,0,0.0008577874,held_fold
ISIC_5528990,0,0.007749323,held_fold
ISIC_5529201,0,0.007121082,held_fold
ISIC_5529924,0,0.008114152,held_fold
ISIC_5535143,0,0.0059258984,held_fold
ISIC_5536429,0,0.008960838,held_fold
ISIC_5537771,0,0.025776803,held_fold
ISIC_5538778,0,0.12964095,held_fold
ISIC_5539077,0,0.013988032,held_fold
ISIC_5540840,0,0.031142235,held_fold
ISIC_5541028,0,0.0035524839,held_fold
ISIC_5541999,0,0.0012210134,held_fold
ISIC_5542716,0,0.009402977,held_fold
ISIC_5543178,0,0.00384989,held_fold
ISIC_5545410,0,0.04895777,held_fold
ISIC_5547116,0,0.00550134,held_fold
ISIC_5548717,0,0.007328611,held_fold
ISIC_5549768,0,0.04797307,held_fold
ISIC_5552041,0,0.2005052,held_fold
ISIC_5552066,0,0.0352956,held_fold
ISIC_5552335,0,0.00146633,held_fold
ISIC_5555505,0,0.00093860016,held_fold
ISIC_5558729,0,0.021024786,held_fold
ISIC_5559188,0,0.0045096125,held_fold
ISIC_5560538,0,0.0062083877,held_fold
ISIC_5561003,1,0.11035769,held_fold
ISIC_5563553,0,0.035817243,held_fold
ISIC_5567663,0,0.0015742352,held_fold
ISIC_5568346,0,0.095058925,held_fold
ISIC_5568834,0,0.0020999778,held_fold
ISIC_5569091,0,0.008644954,held_fold
ISIC_5569936,0,0.01650337,held_fold
ISIC_5570430,0,0.020167738,held_fold
ISIC_5573340,0,0.014817804,held_fold
ISIC_5573679,0,0.0009556413,held_fold
ISIC_5573733,0,0.020351257,held_fold
ISIC_5574940,0,0.0010010665,held_fold
ISIC_5575449,0,0.0048464234,held_fold
ISIC_5576250,0,0.0010554177,held_fold
ISIC_5576986,0,0.0063470216,held_fold
ISIC_5581931,1,0.02041147,held_fold
ISIC_5583016,0,0.0013477247,held_fold
ISIC_5583139,0,0.020256616,held_fold
ISIC_5584185,0,0.016948067,held_fold
ISIC_5584859,0,0.0029537445,held_fold
ISIC_5585279,0,0.001838787,held_fold
ISIC_5587216,0,0.0033768083,held_fold
ISIC_5587291,0,0.0057182866,held_fold
ISIC_5588302,0,0.056321215,held_fold
ISIC_5592192,0,0.004096393,held_fold
ISIC_5592257,0,0.0032426326,held_fold
ISIC_5592951,0,0.009777369,held_fold
ISIC_5597530,0,0.01083529,held_fold
ISIC_5599298,0,0.046574593,held_fold
ISIC_5601326,0,0.015222587,held_fold
ISIC_5603773,0,0.0048624305,held_fold
ISIC_5604025,0,0.00056024094,held_fold
ISIC_5605246,0,0.0017774412,held_fold
ISIC_5609883,0,0.005691355,held_fold
ISIC_5610178,0,0.015675042,held_fold
ISIC_5611010,0,0.020205647,held_fold
ISIC_5611529,0,0.0055756536,held_fold
ISIC_5612452,0,0.0035098153,held_fold
ISIC_5613199,0,0.11073768,held_fold
ISIC_5615676,0,0.004062134,held_fold
ISIC_5617952,0,0.036222693,held_fold
ISIC_5619062,0,0.00047841217,held_fold
ISIC_5620520,0,0.0036223722,held_fold
ISIC_5621310,0,0.0009680525,held_fold
ISIC_5623327,0,0.024655739,held_fold
ISIC_5623973,0,0.091914594,held_fold
ISIC_5625774,0,0.0035154216,held_fold
ISIC_5625980,0,0.014437433,held_fold
ISIC_5632533,0,0.0030575318,held_fold
ISIC_5634181,0,0.02684513,held_fold
ISIC_5635940,0,0.0057996525,held_fold
ISIC_5636247,0,0.052869663,held_fold
ISIC_5636983,0,0.051429745,held_fold
ISIC_5637105,0,0.0033153,held_fold
ISIC_5648111,0,0.0005509345,held_fold
ISIC_5650272,0,0.0049381866,held_fold
ISIC_5650747,0,0.004318055,held_fold
ISIC_5652519,0,0.049852103,held_fold
ISIC_5654651,0,0.047521386,held_fold
ISIC_5654818,0,0.03968719,held_fold
ISIC_5657535,0,0.00074913295,held_fold
ISIC_5658900,0,0.041746844,held_fold
ISIC_5659240,0,0.0010794454,held_fold
ISIC_5659295,0,0.026869033,held_fold
ISIC_5660360,0,0.0047841114,held_fold
ISIC_5664966,0,0.016038746,held_fold
ISIC_5665011,0,0.0019973144,held_fold
ISIC_5665277,0,0.0072794296,held_fold
ISIC_5667461,1,0.028718049,held_fold
ISIC_5667519,0,0.001435263,held_fold
ISIC_5667935,0,0.0412032,held_fold
ISIC_5676027,0,0.035459395,held_fold
ISIC_5678933,0,0.0031085457,held_fold
ISIC_5679708,0,0.0020821812,held_fold
ISIC_5679942,0,0.010270037,held_fold
ISIC_5681025,0,0.10148152,held_fold
ISIC_5681794,0,0.008590698,held_fold
ISIC_5686768,0,0.0006253503,held_fold
ISIC_5686868,0,0.04438962,held_fold
ISIC_5688051,0,0.060637318,held_fold
ISIC_5688657,0,0.00794955,held_fold
ISIC_5688720,0,0.017969364,held_fold
ISIC_5688950,0,0.0025970393,held_fold
ISIC_5689986,0,0.0009455691,held_fold
ISIC_5692481,0,0.00018086693,held_fold
ISIC_5692863,0,0.01612063,held_fold
ISIC_5694393,0,0.005576759,held_fold
ISIC_5696540,0,0.0015338662,held_fold
ISIC_5697228,0,0.019075466,held_fold
ISIC_5699175,0,0.0054940535,held_fold
ISIC_5700599,0,0.0016208137,held_fold
ISIC_5702549,0,0.0068305535,held_fold
ISIC_5702591,0,0.20773128,held_fold
ISIC_5705413,0,0.008440426,held_fold
ISIC_5705973,0,0.0029181505,held_fold
ISIC_5708288,0,0.00059075997,held_fold
ISIC_5709170,0,0.015331925,held_fold
ISIC_5712029,0,0.0029945795,held_fold
ISIC_5713588,0,0.023183169,held_fold
ISIC_5714201,0,0.013266975,held_fold
ISIC_5718343,0,0.001453406,held_fold
ISIC_5720694,0,0.010816566,held_fold
ISIC_5721677,0,0.003158959,held_fold
ISIC_5722194,0,0.004524927,held_fold
ISIC_5722211,0,0.019194765,held_fold
ISIC_5723510,0,0.0026111843,held_fold
ISIC_5727083,0,0.08053785,held_fold
ISIC_5730636,0,0.020125963,held_fold
ISIC_5733557,0,0.0021274367,held_fold
ISIC_5733748,1,0.005287901,held_fold
ISIC_5735592,0,0.01653597,held_fold
ISIC_5736023,0,0.00986848,held_fold
ISIC_5736126,0,0.0046810335,held_fold
ISIC_5736595,0,0.0011075943,held_fold
ISIC_5736966,0,0.026982972,held_fold
ISIC_5736979,0,0.0018920683,held_fold
ISIC_5737191,0,0.02447058,held_fold
ISIC_5737704,0,0.007663753,held_fold
ISIC_5738103,0,0.0178143,held_fold
ISIC_5738587,0,0.0010951057,held_fold
ISIC_5739570,0,0.0018944759,held_fold
ISIC_5743012,0,0.0067654075,held_fold
ISIC_5745349,0,0.0006947751,held_fold
ISIC_5745941,0,0.0030460272,held_fold
ISIC_5746706,0,0.008519503,held_fold
ISIC_5747367,0,0.02699874,held_fold
ISIC_5747486,1,0.017985148,held_fold
ISIC_5747681,0,0.015478922,held_fold
ISIC_5748751,0,0.0022955418,held_fold
ISIC_5748858,0,0.054144908,held_fold
ISIC_5749706,0,0.0019561222,held_fold
ISIC_5750242,0,0.19220816,held_fold
ISIC_5754233,0,0.012832946,held_fold
ISIC_5755210,0,0.009706341,held_fold
ISIC_5755836,0,0.015316577,held_fold
ISIC_5757336,0,0.066177756,held_fold
ISIC_5760948,0,0.060344405,held_fold
ISIC_5763398,0,0.29059198,held_fold
ISIC_5766141,0,0.0077325082,held_fold
ISIC_5766923,0,0.0025622232,held_fold
ISIC_5767976,0,0.0015130233,held_fold
ISIC_5768602,0,0.05252952,held_fold
ISIC_5771106,0,0.004019396,held_fold
ISIC_5773967,0,0.0009098272,held_fold
ISIC_5778330,0,0.0031757986,held_fold
ISIC_5778476,0,0.0009672863,held_fold
ISIC_5779688,0,0.032162536,held_fold
ISIC_5782816,0,0.005341908,held_fold
ISIC_5783685,0,0.0021940416,held_fold
ISIC_5784362,0,0.004069651,held_fold
ISIC_5787517,0,0.0040397863,held_fold
ISIC_5788057,0,0.0008744064,held_fold
ISIC_5789052,0,0.11454261,held_fold
ISIC_5790458,0,0.004067705,held_fold
ISIC_5790534,0,0.0023381829,held_fold
ISIC_5797220,0,0.0012682695,held_fold
ISIC_5797942,0,0.00039901733,held_fold
ISIC_5798539,0,0.010956191,held_fold
ISIC_5800113,0,0.008159826,held_fold
ISIC_5804606,0,0.0034226587,held_fold
ISIC_5805349,0,0.00128746,held_fold
ISIC_5807112,0,0.017714987,held_fold
ISIC_5810736,0,0.00086649973,held_fold
ISIC_5816788,0,0.005151926,held_fold
ISIC_5819754,0,0.07278744,held_fold
ISIC_5821292,0,0.007418756,held_fold
ISIC_5822691,0,0.03649469,held_fold
ISIC_5823076,0,0.031975795,held_fold
ISIC_5823292,0,0.015626183,held_fold
ISIC_5824656,0,0.0044580977,held_fold
ISIC_5824730,0,0.0045991587,held_fold
ISIC_5825647,0,0.09563002,held_fold
ISIC_5827217,0,0.0005682627,held_fold
ISIC_5828787,0,0.025134405,held_fold
ISIC_5831201,0,0.00043186138,held_fold
ISIC_5831880,0,0.000488693,held_fold
ISIC_5832440,0,0.011232485,held_fold
ISIC_5832623,0,0.0023390942,held_fold
ISIC_5833015,0,0.012710388,held_fold
ISIC_5837974,0,0.0030651737,held_fold
ISIC_5843515,0,0.060624935,held_fold
ISIC_5846233,0,0.00082118745,held_fold
ISIC_5849178,0,0.0038073505,held_fold
ISIC_5849715,0,0.0041477634,held_fold
ISIC_5850699,0,0.005993994,held_fold
ISIC_5852061,0,0.0125134755,held_fold
ISIC_5853048,0,0.00067361054,held_fold
ISIC_5854870,0,0.004878366,held_fold
ISIC_5855400,0,0.007826894,held_fold
ISIC_5855700,0,0.00628866,held_fold
ISIC_5855835,0,0.0077174236,held_fold
ISIC_5857155,0,0.022062078,held_fold
ISIC_5857239,0,0.0059676473,held_fold
ISIC_5859895,0,0.011100615,held_fold
ISIC_5860849,0,0.05218141,held_fold
ISIC_5864067,0,0.004469748,held_fold
ISIC_5865142,0,0.0013501233,held_fold
ISIC_5865828,0,0.0021450112,held_fold
ISIC_5866381,0,0.45278117,held_fold
ISIC_5867862,0,0.003135025,held_fold
ISIC_5868291,1,0.26321355,held_fold
ISIC_5870406,0,0.0071583004,held_fold
ISIC_5873539,0,0.008490472,held_fold
ISIC_5876289,0,0.0034548645,held_fold
ISIC_5881363,0,0.029727694,held_fold
ISIC_5882254,0,0.0039002523,held_fold
ISIC_5882629,0,0.005443716,held_fold
ISIC_5883505,0,0.057027597,held_fold
ISIC_5885421,0,0.00599196,held_fold
ISIC_5885837,0,0.00043441716,held_fold
ISIC_5886168,0,0.012206287,held_fold
ISIC_5888460,0,0.0027405403,held_fold
ISIC_5888672,0,0.00082000403,held_fold
ISIC_5889246,0,0.010079675,held_fold
ISIC_5892920,0,0.0072432864,held_fold
ISIC_5894246,0,0.0037180842,held_fold
ISIC_5899228,0,0.022055743,held_fold
ISIC_5900141,0,0.02671434,held_fold
ISIC_5901919,0,0.010434757,held_fold
ISIC_5902175,0,0.009307778,held_fold
ISIC_5903054,0,0.00389843,held_fold
ISIC_5904214,0,0.026917811,held_fold
ISIC_5908780,0,0.014373214,held_fold
ISIC_5909403,0,0.012431065,held_fold
ISIC_5910514,0,0.01608547,held_fold
ISIC_5910595,0,0.0007787532,held_fold
ISIC_5910975,0,0.040303882,held_fold
ISIC_5912392,0,0.04647931,held_fold
ISIC_5917004,0,0.0005057028,held_fold
ISIC_5917605,0,0.046026196,held_fold
ISIC_5917755,0,0.0022924447,held_fold
ISIC_5918756,0,0.011029513,held_fold
ISIC_5920471,0,0.0012652937,held_fold
ISIC_5921734,0,0.00066244387,held_fold
ISIC_5923430,0,0.0007661347,held_fold
ISIC_5924459,0,0.010547791,held_fold
ISIC_5930509,0,0.006912065,held_fold
ISIC_5932996,0,0.007744602,held_fold
ISIC_5934104,0,0.0012403995,held_fold
ISIC_5934319,0,0.022213437,held_fold
ISIC_5935362,0,0.011463792,held_fold
ISIC_5941271,0,0.07550212,held_fold
ISIC_5941314,0,0.0018652589,held_fold
ISIC_5942073,0,0.0053024227,held_fold
ISIC_5942312,0,0.0010540988,held_fold
ISIC_5942756,0,0.07633034,held_fold
ISIC_5943355,0,0.005084857,held_fold
ISIC_5944524,0,0.017841876,held_fold
ISIC_5945822,0,0.0026908554,held_fold
ISIC_5950144,0,0.012937183,held_fold
ISIC_5950453,0,0.0053403373,held_fold
ISIC_5952026,0,0.010982182,held_fold
ISIC_5952650,0,0.011170554,held_fold
ISIC_5953416,0,0.0011416466,held_fold
ISIC_5955314,0,0.0051479586,held_fold
ISIC_5958657,0,0.24796133,held_fold
ISIC_5960183,0,0.0021653746,held_fold
ISIC_5960641,0,0.0014897528,held_fold
ISIC_5961421,0,0.08098176,held_fold
ISIC_5961544,0,0.019167574,held_fold
ISIC_5962268,0,0.00031871977,held_fold
ISIC_5962462,0,0.0572435,held_fold
ISIC_5963113,0,0.005667473,held_fold
ISIC_5963344,0,0.0035329575,held_fold
ISIC_5963491,0,0.003053093,held_fold
ISIC_5971574,0,0.0011735494,held_fold
ISIC_5973717,0,0.03036767,held_fold
ISIC_5974286,0,0.00087867636,held_fold
ISIC_5976373,0,0.0008143554,held_fold
ISIC_5979771,0,0.009561797,held_fold
ISIC_5979783,0,0.0009270029,held_fold
ISIC_5981150,0,0.008891788,held_fold
ISIC_5983942,0,0.006783448,held_fold
ISIC_5985961,0,0.08690527,held_fold
ISIC_5990428,0,0.07580592,held_fold
ISIC_5997133,0,0.0054534967,held_fold
ISIC_6000048,0,0.002000998,held_fold
ISIC_6000142,0,0.0028374405,held_fold
ISIC_6000889,0,0.099184,held_fold
ISIC_6002622,0,0.035820663,held_fold
ISIC_6003494,0,0.0006389436,held_fold
ISIC_6004540,0,0.0045524603,held_fold
ISIC_6006795,0,0.0008324705,held_fold
ISIC_6013568,0,0.0090418095,held_fold
ISIC_6016197,0,0.015981784,held_fold
ISIC_6016330,0,0.037016686,held_fold
ISIC_6017897,0,0.00079413503,held_fold
ISIC_6019322,0,0.0008188206,held_fold
ISIC_6019374,0,0.057764124,held_fold
ISIC_6019516,0,0.0006169922,held_fold
ISIC_6020615,0,0.0049557723,held_fold
ISIC_6020636,0,0.014039839,held_fold
ISIC_6022423,0,0.007038463,held_fold
ISIC_6023504,0,0.10048649,held_fold
ISIC_6023518,0,0.0064285044,held_fold
ISIC_6024691,0,0.09443742,held_fold
ISIC_6025224,0,0.0031748202,held_fold
ISIC_6028622,0,0.008020393,held_fold
ISIC_6030901,0,0.051787086,held_fold
ISIC_6033222,0,0.0040180236,held_fold
ISIC_6035362,0,0.00056168344,held_fold
ISIC_6041346,0,0.036253694,held_fold
ISIC_6041880,0,0.0035537772,held_fold
ISIC_6043051,0,0.00096616126,held_fold
ISIC_6047070,0,0.032325182,held_fold
ISIC_6049499,0,0.024536755,held_fold
ISIC_6050281,0,0.0050033145,held_fold
ISIC_6051598,0,0.0021729222,held_fold
ISIC_6052702,0,0.0016481299,held_fold
ISIC_6052995,0,0.0013033871,held_fold
ISIC_6053980,0,0.008161307,held_fold
ISIC_6054420,0,0.026602346,held_fold
ISIC_6057455,0,0.0005369889,held_fold
ISIC_6058822,0,0.13050012,held_fold
ISIC_6062638,0,0.057857405,held_fold
ISIC_6062657,0,0.008187263,held_fold
ISIC_6063007,0,0.02829262,held_fold
ISIC_6065618,0,0.026863571,held_fold
ISIC_6067058,0,0.0037519066,held_fold
ISIC_6072001,0,0.0016072569,held_fold
ISIC_6076242,0,0.00017196692,held_fold
ISIC_6078211,0,0.0716564,held_fold
ISIC_6081091,0,0.023584673,held_fold
ISIC_6081985,0,0.004116453,held_fold
ISIC_6089318,1,0.42320198,held_fold
ISIC_6090848,0,0.04974349,held_fold
ISIC_6092849,0,0.032996267,held_fold
ISIC_6092911,0,0.02955757,held_fold
ISIC_6093728,0,0.016260732,held_fold
ISIC_6096306,0,0.00026091628,held_fold
ISIC_6096541,0,0.024958586,held_fold
ISIC_6096598,0,0.01090907,held_fold
ISIC_6099309,0,0.009399776,held_fold
ISIC_6100064,0,0.0056038843,held_fold
ISIC_6101341,0,0.0032965983,held_fold
ISIC_6107273,0,0.0061259563,held_fold
ISIC_6110788,0,0.015853498,held_fold
ISIC_6111078,0,0.016108852,held_fold
ISIC_6113524,0,0.025217324,held_fold
ISIC_6116536,0,0.005211973,held_fold
ISIC_6121393,0,0.00045326262,held_fold
ISIC_6124127,0,0.0043489053,held_fold
ISIC_6124481,1,0.011798528,held_fold
ISIC_6125014,0,0.009109418,held_fold
ISIC_6125652,1,0.25607622,held_fold
ISIC_6127074,0,0.16931072,held_fold
ISIC_6127167,0,0.0005827562,held_fold
ISIC_6127495,0,0.12863038,held_fold
ISIC_6131501,0,0.0077330493,held_fold
ISIC_6132976,0,0.03699785,held_fold
ISIC_6133418,0,0.0045785927,held_fold
ISIC_6133988,0,0.0024686146,held_fold
ISIC_6138246,0,0.008231117,held_fold
ISIC_6141422,0,0.0035741632,held_fold
ISIC_6142525,0,0.001310931,held_fold
ISIC_6144716,0,0.00087448885,held_fold
ISIC_6151555,0,0.0010569808,held_fold
ISIC_6153134,0,0.032070186,held_fold
ISIC_6153728,0,0.03794442,held_fold
ISIC_6153896,0,0.001000644,held_fold
ISIC_6155782,0,0.0040182355,held_fold
ISIC_6155981,0,0.00016536444,held_fold
ISIC_6158021,0,0.011832864,held_fold
ISIC_6161876,0,0.006374102,held_fold
ISIC_6162609,0,0.0062610726,held_fold
ISIC_6162663,0,0.0019435172,held_fold
ISIC_6162711,0,0.0007734881,held_fold
ISIC_6163926,0,0.0070912424,held_fold
ISIC_6165627,0,0.00592657,held_fold
ISIC_6166247,0,0.0068862094,held_fold
ISIC_6167855,0,0.06382195,held_fold
ISIC_6168754,0,0.004108973,held_fold
ISIC_6173977,0,0.07120612,held_fold
ISIC_6174735,0,0.01425258,held_fold
ISIC_6174933,0,0.0555279,held_fold
ISIC_6176182,0,0.0060224654,held_fold
ISIC_6176518,0,0.03359487,held_fold
ISIC_6178088,0,0.0029019378,held_fold
ISIC_6178350,0,0.01493512,held_fold
ISIC_6180030,0,0.0117574185,held_fold
ISIC_6182833,0,0.0306797,held_fold
ISIC_6184190,0,0.009039681,held_fold
ISIC_6186813,0,0.0015608178,held_fold
ISIC_6188916,0,0.0016973368,held_fold
ISIC_6189075,0,0.013226051,held_fold
ISIC_6189375,0,0.042185575,held_fold
ISIC_6192108,0,0.073677585,held_fold
ISIC_6197608,0,0.0017908895,held_fold
ISIC_6205288,0,0.0030010042,held_fold
ISIC_6208762,0,0.004765237,held_fold
ISIC_6208775,0,0.061908204,held_fold
ISIC_6210500,0,0.0034991193,held_fold
ISIC_6216261,0,0.013869464,held_fold
ISIC_6217184,0,0.0033096736,held_fold
ISIC_6224828,0,0.029685348,held_fold
ISIC_6225107,0,0.069271296,held_fold
ISIC_6225303,0,0.014093267,held_fold
ISIC_6225409,0,0.016920194,held_fold
ISIC_6231450,0,0.00783235,held_fold
ISIC_6242842,0,0.002337351,held_fold
ISIC_6243238,0,0.0052527008,held_fold
ISIC_6245809,0,0.0048337565,held_fold
ISIC_6247314,0,0.0012589816,held_fold
ISIC_6248789,0,0.012009857,held_fold
ISIC_6254324,0,0.13380013,held_fold
ISIC_6255494,0,0.0027901824,held_fold
ISIC_6255613,0,0.0019827753,held_fold
ISIC_6256797,0,0.0012012863,held_fold
ISIC_6257804,0,0.009536667,held_fold
ISIC_6257952,0,0.00270547,held_fold
ISIC_6258246,0,0.010425061,held_fold
ISIC_6260485,0,0.0011880713,held_fold
ISIC_6264379,0,0.0042250925,held_fold
ISIC_6265284,0,0.00034807905,held_fold
ISIC_6267455,0,0.005934913,held_fold
ISIC_6267562,0,0.009301981,held_fold
ISIC_6268546,0,0.002000998,held_fold
ISIC_6269166,1,0.05847579,held_fold
ISIC_6269414,0,0.03803544,held_fold
ISIC_6269556,0,0.0042724637,held_fold
ISIC_6273566,0,0.016120765,held_fold
ISIC_6274020,0,0.10273092,held_fold
ISIC_6278584,0,0.02144026,held_fold
ISIC_6279017,0,0.005777049,held_fold
ISIC_6281419,0,0.0023676294,held_fold
ISIC_6284704,0,0.0019333499,held_fold
ISIC_6287575,0,0.004180221,held_fold
ISIC_6287803,0,0.0014841018,held_fold
ISIC_6291051,0,0.0037516106,held_fold
ISIC_6292209,0,0.034140468,held_fold
ISIC_6293132,0,0.0011407563,held_fold
ISIC_6293829,0,0.0022137382,held_fold
ISIC_6297408,0,0.0012180049,held_fold
ISIC_6303154,0,0.04457135,held_fold
ISIC_6304007,0,0.0019500339,held_fold
ISIC_6304412,0,0.0025948773,held_fold
ISIC_6310591,0,0.002427609,held_fold
ISIC_6312590,0,0.0031701878,held_fold
ISIC_6313487,1,0.18568769,held_fold
ISIC_6315037,0,0.0052786865,held_fold
ISIC_6316410,0,0.05976079,held_fold
ISIC_6321119,0,0.004943025,held_fold
ISIC_6322191,0,0.00030092231,held_fold
ISIC_6323199,0,0.011685677,held_fold
ISIC_6323489,0,0.009502219,held_fold
ISIC_6324832,0,0.0008632125,held_fold
ISIC_6328526,0,0.016435344,held_fold
ISIC_6328606,0,0.0008275447,held_fold
ISIC_6330808,0,0.031914923,held_fold
ISIC_6335490,0,0.066184215,held_fold
ISIC_6336141,0,0.037328687,held_fold
ISIC_6339509,0,0.023751952,held_fold
ISIC_6340018,0,0.010732412,held_fold
ISIC_6340529,0,0.001007214,held_fold
ISIC_6341685,0,0.042213652,held_fold
ISIC_6343199,0,0.0017083603,held_fold
ISIC_6344114,0,0.23932868,held_fold
ISIC_6344673,0,0.00935902,held_fold
ISIC_6345354,0,0.0011647292,held_fold
ISIC_6347269,0,0.0051237,held_fold
ISIC_6352726,0,0.016093811,held_fold
ISIC_6352730,0,0.00055974186,held_fold
ISIC_6353527,0,0.038420998,held_fold
ISIC_6355245,0,0.006528231,held_fold
ISIC_6355353,1,0.020602357,held_fold
ISIC_6357644,0,0.0028715476,held_fold
ISIC_6358383,0,0.16354929,held_fold
ISIC_6363862,0,0.006133608,held_fold
ISIC_6364051,0,0.029231856,held_fold
ISIC_6371233,0,0.06880328,held_fold
ISIC_6373500,0,0.011566613,held_fold
ISIC_6376959,0,0.0032187707,held_fold
ISIC_6377578,0,0.0013117996,held_fold
ISIC_6379690,0,0.0027129783,held_fold
ISIC_6380662,0,0.0024010567,held_fold
ISIC_6383193,0,0.011141381,held_fold
ISIC_6383486,0,0.05231984,held_fold
ISIC_6383922,0,0.004231031,held_fold
ISIC_6384559,0,0.0143264625,held_fold
ISIC_6384997,0,0.0051408354,held_fold
ISIC_6385074,0,0.0061679515,held_fold
ISIC_6385374,0,0.0020367962,held_fold
ISIC_6390738,0,0.0019188484,held_fold
ISIC_6391835,0,0.095245264,held_fold
ISIC_6392461,1,0.02013519,held_fold
ISIC_6393699,0,0.0010819384,held_fold
ISIC_6394612,0,0.0009843389,held_fold
ISIC_6396565,0,0.006228192,held_fold
ISIC_6398669,1,0.062476896,held_fold
ISIC_6399275,0,0.002568376,held_fold
ISIC_6399303,0,0.0007460976,held_fold
ISIC_6400815,0,0.25769123,held_fold
ISIC_6401355,0,0.0030050531,held_fold
ISIC_6402680,0,0.010949797,held_fold
ISIC_6403268,0,0.0022826046,held_fold
ISIC_6404238,0,0.00143085,held_fold
ISIC_6405298,0,0.089848496,held_fold
ISIC_6405981,0,0.009174289,held_fold
ISIC_6407004,0,0.0028620006,held_fold
ISIC_6407230,0,0.0012818249,held_fold
ISIC_6408480,0,0.016360696,held_fold
ISIC_6409296,0,0.08627343,held_fold
ISIC_6411466,0,0.00013328357,held_fold
ISIC_6412486,0,0.023369063,held_fold
ISIC_6413382,0,0.020079453,held_fold
ISIC_6415466,0,0.00964546,held_fold
ISIC_6420431,0,0.012438537,held_fold
ISIC_6422862,0,0.000857805,held_fold
ISIC_6423301,0,0.0018549672,held_fold
ISIC_6423914,0,0.0045630066,held_fold
ISIC_6425807,0,0.004489678,held_fold
ISIC_6425888,0,0.13238132,held_fold
ISIC_6432495,0,0.002488939,held_fold
ISIC_6433551,0,0.020119188,held_fold
ISIC_6434605,0,0.0031282357,held_fold
ISIC_6435644,0,0.00088747253,held_fold
ISIC_6438174,0,0.015859712,held_fold
ISIC_6438355,0,0.0044328496,held_fold
ISIC_6440753,0,0.0020219474,held_fold
ISIC_6444653,0,0.00468431,held_fold
ISIC_6446616,0,0.0011625666,held_fold
ISIC_6447071,0,0.035293017,held_fold
ISIC_6447681,0,0.017614445,held_fold
ISIC_6448063,0,0.13572247,held_fold
ISIC_6449939,0,0.0015799131,held_fold
ISIC_6450517,0,0.0025541454,held_fold
ISIC_6450756,0,0.033711005,held_fold
ISIC_6451230,0,0.0059954543,held_fold
ISIC_6453506,0,0.0007745458,held_fold
ISIC_6455702,0,0.00080866134,held_fold
ISIC_6457849,0,0.0037188048,held_fold
ISIC_6459796,0,0.013653503,held_fold
ISIC_6460696,0,0.0023393766,held_fold
ISIC_6464177,0,0.013682199,held_fold
ISIC_6464905,0,0.034103904,held_fold
ISIC_6466611,0,0.0013839508,held_fold
ISIC_6467876,0,0.005416465,held_fold
ISIC_6470697,0,0.0019901453,held_fold
ISIC_6477782,0,0.004407905,held_fold
ISIC_6479999,0,0.00040933033,held_fold
ISIC_6480784,0,0.010461714,held_fold
ISIC_6482239,0,0.0014792496,held_fold
ISIC_6484136,0,0.2104939,held_fold
ISIC_6485050,0,0.0085725635,held_fold
ISIC_6486815,0,0.004159731,held_fold
ISIC_6486856,0,0.0091756545,held_fold
ISIC_6487809,0,0.0010375684,held_fold
ISIC_6490895,0,0.008269963,held_fold
ISIC_6496927,0,0.0040997188,held_fold
ISIC_6497797,0,0.0052386774,held_fold
ISIC_6498670,0,0.0074623316,held_fold
ISIC_6500094,0,0.117424734,held_fold
ISIC_6500700,0,0.035143714,held_fold
ISIC_6506429,0,0.033311564,held_fold
ISIC_6506481,0,0.0021250227,held_fold
ISIC_6507412,0,0.0038254557,held_fold
ISIC_6507640,0,0.0016123604,held_fold
ISIC_6509682,1,0.0328062,held_fold
ISIC_6510403,0,0.004872545,held_fold
ISIC_6512878,0,0.07586694,held_fold
ISIC_6513575,0,0.0002910544,held_fold
ISIC_6513977,0,0.0016893824,held_fold
ISIC_6515221,0,0.020505827,held_fold
ISIC_6515241,0,0.00019258892,held_fold
ISIC_6524052,0,0.0008862747,held_fold
ISIC_6524810,0,0.010435761,held_fold
ISIC_6527464,0,0.002351335,held_fold
ISIC_6528080,0,0.07566639,held_fold
ISIC_6528650,0,0.05345151,held_fold
ISIC_6529773,0,0.0013280115,held_fold
ISIC_6530659,0,0.002704558,held_fold
ISIC_6533307,0,0.0086067915,held_fold
ISIC_6534346,0,0.004689902,held_fold
ISIC_6538955,0,0.013503465,held_fold
ISIC_6539116,0,0.0088397525,held_fold
ISIC_6540624,0,0.022416964,held_fold
ISIC_6543121,0,0.0022110087,held_fold
ISIC_6543564,0,0.001173289,held_fold
ISIC_6544548,0,0.0034164963,held_fold
ISIC_6545051,0,0.0009854593,held_fold
ISIC_6547083,0,0.014673945,held_fold
ISIC_6547379,0,0.07381022,held_fold
ISIC_6547605,0,0.010032492,held_fold
ISIC_6547878,0,0.007715751,held_fold
ISIC_6549908,0,0.03359826,held_fold
ISIC_6550427,0,0.0021628314,held_fold
ISIC_6551532,0,0.0015217338,held_fold
ISIC_6553389,0,0.0142167965,held_fold
ISIC_6553768,0,0.0016411826,held_fold
ISIC_6556473,0,0.0050613694,held_fold
ISIC_6559979,0,0.0008701535,held_fold
ISIC_6561787,0,0.08973513,held_fold
ISIC_6563211,0,0.008025937,held_fold
ISIC_6563761,0,0.09934266,held_fold
ISIC_6564034,0,0.025137678,held_fold
ISIC_6564818,0,0.009766461,held_fold
ISIC_6565709,0,0.0062529314,held_fold
ISIC_6567382,0,0.009963418,held_fold
ISIC_6568247,0,0.0121051,held_fold
ISIC_6570611,0,0.006695714,held_fold
ISIC_6571305,0,0.003865829,held_fold
ISIC_6571335,0,0.014938896,held_fold
ISIC_6571459,0,0.014681806,held_fold
ISIC_6571597,0,0.0045585516,held_fold
ISIC_6572463,0,0.02276918,held_fold
ISIC_6572646,0,0.0011673504,held_fold
ISIC_6576397,0,0.0049265176,held_fold
ISIC_6576549,0,0.011222745,held_fold
ISIC_6581665,0,0.009409758,held_fold
ISIC_6582783,0,0.0030124567,held_fold
ISIC_6584847,0,0.0022654072,held_fold
ISIC_6586052,0,0.001539688,held_fold
ISIC_6588756,0,0.020676786,held_fold
ISIC_6588853,0,0.009782117,held_fold
ISIC_6593826,0,0.0029907096,held_fold
ISIC_6594273,0,0.0050742174,held_fold
ISIC_6602724,0,0.0052990364,held_fold
ISIC_6607895,0,0.0036450187,held_fold
ISIC_6608281,0,0.006230297,held_fold
ISIC_6608507,0,0.14625499,held_fold
ISIC_6608618,0,0.00033091466,held_fold
ISIC_6609931,0,0.0025995998,held_fold
ISIC_6610645,0,0.00031392995,held_fold
ISIC_6613228,0,0.024004761,held_fold
ISIC_6615566,0,0.082391806,held_fold
ISIC_6616174,0,0.012778935,held_fold
ISIC_6617840,0,0.011698747,held_fold
ISIC_6618652,0,0.0033619008,held_fold
ISIC_6619970,0,0.004042823,held_fold
ISIC_6622594,0,0.00134469,held_fold
ISIC_6622892,0,0.012079507,held_fold
ISIC_6627142,0,0.02422326,held_fold
ISIC_6627659,0,0.009435599,held_fold
ISIC_6628544,0,0.002355567,held_fold
ISIC_6632997,0,0.11992087,held_fold
ISIC_6636275,0,0.0008448617,held_fold
ISIC_6636720,0,0.005475542,held_fold
ISIC_6637323,0,0.0018239218,held_fold
ISIC_6638892,0,0.0014935489,held_fold
ISIC_6640753,0,0.0029746084,held_fold
ISIC_6644265,0,0.0007200986,held_fold
ISIC_6646410,0,0.0019123746,held_fold
ISIC_6646749,0,0.0013610271,held_fold
ISIC_6651931,0,0.0017296432,held_fold
ISIC_6652211,0,0.0029629287,held_fold
ISIC_6653311,0,0.048829157,held_fold
ISIC_6653456,0,0.015715359,held_fold
ISIC_6660516,0,0.05179875,held_fold
ISIC_6661691,0,0.0034284843,held_fold
ISIC_6661904,0,0.047599826,held_fold
ISIC_6661910,0,0.009745865,held_fold
ISIC_6664275,0,0.01602499,held_fold
ISIC_6665380,0,0.071630016,held_fold
ISIC_6665515,0,0.00028200986,held_fold
ISIC_6668604,0,0.03784875,held_fold
ISIC_6668859,0,0.030405367,held_fold
ISIC_6673875,0,0.06534471,held_fold
ISIC_6674202,0,0.0029724073,held_fold
ISIC_6676568,0,0.008588331,held_fold
ISIC_6676705,0,0.023641914,held_fold
ISIC_6680873,0,0.0018902087,held_fold
ISIC_6681346,0,0.007501871,held_fold
ISIC_6683756,0,0.0003097101,held_fold
ISIC_6686144,0,0.0006708807,held_fold
ISIC_6687927,0,0.001703453,held_fold
ISIC_6688311,0,0.0019500952,held_fold
ISIC_6689593,0,0.0110959895,held_fold
ISIC_6689717,0,0.0012447105,held_fold
ISIC_6690049,0,0.006421017,held_fold
ISIC_6691092,0,0.0009250248,held_fold
ISIC_6696515,0,0.009932503,held_fold
ISIC_6696536,0,0.005247088,held_fold
ISIC_6698186,0,0.0060227676,held_fold
ISIC_6701139,0,0.0008873301,held_fold
ISIC_6702684,0,0.009427923,held_fold
ISIC_6703021,0,0.00034586102,held_fold
ISIC_6703027,0,0.08947981,held_fold
ISIC_6704036,0,0.0017344152,held_fold
ISIC_6704130,0,0.0008594348,held_fold
ISIC_6706289,0,0.007712014,held_fold
ISIC_6706678,0,0.015030927,held_fold
ISIC_6708968,0,0.16114141,held_fold
ISIC_6709052,0,0.009378553,held_fold
ISIC_6712470,0,0.014118669,held_fold
ISIC_6713062,0,0.008579655,held_fold
ISIC_6716036,0,0.002931715,held_fold
ISIC_6721304,0,0.011427795,held_fold
ISIC_6723937,0,0.010705018,held_fold
ISIC_6725390,0,0.00083608355,held_fold
ISIC_6725760,0,0.004978879,held_fold
ISIC_6725828,0,0.0044971285,held_fold
ISIC_6726495,0,0.07307517,held_fold
ISIC_6727495,0,0.019731797,held_fold
ISIC_6729594,0,0.0623291,held_fold
ISIC_6731796,0,0.050057665,held_fold
ISIC_6735970,0,0.06548725,held_fold
ISIC_6738013,0,0.0034562259,held_fold
ISIC_6747026,0,0.002002341,held_fold
ISIC_6749688,0,0.0020636201,held_fold
ISIC_6753364,0,0.004681505,held_fold
ISIC_6753425,0,0.015339824,held_fold
ISIC_6754034,0,0.07993787,held_fold
ISIC_6754749,0,0.0026470956,held_fold
ISIC_6756517,0,0.016761826,held_fold
ISIC_6758042,0,0.0126049565,held_fold
ISIC_6759319,0,0.011153854,held_fold
ISIC_6761980,0,0.01985906,held_fold
ISIC_6764541,0,0.0035628234,held_fold
ISIC_6767017,0,0.0025035667,held_fold
ISIC_6772067,0,0.005127423,held_fold
ISIC_6774796,0,0.0020213586,held_fold
ISIC_6778483,0,0.047297888,held_fold
ISIC_6778756,0,0.010261767,held_fold
ISIC_6779354,0,0.0053140875,held_fold
ISIC_6781075,0,0.0015585063,held_fold
ISIC_6781637,0,0.00170685,held_fold
ISIC_6781665,0,0.031885944,held_fold
ISIC_6784722,0,0.01968889,held_fold
ISIC_6787097,0,0.007977433,held_fold
ISIC_6789876,0,0.0036609124,held_fold
ISIC_6790949,0,0.0015333368,held_fold
ISIC_6792155,0,0.025260026,held_fold
ISIC_6794321,0,0.0034547066,held_fold
ISIC_6794899,0,0.09342063,held_fold
ISIC_6795009,0,0.002493622,held_fold
ISIC_6798880,0,0.0009646874,held_fold
ISIC_6804665,0,0.0040365052,held_fold
ISIC_6814478,0,0.06260667,held_fold
ISIC_6815524,0,0.0028014358,held_fold
ISIC_6815672,0,0.022677531,held_fold
ISIC_6817651,0,0.0023607677,held_fold
ISIC_6826081,0,0.0002399981,held_fold
ISIC_6827929,0,0.03854155,held_fold
ISIC_6828587,0,0.031979397,held_fold
ISIC_6831482,0,0.011289111,held_fold
ISIC_6841294,1,0.058678817,held_fold
ISIC_6841752,0,0.00084430684,held_fold
ISIC_6844282,0,0.015130167,held_fold
ISIC_6845907,0,0.08705522,held_fold
ISIC_6847317,0,0.0021681157,held_fold
ISIC_6848560,0,0.041892365,held_fold
ISIC_6852275,0,0.034915768,held_fold
ISIC_6852281,0,0.005944807,held_fold
ISIC_6853087,0,0.0041872296,held_fold
ISIC_6853657,0,0.0015526328,held_fold
ISIC_6853786,0,0.009444347,held_fold
ISIC_6854940,0,0.009668642,held_fold
ISIC_6855125,0,0.0013088182,held_fold
ISIC_6857334,0,0.006154631,held_fold
ISIC_6858074,0,0.0727979,held_fold
ISIC_6858892,0,0.0015675984,held_fold
ISIC_6859159,0,0.024878291,held_fold
ISIC_6866526,0,0.0010986216,held_fold
ISIC_6872792,0,0.07665333,held_fold
ISIC_6873669,0,0.009199915,held_fold
ISIC_6874316,0,0.0015123672,held_fold
ISIC_6876297,0,0.011287568,held_fold
ISIC_6876309,0,0.0030875925,held_fold
ISIC_6876820,0,0.0071388306,held_fold
ISIC_6878588,0,0.1419902,held_fold
ISIC_6879085,0,0.012025648,held_fold
ISIC_6880164,0,0.0020812033,held_fold
ISIC_6882582,0,0.0015470934,held_fold
ISIC_6888012,0,0.005592465,held_fold
ISIC_6888353,0,0.031383727,held_fold
ISIC_6889965,0,0.0013288454,held_fold
ISIC_6890820,0,0.008984643,held_fold
ISIC_6893552,0,0.07476993,held_fold
ISIC_6896427,0,0.003138948,held_fold
ISIC_6898059,0,0.024118874,held_fold
ISIC_6898841,0,7.454684e-05,held_fold
ISIC_6899551,0,0.015257181,held_fold
ISIC_6900579,0,0.022112079,held_fold
ISIC_6901340,0,0.016743071,held_fold
ISIC_6901681,0,0.008080603,held_fold
ISIC_6903643,0,0.0039567547,held_fold
ISIC_6904082,1,0.032092832,held_fold
ISIC_6904410,0,0.0009320572,held_fold
ISIC_6905594,0,0.004948028,held_fold
ISIC_6906203,0,0.013305839,held_fold
ISIC_6908286,0,0.0013183678,held_fold
ISIC_6915759,0,0.11739054,held_fold
ISIC_6916987,0,0.018137382,held_fold
ISIC_6928607,0,0.005171721,held_fold
ISIC_6930690,0,0.03334992,held_fold
ISIC_6930828,0,0.054403342,held_fold
ISIC_6933471,0,0.0013154623,held_fold
ISIC_6933978,0,0.0011824871,held_fold
ISIC_6934211,0,0.004536394,held_fold
ISIC_6938489,0,0.0009800316,held_fold
ISIC_6938905,0,0.15042174,held_fold
ISIC_6940677,0,0.0044163233,held_fold
ISIC_6941441,0,0.0014768378,held_fold
ISIC_6943717,0,0.049788505,held_fold
ISIC_6944466,0,0.039950717,held_fold
ISIC_6944481,0,0.0012357556,held_fold
ISIC_6945725,0,0.018009447,held_fold
ISIC_6946260,0,0.0147113325,held_fold
ISIC_6947870,0,0.0007237838,held_fold
ISIC_6949941,0,0.0077561713,held_fold
ISIC_6952773,0,0.0071860272,held_fold
ISIC_6954577,0,0.0033457074,held_fold
ISIC_6955095,0,0.002211195,held_fold
ISIC_6955799,0,0.0023252156,held_fold
ISIC_6959018,0,0.0033589227,held_fold
ISIC_6963252,0,0.0144527685,held_fold
ISIC_6967033,0,0.00558262,held_fold
ISIC_6968422,0,0.0067543457,held_fold
ISIC_6968972,0,0.04861266,held_fold
ISIC_6968982,0,0.021568641,held_fold
ISIC_6970181,0,0.008964138,held_fold
ISIC_6970271,0,0.006503934,held_fold
ISIC_6973257,0,0.05318738,held_fold
ISIC_6974005,0,0.020673119,held_fold
ISIC_6974286,0,0.005245182,held_fold
ISIC_6977097,0,0.10993085,held_fold
ISIC_6977581,0,0.044296954,held_fold
ISIC_6986010,0,0.060798936,held_fold
ISIC_6991849,0,0.013691719,held_fold
ISIC_6992267,0,0.13887353,held_fold
ISIC_6992709,0,0.0024280434,held_fold
ISIC_6997349,0,0.0049768616,held_fold
ISIC_7002323,0,0.002836345,held_fold
ISIC_7006312,0,0.0019969465,held_fold
ISIC_7009273,0,0.0023632026,held_fold
ISIC_7011753,0,0.0013738248,held_fold
ISIC_7012881,0,0.0034138137,held_fold
ISIC_7013418,0,0.0002927866,held_fold
ISIC_7013991,0,0.0014316632,held_fold
ISIC_7015694,0,0.016224062,held_fold
ISIC_7016839,0,0.0016903444,held_fold
ISIC_7020708,0,0.049086366,held_fold
ISIC_7024662,0,0.019328894,held_fold
ISIC_7024807,0,0.055405483,held_fold
ISIC_7027424,0,0.03715203,held_fold
ISIC_7027536,0,0.008189478,held_fold
ISIC_7028320,0,0.07622468,held_fold
ISIC_7030974,0,0.000749978,held_fold
ISIC_7032085,0,0.045817498,held_fold
ISIC_7032787,0,0.0070590572,held_fold
ISIC_7033912,0,0.004153509,held_fold
ISIC_7035517,0,0.10130708,held_fold
ISIC_7038586,0,0.0034933533,held_fold
ISIC_7041484,0,0.019864846,held_fold
ISIC_7041558,0,0.0017854286,held_fold
ISIC_7043443,0,0.026533758,held_fold
ISIC_7044173,0,0.00081750547,held_fold
ISIC_7046324,0,0.008581772,held_fold
ISIC_7051167,0,0.00022312261,held_fold
ISIC_7052158,0,0.010411757,held_fold
ISIC_7054108,0,0.0008499499,held_fold
ISIC_7056776,0,0.005255772,held_fold
ISIC_7056918,0,0.03485011,held_fold
ISIC_7058883,0,0.004283749,held_fold
ISIC_7064137,0,0.00079751346,held_fold
ISIC_7066320,0,0.0035332527,held_fold
ISIC_7066695,0,0.0057245498,held_fold
ISIC_7066945,0,0.03246367,held_fold
ISIC_7067750,0,0.0015097816,held_fold
ISIC_7068021,0,0.006512434,held_fold
ISIC_7069404,0,0.0024053233,held_fold
ISIC_7069423,0,0.0033707554,held_fold
ISIC_7069853,0,0.043656945,held_fold
ISIC_7071213,0,0.05890298,held_fold
ISIC_7073263,0,0.023268504,held_fold
ISIC_7079714,0,0.006071753,held_fold
ISIC_7080584,0,0.002798093,held_fold
ISIC_7082703,0,0.00849979,held_fold
ISIC_7083307,0,0.041449767,held_fold
ISIC_7084197,0,0.033366017,held_fold
ISIC_7091750,0,0.0070595723,held_fold
ISIC_7095245,0,0.010548702,held_fold
ISIC_7096946,0,0.0010614748,held_fold
ISIC_7097343,0,0.00096017815,held_fold
ISIC_7100755,1,0.07707476,held_fold
ISIC_7104307,0,0.015506873,held_fold
ISIC_7105639,0,0.001392925,held_fold
ISIC_7105681,0,0.0006047659,held_fold
ISIC_7107371,0,0.019447371,held_fold
ISIC_7115605,0,0.06303079,held_fold
ISIC_7116781,0,0.002353542,held_fold
ISIC_7117338,0,0.029610803,held_fold
ISIC_7119225,0,0.0024935508,held_fold
ISIC_7121198,0,0.042045705,held_fold
ISIC_7121344,0,0.0061086663,held_fold
ISIC_7124408,0,0.008406623,held_fold
ISIC_7125023,0,0.0021853414,held_fold
ISIC_7125512,0,0.04279314,held_fold
ISIC_7125703,0,0.003337048,held_fold
ISIC_7126877,0,0.00034460885,held_fold
ISIC_7128233,0,0.0074627274,held_fold
ISIC_7128674,0,0.0077490737,held_fold
ISIC_7129085,0,0.015470428,held_fold
ISIC_7135134,0,0.0016738073,held_fold
ISIC_7136995,0,0.0011026873,held_fold
ISIC_7137773,0,0.03287611,held_fold
ISIC_7139484,0,0.00043731253,held_fold
ISIC_7140636,0,0.42690492,held_fold
ISIC_7140783,0,0.0009594347,held_fold
ISIC_7143388,0,0.0061913407,held_fold
ISIC_7144795,0,0.00050683686,held_fold
ISIC_7145266,0,0.027625857,held_fold
ISIC_7145969,0,0.024530618,held_fold
ISIC_7148656,0,0.045473695,held_fold
ISIC_7150966,0,0.08068758,held_fold
ISIC_7152347,0,0.0042577214,held_fold
ISIC_7153240,0,0.018400842,held_fold
ISIC_7155873,0,0.00097133045,held_fold
ISIC_7156715,0,0.0027806961,held_fold
ISIC_7161002,0,0.0011660003,held_fold
ISIC_7161069,0,0.0020213411,held_fold
ISIC_7162343,0,0.025981082,held_fold
ISIC_7162711,0,0.102841616,held_fold
ISIC_7164076,0,0.0031757834,held_fold
ISIC_7167473,0,0.0010581344,held_fold
ISIC_7168604,0,0.003874097,held_fold
ISIC_7170391,0,0.001266573,held_fold
ISIC_7170431,0,0.000870579,held_fold
ISIC_7171799,0,0.03786906,held_fold
ISIC_7173520,0,0.062123686,held_fold
ISIC_7173850,0,0.004849016,held_fold
ISIC_7175127,0,0.0018944542,held_fold
ISIC_7179067,0,0.00017387158,held_fold
ISIC_7180332,0,0.011457417,held_fold
ISIC_7181396,0,0.04405414,held_fold
ISIC_7182677,0,0.014092543,held_fold
ISIC_7183212,1,0.039153054,held_fold
ISIC_7183931,0,0.0005518195,held_fold
ISIC_7185157,0,0.0036171507,held_fold
ISIC_7187577,0,0.07511658,held_fold
ISIC_7188330,0,0.06563723,held_fold
ISIC_7192331,0,0.052053705,held_fold
ISIC_7194695,0,0.34586316,held_fold
ISIC_7195168,0,0.024742335,held_fold
ISIC_7199167,0,0.027851278,held_fold
ISIC_7204331,0,0.078311436,held_fold
ISIC_7205039,0,0.07059909,held_fold
ISIC_7205863,0,0.004951619,held_fold
ISIC_7207496,0,0.023593746,held_fold
ISIC_7207715,0,0.002265459,held_fold
ISIC_7210752,0,0.0024660795,held_fold
ISIC_7212312,0,0.011799752,held_fold
ISIC_7212966,0,0.032466516,held_fold
ISIC_7216772,0,0.0061993646,held_fold
ISIC_7219262,0,0.00088734616,held_fold
ISIC_7220538,0,0.0022968396,held_fold
ISIC_7226381,0,0.0027094984,held_fold
ISIC_7227599,0,0.0007954122,held_fold
ISIC_7230027,0,0.0030005563,held_fold
ISIC_7230304,0,0.01982931,held_fold
ISIC_7231735,0,0.16626766,held_fold
ISIC_7232375,0,0.006692543,held_fold
ISIC_7236143,0,0.02720429,held_fold
ISIC_7238139,0,0.009356411,held_fold
ISIC_7240224,0,0.005333875,held_fold
ISIC_7240424,0,0.0030495638,held_fold
ISIC_7240915,0,0.005488967,held_fold
ISIC_7243256,0,0.015228579,held_fold
ISIC_7243593,0,0.00227628,held_fold
ISIC_7244323,0,0.003195709,held_fold
ISIC_7246096,0,0.011550732,held_fold
ISIC_7248532,0,0.00020045202,held_fold
ISIC_7248566,0,0.001350567,held_fold
ISIC_7250813,0,0.0016211754,held_fold
ISIC_7259980,0,0.0055501196,held_fold
ISIC_7260013,0,0.03867924,held_fold
ISIC_7260492,0,0.0016194045,held_fold
ISIC_7266940,0,0.0006355206,held_fold
ISIC_7268804,0,0.0033122953,held_fold
ISIC_7270858,0,0.0091764955,held_fold
ISIC_7272509,0,0.05346203,held_fold
ISIC_7273853,0,0.02491443,held_fold
ISIC_7279098,0,0.052367624,held_fold
ISIC_7281014,0,0.0015023779,held_fold
ISIC_7286958,0,0.17781942,held_fold
ISIC_7287053,0,0.0017742492,held_fold
ISIC_7287161,0,0.0045313905,held_fold
ISIC_7287338,0,0.002940227,held_fold
ISIC_7288627,0,0.002667425,held_fold
ISIC_7288949,0,0.14279741,held_fold
ISIC_7292533,0,0.002713247,held_fold
ISIC_7294446,0,0.0119962115,held_fold
ISIC_7298784,0,0.025251709,held_fold
ISIC_7301029,0,0.012151605,held_fold
ISIC_7302456,0,0.0083797,held_fold
ISIC_7309600,0,0.0026723272,held_fold
ISIC_7312781,0,0.0016274413,held_fold
ISIC_7313390,0,0.0011970904,held_fold
ISIC_7313923,0,0.0072936364,held_fold
ISIC_7315641,0,0.094904326,held_fold
ISIC_7316364,0,0.0015216541,held_fold
ISIC_7316871,0,0.022712601,held_fold
ISIC_7319707,0,0.016036438,held_fold
ISIC_7321132,0,0.0018647974,held_fold
ISIC_7322169,0,0.0051152213,held_fold
ISIC_7324228,0,0.00060121185,held_fold
ISIC_7324840,0,0.05552459,held_fold
ISIC_7326713,0,0.03235149,held_fold
ISIC_7327087,0,0.011994674,held_fold
ISIC_7332657,0,0.028123043,held_fold
ISIC_7334875,0,0.029899666,held_fold
ISIC_7335785,0,0.0016323436,held_fold
ISIC_7337194,0,0.0036645406,held_fold
ISIC_7338634,0,0.0046981936,held_fold
ISIC_7338760,0,0.18036412,held_fold
ISIC_7338843,0,0.0009179002,held_fold
ISIC_7342741,0,0.009651466,held_fold
ISIC_7344014,0,0.0021505377,held_fold
ISIC_7345367,0,0.0069962386,held_fold
ISIC_7345709,0,0.008755952,held_fold
ISIC_7346739,1,0.12714191,held_fold
ISIC_7351007,0,0.0049531274,held_fold
ISIC_7353070,0,0.0020828203,held_fold
ISIC_7356472,0,0.004443236,held_fold
ISIC_7356589,0,0.0037978387,held_fold
ISIC_7357474,0,0.004408485,held_fold
ISIC_7358425,0,0.0007275586,held_fold
ISIC_7358848,0,0.01061383,held_fold
ISIC_7358998,0,0.002578546,held_fold
ISIC_7360101,0,0.013284534,held_fold
ISIC_7364411,0,0.027146008,held_fold
ISIC_7365445,0,0.0032225412,held_fold
ISIC_7367323,0,0.009922122,held_fold
ISIC_7368046,0,0.0040201047,held_fold
ISIC_7369843,0,0.012894998,held_fold
ISIC_7370756,0,0.0041818884,held_fold
ISIC_7372459,0,0.004937889,held_fold
ISIC_7380364,0,0.002030019,held_fold
ISIC_7382594,0,0.062242582,held_fold
ISIC_7383044,0,0.00482003,held_fold
ISIC_7383585,0,0.02334973,held_fold
ISIC_7384638,0,0.1537248,held_fold
ISIC_7389320,0,0.0021787074,held_fold
ISIC_7394756,0,0.015809448,held_fold
ISIC_7394834,0,0.014154077,held_fold
ISIC_7394897,0,0.012256397,held_fold
ISIC_7395166,0,0.08426357,held_fold
ISIC_7399970,0,0.024006194,held_fold
ISIC_7401893,0,0.00028709785,held_fold
ISIC_7402256,0,0.0058526676,held_fold
ISIC_7404937,0,0.0023340154,held_fold
ISIC_7409797,0,0.002209281,held_fold
ISIC_7410598,0,0.002261722,held_fold
ISIC_7410677,0,0.003362997,held_fold
ISIC_7413098,0,0.0054981424,held_fold
ISIC_7413468,0,0.03983629,held_fold
ISIC_7414124,0,0.004313273,held_fold
ISIC_7416797,0,0.019136872,held_fold
ISIC_7418760,0,0.111337274,held_fold
ISIC_7422026,0,0.0033099756,held_fold
ISIC_7423788,0,0.0066899504,held_fold
ISIC_7424320,0,0.011489548,held_fold
ISIC_7430481,0,0.01790302,held_fold
ISIC_7431480,0,0.022166712,held_fold
ISIC_7434918,0,0.0024496021,held_fold
ISIC_7436377,0,0.0068948762,held_fold
ISIC_7438913,0,0.0015133496,held_fold
ISIC_7439160,0,0.004030232,held_fold
ISIC_7441917,0,0.0013161133,held_fold
ISIC_7445800,0,0.038954716,held_fold
ISIC_7446443,0,0.005198331,held_fold
ISIC_7452503,0,0.0021019962,held_fold
ISIC_7452767,0,0.0032532937,held_fold
ISIC_7453902,0,0.029384395,held_fold
ISIC_7456769,0,0.00430163,held_fold
ISIC_7458272,0,0.0018428365,held_fold
ISIC_7459066,0,0.008524854,held_fold
ISIC_7459410,0,0.013213424,held_fold
ISIC_7460111,0,0.07945795,held_fold
ISIC_7460444,0,0.022367472,held_fold
ISIC_7461086,0,0.00227926,held_fold
ISIC_7462746,0,0.015627224,held_fold
ISIC_7465209,0,0.041560758,held_fold
ISIC_7465753,0,0.0065488536,held_fold
ISIC_7466101,0,0.058004763,held_fold
ISIC_7468182,0,0.0013573561,held_fold
ISIC_7468407,0,0.045970596,held_fold
ISIC_7468410,0,0.000676484,held_fold
ISIC_7471517,0,0.043518018,held_fold
ISIC_7474949,0,0.0031238848,held_fold
ISIC_7474994,0,0.03483675,held_fold
ISIC_7477006,0,0.024348099,held_fold
ISIC_7477754,0,0.0075544743,held_fold
ISIC_7477771,0,0.0031596664,held_fold
ISIC_7480166,0,0.0016334694,held_fold
ISIC_7481978,0,0.002028637,held_fold
ISIC_7482149,0,0.007021849,held_fold
ISIC_7484011,0,0.0015900634,held_fold
ISIC_7484618,0,0.0005847082,held_fold
ISIC_7489895,0,0.0022937472,held_fold
ISIC_7491217,0,0.02706332,held_fold
ISIC_7495148,0,0.015373475,held_fold
ISIC_7495157,0,0.00935456,held_fold
ISIC_7495971,0,0.040691037,held_fold
ISIC_7496225,0,0.005287893,held_fold
ISIC_7496511,0,0.016923692,held_fold
ISIC_7498132,0,0.00095596,held_fold
ISIC_7498716,0,0.03743057,held_fold
ISIC_7499769,0,0.014613418,held_fold
ISIC_7503521,0,0.021805609,held_fold
ISIC_7503950,1,0.036294967,held_fold
ISIC_7504741,0,0.0032787027,held_fold
ISIC_7505533,0,0.026411017,held_fold
ISIC_7505675,0,0.0009196772,held_fold
ISIC_7507065,0,0.0037747212,held_fold
ISIC_7507286,0,0.004856484,held_fold
ISIC_7507808,0,0.0049527963,held_fold
ISIC_7508320,0,0.017027326,held_fold
ISIC_7509837,0,0.0070168804,held_fold
ISIC_7511557,0,0.006161513,held_fold
ISIC_7513139,0,0.0020892622,held_fold
ISIC_7513677,0,0.03512061,held_fold
ISIC_7514840,0,0.0019222128,held_fold
ISIC_7517099,0,0.028836275,held_fold
ISIC_7519274,0,0.0029942123,held_fold
ISIC_7522199,0,0.031157674,held_fold
ISIC_7523330,0,0.027506372,held_fold
ISIC_7524426,0,0.00055713055,held_fold
ISIC_7527413,0,0.055718265,held_fold
ISIC_7533216,0,0.03483752,held_fold
ISIC_7536704,1,0.007675642,held_fold
ISIC_7539588,0,0.0011492196,held_fold
ISIC_7540824,0,0.000962677,held_fold
ISIC_7543874,0,0.009471562,held_fold
ISIC_7544251,0,0.0009365211,held_fold
ISIC_7546192,0,0.003951301,held_fold
ISIC_7547609,0,0.015683865,held_fold
ISIC_7548405,0,0.09606454,held_fold
ISIC_7548923,0,0.01251311,held_fold
ISIC_7549398,0,0.009953095,held_fold
ISIC_7552521,0,0.004122674,held_fold
ISIC_7555016,0,0.011384398,held_fold
ISIC_7559435,0,0.025206743,held_fold
ISIC_7560157,0,0.06677114,held_fold
ISIC_7561521,0,0.0070523825,held_fold
ISIC_7562175,0,0.015498757,held_fold
ISIC_7564040,0,0.005383337,held_fold
ISIC_7566403,0,0.002629835,held_fold
ISIC_7567374,0,0.033692017,held_fold
ISIC_7570834,0,0.012650576,held_fold
ISIC_7571957,0,0.004096158,held_fold
ISIC_7572137,0,0.016652487,held_fold
ISIC_7574666,0,0.025324294,held_fold
ISIC_7575131,0,0.0013319985,held_fold
ISIC_7575246,0,0.017416786,held_fold
ISIC_7575644,0,0.03200631,held_fold
ISIC_7575815,0,0.002072187,held_fold
ISIC_7576735,0,0.008314355,held_fold
ISIC_7582764,0,0.0015922027,held_fold
ISIC_7583644,0,0.0039033138,held_fold
ISIC_7583922,0,0.0011461481,held_fold
ISIC_7585280,0,0.0020228906,held_fold
ISIC_7585550,0,0.00080356543,held_fold
ISIC_7585924,0,0.005131418,held_fold
ISIC_7586566,0,0.111610964,held_fold
ISIC_7587006,0,0.010481141,held_fold
ISIC_7589802,0,0.0073877703,held_fold
ISIC_7593561,0,0.0059784064,held_fold
ISIC_7594124,0,0.002814878,held_fold
ISIC_7594625,0,0.080956854,held_fold
ISIC_7595826,0,0.0023671654,held_fold
ISIC_7596866,0,0.023394743,held_fold
ISIC_7598658,0,0.0042358795,held_fold
ISIC_7600348,0,0.007653987,held_fold
ISIC_7601364,0,0.0010706526,held_fold
ISIC_7602656,0,0.017605683,held_fold
ISIC_7603831,0,0.09527465,held_fold
ISIC_7604870,0,0.0040963427,held_fold
ISIC_7607101,0,0.0110664815,held_fold
ISIC_7607107,0,0.011043371,held_fold
ISIC_7607335,0,0.001755942,held_fold
ISIC_7609643,0,0.01384277,held_fold
ISIC_7612427,0,0.068093896,held_fold
ISIC_7612589,0,0.02671255,held_fold
ISIC_7615896,0,0.005184169,held_fold
ISIC_7617445,0,0.0020644697,held_fold
ISIC_7619041,0,0.03270306,held_fold
ISIC_7619234,0,0.004042504,held_fold
ISIC_7620347,0,0.017750518,held_fold
ISIC_7622520,0,0.002753529,held_fold
ISIC_7626632,0,0.009028825,held_fold
ISIC_7628175,0,0.0023109228,held_fold
ISIC_7629264,0,0.0009284362,held_fold
ISIC_7632525,0,0.042028382,held_fold
ISIC_7634151,0,0.017211769,held_fold
ISIC_7634281,0,0.0018016323,held_fold
ISIC_7635056,0,0.011856471,held_fold
ISIC_7637091,0,0.053293947,held_fold
ISIC_7637801,0,0.0027264627,held_fold
ISIC_7638574,0,0.0078837415,held_fold
ISIC_7642500,0,0.007481944,held_fold
ISIC_7643396,0,0.053346075,held_fold
ISIC_7643603,0,0.002344572,held_fold
ISIC_7644571,0,0.003776662,held_fold
ISIC_7646866,0,0.00075351866,held_fold
ISIC_7647201,0,0.0010524658,held_fold
ISIC_7649562,0,0.041147806,held_fold
ISIC_7649781,0,0.0053990767,held_fold
ISIC_7650216,0,0.0130790295,held_fold
ISIC_7650369,0,0.007890656,held_fold
ISIC_7652615,0,0.010665952,held_fold
ISIC_7653121,0,0.0020141168,held_fold
ISIC_7656935,0,0.007871805,held_fold
ISIC_7657085,0,0.11823008,held_fold
ISIC_7658006,0,0.032605067,held_fold
ISIC_7661657,0,0.0085373735,held_fold
ISIC_7665526,0,0.060301997,held_fold
ISIC_7665645,0,0.007807473,held_fold
ISIC_7668206,0,0.0069381027,held_fold
ISIC_7670149,0,0.04859442,held_fold
ISIC_7671589,0,0.0035949585,held_fold
ISIC_7671776,0,0.008297281,held_fold
ISIC_7671972,0,0.003939615,held_fold
ISIC_7672895,0,0.05051674,held_fold
ISIC_7677461,0,0.005611971,held_fold
ISIC_7677876,0,0.008217081,held_fold
ISIC_7683437,0,0.0034076273,held_fold
ISIC_7685761,0,0.028563276,held_fold
ISIC_7686795,0,0.0013680363,held_fold
ISIC_7687686,0,0.001626566,held_fold
ISIC_7690228,0,0.009507722,held_fold
ISIC_7691262,0,0.023393571,held_fold
ISIC_7693995,0,0.0048880097,held_fold
ISIC_7694028,0,0.007364222,held_fold
ISIC_7694184,0,0.002589878,held_fold
ISIC_7694877,0,0.0029390054,held_fold
ISIC_7697022,0,0.004502424,held_fold
ISIC_7697445,0,0.0019710858,held_fold
ISIC_7701105,0,0.0033915073,held_fold
ISIC_7702225,0,0.0012919534,held_fold
ISIC_7704533,0,0.005808744,held_fold
ISIC_7705876,0,0.013108126,held_fold
ISIC_7706215,0,0.014105641,held_fold
ISIC_7709419,0,0.000884809,held_fold
ISIC_7709611,0,0.004278763,held_fold
ISIC_7710816,0,0.015982158,held_fold
ISIC_7711688,0,0.009804566,held_fold
ISIC_7711947,0,0.010341062,held_fold
ISIC_7712138,0,0.030748976,held_fold
ISIC_7712996,0,0.022568166,held_fold
ISIC_7713180,0,0.06450562,held_fold
ISIC_7714981,0,0.046524435,held_fold
ISIC_7715315,0,0.024326902,held_fold
ISIC_7723150,0,0.0020972597,held_fold
ISIC_7724906,0,0.12096066,held_fold
ISIC_7727347,0,0.0043388912,held_fold
ISIC_7727960,0,0.007726423,held_fold
ISIC_7728520,0,0.004884112,held_fold
ISIC_7729573,0,0.014183089,held_fold
ISIC_7737437,0,0.009736348,held_fold
ISIC_7738923,0,0.004170593,held_fold
ISIC_7744571,0,0.0006648052,held_fold
ISIC_7745175,0,0.0016408601,held_fold
ISIC_7750508,0,0.001442212,held_fold
ISIC_7750544,0,0.07566042,held_fold
ISIC_7753375,0,0.011137757,held_fold
ISIC_7753753,0,0.003125816,held_fold
ISIC_7754416,0,0.0074410965,held_fold
ISIC_7756791,0,0.0074815517,held_fold
ISIC_7759376,0,0.014097936,held_fold
ISIC_7759630,0,0.002272056,held_fold
ISIC_7760219,0,0.007651173,held_fold
ISIC_7760920,0,0.0023489504,held_fold
ISIC_7760948,0,0.019297335,held_fold
ISIC_7761884,0,0.0063112564,held_fold
ISIC_7762499,0,0.015351835,held_fold
ISIC_7763701,0,0.0005015779,held_fold
ISIC_7764481,0,0.29156882,held_fold
ISIC_7767350,0,0.005119006,held_fold
ISIC_7767423,0,0.023234062,held_fold
ISIC_7769639,0,0.0014184896,held_fold
ISIC_7769827,0,0.009437248,held_fold
ISIC_7771615,0,0.0044478495,held_fold
ISIC_7775535,0,0.0035055599,held_fold
ISIC_7777873,0,0.0055598607,held_fold
ISIC_7779225,0,0.0013055333,held_fold
ISIC_7779685,0,0.0007058322,held_fold
ISIC_7780704,0,0.0022894116,held_fold
ISIC_7783914,0,0.0025453605,held_fold
ISIC_7784796,0,0.0025599245,held_fold
ISIC_7791478,0,0.00316441,held_fold
ISIC_7792073,0,0.0047031105,held_fold
ISIC_7796174,0,0.0037518989,held_fold
ISIC_7797745,0,0.019205118,held_fold
ISIC_7798403,0,0.048903525,held_fold
ISIC_7800170,0,0.0048767133,held_fold
ISIC_7800415,0,0.041142523,held_fold
ISIC_7801815,0,0.0212439,held_fold
ISIC_7803010,0,0.008205249,held_fold
ISIC_7803118,0,0.0026540905,held_fold
ISIC_7803496,0,0.013338884,held_fold
ISIC_7804919,0,0.0005125869,held_fold
ISIC_7806040,0,0.0010723431,held_fold
ISIC_7806612,0,0.010409154,held_fold
ISIC_7806765,0,0.0014375432,held_fold
ISIC_7807235,0,0.03479997,held_fold
ISIC_7808132,0,0.007221538,held_fold
ISIC_7809643,0,0.011543467,held_fold
ISIC_7811951,0,0.0066867922,held_fold
ISIC_7814144,0,0.014773388,held_fold
ISIC_7815762,0,0.0011440107,held_fold
ISIC_7816367,0,0.0020704968,held_fold
ISIC_7818429,0,0.008244355,held_fold
ISIC_7819084,0,0.0015455687,held_fold
ISIC_7821676,0,0.0027969994,held_fold
ISIC_7823773,0,0.0025076137,held_fold
ISIC_7824206,0,0.023700574,held_fold
ISIC_7824250,0,0.037849702,held_fold
ISIC_7824420,0,0.013860258,held_fold
ISIC_7824688,0,0.0040527363,held_fold
ISIC_7826983,0,0.0003961205,held_fold
ISIC_7827067,0,0.010484306,held_fold
ISIC_7828320,0,0.0023860503,held_fold
ISIC_7830937,0,0.010380224,held_fold
ISIC_7832323,0,0.000116930605,held_fold
ISIC_7833195,0,0.0015041034,held_fold
ISIC_7836872,0,0.011486472,held_fold
ISIC_7839220,0,0.006451455,held_fold
ISIC_7841085,0,0.0024820725,held_fold
ISIC_7841317,0,0.0020929608,held_fold
ISIC_7842567,0,0.0023119135,held_fold
ISIC_7843406,0,0.0053584906,held_fold
ISIC_7844276,0,0.053569585,held_fold
ISIC_7845281,0,0.022152176,held_fold
ISIC_7847294,0,0.023473404,held_fold
ISIC_7850058,0,0.0009844758,held_fold
ISIC_7850191,0,0.002326008,held_fold
ISIC_7850786,0,0.0021259827,held_fold
ISIC_7850884,0,0.011722268,held_fold
ISIC_7851399,0,0.000926282,held_fold
ISIC_7852508,0,0.12576367,held_fold
ISIC_7852759,0,0.0028841044,held_fold
ISIC_7853136,0,0.003231142,held_fold
ISIC_7857144,0,0.0021520136,held_fold
ISIC_7859801,0,0.1209886,held_fold
ISIC_7867320,0,0.04452428,held_fold
ISIC_7868525,0,0.001579206,held_fold
ISIC_7868855,0,0.0062572113,held_fold
ISIC_7869953,0,0.014215876,held_fold
ISIC_7873885,0,0.0057343584,held_fold
ISIC_7875959,0,0.010475109,held_fold
ISIC_7876620,0,0.011595012,held_fold
ISIC_7879597,0,0.0019513634,held_fold
ISIC_7880046,0,0.0031937305,held_fold
ISIC_7880706,0,0.0023433429,held_fold
ISIC_7881514,0,0.0103061935,held_fold
ISIC_7882053,0,0.0048951837,held_fold
ISIC_7885531,0,0.026452687,held_fold
ISIC_7888672,0,0.0016980707,held_fold
ISIC_7890383,0,0.12123764,held_fold
ISIC_7891992,0,0.023050016,held_fold
ISIC_7892276,0,0.020182703,held_fold
ISIC_7895093,0,0.0023548633,held_fold
ISIC_7896667,0,0.0003722177,held_fold
ISIC_7897374,0,0.0048296624,held_fold
ISIC_7897626,0,0.013447491,held_fold
ISIC_7900295,0,0.0012282507,held_fold
ISIC_7901662,0,0.047722064,held_fold
ISIC_7901891,0,0.024641935,held_fold
ISIC_7903213,0,0.0141425645,held_fold
ISIC_7903561,0,0.009905179,held_fold
ISIC_7903873,0,0.0027691927,held_fold
ISIC_7904191,0,0.0033541834,held_fold
ISIC_7905714,0,0.0069294153,held_fold
ISIC_7907113,0,0.0034946133,held_fold
ISIC_7907304,0,0.007528691,held_fold
ISIC_7907808,0,0.017795736,held_fold
ISIC_7908575,0,0.05128098,held_fold
ISIC_7911353,0,0.0008684992,held_fold
ISIC_7912183,0,0.011570811,held_fold
ISIC_7915094,0,0.0024043543,held_fold
ISIC_7915366,0,0.0014916004,held_fold
ISIC_7917961,0,0.0054833973,held_fold
ISIC_7920705,0,0.0042769797,held_fold
ISIC_7924119,0,0.00283392,held_fold
ISIC_7929089,0,0.011271684,held_fold
ISIC_7929649,0,0.027514933,held_fold
ISIC_7932466,0,0.039786305,held_fold
ISIC_7932658,0,0.004334158,held_fold
ISIC_7933565,0,0.036608994,held_fold
ISIC_7935007,0,0.0071937707,held_fold
ISIC_7936798,0,0.0029278898,held_fold
ISIC_7937728,0,0.0010573883,held_fold
ISIC_7940137,0,0.004510968,held_fold
ISIC_7940744,0,0.0019419618,held_fold
ISIC_7942323,0,0.0144315865,held_fold
ISIC_7947847,0,0.0033630547,held_fold
ISIC_7948290,1,0.0026699037,held_fold
ISIC_7949832,0,0.013717293,held_fold
ISIC_7950240,0,0.002372175,held_fold
ISIC_7956925,0,0.007463992,held_fold
ISIC_7957630,0,0.0056432034,held_fold
ISIC_7958439,0,0.009761869,held_fold
ISIC_7960251,0,0.008788608,held_fold
ISIC_7960953,0,0.050373815,held_fold
ISIC_7966295,0,0.0032718503,held_fold
ISIC_7967586,0,0.013473973,held_fold
ISIC_7968733,0,0.0019979682,held_fold
ISIC_7969673,0,0.0034805203,held_fold
ISIC_7970478,0,0.0022842013,held_fold
ISIC_7972675,0,0.0023934145,held_fold
ISIC_7972756,0,0.012829359,held_fold
ISIC_7974409,0,0.01373013,held_fold
ISIC_7975613,0,0.010948827,held_fold
ISIC_7976463,0,0.033481322,held_fold
ISIC_7976522,0,0.0064418344,held_fold
ISIC_7977871,0,0.056085706,held_fold
ISIC_7978358,0,0.036865827,held_fold
ISIC_7984985,0,0.025531024,held_fold
ISIC_7985659,0,0.045671828,held_fold
ISIC_7987407,0,0.04367076,held_fold
ISIC_7988726,0,0.0021851864,held_fold
ISIC_7989119,0,0.0015059786,held_fold
ISIC_7989205,0,0.0054417155,held_fold
ISIC_7991159,0,0.0038129322,held_fold
ISIC_7991305,0,0.013074353,held_fold
ISIC_7991424,0,0.013864586,held_fold
ISIC_7991740,0,0.0053365165,held_fold
ISIC_7991932,0,0.004046342,held_fold
ISIC_7993653,0,0.0023169704,held_fold
ISIC_7996054,0,0.002509319,held_fold
ISIC_7997461,0,0.017461546,held_fold
ISIC_8000880,0,0.0039267624,held_fold
ISIC_8001757,0,0.007887908,held_fold
ISIC_8002875,1,0.2953989,held_fold
ISIC_8004811,0,0.0038496575,held_fold
ISIC_8008356,0,0.011823311,held_fold
ISIC_8008932,0,0.21388645,held_fold
ISIC_8009201,0,0.0031481048,held_fold
ISIC_8011058,1,0.056590363,held_fold
ISIC_8011403,0,0.01807055,held_fold
ISIC_8012279,0,0.0013844795,held_fold
ISIC_8013946,0,0.0031457832,held_fold
ISIC_8015990,0,0.0018011745,held_fold
ISIC_8017829,0,0.006370636,held_fold
ISIC_8024647,0,0.0032676668,held_fold
ISIC_8025243,0,0.004411081,held_fold
ISIC_8025644,0,0.004211845,held_fold
ISIC_8026249,0,0.04111609,held_fold
ISIC_8028126,0,0.0038450453,held_fold
ISIC_8029954,0,0.0027107166,held_fold
ISIC_8030063,0,0.018773548,held_fold
ISIC_8031776,0,0.089306,held_fold
ISIC_8032520,0,0.035295323,held_fold
ISIC_8033131,0,0.008120095,held_fold
ISIC_8034738,0,0.01169415,held_fold
ISIC_8034792,0,0.025750317,held_fold
ISIC_8035790,0,0.038028717,held_fold
ISIC_8036544,0,0.031430542,held_fold
ISIC_8038427,0,0.04678841,held_fold
ISIC_8039056,0,0.007984319,held_fold
ISIC_8041078,0,0.065467514,held_fold
ISIC_8041953,0,0.00990682,held_fold
ISIC_8042423,0,0.03568029,held_fold
ISIC_8043887,0,0.0063790265,held_fold
ISIC_8044526,0,0.003089592,held_fold
ISIC_8045105,0,0.012933754,held_fold
ISIC_8045277,0,0.030435735,held_fold
ISIC_8049738,0,0.09725099,held_fold
ISIC_8049923,0,0.0015165653,held_fold
ISIC_8050763,0,0.103645764,held_fold
ISIC_8051015,0,0.0016704544,held_fold
ISIC_8051579,0,0.017116785,held_fold
ISIC_8052769,1,0.043557182,held_fold
ISIC_8053432,0,0.00074821967,held_fold
ISIC_8053864,0,0.00340838,held_fold
ISIC_8055525,0,0.0062812623,held_fold
ISIC_8055992,0,0.008490769,held_fold
ISIC_8059246,0,0.0056606303,held_fold
ISIC_8064759,0,0.0051089884,held_fold
ISIC_8066191,0,0.0026829755,held_fold
ISIC_8066391,0,0.0008299786,held_fold
ISIC_8066487,0,0.010007116,held_fold
ISIC_8069416,0,0.069758125,held_fold
ISIC_8071131,0,0.025251232,held_fold
ISIC_8073568,0,0.037815407,held_fold
ISIC_8075868,0,0.03204748,held_fold
ISIC_8089289,0,0.0052007264,held_fold
ISIC_8090739,0,0.027029583,held_fold
ISIC_8094432,0,0.027028078,held_fold
ISIC_8095966,0,0.00071210216,held_fold
ISIC_8096904,0,0.0019041917,held_fold
ISIC_8097600,0,0.001943849,held_fold
ISIC_8099296,0,0.008330344,held_fold
ISIC_8099354,0,0.015982216,held_fold
ISIC_8101117,0,0.021122362,held_fold
ISIC_8102580,0,0.061829913,held_fold
ISIC_8105845,0,0.015359796,held_fold
ISIC_8108090,0,0.0010977095,held_fold
ISIC_8108870,0,0.008094116,held_fold
ISIC_8109433,0,0.0028495397,held_fold
ISIC_8112306,0,0.0023701852,held_fold
ISIC_8114321,0,0.01324127,held_fold
ISIC_8116363,0,0.020753166,held_fold
ISIC_8116716,0,0.0022013925,held_fold
ISIC_8118312,0,0.00092323904,held_fold
ISIC_8119105,0,0.014155174,held_fold
ISIC_8119115,0,0.0060151136,held_fold
ISIC_8121679,0,0.09076181,held_fold
ISIC_8123257,0,0.0018084653,held_fold
ISIC_8124459,0,0.001901703,held_fold
ISIC_8125621,0,0.019009223,held_fold
ISIC_8127242,0,0.009122753,held_fold
ISIC_8129907,0,0.005131788,held_fold
ISIC_8130007,0,0.0195244,held_fold
ISIC_8132874,0,0.0026300724,held_fold
ISIC_8140229,0,0.0016151823,held_fold
ISIC_8142461,0,0.025135096,held_fold
ISIC_8145260,0,0.0026329649,held_fold
ISIC_8147189,0,0.0037013877,held_fold
ISIC_8148300,0,0.0018382854,held_fold
ISIC_8150300,0,0.003117878,held_fold
ISIC_8150469,0,0.00066116825,held_fold
ISIC_8151437,0,0.034566946,held_fold
ISIC_8151700,0,0.011760855,held_fold
ISIC_8151991,0,0.099534795,held_fold
ISIC_8153237,0,0.004614482,held_fold
ISIC_8154358,0,0.033990875,held_fold
ISIC_8155634,0,0.005565558,held_fold
ISIC_8157303,0,0.020927127,held_fold
ISIC_8157405,0,0.01683866,held_fold
ISIC_8157972,0,0.004427718,held_fold
ISIC_8158542,0,0.0039891717,held_fold
ISIC_8159779,0,0.004749167,held_fold
ISIC_8160979,0,0.008608281,held_fold
ISIC_8163269,0,0.011954365,held_fold
ISIC_8164676,0,0.0036168157,held_fold
ISIC_8165434,0,0.036823742,held_fold
ISIC_8166690,0,0.02190125,held_fold
ISIC_8167062,0,0.0030999663,held_fold
ISIC_8168507,0,0.004727487,held_fold
ISIC_8170115,0,0.0010774933,held_fold
ISIC_8172795,0,0.0074433926,held_fold
ISIC_8174925,0,0.026696308,held_fold
ISIC_8177108,0,0.0037949553,held_fold
ISIC_8184471,0,0.04059027,held_fold
ISIC_8187997,0,0.0013690059,held_fold
ISIC_8188597,0,0.05973781,held_fold
ISIC_8189863,0,0.010764111,held_fold
ISIC_8190321,0,0.047946326,held_fold
ISIC_8190660,0,0.010827561,held_fold
ISIC_8191809,0,0.0034815145,held_fold
ISIC_8194465,0,0.10520148,held_fold
ISIC_8195062,0,0.059806213,held_fold
ISIC_8195528,0,0.008061752,held_fold
ISIC_8196859,0,0.0025321431,held_fold
ISIC_8199467,0,0.003055929,held_fold
ISIC_8200593,0,0.0015169668,held_fold
ISIC_8200928,0,0.0021860953,held_fold
ISIC_8202573,0,0.0017184429,held_fold
ISIC_8206290,0,0.036001075,held_fold
ISIC_8206577,0,0.039491788,held_fold
ISIC_8207162,0,0.001347214,held_fold
ISIC_8208962,0,0.022733517,held_fold
ISIC_8212536,0,0.01392319,held_fold
ISIC_8212937,0,0.11895935,held_fold
ISIC_8215842,0,0.00316293,held_fold
ISIC_8218058,0,0.034612074,held_fold
ISIC_8222134,0,0.0023438581,held_fold
ISIC_8222678,0,0.02742282,held_fold
ISIC_8223051,0,0.015521402,held_fold
ISIC_8225018,0,0.017934294,held_fold
ISIC_8228595,0,0.00049684633,held_fold
ISIC_8228671,0,0.008292656,held_fold
ISIC_8229770,0,0.004170573,held_fold
ISIC_8229833,0,0.012124333,held_fold
ISIC_8230318,1,0.059127934,held_fold
ISIC_8231594,0,0.0039612656,held_fold
ISIC_8231949,0,0.014622326,held_fold
ISIC_8231999,1,0.07835463,held_fold
ISIC_8233378,0,0.003174588,held_fold
ISIC_8233560,0,0.020090366,held_fold
ISIC_8235969,0,0.00030247556,held_fold
ISIC_8236604,0,0.00085417833,held_fold
ISIC_8238508,0,0.03055787,held_fold
ISIC_8239034,0,0.051989567,held_fold
ISIC_8241770,0,0.004876454,held_fold
ISIC_8242918,0,0.0040399362,held_fold
ISIC_8243312,0,0.0013868733,held_fold
ISIC_8243893,0,0.016821932,held_fold
ISIC_8246858,0,0.015131873,held_fold
ISIC_8247847,0,0.001354924,held_fold
ISIC_8248941,0,0.0004804976,held_fold
ISIC_8249743,0,0.001930766,held_fold
ISIC_8249766,0,0.02315202,held_fold
ISIC_8250729,0,0.00083931995,held_fold
ISIC_8251042,0,0.00090401934,held_fold
ISIC_8258795,0,0.0020957892,held_fold
ISIC_8260720,0,0.0010758046,held_fold
ISIC_8262345,0,0.0009162107,held_fold
ISIC_8263741,0,0.0004845935,held_fold
ISIC_8265045,0,0.014304621,held_fold
ISIC_8266469,0,0.26093286,held_fold
ISIC_8267758,0,0.0125023145,held_fold
ISIC_8267961,0,0.006232606,held_fold
ISIC_8270195,0,0.0052631437,held_fold
ISIC_8272138,0,0.0025579748,held_fold
ISIC_8275353,0,0.0071270177,held_fold
ISIC_8276583,0,0.008478498,held_fold
ISIC_8277987,0,0.013510733,held_fold
ISIC_8278517,0,0.0029237168,held_fold
ISIC_8278742,0,0.018715002,held_fold
ISIC_8278912,0,0.0117544,held_fold
ISIC_8278996,0,0.0039906027,held_fold
ISIC_8280581,0,0.0011938735,held_fold
ISIC_8283033,0,0.047831856,held_fold
ISIC_8284404,0,0.0013524545,held_fold
ISIC_8284602,0,0.0011472737,held_fold
ISIC_8284685,0,0.007465493,held_fold
ISIC_8287528,0,0.05117622,held_fold
ISIC_8291368,0,0.0026039889,held_fold
ISIC_8292122,0,0.001992428,held_fold
ISIC_8293201,0,0.003199027,held_fold
ISIC_8293930,0,0.0055391295,held_fold
ISIC_8294905,0,0.003229249,held_fold
ISIC_8297517,0,0.007846967,held_fold
ISIC_8297563,0,0.009574396,held_fold
ISIC_8300858,0,0.007438952,held_fold
ISIC_8304346,0,0.008183706,held_fold
ISIC_8310944,0,0.00044492292,held_fold
ISIC_8313202,0,0.007815966,held_fold
ISIC_8314055,0,0.084737174,held_fold
ISIC_8314115,0,0.010199264,held_fold
ISIC_8314759,0,0.0016646262,held_fold
ISIC_8315128,0,0.11814438,held_fold
ISIC_8316125,0,0.002334775,held_fold
ISIC_8316885,0,0.016500412,held_fold
ISIC_8318077,0,0.0017681422,held_fold
ISIC_8319058,0,0.00047630697,held_fold
ISIC_8319586,0,0.0021230986,held_fold
ISIC_8321678,0,0.003897885,held_fold
ISIC_8322239,0,0.0075615877,held_fold
ISIC_8323234,0,0.0009811425,held_fold
ISIC_8323829,0,0.009844198,held_fold
ISIC_8324271,0,0.010139271,held_fold
ISIC_8324371,0,0.024693904,held_fold
ISIC_8324681,0,0.007285307,held_fold
ISIC_8324870,0,0.0060920073,held_fold
ISIC_8324895,0,0.0014861504,held_fold
ISIC_8325107,0,0.0010002104,held_fold
ISIC_8325198,0,0.020135008,held_fold
ISIC_8325260,0,0.022151463,held_fold
ISIC_8326957,0,0.0064171064,held_fold
ISIC_8327302,0,0.0724011,held_fold
ISIC_8327352,0,0.016488964,held_fold
ISIC_8327455,0,0.02284375,held_fold
ISIC_8327485,0,0.005756362,held_fold
ISIC_8333087,0,0.008344663,held_fold
ISIC_8334115,0,0.017484458,held_fold
ISIC_8335489,0,0.053662308,held_fold
ISIC_8335722,0,0.0030720632,held_fold
ISIC_8336956,0,0.024056463,held_fold
ISIC_8341144,0,0.0024419602,held_fold
ISIC_8342761,0,0.22492442,held_fold
ISIC_8343285,0,0.0042214026,held_fold
ISIC_8343678,0,0.0038714774,held_fold
ISIC_8344124,0,0.0015861472,held_fold
ISIC_8345964,0,0.0011392854,held_fold
ISIC_8347165,0,0.004985209,held_fold
ISIC_8347675,0,0.020660747,held_fold
ISIC_8349600,0,0.011034012,held_fold
ISIC_8353156,0,0.0044145375,held_fold
ISIC_8354409,0,0.033520676,held_fold
ISIC_8356805,0,0.05551821,held_fold
ISIC_8362113,0,0.01496644,held_fold
ISIC_8363791,0,0.0004883838,held_fold
ISIC_8366005,0,0.0013201922,held_fold
ISIC_8368870,0,0.021604652,held_fold
ISIC_8373218,0,0.055025753,held_fold
ISIC_8374044,0,0.00027623976,held_fold
ISIC_8374497,0,0.0031294657,held_fold
ISIC_8376027,0,0.0017233479,held_fold
ISIC_8378094,0,0.006317522,held_fold
ISIC_8378321,0,0.0017553011,held_fold
ISIC_8378790,0,0.0006739066,held_fold
ISIC_8379890,0,0.0015804622,held_fold
ISIC_8379956,1,0.046461266,held_fold
ISIC_8380527,0,0.03588967,held_fold
ISIC_8380605,0,0.012563871,held_fold
ISIC_8380904,0,0.013221535,held_fold
ISIC_8381608,0,0.0034351873,held_fold
ISIC_8381673,0,0.0016580243,held_fold
ISIC_8383915,0,0.0021651983,held_fold
ISIC_8386146,0,0.0020098868,held_fold
ISIC_8387437,0,0.0008499373,held_fold
ISIC_8388593,0,0.09976365,held_fold
ISIC_8393181,0,0.025650682,held_fold
ISIC_8397698,0,0.002487443,held_fold
ISIC_8400393,0,0.05013369,held_fold
ISIC_8406777,0,0.0022569248,held_fold
ISIC_8409053,0,0.00051978644,held_fold
ISIC_8409475,0,0.060771655,held_fold
ISIC_8414396,0,0.00980127,held_fold
ISIC_8416554,0,0.0023443142,held_fold
ISIC_8418506,0,0.026921866,held_fold
ISIC_8418610,0,0.011308831,held_fold
ISIC_8419036,0,0.043342542,held_fold
ISIC_8419663,0,0.00094030704,held_fold
ISIC_8420148,0,0.0016580524,held_fold
ISIC_8421394,0,0.005120658,held_fold
ISIC_8422703,0,0.038717903,held_fold
ISIC_8423312,0,0.0013976783,held_fold
ISIC_8423604,0,0.0057517462,held_fold
ISIC_8424599,0,0.009155622,held_fold
ISIC_8424785,0,0.010403006,held_fold
ISIC_8425338,0,0.013578433,held_fold
ISIC_8425541,0,0.041592225,held_fold
ISIC_8429099,0,0.01673789,held_fold
ISIC_8429564,0,0.0012946522,held_fold
ISIC_8429722,0,0.00031025,held_fold
ISIC_8430749,0,0.025585998,held_fold
ISIC_8432001,0,0.047719263,held_fold
ISIC_8434081,0,0.0034495231,held_fold
ISIC_8435651,0,0.056713283,held_fold
ISIC_8436590,0,0.008288599,held_fold
ISIC_8438071,0,0.05990736,held_fold
ISIC_8440070,0,0.0019587062,held_fold
ISIC_8442933,0,0.05874886,held_fold
ISIC_8444072,0,0.001456165,held_fold
ISIC_8445041,0,0.0056515443,held_fold
ISIC_8445238,0,0.0040004794,held_fold
ISIC_8446043,0,0.0123183755,held_fold
ISIC_8449514,0,0.030864254,held_fold
ISIC_8450723,0,0.006515236,held_fold
ISIC_8451130,0,0.013501394,held_fold
ISIC_8451869,0,0.0070288507,held_fold
ISIC_8458149,0,0.0018830373,held_fold
ISIC_8460669,0,0.015890427,held_fold
ISIC_8462445,0,0.0040610265,held_fold
ISIC_8463146,0,0.0022426494,held_fold
ISIC_8467665,0,0.0024188627,held_fold
ISIC_8468957,0,0.009169094,held_fold
ISIC_8469765,0,0.0034367188,held_fold
ISIC_8474660,0,0.035155118,held_fold
ISIC_8475681,0,0.012188454,held_fold
ISIC_8479104,0,0.010994514,held_fold
ISIC_8479651,0,0.0012382074,held_fold
ISIC_8480329,0,0.0008212579,held_fold
ISIC_8481822,0,0.0120435115,held_fold
ISIC_8484660,0,0.0006347722,held_fold
ISIC_8492463,0,0.0032629583,held_fold
ISIC_8495497,0,0.004602399,held_fold
ISIC_8495875,0,0.010293347,held_fold
ISIC_8496646,0,0.0010328193,held_fold
ISIC_8497457,1,0.09669929,held_fold
ISIC_8502248,0,0.0050559547,held_fold
ISIC_8502341,0,0.0051234225,held_fold
ISIC_8504450,0,0.042444818,held_fold
ISIC_8504479,0,0.0020542196,held_fold
ISIC_8504517,0,0.02769474,held_fold
ISIC_8506003,0,0.008003107,held_fold
ISIC_8506618,0,0.070909254,held_fold
ISIC_8509430,0,0.013944174,held_fold
ISIC_8510975,0,0.0050997864,held_fold
ISIC_8515165,0,0.004946216,held_fold
ISIC_8518406,0,0.017145384,held_fold
ISIC_8519931,0,0.000971378,held_fold
ISIC_8525314,0,0.00620674,held_fold
ISIC_8526729,0,0.10426976,held_fold
ISIC_8526902,0,0.0037432455,held_fold
ISIC_8526982,0,0.042839076,held_fold
ISIC_8527330,0,0.0010726312,held_fold
ISIC_8528486,0,0.0009403658,held_fold
ISIC_8528824,0,0.0075950366,held_fold
ISIC_8533045,0,0.0050227223,held_fold
ISIC_8534863,0,0.0020095252,held_fold
ISIC_8535943,0,0.008896336,held_fold
ISIC_8536138,0,0.0024339408,held_fold
ISIC_8539990,0,0.0025084075,held_fold
ISIC_8541038,0,0.012001893,held_fold
ISIC_8546213,0,0.0038793948,held_fold
ISIC_8546378,0,0.002943245,held_fold
ISIC_8551624,0,0.04678804,held_fold
ISIC_8554450,0,0.0028763136,held_fold
ISIC_8555960,0,0.0007336183,held_fold
ISIC_8556519,0,0.019243218,held_fold
ISIC_8561070,0,0.0265889,held_fold
ISIC_8561963,0,0.020912409,held_fold
ISIC_8564527,0,0.016053095,held_fold
ISIC_8564636,0,0.0005181106,held_fold
ISIC_8566184,0,0.0018241517,held_fold
ISIC_8566203,0,0.01173493,held_fold
ISIC_8567027,0,0.004969943,held_fold
ISIC_8567199,0,0.008483398,held_fold
ISIC_8569148,0,0.0024828636,held_fold
ISIC_8570817,0,0.0032867377,held_fold
ISIC_8571262,0,0.0039884443,held_fold
ISIC_8573647,0,0.23246682,held_fold
ISIC_8576068,0,0.0012784299,held_fold
ISIC_8578732,0,0.0121967755,held_fold
ISIC_8584089,0,0.00719775,held_fold
ISIC_8584585,0,0.0006484341,held_fold
ISIC_8585685,0,0.002141764,held_fold
ISIC_8591003,0,0.030536521,held_fold
ISIC_8596724,0,0.021308517,held_fold
ISIC_8597354,0,0.006568875,held_fold
ISIC_8599384,0,0.0071223355,held_fold
ISIC_8600358,0,0.046905164,held_fold
ISIC_8602467,0,0.047487456,held_fold
ISIC_8603124,0,0.0153441755,held_fold
ISIC_8603396,0,0.005076676,held_fold
ISIC_8605422,0,0.0014550248,held_fold
ISIC_8608894,0,0.015294593,held_fold
ISIC_8614359,0,0.0035234685,held_fold
ISIC_8614778,0,0.0069060777,held_fold
ISIC_8618266,0,0.002741033,held_fold
ISIC_8624063,0,0.007939421,held_fold
ISIC_8624123,0,0.0042572077,held_fold
ISIC_8626941,0,0.00069289317,held_fold
ISIC_8629973,0,0.012089806,held_fold
ISIC_8630818,0,0.0012776927,held_fold
ISIC_8631846,0,0.0031575556,held_fold
ISIC_8633719,0,0.0250328,held_fold
ISIC_8633889,0,0.045355923,held_fold
ISIC_8634356,0,0.0018113995,held_fold
ISIC_8635903,0,0.003897754,held_fold
ISIC_8638021,0,0.0036343322,held_fold
ISIC_8638173,0,0.0006868112,held_fold
ISIC_8639771,0,0.00505834,held_fold
ISIC_8645104,0,0.0036424152,held_fold
ISIC_8646276,0,0.006194299,held_fold
ISIC_8647900,0,0.003764294,held_fold
ISIC_8648090,0,0.001532431,held_fold
ISIC_8649055,0,0.001245485,held_fold
ISIC_8651476,0,0.021096468,held_fold
ISIC_8657079,0,0.0022663677,held_fold
ISIC_8658037,0,0.04463466,held_fold
ISIC_8658889,0,0.0014368506,held_fold
ISIC_8659694,0,0.000826184,held_fold
ISIC_8661226,0,0.009705969,held_fold
ISIC_8663971,0,0.008955991,held_fold
ISIC_8664315,0,0.001674534,held_fold
ISIC_8664819,0,0.0035062565,held_fold
ISIC_8666405,0,0.06283163,held_fold
ISIC_8666637,0,0.0030994066,held_fold
ISIC_8668448,0,0.0028161847,held_fold
ISIC_8668530,0,0.0024450307,held_fold
ISIC_8669314,0,0.065397985,held_fold
ISIC_8670684,0,0.0038491949,held_fold
ISIC_8672185,0,0.17121856,held_fold
ISIC_8677110,0,0.052162033,held_fold
ISIC_8679149,0,0.00037390649,held_fold
ISIC_8680421,0,0.07451966,held_fold
ISIC_8680948,0,0.112629436,held_fold
ISIC_8681290,0,0.0037906526,held_fold
ISIC_8681917,0,0.031480927,held_fold
ISIC_8691091,0,0.0078083524,held_fold
ISIC_8691163,0,0.00844672,held_fold
ISIC_8692950,0,0.003177263,held_fold
ISIC_8694888,0,0.017573219,held_fold
ISIC_8695109,0,0.013039604,held_fold
ISIC_8695317,0,0.046258,held_fold
ISIC_8699205,0,0.002488179,held_fold
ISIC_8699453,0,0.023774767,held_fold
ISIC_8700403,0,0.0065347184,held_fold
ISIC_8701975,0,0.024981743,held_fold
ISIC_8702706,0,0.004128326,held_fold
ISIC_8703209,0,0.0026415961,held_fold
ISIC_8704004,0,0.0022082555,held_fold
ISIC_8705626,0,0.00999905,held_fold
ISIC_8707606,0,0.00768628,held_fold
ISIC_8715792,0,0.027930135,held_fold
ISIC_8716235,0,0.004436896,held_fold
ISIC_8716644,0,0.0021498238,held_fold
ISIC_8717336,0,0.016118173,held_fold
ISIC_8723815,0,0.051895227,held_fold
ISIC_8727731,0,0.001969612,held_fold
ISIC_8729091,0,0.012109847,held_fold
ISIC_8739046,0,0.002689003,held_fold
ISIC_8739533,0,0.01150566,held_fold
ISIC_8742875,0,0.0080414405,held_fold
ISIC_8747095,0,0.07387787,held_fold
ISIC_8748689,0,0.0019845,held_fold
ISIC_8750055,0,0.016852647,held_fold
ISIC_8751393,0,0.014378146,held_fold
ISIC_8754461,0,0.054646406,held_fold
ISIC_8755163,0,0.00079333823,held_fold
ISIC_8755714,0,0.008221182,held_fold
ISIC_8757664,0,0.002229521,held_fold
ISIC_8759073,0,0.048211288,held_fold
ISIC_8759726,0,0.0073681893,held_fold
ISIC_8759744,0,0.0035465404,held_fold
ISIC_8759813,0,0.055368308,held_fold
ISIC_8760029,0,0.0023650492,held_fold
ISIC_8760380,0,0.10812088,held_fold
ISIC_8762437,0,0.0027077093,held_fold
ISIC_8764927,0,0.17817548,held_fold
ISIC_8770401,0,0.009226071,held_fold
ISIC_8773685,0,0.0014403213,held_fold
ISIC_8774880,0,0.007240461,held_fold
ISIC_8776363,0,0.0026658892,held_fold
ISIC_8776661,0,0.26462308,held_fold
ISIC_8777622,0,0.0020852983,held_fold
ISIC_8777866,0,0.022850024,held_fold
ISIC_8778648,0,0.00647283,held_fold
ISIC_8780547,0,0.0132395625,held_fold
ISIC_8781451,0,0.015181311,held_fold
ISIC_8781751,0,0.003203893,held_fold
ISIC_8783667,0,0.029602371,held_fold
ISIC_8786606,0,0.0017776915,held_fold
ISIC_8789673,0,0.014733825,held_fold
ISIC_8790198,0,0.0042616148,held_fold
ISIC_8791729,0,0.044415988,held_fold
ISIC_8799089,0,0.031124458,held_fold
ISIC_8802047,0,0.0013669833,held_fold
ISIC_8804704,0,0.0010643445,held_fold
ISIC_8805000,0,0.01678627,held_fold
ISIC_8808756,0,0.013279328,held_fold
ISIC_8812739,0,0.002757975,held_fold
ISIC_8812781,0,0.007203197,held_fold
ISIC_8812830,0,0.019667594,held_fold
ISIC_8813303,0,0.0031924131,held_fold
ISIC_8813306,0,0.028436244,held_fold
ISIC_8813415,0,0.03349391,held_fold
ISIC_8813838,0,0.0012082418,held_fold
ISIC_8814843,0,0.0008866176,held_fold
ISIC_8816154,0,0.027835105,held_fold
ISIC_8816494,0,0.011432984,held_fold
ISIC_8821137,0,0.0027325037,held_fold
ISIC_8826643,0,0.0060239756,held_fold
ISIC_8831176,0,0.00044520147,held_fold
ISIC_8831631,0,0.042732477,held_fold
ISIC_8834606,0,0.010491379,held_fold
ISIC_8835154,0,0.17935304,held_fold
ISIC_8837100,0,0.08301425,held_fold
ISIC_8837792,0,0.054636206,held_fold
ISIC_8838232,0,0.0014557607,held_fold
ISIC_8840271,0,0.0035214566,held_fold
ISIC_8841738,0,0.0055762464,held_fold
ISIC_8841886,0,0.06221517,held_fold
ISIC_8842295,0,0.0015131696,held_fold
ISIC_8842646,0,0.022173025,held_fold
ISIC_8844233,0,0.0029807251,held_fold
ISIC_8845891,0,0.00942157,held_fold
ISIC_8846654,0,0.005309273,held_fold
ISIC_8847321,0,0.0057089357,held_fold
ISIC_8847503,0,0.0066962843,held_fold
ISIC_8848134,0,0.052439135,held_fold
ISIC_8848327,0,0.009377429,held_fold
ISIC_8849117,0,0.008047377,held_fold
ISIC_8849466,0,0.061942074,held_fold
ISIC_8850826,0,0.057943355,held_fold
ISIC_8853902,0,0.005841891,held_fold
ISIC_8853995,0,0.0032371292,held_fold
ISIC_8854196,0,0.018389374,held_fold
ISIC_8858877,0,0.019350668,held_fold
ISIC_8862107,0,0.122812636,held_fold
ISIC_8866651,1,0.06957328,held_fold
ISIC_8867555,0,0.005057046,held_fold
ISIC_8867565,0,0.0005381903,held_fold
ISIC_8869249,0,0.009245068,held_fold
ISIC_8872158,1,0.17321396,held_fold
ISIC_8878967,0,0.096682034,held_fold
ISIC_8882801,0,0.013593124,held_fold
ISIC_8883212,0,0.0023516582,held_fold
ISIC_8887095,0,0.017941525,held_fold
ISIC_8887170,0,0.061221406,held_fold
ISIC_8887405,0,0.0013571363,held_fold
ISIC_8889010,0,0.004139661,held_fold
ISIC_8890072,0,0.008062651,held_fold
ISIC_8891234,0,0.07622942,held_fold
ISIC_8893724,0,0.020671323,held_fold
ISIC_8896223,0,0.00035046865,held_fold
ISIC_8898680,0,0.004844839,held_fold
ISIC_8900012,0,0.010149168,held_fold
ISIC_8901419,0,0.076278515,held_fold
ISIC_8902080,0,0.020930083,held_fold
ISIC_8904256,0,0.043439772,held_fold
ISIC_8905349,0,0.018696638,held_fold
ISIC_8910635,0,0.0027678183,held_fold
ISIC_8911740,0,0.009823253,held_fold
ISIC_8917078,0,0.03284824,held_fold
ISIC_8917755,0,0.039874576,held_fold
ISIC_8920064,0,0.00081204355,held_fold
ISIC_8921327,0,0.0016135551,held_fold
ISIC_8921647,0,0.04841377,held_fold
ISIC_8923673,0,0.01269114,held_fold
ISIC_8924292,0,0.0035408225,held_fold
ISIC_8924426,0,0.028850226,held_fold
ISIC_8924853,0,0.0004011861,held_fold
ISIC_8926341,0,0.0085645355,held_fold
ISIC_8926892,0,0.044603832,held_fold
ISIC_8926980,0,0.058842584,held_fold
ISIC_8927825,0,0.011984568,held_fold
ISIC_8933744,0,0.0016382267,held_fold
ISIC_8935984,0,0.010291865,held_fold
ISIC_8936977,0,0.00908727,held_fold
ISIC_8937646,0,0.02673205,held_fold
ISIC_8938681,0,0.0033531152,held_fold
ISIC_8938776,0,0.001038442,held_fold
ISIC_8941586,0,0.0027179914,held_fold
ISIC_8944892,0,0.006086123,held_fold
ISIC_8951449,0,0.0046912846,held_fold
ISIC_8952288,0,0.1129534,held_fold
ISIC_8953242,0,0.004024001,held_fold
ISIC_8956001,0,0.00296599,held_fold
ISIC_8957426,0,0.0035081296,held_fold
ISIC_8960763,0,0.20947763,held_fold
ISIC_8965285,0,0.04201036,held_fold
ISIC_8966170,0,0.11421585,held_fold
ISIC_8967404,0,0.03380527,held_fold
ISIC_8967818,0,0.0065879514,held_fold
ISIC_8970333,0,0.0015170729,held_fold
ISIC_8970499,0,0.00604197,held_fold
ISIC_8972403,0,0.005324702,held_fold
ISIC_8977933,0,0.026077146,held_fold
ISIC_8980801,0,0.00052107923,held_fold
ISIC_8981700,0,0.057782497,held_fold
ISIC_8981851,0,0.001234127,held_fold
ISIC_8985109,1,0.031883463,held_fold
ISIC_8986997,0,0.0120395515,held_fold
ISIC_8987085,0,0.008055012,held_fold
ISIC_8989572,0,0.000908655,held_fold
ISIC_8991530,0,0.04185213,held_fold
ISIC_8991672,0,0.009038331,held_fold
ISIC_8992925,0,0.022193544,held_fold
ISIC_8996902,0,0.00035669084,held_fold
ISIC_8997109,0,0.0117238695,held_fold
ISIC_9000030,0,0.0021999143,held_fold
ISIC_9000226,0,0.010281617,held_fold
ISIC_9000824,1,0.07897191,held_fold
ISIC_9001948,1,0.024689054,held_fold
ISIC_9004995,0,0.0044341334,held_fold
ISIC_9008026,0,0.0045247274,held_fold
ISIC_9011777,0,0.00096761866,held_fold
ISIC_9012721,0,0.0006658289,held_fold
ISIC_9013045,0,0.030672286,held_fold
ISIC_9014036,0,0.004799278,held_fold
ISIC_9014786,0,0.0008619994,held_fold
ISIC_9015818,0,0.0074785347,held_fold
ISIC_9021889,0,0.025065465,held_fold
ISIC_9022054,0,0.04666126,held_fold
ISIC_9023603,0,0.011438773,held_fold
ISIC_9023945,0,0.02779367,held_fold
ISIC_9024038,0,0.038186286,held_fold
ISIC_9024245,0,0.00068487,held_fold
ISIC_9028177,0,0.017093567,held_fold
ISIC_9028997,0,0.050025575,held_fold
ISIC_9029328,0,0.0017243408,held_fold
ISIC_9037248,0,0.0015427711,held_fold
ISIC_9037301,0,0.0036456736,held_fold
ISIC_9037423,0,0.046083312,held_fold
ISIC_9037453,0,0.02262829,held_fold
ISIC_9041509,0,0.0016719055,held_fold
ISIC_9041897,0,0.0016633571,held_fold
ISIC_9043344,0,0.055673525,held_fold
ISIC_9043908,0,0.010238126,held_fold
ISIC_9050608,0,0.0012957873,held_fold
ISIC_9051057,0,0.0029265815,held_fold
ISIC_9051287,0,0.015732104,held_fold
ISIC_9052594,0,0.0014539154,held_fold
ISIC_9053619,0,0.002679009,held_fold
ISIC_9053699,0,0.020263681,held_fold
ISIC_9053788,0,0.10050209,held_fold
ISIC_9054920,0,0.06857036,held_fold
ISIC_9055357,0,0.048209473,held_fold
ISIC_9059086,0,0.0014375678,held_fold
ISIC_9059296,0,0.011453545,held_fold
ISIC_9059686,0,0.022893956,held_fold
ISIC_9060377,0,0.024984915,held_fold
ISIC_9064053,0,0.04927521,held_fold
ISIC_9066883,0,0.0065651857,held_fold
ISIC_9069800,0,0.0019397701,held_fold
ISIC_9071758,0,0.018487249,held_fold
ISIC_9072309,0,0.00587705,held_fold
ISIC_9072567,0,0.00483181,held_fold
ISIC_9076034,0,0.17234267,held_fold
ISIC_9077709,0,0.018354077,held_fold
ISIC_9078100,0,0.00097300595,held_fold
ISIC_9079223,0,0.00088428566,held_fold
ISIC_9079489,0,0.0019285897,held_fold
ISIC_9080743,0,0.0046782843,held_fold
ISIC_9080990,0,0.049834535,held_fold
ISIC_9082440,0,0.010086344,held_fold
ISIC_9083592,0,0.004485852,held_fold
ISIC_9084483,0,0.0026161463,held_fold
ISIC_9085473,0,0.0077824173,held_fold
ISIC_9087581,0,0.0015650541,held_fold
ISIC_9087655,0,0.0009905725,held_fold
ISIC_9089575,0,0.0034536954,held_fold
ISIC_9089987,0,0.00068067363,held_fold
ISIC_9091415,0,0.021183547,held_fold
ISIC_9091954,0,0.007831598,held_fold
ISIC_9092759,0,0.019611774,held_fold
ISIC_9094201,0,0.0012285619,held_fold
ISIC_9099529,0,0.009923017,held_fold
ISIC_9102834,0,0.00510784,held_fold
ISIC_9103422,0,0.013666629,held_fold
ISIC_9103556,0,0.012222596,held_fold
ISIC_9105740,0,0.004101053,held_fold
ISIC_9107811,0,0.002132568,held_fold
ISIC_9109515,0,0.006837693,held_fold
ISIC_9109847,0,0.0019382649,held_fold
ISIC_9112443,0,0.0006706301,held_fold
ISIC_9114776,0,0.0060664057,held_fold
ISIC_9115001,0,0.001654966,held_fold
ISIC_9115256,0,0.030889079,held_fold
ISIC_9117456,0,0.029901603,held_fold
ISIC_9118842,0,0.003403405,held_fold
ISIC_9119271,0,0.027556153,held_fold
ISIC_9122329,0,0.0004902666,held_fold
ISIC_9127934,0,0.015569375,held_fold
ISIC_9128304,0,0.059679434,held_fold
ISIC_9134100,0,0.0012208447,held_fold
ISIC_9135390,0,0.012334613,held_fold
ISIC_9138647,0,0.010401504,held_fold
ISIC_9143795,0,0.0076051066,held_fold
ISIC_9146648,0,0.001689688,held_fold
ISIC_9150050,0,0.0051931455,held_fold
ISIC_9151409,0,0.013840966,held_fold
ISIC_9153636,0,0.04567032,held_fold
ISIC_9154282,0,0.0069905627,held_fold
ISIC_9159739,0,0.008959942,held_fold
ISIC_9160772,0,0.012785601,held_fold
ISIC_9161341,0,0.015929645,held_fold
ISIC_9162451,0,0.0009573487,held_fold
ISIC_9162798,0,0.0069008996,held_fold
ISIC_9163905,0,0.0067060543,held_fold
ISIC_9165807,0,0.0047747307,held_fold
ISIC_9167285,0,0.0012430158,held_fold
ISIC_9167290,0,0.0028955732,held_fold
ISIC_9168779,0,0.07979955,held_fold
ISIC_9169000,0,0.13331796,held_fold
ISIC_9169586,0,0.002064509,held_fold
ISIC_9172605,0,0.0008371259,held_fold
ISIC_9174306,1,0.025849486,held_fold
ISIC_9174347,0,0.23463622,held_fold
ISIC_9174412,0,0.0028143532,held_fold
ISIC_9174830,0,0.014612052,held_fold
ISIC_9177813,0,0.0005449259,held_fold
ISIC_9182285,0,0.0017802591,held_fold
ISIC_9187978,0,0.005834311,held_fold
ISIC_9190018,0,0.0037155752,held_fold
ISIC_9190784,0,0.004029822,held_fold
ISIC_9193127,1,0.007336785,held_fold
ISIC_9196819,0,0.0020830878,held_fold
ISIC_9199229,0,0.0015524619,held_fold
ISIC_9202278,0,0.0061941375,held_fold
ISIC_9206499,0,0.010059365,held_fold
ISIC_9207137,0,0.02048668,held_fold
ISIC_9208006,0,0.039575744,held_fold
ISIC_9209515,0,0.0057522315,held_fold
ISIC_9210825,0,0.0033363346,held_fold
ISIC_9211989,0,0.04952301,held_fold
ISIC_9215836,0,0.08550714,held_fold
ISIC_9216989,0,0.008731242,held_fold
ISIC_9217340,0,0.006847681,held_fold
ISIC_9223481,0,0.0075299237,held_fold
ISIC_9225184,0,0.0025343238,held_fold
ISIC_9225210,0,0.030346673,held_fold
ISIC_9226193,0,0.0033178062,held_fold
ISIC_9228224,0,0.0059450525,held_fold
ISIC_9229525,0,0.01136839,held_fold
ISIC_9230826,0,0.005515252,held_fold
ISIC_9231263,0,0.009768943,held_fold
ISIC_9233009,0,0.0014227586,held_fold
ISIC_9235975,0,0.0020755718,held_fold
ISIC_9237244,0,0.035004202,held_fold
ISIC_9237341,0,0.08133087,held_fold
ISIC_9239339,0,0.0062631974,held_fold
ISIC_9241093,0,0.0017589353,held_fold
ISIC_9241222,0,0.03991677,held_fold
ISIC_9241497,0,0.0007654021,held_fold
ISIC_9241722,0,0.0006287939,held_fold
ISIC_9243440,0,0.011462246,held_fold
ISIC_9244634,0,0.19073598,held_fold
ISIC_9244659,0,0.04769867,held_fold
ISIC_9246022,0,0.0015541613,held_fold
ISIC_9247687,0,0.023137858,held_fold
ISIC_9249257,0,0.039862968,held_fold
ISIC_9250898,0,0.0007345301,held_fold
ISIC_9252800,0,0.019311575,held_fold
ISIC_9254433,0,0.018964184,held_fold
ISIC_9255522,0,0.0022113202,held_fold
ISIC_9258027,0,0.050664447,held_fold
ISIC_9259697,0,0.0013228636,held_fold
ISIC_9259892,0,0.027430438,held_fold
ISIC_9262162,0,0.00058930594,held_fold
ISIC_9264993,0,0.0016050893,held_fold
ISIC_9265406,0,0.0036498692,held_fold
ISIC_9267058,0,0.007338657,held_fold
ISIC_9268137,0,0.0015456562,held_fold
ISIC_9270335,0,0.0057354653,held_fold
ISIC_9270418,0,0.009685289,held_fold
ISIC_9271416,0,0.015051922,held_fold
ISIC_9271800,0,0.003406013,held_fold
ISIC_9272770,0,0.0025074566,held_fold
ISIC_9273465,0,0.015345321,held_fold
ISIC_9276442,0,0.025422156,held_fold
ISIC_9276931,0,0.0011455875,held_fold
ISIC_9279329,0,0.015812062,held_fold
ISIC_9280210,0,0.020669056,held_fold
ISIC_9283427,0,0.009525967,held_fold
ISIC_9283914,0,0.0005518545,held_fold
ISIC_9285635,0,0.004201753,held_fold
ISIC_9290617,0,0.008721482,held_fold
ISIC_9290968,0,0.01017982,held_fold
ISIC_9293970,0,0.021725047,held_fold
ISIC_9294326,0,0.0018325521,held_fold
ISIC_9294593,0,0.0019079836,held_fold
ISIC_9295267,0,0.004845398,held_fold
ISIC_9296537,0,0.003194994,held_fold
ISIC_9297472,0,0.0037594852,held_fold
ISIC_9299721,0,0.008894074,held_fold
ISIC_9300579,0,0.0034738386,held_fold
ISIC_9301333,0,0.004599403,held_fold
ISIC_9303849,0,0.0009925001,held_fold
ISIC_9305788,0,0.0006173939,held_fold
ISIC_9307584,0,0.0012788499,held_fold
ISIC_9307997,0,0.0019337705,held_fold
ISIC_9309245,0,0.018023957,held_fold
ISIC_9310101,0,0.019998627,held_fold
ISIC_9310178,0,0.0038335435,held_fold
ISIC_9310505,0,0.028983476,held_fold
ISIC_9312099,0,0.003311552,held_fold
ISIC_9312164,1,0.022880271,held_fold
ISIC_9314144,0,0.09434195,held_fold
ISIC_9316994,0,0.00097673,held_fold
ISIC_9317894,0,0.050216954,held_fold
ISIC_9323095,0,0.0016737042,held_fold
ISIC_9323283,0,0.007651057,held_fold
ISIC_9325254,0,0.01391688,held_fold
ISIC_9328589,0,0.025593452,held_fold
ISIC_9331684,0,0.027438644,held_fold
ISIC_9332795,0,0.07513341,held_fold
ISIC_9333245,0,0.0012131163,held_fold
ISIC_9333842,0,0.01899477,held_fold
ISIC_9334956,0,0.01315972,held_fold
ISIC_9335977,0,0.0049806484,held_fold
ISIC_9338267,0,0.09752034,held_fold
ISIC_9339096,0,0.01498777,held_fold
ISIC_9339713,0,0.0049810004,held_fold
ISIC_9340122,0,0.009624398,held_fold
ISIC_9340334,0,0.11282139,held_fold
ISIC_9340659,0,0.21726635,held_fold
ISIC_9342053,0,0.019365394,held_fold
ISIC_9344253,0,0.0011614503,held_fold
ISIC_9344352,0,0.014682731,held_fold
ISIC_9344664,0,0.0077212034,held_fold
ISIC_9349327,0,0.04307576,held_fold
ISIC_9350197,0,0.0025944097,held_fold
ISIC_9351189,0,0.021290679,held_fold
ISIC_9353514,0,0.012372814,held_fold
ISIC_9356306,0,0.0026506493,held_fold
ISIC_9356313,0,0.072826564,held_fold
ISIC_9356630,0,0.009244102,held_fold
ISIC_9361625,0,0.009965427,held_fold
ISIC_9362964,0,0.015480171,held_fold
ISIC_9363106,0,0.0071479212,held_fold
ISIC_9364690,0,0.00039644708,held_fold
ISIC_9365475,0,0.003951241,held_fold
ISIC_9366873,0,0.0046222685,held_fold
ISIC_9367353,0,0.03450416,held_fold
ISIC_9368534,0,0.0007016764,held_fold
ISIC_9371867,0,0.00095214316,held_fold
ISIC_9371926,0,0.0030039018,held_fold
ISIC_9374061,0,0.009360134,held_fold
ISIC_9375086,0,0.0014038554,held_fold
ISIC_9378153,0,0.010685543,held_fold
ISIC_9378883,0,0.009771877,held_fold
ISIC_9379477,0,0.0021151982,held_fold
ISIC_9379917,0,0.0021863137,held_fold
ISIC_9385014,0,0.0036283867,held_fold
ISIC_9386541,0,0.00031899795,held_fold
ISIC_9387488,0,0.0121274395,held_fold
ISIC_9389584,0,0.005001285,held_fold
ISIC_9390305,0,0.003542906,held_fold
ISIC_9393022,0,0.006574416,held_fold
ISIC_9394148,0,0.001767787,held_fold
ISIC_9395144,0,0.013452906,held_fold
ISIC_9395519,0,0.0033996515,held_fold
ISIC_9396628,0,0.0021571694,held_fold
ISIC_9398499,0,0.0024575675,held_fold
ISIC_9398989,0,0.0011309303,held_fold
ISIC_9399365,0,0.0030093647,held_fold
ISIC_9399686,0,0.026361115,held_fold
ISIC_9402324,1,0.038860384,held_fold
ISIC_9403241,0,0.0045185974,held_fold
ISIC_9404190,0,0.0036976123,held_fold
ISIC_9405403,0,0.0011507116,held_fold
ISIC_9406299,0,0.012774598,held_fold
ISIC_9406568,0,0.05733356,held_fold
ISIC_9407543,0,0.002313906,held_fold
ISIC_9407667,0,0.050641786,held_fold
ISIC_9407690,0,0.005953019,held_fold
ISIC_9407781,0,0.08777367,held_fold
ISIC_9408359,0,0.036460266,held_fold
ISIC_9414126,0,0.016722053,held_fold
ISIC_9414574,0,0.0070287846,held_fold
ISIC_9414904,0,0.006308327,held_fold
ISIC_9416183,0,0.007994326,held_fold
ISIC_9416765,0,0.0007360181,held_fold
ISIC_9418745,0,0.0098613035,held_fold
ISIC_9419454,0,0.00831612,held_fold
ISIC_9422298,0,0.0017532894,held_fold
ISIC_9424706,0,0.0076124775,held_fold
ISIC_9424787,0,0.018392513,held_fold
ISIC_9426433,0,0.002087572,held_fold
ISIC_9431739,0,0.00354397,held_fold
ISIC_9437390,0,0.008799286,held_fold
ISIC_9437975,0,0.031448368,held_fold
ISIC_9438178,0,0.01505589,held_fold
ISIC_9443041,0,0.0018983841,held_fold
ISIC_9445196,0,0.0016154022,held_fold
ISIC_9447286,0,0.027962608,held_fold
ISIC_9455994,0,0.0059017735,held_fold
ISIC_9458746,0,0.0036385064,held_fold
ISIC_9460379,0,0.013809865,held_fold
ISIC_9466416,0,0.0030703915,held_fold
ISIC_9466790,0,0.017907338,held_fold
ISIC_9466794,0,0.018782703,held_fold
ISIC_9467082,0,0.0046596657,held_fold
ISIC_9467292,0,0.02861526,held_fold
ISIC_9469650,0,0.0016596989,held_fold
ISIC_9471383,0,0.02600713,held_fold
ISIC_9473134,0,0.0010949861,held_fold
ISIC_9473731,0,0.021076182,held_fold
ISIC_9475559,0,0.0008354321,held_fold
ISIC_9475941,0,0.002966568,held_fold
ISIC_9476904,0,0.017783372,held_fold
ISIC_9478109,0,0.026833167,held_fold
ISIC_9478930,0,0.08777207,held_fold
ISIC_9479161,0,0.13421492,held_fold
ISIC_9483417,0,0.013757665,held_fold
ISIC_9483894,0,0.00883054,held_fold
ISIC_9484538,0,0.018677538,held_fold
ISIC_9485536,0,0.10042475,held_fold
ISIC_9485901,0,0.0007355003,held_fold
ISIC_9489738,0,0.024243172,held_fold
ISIC_9491630,0,0.0027969729,held_fold
ISIC_9493710,0,0.036266007,held_fold
ISIC_9497062,0,0.007664754,held_fold
ISIC_9498448,0,0.00477933,held_fold
ISIC_9498942,0,0.00770059,held_fold
ISIC_9500701,0,0.019072816,held_fold
ISIC_9502241,0,0.057586666,held_fold
ISIC_9505595,0,0.00039703728,held_fold
ISIC_9509360,0,0.04738314,held_fold
ISIC_9511888,0,0.011730777,held_fold
ISIC_9513808,0,0.01032213,held_fold
ISIC_9514450,0,0.16506533,held_fold
ISIC_9517456,0,0.0039342334,held_fold
ISIC_9519906,0,0.047296,held_fold
ISIC_9522628,0,0.011178721,held_fold
ISIC_9525136,0,0.006142055,held_fold
ISIC_9526877,0,0.09734644,held_fold
ISIC_9528732,0,0.010868699,held_fold
ISIC_9529297,0,0.0042976392,held_fold
ISIC_9531527,0,0.058038853,held_fold
ISIC_9535114,0,0.033048473,held_fold
ISIC_9540598,0,0.0066399835,held_fold
ISIC_9540703,0,0.005698043,held_fold
ISIC_9542037,0,0.010009739,held_fold
ISIC_9542791,0,0.00089985144,held_fold
ISIC_9543841,0,0.011321741,held_fold
ISIC_9544059,0,0.00063212065,held_fold
ISIC_9544832,1,0.059712615,held_fold
ISIC_9546197,0,0.030633826,held_fold
ISIC_9546876,0,0.010807172,held_fold
ISIC_9548821,1,0.019351954,held_fold
ISIC_9549857,0,0.005511691,held_fold
ISIC_9550834,0,0.0097572245,held_fold
ISIC_9551111,0,0.01797704,held_fold
ISIC_9551360,0,0.002306581,held_fold
ISIC_9551406,0,0.011580583,held_fold
ISIC_9551696,0,0.0019516235,held_fold
ISIC_9553125,0,0.0006003009,held_fold
ISIC_9556334,1,0.09108348,held_fold
ISIC_9559293,0,0.074529916,held_fold
ISIC_9560390,0,0.07406795,held_fold
ISIC_9560694,0,0.0007495246,held_fold
ISIC_9561954,0,0.0005529523,held_fold
ISIC_9562292,0,0.016914746,held_fold
ISIC_9562442,0,0.0017105319,held_fold
ISIC_9562731,0,0.0008204436,held_fold
ISIC_9563514,0,0.0036163775,held_fold
ISIC_9564379,0,0.0022102946,held_fold
ISIC_9564875,0,0.002599507,held_fold
ISIC_9566964,0,0.00078319776,held_fold
ISIC_9568868,0,0.0026569848,held_fold
ISIC_9569891,0,0.0032629832,held_fold
ISIC_9571044,0,0.00058080064,held_fold
ISIC_9571107,0,0.012099223,held_fold
ISIC_9571685,0,0.0086455215,held_fold
ISIC_9573024,0,0.014499715,held_fold
ISIC_9573267,0,0.18297812,held_fold
ISIC_9573538,0,0.0038330993,held_fold
ISIC_9574237,0,0.014150378,held_fold
ISIC_9574819,0,0.0015060103,held_fold
ISIC_9578109,0,0.04309973,held_fold
ISIC_9578603,0,0.002107685,held_fold
ISIC_9578777,0,0.003313323,held_fold
ISIC_9579506,0,0.0023605162,held_fold
ISIC_9580101,0,0.0013570278,held_fold
ISIC_9580143,0,0.024450459,held_fold
ISIC_9580344,0,0.0040370016,held_fold
ISIC_9581761,0,0.014005865,held_fold
ISIC_9582535,0,0.0021681478,held_fold
ISIC_9587745,0,0.00061543286,held_fold
ISIC_9589883,0,0.120006196,held_fold
ISIC_9590586,0,0.013157589,held_fold
ISIC_9590644,0,0.0011004773,held_fold
ISIC_9590727,0,0.01179426,held_fold
ISIC_9590964,0,0.0036389611,held_fold
ISIC_9596685,0,0.00076446723,held_fold
ISIC_9596955,0,0.024106624,held_fold
ISIC_9597731,0,0.026716337,held_fold
ISIC_9598426,0,0.0044192467,held_fold
ISIC_9600205,0,0.0019936373,held_fold
ISIC_9601132,0,0.0014559522,held_fold
ISIC_9606109,0,0.0018736655,held_fold
ISIC_9606139,0,0.0051826397,held_fold
ISIC_9607252,0,0.09942485,held_fold
ISIC_9608191,0,0.020540308,held_fold
ISIC_9609865,0,0.20501652,held_fold
ISIC_9612481,1,0.08708796,held_fold
ISIC_9613570,0,0.00032692225,held_fold
ISIC_9616024,0,0.002840448,held_fold
ISIC_9622274,0,0.007464486,held_fold
ISIC_9627148,0,0.0011508748,held_fold
ISIC_9628600,0,0.0018772592,held_fold
ISIC_9629757,0,0.0033681358,held_fold
ISIC_9632819,0,0.0040353322,held_fold
ISIC_9636293,0,0.020964805,held_fold
ISIC_9636881,0,0.01459214,held_fold
ISIC_9637180,0,0.002966358,held_fold
ISIC_9637306,0,0.014893354,held_fold
ISIC_9637932,0,0.09153828,held_fold
ISIC_9637941,0,0.02630246,held_fold
ISIC_9638088,0,0.007280384,held_fold
ISIC_9640145,0,0.03345837,held_fold
ISIC_9640847,0,0.15228151,held_fold
ISIC_9642671,0,0.0014353503,held_fold
ISIC_9643846,0,0.008072435,held_fold
ISIC_9644412,0,0.055225305,held_fold
ISIC_9647024,0,0.003463611,held_fold
ISIC_9647502,0,0.0029683937,held_fold
ISIC_9648563,0,0.037448376,held_fold
ISIC_9648904,0,0.014869208,held_fold
ISIC_9649253,0,0.015357906,held_fold
ISIC_9657852,0,0.011462387,held_fold
ISIC_9659443,0,0.00071630673,held_fold
ISIC_9660528,0,0.017332202,held_fold
ISIC_9660555,0,0.001936856,held_fold
ISIC_9665206,0,0.0036282388,held_fold
ISIC_9666709,0,0.010386365,held_fold
ISIC_9671143,0,0.040307876,held_fold
ISIC_9671443,0,0.02424879,held_fold
ISIC_9676233,0,0.15123811,held_fold
ISIC_9677250,0,0.005716679,held_fold
ISIC_9679700,0,0.005405931,held_fold
ISIC_9681146,0,0.035501275,held_fold
ISIC_9681655,0,0.00086295017,held_fold
ISIC_9682473,0,0.033201113,held_fold
ISIC_9685344,0,0.0017237369,held_fold
ISIC_9686581,0,0.0050861286,held_fold
ISIC_9687369,0,0.0030114911,held_fold
ISIC_9687776,0,0.13098827,held_fold
ISIC_9688617,0,0.04385846,held_fold
ISIC_9690422,0,0.13256568,held_fold
ISIC_9693103,0,0.00041595628,held_fold
ISIC_9693759,0,0.0015485701,held_fold
ISIC_9694198,0,0.0070474325,held_fold
ISIC_9694275,0,0.0008286786,held_fold
ISIC_9694867,0,0.009032303,held_fold
ISIC_9695501,0,0.04203444,held_fold
ISIC_9695809,0,0.13137068,held_fold
ISIC_9698774,0,0.0011401952,held_fold
ISIC_9698786,0,0.0205442,held_fold
ISIC_9699238,0,0.004782765,held_fold
ISIC_9699728,0,0.0034014254,held_fold
ISIC_9700920,0,0.0018531978,held_fold
ISIC_9701912,0,0.008387271,held_fold
ISIC_9704788,0,0.0028650002,held_fold
ISIC_9705832,0,0.005907436,held_fold
ISIC_9706034,0,0.001565075,held_fold
ISIC_9706318,0,0.00032019292,held_fold
ISIC_9710168,0,0.010681641,held_fold
ISIC_9711252,0,0.03204658,held_fold
ISIC_9713363,0,0.0023719303,held_fold
ISIC_9713897,0,0.012419802,held_fold
ISIC_9714255,0,0.0012162143,held_fold
ISIC_9720044,0,0.001937317,held_fold
ISIC_9720518,0,0.010118088,held_fold
ISIC_9723594,0,0.01002743,held_fold
ISIC_9725043,0,0.008116761,held_fold
ISIC_9725205,0,0.00090979686,held_fold
ISIC_9728805,0,0.06660248,held_fold
ISIC_9730889,0,0.015470936,held_fold
ISIC_9731788,0,0.001295818,held_fold
ISIC_9732811,0,0.010646186,held_fold
ISIC_9733758,0,0.020470347,held_fold
ISIC_9736710,0,0.051065058,held_fold
ISIC_9738306,0,0.0074688075,held_fold
ISIC_9742891,0,0.01841496,held_fold
ISIC_9743014,0,0.023744367,held_fold
ISIC_9743638,0,0.0038682057,held_fold
ISIC_9744206,0,0.050371286,held_fold
ISIC_9744723,0,0.0018693133,held_fold
ISIC_9745492,0,0.0038012082,held_fold
ISIC_9745942,0,0.012611267,held_fold
ISIC_9746246,0,0.0029415102,held_fold
ISIC_9746861,0,0.009546388,held_fold
ISIC_9749009,0,0.008459242,held_fold
ISIC_9749497,0,0.012430356,held_fold
ISIC_9749852,0,0.0072803046,held_fold
ISIC_9756215,0,0.0033650547,held_fold
ISIC_9758444,0,0.019777646,held_fold
ISIC_9759505,0,0.0050381976,held_fold
ISIC_9761658,0,0.0023734549,held_fold
ISIC_9765760,0,0.003793565,held_fold
ISIC_9766574,0,0.0021931296,held_fold
ISIC_9767292,0,0.007392367,held_fold
ISIC_9767883,0,0.060162608,held_fold
ISIC_9768834,0,0.008935323,held_fold
ISIC_9770536,0,0.0010741579,held_fold
ISIC_9770765,0,0.00018622665,held_fold
ISIC_9773002,0,0.021805843,held_fold
ISIC_9776242,0,0.009217518,held_fold
ISIC_9778389,0,0.00036042664,held_fold
ISIC_9783456,0,0.026060425,held_fold
ISIC_9785970,0,0.0072736396,held_fold
ISIC_9787058,0,0.0014506584,held_fold
ISIC_9787633,0,0.009358639,held_fold
ISIC_9788591,0,0.047330912,held_fold
ISIC_9788987,0,0.008822323,held_fold
ISIC_9791586,0,0.011894834,held_fold
ISIC_9794738,0,0.0031796393,held_fold
ISIC_9795608,0,0.016017638,held_fold
ISIC_9796680,0,0.0020438838,held_fold
ISIC_9797914,0,0.0049736914,held_fold
ISIC_9800787,0,0.0079756705,held_fold
ISIC_9810276,0,0.025505105,held_fold
ISIC_9811939,0,0.0022657414,held_fold
ISIC_9812330,0,0.07485609,held_fold
ISIC_9816307,0,0.0071722823,held_fold
ISIC_9818733,0,0.02420538,held_fold
ISIC_9822350,0,0.007847661,held_fold
ISIC_9824129,0,0.001879478,held_fold
ISIC_9825491,0,0.010411237,held_fold
ISIC_9825604,0,0.015703922,held_fold
ISIC_9825836,0,0.007741158,held_fold
ISIC_9826904,0,0.00473321,held_fold
ISIC_9829655,0,0.0022043986,held_fold
ISIC_9829667,0,0.05191466,held_fold
ISIC_9829781,0,0.031841233,held_fold
ISIC_9833462,0,0.0055236905,held_fold
ISIC_9834469,0,0.012774458,held_fold
ISIC_9834664,0,0.046465594,held_fold
ISIC_9842000,0,0.052794684,held_fold
ISIC_9842269,0,0.0018162447,held_fold
ISIC_9847262,0,0.019694956,held_fold
ISIC_9847284,0,0.00294651,held_fold
ISIC_9847972,0,0.0020006008,held_fold
ISIC_9851993,0,0.010659303,held_fold
ISIC_9852341,0,0.0023528233,held_fold
ISIC_9854912,0,0.00047396478,held_fold
ISIC_9855719,0,0.058708448,held_fold
ISIC_9859594,0,0.007972638,held_fold
ISIC_9859708,0,0.0023186589,held_fold
ISIC_9860895,0,0.0032581496,held_fold
ISIC_9863059,0,0.0015720498,held_fold
ISIC_9864416,0,0.05480036,held_fold
ISIC_9865814,0,0.0024477036,held_fold
ISIC_9866375,0,0.01900284,held_fold
ISIC_9866767,0,0.0035932374,held_fold
ISIC_9869789,0,0.0080815535,held_fold
ISIC_9871571,0,0.01098729,held_fold
ISIC_9877164,0,0.013120561,held_fold
ISIC_9878424,0,0.004721987,held_fold
ISIC_9879041,0,0.0048558917,held_fold
ISIC_9879347,0,0.0015122269,held_fold
ISIC_9880854,0,0.09890191,held_fold
ISIC_9883092,0,0.010351804,held_fold
ISIC_9883380,0,0.0027027554,held_fold
ISIC_9885210,0,0.018523708,held_fold
ISIC_9886540,0,0.0138475485,held_fold
ISIC_9887282,0,0.0012629277,held_fold
ISIC_9888213,0,0.007294652,held_fold
ISIC_9889001,0,0.0037961449,held_fold
ISIC_9889470,0,0.0013743417,held_fold
ISIC_9889687,0,0.043628875,held_fold
ISIC_9892275,0,0.010040698,held_fold
ISIC_9894283,0,0.0002727138,held_fold
ISIC_9899140,0,0.06919608,held_fold
ISIC_9899644,0,0.0016618075,held_fold
ISIC_9900623,0,0.02916503,held_fold
ISIC_9901871,0,0.012132548,held_fold
ISIC_9907793,0,0.035272434,held_fold
ISIC_9907938,0,0.00035032837,held_fold
ISIC_9908982,0,0.08734755,held_fold
ISIC_9909173,0,0.010331585,held_fold
ISIC_9913091,0,0.011744628,held_fold
ISIC_9915927,0,0.0025756657,held_fold
ISIC_9916907,0,0.004720692,held_fold
ISIC_9919255,0,0.06821278,held_fold
ISIC_9919374,0,0.0021329557,held_fold
ISIC_9920161,0,0.008884143,held_fold
ISIC_9921831,0,0.006444804,held_fold
ISIC_9926111,0,0.00305699,held_fold
ISIC_9927490,0,0.35462803,held_fold
ISIC_9928774,0,0.0158035,held_fold
ISIC_9929556,0,0.0019547858,held_fold
ISIC_9932789,0,0.043005664,held_fold
ISIC_9933119,0,0.0008902272,held_fold
ISIC_9934553,0,0.0427354,held_fold
ISIC_9936188,0,0.010557465,held_fold
ISIC_9939963,0,0.0053003337,held_fold
ISIC_9942347,0,0.026313592,held_fold
ISIC_9943579,0,0.0030089053,held_fold
ISIC_9944803,0,0.0027347342,held_fold
ISIC_9945083,0,0.05902872,held_fold
ISIC_9946557,0,0.0015399563,held_fold
ISIC_9946910,0,0.0013662674,held_fold
ISIC_9948815,0,0.0019107568,held_fold
ISIC_9954582,0,0.0016063076,held_fold
ISIC_9955092,0,0.011604934,held_fold
ISIC_9956957,0,0.009329612,held_fold
ISIC_9960855,0,0.07974076,held_fold
ISIC_9962720,0,0.017658098,held_fold
ISIC_9963177,1,0.027837427,held_fold
ISIC_9971202,0,0.007721957,held_fold
ISIC_9973015,0,0.008477367,held_fold
ISIC_9973459,0,0.008483879,held_fold
ISIC_9974860,0,0.008364337,held_fold
ISIC_9975260,0,0.02053401,held_fold
ISIC_9975974,0,0.046878908,held_fold
ISIC_9978498,0,0.013998202,held_fold
ISIC_9979438,0,0.0019676096,held_fold
ISIC_9980068,0,0.0012804802,held_fold
ISIC_9981394,0,0.025594411,held_fold
ISIC_9981925,0,0.030674582,held_fold
ISIC_9982953,0,0.006653238,held_fold
ISIC_9985141,0,0.0022681744,held_fold
ISIC_9991451,0,0.081365064,held_fold
ISIC_9995837,0,0.005013651,held_fold
ISIC_9998152,0,0.0009379994,held_fold
ISIC_9998682,1,0.10566704,held_fold
