image_name,target,prob,split
ISIC_0074311,0,0.0005878536,inner_val
ISIC_0076545,0,0.035418525,inner_val
ISIC_0076742,0,0.0016259839,inner_val
ISIC_0081956,0,0.0014992551,inner_val
ISIC_0082348,0,0.0013079846,inner_val
ISIC_0085718,0,0.001031941,inner_val
ISIC_0087290,0,0.0011189855,inner_val
ISIC_0087297,0,0.0015034475,inner_val
ISIC_0089401,0,0.000599932,inner_val
ISIC_0089738,0,0.0068632127,inner_val
ISIC_0094775,0,0.0016044031,inner_val
ISIC_0096201,0,0.0045651128,inner_val
ISIC_0096227,0,0.0006986767,inner_val
ISIC_0106091,0,0.005000953,inner_val
ISIC_0125706,0,0.025039678,inner_val
ISIC_0147817,0,0.0013707515,inner_val
ISIC_0153589,0,0.010923661,inner_val
ISIC_0163463,0,0.0015451751,inner_val
ISIC_0165903,0,0.0007320819,inner_val
ISIC_0166988,0,0.005244095,inner_val
ISIC_0170101,0,0.011184374,inner_val
ISIC_0170583,0,0.0027411387,inner_val
ISIC_0170960,0,0.0121300565,inner_val
ISIC_0172865,0,0.001800655,inner_val
ISIC_0175486,0,0.0016661166,inner_val
ISIC_0176781,0,0.0027727818,inner_val
ISIC_0180510,0,0.0015507857,inner_val
ISIC_0181059,0,0.0015241839,inner_val
ISIC_0181678,0,0.019708913,inner_val
ISIC_0183290,0,0.001727128,inner_val
ISIC_0186161,0,0.026390929,inner_val
ISIC_0186437,0,0.00094032777,inner_val
ISIC_0186820,0,0.009451366,inner_val
ISIC_0189336,0,0.0010037391,inner_val
ISIC_0192596,0,0.0012143465,inner_val
ISIC_0192701,0,0.0010631988,inner_val
ISIC_0195699,0,0.00063259766,inner_val
ISIC_0195972,0,0.021836428,inner_val
ISIC_0196559,0,0.0008136174,inner_val
ISIC_0196945,0,0.006574914,inner_val
ISIC_0198861,0,0.0055259434,inner_val
ISIC_0200174,0,0.001419616,inner_val
ISIC_0200611,0,0.01339806,inner_val
ISIC_0205127,0,0.009812434,inner_val
ISIC_0205926,0,0.034027603,inner_val
ISIC_0207341,0,0.003122293,inner_val
ISIC_0207349,0,0.0010712821,inner_val
ISIC_0210282,0,0.0009671126,inner_val
ISIC_0214037,0,0.011504689,inner_val
ISIC_0216689,0,0.037902545,inner_val
ISIC_0217057,0,0.0018292633,inner_val
ISIC_0217111,0,0.0020378025,inner_val
ISIC_0221351,0,0.0070471796,inner_val
ISIC_0222117,0,0.0020334958,inner_val
ISIC_0226137,0,0.0049286033,inner_val
ISIC_0228497,0,0.0011094317,inner_val
ISIC_0228718,0,0.00074440596,inner_val
ISIC_0230332,0,0.031171301,inner_val
ISIC_0231828,0,0.0011554016,inner_val
ISIC_0234894,0,0.0019084123,inner_val
ISIC_0237636,0,0.022095492,inner_val
ISIC_0238570,0,0.010065516,inner_val
ISIC_0240365,0,0.0005777905,inner_val
ISIC_0240778,0,0.020200517,inner_val
ISIC_0242433,0,0.012680175,inner_val
ISIC_0242646,0,0.00033079638,inner_val
ISIC_0243235,0,0.020259082,inner_val
ISIC_0244197,0,0.0014195497,inner_val
ISIC_0247541,0,0.0008241247,inner_val
ISIC_0248114,0,0.06460147,inner_val
ISIC_0249269,0,0.0022525704,inner_val
ISIC_0250455,0,0.0105190165,inner_val
ISIC_0255796,0,0.003758471,inner_val
ISIC_0257447,0,0.007973901,inner_val
ISIC_0261781,0,0.0016441755,inner_val
ISIC_0263522,0,0.004163234,inner_val
ISIC_0270101,0,0.0018010827,inner_val
ISIC_0271922,0,0.024792463,inner_val
ISIC_0274625,0,0.0049902257,inner_val
ISIC_0275693,0,0.032899003,inner_val
ISIC_0277727,0,0.006870978,inner_val
ISIC_0278346,0,0.0054440545,inner_val
ISIC_0280208,0,0.0017769726,inner_val
ISIC_0280943,0,0.013223798,inner_val
ISIC_0282166,0,0.0036410382,inner_val
ISIC_0282321,0,0.007557695,inner_val
ISIC_0282681,0,0.004197123,inner_val
ISIC_0284664,0,0.028179815,inner_val
ISIC_0285095,0,0.0018948718,inner_val
ISIC_0287784,0,0.00033751235,inner_val
ISIC_0290785,0,0.009655778,inner_val
ISIC_0290881,0,0.04179003,inner_val
ISIC_0294733,0,0.0023085657,inner_val
ISIC_0294910,0,0.0025696175,inner_val
ISIC_0295104,0,0.0017912902,inner_val
ISIC_0295178,0,0.01207347,inner_val
ISIC_0296109,0,0.019992363,inner_val
ISIC_0297558,0,0.0018061978,inner_val
ISIC_0297795,0,0.003961749,inner_val
ISIC_0299504,0,0.0068694167,inner_val
ISIC_0301931,0,0.019758936,inner_val
ISIC_0304019,0,0.0033624503,inner_val
ISIC_0304649,0,0.0012433201,inner_val
ISIC_0307909,0,0.002303851,inner_val
ISIC_0308888,0,0.0073810522,inner_val
ISIC_0309642,0,0.0154875275,inner_val
ISIC_0309912,0,0.002487972,inner_val
ISIC_0311783,0,0.0026447452,inner_val
ISIC_0313507,0,0.0017324729,inner_val
ISIC_0313653,0,0.0021254062,inner_val
ISIC_0313924,0,0.002357458,inner_val
ISIC_0316656,0,0.02425656,inner_val
ISIC_0316933,0,0.002875217,inner_val
ISIC_0320227,0,0.0015552079,inner_val
ISIC_0322637,0,0.00058475614,inner_val
ISIC_0323792,0,0.0014035365,inner_val
ISIC_0325664,0,0.022365095,inner_val
ISIC_0327225,0,0.0011894403,inner_val
ISIC_0327406,1,0.022366732,inner_val
ISIC_0329458,0,0.0019065185,inner_val
ISIC_0332865,0,0.0004792273,inner_val
ISIC_0333736,0,0.001604753,inner_val
ISIC_0337921,0,0.0028884022,inner_val
ISIC_0339099,0,0.0010885062,inner_val
ISIC_0339930,0,0.0015118243,inner_val
ISIC_0342869,0,0.0013593899,inner_val
ISIC_0345845,0,0.029925466,inner_val
ISIC_0347795,0,0.009969836,inner_val
ISIC_0347984,0,0.09148234,inner_val
ISIC_0349484,0,0.016079282,inner_val
ISIC_0354635,0,0.0012962117,inner_val
ISIC_0357525,0,0.005994704,inner_val
ISIC_0361914,0,0.0016886827,inner_val
ISIC_0362853,0,0.033994358,inner_val
ISIC_0363161,0,0.003253252,inner_val
ISIC_0363251,0,0.0057816165,inner_val
ISIC_0364641,0,0.001078809,inner_val
ISIC_0367913,0,0.034000795,inner_val
ISIC_0369831,1,0.11011103,inner_val
ISIC_0371038,0,0.0016442537,inner_val
ISIC_0372318,0,0.0016929366,inner_val
ISIC_0377184,0,0.0068570916,inner_val
ISIC_0377420,0,0.003874513,inner_val
ISIC_0378399,0,0.039354246,inner_val
ISIC_0379931,0,0.0010022536,inner_val
ISIC_0380622,0,0.0036499228,inner_val
ISIC_0381051,0,0.007268449,inner_val
ISIC_0383524,0,0.0034760414,inner_val
ISIC_0383804,0,0.029285373,inner_val
ISIC_0384407,0,0.0030276321,inner_val
ISIC_0401401,0,0.0039543384,inner_val
ISIC_0402533,0,0.03983778,inner_val
ISIC_0402674,0,0.00079066574,inner_val
ISIC_0404568,0,0.0034893733,inner_val
ISIC_0404809,0,0.0037076068,inner_val
ISIC_0404840,0,0.040882003,inner_val
ISIC_0409172,0,0.04556646,inner_val
ISIC_0410165,0,0.0026148579,inner_val
ISIC_0420249,0,0.0025934093,inner_val
ISIC_0420381,0,0.020209298,inner_val
ISIC_0420477,0,0.012729862,inner_val
ISIC_0420624,0,0.0013152651,inner_val
ISIC_0421558,0,0.002428146,inner_val
ISIC_0428383,0,0.00072755036,inner_val
ISIC_0429932,0,0.021632554,inner_val
ISIC_0432484,0,0.0049935556,inner_val
ISIC_0433142,0,0.015971685,inner_val
ISIC_0436161,0,0.00672057,inner_val
ISIC_0442425,0,0.0143479975,inner_val
ISIC_0445189,0,0.002420247,inner_val
ISIC_0448050,0,0.018025665,inner_val
ISIC_0450295,0,0.013808157,inner_val
ISIC_0452379,0,0.0023678308,inner_val
ISIC_0454594,0,0.0021654528,inner_val
ISIC_0456090,0,0.040853105,inner_val
ISIC_0460240,0,0.00054963556,inner_val
ISIC_0460608,0,0.00047692165,inner_val
ISIC_0460815,0,0.0034443964,inner_val
ISIC_0461128,0,0.028172938,inner_val
ISIC_0461706,0,0.007955373,inner_val
ISIC_0463755,0,0.0044122827,inner_val
ISIC_0465938,0,0.044218834,inner_val
ISIC_0468433,0,0.0011343117,inner_val
ISIC_0470210,0,0.008208098,inner_val
ISIC_0470224,0,0.13391417,inner_val
ISIC_0474481,0,0.0044748583,inner_val
ISIC_0474975,0,0.0017316211,inner_val
ISIC_0477898,0,0.0033789494,inner_val
ISIC_0481453,0,0.01141272,inner_val
ISIC_0483872,0,0.003490647,inner_val
ISIC_0484171,0,0.0030304645,inner_val
ISIC_0485417,0,0.009978383,inner_val
ISIC_0488192,0,0.0010890891,inner_val
ISIC_0489611,0,0.0033117994,inner_val
ISIC_0496209,0,0.0036265736,inner_val
ISIC_0498374,0,0.0011253082,inner_val
ISIC_0499971,0,0.040154744,inner_val
ISIC_0501506,0,0.002797973,inner_val
ISIC_0504868,0,0.013057745,inner_val
ISIC_0506901,0,0.05029109,inner_val
ISIC_0507787,0,0.012406778,inner_val
ISIC_0508284,0,0.00054163457,inner_val
ISIC_0515794,0,0.0011219269,inner_val
ISIC_0517121,0,0.017653614,inner_val
ISIC_0518352,0,0.0035238084,inner_val
ISIC_0520584,0,0.006669111,inner_val
ISIC_0523031,0,0.015171607,inner_val
ISIC_0523251,0,0.00577617,inner_val
ISIC_0525318,0,0.002910142,inner_val
ISIC_0525554,0,0.005406348,inner_val
ISIC_0526861,0,0.011003079,inner_val
ISIC_0528044,1,0.23348022,inner_val
ISIC_0528380,0,0.006805021,inner_val
ISIC_0528495,0,0.008620457,inner_val
ISIC_0533986,0,0.005549667,inner_val
ISIC_0534191,0,0.024592657,inner_val
ISIC_0535416,0,0.0053030667,inner_val
ISIC_0535843,0,0.005133529,inner_val
ISIC_0536321,0,0.0014053489,inner_val
ISIC_0536454,0,0.012746994,inner_val
ISIC_0536865,0,0.0012243341,inner_val
ISIC_0539604,0,0.0124852015,inner_val
ISIC_0542222,0,0.007114824,inner_val
ISIC_0543351,0,0.0012426665,inner_val
ISIC_0549531,0,0.010743779,inner_val
ISIC_0550051,0,0.0139442375,inner_val
ISIC_0550406,0,0.008177635,inner_val
ISIC_0551684,0,0.08367587,inner_val
ISIC_0553164,0,0.0004712943,inner_val
ISIC_0553509,0,0.035706576,inner_val
ISIC_0555529,0,0.0030268033,inner_val
ISIC_0560916,0,0.0011108466,inner_val
ISIC_0561873,0,0.005308002,inner_val
ISIC_0565120,0,0.00074165285,inner_val
ISIC_0566527,0,0.0065247486,inner_val
ISIC_0569360,0,0.0041827625,inner_val
ISIC_0570690,0,0.0010215573,inner_val
ISIC_0573518,0,0.00761252,inner_val
ISIC_0573656,0,0.0029030805,inner_val
ISIC_0573934,0,0.017169304,inner_val
ISIC_0574925,0,0.007193941,inner_val
ISIC_0580054,0,0.0007948288,inner_val
ISIC_0583827,0,0.0013373704,inner_val
ISIC_0584978,0,0.0060902005,inner_val
ISIC_0586396,0,0.016408058,inner_val
ISIC_0589461,0,0.03926724,inner_val
ISIC_0591097,0,0.016352119,inner_val
ISIC_0595080,0,0.002126445,inner_val
ISIC_0596607,0,0.0052270656,inner_val
ISIC_0602494,0,0.0014756472,inner_val
ISIC_0602889,0,0.0016056555,inner_val
ISIC_0605128,0,0.027868273,inner_val
ISIC_0605180,0,0.0017027645,inner_val
ISIC_0606583,0,0.0015365406,inner_val
ISIC_0608613,0,0.06322534,inner_val
ISIC_0610477,0,0.0019447309,inner_val
ISIC_0610849,0,0.007783979,inner_val
ISIC_0612291,0,0.0023633938,inner_val
ISIC_0615782,0,0.062016092,inner_val
ISIC_0616348,0,0.0044735097,inner_val
ISIC_0625629,0,0.0067215846,inner_val
ISIC_0633259,0,0.000865526,inner_val
ISIC_0634028,0,0.0016613685,inner_val
ISIC_0641330,0,0.005202093,inner_val
ISIC_0644590,0,0.011085942,inner_val
ISIC_0644970,0,0.0015651867,inner_val
ISIC_0645462,0,0.03331978,inner_val
ISIC_0645777,0,0.0052511417,inner_val
ISIC_0650126,0,0.0028049762,inner_val
ISIC_0650784,0,0.042119257,inner_val
ISIC_0651166,0,0.0008327708,inner_val
ISIC_0662911,0,0.013730686,inner_val
ISIC_0663631,0,0.0015019365,inner_val
ISIC_0668165,0,0.0009767606,inner_val
ISIC_0674629,0,0.0010160451,inner_val
ISIC_0676126,0,0.038535934,inner_val
ISIC_0680023,0,0.0041993037,inner_val
ISIC_0682403,0,0.0075510605,inner_val
ISIC_0683389,0,0.0015162143,inner_val
ISIC_0684995,0,0.008252199,inner_val
ISIC_0687455,0,0.009025285,inner_val
ISIC_0687593,0,0.0032782194,inner_val
ISIC_0687788,0,0.009664542,inner_val
ISIC_0688622,0,0.0142037785,inner_val
ISIC_0689091,0,0.0065320353,inner_val
ISIC_0690822,0,0.0005867003,inner_val
ISIC_0694037,0,0.0097065745,inner_val
ISIC_0694381,0,0.0008215627,inner_val
ISIC_0694559,0,0.0006727945,inner_val
ISIC_0696027,0,0.0008907044,inner_val
ISIC_0696408,0,0.0109095285,inner_val
ISIC_0697138,0,0.008389338,inner_val
ISIC_0699098,0,0.0033914524,inner_val
ISIC_0704859,0,0.0066327695,inner_val
ISIC_0705641,0,0.020143516,inner_val
ISIC_0707619,0,0.010957127,inner_val
ISIC_0707824,0,0.0039943247,inner_val
ISIC_0716858,0,0.023076018,inner_val
ISIC_0720013,0,0.00499611,inner_val
ISIC_0720915,0,0.0015663794,inner_val
ISIC_0723780,0,0.0030777082,inner_val
ISIC_0728868,0,0.0007147336,inner_val
ISIC_0732636,0,0.05386912,inner_val
ISIC_0740001,0,0.007816643,inner_val
ISIC_0740449,0,0.0009845664,inner_val
ISIC_0748377,0,0.0017974294,inner_val
ISIC_0750683,0,0.03576978,inner_val
ISIC_0753250,0,0.0036772701,inner_val
ISIC_0754049,0,0.00060552434,inner_val
ISIC_0754789,0,0.013190576,inner_val
ISIC_0755778,0,0.0014060122,inner_val
ISIC_0758729,0,0.0010584748,inner_val
ISIC_0759561,0,0.0031275887,inner_val
ISIC_0759612,0,0.0034273444,inner_val
ISIC_0760892,0,0.010614921,inner_val
ISIC_0761158,0,0.008354463,inner_val
ISIC_0765397,0,0.0011254138,inner_val
ISIC_0766328,0,0.0019102377,inner_val
ISIC_0767028,0,0.0038344795,inner_val
ISIC_0769159,0,0.0016741848,inner_val
ISIC_0770772,0,0.001168018,inner_val
ISIC_0773096,0,0.011835697,inner_val
ISIC_0773907,0,0.003251745,inner_val
ISIC_0786366,0,0.003582567,inner_val
ISIC_0786913,0,0.008955548,inner_val
ISIC_0787851,0,0.01696891,inner_val
ISIC_0790942,0,0.0034340431,inner_val
ISIC_0792879,0,0.00074760104,inner_val
ISIC_0795514,0,0.0018594868,inner_val
ISIC_0796345,0,0.0019627495,inner_val
ISIC_0798355,0,0.007495558,inner_val
ISIC_0803154,0,0.00345175,inner_val
ISIC_0803667,0,0.004856867,inner_val
ISIC_0803691,0,0.0035456086,inner_val
ISIC_0804420,0,0.011093615,inner_val
ISIC_0808309,0,0.0114285,inner_val
ISIC_0809112,0,0.0047752513,inner_val
ISIC_0812959,0,0.017553292,inner_val
ISIC_0813485,0,0.010276572,inner_val
ISIC_0814097,0,0.0033539983,inner_val
ISIC_0817172,0,0.03283759,inner_val
ISIC_0819357,0,0.023381928,inner_val
ISIC_0822842,0,0.018185422,inner_val
ISIC_0826710,0,0.02275774,inner_val
ISIC_0826998,0,0.00345526,inner_val
ISIC_0828310,0,0.008344388,inner_val
ISIC_0833889,1,0.0067721815,inner_val
ISIC_0839323,0,0.034124076,inner_val
ISIC_0839367,0,0.011267215,inner_val
ISIC_0840730,0,0.0029921175,inner_val
ISIC_0842999,0,0.027321102,inner_val
ISIC_0845275,0,0.015184391,inner_val
ISIC_0848126,0,0.052732628,inner_val
ISIC_0850065,0,0.0020253987,inner_val
ISIC_0853280,0,0.008719628,inner_val
ISIC_0854727,0,0.0011156129,inner_val
ISIC_0856856,0,0.0011546809,inner_val
ISIC_0857978,0,0.05280149,inner_val
ISIC_0860320,0,0.004783689,inner_val
ISIC_0860622,0,0.004185876,inner_val
ISIC_0861066,0,0.05093207,inner_val
ISIC_0861322,0,0.001437784,inner_val
ISIC_0862797,0,0.008352839,inner_val
ISIC_0863691,0,0.019890964,inner_val
ISIC_0865443,0,0.001592227,inner_val
ISIC_0869231,0,0.015203485,inner_val
ISIC_0871035,0,0.005741861,inner_val
ISIC_0871853,0,0.0019578545,inner_val
ISIC_0875971,0,0.007506619,inner_val
ISIC_0879635,0,0.05344389,inner_val
ISIC_0880061,0,0.0015167639,inner_val
ISIC_0880095,0,0.004424062,inner_val
ISIC_0885785,0,0.0014183457,inner_val
ISIC_0886519,0,0.0020729958,inner_val
ISIC_0889483,0,0.024167966,inner_val
ISIC_0889988,0,0.032901432,inner_val
ISIC_0893996,0,0.0023092972,inner_val
ISIC_0900210,0,0.0017357556,inner_val
ISIC_0900216,0,0.061901063,inner_val
ISIC_0900349,0,0.0023209609,inner_val
ISIC_0901864,0,0.0015699667,inner_val
ISIC_0904712,0,0.03767602,inner_val
ISIC_0906613,0,0.006306925,inner_val
ISIC_0911989,0,0.00067982444,inner_val
ISIC_0915311,0,0.0010567643,inner_val
ISIC_0918078,0,0.00093711587,inner_val
ISIC_0924427,1,0.062741645,inner_val
ISIC_0927854,0,0.010990803,inner_val
ISIC_0928581,0,0.004827847,inner_val
ISIC_0930135,0,0.0014204328,inner_val
ISIC_0931218,0,0.0009926019,inner_val
ISIC_0934367,0,0.00084191357,inner_val
ISIC_0935859,0,0.0039689583,inner_val
ISIC_0939558,0,0.0009874753,inner_val
ISIC_0941302,0,0.0028414663,inner_val
ISIC_0942056,0,0.0051769568,inner_val
ISIC_0943089,0,0.0010779415,inner_val
ISIC_0945844,0,0.0023085878,inner_val
ISIC_0947525,0,0.007621873,inner_val
ISIC_0951915,0,0.011171408,inner_val
ISIC_0952665,0,0.006722107,inner_val
ISIC_0953709,0,0.024354095,inner_val
ISIC_0956562,0,0.002727948,inner_val
ISIC_0960088,0,0.0016229856,inner_val
ISIC_0965652,0,0.005088766,inner_val
ISIC_0970616,0,0.011762929,inner_val
ISIC_0973856,0,0.0031740146,inner_val
ISIC_0981775,0,0.005718953,inner_val
ISIC_0984825,0,0.002203806,inner_val
ISIC_0987749,0,0.0018366333,inner_val
ISIC_0987830,0,0.0015219657,inner_val
ISIC_0988712,0,0.0037138723,inner_val
ISIC_0990942,0,0.017744608,inner_val
ISIC_0996501,0,0.03890833,inner_val
ISIC_1000648,0,0.0022371183,inner_val
ISIC_1001477,0,0.018389499,inner_val
ISIC_1005038,0,0.0027264808,inner_val
ISIC_1005544,0,0.0032481703,inner_val
ISIC_1007838,0,0.0061633,inner_val
ISIC_1010525,0,0.00062046904,inner_val
ISIC_1013796,0,0.0007792895,inner_val
ISIC_1015191,0,0.001092891,inner_val
ISIC_1020208,0,0.0058697024,inner_val
ISIC_1020369,0,0.0052319597,inner_val
ISIC_1020405,0,0.00051173643,inner_val
ISIC_1023010,0,0.008916105,inner_val
ISIC_1023339,0,0.009056645,inner_val
ISIC_1023810,0,0.0030642734,inner_val
ISIC_1026770,0,0.0008310351,inner_val
ISIC_1027512,0,0.0014399855,inner_val
ISIC_1028550,0,0.0026262014,inner_val
ISIC_1029700,0,0.011550955,inner_val
ISIC_1034397,0,0.007303794,inner_val
ISIC_1034411,0,0.0068696775,inner_val
ISIC_1037947,0,0.0006186058,inner_val
ISIC_1040841,0,0.0010936783,inner_val
ISIC_1044758,0,0.0012145673,inner_val
ISIC_1045252,0,0.0052317395,inner_val
ISIC_1051595,0,0.0004901778,inner_val
ISIC_1052148,0,0.009818617,inner_val
ISIC_1052782,0,0.012272628,inner_val
ISIC_1058326,0,0.0024083136,inner_val
ISIC_1071458,0,0.027340814,inner_val
ISIC_1074629,0,0.011343833,inner_val
ISIC_1075605,0,0.0039332155,inner_val
ISIC_1076339,0,0.0014781647,inner_val
ISIC_1078854,0,0.0018437945,inner_val
ISIC_1081510,0,0.0008502849,inner_val
ISIC_1083681,0,0.0012215502,inner_val
ISIC_1089746,0,0.002480053,inner_val
ISIC_1090562,0,0.0028976211,inner_val
ISIC_1093647,0,0.0016121746,inner_val
ISIC_1093722,0,0.024066668,inner_val
ISIC_1101667,0,0.0092048505,inner_val
ISIC_1103365,0,0.0022700452,inner_val
ISIC_1104762,0,0.0005956398,inner_val
ISIC_1105059,0,0.0071526496,inner_val
ISIC_1106860,0,0.0074824933,inner_val
ISIC_1110949,0,0.00569575,inner_val
ISIC_1111173,0,0.0022154977,inner_val
ISIC_1111313,0,0.0021955224,inner_val
ISIC_1113271,0,0.018484835,inner_val
ISIC_1113490,1,0.008974044,inner_val
ISIC_1116037,0,0.0075646336,inner_val
ISIC_1117214,0,0.027097717,inner_val
ISIC_1117369,0,0.0043996344,inner_val
ISIC_1120654,0,0.0043221815,inner_val
ISIC_1121740,0,0.008727668,inner_val
ISIC_1127430,0,0.013455123,inner_val
ISIC_1127653,0,0.0041392343,inner_val
ISIC_1128371,0,0.01852698,inner_val
ISIC_1137178,0,0.0037336638,inner_val
ISIC_1138232,0,0.009283486,inner_val
ISIC_1140410,0,0.0039350707,inner_val
ISIC_1145706,0,0.0008224961,inner_val
ISIC_1146341,0,0.0020417746,inner_val
ISIC_1147733,0,0.0012488129,inner_val
ISIC_1149469,0,0.014666997,inner_val
ISIC_1151929,0,0.01722023,inner_val
ISIC_1152559,0,0.0025608707,inner_val
ISIC_1152648,0,0.0005475239,inner_val
ISIC_1157007,0,0.008209541,inner_val
ISIC_1157790,0,0.009704402,inner_val
ISIC_1163258,0,0.0010924689,inner_val
ISIC_1163426,0,0.010262342,inner_val
ISIC_1166446,0,0.0021305184,inner_val
ISIC_1169095,0,0.0013492362,inner_val
ISIC_1176575,0,0.0022231278,inner_val
ISIC_1176987,0,0.0037947712,inner_val
ISIC_1179160,0,0.0007539482,inner_val
ISIC_1192974,0,0.0015587244,inner_val
ISIC_1194836,0,0.0013367541,inner_val
ISIC_1196660,0,0.01194739,inner_val
ISIC_1197692,0,0.0647203,inner_val
ISIC_1198405,0,0.0015133597,inner_val
ISIC_1201523,0,0.0049455445,inner_val
ISIC_1201873,0,0.00050012296,inner_val
ISIC_1207789,0,0.005195388,inner_val
ISIC_1211024,0,0.014839566,inner_val
ISIC_1215482,0,0.0011130192,inner_val
ISIC_1218358,0,0.00497041,inner_val
ISIC_1219894,0,0.04525855,inner_val
ISIC_1221691,0,0.00093282614,inner_val
ISIC_1222640,0,0.0008899557,inner_val
ISIC_1225412,0,0.00057493715,inner_val
ISIC_1228927,0,0.01137472,inner_val
ISIC_1233389,0,0.0010373589,inner_val
ISIC_1237271,0,0.0011456324,inner_val
ISIC_1237500,0,0.0012153914,inner_val
ISIC_1239373,0,0.0006765546,inner_val
ISIC_1239785,0,0.010722262,inner_val
ISIC_1241304,0,0.004582002,inner_val
ISIC_1241645,0,0.0010395903,inner_val
ISIC_1241817,1,0.046166666,inner_val
ISIC_1247037,0,0.0018574992,inner_val
ISIC_1247284,0,0.0008240643,inner_val
ISIC_1248275,0,0.00758204,inner_val
ISIC_1256143,0,0.009023685,inner_val
ISIC_1258986,0,0.012384123,inner_val
ISIC_1260515,0,0.019470567,inner_val
ISIC_1268027,0,0.0006196978,inner_val
ISIC_1272071,0,0.010939174,inner_val
ISIC_1272768,0,0.0028330886,inner_val
ISIC_1274220,0,0.028213404,inner_val
ISIC_1280112,0,0.005220192,inner_val
ISIC_1280780,0,0.013166596,inner_val
ISIC_1282063,0,0.006647127,inner_val
ISIC_1285870,0,0.0028787078,inner_val
ISIC_1286298,0,0.029085122,inner_val
ISIC_1287495,0,0.0023422618,inner_val
ISIC_1289608,0,0.0011236635,inner_val
ISIC_1290920,0,0.004188769,inner_val
ISIC_1296817,0,0.00070591934,inner_val
ISIC_1304291,0,0.0016141536,inner_val
ISIC_1306020,0,0.0013307597,inner_val
ISIC_1306050,0,0.0077875885,inner_val
ISIC_1307651,0,0.0018941307,inner_val
ISIC_1308081,0,0.0016818701,inner_val
ISIC_1308938,0,0.0011814783,inner_val
ISIC_1323471,0,0.0009146825,inner_val
ISIC_1324618,0,0.00052560715,inner_val
ISIC_1328868,0,0.017805457,inner_val
ISIC_1346562,0,0.012101856,inner_val
ISIC_1348050,0,0.0006579326,inner_val
ISIC_1349042,0,0.03788067,inner_val
ISIC_1349213,0,0.019479116,inner_val
ISIC_1349353,0,0.0013731205,inner_val
ISIC_1351965,0,0.01655979,inner_val
ISIC_1353094,0,0.005413933,inner_val
ISIC_1353530,0,0.005647831,inner_val
ISIC_1353668,0,0.0038980187,inner_val
ISIC_1355890,0,0.060869318,inner_val
ISIC_1359533,0,0.0021438336,inner_val
ISIC_1361124,0,0.025531601,inner_val
ISIC_1362234,0,0.004268222,inner_val
ISIC_1367387,0,0.0052767717,inner_val
ISIC_1368367,0,0.0164354,inner_val
ISIC_1368549,0,0.0014545372,inner_val
ISIC_1373573,0,0.0014998598,inner_val
ISIC_1383347,0,0.013343617,inner_val
ISIC_1386612,0,0.031287923,inner_val
ISIC_1388650,0,0.010046795,inner_val
ISIC_1393528,0,0.0011506994,inner_val
ISIC_1393849,0,0.0010312811,inner_val
ISIC_1394746,0,0.0010314825,inner_val
ISIC_1397669,0,0.010377246,inner_val
ISIC_1400825,0,0.0062436494,inner_val
ISIC_1401396,0,0.0016024613,inner_val
ISIC_1402407,0,0.005330976,inner_val
ISIC_1402840,0,0.001544075,inner_val
ISIC_1414751,0,0.011540692,inner_val
ISIC_1414967,0,0.0038455238,inner_val
ISIC_1425961,0,0.0014573172,inner_val
ISIC_1426781,0,0.021520497,inner_val
ISIC_1428473,0,0.04027654,inner_val
ISIC_1429608,0,0.0013768047,inner_val
ISIC_1433921,0,0.004540888,inner_val
ISIC_1435946,0,0.0023265744,inner_val
ISIC_1437974,0,0.015057225,inner_val
ISIC_1438269,0,0.00022347452,inner_val
ISIC_1440985,1,0.011631958,inner_val
ISIC_1441260,0,0.001010106,inner_val
ISIC_1443134,0,0.01177917,inner_val
ISIC_1445790,0,0.0008673097,inner_val
ISIC_1451530,0,0.0011653495,inner_val
ISIC_1452314,0,0.003287366,inner_val
ISIC_1452626,0,0.001148511,inner_val
ISIC_1453787,0,0.00957563,inner_val
ISIC_1454004,0,0.00095581525,inner_val
ISIC_1456390,0,0.0023873083,inner_val
ISIC_1457687,0,0.0034632045,inner_val
ISIC_1467006,0,0.0035819784,inner_val
ISIC_1467289,0,0.0052731684,inner_val
ISIC_1467430,0,0.0039208415,inner_val
ISIC_1470271,0,0.007273619,inner_val
ISIC_1476281,0,0.0019553227,inner_val
ISIC_1477076,0,0.0023463324,inner_val
ISIC_1477615,0,0.0009920469,inner_val
ISIC_1479183,0,0.021610009,inner_val
ISIC_1480119,0,0.0038365163,inner_val
ISIC_1481965,0,0.0019423408,inner_val
ISIC_1483503,0,0.0018923113,inner_val
ISIC_1487510,0,0.0029595217,inner_val
ISIC_1487856,0,0.04005529,inner_val
ISIC_1488047,0,0.016143207,inner_val
ISIC_1488727,0,0.0011973503,inner_val
ISIC_1496194,0,0.0014878764,inner_val
ISIC_1497121,0,0.001943689,inner_val
ISIC_1501483,0,0.011308645,inner_val
ISIC_1502460,0,0.011669536,inner_val
ISIC_1504257,0,0.0011063495,inner_val
ISIC_1505069,0,0.0022729554,inner_val
ISIC_1507583,0,0.0062035844,inner_val
ISIC_1508162,0,0.110559836,inner_val
ISIC_1509056,0,0.00301675,inner_val
ISIC_1509417,0,0.012280052,inner_val
ISIC_1509635,0,0.0015269854,inner_val
ISIC_1511109,0,0.007230538,inner_val
ISIC_1511613,0,0.022102682,inner_val
ISIC_1511661,0,0.0038763536,inner_val
ISIC_1515413,0,0.001745354,inner_val
ISIC_1517730,0,0.0015129636,inner_val
ISIC_1519429,0,0.0034721983,inner_val
ISIC_1519698,0,0.0019628718,inner_val
ISIC_1533383,0,0.0009350994,inner_val
ISIC_1536177,0,0.0045586424,inner_val
ISIC_1537939,0,0.0065785223,inner_val
ISIC_1537958,0,0.0034127624,inner_val
ISIC_1543544,0,0.001831361,inner_val
ISIC_1545213,0,0.007327584,inner_val
ISIC_1546149,0,0.0012792612,inner_val
ISIC_1546958,0,0.003792169,inner_val
ISIC_1549005,0,0.0032095572,inner_val
ISIC_1557225,0,0.0013341581,inner_val
ISIC_1561068,0,0.007616948,inner_val
ISIC_1566931,0,0.011472089,inner_val
ISIC_1568268,0,0.009787069,inner_val
ISIC_1569775,0,0.0009190828,inner_val
ISIC_1571860,0,0.0018040411,inner_val
ISIC_1574020,0,0.0011311037,inner_val
ISIC_1576437,0,0.0040561617,inner_val
ISIC_1578507,0,0.0027158828,inner_val
ISIC_1579745,0,0.008186434,inner_val
ISIC_1580034,0,0.0011049391,inner_val
ISIC_1583201,0,0.0035544017,inner_val
ISIC_1584693,0,0.012526217,inner_val
ISIC_1584861,0,0.0019925495,inner_val
ISIC_1585370,0,0.0008799378,inner_val
ISIC_1590814,0,0.0005809729,inner_val
ISIC_1591010,0,0.0052026017,inner_val
ISIC_1595496,0,0.0008908695,inner_val
ISIC_1597566,0,0.030543124,inner_val
ISIC_1598039,0,0.0010239,inner_val
ISIC_1600554,0,0.0008330163,inner_val
ISIC_1604307,0,0.0023258042,inner_val
ISIC_1611703,0,0.0008347263,inner_val
ISIC_1612236,0,0.0088056335,inner_val
ISIC_1613328,0,0.0010011676,inner_val
ISIC_1617888,0,0.0006352451,inner_val
ISIC_1618302,0,0.020733073,inner_val
ISIC_1621479,0,0.0032014272,inner_val
ISIC_1621961,0,0.0010704013,inner_val
ISIC_1624520,0,0.008118947,inner_val
ISIC_1626359,0,0.00082292414,inner_val
ISIC_1627111,0,0.0035702651,inner_val
ISIC_1629539,0,0.0044397064,inner_val
ISIC_1631649,0,0.013565869,inner_val
ISIC_1632009,0,0.007917828,inner_val
ISIC_1632313,0,0.01478593,inner_val
ISIC_1632655,0,0.0016922035,inner_val
ISIC_1632949,0,0.012611243,inner_val
ISIC_1633816,0,0.023391502,inner_val
ISIC_1636399,0,0.0010956711,inner_val
ISIC_1637401,0,0.00041049015,inner_val
ISIC_1640614,0,0.0014896131,inner_val
ISIC_1640666,0,0.012491317,inner_val
ISIC_1641823,0,0.0011421052,inner_val
ISIC_1643979,0,0.0046508503,inner_val
ISIC_1645535,0,0.0013550757,inner_val
ISIC_1645738,0,0.0008661869,inner_val
ISIC_1657007,0,0.007852779,inner_val
ISIC_1658978,0,0.0006676666,inner_val
ISIC_1659656,0,0.0037149063,inner_val
ISIC_1659777,0,0.0128334835,inner_val
ISIC_1660143,0,0.0008752691,inner_val
ISIC_1660279,0,0.0013922009,inner_val
ISIC_1660316,0,0.051301073,inner_val
ISIC_1660565,0,0.00854644,inner_val
ISIC_1662872,0,0.016480306,inner_val
ISIC_1665153,0,0.0041903723,inner_val
ISIC_1670106,0,0.0024559456,inner_val
ISIC_1671282,0,0.00335247,inner_val
ISIC_1672688,0,0.008123437,inner_val
ISIC_1676353,0,0.0010992242,inner_val
ISIC_1677092,0,0.004024997,inner_val
ISIC_1680153,0,0.00869324,inner_val
ISIC_1684829,0,0.001084292,inner_val
ISIC_1694480,0,0.0004653439,inner_val
ISIC_1695065,0,0.00085857045,inner_val
ISIC_1696070,0,0.005971764,inner_val
ISIC_1698302,0,0.015423734,inner_val
ISIC_1698805,0,0.0019066527,inner_val
ISIC_1700029,0,0.00074253185,inner_val
ISIC_1700928,0,0.012185617,inner_val
ISIC_1707324,0,0.02460934,inner_val
ISIC_1712329,0,0.0008658089,inner_val
ISIC_1713413,0,0.004022373,inner_val
ISIC_1719433,0,0.020199254,inner_val
ISIC_1722494,0,0.031890877,inner_val
ISIC_1727499,0,0.00242654,inner_val
ISIC_1729039,0,0.031223632,inner_val
ISIC_1729351,0,0.004823865,inner_val
ISIC_1730495,0,0.005223412,inner_val
ISIC_1731230,0,0.027657798,inner_val
ISIC_1731411,0,0.0034741277,inner_val
ISIC_1736914,0,0.0012986015,inner_val
ISIC_1737276,0,0.0018771843,inner_val
ISIC_1737600,0,0.010164591,inner_val
ISIC_1738117,0,0.024528971,inner_val
ISIC_1740186,0,0.0015033545,inner_val
ISIC_1740430,0,0.03882173,inner_val
ISIC_1741747,0,0.03190904,inner_val
ISIC_1746070,0,0.001799125,inner_val
ISIC_1746717,0,0.07708994,inner_val
ISIC_1750235,0,0.028527765,inner_val
ISIC_1753360,0,0.008410384,inner_val
ISIC_1756631,0,0.014135027,inner_val
ISIC_1763577,0,0.007205151,inner_val
ISIC_1768325,0,0.020019101,inner_val
ISIC_1777292,0,0.0010234339,inner_val
ISIC_1777763,0,0.009068559,inner_val
ISIC_1778400,0,0.0031199937,inner_val
ISIC_1781273,0,0.0061532897,inner_val
ISIC_1782545,0,0.009133211,inner_val
ISIC_1784340,0,0.032184467,inner_val
ISIC_1785671,0,0.017792694,inner_val
ISIC_1787444,0,0.008048272,inner_val
ISIC_1790549,0,0.0031158717,inner_val
ISIC_1790960,0,0.00409713,inner_val
ISIC_1792867,0,0.0024164887,inner_val
ISIC_1793624,0,0.007058527,inner_val
ISIC_1795529,0,0.022189397,inner_val
ISIC_1797104,0,0.0006421094,inner_val
ISIC_1798800,0,0.016693765,inner_val
ISIC_1799849,0,0.00094329205,inner_val
ISIC_1801631,0,0.0011446604,inner_val
ISIC_1801687,0,0.0130241,inner_val
ISIC_1803252,0,0.0028220667,inner_val
ISIC_1805163,0,0.0009281691,inner_val
ISIC_1805602,0,0.002472429,inner_val
ISIC_1806179,0,0.00931979,inner_val
ISIC_1806761,0,0.009693429,inner_val
ISIC_1811256,0,0.14829178,inner_val
ISIC_1821825,0,0.0014460606,inner_val
ISIC_1826803,0,0.13966662,inner_val
ISIC_1832110,0,0.0009993237,inner_val
ISIC_1833337,0,0.0058335084,inner_val
ISIC_1833947,0,0.0029489568,inner_val
ISIC_1836985,0,0.004262764,inner_val
ISIC_1844585,0,0.0011511939,inner_val
ISIC_1845926,0,0.0010649946,inner_val
ISIC_1850790,0,0.005157876,inner_val
ISIC_1850815,0,0.004071454,inner_val
ISIC_1851112,0,0.0013627737,inner_val
ISIC_1851709,0,0.0037870852,inner_val
ISIC_1851985,0,0.00081876956,inner_val
ISIC_1854582,0,0.014663704,inner_val
ISIC_1860049,0,0.0013903499,inner_val
ISIC_1865347,0,0.02572063,inner_val
ISIC_1866770,1,0.03943833,inner_val
ISIC_1872534,0,0.0042054574,inner_val
ISIC_1874480,0,0.01157601,inner_val
ISIC_1874969,0,0.001273047,inner_val
ISIC_1875729,0,0.0025280567,inner_val
ISIC_1877216,0,0.0012912755,inner_val
ISIC_1878443,0,0.001762305,inner_val
ISIC_1878481,0,0.009334321,inner_val
ISIC_1880716,0,0.011564269,inner_val
ISIC_1885174,0,0.02365801,inner_val
ISIC_1886413,0,0.040327966,inner_val
ISIC_1886480,0,0.0016832758,inner_val
ISIC_1887093,0,0.0020912904,inner_val
ISIC_1887647,0,0.0031826834,inner_val
ISIC_1890558,0,0.007169455,inner_val
ISIC_1891515,0,0.037206046,inner_val
ISIC_1891539,0,0.0008759169,inner_val
ISIC_1892011,0,0.0060467087,inner_val
ISIC_1894141,0,0.069785036,inner_val
ISIC_1897994,0,0.0055223233,inner_val
ISIC_1900433,0,0.037137475,inner_val
ISIC_1904481,0,0.0017080187,inner_val
ISIC_1908424,0,0.0134464735,inner_val
ISIC_1911390,0,0.0011353743,inner_val
ISIC_1918027,0,0.004447062,inner_val
ISIC_1919114,0,0.011303331,inner_val
ISIC_1922657,0,0.002148394,inner_val
ISIC_1924232,0,0.0011112272,inner_val
ISIC_1925533,0,0.0010301248,inner_val
ISIC_1926499,0,0.006350336,inner_val
ISIC_1929654,0,0.040720876,inner_val
ISIC_1932586,0,0.0076797833,inner_val
ISIC_1933891,0,0.031043576,inner_val
ISIC_1935204,0,0.035914462,inner_val
ISIC_1935643,0,0.0014209535,inner_val
ISIC_1936882,0,0.002154772,inner_val
ISIC_1937197,0,0.0022534463,inner_val
ISIC_1939931,0,0.0010074802,inner_val
ISIC_1940615,0,0.0110498,inner_val
ISIC_1944712,0,0.022979103,inner_val
ISIC_1944752,0,0.0016619934,inner_val
ISIC_1949047,0,0.0008796481,inner_val
ISIC_1950282,0,0.00078727043,inner_val
ISIC_1950569,0,0.025764382,inner_val
ISIC_1950847,0,0.015123505,inner_val
ISIC_1952298,0,0.0022262034,inner_val
ISIC_1957488,0,0.0014908236,inner_val
ISIC_1957685,0,0.0034555343,inner_val
ISIC_1959715,0,0.0014603505,inner_val
ISIC_1960446,0,0.0006618854,inner_val
ISIC_1967651,0,0.0013862447,inner_val
ISIC_1968499,0,0.0031778642,inner_val
ISIC_1970368,0,0.00093559397,inner_val
ISIC_1970738,0,0.023192998,inner_val
ISIC_1973151,0,0.0053513036,inner_val
ISIC_1976571,0,0.0069015273,inner_val
ISIC_1979996,0,0.015221236,inner_val
ISIC_1988080,0,0.002708253,inner_val
ISIC_1988596,0,0.02209898,inner_val
ISIC_1988777,0,0.010105825,inner_val
ISIC_1990046,0,0.006465542,inner_val
ISIC_1990651,0,0.0021200012,inner_val
ISIC_1993529,0,0.0016487192,inner_val
ISIC_1994455,0,0.010400267,inner_val
ISIC_1995882,0,0.0011749935,inner_val
ISIC_2000000,0,0.0025756669,inner_val
ISIC_2000319,0,0.00085395813,inner_val
ISIC_2001699,0,0.0021087977,inner_val
ISIC_2011408,0,0.0068277917,inner_val
ISIC_2012245,0,0.008522235,inner_val
ISIC_2012388,0,0.017501503,inner_val
ISIC_2012967,0,0.0036990582,inner_val
ISIC_2013664,0,0.00089003204,inner_val
ISIC_2019386,0,0.0031067245,inner_val
ISIC_2024062,0,0.005377585,inner_val
ISIC_2027733,0,0.00083872594,inner_val
ISIC_2028658,0,0.005076351,inner_val
ISIC_2029418,0,0.00066442636,inner_val
ISIC_2030101,0,0.01630195,inner_val
ISIC_2030997,0,0.0008995313,inner_val
ISIC_2031360,0,0.0006974247,inner_val
ISIC_2032658,0,0.10385466,inner_val
ISIC_2038024,0,0.0049249777,inner_val
ISIC_2047791,0,0.0010294453,inner_val
ISIC_2049142,0,0.010520287,inner_val
ISIC_2052192,0,0.034273148,inner_val
ISIC_2052529,0,0.0015567866,inner_val
ISIC_2054066,0,0.02687358,inner_val
ISIC_2054436,0,0.0048077395,inner_val
ISIC_2056468,0,0.005846484,inner_val
ISIC_2058516,0,0.0032925645,inner_val
ISIC_2060846,0,0.0018390109,inner_val
ISIC_2061854,0,0.0056194635,inner_val
ISIC_2061933,0,0.0011049876,inner_val
ISIC_2069179,0,0.0046142414,inner_val
ISIC_2072219,1,0.025835536,inner_val
ISIC_2077116,1,0.0055386885,inner_val
ISIC_2079300,0,0.0077865506,inner_val
ISIC_2079758,0,0.002681701,inner_val
ISIC_2082721,0,0.006649665,inner_val
ISIC_2083499,0,0.006188334,inner_val
ISIC_2087826,0,0.0012757854,inner_val
ISIC_2087913,0,0.0034436453,inner_val
ISIC_2088750,0,0.00044052585,inner_val
ISIC_2097198,0,0.0028471642,inner_val
ISIC_2098084,0,0.00091941835,inner_val
ISIC_2098959,0,0.020164516,inner_val
ISIC_2102228,0,0.0014795772,inner_val
ISIC_2104267,0,0.03057177,inner_val
ISIC_2105563,1,0.008562685,inner_val
ISIC_2106041,0,0.0015471347,inner_val
ISIC_2106823,0,0.00066743884,inner_val
ISIC_2109766,0,0.018443951,inner_val
ISIC_2123846,0,0.002305611,inner_val
ISIC_2124213,0,0.001118297,inner_val
ISIC_2127185,0,0.000580155,inner_val
ISIC_2129292,0,0.0039086533,inner_val
ISIC_2131962,0,0.00042562318,inner_val
ISIC_2133980,0,0.032330073,inner_val
ISIC_2134267,0,0.00081505487,inner_val
ISIC_2137735,0,0.06482169,inner_val
ISIC_2139752,0,0.002122947,inner_val
ISIC_2143557,0,0.004973609,inner_val
ISIC_2147549,0,0.0028676507,inner_val
ISIC_2149531,0,0.0023489324,inner_val
ISIC_2150221,0,0.058694396,inner_val
ISIC_2156526,0,0.0006993339,inner_val
ISIC_2157630,0,0.010763482,inner_val
ISIC_2157951,0,0.014965077,inner_val
ISIC_2158377,0,0.00089575606,inner_val
ISIC_2158871,0,0.012052019,inner_val
ISIC_2159982,0,0.003920687,inner_val
ISIC_2160139,0,0.01844502,inner_val
ISIC_2161444,0,0.0008131291,inner_val
ISIC_2162728,0,0.009638562,inner_val
ISIC_2165840,0,0.0013177289,inner_val
ISIC_2169275,0,0.0008040066,inner_val
ISIC_2169311,0,0.001994423,inner_val
ISIC_2170086,0,0.0014211654,inner_val
ISIC_2171940,0,0.00082952005,inner_val
ISIC_2172329,0,0.0015401087,inner_val
ISIC_2172532,0,0.004284947,inner_val
ISIC_2174927,0,0.0043650256,inner_val
ISIC_2175722,0,0.0052714483,inner_val
ISIC_2176112,1,0.005236476,inner_val
ISIC_2176462,0,0.0018607856,inner_val
ISIC_2178689,0,0.013031948,inner_val
ISIC_2178817,0,0.033791725,inner_val
ISIC_2178834,0,0.0023141198,inner_val
ISIC_2186853,0,0.0017041317,inner_val
ISIC_2188566,0,0.0069877957,inner_val
ISIC_2189699,0,0.0072115627,inner_val
ISIC_2191924,0,0.012743389,inner_val
ISIC_2193223,0,0.008384215,inner_val
ISIC_2194762,0,0.013051601,inner_val
ISIC_2198244,0,0.0012810957,inner_val
ISIC_2198278,0,0.00040874176,inner_val
ISIC_2199155,0,0.0024888609,inner_val
ISIC_2204100,0,0.011233719,inner_val
ISIC_2210565,0,0.005628594,inner_val
ISIC_2211337,0,0.0060511148,inner_val
ISIC_2211403,0,0.0007830608,inner_val
ISIC_2212100,0,0.010897783,inner_val
ISIC_2221993,0,0.005525647,inner_val
ISIC_2222349,0,0.0024586492,inner_val
ISIC_2226341,0,0.005921894,inner_val
ISIC_2232546,0,0.0022646205,inner_val
ISIC_2234076,0,0.0006645794,inner_val
ISIC_2236668,0,0.051040467,inner_val
ISIC_2237868,0,0.00064196374,inner_val
ISIC_2239134,0,0.0014892741,inner_val
ISIC_2243372,0,0.002716048,inner_val
ISIC_2243924,0,0.0011063131,inner_val
ISIC_2249623,0,0.010255031,inner_val
ISIC_2250871,0,0.0015594712,inner_val
ISIC_2251480,0,0.0020110407,inner_val
ISIC_2252958,0,0.0007416044,inner_val
ISIC_2255966,0,0.009751425,inner_val
ISIC_2258612,0,0.0040075267,inner_val
ISIC_2263504,0,0.0012076562,inner_val
ISIC_2265409,0,0.13402201,inner_val
ISIC_2266290,0,0.0011683233,inner_val
ISIC_2266369,0,0.018407797,inner_val
ISIC_2273556,0,0.0012450437,inner_val
ISIC_2273860,0,0.006279256,inner_val
ISIC_2277876,0,0.00052832504,inner_val
ISIC_2278042,0,0.0009810163,inner_val
ISIC_2279329,0,0.0019275501,inner_val
ISIC_2281984,0,0.038997464,inner_val
ISIC_2283702,0,0.0008745672,inner_val
ISIC_2284769,0,0.025686733,inner_val
ISIC_2286375,0,0.022524897,inner_val
ISIC_2288861,0,0.0014295323,inner_val
ISIC_2289462,0,0.007677251,inner_val
ISIC_2293230,0,0.001042459,inner_val
ISIC_2293255,0,0.074513935,inner_val
ISIC_2298329,0,0.008381182,inner_val
ISIC_2301843,0,0.0149147045,inner_val
ISIC_2302257,0,0.003497542,inner_val
ISIC_2306653,0,0.012139659,inner_val
ISIC_2307760,0,0.0018020999,inner_val
ISIC_2309744,1,0.06742343,inner_val
ISIC_2314289,0,0.008315244,inner_val
ISIC_2319929,0,0.0009389437,inner_val
ISIC_2320823,0,0.0024158682,inner_val
ISIC_2321940,0,0.002465439,inner_val
ISIC_2323049,0,0.0014804665,inner_val
ISIC_2323082,0,0.0012754981,inner_val
ISIC_2324440,0,0.001211509,inner_val
ISIC_2327393,0,0.012571221,inner_val
ISIC_2329722,0,0.09567036,inner_val
ISIC_2334224,0,0.0005012579,inner_val
ISIC_2334595,0,0.0008748564,inner_val
ISIC_2336763,0,0.16676585,inner_val
ISIC_2337907,1,0.14693972,inner_val
ISIC_2339849,0,0.001960831,inner_val
ISIC_2340635,0,0.0007420357,inner_val
ISIC_2342769,1,0.027688468,inner_val
ISIC_2344492,0,0.0062414785,inner_val
ISIC_2347821,0,0.0009152932,inner_val
ISIC_2348336,0,0.0026696206,inner_val
ISIC_2351776,0,0.0020841337,inner_val
ISIC_2354258,0,0.0006805822,inner_val
ISIC_2355662,0,0.0089463005,inner_val
ISIC_2357010,0,0.0020535893,inner_val
ISIC_2357533,0,0.065573394,inner_val
ISIC_2358170,0,0.0051738312,inner_val
ISIC_2358454,1,0.004117515,inner_val
ISIC_2359366,0,0.0016159136,inner_val
ISIC_2365225,0,0.0012957205,inner_val
ISIC_2374436,0,0.008833472,inner_val
ISIC_2376380,0,0.0064577297,inner_val
ISIC_2379024,0,0.0007130746,inner_val
ISIC_2379778,0,0.031424962,inner_val
ISIC_2380421,0,0.008715482,inner_val
ISIC_2385649,0,0.0012285952,inner_val
ISIC_2389688,0,0.005864988,inner_val
ISIC_2391542,0,0.0012095927,inner_val
ISIC_2391627,0,0.017004652,inner_val
ISIC_2397455,0,0.04061781,inner_val
ISIC_2399253,0,0.0012367094,inner_val
ISIC_2400515,0,0.042346526,inner_val
ISIC_2403471,0,0.0017813916,inner_val
ISIC_2404635,0,0.0012968057,inner_val
ISIC_2404691,0,0.0047153183,inner_val
ISIC_2404756,0,0.010904534,inner_val
ISIC_2404779,0,0.000877276,inner_val
ISIC_2406445,0,0.0061806208,inner_val
ISIC_2408442,0,0.0014045127,inner_val
ISIC_2410265,0,0.00636345,inner_val
ISIC_2414199,0,0.003581832,inner_val
ISIC_2414367,0,0.0053599444,inner_val
ISIC_2414373,0,0.0012011136,inner_val
ISIC_2420067,0,0.0015527309,inner_val
ISIC_2423162,0,0.0010790064,inner_val
ISIC_2428829,0,0.0034334639,inner_val
ISIC_2429824,0,0.008234708,inner_val
ISIC_2430937,0,0.0021435502,inner_val
ISIC_2431696,0,0.0016324844,inner_val
ISIC_2433960,0,0.007830971,inner_val
ISIC_2435789,0,0.008325572,inner_val
ISIC_2438935,0,0.0006501485,inner_val
ISIC_2440407,0,0.0007292121,inner_val
ISIC_2441954,0,0.0005797968,inner_val
ISIC_2443396,0,0.000357259,inner_val
ISIC_2444344,0,0.013338112,inner_val
ISIC_2448820,0,0.0007909992,inner_val
ISIC_2450662,0,0.011235393,inner_val
ISIC_2450785,0,0.005317643,inner_val
ISIC_2451671,0,0.011565244,inner_val
ISIC_2452729,0,0.007257114,inner_val
ISIC_2454898,0,0.0011581955,inner_val
ISIC_2456960,0,0.0015303494,inner_val
ISIC_2457024,0,0.004927654,inner_val
ISIC_2459724,0,0.0003435326,inner_val
ISIC_2463014,0,0.0008253727,inner_val
ISIC_2467153,0,0.0015263167,inner_val
ISIC_2468540,0,0.00959037,inner_val
ISIC_2470795,0,0.0013151335,inner_val
ISIC_2476092,0,0.0009922888,inner_val
ISIC_2479346,0,0.0088990815,inner_val
ISIC_2481408,0,0.0050866352,inner_val
ISIC_2482667,0,0.010015638,inner_val
ISIC_2484404,0,0.11888806,inner_val
ISIC_2485946,0,0.009737507,inner_val
ISIC_2487716,0,0.004946629,inner_val
ISIC_2489146,0,0.0046087955,inner_val
ISIC_2489834,0,0.0011397635,inner_val
ISIC_2490175,0,0.0038410767,inner_val
ISIC_2491020,0,0.0050293277,inner_val
ISIC_2492245,0,0.0077296263,inner_val
ISIC_2494060,0,0.00093954057,inner_val
ISIC_2496831,0,0.0004926799,inner_val
ISIC_2506200,0,0.0010805606,inner_val
ISIC_2507096,0,0.0107635725,inner_val
ISIC_2507340,0,0.0009590792,inner_val
ISIC_2507701,0,0.0013818746,inner_val
ISIC_2507944,0,0.001367331,inner_val
ISIC_2509850,0,0.0013467099,inner_val
ISIC_2511249,0,0.0007349927,inner_val
ISIC_2513343,0,0.0010680833,inner_val
ISIC_2517258,0,0.016999112,inner_val
ISIC_2520713,0,0.007747134,inner_val
ISIC_2520736,0,0.0006731017,inner_val
ISIC_2523685,0,0.002019105,inner_val
ISIC_2524113,0,0.0009550192,inner_val
ISIC_2524743,0,0.0011487292,inner_val
ISIC_2527281,0,0.010630637,inner_val
ISIC_2537540,0,0.0033740462,inner_val
ISIC_2539017,0,0.032489672,inner_val
ISIC_2539218,0,0.011437322,inner_val
ISIC_2541375,0,0.0042866464,inner_val
ISIC_2541969,0,0.00060651544,inner_val
ISIC_2543280,0,0.010320021,inner_val
ISIC_2546644,0,0.0016734567,inner_val
ISIC_2549331,0,0.0013906679,inner_val
ISIC_2549673,0,0.001283885,inner_val
ISIC_2555904,0,0.005416486,inner_val
ISIC_2560287,0,0.005583639,inner_val
ISIC_2560301,0,0.0016134692,inner_val
ISIC_2567644,0,0.01052926,inner_val
ISIC_2568485,0,0.0030082576,inner_val
ISIC_2570413,0,0.0022985174,inner_val
ISIC_2575536,0,0.006985705,inner_val
ISIC_2577881,0,0.0014960356,inner_val
ISIC_2577938,0,0.0008662492,inner_val
ISIC_2580891,0,0.0017568843,inner_val
ISIC_2581307,0,0.00064224406,inner_val
ISIC_2581480,0,0.0018172908,inner_val
ISIC_2581592,0,0.001076473,inner_val
ISIC_2582493,0,0.16300869,inner_val
ISIC_2586269,0,0.043359417,inner_val
ISIC_2588167,0,0.019026717,inner_val
ISIC_2592814,0,0.0026696434,inner_val
ISIC_2592956,0,0.0105411345,inner_val
ISIC_2594901,0,0.0013980151,inner_val
ISIC_2601166,0,0.00066430826,inner_val
ISIC_2601537,0,0.0009835496,inner_val
ISIC_2606024,0,0.0014674789,inner_val
ISIC_2611118,0,0.005363436,inner_val
ISIC_2613002,0,0.002415851,inner_val
ISIC_2616327,0,0.0075139557,inner_val
ISIC_2616343,0,0.00047109983,inner_val
ISIC_2618635,0,0.009855578,inner_val
ISIC_2618859,0,0.010704554,inner_val
ISIC_2619698,0,0.0021028856,inner_val
ISIC_2623538,0,0.0033830195,inner_val
ISIC_2631643,0,0.008312661,inner_val
ISIC_2632587,0,0.0059378967,inner_val
ISIC_2636747,0,0.016947502,inner_val
ISIC_2637608,1,0.08130691,inner_val
ISIC_2637968,0,0.047461353,inner_val
ISIC_2639079,0,0.0028793635,inner_val
ISIC_2639144,0,0.013318416,inner_val
ISIC_2645655,0,0.0015980196,inner_val
ISIC_2648261,0,0.0022676596,inner_val
ISIC_2650571,0,0.04463836,inner_val
ISIC_2652786,0,0.00052667607,inner_val
ISIC_2653214,0,0.0028848504,inner_val
ISIC_2654197,0,0.0018958983,inner_val
ISIC_2654417,0,0.0018518048,inner_val
ISIC_2657843,0,0.009274789,inner_val
ISIC_2657946,0,0.0012854763,inner_val
ISIC_2659591,0,0.007879498,inner_val
ISIC_2660535,0,0.01646521,inner_val
ISIC_2665498,0,0.013285553,inner_val
ISIC_2670475,0,0.0009110455,inner_val
ISIC_2673871,0,0.0012697388,inner_val
ISIC_2674517,0,0.006204149,inner_val
ISIC_2679295,0,0.011084044,inner_val
ISIC_2680640,0,0.0015494522,inner_val
ISIC_2681497,0,0.008250759,inner_val
ISIC_2685523,0,0.0020140018,inner_val
ISIC_2687068,0,0.016938774,inner_val
ISIC_2687164,0,0.01125092,inner_val
ISIC_2688897,0,0.0022531643,inner_val
ISIC_2693412,0,0.005145246,inner_val
ISIC_2696344,0,0.012851221,inner_val
ISIC_2699336,0,0.0010260508,inner_val
ISIC_2700545,0,0.0006745128,inner_val
ISIC_2700802,0,0.00830617,inner_val
ISIC_2703816,0,0.010156442,inner_val
ISIC_2706378,0,0.0014865495,inner_val
ISIC_2711084,0,0.0031728365,inner_val
ISIC_2714572,0,0.017396249,inner_val
ISIC_2716425,0,0.014270043,inner_val
ISIC_2724529,1,0.025057467,inner_val
ISIC_2726326,0,0.00037956002,inner_val
ISIC_2726665,0,0.0065435967,inner_val
ISIC_2727016,0,0.050280605,inner_val
ISIC_2730948,0,0.0016602481,inner_val
ISIC_2731847,0,0.011835027,inner_val
ISIC_2732429,0,0.020200167,inner_val
ISIC_2739481,0,0.01048159,inner_val
ISIC_2740756,0,0.00049754727,inner_val
ISIC_2744153,0,0.0016597235,inner_val
ISIC_2747650,0,0.000928814,inner_val
ISIC_2749240,0,0.0037501904,inner_val
ISIC_2750991,0,0.0015195213,inner_val
ISIC_2752919,0,0.00835338,inner_val
ISIC_2755667,0,0.0065820194,inner_val
ISIC_2761440,0,0.020004516,inner_val
ISIC_2764032,0,0.0017809668,inner_val
ISIC_2765253,0,0.0054993997,inner_val
ISIC_2772616,0,0.0042247237,inner_val
ISIC_2780122,0,0.0075505786,inner_val
ISIC_2781254,0,0.010559906,inner_val
ISIC_2782870,0,0.0007558798,inner_val
ISIC_2784686,0,0.0007540086,inner_val
ISIC_2786383,0,0.015597883,inner_val
ISIC_2788026,0,0.0026709845,inner_val
ISIC_2788933,0,0.001740426,inner_val
ISIC_2794624,0,0.05339887,inner_val
ISIC_2795016,0,0.0141115775,inner_val
ISIC_2798939,0,0.008393179,inner_val
ISIC_2799242,0,0.0047357576,inner_val
ISIC_2799787,0,0.0040417495,inner_val
ISIC_2799892,0,0.0047437157,inner_val
ISIC_2800015,0,0.011382423,inner_val
ISIC_2801042,0,0.0036061448,inner_val
ISIC_2807121,0,0.011884717,inner_val
ISIC_2808622,0,0.00796742,inner_val
ISIC_2809103,0,0.024884151,inner_val
ISIC_2815040,0,0.12503338,inner_val
ISIC_2817878,0,0.0010925897,inner_val
ISIC_2819603,0,0.0013047726,inner_val
ISIC_2826618,0,0.001587655,inner_val
ISIC_2829017,0,0.00093261694,inner_val
ISIC_2829107,0,0.03155681,inner_val
ISIC_2834840,0,0.02670451,inner_val
ISIC_2838426,0,0.0027845548,inner_val
ISIC_2842532,0,0.001217912,inner_val
ISIC_2843206,0,0.0014675327,inner_val
ISIC_2843245,0,0.00857845,inner_val
ISIC_2845856,0,0.0011008804,inner_val
ISIC_2855626,0,0.045245882,inner_val
ISIC_2861317,0,0.05431244,inner_val
ISIC_2861546,0,0.0015982707,inner_val
ISIC_2863809,0,0.021323748,inner_val
ISIC_2869310,0,0.0030139864,inner_val
ISIC_2871070,0,0.013547383,inner_val
ISIC_2873294,0,0.005779756,inner_val
ISIC_2874203,0,0.0010254196,inner_val
ISIC_2874706,0,0.0062376373,inner_val
ISIC_2877029,0,0.0011987083,inner_val
ISIC_2878344,0,0.0042034695,inner_val
ISIC_2881128,0,0.006094612,inner_val
ISIC_2881263,0,0.027032562,inner_val
ISIC_2882129,0,0.001766167,inner_val
ISIC_2887033,0,0.007068975,inner_val
ISIC_2888272,0,0.00078088226,inner_val
ISIC_2892382,0,0.0046743494,inner_val
ISIC_2893823,0,0.0033202337,inner_val
ISIC_2894185,0,0.0032334987,inner_val
ISIC_2903423,0,0.019983247,inner_val
ISIC_2903941,0,0.0010240917,inner_val
ISIC_2904884,0,0.001078974,inner_val
ISIC_2907527,0,0.00837564,inner_val
ISIC_2911251,0,0.0015987016,inner_val
ISIC_2914880,0,0.00090127834,inner_val
ISIC_2915747,0,0.0006362088,inner_val
ISIC_2916248,0,0.00136957,inner_val
ISIC_2916510,0,0.0017569186,inner_val
ISIC_2917378,0,0.00260085,inner_val
ISIC_2919360,0,0.021454742,inner_val
ISIC_2921549,0,0.0140649965,inner_val
ISIC_2921933,0,0.0008563204,inner_val
ISIC_2923483,0,0.0016177224,inner_val
ISIC_2924066,0,0.0039387713,inner_val
ISIC_2925891,0,0.03857169,inner_val
ISIC_2927205,0,0.0028438398,inner_val
ISIC_2927289,0,0.001652465,inner_val
ISIC_2927891,0,0.003297982,inner_val
ISIC_2930522,0,0.02320365,inner_val
ISIC_2941560,0,0.0024298273,inner_val
ISIC_2943284,0,0.01807989,inner_val
ISIC_2944480,0,0.009921565,inner_val
ISIC_2945324,0,0.0018376854,inner_val
ISIC_2946577,0,0.0007509681,inner_val
ISIC_2946626,0,0.00063982955,inner_val
ISIC_2950632,0,0.0022815927,inner_val
ISIC_2952446,0,0.02228451,inner_val
ISIC_2953742,0,0.009311798,inner_val
ISIC_2953962,0,0.015465062,inner_val
ISIC_2956763,0,0.0010716359,inner_val
ISIC_2956783,0,0.061029106,inner_val
ISIC_2957102,0,0.009286131,inner_val
ISIC_2960377,0,0.019345704,inner_val
ISIC_2960995,0,0.0107331015,inner_val
ISIC_2963146,0,0.008326481,inner_val
ISIC_2963464,0,0.023436336,inner_val
ISIC_2966043,0,0.0018143109,inner_val
ISIC_2967024,1,0.010505341,inner_val
ISIC_2968243,0,0.0058687846,inner_val
ISIC_2975603,0,0.0032651578,inner_val
ISIC_2975904,0,0.021950988,inner_val
ISIC_2977985,0,0.0047594197,inner_val
ISIC_2978327,0,0.0019097322,inner_val
ISIC_2978682,0,0.01540243,inner_val
ISIC_2981762,0,0.018311847,inner_val
ISIC_2981912,0,0.0068662227,inner_val
ISIC_2982945,0,0.002977193,inner_val
ISIC_2986186,0,0.0010141162,inner_val
ISIC_2986565,0,0.001861364,inner_val
ISIC_2990722,0,0.009023268,inner_val
ISIC_2991680,0,0.009597012,inner_val
ISIC_2991936,0,0.0015910243,inner_val
ISIC_2993517,0,0.0017119835,inner_val
ISIC_2994772,0,0.00091025775,inner_val
ISIC_2996791,0,0.0012116296,inner_val
ISIC_3001380,0,0.0011342036,inner_val
ISIC_3003666,0,0.0015896767,inner_val
ISIC_3003779,0,0.0050851027,inner_val
ISIC_3005396,0,0.020286756,inner_val
ISIC_3006507,0,0.0008571791,inner_val
ISIC_3010550,0,0.0006636015,inner_val
ISIC_3010582,0,0.0034097119,inner_val
ISIC_3011638,0,0.0130877355,inner_val
ISIC_3011836,0,0.0115358075,inner_val
ISIC_3012699,0,0.0018499002,inner_val
ISIC_3014965,0,0.006960196,inner_val
ISIC_3016859,0,0.017796203,inner_val
ISIC_3018550,0,0.004530952,inner_val
ISIC_3020913,0,0.0015232277,inner_val
ISIC_3022527,0,0.0006827683,inner_val
ISIC_3026934,0,0.0007149312,inner_val
ISIC_3029937,0,0.0016767987,inner_val
ISIC_3039519,0,0.0022652154,inner_val
ISIC_3043346,0,0.0011220393,inner_val
ISIC_3043475,0,0.000971392,inner_val
ISIC_3049301,0,0.021365087,inner_val
ISIC_3056425,0,0.0044924235,inner_val
ISIC_3059347,0,0.002345952,inner_val
ISIC_3059967,0,0.0045436975,inner_val
ISIC_3062773,0,0.0011174083,inner_val
ISIC_3069054,0,0.002152495,inner_val
ISIC_3070178,0,0.01330825,inner_val
ISIC_3073605,0,0.03184687,inner_val
ISIC_3084312,1,0.01255668,inner_val
ISIC_3084862,0,0.0018196721,inner_val
ISIC_3086038,0,0.0010126859,inner_val
ISIC_3087371,0,0.009447282,inner_val
ISIC_3087402,0,0.00068289065,inner_val
ISIC_3088019,0,0.002493373,inner_val
ISIC_3089729,0,0.05084016,inner_val
ISIC_3091757,0,0.004847408,inner_val
ISIC_3095600,0,0.026752666,inner_val
ISIC_3097419,0,0.0038998744,inner_val
ISIC_3097424,0,0.011085748,inner_val
ISIC_3100594,0,0.0016841582,inner_val
ISIC_3105703,0,0.043817777,inner_val
ISIC_3105924,0,0.0023893283,inner_val
ISIC_3110196,0,0.0012469391,inner_val
ISIC_3112783,0,0.009144282,inner_val
ISIC_3113485,0,0.0051176297,inner_val
ISIC_3114020,0,0.0008374314,inner_val
ISIC_3114110,0,0.002018133,inner_val
ISIC_3116288,0,0.03995486,inner_val
ISIC_3116777,0,0.005341353,inner_val
ISIC_3118576,0,0.00083410455,inner_val
ISIC_3120665,0,0.0134003805,inner_val
ISIC_3123377,0,0.017175414,inner_val
ISIC_3125030,0,0.00086379214,inner_val
ISIC_3126652,0,0.0006124907,inner_val
ISIC_3128414,0,0.0010260625,inner_val
ISIC_3134259,0,0.0030645765,inner_val
ISIC_3134745,0,0.01443799,inner_val
ISIC_3139994,0,0.014257633,inner_val
ISIC_3140246,0,0.0005013453,inner_val
ISIC_3142775,0,0.013341514,inner_val
ISIC_3143650,0,0.0073175672,inner_val
ISIC_3148048,0,0.043977242,inner_val
ISIC_3154122,0,0.0037847816,inner_val
ISIC_3154509,0,0.0010546839,inner_val
ISIC_3155020,0,0.0035746405,inner_val
ISIC_3156139,0,0.00065073435,inner_val
ISIC_3159130,0,0.00068466674,inner_val
ISIC_3159924,1,0.04160892,inner_val
ISIC_3161186,0,0.0113364495,inner_val
ISIC_3162794,0,0.0004968248,inner_val
ISIC_3171104,0,0.011424611,inner_val
ISIC_3175350,0,0.004447972,inner_val
ISIC_3177916,0,0.014085906,inner_val
ISIC_3183548,0,0.004529799,inner_val
ISIC_3183794,0,0.014008283,inner_val
ISIC_3185336,0,0.012119753,inner_val
ISIC_3197712,0,0.0029974065,inner_val
ISIC_3198731,0,0.0012975964,inner_val
ISIC_3202358,0,0.00091824564,inner_val
ISIC_3203435,0,0.0040636733,inner_val
ISIC_3206957,0,0.01423437,inner_val
ISIC_3209024,0,0.0063917576,inner_val
ISIC_3209856,0,0.015002567,inner_val
ISIC_3211897,0,0.007057236,inner_val
ISIC_3215136,0,0.0010076291,inner_val
ISIC_3217061,0,0.0008969414,inner_val
ISIC_3218135,0,0.0005403543,inner_val
ISIC_3218403,0,0.004398413,inner_val
ISIC_3220423,0,0.007940972,inner_val
ISIC_3222214,0,0.0023139722,inner_val
ISIC_3227705,0,0.00084669515,inner_val
ISIC_3230164,0,0.057939675,inner_val
ISIC_3232712,0,0.0021844753,inner_val
ISIC_3234899,0,0.0025846506,inner_val
ISIC_3237364,0,0.011525656,inner_val
ISIC_3237861,0,0.065044545,inner_val
ISIC_3238687,0,0.00091091753,inner_val
ISIC_3246376,0,0.0004770781,inner_val
ISIC_3249704,0,0.0020800678,inner_val
ISIC_3249783,0,0.00137079,inner_val
ISIC_3249936,0,0.026649408,inner_val
ISIC_3249958,0,0.0005863014,inner_val
ISIC_3251275,0,0.01959871,inner_val
ISIC_3260746,0,0.008120729,inner_val
ISIC_3260974,0,0.008578811,inner_val
ISIC_3261511,0,0.0011923068,inner_val
ISIC_3264992,0,0.0063659684,inner_val
ISIC_3265470,0,0.0036602656,inner_val
ISIC_3267196,0,0.0038796985,inner_val
ISIC_3267817,0,0.0019914992,inner_val
ISIC_3274493,0,0.0030730302,inner_val
ISIC_3276395,0,0.04313262,inner_val
ISIC_3280963,0,0.01522321,inner_val
ISIC_3281252,0,0.0015003076,inner_val
ISIC_3283934,0,0.0017059564,inner_val
ISIC_3286597,0,0.0077492567,inner_val
ISIC_3289651,0,0.0017448656,inner_val
ISIC_3290678,0,0.0069598164,inner_val
ISIC_3296136,0,0.01756035,inner_val
ISIC_3296152,0,0.000877436,inner_val
ISIC_3297631,0,0.0010522943,inner_val
ISIC_3299783,0,0.0009946584,inner_val
ISIC_3300386,0,0.00094488467,inner_val
ISIC_3301263,0,0.022873785,inner_val
ISIC_3302025,0,0.0012017654,inner_val
ISIC_3304982,0,0.021514142,inner_val
ISIC_3310849,0,0.016917689,inner_val
ISIC_3311662,0,0.009357684,inner_val
ISIC_3312201,0,0.0066455184,inner_val
ISIC_3313317,0,0.0009920482,inner_val
ISIC_3316232,0,0.0028141926,inner_val
ISIC_3319163,0,0.018405747,inner_val
ISIC_3319229,1,0.030712353,inner_val
ISIC_3319361,0,0.0021559927,inner_val
ISIC_3328612,0,0.0027551043,inner_val
ISIC_3328736,0,0.001467915,inner_val
ISIC_3331853,0,0.022045605,inner_val
ISIC_3335955,0,0.005516989,inner_val
ISIC_3340180,0,0.0019863632,inner_val
ISIC_3340346,0,0.0013362571,inner_val
ISIC_3345065,0,0.0024606932,inner_val
ISIC_3346045,0,0.0022404045,inner_val
ISIC_3352700,0,0.0071262685,inner_val
ISIC_3356316,0,0.0052887765,inner_val
ISIC_3356497,0,0.0007823615,inner_val
ISIC_3356671,0,0.003908681,inner_val
ISIC_3361955,0,0.0020767306,inner_val
ISIC_3367944,0,0.004049602,inner_val
ISIC_3373004,0,0.034407545,inner_val
ISIC_3373578,0,0.0034089019,inner_val
ISIC_3376991,0,0.0018419271,inner_val
ISIC_3378691,0,0.0027709946,inner_val
ISIC_3380009,0,0.026987836,inner_val
ISIC_3383093,0,0.005505294,inner_val
ISIC_3384989,0,0.020326564,inner_val
ISIC_3385071,0,0.0025746296,inner_val
ISIC_3387713,0,0.0049280347,inner_val
ISIC_3389461,0,0.003149699,inner_val
ISIC_3397468,0,0.0065456214,inner_val
ISIC_3401240,0,0.0037407365,inner_val
ISIC_3401631,0,0.03746523,inner_val
ISIC_3401780,0,0.0010317101,inner_val
ISIC_3402149,0,0.0007809589,inner_val
ISIC_3403778,0,0.029370759,inner_val
ISIC_3408742,0,0.0010155351,inner_val
ISIC_3412216,0,0.0008350401,inner_val
ISIC_3412637,0,0.0033114988,inner_val
ISIC_3413036,0,0.0014003523,inner_val
ISIC_3415223,0,0.01130055,inner_val
ISIC_3417390,0,0.0065383078,inner_val
ISIC_3418447,0,0.0045446097,inner_val
ISIC_3421141,0,0.0044524674,inner_val
ISIC_3424667,0,0.019405792,inner_val
ISIC_3426701,0,0.0010966402,inner_val
ISIC_3435535,0,0.027143966,inner_val
ISIC_3437734,0,0.014057652,inner_val
ISIC_3440813,0,0.0026649754,inner_val
ISIC_3441198,0,0.045837443,inner_val
ISIC_3443234,0,0.01689774,inner_val
ISIC_3444192,0,0.01160674,inner_val
ISIC_3445468,0,0.06451488,inner_val
ISIC_3447765,0,0.008291685,inner_val
ISIC_3448630,0,0.016932596,inner_val
ISIC_3449290,0,0.013248898,inner_val
ISIC_3449292,0,0.0061221253,inner_val
ISIC_3455311,0,0.009187983,inner_val
ISIC_3458811,0,0.010457089,inner_val
ISIC_3461869,0,0.009454344,inner_val
ISIC_3463384,0,0.0017521548,inner_val
ISIC_3465385,0,0.0108060865,inner_val
ISIC_3474681,0,0.0064969654,inner_val
ISIC_3475660,1,0.050072268,inner_val
ISIC_3477566,0,0.0077162515,inner_val
ISIC_3477896,0,0.011277202,inner_val
ISIC_3478437,0,0.0016712801,inner_val
ISIC_3481768,0,0.0261054,inner_val
ISIC_3482676,0,0.0066666882,inner_val
ISIC_3487151,0,0.016147584,inner_val
ISIC_3487632,0,0.017165435,inner_val
ISIC_3495799,0,0.0008925747,inner_val
ISIC_3499803,0,0.0007844503,inner_val
ISIC_3500137,0,0.009407126,inner_val
ISIC_3500673,0,0.0028064956,inner_val
ISIC_3501997,0,0.0032604486,inner_val
ISIC_3505327,0,0.010951646,inner_val
ISIC_3505339,0,0.0018429788,inner_val
ISIC_3510004,0,0.0015407086,inner_val
ISIC_3510802,0,0.0097972965,inner_val
ISIC_3511854,0,0.0016063887,inner_val
ISIC_3512019,0,0.00093711686,inner_val
ISIC_3513288,0,0.0010128673,inner_val
ISIC_3521671,0,0.0024624576,inner_val
ISIC_3524429,0,0.0032185153,inner_val
ISIC_3526799,0,0.010047696,inner_val
ISIC_3528120,0,0.0851393,inner_val
ISIC_3528295,0,0.010010758,inner_val
ISIC_3531360,0,0.00086407416,inner_val
ISIC_3535289,0,0.0014087907,inner_val
ISIC_3536436,0,0.0019975938,inner_val
ISIC_3537089,0,0.02478674,inner_val
ISIC_3544168,0,0.0020910795,inner_val
ISIC_3548393,0,0.0017723594,inner_val
ISIC_3550844,0,0.007405576,inner_val
ISIC_3552318,0,0.00052016415,inner_val
ISIC_3552860,0,0.004692075,inner_val
ISIC_3555847,0,0.003447611,inner_val
ISIC_3556857,0,0.0011550616,inner_val
ISIC_3559215,0,0.010682589,inner_val
ISIC_3562294,0,0.060104504,inner_val
ISIC_3562660,0,0.0010635873,inner_val
ISIC_3563518,0,0.0023682904,inner_val
ISIC_3573323,0,0.0032308071,inner_val
ISIC_3575305,0,0.010011751,inner_val
ISIC_3575814,0,0.025134167,inner_val
ISIC_3578203,0,0.0008874743,inner_val
ISIC_3579044,0,0.007509995,inner_val
ISIC_3581871,0,0.004041268,inner_val
ISIC_3585381,0,0.0011152469,inner_val
ISIC_3586461,0,0.0021122985,inner_val
ISIC_3586611,0,0.0021508122,inner_val
ISIC_3587744,0,0.02880419,inner_val
ISIC_3588908,0,0.0067318343,inner_val
ISIC_3589310,0,0.0042054076,inner_val
ISIC_3591686,0,0.0039716433,inner_val
ISIC_3598244,0,0.001073721,inner_val
ISIC_3599125,0,0.0015239351,inner_val
ISIC_3600802,0,0.013930686,inner_val
ISIC_3601224,0,0.0057149823,inner_val
ISIC_3605210,0,0.0021943203,inner_val
ISIC_3605747,0,0.0016051596,inner_val
ISIC_3609716,0,0.0030392362,inner_val
ISIC_3612211,0,0.0071094995,inner_val
ISIC_3612285,0,0.0037746248,inner_val
ISIC_3616107,0,0.031947043,inner_val
ISIC_3621391,0,0.012454573,inner_val
ISIC_3622085,0,0.034183983,inner_val
ISIC_3628925,0,0.01210923,inner_val
ISIC_3629614,0,0.0073078335,inner_val
ISIC_3640401,0,0.0012772317,inner_val
ISIC_3642241,0,0.0063217683,inner_val
ISIC_3645705,0,0.0024892762,inner_val
ISIC_3646643,0,0.04576394,inner_val
ISIC_3648961,0,0.0009293482,inner_val
ISIC_3650598,0,0.012876112,inner_val
ISIC_3654373,0,0.0019205359,inner_val
ISIC_3654454,0,0.004081453,inner_val
ISIC_3657408,0,0.020468663,inner_val
ISIC_3657663,0,0.0041776253,inner_val
ISIC_3659682,0,0.0038444519,inner_val
ISIC_3662337,0,0.047143463,inner_val
ISIC_3663705,0,0.0019238245,inner_val
ISIC_3667693,0,0.0039457083,inner_val
ISIC_3667705,0,0.0067603444,inner_val
ISIC_3668644,0,0.0141375,inner_val
ISIC_3671955,0,0.084923826,inner_val
ISIC_3673090,0,0.0044239447,inner_val
ISIC_3673482,0,0.04888606,inner_val
ISIC_3676639,0,0.018727383,inner_val
ISIC_3676643,0,0.001820527,inner_val
ISIC_3677742,0,0.009672477,inner_val
ISIC_3677905,0,0.024944423,inner_val
ISIC_3677945,0,0.0027636096,inner_val
ISIC_3679271,0,0.0011696791,inner_val
ISIC_3683263,0,0.0010208844,inner_val
ISIC_3683402,0,0.007038849,inner_val
ISIC_3683530,0,0.0020241328,inner_val
ISIC_3684488,1,0.041503426,inner_val
ISIC_3685448,0,0.001100947,inner_val
ISIC_3687259,0,0.0009505719,inner_val
ISIC_3689907,0,0.0058595994,inner_val
ISIC_3696726,0,0.009920225,inner_val
ISIC_3700351,0,0.0017131999,inner_val
ISIC_3701563,0,0.001072078,inner_val
ISIC_3703408,0,0.00535951,inner_val
ISIC_3705852,0,0.006559477,inner_val
ISIC_3707360,0,0.012929902,inner_val
ISIC_3707770,0,0.0016139285,inner_val
ISIC_3715736,0,0.001053075,inner_val
ISIC_3716147,0,0.013219922,inner_val
ISIC_3716686,0,0.0025231699,inner_val
ISIC_3718717,0,0.0016116573,inner_val
ISIC_3727292,0,0.0015700392,inner_val
ISIC_3730172,0,0.0008483762,inner_val
ISIC_3730238,0,0.0067145657,inner_val
ISIC_3731040,0,0.0009882612,inner_val
ISIC_3731815,0,0.0009336802,inner_val
ISIC_3734766,0,0.008356557,inner_val
ISIC_3735337,0,0.0012103998,inner_val
ISIC_3737487,0,0.0285954,inner_val
ISIC_3740201,0,0.0043889843,inner_val
ISIC_3742431,0,0.008504405,inner_val
ISIC_3744835,0,0.032379273,inner_val
ISIC_3745639,0,0.011105536,inner_val
ISIC_3746410,0,0.0024265447,inner_val
ISIC_3749028,0,0.020917866,inner_val
ISIC_3751001,0,0.020237647,inner_val
ISIC_3761634,0,0.0013533932,inner_val
ISIC_3762853,0,0.0029422294,inner_val
ISIC_3763248,0,0.005067758,inner_val
ISIC_3766837,0,0.008501486,inner_val
ISIC_3773860,0,0.0016854904,inner_val
ISIC_3774190,0,0.016091267,inner_val
ISIC_3779051,0,0.0006594839,inner_val
ISIC_3782372,0,0.0143695455,inner_val
ISIC_3783114,0,0.007170806,inner_val
ISIC_3787994,0,0.03162651,inner_val
ISIC_3788678,0,0.0034067607,inner_val
ISIC_3788873,0,0.0009799224,inner_val
ISIC_3789929,0,0.029963275,inner_val
ISIC_3792450,0,0.00078873854,inner_val
ISIC_3793261,0,0.13312986,inner_val
ISIC_3800974,0,0.0030070022,inner_val
ISIC_3801932,0,0.003191295,inner_val
ISIC_3802785,0,0.006260788,inner_val
ISIC_3802812,0,0.03332393,inner_val
ISIC_3803947,0,0.005552894,inner_val
ISIC_3806211,0,0.011132738,inner_val
ISIC_3806554,0,0.0012756519,inner_val
ISIC_3808474,0,0.041809626,inner_val
ISIC_3812918,0,0.0009436629,inner_val
ISIC_3816122,0,0.0049355444,inner_val
ISIC_3816833,0,0.0005541785,inner_val
ISIC_3817292,0,0.0012300144,inner_val
ISIC_3818234,0,0.0010132823,inner_val
ISIC_3820602,0,0.0040420587,inner_val
ISIC_3821027,0,0.022941865,inner_val
ISIC_3822815,0,0.0060339575,inner_val
ISIC_3822864,0,0.00094377703,inner_val
ISIC_3825739,0,0.016128732,inner_val
ISIC_3826102,0,0.0026532586,inner_val
ISIC_3828455,0,0.0012686352,inner_val
ISIC_3835276,0,0.0018022584,inner_val
ISIC_3836023,0,0.015625589,inner_val
ISIC_3838310,0,0.0027882035,inner_val
ISIC_3841073,0,0.0071551595,inner_val
ISIC_3843634,0,0.0014553796,inner_val
ISIC_3844484,0,0.008765923,inner_val
ISIC_3846236,0,0.001307114,inner_val
ISIC_3850432,0,0.003527576,inner_val
ISIC_3854190,0,0.009484253,inner_val
ISIC_3854989,0,0.0005807531,inner_val
ISIC_3856662,0,0.004181321,inner_val
ISIC_3858405,0,0.0030496698,inner_val
ISIC_3862917,0,0.011630576,inner_val
ISIC_3863508,0,0.035674263,inner_val
ISIC_3868370,0,0.017527638,inner_val
ISIC_3872560,0,0.000758451,inner_val
ISIC_3875267,0,0.000555355,inner_val
ISIC_3875681,0,0.012047564,inner_val
ISIC_3877413,0,0.004424961,inner_val
ISIC_3877643,0,0.0018052282,inner_val
ISIC_3877981,0,0.02606028,inner_val
ISIC_3878174,0,0.0013807135,inner_val
ISIC_3879564,0,0.007580096,inner_val
ISIC_3881897,0,0.0019974285,inner_val
ISIC_3884221,0,0.0049880906,inner_val
ISIC_3886001,0,0.0011358042,inner_val
ISIC_3889671,0,0.037633676,inner_val
ISIC_3896737,0,0.0026015402,inner_val
ISIC_3898513,0,0.0019523454,inner_val
ISIC_3900327,0,0.00069304643,inner_val
ISIC_3904628,0,0.0011024169,inner_val
ISIC_3910037,0,0.00068737246,inner_val
ISIC_3913441,0,0.005685753,inner_val
ISIC_3913709,0,0.0017798658,inner_val
ISIC_3914743,0,0.0065358113,inner_val
ISIC_3916064,0,0.00088625273,inner_val
ISIC_3916830,0,0.006560901,inner_val
ISIC_3917306,0,0.0009909208,inner_val
ISIC_3919496,0,0.0005664447,inner_val
ISIC_3921769,0,0.0059548276,inner_val
ISIC_3924772,0,0.0041387314,inner_val
ISIC_3925125,0,0.0074137365,inner_val
ISIC_3925208,0,0.010637752,inner_val
ISIC_3926972,0,0.011784228,inner_val
ISIC_3931484,0,0.007745324,inner_val
ISIC_3932232,0,0.002266662,inner_val
ISIC_3936041,0,0.0035521055,inner_val
ISIC_3942075,0,0.0017472461,inner_val
ISIC_3943136,0,0.0005187856,inner_val
ISIC_3944634,1,0.013682454,inner_val
ISIC_3946019,0,0.008628504,inner_val
ISIC_3948560,0,0.011326706,inner_val
ISIC_3948588,0,0.00068738166,inner_val
ISIC_3952070,0,0.01781374,inner_val
ISIC_3952513,0,0.0026177831,inner_val
ISIC_3955302,0,0.007508055,inner_val
ISIC_3955539,0,0.001622421,inner_val
ISIC_3957077,0,0.0011752935,inner_val
ISIC_3964848,0,0.007476928,inner_val
ISIC_3967213,0,0.0010374122,inner_val
ISIC_3967953,0,0.0012079369,inner_val
ISIC_3968367,0,0.022519413,inner_val
ISIC_3969181,0,0.0071125166,inner_val
ISIC_3969867,0,0.006378531,inner_val
ISIC_3970105,0,0.0005316465,inner_val
ISIC_3971174,0,0.0019140281,inner_val
ISIC_3971625,0,0.0007484644,inner_val
ISIC_3974064,0,0.0016448457,inner_val
ISIC_3979225,0,0.0007369779,inner_val
ISIC_3980606,0,0.0015295388,inner_val
ISIC_3984167,0,0.0025036358,inner_val
ISIC_3984393,0,0.00090971583,inner_val
ISIC_3985104,0,0.016841061,inner_val
ISIC_3994250,0,0.001359167,inner_val
ISIC_3995579,0,0.012223611,inner_val
ISIC_4004088,0,0.0028786452,inner_val
ISIC_4005585,0,0.0076138643,inner_val
ISIC_4005830,0,0.0080264,inner_val
ISIC_4006060,0,0.0013081179,inner_val
ISIC_4007918,0,0.001300753,inner_val
ISIC_4015288,0,0.0065280725,inner_val
ISIC_4015349,0,0.0019273958,inner_val
ISIC_4017765,0,0.110958494,inner_val
ISIC_4020689,0,0.05960049,inner_val
ISIC_4021456,0,0.026170203,inner_val
ISIC_4021645,0,0.11788711,inner_val
ISIC_4022621,0,0.0074558393,inner_val
ISIC_4023618,0,0.00086816255,inner_val
ISIC_4023645,0,0.0062227105,inner_val
ISIC_4024269,0,0.0016440807,inner_val
ISIC_4026806,0,0.0010526272,inner_val
ISIC_4028402,0,0.01133489,inner_val
ISIC_4029055,0,0.0014890812,inner_val
ISIC_4030935,0,0.01715387,inner_val
ISIC_4032170,0,0.0009973928,inner_val
ISIC_4034244,0,0.0052384567,inner_val
ISIC_4043423,0,0.009071525,inner_val
ISIC_4044272,0,0.0007867099,inner_val
ISIC_4051128,0,0.0132768545,inner_val
ISIC_4052701,0,0.01012146,inner_val
ISIC_4061316,0,0.0022287597,inner_val
ISIC_4063720,0,0.004037217,inner_val
ISIC_4067686,0,0.007866834,inner_val
ISIC_4068365,0,0.0052884854,inner_val
ISIC_4068608,0,0.012265613,inner_val
ISIC_4068690,0,0.0012233941,inner_val
ISIC_4073074,0,0.0046303906,inner_val
ISIC_4074472,0,0.005222833,inner_val
ISIC_4077798,0,0.0028256099,inner_val
ISIC_4079345,0,0.0035360914,inner_val
ISIC_4081632,0,0.03305037,inner_val
ISIC_4083200,0,0.0034778274,inner_val
ISIC_4083947,0,0.001732834,inner_val
ISIC_4085552,0,0.16841479,inner_val
ISIC_4086375,0,0.008519084,inner_val
ISIC_4088252,0,0.008823606,inner_val
ISIC_4090494,0,0.022836179,inner_val
ISIC_4090714,0,0.028658794,inner_val
ISIC_4091981,0,0.0015905316,inner_val
ISIC_4094925,0,0.022379147,inner_val
ISIC_4096361,0,0.006036437,inner_val
ISIC_4100400,0,0.0013756931,inner_val
ISIC_4102922,0,0.0012562847,inner_val
ISIC_4108397,0,0.0009662142,inner_val
ISIC_4108630,0,0.032867108,inner_val
ISIC_4111600,0,0.0043757297,inner_val
ISIC_4114060,0,0.100102074,inner_val
ISIC_4114269,0,0.004865937,inner_val
ISIC_4115135,0,0.009096919,inner_val
ISIC_4122125,0,0.0012178534,inner_val
ISIC_4127690,0,0.0075767427,inner_val
ISIC_4130478,0,0.0013021786,inner_val
ISIC_4131810,0,0.022053981,inner_val
ISIC_4137694,0,0.0007664466,inner_val
ISIC_4142024,0,0.004891165,inner_val
ISIC_4144198,0,0.0009955614,inner_val
ISIC_4146342,0,0.02434017,inner_val
ISIC_4148681,0,0.014943366,inner_val
ISIC_4153687,0,0.0009946413,inner_val
ISIC_4159420,0,0.010393987,inner_val
ISIC_4159742,0,0.005386616,inner_val
ISIC_4160574,0,0.0017503726,inner_val
ISIC_4161113,0,0.0010194222,inner_val
ISIC_4162354,0,0.0038110006,inner_val
ISIC_4162828,0,0.21467888,inner_val
ISIC_4163686,1,0.006935353,inner_val
ISIC_4163881,0,0.007884376,inner_val
ISIC_4164426,0,0.003520306,inner_val
ISIC_4165214,0,0.0010249644,inner_val
ISIC_4167654,0,0.0009134415,inner_val
ISIC_4176809,0,0.003839603,inner_val
ISIC_4176815,0,0.010341823,inner_val
ISIC_4186524,0,0.023465816,inner_val
ISIC_4189633,0,0.014409168,inner_val
ISIC_4190706,0,0.0012135336,inner_val
ISIC_4193775,0,0.024964426,inner_val
ISIC_4198421,0,0.039236385,inner_val
ISIC_4200486,0,0.025073843,inner_val
ISIC_4201327,0,0.016573643,inner_val
ISIC_4201571,0,0.00827292,inner_val
ISIC_4207851,0,0.0017434842,inner_val
ISIC_4208361,0,0.0154455295,inner_val
ISIC_4210002,0,0.009119275,inner_val
ISIC_4221778,0,0.0028192098,inner_val
ISIC_4221820,0,0.001199958,inner_val
ISIC_4227455,0,0.014528252,inner_val
ISIC_4232726,0,0.03672927,inner_val
ISIC_4232756,0,0.0021581159,inner_val
ISIC_4238548,0,0.0007361429,inner_val
ISIC_4241347,0,0.0011327772,inner_val
ISIC_4241907,0,0.00073345087,inner_val
ISIC_4247550,0,0.0021458676,inner_val
ISIC_4248273,0,0.0026509063,inner_val
ISIC_4249893,0,0.012343353,inner_val
ISIC_4252547,0,0.0036939813,inner_val
ISIC_4253581,0,0.00794497,inner_val
ISIC_4253846,0,0.0055741025,inner_val
ISIC_4254754,0,0.0036394626,inner_val
ISIC_4254809,0,0.0068306285,inner_val
ISIC_4257799,0,0.009178295,inner_val
ISIC_4262925,0,0.0015843812,inner_val
ISIC_4265726,0,0.00764216,inner_val
ISIC_4266157,0,0.004848954,inner_val
ISIC_4267177,0,0.015068558,inner_val
ISIC_4270126,0,0.1196405,inner_val
ISIC_4271140,0,0.0025213065,inner_val
ISIC_4274519,0,0.0010293404,inner_val
ISIC_4276255,1,0.016809013,inner_val
ISIC_4276933,0,0.0011349856,inner_val
ISIC_4278569,0,0.0024769718,inner_val
ISIC_4278981,0,0.0018710187,inner_val
ISIC_4282719,0,0.19530357,inner_val
ISIC_4283351,0,0.00092504063,inner_val
ISIC_4288307,0,0.001160952,inner_val
ISIC_4289873,0,0.0014251188,inner_val
ISIC_4293419,0,0.0024517425,inner_val
ISIC_4298761,0,0.023119211,inner_val
ISIC_4299282,0,0.010454218,inner_val
ISIC_4299647,0,0.00087517255,inner_val
ISIC_4300657,0,0.0008394675,inner_val
ISIC_4307205,0,0.001368005,inner_val
ISIC_4307344,0,0.002695407,inner_val
ISIC_4311436,0,0.005103061,inner_val
ISIC_4312841,0,0.024838304,inner_val
ISIC_4313352,0,0.0020963247,inner_val
ISIC_4314003,0,0.0015078088,inner_val
ISIC_4314417,0,0.0021307494,inner_val
ISIC_4315107,0,0.00226757,inner_val
ISIC_4317478,0,0.010912097,inner_val
ISIC_4322954,0,0.021036122,inner_val
ISIC_4324163,0,0.00982897,inner_val
ISIC_4327247,0,0.02077351,inner_val
ISIC_4327726,0,0.0033427498,inner_val
ISIC_4332846,0,0.0010932965,inner_val
ISIC_4334767,0,0.02410627,inner_val
ISIC_4335080,0,0.023147058,inner_val
ISIC_4337318,0,0.009747314,inner_val
ISIC_4348579,0,0.0011278233,inner_val
ISIC_4350874,0,0.0050888746,inner_val
ISIC_4352854,0,0.0030941882,inner_val
ISIC_4354896,0,0.037752647,inner_val
ISIC_4359340,0,0.004032399,inner_val
ISIC_4361405,0,0.03700032,inner_val
ISIC_4364397,0,0.007743052,inner_val
ISIC_4366055,0,0.004543935,inner_val
ISIC_4367917,0,0.0034558233,inner_val
ISIC_4368411,0,0.0015772075,inner_val
ISIC_4368478,0,0.001792515,inner_val
ISIC_4370751,0,0.0005387389,inner_val
ISIC_4373429,0,0.012091126,inner_val
ISIC_4373835,0,0.0018173169,inner_val
ISIC_4374944,0,0.0016827408,inner_val
ISIC_4384016,0,0.0015487435,inner_val
ISIC_4384341,0,0.029816905,inner_val
ISIC_4384861,0,0.0028892676,inner_val
ISIC_4385893,0,0.014567634,inner_val
ISIC_4386659,0,0.00077883864,inner_val
ISIC_4388706,0,0.0040152767,inner_val
ISIC_4391942,0,0.00207882,inner_val
ISIC_4392384,0,0.005599929,inner_val
ISIC_4393209,0,0.018662939,inner_val
ISIC_4394837,0,0.023586098,inner_val
ISIC_4399411,0,0.0051367814,inner_val
ISIC_4407024,0,0.0015833157,inner_val
ISIC_4415203,0,0.017045468,inner_val
ISIC_4418259,0,0.0048555993,inner_val
ISIC_4418458,0,0.0023053149,inner_val
ISIC_4419280,0,0.0017780149,inner_val
ISIC_4423793,0,0.027746713,inner_val
ISIC_4426345,0,0.0054166554,inner_val
ISIC_4427596,0,0.010792164,inner_val
ISIC_4431858,0,0.0022559909,inner_val
ISIC_4432898,0,0.12201058,inner_val
ISIC_4433514,0,0.021529244,inner_val
ISIC_4434040,0,0.0042672944,inner_val
ISIC_4438597,0,0.00094014406,inner_val
ISIC_4442490,0,0.0011911814,inner_val
ISIC_4443373,0,0.01651451,inner_val
ISIC_4447973,0,0.0032410242,inner_val
ISIC_4452233,0,0.010070545,inner_val
ISIC_4454485,0,0.011569786,inner_val
ISIC_4456975,0,0.0012999177,inner_val
ISIC_4457207,0,0.0011158468,inner_val
ISIC_4462870,0,0.01686499,inner_val
ISIC_4463126,0,0.0068925256,inner_val
ISIC_4471367,0,0.00082273944,inner_val
ISIC_4478364,0,0.00094648305,inner_val
ISIC_4480504,0,0.0020930157,inner_val
ISIC_4489229,0,0.0012368861,inner_val
ISIC_4489943,0,0.001150984,inner_val
ISIC_4490077,0,0.01042788,inner_val
ISIC_4490903,0,0.0066117244,inner_val
ISIC_4495210,0,0.0051824874,inner_val
ISIC_4496457,0,0.0012859036,inner_val
ISIC_4497120,0,0.0008530912,inner_val
ISIC_4498012,0,0.003436696,inner_val
ISIC_4498746,0,0.028082108,inner_val
ISIC_4499109,0,0.026521888,inner_val
ISIC_4499380,0,0.0009269185,inner_val
ISIC_4506406,0,0.015892552,inner_val
ISIC_4506518,0,0.0023189082,inner_val
ISIC_4506930,0,0.010211281,inner_val
ISIC_4507193,0,0.0006068217,inner_val
ISIC_4511841,0,0.015249645,inner_val
ISIC_4513493,0,0.0024400104,inner_val
ISIC_4513843,0,0.0013065067,inner_val
ISIC_4524422,0,0.003738264,inner_val
ISIC_4524493,0,0.0015295212,inner_val
ISIC_4525143,0,0.005521368,inner_val
ISIC_4527758,0,0.0043824883,inner_val
ISIC_4529363,0,0.0019657977,inner_val
ISIC_4532303,0,0.08427443,inner_val
ISIC_4536709,0,0.020264814,inner_val
ISIC_4544879,0,0.0064628096,inner_val
ISIC_4545717,0,0.020980408,inner_val
ISIC_4546136,0,0.0018034643,inner_val
ISIC_4547887,0,0.0008388538,inner_val
ISIC_4548356,0,0.0036233275,inner_val
ISIC_4548483,0,0.005908657,inner_val
ISIC_4551517,0,0.0009689642,inner_val
ISIC_4556455,0,0.0027368118,inner_val
ISIC_4561410,0,0.024290502,inner_val
ISIC_4562352,0,0.012233235,inner_val
ISIC_4563146,0,0.0036205759,inner_val
ISIC_4564048,0,0.00095867447,inner_val
ISIC_4564960,0,0.07294996,inner_val
ISIC_4568084,0,0.0018315571,inner_val
ISIC_4569383,0,0.0027762675,inner_val
ISIC_4571395,0,0.009017548,inner_val
ISIC_4572286,0,0.0026535213,inner_val
ISIC_4575112,0,0.0008444955,inner_val
ISIC_4581029,0,0.024140038,inner_val
ISIC_4581058,0,0.006718189,inner_val
ISIC_4585372,0,0.0027479604,inner_val
ISIC_4586133,0,0.004143199,inner_val
ISIC_4587506,0,0.00082954054,inner_val
ISIC_4591099,0,0.0096264165,inner_val
ISIC_4593224,0,0.0010154147,inner_val
ISIC_4593940,0,0.0010776252,inner_val
ISIC_4597598,0,0.0045587076,inner_val
ISIC_4600666,0,0.023727223,inner_val
ISIC_4601046,0,0.004121554,inner_val
ISIC_4601418,0,0.0007815437,inner_val
ISIC_4602667,0,0.00084023376,inner_val
ISIC_4602983,0,0.004637871,inner_val
ISIC_4605737,0,0.0026752518,inner_val
ISIC_4606283,0,0.013005981,inner_val
ISIC_4610204,0,0.0063380897,inner_val
ISIC_4612015,0,0.049305074,inner_val
ISIC_4612744,0,0.0010304162,inner_val
ISIC_4618932,0,0.061168965,inner_val
ISIC_4620192,0,0.0022828456,inner_val
ISIC_4620387,0,0.0009766509,inner_val
ISIC_4624536,0,0.010979116,inner_val
ISIC_4624753,0,0.009060366,inner_val
ISIC_4629184,0,0.0035358223,inner_val
ISIC_4629472,0,0.0048599835,inner_val
ISIC_4629476,0,0.0006699437,inner_val
ISIC_4630926,0,0.034302786,inner_val
ISIC_4631509,0,0.022345949,inner_val
ISIC_4632059,0,0.0008962196,inner_val
ISIC_4633003,0,0.004163695,inner_val
ISIC_4634479,0,0.00052171806,inner_val
ISIC_4639099,0,0.025797263,inner_val
ISIC_4640293,0,0.0012528731,inner_val
ISIC_4643939,0,0.004821931,inner_val
ISIC_4647398,0,0.0017699836,inner_val
ISIC_4647804,0,0.0014107554,inner_val
ISIC_4653363,0,0.012502833,inner_val
ISIC_4654225,0,0.0026066764,inner_val
ISIC_4655338,0,0.005578341,inner_val
ISIC_4658487,0,0.0014887112,inner_val
ISIC_4658681,0,0.011643442,inner_val
ISIC_4663404,0,0.0013653076,inner_val
ISIC_4669366,0,0.0032686,inner_val
ISIC_4671738,0,0.00050819066,inner_val
ISIC_4677514,0,0.012647414,inner_val
ISIC_4678416,0,0.0012592246,inner_val
ISIC_4679428,0,0.008826835,inner_val
ISIC_4680417,0,0.008662302,inner_val
ISIC_4682438,0,0.0014858858,inner_val
ISIC_4682923,0,0.001458268,inner_val
ISIC_4684171,0,0.004296044,inner_val
ISIC_4691440,0,0.0015293356,inner_val
ISIC_4691883,0,0.03280645,inner_val
ISIC_4693693,0,0.30277994,inner_val
ISIC_4698457,0,0.002183513,inner_val
ISIC_4707552,0,0.012089076,inner_val
ISIC_4708642,0,0.000767627,inner_val
ISIC_4716997,0,0.008776872,inner_val
ISIC_4718884,0,0.023274487,inner_val
ISIC_4719181,0,0.001147747,inner_val
ISIC_4719620,0,0.0065444,inner_val
ISIC_4724943,0,0.02732318,inner_val
ISIC_4726431,0,0.0043667126,inner_val
ISIC_4728589,0,0.0015830556,inner_val
ISIC_4730066,1,0.0051931753,inner_val
ISIC_4730074,0,0.002877107,inner_val
ISIC_4732241,0,0.0012887273,inner_val
ISIC_4732460,0,0.00064569106,inner_val
ISIC_4732985,0,0.007514734,inner_val
ISIC_4735699,0,0.0025736624,inner_val
ISIC_4735706,0,0.00472443,inner_val
ISIC_4737109,0,0.011169032,inner_val
ISIC_4742252,0,0.004347461,inner_val
ISIC_4742488,0,0.001358432,inner_val
ISIC_4744272,0,0.0054164934,inner_val
ISIC_4749897,0,0.0015133268,inner_val
ISIC_4750973,0,0.0019220245,inner_val
ISIC_4752084,0,0.030625494,inner_val
ISIC_4752144,0,0.0015241818,inner_val
ISIC_4758757,0,0.0023544028,inner_val
ISIC_4760061,0,0.026080528,inner_val
ISIC_4762702,0,0.0015334244,inner_val
ISIC_4763436,0,0.014044697,inner_val
ISIC_4763943,0,0.00385326,inner_val
ISIC_4764292,0,0.0015571646,inner_val
ISIC_4764568,0,0.0018734176,inner_val
ISIC_4765961,0,0.0021132585,inner_val
ISIC_4768021,0,0.0006213544,inner_val
ISIC_4780541,0,0.0031404647,inner_val
ISIC_4780793,0,0.008097605,inner_val
ISIC_4781140,0,0.0057303063,inner_val
ISIC_4782254,0,0.021560924,inner_val
ISIC_4782878,0,0.011533199,inner_val
ISIC_4783933,0,0.0019707219,inner_val
ISIC_4784925,0,0.0051159905,inner_val
ISIC_4785358,0,0.0018838671,inner_val
ISIC_4786018,0,0.013632988,inner_val
ISIC_4786942,0,0.0026480034,inner_val
ISIC_4788878,0,0.00094101246,inner_val
ISIC_4796189,0,0.012232024,inner_val
ISIC_4797654,0,0.0072660074,inner_val
ISIC_4800314,0,0.006666196,inner_val
ISIC_4805419,0,0.0023497995,inner_val
ISIC_4807196,0,0.012435976,inner_val
ISIC_4808930,0,0.011886689,inner_val
ISIC_4809078,0,0.06764654,inner_val
ISIC_4809996,0,0.007104823,inner_val
ISIC_4812480,0,0.0008648937,inner_val
ISIC_4812508,0,0.0011664841,inner_val
ISIC_4817112,0,0.020088015,inner_val
ISIC_4822306,0,0.00441889,inner_val
ISIC_4824153,0,0.00066800776,inner_val
ISIC_4826024,0,0.00846618,inner_val
ISIC_4826449,0,0.007848106,inner_val
ISIC_4826839,0,0.0016581804,inner_val
ISIC_4827954,0,0.0014466321,inner_val
ISIC_4832697,0,0.093665436,inner_val
ISIC_4833252,0,0.0012325587,inner_val
ISIC_4833303,0,0.0011990486,inner_val
ISIC_4836873,0,0.0010030093,inner_val
ISIC_4840770,0,0.0057701487,inner_val
ISIC_4841705,0,0.013615949,inner_val
ISIC_4844937,0,0.007716668,inner_val
ISIC_4846287,0,0.0015248467,inner_val
ISIC_4847287,0,0.0006001996,inner_val
ISIC_4848047,0,0.0009107791,inner_val
ISIC_4848484,0,0.0014659453,inner_val
ISIC_4851366,1,0.10863828,inner_val
ISIC_4859011,0,0.0011061019,inner_val
ISIC_4861267,0,0.005377121,inner_val
ISIC_4862692,0,0.0054243086,inner_val
ISIC_4868982,0,0.0028521747,inner_val
ISIC_4870813,0,0.0008114599,inner_val
ISIC_4872791,0,0.016330207,inner_val
ISIC_4873009,0,0.0007698686,inner_val
ISIC_4877995,0,0.0014125946,inner_val
ISIC_4879050,0,0.00543888,inner_val
ISIC_4883688,0,0.0006321535,inner_val
ISIC_4884803,0,0.0006748115,inner_val
ISIC_4884879,0,0.0056843082,inner_val
ISIC_4886992,0,0.027272105,inner_val
ISIC_4889196,0,0.0033737908,inner_val
ISIC_4890201,0,0.0006919034,inner_val
ISIC_4891057,0,0.0011135903,inner_val
ISIC_4894602,0,0.04219725,inner_val
ISIC_4896088,0,0.009496983,inner_val
ISIC_4901330,0,0.018238379,inner_val
ISIC_4903900,0,0.021725738,inner_val
ISIC_4904364,0,0.015352577,inner_val
ISIC_4905331,0,0.00286227,inner_val
ISIC_4909229,0,0.0025718794,inner_val
ISIC_4910683,0,0.0072715017,inner_val
ISIC_4917748,0,0.0007044865,inner_val
ISIC_4919503,0,0.023167776,inner_val
ISIC_4920181,0,0.060734034,inner_val
ISIC_4921130,0,0.0028712007,inner_val
ISIC_4922651,0,0.002884875,inner_val
ISIC_4925442,0,0.015716562,inner_val
ISIC_4925631,0,0.0017915717,inner_val
ISIC_4927573,0,0.00078745955,inner_val
ISIC_4929101,0,0.0023713717,inner_val
ISIC_4930632,0,0.0012338868,inner_val
ISIC_4931777,0,0.0029821708,inner_val
ISIC_4934323,0,0.002385611,inner_val
ISIC_4936662,1,0.01872062,inner_val
ISIC_4936702,0,0.0017362598,inner_val
ISIC_4946953,0,0.0020636134,inner_val
ISIC_4947726,0,0.0010994341,inner_val
ISIC_4950948,0,0.0059512462,inner_val
ISIC_4956766,0,0.0014714753,inner_val
ISIC_4957315,0,0.0029294577,inner_val
ISIC_4965795,0,0.019201502,inner_val
ISIC_4967586,1,0.0067267725,inner_val
ISIC_4971047,0,0.0059962557,inner_val
ISIC_4972972,0,0.027154539,inner_val
ISIC_4979624,0,0.010048361,inner_val
ISIC_4980328,0,0.0024166878,inner_val
ISIC_4981344,0,0.007332414,inner_val
ISIC_4984992,0,0.0012293591,inner_val
ISIC_4985369,0,0.009607015,inner_val
ISIC_4988671,0,0.0021082638,inner_val
ISIC_4992702,0,0.0059839166,inner_val
ISIC_4993417,0,0.010812363,inner_val
ISIC_4994445,0,0.029536407,inner_val
ISIC_5000359,0,0.010316457,inner_val
ISIC_5000531,0,0.022566136,inner_val
ISIC_5001317,0,0.00804251,inner_val
ISIC_5003226,0,0.0013964928,inner_val
ISIC_5003751,0,0.021332486,inner_val
ISIC_5004291,0,0.006528304,inner_val
ISIC_5005961,0,0.00205077,inner_val
ISIC_5006135,0,0.0046246825,inner_val
ISIC_5008602,0,0.01034569,inner_val
ISIC_5011331,0,0.019799558,inner_val
ISIC_5011531,0,0.0022602868,inner_val
ISIC_5011583,0,0.00021601099,inner_val
ISIC_5013602,0,0.002376621,inner_val
ISIC_5017874,0,0.015824191,inner_val
ISIC_5022895,0,0.014730322,inner_val
ISIC_5026709,0,0.0027155187,inner_val
ISIC_5028612,0,0.004548527,inner_val
ISIC_5028878,0,0.00078869524,inner_val
ISIC_5029636,0,0.0018317584,inner_val
ISIC_5032047,0,0.0008999299,inner_val
ISIC_5032464,0,0.01149562,inner_val
ISIC_5037784,1,0.13405167,inner_val
ISIC_5037796,0,0.006005864,inner_val
ISIC_5042524,0,0.0015420693,inner_val
ISIC_5044766,0,0.011466883,inner_val
ISIC_5046340,0,0.0024097036,inner_val
ISIC_5052760,0,0.003130495,inner_val
ISIC_5053869,0,0.00083033537,inner_val
ISIC_5053904,0,0.004911319,inner_val
ISIC_5057875,0,0.00072566234,inner_val
ISIC_5064969,0,0.03677319,inner_val
ISIC_5069292,0,0.0032487125,inner_val
ISIC_5069412,0,0.0013717037,inner_val
ISIC_5069715,0,0.019633071,inner_val
ISIC_5073160,0,0.040939365,inner_val
ISIC_5074129,0,0.0011116539,inner_val
ISIC_5084682,0,0.0044301865,inner_val
ISIC_5086349,1,0.024082476,inner_val
ISIC_5086403,0,0.00081276573,inner_val
ISIC_5093070,0,0.008572434,inner_val
ISIC_5099569,0,0.0016202551,inner_val
ISIC_5101218,0,0.0026877604,inner_val
ISIC_5103658,0,0.0020591482,inner_val
ISIC_5103854,0,0.021486891,inner_val
ISIC_5104241,0,0.005544801,inner_val
ISIC_5106545,0,0.0007089309,inner_val
ISIC_5111439,0,0.009078584,inner_val
ISIC_5112908,0,0.0011158735,inner_val
ISIC_5118951,0,0.0015600326,inner_val
ISIC_5120553,0,0.08276246,inner_val
ISIC_5122173,0,0.0018229246,inner_val
ISIC_5122220,0,0.0014579293,inner_val
ISIC_5123366,0,0.0037846558,inner_val
ISIC_5123817,0,0.0031434977,inner_val
ISIC_5128589,0,0.0015187721,inner_val
ISIC_5130418,0,0.0014840192,inner_val
ISIC_5130916,0,0.011424385,inner_val
ISIC_5131198,0,0.010590091,inner_val
ISIC_5131821,0,0.0034204486,inner_val
ISIC_5133396,0,0.015465891,inner_val
ISIC_5135858,0,0.0011325738,inner_val
ISIC_5138032,0,0.0070944563,inner_val
ISIC_5138700,0,0.00075303274,inner_val
ISIC_5140952,1,0.013713075,inner_val
ISIC_5141844,0,0.004959656,inner_val
ISIC_5142088,0,0.0022794052,inner_val
ISIC_5143697,0,0.022595007,inner_val
ISIC_5143786,0,0.031207452,inner_val
ISIC_5144730,0,0.010121106,inner_val
ISIC_5146245,0,0.0007805683,inner_val
ISIC_5148474,0,0.004482553,inner_val
ISIC_5148638,0,0.011006998,inner_val
ISIC_5150671,0,0.0026370035,inner_val
ISIC_5151428,0,0.004617692,inner_val
ISIC_5152859,0,0.0015510507,inner_val
ISIC_5161114,0,0.06289371,inner_val
ISIC_5162699,0,0.0007706489,inner_val
ISIC_5163976,0,0.026537355,inner_val
ISIC_5164045,0,0.00086465065,inner_val
ISIC_5165286,0,0.0014086008,inner_val
ISIC_5165544,0,0.0019202636,inner_val
ISIC_5168662,0,0.0062664985,inner_val
ISIC_5170821,0,0.026516015,inner_val
ISIC_5173742,0,0.04732555,inner_val
ISIC_5176297,0,0.0024719846,inner_val
ISIC_5182841,0,0.012844277,inner_val
ISIC_5186059,0,0.0012177037,inner_val
ISIC_5187819,0,0.0009328443,inner_val
ISIC_5190484,0,0.00238916,inner_val
ISIC_5192051,0,0.0016259956,inner_val
ISIC_5193810,0,0.0166271,inner_val
ISIC_5194345,0,0.0071554,inner_val
ISIC_5194874,0,0.0066708643,inner_val
ISIC_5196052,0,0.004969655,inner_val
ISIC_5204029,0,0.0009530972,inner_val
ISIC_5204245,0,0.0030922736,inner_val
ISIC_5204408,0,0.0026485801,inner_val
ISIC_5205426,0,0.014848937,inner_val
ISIC_5207738,0,0.014970666,inner_val
ISIC_5209031,0,0.0046556755,inner_val
ISIC_5209265,0,0.0018863325,inner_val
ISIC_5209769,0,0.011404063,inner_val
ISIC_5210063,0,0.02680398,inner_val
ISIC_5213792,0,0.010979178,inner_val
ISIC_5214247,0,0.012467007,inner_val
ISIC_5216654,0,0.004659544,inner_val
ISIC_5218739,0,0.004831196,inner_val
ISIC_5220580,0,0.0012304292,inner_val
ISIC_5225355,0,0.008105767,inner_val
ISIC_5226018,0,0.0006528209,inner_val
ISIC_5226371,0,0.0026949584,inner_val
ISIC_5230345,0,0.0060598967,inner_val
ISIC_5234605,0,0.038011726,inner_val
ISIC_5234835,0,0.0007447713,inner_val
ISIC_5236367,0,0.0014057811,inner_val
ISIC_5237723,0,0.018416364,inner_val
ISIC_5238111,0,0.0026519934,inner_val
ISIC_5239796,0,0.007897464,inner_val
ISIC_5240387,0,0.0074946703,inner_val
ISIC_5246130,0,0.003093856,inner_val
ISIC_5247102,0,0.023578014,inner_val
ISIC_5248304,0,0.0018178272,inner_val
ISIC_5251194,0,0.0006224856,inner_val
ISIC_5252709,0,0.0024791106,inner_val
ISIC_5253149,0,0.0020145369,inner_val
ISIC_5255299,0,0.0023189145,inner_val
ISIC_5255922,0,0.0029982433,inner_val
ISIC_5256697,0,0.0017231659,inner_val
ISIC_5259313,0,0.014193414,inner_val
ISIC_5264912,0,0.0009054293,inner_val
ISIC_5268507,0,0.0013153765,inner_val
ISIC_5271496,0,0.022851324,inner_val
ISIC_5272602,0,0.0025455942,inner_val
ISIC_5272953,0,0.000440198,inner_val
ISIC_5273029,0,0.003951387,inner_val
ISIC_5274992,0,0.0014925984,inner_val
ISIC_5275267,0,0.020063205,inner_val
ISIC_5278307,0,0.057387415,inner_val
ISIC_5284504,0,0.001174491,inner_val
ISIC_5284935,0,0.04493285,inner_val
ISIC_5289926,0,0.031779215,inner_val
ISIC_5292936,0,0.0073350933,inner_val
ISIC_5297101,0,0.0046762284,inner_val
ISIC_5300453,0,0.0009761281,inner_val
ISIC_5300455,0,0.013535281,inner_val
ISIC_5300964,0,0.0042786314,inner_val
ISIC_5302286,0,0.0082402155,inner_val
ISIC_5303069,0,0.024978463,inner_val
ISIC_5303717,0,0.0014720935,inner_val
ISIC_5307210,0,0.0018876359,inner_val
ISIC_5308066,0,0.0013702895,inner_val
ISIC_5308859,0,0.0014708001,inner_val
ISIC_5309561,0,0.0012651177,inner_val
ISIC_5311458,0,0.011552882,inner_val
ISIC_5312909,0,0.0007774534,inner_val
ISIC_5314534,0,0.08576174,inner_val
ISIC_5317565,0,0.006545503,inner_val
ISIC_5318217,0,0.0020658073,inner_val
ISIC_5318659,0,0.035444845,inner_val
ISIC_5321144,0,0.0017996468,inner_val
ISIC_5321852,0,0.0017480262,inner_val
ISIC_5325356,0,0.002881956,inner_val
ISIC_5327976,0,0.0046806517,inner_val
ISIC_5333356,0,0.0018281109,inner_val
ISIC_5334995,0,0.028035047,inner_val
ISIC_5338510,0,0.013796707,inner_val
ISIC_5339620,0,0.00061723305,inner_val
ISIC_5341021,0,0.03170764,inner_val
ISIC_5341267,0,0.016365685,inner_val
ISIC_5342103,0,0.003156898,inner_val
ISIC_5346135,0,0.00067668676,inner_val
ISIC_5346504,0,0.0017367465,inner_val
ISIC_5346936,0,0.030136628,inner_val
ISIC_5347806,0,0.0030986937,inner_val
ISIC_5351167,0,0.001231465,inner_val
ISIC_5351443,0,0.004252973,inner_val
ISIC_5355196,0,0.010220312,inner_val
ISIC_5357781,0,0.0025120906,inner_val
ISIC_5358421,0,0.007536884,inner_val
ISIC_5359621,0,0.0011544456,inner_val
ISIC_5360253,0,0.0030510533,inner_val
ISIC_5365015,0,0.021047017,inner_val
ISIC_5368880,0,0.018211331,inner_val
ISIC_5372911,0,0.0046758866,inner_val
ISIC_5376036,0,0.0021974444,inner_val
ISIC_5378379,0,0.014335083,inner_val
ISIC_5380145,0,0.109127395,inner_val
ISIC_5381033,0,0.0029267888,inner_val
ISIC_5381502,0,0.0058368277,inner_val
ISIC_5383252,0,0.0017265946,inner_val
ISIC_5386739,0,0.005671113,inner_val
ISIC_5388485,0,0.023381243,inner_val
ISIC_5389652,0,0.0005141777,inner_val
ISIC_5396264,0,0.01918933,inner_val
ISIC_5396459,0,0.003881564,inner_val
ISIC_5397058,0,0.014295064,inner_val
ISIC_5400609,0,0.021096341,inner_val
ISIC_5400911,0,0.0012259008,inner_val
ISIC_5401671,0,0.0009052658,inner_val
ISIC_5402119,0,0.024795018,inner_val
ISIC_5402787,0,0.0022393547,inner_val
ISIC_5405889,0,0.00113096,inner_val
ISIC_5407063,0,0.0032713588,inner_val
ISIC_5407191,0,0.009640037,inner_val
ISIC_5407653,0,0.0049031577,inner_val
ISIC_5409902,0,0.0006164573,inner_val
ISIC_5412095,0,0.0010785902,inner_val
ISIC_5413630,0,0.001132829,inner_val
ISIC_5414133,0,0.0075113806,inner_val
ISIC_5416567,0,0.008416515,inner_val
ISIC_5422123,0,0.0014784434,inner_val
ISIC_5425366,0,0.008422653,inner_val
ISIC_5434275,0,0.0144984815,inner_val
ISIC_5437785,0,0.014429445,inner_val
ISIC_5440296,0,0.0014757722,inner_val
ISIC_5440360,0,0.011142206,inner_val
ISIC_5441247,0,0.00079677324,inner_val
ISIC_5441597,0,0.0075869686,inner_val
ISIC_5442452,0,0.01263413,inner_val
ISIC_5444991,0,0.019722296,inner_val
ISIC_5446957,0,0.0081873955,inner_val
ISIC_5449908,0,0.0038573584,inner_val
ISIC_5457442,0,0.03369378,inner_val
ISIC_5457625,0,0.0007640823,inner_val
ISIC_5457826,0,0.0180102,inner_val
ISIC_5458290,0,0.0010832482,inner_val
ISIC_5459997,0,0.017847642,inner_val
ISIC_5464911,0,0.021608654,inner_val
ISIC_5465724,0,0.0039520967,inner_val
ISIC_5470000,0,0.0022745002,inner_val
ISIC_5470594,0,0.0009189686,inner_val
ISIC_5476277,0,0.0062210476,inner_val
ISIC_5479774,0,0.004542395,inner_val
ISIC_5485524,0,0.026745671,inner_val
ISIC_5490251,0,0.0070316573,inner_val
ISIC_5493359,0,0.0022530463,inner_val
ISIC_5496602,0,0.0007689613,inner_val
ISIC_5498059,0,0.0010259477,inner_val
ISIC_5508662,0,0.0014437359,inner_val
ISIC_5513509,0,0.0033072142,inner_val
ISIC_5516082,0,0.0010854676,inner_val
ISIC_5516462,0,0.00085910363,inner_val
ISIC_5518595,0,0.004125208,inner_val
ISIC_5519357,0,0.0023052667,inner_val
ISIC_5523196,0,0.0060292226,inner_val
ISIC_5523637,0,0.014009461,inner_val
ISIC_5524048,0,0.001717288,inner_val
ISIC_5525765,0,0.002951859,inner_val
ISIC_5526879,0,0.0022464872,inner_val
ISIC_5532680,0,0.0021744282,inner_val
ISIC_5534167,0,0.0031253255,inner_val
ISIC_5536600,0,0.00091282855,inner_val
ISIC_5539001,0,0.0046857037,inner_val
ISIC_5540631,0,0.0038240387,inner_val
ISIC_5546806,0,0.026270097,inner_val
ISIC_5547318,0,0.04557518,inner_val
ISIC_5552666,0,0.0010621435,inner_val
ISIC_5553495,0,0.01415435,inner_val
ISIC_5555096,0,0.0055749347,inner_val
ISIC_5556498,0,0.07942352,inner_val
ISIC_5557548,0,0.0011397706,inner_val
ISIC_5557806,0,0.003294388,inner_val
ISIC_5558657,0,0.0027214033,inner_val
ISIC_5565279,0,0.001729849,inner_val
ISIC_5565349,0,0.029833866,inner_val
ISIC_5565696,0,0.0029862938,inner_val
ISIC_5567545,0,0.0021925287,inner_val
ISIC_5569205,0,0.018393494,inner_val
ISIC_5569766,0,0.0010838603,inner_val
ISIC_5573695,0,0.0036962668,inner_val
ISIC_5576241,0,0.06095786,inner_val
ISIC_5578239,0,0.0018081504,inner_val
ISIC_5580000,0,0.0025822166,inner_val
ISIC_5580730,0,0.0008363473,inner_val
ISIC_5584181,0,0.021345014,inner_val
ISIC_5588968,0,0.004244079,inner_val
ISIC_5589724,0,0.0034683659,inner_val
ISIC_5591515,0,0.0010651438,inner_val
ISIC_5592633,0,0.0048881397,inner_val
ISIC_5601024,0,0.0016226628,inner_val
ISIC_5602528,0,0.0114251925,inner_val
ISIC_5604110,0,0.0037405945,inner_val
ISIC_5605916,0,0.011661554,inner_val
ISIC_5606099,0,0.01603075,inner_val
ISIC_5607148,0,0.018459091,inner_val
ISIC_5607702,0,0.0004340827,inner_val
ISIC_5609541,0,0.020153824,inner_val
ISIC_5609848,0,0.0041903,inner_val
ISIC_5618239,0,0.010438785,inner_val
ISIC_5621546,0,0.00065130985,inner_val
ISIC_5622348,0,0.000570923,inner_val
ISIC_5623579,0,0.006270717,inner_val
ISIC_5624273,0,0.0017336755,inner_val
ISIC_5624548,0,0.00068328384,inner_val
ISIC_5627269,0,0.0028924001,inner_val
ISIC_5628322,0,0.007110112,inner_val
ISIC_5629390,0,0.08734413,inner_val
ISIC_5632905,0,0.017082771,inner_val
ISIC_5638873,0,0.0011791667,inner_val
ISIC_5639070,0,0.00065471936,inner_val
ISIC_5639154,0,0.0006444013,inner_val
ISIC_5644039,0,0.01805994,inner_val
ISIC_5644242,0,0.0025613094,inner_val
ISIC_5644962,0,0.0034899104,inner_val
ISIC_5647697,0,0.013680956,inner_val
ISIC_5650568,0,0.0053446903,inner_val
ISIC_5654704,0,0.02300471,inner_val
ISIC_5654839,0,0.00089938985,inner_val
ISIC_5657661,0,0.0023828356,inner_val
ISIC_5660325,0,0.012290189,inner_val
ISIC_5661100,0,0.002192906,inner_val
ISIC_5674396,0,0.001716314,inner_val
ISIC_5675298,0,0.0060129394,inner_val
ISIC_5678560,0,0.00081526424,inner_val
ISIC_5678799,0,0.0035409334,inner_val
ISIC_5683747,0,0.0027165092,inner_val
ISIC_5691568,0,0.006927591,inner_val
ISIC_5691740,0,0.07320991,inner_val
ISIC_5695927,0,0.0011787433,inner_val
ISIC_5696315,0,0.019105842,inner_val
ISIC_5696426,0,0.0014014075,inner_val
ISIC_5701526,0,0.0009730954,inner_val
ISIC_5702748,0,0.007031334,inner_val
ISIC_5703274,0,0.0020484643,inner_val
ISIC_5703639,0,0.0023323304,inner_val
ISIC_5705734,0,0.009180121,inner_val
ISIC_5707762,0,0.0049791196,inner_val
ISIC_5709247,0,0.0015683912,inner_val
ISIC_5714411,1,0.031267162,inner_val
ISIC_5717081,0,0.0028877954,inner_val
ISIC_5717763,0,0.008536784,inner_val
ISIC_5719183,0,0.0471574,inner_val
ISIC_5721195,0,0.0034028708,inner_val
ISIC_5723974,0,0.0037867131,inner_val
ISIC_5726007,0,0.005751116,inner_val
ISIC_5728988,0,0.003735995,inner_val
ISIC_5729266,0,0.017137509,inner_val
ISIC_5731061,0,0.0032576013,inner_val
ISIC_5734915,0,0.0075685615,inner_val
ISIC_5736292,0,0.0018723247,inner_val
ISIC_5736346,0,0.0020484282,inner_val
ISIC_5742875,0,0.0015605133,inner_val
ISIC_5753709,0,0.0052232486,inner_val
ISIC_5759054,0,0.00202168,inner_val
ISIC_5759754,0,0.004117517,inner_val
ISIC_5760047,0,0.00061185705,inner_val
ISIC_5760868,0,0.0016043847,inner_val
ISIC_5777169,0,0.01798993,inner_val
ISIC_5777181,0,0.0108775245,inner_val
ISIC_5777548,0,0.0861395,inner_val
ISIC_5777697,0,0.0046623093,inner_val
ISIC_5780633,0,0.0030486868,inner_val
ISIC_5781089,0,0.0021616349,inner_val
ISIC_5784090,0,0.016496412,inner_val
ISIC_5785399,0,0.02816769,inner_val
ISIC_5789575,0,0.001294659,inner_val
ISIC_5789952,0,0.0044621965,inner_val
ISIC_5789994,0,0.00079805317,inner_val
ISIC_5790319,0,0.03673232,inner_val
ISIC_5790865,0,0.001861721,inner_val
ISIC_5792189,0,0.0014310592,inner_val
ISIC_5799433,0,0.0065011918,inner_val
ISIC_5802232,0,0.004436222,inner_val
ISIC_5802768,0,0.041861437,inner_val
ISIC_5803620,0,0.03074131,inner_val
ISIC_5810306,0,0.0030191995,inner_val
ISIC_5814641,0,0.0011461251,inner_val
ISIC_5819133,0,0.002527727,inner_val
ISIC_5821737,0,0.026024833,inner_val
ISIC_5821806,0,0.0017921014,inner_val
ISIC_5826063,0,0.013549926,inner_val
ISIC_5828564,0,0.00074378116,inner_val
ISIC_5829938,1,0.03564896,inner_val
ISIC_5831205,0,0.026531527,inner_val
ISIC_5833689,0,0.0010154388,inner_val
ISIC_5833957,0,0.0016176362,inner_val
ISIC_5836421,0,0.0064424686,inner_val
ISIC_5840614,0,0.001622221,inner_val
ISIC_5841774,0,0.00926856,inner_val
ISIC_5849517,0,0.0073629604,inner_val
ISIC_5851248,0,0.0034051358,inner_val
ISIC_5852396,0,0.010880896,inner_val
ISIC_5855918,0,0.027202379,inner_val
ISIC_5857303,0,0.00068129966,inner_val
ISIC_5857823,0,0.0026420034,inner_val
ISIC_5863672,0,0.005388481,inner_val
ISIC_5866419,0,0.0046723243,inner_val
ISIC_5869480,1,0.15646666,inner_val
ISIC_5872498,0,0.0038941326,inner_val
ISIC_5877211,0,0.0012182745,inner_val
ISIC_5879789,0,0.0005672962,inner_val
ISIC_5883331,0,0.005257011,inner_val
ISIC_5885403,0,0.0032526955,inner_val
ISIC_5886468,0,0.0005929131,inner_val
ISIC_5888971,0,0.01839382,inner_val
ISIC_5889790,0,0.0062232567,inner_val
ISIC_5890896,0,0.013688157,inner_val
ISIC_5891384,1,0.018923033,inner_val
ISIC_5891461,0,0.0028042279,inner_val
ISIC_5893544,0,0.0011823194,inner_val
ISIC_5894728,0,0.0154006295,inner_val
ISIC_5894764,0,0.0005031406,inner_val
ISIC_5899408,0,0.00087239663,inner_val
ISIC_5900283,0,0.00073601736,inner_val
ISIC_5910413,0,0.0028893913,inner_val
ISIC_5910518,0,0.0025130576,inner_val
ISIC_5912560,0,0.015962701,inner_val
ISIC_5920680,0,0.014599555,inner_val
ISIC_5924487,0,0.0033202812,inner_val
ISIC_5925557,0,0.0032189253,inner_val
ISIC_5934696,0,0.015458893,inner_val
ISIC_5937990,0,0.0053095073,inner_val
ISIC_5938708,0,0.0008631533,inner_val
ISIC_5942564,0,0.00094942923,inner_val
ISIC_5945155,0,0.0031113029,inner_val
ISIC_5946750,0,0.018827366,inner_val
ISIC_5948901,0,0.0006546127,inner_val
ISIC_5950041,0,0.0014404373,inner_val
ISIC_5954790,0,0.002202956,inner_val
ISIC_5957086,0,0.002491271,inner_val
ISIC_5960534,0,0.0029864004,inner_val
ISIC_5960765,0,0.0036138047,inner_val
ISIC_5961333,0,0.039197493,inner_val
ISIC_5961619,0,0.02512096,inner_val
ISIC_5963015,0,0.03744948,inner_val
ISIC_5964381,0,0.0032431737,inner_val
ISIC_5970338,0,0.014674579,inner_val
ISIC_5971915,0,0.0068703406,inner_val
ISIC_5972490,0,0.0031225218,inner_val
ISIC_5976532,0,0.0010405253,inner_val
ISIC_5976594,0,0.001063641,inner_val
ISIC_5977230,0,0.0072827553,inner_val
ISIC_5978705,0,0.0011540585,inner_val
ISIC_5980439,0,0.0015253054,inner_val
ISIC_5983581,0,0.0025720568,inner_val
ISIC_5983666,0,0.0016979041,inner_val
ISIC_5988963,0,0.0011078059,inner_val
ISIC_5991112,0,0.00032672126,inner_val
ISIC_5994390,0,0.0033714508,inner_val
ISIC_5996708,0,0.0011872478,inner_val
ISIC_5997381,0,0.008317206,inner_val
ISIC_5997901,0,0.0019502027,inner_val
ISIC_5999028,0,0.015342957,inner_val
ISIC_5999832,0,0.0051916707,inner_val
ISIC_6003124,0,0.0009146856,inner_val
ISIC_6005045,0,0.00927075,inner_val
ISIC_6006658,0,0.043561008,inner_val
ISIC_6007360,0,0.0005660426,inner_val
ISIC_6007760,0,0.0027264808,inner_val
ISIC_6014025,0,0.001845618,inner_val
ISIC_6019539,0,0.05854538,inner_val
ISIC_6020102,0,0.0032675827,inner_val
ISIC_6021556,0,0.0011560919,inner_val
ISIC_6023585,0,0.004084301,inner_val
ISIC_6025721,0,0.0020200538,inner_val
ISIC_6028510,0,0.020695832,inner_val
ISIC_6029052,0,0.09973361,inner_val
ISIC_6029508,0,0.0010113699,inner_val
ISIC_6033220,0,0.00065309845,inner_val
ISIC_6034721,0,0.0064090295,inner_val
ISIC_6039067,0,0.0007571948,inner_val
ISIC_6044518,0,0.0024744081,inner_val
ISIC_6045560,0,0.015076146,inner_val
ISIC_6046442,0,0.0045645665,inner_val
ISIC_6048088,0,0.0038307856,inner_val
ISIC_6050515,0,0.0012236882,inner_val
ISIC_6056295,0,0.0014384635,inner_val
ISIC_6056692,0,0.0017579625,inner_val
ISIC_6064946,0,0.00069743063,inner_val
ISIC_6069236,0,0.0012157474,inner_val
ISIC_6073559,0,0.0009399631,inner_val
ISIC_6074454,0,0.04440785,inner_val
ISIC_6075066,0,0.030964563,inner_val
ISIC_6081901,0,0.015839733,inner_val
ISIC_6084191,0,0.013090605,inner_val
ISIC_6085739,0,0.00435607,inner_val
ISIC_6087652,0,0.0036948621,inner_val
ISIC_6088525,0,0.00084507064,inner_val
ISIC_6088974,0,0.0018025717,inner_val
ISIC_6089210,0,0.009037964,inner_val
ISIC_6089817,0,0.0009279498,inner_val
ISIC_6091348,0,0.015427528,inner_val
ISIC_6094946,0,0.002330139,inner_val
ISIC_6096163,0,0.001369148,inner_val
ISIC_6096693,0,0.020859946,inner_val
ISIC_6097000,0,0.0012903756,inner_val
ISIC_6097644,0,0.005754801,inner_val
ISIC_6098768,0,0.0019237065,inner_val
ISIC_6099698,0,0.012234789,inner_val
ISIC_6101007,0,0.008254939,inner_val
ISIC_6104053,0,0.001124217,inner_val
ISIC_6110309,0,0.008583334,inner_val
ISIC_6110590,0,0.11010281,inner_val
ISIC_6110888,1,0.0646034,inner_val
ISIC_6111487,0,0.00038360083,inner_val
ISIC_6112879,0,0.002855012,inner_val
ISIC_6113248,0,0.05531251,inner_val
ISIC_6114646,0,0.0022827326,inner_val
ISIC_6117532,0,0.0044036573,inner_val
ISIC_6118204,0,0.0007906115,inner_val
ISIC_6119830,0,0.0025833051,inner_val
ISIC_6122473,0,0.053231265,inner_val
ISIC_6123672,0,0.028261155,inner_val
ISIC_6124241,0,0.007145315,inner_val
ISIC_6126598,0,0.009810082,inner_val
ISIC_6126775,0,0.0013902646,inner_val
ISIC_6128108,0,0.009152759,inner_val
ISIC_6129538,0,0.010022627,inner_val
ISIC_6133780,0,0.0021215575,inner_val
ISIC_6136948,0,0.0028831789,inner_val
ISIC_6137928,0,0.030836575,inner_val
ISIC_6138576,0,0.00063875236,inner_val
ISIC_6140723,0,0.00095192547,inner_val
ISIC_6144433,0,0.006563625,inner_val
ISIC_6145764,0,0.0016324758,inner_val
ISIC_6150014,0,0.000988523,inner_val
ISIC_6151703,0,0.02333725,inner_val
ISIC_6151842,0,0.03494249,inner_val
ISIC_6155423,0,0.036851067,inner_val
ISIC_6162308,0,0.0039816685,inner_val
ISIC_6164642,0,0.010938793,inner_val
ISIC_6165499,0,0.0015925347,inner_val
ISIC_6166308,0,0.0022508071,inner_val
ISIC_6168551,0,0.0009599531,inner_val
ISIC_6172538,0,0.0010691666,inner_val
ISIC_6172565,0,0.016445693,inner_val
ISIC_6177670,0,0.013106139,inner_val
ISIC_6178149,0,0.0018643858,inner_val
ISIC_6180870,0,0.0006592027,inner_val
ISIC_6180938,0,0.01454112,inner_val
ISIC_6187697,0,0.004803858,inner_val
ISIC_6193134,0,0.010137649,inner_val
ISIC_6195257,0,0.037980624,inner_val
ISIC_6200040,0,0.0032083066,inner_val
ISIC_6200373,0,0.0007294926,inner_val
ISIC_6200688,0,0.00050770654,inner_val
ISIC_6202554,0,0.005760473,inner_val
ISIC_6204305,0,0.004600316,inner_val
ISIC_6204970,0,0.016292196,inner_val
ISIC_6207535,0,0.003849067,inner_val
ISIC_6208107,0,0.0069269678,inner_val
ISIC_6208222,0,0.030361913,inner_val
ISIC_6209119,0,0.003085933,inner_val
ISIC_6209322,0,0.0047008214,inner_val
ISIC_6211483,0,0.010995863,inner_val
ISIC_6216671,0,0.035539363,inner_val
ISIC_6222431,0,0.0046495916,inner_val
ISIC_6222956,0,0.033999808,inner_val
ISIC_6223183,0,0.000712591,inner_val
ISIC_6225557,0,0.0035734316,inner_val
ISIC_6227942,0,0.0006525434,inner_val
ISIC_6228827,0,0.0017466955,inner_val
ISIC_6236396,0,0.0013351974,inner_val
ISIC_6237799,0,0.011077503,inner_val
ISIC_6238016,0,0.0032051024,inner_val
ISIC_6239663,0,0.00047627636,inner_val
ISIC_6243521,0,0.001487045,inner_val
ISIC_6244896,0,0.020076385,inner_val
ISIC_6250703,0,0.02456134,inner_val
ISIC_6250970,0,0.011092401,inner_val
ISIC_6251471,0,0.006100982,inner_val
ISIC_6253292,0,0.0010843168,inner_val
ISIC_6254005,0,0.006016417,inner_val
ISIC_6254283,0,0.001302021,inner_val
ISIC_6256314,0,0.008304358,inner_val
ISIC_6260432,0,0.001221036,inner_val
ISIC_6260673,0,0.0025577194,inner_val
ISIC_6261648,0,0.0009895072,inner_val
ISIC_6263662,0,0.0016764147,inner_val
ISIC_6264165,0,0.016542064,inner_val
ISIC_6265319,0,0.0010788224,inner_val
ISIC_6265890,0,0.042673852,inner_val
ISIC_6269503,0,0.0023157552,inner_val
ISIC_6270437,0,0.003791553,inner_val
ISIC_6270513,0,0.0056675454,inner_val
ISIC_6270846,0,0.0017020677,inner_val
ISIC_6271218,0,0.0032430706,inner_val
ISIC_6272501,0,0.0007356857,inner_val
ISIC_6273964,0,0.0029219738,inner_val
ISIC_6288696,0,0.008849826,inner_val
ISIC_6289346,0,0.012097962,inner_val
ISIC_6293227,0,0.12018012,inner_val
ISIC_6296088,0,0.006922291,inner_val
ISIC_6296099,0,0.0048341607,inner_val
ISIC_6298726,0,0.034601957,inner_val
ISIC_6299609,0,0.03685269,inner_val
ISIC_6302291,0,0.00077427237,inner_val
ISIC_6305442,0,0.028141022,inner_val
ISIC_6306333,0,0.0006972153,inner_val
ISIC_6306477,0,0.0035150724,inner_val
ISIC_6315192,0,0.033852573,inner_val
ISIC_6316043,0,0.043730613,inner_val
ISIC_6317597,0,0.00052412105,inner_val
ISIC_6320717,0,0.0027308096,inner_val
ISIC_6320876,0,0.005415787,inner_val
ISIC_6323420,0,0.01672882,inner_val
ISIC_6323573,0,0.0011743613,inner_val
ISIC_6325673,0,0.0015538727,inner_val
ISIC_6325797,0,0.001610523,inner_val
ISIC_6326389,0,0.083152086,inner_val
ISIC_6329930,0,0.01028583,inner_val
ISIC_6331731,0,0.06480244,inner_val
ISIC_6332780,0,0.01086752,inner_val
ISIC_6334015,0,0.0031253286,inner_val
ISIC_6339062,0,0.00095899554,inner_val
ISIC_6341033,0,0.012962404,inner_val
ISIC_6342533,0,0.004321763,inner_val
ISIC_6342641,0,0.03883131,inner_val
ISIC_6353336,0,0.005709374,inner_val
ISIC_6364958,0,0.0010681648,inner_val
ISIC_6365318,0,0.021258697,inner_val
ISIC_6366677,0,0.052630126,inner_val
ISIC_6370597,0,0.002230126,inner_val
ISIC_6370792,0,0.008555086,inner_val
ISIC_6371078,0,0.00054929877,inner_val
ISIC_6373689,0,0.001741908,inner_val
ISIC_6375797,0,0.0143195875,inner_val
ISIC_6378798,0,0.0014073927,inner_val
ISIC_6381090,0,0.0037351823,inner_val
ISIC_6381197,0,0.0027145245,inner_val
ISIC_6381236,0,0.007881281,inner_val
ISIC_6384274,0,0.0019035463,inner_val
ISIC_6385627,0,0.0022441992,inner_val
ISIC_6388531,0,0.0034562554,inner_val
ISIC_6388815,0,0.0011047128,inner_val
ISIC_6388940,0,0.0048113847,inner_val
ISIC_6391839,0,0.00556081,inner_val
ISIC_6395861,0,0.023690661,inner_val
ISIC_6397631,0,0.014163994,inner_val
ISIC_6400714,0,0.0006910059,inner_val
ISIC_6403592,0,0.006070311,inner_val
ISIC_6407190,0,0.0069938404,inner_val
ISIC_6410765,0,0.0012163317,inner_val
ISIC_6411966,0,0.0028508636,inner_val
ISIC_6413346,0,0.0048451223,inner_val
ISIC_6416533,0,0.029349755,inner_val
ISIC_6416889,0,0.02128096,inner_val
ISIC_6418410,0,0.0023899148,inner_val
ISIC_6418515,0,0.0039984244,inner_val
ISIC_6419239,0,0.001853092,inner_val
ISIC_6422703,0,0.0023775806,inner_val
ISIC_6422791,0,0.035742365,inner_val
ISIC_6430088,0,0.0033951406,inner_val
ISIC_6430210,0,0.0023672036,inner_val
ISIC_6430323,0,0.0021671639,inner_val
ISIC_6432413,0,0.062474716,inner_val
ISIC_6433084,0,0.05656825,inner_val
ISIC_6433744,0,0.0018306935,inner_val
ISIC_6436107,0,0.002591259,inner_val
ISIC_6436998,0,0.00086678047,inner_val
ISIC_6437676,0,0.0014158167,inner_val
ISIC_6439380,0,0.006376966,inner_val
ISIC_6440229,0,0.00713556,inner_val
ISIC_6441261,0,0.013636752,inner_val
ISIC_6443984,0,0.0065171192,inner_val
ISIC_6444694,0,0.00055686827,inner_val
ISIC_6445453,0,0.0029195896,inner_val
ISIC_6450123,0,0.029463513,inner_val
ISIC_6450541,0,0.0021455153,inner_val
ISIC_6452498,0,0.025315136,inner_val
ISIC_6455034,0,0.0007399374,inner_val
ISIC_6455160,0,0.04542817,inner_val
ISIC_6455907,0,0.0036415653,inner_val
ISIC_6455934,0,0.0014523931,inner_val
ISIC_6467369,0,0.039004687,inner_val
ISIC_6468817,0,0.003890646,inner_val
ISIC_6469202,0,0.0011751266,inner_val
ISIC_6471878,0,0.0020207113,inner_val
ISIC_6472901,0,0.008529579,inner_val
ISIC_6473446,0,0.0030590277,inner_val
ISIC_6473449,0,0.02354869,inner_val
ISIC_6473876,0,0.009070848,inner_val
ISIC_6473894,0,0.049573712,inner_val
ISIC_6474368,0,0.0014302254,inner_val
ISIC_6476351,0,0.00982483,inner_val
ISIC_6476964,0,0.0043222145,inner_val
ISIC_6481852,0,0.0038615798,inner_val
ISIC_6482425,0,0.007542635,inner_val
ISIC_6487069,0,0.0027795315,inner_val
ISIC_6488089,0,0.026385948,inner_val
ISIC_6488658,0,0.010420417,inner_val
ISIC_6491919,0,0.0203012,inner_val
ISIC_6494965,0,0.0012459739,inner_val
ISIC_6496251,1,0.008831275,inner_val
ISIC_6498790,0,0.0015881163,inner_val
ISIC_6499329,0,0.002420582,inner_val
ISIC_6501973,0,0.04648775,inner_val
ISIC_6502825,0,0.00091522216,inner_val
ISIC_6505551,0,0.0025628996,inner_val
ISIC_6507492,0,0.00060175074,inner_val
ISIC_6511284,0,0.04213231,inner_val
ISIC_6520237,0,0.0017060294,inner_val
ISIC_6521444,0,0.0064293942,inner_val
ISIC_6522126,0,0.0051967213,inner_val
ISIC_6522713,0,0.0030280324,inner_val
ISIC_6524119,0,0.0013602523,inner_val
ISIC_6526150,0,0.0016641477,inner_val
ISIC_6531410,0,0.001575999,inner_val
ISIC_6532137,0,0.0010515297,inner_val
ISIC_6535558,1,0.07916229,inner_val
ISIC_6535961,0,0.007716237,inner_val
ISIC_6544804,0,0.0075200307,inner_val
ISIC_6546981,0,0.0020132428,inner_val
ISIC_6547275,0,0.0014802429,inner_val
ISIC_6550761,0,0.0075045703,inner_val
ISIC_6551980,0,0.02846346,inner_val
ISIC_6552421,0,0.007973109,inner_val
ISIC_6555618,0,0.0043892222,inner_val
ISIC_6560677,0,0.0030231075,inner_val
ISIC_6563695,0,0.034558725,inner_val
ISIC_6564920,0,0.0012497731,inner_val
ISIC_6572571,0,0.005474469,inner_val
ISIC_6575298,0,0.0036641625,inner_val
ISIC_6577745,0,0.0033936952,inner_val
ISIC_6578862,0,0.0019845841,inner_val
ISIC_6581411,1,0.013411058,inner_val
ISIC_6582297,0,0.00062611216,inner_val
ISIC_6585659,0,0.0036071902,inner_val
ISIC_6590191,0,0.00069404213,inner_val
ISIC_6590303,0,0.0018687199,inner_val
ISIC_6590554,0,0.009706675,inner_val
ISIC_6592334,0,0.0038532673,inner_val
ISIC_6595273,0,0.0023094183,inner_val
ISIC_6598889,0,0.0008436466,inner_val
ISIC_6603703,0,0.00086793257,inner_val
ISIC_6605912,0,0.016469095,inner_val
ISIC_6606131,0,0.0020620958,inner_val
ISIC_6607633,0,0.0032747719,inner_val
ISIC_6610220,0,0.01825383,inner_val
ISIC_6610700,0,0.005118884,inner_val
ISIC_6612188,0,0.02871515,inner_val
ISIC_6613239,0,0.005403739,inner_val
ISIC_6613992,0,0.0013697213,inner_val
ISIC_6616081,0,0.0044731847,inner_val
ISIC_6618140,0,0.00086246023,inner_val
ISIC_6618799,0,0.026512297,inner_val
ISIC_6620035,0,0.0041094217,inner_val
ISIC_6620273,0,0.003484032,inner_val
ISIC_6625189,0,0.0015020246,inner_val
ISIC_6625253,0,0.005969939,inner_val
ISIC_6625344,0,0.00080282195,inner_val
ISIC_6628607,0,0.0021214846,inner_val
ISIC_6628829,0,0.019152738,inner_val
ISIC_6630610,0,0.015615097,inner_val
ISIC_6634914,0,0.0009451367,inner_val
ISIC_6638065,0,0.003876838,inner_val
ISIC_6639985,0,0.013788132,inner_val
ISIC_6641378,0,0.034283675,inner_val
ISIC_6642886,0,0.0068839206,inner_val
ISIC_6645328,0,0.0014578708,inner_val
ISIC_6650581,0,0.0012610321,inner_val
ISIC_6652978,0,0.0067298003,inner_val
ISIC_6654619,0,0.0010467592,inner_val
ISIC_6665312,0,0.0005598515,inner_val
ISIC_6665401,0,0.00092916045,inner_val
ISIC_6665667,0,0.018823212,inner_val
ISIC_6666623,0,0.0014050223,inner_val
ISIC_6668197,0,0.0016376177,inner_val
ISIC_6673669,0,0.0051231794,inner_val
ISIC_6673956,0,0.022182662,inner_val
ISIC_6674653,0,0.007278923,inner_val
ISIC_6674739,0,0.05607014,inner_val
ISIC_6675773,0,0.0024811681,inner_val
ISIC_6680634,0,0.0012248078,inner_val
ISIC_6681802,0,0.002929583,inner_val
ISIC_6687327,0,0.008550808,inner_val
ISIC_6689146,0,0.00072872266,inner_val
ISIC_6698114,0,0.004133832,inner_val
ISIC_6700235,0,0.0008478601,inner_val
ISIC_6704623,0,0.000751465,inner_val
ISIC_6707991,0,0.008155998,inner_val
ISIC_6708310,0,0.007905447,inner_val
ISIC_6712655,0,0.0008484663,inner_val
ISIC_6713263,0,0.00068173994,inner_val
ISIC_6715731,0,0.00047211786,inner_val
ISIC_6717452,0,0.0010760295,inner_val
ISIC_6722005,0,0.0009815389,inner_val
ISIC_6722934,0,0.005244744,inner_val
ISIC_6725045,0,0.0030036103,inner_val
ISIC_6728496,0,0.0016120165,inner_val
ISIC_6739204,0,0.002945006,inner_val
ISIC_6739241,0,0.020740876,inner_val
ISIC_6742185,0,0.01332301,inner_val
ISIC_6743860,0,0.0018072021,inner_val
ISIC_6745062,0,0.004750664,inner_val
ISIC_6753831,0,0.00046921396,inner_val
ISIC_6756474,0,0.013768734,inner_val
ISIC_6757533,0,0.03167954,inner_val
ISIC_6757674,0,0.00077813753,inner_val
ISIC_6757682,0,0.0009257182,inner_val
ISIC_6759615,0,0.002109198,inner_val
ISIC_6760984,0,0.013222915,inner_val
ISIC_6760986,0,0.001180675,inner_val
ISIC_6762833,0,0.0016671878,inner_val
ISIC_6763221,0,0.0037409663,inner_val
ISIC_6765909,0,0.0019015744,inner_val
ISIC_6767038,0,0.00046508803,inner_val
ISIC_6767379,0,0.001992156,inner_val
ISIC_6769445,0,0.004854357,inner_val
ISIC_6778515,0,0.0013594286,inner_val
ISIC_6778936,0,0.001478014,inner_val
ISIC_6780841,0,0.08505058,inner_val
ISIC_6783285,0,0.0008311816,inner_val
ISIC_6786974,0,0.0023371098,inner_val
ISIC_6787039,0,0.0009264541,inner_val
ISIC_6800044,0,0.0008819674,inner_val
ISIC_6800115,0,0.009434146,inner_val
ISIC_6808543,0,0.021921141,inner_val
ISIC_6809329,0,0.026230337,inner_val
ISIC_6810183,0,0.021666959,inner_val
ISIC_6810607,0,0.0012688228,inner_val
ISIC_6815451,0,0.0021099981,inner_val
ISIC_6815964,0,0.00075808214,inner_val
ISIC_6820289,0,0.00083821063,inner_val
ISIC_6821459,0,0.0066854847,inner_val
ISIC_6822870,0,0.00067802373,inner_val
ISIC_6822917,0,0.0009109678,inner_val
ISIC_6828892,0,0.00419156,inner_val
ISIC_6829008,1,0.011346405,inner_val
ISIC_6837656,0,0.0012014684,inner_val
ISIC_6839272,0,0.014928156,inner_val
ISIC_6844752,0,0.000603737,inner_val
ISIC_6846376,0,0.0010821745,inner_val
ISIC_6847618,0,0.013003325,inner_val
ISIC_6851073,0,0.015526182,inner_val
ISIC_6851122,0,0.0011176899,inner_val
ISIC_6862411,0,0.0011168635,inner_val
ISIC_6863391,0,0.048452247,inner_val
ISIC_6864484,0,0.0011042353,inner_val
ISIC_6867543,0,0.0015325252,inner_val
ISIC_6872685,0,0.0053523313,inner_val
ISIC_6873847,0,0.008137558,inner_val
ISIC_6876281,0,0.0017458659,inner_val
ISIC_6878417,0,0.0024814575,inner_val
ISIC_6884378,0,0.036352243,inner_val
ISIC_6891226,0,0.0010268291,inner_val
ISIC_6898502,0,0.0007731771,inner_val
ISIC_6899397,0,0.0045272154,inner_val
ISIC_6900559,0,0.0024865237,inner_val
ISIC_6902487,0,0.0029772029,inner_val
ISIC_6906953,0,0.046291817,inner_val
ISIC_6910922,0,0.0021304616,inner_val
ISIC_6910956,0,0.0034481827,inner_val
ISIC_6911252,0,0.0039131246,inner_val
ISIC_6918302,0,0.0123431785,inner_val
ISIC_6918981,0,0.005405554,inner_val
ISIC_6926090,0,0.011828605,inner_val
ISIC_6928990,0,0.0023116341,inner_val
ISIC_6932951,0,0.0022154513,inner_val
ISIC_6933296,0,0.023265535,inner_val
ISIC_6933350,0,0.0005935342,inner_val
ISIC_6938682,0,0.0009739056,inner_val
ISIC_6943610,0,0.009285522,inner_val
ISIC_6948462,0,0.0023251693,inner_val
ISIC_6953334,0,0.0014199263,inner_val
ISIC_6954994,0,0.021786867,inner_val
ISIC_6961503,1,0.020564765,inner_val
ISIC_6962990,0,0.011429086,inner_val
ISIC_6963318,0,0.0010001041,inner_val
ISIC_6965417,0,0.006496971,inner_val
ISIC_6968124,0,0.0015758249,inner_val
ISIC_6969393,0,0.0010784206,inner_val
ISIC_6971473,0,0.0127168335,inner_val
ISIC_6971579,0,0.043832123,inner_val
ISIC_6971970,0,0.0024599594,inner_val
ISIC_6974830,0,0.03320859,inner_val
ISIC_6976494,0,0.022320991,inner_val
ISIC_6977092,0,0.00299402,inner_val
ISIC_6982406,0,0.007461999,inner_val
ISIC_6983347,0,0.0014330177,inner_val
ISIC_6985114,0,0.0024941273,inner_val
ISIC_6985988,0,0.007842881,inner_val
ISIC_6985996,0,0.00093491934,inner_val
ISIC_6987824,0,0.015734585,inner_val
ISIC_6989592,0,0.02018294,inner_val
ISIC_6993690,0,0.00095748284,inner_val
ISIC_6993830,0,0.009744811,inner_val
ISIC_6994237,0,0.006217998,inner_val
ISIC_6996606,0,0.0010822584,inner_val
ISIC_6997436,0,0.012973372,inner_val
ISIC_7001063,0,0.017850403,inner_val
ISIC_7001584,0,0.005198884,inner_val
ISIC_7002496,0,0.0010485947,inner_val
ISIC_7004652,0,0.01499305,inner_val
ISIC_7004857,0,0.0024634239,inner_val
ISIC_7011793,0,0.008259508,inner_val
ISIC_7012349,0,0.02543787,inner_val
ISIC_7016255,0,0.013838857,inner_val
ISIC_7017547,0,0.0035784557,inner_val
ISIC_7017711,0,0.006880317,inner_val
ISIC_7019211,0,0.004373256,inner_val
ISIC_7020578,0,0.009202537,inner_val
ISIC_7030461,0,0.0009791151,inner_val
ISIC_7031550,0,0.013376862,inner_val
ISIC_7035368,0,0.031217974,inner_val
ISIC_7038742,0,0.0009694586,inner_val
ISIC_7044032,0,0.032338683,inner_val
ISIC_7044840,0,0.007942295,inner_val
ISIC_7049442,0,0.00042837235,inner_val
ISIC_7054053,0,0.0011785828,inner_val
ISIC_7057515,0,0.0010694655,inner_val
ISIC_7059794,0,0.0005154089,inner_val
ISIC_7061003,0,0.012826007,inner_val
ISIC_7065522,0,0.0014288783,inner_val
ISIC_7066393,0,0.0031839723,inner_val
ISIC_7068674,0,0.0008088417,inner_val
ISIC_7070020,1,0.10059492,inner_val
ISIC_7070384,0,0.00134752,inner_val
ISIC_7073270,0,0.00088702794,inner_val
ISIC_7074763,0,0.0012926107,inner_val
ISIC_7077029,0,0.00062430487,inner_val
ISIC_7078487,0,0.008697079,inner_val
ISIC_7079349,1,0.036212873,inner_val
ISIC_7088774,0,0.0037530882,inner_val
ISIC_7089788,0,0.0006641285,inner_val
ISIC_7097507,0,0.0018517801,inner_val
ISIC_7098141,1,0.023933714,inner_val
ISIC_7107910,0,0.0008892633,inner_val
ISIC_7108277,0,0.0014841302,inner_val
ISIC_7109582,0,0.045958243,inner_val
ISIC_7110699,0,0.0022254824,inner_val
ISIC_7110889,0,0.013604489,inner_val
ISIC_7115931,0,0.07554011,inner_val
ISIC_7117554,0,0.00403778,inner_val
ISIC_7119992,0,0.00075538584,inner_val
ISIC_7124160,0,0.003935609,inner_val
ISIC_7124623,0,0.0077700256,inner_val
ISIC_7124766,0,0.007671343,inner_val
ISIC_7125870,0,0.016451478,inner_val
ISIC_7126274,0,0.013517084,inner_val
ISIC_7128535,0,0.22055355,inner_val
ISIC_7129134,0,0.0036460545,inner_val
ISIC_7129509,0,0.0007125855,inner_val
ISIC_7129901,0,0.0006388102,inner_val
ISIC_7132222,0,0.028382506,inner_val
ISIC_7133051,0,0.0012785761,inner_val
ISIC_7134476,0,0.013691945,inner_val
ISIC_7135859,0,0.0047892383,inner_val
ISIC_7139532,0,0.0019658876,inner_val
ISIC_7139908,0,0.0040513985,inner_val
ISIC_7141361,0,0.0013577038,inner_val
ISIC_7141965,0,0.001968867,inner_val
ISIC_7143533,0,0.0039559277,inner_val
ISIC_7146904,0,0.014801203,inner_val
ISIC_7148289,0,0.01134999,inner_val
ISIC_7149484,0,0.00048904,inner_val
ISIC_7151508,0,0.0021194678,inner_val
ISIC_7153718,0,0.0018679651,inner_val
ISIC_7155505,0,0.0023451643,inner_val
ISIC_7164970,0,0.00493829,inner_val
ISIC_7166676,0,0.07629854,inner_val
ISIC_7168151,0,0.0008561624,inner_val
ISIC_7173639,0,0.0021550714,inner_val
ISIC_7175873,0,0.038116485,inner_val
ISIC_7178155,0,0.022762697,inner_val
ISIC_7182917,0,0.0012865989,inner_val
ISIC_7184491,0,0.0037616685,inner_val
ISIC_7185036,0,0.0016614136,inner_val
ISIC_7186410,0,0.0031496978,inner_val
ISIC_7186503,0,0.032801397,inner_val
ISIC_7187713,0,0.010072256,inner_val
ISIC_7189073,0,0.00074747176,inner_val
ISIC_7190175,0,0.011962433,inner_val
ISIC_7192157,0,0.009606698,inner_val
ISIC_7194377,0,0.0016422465,inner_val
ISIC_7194569,0,0.017862244,inner_val
ISIC_7198492,0,0.0006952735,inner_val
ISIC_7200497,0,0.009896668,inner_val
ISIC_7201222,0,0.014244684,inner_val
ISIC_7204370,0,0.0012889397,inner_val
ISIC_7205745,1,0.0027754188,inner_val
ISIC_7207080,0,0.0006998422,inner_val
ISIC_7211590,0,0.001674464,inner_val
ISIC_7212975,0,0.000633978,inner_val
ISIC_7213231,0,0.021111643,inner_val
ISIC_7215208,0,0.00197674,inner_val
ISIC_7215375,0,0.0012281612,inner_val
ISIC_7215643,0,0.0070623043,inner_val
ISIC_7216585,0,0.0013707515,inner_val
ISIC_7222438,0,0.04991733,inner_val
ISIC_7223327,0,0.030263921,inner_val
ISIC_7226974,0,0.0023955419,inner_val
ISIC_7228822,0,0.0041622324,inner_val
ISIC_7229357,0,0.0031859677,inner_val
ISIC_7230898,0,0.00077113596,inner_val
ISIC_7231369,0,0.010997306,inner_val
ISIC_7246852,0,0.0049859798,inner_val
ISIC_7254249,0,0.015706008,inner_val
ISIC_7255445,0,0.0028793514,inner_val
ISIC_7255891,0,0.0009135576,inner_val
ISIC_7257380,0,0.0018441405,inner_val
ISIC_7259400,0,0.00089181605,inner_val
ISIC_7260977,0,0.0017859574,inner_val
ISIC_7261681,0,0.001168404,inner_val
ISIC_7264231,0,0.021163682,inner_val
ISIC_7268592,0,0.0009592144,inner_val
ISIC_7270233,0,0.019251794,inner_val
ISIC_7271718,0,0.0024098058,inner_val
ISIC_7276864,0,0.0050842566,inner_val
ISIC_7278885,0,0.0014454472,inner_val
ISIC_7282415,0,0.023614587,inner_val
ISIC_7282441,0,0.044386763,inner_val
ISIC_7284377,0,0.02938666,inner_val
ISIC_7291453,0,0.002642961,inner_val
ISIC_7296462,0,0.0036560786,inner_val
ISIC_7299025,0,0.0127330925,inner_val
ISIC_7301963,0,0.00080348045,inner_val
ISIC_7304480,0,0.0037757938,inner_val
ISIC_7307860,0,0.00080983964,inner_val
ISIC_7310249,0,0.009623399,inner_val
ISIC_7311624,0,0.015321503,inner_val
ISIC_7313348,0,0.00080907834,inner_val
ISIC_7315468,0,0.008786244,inner_val
ISIC_7317646,0,0.007627412,inner_val
ISIC_7323761,0,0.0022301471,inner_val
ISIC_7327423,1,0.10805858,inner_val
ISIC_7330564,0,0.00079556543,inner_val
ISIC_7331098,0,0.0023745154,inner_val
ISIC_7331382,0,0.0031578797,inner_val
ISIC_7333167,0,0.004055106,inner_val
ISIC_7333928,0,0.00064101303,inner_val
ISIC_7334758,0,0.0030519003,inner_val
ISIC_7334783,0,0.0012626017,inner_val
ISIC_7335659,0,0.00048244488,inner_val
ISIC_7339138,0,0.0025433586,inner_val
ISIC_7342914,0,0.019617042,inner_val
ISIC_7352175,0,0.0044881394,inner_val
ISIC_7352886,0,0.0036669404,inner_val
ISIC_7353097,0,0.0018294321,inner_val
ISIC_7357436,0,0.011918475,inner_val
ISIC_7358625,0,0.0018100627,inner_val
ISIC_7359014,0,0.0012479223,inner_val
ISIC_7365523,0,0.0016267736,inner_val
ISIC_7366144,0,0.00073605985,inner_val
ISIC_7368544,0,0.008645817,inner_val
ISIC_7369690,0,0.00812773,inner_val
ISIC_7372081,0,0.0073345103,inner_val
ISIC_7375240,0,0.019974738,inner_val
ISIC_7376243,0,0.0007032801,inner_val
ISIC_7383521,0,0.011278536,inner_val
ISIC_7385430,0,0.0380062,inner_val
ISIC_7386566,0,0.0020237349,inner_val
ISIC_7386891,0,0.0019752674,inner_val
ISIC_7391160,0,0.002482167,inner_val
ISIC_7397129,0,0.01552331,inner_val
ISIC_7402440,0,0.0018565519,inner_val
ISIC_7404638,0,0.012348021,inner_val
ISIC_7407847,0,0.00093452656,inner_val
ISIC_7412559,0,0.0009279909,inner_val
ISIC_7413149,0,0.007288532,inner_val
ISIC_7416702,0,0.0017030387,inner_val
ISIC_7416783,0,0.009073402,inner_val
ISIC_7417678,0,0.018947406,inner_val
ISIC_7430054,0,0.0072337906,inner_val
ISIC_7433711,0,0.3081668,inner_val
ISIC_7438675,0,0.002981262,inner_val
ISIC_7441957,0,0.013098413,inner_val
ISIC_7443928,0,0.001998188,inner_val
ISIC_7447716,0,0.0116166845,inner_val
ISIC_7450481,0,0.010210318,inner_val
ISIC_7452348,0,0.014843708,inner_val
ISIC_7452871,0,0.016251009,inner_val
ISIC_7453895,0,0.017995363,inner_val
ISIC_7454487,0,0.0017379224,inner_val
ISIC_7456891,0,0.0016076312,inner_val
ISIC_7457488,0,0.033827223,inner_val
ISIC_7457750,0,0.02440715,inner_val
ISIC_7460887,1,0.07658668,inner_val
ISIC_7462628,0,0.0007586986,inner_val
ISIC_7465237,0,0.0006471145,inner_val
ISIC_7465944,0,0.0022225904,inner_val
ISIC_7465990,0,0.0049138526,inner_val
ISIC_7473338,0,0.0031438714,inner_val
ISIC_7473469,0,0.003044151,inner_val
ISIC_7474655,0,0.0061076996,inner_val
ISIC_7476849,0,0.0072610346,inner_val
ISIC_7478024,0,0.0008882182,inner_val
ISIC_7478847,0,0.001394324,inner_val
ISIC_7479548,0,0.02557981,inner_val
ISIC_7483552,0,0.02626317,inner_val
ISIC_7486266,0,0.0870702,inner_val
ISIC_7490776,0,0.0009992531,inner_val
ISIC_7492374,0,0.0011488873,inner_val
ISIC_7497699,0,0.0028732247,inner_val
ISIC_7500238,0,0.0031197476,inner_val
ISIC_7504276,0,0.0014415585,inner_val
ISIC_7509284,0,0.026545696,inner_val
ISIC_7511365,0,0.0010565051,inner_val
ISIC_7514830,0,0.034346975,inner_val
ISIC_7515463,0,0.009415773,inner_val
ISIC_7519627,0,0.0015713823,inner_val
ISIC_7520058,0,0.0046726475,inner_val
ISIC_7521457,0,0.01257633,inner_val
ISIC_7523226,0,0.0040547056,inner_val
ISIC_7525320,0,0.0015805103,inner_val
ISIC_7526548,0,0.0015242333,inner_val
ISIC_7529513,0,0.009060374,inner_val
ISIC_7529560,0,0.00044888924,inner_val
ISIC_7531073,0,0.0008878397,inner_val
ISIC_7533116,0,0.0029793992,inner_val
ISIC_7540354,0,0.002107009,inner_val
ISIC_7542722,0,0.008200927,inner_val
ISIC_7544537,0,0.0010147401,inner_val
ISIC_7545549,0,0.051816925,inner_val
ISIC_7547058,0,0.002234173,inner_val
ISIC_7547714,0,0.052624077,inner_val
ISIC_7550917,0,0.0011138264,inner_val
ISIC_7558912,0,0.0029632486,inner_val
ISIC_7560495,0,0.0076744,inner_val
ISIC_7560723,0,0.001735208,inner_val
ISIC_7563371,0,0.001780566,inner_val
ISIC_7567699,0,0.00950273,inner_val
ISIC_7570495,0,0.0028073632,inner_val
ISIC_7573559,0,0.0020353505,inner_val
ISIC_7574101,0,0.012008941,inner_val
ISIC_7577197,0,0.0016204495,inner_val
ISIC_7581388,0,0.028174007,inner_val
ISIC_7582315,0,0.047330856,inner_val
ISIC_7582765,0,0.00041912514,inner_val
ISIC_7583768,0,0.0018445863,inner_val
ISIC_7587078,0,0.002271844,inner_val
ISIC_7587513,0,0.0010490367,inner_val
ISIC_7588132,0,0.024370877,inner_val
ISIC_7589004,0,0.0023177965,inner_val
ISIC_7589300,0,0.0011408661,inner_val
ISIC_7592406,0,0.001756599,inner_val
ISIC_7595351,0,0.0008703235,inner_val
ISIC_7596526,0,0.0010828994,inner_val
ISIC_7599973,0,0.0015571357,inner_val
ISIC_7600279,0,0.007273478,inner_val
ISIC_7601936,0,0.0011752269,inner_val
ISIC_7603320,0,0.0033407868,inner_val
ISIC_7604178,0,0.0012015766,inner_val
ISIC_7616427,0,0.0015401563,inner_val
ISIC_7618103,0,0.0045358106,inner_val
ISIC_7619467,0,0.0017901891,inner_val
ISIC_7619491,0,0.00074566755,inner_val
ISIC_7626256,1,0.032799754,inner_val
ISIC_7628328,0,0.0022161535,inner_val
ISIC_7630208,0,0.010647703,inner_val
ISIC_7630831,0,0.0010109528,inner_val
ISIC_7633322,0,0.0030219608,inner_val
ISIC_7636321,0,0.011093917,inner_val
ISIC_7640835,0,0.0012632393,inner_val
ISIC_7641231,0,0.0007480248,inner_val
ISIC_7641956,0,0.007865692,inner_val
ISIC_7642991,0,0.023770483,inner_val
ISIC_7643966,0,0.005536884,inner_val
ISIC_7644093,0,0.011432007,inner_val
ISIC_7646954,0,0.0022775743,inner_val
ISIC_7648111,0,0.0005302411,inner_val
ISIC_7649708,0,0.0010435858,inner_val
ISIC_7649986,0,0.020563575,inner_val
ISIC_7652731,0,0.0023944732,inner_val
ISIC_7654071,0,0.0037104364,inner_val
ISIC_7654211,0,0.00029587274,inner_val
ISIC_7659833,0,0.008224849,inner_val
ISIC_7661559,0,0.0074098706,inner_val
ISIC_7662910,1,0.026012588,inner_val
ISIC_7663033,0,0.0246133,inner_val
ISIC_7663719,0,0.002220183,inner_val
ISIC_7667157,0,0.000696088,inner_val
ISIC_7668749,0,0.0027566194,inner_val
ISIC_7670304,0,0.027212197,inner_val
ISIC_7671802,0,0.0038118095,inner_val
ISIC_7676485,0,0.006888721,inner_val
ISIC_7680333,0,0.0076551386,inner_val
ISIC_7682984,0,0.005279287,inner_val
ISIC_7685853,0,0.001047684,inner_val
ISIC_7687367,0,0.013607766,inner_val
ISIC_7687848,0,0.0004964986,inner_val
ISIC_7693611,1,0.033066496,inner_val
ISIC_7696732,0,0.010522814,inner_val
ISIC_7697366,0,0.0009589942,inner_val
ISIC_7699392,0,0.0027230615,inner_val
ISIC_7700463,0,0.0053710523,inner_val
ISIC_7705867,0,0.0023837688,inner_val
ISIC_7707720,0,0.015921932,inner_val
ISIC_7715260,0,0.012200838,inner_val
ISIC_7716088,0,0.0014475259,inner_val
ISIC_7716168,0,0.001814836,inner_val
ISIC_7717552,0,0.006438423,inner_val
ISIC_7717907,0,0.0030437082,inner_val
ISIC_7720684,0,0.02096,inner_val
ISIC_7722716,0,0.0043779137,inner_val
ISIC_7725971,0,0.0037641905,inner_val
ISIC_7727908,0,0.0034730362,inner_val
ISIC_7730443,0,0.047978953,inner_val
ISIC_7731447,0,0.009007624,inner_val
ISIC_7731786,0,0.018025393,inner_val
ISIC_7733890,0,0.00074012,inner_val
ISIC_7736423,0,0.009483604,inner_val
ISIC_7738065,0,0.0025910498,inner_val
ISIC_7738761,0,0.0010913517,inner_val
ISIC_7740004,0,0.0009583794,inner_val
ISIC_7744262,0,0.0019844652,inner_val
ISIC_7746409,0,0.005277923,inner_val
ISIC_7748144,0,0.00059818145,inner_val
ISIC_7748899,0,0.008010807,inner_val
ISIC_7755875,0,0.013289642,inner_val
ISIC_7756006,0,0.0036100876,inner_val
ISIC_7756373,0,0.015860932,inner_val
ISIC_7757763,0,0.0007406019,inner_val
ISIC_7764021,0,0.022403317,inner_val
ISIC_7764847,0,0.006033596,inner_val
ISIC_7765038,0,0.0022893995,inner_val
ISIC_7765193,0,0.010251132,inner_val
ISIC_7766704,0,0.0010329378,inner_val
ISIC_7770394,0,0.0008896981,inner_val
ISIC_7776593,0,0.008818462,inner_val
ISIC_7777176,0,0.00065651204,inner_val
ISIC_7780098,0,0.003441134,inner_val
ISIC_7782274,0,0.054701626,inner_val
ISIC_7783346,0,0.02234197,inner_val
ISIC_7788567,0,0.007034964,inner_val
ISIC_7788814,0,0.0056693624,inner_val
ISIC_7789537,0,0.31377423,inner_val
ISIC_7796822,0,0.0044909315,inner_val
ISIC_7799968,0,0.0022052147,inner_val
ISIC_7800750,1,0.02603949,inner_val
ISIC_7806381,0,0.0022607795,inner_val
ISIC_7807526,0,0.0014484884,inner_val
ISIC_7818740,0,0.0050095664,inner_val
ISIC_7818763,0,0.0011159164,inner_val
ISIC_7818799,0,0.011959057,inner_val
ISIC_7819707,0,0.009289536,inner_val
ISIC_7822178,0,0.00202925,inner_val
ISIC_7831645,0,0.0028077464,inner_val
ISIC_7834075,0,0.0009803819,inner_val
ISIC_7835537,0,0.016885212,inner_val
ISIC_7838524,0,0.0042498927,inner_val
ISIC_7840165,0,0.004956024,inner_val
ISIC_7841993,0,0.0046732603,inner_val
ISIC_7844565,0,0.0011340566,inner_val
ISIC_7845702,0,0.035476867,inner_val
ISIC_7847667,0,0.0009445682,inner_val
ISIC_7850134,0,0.022525972,inner_val
ISIC_7852280,0,0.0012105815,inner_val
ISIC_7852465,0,0.0140454965,inner_val
ISIC_7852855,0,0.0012591141,inner_val
ISIC_7854663,0,0.005872174,inner_val
ISIC_7855286,0,0.0050163614,inner_val
ISIC_7859098,0,0.0018770645,inner_val
ISIC_7860012,0,0.00081067276,inner_val
ISIC_7861718,0,0.0019675414,inner_val
ISIC_7861911,0,0.0011673967,inner_val
ISIC_7861942,0,0.0007666539,inner_val
ISIC_7862068,0,0.0017586639,inner_val
ISIC_7872595,1,0.013183006,inner_val
ISIC_7875088,0,0.009753668,inner_val
ISIC_7876737,0,0.01268042,inner_val
ISIC_7877034,0,0.0017833944,inner_val
ISIC_7877488,0,0.03557056,inner_val
ISIC_7882022,0,0.01005272,inner_val
ISIC_7886188,0,0.00079754577,inner_val
ISIC_7887321,0,0.0053845597,inner_val
ISIC_7889838,0,0.004750175,inner_val
ISIC_7894744,0,0.0030281849,inner_val
ISIC_7897484,0,0.0051678363,inner_val
ISIC_7902978,0,0.0007356745,inner_val
ISIC_7904250,0,0.0016225607,inner_val
ISIC_7904411,0,0.00091487385,inner_val
ISIC_7907665,0,0.0050325,inner_val
ISIC_7914631,1,0.029637704,inner_val
ISIC_7915595,0,0.019961867,inner_val
ISIC_7923745,0,0.012562842,inner_val
ISIC_7928614,0,0.0014609352,inner_val
ISIC_7929919,0,0.0015330447,inner_val
ISIC_7933774,0,0.026997117,inner_val
ISIC_7935528,0,0.002060444,inner_val
ISIC_7936149,0,0.0027816235,inner_val
ISIC_7936559,0,0.03392395,inner_val
ISIC_7948461,0,0.010483139,inner_val
ISIC_7948728,0,0.00086359837,inner_val
ISIC_7948999,0,0.034013554,inner_val
ISIC_7950729,0,0.021211356,inner_val
ISIC_7951186,0,0.0017499878,inner_val
ISIC_7951857,0,0.0007832201,inner_val
ISIC_7951995,0,0.028415412,inner_val
ISIC_7954325,0,0.0014537915,inner_val
ISIC_7959202,0,0.0014242803,inner_val
ISIC_7959339,0,0.024258478,inner_val
ISIC_7960920,0,0.007987644,inner_val
ISIC_7961805,0,0.004681527,inner_val
ISIC_7964757,0,0.00070014305,inner_val
ISIC_7964819,0,0.00322333,inner_val
ISIC_7973296,0,0.0015734858,inner_val
ISIC_7973340,0,0.0029010605,inner_val
ISIC_7973500,0,0.00067610154,inner_val
ISIC_7973564,0,0.04885463,inner_val
ISIC_7975420,0,0.012878342,inner_val
ISIC_7975678,0,0.0025655609,inner_val
ISIC_7980482,0,0.0017031635,inner_val
ISIC_7982020,0,0.033340756,inner_val
ISIC_7983553,0,0.011519937,inner_val
ISIC_7988517,0,0.002470077,inner_val
ISIC_7990641,0,0.002718648,inner_val
ISIC_7992584,0,0.018326718,inner_val
ISIC_7994337,0,0.0014299134,inner_val
ISIC_7997132,0,0.0009043709,inner_val
ISIC_7997639,0,0.0066729635,inner_val
ISIC_8002456,0,0.014771932,inner_val
ISIC_8004013,0,0.009130497,inner_val
ISIC_8010381,0,0.0049231527,inner_val
ISIC_8011253,0,0.016117085,inner_val
ISIC_8012737,0,0.0015781081,inner_val
ISIC_8013179,0,0.0068664537,inner_val
ISIC_8014513,0,0.00083185476,inner_val
ISIC_8015441,0,0.002686388,inner_val
ISIC_8019487,0,0.006752101,inner_val
ISIC_8021960,0,0.0015456481,inner_val
ISIC_8023338,0,0.016100368,inner_val
ISIC_8023705,0,0.025272714,inner_val
ISIC_8023823,0,0.0006937826,inner_val
ISIC_8025011,0,0.040764857,inner_val
ISIC_8025852,0,0.002379073,inner_val
ISIC_8027491,0,0.004014552,inner_val
ISIC_8028682,0,0.003586597,inner_val
ISIC_8029120,0,0.0065996153,inner_val
ISIC_8033373,0,0.003078402,inner_val
ISIC_8034587,0,0.01145772,inner_val
ISIC_8035608,0,0.0037048867,inner_val
ISIC_8036363,0,0.0036037914,inner_val
ISIC_8044983,0,0.029513868,inner_val
ISIC_8047080,0,0.0013281817,inner_val
ISIC_8047129,0,0.002979977,inner_val
ISIC_8047316,0,0.009873505,inner_val
ISIC_8051628,0,0.0039328975,inner_val
ISIC_8051791,0,0.06702999,inner_val
ISIC_8052559,0,0.0132584255,inner_val
ISIC_8052877,0,0.0014082071,inner_val
ISIC_8054626,0,0.010107739,inner_val
ISIC_8054710,0,0.007501143,inner_val
ISIC_8056974,0,0.0029730164,inner_val
ISIC_8063080,0,0.00439276,inner_val
ISIC_8064866,0,0.0026553732,inner_val
ISIC_8065001,0,0.0009151693,inner_val
ISIC_8065633,0,0.007405386,inner_val
ISIC_8066110,1,0.008780553,inner_val
ISIC_8066994,0,0.006859794,inner_val
ISIC_8070074,0,0.007288601,inner_val
ISIC_8070555,0,0.02846015,inner_val
ISIC_8073036,0,0.006337919,inner_val
ISIC_8076451,0,0.0008462382,inner_val
ISIC_8078525,0,0.0033019297,inner_val
ISIC_8078589,0,0.0026396147,inner_val
ISIC_8079008,0,0.03007922,inner_val
ISIC_8081676,0,0.001888326,inner_val
ISIC_8083174,0,0.00048257253,inner_val
ISIC_8086919,0,0.022790728,inner_val
ISIC_8092018,0,0.0014390731,inner_val
ISIC_8095877,0,0.007887547,inner_val
ISIC_8096541,0,0.028552806,inner_val
ISIC_8097610,0,0.01326823,inner_val
ISIC_8100185,0,0.009140174,inner_val
ISIC_8102676,0,0.0036694622,inner_val
ISIC_8106591,0,0.016294451,inner_val
ISIC_8108046,0,0.0016317128,inner_val
ISIC_8108720,0,0.0016177732,inner_val
ISIC_8116421,0,0.016718628,inner_val
ISIC_8117468,0,0.003383825,inner_val
ISIC_8124436,0,0.032047525,inner_val
ISIC_8124482,0,0.011877983,inner_val
ISIC_8125684,0,0.0011064637,inner_val
ISIC_8126172,0,0.0015572545,inner_val
ISIC_8128927,0,0.0010809519,inner_val
ISIC_8129362,0,0.016911006,inner_val
ISIC_8130596,0,0.0067360154,inner_val
ISIC_8132196,0,0.008793972,inner_val
ISIC_8133350,1,0.037890363,inner_val
ISIC_8141348,0,0.00032167963,inner_val
ISIC_8145195,0,0.0027922792,inner_val
ISIC_8146629,0,0.02006599,inner_val
ISIC_8148759,0,0.034576785,inner_val
ISIC_8153123,0,0.007232928,inner_val
ISIC_8158285,0,0.010148239,inner_val
ISIC_8160576,0,0.0027624562,inner_val
ISIC_8161933,0,0.0012874501,inner_val
ISIC_8165293,0,0.05230479,inner_val
ISIC_8170665,0,0.0012503428,inner_val
ISIC_8172170,0,0.02040986,inner_val
ISIC_8174981,0,0.00093159964,inner_val
ISIC_8189028,0,0.00061965466,inner_val
ISIC_8190308,0,0.0016407031,inner_val
ISIC_8190603,0,0.0061428417,inner_val
ISIC_8191639,0,0.007820968,inner_val
ISIC_8191696,0,0.01062411,inner_val
ISIC_8191985,0,0.011335264,inner_val
ISIC_8194835,1,0.08127255,inner_val
ISIC_8195729,0,0.0020682653,inner_val
ISIC_8196660,0,0.20718883,inner_val
ISIC_8199947,0,0.00633154,inner_val
ISIC_8202184,0,0.0035511504,inner_val
ISIC_8202586,0,0.007116653,inner_val
ISIC_8206400,0,0.0013612891,inner_val
ISIC_8214071,0,0.0022395188,inner_val
ISIC_8217328,0,0.00059476076,inner_val
ISIC_8219342,0,0.01408639,inner_val
ISIC_8222181,0,0.0044090077,inner_val
ISIC_8228433,0,0.015501158,inner_val
ISIC_8231704,0,0.016102709,inner_val
ISIC_8233211,0,0.032914344,inner_val
ISIC_8235663,0,0.0027365058,inner_val
ISIC_8239309,0,0.0107079875,inner_val
ISIC_8241422,0,0.0019020332,inner_val
ISIC_8247499,0,0.021570927,inner_val
ISIC_8247802,0,0.0051952526,inner_val
ISIC_8248109,0,0.0005395573,inner_val
ISIC_8248707,0,0.0024267535,inner_val
ISIC_8249834,0,0.059486397,inner_val
ISIC_8249854,1,0.046265844,inner_val
ISIC_8252406,1,0.058906753,inner_val
ISIC_8252558,0,0.005299099,inner_val
ISIC_8252886,0,0.0013853168,inner_val
ISIC_8253317,0,0.005138792,inner_val
ISIC_8255176,0,0.02726749,inner_val
ISIC_8258907,0,0.0019820735,inner_val
ISIC_8269660,0,0.0014825771,inner_val
ISIC_8270254,0,0.0011979019,inner_val
ISIC_8270405,0,0.14412585,inner_val
ISIC_8276053,0,0.006273879,inner_val
ISIC_8277845,0,0.0017716753,inner_val
ISIC_8278308,0,0.052123014,inner_val
ISIC_8282954,0,0.0010481821,inner_val
ISIC_8286826,0,0.0005453949,inner_val
ISIC_8288656,0,0.028465958,inner_val
ISIC_8289518,0,0.0013888922,inner_val
ISIC_8293834,0,0.019533541,inner_val
ISIC_8295152,0,0.001861979,inner_val
ISIC_8296246,0,0.0035482259,inner_val
ISIC_8296881,0,0.0012949045,inner_val
ISIC_8299820,0,0.0048332317,inner_val
ISIC_8305581,0,0.0009251777,inner_val
ISIC_8311165,0,0.0034585174,inner_val
ISIC_8311363,0,0.006485188,inner_val
ISIC_8322005,0,0.0056447475,inner_val
ISIC_8324787,0,0.0028822168,inner_val
ISIC_8325569,0,0.058920514,inner_val
ISIC_8329292,0,0.017594513,inner_val
ISIC_8329709,0,0.0026054035,inner_val
ISIC_8331313,0,0.03196037,inner_val
ISIC_8332339,0,0.0018061477,inner_val
ISIC_8332695,0,0.0092303,inner_val
ISIC_8333592,0,0.007267039,inner_val
ISIC_8337820,0,0.001951003,inner_val
ISIC_8338141,0,0.000985665,inner_val
ISIC_8338775,0,0.0038539702,inner_val
ISIC_8342541,0,0.013421894,inner_val
ISIC_8344196,0,0.0010936023,inner_val
ISIC_8344948,0,0.0017146169,inner_val
ISIC_8347739,0,0.001906123,inner_val
ISIC_8356904,0,0.0055864938,inner_val
ISIC_8357133,0,0.0735375,inner_val
ISIC_8357415,0,0.018458158,inner_val
ISIC_8359258,0,0.015810592,inner_val
ISIC_8366327,0,0.004460801,inner_val
ISIC_8366553,0,0.0012959322,inner_val
ISIC_8370239,0,0.0016878317,inner_val
ISIC_8372381,0,0.00045168417,inner_val
ISIC_8375021,0,0.0008413189,inner_val
ISIC_8375123,0,0.0005492302,inner_val
ISIC_8375699,0,0.11806706,inner_val
ISIC_8375982,0,0.016732728,inner_val
ISIC_8378029,0,0.001441358,inner_val
ISIC_8378376,0,0.0043862727,inner_val
ISIC_8380039,0,0.0022340594,inner_val
ISIC_8380676,0,0.0009336282,inner_val
ISIC_8380874,0,0.019328069,inner_val
ISIC_8391394,0,0.009012396,inner_val
ISIC_8392065,0,0.010536665,inner_val
ISIC_8394030,0,0.0019734502,inner_val
ISIC_8395701,0,0.0014916805,inner_val
ISIC_8403824,0,0.00048254998,inner_val
ISIC_8404470,0,0.036192626,inner_val
ISIC_8404950,0,0.0013735095,inner_val
ISIC_8405555,0,0.0073835338,inner_val
ISIC_8407218,0,0.0063117533,inner_val
ISIC_8409421,0,0.0160673,inner_val
ISIC_8409850,0,0.021400835,inner_val
ISIC_8409977,0,0.04690856,inner_val
ISIC_8412401,0,0.0005444841,inner_val
ISIC_8413593,0,0.0015157424,inner_val
ISIC_8413760,0,0.06028115,inner_val
ISIC_8414421,0,0.0028796825,inner_val
ISIC_8420927,0,0.0040562674,inner_val
ISIC_8421033,0,0.0030905264,inner_val
ISIC_8431681,0,0.0037436897,inner_val
ISIC_8433108,0,0.003842469,inner_val
ISIC_8435125,0,0.0013426917,inner_val
ISIC_8435736,0,0.001753216,inner_val
ISIC_8437480,0,0.0017521898,inner_val
ISIC_8437493,1,0.28338936,inner_val
ISIC_8438802,0,0.009211559,inner_val
ISIC_8439307,0,0.015976446,inner_val
ISIC_8441293,0,0.015734969,inner_val
ISIC_8441905,0,0.0040105446,inner_val
ISIC_8443984,0,0.0022992876,inner_val
ISIC_8444919,0,0.010580972,inner_val
ISIC_8447315,0,0.007034697,inner_val
ISIC_8447658,0,0.0010417204,inner_val
ISIC_8448473,0,0.014450997,inner_val
ISIC_8449660,0,0.0015333476,inner_val
ISIC_8452718,0,0.026110398,inner_val
ISIC_8455853,0,0.0049059945,inner_val
ISIC_8455866,0,0.0012660241,inner_val
ISIC_8458440,0,0.005930833,inner_val
ISIC_8458843,0,0.026949123,inner_val
ISIC_8460093,0,0.0023334604,inner_val
ISIC_8465152,0,0.0031805842,inner_val
ISIC_8466745,0,0.0022690918,inner_val
ISIC_8466805,0,0.0011547767,inner_val
ISIC_8467834,0,0.008890355,inner_val
ISIC_8468512,0,0.015907384,inner_val
ISIC_8475324,0,0.03484396,inner_val
ISIC_8483799,0,0.015315146,inner_val
ISIC_8484867,0,0.0039832084,inner_val
ISIC_8487959,0,0.0057364004,inner_val
ISIC_8488204,0,0.0013468497,inner_val
ISIC_8492731,0,0.0006925011,inner_val
ISIC_8493108,1,0.02495581,inner_val
ISIC_8493313,0,0.0016463591,inner_val
ISIC_8493401,0,0.0017081926,inner_val
ISIC_8496245,0,0.005143875,inner_val
ISIC_8498454,0,0.009310953,inner_val
ISIC_8498777,0,0.00096719473,inner_val
ISIC_8500876,0,0.008033027,inner_val
ISIC_8501248,0,0.0056168824,inner_val
ISIC_8503192,0,0.007743375,inner_val
ISIC_8503961,0,0.0032538767,inner_val
ISIC_8505098,0,0.001114599,inner_val
ISIC_8507809,0,0.0016145341,inner_val
ISIC_8510644,0,0.00083441334,inner_val
ISIC_8512716,0,0.001298379,inner_val
ISIC_8513112,0,0.0030248957,inner_val
ISIC_8513649,0,0.0016161252,inner_val
ISIC_8515281,0,0.0009325383,inner_val
ISIC_8516631,0,0.005837093,inner_val
ISIC_8521162,0,0.0260646,inner_val
ISIC_8523143,0,0.0020715836,inner_val
ISIC_8523423,0,0.0008138245,inner_val
ISIC_8524137,0,0.002180133,inner_val
ISIC_8524457,0,0.012816647,inner_val
ISIC_8526513,0,0.0022264365,inner_val
ISIC_8527092,1,0.025957936,inner_val
ISIC_8531541,0,0.0018050977,inner_val
ISIC_8536913,0,0.00061161217,inner_val
ISIC_8540111,0,0.01247457,inner_val
ISIC_8545949,1,0.027404722,inner_val
ISIC_8547536,0,0.0016866149,inner_val
ISIC_8554535,0,0.0020210238,inner_val
ISIC_8555379,0,0.033139683,inner_val
ISIC_8555610,0,0.0022925765,inner_val
ISIC_8556629,0,0.006626382,inner_val
ISIC_8557006,0,0.0011309356,inner_val
ISIC_8557624,0,0.003293161,inner_val
ISIC_8559778,0,0.0018403034,inner_val
ISIC_8561864,0,0.0007475608,inner_val
ISIC_8566006,1,0.06517902,inner_val
ISIC_8568520,0,0.014900435,inner_val
ISIC_8570402,0,0.009031807,inner_val
ISIC_8570917,0,0.0011733449,inner_val
ISIC_8571168,0,0.0059919204,inner_val
ISIC_8574363,0,0.0007036723,inner_val
ISIC_8574407,0,0.0021968777,inner_val
ISIC_8577523,0,0.0010894035,inner_val
ISIC_8577970,0,0.0023089831,inner_val
ISIC_8580692,0,0.0007960007,inner_val
ISIC_8582918,0,0.021382304,inner_val
ISIC_8583462,0,0.0015429425,inner_val
ISIC_8587556,0,0.016863095,inner_val
ISIC_8587822,0,0.012816068,inner_val
ISIC_8592827,0,0.015289252,inner_val
ISIC_8595133,0,0.0027814382,inner_val
ISIC_8597158,0,0.00079060096,inner_val
ISIC_8603493,0,0.0011318448,inner_val
ISIC_8609756,1,0.032065034,inner_val
ISIC_8612113,0,0.0010742346,inner_val
ISIC_8612828,0,0.0009626234,inner_val
ISIC_8617145,0,0.0036941746,inner_val
ISIC_8620064,0,0.00080271554,inner_val
ISIC_8621723,0,0.0007098334,inner_val
ISIC_8622941,0,0.008298145,inner_val
ISIC_8623291,0,0.0169954,inner_val
ISIC_8623743,0,0.0006270398,inner_val
ISIC_8624230,0,0.026982158,inner_val
ISIC_8628723,0,0.027244456,inner_val
ISIC_8629084,0,0.0034680248,inner_val
ISIC_8629308,0,0.010252758,inner_val
ISIC_8630963,0,0.0018653673,inner_val
ISIC_8631304,0,0.0018806664,inner_val
ISIC_8632929,0,0.0008365282,inner_val
ISIC_8633512,0,0.034118664,inner_val
ISIC_8634670,0,0.0012828319,inner_val
ISIC_8635849,0,0.0059051313,inner_val
ISIC_8639128,0,0.0016226943,inner_val
ISIC_8641048,0,0.0032638034,inner_val
ISIC_8643675,0,0.0018625329,inner_val
ISIC_8644092,0,0.00067103445,inner_val
ISIC_8649251,0,0.00082669506,inner_val
ISIC_8651541,0,0.0041547557,inner_val
ISIC_8651863,0,0.0032887533,inner_val
ISIC_8653009,0,0.003232417,inner_val
ISIC_8655487,0,0.0014753907,inner_val
ISIC_8657381,0,0.0045799664,inner_val
ISIC_8657895,0,0.004883651,inner_val
ISIC_8658618,0,0.0028090924,inner_val
ISIC_8663291,0,0.01126533,inner_val
ISIC_8663353,0,0.012380572,inner_val
ISIC_8664196,0,0.01433148,inner_val
ISIC_8667319,0,0.0012200322,inner_val
ISIC_8675105,0,0.00081172516,inner_val
ISIC_8685259,0,0.007763136,inner_val
ISIC_8689284,0,0.018075021,inner_val
ISIC_8692006,0,0.00054230256,inner_val
ISIC_8693823,0,0.0075436234,inner_val
ISIC_8698452,0,0.031569522,inner_val
ISIC_8698578,0,0.002061417,inner_val
ISIC_8699796,0,0.0017351947,inner_val
ISIC_8700156,0,0.00068024045,inner_val
ISIC_8700706,0,0.0007298221,inner_val
ISIC_8700740,0,0.006503592,inner_val
ISIC_8703375,0,0.0033005835,inner_val
ISIC_8706667,0,0.005562767,inner_val
ISIC_8711983,0,0.0005012168,inner_val
ISIC_8712028,0,0.00096329814,inner_val
ISIC_8715507,0,0.0030756255,inner_val
ISIC_8716533,0,0.0033256663,inner_val
ISIC_8719134,0,0.00072181824,inner_val
ISIC_8723397,0,0.004983293,inner_val
ISIC_8724944,1,0.048356745,inner_val
ISIC_8725334,0,0.012480645,inner_val
ISIC_8726948,0,0.0011285776,inner_val
ISIC_8731219,0,0.0007613175,inner_val
ISIC_8738797,0,0.005799199,inner_val
ISIC_8742034,0,0.024955291,inner_val
ISIC_8742277,0,0.001321926,inner_val
ISIC_8742972,0,0.011804824,inner_val
ISIC_8745884,0,0.0016587772,inner_val
ISIC_8748253,0,0.0024553172,inner_val
ISIC_8751106,0,0.013231012,inner_val
ISIC_8755239,0,0.00070228684,inner_val
ISIC_8756011,0,0.0005030989,inner_val
ISIC_8760731,0,0.00043526798,inner_val
ISIC_8761972,0,0.0048743743,inner_val
ISIC_8769391,0,0.0005976885,inner_val
ISIC_8772241,0,0.0055628936,inner_val
ISIC_8773568,0,0.0005849411,inner_val
ISIC_8779013,0,0.0027042273,inner_val
ISIC_8779202,0,0.0008927653,inner_val
ISIC_8783000,0,0.00331938,inner_val
ISIC_8783066,0,0.0014096287,inner_val
ISIC_8790885,0,0.014588275,inner_val
ISIC_8795968,0,0.11174776,inner_val
ISIC_8803537,0,0.0060720746,inner_val
ISIC_8806180,0,0.0013023708,inner_val
ISIC_8806647,0,0.0313159,inner_val
ISIC_8806941,0,0.00084273145,inner_val
ISIC_8808909,0,0.0025375697,inner_val
ISIC_8809821,0,0.018884731,inner_val
ISIC_8813078,0,0.0061912765,inner_val
ISIC_8818102,0,0.019014714,inner_val
ISIC_8819163,0,0.032257758,inner_val
ISIC_8819519,0,0.0011082302,inner_val
ISIC_8820527,0,0.005432977,inner_val
ISIC_8820668,0,0.003344297,inner_val
ISIC_8821017,0,0.015740937,inner_val
ISIC_8821259,0,0.0047659785,inner_val
ISIC_8822331,0,0.0034404949,inner_val
ISIC_8822738,0,0.0009724661,inner_val
ISIC_8823875,0,0.013879362,inner_val
ISIC_8825731,0,0.003393963,inner_val
ISIC_8827745,0,0.0023320818,inner_val
ISIC_8828327,0,0.004767404,inner_val
ISIC_8828770,0,0.0012390475,inner_val
ISIC_8829480,0,0.0020536673,inner_val
ISIC_8832449,0,0.00028284485,inner_val
ISIC_8834282,0,0.024951404,inner_val
ISIC_8838213,0,0.0012417235,inner_val
ISIC_8841384,0,0.00062363467,inner_val
ISIC_8845339,0,0.0021040856,inner_val
ISIC_8847638,0,0.000536874,inner_val
ISIC_8849458,0,0.0010689527,inner_val
ISIC_8851036,0,0.0037269401,inner_val
ISIC_8853249,0,0.015993176,inner_val
ISIC_8855790,0,0.019582558,inner_val
ISIC_8862118,0,0.003770782,inner_val
ISIC_8862858,0,0.0026155706,inner_val
ISIC_8862911,0,0.0016869497,inner_val
ISIC_8862967,0,0.025345154,inner_val
ISIC_8864811,0,0.00153145,inner_val
ISIC_8867127,0,0.0016486502,inner_val
ISIC_8868978,0,0.0016750091,inner_val
ISIC_8871092,0,0.08294131,inner_val
ISIC_8872422,0,0.008101259,inner_val
ISIC_8873823,0,0.001675156,inner_val
ISIC_8873943,0,0.01195733,inner_val
ISIC_8875702,0,0.007917835,inner_val
ISIC_8875762,0,0.0019708984,inner_val
ISIC_8876880,0,0.009287183,inner_val
ISIC_8883577,0,0.017579757,inner_val
ISIC_8887142,0,0.0064154943,inner_val
ISIC_8888087,0,0.009875184,inner_val
ISIC_8889199,0,0.016274538,inner_val
ISIC_8889425,0,0.009812796,inner_val
ISIC_8889856,0,0.001592565,inner_val
ISIC_8892663,0,0.0108131375,inner_val
ISIC_8892766,0,0.006590424,inner_val
ISIC_8893030,0,0.00109269,inner_val
ISIC_8893501,0,0.006781631,inner_val
ISIC_8894305,0,0.00063020055,inner_val
ISIC_8898552,0,0.0034620098,inner_val
ISIC_8901371,0,0.006284522,inner_val
ISIC_8903932,0,0.0053289435,inner_val
ISIC_8904326,0,0.010269445,inner_val
ISIC_8905157,0,0.059064593,inner_val
ISIC_8906583,0,0.0008262123,inner_val
ISIC_8908280,0,0.028847238,inner_val
ISIC_8909618,0,0.00880844,inner_val
ISIC_8909957,0,0.0028250604,inner_val
ISIC_8913074,0,0.00349374,inner_val
ISIC_8913166,0,0.0010126468,inner_val
ISIC_8914978,0,0.01062392,inner_val
ISIC_8922111,0,0.0018834647,inner_val
ISIC_8923393,0,0.013738114,inner_val
ISIC_8925378,0,0.025461389,inner_val
ISIC_8928166,0,0.0020806866,inner_val
ISIC_8931012,0,0.0028884422,inner_val
ISIC_8940715,0,0.008556659,inner_val
ISIC_8942401,0,0.001664463,inner_val
ISIC_8943344,0,0.0030954755,inner_val
ISIC_8943855,0,0.0016953802,inner_val
ISIC_8943906,0,0.0015471736,inner_val
ISIC_8944716,0,0.012679675,inner_val
ISIC_8956614,0,0.019080289,inner_val
ISIC_8957490,0,0.0022832584,inner_val
ISIC_8957886,0,0.016846422,inner_val
ISIC_8958656,0,0.016203769,inner_val
ISIC_8959928,0,0.001678953,inner_val
ISIC_8961663,0,0.01759162,inner_val
ISIC_8962375,0,0.0020598695,inner_val
ISIC_8963614,0,0.00075819483,inner_val
ISIC_8965320,0,0.0024214226,inner_val
ISIC_8966567,0,0.0015935967,inner_val
ISIC_8966915,0,0.009588626,inner_val
ISIC_8977878,0,0.0067765126,inner_val
ISIC_8981166,0,0.001164991,inner_val
ISIC_8981301,0,0.0023163809,inner_val
ISIC_8986785,0,0.00068166363,inner_val
ISIC_8993666,0,0.001189609,inner_val
ISIC_8994153,0,0.0037784993,inner_val
ISIC_8996654,0,0.0013050777,inner_val
ISIC_8998017,0,0.0019712753,inner_val
ISIC_8998190,0,0.004975563,inner_val
ISIC_9000901,0,0.0033927418,inner_val
ISIC_9003062,0,0.004363252,inner_val
ISIC_9004374,0,0.019183801,inner_val
ISIC_9008095,0,0.002542356,inner_val
ISIC_9009242,0,0.0015133887,inner_val
ISIC_9010907,0,0.013970226,inner_val
ISIC_9012536,0,0.0015698577,inner_val
ISIC_9012868,0,0.0011331075,inner_val
ISIC_9013023,0,0.0015764537,inner_val
ISIC_9013554,0,0.0022823971,inner_val
ISIC_9014098,0,0.0017206805,inner_val
ISIC_9016601,0,0.0014412001,inner_val
ISIC_9018338,0,0.00916284,inner_val
ISIC_9025263,0,0.023446504,inner_val
ISIC_9030482,0,0.027517756,inner_val
ISIC_9031637,0,0.0071773403,inner_val
ISIC_9032302,0,0.0006866745,inner_val
ISIC_9034411,0,0.009166178,inner_val
ISIC_9035181,0,0.0025896465,inner_val
ISIC_9037499,0,0.024786504,inner_val
ISIC_9046478,0,0.01071857,inner_val
ISIC_9047184,0,0.002801842,inner_val
ISIC_9051856,0,0.001072004,inner_val
ISIC_9054603,0,0.0044081314,inner_val
ISIC_9056246,0,0.00078193477,inner_val
ISIC_9056422,0,0.058724664,inner_val
ISIC_9056577,0,0.0049782125,inner_val
ISIC_9056935,0,0.021789996,inner_val
ISIC_9057417,0,0.018310595,inner_val
ISIC_9059632,0,0.0060880133,inner_val
ISIC_9062530,0,0.0014534004,inner_val
ISIC_9063429,0,0.0010234091,inner_val
ISIC_9064668,0,0.023862276,inner_val
ISIC_9066066,0,0.00034550362,inner_val
ISIC_9069537,0,0.0010966287,inner_val
ISIC_9081595,0,0.0014573281,inner_val
ISIC_9081663,0,0.00318621,inner_val
ISIC_9081853,0,0.022853795,inner_val
ISIC_9085719,0,0.0027399475,inner_val
ISIC_9086288,0,0.0052939015,inner_val
ISIC_9088656,0,0.002088963,inner_val
ISIC_9093183,0,0.0045827674,inner_val
ISIC_9096001,0,0.0002912709,inner_val
ISIC_9099430,0,0.06530922,inner_val
ISIC_9100353,0,0.0045490367,inner_val
ISIC_9101055,0,0.0018923681,inner_val
ISIC_9101441,0,0.029221607,inner_val
ISIC_9102352,0,0.0013278553,inner_val
ISIC_9105258,0,0.004520288,inner_val
ISIC_9105994,0,0.019910356,inner_val
ISIC_9111229,0,0.014572928,inner_val
ISIC_9111388,0,0.004814169,inner_val
ISIC_9115855,0,0.0010459577,inner_val
ISIC_9116179,0,0.005438122,inner_val
ISIC_9119549,0,0.0018505501,inner_val
ISIC_9122215,0,0.010258623,inner_val
ISIC_9125216,0,0.013254135,inner_val
ISIC_9126992,0,0.0007285699,inner_val
ISIC_9130157,1,0.00835645,inner_val
ISIC_9130704,0,0.0038346944,inner_val
ISIC_9133087,0,0.006220688,inner_val
ISIC_9134566,0,0.007977033,inner_val
ISIC_9140119,0,0.033994563,inner_val
ISIC_9140498,0,0.006097591,inner_val
ISIC_9141282,0,0.0036249529,inner_val
ISIC_9141379,0,0.019380419,inner_val
ISIC_9141416,0,0.024275685,inner_val
ISIC_9141613,0,0.0050540864,inner_val
ISIC_9143077,0,0.0018174993,inner_val
ISIC_9143744,0,0.001762138,inner_val
ISIC_9144961,0,0.014091418,inner_val
ISIC_9147785,0,0.0056869076,inner_val
ISIC_9157619,0,0.0015325435,inner_val
ISIC_9157809,0,0.014662353,inner_val
ISIC_9163684,0,0.0009178691,inner_val
ISIC_9165815,0,0.0018788,inner_val
ISIC_9174092,0,0.00063391455,inner_val
ISIC_9176138,0,0.0013411108,inner_val
ISIC_9176281,0,0.0065601147,inner_val
ISIC_9176472,0,0.003932737,inner_val
ISIC_9181399,0,0.002031771,inner_val
ISIC_9189319,0,0.0014097167,inner_val
ISIC_9191270,0,0.010084468,inner_val
ISIC_9192632,0,0.005509368,inner_val
ISIC_9194082,0,0.000980892,inner_val
ISIC_9196424,0,0.008491857,inner_val
ISIC_9198021,0,0.00095378666,inner_val
ISIC_9199429,1,0.06843296,inner_val
ISIC_9203914,0,0.020136591,inner_val
ISIC_9204678,0,0.0027789725,inner_val
ISIC_9204688,0,0.0036532849,inner_val
ISIC_9205063,0,0.007432913,inner_val
ISIC_9211175,0,0.008163894,inner_val
ISIC_9212054,0,0.03905348,inner_val
ISIC_9214172,0,0.0025397807,inner_val
ISIC_9214601,0,0.0050032265,inner_val
ISIC_9217405,0,0.0010330091,inner_val
ISIC_9219421,0,0.016275797,inner_val
ISIC_9221004,0,0.05185284,inner_val
ISIC_9221435,0,0.0053823967,inner_val
ISIC_9223108,0,0.005853828,inner_val
ISIC_9227253,0,0.000911386,inner_val
ISIC_9229373,0,0.019248625,inner_val
ISIC_9230976,0,0.0757663,inner_val
ISIC_9231079,0,0.0076311096,inner_val
ISIC_9232587,0,0.0016168231,inner_val
ISIC_9232615,0,0.0012264083,inner_val
ISIC_9236241,0,0.0005602217,inner_val
ISIC_9236253,0,0.009123434,inner_val
ISIC_9239632,0,0.029945638,inner_val
ISIC_9241732,0,0.026537264,inner_val
ISIC_9242891,0,0.01396136,inner_val
ISIC_9245101,0,0.0023156537,inner_val
ISIC_9245680,0,0.0011313085,inner_val
ISIC_9246565,0,0.007678846,inner_val
ISIC_9246908,0,0.0007004404,inner_val
ISIC_9252956,0,0.003496236,inner_val
ISIC_9257356,0,0.0013823122,inner_val
ISIC_9259384,0,0.008233656,inner_val
ISIC_9260499,0,0.0016347747,inner_val
ISIC_9263896,0,0.017963098,inner_val
ISIC_9263990,0,0.022775797,inner_val
ISIC_9264072,0,0.0036777924,inner_val
ISIC_9266841,0,0.0049249846,inner_val
ISIC_9272859,0,0.0006462018,inner_val
ISIC_9273568,0,0.0024958146,inner_val
ISIC_9276066,0,0.024079494,inner_val
ISIC_9276479,0,0.034911253,inner_val
ISIC_9277695,0,0.0031434575,inner_val
ISIC_9277774,0,0.0056874845,inner_val
ISIC_9280358,0,0.012081106,inner_val
ISIC_9281339,0,0.013763527,inner_val
ISIC_9285033,0,0.0005805472,inner_val
ISIC_9286929,0,0.03756139,inner_val
ISIC_9288490,0,0.029247295,inner_val
ISIC_9288923,0,0.0007362959,inner_val
ISIC_9293571,0,0.0013264315,inner_val
ISIC_9293624,0,0.0012213436,inner_val
ISIC_9297537,0,0.024774594,inner_val
ISIC_9298545,0,0.030700807,inner_val
ISIC_9302653,0,0.0022897501,inner_val
ISIC_9304022,0,0.0016887271,inner_val
ISIC_9305113,0,0.026854843,inner_val
ISIC_9305323,0,0.005561575,inner_val
ISIC_9308275,0,0.00074353843,inner_val
ISIC_9310210,0,0.0027455206,inner_val
ISIC_9311196,0,0.0010035388,inner_val
ISIC_9313377,0,0.003942415,inner_val
ISIC_9314646,0,0.016076423,inner_val
ISIC_9317483,1,0.01438673,inner_val
ISIC_9318528,0,0.0009836031,inner_val
ISIC_9320258,0,0.0015330032,inner_val
ISIC_9321537,0,0.0017238191,inner_val
ISIC_9321837,0,0.0037423277,inner_val
ISIC_9328242,0,0.032628696,inner_val
ISIC_9330103,0,0.010364943,inner_val
ISIC_9333546,0,0.0049113445,inner_val
ISIC_9333906,0,0.008419257,inner_val
ISIC_9334145,0,0.0029055162,inner_val
ISIC_9339525,0,0.009790248,inner_val
ISIC_9345294,0,0.00084614195,inner_val
ISIC_9349930,0,0.00094903447,inner_val
ISIC_9350507,0,0.0013569101,inner_val
ISIC_9353895,0,0.003956236,inner_val
ISIC_9354604,0,0.019505037,inner_val
ISIC_9355671,0,0.0008208479,inner_val
ISIC_9356120,0,0.0012006772,inner_val
ISIC_9356222,0,0.0013886516,inner_val
ISIC_9358532,0,0.0007168268,inner_val
ISIC_9361217,0,0.00232821,inner_val
ISIC_9367832,0,0.00095036544,inner_val
ISIC_9374187,0,0.0064444104,inner_val
ISIC_9374598,0,0.002605348,inner_val
ISIC_9375426,0,0.0015259455,inner_val
ISIC_9375930,0,0.007970987,inner_val
ISIC_9379545,0,0.027184013,inner_val
ISIC_9379816,0,0.0033838362,inner_val
ISIC_9380275,0,0.004634715,inner_val
ISIC_9383204,0,0.0037562826,inner_val
ISIC_9395707,0,0.0019266935,inner_val
ISIC_9399475,0,0.0034174884,inner_val
ISIC_9401543,0,0.013179533,inner_val
ISIC_9407448,0,0.0052164523,inner_val
ISIC_9410044,0,0.0014489202,inner_val
ISIC_9411337,0,0.0006252621,inner_val
ISIC_9416538,0,0.005840268,inner_val
ISIC_9418224,0,0.01079213,inner_val
ISIC_9424172,0,0.009587862,inner_val
ISIC_9426618,0,0.04003003,inner_val
ISIC_9433523,0,0.0011323446,inner_val
ISIC_9437380,0,0.0008255509,inner_val
ISIC_9437417,0,0.0050143106,inner_val
ISIC_9438607,0,0.0032693318,inner_val
ISIC_9440565,0,0.027652724,inner_val
ISIC_9443820,0,0.002576142,inner_val
ISIC_9448629,0,0.05177923,inner_val
ISIC_9451910,0,0.0065692673,inner_val
ISIC_9453392,0,0.0047600926,inner_val
ISIC_9453737,0,0.008304684,inner_val
ISIC_9454024,0,0.0009236113,inner_val
ISIC_9456752,0,0.029251501,inner_val
ISIC_9461940,0,0.0015462701,inner_val
ISIC_9461953,0,0.0013522421,inner_val
ISIC_9462738,0,0.004415891,inner_val
ISIC_9463691,0,0.003356931,inner_val
ISIC_9463865,0,0.0019966643,inner_val
ISIC_9464203,0,0.045967042,inner_val
ISIC_9466320,0,0.0041604675,inner_val
ISIC_9467125,0,0.020060599,inner_val
ISIC_9469079,0,0.016996691,inner_val
ISIC_9470922,0,0.011523624,inner_val
ISIC_9472193,0,0.008133778,inner_val
ISIC_9472725,0,0.0023659056,inner_val
ISIC_9475217,0,0.0014322086,inner_val
ISIC_9476273,0,0.008701746,inner_val
ISIC_9477362,0,0.008514679,inner_val
ISIC_9477825,0,0.014221477,inner_val
ISIC_9478317,0,0.0073094736,inner_val
ISIC_9480417,0,0.006888026,inner_val
ISIC_9482165,0,0.022093706,inner_val
ISIC_9483306,0,0.0013552307,inner_val
ISIC_9485883,0,0.018689847,inner_val
ISIC_9486917,0,0.0011059426,inner_val
ISIC_9487585,0,0.0055109956,inner_val
ISIC_9489128,0,0.003560683,inner_val
ISIC_9489813,0,0.0012170979,inner_val
ISIC_9492000,0,0.012792513,inner_val
ISIC_9492750,0,0.0010982006,inner_val
ISIC_9492873,0,0.0026738374,inner_val
ISIC_9496098,0,0.00075862417,inner_val
ISIC_9496738,0,0.0016167739,inner_val
ISIC_9497587,0,0.0007768898,inner_val
ISIC_9498714,0,0.06969636,inner_val
ISIC_9502555,0,0.013019333,inner_val
ISIC_9505910,0,0.00079078024,inner_val
ISIC_9508560,0,0.0017828455,inner_val
ISIC_9509345,0,0.02712379,inner_val
ISIC_9511832,0,0.0013658641,inner_val
ISIC_9513953,0,0.0016581188,inner_val
ISIC_9516140,0,0.00066874025,inner_val
ISIC_9516457,0,0.0037702483,inner_val
ISIC_9528709,0,0.038043667,inner_val
ISIC_9531403,0,0.00080362597,inner_val
ISIC_9533977,0,0.0106843235,inner_val
ISIC_9537698,0,0.0009985252,inner_val
ISIC_9538004,0,0.00922129,inner_val
ISIC_9538621,0,0.0027659393,inner_val
ISIC_9542764,0,0.05062838,inner_val
ISIC_9542960,0,0.0018638612,inner_val
ISIC_9543982,0,0.0052864915,inner_val
ISIC_9547089,0,0.0013605218,inner_val
ISIC_9547725,1,0.09025157,inner_val
ISIC_9551134,0,0.0010950128,inner_val
ISIC_9552235,0,0.0039223055,inner_val
ISIC_9553830,0,0.012642049,inner_val
ISIC_9555044,0,0.0030772286,inner_val
ISIC_9560298,0,0.012337268,inner_val
ISIC_9560639,0,0.0016897307,inner_val
ISIC_9560804,0,0.017801713,inner_val
ISIC_9565194,0,0.004799875,inner_val
ISIC_9574051,0,0.0059999973,inner_val
ISIC_9574591,0,0.077318095,inner_val
ISIC_9585329,1,0.024130613,inner_val
ISIC_9585534,0,0.0033084594,inner_val
ISIC_9590673,0,0.025565185,inner_val
ISIC_9593796,0,0.0011734746,inner_val
ISIC_9593940,1,0.083901286,inner_val
ISIC_9595201,0,0.0008610053,inner_val
ISIC_9595988,0,0.00042993634,inner_val
ISIC_9596837,0,0.0053301416,inner_val
ISIC_9597728,0,0.0005154937,inner_val
ISIC_9598453,0,0.0060313325,inner_val
ISIC_9603637,0,0.017157568,inner_val
ISIC_9608861,0,0.0027151753,inner_val
ISIC_9610311,0,0.015641483,inner_val
ISIC_9611250,0,0.008627734,inner_val
ISIC_9615579,0,0.0045791906,inner_val
ISIC_9621586,0,0.0044532456,inner_val
ISIC_9625160,0,0.004361491,inner_val
ISIC_9625269,0,0.0026442886,inner_val
ISIC_9625875,0,0.0004107232,inner_val
ISIC_9626843,1,0.010714218,inner_val
ISIC_9627139,0,0.01774815,inner_val
ISIC_9629024,0,0.010210386,inner_val
ISIC_9631792,0,0.0011392301,inner_val
ISIC_9632917,0,0.0032870688,inner_val
ISIC_9633789,0,0.0004630498,inner_val
ISIC_9634018,0,0.00050561916,inner_val
ISIC_9636849,0,0.0027092127,inner_val
ISIC_9639931,0,0.0011832397,inner_val
ISIC_9641092,0,0.002367315,inner_val
ISIC_9648696,0,0.002463635,inner_val
ISIC_9649028,0,0.040530372,inner_val
ISIC_9650774,0,0.017646836,inner_val
ISIC_9651698,0,0.00048164674,inner_val
ISIC_9654537,0,0.0015161292,inner_val
ISIC_9657153,0,0.0009786848,inner_val
ISIC_9659306,0,0.042023476,inner_val
ISIC_9660409,0,0.00065576227,inner_val
ISIC_9662367,0,0.0025448352,inner_val
ISIC_9668646,0,0.001830852,inner_val
ISIC_9669830,0,0.022474859,inner_val
ISIC_9672482,0,0.010787494,inner_val
ISIC_9672734,0,0.000814662,inner_val
ISIC_9680071,0,0.0006289581,inner_val
ISIC_9680365,0,0.015345501,inner_val
ISIC_9680911,0,0.009384917,inner_val
ISIC_9684010,0,0.0036159637,inner_val
ISIC_9686296,0,0.011614751,inner_val
ISIC_9690239,0,0.0018298205,inner_val
ISIC_9690256,0,0.050011452,inner_val
ISIC_9690371,0,0.0035817572,inner_val
ISIC_9691287,0,0.007751519,inner_val
ISIC_9691303,0,0.001561916,inner_val
ISIC_9691372,0,0.0021533258,inner_val
ISIC_9694663,0,0.021678928,inner_val
ISIC_9696502,0,0.011439797,inner_val
ISIC_9698498,0,0.022964826,inner_val
ISIC_9712479,0,0.0024127248,inner_val
ISIC_9712963,0,0.027364094,inner_val
ISIC_9713959,0,0.0013594908,inner_val
ISIC_9714746,0,0.0012413249,inner_val
ISIC_9716031,0,0.005872725,inner_val
ISIC_9716059,0,0.011630017,inner_val
ISIC_9719576,0,0.019690983,inner_val
ISIC_9719922,0,0.0012364285,inner_val
ISIC_9721056,0,0.05843377,inner_val
ISIC_9721312,0,0.0012281605,inner_val
ISIC_9722385,0,0.003429754,inner_val
ISIC_9724550,0,0.0017730439,inner_val
ISIC_9724720,0,0.052300606,inner_val
ISIC_9725585,0,0.0008288224,inner_val
ISIC_9731969,0,0.0006968009,inner_val
ISIC_9733592,0,0.001953336,inner_val
ISIC_9739610,0,0.0024932376,inner_val
ISIC_9739881,0,0.0042408323,inner_val
ISIC_9743002,0,0.003252238,inner_val
ISIC_9744755,0,0.0017980231,inner_val
ISIC_9748173,0,0.0070036566,inner_val
ISIC_9748543,0,0.00085800124,inner_val
ISIC_9748845,0,0.016972972,inner_val
ISIC_9752880,0,0.0022016042,inner_val
ISIC_9753415,0,0.0023538498,inner_val
ISIC_9755946,0,0.0019181782,inner_val
ISIC_9756791,0,0.081766315,inner_val
ISIC_9757654,0,0.000733238,inner_val
ISIC_9762609,0,0.029926792,inner_val
ISIC_9764024,0,0.007942738,inner_val
ISIC_9769827,0,0.0010422901,inner_val
ISIC_9772383,0,0.0015665204,inner_val
ISIC_9772465,0,0.014967938,inner_val
ISIC_9773404,0,0.004983974,inner_val
ISIC_9776245,0,0.0013028304,inner_val
ISIC_9776851,0,0.0017398413,inner_val
ISIC_9777543,0,0.0014955002,inner_val
ISIC_9778786,0,0.0011660641,inner_val
ISIC_9781112,0,0.008041962,inner_val
ISIC_9782539,0,0.0011569953,inner_val
ISIC_9786943,0,0.010492705,inner_val
ISIC_9787802,0,0.0018987057,inner_val
ISIC_9788174,0,0.017260524,inner_val
ISIC_9788341,0,0.0028073553,inner_val
ISIC_9788537,0,0.012721295,inner_val
ISIC_9790808,0,0.003154729,inner_val
ISIC_9791133,0,0.0030753901,inner_val
ISIC_9791811,0,0.009428662,inner_val
ISIC_9792253,0,0.00490802,inner_val
ISIC_9794538,0,0.006803596,inner_val
ISIC_9794659,0,0.013502752,inner_val
ISIC_9797003,0,0.0010671685,inner_val
ISIC_9801917,0,0.0068397536,inner_val
ISIC_9806131,0,0.011249922,inner_val
ISIC_9806768,0,0.001526702,inner_val
ISIC_9808161,0,0.004601294,inner_val
ISIC_9810417,0,0.010165824,inner_val
ISIC_9810847,0,0.0026115095,inner_val
ISIC_9815806,0,0.0028746596,inner_val
ISIC_9816203,0,0.016535487,inner_val
ISIC_9821002,1,0.025593424,inner_val
ISIC_9821398,0,0.001012354,inner_val
ISIC_9821756,0,0.0018831671,inner_val
ISIC_9823162,0,0.010342648,inner_val
ISIC_9824967,0,0.0011853538,inner_val
ISIC_9826482,0,0.012755031,inner_val
ISIC_9828060,0,0.07867326,inner_val
ISIC_9829605,0,0.001624053,inner_val
ISIC_9830963,0,0.019586684,inner_val
ISIC_9831378,0,0.0429057,inner_val
ISIC_9832775,0,0.0032432463,inner_val
ISIC_9834369,0,0.0032057106,inner_val
ISIC_9837063,0,0.0029472779,inner_val
ISIC_9837324,0,0.001443879,inner_val
ISIC_9838270,0,0.0033841562,inner_val
ISIC_9839042,0,0.09926037,inner_val
ISIC_9839324,0,0.113863595,inner_val
ISIC_9839867,0,0.003552033,inner_val
ISIC_9841563,0,0.017441398,inner_val
ISIC_9846081,0,0.0022305714,inner_val
ISIC_9848607,0,0.002332073,inner_val
ISIC_9848675,0,0.0071668862,inner_val
ISIC_9848953,0,0.00423372,inner_val
ISIC_9853087,0,0.00063388137,inner_val
ISIC_9861225,0,0.0028846625,inner_val
ISIC_9865913,0,0.0034518107,inner_val
ISIC_9867539,0,0.0010273004,inner_val
ISIC_9868319,0,0.0009983054,inner_val
ISIC_9868388,0,0.0049393675,inner_val
ISIC_9870313,0,0.0029622132,inner_val
ISIC_9871124,0,0.00217227,inner_val
ISIC_9872751,0,0.012822645,inner_val
ISIC_9878449,0,0.0015314433,inner_val
ISIC_9883879,0,0.0019269942,inner_val
ISIC_9888203,0,0.0005333135,inner_val
ISIC_9889373,0,0.0022738122,inner_val
ISIC_9890873,0,0.013455211,inner_val
ISIC_9892318,0,0.002445189,inner_val
ISIC_9893641,0,0.009398253,inner_val
ISIC_9893956,0,0.00096009637,inner_val
ISIC_9894782,0,0.001211494,inner_val
ISIC_9895220,0,0.0017683853,inner_val
ISIC_9895582,0,0.06488267,inner_val
ISIC_9896192,0,0.0014525731,inner_val
ISIC_9898107,0,0.0012821796,inner_val
ISIC_9898447,0,0.005001952,inner_val
ISIC_9900262,0,0.00681285,inner_val
ISIC_9906799,0,0.01041763,inner_val
ISIC_9907084,0,0.003293679,inner_val
ISIC_9910791,1,0.0077091246,inner_val
ISIC_9913573,0,0.0063879397,inner_val
ISIC_9915649,0,0.0019280602,inner_val
ISIC_9916654,0,0.0017900682,inner_val
ISIC_9918598,0,0.03037399,inner_val
ISIC_9918806,0,0.095968194,inner_val
ISIC_9924303,0,0.05209646,inner_val
ISIC_9927221,0,0.00074314635,inner_val
ISIC_9931733,0,0.03459273,inner_val
ISIC_9933406,0,0.026180917,inner_val
ISIC_9938316,0,0.0008256677,inner_val
ISIC_9939653,0,0.00054902554,inner_val
ISIC_9940802,0,0.0012595459,inner_val
ISIC_9945620,0,0.0011279103,inner_val
ISIC_9945993,0,0.00036738426,inner_val
ISIC_9951949,0,0.0030233574,inner_val
ISIC_9952872,0,0.0063238232,inner_val
ISIC_9955255,0,0.00075367664,inner_val
ISIC_9956374,0,0.0025759584,inner_val
ISIC_9957107,0,0.009248309,inner_val
ISIC_9958346,0,0.015487738,inner_val
ISIC_9959011,0,0.0059566144,inner_val
ISIC_9959813,0,0.07059505,inner_val
ISIC_9960578,0,0.008192299,inner_val
ISIC_9960584,0,0.003897139,inner_val
ISIC_9962329,0,0.0013115272,inner_val
ISIC_9964362,0,0.010460894,inner_val
ISIC_9969263,0,0.0013746023,inner_val
ISIC_9969907,0,0.0005434391,inner_val
ISIC_9970004,0,0.015092412,inner_val
ISIC_9972518,0,0.0007303516,inner_val
ISIC_9973322,0,0.021259448,inner_val
ISIC_9973894,0,0.0041708327,inner_val
ISIC_9974613,0,0.00055258477,inner_val
ISIC_9978107,1,0.013374104,inner_val
ISIC_9979765,0,0.0018911788,inner_val
ISIC_9980055,0,0.004739164,inner_val
ISIC_9982060,0,0.0021496692,inner_val
ISIC_9982091,0,0.0005978822,inner_val
ISIC_9986333,0,0.0014324719,inner_val
ISIC_9989082,0,0.031189462,inner_val
ISIC_9989680,0,0.0029958512,inner_val
ISIC_9991492,0,0.0010642163,inner_val
ISIC_9994390,0,0.00053406047,inner_val
ISIC_9996128,0,0.00063447247,inner_val
ISIC_9996662,0,0.00077288103,inner_val
ISIC_9998937,0,0.014443996,inner_val
ISIC_9999127,0,0.00093364064,inner_val
ISIC_9999666,0,0.032872017,inner_val
ISIC_0074268,0,0.0011780916,held_fold
ISIC_0074542,0,0.0006110796,held_fold
ISIC_0075914,0,0.0016937588,held_fold
ISIC_0083035,0,0.0007882693,held_fold
ISIC_0091559,0,0.00075449946,held_fold
ISIC_0095805,0,0.001982634,held_fold
ISIC_0096328,0,0.0043766666,held_fold
ISIC_0109568,0,0.002397489,held_fold
ISIC_0112097,0,0.0009093587,held_fold
ISIC_0114225,0,0.0018544948,held_fold
ISIC_0148751,0,0.0018223608,held_fold
ISIC_0148783,0,0.0010359269,held_fold
ISIC_0153265,0,0.039479546,held_fold
ISIC_0154338,0,0.009547699,held_fold
ISIC_0154872,0,0.01408555,held_fold
ISIC_0155173,0,0.029904526,held_fold
ISIC_0155273,0,0.002686453,held_fold
ISIC_0155473,0,0.001063633,held_fold
ISIC_0157530,0,0.002358121,held_fold
ISIC_0159782,0,0.0023474065,held_fold
ISIC_0166935,0,0.0024611182,held_fold
ISIC_0170285,0,0.037761785,held_fold
ISIC_0174527,0,0.0032274935,held_fold
ISIC_0175837,0,0.04955665,held_fold
ISIC_0179104,0,0.0014152108,held_fold
ISIC_0180660,0,0.0013690378,held_fold
ISIC_0185135,0,0.0008212281,held_fold
ISIC_0185547,0,0.00036546055,held_fold
ISIC_0186501,0,0.0025453775,held_fold
ISIC_0189059,0,0.056928836,held_fold
ISIC_0189694,0,0.0051077963,held_fold
ISIC_0190725,0,0.004068236,held_fold
ISIC_0191366,0,0.00048385505,held_fold
ISIC_0192490,0,0.0015506478,held_fold
ISIC_0194550,0,0.0007317582,held_fold
ISIC_0194914,0,0.009776482,held_fold
ISIC_0196399,0,0.014153206,held_fold
ISIC_0199116,0,0.0040309513,held_fold
ISIC_0199494,0,0.024633776,held_fold
ISIC_0200153,0,0.0009813219,held_fold
ISIC_0202023,0,0.0010189251,held_fold
ISIC_0202576,0,0.0008034858,held_fold
ISIC_0202680,0,0.010114077,held_fold
ISIC_0203016,0,0.0074993083,held_fold
ISIC_0203233,0,0.006051892,held_fold
ISIC_0204275,0,0.0010586159,held_fold
ISIC_0206442,0,0.0036027948,held_fold
ISIC_0207209,0,0.004673979,held_fold
ISIC_0209871,0,0.002261978,held_fold
ISIC_0210308,0,0.008952284,held_fold
ISIC_0210423,0,0.020111205,held_fold
ISIC_0210830,0,0.03415367,held_fold
ISIC_0213336,0,0.0011261302,held_fold
ISIC_0214335,0,0.0041005444,held_fold
ISIC_0220649,0,0.004409567,held_fold
ISIC_0224678,0,0.0015157264,held_fold
ISIC_0224681,0,0.002139506,held_fold
ISIC_0225245,0,0.0024236722,held_fold
ISIC_0227038,0,0.040738378,held_fold
ISIC_0227532,0,0.0032738615,held_fold
ISIC_0229680,0,0.0008091824,held_fold
ISIC_0232785,0,0.0051711295,held_fold
ISIC_0234049,0,0.00072703225,held_fold
ISIC_0235728,0,0.04126216,held_fold
ISIC_0236237,0,0.0020617023,held_fold
ISIC_0237862,0,0.0006910971,held_fold
ISIC_0238002,0,0.0006369769,held_fold
ISIC_0238118,0,0.000853205,held_fold
ISIC_0238711,0,0.0012573363,held_fold
ISIC_0239178,0,0.0016553726,held_fold
ISIC_0239843,0,0.008679169,held_fold
ISIC_0247330,1,0.0050727758,held_fold
ISIC_0250069,0,0.0013830562,held_fold
ISIC_0252649,0,0.012674804,held_fold
ISIC_0253516,0,0.004260601,held_fold
ISIC_0254686,0,0.0003769777,held_fold
ISIC_0254698,0,0.0021743183,held_fold
ISIC_0257755,0,0.001743031,held_fold
ISIC_0258065,0,0.00063901936,held_fold
ISIC_0260475,0,0.07408118,held_fold
ISIC_0263916,0,0.014185662,held_fold
ISIC_0264941,0,0.0012844824,held_fold
ISIC_0268187,0,0.0019935123,held_fold
ISIC_0270289,0,0.0011237545,held_fold
ISIC_0271408,0,0.00475323,held_fold
ISIC_0273222,0,0.0017330914,held_fold
ISIC_0275661,0,0.0011769123,held_fold
ISIC_0275984,0,0.08479133,held_fold
ISIC_0276435,0,0.0020583724,held_fold
ISIC_0277164,0,0.00069349207,held_fold
ISIC_0278021,0,0.0022279336,held_fold
ISIC_0278130,0,0.0011342824,held_fold
ISIC_0280603,0,0.00558558,held_fold
ISIC_0281286,0,0.00042259548,held_fold
ISIC_0281658,0,0.006810134,held_fold
ISIC_0282422,0,0.0009480101,held_fold
ISIC_0283511,0,0.00078974024,held_fold
ISIC_0285157,0,0.0012208098,held_fold
ISIC_0291277,0,0.017549213,held_fold
ISIC_0291282,0,0.0012253235,held_fold
ISIC_0291882,0,0.00025122726,held_fold
ISIC_0292349,0,0.002540595,held_fold
ISIC_0294170,0,0.02752694,held_fold
ISIC_0294687,0,0.0017117407,held_fold
ISIC_0295507,0,0.007890786,held_fold
ISIC_0295820,0,0.0041577676,held_fold
ISIC_0302441,0,0.00090774166,held_fold
ISIC_0305842,0,0.002320483,held_fold
ISIC_0308127,0,0.0018982242,held_fold
ISIC_0310231,0,0.0012652139,held_fold
ISIC_0311853,0,0.0043647955,held_fold
ISIC_0313067,0,0.06709154,held_fold
ISIC_0315631,0,0.001730943,held_fold
ISIC_0316025,0,0.0012143528,held_fold
ISIC_0319715,0,0.0016367354,held_fold
ISIC_0319928,0,0.00044844297,held_fold
ISIC_0324255,0,0.0005756881,held_fold
ISIC_0325771,0,0.0021113649,held_fold
ISIC_0326523,0,0.003148988,held_fold
ISIC_0326608,0,0.006318671,held_fold
ISIC_0338377,0,0.0015673985,held_fold
ISIC_0340995,0,0.0005820717,held_fold
ISIC_0341262,0,0.00092969934,held_fold
ISIC_0341298,0,0.0016496063,held_fold
ISIC_0342608,0,0.003725655,held_fold
ISIC_0344052,0,0.011017669,held_fold
ISIC_0345499,0,0.0019818398,held_fold
ISIC_0347263,0,0.0015050553,held_fold
ISIC_0348633,0,0.00059631944,held_fold
ISIC_0350472,0,0.0029037816,held_fold
ISIC_0354589,0,0.0006989431,held_fold
ISIC_0356611,0,0.0012715891,held_fold
ISIC_0358326,0,0.0038068492,held_fold
ISIC_0358490,0,0.004240894,held_fold
ISIC_0361034,0,0.0021394498,held_fold
ISIC_0362190,0,0.071453564,held_fold
ISIC_0363130,0,0.0012428855,held_fold
ISIC_0364478,0,0.041659232,held_fold
ISIC_0365410,0,0.011414674,held_fold
ISIC_0370132,0,0.0037754728,held_fold
ISIC_0372376,0,0.00074846187,held_fold
ISIC_0372902,0,0.012498524,held_fold
ISIC_0375073,0,0.0044394624,held_fold
ISIC_0379979,0,0.001787176,held_fold
ISIC_0381169,0,0.034646027,held_fold
ISIC_0381342,0,0.0039400193,held_fold
ISIC_0385609,0,0.0014462955,held_fold
ISIC_0385633,0,0.0012481321,held_fold
ISIC_0389629,0,0.010395037,held_fold
ISIC_0392334,0,0.003371677,held_fold
ISIC_0392966,0,0.024118701,held_fold
ISIC_0398005,0,0.011268359,held_fold
ISIC_0398069,0,0.0020396847,held_fold
ISIC_0398140,0,0.0117082875,held_fold
ISIC_0399416,0,0.01970684,held_fold
ISIC_0400685,0,0.00086338364,held_fold
ISIC_0401078,0,0.11117567,held_fold
ISIC_0401116,0,0.0019156347,held_fold
ISIC_0407005,0,0.0041218596,held_fold
ISIC_0407040,0,0.10230394,held_fold
ISIC_0407905,0,0.0032411814,held_fold
ISIC_0409276,0,0.004713698,held_fold
ISIC_0410824,0,0.015322124,held_fold
ISIC_0413111,0,0.004223077,held_fold
ISIC_0413372,0,0.012593988,held_fold
ISIC_0413715,0,0.006087531,held_fold
ISIC_0413804,0,0.008023439,held_fold
ISIC_0419212,0,0.003507186,held_fold
ISIC_0422139,0,0.0033808176,held_fold
ISIC_0422225,0,0.012478682,held_fold
ISIC_0423312,0,0.0012168091,held_fold
ISIC_0423395,0,0.016448554,held_fold
ISIC_0423722,0,0.003874774,held_fold
ISIC_0424784,0,0.0005992343,held_fold
ISIC_0426487,0,0.0004983152,held_fold
ISIC_0427760,0,0.0012129003,held_fold
ISIC_0428656,0,0.027699767,held_fold
ISIC_0430356,0,0.0057514785,held_fold
ISIC_0430837,0,0.013743808,held_fold
ISIC_0430904,0,0.001856049,held_fold
ISIC_0432077,0,0.0020765865,held_fold
ISIC_0434114,0,0.0023281944,held_fold
ISIC_0435434,0,0.023331339,held_fold
ISIC_0437593,0,0.0025440205,held_fold
ISIC_0437828,0,0.018719763,held_fold
ISIC_0439040,0,0.0015901226,held_fold
ISIC_0439839,0,0.005807524,held_fold
ISIC_0440584,0,0.0005403537,held_fold
ISIC_0442290,0,0.024027547,held_fold
ISIC_0443266,0,0.00066195824,held_fold
ISIC_0444347,0,0.011303789,held_fold
ISIC_0445396,0,0.059261564,held_fold
ISIC_0452388,0,0.0020006315,held_fold
ISIC_0460833,0,0.121388055,held_fold
ISIC_0461085,0,0.0028764133,held_fold
ISIC_0463621,0,0.0022413947,held_fold
ISIC_0467100,0,0.0004345371,held_fold
ISIC_0470433,0,0.0017519088,held_fold
ISIC_0473135,0,0.003452749,held_fold
ISIC_0475718,0,0.0012602552,held_fold
ISIC_0476670,0,0.0077774962,held_fold
ISIC_0478571,0,0.0025315145,held_fold
ISIC_0479264,0,0.00026835487,held_fold
ISIC_0481425,0,0.009895541,held_fold
ISIC_0481652,0,0.0066271354,held_fold
ISIC_0481910,0,0.0021987685,held_fold
ISIC_0482297,0,0.00059961696,held_fold
ISIC_0483469,0,0.00068907323,held_fold
ISIC_0484568,0,0.0055326186,held_fold
ISIC_0485881,0,0.0036330342,held_fold
ISIC_0490442,0,0.00053063146,held_fold
ISIC_0491818,0,0.005899606,held_fold
ISIC_0493653,0,0.0051857675,held_fold
ISIC_0494046,0,0.0013014544,held_fold
ISIC_0494257,0,0.00812592,held_fold
ISIC_0494263,0,0.0012832988,held_fold
ISIC_0494383,0,0.010173681,held_fold
ISIC_0497390,0,0.04457954,held_fold
ISIC_0499554,0,0.0078011896,held_fold
ISIC_0500526,0,0.011039445,held_fold
ISIC_0502016,0,0.0016629685,held_fold
ISIC_0502419,0,0.003876427,held_fold
ISIC_0506617,0,0.0015085557,held_fold
ISIC_0511782,0,0.001441936,held_fold
ISIC_0512155,0,0.0017416227,held_fold
ISIC_0513488,0,0.01400491,held_fold
ISIC_0514672,0,0.0005992885,held_fold
ISIC_0516337,0,0.008294795,held_fold
ISIC_0516982,0,0.0036661092,held_fold
ISIC_0518459,0,0.0012138411,held_fold
ISIC_0519719,0,0.12613155,held_fold
ISIC_0519765,0,0.008561985,held_fold
ISIC_0522865,0,0.013580349,held_fold
ISIC_0523125,0,0.0018147789,held_fold
ISIC_0526904,0,0.000859185,held_fold
ISIC_0527166,0,0.0019553439,held_fold
ISIC_0527170,0,0.009169284,held_fold
ISIC_0527350,0,0.0005312739,held_fold
ISIC_0527593,0,0.000911666,held_fold
ISIC_0529784,0,0.0064948234,held_fold
ISIC_0534529,0,0.0012058469,held_fold
ISIC_0534674,0,0.0044807442,held_fold
ISIC_0538688,0,0.0021273678,held_fold
ISIC_0539380,0,0.0057551446,held_fold
ISIC_0543132,0,0.019399917,held_fold
ISIC_0545237,0,0.0005472784,held_fold
ISIC_0545322,0,0.005113411,held_fold
ISIC_0545838,0,0.009131054,held_fold
ISIC_0547769,0,0.013612758,held_fold
ISIC_0547934,0,0.00037669428,held_fold
ISIC_0548904,0,0.001346767,held_fold
ISIC_0549163,0,0.002119015,held_fold
ISIC_0549791,0,0.0037896228,held_fold
ISIC_0551392,0,0.043679517,held_fold
ISIC_0552911,0,0.0014235827,held_fold
ISIC_0554499,0,0.0010179828,held_fold
ISIC_0557109,0,0.0034336222,held_fold
ISIC_0558046,0,0.0033956082,held_fold
ISIC_0559481,0,0.0005744551,held_fold
ISIC_0559566,0,0.031371705,held_fold
ISIC_0561295,0,0.00072820164,held_fold
ISIC_0563533,0,0.0010600893,held_fold
ISIC_0563705,0,0.0051283855,held_fold
ISIC_0566530,0,0.013255003,held_fold
ISIC_0567142,0,0.0068583647,held_fold
ISIC_0570393,0,0.0010975987,held_fold
ISIC_0570742,0,0.0048564333,held_fold
ISIC_0571560,0,0.010268641,held_fold
ISIC_0572205,1,0.02315595,held_fold
ISIC_0572450,0,0.0005723679,held_fold
ISIC_0574880,0,0.023702737,held_fold
ISIC_0576265,0,0.0017524243,held_fold
ISIC_0576455,0,0.0005722686,held_fold
ISIC_0578534,0,0.0010090518,held_fold
ISIC_0584130,0,0.0024725397,held_fold
ISIC_0586053,0,0.00492021,held_fold
ISIC_0586680,0,0.0024166612,held_fold
ISIC_0588322,0,0.0022209247,held_fold
ISIC_0588855,0,0.0009407274,held_fold
ISIC_0589744,0,0.0069749593,held_fold
ISIC_0590790,0,0.0018799182,held_fold
ISIC_0591226,0,0.0007433135,held_fold
ISIC_0592068,0,0.027229968,held_fold
ISIC_0593756,0,0.015496401,held_fold
ISIC_0595018,0,0.0023309926,held_fold
ISIC_0595199,0,0.008295552,held_fold
ISIC_0595676,0,0.0013513402,held_fold
ISIC_0597581,0,0.07727965,held_fold
ISIC_0599918,0,0.003571999,held_fold
ISIC_0600789,0,0.0038169788,held_fold
ISIC_0600866,0,0.00083552365,held_fold
ISIC_0601107,0,0.0217112,held_fold
ISIC_0602697,0,0.0011153532,held_fold
ISIC_0605145,0,0.007410113,held_fold
ISIC_0607852,0,0.008558501,held_fold
ISIC_0611629,0,0.0033117128,held_fold
ISIC_0612080,0,0.001351503,held_fold
ISIC_0612624,0,0.020012842,held_fold
ISIC_0615335,0,0.0091869505,held_fold
ISIC_0617442,0,0.0023667351,held_fold
ISIC_0617767,0,0.0016989858,held_fold
ISIC_0619244,0,0.0024065925,held_fold
ISIC_0619848,0,0.06203862,held_fold
ISIC_0621550,0,0.040522065,held_fold
ISIC_0622084,0,0.0024910234,held_fold
ISIC_0622112,0,0.020516435,held_fold
ISIC_0623386,0,0.00032954893,held_fold
ISIC_0623857,0,0.026892912,held_fold
ISIC_0623875,0,0.00948776,held_fold
ISIC_0624783,0,0.031033147,held_fold
ISIC_0630780,0,0.008347411,held_fold
ISIC_0632876,0,0.002008699,held_fold
ISIC_0637043,0,0.00085818605,held_fold
ISIC_0637539,0,0.001301574,held_fold
ISIC_0638652,0,0.039323144,held_fold
ISIC_0638857,0,0.00093534036,held_fold
ISIC_0641173,0,0.00042095705,held_fold
ISIC_0642200,0,0.0012726118,held_fold
ISIC_0645116,0,0.002060241,held_fold
ISIC_0645454,1,0.0066752327,held_fold
ISIC_0648752,0,0.00074383506,held_fold
ISIC_0649544,0,0.004694806,held_fold
ISIC_0650027,0,0.02138656,held_fold
ISIC_0653308,0,0.004117321,held_fold
ISIC_0653456,0,0.09686513,held_fold
ISIC_0654104,0,0.022746326,held_fold
ISIC_0654636,0,0.00046872668,held_fold
ISIC_0658225,0,0.00076601095,held_fold
ISIC_0659540,0,0.0009993579,held_fold
ISIC_0660770,0,0.0019174672,held_fold
ISIC_0661120,0,0.00048169223,held_fold
ISIC_0664031,0,0.00639612,held_fold
ISIC_0666641,0,0.001377444,held_fold
ISIC_0667136,0,0.008116677,held_fold
ISIC_0667315,0,0.0018448787,held_fold
ISIC_0668739,0,0.005889117,held_fold
ISIC_0668772,0,0.00082600606,held_fold
ISIC_0668969,0,0.032246195,held_fold
ISIC_0669605,0,0.0062566777,held_fold
ISIC_0671251,0,0.0062926416,held_fold
ISIC_0675972,0,0.00267331,held_fold
ISIC_0678196,0,0.006294348,held_fold
ISIC_0679359,0,0.027308764,held_fold
ISIC_0679494,0,0.0050430354,held_fold
ISIC_0679553,0,0.0019575134,held_fold
ISIC_0680210,0,0.0041203136,held_fold
ISIC_0682255,0,0.0009399717,held_fold
ISIC_0683259,0,0.0013711916,held_fold
ISIC_0686839,0,0.03861535,held_fold
ISIC_0687823,0,0.0075341873,held_fold
ISIC_0690237,0,0.0022716129,held_fold
ISIC_0690734,0,0.0018387572,held_fold
ISIC_0691454,0,0.00078887836,held_fold
ISIC_0694033,0,0.0654539,held_fold
ISIC_0694924,0,0.014847095,held_fold
ISIC_0695428,0,0.0012251555,held_fold
ISIC_0697953,0,0.004261495,held_fold
ISIC_0700870,0,0.045271255,held_fold
ISIC_0701455,0,0.00613797,held_fold
ISIC_0702042,0,0.00087384344,held_fold
ISIC_0702174,0,0.008080641,held_fold
ISIC_0708542,0,0.0008737864,held_fold
ISIC_0709699,0,0.0007215098,held_fold
ISIC_0712615,0,0.001539427,held_fold
ISIC_0715115,0,0.00327492,held_fold
ISIC_0715869,0,0.0011140391,held_fold
ISIC_0716541,0,0.0027163813,held_fold
ISIC_0716674,0,0.026835734,held_fold
ISIC_0718834,0,0.0010884653,held_fold
ISIC_0719631,0,0.0017887055,held_fold
ISIC_0721010,0,0.005327936,held_fold
ISIC_0721819,0,0.0012882879,held_fold
ISIC_0726170,0,0.0033378587,held_fold
ISIC_0727322,0,0.002999539,held_fold
ISIC_0727489,0,0.00075207243,held_fold
ISIC_0734540,0,0.013892525,held_fold
ISIC_0737125,0,0.0032895221,held_fold
ISIC_0737399,0,0.0027644602,held_fold
ISIC_0737883,0,0.0008181725,held_fold
ISIC_0738587,0,0.11479813,held_fold
ISIC_0743096,0,0.010401445,held_fold
ISIC_0744013,1,0.040902294,held_fold
ISIC_0744177,0,0.004872406,held_fold
ISIC_0744553,0,0.001155794,held_fold
ISIC_0745718,0,0.0007869007,held_fold
ISIC_0745721,0,0.0026494407,held_fold
ISIC_0746397,0,0.014993515,held_fold
ISIC_0747101,0,0.015268289,held_fold
ISIC_0749089,0,0.005215762,held_fold
ISIC_0749263,0,0.00096912525,held_fold
ISIC_0751219,0,0.0009039914,held_fold
ISIC_0752546,0,0.0034331537,held_fold
ISIC_0754156,0,0.0047319024,held_fold
ISIC_0754561,0,0.0033557443,held_fold
ISIC_0755565,0,0.0006837079,held_fold
ISIC_0760168,0,0.0027684486,held_fold
ISIC_0763140,0,0.00055673136,held_fold
ISIC_0764975,0,0.0031374267,held_fold
ISIC_0765632,0,0.0012918512,held_fold
ISIC_0769854,0,0.0025193563,held_fold
ISIC_0770861,0,0.001992869,held_fold
ISIC_0771151,0,0.00083196646,held_fold
ISIC_0771537,0,0.0008220016,held_fold
ISIC_0772836,0,0.028749304,held_fold
ISIC_0772957,0,0.0013707273,held_fold
ISIC_0786170,0,0.0009396113,held_fold
ISIC_0786233,0,0.0059193405,held_fold
ISIC_0787585,0,0.0013700096,held_fold
ISIC_0792805,0,0.00051932933,held_fold
ISIC_0793501,0,0.0031827,held_fold
ISIC_0796325,0,0.024229228,held_fold
ISIC_0800269,0,0.0010727313,held_fold
ISIC_0809173,0,0.0012724549,held_fold
ISIC_0809241,0,0.0037643535,held_fold
ISIC_0816917,0,0.0024245807,held_fold
ISIC_0818621,0,0.0016955214,held_fold
ISIC_0821520,0,0.0017023748,held_fold
ISIC_0822656,0,0.0064532487,held_fold
ISIC_0826834,0,0.00070305064,held_fold
ISIC_0828069,0,0.001595224,held_fold
ISIC_0830131,0,0.010383095,held_fold
ISIC_0830217,0,0.00068712357,held_fold
ISIC_0830876,0,0.019708147,held_fold
ISIC_0834775,0,0.0006398046,held_fold
ISIC_0836546,0,0.0073689534,held_fold
ISIC_0843662,0,0.009986862,held_fold
ISIC_0844312,1,0.036384348,held_fold
ISIC_0846482,0,0.0051391134,held_fold
ISIC_0846915,0,0.002701284,held_fold
ISIC_0847420,0,0.0051622572,held_fold
ISIC_0849702,0,0.0014959602,held_fold
ISIC_0851556,0,0.0145171005,held_fold
ISIC_0852790,0,0.031153249,held_fold
ISIC_0853825,0,0.016827567,held_fold
ISIC_0854335,0,0.0014614055,held_fold
ISIC_0854601,0,0.004630127,held_fold
ISIC_0859438,0,0.0017838624,held_fold
ISIC_0861128,0,0.0074622286,held_fold
ISIC_0862063,0,0.0039628255,held_fold
ISIC_0864226,0,0.0032716324,held_fold
ISIC_0864527,0,0.018028863,held_fold
ISIC_0867503,0,0.0108222095,held_fold
ISIC_0869142,0,0.0072526634,held_fold
ISIC_0870696,0,0.0022191172,held_fold
ISIC_0873044,0,0.008336965,held_fold
ISIC_0873923,0,0.06946907,held_fold
ISIC_0877543,0,0.0023845683,held_fold
ISIC_0878530,0,0.002232901,held_fold
ISIC_0879962,0,0.0025736147,held_fold
ISIC_0882619,0,0.005086326,held_fold
ISIC_0884463,0,0.0008628347,held_fold
ISIC_0884576,0,0.0012210115,held_fold
ISIC_0885048,0,0.0013873692,held_fold
ISIC_0886205,0,0.00090248877,held_fold
ISIC_0886853,0,0.012877494,held_fold
ISIC_0890364,0,0.0032223694,held_fold
ISIC_0892089,0,0.0007130441,held_fold
ISIC_0892980,0,0.0025360894,held_fold
ISIC_0894057,0,0.0058783344,held_fold
ISIC_0896635,0,0.0034782523,held_fold
ISIC_0897459,0,0.011955757,held_fold
ISIC_0899891,0,0.0021423367,held_fold
ISIC_0899961,0,0.0026535455,held_fold
ISIC_0901403,0,0.0008077495,held_fold
ISIC_0902830,0,0.002013316,held_fold
ISIC_0903020,0,0.004358246,held_fold
ISIC_0903175,0,0.0010356999,held_fold
ISIC_0903330,0,0.005048953,held_fold
ISIC_0903548,0,0.0065992116,held_fold
ISIC_0904214,0,0.0011514182,held_fold
ISIC_0905000,0,0.0010660614,held_fold
ISIC_0906639,0,0.0016057863,held_fold
ISIC_0909206,0,0.0060807234,held_fold
ISIC_0911783,0,0.0020252347,held_fold
ISIC_0912196,0,0.0021208348,held_fold
ISIC_0914700,0,0.0022252982,held_fold
ISIC_0915750,0,0.0034716672,held_fold
ISIC_0917416,0,0.001107713,held_fold
ISIC_0918831,0,0.029012617,held_fold
ISIC_0919271,0,0.0025437195,held_fold
ISIC_0920000,0,0.01575776,held_fold
ISIC_0920968,0,0.0006433461,held_fold
ISIC_0924724,0,0.037758995,held_fold
ISIC_0925758,0,0.0012188281,held_fold
ISIC_0928604,0,0.013042169,held_fold
ISIC_0931725,0,0.07203549,held_fold
ISIC_0932862,0,0.115162805,held_fold
ISIC_0937378,0,0.01912515,held_fold
ISIC_0940385,0,0.007195358,held_fold
ISIC_0941085,0,0.0025847282,held_fold
ISIC_0942654,0,0.0005573255,held_fold
ISIC_0944103,0,0.07131937,held_fold
ISIC_0944753,0,0.0006768258,held_fold
ISIC_0951377,0,0.0018990745,held_fold
ISIC_0951438,0,0.007213079,held_fold
ISIC_0952472,1,0.035235774,held_fold
ISIC_0953133,0,0.007562744,held_fold
ISIC_0953500,0,0.0018024028,held_fold
ISIC_0953675,0,0.008488132,held_fold
ISIC_0954841,0,0.0073100817,held_fold
ISIC_0958328,0,0.0047976845,held_fold
ISIC_0959863,0,0.0019960506,held_fold
ISIC_0960741,0,0.00078892644,held_fold
ISIC_0962601,0,0.0010874014,held_fold
ISIC_0963117,0,0.0010925906,held_fold
ISIC_0963460,0,0.005307911,held_fold
ISIC_0965224,0,0.003897191,held_fold
ISIC_0966987,0,0.013931518,held_fold
ISIC_0974159,0,0.0033301804,held_fold
ISIC_0977333,0,0.012457618,held_fold
ISIC_0978977,0,0.0013682995,held_fold
ISIC_0980012,0,0.0015462805,held_fold
ISIC_0980513,0,0.003477867,held_fold
ISIC_0981661,0,0.025852667,held_fold
ISIC_0981883,0,0.0016321875,held_fold
ISIC_0982855,0,0.0013700977,held_fold
ISIC_0983360,0,0.018305436,held_fold
ISIC_0985052,0,0.0025773898,held_fold
ISIC_0985863,0,0.005601478,held_fold
ISIC_0987176,0,0.0012321755,held_fold
ISIC_0987757,0,0.008158143,held_fold
ISIC_0988665,0,0.008484778,held_fold
ISIC_0991133,0,0.0032143537,held_fold
ISIC_0994556,0,0.008752944,held_fold
ISIC_0998408,0,0.0018719468,held_fold
ISIC_0998651,0,0.0012286245,held_fold
ISIC_1001348,0,0.09474156,held_fold
ISIC_1001562,0,0.028215652,held_fold
ISIC_1002107,0,0.016740842,held_fold
ISIC_1003703,0,0.00048860174,held_fold
ISIC_1004225,0,0.0026952252,held_fold
ISIC_1006632,0,0.0021255245,held_fold
ISIC_1008321,0,0.008056506,held_fold
ISIC_1008609,0,0.0035891335,held_fold
ISIC_1010416,0,0.0011703745,held_fold
ISIC_1010991,0,0.010737851,held_fold
ISIC_1011089,0,0.002690986,held_fold
ISIC_1013648,0,0.00038360947,held_fold
ISIC_1015264,0,0.0015468237,held_fold
ISIC_1015644,0,0.010873478,held_fold
ISIC_1020809,0,0.0008326807,held_fold
ISIC_1022653,0,0.0006264192,held_fold
ISIC_1023685,0,0.002198897,held_fold
ISIC_1024569,0,0.0026436574,held_fold
ISIC_1025009,0,0.0017663563,held_fold
ISIC_1025192,0,0.0032583,held_fold
ISIC_1029536,0,0.0054541663,held_fold
ISIC_1031166,0,0.016869783,held_fold
ISIC_1031178,0,0.0010537007,held_fold
ISIC_1039970,0,0.010413405,held_fold
ISIC_1041406,0,0.00072274584,held_fold
ISIC_1042588,0,0.0051066577,held_fold
ISIC_1046786,0,0.013104677,held_fold
ISIC_1048741,0,0.0008525402,held_fold
ISIC_1048856,0,0.0034976033,held_fold
ISIC_1048895,0,0.06708253,held_fold
ISIC_1050000,0,0.01462319,held_fold
ISIC_1060448,0,0.007193124,held_fold
ISIC_1064163,0,0.0132208,held_fold
ISIC_1066052,0,0.024533158,held_fold
ISIC_1067985,0,0.022942312,held_fold
ISIC_1069960,0,0.0022121156,held_fold
ISIC_1070864,0,0.00065938424,held_fold
ISIC_1070883,0,0.0010867355,held_fold
ISIC_1072321,0,0.0011915473,held_fold
ISIC_1073233,0,0.019331304,held_fold
ISIC_1073350,0,0.0017015832,held_fold
ISIC_1074551,0,0.0013210367,held_fold
ISIC_1075968,0,0.033013467,held_fold
ISIC_1077911,0,0.00842216,held_fold
ISIC_1078563,0,0.005828762,held_fold
ISIC_1080647,0,0.0112189455,held_fold
ISIC_1082020,0,0.0031049321,held_fold
ISIC_1082748,0,0.005312475,held_fold
ISIC_1084154,0,0.0014391046,held_fold
ISIC_1084452,0,0.006113051,held_fold
ISIC_1085285,0,0.047583044,held_fold
ISIC_1087705,0,0.002110689,held_fold
ISIC_1088190,0,0.0065319207,held_fold
ISIC_1096503,0,0.0047630416,held_fold
ISIC_1101631,0,0.0011258217,held_fold
ISIC_1106211,0,0.018116945,held_fold
ISIC_1107820,0,0.0034189308,held_fold
ISIC_1108178,0,0.001833023,held_fold
ISIC_1108204,0,0.08962891,held_fold
ISIC_1109485,0,0.0254059,held_fold
ISIC_1109641,0,0.0012761147,held_fold
ISIC_1111050,0,0.001201533,held_fold
ISIC_1112803,0,0.0013482184,held_fold
ISIC_1114860,0,0.021458268,held_fold
ISIC_1115013,0,0.013528164,held_fold
ISIC_1115266,0,0.005566593,held_fold
ISIC_1115695,0,0.0024540992,held_fold
ISIC_1116483,1,0.04345506,held_fold
ISIC_1117976,0,0.0018161815,held_fold
ISIC_1122023,0,0.008416403,held_fold
ISIC_1122524,0,0.00041660864,held_fold
ISIC_1124434,1,0.0044386256,held_fold
ISIC_1124744,0,0.0041695037,held_fold
ISIC_1126202,0,0.0063436087,held_fold
ISIC_1126306,0,0.0068665547,held_fold
ISIC_1129508,0,0.0051454636,held_fold
ISIC_1130830,0,0.0059612384,held_fold
ISIC_1130888,0,0.0028536927,held_fold
ISIC_1134319,0,0.0014897551,held_fold
ISIC_1134437,0,0.008771705,held_fold
ISIC_1134882,0,0.0014944403,held_fold
ISIC_1140717,0,0.0029730133,held_fold
ISIC_1141666,0,0.007166706,held_fold
ISIC_1143655,0,0.0024694037,held_fold
ISIC_1144466,0,0.0011642156,held_fold
ISIC_1144769,0,0.00611592,held_fold
ISIC_1147442,0,0.0010571349,held_fold
ISIC_1147795,0,0.0027039098,held_fold
ISIC_1148932,0,0.0036627252,held_fold
ISIC_1149693,0,0.012597986,held_fold
ISIC_1151910,0,0.012313086,held_fold
ISIC_1153106,0,0.0005525953,held_fold
ISIC_1153940,0,0.0017128354,held_fold
ISIC_1154072,0,0.0018783754,held_fold
ISIC_1159773,0,0.017277354,held_fold
ISIC_1160040,0,0.020204216,held_fold
ISIC_1162156,0,0.0013993337,held_fold
ISIC_1163624,0,0.0023281889,held_fold
ISIC_1164612,0,0.011139722,held_fold
ISIC_1166337,0,0.0013724202,held_fold
ISIC_1166522,0,0.0031299195,held_fold
ISIC_1166678,0,0.0011160307,held_fold
ISIC_1167108,0,0.0018666141,held_fold
ISIC_1170134,0,0.0016115905,held_fold
ISIC_1171646,0,0.0012223556,held_fold
ISIC_1171655,0,0.0026411328,held_fold
ISIC_1172955,0,0.0010323622,held_fold
ISIC_1176970,0,0.0016246516,held_fold
ISIC_1177505,1,0.007854956,held_fold
ISIC_1178491,0,0.0016458686,held_fold
ISIC_1181483,0,0.024746155,held_fold
ISIC_1182612,0,0.0044104652,held_fold
ISIC_1183565,0,0.0045770737,held_fold
ISIC_1184373,0,0.012980755,held_fold
ISIC_1185468,0,0.04914956,held_fold
ISIC_1186495,0,0.06741625,held_fold
ISIC_1188141,0,0.0018114668,held_fold
ISIC_1190567,0,0.00222125,held_fold
ISIC_1190994,0,0.0030326322,held_fold
ISIC_1194944,0,0.002626991,held_fold
ISIC_1195254,0,0.0014851445,held_fold
ISIC_1195563,0,0.010900229,held_fold
ISIC_1198047,0,0.0010089687,held_fold
ISIC_1198929,0,0.0012049731,held_fold
ISIC_1202355,0,0.006043259,held_fold
ISIC_1202976,0,0.0020689436,held_fold
ISIC_1203254,0,0.0029648973,held_fold
ISIC_1204286,0,0.019962013,held_fold
ISIC_1206571,0,0.007536213,held_fold
ISIC_1207652,0,0.020022739,held_fold
ISIC_1209492,0,0.000895207,held_fold
ISIC_1210011,1,0.0808059,held_fold
ISIC_1219427,0,0.006513903,held_fold
ISIC_1219783,0,0.009802464,held_fold
ISIC_1222905,0,0.025796121,held_fold
ISIC_1224295,0,0.010323864,held_fold
ISIC_1224329,0,0.011666534,held_fold
ISIC_1224650,0,0.034426663,held_fold
ISIC_1225511,0,0.001974478,held_fold
ISIC_1226868,0,0.001293957,held_fold
ISIC_1226882,0,0.0018967993,held_fold
ISIC_1227931,0,0.019150238,held_fold
ISIC_1228845,0,0.034830652,held_fold
ISIC_1233068,0,0.00903623,held_fold
ISIC_1233830,0,0.0007248641,held_fold
ISIC_1235053,0,0.0014514986,held_fold
ISIC_1242176,0,0.0030349714,held_fold
ISIC_1242992,0,0.0033395549,held_fold
ISIC_1246630,0,0.00068525784,held_fold
ISIC_1248073,0,0.002278126,held_fold
ISIC_1248372,0,0.0008475721,held_fold
ISIC_1248876,0,0.0010061964,held_fold
ISIC_1250861,0,0.002808685,held_fold
ISIC_1251364,0,0.03533071,held_fold
ISIC_1251721,0,0.0027259015,held_fold
ISIC_1257045,0,0.1029762,held_fold
ISIC_1258127,0,0.010209642,held_fold
ISIC_1258763,0,0.00076050684,held_fold
ISIC_1259465,0,0.00072017027,held_fold
ISIC_1260198,0,0.0011462289,held_fold
ISIC_1261530,0,0.01426415,held_fold
ISIC_1264725,0,0.0015434179,held_fold
ISIC_1265427,0,0.00092830835,held_fold
ISIC_1265609,0,0.0018256797,held_fold
ISIC_1265653,0,0.0421482,held_fold
ISIC_1266707,0,0.016671745,held_fold
ISIC_1269461,0,0.0006337291,held_fold
ISIC_1270305,0,0.0025402303,held_fold
ISIC_1270307,0,0.00078464765,held_fold
ISIC_1272233,0,0.0012162761,held_fold
ISIC_1274851,0,0.00061253505,held_fold
ISIC_1276037,0,0.0016452161,held_fold
ISIC_1281431,0,0.013413639,held_fold
ISIC_1283518,0,0.009903444,held_fold
ISIC_1283950,0,0.0017869471,held_fold
ISIC_1284397,0,0.009929432,held_fold
ISIC_1284496,0,0.00117267,held_fold
ISIC_1285997,0,0.015625281,held_fold
ISIC_1287050,0,0.00077351433,held_fold
ISIC_1287370,0,0.011300165,held_fold
ISIC_1292006,0,0.006681385,held_fold
ISIC_1292165,0,0.0039655175,held_fold
ISIC_1292607,0,0.06628023,held_fold
ISIC_1292799,0,0.0013541455,held_fold
ISIC_1296490,0,0.0519023,held_fold
ISIC_1298253,0,0.002780897,held_fold
ISIC_1300318,0,0.0007143513,held_fold
ISIC_1300967,0,0.0018693871,held_fold
ISIC_1301544,0,0.0008296741,held_fold
ISIC_1301591,0,0.000989898,held_fold
ISIC_1307134,0,0.0077857394,held_fold
ISIC_1307396,0,0.004889014,held_fold
ISIC_1307419,0,0.00081392366,held_fold
ISIC_1309015,0,0.0014748506,held_fold
ISIC_1309130,0,0.008341595,held_fold
ISIC_1313105,0,0.0012534448,held_fold
ISIC_1318137,0,0.0030727321,held_fold
ISIC_1318781,0,0.002408151,held_fold
ISIC_1322621,0,0.014091542,held_fold
ISIC_1326295,0,0.031178156,held_fold
ISIC_1326483,0,0.00096891844,held_fold
ISIC_1328417,0,0.025866542,held_fold
ISIC_1330242,0,0.0020630988,held_fold
ISIC_1333230,0,0.0025978582,held_fold
ISIC_1336519,0,0.03282991,held_fold
ISIC_1336572,0,0.010682913,held_fold
ISIC_1337144,0,0.0012402295,held_fold
ISIC_1338069,0,0.014953807,held_fold
ISIC_1341106,0,0.026869249,held_fold
ISIC_1341586,0,0.025199618,held_fold
ISIC_1342117,0,0.0013778205,held_fold
ISIC_1342739,0,0.0004515587,held_fold
ISIC_1344537,0,0.01253597,held_fold
ISIC_1344757,0,0.003310438,held_fold
ISIC_1346695,0,0.0029284747,held_fold
ISIC_1347099,0,0.0010812706,held_fold
ISIC_1348254,0,0.020101178,held_fold
ISIC_1348539,0,0.00044719857,held_fold
ISIC_1348843,0,0.0013267075,held_fold
ISIC_1350519,0,0.0011219586,held_fold
ISIC_1350659,0,0.001236766,held_fold
ISIC_1351604,0,0.004114483,held_fold
ISIC_1352841,0,0.023303397,held_fold
ISIC_1352911,0,0.0018164461,held_fold
ISIC_1353532,0,0.001551717,held_fold
ISIC_1353653,0,0.007692956,held_fold
ISIC_1355104,0,0.0016595727,held_fold
ISIC_1355722,0,0.0031202622,held_fold
ISIC_1358348,0,0.004489533,held_fold
ISIC_1358527,0,0.0051928475,held_fold
ISIC_1358757,0,0.0022811303,held_fold
ISIC_1360595,0,0.032582983,held_fold
ISIC_1363718,0,0.0013832432,held_fold
ISIC_1364848,0,0.0010517251,held_fold
ISIC_1365434,0,0.0048925574,held_fold
ISIC_1366993,0,0.070615984,held_fold
ISIC_1370034,0,0.0015401365,held_fold
ISIC_1373468,0,0.003294288,held_fold
ISIC_1376528,0,0.0023433832,held_fold
ISIC_1377409,0,0.0008337946,held_fold
ISIC_1384413,0,0.0009722563,held_fold
ISIC_1384527,0,0.0030718297,held_fold
ISIC_1387456,0,0.014959342,held_fold
ISIC_1388230,0,0.0019730933,held_fold
ISIC_1388984,0,0.0035552161,held_fold
ISIC_1389620,0,0.12519608,held_fold
ISIC_1390308,0,0.0013419279,held_fold
ISIC_1392776,0,0.0015551783,held_fold
ISIC_1394786,0,0.0006366121,held_fold
ISIC_1396573,0,0.0029391341,held_fold
ISIC_1396857,0,0.0062680845,held_fold
ISIC_1401235,0,0.0074912705,held_fold
ISIC_1403974,0,0.001125692,held_fold
ISIC_1405391,0,0.014155587,held_fold
ISIC_1410153,0,0.0015366459,held_fold
ISIC_1411384,0,0.0069086812,held_fold
ISIC_1412620,0,0.0040278076,held_fold
ISIC_1412843,1,0.0069976402,held_fold
ISIC_1413366,0,0.00078625913,held_fold
ISIC_1416869,0,0.0022748099,held_fold
ISIC_1416995,0,0.0138775995,held_fold
ISIC_1418788,0,0.0050184084,held_fold
ISIC_1421644,0,0.05777421,held_fold
ISIC_1422217,0,0.0013746257,held_fold
ISIC_1422429,0,0.0077526863,held_fold
ISIC_1424529,0,0.0017811668,held_fold
ISIC_1424655,0,0.0010959363,held_fold
ISIC_1425404,0,0.0022259895,held_fold
ISIC_1429437,0,0.004435803,held_fold
ISIC_1429954,0,0.027566848,held_fold
ISIC_1431332,0,0.0014910692,held_fold
ISIC_1432485,0,0.010053133,held_fold
ISIC_1433739,0,0.0095885005,held_fold
ISIC_1434244,0,0.0020029482,held_fold
ISIC_1434340,0,0.014449549,held_fold
ISIC_1436124,0,0.0065670796,held_fold
ISIC_1436341,0,0.0016533344,held_fold
ISIC_1437529,0,0.033820067,held_fold
ISIC_1438382,0,0.0023740116,held_fold
ISIC_1438584,0,0.0059970403,held_fold
ISIC_1438669,0,0.005111842,held_fold
ISIC_1440033,0,0.0010649763,held_fold
ISIC_1442186,0,0.06206982,held_fold
ISIC_1444573,0,0.019934135,held_fold
ISIC_1446344,0,0.012070803,held_fold
ISIC_1447118,0,0.0011232536,held_fold
ISIC_1447559,0,0.004509223,held_fold
ISIC_1448526,0,0.0065804417,held_fold
ISIC_1449910,0,0.011499186,held_fold
ISIC_1450745,0,0.004312273,held_fold
ISIC_1451092,0,0.0012856147,held_fold
ISIC_1452412,0,0.00033204377,held_fold
ISIC_1456444,0,0.0015827271,held_fold
ISIC_1457263,0,0.0016687058,held_fold
ISIC_1458551,0,0.0033243408,held_fold
ISIC_1459948,0,0.023362393,held_fold
ISIC_1461419,0,0.0015729242,held_fold
ISIC_1462268,0,0.002195629,held_fold
ISIC_1463838,0,0.01925857,held_fold
ISIC_1466584,0,0.016848579,held_fold
ISIC_1467552,0,0.003360931,held_fold
ISIC_1467583,0,0.081719376,held_fold
ISIC_1470522,0,0.0003617209,held_fold
ISIC_1471649,0,0.012040045,held_fold
ISIC_1472731,0,0.014164767,held_fold
ISIC_1473522,1,0.09086199,held_fold
ISIC_1476176,0,0.0012104051,held_fold
ISIC_1477664,0,0.003497143,held_fold
ISIC_1478794,0,0.0018698312,held_fold
ISIC_1479729,0,0.025084535,held_fold
ISIC_1479891,0,0.00087204383,held_fold
ISIC_1483952,0,0.0049471525,held_fold
ISIC_1485132,0,0.0012968971,held_fold
ISIC_1485969,0,0.0006619097,held_fold
ISIC_1486589,0,0.0027037116,held_fold
ISIC_1490161,0,0.008916001,held_fold
ISIC_1492055,0,0.0009680289,held_fold
ISIC_1493314,0,0.0022647271,held_fold
ISIC_1493565,0,0.000809913,held_fold
ISIC_1497992,0,0.0022608978,held_fold
ISIC_1500815,0,0.003925845,held_fold
ISIC_1500843,0,0.0026056478,held_fold
ISIC_1501034,0,0.02461838,held_fold
ISIC_1502140,0,0.003456467,held_fold
ISIC_1502309,0,0.038877606,held_fold
ISIC_1503020,0,0.002637376,held_fold
ISIC_1505951,0,0.003971068,held_fold
ISIC_1506794,0,0.0031240273,held_fold
ISIC_1506912,0,0.00034855757,held_fold
ISIC_1506954,0,0.0028555358,held_fold
ISIC_1507090,0,0.004720011,held_fold
ISIC_1508810,0,0.004587072,held_fold
ISIC_1510504,0,0.0065044453,held_fold
ISIC_1511227,0,0.0035294371,held_fold
ISIC_1511536,0,0.008381186,held_fold
ISIC_1513720,0,0.018622015,held_fold
ISIC_1514117,0,0.0013028211,held_fold
ISIC_1514364,0,0.0015688468,held_fold
ISIC_1514401,0,0.010110906,held_fold
ISIC_1519645,0,0.003787222,held_fold
ISIC_1519891,0,0.0008459379,held_fold
ISIC_1520897,0,0.0111099575,held_fold
ISIC_1528994,0,0.028160235,held_fold
ISIC_1529534,0,0.0037214188,held_fold
ISIC_1531548,0,0.03624096,held_fold
ISIC_1532403,0,0.0013876277,held_fold
ISIC_1534800,0,0.010967141,held_fold
ISIC_1537566,0,0.00079446845,held_fold
ISIC_1537779,0,0.0017111427,held_fold
ISIC_1541817,0,0.0025671683,held_fold
ISIC_1542389,0,0.013321048,held_fold
ISIC_1543862,0,0.0009854884,held_fold
ISIC_1544093,0,0.004185033,held_fold
ISIC_1545489,0,0.0018279455,held_fold
ISIC_1545675,0,0.0026678324,held_fold
ISIC_1545851,0,0.015848707,held_fold
ISIC_1548638,0,0.0022099349,held_fold
ISIC_1549857,0,0.016879221,held_fold
ISIC_1550349,0,0.0074230195,held_fold
ISIC_1550785,0,0.0017132163,held_fold
ISIC_1552127,0,0.007143083,held_fold
ISIC_1552570,0,0.021030331,held_fold
ISIC_1554843,0,0.000511188,held_fold
ISIC_1556209,0,0.008434582,held_fold
ISIC_1556765,0,0.0037260393,held_fold
ISIC_1558731,0,0.0028219887,held_fold
ISIC_1561177,0,0.006167595,held_fold
ISIC_1566312,0,0.00084750314,held_fold
ISIC_1566381,0,0.02410575,held_fold
ISIC_1568752,0,0.010501977,held_fold
ISIC_1570838,0,0.0010576844,held_fold
ISIC_1573974,0,0.00548264,held_fold
ISIC_1574123,0,0.057157945,held_fold
ISIC_1575396,0,0.0010552297,held_fold
ISIC_1578194,0,0.00874942,held_fold
ISIC_1578811,0,0.0006323982,held_fold
ISIC_1579463,0,0.012343324,held_fold
ISIC_1579497,0,0.00075343717,held_fold
ISIC_1580068,0,0.009159355,held_fold
ISIC_1584543,0,0.0016863131,held_fold
ISIC_1585511,0,0.008416303,held_fold
ISIC_1588382,0,0.020074992,held_fold
ISIC_1589136,0,0.011436859,held_fold
ISIC_1589997,1,0.062197383,held_fold
ISIC_1590829,0,0.0017880109,held_fold
ISIC_1593175,0,0.0063297134,held_fold
ISIC_1593638,0,0.021003656,held_fold
ISIC_1594422,0,0.0015534755,held_fold
ISIC_1595157,0,0.003164443,held_fold
ISIC_1595325,0,0.0059540407,held_fold
ISIC_1597414,0,0.0017570205,held_fold
ISIC_1599163,0,0.0013770433,held_fold
ISIC_1601244,0,0.0012031192,held_fold
ISIC_1603509,0,0.0008210286,held_fold
ISIC_1604935,0,0.0019878964,held_fold
ISIC_1605988,0,0.0017262166,held_fold
ISIC_1608192,0,0.0040809046,held_fold
ISIC_1608727,0,0.000911158,held_fold
ISIC_1610092,0,0.0016258383,held_fold
ISIC_1611600,0,0.00052613794,held_fold
ISIC_1617282,0,0.0017419528,held_fold
ISIC_1617896,0,0.0012838593,held_fold
ISIC_1618730,0,0.0008564501,held_fold
ISIC_1624873,0,0.013817185,held_fold
ISIC_1631125,0,0.011139385,held_fold
ISIC_1631397,0,0.0005664523,held_fold
ISIC_1633463,0,0.0015836955,held_fold
ISIC_1635633,0,0.0015026432,held_fold
ISIC_1636849,0,0.0011905238,held_fold
ISIC_1637536,0,0.03575744,held_fold
ISIC_1637588,0,0.0007644996,held_fold
ISIC_1638436,0,0.011203321,held_fold
ISIC_1639011,0,0.00047682188,held_fold
ISIC_1639765,0,0.0012277716,held_fold
ISIC_1640426,0,0.001325793,held_fold
ISIC_1641301,0,0.003383283,held_fold
ISIC_1641839,0,0.0047553875,held_fold
ISIC_1646084,0,0.0022039728,held_fold
ISIC_1648233,0,0.0007844768,held_fold
ISIC_1650523,0,0.011967237,held_fold
ISIC_1652008,0,0.0019996446,held_fold
ISIC_1654183,0,0.0026691726,held_fold
ISIC_1654342,1,0.08207563,held_fold
ISIC_1655513,0,0.0014373652,held_fold
ISIC_1656186,0,0.0029102296,held_fold
ISIC_1656452,0,0.016483389,held_fold
ISIC_1664534,0,0.010924203,held_fold
ISIC_1665248,0,0.01367022,held_fold
ISIC_1674776,0,0.0040250006,held_fold
ISIC_1675814,0,0.0013360636,held_fold
ISIC_1676261,0,0.0011952224,held_fold
ISIC_1676826,0,0.0011425769,held_fold
ISIC_1681627,0,0.0025387201,held_fold
ISIC_1682693,0,0.004900455,held_fold
ISIC_1684067,0,0.0011165806,held_fold
ISIC_1684127,1,0.009127405,held_fold
ISIC_1684948,0,0.0022428008,held_fold
ISIC_1685833,0,0.04151491,held_fold
ISIC_1687584,0,0.0021696186,held_fold
ISIC_1688160,0,0.01424812,held_fold
ISIC_1689686,0,0.0008398163,held_fold
ISIC_1690499,0,0.012985711,held_fold
ISIC_1690909,0,0.0010464072,held_fold
ISIC_1691676,0,0.0012803661,held_fold
ISIC_1692144,0,0.01394372,held_fold
ISIC_1693686,0,0.0023881556,held_fold
ISIC_1693912,0,0.00069148553,held_fold
ISIC_1695724,0,0.005998439,held_fold
ISIC_1698119,0,0.0019256484,held_fold
ISIC_1700513,0,0.0032895976,held_fold
ISIC_1704026,0,0.015154388,held_fold
ISIC_1708068,0,0.0020425043,held_fold
ISIC_1710179,0,0.0024713534,held_fold
ISIC_1715406,0,0.016886273,held_fold
ISIC_1718418,0,0.0019607672,held_fold
ISIC_1718707,0,0.0087850075,held_fold
ISIC_1719236,0,0.00092808815,held_fold
ISIC_1720840,0,0.002491578,held_fold
ISIC_1723279,0,0.0072317603,held_fold
ISIC_1724802,0,0.0005841383,held_fold
ISIC_1725961,0,0.0014605416,held_fold
ISIC_1725997,0,0.0011093001,held_fold
ISIC_1727369,0,0.0006284542,held_fold
ISIC_1728767,0,0.009792837,held_fold
ISIC_1729465,0,0.034005947,held_fold
ISIC_1732965,0,0.0023859888,held_fold
ISIC_1736706,0,0.0013059698,held_fold
ISIC_1738348,0,0.0024948297,held_fold
ISIC_1740379,0,0.0006345395,held_fold
ISIC_1743974,0,0.0065259854,held_fold
ISIC_1744704,0,0.00230934,held_fold
ISIC_1744817,0,0.0032136987,held_fold
ISIC_1745458,0,0.026929667,held_fold
ISIC_1745477,0,0.0042898166,held_fold
ISIC_1747417,0,0.025004186,held_fold
ISIC_1749857,0,0.0033621625,held_fold
ISIC_1750674,0,0.0013804737,held_fold
ISIC_1752306,0,0.00067127077,held_fold
ISIC_1755832,0,0.02392414,held_fold
ISIC_1756265,0,0.0028617298,held_fold
ISIC_1757212,0,0.031972986,held_fold
ISIC_1758149,0,0.000655721,held_fold
ISIC_1758558,0,0.028171381,held_fold
ISIC_1761138,0,0.006230834,held_fold
ISIC_1766601,0,0.0032219007,held_fold
ISIC_1768217,0,0.002940052,held_fold
ISIC_1769724,0,0.0027070607,held_fold
ISIC_1772523,0,0.015506319,held_fold
ISIC_1772784,0,0.0013728078,held_fold
ISIC_1777398,0,0.0046718162,held_fold
ISIC_1779061,0,0.05561379,held_fold
ISIC_1779443,0,0.025837835,held_fold
ISIC_1780675,0,0.0009491443,held_fold
ISIC_1782911,0,0.035489455,held_fold
ISIC_1783021,0,0.0018128287,held_fold
ISIC_1786025,0,0.030536147,held_fold
ISIC_1786309,0,0.01700576,held_fold
ISIC_1788314,0,0.010550135,held_fold
ISIC_1788671,0,0.0017034116,held_fold
ISIC_1788875,0,0.005026396,held_fold
ISIC_1795959,0,0.013619113,held_fold
ISIC_1800066,0,0.015388076,held_fold
ISIC_1802793,0,0.0025754317,held_fold
ISIC_1806497,0,0.017580474,held_fold
ISIC_1807638,0,0.0022501273,held_fold
ISIC_1809912,0,0.0077392254,held_fold
ISIC_1810207,0,0.038871624,held_fold
ISIC_1810790,0,0.011265665,held_fold
ISIC_1813911,0,0.009114636,held_fold
ISIC_1817714,0,0.0118230665,held_fold
ISIC_1819358,0,0.0009886285,held_fold
ISIC_1820193,0,0.011809325,held_fold
ISIC_1820389,0,0.026736788,held_fold
ISIC_1825131,0,0.00245261,held_fold
ISIC_1828652,0,0.004718757,held_fold
ISIC_1829378,0,0.016463142,held_fold
ISIC_1830017,0,0.001018107,held_fold
ISIC_1831304,0,0.02614878,held_fold
ISIC_1832582,0,0.00083204935,held_fold
ISIC_1833138,0,0.00068725785,held_fold
ISIC_1835426,0,0.007062725,held_fold
ISIC_1835970,0,0.014330798,held_fold
ISIC_1837402,0,0.0048976373,held_fold
ISIC_1837609,0,0.023261169,held_fold
ISIC_1838888,0,0.0009844674,held_fold
ISIC_1838904,0,0.008037711,held_fold
ISIC_1840418,0,0.0007074026,held_fold
ISIC_1841825,0,0.020374568,held_fold
ISIC_1841949,0,0.009488069,held_fold
ISIC_1844824,0,0.0011767682,held_fold
ISIC_1845271,0,0.0032238541,held_fold
ISIC_1845580,0,0.0006059163,held_fold
ISIC_1846528,0,0.0024311705,held_fold
ISIC_1847200,0,0.00042606122,held_fold
ISIC_1847516,0,0.00107972,held_fold
ISIC_1847684,0,0.0014442476,held_fold
ISIC_1848300,0,0.0006956848,held_fold
ISIC_1849151,0,0.020515658,held_fold
ISIC_1849227,0,0.0014556526,held_fold
ISIC_1849442,0,0.011191443,held_fold
ISIC_1850122,0,0.006662086,held_fold
ISIC_1850388,0,0.00533306,held_fold
ISIC_1852500,0,0.061559733,held_fold
ISIC_1852987,0,0.023283724,held_fold
ISIC_1857587,0,0.0039170613,held_fold
ISIC_1858123,0,0.0038464847,held_fold
ISIC_1858237,0,0.0032929778,held_fold
ISIC_1859531,0,0.001135118,held_fold
ISIC_1859923,0,0.007570485,held_fold
ISIC_1861580,0,0.010156817,held_fold
ISIC_1863917,0,0.0044115037,held_fold
ISIC_1864109,0,0.0004939413,held_fold
ISIC_1864210,0,0.011163403,held_fold
ISIC_1865060,0,0.0019518639,held_fold
ISIC_1865170,0,0.0007401271,held_fold
ISIC_1867577,0,0.00911464,held_fold
ISIC_1870517,0,0.010776695,held_fold
ISIC_1873035,0,0.0015275279,held_fold
ISIC_1875086,0,0.0058052973,held_fold
ISIC_1876799,0,0.0012246899,held_fold
ISIC_1878972,0,0.0044397553,held_fold
ISIC_1880540,0,0.06298721,held_fold
ISIC_1881268,0,0.005157653,held_fold
ISIC_1883184,0,0.0014472344,held_fold
ISIC_1883330,0,0.0024046747,held_fold
ISIC_1884256,0,0.0033949434,held_fold
ISIC_1886719,0,0.012689395,held_fold
ISIC_1886756,0,0.0033499985,held_fold
ISIC_1887768,0,0.005111064,held_fold
ISIC_1888148,0,0.0016786922,held_fold
ISIC_1890263,0,0.0026481117,held_fold
ISIC_1892887,0,0.26070517,held_fold
ISIC_1896350,0,0.0016022011,held_fold
ISIC_1897312,0,0.001610628,held_fold
ISIC_1897327,0,0.0009948043,held_fold
ISIC_1900721,0,0.0027711368,held_fold
ISIC_1901204,0,0.00073132286,held_fold
ISIC_1901829,0,0.012889585,held_fold
ISIC_1903698,0,0.0018657722,held_fold
ISIC_1904002,0,0.0008038936,held_fold
ISIC_1910458,0,0.0012149521,held_fold
ISIC_1911714,0,0.00096340734,held_fold
ISIC_1912184,0,0.0023186533,held_fold
ISIC_1912589,0,0.00056997145,held_fold
ISIC_1915989,0,0.0036469728,held_fold
ISIC_1917554,0,0.019081354,held_fold
ISIC_1917856,0,0.0016724549,held_fold
ISIC_1919196,0,0.0031227623,held_fold
ISIC_1919324,0,0.0017298779,held_fold
ISIC_1919829,0,0.01611822,held_fold
ISIC_1920685,0,0.0010639197,held_fold
ISIC_1921387,0,0.003835454,held_fold
ISIC_1921636,0,0.0067579686,held_fold
ISIC_1922234,0,0.003050827,held_fold
ISIC_1922568,0,0.0022971192,held_fold
ISIC_1924949,0,0.0006412312,held_fold
ISIC_1925412,0,0.009125051,held_fold
ISIC_1926530,0,0.0011770884,held_fold
ISIC_1927858,0,0.003936637,held_fold
ISIC_1930598,0,0.0070314207,held_fold
ISIC_1930877,0,0.001575783,held_fold
ISIC_1931408,0,0.0006624609,held_fold
ISIC_1932632,0,0.0023380315,held_fold
ISIC_1932947,0,0.0007105698,held_fold
ISIC_1933026,0,0.0016189575,held_fold
ISIC_1934097,0,0.0050924444,held_fold
ISIC_1937955,0,0.008388481,held_fold
ISIC_1943439,0,0.007977855,held_fold
ISIC_1943654,0,0.014227187,held_fold
ISIC_1944865,0,0.001462616,held_fold
ISIC_1945381,0,0.0058966978,held_fold
ISIC_1947992,0,0.001839467,held_fold
ISIC_1948751,0,0.003936933,held_fold
ISIC_1950616,0,0.037579294,held_fold
ISIC_1951928,0,0.004599259,held_fold
ISIC_1953808,0,0.00074899266,held_fold
ISIC_1954547,0,0.0020365287,held_fold
ISIC_1957587,0,0.0009978157,held_fold
ISIC_1958003,0,0.00071867596,held_fold
ISIC_1958612,0,0.010252467,held_fold
ISIC_1959078,0,0.0017512635,held_fold
ISIC_1959939,1,0.044577125,held_fold
ISIC_1964334,0,0.0061631477,held_fold
ISIC_1966916,0,0.011449998,held_fold
ISIC_1970027,0,0.002138491,held_fold
ISIC_1973320,0,0.0007106027,held_fold
ISIC_1974281,0,0.0010296853,held_fold
ISIC_1974530,0,0.006591498,held_fold
ISIC_1975941,0,0.061576,held_fold
ISIC_1977265,0,0.020357287,held_fold
ISIC_1977916,0,0.0016631681,held_fold
ISIC_1978228,0,0.00037051956,held_fold
ISIC_1978426,0,0.001624869,held_fold
ISIC_1979473,0,0.029270343,held_fold
ISIC_1981133,0,0.0018693312,held_fold
ISIC_1982295,0,0.0016717846,held_fold
ISIC_1983516,0,0.0030970927,held_fold
ISIC_1985244,0,0.001090312,held_fold
ISIC_1985984,0,0.0010222913,held_fold
ISIC_1988336,0,0.0025704915,held_fold
ISIC_1990520,0,0.014210918,held_fold
ISIC_1991054,0,0.0017637358,held_fold
ISIC_1991528,0,0.010035026,held_fold
ISIC_1998849,0,0.05898595,held_fold
ISIC_2000184,0,0.027417537,held_fold
ISIC_2001492,0,0.0032803875,held_fold
ISIC_2003272,0,0.001638073,held_fold
ISIC_2006783,0,0.018441163,held_fold
ISIC_2009055,0,0.0099211335,held_fold
ISIC_2009167,0,0.0007681198,held_fold
ISIC_2010841,0,0.009103476,held_fold
ISIC_2011145,0,0.035131276,held_fold
ISIC_2011758,0,0.003792657,held_fold
ISIC_2011893,0,0.0006681198,held_fold
ISIC_2014399,0,0.0024673867,held_fold
ISIC_2015441,0,0.0040961616,held_fold
ISIC_2016546,0,0.0013959091,held_fold
ISIC_2019110,0,0.0014351112,held_fold
ISIC_2027392,0,0.001080487,held_fold
ISIC_2027490,0,0.0046782973,held_fold
ISIC_2027705,0,0.010710675,held_fold
ISIC_2031177,0,0.027859291,held_fold
ISIC_2035097,0,0.0005423064,held_fold
ISIC_2037324,0,0.003178408,held_fold
ISIC_2041726,0,0.0011402571,held_fold
ISIC_2045595,0,0.0040377877,held_fold
ISIC_2046079,0,0.012998631,held_fold
ISIC_2048638,0,0.0042135227,held_fold
ISIC_2049818,0,0.0006087219,held_fold
ISIC_2049836,0,0.0010800652,held_fold
ISIC_2053045,0,0.0055950433,held_fold
ISIC_2056104,0,0.004453973,held_fold
ISIC_2057606,0,0.009155617,held_fold
ISIC_2059085,0,0.010065887,held_fold
ISIC_2059481,0,0.0022266738,held_fold
ISIC_2060078,0,0.012961908,held_fold
ISIC_2061063,0,0.0059536113,held_fold
ISIC_2066127,0,0.0013505972,held_fold
ISIC_2066146,0,0.0053966907,held_fold
ISIC_2066654,0,0.0038718013,held_fold
ISIC_2067576,0,0.004160252,held_fold
ISIC_2068866,0,0.0061991946,held_fold
ISIC_2069039,0,0.017758785,held_fold
ISIC_2069765,0,0.0052527636,held_fold
ISIC_2070718,0,0.010499713,held_fold
ISIC_2070726,0,0.0012483128,held_fold
ISIC_2071317,0,0.0027572801,held_fold
ISIC_2073994,0,0.0050988747,held_fold
ISIC_2074396,0,0.0010741987,held_fold
ISIC_2074764,0,0.0016148908,held_fold
ISIC_2077460,0,0.0016951897,held_fold
ISIC_2078053,0,0.0011711072,held_fold
ISIC_2079078,0,0.011105159,held_fold
ISIC_2079121,0,0.0029480432,held_fold
ISIC_2079417,0,0.00058614975,held_fold
ISIC_2080351,0,0.0007144796,held_fold
ISIC_2081142,0,0.009424855,held_fold
ISIC_2081489,0,0.01039517,held_fold
ISIC_2087446,0,0.02224302,held_fold
ISIC_2092879,0,0.0022049136,held_fold
ISIC_2094429,0,0.014275458,held_fold
ISIC_2095347,0,0.00080008665,held_fold
ISIC_2099776,0,0.0007447047,held_fold
ISIC_2101624,1,0.06973194,held_fold
ISIC_2102371,0,0.039353833,held_fold
ISIC_2102551,0,0.0016267403,held_fold
ISIC_2104487,0,0.0068118884,held_fold
ISIC_2108787,0,0.0076053077,held_fold
ISIC_2109563,0,0.0007792647,held_fold
ISIC_2120508,0,0.0013859451,held_fold
ISIC_2121292,0,0.0010052803,held_fold
ISIC_2122087,0,0.0008462624,held_fold
ISIC_2123159,0,0.006840324,held_fold
ISIC_2123488,0,0.0008298901,held_fold
ISIC_2125450,0,0.011180536,held_fold
ISIC_2126248,0,0.001366058,held_fold
ISIC_2126316,0,0.0022042529,held_fold
ISIC_2127685,0,0.00091004267,held_fold
ISIC_2127820,0,0.0028663774,held_fold
ISIC_2129226,0,0.0006466916,held_fold
ISIC_2129541,0,0.014047721,held_fold
ISIC_2130800,0,0.0057853567,held_fold
ISIC_2131707,0,0.0011536749,held_fold
ISIC_2134858,0,0.0020916963,held_fold
ISIC_2137041,0,0.025562422,held_fold
ISIC_2140115,0,0.043133803,held_fold
ISIC_2142072,0,0.0008481046,held_fold
ISIC_2142232,0,0.001161836,held_fold
ISIC_2142639,0,0.0026618491,held_fold
ISIC_2148350,0,0.006188651,held_fold
ISIC_2149030,0,0.0032859538,held_fold
ISIC_2150031,0,0.0013106657,held_fold
ISIC_2151459,0,0.00071343424,held_fold
ISIC_2152051,0,0.0053573013,held_fold
ISIC_2152755,0,0.12767297,held_fold
ISIC_2153201,0,0.0023805923,held_fold
ISIC_2153401,1,0.02625648,held_fold
ISIC_2153879,0,0.0032427392,held_fold
ISIC_2155898,0,0.06267214,held_fold
ISIC_2159914,0,0.0027759508,held_fold
ISIC_2161864,0,0.003560876,held_fold
ISIC_2161930,0,0.0162919,held_fold
ISIC_2168257,0,0.0007794467,held_fold
ISIC_2168953,0,0.0025334586,held_fold
ISIC_2170531,0,0.0022686524,held_fold
ISIC_2172377,0,0.0048895106,held_fold
ISIC_2174204,0,0.002731759,held_fold
ISIC_2175855,0,0.0036096724,held_fold
ISIC_2176370,0,0.00073661347,held_fold
ISIC_2179001,0,0.0018065358,held_fold
ISIC_2180439,0,0.0006176399,held_fold
ISIC_2185831,0,0.001719843,held_fold
ISIC_2186496,0,0.0044353,held_fold
ISIC_2186828,0,0.0005921129,held_fold
ISIC_2188465,0,0.0010215032,held_fold
ISIC_2192666,0,0.0015202754,held_fold
ISIC_2193761,0,0.0007146287,held_fold
ISIC_2194968,0,0.012140289,held_fold
ISIC_2199969,0,0.015022288,held_fold
ISIC_2200426,0,0.0009981114,held_fold
ISIC_2203306,0,0.04090986,held_fold
ISIC_2205780,0,0.0012392434,held_fold
ISIC_2208668,0,0.0028003799,held_fold
ISIC_2211136,0,0.0049625114,held_fold
ISIC_2212473,1,0.020528866,held_fold
ISIC_2215830,0,0.022242047,held_fold
ISIC_2216526,0,0.021185143,held_fold
ISIC_2217550,0,0.001270479,held_fold
ISIC_2219050,0,0.0047537894,held_fold
ISIC_2219235,0,0.0052527287,held_fold
ISIC_2220508,0,0.00067612564,held_fold
ISIC_2222264,0,0.047349863,held_fold
ISIC_2222489,0,0.0069509996,held_fold
ISIC_2227830,0,0.0110006975,held_fold
ISIC_2228270,0,0.0005321113,held_fold
ISIC_2229251,0,0.0009395289,held_fold
ISIC_2234023,0,0.01991139,held_fold
ISIC_2241173,0,0.010045415,held_fold
ISIC_2241975,0,0.008109548,held_fold
ISIC_2243353,0,0.006957345,held_fold
ISIC_2243954,0,0.001427464,held_fold
ISIC_2244742,0,0.008241225,held_fold
ISIC_2245695,0,0.0019911465,held_fold
ISIC_2248305,0,0.0018597543,held_fold
ISIC_2248956,0,0.0027655144,held_fold
ISIC_2255492,0,0.022484753,held_fold
ISIC_2262530,0,0.012738032,held_fold
ISIC_2263311,0,0.0016072394,held_fold
ISIC_2265410,0,0.0006470399,held_fold
ISIC_2266011,0,0.010079552,held_fold
ISIC_2266857,0,0.026735246,held_fold
ISIC_2269849,0,0.044277355,held_fold
ISIC_2274871,0,0.013111994,held_fold
ISIC_2275181,0,0.0007913132,held_fold
ISIC_2275624,0,0.0027530508,held_fold
ISIC_2275821,0,0.0029643844,held_fold
ISIC_2276141,0,0.0038369389,held_fold
ISIC_2280085,0,0.008089604,held_fold
ISIC_2281048,0,0.004108817,held_fold
ISIC_2282086,0,0.0306987,held_fold
ISIC_2282330,0,0.0014675292,held_fold
ISIC_2282522,0,0.0009834747,held_fold
ISIC_2283628,0,0.0034920373,held_fold
ISIC_2284502,0,0.0010202476,held_fold
ISIC_2284633,0,0.014777616,held_fold
ISIC_2295998,0,0.002044697,held_fold
ISIC_2297858,0,0.0008487213,held_fold
ISIC_2313297,0,0.005503396,held_fold
ISIC_2316159,0,0.0011379631,held_fold
ISIC_2316827,0,0.025217107,held_fold
ISIC_2317156,0,0.0018218689,held_fold
ISIC_2318657,0,0.0025988542,held_fold
ISIC_2318906,0,0.0050630863,held_fold
ISIC_2319122,0,0.002779657,held_fold
ISIC_2321619,0,0.0026417873,held_fold
ISIC_2321671,0,0.0033256174,held_fold
ISIC_2326984,0,0.012221291,held_fold
ISIC_2328299,0,0.001369705,held_fold
ISIC_2329701,0,0.001796858,held_fold
ISIC_2337650,0,0.008712863,held_fold
ISIC_2337786,0,0.040314596,held_fold
ISIC_2339522,0,0.003178387,held_fold
ISIC_2347774,0,0.0009920289,held_fold
ISIC_2348481,0,0.018655019,held_fold
ISIC_2349386,0,0.0026949074,held_fold
ISIC_2349743,0,0.001472674,held_fold
ISIC_2355513,0,0.006371004,held_fold
ISIC_2356841,0,0.00071973464,held_fold
ISIC_2357022,0,0.012505136,held_fold
ISIC_2357307,0,0.0008094169,held_fold
ISIC_2364189,0,0.0045198114,held_fold
ISIC_2365588,0,0.0056857397,held_fold
ISIC_2366196,0,0.013111816,held_fold
ISIC_2367392,0,0.009196375,held_fold
ISIC_2370650,0,0.009752185,held_fold
ISIC_2371734,0,0.013355004,held_fold
ISIC_2373071,0,0.001469119,held_fold
ISIC_2374446,0,0.0021967136,held_fold
ISIC_2378303,0,0.0369278,held_fold
ISIC_2378495,0,0.0010718007,held_fold
ISIC_2382078,0,0.004311592,held_fold
ISIC_2382323,0,0.005530757,held_fold
ISIC_2383335,0,0.04852175,held_fold
ISIC_2383571,0,0.015722154,held_fold
ISIC_2386668,0,0.009352907,held_fold
ISIC_2387403,0,0.0064890077,held_fold
ISIC_2387634,0,0.0019914773,held_fold
ISIC_2394780,0,0.0072012637,held_fold
ISIC_2394894,0,0.006193304,held_fold
ISIC_2396480,0,0.0012527836,held_fold
ISIC_2396791,0,0.018408187,held_fold
ISIC_2397307,0,0.00064575236,held_fold
ISIC_2398131,0,0.0025998014,held_fold
ISIC_2399130,0,0.0014072479,held_fold
ISIC_2400177,0,0.00693271,held_fold
ISIC_2401705,0,0.0029651104,held_fold
ISIC_2402717,0,0.0027482782,held_fold
ISIC_2406580,0,0.0025361474,held_fold
ISIC_2406848,0,0.0011742852,held_fold
ISIC_2407132,0,0.00058172643,held_fold
ISIC_2407914,0,0.006784486,held_fold
ISIC_2408815,1,0.024689898,held_fold
ISIC_2410842,0,0.028162396,held_fold
ISIC_2412426,0,0.06044433,held_fold
ISIC_2413429,0,0.0051715765,held_fold
ISIC_2415030,0,0.0018531008,held_fold
ISIC_2416792,0,0.0036331892,held_fold
ISIC_2417638,0,0.0047428897,held_fold
ISIC_2418848,0,0.0009243574,held_fold
ISIC_2418954,0,0.0009587301,held_fold
ISIC_2419593,0,0.020166503,held_fold
ISIC_2420042,0,0.00080032914,held_fold
ISIC_2421521,0,0.0006057616,held_fold
ISIC_2425013,0,0.010277203,held_fold
ISIC_2427137,0,0.0015193122,held_fold
ISIC_2428554,0,0.072148696,held_fold
ISIC_2430137,0,0.013807359,held_fold
ISIC_2432058,0,0.038490362,held_fold
ISIC_2434382,0,0.004751072,held_fold
ISIC_2437188,0,0.005532171,held_fold
ISIC_2438067,0,0.0011867773,held_fold
ISIC_2448123,1,0.007578736,held_fold
ISIC_2448210,0,0.0016478796,held_fold
ISIC_2452083,0,0.005445973,held_fold
ISIC_2452931,0,0.0016885663,held_fold
ISIC_2454475,0,0.11121231,held_fold
ISIC_2457132,0,0.0015013245,held_fold
ISIC_2457369,0,0.0015421294,held_fold
ISIC_2459772,0,0.00033723674,held_fold
ISIC_2462485,0,0.0019025927,held_fold
ISIC_2467125,0,0.0008415405,held_fold
ISIC_2468975,0,0.0002860798,held_fold
ISIC_2470542,0,0.00065095676,held_fold
ISIC_2476876,0,0.0020162142,held_fold
ISIC_2477888,0,0.0012760152,held_fold
ISIC_2478012,0,0.0037922463,held_fold
ISIC_2480608,0,0.03601495,held_fold
ISIC_2480615,0,0.0010822095,held_fold
ISIC_2481230,0,0.005715625,held_fold
ISIC_2482427,0,0.0013942025,held_fold
ISIC_2482653,0,0.028278956,held_fold
ISIC_2482687,0,0.006202894,held_fold
ISIC_2484586,0,0.0016583288,held_fold
ISIC_2487061,0,0.02815666,held_fold
ISIC_2489471,0,0.03204442,held_fold
ISIC_2490493,0,0.004846375,held_fold
ISIC_2493432,0,0.0030420767,held_fold
ISIC_2494956,0,0.0007767011,held_fold
ISIC_2495303,0,0.00302081,held_fold
ISIC_2496053,0,0.0018781332,held_fold
ISIC_2496374,0,0.0060873576,held_fold
ISIC_2499559,0,0.0063557243,held_fold
ISIC_2499678,0,0.0038165476,held_fold
ISIC_2500087,0,0.001724716,held_fold
ISIC_2502405,0,0.0071771676,held_fold
ISIC_2502558,0,0.0012175825,held_fold
ISIC_2502855,0,0.0040810364,held_fold
ISIC_2508032,0,0.036807314,held_fold
ISIC_2509736,0,0.0009200033,held_fold
ISIC_2514994,0,0.006040667,held_fold
ISIC_2515324,0,0.0036685942,held_fold
ISIC_2518672,0,0.009173808,held_fold
ISIC_2520419,0,0.0017205332,held_fold
ISIC_2521947,0,0.00049393845,held_fold
ISIC_2523922,0,0.0036074813,held_fold
ISIC_2524005,0,0.020676574,held_fold
ISIC_2525084,1,0.045603685,held_fold
ISIC_2527238,0,0.0688978,held_fold
ISIC_2527485,0,0.0013452921,held_fold
ISIC_2533114,0,0.015433433,held_fold
ISIC_2535541,1,0.023233721,held_fold
ISIC_2536728,0,0.016173666,held_fold
ISIC_2538378,0,0.00097588904,held_fold
ISIC_2538571,0,0.013407461,held_fold
ISIC_2539861,0,0.0038588205,held_fold
ISIC_2540408,0,0.0044710212,held_fold
ISIC_2541562,0,0.001829581,held_fold
ISIC_2546094,0,0.045623876,held_fold
ISIC_2550872,0,0.0017477383,held_fold
ISIC_2553784,0,0.009558171,held_fold
ISIC_2553976,0,0.0020001803,held_fold
ISIC_2555243,0,0.0038194512,held_fold
ISIC_2555358,0,0.0023137992,held_fold
ISIC_2555494,0,0.0012990618,held_fold
ISIC_2558189,0,0.0015665502,held_fold
ISIC_2558439,0,0.039314643,held_fold
ISIC_2559074,0,0.0013480791,held_fold
ISIC_2559472,0,0.024827126,held_fold
ISIC_2560645,0,0.0040981285,held_fold
ISIC_2563840,0,0.002104429,held_fold
ISIC_2565512,0,0.0006796151,held_fold
ISIC_2565986,0,0.00074449315,held_fold
ISIC_2566365,0,0.006836363,held_fold
ISIC_2570708,0,0.007080766,held_fold
ISIC_2571614,0,0.0066585597,held_fold
ISIC_2572530,0,0.0025311245,held_fold
ISIC_2574197,0,0.0014113816,held_fold
ISIC_2574344,0,0.0028550555,held_fold
ISIC_2574351,0,0.0017159398,held_fold
ISIC_2579390,0,0.02359997,held_fold
ISIC_2585066,0,0.007864308,held_fold
ISIC_2586708,0,0.0018760568,held_fold
ISIC_2587955,0,0.0020540387,held_fold
ISIC_2594290,0,0.0014780308,held_fold
ISIC_2595590,0,0.00397154,held_fold
ISIC_2596574,0,0.002746137,held_fold
ISIC_2597342,0,0.0037955644,held_fold
ISIC_2597975,0,0.0038170554,held_fold
ISIC_2598702,0,0.007975233,held_fold
ISIC_2600276,0,0.0053768223,held_fold
ISIC_2601156,0,0.004026123,held_fold
ISIC_2603420,0,0.012095069,held_fold
ISIC_2605567,0,0.008117384,held_fold
ISIC_2606194,0,0.015448271,held_fold
ISIC_2607010,0,0.022719102,held_fold
ISIC_2608471,0,0.00074648584,held_fold
ISIC_2613405,0,0.0018327893,held_fold
ISIC_2616788,0,0.0073583717,held_fold
ISIC_2618092,0,0.0022310491,held_fold
ISIC_2620159,0,0.018047437,held_fold
ISIC_2621121,0,0.0006059036,held_fold
ISIC_2621493,0,0.017571721,held_fold
ISIC_2623707,0,0.015678309,held_fold
ISIC_2624189,0,0.0026568763,held_fold
ISIC_2625884,0,0.052766558,held_fold
ISIC_2626310,0,0.0014906867,held_fold
ISIC_2629998,0,0.0017936083,held_fold
ISIC_2632471,0,0.0015202009,held_fold
ISIC_2636012,0,0.0035837556,held_fold
ISIC_2637014,0,0.0070120874,held_fold
ISIC_2641186,0,0.001928217,held_fold
ISIC_2645314,0,0.0016649892,held_fold
ISIC_2645615,0,0.04389186,held_fold
ISIC_2647070,0,0.0007197741,held_fold
ISIC_2649999,0,0.006481956,held_fold
ISIC_2652721,0,0.00233244,held_fold
ISIC_2653098,0,0.0012450876,held_fold
ISIC_2653824,0,0.005576188,held_fold
ISIC_2654412,0,0.009088326,held_fold
ISIC_2658858,0,0.015230061,held_fold
ISIC_2659107,0,0.0016058169,held_fold
ISIC_2664973,0,0.013304919,held_fold
ISIC_2665039,0,0.046301406,held_fold
ISIC_2665487,0,0.0067164423,held_fold
ISIC_2667784,0,0.00269389,held_fold
ISIC_2667921,0,0.0049914853,held_fold
ISIC_2671038,0,0.0018954212,held_fold
ISIC_2671727,0,0.008980971,held_fold
ISIC_2672001,0,0.008498954,held_fold
ISIC_2672379,0,0.0022377176,held_fold
ISIC_2672587,0,0.021684209,held_fold
ISIC_2673586,0,0.0012810102,held_fold
ISIC_2676784,0,0.014325889,held_fold
ISIC_2680842,0,0.0048142555,held_fold
ISIC_2682861,0,0.0012385201,held_fold
ISIC_2683125,0,0.0018358285,held_fold
ISIC_2684374,0,0.0016824137,held_fold
ISIC_2690733,0,0.0020455206,held_fold
ISIC_2691211,0,0.023750199,held_fold
ISIC_2700320,1,0.013331242,held_fold
ISIC_2700731,0,0.01726871,held_fold
ISIC_2703447,0,0.011346555,held_fold
ISIC_2704072,0,0.009713278,held_fold
ISIC_2705052,0,0.00642008,held_fold
ISIC_2707664,0,0.0012659457,held_fold
ISIC_2709109,0,0.01379809,held_fold
ISIC_2709809,0,0.0005836007,held_fold
ISIC_2710887,0,0.027869357,held_fold
ISIC_2711946,0,0.0032027164,held_fold
ISIC_2716284,0,0.028903812,held_fold
ISIC_2716925,0,0.0015256875,held_fold
ISIC_2717587,0,0.0052305134,held_fold
ISIC_2718135,0,0.0015907903,held_fold
ISIC_2718199,0,0.002054329,held_fold
ISIC_2719558,0,0.003287325,held_fold
ISIC_2720231,0,0.0012875488,held_fold
ISIC_2721543,0,0.007402642,held_fold
ISIC_2722070,0,0.0023163247,held_fold
ISIC_2729893,0,0.0011886768,held_fold
ISIC_2731386,0,0.0007583473,held_fold
ISIC_2732573,0,0.001324821,held_fold
ISIC_2732720,0,0.001109614,held_fold
ISIC_2733043,0,0.0011058879,held_fold
ISIC_2734817,0,0.014454793,held_fold
ISIC_2735051,0,0.0020561481,held_fold
ISIC_2735720,0,0.0031264042,held_fold
ISIC_2735846,0,0.020596355,held_fold
ISIC_2736793,0,0.002846697,held_fold
ISIC_2738454,0,0.10622555,held_fold
ISIC_2740815,0,0.009524676,held_fold
ISIC_2741984,0,0.0032356603,held_fold
ISIC_2742870,0,0.00058831094,held_fold
ISIC_2746191,0,0.010708868,held_fold
ISIC_2746282,0,0.00059471483,held_fold
ISIC_2746974,0,0.0015530798,held_fold
ISIC_2747749,0,0.0017164561,held_fold
ISIC_2748148,0,0.0013570447,held_fold
ISIC_2748736,0,0.0009158354,held_fold
ISIC_2751781,0,0.0013490288,held_fold
ISIC_2751896,0,0.0016950767,held_fold
ISIC_2752297,0,0.00053340726,held_fold
ISIC_2753908,0,0.0087981345,held_fold
ISIC_2754170,0,0.045726135,held_fold
ISIC_2754186,0,0.004056589,held_fold
ISIC_2754616,0,0.001668212,held_fold
ISIC_2755502,0,0.0055179494,held_fold
ISIC_2757414,0,0.0020296026,held_fold
ISIC_2757957,0,0.009669916,held_fold
ISIC_2763060,0,0.0016041787,held_fold
ISIC_2769292,0,0.0014048938,held_fold
ISIC_2772581,0,0.00087399746,held_fold
ISIC_2773044,0,0.0031687538,held_fold
ISIC_2773261,0,0.014883703,held_fold
ISIC_2773596,0,0.00073348056,held_fold
ISIC_2775157,0,0.019826835,held_fold
ISIC_2775638,0,0.006403894,held_fold
ISIC_2776906,1,0.07896616,held_fold
ISIC_2776986,0,0.022568522,held_fold
ISIC_2777137,0,0.0020125054,held_fold
ISIC_2786246,0,0.0024466424,held_fold
ISIC_2790561,0,0.020719562,held_fold
ISIC_2793903,0,0.001418264,held_fold
ISIC_2793989,0,0.0056500603,held_fold
ISIC_2795397,0,0.05183444,held_fold
ISIC_2797898,0,0.0009304632,held_fold
ISIC_2799701,0,0.002156885,held_fold
ISIC_2800198,0,0.038454864,held_fold
ISIC_2803212,0,0.0005069171,held_fold
ISIC_2803733,0,0.0009666534,held_fold
ISIC_2805634,0,0.0012629974,held_fold
ISIC_2808187,0,0.0052627167,held_fold
ISIC_2810793,0,0.012805152,held_fold
ISIC_2811847,0,0.0062304293,held_fold
ISIC_2814675,0,0.0028640875,held_fold
ISIC_2817348,0,0.003198835,held_fold
ISIC_2818530,0,0.010652465,held_fold
ISIC_2819721,0,0.0006451064,held_fold
ISIC_2820050,0,0.0011875418,held_fold
ISIC_2821172,0,0.0017078217,held_fold
ISIC_2822622,0,0.007931969,held_fold
ISIC_2823287,1,0.060114514,held_fold
ISIC_2824679,0,0.00067801145,held_fold
ISIC_2829088,0,0.011177588,held_fold
ISIC_2832507,0,0.014367216,held_fold
ISIC_2834175,0,0.0006821667,held_fold
ISIC_2836038,0,0.0014852972,held_fold
ISIC_2837876,0,0.0038840394,held_fold
ISIC_2838960,0,0.0023779937,held_fold
ISIC_2839053,0,0.025913853,held_fold
ISIC_2840136,0,0.011016474,held_fold
ISIC_2840727,0,0.0010877175,held_fold
ISIC_2841630,0,0.0015301964,held_fold
ISIC_2844085,0,0.024293989,held_fold
ISIC_2845237,0,0.016156571,held_fold
ISIC_2845758,0,0.0007331249,held_fold
ISIC_2847358,0,0.0005765164,held_fold
ISIC_2849717,0,0.003900567,held_fold
ISIC_2850155,0,0.0011516173,held_fold
ISIC_2852497,0,0.021076541,held_fold
ISIC_2853981,0,0.009909721,held_fold
ISIC_2855191,0,0.011687996,held_fold
ISIC_2858035,0,0.00082518125,held_fold
ISIC_2858419,0,0.0032087762,held_fold
ISIC_2859012,0,0.00061139686,held_fold
ISIC_2860230,0,0.010976361,held_fold
ISIC_2867740,0,0.0029615373,held_fold
ISIC_2871437,0,0.008713682,held_fold
ISIC_2872201,0,0.00082444004,held_fold
ISIC_2875622,0,0.0021913478,held_fold
ISIC_2879257,0,0.0030933619,held_fold
ISIC_2879512,0,0.0017273535,held_fold
ISIC_2887690,0,0.0008133705,held_fold
ISIC_2889208,0,0.03624725,held_fold
ISIC_2889670,0,0.0013347453,held_fold
ISIC_2889981,0,0.002012035,held_fold
ISIC_2894223,0,0.00018823592,held_fold
ISIC_2896341,0,0.013567847,held_fold
ISIC_2898780,0,0.0015800612,held_fold
ISIC_2898886,0,0.030951371,held_fold
ISIC_2899829,0,0.0007312772,held_fold
ISIC_2901944,0,0.04065666,held_fold
ISIC_2912335,0,0.06398371,held_fold
ISIC_2914304,0,0.00087251887,held_fold
ISIC_2914353,0,0.021607272,held_fold
ISIC_2915930,0,0.012183741,held_fold
ISIC_2917372,0,0.0012994368,held_fold
ISIC_2921679,0,0.0067762528,held_fold
ISIC_2922270,0,0.0013805795,held_fold
ISIC_2922381,0,0.0063665565,held_fold
ISIC_2924281,0,0.025537403,held_fold
ISIC_2924418,0,0.0013726399,held_fold
ISIC_2924748,0,0.012008211,held_fold
ISIC_2924968,0,0.009243368,held_fold
ISIC_2927587,0,0.0005427721,held_fold
ISIC_2928278,0,0.000934499,held_fold
ISIC_2932418,0,0.0015516314,held_fold
ISIC_2935987,0,0.0008722628,held_fold
ISIC_2938284,0,0.004523207,held_fold
ISIC_2939330,0,0.0041173054,held_fold
ISIC_2939734,0,0.0008198145,held_fold
ISIC_2942057,0,0.0047998657,held_fold
ISIC_2945310,0,0.00075396476,held_fold
ISIC_2946999,0,0.00066700706,held_fold
ISIC_2947038,0,0.01515258,held_fold
ISIC_2949980,0,0.0026108467,held_fold
ISIC_2951741,0,0.0017975568,held_fold
ISIC_2952684,0,0.0014454611,held_fold
ISIC_2954294,0,0.00045951872,held_fold
ISIC_2955499,0,0.005278163,held_fold
ISIC_2955610,0,0.011664967,held_fold
ISIC_2958240,0,0.001257368,held_fold
ISIC_2961666,0,0.0028684037,held_fold
ISIC_2962753,0,0.0014650724,held_fold
ISIC_2963478,0,0.019737547,held_fold
ISIC_2964397,0,0.00040028946,held_fold
ISIC_2968272,0,0.0005928687,held_fold
ISIC_2969055,0,0.0017223097,held_fold
ISIC_2969301,0,0.0006963159,held_fold
ISIC_2969373,0,0.06312116,held_fold
ISIC_2970632,0,0.07685344,held_fold
ISIC_2974884,0,0.0013332963,held_fold
ISIC_2977336,0,0.0052396515,held_fold
ISIC_2979268,1,0.002090741,held_fold
ISIC_2980633,0,0.006075112,held_fold
ISIC_2982357,0,0.0006955595,held_fold
ISIC_2982883,0,0.0055690324,held_fold
ISIC_2984214,0,0.0129876435,held_fold
ISIC_2984437,0,0.0071532824,held_fold
ISIC_2984737,0,0.034256898,held_fold
ISIC_2985322,0,0.047904864,held_fold
ISIC_2985753,0,0.0049568824,held_fold
ISIC_2985966,0,0.0009425181,held_fold
ISIC_2986014,0,0.0011035402,held_fold
ISIC_2989425,0,0.0025642163,held_fold
ISIC_2990228,0,0.009873057,held_fold
ISIC_2996391,0,0.00707929,held_fold
ISIC_2996668,0,0.01861437,held_fold
ISIC_2998411,0,0.00068697426,held_fold
ISIC_2999582,0,0.009166898,held_fold
ISIC_3003273,0,0.0019789217,held_fold
ISIC_3003513,0,0.0013025451,held_fold
ISIC_3007232,0,0.0013824886,held_fold
ISIC_3008419,0,0.008991056,held_fold
ISIC_3009930,0,0.00037243988,held_fold
ISIC_3010487,0,0.013921585,held_fold
ISIC_3016696,0,0.0023117056,held_fold
ISIC_3016754,0,0.01091861,held_fold
ISIC_3017950,0,0.00275687,held_fold
ISIC_3021188,0,0.009017437,held_fold
ISIC_3023901,0,0.002389169,held_fold
ISIC_3024600,0,0.0009287578,held_fold
ISIC_3033120,0,0.0023426097,held_fold
ISIC_3038950,0,0.0036470732,held_fold
ISIC_3042091,0,0.0013868759,held_fold
ISIC_3042182,0,0.00569679,held_fold
ISIC_3042558,0,0.0056694616,held_fold
ISIC_3043105,0,0.0019178032,held_fold
ISIC_3046710,0,0.0012528397,held_fold
ISIC_3052675,0,0.0011338358,held_fold
ISIC_3054523,0,0.0024368486,held_fold
ISIC_3058625,0,0.0017810599,held_fold
ISIC_3060248,0,0.008937452,held_fold
ISIC_3062820,0,0.010203336,held_fold
ISIC_3063260,0,0.0013410463,held_fold
ISIC_3063649,0,0.0014076238,held_fold
ISIC_3063923,0,0.010779766,held_fold
ISIC_3065254,0,0.0032486906,held_fold
ISIC_3067522,0,0.00076085766,held_fold
ISIC_3070142,0,0.0127866175,held_fold
ISIC_3072143,0,0.001738199,held_fold
ISIC_3072382,0,0.004361819,held_fold
ISIC_3077866,0,0.00964419,held_fold
ISIC_3078678,0,0.000979202,held_fold
ISIC_3079729,0,0.00083078415,held_fold
ISIC_3080307,0,0.0033751237,held_fold
ISIC_3082841,0,0.050024014,held_fold
ISIC_3084791,0,0.010416091,held_fold
ISIC_3088518,0,0.011868835,held_fold
ISIC_3089388,0,0.0008457369,held_fold
ISIC_3090417,0,0.0022767696,held_fold
ISIC_3090572,0,0.00040102817,held_fold
ISIC_3090792,0,0.0013203343,held_fold
ISIC_3091420,0,0.01776911,held_fold
ISIC_3092441,0,0.003335894,held_fold
ISIC_3093025,0,0.024771094,held_fold
ISIC_3093069,0,0.0006715456,held_fold
ISIC_3093810,0,0.00078986073,held_fold
ISIC_3096269,0,0.017953342,held_fold
ISIC_3097899,0,0.0034080758,held_fold
ISIC_3097976,0,0.046904203,held_fold
ISIC_3098299,0,0.0047245068,held_fold
ISIC_3098342,0,0.0005631287,held_fold
ISIC_3102011,0,0.0009866871,held_fold
ISIC_3105314,0,0.005969105,held_fold
ISIC_3110425,0,0.0019681004,held_fold
ISIC_3110946,0,0.0375603,held_fold
ISIC_3111635,0,0.0012603572,held_fold
ISIC_3114066,0,0.008852646,held_fold
ISIC_3115568,0,0.0057239146,held_fold
ISIC_3117977,0,0.001377419,held_fold
ISIC_3123718,0,0.0022188406,held_fold
ISIC_3123835,0,0.0027824831,held_fold
ISIC_3125078,0,0.0035707774,held_fold
ISIC_3125318,0,0.00094405137,held_fold
ISIC_3126161,0,0.0019511099,held_fold
ISIC_3126619,0,0.0076524694,held_fold
ISIC_3127347,0,0.0024754745,held_fold
ISIC_3131821,0,0.002830724,held_fold
ISIC_3133127,0,0.00069406495,held_fold
ISIC_3134556,0,0.0007098476,held_fold
ISIC_3135594,0,0.00068503094,held_fold
ISIC_3136263,0,0.0007876742,held_fold
ISIC_3136818,0,0.021810569,held_fold
ISIC_3137003,0,0.0030916387,held_fold
ISIC_3143604,0,0.0012377682,held_fold
ISIC_3145458,0,0.016495802,held_fold
ISIC_3146074,0,0.0018328957,held_fold
ISIC_3147179,0,0.0049468754,held_fold
ISIC_3149717,0,0.008401187,held_fold
ISIC_3152572,0,0.00083820935,held_fold
ISIC_3154716,0,0.0058468087,held_fold
ISIC_3157046,0,0.0015884277,held_fold
ISIC_3157385,0,0.0017460022,held_fold
ISIC_3157921,0,0.0007054308,held_fold
ISIC_3160147,0,0.03354708,held_fold
ISIC_3160224,0,0.0008622803,held_fold
ISIC_3161358,0,0.021665059,held_fold
ISIC_3161477,0,0.0031442165,held_fold
ISIC_3163216,0,0.000678462,held_fold
ISIC_3165198,0,0.019218205,held_fold
ISIC_3166276,0,0.0039592506,held_fold
ISIC_3172196,0,0.008821547,held_fold
ISIC_3172815,0,0.28196338,held_fold
ISIC_3173007,0,0.0018115479,held_fold
ISIC_3175723,0,0.0015847237,held_fold
ISIC_3176296,0,0.0020800706,held_fold
ISIC_3176566,0,0.010928486,held_fold
ISIC_3180108,0,0.0039663087,held_fold
ISIC_3180138,0,0.0006026168,held_fold
ISIC_3181358,0,0.0009342239,held_fold
ISIC_3182075,0,0.0017362522,held_fold
ISIC_3183653,0,0.005583692,held_fold
ISIC_3185524,0,0.003813994,held_fold
ISIC_3186625,0,0.07290019,held_fold
ISIC_3187746,0,0.0008528884,held_fold
ISIC_3188758,0,0.0008264108,held_fold
ISIC_3189075,0,0.0021729378,held_fold
ISIC_3190790,0,0.00092304556,held_fold
ISIC_3191602,0,0.0005799942,held_fold
ISIC_3191646,0,0.006858592,held_fold
ISIC_3196630,0,0.027798677,held_fold
ISIC_3199821,0,0.016834864,held_fold
ISIC_3202724,0,0.0013265243,held_fold
ISIC_3203303,0,0.004948223,held_fold
ISIC_3204621,0,0.049261168,held_fold
ISIC_3206207,0,0.008624769,held_fold
ISIC_3209363,0,0.002126119,held_fold
ISIC_3209456,0,0.0020197115,held_fold
ISIC_3211631,0,0.0025796709,held_fold
ISIC_3211915,0,0.0020585174,held_fold
ISIC_3212050,0,0.004364323,held_fold
ISIC_3215397,0,0.0049611693,held_fold
ISIC_3217658,0,0.0066229966,held_fold
ISIC_3218245,0,0.021376543,held_fold
ISIC_3220970,0,0.005504398,held_fold
ISIC_3223762,0,0.0016937266,held_fold
ISIC_3224181,0,0.0039663217,held_fold
ISIC_3224643,0,0.0028384014,held_fold
ISIC_3224794,0,0.0009544521,held_fold
ISIC_3225754,0,0.0030178463,held_fold
ISIC_3226667,0,0.047546208,held_fold
ISIC_3228015,0,0.01632336,held_fold
ISIC_3229171,0,0.0011669758,held_fold
ISIC_3229755,0,0.00533346,held_fold
ISIC_3230630,0,0.0010783416,held_fold
ISIC_3232329,0,0.015401404,held_fold
ISIC_3235868,0,0.0017684888,held_fold
ISIC_3236964,0,0.0040607722,held_fold
ISIC_3242282,0,0.00069037796,held_fold
ISIC_3244067,1,0.008265365,held_fold
ISIC_3246752,0,0.0008460177,held_fold
ISIC_3250584,0,0.040010702,held_fold
ISIC_3251421,0,0.0005991737,held_fold
ISIC_3251951,0,0.00444918,held_fold
ISIC_3252522,0,0.016251659,held_fold
ISIC_3253484,1,0.04381882,held_fold
ISIC_3256966,0,0.011831894,held_fold
ISIC_3258598,0,0.03928619,held_fold
ISIC_3259494,0,0.003939933,held_fold
ISIC_3260068,0,0.0026395319,held_fold
ISIC_3260211,0,0.0018080772,held_fold
ISIC_3260549,0,0.0034829096,held_fold
ISIC_3260571,0,0.0019465957,held_fold
ISIC_3260649,0,0.0032118522,held_fold
ISIC_3262153,0,0.011927334,held_fold
ISIC_3264124,0,0.0048785256,held_fold
ISIC_3266797,0,0.015087813,held_fold
ISIC_3267259,0,0.0011116661,held_fold
ISIC_3269018,0,0.00805118,held_fold
ISIC_3270588,0,0.018110262,held_fold
ISIC_3272470,0,0.0002795327,held_fold
ISIC_3273115,0,0.02294925,held_fold
ISIC_3277722,0,0.009090998,held_fold
ISIC_3279911,0,0.0022157256,held_fold
ISIC_3287807,0,0.0015279666,held_fold
ISIC_3288342,0,0.0006319872,held_fold
ISIC_3292915,0,0.0028226504,held_fold
ISIC_3296079,0,0.00067073526,held_fold
ISIC_3298596,0,0.00045242778,held_fold
ISIC_3299433,0,0.0012191178,held_fold
ISIC_3300710,0,0.0039059045,held_fold
ISIC_3301164,0,0.009329075,held_fold
ISIC_3302126,0,0.0012478628,held_fold
ISIC_3305468,0,0.005639349,held_fold
ISIC_3308635,0,0.0035233113,held_fold
ISIC_3310625,0,0.0008273768,held_fold
ISIC_3310739,0,0.00091420725,held_fold
ISIC_3314853,0,0.0022331805,held_fold
ISIC_3315713,0,0.009397508,held_fold
ISIC_3316641,0,0.005001442,held_fold
ISIC_3316688,0,0.0045517604,held_fold
ISIC_3318860,0,0.0022181028,held_fold
ISIC_3324479,0,0.0021038502,held_fold
ISIC_3326704,0,0.0077331234,held_fold
ISIC_3331533,0,0.011514084,held_fold
ISIC_3332207,0,0.053414054,held_fold
ISIC_3332756,0,0.0030895702,held_fold
ISIC_3341471,0,0.0059636096,held_fold
ISIC_3341710,1,0.3126547,held_fold
ISIC_3341994,0,0.0422095,held_fold
ISIC_3342067,0,0.003160694,held_fold
ISIC_3342276,0,0.008880269,held_fold
ISIC_3345230,0,0.0027515315,held_fold
ISIC_3348086,0,0.0077174385,held_fold
ISIC_3348306,0,0.0013393271,held_fold
ISIC_3349107,0,0.0020739203,held_fold
ISIC_3350052,0,0.0075108614,held_fold
ISIC_3351880,0,0.0024734195,held_fold
ISIC_3354831,0,0.0015350474,held_fold
ISIC_3358896,0,0.0009891669,held_fold
ISIC_3361126,0,0.007445116,held_fold
ISIC_3361690,0,0.0014692498,held_fold
ISIC_3365320,0,0.0073924228,held_fold
ISIC_3365692,0,0.0006361403,held_fold
ISIC_3370255,0,0.00053708925,held_fold
ISIC_3375921,0,0.002270204,held_fold
ISIC_3377082,0,0.0028478166,held_fold
ISIC_3377282,0,0.0015162245,held_fold
ISIC_3378194,0,0.0029333404,held_fold
ISIC_3380212,0,0.016306233,held_fold
ISIC_3382231,0,0.017629782,held_fold
ISIC_3383330,0,0.005710262,held_fold
ISIC_3389740,0,0.002162076,held_fold
ISIC_3395488,0,0.009940009,held_fold
ISIC_3397583,0,0.0046938253,held_fold
ISIC_3397764,0,0.039759383,held_fold
ISIC_3399603,0,0.008425848,held_fold
ISIC_3403144,0,0.0016331646,held_fold
ISIC_3406319,0,0.0010356575,held_fold
ISIC_3407960,0,0.02051935,held_fold
ISIC_3408080,0,0.005764932,held_fold
ISIC_3408231,1,0.017653087,held_fold
ISIC_3408383,0,0.0007448995,held_fold
ISIC_3410530,0,0.0045658625,held_fold
ISIC_3413657,0,0.0053459886,held_fold
ISIC_3415967,0,0.0021306379,held_fold
ISIC_3416107,1,0.06832794,held_fold
ISIC_3416130,0,0.0012127766,held_fold
ISIC_3420287,0,0.0015603818,held_fold
ISIC_3420831,0,0.033680785,held_fold
ISIC_3424154,0,0.005514818,held_fold
ISIC_3424207,0,0.009745892,held_fold
ISIC_3424634,0,0.0008289108,held_fold
ISIC_3425388,0,0.008275464,held_fold
ISIC_3425896,0,0.006309911,held_fold
ISIC_3426857,0,0.004361336,held_fold
ISIC_3428559,0,0.0064263917,held_fold
ISIC_3428894,0,0.00078861223,held_fold
ISIC_3429014,0,0.0013257519,held_fold
ISIC_3429552,0,0.01209965,held_fold
ISIC_3429860,0,0.036608275,held_fold
ISIC_3431064,0,0.016908627,held_fold
ISIC_3432318,0,0.0023181967,held_fold
ISIC_3434670,0,0.005685516,held_fold
ISIC_3435747,0,0.00079385017,held_fold
ISIC_3440002,0,0.0007723255,held_fold
ISIC_3441196,0,0.0015423718,held_fold
ISIC_3441698,0,0.004130628,held_fold
ISIC_3443898,0,0.00050776335,held_fold
ISIC_3444221,0,0.0054812706,held_fold
ISIC_3446591,0,0.0075166514,held_fold
ISIC_3448409,0,0.002409132,held_fold
ISIC_3449079,0,0.0005481351,held_fold
ISIC_3453060,0,0.0019997698,held_fold
ISIC_3456094,0,0.002003138,held_fold
ISIC_3464226,0,0.009966547,held_fold
ISIC_3469260,0,0.01970444,held_fold
ISIC_3469442,0,0.00067911146,held_fold
ISIC_3470824,0,0.012886959,held_fold
ISIC_3474609,0,0.0016395928,held_fold
ISIC_3479948,0,0.011577422,held_fold
ISIC_3481509,0,0.03000717,held_fold
ISIC_3484722,0,0.007429895,held_fold
ISIC_3485300,0,0.0019243466,held_fold
ISIC_3485482,0,0.008254085,held_fold
ISIC_3485557,0,0.0012737085,held_fold
ISIC_3488556,0,0.0031973638,held_fold
ISIC_3489630,0,0.011470765,held_fold
ISIC_3492490,0,0.023852559,held_fold
ISIC_3493050,0,0.0019150594,held_fold
ISIC_3496369,0,0.011811657,held_fold
ISIC_3497346,0,0.008764063,held_fold
ISIC_3498983,0,0.013179664,held_fold
ISIC_3499071,0,0.021031396,held_fold
ISIC_3501271,0,0.0011630739,held_fold
ISIC_3502577,0,0.001781573,held_fold
ISIC_3507444,0,0.04559591,held_fold
ISIC_3507446,0,0.0021002295,held_fold
ISIC_3508192,0,0.03339067,held_fold
ISIC_3509250,0,0.00035562622,held_fold
ISIC_3509838,0,0.0023858198,held_fold
ISIC_3510941,0,0.025716275,held_fold
ISIC_3513367,0,0.013329888,held_fold
ISIC_3520591,0,0.007608595,held_fold
ISIC_3521736,0,0.0025364908,held_fold
ISIC_3521744,0,0.008237013,held_fold
ISIC_3522342,0,0.0013120882,held_fold
ISIC_3523476,0,0.0010589145,held_fold
ISIC_3524546,0,0.0022590496,held_fold
ISIC_3526017,0,0.0010306456,held_fold
ISIC_3526122,0,0.013428728,held_fold
ISIC_3529572,0,0.35917735,held_fold
ISIC_3529778,0,0.0007289366,held_fold
ISIC_3529922,0,0.0009147552,held_fold
ISIC_3530337,0,0.012650647,held_fold
ISIC_3534633,0,0.0052012145,held_fold
ISIC_3535007,0,0.0037777957,held_fold
ISIC_3536858,0,0.0015253389,held_fold
ISIC_3537768,0,0.0030613132,held_fold
ISIC_3543244,0,0.0042738556,held_fold
ISIC_3548927,0,0.023111187,held_fold
ISIC_3549384,0,0.003774257,held_fold
ISIC_3549984,0,0.0053384197,held_fold
ISIC_3550939,0,0.0011471709,held_fold
ISIC_3552245,0,0.057171658,held_fold
ISIC_3556190,0,0.05164454,held_fold
ISIC_3556200,0,0.0007355034,held_fold
ISIC_3556980,0,0.0005334185,held_fold
ISIC_3558634,0,0.0062725414,held_fold
ISIC_3559222,0,0.0013153608,held_fold
ISIC_3560466,0,0.01037976,held_fold
ISIC_3561065,1,0.021299334,held_fold
ISIC_3561857,0,0.0007690598,held_fold
ISIC_3563234,0,0.004205603,held_fold
ISIC_3564263,0,0.0088771,held_fold
ISIC_3564897,0,0.0062693497,held_fold
ISIC_3567352,0,0.009657252,held_fold
ISIC_3569794,0,0.0022125863,held_fold
ISIC_3571523,0,0.0006937403,held_fold
ISIC_3575777,0,0.04294197,held_fold
ISIC_3578186,0,0.010237062,held_fold
ISIC_3579477,0,0.0061947512,held_fold
ISIC_3579853,0,0.0029436117,held_fold
ISIC_3586480,0,0.0005071314,held_fold
ISIC_3586824,0,0.0011380283,held_fold
ISIC_3590167,1,0.007703126,held_fold
ISIC_3592731,0,0.019040918,held_fold
ISIC_3593240,0,0.00069404446,held_fold
ISIC_3593382,0,0.004284154,held_fold
ISIC_3593988,0,0.0010967253,held_fold
ISIC_3594764,0,0.0013057926,held_fold
ISIC_3594774,0,0.014225127,held_fold
ISIC_3595825,0,0.0058630733,held_fold
ISIC_3595918,0,0.0037579925,held_fold
ISIC_3596219,0,0.0013973481,held_fold
ISIC_3597277,0,0.00076387485,held_fold
ISIC_3597812,0,0.0010156096,held_fold
ISIC_3597870,0,0.0046425485,held_fold
ISIC_3598604,0,0.0024426465,held_fold
ISIC_3599489,0,0.011921018,held_fold
ISIC_3599724,0,0.002253608,held_fold
ISIC_3601052,0,0.00091285206,held_fold
ISIC_3601493,0,0.007642807,held_fold
ISIC_3603228,0,0.0027754256,held_fold
ISIC_3603704,0,0.00047812177,held_fold
ISIC_3604100,0,0.00037942742,held_fold
ISIC_3604975,0,0.0006774734,held_fold
ISIC_3608670,0,0.005885076,held_fold
ISIC_3609265,0,0.019360622,held_fold
ISIC_3609379,0,0.007522402,held_fold
ISIC_3613012,0,0.00092317665,held_fold
ISIC_3621887,0,0.030860228,held_fold
ISIC_3622949,0,0.023123056,held_fold
ISIC_3623868,0,0.043430947,held_fold
ISIC_3624069,0,0.002255187,held_fold
ISIC_3627732,0,0.002140574,held_fold
ISIC_3628451,0,0.013898071,held_fold
ISIC_3628831,0,0.011576129,held_fold
ISIC_3631165,0,0.001327806,held_fold
ISIC_3633227,0,0.0009740249,held_fold
ISIC_3633306,0,0.006940738,held_fold
ISIC_3633436,0,0.0006714967,held_fold
ISIC_3633707,0,0.014304997,held_fold
ISIC_3635014,0,0.0016763477,held_fold
ISIC_3635280,0,0.004162813,held_fold
ISIC_3642011,0,0.0024969594,held_fold
ISIC_3646670,0,0.0013677679,held_fold
ISIC_3649632,0,0.0007403889,held_fold
ISIC_3650533,0,0.00829161,held_fold
ISIC_3651451,0,0.000954463,held_fold
ISIC_3652884,0,0.0007308243,held_fold
ISIC_3653733,0,0.0030130108,held_fold
ISIC_3657135,0,0.0075973584,held_fold
ISIC_3657386,0,0.00059316604,held_fold
ISIC_3658449,0,0.0011242824,held_fold
ISIC_3659906,0,0.0011753887,held_fold
ISIC_3662678,0,0.0037461554,held_fold
ISIC_3665298,0,0.0017594444,held_fold
ISIC_3669736,0,0.003880049,held_fold
ISIC_3670261,0,0.008608741,held_fold
ISIC_3671169,0,0.0023283418,held_fold
ISIC_3671274,0,0.0088660605,held_fold
ISIC_3673517,0,0.02089113,held_fold
ISIC_3678586,0,0.0036179535,held_fold
ISIC_3678595,0,0.021450723,held_fold
ISIC_3682700,0,0.0010728223,held_fold
ISIC_3686179,0,0.03653776,held_fold
ISIC_3686815,0,0.0005849414,held_fold
ISIC_3687263,0,0.001085007,held_fold
ISIC_3688362,0,0.0015707869,held_fold
ISIC_3688410,0,0.0067684585,held_fold
ISIC_3691714,0,0.01308377,held_fold
ISIC_3692092,0,0.020774508,held_fold
ISIC_3692753,0,0.0013391504,held_fold
ISIC_3692776,0,0.02697607,held_fold
ISIC_3692952,0,0.011294478,held_fold
ISIC_3693018,0,0.002806082,held_fold
ISIC_3693367,0,0.00900754,held_fold
ISIC_3693934,0,0.0006909285,held_fold
ISIC_3694619,0,0.0045875725,held_fold
ISIC_3695635,0,0.00055962184,held_fold
ISIC_3700360,0,0.06621391,held_fold
ISIC_3700928,0,0.008360905,held_fold
ISIC_3701887,0,0.00084191357,held_fold
ISIC_3702454,0,0.0016980681,held_fold
ISIC_3702724,0,0.009174307,held_fold
ISIC_3706973,0,0.017765116,held_fold
ISIC_3709724,0,0.021010028,held_fold
ISIC_3716384,0,0.0052075745,held_fold
ISIC_3716504,0,0.0028159115,held_fold
ISIC_3717769,0,0.014112366,held_fold
ISIC_3720117,0,0.0010555706,held_fold
ISIC_3721600,0,0.0011010844,held_fold
ISIC_3723065,0,0.013162044,held_fold
ISIC_3724089,0,0.0034641854,held_fold
ISIC_3724491,0,0.015903892,held_fold
ISIC_3727856,0,0.004393373,held_fold
ISIC_3729749,0,0.0049714525,held_fold
ISIC_3729849,0,0.0008523924,held_fold
ISIC_3730507,0,0.024015285,held_fold
ISIC_3734724,0,0.008588392,held_fold
ISIC_3734966,0,0.027431736,held_fold
ISIC_3735143,0,0.001979662,held_fold
ISIC_3737739,0,0.0013081278,held_fold
ISIC_3738157,0,0.023116797,held_fold
ISIC_3740449,0,0.0010366578,held_fold
ISIC_3740798,0,0.013459698,held_fold
ISIC_3742028,0,0.009061201,held_fold
ISIC_3742633,0,0.0006002545,held_fold
ISIC_3746471,0,0.0009803548,held_fold
ISIC_3746922,0,0.00083972147,held_fold
ISIC_3747575,0,0.0005049009,held_fold
ISIC_3749320,0,0.010539692,held_fold
ISIC_3753216,0,0.008718799,held_fold
ISIC_3754247,0,0.012856998,held_fold
ISIC_3754466,0,0.0023708683,held_fold
ISIC_3757400,0,0.0023837858,held_fold
ISIC_3760018,0,0.009123374,held_fold
ISIC_3760156,0,0.10704513,held_fold
ISIC_3760796,0,0.0075897328,held_fold
ISIC_3761071,0,0.0012589307,held_fold
ISIC_3762459,0,0.0017817739,held_fold
ISIC_3768097,0,0.0005298289,held_fold
ISIC_3769071,0,0.00181141,held_fold
ISIC_3770380,0,0.00038543166,held_fold
ISIC_3772941,0,0.0012040472,held_fold
ISIC_3777026,0,0.0012498624,held_fold
ISIC_3779093,0,0.00063379016,held_fold
ISIC_3779424,0,0.000989715,held_fold
ISIC_3782451,0,0.002136042,held_fold
ISIC_3783241,0,0.04269887,held_fold
ISIC_3783898,0,0.0020423662,held_fold
ISIC_3784838,0,0.0035960383,held_fold
ISIC_3786438,0,0.00055573304,held_fold
ISIC_3789405,0,0.0015401132,held_fold
ISIC_3791435,0,0.0037974452,held_fold
ISIC_3796594,0,0.0006434446,held_fold
ISIC_3797073,0,0.004409203,held_fold
ISIC_3797573,0,0.020487545,held_fold
ISIC_3800435,0,0.0036070326,held_fold
ISIC_3800470,0,0.0047796182,held_fold
ISIC_3807708,0,0.032248672,held_fold
ISIC_3808007,0,0.0081765875,held_fold
ISIC_3809013,0,0.0012625861,held_fold
ISIC_3810274,0,0.009349237,held_fold
ISIC_3814474,0,0.016581876,held_fold
ISIC_3814807,0,0.003464689,held_fold
ISIC_3816423,0,0.0073067537,held_fold
ISIC_3817719,1,0.06204458,held_fold
ISIC_3820232,0,0.0033165703,held_fold
ISIC_3820533,0,0.0034241092,held_fold
ISIC_3821242,1,0.04662015,held_fold
ISIC_3824206,1,0.041468903,held_fold
ISIC_3825762,0,0.00073335617,held_fold
ISIC_3826602,0,0.00057837233,held_fold
ISIC_3828561,0,0.002742591,held_fold
ISIC_3830701,0,0.0011493908,held_fold
ISIC_3831858,0,0.014847982,held_fold
ISIC_3832462,0,0.018611727,held_fold
ISIC_3833013,0,0.026742885,held_fold
ISIC_3834379,0,0.0024507816,held_fold
ISIC_3835100,0,0.00094610255,held_fold
ISIC_3836174,0,0.012137167,held_fold
ISIC_3844080,0,0.0005946797,held_fold
ISIC_3844151,0,0.0016565527,held_fold
ISIC_3844983,0,0.0007616233,held_fold
ISIC_3846648,0,0.004119191,held_fold
ISIC_3846727,0,0.003426535,held_fold
ISIC_3849316,0,0.0019678748,held_fold
ISIC_3852802,0,0.0069384705,held_fold
ISIC_3856233,0,0.0056232484,held_fold
ISIC_3856926,0,0.0011872251,held_fold
ISIC_3858113,0,0.0027449708,held_fold
ISIC_3858798,0,0.0044968487,held_fold
ISIC_3859068,0,0.016925264,held_fold
ISIC_3863610,0,0.0020527227,held_fold
ISIC_3864842,0,0.003449089,held_fold
ISIC_3865993,0,0.032251492,held_fold
ISIC_3866054,0,0.00056689867,held_fold
ISIC_3866641,0,0.00079648854,held_fold
ISIC_3866946,0,0.004090169,held_fold
ISIC_3871230,0,0.0047630686,held_fold
ISIC_3871414,0,0.025190836,held_fold
ISIC_3871468,0,0.03433145,held_fold
ISIC_3872019,0,0.0024646313,held_fold
ISIC_3877974,0,0.00056066504,held_fold
ISIC_3878213,0,0.033365786,held_fold
ISIC_3880459,0,0.00081898225,held_fold
ISIC_3881573,0,0.0110267615,held_fold
ISIC_3882374,0,0.0010408285,held_fold
ISIC_3882400,0,0.0015832124,held_fold
ISIC_3884285,0,0.0019542722,held_fold
ISIC_3884719,0,0.01789059,held_fold
ISIC_3887465,0,0.013840323,held_fold
ISIC_3888054,0,0.00079138903,held_fold
ISIC_3888070,0,0.0008606665,held_fold
ISIC_3888550,0,0.0020578937,held_fold
ISIC_3888713,0,0.004250093,held_fold
ISIC_3892185,0,0.009462918,held_fold
ISIC_3894224,0,0.024778098,held_fold
ISIC_3906303,0,0.008552216,held_fold
ISIC_3911901,0,0.014941036,held_fold
ISIC_3913561,0,0.0015348764,held_fold
ISIC_3915289,0,0.0017437248,held_fold
ISIC_3916565,0,0.006802507,held_fold
ISIC_3919752,0,0.00073420303,held_fold
ISIC_3931132,0,0.010362004,held_fold
ISIC_3933658,0,0.0016136871,held_fold
ISIC_3942947,0,0.009553636,held_fold
ISIC_3945469,0,0.00063834793,held_fold
ISIC_3945984,0,0.020441422,held_fold
ISIC_3946914,0,0.01018389,held_fold
ISIC_3948041,0,0.00072498526,held_fold
ISIC_3948221,0,0.00207747,held_fold
ISIC_3948344,0,0.0069514806,held_fold
ISIC_3950408,0,0.0006830378,held_fold
ISIC_3950474,0,0.015808744,held_fold
ISIC_3950753,0,0.0011151301,held_fold
ISIC_3951677,0,0.025755731,held_fold
ISIC_3951907,0,0.05724327,held_fold
ISIC_3952030,0,0.008789858,held_fold
ISIC_3952709,0,0.0024593556,held_fold
ISIC_3956335,0,0.0030433815,held_fold
ISIC_3956570,0,0.003456372,held_fold
ISIC_3957475,0,0.0027220477,held_fold
ISIC_3958111,0,0.0018579918,held_fold
ISIC_3959262,0,0.004448375,held_fold
ISIC_3959888,0,0.0035983333,held_fold
ISIC_3961101,0,0.001040548,held_fold
ISIC_3963183,1,0.060907997,held_fold
ISIC_3965872,0,0.0012660531,held_fold
ISIC_3966717,0,0.0039824178,held_fold
ISIC_3971712,0,0.00059599726,held_fold
ISIC_3971920,0,0.004243426,held_fold
ISIC_3972249,0,0.0395089,held_fold
ISIC_3972569,0,0.0021045543,held_fold
ISIC_3975133,0,0.0020815877,held_fold
ISIC_3975143,0,0.012904799,held_fold
ISIC_3975294,0,0.0015487833,held_fold
ISIC_3975427,0,0.000364994,held_fold
ISIC_3975743,0,0.021155663,held_fold
ISIC_3976718,0,0.0009798136,held_fold
ISIC_3978040,0,0.0011871097,held_fold
ISIC_3978732,0,0.0010276616,held_fold
ISIC_3979323,0,0.026535358,held_fold
ISIC_3981900,0,0.0009036151,held_fold
ISIC_3985273,0,0.0008804012,held_fold
ISIC_3990092,0,0.00095624884,held_fold
ISIC_3990124,0,0.003918006,held_fold
ISIC_3992201,0,0.02351449,held_fold
ISIC_3997331,0,0.010183246,held_fold
ISIC_3998204,0,0.007339661,held_fold
ISIC_3998579,0,0.010096246,held_fold
ISIC_4003877,0,0.0014238647,held_fold
ISIC_4015361,0,0.0004799192,held_fold
ISIC_4015764,0,0.00062176725,held_fold
ISIC_4022642,0,0.009623326,held_fold
ISIC_4024333,0,0.0026143156,held_fold
ISIC_4026943,0,0.0031778642,held_fold
ISIC_4032638,0,0.0014585222,held_fold
ISIC_4039290,0,0.008301598,held_fold
ISIC_4042947,0,0.005693865,held_fold
ISIC_4043580,0,0.0011781675,held_fold
ISIC_4045231,0,0.008301685,held_fold
ISIC_4046045,0,0.0030913595,held_fold
ISIC_4047707,0,0.065755256,held_fold
ISIC_4048449,0,0.00053699507,held_fold
ISIC_4048509,0,0.0014459786,held_fold
ISIC_4049598,0,0.0038908971,held_fold
ISIC_4049855,0,0.0014242234,held_fold
ISIC_4050422,0,0.0010224958,held_fold
ISIC_4052597,0,0.0039160196,held_fold
ISIC_4052659,0,0.005886616,held_fold
ISIC_4053220,0,0.0005851223,held_fold
ISIC_4056017,0,0.0073795645,held_fold
ISIC_4056158,0,0.0007671816,held_fold
ISIC_4057501,0,0.00048892765,held_fold
ISIC_4057921,0,0.0030850398,held_fold
ISIC_4063097,0,0.0028091632,held_fold
ISIC_4063390,0,0.004476114,held_fold
ISIC_4064041,0,0.001681205,held_fold
ISIC_4065034,0,0.0067798547,held_fold
ISIC_4065779,0,0.0022821222,held_fold
ISIC_4066013,0,0.003815561,held_fold
ISIC_4066094,0,0.0034145697,held_fold
ISIC_4066314,0,0.0040757568,held_fold
ISIC_4071099,0,0.00082081347,held_fold
ISIC_4072073,0,0.00063166325,held_fold
ISIC_4074537,0,0.0012814264,held_fold
ISIC_4076162,0,0.0010660879,held_fold
ISIC_4077664,0,0.0011698267,held_fold
ISIC_4082318,0,0.012253932,held_fold
ISIC_4082515,0,0.0055225827,held_fold
ISIC_4084359,0,0.0012649068,held_fold
ISIC_4084878,0,0.002531346,held_fold
ISIC_4086323,0,0.0039789556,held_fold
ISIC_4086529,0,0.0016613583,held_fold
ISIC_4090161,0,0.0028242709,held_fold
ISIC_4090811,0,0.000655102,held_fold
ISIC_4092249,0,0.0076324926,held_fold
ISIC_4092478,0,0.0012651405,held_fold
ISIC_4093484,0,0.0006934035,held_fold
ISIC_4094763,0,0.0010626334,held_fold
ISIC_4095559,0,0.0023646825,held_fold
ISIC_4098925,0,0.0011937114,held_fold
ISIC_4099428,0,0.008997568,held_fold
ISIC_4100970,0,0.0019645407,held_fold
ISIC_4102250,0,0.00045424228,held_fold
ISIC_4103653,0,0.0010359772,held_fold
ISIC_4104378,0,0.024076406,held_fold
ISIC_4109725,0,0.025999665,held_fold
ISIC_4110997,0,0.0061622253,held_fold
ISIC_4112392,0,0.0030205674,held_fold
ISIC_4112409,0,0.00064192706,held_fold
ISIC_4113246,0,0.013303454,held_fold
ISIC_4116553,0,0.03187062,held_fold
ISIC_4118525,0,0.0025705805,held_fold
ISIC_4120704,0,0.006932126,held_fold
ISIC_4123007,0,0.0011439115,held_fold
ISIC_4124060,0,0.0021724158,held_fold
ISIC_4127016,0,0.0016576113,held_fold
ISIC_4127065,0,0.0029077912,held_fold
ISIC_4129321,0,0.0065232287,held_fold
ISIC_4129443,0,0.02347739,held_fold
ISIC_4129493,0,0.002639572,held_fold
ISIC_4135058,0,0.0010691707,held_fold
ISIC_4136663,0,0.0007633574,held_fold
ISIC_4137198,0,0.012014865,held_fold
ISIC_4140008,0,0.0035660216,held_fold
ISIC_4141898,0,0.0007916749,held_fold
ISIC_4142019,0,0.0011237046,held_fold
ISIC_4143831,0,0.010571012,held_fold
ISIC_4145671,0,0.0031064376,held_fold
ISIC_4147166,0,0.01258409,held_fold
ISIC_4147328,0,0.00084081,held_fold
ISIC_4150885,0,0.0009202325,held_fold
ISIC_4152689,0,0.0071164607,held_fold
ISIC_4155471,0,0.00092623295,held_fold
ISIC_4156010,0,0.0009309652,held_fold
ISIC_4157955,0,0.0035328467,held_fold
ISIC_4158555,0,0.0011791576,held_fold
ISIC_4159272,0,0.0010461959,held_fold
ISIC_4160773,0,0.02615158,held_fold
ISIC_4163930,0,0.000623953,held_fold
ISIC_4164955,0,0.025812875,held_fold
ISIC_4166364,0,0.0010547373,held_fold
ISIC_4167053,0,0.009705735,held_fold
ISIC_4170698,1,0.030733377,held_fold
ISIC_4172470,0,0.0006258723,held_fold
ISIC_4174479,0,0.002385357,held_fold
ISIC_4174614,0,0.01203031,held_fold
ISIC_4174983,0,0.0049394146,held_fold
ISIC_4181595,0,0.010428465,held_fold
ISIC_4181628,0,0.01509057,held_fold
ISIC_4187393,0,0.010555354,held_fold
ISIC_4187485,0,0.017755732,held_fold
ISIC_4190595,0,0.001059682,held_fold
ISIC_4190900,0,0.0100605665,held_fold
ISIC_4191094,0,0.030465636,held_fold
ISIC_4191215,0,0.009655683,held_fold
ISIC_4191363,0,0.0012010215,held_fold
ISIC_4192383,0,0.0014598896,held_fold
ISIC_4195837,0,0.00087454973,held_fold
ISIC_4196596,0,0.0018428838,held_fold
ISIC_4200081,0,0.0014728262,held_fold
ISIC_4205242,0,0.028352125,held_fold
ISIC_4209411,0,0.0005301413,held_fold
ISIC_4210857,0,0.0014844643,held_fold
ISIC_4211868,0,0.0013987622,held_fold
ISIC_4212259,0,0.004057541,held_fold
ISIC_4216169,0,0.005219261,held_fold
ISIC_4220279,0,0.016692357,held_fold
ISIC_4220326,0,0.0028400521,held_fold
ISIC_4222616,0,0.005065121,held_fold
ISIC_4223575,0,0.023631921,held_fold
ISIC_4227209,0,0.0046124193,held_fold
ISIC_4227377,0,0.003261287,held_fold
ISIC_4228971,0,0.0027248634,held_fold
ISIC_4231346,0,0.0052309576,held_fold
ISIC_4232172,0,0.0032443732,held_fold
ISIC_4237064,0,0.0010025105,held_fold
ISIC_4237725,0,0.00056010694,held_fold
ISIC_4241286,0,0.011804279,held_fold
ISIC_4243470,0,0.0142587405,held_fold
ISIC_4243801,0,0.0022601914,held_fold
ISIC_4245634,0,0.0038662418,held_fold
ISIC_4247917,0,0.01549467,held_fold
ISIC_4248187,0,0.0009674988,held_fold
ISIC_4249243,0,0.0010596914,held_fold
ISIC_4253348,0,0.0011779503,held_fold
ISIC_4254687,0,0.0019959651,held_fold
ISIC_4255013,0,0.0006290013,held_fold
ISIC_4257634,0,0.0032080272,held_fold
ISIC_4259290,0,0.11821631,held_fold
ISIC_4262670,0,0.0010698437,held_fold
ISIC_4264422,0,0.00073250406,held_fold
ISIC_4265307,0,0.024874873,held_fold
ISIC_4266533,1,0.0101904385,held_fold
ISIC_4270163,0,0.0070084394,held_fold
ISIC_4271110,0,0.0015691471,held_fold
ISIC_4277163,0,0.0024915212,held_fold
ISIC_4281745,0,0.015379682,held_fold
ISIC_4282783,0,0.0015536863,held_fold
ISIC_4285297,0,0.0037506516,held_fold
ISIC_4287463,0,0.001165651,held_fold
ISIC_4288709,0,0.0012190668,held_fold
ISIC_4289345,0,0.0018926123,held_fold
ISIC_4289906,0,0.00068926037,held_fold
ISIC_4294705,0,0.00085881265,held_fold
ISIC_4300983,0,0.010681582,held_fold
ISIC_4301050,0,0.0038007929,held_fold
ISIC_4301302,0,0.008465924,held_fold
ISIC_4301919,0,0.0039648283,held_fold
ISIC_4303228,0,0.0023238813,held_fold
ISIC_4304068,0,0.00377981,held_fold
ISIC_4309183,0,0.0012757988,held_fold
ISIC_4310834,0,0.004523295,held_fold
ISIC_4311544,0,0.042350587,held_fold
ISIC_4311592,0,0.019965589,held_fold
ISIC_4312470,0,0.010036263,held_fold
ISIC_4312804,0,0.0027940536,held_fold
ISIC_4314577,0,0.0042897533,held_fold
ISIC_4316501,0,0.0011144388,held_fold
ISIC_4319859,0,0.0007896169,held_fold
ISIC_4319945,0,0.0011807684,held_fold
ISIC_4320200,0,0.0015146127,held_fold
ISIC_4321815,0,0.0034645095,held_fold
ISIC_4322822,0,0.0020283328,held_fold
ISIC_4323160,0,0.0018115599,held_fold
ISIC_4323391,0,0.00068547606,held_fold
ISIC_4325003,0,0.0005653428,held_fold
ISIC_4327046,0,0.011357976,held_fold
ISIC_4327358,0,0.0008948015,held_fold
ISIC_4327535,0,0.0030612187,held_fold
ISIC_4329598,0,0.025441924,held_fold
ISIC_4330796,0,0.00074169034,held_fold
ISIC_4331481,0,0.03529468,held_fold
ISIC_4331936,0,0.00088370783,held_fold
ISIC_4332771,0,0.03015754,held_fold
ISIC_4335758,0,0.009623268,held_fold
ISIC_4336409,0,0.01648598,held_fold
ISIC_4338927,0,0.019507123,held_fold
ISIC_4340139,0,0.0031303135,held_fold
ISIC_4340509,0,0.009671115,held_fold
ISIC_4341875,0,0.007586028,held_fold
ISIC_4342416,0,0.13655204,held_fold
ISIC_4343129,0,0.0079895025,held_fold
ISIC_4343552,0,0.00081381545,held_fold
ISIC_4343836,0,0.001462653,held_fold
ISIC_4344540,0,0.0019079491,held_fold
ISIC_4345015,0,0.022156661,held_fold
ISIC_4347590,0,0.000537861,held_fold
ISIC_4348896,0,0.0027623575,held_fold
ISIC_4349418,0,0.020955078,held_fold
ISIC_4350924,0,0.004424528,held_fold
ISIC_4351077,0,0.011340833,held_fold
ISIC_4351248,0,0.049840167,held_fold
ISIC_4351814,0,0.007656769,held_fold
ISIC_4352700,0,0.0394682,held_fold
ISIC_4355518,0,0.0034942778,held_fold
ISIC_4357596,0,0.013215009,held_fold
ISIC_4358017,0,0.016533108,held_fold
ISIC_4360127,0,0.0010620606,held_fold
ISIC_4363398,0,0.00085001026,held_fold
ISIC_4364788,0,0.0010103013,held_fold
ISIC_4365093,0,0.008767572,held_fold
ISIC_4366175,0,0.0006341487,held_fold
ISIC_4366213,0,0.0011717003,held_fold
ISIC_4369035,0,0.00062280515,held_fold
ISIC_4369062,0,0.0004338405,held_fold
ISIC_4373563,0,0.0011762421,held_fold
ISIC_4375524,0,0.0018484592,held_fold
ISIC_4377193,0,0.016302088,held_fold
ISIC_4378851,0,0.0020192012,held_fold
ISIC_4379502,0,0.0033216148,held_fold
ISIC_4380268,0,0.001072927,held_fold
ISIC_4381427,0,0.0016715388,held_fold
ISIC_4389708,0,0.0009382479,held_fold
ISIC_4391894,0,0.006851548,held_fold
ISIC_4393704,0,0.010852686,held_fold
ISIC_4393733,0,0.020604374,held_fold
ISIC_4397068,0,0.001414224,held_fold
ISIC_4397755,0,0.00076695206,held_fold
ISIC_4400140,0,0.0153464945,held_fold
ISIC_4404036,0,0.051581953,held_fold
ISIC_4405986,0,0.0013127682,held_fold
ISIC_4409067,0,0.0069516315,held_fold
ISIC_4410725,0,0.02337013,held_fold
ISIC_4412821,0,0.014239088,held_fold
ISIC_4415049,0,0.14240351,held_fold
ISIC_4417295,0,0.0045328746,held_fold
ISIC_4419522,0,0.020722695,held_fold
ISIC_4419720,0,0.036765918,held_fold
ISIC_4420727,0,0.010032995,held_fold
ISIC_4420952,0,0.021264955,held_fold
ISIC_4422476,0,0.0040001543,held_fold
ISIC_4422580,0,0.0021764848,held_fold
ISIC_4425604,0,0.0009941908,held_fold
ISIC_4428649,0,0.0009144346,held_fold
ISIC_4428769,0,0.035641618,held_fold
ISIC_4431715,0,0.00070430187,held_fold
ISIC_4434221,0,0.0015639681,held_fold
ISIC_4435262,0,0.005997154,held_fold
ISIC_4436649,0,0.05653394,held_fold
ISIC_4438311,0,0.004390758,held_fold
ISIC_4439054,1,0.15342498,held_fold
ISIC_4441648,0,0.015806979,held_fold
ISIC_4442506,0,0.0028840343,held_fold
ISIC_4445501,0,0.018930426,held_fold
ISIC_4448257,0,0.000981746,held_fold
ISIC_4448341,0,0.0026801813,held_fold
ISIC_4451735,0,0.0027560191,held_fold
ISIC_4457552,0,0.0012406578,held_fold
ISIC_4459125,0,0.0007403088,held_fold
ISIC_4462476,0,0.0075353323,held_fold
ISIC_4462621,0,0.0024744645,held_fold
ISIC_4464311,0,0.004349362,held_fold
ISIC_4464702,0,0.0014534765,held_fold
ISIC_4468474,0,0.009248436,held_fold
ISIC_4470574,0,0.0010408156,held_fold
ISIC_4473124,0,0.0065233707,held_fold
ISIC_4474170,0,0.010120987,held_fold
ISIC_4474341,0,0.001095127,held_fold
ISIC_4474899,0,0.0022733642,held_fold
ISIC_4477916,0,0.0007201662,held_fold
ISIC_4478276,0,0.05017873,held_fold
ISIC_4481362,0,0.00070421095,held_fold
ISIC_4481684,0,0.025208695,held_fold
ISIC_4485854,0,0.002081854,held_fold
ISIC_4487036,0,0.0039409404,held_fold
ISIC_4487743,0,0.0069074477,held_fold
ISIC_4488579,0,0.04133431,held_fold
ISIC_4494516,0,0.0015737473,held_fold
ISIC_4495092,0,0.00082284247,held_fold
ISIC_4496665,0,0.0003135366,held_fold
ISIC_4497373,0,0.0063198092,held_fold
ISIC_4500503,0,0.004649519,held_fold
ISIC_4501838,0,0.0045680995,held_fold
ISIC_4502420,0,0.023557464,held_fold
ISIC_4505178,0,0.019886917,held_fold
ISIC_4508878,1,0.14524809,held_fold
ISIC_4509525,0,0.0016905303,held_fold
ISIC_4510342,0,0.0031575614,held_fold
ISIC_4513934,0,0.00059416133,held_fold
ISIC_4516137,0,0.0048222127,held_fold
ISIC_4516437,0,0.0010660238,held_fold
ISIC_4516835,0,0.011089576,held_fold
ISIC_4517595,0,0.012185963,held_fold
ISIC_4517738,1,0.043975268,held_fold
ISIC_4518003,0,0.0064074937,held_fold
ISIC_4518384,0,0.003567009,held_fold
ISIC_4520704,0,0.008072877,held_fold
ISIC_4521482,0,0.0016382344,held_fold
ISIC_4523565,0,0.0042394204,held_fold
ISIC_4523750,0,0.0022669858,held_fold
ISIC_4524900,0,0.015960269,held_fold
ISIC_4525463,0,0.0027664418,held_fold
ISIC_4525721,0,0.001921836,held_fold
ISIC_4527661,0,0.0017548148,held_fold
ISIC_4528140,0,0.0005609588,held_fold
ISIC_4529168,0,0.0034257127,held_fold
ISIC_4530249,0,0.0009651387,held_fold
ISIC_4530871,0,0.0013435839,held_fold
ISIC_4531585,0,0.0011214439,held_fold
ISIC_4532667,0,0.0008304604,held_fold
ISIC_4533487,0,0.002420163,held_fold
ISIC_4535125,0,0.00083064084,held_fold
ISIC_4536154,0,0.00042926226,held_fold
ISIC_4536635,0,0.011355963,held_fold
ISIC_4536982,0,0.0013576094,held_fold
ISIC_4538661,0,0.0012248462,held_fold
ISIC_4539674,0,0.0006084501,held_fold
ISIC_4543944,0,0.004123375,held_fold
ISIC_4545112,0,0.012839411,held_fold
ISIC_4547141,0,0.01830835,held_fold
ISIC_4549059,0,0.0010069909,held_fold
ISIC_4551082,0,0.0024691608,held_fold
ISIC_4553390,0,0.00094881793,held_fold
ISIC_4559397,0,0.018304665,held_fold
ISIC_4560585,0,0.009413678,held_fold
ISIC_4561874,0,0.003867693,held_fold
ISIC_4567730,0,0.0020529062,held_fold
ISIC_4568022,0,0.0013319725,held_fold
ISIC_4568565,0,0.0009932716,held_fold
ISIC_4570724,0,0.0029832288,held_fold
ISIC_4571687,0,0.007793575,held_fold
ISIC_4573256,0,0.2759492,held_fold
ISIC_4576725,0,0.0069583305,held_fold
ISIC_4577414,0,0.0003752545,held_fold
ISIC_4578194,0,0.0022137172,held_fold
ISIC_4580458,0,0.0006155505,held_fold
ISIC_4580926,0,0.00083688257,held_fold
ISIC_4582670,0,0.0041434057,held_fold
ISIC_4583929,0,0.0009820355,held_fold
ISIC_4584265,1,0.00515308,held_fold
ISIC_4584794,0,0.039609946,held_fold
ISIC_4588129,0,0.0011630834,held_fold
ISIC_4589123,0,0.0012603572,held_fold
ISIC_4589609,0,0.018594516,held_fold
ISIC_4591316,0,0.00060311897,held_fold
ISIC_4594982,0,0.005785546,held_fold
ISIC_4595856,0,0.0011961045,held_fold
ISIC_4600505,0,0.0008193061,held_fold
ISIC_4600831,0,0.0042000054,held_fold
ISIC_4601297,0,0.00158281,held_fold
ISIC_4601757,0,0.0006952719,held_fold
ISIC_4603706,0,0.0040800073,held_fold
ISIC_4603987,0,0.0012168266,held_fold
ISIC_4606646,0,0.00089532684,held_fold
ISIC_4607215,0,0.004225885,held_fold
ISIC_4608846,0,0.008380636,held_fold
ISIC_4610868,0,0.0018984998,held_fold
ISIC_4612180,0,0.00128962,held_fold
ISIC_4620053,0,0.00827975,held_fold
ISIC_4622069,0,0.0012864978,held_fold
ISIC_4622159,0,0.0032927275,held_fold
ISIC_4623037,0,0.0036512723,held_fold
ISIC_4626633,0,0.008701265,held_fold
ISIC_4631698,0,0.010775551,held_fold
ISIC_4635765,0,0.007661777,held_fold
ISIC_4637454,0,0.00033074056,held_fold
ISIC_4639468,0,0.0027163376,held_fold
ISIC_4641968,0,0.0014883144,held_fold
ISIC_4644299,0,0.0037409817,held_fold
ISIC_4645788,0,0.0010295425,held_fold
ISIC_4645995,0,0.0042182454,held_fold
ISIC_4646413,0,0.0068122465,held_fold
ISIC_4647349,0,0.035115525,held_fold
ISIC_4653073,0,0.011347861,held_fold
ISIC_4654965,0,0.0017943999,held_fold
ISIC_4656184,0,0.0011732465,held_fold
ISIC_4657078,0,0.03408604,held_fold
ISIC_4658144,0,0.007962345,held_fold
ISIC_4663008,0,0.0024955014,held_fold
ISIC_4667223,0,0.0028145108,held_fold
ISIC_4669149,0,0.0009877167,held_fold
ISIC_4669803,0,0.0017359697,held_fold
ISIC_4670089,0,0.0046746777,held_fold
ISIC_4671039,0,0.0008278286,held_fold
ISIC_4671324,0,0.001752616,held_fold
ISIC_4675065,0,0.011572393,held_fold
ISIC_4675269,0,0.0038430896,held_fold
ISIC_4679605,0,0.06835091,held_fold
ISIC_4682498,0,0.0015140012,held_fold
ISIC_4684100,0,0.027767641,held_fold
ISIC_4686274,0,0.008462843,held_fold
ISIC_4686662,0,0.0020932767,held_fold
ISIC_4686690,0,0.0020563486,held_fold
ISIC_4687418,0,0.0032213756,held_fold
ISIC_4690030,0,0.0018788198,held_fold
ISIC_4692454,0,0.0018089114,held_fold
ISIC_4695396,0,0.0004780844,held_fold
ISIC_4695702,0,0.045547903,held_fold
ISIC_4695815,0,0.0041114343,held_fold
ISIC_4696783,0,0.024052327,held_fold
ISIC_4700970,0,0.002876177,held_fold
ISIC_4701889,0,0.002970935,held_fold
ISIC_4705662,0,0.0007813181,held_fold
ISIC_4709512,0,0.05050968,held_fold
ISIC_4710645,0,0.002434008,held_fold
ISIC_4715366,0,0.023438547,held_fold
ISIC_4718313,0,0.0006578423,held_fold
ISIC_4719895,0,0.0017722658,held_fold
ISIC_4721434,0,0.0016017214,held_fold
ISIC_4722119,0,0.0036251629,held_fold
ISIC_4723603,0,0.0035448202,held_fold
ISIC_4725089,0,0.0015321902,held_fold
ISIC_4732584,0,0.0068667694,held_fold
ISIC_4735106,0,0.023001302,held_fold
ISIC_4737689,0,0.00047628998,held_fold
ISIC_4738525,0,0.0035439515,held_fold
ISIC_4740278,0,0.0023803092,held_fold
ISIC_4745004,0,0.0011493,held_fold
ISIC_4745037,0,0.01973451,held_fold
ISIC_4745658,0,0.0008050642,held_fold
ISIC_4746361,0,0.0032193155,held_fold
ISIC_4747355,0,0.0059328545,held_fold
ISIC_4748031,0,0.008863644,held_fold
ISIC_4748977,0,0.0006180613,held_fold
ISIC_4749005,0,0.0008277714,held_fold
ISIC_4751140,0,0.039853077,held_fold
ISIC_4752151,0,0.00040162343,held_fold
ISIC_4755931,0,0.020743055,held_fold
ISIC_4756595,0,0.011576463,held_fold
ISIC_4758961,0,0.0060292226,held_fold
ISIC_4761075,0,0.000501132,held_fold
ISIC_4762598,0,0.0088101635,held_fold
ISIC_4763007,0,0.009609656,held_fold
ISIC_4765023,0,0.006374966,held_fold
ISIC_4766046,0,0.001111224,held_fold
ISIC_4771769,0,0.0027055754,held_fold
ISIC_4775964,0,0.0011017964,held_fold
ISIC_4776213,0,0.002763293,held_fold
ISIC_4781927,0,0.0017599988,held_fold
ISIC_4782134,0,0.014781525,held_fold
ISIC_4785487,0,0.004011166,held_fold
ISIC_4788195,0,0.0005005935,held_fold
ISIC_4788652,0,0.0012627209,held_fold
ISIC_4789784,0,0.004011659,held_fold
ISIC_4790259,0,0.021476371,held_fold
ISIC_4791461,0,0.0020561698,held_fold
ISIC_4791893,0,0.008868068,held_fold
ISIC_4792338,0,0.0036686237,held_fold
ISIC_4794573,0,0.0011655632,held_fold
ISIC_4794860,0,0.01038063,held_fold
ISIC_4800695,0,0.008076009,held_fold
ISIC_4801737,0,0.00044139216,held_fold
ISIC_4803755,0,0.02982729,held_fold
ISIC_4808108,0,0.021221677,held_fold
ISIC_4811593,0,0.00073638366,held_fold
ISIC_4813932,0,0.014659756,held_fold
ISIC_4817121,0,0.01830093,held_fold
ISIC_4818460,0,0.00034846985,held_fold
ISIC_4820993,0,0.0024467004,held_fold
ISIC_4821309,0,0.0007309229,held_fold
ISIC_4827825,0,0.007270328,held_fold
ISIC_4828265,0,0.0024361485,held_fold
ISIC_4828943,0,0.0061683897,held_fold
ISIC_4833737,0,0.00054413365,held_fold
ISIC_4837536,0,0.0016593949,held_fold
ISIC_4839421,0,0.029211566,held_fold
ISIC_4840686,0,0.006354538,held_fold
ISIC_4845540,0,0.00522153,held_fold
ISIC_4846741,0,0.0026341318,held_fold
ISIC_4847584,0,0.0020254306,held_fold
ISIC_4848986,0,0.02149452,held_fold
ISIC_4850844,0,0.0007745159,held_fold
ISIC_4851437,0,0.014549027,held_fold
ISIC_4851979,0,0.0036452871,held_fold
ISIC_4854091,0,0.003786191,held_fold
ISIC_4855628,0,0.011389391,held_fold
ISIC_4856908,0,0.02515165,held_fold
ISIC_4857994,0,0.008679214,held_fold
ISIC_4860223,0,0.031371254,held_fold
ISIC_4863236,0,0.043633014,held_fold
ISIC_4863375,0,0.0038396667,held_fold
ISIC_4866649,0,0.0018400337,held_fold
ISIC_4869901,0,0.008822685,held_fold
ISIC_4870936,0,0.001360921,held_fold
ISIC_4871936,0,0.017802872,held_fold
ISIC_4875370,0,0.016442591,held_fold
ISIC_4879144,0,0.0012322998,held_fold
ISIC_4879187,0,0.011292817,held_fold
ISIC_4880652,0,0.0032812997,held_fold
ISIC_4881109,0,0.096839145,held_fold
ISIC_4882333,0,0.010455791,held_fold
ISIC_4884712,0,0.024329908,held_fold
ISIC_4886493,0,0.001307475,held_fold
ISIC_4887874,0,0.026129797,held_fold
ISIC_4892083,0,0.0017054187,held_fold
ISIC_4894806,0,0.00074350275,held_fold
ISIC_4897171,0,0.008260852,held_fold
ISIC_4897852,0,0.0014575842,held_fold
ISIC_4900077,0,0.0077705625,held_fold
ISIC_4900923,0,0.0009474647,held_fold
ISIC_4902829,0,0.0043099704,held_fold
ISIC_4904317,0,0.000935445,held_fold
ISIC_4906026,0,0.001167312,held_fold
ISIC_4906385,0,0.010633226,held_fold
ISIC_4907595,0,0.0014043266,held_fold
ISIC_4909154,0,0.0010256236,held_fold
ISIC_4912127,0,0.005062524,held_fold
ISIC_4915889,0,0.0025003275,held_fold
ISIC_4915897,0,0.0006692076,held_fold
ISIC_4918571,0,0.0006971834,held_fold
ISIC_4920166,0,0.008579825,held_fold
ISIC_4922965,0,0.03178808,held_fold
ISIC_4923457,0,0.0009328412,held_fold
ISIC_4924365,0,0.0025530062,held_fold
ISIC_4929865,0,0.005995096,held_fold
ISIC_4932000,0,0.0148873795,held_fold
ISIC_4935711,0,0.0025709597,held_fold
ISIC_4937725,0,0.003238916,held_fold
ISIC_4938376,0,0.00086353254,held_fold
ISIC_4938388,0,0.008143633,held_fold
ISIC_4938791,0,0.0008997682,held_fold
ISIC_4941125,0,0.0012359144,held_fold
ISIC_4945233,0,0.0008552798,held_fold
ISIC_4946006,0,0.0010722858,held_fold
ISIC_4947778,0,0.032324042,held_fold
ISIC_4948642,0,0.00503748,held_fold
ISIC_4950151,0,0.0008542996,held_fold
ISIC_4952040,0,0.0051535103,held_fold
ISIC_4954282,0,0.0040005823,held_fold
ISIC_4954719,0,0.001035402,held_fold
ISIC_4954740,0,0.009206956,held_fold
ISIC_4955740,0,0.0014037477,held_fold
ISIC_4956352,0,0.0135828415,held_fold
ISIC_4956965,0,0.043875195,held_fold
ISIC_4957730,0,0.0018868131,held_fold
ISIC_4958861,0,0.0018148912,held_fold
ISIC_4961292,0,0.01331492,held_fold
ISIC_4963410,0,0.0014230269,held_fold
ISIC_4964644,0,0.0014616186,held_fold
ISIC_4965160,0,0.0048561823,held_fold
ISIC_4965526,0,0.002996411,held_fold
ISIC_4965850,0,0.0014998327,held_fold
ISIC_4966496,0,0.0028600823,held_fold
ISIC_4967639,0,0.004844621,held_fold
ISIC_4967755,0,0.0012005881,held_fold
ISIC_4968536,0,0.013824115,held_fold
ISIC_4969660,0,0.0017790358,held_fold
ISIC_4969996,0,0.0011919196,held_fold
ISIC_4973809,0,0.00086754526,held_fold
ISIC_4975848,0,0.00096725364,held_fold
ISIC_4975949,0,0.0061135376,held_fold
ISIC_4976189,0,0.0021390894,held_fold
ISIC_4977415,0,0.04704305,held_fold
ISIC_4978474,0,0.001211111,held_fold
ISIC_4978697,0,0.0013370279,held_fold
ISIC_4979071,0,0.0019447127,held_fold
ISIC_4981135,0,0.00049884134,held_fold
ISIC_4983237,0,0.010627243,held_fold
ISIC_4986879,0,0.0019777082,held_fold
ISIC_4994695,0,0.0009943458,held_fold
ISIC_4996867,0,0.090898335,held_fold
ISIC_5000592,0,0.0012982615,held_fold
ISIC_5002041,0,0.000859045,held_fold
ISIC_5005065,0,0.009390017,held_fold
ISIC_5005747,0,0.0007158813,held_fold
ISIC_5006020,0,0.0006443362,held_fold
ISIC_5009935,0,0.008719066,held_fold
ISIC_5010197,0,0.0027740335,held_fold
ISIC_5013376,0,0.003152975,held_fold
ISIC_5021038,0,0.0012375766,held_fold
ISIC_5022555,0,0.0010776068,held_fold
ISIC_5028203,0,0.00050648866,held_fold
ISIC_5029146,0,0.0022718331,held_fold
ISIC_5030416,0,0.0016516384,held_fold
ISIC_5031549,0,0.0010379411,held_fold
ISIC_5041059,0,0.0024644872,held_fold
ISIC_5042497,0,0.0056438856,held_fold
ISIC_5043429,0,0.0048360904,held_fold
ISIC_5048571,0,0.0014506128,held_fold
ISIC_5049137,0,0.0017827766,held_fold
ISIC_5049365,0,0.0019533471,held_fold
ISIC_5050669,0,0.0015593234,held_fold
ISIC_5051449,0,0.056082346,held_fold
ISIC_5054877,0,0.018467264,held_fold
ISIC_5056768,0,0.001074663,held_fold
ISIC_5059195,0,0.051313106,held_fold
ISIC_5059375,0,0.005744189,held_fold
ISIC_5060252,0,0.00055627147,held_fold
ISIC_5060576,0,0.009798388,held_fold
ISIC_5066448,0,0.00078784383,held_fold
ISIC_5066548,0,0.01576683,held_fold
ISIC_5070849,0,0.019166471,held_fold
ISIC_5072761,0,0.0008432495,held_fold
ISIC_5074228,0,0.0032864595,held_fold
ISIC_5075202,0,0.0065500382,held_fold
ISIC_5075261,0,0.019263754,held_fold
ISIC_5081644,0,0.0015721918,held_fold
ISIC_5084175,0,0.021115571,held_fold
ISIC_5084661,0,0.0069275643,held_fold
ISIC_5088967,0,0.0013581016,held_fold
ISIC_5090146,0,0.0017197274,held_fold
ISIC_5090739,0,0.008629875,held_fold
ISIC_5091950,0,0.0045027873,held_fold
ISIC_5093799,0,0.0004325556,held_fold
ISIC_5095848,0,0.0015540695,held_fold
ISIC_5096227,0,0.003249495,held_fold
ISIC_5097785,0,0.0022205166,held_fold
ISIC_5097807,0,0.0033060543,held_fold
ISIC_5097947,0,0.011035551,held_fold
ISIC_5098492,0,0.0033752068,held_fold
ISIC_5098663,0,0.0019157315,held_fold
ISIC_5099193,0,0.002909217,held_fold
ISIC_5099324,0,0.00085098436,held_fold
ISIC_5102846,0,0.0022763696,held_fold
ISIC_5103657,0,0.0015352126,held_fold
ISIC_5104921,0,0.023213563,held_fold
ISIC_5105824,0,0.008442469,held_fold
ISIC_5106239,0,0.015979242,held_fold
ISIC_5107195,0,0.0018885776,held_fold
ISIC_5108076,0,0.00154682,held_fold
ISIC_5108538,0,0.0007896458,held_fold
ISIC_5110696,0,0.0034631353,held_fold
ISIC_5112744,0,0.0018611585,held_fold
ISIC_5113530,0,0.0024522997,held_fold
ISIC_5122091,0,0.0010131308,held_fold
ISIC_5123813,0,0.018805487,held_fold
ISIC_5123979,0,0.03747694,held_fold
ISIC_5127944,0,0.0032689187,held_fold
ISIC_5128793,0,0.0094069755,held_fold
ISIC_5130558,0,0.0006736754,held_fold
ISIC_5131914,0,0.0011503816,held_fold
ISIC_5132536,0,0.001833992,held_fold
ISIC_5135143,0,0.0076987282,held_fold
ISIC_5135700,0,0.0034618552,held_fold
ISIC_5136151,0,0.02511598,held_fold
ISIC_5136370,0,0.0335415,held_fold
ISIC_5137061,0,0.0020410838,held_fold
ISIC_5142275,0,0.021338787,held_fold
ISIC_5142479,0,0.00056858186,held_fold
ISIC_5142496,0,0.0006594515,held_fold
ISIC_5142743,0,0.011941176,held_fold
ISIC_5144373,0,0.0013896961,held_fold
ISIC_5145347,0,0.014483351,held_fold
ISIC_5147263,0,0.0037634827,held_fold
ISIC_5149397,0,0.0045678243,held_fold
ISIC_5149730,0,0.00052283023,held_fold
ISIC_5153075,0,0.00059557223,held_fold
ISIC_5158305,0,0.031989608,held_fold
ISIC_5165522,0,0.0007776275,held_fold
ISIC_5165620,0,0.00087601715,held_fold
ISIC_5166636,0,0.005444119,held_fold
ISIC_5166956,0,0.020175042,held_fold
ISIC_5167001,0,0.0009243023,held_fold
ISIC_5169434,0,0.0062071867,held_fold
ISIC_5169967,0,0.003552808,held_fold
ISIC_5173486,0,0.0010135246,held_fold
ISIC_5174617,0,0.0060447026,held_fold
ISIC_5176105,0,0.0012810199,held_fold
ISIC_5176419,0,0.0020825178,held_fold
ISIC_5178216,0,0.001999532,held_fold
ISIC_5178977,0,0.0011882223,held_fold
ISIC_5181340,0,0.00049230555,held_fold
ISIC_5182725,0,0.0061036865,held_fold
ISIC_5182820,0,0.004541569,held_fold
ISIC_5184722,0,0.0052165072,held_fold
ISIC_5190920,0,0.012054085,held_fold
ISIC_5191344,1,0.019415049,held_fold
ISIC_5192527,0,0.0018974257,held_fold
ISIC_5194331,0,0.09391978,held_fold
ISIC_5195381,0,0.0015718162,held_fold
ISIC_5196781,0,0.00075942057,held_fold
ISIC_5198439,0,0.00022679132,held_fold
ISIC_5199342,0,0.008346005,held_fold
ISIC_5199497,0,0.0007972463,held_fold
ISIC_5201151,0,0.0039848206,held_fold
ISIC_5202074,0,0.007159876,held_fold
ISIC_5203137,0,0.011193374,held_fold
ISIC_5207136,0,0.001811153,held_fold
ISIC_5208357,0,0.0010841195,held_fold
ISIC_5208613,0,0.057225503,held_fold
ISIC_5209007,0,0.0061237738,held_fold
ISIC_5210016,0,0.00057120924,held_fold
ISIC_5211080,0,0.028500173,held_fold
ISIC_5213224,0,0.020138266,held_fold
ISIC_5213829,0,0.0007917756,held_fold
ISIC_5215191,0,0.013094568,held_fold
ISIC_5216675,0,0.001576014,held_fold
ISIC_5223101,0,0.0010809525,held_fold
ISIC_5224107,0,0.003472363,held_fold
ISIC_5227635,0,0.0014424456,held_fold
ISIC_5230497,0,0.00084027974,held_fold
ISIC_5231616,0,0.0011980662,held_fold
ISIC_5233226,0,0.0008083389,held_fold
ISIC_5233994,0,0.0010902071,held_fold
ISIC_5235200,0,0.0003788439,held_fold
ISIC_5235229,0,0.009383632,held_fold
ISIC_5238649,0,0.001729164,held_fold
ISIC_5244188,0,0.0014000629,held_fold
ISIC_5245212,0,0.0025783768,held_fold
ISIC_5247383,0,0.003507658,held_fold
ISIC_5249665,0,0.019551408,held_fold
ISIC_5254803,0,0.0043559168,held_fold
ISIC_5254982,0,0.015461042,held_fold
ISIC_5258352,0,0.026065286,held_fold
ISIC_5259414,0,0.0016707057,held_fold
ISIC_5259518,0,0.0034977165,held_fold
ISIC_5259582,0,0.011100458,held_fold
ISIC_5261146,0,0.004327506,held_fold
ISIC_5261384,0,0.0015132157,held_fold
ISIC_5261611,0,0.0038892194,held_fold
ISIC_5265873,0,0.0014960456,held_fold
ISIC_5266696,0,0.0046500554,held_fold
ISIC_5266861,0,0.0035037482,held_fold
ISIC_5267251,0,0.0037415547,held_fold
ISIC_5269341,0,0.0040521263,held_fold
ISIC_5272223,1,0.0038805816,held_fold
ISIC_5280019,0,0.0040289536,held_fold
ISIC_5280199,0,0.012891491,held_fold
ISIC_5281514,0,0.0012781925,held_fold
ISIC_5281576,0,0.0030866398,held_fold
ISIC_5282642,0,0.0024273274,held_fold
ISIC_5286021,0,0.01566101,held_fold
ISIC_5289599,0,0.0018454241,held_fold
ISIC_5290569,0,0.0013054457,held_fold
ISIC_5292859,0,0.0013521808,held_fold
ISIC_5293624,0,0.0069079488,held_fold
ISIC_5294689,0,0.017936688,held_fold
ISIC_5295497,0,0.0026723666,held_fold
ISIC_5296443,0,0.0032893443,held_fold
ISIC_5297111,0,0.0006458693,held_fold
ISIC_5298608,0,0.0050322106,held_fold
ISIC_5301131,0,0.00089555717,held_fold
ISIC_5302229,0,0.007648096,held_fold
ISIC_5303641,0,0.0027300944,held_fold
ISIC_5305288,0,0.0009086659,held_fold
ISIC_5305787,0,0.019521512,held_fold
ISIC_5306427,0,0.0013170368,held_fold
ISIC_5307086,0,0.05039244,held_fold
ISIC_5309572,0,0.00095234916,held_fold
ISIC_5310011,0,0.0015032915,held_fold
ISIC_5310880,0,0.003463142,held_fold
ISIC_5312003,0,0.00053669064,held_fold
ISIC_5312834,0,0.0042758933,held_fold
ISIC_5313087,0,0.0038176246,held_fold
ISIC_5314855,0,0.0012961297,held_fold
ISIC_5315062,1,0.019521188,held_fold
ISIC_5315486,0,0.000862593,held_fold
ISIC_5316258,0,0.000788015,held_fold
ISIC_5317348,0,0.0010814582,held_fold
ISIC_5318506,0,0.0025732033,held_fold
ISIC_5320886,0,0.0073429584,held_fold
ISIC_5321219,0,0.020880336,held_fold
ISIC_5321221,0,0.02780456,held_fold
ISIC_5322011,0,0.0022543299,held_fold
ISIC_5322232,0,0.008423705,held_fold
ISIC_5323944,0,0.001146911,held_fold
ISIC_5324178,0,0.0018463633,held_fold
ISIC_5325281,0,0.0068995757,held_fold
ISIC_5325805,0,0.015948148,held_fold
ISIC_5326225,0,0.0005511572,held_fold
ISIC_5327000,0,0.0025519535,held_fold
ISIC_5327271,0,0.0061652046,held_fold
ISIC_5331089,0,0.019656794,held_fold
ISIC_5333549,0,0.0055950247,held_fold
ISIC_5336007,0,0.0008977448,held_fold
ISIC_5340305,0,0.0357253,held_fold
ISIC_5342109,0,0.0018148344,held_fold
ISIC_5346591,0,0.0011113014,held_fold
ISIC_5349612,0,0.0040154047,held_fold
ISIC_5350269,0,0.0007247228,held_fold
ISIC_5353241,0,0.0037379498,held_fold
ISIC_5354607,0,0.0015273591,held_fold
ISIC_5357288,0,0.015045758,held_fold
ISIC_5358234,0,0.00069981255,held_fold
ISIC_5359123,0,0.0008397643,held_fold
ISIC_5359253,0,0.0024013196,held_fold
ISIC_5360921,0,0.012878173,held_fold
ISIC_5361778,0,0.0009142055,held_fold
ISIC_5361965,0,0.0020921673,held_fold
ISIC_5362038,0,0.0007486423,held_fold
ISIC_5362869,0,0.020601679,held_fold
ISIC_5362925,0,0.0027707573,held_fold
ISIC_5363229,0,0.01568385,held_fold
ISIC_5364841,0,0.020116458,held_fold
ISIC_5365537,0,0.00092759664,held_fold
ISIC_5365919,0,0.0062098796,held_fold
ISIC_5366635,0,0.0011853527,held_fold
ISIC_5366657,0,0.0044407607,held_fold
ISIC_5368272,0,0.113653764,held_fold
ISIC_5368668,0,0.0035748277,held_fold
ISIC_5377237,0,0.004556207,held_fold
ISIC_5379122,0,0.0007127757,held_fold
ISIC_5380827,0,0.00062690116,held_fold
ISIC_5382691,0,0.0021217735,held_fold
ISIC_5383356,0,0.0023122851,held_fold
ISIC_5385299,0,0.00085330015,held_fold
ISIC_5387348,0,0.0035195097,held_fold
ISIC_5388184,1,0.024507415,held_fold
ISIC_5392958,0,0.0009492456,held_fold
ISIC_5393017,0,0.0019126658,held_fold
ISIC_5393132,0,0.045970786,held_fold
ISIC_5393557,0,0.0009053188,held_fold
ISIC_5393919,0,0.01588452,held_fold
ISIC_5396394,0,0.0137260575,held_fold
ISIC_5397818,0,0.0012570495,held_fold
ISIC_5399929,0,0.02500901,held_fold
ISIC_5400113,0,0.0036685609,held_fold
ISIC_5400342,0,0.0005918017,held_fold
ISIC_5402327,0,0.0036696799,held_fold
ISIC_5403296,0,0.0020015743,held_fold
ISIC_5405456,0,0.058994073,held_fold
ISIC_5406752,0,0.026655722,held_fold
ISIC_5407343,0,0.0011199318,held_fold
ISIC_5407436,0,0.020280393,held_fold
ISIC_5408967,0,0.016473452,held_fold
ISIC_5409137,0,0.015252066,held_fold
ISIC_5409681,0,0.005715815,held_fold
ISIC_5413136,0,0.007572671,held_fold
ISIC_5415761,1,0.008504058,held_fold
ISIC_5415781,0,0.026252283,held_fold
ISIC_5416978,0,0.0005675537,held_fold
ISIC_5422432,0,0.0042814007,held_fold
ISIC_5423896,0,0.00031730937,held_fold
ISIC_5424547,0,0.02501821,held_fold
ISIC_5428274,0,0.0103029115,held_fold
ISIC_5432603,0,0.026253784,held_fold
ISIC_5433553,0,0.0004964617,held_fold
ISIC_5434055,0,0.0063202167,held_fold
ISIC_5434070,0,0.0037662368,held_fold
ISIC_5435291,0,0.0011372935,held_fold
ISIC_5435863,0,0.0009700897,held_fold
ISIC_5437356,0,0.023106053,held_fold
ISIC_5438431,0,0.028035365,held_fold
ISIC_5441132,0,0.0009138685,held_fold
ISIC_5443525,0,0.008262575,held_fold
ISIC_5443689,0,0.0178442,held_fold
ISIC_5445188,0,0.000570373,held_fold
ISIC_5446127,0,0.00091831567,held_fold
ISIC_5446470,0,0.0014152013,held_fold
ISIC_5451336,0,0.0006394263,held_fold
ISIC_5451400,0,0.0021096366,held_fold
ISIC_5454321,0,0.03992979,held_fold
ISIC_5455568,0,0.0114660505,held_fold
ISIC_5457246,0,0.00061443885,held_fold
ISIC_5457974,0,0.0057432037,held_fold
ISIC_5464942,0,0.0021597564,held_fold
ISIC_5469457,0,0.0040650014,held_fold
ISIC_5469999,0,0.0041930354,held_fold
ISIC_5475423,0,0.008712533,held_fold
ISIC_5477838,0,0.034293555,held_fold
ISIC_5478846,0,0.0084951455,held_fold
ISIC_5481211,0,0.0017275368,held_fold
ISIC_5481242,0,0.0015083654,held_fold
ISIC_5481673,0,0.038010962,held_fold
ISIC_5484086,0,0.00043040627,held_fold
ISIC_5485254,0,0.0020304036,held_fold
ISIC_5485279,0,0.028108533,held_fold
ISIC_5486725,0,0.0021200771,held_fold
ISIC_5487058,0,0.0101019,held_fold
ISIC_5488046,0,0.0016887392,held_fold
ISIC_5488065,0,0.0040818853,held_fold
ISIC_5488188,0,0.0042377017,held_fold
ISIC_5491443,0,0.014898978,held_fold
ISIC_5492778,0,0.0044736075,held_fold
ISIC_5495452,0,0.011201388,held_fold
ISIC_5496214,0,0.004505737,held_fold
ISIC_5496810,0,0.10053731,held_fold
ISIC_5497526,0,0.0011730118,held_fold
ISIC_5497851,0,0.0015205266,held_fold
ISIC_5500256,0,0.0017276907,held_fold
ISIC_5501375,0,0.0043678675,held_fold
ISIC_5502229,0,0.004771419,held_fold
ISIC_5503634,0,0.00622001,held_fold
ISIC_5506059,0,0.00096671464,held_fold
ISIC_5508542,0,0.016606573,held_fold
ISIC_5510604,0,0.00071188645,held_fold
ISIC_5517594,0,0.000836588,held_fold
ISIC_5518025,0,0.02026697,held_fold
ISIC_5518934,0,0.0073527703,held_fold
ISIC_5519289,0,0.003004626,held_fold
ISIC_5521974,0,0.061605,held_fold
ISIC_5523221,0,0.0013174176,held_fold
ISIC_5524682,0,0.0010275802,held_fold
ISIC_5524986,0,0.0045198863,held_fold
ISIC_5525877,0,0.009801627,held_fold
ISIC_5526503,0,0.00048121516,held_fold
ISIC_5528990,0,0.014404422,held_fold
ISIC_5529201,0,0.002873823,held_fold
ISIC_5529924,0,0.007080289,held_fold
ISIC_5535143,0,0.0037514342,held_fold
ISIC_5536429,0,0.002293983,held_fold
ISIC_5537771,0,0.0070949406,held_fold
ISIC_5538778,0,0.017847175,held_fold
ISIC_5539077,0,0.08512586,held_fold
ISIC_5540840,0,0.0040361355,held_fold
ISIC_5541028,0,0.008435271,held_fold
ISIC_5541999,0,0.0043923487,held_fold
ISIC_5542716,0,0.0019411019,held_fold
ISIC_5543178,0,0.00062048977,held_fold
ISIC_5545410,0,0.008823027,held_fold
ISIC_5547116,0,0.010779354,held_fold
ISIC_5548717,0,0.01122539,held_fold
ISIC_5549768,0,0.0069092764,held_fold
ISIC_5552041,0,0.066623166,held_fold
ISIC_5552066,0,0.014340608,held_fold
ISIC_5552335,0,0.0021210376,held_fold
ISIC_5555505,0,0.00084318005,held_fold
ISIC_5558729,0,0.011960912,held_fold
ISIC_5559188,0,0.001156604,held_fold
ISIC_5560538,0,0.015239323,held_fold
ISIC_5561003,1,0.047338884,held_fold
ISIC_5563553,0,0.011638328,held_fold
ISIC_5567663,0,0.0031220976,held_fold
ISIC_5568346,0,0.047924027,held_fold
ISIC_5568834,0,0.0008203006,held_fold
ISIC_5569091,0,0.0038446763,held_fold
ISIC_5569936,0,0.015927536,held_fold
ISIC_5570430,0,0.0106259845,held_fold
ISIC_5573340,0,0.028275229,held_fold
ISIC_5573679,0,0.00032472858,held_fold
ISIC_5573733,0,0.031102927,held_fold
ISIC_5574940,0,0.0142087275,held_fold
ISIC_5575449,0,0.0013103724,held_fold
ISIC_5576250,0,0.0016729651,held_fold
ISIC_5576986,0,0.008267061,held_fold
ISIC_5581931,1,0.16275668,held_fold
ISIC_5583016,0,0.000840456,held_fold
ISIC_5583139,0,0.0035076826,held_fold
ISIC_5584185,0,0.0025201738,held_fold
ISIC_5584859,0,0.0005912715,held_fold
ISIC_5585279,0,0.001234839,held_fold
ISIC_5587216,0,0.0022860712,held_fold
ISIC_5587291,0,0.0056472775,held_fold
ISIC_5588302,0,0.0035477118,held_fold
ISIC_5592192,0,0.0009006149,held_fold
ISIC_5592257,0,0.00084449386,held_fold
ISIC_5592951,0,0.014600536,held_fold
ISIC_5597530,0,0.0063141705,held_fold
ISIC_5599298,0,0.0022562998,held_fold
ISIC_5601326,0,0.0052468693,held_fold
ISIC_5603773,0,0.004850289,held_fold
ISIC_5604025,0,0.0025286973,held_fold
ISIC_5605246,0,0.00044746214,held_fold
ISIC_5609883,0,0.00909364,held_fold
ISIC_5610178,0,0.006962035,held_fold
ISIC_5611010,0,0.0009808509,held_fold
ISIC_5611529,0,0.020558476,held_fold
ISIC_5612452,0,0.0053778933,held_fold
ISIC_5613199,0,0.014060659,held_fold
ISIC_5615676,0,0.0016732153,held_fold
ISIC_5617952,0,0.010403841,held_fold
ISIC_5619062,0,0.002110481,held_fold
ISIC_5620520,0,0.00066900224,held_fold
ISIC_5621310,0,0.009969248,held_fold
ISIC_5623327,0,0.0031925922,held_fold
ISIC_5623973,0,0.0258628,held_fold
ISIC_5625774,0,0.004228641,held_fold
ISIC_5625980,0,0.007220021,held_fold
ISIC_5632533,0,0.0006078053,held_fold
ISIC_5634181,0,0.0022435414,held_fold
ISIC_5635940,0,0.027745318,held_fold
ISIC_5636247,0,0.0089962715,held_fold
ISIC_5636983,0,0.006299169,held_fold
ISIC_5637105,0,0.013690553,held_fold
ISIC_5648111,0,0.0010609329,held_fold
ISIC_5650272,0,0.000994667,held_fold
ISIC_5650747,0,0.0014229905,held_fold
ISIC_5652519,0,0.010112434,held_fold
ISIC_5654651,0,0.020730332,held_fold
ISIC_5654818,0,0.016031321,held_fold
ISIC_5657535,0,0.0015489713,held_fold
ISIC_5658900,0,0.010446708,held_fold
ISIC_5659240,0,0.0017539096,held_fold
ISIC_5659295,0,0.018520834,held_fold
ISIC_5660360,0,0.0019205004,held_fold
ISIC_5664966,0,0.00091599114,held_fold
ISIC_5665011,0,0.001983959,held_fold
ISIC_5665277,0,0.008239931,held_fold
ISIC_5667461,1,0.0036813098,held_fold
ISIC_5667519,0,0.0020789613,held_fold
ISIC_5667935,0,0.020461576,held_fold
ISIC_5676027,0,0.028242055,held_fold
ISIC_5678933,0,0.00054588687,held_fold
ISIC_5679708,0,0.0010090672,held_fold
ISIC_5679942,0,0.001449032,held_fold
ISIC_5681025,0,0.01938613,held_fold
ISIC_5681794,0,0.0013248149,held_fold
ISIC_5686768,0,0.0026191243,held_fold
ISIC_5686868,0,0.0043642647,held_fold
ISIC_5688051,0,0.0055687022,held_fold
ISIC_5688657,0,0.0024728654,held_fold
ISIC_5688720,0,0.052702244,held_fold
ISIC_5688950,0,0.00066126307,held_fold
ISIC_5689986,0,0.0017527287,held_fold
ISIC_5692481,0,0.0012205971,held_fold
ISIC_5692863,0,0.0019821443,held_fold
ISIC_5694393,0,0.0019321947,held_fold
ISIC_5696540,0,0.0025416561,held_fold
ISIC_5697228,0,0.004018066,held_fold
ISIC_5699175,0,0.0029954524,held_fold
ISIC_5700599,0,0.0011088944,held_fold
ISIC_5702549,0,0.000854528,held_fold
ISIC_5702591,0,0.0066139423,held_fold
ISIC_5705413,0,0.00087198603,held_fold
ISIC_5705973,0,0.0010533966,held_fold
ISIC_5708288,0,0.0025352512,held_fold
ISIC_5709170,0,0.005264087,held_fold
ISIC_5712029,0,0.008596934,held_fold
ISIC_5713588,0,0.00959956,held_fold
ISIC_5714201,0,0.07501613,held_fold
ISIC_5718343,0,0.0012757551,held_fold
ISIC_5720694,0,0.06705397,held_fold
ISIC_5721677,0,0.0026243336,held_fold
ISIC_5722194,0,0.0032158485,held_fold
ISIC_5722211,0,0.017094947,held_fold
ISIC_5723510,0,0.0009922879,held_fold
ISIC_5727083,0,0.0066543156,held_fold
ISIC_5730636,0,0.056251112,held_fold
ISIC_5733557,0,0.001020918,held_fold
ISIC_5733748,1,0.004872818,held_fold
ISIC_5735592,0,0.003421434,held_fold
ISIC_5736023,0,0.0054214564,held_fold
ISIC_5736126,0,0.0038047382,held_fold
ISIC_5736595,0,0.0013315103,held_fold
ISIC_5736966,0,0.014303015,held_fold
ISIC_5736979,0,0.0012570173,held_fold
ISIC_5737191,0,0.0010153784,held_fold
ISIC_5737704,0,0.008378008,held_fold
ISIC_5738103,0,0.041508716,held_fold
ISIC_5738587,0,0.0010605064,held_fold
ISIC_5739570,0,0.0039335196,held_fold
ISIC_5743012,0,0.0108529,held_fold
ISIC_5745349,0,0.0014082642,held_fold
ISIC_5745941,0,0.000855828,held_fold
ISIC_5746706,0,0.010875448,held_fold
ISIC_5747367,0,0.0032611894,held_fold
ISIC_5747486,1,0.014406405,held_fold
ISIC_5747681,0,0.00569974,held_fold
ISIC_5748751,0,0.00080872996,held_fold
ISIC_5748858,0,0.0037682483,held_fold
ISIC_5749706,0,0.0021192722,held_fold
ISIC_5750242,0,0.026563587,held_fold
ISIC_5754233,0,0.010043798,held_fold
ISIC_5755210,0,0.008151995,held_fold
ISIC_5755836,0,0.0012828612,held_fold
ISIC_5757336,0,0.022239821,held_fold
ISIC_5760948,0,0.012220812,held_fold
ISIC_5763398,0,0.0039838743,held_fold
ISIC_5766141,0,0.002036149,held_fold
ISIC_5766923,0,0.0016092515,held_fold
ISIC_5767976,0,0.00045795782,held_fold
ISIC_5768602,0,0.054218426,held_fold
ISIC_5771106,0,0.0023122015,held_fold
ISIC_5773967,0,0.0034189243,held_fold
ISIC_5778330,0,0.0056825434,held_fold
ISIC_5778476,0,0.0006074029,held_fold
ISIC_5779688,0,0.010087805,held_fold
ISIC_5782816,0,0.001667591,held_fold
ISIC_5783685,0,0.00054188067,held_fold
ISIC_5784362,0,0.0010215836,held_fold
ISIC_5787517,0,0.0034246873,held_fold
ISIC_5788057,0,0.0013736024,held_fold
ISIC_5789052,0,0.025622776,held_fold
ISIC_5790458,0,0.0015406178,held_fold
ISIC_5790534,0,0.00066060486,held_fold
ISIC_5797220,0,0.0005706858,held_fold
ISIC_5797942,0,0.0016043512,held_fold
ISIC_5798539,0,0.03913095,held_fold
ISIC_5800113,0,0.0030859036,held_fold
ISIC_5804606,0,0.0012975902,held_fold
ISIC_5805349,0,0.0014441636,held_fold
ISIC_5807112,0,0.006485823,held_fold
ISIC_5810736,0,0.0012160619,held_fold
ISIC_5816788,0,0.002371164,held_fold
ISIC_5819754,0,0.03048381,held_fold
ISIC_5821292,0,0.0077987053,held_fold
ISIC_5822691,0,0.0038035945,held_fold
ISIC_5823076,0,0.002811705,held_fold
ISIC_5823292,0,0.0039006635,held_fold
ISIC_5824656,0,0.0013430006,held_fold
ISIC_5824730,0,0.0019635342,held_fold
ISIC_5825647,0,0.013720952,held_fold
ISIC_5827217,0,0.0019579849,held_fold
ISIC_5828787,0,0.0046107518,held_fold
ISIC_5831201,0,0.0032236686,held_fold
ISIC_5831880,0,0.00077054097,held_fold
ISIC_5832440,0,0.010543677,held_fold
ISIC_5832623,0,0.0034747398,held_fold
ISIC_5833015,0,0.006561144,held_fold
ISIC_5837974,0,0.0016670608,held_fold
ISIC_5843515,0,0.008528264,held_fold
ISIC_5846233,0,0.0011585061,held_fold
ISIC_5849178,0,0.0023760635,held_fold
ISIC_5849715,0,0.001612864,held_fold
ISIC_5850699,0,0.0025557687,held_fold
ISIC_5852061,0,0.0040926617,held_fold
ISIC_5853048,0,0.0027232233,held_fold
ISIC_5854870,0,0.0070828274,held_fold
ISIC_5855400,0,0.0026944613,held_fold
ISIC_5855700,0,0.002329629,held_fold
ISIC_5855835,0,0.026487965,held_fold
ISIC_5857155,0,0.0036316446,held_fold
ISIC_5857239,0,0.0054674824,held_fold
ISIC_5859895,0,0.0026822034,held_fold
ISIC_5860849,0,0.018166777,held_fold
ISIC_5864067,0,0.003924961,held_fold
ISIC_5865142,0,0.0009201733,held_fold
ISIC_5865828,0,0.0020587095,held_fold
ISIC_5866381,0,0.0702499,held_fold
ISIC_5867862,0,0.004140111,held_fold
ISIC_5868291,1,0.048320513,held_fold
ISIC_5870406,0,0.002288696,held_fold
ISIC_5873539,0,0.009480719,held_fold
ISIC_5876289,0,0.002294712,held_fold
ISIC_5881363,0,0.0015289802,held_fold
ISIC_5882254,0,0.001000645,held_fold
ISIC_5882629,0,0.005958744,held_fold
ISIC_5883505,0,0.086173974,held_fold
ISIC_5885421,0,0.0007059425,held_fold
ISIC_5885837,0,0.001839447,held_fold
ISIC_5886168,0,0.0041286726,held_fold
ISIC_5888460,0,0.0068945754,held_fold
ISIC_5888672,0,0.0031689256,held_fold
ISIC_5889246,0,0.0041004783,held_fold
ISIC_5892920,0,0.00092775165,held_fold
ISIC_5894246,0,0.0011910934,held_fold
ISIC_5899228,0,0.011042653,held_fold
ISIC_5900141,0,0.007444115,held_fold
ISIC_5901919,0,0.0017046339,held_fold
ISIC_5902175,0,0.006271989,held_fold
ISIC_5903054,0,0.0010165249,held_fold
ISIC_5904214,0,0.02231323,held_fold
ISIC_5908780,0,0.0046970253,held_fold
ISIC_5909403,0,0.0010516524,held_fold
ISIC_5910514,0,0.01814907,held_fold
ISIC_5910595,0,0.0013494547,held_fold
ISIC_5910975,0,0.011094655,held_fold
ISIC_5912392,0,0.004489256,held_fold
ISIC_5917004,0,0.0012000335,held_fold
ISIC_5917605,0,0.0033380426,held_fold
ISIC_5917755,0,0.0012322859,held_fold
ISIC_5918756,0,0.0019115027,held_fold
ISIC_5920471,0,0.0075642825,held_fold
ISIC_5921734,0,0.0023665596,held_fold
ISIC_5923430,0,0.0013091847,held_fold
ISIC_5924459,0,0.00513518,held_fold
ISIC_5930509,0,0.0030294145,held_fold
ISIC_5932996,0,0.005266008,held_fold
ISIC_5934104,0,0.00052013516,held_fold
ISIC_5934319,0,0.031315118,held_fold
ISIC_5935362,0,0.0012708264,held_fold
ISIC_5941271,0,0.011359144,held_fold
ISIC_5941314,0,0.0005001723,held_fold
ISIC_5942073,0,0.0044163694,held_fold
ISIC_5942312,0,0.0007339015,held_fold
ISIC_5942756,0,0.02632443,held_fold
ISIC_5943355,0,0.00071151543,held_fold
ISIC_5944524,0,0.0050479113,held_fold
ISIC_5945822,0,0.001437023,held_fold
ISIC_5950144,0,0.012437324,held_fold
ISIC_5950453,0,0.0018531847,held_fold
ISIC_5952026,0,0.00708646,held_fold
ISIC_5952650,0,0.006650711,held_fold
ISIC_5953416,0,0.0017035356,held_fold
ISIC_5955314,0,0.0023034818,held_fold
ISIC_5958657,0,0.0908293,held_fold
ISIC_5960183,0,0.0013699365,held_fold
ISIC_5960641,0,0.0023723026,held_fold
ISIC_5961421,0,0.024417343,held_fold
ISIC_5961544,0,0.016039416,held_fold
ISIC_5962268,0,0.00078925095,held_fold
ISIC_5962462,0,0.024167594,held_fold
ISIC_5963113,0,0.00041943195,held_fold
ISIC_5963344,0,0.0028368332,held_fold
ISIC_5963491,0,0.00046519932,held_fold
ISIC_5971574,0,0.0012626828,held_fold
ISIC_5973717,0,0.012914083,held_fold
ISIC_5974286,0,0.00070128596,held_fold
ISIC_5976373,0,0.0008706146,held_fold
ISIC_5979771,0,0.0062241056,held_fold
ISIC_5979783,0,0.00078340893,held_fold
ISIC_5981150,0,0.000391647,held_fold
ISIC_5983942,0,0.0006663234,held_fold
ISIC_5985961,0,0.017063791,held_fold
ISIC_5990428,0,0.0025240723,held_fold
ISIC_5997133,0,0.007986559,held_fold
ISIC_6000048,0,0.00062272145,held_fold
ISIC_6000142,0,0.0028307808,held_fold
ISIC_6000889,0,0.022602286,held_fold
ISIC_6002622,0,0.08509502,held_fold
ISIC_6003494,0,0.00080509606,held_fold
ISIC_6004540,0,0.0017063153,held_fold
ISIC_6006795,0,0.00056594715,held_fold
ISIC_6013568,0,0.0024066393,held_fold
ISIC_6016197,0,0.00434393,held_fold
ISIC_6016330,0,0.0033802458,held_fold
ISIC_6017897,0,0.0029563955,held_fold
ISIC_6019322,0,0.00038648097,held_fold
ISIC_6019374,0,0.029851634,held_fold
ISIC_6019516,0,0.00071681454,held_fold
ISIC_6020615,0,0.007006668,held_fold
ISIC_6020636,0,0.0016234461,held_fold
ISIC_6022423,0,0.0028638793,held_fold
ISIC_6023504,0,0.028035553,held_fold
ISIC_6023518,0,0.002520802,held_fold
ISIC_6024691,0,0.01931728,held_fold
ISIC_6025224,0,0.0019461957,held_fold
ISIC_6028622,0,0.0026931225,held_fold
ISIC_6030901,0,0.0008449792,held_fold
ISIC_6033222,0,0.0013875128,held_fold
ISIC_6035362,0,0.0018608574,held_fold
ISIC_6041346,0,0.009334819,held_fold
ISIC_6041880,0,0.0010596269,held_fold
ISIC_6043051,0,0.0016810489,held_fold
ISIC_6047070,0,0.00845993,held_fold
ISIC_6049499,0,0.008129063,held_fold
ISIC_6050281,0,0.0007044023,held_fold
ISIC_6051598,0,0.0018490113,held_fold
ISIC_6052702,0,0.0007126484,held_fold
ISIC_6052995,0,0.0019406102,held_fold
ISIC_6053980,0,0.005322447,held_fold
ISIC_6054420,0,0.031297393,held_fold
ISIC_6057455,0,0.0016937839,held_fold
ISIC_6058822,0,0.02633027,held_fold
ISIC_6062638,0,0.011325451,held_fold
ISIC_6062657,0,0.00082677,held_fold
ISIC_6063007,0,0.0054963185,held_fold
ISIC_6065618,0,0.0035694558,held_fold
ISIC_6067058,0,0.0035287347,held_fold
ISIC_6072001,0,0.0003972396,held_fold
ISIC_6076242,0,0.0020562331,held_fold
ISIC_6078211,0,0.0063290927,held_fold
ISIC_6081091,0,0.0011026216,held_fold
ISIC_6081985,0,0.0049034134,held_fold
ISIC_6089318,1,0.057419747,held_fold
ISIC_6090848,0,0.017914014,held_fold
ISIC_6092849,0,0.014698329,held_fold
ISIC_6092911,0,0.015277188,held_fold
ISIC_6093728,0,0.016714795,held_fold
ISIC_6096306,0,0.0005551155,held_fold
ISIC_6096541,0,0.003477122,held_fold
ISIC_6096598,0,0.009585951,held_fold
ISIC_6099309,0,0.0013187791,held_fold
ISIC_6100064,0,0.0029821342,held_fold
ISIC_6101341,0,0.0008345935,held_fold
ISIC_6107273,0,0.010917898,held_fold
ISIC_6110788,0,0.0524788,held_fold
ISIC_6111078,0,0.0057778494,held_fold
ISIC_6113524,0,0.002221861,held_fold
ISIC_6116536,0,0.0021711045,held_fold
ISIC_6121393,0,0.00075712695,held_fold
ISIC_6124127,0,0.0018639988,held_fold
ISIC_6124481,1,0.032621983,held_fold
ISIC_6125014,0,0.010257936,held_fold
ISIC_6125652,1,0.07134974,held_fold
ISIC_6127074,0,0.04690705,held_fold
ISIC_6127167,0,0.0012601388,held_fold
ISIC_6127495,0,0.025084352,held_fold
ISIC_6131501,0,0.0016895343,held_fold
ISIC_6132976,0,0.006167823,held_fold
ISIC_6133418,0,0.010575322,held_fold
ISIC_6133988,0,0.0009277062,held_fold
ISIC_6138246,0,0.0016274104,held_fold
ISIC_6141422,0,0.00042277318,held_fold
ISIC_6142525,0,0.0013013701,held_fold
ISIC_6144716,0,0.0022415186,held_fold
ISIC_6151555,0,0.0025103958,held_fold
ISIC_6153134,0,0.0031946218,held_fold
ISIC_6153728,0,0.0046596616,held_fold
ISIC_6153896,0,0.00094587944,held_fold
ISIC_6155782,0,0.004135283,held_fold
ISIC_6155981,0,0.00073372526,held_fold
ISIC_6158021,0,0.0065661217,held_fold
ISIC_6161876,0,0.0011413064,held_fold
ISIC_6162609,0,0.0012485868,held_fold
ISIC_6162663,0,0.0040336824,held_fold
ISIC_6162711,0,0.0016158674,held_fold
ISIC_6163926,0,0.0082419375,held_fold
ISIC_6165627,0,0.002987227,held_fold
ISIC_6166247,0,0.00059707416,held_fold
ISIC_6167855,0,0.0024523465,held_fold
ISIC_6168754,0,0.0014234857,held_fold
ISIC_6173977,0,0.004243245,held_fold
ISIC_6174735,0,0.001516288,held_fold
ISIC_6174933,0,0.013181839,held_fold
ISIC_6176182,0,0.0040623383,held_fold
ISIC_6176518,0,0.0038268517,held_fold
ISIC_6178088,0,0.00038418992,held_fold
ISIC_6178350,0,0.010931804,held_fold
ISIC_6180030,0,0.0011976212,held_fold
ISIC_6182833,0,0.005270736,held_fold
ISIC_6184190,0,0.013243375,held_fold
ISIC_6186813,0,0.00093972316,held_fold
ISIC_6188916,0,0.0008252799,held_fold
ISIC_6189075,0,0.0007184654,held_fold
ISIC_6189375,0,0.0072158114,held_fold
ISIC_6192108,0,0.024745245,held_fold
ISIC_6197608,0,0.0019400599,held_fold
ISIC_6205288,0,0.0022712562,held_fold
ISIC_6208762,0,0.0007953349,held_fold
ISIC_6208775,0,0.0033308403,held_fold
ISIC_6210500,0,0.005099644,held_fold
ISIC_6216261,0,0.008569521,held_fold
ISIC_6217184,0,0.006749962,held_fold
ISIC_6224828,0,0.002487494,held_fold
ISIC_6225107,0,0.011995189,held_fold
ISIC_6225303,0,0.0016819029,held_fold
ISIC_6225409,0,0.006912779,held_fold
ISIC_6231450,0,0.0054104575,held_fold
ISIC_6242842,0,0.00032756713,held_fold
ISIC_6243238,0,0.0008484695,held_fold
ISIC_6245809,0,0.0032224983,held_fold
ISIC_6247314,0,0.0027644534,held_fold
ISIC_6248789,0,0.005562883,held_fold
ISIC_6254324,0,0.0155080585,held_fold
ISIC_6255494,0,0.0021002826,held_fold
ISIC_6255613,0,0.0011141993,held_fold
ISIC_6256797,0,0.001676426,held_fold
ISIC_6257804,0,0.004544668,held_fold
ISIC_6257952,0,0.0030151817,held_fold
ISIC_6258246,0,0.025886122,held_fold
ISIC_6260485,0,0.001597501,held_fold
ISIC_6264379,0,0.0043981853,held_fold
ISIC_6265284,0,0.0018966728,held_fold
ISIC_6267455,0,0.0034492265,held_fold
ISIC_6267562,0,0.012918716,held_fold
ISIC_6268546,0,0.0015376601,held_fold
ISIC_6269166,1,0.024347553,held_fold
ISIC_6269414,0,0.011908096,held_fold
ISIC_6269556,0,0.0025165684,held_fold
ISIC_6273566,0,0.0053956565,held_fold
ISIC_6274020,0,0.026932612,held_fold
ISIC_6278584,0,0.007992141,held_fold
ISIC_6279017,0,0.011848397,held_fold
ISIC_6281419,0,0.00062039396,held_fold
ISIC_6284704,0,0.00096017815,held_fold
ISIC_6287575,0,0.007365066,held_fold
ISIC_6287803,0,0.009772236,held_fold
ISIC_6291051,0,0.0015205098,held_fold
ISIC_6292209,0,0.010563104,held_fold
ISIC_6293132,0,0.00032591957,held_fold
ISIC_6293829,0,0.00069610425,held_fold
ISIC_6297408,0,0.00043815293,held_fold
ISIC_6303154,0,0.013623226,held_fold
ISIC_6304007,0,0.0030073079,held_fold
ISIC_6304412,0,0.0034796242,held_fold
ISIC_6310591,0,0.017758625,held_fold
ISIC_6312590,0,0.0032456273,held_fold
ISIC_6313487,1,0.13226303,held_fold
ISIC_6315037,0,0.002285346,held_fold
ISIC_6316410,0,0.01640344,held_fold
ISIC_6321119,0,0.0033402722,held_fold
ISIC_6322191,0,0.0007669557,held_fold
ISIC_6323199,0,0.007097722,held_fold
ISIC_6323489,0,0.0012639156,held_fold
ISIC_6324832,0,0.00067948404,held_fold
ISIC_6328526,0,0.008066469,held_fold
ISIC_6328606,0,0.0016321517,held_fold
ISIC_6330808,0,0.0124640595,held_fold
ISIC_6335490,0,0.006235362,held_fold
ISIC_6336141,0,0.0038308748,held_fold
ISIC_6339509,0,0.03687668,held_fold
ISIC_6340018,0,0.02066734,held_fold
ISIC_6340529,0,0.00064131,held_fold
ISIC_6341685,0,0.010368192,held_fold
ISIC_6343199,0,0.0017542795,held_fold
ISIC_6344114,0,0.1941994,held_fold
ISIC_6344673,0,0.00229251,held_fold
ISIC_6345354,0,0.0017051274,held_fold
ISIC_6347269,0,0.006973282,held_fold
ISIC_6352726,0,0.003336945,held_fold
ISIC_6352730,0,0.0007271029,held_fold
ISIC_6353527,0,0.018757397,held_fold
ISIC_6355245,0,0.00084757945,held_fold
ISIC_6355353,1,0.016432902,held_fold
ISIC_6357644,0,0.0015527413,held_fold
ISIC_6358383,0,0.020300409,held_fold
ISIC_6363862,0,0.005069713,held_fold
ISIC_6364051,0,0.0076873605,held_fold
ISIC_6371233,0,0.012956006,held_fold
ISIC_6373500,0,0.0032203146,held_fold
ISIC_6376959,0,0.0006910316,held_fold
ISIC_6377578,0,0.00091404875,held_fold
ISIC_6379690,0,0.00032315415,held_fold
ISIC_6380662,0,0.0006409379,held_fold
ISIC_6383193,0,0.0025934041,held_fold
ISIC_6383486,0,0.003357443,held_fold
ISIC_6383922,0,0.0004119488,held_fold
ISIC_6384559,0,0.011985201,held_fold
ISIC_6384997,0,0.00109332,held_fold
ISIC_6385074,0,0.00037839648,held_fold
ISIC_6385374,0,0.008899263,held_fold
ISIC_6390738,0,0.00071208016,held_fold
ISIC_6391835,0,0.0022041826,held_fold
ISIC_6392461,1,0.022486996,held_fold
ISIC_6393699,0,0.001124081,held_fold
ISIC_6394612,0,0.0015888285,held_fold
ISIC_6396565,0,0.0019213166,held_fold
ISIC_6398669,1,0.013523806,held_fold
ISIC_6399275,0,0.00083380577,held_fold
ISIC_6399303,0,0.0016274492,held_fold
ISIC_6400815,0,0.041107085,held_fold
ISIC_6401355,0,0.001197502,held_fold
ISIC_6402680,0,0.008730168,held_fold
ISIC_6403268,0,0.0008549881,held_fold
ISIC_6404238,0,0.0007898645,held_fold
ISIC_6405298,0,0.011389225,held_fold
ISIC_6405981,0,0.001588685,held_fold
ISIC_6407004,0,0.004331183,held_fold
ISIC_6407230,0,0.0011583925,held_fold
ISIC_6408480,0,0.0049996674,held_fold
ISIC_6409296,0,0.035053328,held_fold
ISIC_6411466,0,0.00067389087,held_fold
ISIC_6412486,0,0.0011254755,held_fold
ISIC_6413382,0,0.005850898,held_fold
ISIC_6415466,0,0.0006989171,held_fold
ISIC_6420431,0,0.0016521966,held_fold
ISIC_6422862,0,0.0010199483,held_fold
ISIC_6423301,0,0.0021411036,held_fold
ISIC_6423914,0,0.0035411266,held_fold
ISIC_6425807,0,0.0009813238,held_fold
ISIC_6425888,0,0.0053074225,held_fold
ISIC_6432495,0,0.0035252152,held_fold
ISIC_6433551,0,0.03201197,held_fold
ISIC_6434605,0,0.0016593152,held_fold
ISIC_6435644,0,0.0073278234,held_fold
ISIC_6438174,0,0.017850528,held_fold
ISIC_6438355,0,0.002183318,held_fold
ISIC_6440753,0,0.0007402851,held_fold
ISIC_6444653,0,0.016088512,held_fold
ISIC_6446616,0,0.00090221834,held_fold
ISIC_6447071,0,0.006711942,held_fold
ISIC_6447681,0,0.017709568,held_fold
ISIC_6448063,0,0.015042135,held_fold
ISIC_6449939,0,0.0009271509,held_fold
ISIC_6450517,0,0.001185146,held_fold
ISIC_6450756,0,0.019048765,held_fold
ISIC_6451230,0,0.0020090232,held_fold
ISIC_6453506,0,0.00068444235,held_fold
ISIC_6455702,0,0.0019385454,held_fold
ISIC_6457849,0,0.0011559564,held_fold
ISIC_6459796,0,0.0038354197,held_fold
ISIC_6460696,0,0.0005230964,held_fold
ISIC_6464177,0,0.010698829,held_fold
ISIC_6464905,0,0.0141873155,held_fold
ISIC_6466611,0,0.0011495173,held_fold
ISIC_6467876,0,0.0019029306,held_fold
ISIC_6470697,0,0.0013518133,held_fold
ISIC_6477782,0,0.0011815863,held_fold
ISIC_6479999,0,0.00068809895,held_fold
ISIC_6480784,0,0.0039718905,held_fold
ISIC_6482239,0,0.001434305,held_fold
ISIC_6484136,0,0.06080873,held_fold
ISIC_6485050,0,0.009182594,held_fold
ISIC_6486815,0,0.0071823234,held_fold
ISIC_6486856,0,0.0047070007,held_fold
ISIC_6487809,0,0.0012264637,held_fold
ISIC_6490895,0,0.0016776297,held_fold
ISIC_6496927,0,0.006709511,held_fold
ISIC_6497797,0,0.0016209123,held_fold
ISIC_6498670,0,0.002386727,held_fold
ISIC_6500094,0,0.003245959,held_fold
ISIC_6500700,0,0.007859101,held_fold
ISIC_6506429,0,0.020094981,held_fold
ISIC_6506481,0,0.0009705691,held_fold
ISIC_6507412,0,0.0011958999,held_fold
ISIC_6507640,0,0.00077031075,held_fold
ISIC_6509682,1,0.020541172,held_fold
ISIC_6510403,0,0.01563478,held_fold
ISIC_6512878,0,0.15459362,held_fold
ISIC_6513575,0,0.0010870482,held_fold
ISIC_6513977,0,0.00097200804,held_fold
ISIC_6515221,0,0.02480931,held_fold
ISIC_6515241,0,0.00047488775,held_fold
ISIC_6524052,0,0.0039909836,held_fold
ISIC_6524810,0,0.0060098046,held_fold
ISIC_6527464,0,0.0043424293,held_fold
ISIC_6528080,0,0.0022474707,held_fold
ISIC_6528650,0,0.017774187,held_fold
ISIC_6529773,0,0.0039600334,held_fold
ISIC_6530659,0,0.0022904803,held_fold
ISIC_6533307,0,0.0019222113,held_fold
ISIC_6534346,0,0.027232252,held_fold
ISIC_6538955,0,0.0033891017,held_fold
ISIC_6539116,0,0.0014695836,held_fold
ISIC_6540624,0,0.025937822,held_fold
ISIC_6543121,0,0.0035512622,held_fold
ISIC_6543564,0,0.0006834558,held_fold
ISIC_6544548,0,0.0017731984,held_fold
ISIC_6545051,0,0.0018397911,held_fold
ISIC_6547083,0,0.001864895,held_fold
ISIC_6547379,0,0.038972482,held_fold
ISIC_6547605,0,0.012796891,held_fold
ISIC_6547878,0,0.0015654609,held_fold
ISIC_6549908,0,0.02768395,held_fold
ISIC_6550427,0,0.0023138027,held_fold
ISIC_6551532,0,0.0025286097,held_fold
ISIC_6553389,0,0.005233355,held_fold
ISIC_6553768,0,0.0008426138,held_fold
ISIC_6556473,0,0.0013621885,held_fold
ISIC_6559979,0,0.0012832358,held_fold
ISIC_6561787,0,0.031427786,held_fold
ISIC_6563211,0,0.0031381545,held_fold
ISIC_6563761,0,0.021792304,held_fold
ISIC_6564034,0,0.0060522105,held_fold
ISIC_6564818,0,0.00055690017,held_fold
ISIC_6565709,0,0.0034028357,held_fold
ISIC_6567382,0,0.001287267,held_fold
ISIC_6568247,0,0.011885821,held_fold
ISIC_6570611,0,0.020865042,held_fold
ISIC_6571305,0,0.001081281,held_fold
ISIC_6571335,0,0.015223989,held_fold
ISIC_6571459,0,0.0084519945,held_fold
ISIC_6571597,0,0.0012063042,held_fold
ISIC_6572463,0,0.0054333424,held_fold
ISIC_6572646,0,0.0010629218,held_fold
ISIC_6576397,0,0.00083740545,held_fold
ISIC_6576549,0,0.008024547,held_fold
ISIC_6581665,0,0.0011103584,held_fold
ISIC_6582783,0,0.010992135,held_fold
ISIC_6584847,0,0.001571297,held_fold
ISIC_6586052,0,0.0029345597,held_fold
ISIC_6588756,0,0.025429234,held_fold
ISIC_6588853,0,0.0054633566,held_fold
ISIC_6593826,0,0.003231305,held_fold
ISIC_6594273,0,0.002526667,held_fold
ISIC_6602724,0,0.0020020707,held_fold
ISIC_6607895,0,0.0052693356,held_fold
ISIC_6608281,0,0.0019891842,held_fold
ISIC_6608507,0,0.042211987,held_fold
ISIC_6608618,0,0.0009976599,held_fold
ISIC_6609931,0,0.0007211675,held_fold
ISIC_6610645,0,0.0014984651,held_fold
ISIC_6613228,0,0.0023583397,held_fold
ISIC_6615566,0,0.034071438,held_fold
ISIC_6616174,0,0.004562067,held_fold
ISIC_6617840,0,0.0017041236,held_fold
ISIC_6618652,0,0.0017233014,held_fold
ISIC_6619970,0,0.0042698765,held_fold
ISIC_6622594,0,0.000530527,held_fold
ISIC_6622892,0,0.006381436,held_fold
ISIC_6627142,0,0.008452674,held_fold
ISIC_6627659,0,0.0019013906,held_fold
ISIC_6628544,0,0.0015143444,held_fold
ISIC_6632997,0,0.0036119388,held_fold
ISIC_6636275,0,0.0014473025,held_fold
ISIC_6636720,0,0.009396171,held_fold
ISIC_6637323,0,0.00080342,held_fold
ISIC_6638892,0,0.0019854987,held_fold
ISIC_6640753,0,0.0015240359,held_fold
ISIC_6644265,0,0.0009987549,held_fold
ISIC_6646410,0,0.01377727,held_fold
ISIC_6646749,0,0.0018811267,held_fold
ISIC_6651931,0,0.002112223,held_fold
ISIC_6652211,0,0.024041355,held_fold
ISIC_6653311,0,0.0071887397,held_fold
ISIC_6653456,0,0.02454819,held_fold
ISIC_6660516,0,0.006655627,held_fold
ISIC_6661691,0,0.0057112337,held_fold
ISIC_6661904,0,0.020407548,held_fold
ISIC_6661910,0,0.017257545,held_fold
ISIC_6664275,0,0.027589522,held_fold
ISIC_6665380,0,0.0389347,held_fold
ISIC_6665515,0,0.00086504204,held_fold
ISIC_6668604,0,0.0031849202,held_fold
ISIC_6668859,0,0.0029321718,held_fold
ISIC_6673875,0,0.028502377,held_fold
ISIC_6674202,0,0.0033876395,held_fold
ISIC_6676568,0,0.011073356,held_fold
ISIC_6676705,0,0.0035629154,held_fold
ISIC_6680873,0,0.0015088157,held_fold
ISIC_6681346,0,0.0059045916,held_fold
ISIC_6683756,0,0.0015426957,held_fold
ISIC_6686144,0,0.0018638498,held_fold
ISIC_6687927,0,0.00083877944,held_fold
ISIC_6688311,0,0.0015777368,held_fold
ISIC_6689593,0,0.003458192,held_fold
ISIC_6689717,0,0.00086775067,held_fold
ISIC_6690049,0,0.002016213,held_fold
ISIC_6691092,0,0.00052326295,held_fold
ISIC_6696515,0,0.0049655447,held_fold
ISIC_6696536,0,0.0012345227,held_fold
ISIC_6698186,0,0.0010218258,held_fold
ISIC_6701139,0,0.001036645,held_fold
ISIC_6702684,0,0.0018498271,held_fold
ISIC_6703021,0,0.0012634065,held_fold
ISIC_6703027,0,0.0074307984,held_fold
ISIC_6704036,0,0.0016941861,held_fold
ISIC_6704130,0,0.0012240013,held_fold
ISIC_6706289,0,0.0021401797,held_fold
ISIC_6706678,0,0.007049308,held_fold
ISIC_6708968,0,0.030804599,held_fold
ISIC_6709052,0,0.0041808244,held_fold
ISIC_6712470,0,0.008776142,held_fold
ISIC_6713062,0,0.0049077943,held_fold
ISIC_6716036,0,0.0010175079,held_fold
ISIC_6721304,0,0.006563494,held_fold
ISIC_6723937,0,0.0047779265,held_fold
ISIC_6725390,0,0.00085495505,held_fold
ISIC_6725760,0,0.00073504343,held_fold
ISIC_6725828,0,0.010208317,held_fold
ISIC_6726495,0,0.014756088,held_fold
ISIC_6727495,0,0.008261961,held_fold
ISIC_6729594,0,0.0027132595,held_fold
ISIC_6731796,0,0.0026341984,held_fold
ISIC_6735970,0,0.014866889,held_fold
ISIC_6738013,0,0.0015130456,held_fold
ISIC_6747026,0,0.004287913,held_fold
ISIC_6749688,0,0.002299384,held_fold
ISIC_6753364,0,0.005825787,held_fold
ISIC_6753425,0,0.007999183,held_fold
ISIC_6754034,0,0.03465684,held_fold
ISIC_6754749,0,0.0008417684,held_fold
ISIC_6756517,0,0.008984626,held_fold
ISIC_6758042,0,0.01656324,held_fold
ISIC_6759319,0,0.001880865,held_fold
ISIC_6761980,0,0.0008546908,held_fold
ISIC_6764541,0,0.004209899,held_fold
ISIC_6767017,0,0.0025118063,held_fold
ISIC_6772067,0,0.01006099,held_fold
ISIC_6774796,0,0.0029772865,held_fold
ISIC_6778483,0,0.0050283424,held_fold
ISIC_6778756,0,0.0016674346,held_fold
ISIC_6779354,0,0.0027092267,held_fold
ISIC_6781075,0,0.007904669,held_fold
ISIC_6781637,0,0.0013986969,held_fold
ISIC_6781665,0,0.0118437195,held_fold
ISIC_6784722,0,0.021827005,held_fold
ISIC_6787097,0,0.0039667534,held_fold
ISIC_6789876,0,0.0013968465,held_fold
ISIC_6790949,0,0.0056765894,held_fold
ISIC_6792155,0,0.006403317,held_fold
ISIC_6794321,0,0.00061125495,held_fold
ISIC_6794899,0,0.02485425,held_fold
ISIC_6795009,0,0.0033049923,held_fold
ISIC_6798880,0,0.0002775058,held_fold
ISIC_6804665,0,0.017555412,held_fold
ISIC_6814478,0,0.064000785,held_fold
ISIC_6815524,0,0.00069748115,held_fold
ISIC_6815672,0,0.02802438,held_fold
ISIC_6817651,0,0.011209766,held_fold
ISIC_6826081,0,0.0012543555,held_fold
ISIC_6827929,0,0.0014368397,held_fold
ISIC_6828587,0,0.057731833,held_fold
ISIC_6831482,0,0.015877964,held_fold
ISIC_6841294,1,0.119573325,held_fold
ISIC_6841752,0,0.0011690948,held_fold
ISIC_6844282,0,0.022037223,held_fold
ISIC_6845907,0,0.018501211,held_fold
ISIC_6847317,0,0.0021159742,held_fold
ISIC_6848560,0,0.0019382179,held_fold
ISIC_6852275,0,0.0060218945,held_fold
ISIC_6852281,0,0.009302899,held_fold
ISIC_6853087,0,0.014187371,held_fold
ISIC_6853657,0,0.001513032,held_fold
ISIC_6853786,0,0.002269135,held_fold
ISIC_6854940,0,0.002603531,held_fold
ISIC_6855125,0,0.0005103715,held_fold
ISIC_6857334,0,0.0006749562,held_fold
ISIC_6858074,0,0.016483195,held_fold
ISIC_6858892,0,0.0033295488,held_fold
ISIC_6859159,0,0.013203058,held_fold
ISIC_6866526,0,0.0029042484,held_fold
ISIC_6872792,0,0.019350529,held_fold
ISIC_6873669,0,0.013927589,held_fold
ISIC_6874316,0,0.003088388,held_fold
ISIC_6876297,0,0.02876218,held_fold
ISIC_6876309,0,0.013208687,held_fold
ISIC_6876820,0,0.004312388,held_fold
ISIC_6878588,0,0.21982124,held_fold
ISIC_6879085,0,0.0025625252,held_fold
ISIC_6880164,0,0.0019492804,held_fold
ISIC_6882582,0,0.0076937717,held_fold
ISIC_6888012,0,0.0008491238,held_fold
ISIC_6888353,0,0.0028556052,held_fold
ISIC_6889965,0,0.0035563172,held_fold
ISIC_6890820,0,0.002228885,held_fold
ISIC_6893552,0,0.022748532,held_fold
ISIC_6896427,0,0.0035472263,held_fold
ISIC_6898059,0,0.0080579305,held_fold
ISIC_6898841,0,0.0016738684,held_fold
ISIC_6899551,0,0.008954967,held_fold
ISIC_6900579,0,0.005539471,held_fold
ISIC_6901340,0,0.00379779,held_fold
ISIC_6901681,0,0.0053232526,held_fold
ISIC_6903643,0,0.001088203,held_fold
ISIC_6904082,1,0.055793617,held_fold
ISIC_6904410,0,0.0008376999,held_fold
ISIC_6905594,0,0.0008968342,held_fold
ISIC_6906203,0,0.003050914,held_fold
ISIC_6908286,0,0.002513544,held_fold
ISIC_6915759,0,0.07329354,held_fold
ISIC_6916987,0,0.003550779,held_fold
ISIC_6928607,0,0.0038709077,held_fold
ISIC_6930690,0,0.017330594,held_fold
ISIC_6930828,0,0.014504819,held_fold
ISIC_6933471,0,0.0020405576,held_fold
ISIC_6933978,0,0.0013424379,held_fold
ISIC_6934211,0,0.0017803193,held_fold
ISIC_6938489,0,0.0022978757,held_fold
ISIC_6938905,0,0.026263883,held_fold
ISIC_6940677,0,0.0011570294,held_fold
ISIC_6941441,0,0.0019556177,held_fold
ISIC_6943717,0,0.011078762,held_fold
ISIC_6944466,0,0.03390207,held_fold
ISIC_6944481,0,0.00095969165,held_fold
ISIC_6945725,0,0.008260309,held_fold
ISIC_6946260,0,0.0042918744,held_fold
ISIC_6947870,0,0.0013068265,held_fold
ISIC_6949941,0,0.0033446786,held_fold
ISIC_6952773,0,0.0019454438,held_fold
ISIC_6954577,0,0.0026313837,held_fold
ISIC_6955095,0,0.0048238924,held_fold
ISIC_6955799,0,0.0025906072,held_fold
ISIC_6959018,0,0.009141168,held_fold
ISIC_6963252,0,0.01059285,held_fold
ISIC_6967033,0,0.0063278754,held_fold
ISIC_6968422,0,0.0017132472,held_fold
ISIC_6968972,0,0.0030878405,held_fold
ISIC_6968982,0,0.013819882,held_fold
ISIC_6970181,0,0.0037124997,held_fold
ISIC_6970271,0,0.0013238555,held_fold
ISIC_6973257,0,0.020610388,held_fold
ISIC_6974005,0,0.0059999744,held_fold
ISIC_6974286,0,0.0019257455,held_fold
ISIC_6977097,0,0.022398273,held_fold
ISIC_6977581,0,0.02101299,held_fold
ISIC_6986010,0,0.014076227,held_fold
ISIC_6991849,0,0.00573994,held_fold
ISIC_6992267,0,0.025963996,held_fold
ISIC_6992709,0,0.0015563753,held_fold
ISIC_6997349,0,0.0014834427,held_fold
ISIC_7002323,0,0.001104089,held_fold
ISIC_7006312,0,0.00034449747,held_fold
ISIC_7009273,0,0.0013491284,held_fold
ISIC_7011753,0,0.0029258733,held_fold
ISIC_7012881,0,0.0017657048,held_fold
ISIC_7013418,0,0.0014679891,held_fold
ISIC_7013991,0,0.0011069145,held_fold
ISIC_7015694,0,0.01941018,held_fold
ISIC_7016839,0,0.0024336607,held_fold
ISIC_7020708,0,0.019916484,held_fold
ISIC_7024662,0,0.02462409,held_fold
ISIC_7024807,0,0.010793656,held_fold
ISIC_7027424,0,0.01736078,held_fold
ISIC_7027536,0,0.0034322075,held_fold
ISIC_7028320,0,0.08844526,held_fold
ISIC_7030974,0,0.0024997126,held_fold
ISIC_7032085,0,0.0012560515,held_fold
ISIC_7032787,0,0.006627076,held_fold
ISIC_7033912,0,0.0063243713,held_fold
ISIC_7035517,0,0.011995528,held_fold
ISIC_7038586,0,0.0036233393,held_fold
ISIC_7041484,0,0.0039521456,held_fold
ISIC_7041558,0,0.0009413371,held_fold
ISIC_7043443,0,0.022818219,held_fold
ISIC_7044173,0,0.001290855,held_fold
ISIC_7046324,0,0.00518032,held_fold
ISIC_7051167,0,0.0008855791,held_fold
ISIC_7052158,0,0.032360557,held_fold
ISIC_7054108,0,0.0028635727,held_fold
ISIC_7056776,0,0.0012781833,held_fold
ISIC_7056918,0,0.025452768,held_fold
ISIC_7058883,0,0.0038743801,held_fold
ISIC_7064137,0,0.0011754973,held_fold
ISIC_7066320,0,0.0023983903,held_fold
ISIC_7066695,0,0.0037563753,held_fold
ISIC_7066945,0,0.005219648,held_fold
ISIC_7067750,0,0.0019780009,held_fold
ISIC_7068021,0,0.0017241243,held_fold
ISIC_7069404,0,0.0007566805,held_fold
ISIC_7069423,0,0.0018438314,held_fold
ISIC_7069853,0,0.014926285,held_fold
ISIC_7071213,0,0.014309228,held_fold
ISIC_7073263,0,0.0060437396,held_fold
ISIC_7079714,0,0.009900845,held_fold
ISIC_7080584,0,0.0020696535,held_fold
ISIC_7082703,0,0.009605174,held_fold
ISIC_7083307,0,0.0071431436,held_fold
ISIC_7084197,0,0.024641415,held_fold
ISIC_7091750,0,0.0027108379,held_fold
ISIC_7095245,0,0.0033721863,held_fold
ISIC_7096946,0,0.0020190207,held_fold
ISIC_7097343,0,0.0004766565,held_fold
ISIC_7100755,1,0.012619927,held_fold
ISIC_7104307,0,0.0039815456,held_fold
ISIC_7105639,0,0.00079178467,held_fold
ISIC_7105681,0,0.0005252811,held_fold
ISIC_7107371,0,0.0029951846,held_fold
ISIC_7115605,0,0.111431405,held_fold
ISIC_7116781,0,0.004194274,held_fold
ISIC_7117338,0,0.0034743058,held_fold
ISIC_7119225,0,0.00057510706,held_fold
ISIC_7121198,0,0.0076394225,held_fold
ISIC_7121344,0,0.008240672,held_fold
ISIC_7124408,0,0.0009862182,held_fold
ISIC_7125023,0,0.0003642222,held_fold
ISIC_7125512,0,0.018968767,held_fold
ISIC_7125703,0,0.0026027085,held_fold
ISIC_7126877,0,0.0012824996,held_fold
ISIC_7128233,0,0.0019482586,held_fold
ISIC_7128674,0,0.0072843274,held_fold
ISIC_7129085,0,0.028680809,held_fold
ISIC_7135134,0,0.0012255273,held_fold
ISIC_7136995,0,0.0010947979,held_fold
ISIC_7137773,0,0.0054063355,held_fold
ISIC_7139484,0,0.000739247,held_fold
ISIC_7140636,0,0.07162542,held_fold
ISIC_7140783,0,0.00079068384,held_fold
ISIC_7143388,0,0.026353708,held_fold
ISIC_7144795,0,0.0017596276,held_fold
ISIC_7145266,0,0.0034948224,held_fold
ISIC_7145969,0,0.0034362322,held_fold
ISIC_7148656,0,0.1665836,held_fold
ISIC_7150966,0,0.038962025,held_fold
ISIC_7152347,0,0.0049086,held_fold
ISIC_7153240,0,0.003914249,held_fold
ISIC_7155873,0,0.0019457836,held_fold
ISIC_7156715,0,0.0015142132,held_fold
ISIC_7161002,0,0.0004948463,held_fold
ISIC_7161069,0,0.0022063577,held_fold
ISIC_7162343,0,0.023183579,held_fold
ISIC_7162711,0,0.024235431,held_fold
ISIC_7164076,0,0.0004874683,held_fold
ISIC_7167473,0,0.0007014815,held_fold
ISIC_7168604,0,0.0033858551,held_fold
ISIC_7170391,0,0.0005855946,held_fold
ISIC_7170431,0,0.0011206826,held_fold
ISIC_7171799,0,0.0025786234,held_fold
ISIC_7173520,0,0.0032670642,held_fold
ISIC_7173850,0,0.00057700236,held_fold
ISIC_7175127,0,0.0023645433,held_fold
ISIC_7179067,0,0.0006668863,held_fold
ISIC_7180332,0,0.023018839,held_fold
ISIC_7181396,0,0.0064392374,held_fold
ISIC_7182677,0,0.0063997693,held_fold
ISIC_7183212,1,0.005279513,held_fold
ISIC_7183931,0,0.0011327071,held_fold
ISIC_7185157,0,0.0026030503,held_fold
ISIC_7187577,0,0.0034748819,held_fold
ISIC_7188330,0,0.025429843,held_fold
ISIC_7192331,0,0.015829047,held_fold
ISIC_7194695,0,0.054473966,held_fold
ISIC_7195168,0,0.021548802,held_fold
ISIC_7199167,0,0.008937207,held_fold
ISIC_7204331,0,0.021952538,held_fold
ISIC_7205039,0,0.019847019,held_fold
ISIC_7205863,0,0.004188558,held_fold
ISIC_7207496,0,0.013762519,held_fold
ISIC_7207715,0,0.00039876104,held_fold
ISIC_7210752,0,0.0013343755,held_fold
ISIC_7212312,0,0.0029509303,held_fold
ISIC_7212966,0,0.010655054,held_fold
ISIC_7216772,0,0.0040882695,held_fold
ISIC_7219262,0,0.0012165392,held_fold
ISIC_7220538,0,0.0019478471,held_fold
ISIC_7226381,0,0.0005902785,held_fold
ISIC_7227599,0,0.0036072072,held_fold
ISIC_7230027,0,0.002235482,held_fold
ISIC_7230304,0,0.0034464658,held_fold
ISIC_7231735,0,0.018973105,held_fold
ISIC_7232375,0,0.0062961197,held_fold
ISIC_7236143,0,0.03999971,held_fold
ISIC_7238139,0,0.0028180864,held_fold
ISIC_7240224,0,0.002431337,held_fold
ISIC_7240424,0,0.0020186845,held_fold
ISIC_7240915,0,0.02107686,held_fold
ISIC_7243256,0,0.0021515961,held_fold
ISIC_7243593,0,0.001826615,held_fold
ISIC_7244323,0,0.00071249186,held_fold
ISIC_7246096,0,0.0076099164,held_fold
ISIC_7248532,0,0.0023073074,held_fold
ISIC_7248566,0,0.0004390861,held_fold
ISIC_7250813,0,0.00048098218,held_fold
ISIC_7259980,0,0.0010916684,held_fold
ISIC_7260013,0,0.012279144,held_fold
ISIC_7260492,0,0.0006260587,held_fold
ISIC_7266940,0,0.013180649,held_fold
ISIC_7268804,0,0.007320803,held_fold
ISIC_7270858,0,0.00093182724,held_fold
ISIC_7272509,0,0.029649492,held_fold
ISIC_7273853,0,0.0022181557,held_fold
ISIC_7279098,0,0.02994674,held_fold
ISIC_7281014,0,0.0012215787,held_fold
ISIC_7286958,0,0.040841985,held_fold
ISIC_7287053,0,0.002292111,held_fold
ISIC_7287161,0,0.00079103495,held_fold
ISIC_7287338,0,0.0042010867,held_fold
ISIC_7288627,0,0.0029680566,held_fold
ISIC_7288949,0,0.015801193,held_fold
ISIC_7292533,0,0.0010395081,held_fold
ISIC_7294446,0,0.02487572,held_fold
ISIC_7298784,0,0.0016443031,held_fold
ISIC_7301029,0,0.0142839085,held_fold
ISIC_7302456,0,0.00069151714,held_fold
ISIC_7309600,0,0.014026688,held_fold
ISIC_7312781,0,0.0013536518,held_fold
ISIC_7313390,0,0.0004727598,held_fold
ISIC_7313923,0,0.0067917104,held_fold
ISIC_7315641,0,0.04256101,held_fold
ISIC_7316364,0,0.001080415,held_fold
ISIC_7316871,0,0.036951084,held_fold
ISIC_7319707,0,0.02387821,held_fold
ISIC_7321132,0,0.0044417814,held_fold
ISIC_7322169,0,0.0021948956,held_fold
ISIC_7324228,0,0.0016048424,held_fold
ISIC_7324840,0,0.0069380007,held_fold
ISIC_7326713,0,0.0044680363,held_fold
ISIC_7327087,0,0.0030214807,held_fold
ISIC_7332657,0,0.0075280857,held_fold
ISIC_7334875,0,0.0109753,held_fold
ISIC_7335785,0,0.0005955555,held_fold
ISIC_7337194,0,0.001614867,held_fold
ISIC_7338634,0,0.0009673384,held_fold
ISIC_7338760,0,0.005323495,held_fold
ISIC_7338843,0,0.0005635975,held_fold
ISIC_7342741,0,0.046021078,held_fold
ISIC_7344014,0,0.0010261871,held_fold
ISIC_7345367,0,0.0036852367,held_fold
ISIC_7345709,0,0.00090271246,held_fold
ISIC_7346739,1,0.022201007,held_fold
ISIC_7351007,0,0.0016885896,held_fold
ISIC_7353070,0,0.00062297855,held_fold
ISIC_7356472,0,0.0018622804,held_fold
ISIC_7356589,0,0.0025752382,held_fold
ISIC_7357474,0,0.0008555586,held_fold
ISIC_7358425,0,0.00092296605,held_fold
ISIC_7358848,0,0.082084335,held_fold
ISIC_7358998,0,0.0101825055,held_fold
ISIC_7360101,0,0.022832176,held_fold
ISIC_7364411,0,0.0033819694,held_fold
ISIC_7365445,0,0.0026262465,held_fold
ISIC_7367323,0,0.0009456339,held_fold
ISIC_7368046,0,0.00093417586,held_fold
ISIC_7369843,0,0.013437367,held_fold
ISIC_7370756,0,0.002425109,held_fold
ISIC_7372459,0,0.0008833261,held_fold
ISIC_7380364,0,0.0025070845,held_fold
ISIC_7382594,0,0.010584143,held_fold
ISIC_7383044,0,0.00087046565,held_fold
ISIC_7383585,0,0.027510017,held_fold
ISIC_7384638,0,0.012711998,held_fold
ISIC_7389320,0,0.0025051679,held_fold
ISIC_7394756,0,0.010726735,held_fold
ISIC_7394834,0,0.00091768586,held_fold
ISIC_7394897,0,0.003588373,held_fold
ISIC_7395166,0,0.005861275,held_fold
ISIC_7399970,0,0.0044031637,held_fold
ISIC_7401893,0,0.0009806349,held_fold
ISIC_7402256,0,0.004688627,held_fold
ISIC_7404937,0,0.001300633,held_fold
ISIC_7409797,0,0.00060131587,held_fold
ISIC_7410598,0,0.00043030232,held_fold
ISIC_7410677,0,0.008682866,held_fold
ISIC_7413098,0,0.0021015443,held_fold
ISIC_7413468,0,0.002544357,held_fold
ISIC_7414124,0,0.002025073,held_fold
ISIC_7416797,0,0.0019903586,held_fold
ISIC_7418760,0,0.0030755072,held_fold
ISIC_7422026,0,0.0010074337,held_fold
ISIC_7423788,0,0.002629946,held_fold
ISIC_7424320,0,0.009380397,held_fold
ISIC_7430481,0,0.010880978,held_fold
ISIC_7431480,0,0.00316723,held_fold
ISIC_7434918,0,0.0020477585,held_fold
ISIC_7436377,0,0.0011809585,held_fold
ISIC_7438913,0,0.0010668581,held_fold
ISIC_7439160,0,0.0015235209,held_fold
ISIC_7441917,0,0.0042032558,held_fold
ISIC_7445800,0,0.0006931171,held_fold
ISIC_7446443,0,0.0055048373,held_fold
ISIC_7452503,0,0.0012069276,held_fold
ISIC_7452767,0,0.0007509367,held_fold
ISIC_7453902,0,0.0041414048,held_fold
ISIC_7456769,0,0.0011497748,held_fold
ISIC_7458272,0,0.0013176699,held_fold
ISIC_7459066,0,0.0011814181,held_fold
ISIC_7459410,0,0.008619524,held_fold
ISIC_7460111,0,0.02309298,held_fold
ISIC_7460444,0,0.027402485,held_fold
ISIC_7461086,0,0.0009423708,held_fold
ISIC_7462746,0,0.006381064,held_fold
ISIC_7465209,0,0.017921273,held_fold
ISIC_7465753,0,0.0045983903,held_fold
ISIC_7466101,0,0.011299367,held_fold
ISIC_7468182,0,0.0010122851,held_fold
ISIC_7468407,0,0.02248294,held_fold
ISIC_7468410,0,0.0005693501,held_fold
ISIC_7471517,0,0.024366139,held_fold
ISIC_7474949,0,0.0005011394,held_fold
ISIC_7474994,0,0.0016781619,held_fold
ISIC_7477006,0,0.013787938,held_fold
ISIC_7477754,0,0.0027585155,held_fold
ISIC_7477771,0,0.006718943,held_fold
ISIC_7480166,0,0.00097087055,held_fold
ISIC_7481978,0,0.00044145738,held_fold
ISIC_7482149,0,0.001524999,held_fold
ISIC_7484011,0,0.0007251245,held_fold
ISIC_7484618,0,0.00060570036,held_fold
ISIC_7489895,0,0.0011684586,held_fold
ISIC_7491217,0,0.017450504,held_fold
ISIC_7495148,0,0.037741087,held_fold
ISIC_7495157,0,0.0040359357,held_fold
ISIC_7495971,0,0.0054816473,held_fold
ISIC_7496225,0,0.0048993994,held_fold
ISIC_7496511,0,0.008876047,held_fold
ISIC_7498132,0,0.0009679856,held_fold
ISIC_7498716,0,0.011856042,held_fold
ISIC_7499769,0,0.004682745,held_fold
ISIC_7503521,0,0.009454398,held_fold
ISIC_7503950,1,0.029860506,held_fold
ISIC_7504741,0,0.002777057,held_fold
ISIC_7505533,0,0.021119716,held_fold
ISIC_7505675,0,0.00079028757,held_fold
ISIC_7507065,0,0.006728312,held_fold
ISIC_7507286,0,0.02347973,held_fold
ISIC_7507808,0,0.005456689,held_fold
ISIC_7508320,0,0.0088058505,held_fold
ISIC_7509837,0,0.010993317,held_fold
ISIC_7511557,0,0.0013804027,held_fold
ISIC_7513139,0,0.0017711215,held_fold
ISIC_7513677,0,0.010886615,held_fold
ISIC_7514840,0,0.0022889834,held_fold
ISIC_7517099,0,0.02823169,held_fold
ISIC_7519274,0,0.0032560027,held_fold
ISIC_7522199,0,0.03503316,held_fold
ISIC_7523330,0,0.009976028,held_fold
ISIC_7524426,0,0.0020817895,held_fold
ISIC_7527413,0,0.02175658,held_fold
ISIC_7533216,0,0.008232207,held_fold
ISIC_7536704,1,0.078037106,held_fold
ISIC_7539588,0,0.0028443267,held_fold
ISIC_7540824,0,0.000964948,held_fold
ISIC_7543874,0,0.0066060987,held_fold
ISIC_7544251,0,0.0021226865,held_fold
ISIC_7546192,0,0.0032262914,held_fold
ISIC_7547609,0,0.043360002,held_fold
ISIC_7548405,0,0.013765975,held_fold
ISIC_7548923,0,0.0018735273,held_fold
ISIC_7549398,0,0.0032568043,held_fold
ISIC_7552521,0,0.0009761001,held_fold
ISIC_7555016,0,0.0047869366,held_fold
ISIC_7559435,0,0.0047344,held_fold
ISIC_7560157,0,0.045292057,held_fold
ISIC_7561521,0,0.0073416447,held_fold
ISIC_7562175,0,0.000924128,held_fold
ISIC_7564040,0,0.0049287435,held_fold
ISIC_7566403,0,0.0012832377,held_fold
ISIC_7567374,0,0.0048618494,held_fold
ISIC_7570834,0,0.006016762,held_fold
ISIC_7571957,0,0.007661324,held_fold
ISIC_7572137,0,0.0040308693,held_fold
ISIC_7574666,0,0.027193164,held_fold
ISIC_7575131,0,0.002261724,held_fold
ISIC_7575246,0,0.021069465,held_fold
ISIC_7575644,0,0.01482602,held_fold
ISIC_7575815,0,0.0008737202,held_fold
ISIC_7576735,0,0.007910078,held_fold
ISIC_7582764,0,0.0022258922,held_fold
ISIC_7583644,0,0.0015687482,held_fold
ISIC_7583922,0,0.0077924756,held_fold
ISIC_7585280,0,0.0023954485,held_fold
ISIC_7585550,0,0.00065325847,held_fold
ISIC_7585924,0,0.0025060258,held_fold
ISIC_7586566,0,0.018943561,held_fold
ISIC_7587006,0,0.008663838,held_fold
ISIC_7589802,0,0.0016484744,held_fold
ISIC_7593561,0,0.00073470344,held_fold
ISIC_7594124,0,0.0022552148,held_fold
ISIC_7594625,0,0.020933252,held_fold
ISIC_7595826,0,0.0064126593,held_fold
ISIC_7596866,0,0.006342932,held_fold
ISIC_7598658,0,0.0016344028,held_fold
ISIC_7600348,0,0.0031393259,held_fold
ISIC_7601364,0,0.0009560184,held_fold
ISIC_7602656,0,0.004758466,held_fold
ISIC_7603831,0,0.031063419,held_fold
ISIC_7604870,0,0.0019016956,held_fold
ISIC_7607101,0,0.0012905421,held_fold
ISIC_7607107,0,0.0008961496,held_fold
ISIC_7607335,0,0.00091478846,held_fold
ISIC_7609643,0,0.006775101,held_fold
ISIC_7612427,0,0.0046597146,held_fold
ISIC_7612589,0,0.0049533206,held_fold
ISIC_7615896,0,0.008851696,held_fold
ISIC_7617445,0,0.001737657,held_fold
ISIC_7619041,0,0.014518853,held_fold
ISIC_7619234,0,0.0012646876,held_fold
ISIC_7620347,0,0.04948405,held_fold
ISIC_7622520,0,0.0025463437,held_fold
ISIC_7626632,0,0.00655589,held_fold
ISIC_7628175,0,0.0024168568,held_fold
ISIC_7629264,0,0.0014626844,held_fold
ISIC_7632525,0,0.019571727,held_fold
ISIC_7634151,0,0.023261152,held_fold
ISIC_7634281,0,0.0014222973,held_fold
ISIC_7635056,0,0.018589191,held_fold
ISIC_7637091,0,0.0048423638,held_fold
ISIC_7637801,0,0.001615912,held_fold
ISIC_7638574,0,0.0062705176,held_fold
ISIC_7642500,0,0.0024739278,held_fold
ISIC_7643396,0,0.0048121014,held_fold
ISIC_7643603,0,0.00044322122,held_fold
ISIC_7644571,0,0.0013229739,held_fold
ISIC_7646866,0,0.000703899,held_fold
ISIC_7647201,0,0.002895335,held_fold
ISIC_7649562,0,0.009745961,held_fold
ISIC_7649781,0,0.0021642952,held_fold
ISIC_7650216,0,0.012304854,held_fold
ISIC_7650369,0,0.0015768831,held_fold
ISIC_7652615,0,0.034881905,held_fold
ISIC_7653121,0,0.0017462042,held_fold
ISIC_7656935,0,0.004963917,held_fold
ISIC_7657085,0,0.0026701665,held_fold
ISIC_7658006,0,0.016562944,held_fold
ISIC_7661657,0,0.0028195516,held_fold
ISIC_7665526,0,0.068725556,held_fold
ISIC_7665645,0,0.0052368143,held_fold
ISIC_7668206,0,0.0017385522,held_fold
ISIC_7670149,0,0.010765949,held_fold
ISIC_7671589,0,0.0016756816,held_fold
ISIC_7671776,0,0.008775155,held_fold
ISIC_7671972,0,0.0007350246,held_fold
ISIC_7672895,0,0.009061774,held_fold
ISIC_7677461,0,0.002138998,held_fold
ISIC_7677876,0,0.0017108291,held_fold
ISIC_7683437,0,0.00044908485,held_fold
ISIC_7685761,0,0.0038450598,held_fold
ISIC_7686795,0,0.001166958,held_fold
ISIC_7687686,0,0.0004898382,held_fold
ISIC_7690228,0,0.0042917584,held_fold
ISIC_7691262,0,0.00938435,held_fold
ISIC_7693995,0,0.00070869614,held_fold
ISIC_7694028,0,0.013974391,held_fold
ISIC_7694184,0,0.0015790896,held_fold
ISIC_7694877,0,0.0026657905,held_fold
ISIC_7697022,0,0.00068766304,held_fold
ISIC_7697445,0,0.0018186321,held_fold
ISIC_7701105,0,0.0011116401,held_fold
ISIC_7702225,0,0.0030970783,held_fold
ISIC_7704533,0,0.009099661,held_fold
ISIC_7705876,0,0.0051864665,held_fold
ISIC_7706215,0,0.023011463,held_fold
ISIC_7709419,0,0.0009286396,held_fold
ISIC_7709611,0,0.0018642509,held_fold
ISIC_7710816,0,0.002111406,held_fold
ISIC_7711688,0,0.006589881,held_fold
ISIC_7711947,0,0.004820076,held_fold
ISIC_7712138,0,0.030128045,held_fold
ISIC_7712996,0,0.002106844,held_fold
ISIC_7713180,0,0.011638302,held_fold
ISIC_7714981,0,0.006179876,held_fold
ISIC_7715315,0,0.0020720973,held_fold
ISIC_7723150,0,0.002000126,held_fold
ISIC_7724906,0,0.027262215,held_fold
ISIC_7727347,0,0.007944801,held_fold
ISIC_7727960,0,0.0052340277,held_fold
ISIC_7728520,0,0.004359115,held_fold
ISIC_7729573,0,0.0022060396,held_fold
ISIC_7737437,0,0.008670709,held_fold
ISIC_7738923,0,0.026124427,held_fold
ISIC_7744571,0,0.0006679463,held_fold
ISIC_7745175,0,0.000772628,held_fold
ISIC_7750508,0,0.0019477486,held_fold
ISIC_7750544,0,0.012638698,held_fold
ISIC_7753375,0,0.006008119,held_fold
ISIC_7753753,0,0.0019728304,held_fold
ISIC_7754416,0,0.0011453251,held_fold
ISIC_7756791,0,0.0013643464,held_fold
ISIC_7759376,0,0.005603552,held_fold
ISIC_7759630,0,0.002603791,held_fold
ISIC_7760219,0,0.0052438388,held_fold
ISIC_7760920,0,0.0013530349,held_fold
ISIC_7760948,0,0.01156549,held_fold
ISIC_7761884,0,0.004584369,held_fold
ISIC_7762499,0,0.0018092162,held_fold
ISIC_7763701,0,0.0014613458,held_fold
ISIC_7764481,0,0.01352366,held_fold
ISIC_7767350,0,0.0040152213,held_fold
ISIC_7767423,0,0.004864951,held_fold
ISIC_7769639,0,0.0021594737,held_fold
ISIC_7769827,0,0.0016729541,held_fold
ISIC_7771615,0,0.0008403471,held_fold
ISIC_7775535,0,0.0014921707,held_fold
ISIC_7777873,0,0.0020272986,held_fold
ISIC_7779225,0,0.0005808547,held_fold
ISIC_7779685,0,0.0014736629,held_fold
ISIC_7780704,0,0.0030818458,held_fold
ISIC_7783914,0,0.0012881873,held_fold
ISIC_7784796,0,0.00034794086,held_fold
ISIC_7791478,0,0.00084778335,held_fold
ISIC_7792073,0,0.005596667,held_fold
ISIC_7796174,0,0.003555074,held_fold
ISIC_7797745,0,0.0031584008,held_fold
ISIC_7798403,0,0.008593555,held_fold
ISIC_7800170,0,0.0020006115,held_fold
ISIC_7800415,0,0.021302512,held_fold
ISIC_7801815,0,0.012060795,held_fold
ISIC_7803010,0,0.0019819096,held_fold
ISIC_7803118,0,0.0008216844,held_fold
ISIC_7803496,0,0.0034757971,held_fold
ISIC_7804919,0,0.00061277155,held_fold
ISIC_7806040,0,0.0026585725,held_fold
ISIC_7806612,0,0.0026368469,held_fold
ISIC_7806765,0,0.0016733395,held_fold
ISIC_7807235,0,0.026593324,held_fold
ISIC_7808132,0,0.001107156,held_fold
ISIC_7809643,0,0.00047455248,held_fold
ISIC_7811951,0,0.010533941,held_fold
ISIC_7814144,0,0.003958766,held_fold
ISIC_7815762,0,0.0015118367,held_fold
ISIC_7816367,0,0.0013317766,held_fold
ISIC_7818429,0,0.009862291,held_fold
ISIC_7819084,0,0.0022800278,held_fold
ISIC_7821676,0,0.002433238,held_fold
ISIC_7823773,0,0.0017591896,held_fold
ISIC_7824206,0,0.0024092258,held_fold
ISIC_7824250,0,0.1038744,held_fold
ISIC_7824420,0,0.012395343,held_fold
ISIC_7824688,0,0.00085521303,held_fold
ISIC_7826983,0,0.0010653508,held_fold
ISIC_7827067,0,0.0030758362,held_fold
ISIC_7828320,0,0.06723624,held_fold
ISIC_7830937,0,0.006937978,held_fold
ISIC_7832323,0,0.0023016515,held_fold
ISIC_7833195,0,0.001878513,held_fold
ISIC_7836872,0,0.0059963837,held_fold
ISIC_7839220,0,0.004504292,held_fold
ISIC_7841085,0,0.00064430456,held_fold
ISIC_7841317,0,0.0013485034,held_fold
ISIC_7842567,0,0.0023401869,held_fold
ISIC_7843406,0,0.016772881,held_fold
ISIC_7844276,0,0.0069313445,held_fold
ISIC_7845281,0,0.024029877,held_fold
ISIC_7847294,0,0.0070593753,held_fold
ISIC_7850058,0,0.0016637912,held_fold
ISIC_7850191,0,0.0011494216,held_fold
ISIC_7850786,0,0.0007129282,held_fold
ISIC_7850884,0,0.007501931,held_fold
ISIC_7851399,0,0.0010061006,held_fold
ISIC_7852508,0,0.024586588,held_fold
ISIC_7852759,0,0.0008464685,held_fold
ISIC_7853136,0,0.0009283782,held_fold
ISIC_7857144,0,0.00058934756,held_fold
ISIC_7859801,0,0.011121469,held_fold
ISIC_7867320,0,0.005249167,held_fold
ISIC_7868525,0,0.0027649163,held_fold
ISIC_7868855,0,0.007278754,held_fold
ISIC_7869953,0,0.010820403,held_fold
ISIC_7873885,0,0.00256951,held_fold
ISIC_7875959,0,0.00361523,held_fold
ISIC_7876620,0,0.0011035979,held_fold
ISIC_7879597,0,0.001604103,held_fold
ISIC_7880046,0,0.0015383103,held_fold
ISIC_7880706,0,0.0017911778,held_fold
ISIC_7881514,0,0.013179104,held_fold
ISIC_7882053,0,0.0014684672,held_fold
ISIC_7885531,0,0.0023352948,held_fold
ISIC_7888672,0,0.0005654713,held_fold
ISIC_7890383,0,0.031546008,held_fold
ISIC_7891992,0,0.0042512123,held_fold
ISIC_7892276,0,0.0044837403,held_fold
ISIC_7895093,0,0.0037494795,held_fold
ISIC_7896667,0,0.0010347727,held_fold
ISIC_7897374,0,0.0020952667,held_fold
ISIC_7897626,0,0.007561276,held_fold
ISIC_7900295,0,0.00086882827,held_fold
ISIC_7901662,0,0.0076434077,held_fold
ISIC_7901891,0,0.030075768,held_fold
ISIC_7903213,0,0.0027696548,held_fold
ISIC_7903561,0,0.0011118404,held_fold
ISIC_7903873,0,0.00041710955,held_fold
ISIC_7904191,0,0.00075240654,held_fold
ISIC_7905714,0,0.003412075,held_fold
ISIC_7907113,0,0.0005357274,held_fold
ISIC_7907304,0,0.001064675,held_fold
ISIC_7907808,0,0.0048953025,held_fold
ISIC_7908575,0,0.16329204,held_fold
ISIC_7911353,0,0.0011768036,held_fold
ISIC_7912183,0,0.0026829345,held_fold
ISIC_7915094,0,0.0007612319,held_fold
ISIC_7915366,0,0.000745621,held_fold
ISIC_7917961,0,0.0012260678,held_fold
ISIC_7920705,0,0.0041960985,held_fold
ISIC_7924119,0,0.0007924753,held_fold
ISIC_7929089,0,0.0019210678,held_fold
ISIC_7929649,0,0.0122278435,held_fold
ISIC_7932466,0,0.07043041,held_fold
ISIC_7932658,0,0.004112235,held_fold
ISIC_7933565,0,0.005159584,held_fold
ISIC_7935007,0,0.0039001112,held_fold
ISIC_7936798,0,0.00070437405,held_fold
ISIC_7937728,0,0.0013534738,held_fold
ISIC_7940137,0,0.0029989872,held_fold
ISIC_7940744,0,0.0021698817,held_fold
ISIC_7942323,0,0.00076742587,held_fold
ISIC_7947847,0,0.00063197216,held_fold
ISIC_7948290,1,0.0047028875,held_fold
ISIC_7949832,0,0.0025767072,held_fold
ISIC_7950240,0,0.00056772406,held_fold
ISIC_7956925,0,0.058670484,held_fold
ISIC_7957630,0,0.0036830574,held_fold
ISIC_7958439,0,0.0013745761,held_fold
ISIC_7960251,0,0.011787976,held_fold
ISIC_7960953,0,0.026588215,held_fold
ISIC_7966295,0,0.002488437,held_fold
ISIC_7967586,0,0.0034068727,held_fold
ISIC_7968733,0,0.0032116293,held_fold
ISIC_7969673,0,0.0012076147,held_fold
ISIC_7970478,0,0.00058506103,held_fold
ISIC_7972675,0,0.0011690013,held_fold
ISIC_7972756,0,0.08715273,held_fold
ISIC_7974409,0,0.0012768693,held_fold
ISIC_7975613,0,0.0053197313,held_fold
ISIC_7976463,0,0.0028060514,held_fold
ISIC_7976522,0,0.021387558,held_fold
ISIC_7977871,0,0.024819069,held_fold
ISIC_7978358,0,0.0038800454,held_fold
ISIC_7984985,0,0.036148157,held_fold
ISIC_7985659,0,0.06982754,held_fold
ISIC_7987407,0,0.022749405,held_fold
ISIC_7988726,0,0.002601605,held_fold
ISIC_7989119,0,0.00040075643,held_fold
ISIC_7989205,0,0.0022591753,held_fold
ISIC_7991159,0,0.00048768576,held_fold
ISIC_7991305,0,0.0063364115,held_fold
ISIC_7991424,0,0.03547841,held_fold
ISIC_7991740,0,0.0028234436,held_fold
ISIC_7991932,0,0.0010758159,held_fold
ISIC_7993653,0,0.0014002222,held_fold
ISIC_7996054,0,0.00052964356,held_fold
ISIC_7997461,0,0.006658711,held_fold
ISIC_8000880,0,0.001737825,held_fold
ISIC_8001757,0,0.0013523457,held_fold
ISIC_8002875,1,0.10222987,held_fold
ISIC_8004811,0,0.0052522277,held_fold
ISIC_8008356,0,0.036318835,held_fold
ISIC_8008932,0,0.033739235,held_fold
ISIC_8009201,0,0.0012358474,held_fold
ISIC_8011058,1,0.014299856,held_fold
ISIC_8011403,0,0.033756137,held_fold
ISIC_8012279,0,0.00042118426,held_fold
ISIC_8013946,0,0.0004888568,held_fold
ISIC_8015990,0,0.0011527308,held_fold
ISIC_8017829,0,0.0017829337,held_fold
ISIC_8024647,0,0.0007674865,held_fold
ISIC_8025243,0,0.0037352853,held_fold
ISIC_8025644,0,0.0014004977,held_fold
ISIC_8026249,0,0.038273476,held_fold
ISIC_8028126,0,0.002727342,held_fold
ISIC_8029954,0,0.00038640216,held_fold
ISIC_8030063,0,0.04189195,held_fold
ISIC_8031776,0,0.0069460873,held_fold
ISIC_8032520,0,0.0031240096,held_fold
ISIC_8033131,0,0.0010604337,held_fold
ISIC_8034738,0,0.011632949,held_fold
ISIC_8034792,0,0.0074912454,held_fold
ISIC_8035790,0,0.0139620425,held_fold
ISIC_8036544,0,0.0016372873,held_fold
ISIC_8038427,0,0.02013438,held_fold
ISIC_8039056,0,0.00080382545,held_fold
ISIC_8041078,0,0.023423899,held_fold
ISIC_8041953,0,0.009307418,held_fold
ISIC_8042423,0,0.008710763,held_fold
ISIC_8043887,0,0.00062781066,held_fold
ISIC_8044526,0,0.000419933,held_fold
ISIC_8045105,0,0.0016078898,held_fold
ISIC_8045277,0,0.023591576,held_fold
ISIC_8049738,0,0.02448126,held_fold
ISIC_8049923,0,0.0006753403,held_fold
ISIC_8050763,0,0.039011676,held_fold
ISIC_8051015,0,0.003327812,held_fold
ISIC_8051579,0,0.0058862222,held_fold
ISIC_8052769,1,0.009421103,held_fold
ISIC_8053432,0,0.0019557164,held_fold
ISIC_8053864,0,0.0011062641,held_fold
ISIC_8055525,0,0.0021185381,held_fold
ISIC_8055992,0,0.00027859933,held_fold
ISIC_8059246,0,0.001934622,held_fold
ISIC_8064759,0,0.007799418,held_fold
ISIC_8066191,0,0.004345975,held_fold
ISIC_8066391,0,0.0008816591,held_fold
ISIC_8066487,0,0.0015656399,held_fold
ISIC_8069416,0,0.049984466,held_fold
ISIC_8071131,0,0.0027719948,held_fold
ISIC_8073568,0,0.019670317,held_fold
ISIC_8075868,0,0.00081050047,held_fold
ISIC_8089289,0,0.0011981884,held_fold
ISIC_8090739,0,0.0068478044,held_fold
ISIC_8094432,0,0.008251154,held_fold
ISIC_8095966,0,0.0009843231,held_fold
ISIC_8096904,0,0.0007072381,held_fold
ISIC_8097600,0,0.0020827972,held_fold
ISIC_8099296,0,0.005711055,held_fold
ISIC_8099354,0,0.0071773403,held_fold
ISIC_8101117,0,0.0105565535,held_fold
ISIC_8102580,0,0.036210645,held_fold
ISIC_8105845,0,0.0012527836,held_fold
ISIC_8108090,0,0.0014338489,held_fold
ISIC_8108870,0,0.003418247,held_fold
ISIC_8109433,0,0.0017048749,held_fold
ISIC_8112306,0,0.00081163965,held_fold
ISIC_8114321,0,0.015295714,held_fold
ISIC_8116363,0,0.0028156596,held_fold
ISIC_8116716,0,0.002037376,held_fold
ISIC_8118312,0,0.0026114648,held_fold
ISIC_8119105,0,0.0024115627,held_fold
ISIC_8119115,0,0.001827281,held_fold
ISIC_8121679,0,0.030275397,held_fold
ISIC_8123257,0,0.0012395114,held_fold
ISIC_8124459,0,0.0010214254,held_fold
ISIC_8125621,0,0.0035696682,held_fold
ISIC_8127242,0,0.010072561,held_fold
ISIC_8129907,0,0.0024902723,held_fold
ISIC_8130007,0,0.00162735,held_fold
ISIC_8132874,0,0.0011506403,held_fold
ISIC_8140229,0,0.00073538953,held_fold
ISIC_8142461,0,0.009955873,held_fold
ISIC_8145260,0,0.002830805,held_fold
ISIC_8147189,0,0.0018967622,held_fold
ISIC_8148300,0,0.0012055128,held_fold
ISIC_8150300,0,0.0005668997,held_fold
ISIC_8150469,0,0.0028761388,held_fold
ISIC_8151437,0,0.012880245,held_fold
ISIC_8151700,0,0.014954683,held_fold
ISIC_8151991,0,0.009726496,held_fold
ISIC_8153237,0,0.002219228,held_fold
ISIC_8154358,0,0.0019355069,held_fold
ISIC_8155634,0,0.008264247,held_fold
ISIC_8157303,0,0.0020127008,held_fold
ISIC_8157405,0,0.007173427,held_fold
ISIC_8157972,0,0.009725614,held_fold
ISIC_8158542,0,0.0035162065,held_fold
ISIC_8159779,0,0.0009950693,held_fold
ISIC_8160979,0,0.0020873176,held_fold
ISIC_8163269,0,0.0015143084,held_fold
ISIC_8164676,0,0.00089765276,held_fold
ISIC_8165434,0,0.030161282,held_fold
ISIC_8166690,0,0.011172008,held_fold
ISIC_8167062,0,0.001982215,held_fold
ISIC_8168507,0,0.001065261,held_fold
ISIC_8170115,0,0.001227415,held_fold
ISIC_8172795,0,0.000934475,held_fold
ISIC_8174925,0,0.0041246205,held_fold
ISIC_8177108,0,0.0017710464,held_fold
ISIC_8184471,0,0.030078176,held_fold
ISIC_8187997,0,0.0011594794,held_fold
ISIC_8188597,0,0.034425743,held_fold
ISIC_8189863,0,0.004119222,held_fold
ISIC_8190321,0,0.10092718,held_fold
ISIC_8190660,0,0.012921854,held_fold
ISIC_8191809,0,0.004147234,held_fold
ISIC_8194465,0,0.011742094,held_fold
ISIC_8195062,0,0.03643904,held_fold
ISIC_8195528,0,0.0008007205,held_fold
ISIC_8196859,0,0.000650275,held_fold
ISIC_8199467,0,0.0019246826,held_fold
ISIC_8200593,0,0.0003544691,held_fold
ISIC_8200928,0,0.0012080312,held_fold
ISIC_8202573,0,0.00086860027,held_fold
ISIC_8206290,0,0.006772259,held_fold
ISIC_8206577,0,0.0031474107,held_fold
ISIC_8207162,0,0.0024558802,held_fold
ISIC_8208962,0,0.04104032,held_fold
ISIC_8212536,0,0.0021784697,held_fold
ISIC_8212937,0,0.04670082,held_fold
ISIC_8215842,0,0.0019663656,held_fold
ISIC_8218058,0,0.014146953,held_fold
ISIC_8222134,0,0.000904339,held_fold
ISIC_8222678,0,0.10073242,held_fold
ISIC_8223051,0,0.012132091,held_fold
ISIC_8225018,0,0.019401971,held_fold
ISIC_8228595,0,0.0006535966,held_fold
ISIC_8228671,0,0.0060572177,held_fold
ISIC_8229770,0,0.0010261075,held_fold
ISIC_8229833,0,0.0034548151,held_fold
ISIC_8230318,1,0.022576483,held_fold
ISIC_8231594,0,0.005475918,held_fold
ISIC_8231949,0,0.019306919,held_fold
ISIC_8231999,1,0.04138524,held_fold
ISIC_8233378,0,0.00058919814,held_fold
ISIC_8233560,0,0.0024848012,held_fold
ISIC_8235969,0,0.000828974,held_fold
ISIC_8236604,0,0.001747522,held_fold
ISIC_8238508,0,0.0005830595,held_fold
ISIC_8239034,0,0.007300258,held_fold
ISIC_8241770,0,0.0043142843,held_fold
ISIC_8242918,0,0.0026268975,held_fold
ISIC_8243312,0,0.00094022555,held_fold
ISIC_8243893,0,0.007840187,held_fold
ISIC_8246858,0,0.013239682,held_fold
ISIC_8247847,0,0.0006352115,held_fold
ISIC_8248941,0,0.0009917516,held_fold
ISIC_8249743,0,0.000740015,held_fold
ISIC_8249766,0,0.0087562045,held_fold
ISIC_8250729,0,0.00068665744,held_fold
ISIC_8251042,0,0.0041424907,held_fold
ISIC_8258795,0,0.0007459212,held_fold
ISIC_8260720,0,0.0009255334,held_fold
ISIC_8262345,0,0.003101386,held_fold
ISIC_8263741,0,0.000990783,held_fold
ISIC_8265045,0,0.007524224,held_fold
ISIC_8266469,0,0.029880852,held_fold
ISIC_8267758,0,0.003061853,held_fold
ISIC_8267961,0,0.0019688855,held_fold
ISIC_8270195,0,0.001915858,held_fold
ISIC_8272138,0,0.00197457,held_fold
ISIC_8275353,0,0.0021149123,held_fold
ISIC_8276583,0,0.009280881,held_fold
ISIC_8277987,0,0.010024189,held_fold
ISIC_8278517,0,0.0006761969,held_fold
ISIC_8278742,0,0.019651687,held_fold
ISIC_8278912,0,0.0019997843,held_fold
ISIC_8278996,0,0.0040945318,held_fold
ISIC_8280581,0,0.0012844984,held_fold
ISIC_8283033,0,0.0069822064,held_fold
ISIC_8284404,0,0.00043186446,held_fold
ISIC_8284602,0,0.00072090916,held_fold
ISIC_8284685,0,0.002216763,held_fold
ISIC_8287528,0,0.113247395,held_fold
ISIC_8291368,0,0.001713314,held_fold
ISIC_8292122,0,0.0013880162,held_fold
ISIC_8293201,0,0.00085980206,held_fold
ISIC_8293930,0,0.0015123313,held_fold
ISIC_8294905,0,0.002415227,held_fold
ISIC_8297517,0,0.006537527,held_fold
ISIC_8297563,0,0.012985053,held_fold
ISIC_8300858,0,0.0011264887,held_fold
ISIC_8304346,0,0.0026835203,held_fold
ISIC_8310944,0,0.0015752309,held_fold
ISIC_8313202,0,0.007822903,held_fold
ISIC_8314055,0,0.0013289587,held_fold
ISIC_8314115,0,0.0023306345,held_fold
ISIC_8314759,0,0.0013787459,held_fold
ISIC_8315128,0,0.061232395,held_fold
ISIC_8316125,0,0.0012109863,held_fold
ISIC_8316885,0,0.005013266,held_fold
ISIC_8318077,0,0.0025400005,held_fold
ISIC_8319058,0,0.00085296115,held_fold
ISIC_8319586,0,0.0029659758,held_fold
ISIC_8321678,0,0.0007485974,held_fold
ISIC_8322239,0,0.024048125,held_fold
ISIC_8323234,0,0.000496381,held_fold
ISIC_8323829,0,0.0050568087,held_fold
ISIC_8324271,0,0.010066163,held_fold
ISIC_8324371,0,0.038895357,held_fold
ISIC_8324681,0,0.0015576459,held_fold
ISIC_8324870,0,0.0032720056,held_fold
ISIC_8324895,0,0.0014492169,held_fold
ISIC_8325107,0,0.00063572236,held_fold
ISIC_8325198,0,0.0011971012,held_fold
ISIC_8325260,0,0.0069086784,held_fold
ISIC_8326957,0,0.0019647314,held_fold
ISIC_8327302,0,0.02411947,held_fold
ISIC_8327352,0,0.0007883399,held_fold
ISIC_8327455,0,0.013158309,held_fold
ISIC_8327485,0,0.0033587036,held_fold
ISIC_8333087,0,0.0008982705,held_fold
ISIC_8334115,0,0.0070066876,held_fold
ISIC_8335489,0,0.01808507,held_fold
ISIC_8335722,0,0.0019152218,held_fold
ISIC_8336956,0,0.0064450335,held_fold
ISIC_8341144,0,0.0005112618,held_fold
ISIC_8342761,0,0.054442566,held_fold
ISIC_8343285,0,0.00074823154,held_fold
ISIC_8343678,0,0.004081389,held_fold
ISIC_8344124,0,0.0007136443,held_fold
ISIC_8345964,0,0.0015160497,held_fold
ISIC_8347165,0,0.014518043,held_fold
ISIC_8347675,0,0.020419944,held_fold
ISIC_8349600,0,0.003557656,held_fold
ISIC_8353156,0,0.0006180094,held_fold
ISIC_8354409,0,0.020596392,held_fold
ISIC_8356805,0,0.024658833,held_fold
ISIC_8362113,0,0.001218014,held_fold
ISIC_8363791,0,0.0013783764,held_fold
ISIC_8366005,0,0.0010730241,held_fold
ISIC_8368870,0,0.014641638,held_fold
ISIC_8373218,0,0.017001009,held_fold
ISIC_8374044,0,0.00082237925,held_fold
ISIC_8374497,0,0.0010752,held_fold
ISIC_8376027,0,0.0014388462,held_fold
ISIC_8378094,0,0.000671779,held_fold
ISIC_8378321,0,0.00079546607,held_fold
ISIC_8378790,0,0.0009228003,held_fold
ISIC_8379890,0,0.00085711834,held_fold
ISIC_8379956,1,0.024654958,held_fold
ISIC_8380527,0,0.01963786,held_fold
ISIC_8380605,0,0.01360033,held_fold
ISIC_8380904,0,0.01399971,held_fold
ISIC_8381608,0,0.0022422909,held_fold
ISIC_8381673,0,0.00070366496,held_fold
ISIC_8383915,0,0.0024277985,held_fold
ISIC_8386146,0,0.00064840354,held_fold
ISIC_8387437,0,0.0015695879,held_fold
ISIC_8388593,0,0.02323404,held_fold
ISIC_8393181,0,0.0027705678,held_fold
ISIC_8397698,0,0.0019305362,held_fold
ISIC_8400393,0,0.02436125,held_fold
ISIC_8406777,0,0.0033358177,held_fold
ISIC_8409053,0,0.00072903105,held_fold
ISIC_8409475,0,0.0069650123,held_fold
ISIC_8414396,0,0.011489899,held_fold
ISIC_8416554,0,0.005191712,held_fold
ISIC_8418506,0,0.0035842804,held_fold
ISIC_8418610,0,0.028875329,held_fold
ISIC_8419036,0,0.0055754744,held_fold
ISIC_8419663,0,0.0017326096,held_fold
ISIC_8420148,0,0.00089800014,held_fold
ISIC_8421394,0,0.0012665017,held_fold
ISIC_8422703,0,0.018092506,held_fold
ISIC_8423312,0,0.0014435984,held_fold
ISIC_8423604,0,0.0010802102,held_fold
ISIC_8424599,0,0.027958851,held_fold
ISIC_8424785,0,0.012730785,held_fold
ISIC_8425338,0,0.002667689,held_fold
ISIC_8425541,0,0.013304869,held_fold
ISIC_8429099,0,0.016547116,held_fold
ISIC_8429564,0,0.0015651286,held_fold
ISIC_8429722,0,0.0006098409,held_fold
ISIC_8430749,0,0.0045155482,held_fold
ISIC_8432001,0,0.002445176,held_fold
ISIC_8434081,0,0.00060817855,held_fold
ISIC_8435651,0,0.0085824095,held_fold
ISIC_8436590,0,0.0067040785,held_fold
ISIC_8438071,0,0.049317814,held_fold
ISIC_8440070,0,0.00066719775,held_fold
ISIC_8442933,0,0.022900699,held_fold
ISIC_8444072,0,0.0021711148,held_fold
ISIC_8445041,0,0.0037173443,held_fold
ISIC_8445238,0,0.0068412507,held_fold
ISIC_8446043,0,0.006464896,held_fold
ISIC_8449514,0,0.033528194,held_fold
ISIC_8450723,0,0.0011721547,held_fold
ISIC_8451130,0,0.004384388,held_fold
ISIC_8451869,0,0.0004211557,held_fold
ISIC_8458149,0,0.00083602936,held_fold
ISIC_8460669,0,0.009866877,held_fold
ISIC_8462445,0,0.0021919382,held_fold
ISIC_8463146,0,0.0062523093,held_fold
ISIC_8467665,0,0.0024851852,held_fold
ISIC_8468957,0,0.0035679583,held_fold
ISIC_8469765,0,0.00046425356,held_fold
ISIC_8474660,0,0.0084340945,held_fold
ISIC_8475681,0,0.0064393072,held_fold
ISIC_8479104,0,0.0061541414,held_fold
ISIC_8479651,0,0.00073459494,held_fold
ISIC_8480329,0,0.0007479374,held_fold
ISIC_8481822,0,0.0057324613,held_fold
ISIC_8484660,0,0.0013359218,held_fold
ISIC_8492463,0,0.0017291558,held_fold
ISIC_8495497,0,0.010684318,held_fold
ISIC_8495875,0,0.009907709,held_fold
ISIC_8496646,0,0.0012725173,held_fold
ISIC_8497457,1,0.018381469,held_fold
ISIC_8502248,0,0.001152599,held_fold
ISIC_8502341,0,0.00086564856,held_fold
ISIC_8504450,0,0.007067606,held_fold
ISIC_8504479,0,0.00061009265,held_fold
ISIC_8504517,0,0.0034867527,held_fold
ISIC_8506003,0,0.0016893543,held_fold
ISIC_8506618,0,0.0114455195,held_fold
ISIC_8509430,0,0.0026656876,held_fold
ISIC_8510975,0,0.009880654,held_fold
ISIC_8515165,0,0.0046410924,held_fold
ISIC_8518406,0,0.0012463607,held_fold
ISIC_8519931,0,0.0013822009,held_fold
ISIC_8525314,0,0.010133161,held_fold
ISIC_8526729,0,0.028601622,held_fold
ISIC_8526902,0,0.0005566627,held_fold
ISIC_8526982,0,0.010419267,held_fold
ISIC_8527330,0,0.004877537,held_fold
ISIC_8528486,0,0.00096477976,held_fold
ISIC_8528824,0,0.0039361194,held_fold
ISIC_8533045,0,0.014481818,held_fold
ISIC_8534863,0,0.001040313,held_fold
ISIC_8535943,0,0.00096717157,held_fold
ISIC_8536138,0,0.0009494174,held_fold
ISIC_8539990,0,0.0024530652,held_fold
ISIC_8541038,0,0.009202289,held_fold
ISIC_8546213,0,0.0011562725,held_fold
ISIC_8546378,0,0.013298949,held_fold
ISIC_8551624,0,0.0120762475,held_fold
ISIC_8554450,0,0.0006118454,held_fold
ISIC_8555960,0,0.0010849386,held_fold
ISIC_8556519,0,0.011272241,held_fold
ISIC_8561070,0,0.037080057,held_fold
ISIC_8561963,0,0.0059539103,held_fold
ISIC_8564527,0,0.0034590107,held_fold
ISIC_8564636,0,0.0015521648,held_fold
ISIC_8566184,0,0.001010299,held_fold
ISIC_8566203,0,0.011478499,held_fold
ISIC_8567027,0,0.00748448,held_fold
ISIC_8567199,0,0.0028867866,held_fold
ISIC_8569148,0,0.0014765882,held_fold
ISIC_8570817,0,0.00060436485,held_fold
ISIC_8571262,0,0.004156962,held_fold
ISIC_8573647,0,0.008621146,held_fold
ISIC_8576068,0,0.0006639216,held_fold
ISIC_8578732,0,0.011497278,held_fold
ISIC_8584089,0,0.0047953078,held_fold
ISIC_8584585,0,0.0019369997,held_fold
ISIC_8585685,0,0.012755122,held_fold
ISIC_8591003,0,0.02192794,held_fold
ISIC_8596724,0,0.008259516,held_fold
ISIC_8597354,0,0.0006705496,held_fold
ISIC_8599384,0,0.002794192,held_fold
ISIC_8600358,0,0.005224401,held_fold
ISIC_8602467,0,0.029808579,held_fold
ISIC_8603124,0,0.002149384,held_fold
ISIC_8603396,0,0.004803389,held_fold
ISIC_8605422,0,0.0012228179,held_fold
ISIC_8608894,0,0.01119408,held_fold
ISIC_8614359,0,0.0023516472,held_fold
ISIC_8614778,0,0.0039791805,held_fold
ISIC_8618266,0,0.003444575,held_fold
ISIC_8624063,0,0.009684597,held_fold
ISIC_8624123,0,0.0026352005,held_fold
ISIC_8626941,0,0.0012235286,held_fold
ISIC_8629973,0,0.0053250124,held_fold
ISIC_8630818,0,0.0039048973,held_fold
ISIC_8631846,0,0.00061466027,held_fold
ISIC_8633719,0,0.005044428,held_fold
ISIC_8633889,0,0.01955,held_fold
ISIC_8634356,0,0.0013706791,held_fold
ISIC_8635903,0,0.0009112392,held_fold
ISIC_8638021,0,0.00080735434,held_fold
ISIC_8638173,0,0.0008841029,held_fold
ISIC_8639771,0,0.0058157616,held_fold
ISIC_8645104,0,0.009865952,held_fold
ISIC_8646276,0,0.025041685,held_fold
ISIC_8647900,0,0.0015157798,held_fold
ISIC_8648090,0,0.0012178754,held_fold
ISIC_8649055,0,0.00067276624,held_fold
ISIC_8651476,0,0.011919441,held_fold
ISIC_8657079,0,0.001184038,held_fold
ISIC_8658037,0,0.031718038,held_fold
ISIC_8658889,0,0.0031443976,held_fold
ISIC_8659694,0,0.002106108,held_fold
ISIC_8661226,0,0.008565705,held_fold
ISIC_8663971,0,0.0032016812,held_fold
ISIC_8664315,0,0.0016614643,held_fold
ISIC_8664819,0,0.00052577077,held_fold
ISIC_8666405,0,0.040945977,held_fold
ISIC_8666637,0,0.0018050314,held_fold
ISIC_8668448,0,0.002222823,held_fold
ISIC_8668530,0,0.00039615712,held_fold
ISIC_8669314,0,0.015208784,held_fold
ISIC_8670684,0,0.0016055737,held_fold
ISIC_8672185,0,0.059696883,held_fold
ISIC_8677110,0,0.0031544499,held_fold
ISIC_8679149,0,0.000931025,held_fold
ISIC_8680421,0,0.0044214334,held_fold
ISIC_8680948,0,0.005447319,held_fold
ISIC_8681290,0,0.006132475,held_fold
ISIC_8681917,0,0.03681026,held_fold
ISIC_8691091,0,0.0012603404,held_fold
ISIC_8691163,0,0.005418392,held_fold
ISIC_8692950,0,0.002184388,held_fold
ISIC_8694888,0,0.021253942,held_fold
ISIC_8695109,0,0.0021448438,held_fold
ISIC_8695317,0,0.08495327,held_fold
ISIC_8699205,0,0.0018620383,held_fold
ISIC_8699453,0,0.07972696,held_fold
ISIC_8700403,0,0.041110076,held_fold
ISIC_8701975,0,0.016721128,held_fold
ISIC_8702706,0,0.0019565672,held_fold
ISIC_8703209,0,0.0014245041,held_fold
ISIC_8704004,0,0.0010723257,held_fold
ISIC_8705626,0,0.0050753946,held_fold
ISIC_8707606,0,0.0023465524,held_fold
ISIC_8715792,0,0.025832757,held_fold
ISIC_8716235,0,0.010470592,held_fold
ISIC_8716644,0,0.0043157474,held_fold
ISIC_8717336,0,0.009167717,held_fold
ISIC_8723815,0,0.0073684305,held_fold
ISIC_8727731,0,0.0006459462,held_fold
ISIC_8729091,0,0.004062917,held_fold
ISIC_8739046,0,0.0010047565,held_fold
ISIC_8739533,0,0.008274673,held_fold
ISIC_8742875,0,0.0033554477,held_fold
ISIC_8747095,0,0.006962935,held_fold
ISIC_8748689,0,0.0013843805,held_fold
ISIC_8750055,0,0.011842096,held_fold
ISIC_8751393,0,0.008856273,held_fold
ISIC_8754461,0,0.014276638,held_fold
ISIC_8755163,0,0.0009533551,held_fold
ISIC_8755714,0,0.010803741,held_fold
ISIC_8757664,0,0.0026660196,held_fold
ISIC_8759073,0,0.0029817866,held_fold
ISIC_8759726,0,0.010281535,held_fold
ISIC_8759744,0,0.00416792,held_fold
ISIC_8759813,0,0.011560813,held_fold
ISIC_8760029,0,0.0046762703,held_fold
ISIC_8760380,0,0.04762479,held_fold
ISIC_8762437,0,0.0021643713,held_fold
ISIC_8764927,0,0.02591106,held_fold
ISIC_8770401,0,0.016630974,held_fold
ISIC_8773685,0,0.0010654827,held_fold
ISIC_8774880,0,0.0025334358,held_fold
ISIC_8776363,0,0.0011794739,held_fold
ISIC_8776661,0,0.021927785,held_fold
ISIC_8777622,0,0.0019791564,held_fold
ISIC_8777866,0,0.001176026,held_fold
ISIC_8778648,0,0.0010390065,held_fold
ISIC_8780547,0,0.0045964,held_fold
ISIC_8781451,0,0.005068787,held_fold
ISIC_8781751,0,0.0026493398,held_fold
ISIC_8783667,0,0.009624152,held_fold
ISIC_8786606,0,0.0011314643,held_fold
ISIC_8789673,0,0.0039416943,held_fold
ISIC_8790198,0,0.0009062872,held_fold
ISIC_8791729,0,0.03542312,held_fold
ISIC_8799089,0,0.0065328525,held_fold
ISIC_8802047,0,0.0010284882,held_fold
ISIC_8804704,0,0.00049523165,held_fold
ISIC_8805000,0,0.0011263115,held_fold
ISIC_8808756,0,0.0007405606,held_fold
ISIC_8812739,0,0.0038743215,held_fold
ISIC_8812781,0,0.0043213977,held_fold
ISIC_8812830,0,0.006391333,held_fold
ISIC_8813303,0,0.0027279775,held_fold
ISIC_8813306,0,0.006095103,held_fold
ISIC_8813415,0,0.046986647,held_fold
ISIC_8813838,0,0.0006056022,held_fold
ISIC_8814843,0,0.00052387157,held_fold
ISIC_8816154,0,0.054723077,held_fold
ISIC_8816494,0,0.001946633,held_fold
ISIC_8821137,0,0.00070149754,held_fold
ISIC_8826643,0,0.0024777704,held_fold
ISIC_8831176,0,0.0021811894,held_fold
ISIC_8831631,0,0.013354375,held_fold
ISIC_8834606,0,0.0099487165,held_fold
ISIC_8835154,0,0.04602204,held_fold
ISIC_8837100,0,0.013042457,held_fold
ISIC_8837792,0,0.005523845,held_fold
ISIC_8838232,0,0.0015574812,held_fold
ISIC_8840271,0,0.0009905584,held_fold
ISIC_8841738,0,0.0013929808,held_fold
ISIC_8841886,0,0.016764946,held_fold
ISIC_8842295,0,0.0012450573,held_fold
ISIC_8842646,0,0.005672699,held_fold
ISIC_8844233,0,0.0021698012,held_fold
ISIC_8845891,0,0.02394368,held_fold
ISIC_8846654,0,0.00071540725,held_fold
ISIC_8847321,0,0.061183598,held_fold
ISIC_8847503,0,0.055750486,held_fold
ISIC_8848134,0,0.015497841,held_fold
ISIC_8848327,0,0.0012732568,held_fold
ISIC_8849117,0,0.00085819827,held_fold
ISIC_8849466,0,0.010841411,held_fold
ISIC_8850826,0,0.035244398,held_fold
ISIC_8853902,0,0.00046214563,held_fold
ISIC_8853995,0,0.0030762572,held_fold
ISIC_8854196,0,0.007148659,held_fold
ISIC_8858877,0,0.007402642,held_fold
ISIC_8862107,0,0.001968462,held_fold
ISIC_8866651,1,0.04750399,held_fold
ISIC_8867555,0,0.034320068,held_fold
ISIC_8867565,0,0.0010165321,held_fold
ISIC_8869249,0,0.003228115,held_fold
ISIC_8872158,1,0.033185944,held_fold
ISIC_8878967,0,0.0030923428,held_fold
ISIC_8882801,0,0.0073436745,held_fold
ISIC_8883212,0,0.0012465852,held_fold
ISIC_8887095,0,0.0023212326,held_fold
ISIC_8887170,0,0.00999209,held_fold
ISIC_8887405,0,0.001210938,held_fold
ISIC_8889010,0,0.0009405132,held_fold
ISIC_8890072,0,0.0025309753,held_fold
ISIC_8891234,0,0.009683053,held_fold
ISIC_8893724,0,0.022294484,held_fold
ISIC_8896223,0,0.0016721865,held_fold
ISIC_8898680,0,0.002450616,held_fold
ISIC_8900012,0,0.002346087,held_fold
ISIC_8901419,0,0.012703537,held_fold
ISIC_8902080,0,0.004685243,held_fold
ISIC_8904256,0,0.003939873,held_fold
ISIC_8905349,0,0.008222581,held_fold
ISIC_8910635,0,0.0024896732,held_fold
ISIC_8911740,0,0.010616564,held_fold
ISIC_8917078,0,0.009311121,held_fold
ISIC_8917755,0,0.022732632,held_fold
ISIC_8920064,0,0.003035342,held_fold
ISIC_8921327,0,0.0024649855,held_fold
ISIC_8921647,0,0.0068475776,held_fold
ISIC_8923673,0,0.01352364,held_fold
ISIC_8924292,0,0.000753987,held_fold
ISIC_8924426,0,0.07527006,held_fold
ISIC_8924853,0,0.0017388923,held_fold
ISIC_8926341,0,0.022297217,held_fold
ISIC_8926892,0,0.012307937,held_fold
ISIC_8926980,0,0.040615465,held_fold
ISIC_8927825,0,0.0043897494,held_fold
ISIC_8933744,0,0.0006940716,held_fold
ISIC_8935984,0,0.0021595224,held_fold
ISIC_8936977,0,0.00707034,held_fold
ISIC_8937646,0,0.0021232124,held_fold
ISIC_8938681,0,0.0015092856,held_fold
ISIC_8938776,0,0.0014735493,held_fold
ISIC_8941586,0,0.001250294,held_fold
ISIC_8944892,0,0.0036018505,held_fold
ISIC_8951449,0,0.0028767474,held_fold
ISIC_8952288,0,0.02663232,held_fold
ISIC_8953242,0,0.0066196183,held_fold
ISIC_8956001,0,0.0010089845,held_fold
ISIC_8957426,0,0.0019380843,held_fold
ISIC_8960763,0,0.11735717,held_fold
ISIC_8965285,0,0.021669386,held_fold
ISIC_8966170,0,0.0021298067,held_fold
ISIC_8967404,0,0.022499572,held_fold
ISIC_8967818,0,0.00064241485,held_fold
ISIC_8970333,0,0.000897377,held_fold
ISIC_8970499,0,0.00035590047,held_fold
ISIC_8972403,0,0.00039868028,held_fold
ISIC_8977933,0,0.0038820398,held_fold
ISIC_8980801,0,0.0028098247,held_fold
ISIC_8981700,0,0.0075172135,held_fold
ISIC_8981851,0,0.0010434376,held_fold
ISIC_8985109,1,0.006128291,held_fold
ISIC_8986997,0,0.0060472814,held_fold
ISIC_8987085,0,0.0016330215,held_fold
ISIC_8989572,0,0.0003661341,held_fold
ISIC_8991530,0,0.08117651,held_fold
ISIC_8991672,0,0.008911746,held_fold
ISIC_8992925,0,0.0061095986,held_fold
ISIC_8996902,0,0.003981018,held_fold
ISIC_8997109,0,0.0025935178,held_fold
ISIC_9000030,0,0.0018954519,held_fold
ISIC_9000226,0,0.00323203,held_fold
ISIC_9000824,1,0.027552718,held_fold
ISIC_9001948,1,0.033629093,held_fold
ISIC_9004995,0,0.012804598,held_fold
ISIC_9008026,0,0.0009314199,held_fold
ISIC_9011777,0,0.0009582192,held_fold
ISIC_9012721,0,0.0017012592,held_fold
ISIC_9013045,0,0.008998171,held_fold
ISIC_9014036,0,0.001654591,held_fold
ISIC_9014786,0,0.000550929,held_fold
ISIC_9015818,0,0.0023526228,held_fold
ISIC_9021889,0,0.01503803,held_fold
ISIC_9022054,0,0.055080105,held_fold
ISIC_9023603,0,0.012845402,held_fold
ISIC_9023945,0,0.016238345,held_fold
ISIC_9024038,0,0.015382015,held_fold
ISIC_9024245,0,0.001779063,held_fold
ISIC_9028177,0,0.001545053,held_fold
ISIC_9028997,0,0.033717766,held_fold
ISIC_9029328,0,0.0012723549,held_fold
ISIC_9037248,0,0.010289307,held_fold
ISIC_9037301,0,0.000417452,held_fold
ISIC_9037423,0,0.01680397,held_fold
ISIC_9037453,0,0.008411708,held_fold
ISIC_9041509,0,0.0014367882,held_fold
ISIC_9041897,0,0.0003104379,held_fold
ISIC_9043344,0,0.018610708,held_fold
ISIC_9043908,0,0.0023308352,held_fold
ISIC_9050608,0,0.0008009567,held_fold
ISIC_9051057,0,0.00081091456,held_fold
ISIC_9051287,0,0.03409964,held_fold
ISIC_9052594,0,0.0005136441,held_fold
ISIC_9053619,0,0.0045009493,held_fold
ISIC_9053699,0,0.008348053,held_fold
ISIC_9053788,0,0.006729931,held_fold
ISIC_9054920,0,0.017353313,held_fold
ISIC_9055357,0,0.0018168445,held_fold
ISIC_9059086,0,0.0070542893,held_fold
ISIC_9059296,0,0.0010797456,held_fold
ISIC_9059686,0,0.030595262,held_fold
ISIC_9060377,0,0.0020659596,held_fold
ISIC_9064053,0,0.015591103,held_fold
ISIC_9066883,0,0.00223446,held_fold
ISIC_9069800,0,0.0003945153,held_fold
ISIC_9071758,0,0.0024641599,held_fold
ISIC_9072309,0,0.0015696498,held_fold
ISIC_9072567,0,0.0037361209,held_fold
ISIC_9076034,0,0.08386895,held_fold
ISIC_9077709,0,0.008776947,held_fold
ISIC_9078100,0,0.0006405532,held_fold
ISIC_9079223,0,0.003709707,held_fold
ISIC_9079489,0,0.0006491108,held_fold
ISIC_9080743,0,0.0015071543,held_fold
ISIC_9080990,0,0.029182406,held_fold
ISIC_9082440,0,0.0019215893,held_fold
ISIC_9083592,0,0.0012889244,held_fold
ISIC_9084483,0,0.016955106,held_fold
ISIC_9085473,0,0.0043299454,held_fold
ISIC_9087581,0,0.02289409,held_fold
ISIC_9087655,0,0.018179234,held_fold
ISIC_9089575,0,0.0009225005,held_fold
ISIC_9089987,0,0.0049843336,held_fold
ISIC_9091415,0,0.0076494063,held_fold
ISIC_9091954,0,0.008553707,held_fold
ISIC_9092759,0,0.036369555,held_fold
ISIC_9094201,0,0.00065356825,held_fold
ISIC_9099529,0,0.023506569,held_fold
ISIC_9102834,0,0.0007544254,held_fold
ISIC_9103422,0,0.0037456537,held_fold
ISIC_9103556,0,0.0013246104,held_fold
ISIC_9105740,0,0.007473433,held_fold
ISIC_9107811,0,0.0011412721,held_fold
ISIC_9109515,0,0.00089176936,held_fold
ISIC_9109847,0,0.0018913121,held_fold
ISIC_9112443,0,0.0011405532,held_fold
ISIC_9114776,0,0.0019713007,held_fold
ISIC_9115001,0,0.0011620396,held_fold
ISIC_9115256,0,0.013812052,held_fold
ISIC_9117456,0,0.0020476184,held_fold
ISIC_9118842,0,0.006456276,held_fold
ISIC_9119271,0,0.0057191434,held_fold
ISIC_9122329,0,0.0003267219,held_fold
ISIC_9127934,0,0.0066224597,held_fold
ISIC_9128304,0,0.01539416,held_fold
ISIC_9134100,0,0.00057432643,held_fold
ISIC_9135390,0,0.0035376172,held_fold
ISIC_9138647,0,0.009815103,held_fold
ISIC_9143795,0,0.00087225536,held_fold
ISIC_9146648,0,0.0012047339,held_fold
ISIC_9150050,0,0.00094748905,held_fold
ISIC_9151409,0,0.0041975295,held_fold
ISIC_9153636,0,0.015114046,held_fold
ISIC_9154282,0,0.0034338816,held_fold
ISIC_9159739,0,0.0038280825,held_fold
ISIC_9160772,0,0.0055600926,held_fold
ISIC_9161341,0,0.0022493983,held_fold
ISIC_9162451,0,0.0010221209,held_fold
ISIC_9162798,0,0.001266515,held_fold
ISIC_9163905,0,0.0030627428,held_fold
ISIC_9165807,0,0.00073728594,held_fold
ISIC_9167285,0,0.000681639,held_fold
ISIC_9167290,0,0.0014459491,held_fold
ISIC_9168779,0,0.010654567,held_fold
ISIC_9169000,0,0.024771128,held_fold
ISIC_9169586,0,0.0013251549,held_fold
ISIC_9172605,0,0.008459079,held_fold
ISIC_9174306,1,0.043646183,held_fold
ISIC_9174347,0,0.03826683,held_fold
ISIC_9174412,0,0.0034045277,held_fold
ISIC_9174830,0,0.030091949,held_fold
ISIC_9177813,0,0.002356274,held_fold
ISIC_9182285,0,0.001557763,held_fold
ISIC_9187978,0,0.003057846,held_fold
ISIC_9190018,0,0.0014234667,held_fold
ISIC_9190784,0,0.0017141339,held_fold
ISIC_9193127,1,0.008142188,held_fold
ISIC_9196819,0,0.0007308397,held_fold
ISIC_9199229,0,0.001800823,held_fold
ISIC_9202278,0,0.0045988746,held_fold
ISIC_9206499,0,0.001744849,held_fold
ISIC_9207137,0,0.0019864494,held_fold
ISIC_9208006,0,0.06415007,held_fold
ISIC_9209515,0,0.0005809535,held_fold
ISIC_9210825,0,0.0006557338,held_fold
ISIC_9211989,0,0.0283924,held_fold
ISIC_9215836,0,0.028867263,held_fold
ISIC_9216989,0,0.0075907675,held_fold
ISIC_9217340,0,0.0051421304,held_fold
ISIC_9223481,0,0.010763319,held_fold
ISIC_9225184,0,0.0010715486,held_fold
ISIC_9225210,0,0.009126685,held_fold
ISIC_9226193,0,0.004301999,held_fold
ISIC_9228224,0,0.0017300943,held_fold
ISIC_9229525,0,0.0011428496,held_fold
ISIC_9230826,0,0.0008539029,held_fold
ISIC_9231263,0,0.0027625929,held_fold
ISIC_9233009,0,0.0007809079,held_fold
ISIC_9235975,0,0.0024342882,held_fold
ISIC_9237244,0,0.022911934,held_fold
ISIC_9237341,0,0.018488131,held_fold
ISIC_9239339,0,0.001028637,held_fold
ISIC_9241093,0,0.0011292471,held_fold
ISIC_9241222,0,0.0013329356,held_fold
ISIC_9241497,0,0.0019084547,held_fold
ISIC_9241722,0,0.0011764213,held_fold
ISIC_9243440,0,0.0013339111,held_fold
ISIC_9244634,0,0.08553913,held_fold
ISIC_9244659,0,0.012546337,held_fold
ISIC_9246022,0,0.00129762,held_fold
ISIC_9247687,0,0.02223093,held_fold
ISIC_9249257,0,0.030891722,held_fold
ISIC_9250898,0,0.00394065,held_fold
ISIC_9252800,0,0.013753105,held_fold
ISIC_9254433,0,0.001996307,held_fold
ISIC_9255522,0,0.0043718885,held_fold
ISIC_9258027,0,0.011041247,held_fold
ISIC_9259697,0,0.0025976656,held_fold
ISIC_9259892,0,0.0045849127,held_fold
ISIC_9262162,0,0.0011053509,held_fold
ISIC_9264993,0,0.00046000036,held_fold
ISIC_9265406,0,0.0016278784,held_fold
ISIC_9267058,0,0.0011292449,held_fold
ISIC_9268137,0,0.0013490218,held_fold
ISIC_9270335,0,0.00088206236,held_fold
ISIC_9270418,0,0.0008634774,held_fold
ISIC_9271416,0,0.0015094415,held_fold
ISIC_9271800,0,0.006085558,held_fold
ISIC_9272770,0,0.0005827489,held_fold
ISIC_9273465,0,0.01831627,held_fold
ISIC_9276442,0,0.023080967,held_fold
ISIC_9276931,0,0.0010449631,held_fold
ISIC_9279329,0,0.003216044,held_fold
ISIC_9280210,0,0.0059691747,held_fold
ISIC_9283427,0,0.0030140923,held_fold
ISIC_9283914,0,0.0019935,held_fold
ISIC_9285635,0,0.0059742136,held_fold
ISIC_9290617,0,0.007813119,held_fold
ISIC_9290968,0,0.00389601,held_fold
ISIC_9293970,0,0.011392574,held_fold
ISIC_9294326,0,0.00044387698,held_fold
ISIC_9294593,0,0.0014255001,held_fold
ISIC_9295267,0,0.0039074817,held_fold
ISIC_9296537,0,0.00076608616,held_fold
ISIC_9297472,0,0.0038137855,held_fold
ISIC_9299721,0,0.0010171124,held_fold
ISIC_9300579,0,0.005242871,held_fold
ISIC_9301333,0,0.0034587968,held_fold
ISIC_9303849,0,0.0008534343,held_fold
ISIC_9305788,0,0.0017639238,held_fold
ISIC_9307584,0,0.0017078933,held_fold
ISIC_9307997,0,0.0006987329,held_fold
ISIC_9309245,0,0.0059770113,held_fold
ISIC_9310101,0,0.004186017,held_fold
ISIC_9310178,0,0.0035788997,held_fold
ISIC_9310505,0,0.018102454,held_fold
ISIC_9312099,0,0.002826689,held_fold
ISIC_9312164,1,0.015016799,held_fold
ISIC_9314144,0,0.054066606,held_fold
ISIC_9316994,0,0.007117579,held_fold
ISIC_9317894,0,0.013226475,held_fold
ISIC_9323095,0,0.001169125,held_fold
ISIC_9323283,0,0.03949123,held_fold
ISIC_9325254,0,0.014880429,held_fold
ISIC_9328589,0,0.01072377,held_fold
ISIC_9331684,0,0.02281006,held_fold
ISIC_9332795,0,0.02456091,held_fold
ISIC_9333245,0,0.0056244214,held_fold
ISIC_9333842,0,0.012561749,held_fold
ISIC_9334956,0,0.0054607997,held_fold
ISIC_9335977,0,0.0023805744,held_fold
ISIC_9338267,0,0.0195465,held_fold
ISIC_9339096,0,0.0066863843,held_fold
ISIC_9339713,0,0.007234411,held_fold
ISIC_9340122,0,0.0077239154,held_fold
ISIC_9340334,0,0.0428642,held_fold
ISIC_9340659,0,0.093568206,held_fold
ISIC_9342053,0,0.009006836,held_fold
ISIC_9344253,0,0.0010441437,held_fold
ISIC_9344352,0,0.07046463,held_fold
ISIC_9344664,0,0.001002717,held_fold
ISIC_9349327,0,0.011469765,held_fold
ISIC_9350197,0,0.00101722,held_fold
ISIC_9351189,0,0.004908183,held_fold
ISIC_9353514,0,0.024752226,held_fold
ISIC_9356306,0,0.0063565373,held_fold
ISIC_9356313,0,0.021490986,held_fold
ISIC_9356630,0,0.016050393,held_fold
ISIC_9361625,0,0.0004528148,held_fold
ISIC_9362964,0,0.008599967,held_fold
ISIC_9363106,0,0.0028115097,held_fold
ISIC_9364690,0,0.0037863408,held_fold
ISIC_9365475,0,0.002590192,held_fold
ISIC_9366873,0,0.0027685473,held_fold
ISIC_9367353,0,0.0029958326,held_fold
ISIC_9368534,0,0.0021673806,held_fold
ISIC_9371867,0,0.0011045855,held_fold
ISIC_9371926,0,0.00094195793,held_fold
ISIC_9374061,0,0.013621316,held_fold
ISIC_9375086,0,0.0005014342,held_fold
ISIC_9378153,0,0.0047491197,held_fold
ISIC_9378883,0,0.004893561,held_fold
ISIC_9379477,0,0.00088278716,held_fold
ISIC_9379917,0,0.0011512937,held_fold
ISIC_9385014,0,0.0016265381,held_fold
ISIC_9386541,0,0.0007040775,held_fold
ISIC_9387488,0,0.003977318,held_fold
ISIC_9389584,0,0.0013666293,held_fold
ISIC_9390305,0,0.00085233874,held_fold
ISIC_9393022,0,0.0031078558,held_fold
ISIC_9394148,0,0.0026450306,held_fold
ISIC_9395144,0,0.0043346803,held_fold
ISIC_9395519,0,0.0016344229,held_fold
ISIC_9396628,0,0.0024717988,held_fold
ISIC_9398499,0,0.0004070189,held_fold
ISIC_9398989,0,0.00043672556,held_fold
ISIC_9399365,0,0.00038566135,held_fold
ISIC_9399686,0,0.013986182,held_fold
ISIC_9402324,1,0.0045985864,held_fold
ISIC_9403241,0,0.023542058,held_fold
ISIC_9404190,0,0.0019718702,held_fold
ISIC_9405403,0,0.0014704088,held_fold
ISIC_9406299,0,0.0018931996,held_fold
ISIC_9406568,0,0.022622962,held_fold
ISIC_9407543,0,0.0028863007,held_fold
ISIC_9407667,0,0.007756079,held_fold
ISIC_9407690,0,0.006125855,held_fold
ISIC_9407781,0,0.012492723,held_fold
ISIC_9408359,0,0.0027117813,held_fold
ISIC_9414126,0,0.020970128,held_fold
ISIC_9414574,0,0.0043662568,held_fold
ISIC_9414904,0,0.00095172285,held_fold
ISIC_9416183,0,0.002675865,held_fold
ISIC_9416765,0,0.000999734,held_fold
ISIC_9418745,0,0.0020628003,held_fold
ISIC_9419454,0,0.028632114,held_fold
ISIC_9422298,0,0.0027618862,held_fold
ISIC_9424706,0,0.0050413418,held_fold
ISIC_9424787,0,0.022551266,held_fold
ISIC_9426433,0,0.000661975,held_fold
ISIC_9431739,0,0.007848062,held_fold
ISIC_9437390,0,0.001973951,held_fold
ISIC_9437975,0,0.0086389,held_fold
ISIC_9438178,0,0.0049109836,held_fold
ISIC_9443041,0,0.00083896046,held_fold
ISIC_9445196,0,0.0027750006,held_fold
ISIC_9447286,0,0.014127807,held_fold
ISIC_9455994,0,0.0025901305,held_fold
ISIC_9458746,0,0.0031442104,held_fold
ISIC_9460379,0,0.005475859,held_fold
ISIC_9466416,0,0.0009035204,held_fold
ISIC_9466790,0,0.05064742,held_fold
ISIC_9466794,0,0.009727488,held_fold
ISIC_9467082,0,0.00810844,held_fold
ISIC_9467292,0,0.0037342526,held_fold
ISIC_9469650,0,0.0005063472,held_fold
ISIC_9471383,0,0.0072489707,held_fold
ISIC_9473134,0,0.0012252961,held_fold
ISIC_9473731,0,0.016861537,held_fold
ISIC_9475559,0,0.0012099232,held_fold
ISIC_9475941,0,0.0025733379,held_fold
ISIC_9476904,0,0.005779463,held_fold
ISIC_9478109,0,0.015971519,held_fold
ISIC_9478930,0,0.012065698,held_fold
ISIC_9479161,0,0.004592926,held_fold
ISIC_9483417,0,0.0029279008,held_fold
ISIC_9483894,0,0.0077241347,held_fold
ISIC_9484538,0,0.006708697,held_fold
ISIC_9485536,0,0.007555088,held_fold
ISIC_9485901,0,0.0008184276,held_fold
ISIC_9489738,0,0.028836977,held_fold
ISIC_9491630,0,0.004328034,held_fold
ISIC_9493710,0,0.005603996,held_fold
ISIC_9497062,0,0.0029139456,held_fold
ISIC_9498448,0,0.004709606,held_fold
ISIC_9498942,0,0.006654814,held_fold
ISIC_9500701,0,0.0050422936,held_fold
ISIC_9502241,0,0.005395777,held_fold
ISIC_9505595,0,0.00052706955,held_fold
ISIC_9509360,0,0.012940856,held_fold
ISIC_9511888,0,0.0014522452,held_fold
ISIC_9513808,0,0.00509057,held_fold
ISIC_9514450,0,0.05631888,held_fold
ISIC_9517456,0,0.0044125593,held_fold
ISIC_9519906,0,0.015744632,held_fold
ISIC_9522628,0,0.002266632,held_fold
ISIC_9525136,0,0.0013353481,held_fold
ISIC_9526877,0,0.037482493,held_fold
ISIC_9528732,0,0.0009875525,held_fold
ISIC_9529297,0,0.0040145065,held_fold
ISIC_9531527,0,0.043465786,held_fold
ISIC_9535114,0,0.020950373,held_fold
ISIC_9540598,0,0.006241014,held_fold
ISIC_9540703,0,0.0018471903,held_fold
ISIC_9542037,0,0.003338298,held_fold
ISIC_9542791,0,0.0014360566,held_fold
ISIC_9543841,0,0.0022592442,held_fold
ISIC_9544059,0,0.0007792774,held_fold
ISIC_9544832,1,0.0126542095,held_fold
ISIC_9546197,0,0.012092026,held_fold
ISIC_9546876,0,0.0022442213,held_fold
ISIC_9548821,1,0.044720475,held_fold
ISIC_9549857,0,0.0073278826,held_fold
ISIC_9550834,0,0.0054270616,held_fold
ISIC_9551111,0,0.0015514881,held_fold
ISIC_9551360,0,0.00051152357,held_fold
ISIC_9551406,0,0.0006258377,held_fold
ISIC_9551696,0,0.000846838,held_fold
ISIC_9553125,0,0.0011547249,held_fold
ISIC_9556334,1,0.010676212,held_fold
ISIC_9559293,0,0.004984109,held_fold
ISIC_9560390,0,0.011270935,held_fold
ISIC_9560694,0,0.0026129086,held_fold
ISIC_9561954,0,0.0005811396,held_fold
ISIC_9562292,0,0.0076773777,held_fold
ISIC_9562442,0,0.0063418983,held_fold
ISIC_9562731,0,0.001035914,held_fold
ISIC_9563514,0,0.0009466994,held_fold
ISIC_9564379,0,0.0007574073,held_fold
ISIC_9564875,0,0.003478485,held_fold
ISIC_9566964,0,0.00049323833,held_fold
ISIC_9568868,0,0.002173611,held_fold
ISIC_9569891,0,0.0008802203,held_fold
ISIC_9571044,0,0.0017130148,held_fold
ISIC_9571107,0,0.012180252,held_fold
ISIC_9571685,0,0.0028401157,held_fold
ISIC_9573024,0,0.0035391506,held_fold
ISIC_9573267,0,0.028407127,held_fold
ISIC_9573538,0,0.000794272,held_fold
ISIC_9574237,0,0.0034063854,held_fold
ISIC_9574819,0,0.003029776,held_fold
ISIC_9578109,0,0.06835372,held_fold
ISIC_9578603,0,0.0007023759,held_fold
ISIC_9578777,0,0.00079092424,held_fold
ISIC_9579506,0,0.00064417726,held_fold
ISIC_9580101,0,0.0022623504,held_fold
ISIC_9580143,0,0.0018680407,held_fold
ISIC_9580344,0,0.0008270016,held_fold
ISIC_9581761,0,0.005597158,held_fold
ISIC_9582535,0,0.0009448351,held_fold
ISIC_9587745,0,0.021570046,held_fold
ISIC_9589883,0,0.048190176,held_fold
ISIC_9590586,0,0.0020412733,held_fold
ISIC_9590644,0,0.0014104304,held_fold
ISIC_9590727,0,0.008852295,held_fold
ISIC_9590964,0,0.0008444122,held_fold
ISIC_9596685,0,0.0004495065,held_fold
ISIC_9596955,0,0.0070365495,held_fold
ISIC_9597731,0,0.008355205,held_fold
ISIC_9598426,0,0.00087005645,held_fold
ISIC_9600205,0,0.0033813235,held_fold
ISIC_9601132,0,0.002330066,held_fold
ISIC_9606109,0,0.0012824311,held_fold
ISIC_9606139,0,0.0015841051,held_fold
ISIC_9607252,0,0.046988636,held_fold
ISIC_9608191,0,0.0031213686,held_fold
ISIC_9609865,0,0.052171167,held_fold
ISIC_9612481,1,0.011702893,held_fold
ISIC_9613570,0,0.0007948849,held_fold
ISIC_9616024,0,0.0005743155,held_fold
ISIC_9622274,0,0.0125751225,held_fold
ISIC_9627148,0,0.0008632652,held_fold
ISIC_9628600,0,0.00096441346,held_fold
ISIC_9629757,0,0.00085000787,held_fold
ISIC_9632819,0,0.0031024003,held_fold
ISIC_9636293,0,0.03940726,held_fold
ISIC_9636881,0,0.0328186,held_fold
ISIC_9637180,0,0.0032670177,held_fold
ISIC_9637306,0,0.015973596,held_fold
ISIC_9637932,0,0.008690684,held_fold
ISIC_9637941,0,0.040503446,held_fold
ISIC_9638088,0,0.011370202,held_fold
ISIC_9640145,0,0.022764474,held_fold
ISIC_9640847,0,0.05049727,held_fold
ISIC_9642671,0,0.0013930465,held_fold
ISIC_9643846,0,0.0046601654,held_fold
ISIC_9644412,0,0.03325416,held_fold
ISIC_9647024,0,0.008221606,held_fold
ISIC_9647502,0,0.0020199488,held_fold
ISIC_9648563,0,0.017685182,held_fold
ISIC_9648904,0,0.0065930467,held_fold
ISIC_9649253,0,0.002942691,held_fold
ISIC_9657852,0,0.0025535186,held_fold
ISIC_9659443,0,0.002266716,held_fold
ISIC_9660528,0,0.026555622,held_fold
ISIC_9660555,0,0.0034680527,held_fold
ISIC_9665206,0,0.000830576,held_fold
ISIC_9666709,0,0.0031526934,held_fold
ISIC_9671143,0,0.034303304,held_fold
ISIC_9671443,0,0.0021435919,held_fold
ISIC_9676233,0,0.03196959,held_fold
ISIC_9677250,0,0.013655788,held_fold
ISIC_9679700,0,0.0019218579,held_fold
ISIC_9681146,0,0.022407053,held_fold
ISIC_9681655,0,0.0006096326,held_fold
ISIC_9682473,0,0.008443124,held_fold
ISIC_9685344,0,0.0018864108,held_fold
ISIC_9686581,0,0.008730441,held_fold
ISIC_9687369,0,0.0031661973,held_fold
ISIC_9687776,0,0.06748627,held_fold
ISIC_9688617,0,0.01800853,held_fold
ISIC_9690422,0,0.0918971,held_fold
ISIC_9693103,0,0.0007320037,held_fold
ISIC_9693759,0,0.0036491216,held_fold
ISIC_9694198,0,0.0026767205,held_fold
ISIC_9694275,0,0.0009143801,held_fold
ISIC_9694867,0,0.0012203582,held_fold
ISIC_9695501,0,0.06916993,held_fold
ISIC_9695809,0,0.006069333,held_fold
ISIC_9698774,0,0.0015156124,held_fold
ISIC_9698786,0,0.013605456,held_fold
ISIC_9699238,0,0.002629885,held_fold
ISIC_9699728,0,0.0006378891,held_fold
ISIC_9700920,0,0.0012254706,held_fold
ISIC_9701912,0,0.000851458,held_fold
ISIC_9704788,0,0.00059992395,held_fold
ISIC_9705832,0,0.002704325,held_fold
ISIC_9706034,0,0.0015413337,held_fold
ISIC_9706318,0,0.002501367,held_fold
ISIC_9710168,0,0.0023131797,held_fold
ISIC_9711252,0,0.014427993,held_fold
ISIC_9713363,0,0.00087367184,held_fold
ISIC_9713897,0,0.007051091,held_fold
ISIC_9714255,0,0.0004486127,held_fold
ISIC_9720044,0,0.0022324019,held_fold
ISIC_9720518,0,0.011411946,held_fold
ISIC_9723594,0,0.004721879,held_fold
ISIC_9725043,0,0.0043707034,held_fold
ISIC_9725205,0,0.0013632403,held_fold
ISIC_9728805,0,0.15010317,held_fold
ISIC_9730889,0,0.0056238696,held_fold
ISIC_9731788,0,0.0017871062,held_fold
ISIC_9732811,0,0.0018628602,held_fold
ISIC_9733758,0,0.01102909,held_fold
ISIC_9736710,0,0.0044068214,held_fold
ISIC_9738306,0,0.0136461705,held_fold
ISIC_9742891,0,0.016284669,held_fold
ISIC_9743014,0,0.057998884,held_fold
ISIC_9743638,0,0.0092065465,held_fold
ISIC_9744206,0,0.029611476,held_fold
ISIC_9744723,0,0.003155986,held_fold
ISIC_9745492,0,0.0009484754,held_fold
ISIC_9745942,0,0.003215575,held_fold
ISIC_9746246,0,0.0016838225,held_fold
ISIC_9746861,0,0.0007733525,held_fold
ISIC_9749009,0,0.0439573,held_fold
ISIC_9749497,0,0.025414366,held_fold
ISIC_9749852,0,0.006991768,held_fold
ISIC_9756215,0,0.0034458714,held_fold
ISIC_9758444,0,0.001588644,held_fold
ISIC_9759505,0,0.0024354209,held_fold
ISIC_9761658,0,0.0010156168,held_fold
ISIC_9765760,0,0.0026202782,held_fold
ISIC_9766574,0,0.0039464207,held_fold
ISIC_9767292,0,0.002326878,held_fold
ISIC_9767883,0,0.032837495,held_fold
ISIC_9768834,0,0.010472624,held_fold
ISIC_9770536,0,0.0017661167,held_fold
ISIC_9770765,0,0.0012119793,held_fold
ISIC_9773002,0,0.013029556,held_fold
ISIC_9776242,0,0.0074485103,held_fold
ISIC_9778389,0,0.0009676675,held_fold
ISIC_9783456,0,0.0026038762,held_fold
ISIC_9785970,0,0.0060154935,held_fold
ISIC_9787058,0,0.0015407614,held_fold
ISIC_9787633,0,0.00058898923,held_fold
ISIC_9788591,0,0.016277537,held_fold
ISIC_9788987,0,0.0074929474,held_fold
ISIC_9791586,0,0.0030455235,held_fold
ISIC_9794738,0,0.0016592653,held_fold
ISIC_9795608,0,0.005012607,held_fold
ISIC_9796680,0,0.00060840405,held_fold
ISIC_9797914,0,0.0016460111,held_fold
ISIC_9800787,0,0.0006514178,held_fold
ISIC_9810276,0,0.01147654,held_fold
ISIC_9811939,0,0.0017249056,held_fold
ISIC_9812330,0,0.03422156,held_fold
ISIC_9816307,0,0.00059872755,held_fold
ISIC_9818733,0,0.0023420705,held_fold
ISIC_9822350,0,0.012636671,held_fold
ISIC_9824129,0,0.0047300747,held_fold
ISIC_9825491,0,0.0013575188,held_fold
ISIC_9825604,0,0.014264324,held_fold
ISIC_9825836,0,0.0033259175,held_fold
ISIC_9826904,0,0.0072841556,held_fold
ISIC_9829655,0,0.0011278619,held_fold
ISIC_9829667,0,0.006741435,held_fold
ISIC_9829781,0,0.00945005,held_fold
ISIC_9833462,0,0.0007779077,held_fold
ISIC_9834469,0,0.0016590062,held_fold
ISIC_9834664,0,0.0029018784,held_fold
ISIC_9842000,0,0.016829751,held_fold
ISIC_9842269,0,0.0006472061,held_fold
ISIC_9847262,0,0.0046814512,held_fold
ISIC_9847284,0,0.0039768456,held_fold
ISIC_9847972,0,0.0004195589,held_fold
ISIC_9851993,0,0.0060420125,held_fold
ISIC_9852341,0,0.0016506119,held_fold
ISIC_9854912,0,0.006660622,held_fold
ISIC_9855719,0,0.019130599,held_fold
ISIC_9859594,0,0.008070755,held_fold
ISIC_9859708,0,0.0017667103,held_fold
ISIC_9860895,0,0.0019586233,held_fold
ISIC_9863059,0,0.0008988416,held_fold
ISIC_9864416,0,0.010257859,held_fold
ISIC_9865814,0,0.001013684,held_fold
ISIC_9866375,0,0.0016401369,held_fold
ISIC_9866767,0,0.00097202614,held_fold
ISIC_9869789,0,0.0027415336,held_fold
ISIC_9871571,0,0.0022277993,held_fold
ISIC_9877164,0,0.008230004,held_fold
ISIC_9878424,0,0.008325776,held_fold
ISIC_9879041,0,0.00048057456,held_fold
ISIC_9879347,0,0.0011179236,held_fold
ISIC_9880854,0,0.02404498,held_fold
ISIC_9883092,0,0.0021538658,held_fold
ISIC_9883380,0,0.0012813713,held_fold
ISIC_9885210,0,0.01201409,held_fold
ISIC_9886540,0,0.016203554,held_fold
ISIC_9887282,0,0.0012217322,held_fold
ISIC_9888213,0,0.008280701,held_fold
ISIC_9889001,0,0.0049731648,held_fold
ISIC_9889470,0,0.0018718498,held_fold
ISIC_9889687,0,0.009095809,held_fold
ISIC_9892275,0,0.005603675,held_fold
ISIC_9894283,0,0.002553684,held_fold
ISIC_9899140,0,0.00797906,held_fold
ISIC_9899644,0,0.0009896745,held_fold
ISIC_9900623,0,0.013393145,held_fold
ISIC_9901871,0,0.005181817,held_fold
ISIC_9907793,0,0.0097838435,held_fold
ISIC_9907938,0,0.0006233432,held_fold
ISIC_9908982,0,0.007097487,held_fold
ISIC_9909173,0,0.00151208,held_fold
ISIC_9913091,0,0.010222255,held_fold
ISIC_9915927,0,0.0032040684,held_fold
ISIC_9916907,0,0.0014319951,held_fold
ISIC_9919255,0,0.004913305,held_fold
ISIC_9919374,0,0.0015081735,held_fold
ISIC_9920161,0,0.010620562,held_fold
ISIC_9921831,0,0.00063840055,held_fold
ISIC_9926111,0,0.008773007,held_fold
ISIC_9927490,0,0.021890996,held_fold
ISIC_9928774,0,0.0019078637,held_fold
ISIC_9929556,0,0.0030279285,held_fold
ISIC_9932789,0,0.011568532,held_fold
ISIC_9933119,0,0.00082542934,held_fold
ISIC_9934553,0,0.010256581,held_fold
ISIC_9936188,0,0.011899096,held_fold
ISIC_9939963,0,0.0015280131,held_fold
ISIC_9942347,0,0.028274186,held_fold
ISIC_9943579,0,0.002449368,held_fold
ISIC_9944803,0,0.0023995063,held_fold
ISIC_9945083,0,0.0076331566,held_fold
ISIC_9946557,0,0.004661579,held_fold
ISIC_9946910,0,0.0011933971,held_fold
ISIC_9948815,0,0.00061680493,held_fold
ISIC_9954582,0,0.001753181,held_fold
ISIC_9955092,0,0.0035299887,held_fold
ISIC_9956957,0,0.0024735595,held_fold
ISIC_9960855,0,0.0077124885,held_fold
ISIC_9962720,0,0.00852637,held_fold
ISIC_9963177,1,0.0034805222,held_fold
ISIC_9971202,0,0.0067003937,held_fold
ISIC_9973015,0,0.0035614546,held_fold
ISIC_9973459,0,0.0025199675,held_fold
ISIC_9974860,0,0.0062435754,held_fold
ISIC_9975260,0,0.059971347,held_fold
ISIC_9975974,0,0.035998344,held_fold
ISIC_9978498,0,0.0035336204,held_fold
ISIC_9979438,0,0.001483081,held_fold
ISIC_9980068,0,0.0017575241,held_fold
ISIC_9981394,0,0.0044882116,held_fold
ISIC_9981925,0,0.04280193,held_fold
ISIC_9982953,0,0.018628344,held_fold
ISIC_9985141,0,0.0012182188,held_fold
ISIC_9991451,0,0.043323327,held_fold
ISIC_9995837,0,0.0031983852,held_fold
ISIC_9998152,0,0.00083719165,held_fold
ISIC_9998682,1,0.032059226,held_fold
