image_name,target,prob,split
ISIC_0074311,0,0.00022090418,inner_val
ISIC_0076995,0,0.00052570086,inner_val
ISIC_0082543,0,0.00015494823,inner_val
ISIC_0084270,0,0.0057968763,inner_val
ISIC_0090279,0,0.00032558973,inner_val
ISIC_0096328,0,0.0007988487,inner_val
ISIC_0097499,0,0.00013479571,inner_val
ISIC_0103298,0,8.549768e-05,inner_val
ISIC_0149698,0,0.000114927665,inner_val
ISIC_0149918,0,0.0034275171,inner_val
ISIC_0151200,0,0.0037822204,inner_val
ISIC_0153265,0,0.008309407,inner_val
ISIC_0154813,0,0.00013512207,inner_val
ISIC_0154872,0,0.0008456349,inner_val
ISIC_0155173,0,0.0047013923,inner_val
ISIC_0155273,0,0.033372585,inner_val
ISIC_0159663,0,0.0001175429,inner_val
ISIC_0160340,0,0.0017871861,inner_val
ISIC_0165903,0,0.00015034819,inner_val
ISIC_0171946,0,0.0067785354,inner_val
ISIC_0172865,0,0.0032547724,inner_val
ISIC_0173213,0,0.030410925,inner_val
ISIC_0173485,0,6.829745e-05,inner_val
ISIC_0174527,0,0.0022052464,inner_val
ISIC_0174903,0,0.011726577,inner_val
ISIC_0176577,0,0.0027547325,inner_val
ISIC_0180510,0,1.2002802e-05,inner_val
ISIC_0180660,0,0.00019174314,inner_val
ISIC_0181445,0,0.049781274,inner_val
ISIC_0188955,0,0.00453318,inner_val
ISIC_0189059,0,0.06747913,inner_val
ISIC_0191366,0,0.00022567075,inner_val
ISIC_0191871,0,0.007820319,inner_val
ISIC_0194914,0,0.013135846,inner_val
ISIC_0195972,0,0.023018116,inner_val
ISIC_0198392,0,0.008403058,inner_val
ISIC_0199116,0,0.0023449934,inner_val
ISIC_0199455,0,0.003993289,inner_val
ISIC_0199494,0,0.007715576,inner_val
ISIC_0200153,0,9.546998e-05,inner_val
ISIC_0203233,0,0.010773844,inner_val
ISIC_0204994,0,0.07072702,inner_val
ISIC_0206442,0,0.0014755867,inner_val
ISIC_0207268,1,0.0022321534,inner_val
ISIC_0207349,0,0.0058289114,inner_val
ISIC_0208967,0,0.00088659226,inner_val
ISIC_0209871,0,0.0011142109,inner_val
ISIC_0210282,0,0.00015224701,inner_val
ISIC_0210830,0,0.040673718,inner_val
ISIC_0212729,0,1.1877161e-05,inner_val
ISIC_0212774,0,0.0070106774,inner_val
ISIC_0215054,0,0.0048750173,inner_val
ISIC_0215112,0,2.0025018e-05,inner_val
ISIC_0219450,0,0.0192402,inner_val
ISIC_0223857,0,0.0007167591,inner_val
ISIC_0224681,0,0.00018928936,inner_val
ISIC_0226072,0,1.5753929e-05,inner_val
ISIC_0227532,0,0.0010834432,inner_val
ISIC_0228718,0,7.955123e-05,inner_val
ISIC_0230332,0,0.096601844,inner_val
ISIC_0230564,0,0.0015431768,inner_val
ISIC_0232785,0,0.011501268,inner_val
ISIC_0234038,0,0.0020793749,inner_val
ISIC_0234096,0,0.013094174,inner_val
ISIC_0234140,0,0.028251382,inner_val
ISIC_0234248,0,0.0020284313,inner_val
ISIC_0238711,0,1.4651086e-05,inner_val
ISIC_0239843,0,0.14864285,inner_val
ISIC_0240365,0,0.00012925424,inner_val
ISIC_0242433,0,0.0068323268,inner_val
ISIC_0242646,0,0.000808807,inner_val
ISIC_0246090,0,0.0009335219,inner_val
ISIC_0247964,0,4.4446195e-05,inner_val
ISIC_0254698,0,0.0028273289,inner_val
ISIC_0256715,0,0.0002291066,inner_val
ISIC_0257755,0,0.00030937514,inner_val
ISIC_0260316,0,0.011984344,inner_val
ISIC_0260475,0,0.049540393,inner_val
ISIC_0263916,0,0.015035291,inner_val
ISIC_0266738,0,0.0037303343,inner_val
ISIC_0268703,0,0.0001451158,inner_val
ISIC_0271121,0,0.0034852903,inner_val
ISIC_0272567,0,0.0017430203,inner_val
ISIC_0273594,0,0.00013620064,inner_val
ISIC_0275661,0,5.4811597e-05,inner_val
ISIC_0276167,0,0.0013550776,inner_val
ISIC_0277164,0,0.00046414134,inner_val
ISIC_0277727,0,0.005084003,inner_val
ISIC_0280208,0,0.000707795,inner_val
ISIC_0282321,0,0.0032288593,inner_val
ISIC_0282422,0,9.8064804e-05,inner_val
ISIC_0285095,0,0.032081593,inner_val
ISIC_0286360,1,0.05299154,inner_val
ISIC_0291282,0,0.00013924517,inner_val
ISIC_0291473,0,0.015820136,inner_val
ISIC_0291882,0,0.0013060415,inner_val
ISIC_0292616,0,0.0021902993,inner_val
ISIC_0292775,0,0.0001729478,inner_val
ISIC_0293607,0,0.054941997,inner_val
ISIC_0294910,0,0.00062986754,inner_val
ISIC_0295820,0,0.0015913101,inner_val
ISIC_0296109,0,0.004855659,inner_val
ISIC_0304649,0,0.00011741607,inner_val
ISIC_0305798,0,0.00330558,inner_val
ISIC_0307909,0,0.017881904,inner_val
ISIC_0308133,0,0.0018487875,inner_val
ISIC_0308722,0,0.07050839,inner_val
ISIC_0309317,0,0.0008032997,inner_val
ISIC_0309642,0,0.0024730994,inner_val
ISIC_0310231,0,0.000274355,inner_val
ISIC_0315525,0,0.0007626194,inner_val
ISIC_0315631,0,0.00010061916,inner_val
ISIC_0316656,0,0.0071357354,inner_val
ISIC_0319410,0,0.00019910053,inner_val
ISIC_0322340,0,0.00014420018,inner_val
ISIC_0322371,0,0.011099433,inner_val
ISIC_0326523,0,0.0004871905,inner_val
ISIC_0327120,0,0.049469758,inner_val
ISIC_0329458,0,7.6241e-05,inner_val
ISIC_0331767,0,0.029423827,inner_val
ISIC_0333246,0,0.0035536927,inner_val
ISIC_0333589,0,0.21901241,inner_val
ISIC_0334024,0,0.0034153943,inner_val
ISIC_0334153,0,0.0036815372,inner_val
ISIC_0338712,0,0.0029962687,inner_val
ISIC_0339959,0,0.00020300767,inner_val
ISIC_0340453,0,0.0007843883,inner_val
ISIC_0341350,0,0.010688891,inner_val
ISIC_0345499,0,2.3911693e-05,inner_val
ISIC_0345845,0,0.010714475,inner_val
ISIC_0347795,0,0.033621114,inner_val
ISIC_0347984,0,0.07593333,inner_val
ISIC_0350269,0,0.0061014793,inner_val
ISIC_0350875,0,0.10073579,inner_val
ISIC_0353165,0,9.3406896e-05,inner_val
ISIC_0355920,0,0.0007353387,inner_val
ISIC_0356611,0,0.00015202824,inner_val
ISIC_0358285,0,0.011104698,inner_val
ISIC_0360068,0,0.00010146686,inner_val
ISIC_0360822,0,0.05097216,inner_val
ISIC_0361529,0,0.08149178,inner_val
ISIC_0363251,0,1.625295e-05,inner_val
ISIC_0364478,0,0.034076907,inner_val
ISIC_0364641,0,2.3935328e-05,inner_val
ISIC_0365216,0,0.00013441297,inner_val
ISIC_0373585,0,0.00021234363,inner_val
ISIC_0377420,0,0.0010745924,inner_val
ISIC_0379551,0,0.009596623,inner_val
ISIC_0381342,0,0.00074082956,inner_val
ISIC_0389629,0,0.00016088203,inner_val
ISIC_0391767,0,0.00021033786,inner_val
ISIC_0394140,0,0.008019604,inner_val
ISIC_0394664,0,0.09232854,inner_val
ISIC_0397620,0,0.0006460924,inner_val
ISIC_0398005,0,0.059919246,inner_val
ISIC_0398140,0,0.0030633048,inner_val
ISIC_0399051,0,5.6988836e-05,inner_val
ISIC_0401078,0,0.10201268,inner_val
ISIC_0401425,0,0.0017098163,inner_val
ISIC_0404809,0,0.013820435,inner_val
ISIC_0405652,0,0.007361827,inner_val
ISIC_0416856,0,0.0019829273,inner_val
ISIC_0418738,0,0.00011019995,inner_val
ISIC_0420477,0,0.018866038,inner_val
ISIC_0422225,0,0.0033176863,inner_val
ISIC_0425276,0,0.001195724,inner_val
ISIC_0427760,0,0.0004705626,inner_val
ISIC_0428482,0,0.0067134397,inner_val
ISIC_0428656,0,0.008805376,inner_val
ISIC_0430837,0,0.016383233,inner_val
ISIC_0430904,0,0.00031947272,inner_val
ISIC_0432484,0,0.004144938,inner_val
ISIC_0433142,0,0.02917645,inner_val
ISIC_0436964,0,0.0031935757,inner_val
ISIC_0437567,0,0.014859782,inner_val
ISIC_0439452,0,0.00031708047,inner_val
ISIC_0440582,0,0.00021979026,inner_val
ISIC_0442837,0,0.0003401158,inner_val
ISIC_0445189,0,0.0020589447,inner_val
ISIC_0445267,0,0.016731229,inner_val
ISIC_0450108,0,0.00025923684,inner_val
ISIC_0450142,0,0.0016105422,inner_val
ISIC_0450401,0,0.00031196917,inner_val
ISIC_0452379,0,0.0009609904,inner_val
ISIC_0456090,0,0.030789932,inner_val
ISIC_0461085,0,2.6217955e-05,inner_val
ISIC_0461128,0,0.024595236,inner_val
ISIC_0461706,0,0.14099422,inner_val
ISIC_0467553,0,0.00010137905,inner_val
ISIC_0468611,0,0.00070920086,inner_val
ISIC_0470731,0,0.010049954,inner_val
ISIC_0473135,0,0.004732947,inner_val
ISIC_0475341,0,0.007258395,inner_val
ISIC_0484163,0,9.170512e-05,inner_val
ISIC_0484568,0,0.0005289463,inner_val
ISIC_0488192,0,0.0024790824,inner_val
ISIC_0488595,0,0.00022603036,inner_val
ISIC_0489611,0,0.0010783031,inner_val
ISIC_0491818,0,0.0010732414,inner_val
ISIC_0492483,0,0.0007768254,inner_val
ISIC_0494257,0,0.001996404,inner_val
ISIC_0494383,0,0.006169995,inner_val
ISIC_0497873,0,0.007289181,inner_val
ISIC_0500526,0,0.009757795,inner_val
ISIC_0502419,0,0.0010019072,inner_val
ISIC_0508937,0,0.020201618,inner_val
ISIC_0510835,0,0.00058960624,inner_val
ISIC_0514672,0,0.00020934627,inner_val
ISIC_0515441,0,0.0025140953,inner_val
ISIC_0516613,0,0.00025892214,inner_val
ISIC_0518233,0,0.0006785764,inner_val
ISIC_0518459,0,2.2243765e-05,inner_val
ISIC_0519719,0,0.08316031,inner_val
ISIC_0524477,0,0.0002190664,inner_val
ISIC_0527088,0,0.0005362304,inner_val
ISIC_0528791,0,0.00025082062,inner_val
ISIC_0530054,0,0.0011512312,inner_val
ISIC_0530355,0,0.00011439062,inner_val
ISIC_0534191,0,0.13650675,inner_val
ISIC_0534529,0,0.00025044786,inner_val
ISIC_0535416,0,0.0017902794,inner_val
ISIC_0535843,0,0.0019077783,inner_val
ISIC_0536433,0,0.0016283302,inner_val
ISIC_0545237,0,0.0015325207,inner_val
ISIC_0549163,0,6.2757106e-05,inner_val
ISIC_0549211,0,0.056368012,inner_val
ISIC_0551392,0,0.010948114,inner_val
ISIC_0551684,0,0.11193013,inner_val
ISIC_0551708,0,0.003987287,inner_val
ISIC_0552911,0,0.001720299,inner_val
ISIC_0552953,0,0.00064255565,inner_val
ISIC_0554499,0,5.3974632e-05,inner_val
ISIC_0555529,0,0.0635636,inner_val
ISIC_0558046,0,0.0019275025,inner_val
ISIC_0559541,0,0.0054381476,inner_val
ISIC_0559566,0,0.06603087,inner_val
ISIC_0563516,0,0.0010238157,inner_val
ISIC_0565046,0,0.0001289605,inner_val
ISIC_0565120,0,3.5072888e-05,inner_val
ISIC_0571560,0,0.0037414867,inner_val
ISIC_0573934,0,0.012800849,inner_val
ISIC_0575072,0,0.00088369095,inner_val
ISIC_0576455,0,0.00013754233,inner_val
ISIC_0582315,0,0.00010064987,inner_val
ISIC_0585155,0,0.00011784232,inner_val
ISIC_0586053,0,0.00095734914,inner_val
ISIC_0588328,0,0.0011742002,inner_val
ISIC_0589744,0,0.004100739,inner_val
ISIC_0591828,0,6.9948306e-05,inner_val
ISIC_0592026,0,0.0026012545,inner_val
ISIC_0592068,0,0.055249993,inner_val
ISIC_0593756,0,0.08152258,inner_val
ISIC_0594534,0,0.0018982604,inner_val
ISIC_0595018,0,0.00021264715,inner_val
ISIC_0597414,0,0.0019572806,inner_val
ISIC_0600084,0,0.014562297,inner_val
ISIC_0602529,0,0.003188334,inner_val
ISIC_0602697,0,0.00047211742,inner_val
ISIC_0602723,0,0.00018907398,inner_val
ISIC_0604062,0,0.012067352,inner_val
ISIC_0605128,0,0.0033601387,inner_val
ISIC_0605180,0,0.0356599,inner_val
ISIC_0606437,0,0.00011982003,inner_val
ISIC_0607852,0,0.0011206415,inner_val
ISIC_0611793,0,0.002246344,inner_val
ISIC_0614681,0,1.02948725e-05,inner_val
ISIC_0618194,0,0.00014417432,inner_val
ISIC_0618524,0,0.00016173815,inner_val
ISIC_0621550,0,0.020818405,inner_val
ISIC_0623875,0,0.0024209921,inner_val
ISIC_0625629,0,0.0012347085,inner_val
ISIC_0626832,0,2.3011073e-05,inner_val
ISIC_0626986,0,0.00025776104,inner_val
ISIC_0629437,0,0.00038039644,inner_val
ISIC_0631689,0,0.016334878,inner_val
ISIC_0634028,0,0.003377423,inner_val
ISIC_0637043,0,4.939899e-05,inner_val
ISIC_0639140,0,0.00013474996,inner_val
ISIC_0639162,0,0.0065090135,inner_val
ISIC_0644970,0,1.9370758e-05,inner_val
ISIC_0645116,0,0.00039355777,inner_val
ISIC_0645950,0,0.000103451144,inner_val
ISIC_0648752,0,1.3493908e-05,inner_val
ISIC_0650784,0,0.003971342,inner_val
ISIC_0653456,0,0.10122647,inner_val
ISIC_0653633,0,4.9235798e-05,inner_val
ISIC_0656395,0,0.0019015056,inner_val
ISIC_0661284,0,0.09877953,inner_val
ISIC_0663824,0,0.00017406319,inner_val
ISIC_0663941,0,0.00011200435,inner_val
ISIC_0664113,0,0.00021079037,inner_val
ISIC_0667315,0,0.0002610967,inner_val
ISIC_0671251,0,0.0010577111,inner_val
ISIC_0672985,0,0.005046659,inner_val
ISIC_0675972,0,4.505405e-05,inner_val
ISIC_0679155,0,9.312905e-05,inner_val
ISIC_0680823,0,0.012692898,inner_val
ISIC_0685898,0,0.017449768,inner_val
ISIC_0687455,0,0.0038738635,inner_val
ISIC_0688622,0,0.0031178617,inner_val
ISIC_0690237,0,0.028084906,inner_val
ISIC_0690822,0,0.00012338163,inner_val
ISIC_0691357,0,0.0038624,inner_val
ISIC_0692285,0,0.046269465,inner_val
ISIC_0692478,0,1.7111832e-05,inner_val
ISIC_0693968,0,0.0015032758,inner_val
ISIC_0696408,0,0.0073710536,inner_val
ISIC_0697622,0,0.022739077,inner_val
ISIC_0698821,0,0.0063612796,inner_val
ISIC_0700870,0,0.0023531064,inner_val
ISIC_0703540,0,0.0016675688,inner_val
ISIC_0704859,0,0.017155366,inner_val
ISIC_0707244,0,0.001723773,inner_val
ISIC_0709041,0,0.00013319502,inner_val
ISIC_0709380,0,0.0029492485,inner_val
ISIC_0711820,0,0.00050620874,inner_val
ISIC_0712270,0,0.0020609794,inner_val
ISIC_0713368,0,0.0003280312,inner_val
ISIC_0716541,0,0.00012899395,inner_val
ISIC_0716858,0,0.14579563,inner_val
ISIC_0717851,0,0.008995276,inner_val
ISIC_0718586,0,0.0007366258,inner_val
ISIC_0721010,0,0.0030471976,inner_val
ISIC_0723083,0,4.6684054e-05,inner_val
ISIC_0727489,0,0.00012330542,inner_val
ISIC_0736508,0,0.12552571,inner_val
ISIC_0737125,0,0.0015085744,inner_val
ISIC_0737883,0,0.0035654907,inner_val
ISIC_0743090,0,0.0034659046,inner_val
ISIC_0743540,0,0.00048588173,inner_val
ISIC_0744013,1,0.11141895,inner_val
ISIC_0745450,0,0.00072137854,inner_val
ISIC_0751582,0,0.001045612,inner_val
ISIC_0753112,0,0.00572746,inner_val
ISIC_0753802,0,7.2657436e-05,inner_val
ISIC_0754049,0,4.7541806e-05,inner_val
ISIC_0757711,0,0.011014241,inner_val
ISIC_0758729,0,0.0008587464,inner_val
ISIC_0758797,0,0.0005556351,inner_val
ISIC_0760740,0,2.3276809e-05,inner_val
ISIC_0760892,0,0.0052355723,inner_val
ISIC_0762367,0,0.00046507936,inner_val
ISIC_0762591,0,0.0003219475,inner_val
ISIC_0765584,0,8.088514e-05,inner_val
ISIC_0766328,0,0.00067057513,inner_val
ISIC_0772957,0,0.0002367149,inner_val
ISIC_0776193,0,0.010769566,inner_val
ISIC_0777538,0,0.0004047648,inner_val
ISIC_0779135,0,0.009517089,inner_val
ISIC_0780232,0,0.00418544,inner_val
ISIC_0790575,0,0.08692486,inner_val
ISIC_0790942,0,0.0021977748,inner_val
ISIC_0792879,0,0.0003832465,inner_val
ISIC_0793501,0,0.0034045568,inner_val
ISIC_0795514,0,0.0012906337,inner_val
ISIC_0796372,0,0.00019463284,inner_val
ISIC_0803667,0,0.115118936,inner_val
ISIC_0806138,0,9.717989e-05,inner_val
ISIC_0808108,0,0.15068077,inner_val
ISIC_0809241,0,0.0068341484,inner_val
ISIC_0810640,0,0.001705685,inner_val
ISIC_0811406,0,0.0008748865,inner_val
ISIC_0812959,0,0.0028904453,inner_val
ISIC_0815664,0,4.1995037e-05,inner_val
ISIC_0818181,0,0.01139713,inner_val
ISIC_0819765,0,0.0045563537,inner_val
ISIC_0821520,0,0.0015886592,inner_val
ISIC_0824361,0,0.0063368524,inner_val
ISIC_0826213,0,9.664284e-06,inner_val
ISIC_0826813,0,0.010283054,inner_val
ISIC_0826998,0,0.014060124,inner_val
ISIC_0828120,0,0.006700041,inner_val
ISIC_0828475,0,0.00039869396,inner_val
ISIC_0829565,0,0.0045051305,inner_val
ISIC_0842426,0,0.001835658,inner_val
ISIC_0844854,0,0.009992774,inner_val
ISIC_0845105,0,5.599845e-05,inner_val
ISIC_0845791,0,0.015961353,inner_val
ISIC_0846837,0,0.0047737383,inner_val
ISIC_0849028,0,0.014747191,inner_val
ISIC_0851556,0,0.29314047,inner_val
ISIC_0853280,0,0.003698157,inner_val
ISIC_0853576,0,0.010645579,inner_val
ISIC_0854335,0,0.0059474567,inner_val
ISIC_0854601,0,0.003063555,inner_val
ISIC_0856633,0,8.0254365e-05,inner_val
ISIC_0859438,0,0.0056401994,inner_val
ISIC_0861128,0,0.0007171944,inner_val
ISIC_0862337,0,9.533206e-05,inner_val
ISIC_0867357,0,0.042929195,inner_val
ISIC_0871035,0,0.0032707246,inner_val
ISIC_0876230,0,0.0028787025,inner_val
ISIC_0878210,0,0.00013702158,inner_val
ISIC_0878793,0,6.615275e-05,inner_val
ISIC_0879635,0,0.12349465,inner_val
ISIC_0884463,0,0.003995205,inner_val
ISIC_0886878,0,0.00015518097,inner_val
ISIC_0889205,0,0.000114599585,inner_val
ISIC_0892089,0,0.00037621448,inner_val
ISIC_0896313,0,0.0038112954,inner_val
ISIC_0896635,0,0.012063716,inner_val
ISIC_0898454,0,6.609537e-05,inner_val
ISIC_0899961,0,0.00052387756,inner_val
ISIC_0900587,0,0.02093572,inner_val
ISIC_0901012,0,0.015903564,inner_val
ISIC_0901213,0,0.004464233,inner_val
ISIC_0901472,0,0.008286702,inner_val
ISIC_0902830,0,0.00039659053,inner_val
ISIC_0903175,0,0.0007734715,inner_val
ISIC_0905455,0,0.00095097366,inner_val
ISIC_0906053,0,0.15782744,inner_val
ISIC_0906639,0,0.00014372438,inner_val
ISIC_0908662,0,0.01782711,inner_val
ISIC_0912033,0,0.002384574,inner_val
ISIC_0915216,0,0.00012564888,inner_val
ISIC_0919271,0,0.009270596,inner_val
ISIC_0919467,0,0.033894777,inner_val
ISIC_0922552,0,0.009146028,inner_val
ISIC_0924427,1,0.22578256,inner_val
ISIC_0925758,0,1.2161205e-05,inner_val
ISIC_0928581,0,0.013248455,inner_val
ISIC_0931218,0,0.00010733359,inner_val
ISIC_0933075,0,0.004817901,inner_val
ISIC_0935859,0,0.00043389614,inner_val
ISIC_0939642,0,0.0158596,inner_val
ISIC_0944828,0,0.0006521219,inner_val
ISIC_0946923,0,0.0008681042,inner_val
ISIC_0947409,0,0.006759156,inner_val
ISIC_0950828,0,0.0024655964,inner_val
ISIC_0951438,0,0.0038372998,inner_val
ISIC_0952098,0,0.0072161667,inner_val
ISIC_0952221,0,3.95771e-05,inner_val
ISIC_0953094,0,4.38841e-05,inner_val
ISIC_0953675,0,0.022858005,inner_val
ISIC_0954522,0,5.1760503e-06,inner_val
ISIC_0954841,0,0.0056535066,inner_val
ISIC_0958701,0,0.0001130391,inner_val
ISIC_0959562,0,0.00040124188,inner_val
ISIC_0960088,0,1.6657106e-05,inner_val
ISIC_0961235,1,0.09038016,inner_val
ISIC_0965652,0,0.00072361546,inner_val
ISIC_0969170,0,0.0067058797,inner_val
ISIC_0970616,0,0.0077001816,inner_val
ISIC_0981661,0,0.043116163,inner_val
ISIC_0982855,0,0.00041918328,inner_val
ISIC_0985052,0,0.0009597364,inner_val
ISIC_0986890,0,0.004413565,inner_val
ISIC_0986955,0,0.0017748456,inner_val
ISIC_0987042,0,1.564789e-05,inner_val
ISIC_0987176,0,0.00014942036,inner_val
ISIC_0987523,0,0.007559208,inner_val
ISIC_0987830,0,0.00013171024,inner_val
ISIC_0988623,0,6.811649e-05,inner_val
ISIC_0988766,0,0.008364424,inner_val
ISIC_0990073,0,1.4104661e-05,inner_val
ISIC_0991133,0,0.015622224,inner_val
ISIC_0995838,0,0.0029773898,inner_val
ISIC_1001477,0,0.01774637,inner_val
ISIC_1006632,0,0.0011624836,inner_val
ISIC_1010525,0,9.323764e-05,inner_val
ISIC_1010991,0,0.000993441,inner_val
ISIC_1011754,0,0.0001388609,inner_val
ISIC_1013648,0,0.00030765973,inner_val
ISIC_1017622,0,6.7409565e-05,inner_val
ISIC_1020208,0,0.0043997015,inner_val
ISIC_1020569,0,0.00063224626,inner_val
ISIC_1020999,0,0.006602936,inner_val
ISIC_1026770,0,6.468886e-05,inner_val
ISIC_1027512,0,0.00097276125,inner_val
ISIC_1028550,0,0.0004948919,inner_val
ISIC_1029536,0,0.0058242735,inner_val
ISIC_1030920,0,0.0382152,inner_val
ISIC_1031166,0,0.012670633,inner_val
ISIC_1032630,0,0.00013479494,inner_val
ISIC_1037947,0,0.00013588596,inner_val
ISIC_1044758,0,9.266699e-05,inner_val
ISIC_1048077,0,0.011195991,inner_val
ISIC_1048895,0,0.017605081,inner_val
ISIC_1050945,0,0.027783139,inner_val
ISIC_1054769,0,0.01647474,inner_val
ISIC_1058326,0,0.00014904498,inner_val
ISIC_1059054,0,0.0027482272,inner_val
ISIC_1066801,0,0.0042322967,inner_val
ISIC_1068489,0,0.006088235,inner_val
ISIC_1070715,0,0.0029431651,inner_val
ISIC_1076339,0,7.805571e-05,inner_val
ISIC_1077375,0,0.0005686366,inner_val
ISIC_1080640,0,0.00014778435,inner_val
ISIC_1082748,0,0.014775887,inner_val
ISIC_1086902,0,0.0007310079,inner_val
ISIC_1090562,0,0.011299964,inner_val
ISIC_1092323,0,0.015245635,inner_val
ISIC_1092604,0,0.11475616,inner_val
ISIC_1096503,0,0.0032287473,inner_val
ISIC_1098112,0,0.039697178,inner_val
ISIC_1100216,0,0.0069738105,inner_val
ISIC_1107549,0,0.01890984,inner_val
ISIC_1108178,0,3.1841944e-05,inner_val
ISIC_1108204,0,0.040026743,inner_val
ISIC_1109516,0,0.0029530704,inner_val
ISIC_1109667,0,0.025790505,inner_val
ISIC_1111050,0,0.000355213,inner_val
ISIC_1114860,0,0.26969236,inner_val
ISIC_1116949,0,0.00017446796,inner_val
ISIC_1122023,0,0.003806502,inner_val
ISIC_1124434,1,0.035645,inner_val
ISIC_1125652,0,9.770767e-05,inner_val
ISIC_1128317,0,0.006210262,inner_val
ISIC_1128371,0,0.0074702012,inner_val
ISIC_1130888,0,0.013176681,inner_val
ISIC_1132496,1,0.025372604,inner_val
ISIC_1133501,0,0.0018319278,inner_val
ISIC_1137178,0,0.008778926,inner_val
ISIC_1140410,0,0.0044848854,inner_val
ISIC_1142933,0,0.0063128658,inner_val
ISIC_1143655,0,0.0007077478,inner_val
ISIC_1145963,0,0.0093185045,inner_val
ISIC_1152559,0,0.0005187888,inner_val
ISIC_1152737,0,0.03324049,inner_val
ISIC_1155782,0,0.0002372269,inner_val
ISIC_1158466,0,0.00030712053,inner_val
ISIC_1159891,1,0.009624894,inner_val
ISIC_1161370,0,6.2323044e-05,inner_val
ISIC_1161591,0,8.3762476e-05,inner_val
ISIC_1163426,0,0.027213138,inner_val
ISIC_1163624,0,0.00016101003,inner_val
ISIC_1164529,0,0.040042043,inner_val
ISIC_1165497,0,0.003971108,inner_val
ISIC_1166337,0,0.00050093833,inner_val
ISIC_1166522,0,0.0031364812,inner_val
ISIC_1166920,0,0.00019326697,inner_val
ISIC_1170961,0,0.000100381876,inner_val
ISIC_1171426,0,9.612332e-05,inner_val
ISIC_1171646,0,0.0016229679,inner_val
ISIC_1173350,0,0.00014112133,inner_val
ISIC_1174017,0,0.00014776038,inner_val
ISIC_1178847,0,0.3379945,inner_val
ISIC_1185906,0,0.002562305,inner_val
ISIC_1187477,0,0.002890815,inner_val
ISIC_1194127,0,9.6610165e-05,inner_val
ISIC_1194836,0,0.0011503936,inner_val
ISIC_1194944,0,0.0010086433,inner_val
ISIC_1197692,0,0.15826216,inner_val
ISIC_1198405,0,6.104837e-05,inner_val
ISIC_1199843,0,8.5972526e-05,inner_val
ISIC_1203254,0,0.008172965,inner_val
ISIC_1203434,0,0.0005119745,inner_val
ISIC_1206021,0,0.0069604227,inner_val
ISIC_1211506,0,0.00012645636,inner_val
ISIC_1216698,0,0.008877516,inner_val
ISIC_1218931,0,0.00021836028,inner_val
ISIC_1223849,0,0.00028786337,inner_val
ISIC_1225369,0,0.022189457,inner_val
ISIC_1226868,0,0.00025485983,inner_val
ISIC_1228005,0,0.0011343062,inner_val
ISIC_1234240,0,3.1925254e-05,inner_val
ISIC_1234254,0,0.013124507,inner_val
ISIC_1235777,0,0.0023606305,inner_val
ISIC_1236761,0,0.007468858,inner_val
ISIC_1241680,0,0.002211479,inner_val
ISIC_1242543,0,0.35679588,inner_val
ISIC_1246630,0,1.7672799e-05,inner_val
ISIC_1247683,1,0.12313922,inner_val
ISIC_1248372,0,0.0002637131,inner_val
ISIC_1250770,0,0.0026639958,inner_val
ISIC_1251639,0,0.01383336,inner_val
ISIC_1251811,0,0.0045546195,inner_val
ISIC_1252944,0,0.002295687,inner_val
ISIC_1257045,0,0.11427279,inner_val
ISIC_1258763,0,0.00045080154,inner_val
ISIC_1258986,0,0.10946515,inner_val
ISIC_1259014,0,0.01692182,inner_val
ISIC_1259091,0,0.040785864,inner_val
ISIC_1259465,0,0.0016510284,inner_val
ISIC_1261939,0,0.00092120667,inner_val
ISIC_1264993,0,0.0029085102,inner_val
ISIC_1265653,0,0.122211196,inner_val
ISIC_1270339,0,0.034107134,inner_val
ISIC_1272233,0,8.2811486e-05,inner_val
ISIC_1274851,0,6.142854e-05,inner_val
ISIC_1275964,0,0.001027729,inner_val
ISIC_1277862,0,3.8493166e-05,inner_val
ISIC_1281431,0,0.014738879,inner_val
ISIC_1283950,0,0.00014373918,inner_val
ISIC_1284089,0,0.0077246972,inner_val
ISIC_1284397,0,0.008493318,inner_val
ISIC_1284496,0,0.00025700667,inner_val
ISIC_1287050,0,0.001887891,inner_val
ISIC_1290184,0,5.1286643e-05,inner_val
ISIC_1290465,0,8.267798e-05,inner_val
ISIC_1290821,0,0.00080297334,inner_val
ISIC_1293199,0,0.082632616,inner_val
ISIC_1293501,0,0.0049807406,inner_val
ISIC_1302264,0,0.0019448459,inner_val
ISIC_1304761,0,0.00013743273,inner_val
ISIC_1306790,0,0.009601836,inner_val
ISIC_1307134,0,0.017595682,inner_val
ISIC_1307396,0,0.004608249,inner_val
ISIC_1308847,0,0.002503538,inner_val
ISIC_1308938,0,0.0003814826,inner_val
ISIC_1312827,0,0.009694279,inner_val
ISIC_1313105,0,8.5895656e-05,inner_val
ISIC_1313747,0,0.0008048329,inner_val
ISIC_1318137,0,0.003272298,inner_val
ISIC_1318753,0,0.016505102,inner_val
ISIC_1323043,0,0.000121259305,inner_val
ISIC_1325727,0,7.9679994e-05,inner_val
ISIC_1326757,0,0.008437764,inner_val
ISIC_1328417,0,0.012830415,inner_val
ISIC_1328717,0,0.0011647625,inner_val
ISIC_1329146,0,0.0015692038,inner_val
ISIC_1329932,0,0.0017225246,inner_val
ISIC_1334438,0,0.0010243396,inner_val
ISIC_1337534,0,0.14232674,inner_val
ISIC_1338975,0,9.817634e-05,inner_val
ISIC_1338986,0,0.0070726336,inner_val
ISIC_1339720,0,0.003562145,inner_val
ISIC_1341586,0,0.021828197,inner_val
ISIC_1342739,0,0.00065257016,inner_val
ISIC_1349234,0,0.0027512347,inner_val
ISIC_1350519,0,0.0011456853,inner_val
ISIC_1353949,0,0.12621732,inner_val
ISIC_1358527,0,0.005084495,inner_val
ISIC_1363787,0,0.000114076254,inner_val
ISIC_1364368,0,0.025092646,inner_val
ISIC_1371195,0,0.0015742412,inner_val
ISIC_1374795,0,0.013144588,inner_val
ISIC_1377409,0,0.00029151063,inner_val
ISIC_1378570,0,0.0014907144,inner_val
ISIC_1383620,0,4.7801383e-05,inner_val
ISIC_1388822,0,0.0074459375,inner_val
ISIC_1393085,0,7.684185e-05,inner_val
ISIC_1396321,0,0.000401558,inner_val
ISIC_1400825,0,6.2054523e-06,inner_val
ISIC_1402103,0,0.00015389807,inner_val
ISIC_1402148,0,9.632517e-05,inner_val
ISIC_1403974,0,0.00049109955,inner_val
ISIC_1405391,0,0.011755802,inner_val
ISIC_1409677,0,0.00023827236,inner_val
ISIC_1410153,0,0.0016531519,inner_val
ISIC_1410556,0,0.010364806,inner_val
ISIC_1416995,0,0.017108485,inner_val
ISIC_1418788,0,0.014475301,inner_val
ISIC_1421568,0,0.03198743,inner_val
ISIC_1428310,0,0.0022436013,inner_val
ISIC_1433669,0,0.0003433705,inner_val
ISIC_1434244,0,0.00052941113,inner_val
ISIC_1440033,0,0.0038369645,inner_val
ISIC_1441211,0,0.0002655605,inner_val
ISIC_1444573,0,0.0012436149,inner_val
ISIC_1445957,0,0.00028338065,inner_val
ISIC_1448992,0,0.0040498828,inner_val
ISIC_1449910,0,0.009567426,inner_val
ISIC_1450315,0,0.14662962,inner_val
ISIC_1450745,0,0.0005267672,inner_val
ISIC_1452259,0,0.008554189,inner_val
ISIC_1452314,0,0.0014834978,inner_val
ISIC_1452412,0,0.00016210251,inner_val
ISIC_1453101,0,3.831503e-05,inner_val
ISIC_1454176,0,0.00016156213,inner_val
ISIC_1457263,0,0.0008287651,inner_val
ISIC_1460088,0,0.00018524835,inner_val
ISIC_1462268,0,0.007197232,inner_val
ISIC_1464309,0,0.0012368307,inner_val
ISIC_1470245,0,0.021705952,inner_val
ISIC_1473522,1,0.09665984,inner_val
ISIC_1477076,0,2.9143579e-05,inner_val
ISIC_1479521,0,8.827876e-05,inner_val
ISIC_1479729,0,0.0059540453,inner_val
ISIC_1479891,0,5.1339397e-05,inner_val
ISIC_1480119,0,0.15069337,inner_val
ISIC_1483604,0,0.00012600979,inner_val
ISIC_1484525,0,0.0004370233,inner_val
ISIC_1484659,1,0.072542235,inner_val
ISIC_1486076,0,0.00010276722,inner_val
ISIC_1487601,0,0.00052030495,inner_val
ISIC_1488569,0,0.0002809343,inner_val
ISIC_1488725,0,0.00015520198,inner_val
ISIC_1493051,0,0.011443998,inner_val
ISIC_1493235,0,0.0007942757,inner_val
ISIC_1495182,0,0.00012685976,inner_val
ISIC_1496482,0,0.1377242,inner_val
ISIC_1497394,0,0.010620662,inner_val
ISIC_1497800,0,0.00020219981,inner_val
ISIC_1500815,0,0.0017680377,inner_val
ISIC_1501483,0,0.0019814218,inner_val
ISIC_1502460,0,0.0037865923,inner_val
ISIC_1503020,0,0.0014043,inner_val
ISIC_1504257,0,3.7558213e-05,inner_val
ISIC_1507010,0,0.00042171415,inner_val
ISIC_1508810,0,1.5148191e-05,inner_val
ISIC_1509417,0,0.02593005,inner_val
ISIC_1511109,0,0.13947262,inner_val
ISIC_1514364,0,1.4375168e-05,inner_val
ISIC_1515543,0,7.5749944e-05,inner_val
ISIC_1521226,0,0.1432533,inner_val
ISIC_1521803,0,0.005697643,inner_val
ISIC_1527888,0,1.674266e-05,inner_val
ISIC_1534800,0,0.011212811,inner_val
ISIC_1538414,0,0.0016046017,inner_val
ISIC_1539769,0,0.00019578166,inner_val
ISIC_1543772,0,0.0047981394,inner_val
ISIC_1546811,0,4.3629563e-05,inner_val
ISIC_1548329,0,0.0001387709,inner_val
ISIC_1549857,0,0.004705658,inner_val
ISIC_1550721,0,0.00077297457,inner_val
ISIC_1554992,0,0.00051042845,inner_val
ISIC_1556209,0,0.001647343,inner_val
ISIC_1556765,0,0.0014753114,inner_val
ISIC_1562894,0,0.0028761057,inner_val
ISIC_1564564,0,0.013358277,inner_val
ISIC_1569775,0,4.541051e-05,inner_val
ISIC_1570390,0,0.0031886538,inner_val
ISIC_1572957,0,0.005377891,inner_val
ISIC_1576437,0,0.0015144633,inner_val
ISIC_1578253,0,0.00012354198,inner_val
ISIC_1579497,0,0.00036088045,inner_val
ISIC_1579745,0,0.009545139,inner_val
ISIC_1582195,0,0.0018425313,inner_val
ISIC_1584543,0,0.00026113802,inner_val
ISIC_1587362,0,0.024854798,inner_val
ISIC_1589136,0,0.012399955,inner_val
ISIC_1595496,0,8.73516e-05,inner_val
ISIC_1599163,0,6.235099e-05,inner_val
ISIC_1601623,0,0.010718186,inner_val
ISIC_1603509,0,0.0024904262,inner_val
ISIC_1604935,0,0.00014870541,inner_val
ISIC_1605937,0,0.00011389822,inner_val
ISIC_1608524,0,0.010419071,inner_val
ISIC_1611092,0,0.0028671,inner_val
ISIC_1611503,0,0.0012320223,inner_val
ISIC_1611703,0,0.00015116528,inner_val
ISIC_1613289,0,0.0027293256,inner_val
ISIC_1616809,0,0.04591439,inner_val
ISIC_1618302,0,0.007972929,inner_val
ISIC_1618832,0,0.11000822,inner_val
ISIC_1621961,0,0.0004004597,inner_val
ISIC_1626033,0,0.00100803,inner_val
ISIC_1628425,0,0.000117001866,inner_val
ISIC_1629433,0,0.0026080492,inner_val
ISIC_1630209,0,0.003513992,inner_val
ISIC_1631649,0,0.048229616,inner_val
ISIC_1632009,0,0.00056892907,inner_val
ISIC_1632313,0,0.1332117,inner_val
ISIC_1632949,0,0.06765029,inner_val
ISIC_1633463,0,0.0034225266,inner_val
ISIC_1635633,0,0.0004423945,inner_val
ISIC_1636849,0,7.2098346e-06,inner_val
ISIC_1637536,0,0.14152081,inner_val
ISIC_1638953,0,0.0019762977,inner_val
ISIC_1639570,0,0.001845446,inner_val
ISIC_1641839,0,0.018019246,inner_val
ISIC_1642090,0,4.685908e-05,inner_val
ISIC_1646084,0,0.00592005,inner_val
ISIC_1646954,0,0.004308299,inner_val
ISIC_1650001,0,6.0791474e-05,inner_val
ISIC_1652008,0,0.00086791476,inner_val
ISIC_1652015,0,0.010172467,inner_val
ISIC_1652568,0,0.004516571,inner_val
ISIC_1654183,0,0.001100978,inner_val
ISIC_1655600,0,5.492629e-05,inner_val
ISIC_1655662,0,0.010884756,inner_val
ISIC_1656186,0,0.031732455,inner_val
ISIC_1656752,0,0.00013871535,inner_val
ISIC_1658978,0,6.9442794e-05,inner_val
ISIC_1659261,0,0.002776904,inner_val
ISIC_1659460,0,0.00033883486,inner_val
ISIC_1660279,0,0.036873505,inner_val
ISIC_1664345,0,9.184602e-05,inner_val
ISIC_1664381,0,0.0006615263,inner_val
ISIC_1666976,0,0.0037052261,inner_val
ISIC_1668944,0,0.0026621441,inner_val
ISIC_1669804,0,0.0014022974,inner_val
ISIC_1672458,0,0.021139406,inner_val
ISIC_1672688,0,0.001893434,inner_val
ISIC_1676261,0,0.00018937637,inner_val
ISIC_1676939,0,0.026702242,inner_val
ISIC_1677088,0,5.582942e-05,inner_val
ISIC_1678175,0,0.0067774146,inner_val
ISIC_1680153,0,0.0040100897,inner_val
ISIC_1682693,0,0.0028050842,inner_val
ISIC_1685333,0,0.012990284,inner_val
ISIC_1686254,0,0.0008090402,inner_val
ISIC_1688160,0,0.023904935,inner_val
ISIC_1691050,0,0.0016186977,inner_val
ISIC_1692144,0,0.0036637622,inner_val
ISIC_1694996,0,0.004705683,inner_val
ISIC_1698805,0,0.093084484,inner_val
ISIC_1709233,0,0.004392837,inner_val
ISIC_1711973,0,0.0059178844,inner_val
ISIC_1715277,0,0.00031782797,inner_val
ISIC_1716626,0,0.002388852,inner_val
ISIC_1718707,0,0.013603888,inner_val
ISIC_1720411,0,0.009161528,inner_val
ISIC_1722494,0,0.009380025,inner_val
ISIC_1723904,0,6.0870652e-06,inner_val
ISIC_1725997,0,0.005588235,inner_val
ISIC_1727542,0,0.0014689246,inner_val
ISIC_1727818,0,0.021037327,inner_val
ISIC_1729223,1,0.15678345,inner_val
ISIC_1731230,0,0.06905037,inner_val
ISIC_1732652,0,0.0053938017,inner_val
ISIC_1733130,0,0.0013237838,inner_val
ISIC_1737600,0,0.0013322072,inner_val
ISIC_1738348,0,0.0034817944,inner_val
ISIC_1739120,0,0.0019532775,inner_val
ISIC_1739659,0,0.005747777,inner_val
ISIC_1739748,0,0.00628524,inner_val
ISIC_1740912,0,0.0086261155,inner_val
ISIC_1740983,0,0.00017357658,inner_val
ISIC_1743974,0,0.03045119,inner_val
ISIC_1745458,0,0.0071230712,inner_val
ISIC_1745646,0,0.0022231403,inner_val
ISIC_1745731,0,0.011552861,inner_val
ISIC_1746070,0,0.0016529196,inner_val
ISIC_1747417,0,0.00026026854,inner_val
ISIC_1748718,0,0.008100378,inner_val
ISIC_1748719,0,0.0026164886,inner_val
ISIC_1749857,0,1.0799902e-05,inner_val
ISIC_1752943,1,0.08793398,inner_val
ISIC_1753877,0,0.00055450876,inner_val
ISIC_1755832,0,0.010690605,inner_val
ISIC_1762555,0,0.045637667,inner_val
ISIC_1763264,0,0.0008170047,inner_val
ISIC_1766601,0,0.0006217421,inner_val
ISIC_1768051,0,0.00034298413,inner_val
ISIC_1768197,0,0.0002967618,inner_val
ISIC_1768978,0,0.0070940666,inner_val
ISIC_1769209,0,0.0026718047,inner_val
ISIC_1770995,0,0.0031921552,inner_val
ISIC_1771684,0,0.0019322616,inner_val
ISIC_1774797,0,0.000112772956,inner_val
ISIC_1779061,0,0.06716203,inner_val
ISIC_1779595,0,0.03612953,inner_val
ISIC_1783727,0,0.04665532,inner_val
ISIC_1787026,0,8.3333216e-05,inner_val
ISIC_1793200,0,0.21272495,inner_val
ISIC_1796649,0,0.00052225025,inner_val
ISIC_1797795,1,0.0068260557,inner_val
ISIC_1801687,0,0.0026664801,inner_val
ISIC_1802797,0,0.020281326,inner_val
ISIC_1806497,0,0.0017150138,inner_val
ISIC_1806761,0,0.006438124,inner_val
ISIC_1807319,0,0.0045998767,inner_val
ISIC_1809508,0,0.0016153768,inner_val
ISIC_1811909,0,0.04814658,inner_val
ISIC_1816026,0,9.415721e-05,inner_val
ISIC_1825131,0,0.0010498732,inner_val
ISIC_1826803,0,0.17135568,inner_val
ISIC_1831304,0,0.0049347854,inner_val
ISIC_1831325,0,5.0481645e-05,inner_val
ISIC_1836352,0,0.0054880176,inner_val
ISIC_1838216,0,0.0050242976,inner_val
ISIC_1842021,0,0.0007028405,inner_val
ISIC_1844824,0,0.00011992084,inner_val
ISIC_1849014,0,0.0008372579,inner_val
ISIC_1850388,0,0.0032792343,inner_val
ISIC_1852015,0,0.0034609393,inner_val
ISIC_1854161,0,0.006005329,inner_val
ISIC_1858237,0,0.0017455642,inner_val
ISIC_1858989,0,0.0001775908,inner_val
ISIC_1859923,0,0.008021121,inner_val
ISIC_1860429,0,0.0037778767,inner_val
ISIC_1860845,0,0.005144519,inner_val
ISIC_1865060,0,0.0019882368,inner_val
ISIC_1866859,0,0.00043180046,inner_val
ISIC_1867577,0,0.0021180252,inner_val
ISIC_1869634,0,0.00020874948,inner_val
ISIC_1869958,0,0.00066386024,inner_val
ISIC_1870184,0,0.00031052108,inner_val
ISIC_1870517,0,0.0008161904,inner_val
ISIC_1874969,0,0.00013901752,inner_val
ISIC_1876943,0,0.0073817796,inner_val
ISIC_1878443,0,0.0048376787,inner_val
ISIC_1880716,0,0.0025715858,inner_val
ISIC_1881035,0,0.0014968899,inner_val
ISIC_1881133,1,0.010816658,inner_val
ISIC_1882367,0,0.0112274345,inner_val
ISIC_1882699,0,9.887496e-05,inner_val
ISIC_1883330,0,0.0014816992,inner_val
ISIC_1883892,0,4.9342492e-05,inner_val
ISIC_1884191,0,1.2156081e-05,inner_val
ISIC_1884256,0,0.0007144071,inner_val
ISIC_1886756,0,0.009091701,inner_val
ISIC_1888961,0,0.005982292,inner_val
ISIC_1900721,0,0.0059594666,inner_val
ISIC_1901615,0,0.00011839353,inner_val
ISIC_1903698,0,0.0009032385,inner_val
ISIC_1907792,0,0.00063844107,inner_val
ISIC_1910458,0,0.0026651956,inner_val
ISIC_1912589,0,0.0027517,inner_val
ISIC_1915791,0,0.009526061,inner_val
ISIC_1917581,0,0.0034183557,inner_val
ISIC_1919196,0,0.022077095,inner_val
ISIC_1919324,0,0.00050588243,inner_val
ISIC_1920685,0,3.327227e-05,inner_val
ISIC_1921387,0,0.00019841905,inner_val
ISIC_1922084,0,0.019490901,inner_val
ISIC_1922234,0,0.012191571,inner_val
ISIC_1924821,0,0.0005597717,inner_val
ISIC_1925632,0,0.010191568,inner_val
ISIC_1927825,0,0.0010329359,inner_val
ISIC_1928510,0,0.00014579736,inner_val
ISIC_1929320,0,0.0339425,inner_val
ISIC_1929654,0,0.06941846,inner_val
ISIC_1930877,0,0.001085282,inner_val
ISIC_1931408,0,0.0031325882,inner_val
ISIC_1932729,0,0.004286032,inner_val
ISIC_1933026,0,0.0007583205,inner_val
ISIC_1933891,0,0.07075974,inner_val
ISIC_1934097,0,0.002236198,inner_val
ISIC_1935814,0,0.0016193197,inner_val
ISIC_1947833,0,0.0032795006,inner_val
ISIC_1951867,0,0.001273144,inner_val
ISIC_1952049,0,0.016393319,inner_val
ISIC_1952599,0,4.1094936e-05,inner_val
ISIC_1953808,0,6.387152e-05,inner_val
ISIC_1954547,0,2.2634587e-05,inner_val
ISIC_1957587,0,0.0047583287,inner_val
ISIC_1959078,0,0.0022967544,inner_val
ISIC_1959412,0,0.00032181494,inner_val
ISIC_1960472,0,0.056054685,inner_val
ISIC_1961412,0,0.0007486837,inner_val
ISIC_1962639,0,0.0001767684,inner_val
ISIC_1964157,0,1.2252683e-05,inner_val
ISIC_1964243,0,0.014028687,inner_val
ISIC_1964334,0,0.0017132292,inner_val
ISIC_1967171,0,0.0010445273,inner_val
ISIC_1967651,0,8.772808e-05,inner_val
ISIC_1968499,0,0.0010520894,inner_val
ISIC_1969322,0,0.0055919536,inner_val
ISIC_1970027,0,0.0006707403,inner_val
ISIC_1973320,0,0.0002089797,inner_val
ISIC_1974777,0,0.00020336726,inner_val
ISIC_1978426,0,2.6694333e-05,inner_val
ISIC_1980064,0,0.00088181696,inner_val
ISIC_1980878,0,0.0048940945,inner_val
ISIC_1983516,0,0.0023529585,inner_val
ISIC_1985244,0,0.0063029425,inner_val
ISIC_1990046,0,0.0021701304,inner_val
ISIC_1990429,0,0.00018740479,inner_val
ISIC_1990514,0,0.00058240216,inner_val
ISIC_1990771,0,0.025164139,inner_val
ISIC_1994455,0,0.08572793,inner_val
ISIC_1994499,0,0.000101751924,inner_val
ISIC_1995882,0,0.0012052027,inner_val
ISIC_1997692,0,0.03140898,inner_val
ISIC_2000000,0,0.00068123307,inner_val
ISIC_2001492,0,0.0015889345,inner_val
ISIC_2007864,0,0.0047677816,inner_val
ISIC_2011808,0,0.016870022,inner_val
ISIC_2012967,0,0.0015633436,inner_val
ISIC_2017710,0,0.006754884,inner_val
ISIC_2017991,0,1.4276475e-05,inner_val
ISIC_2018361,0,0.0014572588,inner_val
ISIC_2024502,0,0.0055565503,inner_val
ISIC_2025058,0,0.0056375046,inner_val
ISIC_2030479,0,0.0013451345,inner_val
ISIC_2031177,0,0.02749381,inner_val
ISIC_2032923,0,0.022648195,inner_val
ISIC_2034311,0,0.00052106933,inner_val
ISIC_2034659,0,0.0043315906,inner_val
ISIC_2037328,0,0.022138698,inner_val
ISIC_2038024,0,0.0008067641,inner_val
ISIC_2039579,0,0.014965949,inner_val
ISIC_2041726,0,2.2232738e-05,inner_val
ISIC_2042953,0,6.294206e-05,inner_val
ISIC_2045595,0,0.0028284367,inner_val
ISIC_2047791,0,0.00044460007,inner_val
ISIC_2049818,0,0.0010571828,inner_val
ISIC_2050288,0,0.0004813475,inner_val
ISIC_2052192,0,0.046954848,inner_val
ISIC_2053051,0,0.00031380844,inner_val
ISIC_2056352,0,0.008410205,inner_val
ISIC_2058516,0,0.042746823,inner_val
ISIC_2061327,0,0.007889745,inner_val
ISIC_2064934,0,0.009429045,inner_val
ISIC_2066127,0,0.0019844812,inner_val
ISIC_2066959,0,0.042680267,inner_val
ISIC_2073530,0,6.899487e-05,inner_val
ISIC_2074764,0,3.3518194e-05,inner_val
ISIC_2075372,0,1.3826476e-05,inner_val
ISIC_2076902,0,0.006318875,inner_val
ISIC_2079417,0,0.001322465,inner_val
ISIC_2079758,0,0.005154767,inner_val
ISIC_2083098,0,0.017560892,inner_val
ISIC_2085439,0,0.08487874,inner_val
ISIC_2087913,0,0.079921134,inner_val
ISIC_2093604,0,0.0043272963,inner_val
ISIC_2093988,0,0.022359136,inner_val
ISIC_2094324,0,0.000108939916,inner_val
ISIC_2099776,0,0.0007537241,inner_val
ISIC_2101624,1,0.25783524,inner_val
ISIC_2102228,0,0.00038221938,inner_val
ISIC_2103508,0,0.03326509,inner_val
ISIC_2104487,0,0.0052088834,inner_val
ISIC_2108787,0,0.0038957978,inner_val
ISIC_2110862,0,0.0004577678,inner_val
ISIC_2112213,0,0.02759755,inner_val
ISIC_2113710,0,3.7284713e-05,inner_val
ISIC_2116331,0,0.0018123102,inner_val
ISIC_2122087,0,0.0021154287,inner_val
ISIC_2123488,0,0.00023557564,inner_val
ISIC_2124213,0,4.9986502e-05,inner_val
ISIC_2126084,0,6.0360886e-05,inner_val
ISIC_2127820,0,0.0013401903,inner_val
ISIC_2132397,0,0.011159267,inner_val
ISIC_2134824,0,0.00019471231,inner_val
ISIC_2134858,0,0.002456802,inner_val
ISIC_2134975,0,0.013221255,inner_val
ISIC_2137033,0,0.020826494,inner_val
ISIC_2142686,0,8.524028e-05,inner_val
ISIC_2143557,0,0.00038981583,inner_val
ISIC_2151178,0,4.859089e-05,inner_val
ISIC_2151459,0,7.433892e-05,inner_val
ISIC_2153201,0,0.00016055255,inner_val
ISIC_2153301,0,9.522594e-05,inner_val
ISIC_2155899,0,0.0027004415,inner_val
ISIC_2159294,0,0.006621745,inner_val
ISIC_2160139,0,0.048662122,inner_val
ISIC_2161819,0,0.00019906522,inner_val
ISIC_2161864,0,0.0015273112,inner_val
ISIC_2164836,0,3.90109e-05,inner_val
ISIC_2166661,0,0.0039442396,inner_val
ISIC_2168257,0,0.00034002762,inner_val
ISIC_2170086,0,0.0020497942,inner_val
ISIC_2172377,0,0.001434081,inner_val
ISIC_2182674,0,0.00026083097,inner_val
ISIC_2183559,0,0.00027219404,inner_val
ISIC_2184202,0,0.088267796,inner_val
ISIC_2186853,0,6.682343e-05,inner_val
ISIC_2188423,0,0.00010234259,inner_val
ISIC_2190217,0,0.00037927952,inner_val
ISIC_2194762,0,0.008623081,inner_val
ISIC_2194968,0,0.004265226,inner_val
ISIC_2196147,0,0.012171265,inner_val
ISIC_2196918,0,0.03481171,inner_val
ISIC_2197398,0,0.00014360958,inner_val
ISIC_2199280,0,2.5458681e-05,inner_val
ISIC_2200426,0,0.00012523787,inner_val
ISIC_2200924,0,0.034417346,inner_val
ISIC_2205007,0,0.021692311,inner_val
ISIC_2208205,0,0.00035370624,inner_val
ISIC_2208668,0,0.008931291,inner_val
ISIC_2210565,0,0.00659028,inner_val
ISIC_2210573,0,0.005116959,inner_val
ISIC_2215830,0,0.023184292,inner_val
ISIC_2218318,0,0.14951284,inner_val
ISIC_2221993,0,0.0036323678,inner_val
ISIC_2222091,0,0.09925291,inner_val
ISIC_2228262,0,0.0015764071,inner_val
ISIC_2228270,0,0.00027974808,inner_val
ISIC_2229251,0,0.007814469,inner_val
ISIC_2231787,0,3.3427474e-05,inner_val
ISIC_2243954,0,0.00018076469,inner_val
ISIC_2246315,0,6.546857e-05,inner_val
ISIC_2248231,0,8.44722e-05,inner_val
ISIC_2249623,0,0.0044558654,inner_val
ISIC_2251844,0,0.000115745264,inner_val
ISIC_2251944,0,0.03041403,inner_val
ISIC_2252702,0,0.080743924,inner_val
ISIC_2252958,0,0.00016986445,inner_val
ISIC_2255088,0,0.00011766131,inner_val
ISIC_2255966,0,0.010534756,inner_val
ISIC_2262146,0,0.012732312,inner_val
ISIC_2264633,0,0.019277664,inner_val
ISIC_2266011,0,0.0072817495,inner_val
ISIC_2274871,0,0.02379403,inner_val
ISIC_2275624,0,0.003000254,inner_val
ISIC_2276141,0,0.0065854467,inner_val
ISIC_2276317,0,0.00021840818,inner_val
ISIC_2277876,0,0.00023495476,inner_val
ISIC_2281909,0,0.00024935277,inner_val
ISIC_2282273,0,0.00044911567,inner_val
ISIC_2284612,0,0.0053932494,inner_val
ISIC_2289462,0,0.018653583,inner_val
ISIC_2295004,0,0.027486684,inner_val
ISIC_2298186,0,0.0020909063,inner_val
ISIC_2301843,0,0.004559242,inner_val
ISIC_2304459,0,0.0049926788,inner_val
ISIC_2305905,0,0.003269736,inner_val
ISIC_2306330,0,0.011505242,inner_val
ISIC_2307711,0,3.555079e-05,inner_val
ISIC_2310105,0,0.0018039123,inner_val
ISIC_2314289,0,0.11253312,inner_val
ISIC_2317454,0,8.5610765e-05,inner_val
ISIC_2318657,0,0.0003688199,inner_val
ISIC_2320481,1,0.059089538,inner_val
ISIC_2321092,0,0.00065703783,inner_val
ISIC_2321671,0,0.001456565,inner_val
ISIC_2321699,0,0.00486445,inner_val
ISIC_2327808,0,0.0090421755,inner_val
ISIC_2328829,0,0.00065479614,inner_val
ISIC_2329701,0,0.00011763237,inner_val
ISIC_2329722,0,0.07706944,inner_val
ISIC_2331656,0,0.0009380878,inner_val
ISIC_2334999,0,0.0037643784,inner_val
ISIC_2336763,0,0.1510788,inner_val
ISIC_2338297,0,0.03155935,inner_val
ISIC_2338392,0,0.00021141878,inner_val
ISIC_2344492,0,0.03999427,inner_val
ISIC_2347821,0,0.0006900984,inner_val
ISIC_2349743,0,1.6562732e-05,inner_val
ISIC_2352598,0,0.00018282398,inner_val
ISIC_2353030,0,8.898651e-05,inner_val
ISIC_2355374,0,0.000115308365,inner_val
ISIC_2357022,0,0.022109035,inner_val
ISIC_2363669,0,0.004043917,inner_val
ISIC_2366727,0,0.0008905648,inner_val
ISIC_2367392,0,0.0030849737,inner_val
ISIC_2371892,0,0.010407956,inner_val
ISIC_2373398,0,0.00014394877,inner_val
ISIC_2374436,0,0.010182944,inner_val
ISIC_2375233,0,0.0017704446,inner_val
ISIC_2376574,0,0.007735721,inner_val
ISIC_2379778,0,0.004017112,inner_val
ISIC_2380895,0,1.959296e-05,inner_val
ISIC_2381535,0,0.10128756,inner_val
ISIC_2385847,0,0.0012856887,inner_val
ISIC_2387403,0,0.001335972,inner_val
ISIC_2387634,0,0.0006504029,inner_val
ISIC_2395859,0,0.00040309672,inner_val
ISIC_2397307,0,0.0002510867,inner_val
ISIC_2398131,0,0.0005675829,inner_val
ISIC_2398511,0,0.0033198758,inner_val
ISIC_2398801,0,0.0011541728,inner_val
ISIC_2402558,0,0.009442335,inner_val
ISIC_2404756,0,0.0015540089,inner_val
ISIC_2404995,0,5.7338693e-05,inner_val
ISIC_2405237,0,4.3573593e-05,inner_val
ISIC_2406848,0,0.0010272753,inner_val
ISIC_2408442,0,0.0045492523,inner_val
ISIC_2408815,1,0.021526339,inner_val
ISIC_2412426,0,0.04878019,inner_val
ISIC_2412888,0,0.0026722217,inner_val
ISIC_2416792,0,0.02961964,inner_val
ISIC_2418389,0,0.0061299377,inner_val
ISIC_2418954,0,0.00051520264,inner_val
ISIC_2420042,0,0.0005199332,inner_val
ISIC_2422589,0,0.008958176,inner_val
ISIC_2423162,0,0.0026892,inner_val
ISIC_2434878,0,0.0032648584,inner_val
ISIC_2437106,0,0.21710551,inner_val
ISIC_2442479,0,0.014709452,inner_val
ISIC_2445235,0,0.00021283132,inner_val
ISIC_2445765,0,0.0058258227,inner_val
ISIC_2445971,0,0.0008037849,inner_val
ISIC_2446704,0,0.020806674,inner_val
ISIC_2450135,0,0.0010735947,inner_val
ISIC_2450853,0,5.7491223e-05,inner_val
ISIC_2452140,0,0.0013538856,inner_val
ISIC_2452931,0,0.0005064583,inner_val
ISIC_2458253,0,0.0010160364,inner_val
ISIC_2458845,0,0.00032306666,inner_val
ISIC_2459552,0,0.29018423,inner_val
ISIC_2461731,0,1.4132102e-05,inner_val
ISIC_2464927,0,0.005082956,inner_val
ISIC_2470795,0,2.4906542e-05,inner_val
ISIC_2471483,0,2.7356922e-05,inner_val
ISIC_2472336,0,0.0008809453,inner_val
ISIC_2480615,0,0.007667961,inner_val
ISIC_2490493,0,0.003342244,inner_val
ISIC_2491594,0,0.0017325272,inner_val
ISIC_2493376,0,0.00063873106,inner_val
ISIC_2494956,0,7.5730015e-05,inner_val
ISIC_2495762,0,0.022059271,inner_val
ISIC_2496332,0,0.00015617703,inner_val
ISIC_2499678,0,0.001287411,inner_val
ISIC_2500637,0,0.0014089638,inner_val
ISIC_2502335,0,8.140607e-05,inner_val
ISIC_2502405,0,0.004906246,inner_val
ISIC_2502558,0,0.00026239737,inner_val
ISIC_2509736,0,0.00027158385,inner_val
ISIC_2509850,0,0.0005396311,inner_val
ISIC_2510255,0,0.010455491,inner_val
ISIC_2513114,0,0.00053429365,inner_val
ISIC_2517258,0,0.00094343815,inner_val
ISIC_2518672,0,0.0084968,inner_val
ISIC_2523922,0,0.0041490896,inner_val
ISIC_2525592,0,0.00021753322,inner_val
ISIC_2525675,0,0.13113508,inner_val
ISIC_2527281,0,0.021517238,inner_val
ISIC_2535382,0,0.00014601968,inner_val
ISIC_2536728,0,0.015538074,inner_val
ISIC_2536936,0,0.004262958,inner_val
ISIC_2538629,0,0.1435291,inner_val
ISIC_2539218,0,0.005134932,inner_val
ISIC_2539287,0,0.0016471454,inner_val
ISIC_2545414,0,6.660865e-05,inner_val
ISIC_2549331,0,0.0006432407,inner_val
ISIC_2553784,0,0.0009497603,inner_val
ISIC_2554825,0,0.00014965593,inner_val
ISIC_2554911,0,0.00018126974,inner_val
ISIC_2555494,0,0.0015957693,inner_val
ISIC_2558189,0,0.00019505383,inner_val
ISIC_2558940,0,0.026388312,inner_val
ISIC_2559074,0,0.0006780761,inner_val
ISIC_2559472,0,0.005185271,inner_val
ISIC_2563840,0,0.0004542421,inner_val
ISIC_2564319,0,0.0023648806,inner_val
ISIC_2568066,0,0.037215743,inner_val
ISIC_2572370,0,0.025827648,inner_val
ISIC_2572530,0,0.001010424,inner_val
ISIC_2578539,0,0.0011827372,inner_val
ISIC_2579390,0,0.010452225,inner_val
ISIC_2580667,0,0.0047284723,inner_val
ISIC_2581480,0,7.361864e-05,inner_val
ISIC_2582493,0,0.38665766,inner_val
ISIC_2582511,0,0.003925498,inner_val
ISIC_2584165,0,0.0002768903,inner_val
ISIC_2584999,0,0.0014545358,inner_val
ISIC_2586708,0,0.0043513197,inner_val
ISIC_2587002,0,0.00024164784,inner_val
ISIC_2590211,0,0.0001722234,inner_val
ISIC_2596390,0,0.0003894234,inner_val
ISIC_2597342,0,0.00025011235,inner_val
ISIC_2597975,0,0.014499102,inner_val
ISIC_2600276,0,0.0008140342,inner_val
ISIC_2601107,0,0.0012796945,inner_val
ISIC_2601156,0,0.0014206743,inner_val
ISIC_2601537,0,0.0001638339,inner_val
ISIC_2603767,0,0.013510951,inner_val
ISIC_2607010,0,0.04223581,inner_val
ISIC_2608471,0,9.8462086e-05,inner_val
ISIC_2610971,0,0.0008379251,inner_val
ISIC_2611118,0,0.00021161762,inner_val
ISIC_2619698,0,0.0056281006,inner_val
ISIC_2620837,0,0.003821792,inner_val
ISIC_2623538,0,0.00024266279,inner_val
ISIC_2624189,0,0.002626038,inner_val
ISIC_2625464,0,0.008387168,inner_val
ISIC_2626310,0,2.9020659e-05,inner_val
ISIC_2632612,0,0.01509702,inner_val
ISIC_2635492,0,0.018463984,inner_val
ISIC_2636004,0,0.0053740665,inner_val
ISIC_2637014,0,3.8135317e-05,inner_val
ISIC_2639174,0,0.0010553674,inner_val
ISIC_2646829,1,0.21953319,inner_val
ISIC_2646893,0,0.007829671,inner_val
ISIC_2647070,0,6.719508e-05,inner_val
ISIC_2648018,0,0.17999877,inner_val
ISIC_2649657,0,0.004056472,inner_val
ISIC_2652721,0,0.001151964,inner_val
ISIC_2657193,0,0.00030503818,inner_val
ISIC_2658460,0,0.0625822,inner_val
ISIC_2659758,0,0.012859322,inner_val
ISIC_2660535,0,0.0018921259,inner_val
ISIC_2661646,0,0.026671631,inner_val
ISIC_2664946,0,0.00015158877,inner_val
ISIC_2665487,0,0.0030731412,inner_val
ISIC_2666632,0,0.00030953446,inner_val
ISIC_2667199,0,0.0071534044,inner_val
ISIC_2671038,0,0.00011682372,inner_val
ISIC_2673871,0,5.3532865e-05,inner_val
ISIC_2676784,0,0.006249389,inner_val
ISIC_2679051,0,0.003906667,inner_val
ISIC_2679689,0,0.0028078158,inner_val
ISIC_2680640,0,0.00014168819,inner_val
ISIC_2680842,0,0.00038133774,inner_val
ISIC_2683125,0,1.1859663e-05,inner_val
ISIC_2685044,0,0.00034808405,inner_val
ISIC_2687164,0,0.0036018912,inner_val
ISIC_2688084,0,0.0027795488,inner_val
ISIC_2688675,0,0.005387643,inner_val
ISIC_2688897,0,0.00046886635,inner_val
ISIC_2690733,0,0.0016747668,inner_val
ISIC_2691267,0,0.00016180016,inner_val
ISIC_2692366,0,0.00584527,inner_val
ISIC_2696344,0,0.0091923345,inner_val
ISIC_2700700,0,0.00034825696,inner_val
ISIC_2700731,0,0.006313034,inner_val
ISIC_2702929,0,0.0025277776,inner_val
ISIC_2705052,0,0.00050631317,inner_val
ISIC_2707560,0,0.0012162357,inner_val
ISIC_2707664,0,7.260411e-05,inner_val
ISIC_2710887,0,0.12707672,inner_val
ISIC_2712126,0,0.00020924288,inner_val
ISIC_2714907,0,0.013459389,inner_val
ISIC_2716574,0,0.0008474297,inner_val
ISIC_2720426,0,0.06300003,inner_val
ISIC_2722607,0,0.01069222,inner_val
ISIC_2724529,1,0.0029356426,inner_val
ISIC_2726326,0,8.834276e-05,inner_val
ISIC_2727016,0,0.14206454,inner_val
ISIC_2728348,0,0.0006138916,inner_val
ISIC_2729747,0,0.0013928787,inner_val
ISIC_2730948,0,0.00024749772,inner_val
ISIC_2731957,0,0.0034735252,inner_val
ISIC_2732573,0,6.69307e-05,inner_val
ISIC_2733043,0,0.0009474051,inner_val
ISIC_2734817,0,0.12697513,inner_val
ISIC_2739124,0,9.866586e-05,inner_val
ISIC_2739702,0,0.00012200299,inner_val
ISIC_2744153,0,0.0015822554,inner_val
ISIC_2744859,0,0.27954936,inner_val
ISIC_2746191,0,0.008498512,inner_val
ISIC_2746282,0,0.0031700584,inner_val
ISIC_2748608,0,0.00026225633,inner_val
ISIC_2748873,0,0.051207647,inner_val
ISIC_2752297,0,0.003505795,inner_val
ISIC_2752607,0,5.0632356e-05,inner_val
ISIC_2754616,0,0.0005128195,inner_val
ISIC_2763029,0,0.0005290769,inner_val
ISIC_2764407,0,6.184539e-05,inner_val
ISIC_2766061,0,0.00028020883,inner_val
ISIC_2766683,0,0.00010150615,inner_val
ISIC_2772217,0,0.037878588,inner_val
ISIC_2775638,0,0.0031017603,inner_val
ISIC_2777137,0,0.00097124523,inner_val
ISIC_2778855,0,0.0014552965,inner_val
ISIC_2788026,0,0.022036195,inner_val
ISIC_2788286,0,0.0004089152,inner_val
ISIC_2793638,0,0.00075721287,inner_val
ISIC_2793903,0,0.00015033042,inner_val
ISIC_2795397,0,0.028524093,inner_val
ISIC_2801126,0,0.0023834545,inner_val
ISIC_2805443,0,0.04228221,inner_val
ISIC_2805573,0,0.00015774943,inner_val
ISIC_2805634,0,0.0003416331,inner_val
ISIC_2815040,0,0.16684586,inner_val
ISIC_2817836,0,1.7467806e-05,inner_val
ISIC_2818530,0,0.025991693,inner_val
ISIC_2819721,0,0.00075876946,inner_val
ISIC_2828553,0,0.00027328933,inner_val
ISIC_2828861,0,0.00025700327,inner_val
ISIC_2829088,0,0.0034713387,inner_val
ISIC_2829107,0,0.2990065,inner_val
ISIC_2831416,0,0.012022572,inner_val
ISIC_2832507,0,0.048158474,inner_val
ISIC_2832548,0,8.458828e-05,inner_val
ISIC_2832584,0,0.00021725503,inner_val
ISIC_2840136,0,0.011425725,inner_val
ISIC_2841861,0,0.012105271,inner_val
ISIC_2842470,0,0.0056082145,inner_val
ISIC_2842532,0,4.5709603e-05,inner_val
ISIC_2845104,0,0.0065601706,inner_val
ISIC_2847358,0,0.008013161,inner_val
ISIC_2850143,0,3.6754045e-05,inner_val
ISIC_2850769,0,0.0019441665,inner_val
ISIC_2852497,0,0.027285183,inner_val
ISIC_2853454,0,0.42343402,inner_val
ISIC_2853981,0,0.010485058,inner_val
ISIC_2855326,0,0.0027247623,inner_val
ISIC_2856658,0,0.00025136935,inner_val
ISIC_2858419,0,0.00087344804,inner_val
ISIC_2865011,0,0.0051015266,inner_val
ISIC_2869310,0,0.00357505,inner_val
ISIC_2872349,0,0.0026648156,inner_val
ISIC_2882462,0,0.052285355,inner_val
ISIC_2887033,0,0.004268301,inner_val
ISIC_2887668,0,0.00024260543,inner_val
ISIC_2893887,0,0.08505744,inner_val
ISIC_2898886,0,0.04215672,inner_val
ISIC_2904794,0,0.004919977,inner_val
ISIC_2908353,0,0.0077776397,inner_val
ISIC_2908941,0,0.00065039704,inner_val
ISIC_2909958,0,0.026372787,inner_val
ISIC_2913019,0,0.00012801074,inner_val
ISIC_2914880,0,0.00012319142,inner_val
ISIC_2916248,0,0.00024551785,inner_val
ISIC_2916677,0,0.013931158,inner_val
ISIC_2921537,0,0.0020297156,inner_val
ISIC_2921549,0,0.0024885847,inner_val
ISIC_2924968,0,0.00486896,inner_val
ISIC_2925891,0,0.094867945,inner_val
ISIC_2935682,0,0.00096827105,inner_val
ISIC_2937642,1,0.054107137,inner_val
ISIC_2945310,0,0.00014738356,inner_val
ISIC_2946123,0,0.0022627423,inner_val
ISIC_2950391,0,0.0040968424,inner_val
ISIC_2953711,0,0.009042932,inner_val
ISIC_2954968,0,0.00027139022,inner_val
ISIC_2956763,0,0.00038852383,inner_val
ISIC_2958240,0,0.003481637,inner_val
ISIC_2958837,0,0.031339496,inner_val
ISIC_2961666,0,0.0014841662,inner_val
ISIC_2963146,0,0.037575763,inner_val
ISIC_2964496,0,0.0011376565,inner_val
ISIC_2967140,0,0.0026453754,inner_val
ISIC_2968542,0,0.14619495,inner_val
ISIC_2968871,0,0.008671828,inner_val
ISIC_2969301,0,8.081328e-05,inner_val
ISIC_2969502,0,2.4679468e-05,inner_val
ISIC_2970632,0,0.40156075,inner_val
ISIC_2971389,0,0.00028557156,inner_val
ISIC_2973595,0,0.0064338795,inner_val
ISIC_2975553,0,2.8746645e-05,inner_val
ISIC_2977144,0,0.00015802222,inner_val
ISIC_2978983,0,0.0026476257,inner_val
ISIC_2979268,1,5.646863e-05,inner_val
ISIC_2980633,0,0.001353401,inner_val
ISIC_2984437,0,0.0024836622,inner_val
ISIC_2985966,0,0.002269393,inner_val
ISIC_2987613,1,0.09772325,inner_val
ISIC_2990503,0,0.021677276,inner_val
ISIC_2994684,0,0.00060498033,inner_val
ISIC_2995521,0,0.021649575,inner_val
ISIC_3000569,0,6.251484e-05,inner_val
ISIC_3000859,0,0.00035120468,inner_val
ISIC_3001941,0,0.061811857,inner_val
ISIC_3002635,0,0.00018560159,inner_val
ISIC_3003111,0,0.0029394233,inner_val
ISIC_3003273,0,0.006290251,inner_val
ISIC_3003513,0,0.00024551316,inner_val
ISIC_3004041,0,0.0030374483,inner_val
ISIC_3006054,0,0.0051119267,inner_val
ISIC_3006507,0,5.169962e-05,inner_val
ISIC_3008399,0,0.0011514594,inner_val
ISIC_3011066,0,6.8771136e-05,inner_val
ISIC_3014965,0,0.0007729642,inner_val
ISIC_3016696,0,3.381253e-05,inner_val
ISIC_3021188,0,0.0014859452,inner_val
ISIC_3034548,0,7.6934084e-05,inner_val
ISIC_3042818,0,0.009683838,inner_val
ISIC_3043105,0,0.032599427,inner_val
ISIC_3049301,0,0.005015138,inner_val
ISIC_3051892,0,0.00531049,inner_val
ISIC_3056425,0,0.00032906042,inner_val
ISIC_3056509,0,0.0073877145,inner_val
ISIC_3059442,0,0.00502019,inner_val
ISIC_3065032,1,0.015517723,inner_val
ISIC_3066296,0,0.00010068596,inner_val
ISIC_3071973,0,0.00045466013,inner_val
ISIC_3072259,0,0.0006381667,inner_val
ISIC_3072382,0,0.00070494687,inner_val
ISIC_3073339,0,0.0120592145,inner_val
ISIC_3073605,0,0.043322124,inner_val
ISIC_3078678,0,7.7561104e-05,inner_val
ISIC_3081844,0,6.735058e-05,inner_val
ISIC_3082841,0,0.032345675,inner_val
ISIC_3084780,0,0.0028061154,inner_val
ISIC_3086579,0,0.0003300105,inner_val
ISIC_3091457,0,0.00027754734,inner_val
ISIC_3097419,0,0.016649723,inner_val
ISIC_3098174,0,0.042499755,inner_val
ISIC_3098342,0,0.00026011077,inner_val
ISIC_3099438,0,0.0009803183,inner_val
ISIC_3100541,0,5.2772764e-05,inner_val
ISIC_3108166,0,0.0036832637,inner_val
ISIC_3109156,0,0.004859338,inner_val
ISIC_3110909,0,0.005518449,inner_val
ISIC_3111635,0,0.00026537725,inner_val
ISIC_3111752,0,0.0069790864,inner_val
ISIC_3114708,0,1.2928104e-05,inner_val
ISIC_3115419,0,0.07434977,inner_val
ISIC_3116777,0,0.037710715,inner_val
ISIC_3117585,0,0.022717956,inner_val
ISIC_3118435,0,0.006430281,inner_val
ISIC_3119175,0,0.0067375214,inner_val
ISIC_3123718,0,8.483045e-05,inner_val
ISIC_3125318,0,9.910348e-06,inner_val
ISIC_3126619,0,0.007982159,inner_val
ISIC_3127347,0,0.0006357681,inner_val
ISIC_3131821,0,0.029673291,inner_val
ISIC_3136263,0,0.00011493973,inner_val
ISIC_3136309,0,0.0023365996,inner_val
ISIC_3139224,0,0.00080830895,inner_val
ISIC_3143604,0,0.0013069952,inner_val
ISIC_3143650,0,0.13306327,inner_val
ISIC_3145600,0,0.1393658,inner_val
ISIC_3146074,0,0.000100140176,inner_val
ISIC_3147179,0,0.00594826,inner_val
ISIC_3147613,0,0.00036719834,inner_val
ISIC_3152541,0,0.0019172601,inner_val
ISIC_3152572,0,0.0033163482,inner_val
ISIC_3154509,0,0.00015800624,inner_val
ISIC_3156139,0,0.0024841535,inner_val
ISIC_3160147,0,0.021690518,inner_val
ISIC_3160224,0,0.000111721456,inner_val
ISIC_3161477,0,0.0006679237,inner_val
ISIC_3165198,0,0.0075660693,inner_val
ISIC_3165425,0,0.0001817332,inner_val
ISIC_3165765,0,0.0024297705,inner_val
ISIC_3167092,0,0.24466975,inner_val
ISIC_3171104,0,0.0018702407,inner_val
ISIC_3177916,0,0.09412469,inner_val
ISIC_3180138,0,0.00018677043,inner_val
ISIC_3182075,0,0.00077048887,inner_val
ISIC_3182374,0,0.00033867854,inner_val
ISIC_3183190,0,0.0066080987,inner_val
ISIC_3187746,0,9.376333e-05,inner_val
ISIC_3187836,0,0.0024769397,inner_val
ISIC_3191646,0,0.0020453997,inner_val
ISIC_3198225,0,0.044619333,inner_val
ISIC_3199821,0,0.0014047239,inner_val
ISIC_3202358,0,0.00070226676,inner_val
ISIC_3204063,0,0.0853741,inner_val
ISIC_3209363,0,1.1621475e-05,inner_val
ISIC_3209456,0,0.000230731,inner_val
ISIC_3211631,0,0.0017306948,inner_val
ISIC_3211897,0,0.0044659646,inner_val
ISIC_3212311,0,0.00037802782,inner_val
ISIC_3212781,0,0.004476148,inner_val
ISIC_3213318,0,3.7055655e-05,inner_val
ISIC_3216049,0,0.012977585,inner_val
ISIC_3218227,0,0.00017298837,inner_val
ISIC_3218245,0,0.0018154737,inner_val
ISIC_3222214,0,0.027138911,inner_val
ISIC_3223299,0,0.00010527385,inner_val
ISIC_3223762,0,0.00018698676,inner_val
ISIC_3224099,0,0.00016088695,inner_val
ISIC_3224643,0,0.0011520408,inner_val
ISIC_3224794,0,0.002396994,inner_val
ISIC_3227802,0,0.00016755413,inner_val
ISIC_3228015,0,0.00781298,inner_val
ISIC_3228537,0,0.0023593318,inner_val
ISIC_3236399,0,0.0008306899,inner_val
ISIC_3236507,0,0.017602377,inner_val
ISIC_3237290,0,0.00062237855,inner_val
ISIC_3239813,0,0.010491531,inner_val
ISIC_3240244,0,0.009684863,inner_val
ISIC_3241555,0,0.0015630407,inner_val
ISIC_3244652,0,0.0023553115,inner_val
ISIC_3245980,0,0.004058258,inner_val
ISIC_3249938,0,0.0044504683,inner_val
ISIC_3250763,0,0.012578137,inner_val
ISIC_3251421,0,0.001417861,inner_val
ISIC_3253098,0,0.0002608648,inner_val
ISIC_3256087,0,0.0004997775,inner_val
ISIC_3256116,0,0.009820522,inner_val
ISIC_3260571,0,7.111527e-06,inner_val
ISIC_3260649,0,0.0050795455,inner_val
ISIC_3262383,0,0.00015662979,inner_val
ISIC_3264096,0,0.014583915,inner_val
ISIC_3264124,0,0.00092317717,inner_val
ISIC_3267259,0,0.0001755215,inner_val
ISIC_3269241,0,0.000110188186,inner_val
ISIC_3272155,0,0.010165583,inner_val
ISIC_3274253,0,0.017689208,inner_val
ISIC_3274493,0,0.0011575873,inner_val
ISIC_3277709,0,0.0014778072,inner_val
ISIC_3283986,0,0.0011587335,inner_val
ISIC_3286956,0,0.0030831292,inner_val
ISIC_3287807,0,0.009976616,inner_val
ISIC_3287917,0,0.012087777,inner_val
ISIC_3288007,0,5.0787294e-05,inner_val
ISIC_3288342,0,0.0017932763,inner_val
ISIC_3289414,0,0.009614458,inner_val
ISIC_3289574,0,8.202336e-05,inner_val
ISIC_3289651,0,0.0036751619,inner_val
ISIC_3292074,0,0.010487216,inner_val
ISIC_3296079,0,0.00049091753,inner_val
ISIC_3299556,0,0.05322138,inner_val
ISIC_3299783,0,2.915503e-05,inner_val
ISIC_3302025,0,0.0032991625,inner_val
ISIC_3308635,0,0.00059130776,inner_val
ISIC_3309001,0,0.050842475,inner_val
ISIC_3310739,0,0.0004317953,inner_val
ISIC_3310849,0,0.11609384,inner_val
ISIC_3312241,0,0.012074484,inner_val
ISIC_3314594,0,8.871724e-05,inner_val
ISIC_3315259,0,0.00035147966,inner_val
ISIC_3315810,0,0.00019389529,inner_val
ISIC_3316688,0,0.00085293385,inner_val
ISIC_3318928,0,0.00019824808,inner_val
ISIC_3319229,1,0.021243455,inner_val
ISIC_3324479,0,0.0009760239,inner_val
ISIC_3326306,0,0.0015484816,inner_val
ISIC_3327257,0,0.011804863,inner_val
ISIC_3328612,0,0.0009989871,inner_val
ISIC_3331500,0,0.0016615172,inner_val
ISIC_3332207,0,0.007302972,inner_val
ISIC_3332704,0,9.676746e-05,inner_val
ISIC_3337833,0,0.00042586224,inner_val
ISIC_3338730,0,0.07274014,inner_val
ISIC_3339465,0,6.075079e-05,inner_val
ISIC_3340346,0,0.0098995175,inner_val
ISIC_3341471,0,0.0013264157,inner_val
ISIC_3352700,0,0.005875248,inner_val
ISIC_3355040,0,0.0008117178,inner_val
ISIC_3356216,0,0.00020107279,inner_val
ISIC_3360180,0,0.003790883,inner_val
ISIC_3361126,0,0.0024298942,inner_val
ISIC_3361690,0,0.008799236,inner_val
ISIC_3367944,0,0.00073939183,inner_val
ISIC_3368733,0,1.0948632e-05,inner_val
ISIC_3370737,0,0.12244012,inner_val
ISIC_3377082,0,0.0006033835,inner_val
ISIC_3377282,0,0.0022018326,inner_val
ISIC_3379523,0,0.0698249,inner_val
ISIC_3381158,0,0.0014590312,inner_val
ISIC_3383481,0,0.0007113612,inner_val
ISIC_3384989,0,0.0192922,inner_val
ISIC_3391427,1,0.14135182,inner_val
ISIC_3391654,0,0.00023152123,inner_val
ISIC_3398017,0,0.00043893,inner_val
ISIC_3401240,0,0.0012668847,inner_val
ISIC_3403144,0,0.0015697074,inner_val
ISIC_3403778,0,0.0026431645,inner_val
ISIC_3406319,0,0.0033006445,inner_val
ISIC_3409287,0,0.0022965174,inner_val
ISIC_3412310,0,0.0040606754,inner_val
ISIC_3416324,0,0.021921497,inner_val
ISIC_3417396,0,0.030158501,inner_val
ISIC_3418068,0,0.00012155197,inner_val
ISIC_3418447,0,0.0009407247,inner_val
ISIC_3424154,0,0.001233062,inner_val
ISIC_3425896,0,0.0029097963,inner_val
ISIC_3426714,0,0.00022856465,inner_val
ISIC_3427958,0,0.00013625677,inner_val
ISIC_3428317,0,0.07821962,inner_val
ISIC_3428694,0,6.4054504e-05,inner_val
ISIC_3429278,0,0.006852527,inner_val
ISIC_3434670,0,0.000988088,inner_val
ISIC_3441196,0,0.0009796871,inner_val
ISIC_3445801,0,0.062691,inner_val
ISIC_3448409,0,0.00073728315,inner_val
ISIC_3453763,0,0.0042092493,inner_val
ISIC_3454208,0,0.00020048661,inner_val
ISIC_3455136,0,0.15351115,inner_val
ISIC_3455285,0,9.38569e-05,inner_val
ISIC_3455331,0,0.0002802211,inner_val
ISIC_3456207,0,0.0024182596,inner_val
ISIC_3458173,0,0.00018832191,inner_val
ISIC_3458811,0,8.896157e-05,inner_val
ISIC_3460537,0,0.021721808,inner_val
ISIC_3464226,0,0.014789937,inner_val
ISIC_3471815,0,0.00013637428,inner_val
ISIC_3472069,0,2.1919599e-05,inner_val
ISIC_3474609,0,0.00022763295,inner_val
ISIC_3477336,0,0.049272973,inner_val
ISIC_3482153,0,0.00024670048,inner_val
ISIC_3482676,0,0.009059445,inner_val
ISIC_3485981,0,0.0026011073,inner_val
ISIC_3486658,0,0.001675041,inner_val
ISIC_3488268,0,0.0024501383,inner_val
ISIC_3490088,0,0.011348722,inner_val
ISIC_3493050,0,0.00047474157,inner_val
ISIC_3493166,0,0.0044626924,inner_val
ISIC_3495799,0,6.7769346e-05,inner_val
ISIC_3496994,0,0.037943672,inner_val
ISIC_3499368,0,0.0016367745,inner_val
ISIC_3502154,0,0.0023330606,inner_val
ISIC_3503289,0,0.00016561439,inner_val
ISIC_3503895,0,0.07350756,inner_val
ISIC_3505327,0,0.008377945,inner_val
ISIC_3507444,0,0.046662662,inner_val
ISIC_3510941,0,0.027408358,inner_val
ISIC_3511320,0,0.0018925493,inner_val
ISIC_3519823,0,0.0057870406,inner_val
ISIC_3522923,0,0.036607865,inner_val
ISIC_3528845,0,0.053714857,inner_val
ISIC_3534791,0,0.0067849015,inner_val
ISIC_3535253,0,0.00038255786,inner_val
ISIC_3537646,0,0.006677402,inner_val
ISIC_3545972,0,0.0018100361,inner_val
ISIC_3548096,0,8.544895e-05,inner_val
ISIC_3549384,0,9.138161e-05,inner_val
ISIC_3549984,0,0.001079724,inner_val
ISIC_3550288,0,0.00013275225,inner_val
ISIC_3550844,0,0.018990843,inner_val
ISIC_3553089,0,0.0039876336,inner_val
ISIC_3558634,0,0.013165463,inner_val
ISIC_3559835,0,0.009452019,inner_val
ISIC_3560466,0,0.007259533,inner_val
ISIC_3561539,0,0.0078878375,inner_val
ISIC_3561857,0,0.005635201,inner_val
ISIC_3564897,0,0.0068865553,inner_val
ISIC_3565508,0,0.011136103,inner_val
ISIC_3566897,0,0.017690567,inner_val
ISIC_3568218,0,0.0018579802,inner_val
ISIC_3569794,0,1.1963467e-05,inner_val
ISIC_3571523,0,0.00042874267,inner_val
ISIC_3572458,0,0.00013247001,inner_val
ISIC_3579853,0,0.0045784754,inner_val
ISIC_3581871,0,0.00041724817,inner_val
ISIC_3586824,0,0.0028239859,inner_val
ISIC_3587179,0,7.8934325e-05,inner_val
ISIC_3590482,0,0.019457858,inner_val
ISIC_3591742,0,0.038260456,inner_val
ISIC_3592022,0,0.014264283,inner_val
ISIC_3592731,0,0.0074023237,inner_val
ISIC_3597277,0,0.0008302919,inner_val
ISIC_3597870,0,0.13076642,inner_val
ISIC_3598288,0,1.5832036e-05,inner_val
ISIC_3599396,0,0.0021215393,inner_val
ISIC_3603704,0,0.0006243748,inner_val
ISIC_3604304,0,0.0003549087,inner_val
ISIC_3604681,0,9.120001e-05,inner_val
ISIC_3604975,0,5.0074486e-05,inner_val
ISIC_3611638,0,9.264225e-05,inner_val
ISIC_3614121,0,0.006309158,inner_val
ISIC_3617159,0,0.008607182,inner_val
ISIC_3619300,0,0.0163531,inner_val
ISIC_3621197,0,0.16161844,inner_val
ISIC_3622776,0,0.0052946294,inner_val
ISIC_3626811,0,9.917609e-06,inner_val
ISIC_3627582,0,0.012066841,inner_val
ISIC_3628831,0,0.002060195,inner_val
ISIC_3629614,0,0.0029780946,inner_val
ISIC_3630605,0,0.06424402,inner_val
ISIC_3632419,0,0.006589344,inner_val
ISIC_3635602,0,0.00027867797,inner_val
ISIC_3649363,0,0.00045024112,inner_val
ISIC_3650533,0,0.0009715807,inner_val
ISIC_3655327,0,0.0642561,inner_val
ISIC_3657135,0,0.00017657534,inner_val
ISIC_3659528,0,0.120052926,inner_val
ISIC_3659682,0,0.04835439,inner_val
ISIC_3662678,0,0.0006096329,inner_val
ISIC_3663340,0,0.00038533082,inner_val
ISIC_3663705,0,0.013385788,inner_val
ISIC_3665298,0,0.0012790394,inner_val
ISIC_3665859,0,0.0006479563,inner_val
ISIC_3666094,0,0.006469911,inner_val
ISIC_3667693,0,0.030296918,inner_val
ISIC_3670322,0,0.0004428052,inner_val
ISIC_3671274,0,0.0016264453,inner_val
ISIC_3673090,0,0.00059287495,inner_val
ISIC_3675585,0,0.017965848,inner_val
ISIC_3677768,0,7.1462615e-05,inner_val
ISIC_3677945,0,0.003508903,inner_val
ISIC_3678595,0,0.0035304904,inner_val
ISIC_3680503,0,0.0054863365,inner_val
ISIC_3682700,0,9.034756e-05,inner_val
ISIC_3684488,1,0.46198353,inner_val
ISIC_3692217,0,7.025769e-05,inner_val
ISIC_3692341,0,6.5057815e-05,inner_val
ISIC_3692776,0,0.033203058,inner_val
ISIC_3695190,0,0.00012383448,inner_val
ISIC_3698443,0,7.0928305e-05,inner_val
ISIC_3703408,0,0.002013447,inner_val
ISIC_3704790,0,0.027887534,inner_val
ISIC_3710757,0,0.00024377681,inner_val
ISIC_3715194,0,6.836847e-05,inner_val
ISIC_3717977,0,0.0023483513,inner_val
ISIC_3720096,0,0.003193503,inner_val
ISIC_3721142,0,0.015315606,inner_val
ISIC_3723065,0,0.00798214,inner_val
ISIC_3726512,0,0.0008890934,inner_val
ISIC_3727059,0,0.0041388236,inner_val
ISIC_3727856,0,0.00053675636,inner_val
ISIC_3729025,0,0.0511243,inner_val
ISIC_3733131,0,0.00013516769,inner_val
ISIC_3734674,0,0.00022246789,inner_val
ISIC_3734889,0,0.026435371,inner_val
ISIC_3734966,0,0.05052084,inner_val
ISIC_3735143,0,8.7954584e-05,inner_val
ISIC_3737487,0,0.007557105,inner_val
ISIC_3737739,0,0.003219277,inner_val
ISIC_3740201,0,3.9722214e-05,inner_val
ISIC_3740449,0,0.0012287264,inner_val
ISIC_3740648,0,4.3949018e-05,inner_val
ISIC_3742028,0,0.0028789954,inner_val
ISIC_3742431,0,0.001639059,inner_val
ISIC_3742470,0,5.7340767e-05,inner_val
ISIC_3743556,0,0.0050709327,inner_val
ISIC_3744610,0,0.00023143516,inner_val
ISIC_3744940,0,0.00019378032,inner_val
ISIC_3745711,0,0.03824778,inner_val
ISIC_3747575,0,0.0012202227,inner_val
ISIC_3748055,0,0.008815329,inner_val
ISIC_3754247,0,0.0038855528,inner_val
ISIC_3760018,0,0.002885934,inner_val
ISIC_3761253,0,0.0021605736,inner_val
ISIC_3762459,0,2.4349138e-05,inner_val
ISIC_3766406,0,0.0095857605,inner_val
ISIC_3766980,0,4.3881424e-05,inner_val
ISIC_3768074,0,0.00046638484,inner_val
ISIC_3768748,0,9.719408e-06,inner_val
ISIC_3772941,0,0.003028562,inner_val
ISIC_3775249,0,0.007018788,inner_val
ISIC_3775365,0,0.010384549,inner_val
ISIC_3777026,0,0.007637099,inner_val
ISIC_3780571,0,0.0022515976,inner_val
ISIC_3782874,0,0.12173911,inner_val
ISIC_3784812,0,0.002711428,inner_val
ISIC_3784838,0,1.3697597e-05,inner_val
ISIC_3786075,0,0.0017883622,inner_val
ISIC_3789344,0,0.0036421195,inner_val
ISIC_3789405,0,0.0007594994,inner_val
ISIC_3792450,0,0.00013374201,inner_val
ISIC_3793261,0,0.10614146,inner_val
ISIC_3797073,0,6.701232e-05,inner_val
ISIC_3797095,0,0.0016570227,inner_val
ISIC_3800435,0,0.0034841676,inner_val
ISIC_3802785,0,0.021815777,inner_val
ISIC_3805310,0,0.00015975327,inner_val
ISIC_3809762,0,0.18678115,inner_val
ISIC_3814807,0,0.0021144464,inner_val
ISIC_3820533,0,0.0015376924,inner_val
ISIC_3823241,0,0.056990124,inner_val
ISIC_3826102,0,0.0067317034,inner_val
ISIC_3826602,0,0.00039652342,inner_val
ISIC_3831535,0,0.0044150236,inner_val
ISIC_3832193,0,0.025825547,inner_val
ISIC_3834379,0,0.0037209485,inner_val
ISIC_3837741,0,0.04797393,inner_val
ISIC_3840053,0,0.00028178733,inner_val
ISIC_3844484,0,0.013033917,inner_val
ISIC_3846236,0,1.2155965e-05,inner_val
ISIC_3846648,0,0.001701524,inner_val
ISIC_3846717,0,9.383596e-05,inner_val
ISIC_3850432,0,0.00094882055,inner_val
ISIC_3854244,0,1.0981174e-05,inner_val
ISIC_3856289,0,0.005642227,inner_val
ISIC_3858405,0,0.47412938,inner_val
ISIC_3858798,0,0.003633493,inner_val
ISIC_3864842,0,0.00057173654,inner_val
ISIC_3866946,0,0.0005400445,inner_val
ISIC_3869717,0,0.0019495367,inner_val
ISIC_3876274,0,0.11117821,inner_val
ISIC_3877643,0,0.002133182,inner_val
ISIC_3877981,0,0.1251534,inner_val
ISIC_3882251,0,3.1544118e-05,inner_val
ISIC_3886701,0,0.0064647123,inner_val
ISIC_3887638,0,0.00016944548,inner_val
ISIC_3888550,0,0.00022543204,inner_val
ISIC_3888650,0,0.0010345555,inner_val
ISIC_3889479,0,8.390669e-05,inner_val
ISIC_3894209,0,7.260036e-05,inner_val
ISIC_3894224,0,0.029944882,inner_val
ISIC_3895772,0,0.0004684198,inner_val
ISIC_3896737,0,0.00037339402,inner_val
ISIC_3897881,0,0.0006512785,inner_val
ISIC_3900239,0,0.016277712,inner_val
ISIC_3908914,0,0.009723484,inner_val
ISIC_3910037,0,0.00010075262,inner_val
ISIC_3912838,0,0.00014623984,inner_val
ISIC_3913561,0,0.003411508,inner_val
ISIC_3917306,0,6.8082336e-05,inner_val
ISIC_3917739,0,0.006649199,inner_val
ISIC_3918592,0,4.8155795e-05,inner_val
ISIC_3925208,0,0.009117457,inner_val
ISIC_3926261,0,0.023503575,inner_val
ISIC_3926305,0,7.631388e-05,inner_val
ISIC_3942426,0,0.00029723466,inner_val
ISIC_3943822,0,0.04506748,inner_val
ISIC_3944634,1,0.0076028467,inner_val
ISIC_3945916,0,6.179434e-05,inner_val
ISIC_3945984,0,0.012461531,inner_val
ISIC_3946019,0,0.008438913,inner_val
ISIC_3947698,0,0.009504741,inner_val
ISIC_3948041,0,0.00033546763,inner_val
ISIC_3948588,0,0.00019715399,inner_val
ISIC_3950408,0,0.00059754297,inner_val
ISIC_3950753,0,0.00011195822,inner_val
ISIC_3951677,0,0.15374205,inner_val
ISIC_3951907,0,0.092255086,inner_val
ISIC_3953857,0,7.425956e-05,inner_val
ISIC_3957270,0,0.05810693,inner_val
ISIC_3957475,0,0.0003439347,inner_val
ISIC_3959941,0,0.014211493,inner_val
ISIC_3963183,1,0.14646822,inner_val
ISIC_3967213,0,4.6631023e-05,inner_val
ISIC_3971625,0,0.00033105098,inner_val
ISIC_3971920,0,0.00029192228,inner_val
ISIC_3972165,0,0.031166932,inner_val
ISIC_3972569,0,0.0004433786,inner_val
ISIC_3974981,0,0.018410854,inner_val
ISIC_3975294,0,0.00084636884,inner_val
ISIC_3978040,0,0.0016427508,inner_val
ISIC_3978469,0,8.27395e-05,inner_val
ISIC_3979225,0,0.00063408137,inner_val
ISIC_3984167,0,0.001716207,inner_val
ISIC_3984393,0,7.1402814e-05,inner_val
ISIC_3985273,0,0.0029179922,inner_val
ISIC_3986532,0,0.00010560041,inner_val
ISIC_3989526,0,0.0012803606,inner_val
ISIC_3994739,0,0.000105985586,inner_val
ISIC_3995777,0,0.00013929243,inner_val
ISIC_3998579,0,0.014867601,inner_val
ISIC_3999961,0,0.00026161052,inner_val
ISIC_4001269,0,0.001873218,inner_val
ISIC_4005830,0,0.013128263,inner_val
ISIC_4006060,0,0.045185484,inner_val
ISIC_4008601,0,0.00014007375,inner_val
ISIC_4017765,0,0.053686097,inner_val
ISIC_4020689,0,0.083726026,inner_val
ISIC_4021456,0,0.0022812812,inner_val
ISIC_4022621,0,0.06878747,inner_val
ISIC_4022642,0,0.020117886,inner_val
ISIC_4023381,0,0.00041092726,inner_val
ISIC_4025001,0,0.00015314127,inner_val
ISIC_4026943,0,0.0019615036,inner_val
ISIC_4032170,0,4.4762404e-05,inner_val
ISIC_4033750,0,0.0039802506,inner_val
ISIC_4034806,0,0.0020046218,inner_val
ISIC_4035030,0,0.047045562,inner_val
ISIC_4038942,0,0.0003997754,inner_val
ISIC_4042619,0,0.00048027822,inner_val
ISIC_4043580,0,0.0050931233,inner_val
ISIC_4044272,0,0.00018905055,inner_val
ISIC_4044751,0,0.14171715,inner_val
ISIC_4045231,0,0.0015797656,inner_val
ISIC_4045248,0,0.0018577805,inner_val
ISIC_4048449,0,0.00023057176,inner_val
ISIC_4049855,0,1.18203925e-05,inner_val
ISIC_4062047,0,0.001643699,inner_val
ISIC_4063325,0,0.00027110576,inner_val
ISIC_4063720,0,0.00095536857,inner_val
ISIC_4064936,0,0.002629142,inner_val
ISIC_4068608,0,0.019843169,inner_val
ISIC_4072610,0,0.0005091412,inner_val
ISIC_4073281,0,0.00020811475,inner_val
ISIC_4077798,0,0.0005746005,inner_val
ISIC_4078966,0,0.027933247,inner_val
ISIC_4084431,0,0.0019505073,inner_val
ISIC_4085644,0,0.0035422258,inner_val
ISIC_4086375,0,0.005145173,inner_val
ISIC_4087851,0,6.454381e-05,inner_val
ISIC_4090714,0,0.07566332,inner_val
ISIC_4091066,0,8.192065e-05,inner_val
ISIC_4092711,0,0.021768201,inner_val
ISIC_4094907,0,0.010285649,inner_val
ISIC_4096361,0,0.00035881973,inner_val
ISIC_4100970,0,0.0023250997,inner_val
ISIC_4103653,0,8.7394765e-05,inner_val
ISIC_4108397,0,0.0001341822,inner_val
ISIC_4108571,0,0.0017467353,inner_val
ISIC_4119029,0,0.2132984,inner_val
ISIC_4119189,0,0.0006392691,inner_val
ISIC_4119325,0,7.145417e-05,inner_val
ISIC_4123007,0,2.8163353e-05,inner_val
ISIC_4125718,0,0.0022157466,inner_val
ISIC_4126822,0,0.00010782354,inner_val
ISIC_4129493,0,3.4647568e-05,inner_val
ISIC_4132022,0,0.005789134,inner_val
ISIC_4132685,0,0.039855827,inner_val
ISIC_4134237,0,0.011272386,inner_val
ISIC_4137694,0,0.0003410412,inner_val
ISIC_4142239,0,0.00012865933,inner_val
ISIC_4143831,0,0.06598492,inner_val
ISIC_4144963,0,0.1027562,inner_val
ISIC_4147040,0,0.005353334,inner_val
ISIC_4149704,0,0.00015035621,inner_val
ISIC_4157049,0,0.0062150983,inner_val
ISIC_4158721,0,0.0012961093,inner_val
ISIC_4159272,0,0.00025191155,inner_val
ISIC_4161113,0,0.0013474321,inner_val
ISIC_4161929,0,0.001482131,inner_val
ISIC_4165761,0,0.33990958,inner_val
ISIC_4166393,0,0.0078074955,inner_val
ISIC_4172804,0,0.061956685,inner_val
ISIC_4174479,0,0.0010975829,inner_val
ISIC_4174614,0,0.0035338472,inner_val
ISIC_4178745,0,0.00017856511,inner_val
ISIC_4181042,0,0.0033743568,inner_val
ISIC_4181595,0,0.015822215,inner_val
ISIC_4182214,0,0.00031833805,inner_val
ISIC_4183857,0,0.00026489998,inner_val
ISIC_4183926,0,0.00885391,inner_val
ISIC_4188644,0,0.037316043,inner_val
ISIC_4189111,0,0.0061039235,inner_val
ISIC_4190900,0,0.016388183,inner_val
ISIC_4191011,0,0.0007489431,inner_val
ISIC_4193253,0,0.0031395345,inner_val
ISIC_4197892,0,0.024702147,inner_val
ISIC_4203206,0,0.016372696,inner_val
ISIC_4203961,0,0.0009228407,inner_val
ISIC_4209819,0,0.004255126,inner_val
ISIC_4212044,0,0.0012494893,inner_val
ISIC_4213876,0,0.13244629,inner_val
ISIC_4214519,0,0.003932156,inner_val
ISIC_4216169,0,0.0019289348,inner_val
ISIC_4217677,0,0.01050548,inner_val
ISIC_4217963,0,3.7572037e-05,inner_val
ISIC_4220010,0,1.5568641e-05,inner_val
ISIC_4222616,0,0.00069957954,inner_val
ISIC_4223734,0,0.00011491802,inner_val
ISIC_4227209,0,7.2257644e-05,inner_val
ISIC_4228799,0,0.0030706527,inner_val
ISIC_4229429,0,0.00012024651,inner_val
ISIC_4229978,0,0.0033320785,inner_val
ISIC_4231292,0,0.00052668515,inner_val
ISIC_4232053,0,0.00092834246,inner_val
ISIC_4232172,0,0.008424892,inner_val
ISIC_4236274,0,0.00010129826,inner_val
ISIC_4237327,0,7.9424346e-05,inner_val
ISIC_4238945,0,0.0002514681,inner_val
ISIC_4240898,0,7.8847355e-05,inner_val
ISIC_4242559,0,5.1445353e-05,inner_val
ISIC_4242926,0,0.010349224,inner_val
ISIC_4243947,0,2.5793333e-05,inner_val
ISIC_4247853,0,7.50837e-05,inner_val
ISIC_4248524,0,0.0010087908,inner_val
ISIC_4248784,0,0.00029055946,inner_val
ISIC_4251930,0,0.00037189331,inner_val
ISIC_4252268,0,0.007168539,inner_val
ISIC_4253348,0,0.00076638267,inner_val
ISIC_4254687,0,0.00031836476,inner_val
ISIC_4254754,0,0.0028872476,inner_val
ISIC_4257799,0,0.037677143,inner_val
ISIC_4257938,0,0.00013055064,inner_val
ISIC_4261531,0,0.0073280497,inner_val
ISIC_4262522,0,5.848235e-05,inner_val
ISIC_4263521,0,0.017394595,inner_val
ISIC_4266467,0,0.0034940785,inner_val
ISIC_4271700,0,9.2986e-05,inner_val
ISIC_4276255,1,0.017157512,inner_val
ISIC_4278569,0,0.009417495,inner_val
ISIC_4293652,0,6.3562e-05,inner_val
ISIC_4299647,0,0.0011695699,inner_val
ISIC_4307219,0,0.00013895893,inner_val
ISIC_4311486,0,0.0020406593,inner_val
ISIC_4312470,0,0.006748894,inner_val
ISIC_4312804,0,0.0030782642,inner_val
ISIC_4314577,0,0.0042282916,inner_val
ISIC_4315525,0,0.00027218886,inner_val
ISIC_4319945,0,0.0075926576,inner_val
ISIC_4320200,0,7.509631e-05,inner_val
ISIC_4323160,0,0.008840019,inner_val
ISIC_4327560,0,0.0007687353,inner_val
ISIC_4328501,0,0.020718936,inner_val
ISIC_4329544,0,6.6492e-05,inner_val
ISIC_4330291,0,0.0070913807,inner_val
ISIC_4331481,0,0.090823926,inner_val
ISIC_4332529,0,0.010439444,inner_val
ISIC_4332885,0,0.0035367166,inner_val
ISIC_4333412,0,0.0061914846,inner_val
ISIC_4336409,0,0.009310866,inner_val
ISIC_4337318,0,0.027981244,inner_val
ISIC_4340139,0,0.00036685017,inner_val
ISIC_4341875,0,0.006240807,inner_val
ISIC_4342416,0,0.09927433,inner_val
ISIC_4343552,0,3.8453905e-05,inner_val
ISIC_4345522,0,9.4193485e-05,inner_val
ISIC_4349612,0,2.858552e-05,inner_val
ISIC_4351814,0,0.09315194,inner_val
ISIC_4352303,0,0.003041766,inner_val
ISIC_4352457,0,9.6659554e-05,inner_val
ISIC_4352838,0,9.592132e-05,inner_val
ISIC_4354772,0,0.018125553,inner_val
ISIC_4355229,0,0.0017318724,inner_val
ISIC_4371913,0,0.00010416565,inner_val
ISIC_4373835,0,4.3187873e-05,inner_val
ISIC_4373904,0,5.558633e-05,inner_val
ISIC_4376261,0,0.02791039,inner_val
ISIC_4377193,0,0.007441209,inner_val
ISIC_4378793,0,0.0034092986,inner_val
ISIC_4381427,0,0.00022611397,inner_val
ISIC_4384199,0,0.022284655,inner_val
ISIC_4384614,0,7.0767506e-05,inner_val
ISIC_4387858,0,0.02951311,inner_val
ISIC_4388706,0,0.06178291,inner_val
ISIC_4391904,0,0.017374925,inner_val
ISIC_4393209,0,0.016243502,inner_val
ISIC_4393733,0,0.09528326,inner_val
ISIC_4394524,0,0.0012744233,inner_val
ISIC_4398011,1,0.10134857,inner_val
ISIC_4405883,0,0.004803284,inner_val
ISIC_4407516,0,0.003622257,inner_val
ISIC_4409740,0,0.014740263,inner_val
ISIC_4411874,0,0.0006263267,inner_val
ISIC_4412821,0,0.004311211,inner_val
ISIC_4413508,0,0.0052443286,inner_val
ISIC_4419431,0,7.7844306e-05,inner_val
ISIC_4421064,0,0.018113388,inner_val
ISIC_4430815,0,0.20293055,inner_val
ISIC_4431715,0,0.0016954334,inner_val
ISIC_4432898,0,0.121348724,inner_val
ISIC_4433832,0,0.20416927,inner_val
ISIC_4435057,0,0.0023174216,inner_val
ISIC_4435840,0,0.0046229176,inner_val
ISIC_4441861,0,0.0063357716,inner_val
ISIC_4445501,0,0.012100471,inner_val
ISIC_4451966,0,0.0019982033,inner_val
ISIC_4453506,0,0.01111231,inner_val
ISIC_4454485,0,0.10349143,inner_val
ISIC_4459001,0,0.0053024353,inner_val
ISIC_4461919,0,0.00944822,inner_val
ISIC_4463126,0,2.5537756e-05,inner_val
ISIC_4468787,0,5.1919378e-05,inner_val
ISIC_4470494,0,0.017585004,inner_val
ISIC_4471567,0,0.0071854754,inner_val
ISIC_4472903,0,0.00037171785,inner_val
ISIC_4474170,0,0.0014161012,inner_val
ISIC_4476854,0,5.3891003e-05,inner_val
ISIC_4477481,0,0.0025524828,inner_val
ISIC_4479844,0,0.0040708235,inner_val
ISIC_4481065,0,0.0070660664,inner_val
ISIC_4481684,0,0.052030955,inner_val
ISIC_4484966,0,3.6143967e-05,inner_val
ISIC_4489625,0,7.409588e-05,inner_val
ISIC_4490219,0,0.00014877321,inner_val
ISIC_4490800,0,0.00015798667,inner_val
ISIC_4493347,0,0.013825979,inner_val
ISIC_4497032,0,0.0071840477,inner_val
ISIC_4501708,0,0.0007959673,inner_val
ISIC_4502420,0,0.03585067,inner_val
ISIC_4506406,0,0.010852568,inner_val
ISIC_4509925,0,0.031281807,inner_val
ISIC_4510342,0,0.0002651972,inner_val
ISIC_4513493,0,0.0009199291,inner_val
ISIC_4516437,0,0.00082197034,inner_val
ISIC_4521222,0,0.0067884885,inner_val
ISIC_4524763,0,0.000837027,inner_val
ISIC_4525084,0,0.012321074,inner_val
ISIC_4528136,0,0.0010318988,inner_val
ISIC_4528712,0,0.0004183151,inner_val
ISIC_4530871,0,0.00056469004,inner_val
ISIC_4533779,0,0.013098863,inner_val
ISIC_4536709,0,0.0033049579,inner_val
ISIC_4538489,0,6.480358e-05,inner_val
ISIC_4538661,0,7.390352e-05,inner_val
ISIC_4539623,0,0.00011370071,inner_val
ISIC_4540140,0,0.0063972343,inner_val
ISIC_4540439,0,0.0054459423,inner_val
ISIC_4543121,0,0.0008169502,inner_val
ISIC_4547887,0,4.205106e-05,inner_val
ISIC_4548483,0,0.086433135,inner_val
ISIC_4549530,0,0.00017608641,inner_val
ISIC_4552035,0,0.0003920446,inner_val
ISIC_4553390,0,0.0004079599,inner_val
ISIC_4555130,0,0.028353805,inner_val
ISIC_4560585,0,0.10075299,inner_val
ISIC_4561874,0,5.6776516e-05,inner_val
ISIC_4563442,0,0.011764603,inner_val
ISIC_4567607,0,0.0012947503,inner_val
ISIC_4569077,0,0.00027854144,inner_val
ISIC_4570724,0,0.0038889258,inner_val
ISIC_4571395,0,0.002233526,inner_val
ISIC_4573624,0,0.00013646117,inner_val
ISIC_4574346,0,5.7047342e-05,inner_val
ISIC_4575717,0,0.007622387,inner_val
ISIC_4576725,0,0.0013666045,inner_val
ISIC_4577414,0,0.0004423365,inner_val
ISIC_4578194,0,8.037829e-05,inner_val
ISIC_4581058,0,0.1603955,inner_val
ISIC_4582670,0,0.00088262063,inner_val
ISIC_4583929,0,0.00024647196,inner_val
ISIC_4586133,0,0.00277655,inner_val
ISIC_4590810,0,0.00020149809,inner_val
ISIC_4591099,0,0.004066776,inner_val
ISIC_4593792,0,0.00060207146,inner_val
ISIC_4596803,0,0.0053179655,inner_val
ISIC_4597566,0,0.002468037,inner_val
ISIC_4600505,0,7.214335e-05,inner_val
ISIC_4600666,0,0.032092795,inner_val
ISIC_4601527,0,0.0012331065,inner_val
ISIC_4601757,0,0.0010566758,inner_val
ISIC_4602667,0,0.00028431267,inner_val
ISIC_4602983,0,0.00016488737,inner_val
ISIC_4603706,0,0.010007701,inner_val
ISIC_4605642,0,0.19424215,inner_val
ISIC_4610868,0,0.0055633895,inner_val
ISIC_4610907,0,0.0011719821,inner_val
ISIC_4612744,0,0.00010573039,inner_val
ISIC_4619903,1,0.009295941,inner_val
ISIC_4620053,0,0.007820345,inner_val
ISIC_4622159,0,0.002262794,inner_val
ISIC_4624536,0,0.0037841701,inner_val
ISIC_4627335,0,0.00022054474,inner_val
ISIC_4630067,0,0.010103889,inner_val
ISIC_4635151,0,0.0031772766,inner_val
ISIC_4635765,0,0.013444038,inner_val
ISIC_4638628,0,0.005839465,inner_val
ISIC_4640293,0,0.003195091,inner_val
ISIC_4640621,0,0.014278209,inner_val
ISIC_4646815,0,0.16412061,inner_val
ISIC_4647442,0,0.007800982,inner_val
ISIC_4648901,0,0.00014554815,inner_val
ISIC_4650236,0,0.003243769,inner_val
ISIC_4654808,0,0.2390253,inner_val
ISIC_4655392,0,0.0061845994,inner_val
ISIC_4661748,0,8.667849e-05,inner_val
ISIC_4663404,0,2.7586157e-05,inner_val
ISIC_4663531,0,0.00040295575,inner_val
ISIC_4668001,0,0.012529224,inner_val
ISIC_4672131,0,0.0014379971,inner_val
ISIC_4673461,0,0.007747636,inner_val
ISIC_4676270,1,0.022282302,inner_val
ISIC_4679428,0,0.0069042007,inner_val
ISIC_4682498,0,0.00087852194,inner_val
ISIC_4683122,0,0.0028214413,inner_val
ISIC_4686662,0,0.00086177187,inner_val
ISIC_4687418,0,0.010852808,inner_val
ISIC_4693693,0,0.32041046,inner_val
ISIC_4695396,0,8.435533e-05,inner_val
ISIC_4695815,0,0.00286869,inner_val
ISIC_4702809,0,0.0002024726,inner_val
ISIC_4709945,0,0.0044428,inner_val
ISIC_4718825,0,0.0037088997,inner_val
ISIC_4719620,0,0.003021824,inner_val
ISIC_4722021,0,0.024485843,inner_val
ISIC_4732943,0,1.8173165e-05,inner_val
ISIC_4734111,0,0.00032261852,inner_val
ISIC_4743215,0,0.007654584,inner_val
ISIC_4744272,0,0.0033243012,inner_val
ISIC_4744974,0,0.00019875003,inner_val
ISIC_4745004,0,0.00060395885,inner_val
ISIC_4745475,0,7.6842145e-05,inner_val
ISIC_4747339,0,0.023025967,inner_val
ISIC_4747814,0,0.020506114,inner_val
ISIC_4752084,0,0.0023782584,inner_val
ISIC_4755369,0,0.0006473452,inner_val
ISIC_4763007,0,0.0013590623,inner_val
ISIC_4766707,0,0.07866066,inner_val
ISIC_4768021,0,0.0004312149,inner_val
ISIC_4769266,0,0.24089828,inner_val
ISIC_4772008,0,0.09194986,inner_val
ISIC_4773019,0,0.00016066282,inner_val
ISIC_4786412,0,0.00014874115,inner_val
ISIC_4788878,0,6.21705e-05,inner_val
ISIC_4791227,0,5.34433e-05,inner_val
ISIC_4791461,0,0.0010685048,inner_val
ISIC_4791589,0,0.0023781904,inner_val
ISIC_4791893,0,0.005001295,inner_val
ISIC_4792338,0,0.006505102,inner_val
ISIC_4794020,0,0.033087928,inner_val
ISIC_4797852,0,0.00031935883,inner_val
ISIC_4799881,0,0.029953597,inner_val
ISIC_4800479,0,0.00596823,inner_val
ISIC_4801737,0,0.00054140546,inner_val
ISIC_4802066,0,0.0001392072,inner_val
ISIC_4803231,0,0.009844045,inner_val
ISIC_4803755,0,0.028756838,inner_val
ISIC_4807012,0,0.000129219,inner_val
ISIC_4809078,0,0.055433325,inner_val
ISIC_4812508,0,0.0008152906,inner_val
ISIC_4814024,0,0.00034116802,inner_val
ISIC_4815636,0,0.00027664646,inner_val
ISIC_4820549,0,0.00040586406,inner_val
ISIC_4821865,0,0.0004059807,inner_val
ISIC_4823052,0,0.00014474792,inner_val
ISIC_4823942,0,0.000116043215,inner_val
ISIC_4824758,0,0.0005502121,inner_val
ISIC_4828265,0,0.00037507887,inner_val
ISIC_4833303,0,0.0006025485,inner_val
ISIC_4833737,0,0.0015797325,inner_val
ISIC_4835344,0,0.006846296,inner_val
ISIC_4839673,0,0.0013219209,inner_val
ISIC_4841508,0,0.00014366957,inner_val
ISIC_4848047,0,0.00033539283,inner_val
ISIC_4856892,0,0.014298248,inner_val
ISIC_4857586,0,0.12823743,inner_val
ISIC_4857994,0,0.0030043973,inner_val
ISIC_4859011,0,0.017128933,inner_val
ISIC_4866086,0,0.0013434214,inner_val
ISIC_4866649,0,0.00095006445,inner_val
ISIC_4867811,0,0.00016181992,inner_val
ISIC_4868926,0,0.0012495929,inner_val
ISIC_4869901,0,0.0025759023,inner_val
ISIC_4870701,0,0.015854064,inner_val
ISIC_4870813,0,0.00011748418,inner_val
ISIC_4870936,0,0.00017289107,inner_val
ISIC_4873431,0,9.774719e-05,inner_val
ISIC_4881602,0,0.0003325244,inner_val
ISIC_4883688,0,0.00022213598,inner_val
ISIC_4887874,0,0.01105055,inner_val
ISIC_4887997,0,7.1586066e-05,inner_val
ISIC_4889196,0,0.00090274896,inner_val
ISIC_4891057,0,0.00038567017,inner_val
ISIC_4894929,0,7.545997e-05,inner_val
ISIC_4895957,0,0.0027609996,inner_val
ISIC_4899689,0,9.176215e-05,inner_val
ISIC_4901577,0,0.0009792168,inner_val
ISIC_4902829,0,0.00023639914,inner_val
ISIC_4903186,0,0.008874419,inner_val
ISIC_4903900,0,0.02469389,inner_val
ISIC_4904317,0,0.005273994,inner_val
ISIC_4906026,0,0.000352896,inner_val
ISIC_4906385,0,0.008137726,inner_val
ISIC_4913818,0,0.0025852446,inner_val
ISIC_4919198,0,0.00019372415,inner_val
ISIC_4920181,0,0.07015312,inner_val
ISIC_4921130,0,0.004067931,inner_val
ISIC_4921882,0,2.952667e-05,inner_val
ISIC_4922000,0,0.011227609,inner_val
ISIC_4925442,0,0.005503433,inner_val
ISIC_4926788,0,1.528343e-05,inner_val
ISIC_4927075,0,0.0023899693,inner_val
ISIC_4927573,0,7.357135e-05,inner_val
ISIC_4928482,0,0.0048646256,inner_val
ISIC_4933230,0,1.0816539e-05,inner_val
ISIC_4936702,0,0.00012531289,inner_val
ISIC_4939497,0,0.061552245,inner_val
ISIC_4941125,0,0.00013010151,inner_val
ISIC_4943797,0,0.0007932422,inner_val
ISIC_4944556,0,0.012419789,inner_val
ISIC_4945245,0,0.0038641782,inner_val
ISIC_4946953,0,0.00041640637,inner_val
ISIC_4947205,0,0.00013728942,inner_val
ISIC_4948093,0,0.0004462105,inner_val
ISIC_4948341,0,0.0028426962,inner_val
ISIC_4949846,0,0.0073014023,inner_val
ISIC_4951035,0,0.0042534294,inner_val
ISIC_4951095,0,0.00013593855,inner_val
ISIC_4953080,0,0.019202838,inner_val
ISIC_4955457,0,9.483086e-05,inner_val
ISIC_4958219,0,2.2297923e-05,inner_val
ISIC_4960406,0,0.0024757194,inner_val
ISIC_4961708,0,5.6199275e-05,inner_val
ISIC_4964433,0,9.924467e-05,inner_val
ISIC_4964532,0,0.12191952,inner_val
ISIC_4965459,0,0.014882947,inner_val
ISIC_4965850,0,0.0016237894,inner_val
ISIC_4966496,0,0.00053612463,inner_val
ISIC_4967639,0,0.0011387896,inner_val
ISIC_4967755,0,0.0045634224,inner_val
ISIC_4967830,0,7.720586e-05,inner_val
ISIC_4975243,0,0.011893983,inner_val
ISIC_4977119,0,0.012661367,inner_val
ISIC_4977415,0,0.023259409,inner_val
ISIC_4978697,0,0.0031816638,inner_val
ISIC_4978829,0,0.0020687338,inner_val
ISIC_4980328,0,0.013053242,inner_val
ISIC_4981507,0,0.009824937,inner_val
ISIC_4983237,0,0.039123204,inner_val
ISIC_4986485,0,0.010290473,inner_val
ISIC_4993799,0,0.0001942902,inner_val
ISIC_4996497,0,1.1508824e-05,inner_val
ISIC_5000359,0,0.019867836,inner_val
ISIC_5000531,0,0.003202482,inner_val
ISIC_5001123,0,0.015012781,inner_val
ISIC_5002738,0,0.0045681754,inner_val
ISIC_5003787,0,0.022044705,inner_val
ISIC_5004716,0,4.3293683e-05,inner_val
ISIC_5006020,0,8.776507e-05,inner_val
ISIC_5008272,0,0.0015510893,inner_val
ISIC_5009980,0,0.020550521,inner_val
ISIC_5013376,0,0.019362485,inner_val
ISIC_5013558,0,1.7577931e-05,inner_val
ISIC_5014345,0,0.0065816822,inner_val
ISIC_5014516,0,0.00018426782,inner_val
ISIC_5015391,0,0.019197322,inner_val
ISIC_5018520,0,0.000109282,inner_val
ISIC_5021038,0,0.00050658575,inner_val
ISIC_5021861,1,0.0058500688,inner_val
ISIC_5021938,0,0.00029005573,inner_val
ISIC_5022546,0,0.021578688,inner_val
ISIC_5022555,0,0.0026511448,inner_val
ISIC_5028203,0,0.00020919382,inner_val
ISIC_5029008,0,3.9006885e-05,inner_val
ISIC_5029636,0,0.0033315003,inner_val
ISIC_5029679,0,0.0019233898,inner_val
ISIC_5029956,0,0.007361556,inner_val
ISIC_5030337,0,0.00023586514,inner_val
ISIC_5033074,0,8.2079074e-05,inner_val
ISIC_5037592,0,0.0073356978,inner_val
ISIC_5037785,0,7.004081e-05,inner_val
ISIC_5041059,0,0.013553508,inner_val
ISIC_5042497,0,0.0007088576,inner_val
ISIC_5044940,0,0.00035701523,inner_val
ISIC_5047962,0,0.0018097139,inner_val
ISIC_5050669,0,0.00029599323,inner_val
ISIC_5053904,0,0.05299417,inner_val
ISIC_5055871,0,0.00038102578,inner_val
ISIC_5060252,0,0.00024867852,inner_val
ISIC_5060576,0,0.005664067,inner_val
ISIC_5061466,0,0.057929073,inner_val
ISIC_5065245,0,0.0004030971,inner_val
ISIC_5066448,0,0.0005826559,inner_val
ISIC_5066548,0,0.0039206236,inner_val
ISIC_5069034,0,0.0007652978,inner_val
ISIC_5070849,0,0.007107342,inner_val
ISIC_5071046,0,0.16554494,inner_val
ISIC_5072761,0,6.819436e-05,inner_val
ISIC_5075261,0,0.006690249,inner_val
ISIC_5075404,0,0.00024531802,inner_val
ISIC_5077627,0,0.00096985174,inner_val
ISIC_5079465,0,6.843748e-05,inner_val
ISIC_5081382,0,0.00328342,inner_val
ISIC_5082596,0,1.3012489e-05,inner_val
ISIC_5086254,0,0.009507166,inner_val
ISIC_5088967,0,0.001849754,inner_val
ISIC_5090146,0,0.00403924,inner_val
ISIC_5091090,0,0.12697102,inner_val
ISIC_5092424,0,0.011958332,inner_val
ISIC_5096556,0,0.005933974,inner_val
ISIC_5096569,0,0.040010784,inner_val
ISIC_5098492,0,0.0016829793,inner_val
ISIC_5099193,0,0.009283591,inner_val
ISIC_5099324,0,0.012634028,inner_val
ISIC_5101218,0,1.622588e-05,inner_val
ISIC_5102688,0,0.0001755821,inner_val
ISIC_5103658,0,7.838151e-05,inner_val
ISIC_5104054,0,0.002631878,inner_val
ISIC_5108732,0,2.9822902e-05,inner_val
ISIC_5112908,0,0.0006955917,inner_val
ISIC_5112931,0,0.024503637,inner_val
ISIC_5113169,0,9.289703e-05,inner_val
ISIC_5113530,0,0.0005680391,inner_val
ISIC_5118536,0,0.00013871375,inner_val
ISIC_5120564,0,8.6127126e-05,inner_val
ISIC_5124997,0,0.0007949451,inner_val
ISIC_5128589,0,0.00074307696,inner_val
ISIC_5130179,0,0.0001087564,inner_val
ISIC_5130418,0,0.0118271895,inner_val
ISIC_5130786,0,9.6595235e-05,inner_val
ISIC_5131452,0,9.1645845e-05,inner_val
ISIC_5133396,0,0.011035886,inner_val
ISIC_5133729,0,0.00011103156,inner_val
ISIC_5133804,0,0.00012741523,inner_val
ISIC_5136151,0,0.018496446,inner_val
ISIC_5138700,0,0.004934537,inner_val
ISIC_5142275,0,0.0062197507,inner_val
ISIC_5143697,0,0.025431983,inner_val
ISIC_5144150,0,0.00011938095,inner_val
ISIC_5144813,0,0.0054893577,inner_val
ISIC_5145347,0,0.0013046216,inner_val
ISIC_5146245,0,0.011961514,inner_val
ISIC_5147263,0,0.004937629,inner_val
ISIC_5147524,0,0.0016902173,inner_val
ISIC_5148474,0,0.0071230642,inner_val
ISIC_5153404,0,0.003396712,inner_val
ISIC_5157775,0,6.956435e-05,inner_val
ISIC_5163183,0,0.013220277,inner_val
ISIC_5163523,0,0.0006547437,inner_val
ISIC_5164045,0,0.0003670886,inner_val
ISIC_5164059,0,0.0003304481,inner_val
ISIC_5165183,0,0.00065277173,inner_val
ISIC_5165620,0,0.001964928,inner_val
ISIC_5166798,1,0.03826871,inner_val
ISIC_5168662,0,0.00045194026,inner_val
ISIC_5169967,0,0.09261428,inner_val
ISIC_5170196,0,0.00026569626,inner_val
ISIC_5170482,0,0.0037257702,inner_val
ISIC_5172053,0,0.021672932,inner_val
ISIC_5181177,0,4.226156e-05,inner_val
ISIC_5188831,0,5.9409605e-05,inner_val
ISIC_5189310,0,7.618301e-05,inner_val
ISIC_5189783,0,0.0015537145,inner_val
ISIC_5192684,0,0.00023453441,inner_val
ISIC_5194345,0,0.0014084332,inner_val
ISIC_5194874,0,0.0035252236,inner_val
ISIC_5195680,0,0.012893446,inner_val
ISIC_5196781,0,0.00012263119,inner_val
ISIC_5201151,0,0.011688784,inner_val
ISIC_5203137,0,0.01013806,inner_val
ISIC_5204992,0,0.0063411267,inner_val
ISIC_5205468,0,0.0001818372,inner_val
ISIC_5207136,0,0.00024380845,inner_val
ISIC_5210016,0,0.00032595065,inner_val
ISIC_5213829,0,9.64476e-05,inner_val
ISIC_5214779,0,0.00089727476,inner_val
ISIC_5215191,0,0.009168843,inner_val
ISIC_5216976,0,0.008518658,inner_val
ISIC_5217509,0,0.0020242645,inner_val
ISIC_5218739,0,0.0015769432,inner_val
ISIC_5220254,0,0.0033057372,inner_val
ISIC_5220698,0,0.10869356,inner_val
ISIC_5221619,0,0.00015964851,inner_val
ISIC_5222541,0,0.0019452659,inner_val
ISIC_5224467,0,1.6456645e-05,inner_val
ISIC_5225336,0,0.00027512666,inner_val
ISIC_5226018,0,7.10362e-05,inner_val
ISIC_5229249,0,0.0068304506,inner_val
ISIC_5230975,0,1.8937353e-05,inner_val
ISIC_5235576,0,6.5611566e-05,inner_val
ISIC_5235744,0,0.026308212,inner_val
ISIC_5237723,0,0.0027700881,inner_val
ISIC_5238649,0,0.00013677512,inner_val
ISIC_5238910,0,0.16301493,inner_val
ISIC_5239607,0,0.01677796,inner_val
ISIC_5239796,0,0.0012551963,inner_val
ISIC_5246130,0,0.0012053358,inner_val
ISIC_5247383,0,0.0020587957,inner_val
ISIC_5248486,0,1.4978053e-05,inner_val
ISIC_5250954,0,0.007965495,inner_val
ISIC_5252709,0,0.007373873,inner_val
ISIC_5256697,0,0.049966976,inner_val
ISIC_5258352,0,0.026347462,inner_val
ISIC_5259414,0,0.0051409155,inner_val
ISIC_5259518,0,0.00056064693,inner_val
ISIC_5260098,0,0.04180764,inner_val
ISIC_5264761,0,3.2995038e-05,inner_val
ISIC_5266861,0,0.0028375334,inner_val
ISIC_5267251,0,0.00095979724,inner_val
ISIC_5267666,0,0.0005504503,inner_val
ISIC_5272223,1,0.0218266,inner_val
ISIC_5273359,0,9.912702e-05,inner_val
ISIC_5281405,0,0.0008550924,inner_val
ISIC_5281576,0,9.269368e-05,inner_val
ISIC_5286021,0,0.017262043,inner_val
ISIC_5286483,0,0.00012534086,inner_val
ISIC_5289599,0,0.0004560144,inner_val
ISIC_5289926,0,0.0025376629,inner_val
ISIC_5293407,0,0.000111809066,inner_val
ISIC_5294396,0,0.0041943453,inner_val
ISIC_5297103,0,0.0007554312,inner_val
ISIC_5297111,0,0.0010590113,inner_val
ISIC_5300453,0,0.000106449064,inner_val
ISIC_5300964,0,0.0050963815,inner_val
ISIC_5301811,0,0.0034878731,inner_val
ISIC_5301965,0,0.0013559941,inner_val
ISIC_5311982,0,0.058289513,inner_val
ISIC_5312834,0,8.1975195e-05,inner_val
ISIC_5312909,0,0.00017908824,inner_val
ISIC_5313563,0,0.0011051128,inner_val
ISIC_5315062,1,0.14532849,inner_val
ISIC_5317325,0,0.040939394,inner_val
ISIC_5317565,0,0.000316401,inner_val
ISIC_5319885,0,0.00013879684,inner_val
ISIC_5320143,0,0.07931333,inner_val
ISIC_5320523,0,0.018782133,inner_val
ISIC_5320886,0,0.004379431,inner_val
ISIC_5321219,0,0.0035464594,inner_val
ISIC_5323944,0,4.5153058e-05,inner_val
ISIC_5325281,0,0.0058455393,inner_val
ISIC_5325805,0,0.024138423,inner_val
ISIC_5327976,0,0.00075367774,inner_val
ISIC_5332306,0,0.023593295,inner_val
ISIC_5332814,0,0.0006393133,inner_val
ISIC_5334995,0,0.009221661,inner_val
ISIC_5336548,0,0.00014969704,inner_val
ISIC_5337622,0,0.02472566,inner_val
ISIC_5340000,0,0.0032699504,inner_val
ISIC_5340965,0,9.922896e-05,inner_val
ISIC_5342109,0,0.19601154,inner_val
ISIC_5345112,0,0.00021925362,inner_val
ISIC_5346936,0,0.17211401,inner_val
ISIC_5348582,0,0.014150311,inner_val
ISIC_5349612,0,0.005650379,inner_val
ISIC_5350198,0,0.02876866,inner_val
ISIC_5351964,0,0.02177213,inner_val
ISIC_5353241,0,0.009474142,inner_val
ISIC_5356775,0,0.0041091447,inner_val
ISIC_5357350,0,0.007217304,inner_val
ISIC_5357781,0,0.0038047617,inner_val
ISIC_5357975,0,8.937975e-06,inner_val
ISIC_5358234,0,0.00016744871,inner_val
ISIC_5358548,0,8.648281e-05,inner_val
ISIC_5359212,0,0.0010350656,inner_val
ISIC_5359621,0,0.0016353008,inner_val
ISIC_5360456,0,0.00063502265,inner_val
ISIC_5361343,0,0.006174444,inner_val
ISIC_5362869,0,0.0044010803,inner_val
ISIC_5363229,0,0.0019630839,inner_val
ISIC_5365232,0,0.0017257648,inner_val
ISIC_5368668,0,0.0008900567,inner_val
ISIC_5373239,0,0.009063243,inner_val
ISIC_5373844,0,0.0015633785,inner_val
ISIC_5377977,0,0.0070679137,inner_val
ISIC_5381502,0,0.0013526961,inner_val
ISIC_5382189,0,0.00020332383,inner_val
ISIC_5383549,0,6.8071684e-05,inner_val
ISIC_5383791,0,0.0005720162,inner_val
ISIC_5386739,0,0.0019392753,inner_val
ISIC_5389366,0,0.00064634404,inner_val
ISIC_5391758,1,0.03105837,inner_val
ISIC_5393557,0,0.00015131179,inner_val
ISIC_5393919,0,0.0014855773,inner_val
ISIC_5397163,0,0.001349257,inner_val
ISIC_5397395,0,0.00020976388,inner_val
ISIC_5399860,0,0.00018321906,inner_val
ISIC_5399929,0,0.0036221999,inner_val
ISIC_5400113,0,0.0016540374,inner_val
ISIC_5400609,0,0.058743417,inner_val
ISIC_5401671,0,0.0002338944,inner_val
ISIC_5402678,0,0.011549986,inner_val
ISIC_5405889,0,0.00010072035,inner_val
ISIC_5406576,0,4.6508536e-05,inner_val
ISIC_5407063,0,0.00094929937,inner_val
ISIC_5407653,0,0.002279284,inner_val
ISIC_5408436,0,0.013104419,inner_val
ISIC_5409790,0,0.001161971,inner_val
ISIC_5413136,0,7.659311e-05,inner_val
ISIC_5414884,0,0.00050284574,inner_val
ISIC_5415761,1,0.13373105,inner_val
ISIC_5415781,0,0.004936809,inner_val
ISIC_5415964,0,0.0037469012,inner_val
ISIC_5416978,0,0.0016581125,inner_val
ISIC_5422432,0,0.00506195,inner_val
ISIC_5433553,0,0.00014890578,inner_val
ISIC_5435291,0,0.0029049527,inner_val
ISIC_5442001,0,0.00013081332,inner_val
ISIC_5442452,0,0.0006962018,inner_val
ISIC_5442856,0,0.011278876,inner_val
ISIC_5443845,0,0.0029062734,inner_val
ISIC_5446470,0,4.235514e-06,inner_val
ISIC_5454766,0,0.0020175395,inner_val
ISIC_5457246,0,0.0017957857,inner_val
ISIC_5457826,0,0.035890844,inner_val
ISIC_5457974,0,0.0028706002,inner_val
ISIC_5459207,0,0.25237098,inner_val
ISIC_5459997,0,0.05659231,inner_val
ISIC_5464509,0,0.00019887133,inner_val
ISIC_5464942,0,0.00043350976,inner_val
ISIC_5465724,0,0.010383879,inner_val
ISIC_5467356,0,0.00014215289,inner_val
ISIC_5468164,0,0.0002792876,inner_val
ISIC_5471848,0,0.014436226,inner_val
ISIC_5471948,0,8.20797e-05,inner_val
ISIC_5472470,0,0.00062830694,inner_val
ISIC_5481211,0,0.00030561804,inner_val
ISIC_5481242,0,0.004181356,inner_val
ISIC_5484046,0,0.017711453,inner_val
ISIC_5485279,0,0.012704747,inner_val
ISIC_5486725,0,0.00010130116,inner_val
ISIC_5488188,0,0.0017118051,inner_val
ISIC_5490251,0,0.017443875,inner_val
ISIC_5491641,0,0.00064329896,inner_val
ISIC_5496214,0,0.014847556,inner_val
ISIC_5500256,0,0.0007321568,inner_val
ISIC_5501375,0,0.00010125982,inner_val
ISIC_5503918,0,0.00881895,inner_val
ISIC_5506059,0,0.0035002003,inner_val
ISIC_5507066,0,0.00030701104,inner_val
ISIC_5508228,0,0.0034506412,inner_val
ISIC_5510604,0,0.0034269486,inner_val
ISIC_5513021,0,0.00049881946,inner_val
ISIC_5513509,0,0.000569802,inner_val
ISIC_5514893,0,2.3983037e-05,inner_val
ISIC_5515986,0,0.010223535,inner_val
ISIC_5518557,0,9.946296e-05,inner_val
ISIC_5518595,0,0.0010394745,inner_val
ISIC_5518934,0,0.0051273857,inner_val
ISIC_5519378,0,0.000121250974,inner_val
ISIC_5521289,0,0.021471938,inner_val
ISIC_5521687,0,5.7847374e-05,inner_val
ISIC_5523637,0,0.015876705,inner_val
ISIC_5526879,0,0.00085938646,inner_val
ISIC_5528990,0,0.009506726,inner_val
ISIC_5535143,0,0.00020869417,inner_val
ISIC_5537985,0,0.049433716,inner_val
ISIC_5540401,0,2.3668532e-05,inner_val
ISIC_5541999,0,0.0017860847,inner_val
ISIC_5544367,0,0.0009540683,inner_val
ISIC_5546806,0,0.0018944985,inner_val
ISIC_5548717,0,0.003944914,inner_val
ISIC_5548914,0,7.616426e-05,inner_val
ISIC_5549618,0,0.00064453675,inner_val
ISIC_5550263,0,0.006868187,inner_val
ISIC_5552666,0,4.1227293e-05,inner_val
ISIC_5559165,0,0.0049281004,inner_val
ISIC_5559188,0,0.00014997533,inner_val
ISIC_5561898,0,2.2527263e-05,inner_val
ISIC_5564432,0,0.01040719,inner_val
ISIC_5568346,0,0.18892014,inner_val
ISIC_5569091,0,0.0017916604,inner_val
ISIC_5569936,0,0.0010533795,inner_val
ISIC_5573340,0,0.012342637,inner_val
ISIC_5573395,0,0.00070446543,inner_val
ISIC_5573695,0,0.026711112,inner_val
ISIC_5578739,0,5.9695827e-05,inner_val
ISIC_5581936,0,0.00012148661,inner_val
ISIC_5587291,0,0.021719556,inner_val
ISIC_5588968,0,0.0055825375,inner_val
ISIC_5592192,0,0.0015185913,inner_val
ISIC_5594342,0,0.00016156552,inner_val
ISIC_5594879,0,4.0687202e-05,inner_val
ISIC_5597530,0,0.0027161655,inner_val
ISIC_5602053,0,0.0011034297,inner_val
ISIC_5602528,0,0.03083426,inner_val
ISIC_5602724,0,0.00010721575,inner_val
ISIC_5606906,0,0.05940421,inner_val
ISIC_5610178,0,0.010469541,inner_val
ISIC_5611010,0,0.0022079812,inner_val
ISIC_5611104,0,0.01678556,inner_val
ISIC_5611426,0,2.6089905e-05,inner_val
ISIC_5612713,0,0.00063922926,inner_val
ISIC_5612942,0,0.00011960246,inner_val
ISIC_5617952,0,0.0071669137,inner_val
ISIC_5619286,0,0.00038554042,inner_val
ISIC_5620257,0,0.00046728994,inner_val
ISIC_5621546,0,0.00079826923,inner_val
ISIC_5622782,0,0.002169857,inner_val
ISIC_5623844,0,0.031422712,inner_val
ISIC_5623973,0,0.011883183,inner_val
ISIC_5624548,0,0.00014183471,inner_val
ISIC_5624953,0,0.00036252665,inner_val
ISIC_5625774,0,3.361e-05,inner_val
ISIC_5626108,0,0.0001502579,inner_val
ISIC_5626944,0,0.0001830605,inner_val
ISIC_5628322,0,0.052306704,inner_val
ISIC_5631388,0,0.013562723,inner_val
ISIC_5631411,0,0.00038364256,inner_val
ISIC_5634353,0,0.007050082,inner_val
ISIC_5634535,0,0.00049519766,inner_val
ISIC_5636247,0,0.020063892,inner_val
ISIC_5640863,0,0.0008410152,inner_val
ISIC_5641938,0,0.0041451706,inner_val
ISIC_5641956,0,0.00010855664,inner_val
ISIC_5642824,1,0.12606543,inner_val
ISIC_5643422,0,0.009056401,inner_val
ISIC_5645187,0,0.043171488,inner_val
ISIC_5645368,0,0.00021782296,inner_val
ISIC_5647453,0,0.00024119762,inner_val
ISIC_5648540,0,0.0019069258,inner_val
ISIC_5650747,0,0.0005780438,inner_val
ISIC_5650816,0,0.034024805,inner_val
ISIC_5657310,0,0.0581234,inner_val
ISIC_5657661,0,0.0012001038,inner_val
ISIC_5659728,0,0.0054943245,inner_val
ISIC_5660472,0,4.08044e-05,inner_val
ISIC_5663164,0,0.00726482,inner_val
ISIC_5664728,0,0.016887452,inner_val
ISIC_5667469,0,3.1842672e-05,inner_val
ISIC_5675298,0,0.007079652,inner_val
ISIC_5677573,0,0.0073934225,inner_val
ISIC_5678560,0,0.00023415324,inner_val
ISIC_5678933,0,0.00025356363,inner_val
ISIC_5679290,0,0.0073461323,inner_val
ISIC_5679678,0,7.0433576e-05,inner_val
ISIC_5679982,0,0.0021130685,inner_val
ISIC_5683747,0,0.0021868027,inner_val
ISIC_5686768,0,0.00031339287,inner_val
ISIC_5688657,0,0.0008723891,inner_val
ISIC_5693310,0,0.00085087086,inner_val
ISIC_5703639,0,0.00010437166,inner_val
ISIC_5704178,0,3.052574e-05,inner_val
ISIC_5706956,0,0.026812559,inner_val
ISIC_5707851,0,6.362373e-05,inner_val
ISIC_5709170,0,0.0007600403,inner_val
ISIC_5709767,0,0.00014048145,inner_val
ISIC_5713588,0,0.0014677787,inner_val
ISIC_5717503,0,3.8236623e-05,inner_val
ISIC_5721195,0,0.0017496637,inner_val
ISIC_5721292,0,0.002768883,inner_val
ISIC_5722194,0,0.0011169491,inner_val
ISIC_5722526,0,0.00036120706,inner_val
ISIC_5722943,0,0.004494719,inner_val
ISIC_5723592,0,0.019245893,inner_val
ISIC_5728988,0,0.0018243768,inner_val
ISIC_5730636,0,0.03267243,inner_val
ISIC_5731061,0,0.00058453204,inner_val
ISIC_5732463,0,0.002254699,inner_val
ISIC_5733557,0,0.00053339277,inner_val
ISIC_5734620,0,0.0007829089,inner_val
ISIC_5736292,0,6.97703e-05,inner_val
ISIC_5736624,0,0.00018468221,inner_val
ISIC_5736979,0,0.0008011968,inner_val
ISIC_5737191,0,0.0032719902,inner_val
ISIC_5738587,0,9.5186e-05,inner_val
ISIC_5742875,0,4.668557e-05,inner_val
ISIC_5747868,0,0.002375052,inner_val
ISIC_5751099,0,0.000110010755,inner_val
ISIC_5759703,0,0.00014218407,inner_val
ISIC_5760582,0,0.010971217,inner_val
ISIC_5763413,0,0.16064693,inner_val
ISIC_5764104,0,5.6634086e-05,inner_val
ISIC_5764302,0,0.0036974575,inner_val
ISIC_5766923,0,0.0008623407,inner_val
ISIC_5767172,0,0.00035744297,inner_val
ISIC_5771106,0,0.0022683395,inner_val
ISIC_5771994,0,0.029953903,inner_val
ISIC_5772144,0,0.00053462485,inner_val
ISIC_5778476,0,0.000104136045,inner_val
ISIC_5782350,0,0.00049182784,inner_val
ISIC_5783764,0,0.15917175,inner_val
ISIC_5783861,0,0.003810848,inner_val
ISIC_5784362,0,0.007056749,inner_val
ISIC_5787278,0,0.10955515,inner_val
ISIC_5788100,0,0.000115709285,inner_val
ISIC_5789575,0,0.00016625994,inner_val
ISIC_5789952,0,0.03849137,inner_val
ISIC_5790458,0,5.8877984e-05,inner_val
ISIC_5796081,0,0.01926483,inner_val
ISIC_5796179,0,0.010005005,inner_val
ISIC_5801307,0,0.00015677801,inner_val
ISIC_5806831,0,0.0002878502,inner_val
ISIC_5807112,0,0.0010640449,inner_val
ISIC_5812330,0,0.00035120532,inner_val
ISIC_5813642,0,0.0004432719,inner_val
ISIC_5822691,0,0.0023275155,inner_val
ISIC_5823706,0,0.0030542458,inner_val
ISIC_5825006,0,0.010700051,inner_val
ISIC_5825647,0,0.17571492,inner_val
ISIC_5827477,0,0.0019182833,inner_val
ISIC_5828120,0,0.00014181928,inner_val
ISIC_5829771,0,0.00035160378,inner_val
ISIC_5831880,0,0.00024315563,inner_val
ISIC_5834451,0,0.00085417426,inner_val
ISIC_5838416,0,8.503958e-05,inner_val
ISIC_5841774,0,0.0031782766,inner_val
ISIC_5842053,0,0.121928744,inner_val
ISIC_5846233,0,0.0011587003,inner_val
ISIC_5850633,0,0.0031373862,inner_val
ISIC_5850699,0,0.00017670974,inner_val
ISIC_5852061,0,0.0006214823,inner_val
ISIC_5852396,0,0.002215909,inner_val
ISIC_5853367,0,0.0003020102,inner_val
ISIC_5854870,0,0.010782792,inner_val
ISIC_5855918,0,0.011770514,inner_val
ISIC_5857155,0,0.0069061043,inner_val
ISIC_5859895,0,0.0063414657,inner_val
ISIC_5863114,0,0.0065250895,inner_val
ISIC_5868210,0,0.006630762,inner_val
ISIC_5868291,1,0.23028418,inner_val
ISIC_5869892,0,0.0012951382,inner_val
ISIC_5873539,0,0.003231044,inner_val
ISIC_5874970,0,0.023203582,inner_val
ISIC_5876289,0,0.00085160654,inner_val
ISIC_5877850,0,0.0009419929,inner_val
ISIC_5882629,0,0.0559354,inner_val
ISIC_5882650,0,0.07224514,inner_val
ISIC_5884700,0,0.0010353975,inner_val
ISIC_5885403,0,0.00088534877,inner_val
ISIC_5885421,0,0.00051407603,inner_val
ISIC_5889790,0,0.050711013,inner_val
ISIC_5891384,1,0.057859626,inner_val
ISIC_5892680,0,0.0048891553,inner_val
ISIC_5892920,0,3.0484316e-05,inner_val
ISIC_5893544,0,6.658134e-05,inner_val
ISIC_5894867,0,0.006576671,inner_val
ISIC_5897296,0,0.0018736869,inner_val
ISIC_5899545,0,1.8049806e-05,inner_val
ISIC_5901919,0,0.005404052,inner_val
ISIC_5908132,0,0.0033219715,inner_val
ISIC_5909403,0,0.0013655885,inner_val
ISIC_5912560,0,0.008118658,inner_val
ISIC_5913155,0,2.194428e-05,inner_val
ISIC_5914940,0,0.0001265186,inner_val
ISIC_5917004,0,3.9792507e-05,inner_val
ISIC_5920680,0,0.059111603,inner_val
ISIC_5921734,0,0.0003638654,inner_val
ISIC_5922673,0,8.702784e-05,inner_val
ISIC_5924487,0,0.002250171,inner_val
ISIC_5927617,0,0.00014620973,inner_val
ISIC_5929687,0,0.00019113492,inner_val
ISIC_5931423,0,0.0017951919,inner_val
ISIC_5932704,0,0.0058384384,inner_val
ISIC_5934104,0,3.335869e-05,inner_val
ISIC_5934948,0,0.00011224683,inner_val
ISIC_5937990,0,0.026373142,inner_val
ISIC_5938500,0,0.00052048033,inner_val
ISIC_5939646,0,8.240957e-05,inner_val
ISIC_5941271,0,0.011890028,inner_val
ISIC_5941314,0,0.003926945,inner_val
ISIC_5941908,0,0.038222983,inner_val
ISIC_5943355,0,0.0001549973,inner_val
ISIC_5951430,0,2.4188152e-05,inner_val
ISIC_5952283,0,0.003884316,inner_val
ISIC_5953416,0,0.00042542606,inner_val
ISIC_5955314,0,0.00050725444,inner_val
ISIC_5958409,0,0.072161525,inner_val
ISIC_5958437,0,0.00070402917,inner_val
ISIC_5959591,0,0.0041650985,inner_val
ISIC_5961333,0,0.051910624,inner_val
ISIC_5962268,0,0.00014892848,inner_val
ISIC_5963344,0,3.777409e-05,inner_val
ISIC_5963491,0,0.00010086124,inner_val
ISIC_5964173,0,0.0007845721,inner_val
ISIC_5964381,0,0.0008826253,inner_val
ISIC_5969236,0,0.055472873,inner_val
ISIC_5970180,0,8.653198e-05,inner_val
ISIC_5972994,0,0.012950654,inner_val
ISIC_5977230,0,0.00021845399,inner_val
ISIC_5983942,0,0.0040147775,inner_val
ISIC_5985961,0,0.030178685,inner_val
ISIC_5986798,0,6.872944e-05,inner_val
ISIC_5994171,0,0.0014147708,inner_val
ISIC_5994286,0,0.022913117,inner_val
ISIC_5997133,0,0.0034770458,inner_val
ISIC_5997266,0,0.030620951,inner_val
ISIC_5997532,0,0.016042156,inner_val
ISIC_5997901,0,0.12503931,inner_val
ISIC_5999028,0,0.0027722442,inner_val
ISIC_6000115,0,0.005232414,inner_val
ISIC_6000142,0,0.0024426465,inner_val
ISIC_6000183,0,0.016059056,inner_val
ISIC_6002622,0,0.026307186,inner_val
ISIC_6003124,0,0.0010617853,inner_val
ISIC_6004540,0,0.007878544,inner_val
ISIC_6007546,0,0.007263693,inner_val
ISIC_6008119,0,0.00011019744,inner_val
ISIC_6009620,0,0.020320978,inner_val
ISIC_6013568,0,0.0008456623,inner_val
ISIC_6018782,0,0.0014940966,inner_val
ISIC_6019539,0,0.125779,inner_val
ISIC_6020615,0,0.0020387443,inner_val
ISIC_6022973,0,0.0035962565,inner_val
ISIC_6023428,0,0.0019168988,inner_val
ISIC_6024651,0,0.014046414,inner_val
ISIC_6025043,0,0.019929612,inner_val
ISIC_6026435,0,1.1044883e-05,inner_val
ISIC_6031634,0,0.005100607,inner_val
ISIC_6034125,0,9.17779e-05,inner_val
ISIC_6041385,0,0.14107975,inner_val
ISIC_6041880,0,0.0003395071,inner_val
ISIC_6043051,0,8.420134e-05,inner_val
ISIC_6046442,0,0.0005043239,inner_val
ISIC_6047197,0,0.009394568,inner_val
ISIC_6048088,0,0.0012897307,inner_val
ISIC_6051605,0,8.154374e-05,inner_val
ISIC_6052437,0,8.939459e-05,inner_val
ISIC_6053980,0,0.0035642849,inner_val
ISIC_6054977,0,0.004883252,inner_val
ISIC_6058345,0,0.00026249897,inner_val
ISIC_6058687,0,0.00023707,inner_val
ISIC_6058822,0,0.0885419,inner_val
ISIC_6061549,0,9.597732e-05,inner_val
ISIC_6061824,0,0.001262152,inner_val
ISIC_6062638,0,0.02092683,inner_val
ISIC_6063007,0,0.004599776,inner_val
ISIC_6064007,0,0.00354682,inner_val
ISIC_6067834,0,5.1166277e-05,inner_val
ISIC_6071391,0,0.0010006136,inner_val
ISIC_6072777,0,0.006050045,inner_val
ISIC_6077914,0,0.00011518133,inner_val
ISIC_6078729,0,0.00015013073,inner_val
ISIC_6083284,0,0.0039990586,inner_val
ISIC_6083729,0,0.0072088935,inner_val
ISIC_6087652,0,0.001311039,inner_val
ISIC_6090848,0,0.0031721354,inner_val
ISIC_6091609,0,0.0012901543,inner_val
ISIC_6091919,0,0.00089318387,inner_val
ISIC_6098003,0,0.00031150196,inner_val
ISIC_6098768,0,0.00019648067,inner_val
ISIC_6099931,0,0.0026272507,inner_val
ISIC_6100064,0,0.0017866733,inner_val
ISIC_6102435,0,0.00018801296,inner_val
ISIC_6107273,0,0.008892376,inner_val
ISIC_6108865,0,0.028379297,inner_val
ISIC_6111487,0,0.005026243,inner_val
ISIC_6115394,0,9.656429e-05,inner_val
ISIC_6116801,0,0.019109946,inner_val
ISIC_6123082,0,0.00011576447,inner_val
ISIC_6124241,0,0.0041022236,inner_val
ISIC_6126554,0,0.00011237235,inner_val
ISIC_6126598,0,0.0037488989,inner_val
ISIC_6126623,0,0.008681322,inner_val
ISIC_6133988,0,0.00016529446,inner_val
ISIC_6138121,0,0.010989212,inner_val
ISIC_6139375,0,5.0653605e-05,inner_val
ISIC_6140335,0,0.0065135197,inner_val
ISIC_6141183,0,0.00024378706,inner_val
ISIC_6143929,0,0.0826614,inner_val
ISIC_6145764,0,0.0020215153,inner_val
ISIC_6151703,0,0.09060538,inner_val
ISIC_6151842,0,0.012963923,inner_val
ISIC_6154719,0,0.171838,inner_val
ISIC_6155423,0,0.10565749,inner_val
ISIC_6159454,0,0.0065413592,inner_val
ISIC_6161876,0,4.8843063e-05,inner_val
ISIC_6164605,0,0.0014973354,inner_val
ISIC_6169349,0,0.0055388827,inner_val
ISIC_6169609,0,0.010182602,inner_val
ISIC_6172211,0,0.11026912,inner_val
ISIC_6177670,0,0.005306466,inner_val
ISIC_6177698,0,2.6740601e-05,inner_val
ISIC_6180870,0,7.355184e-05,inner_val
ISIC_6181892,0,0.0054715285,inner_val
ISIC_6182833,0,0.0010601499,inner_val
ISIC_6183124,0,0.0012960216,inner_val
ISIC_6184190,0,0.00090960914,inner_val
ISIC_6187353,0,0.009919335,inner_val
ISIC_6198121,0,1.1259844e-05,inner_val
ISIC_6204286,0,0.13141955,inner_val
ISIC_6208502,0,8.28701e-05,inner_val
ISIC_6210500,0,0.0049003107,inner_val
ISIC_6215631,0,0.018137233,inner_val
ISIC_6218727,0,2.6446924e-05,inner_val
ISIC_6219458,0,0.00021060434,inner_val
ISIC_6221165,0,0.0006924707,inner_val
ISIC_6221203,0,0.05776122,inner_val
ISIC_6222431,0,0.0024591335,inner_val
ISIC_6223183,0,0.00048027985,inner_val
ISIC_6224829,0,0.039587792,inner_val
ISIC_6225104,0,0.0058202217,inner_val
ISIC_6225107,0,0.021659825,inner_val
ISIC_6226803,0,0.0032698074,inner_val
ISIC_6227920,0,0.00011375537,inner_val
ISIC_6227942,0,0.00020396615,inner_val
ISIC_6228575,0,0.0765093,inner_val
ISIC_6228963,1,0.5612763,inner_val
ISIC_6239663,0,0.0066558607,inner_val
ISIC_6240945,0,0.0087050125,inner_val
ISIC_6243238,0,0.00036743292,inner_val
ISIC_6244582,0,0.0032783474,inner_val
ISIC_6245138,0,0.0016807376,inner_val
ISIC_6245809,0,0.00035580815,inner_val
ISIC_6250704,0,0.0023224463,inner_val
ISIC_6253292,0,7.009999e-06,inner_val
ISIC_6254324,0,0.007085383,inner_val
ISIC_6256314,0,0.0046039834,inner_val
ISIC_6257952,0,0.0022755284,inner_val
ISIC_6258546,0,1.4341866e-05,inner_val
ISIC_6260969,0,0.00011831183,inner_val
ISIC_6263886,0,0.00030439786,inner_val
ISIC_6264165,0,0.0067223297,inner_val
ISIC_6264379,0,0.0015896616,inner_val
ISIC_6265613,0,0.0010491163,inner_val
ISIC_6268546,0,0.00011158901,inner_val
ISIC_6273072,0,5.9929687e-05,inner_val
ISIC_6274085,0,0.0024031515,inner_val
ISIC_6280523,0,0.009751448,inner_val
ISIC_6283893,0,8.559754e-05,inner_val
ISIC_6284012,0,0.103155896,inner_val
ISIC_6285925,1,0.0040711523,inner_val
ISIC_6287575,0,0.0029260248,inner_val
ISIC_6288718,0,0.0005313478,inner_val
ISIC_6291051,0,7.13372e-05,inner_val
ISIC_6291884,0,0.0051685697,inner_val
ISIC_6292348,0,0.00025269962,inner_val
ISIC_6293107,0,0.002007098,inner_val
ISIC_6293227,0,0.10358553,inner_val
ISIC_6293829,0,0.00019045998,inner_val
ISIC_6294920,0,0.0012915701,inner_val
ISIC_6295310,0,0.0019527995,inner_val
ISIC_6295517,0,0.0078511145,inner_val
ISIC_6296285,0,0.005308817,inner_val
ISIC_6298228,0,0.0004679809,inner_val
ISIC_6298726,0,0.017204849,inner_val
ISIC_6301984,0,0.002317481,inner_val
ISIC_6302981,0,0.10927312,inner_val
ISIC_6306477,0,0.0006303053,inner_val
ISIC_6306658,0,0.00052201434,inner_val
ISIC_6315030,0,0.037446383,inner_val
ISIC_6315037,0,0.00031700672,inner_val
ISIC_6319036,0,0.0004734913,inner_val
ISIC_6325673,0,3.6335285e-05,inner_val
ISIC_6326389,0,0.031003982,inner_val
ISIC_6326790,0,0.0041980175,inner_val
ISIC_6328526,0,0.0015579973,inner_val
ISIC_6332165,0,9.334564e-05,inner_val
ISIC_6335980,0,0.00056770025,inner_val
ISIC_6337982,0,0.02589984,inner_val
ISIC_6338053,0,0.0006922563,inner_val
ISIC_6341685,0,0.02446689,inner_val
ISIC_6347261,0,0.0046869847,inner_val
ISIC_6347764,0,0.00012897133,inner_val
ISIC_6350508,0,0.0044202036,inner_val
ISIC_6352726,0,0.02475515,inner_val
ISIC_6353336,0,0.001793505,inner_val
ISIC_6356803,0,8.375785e-05,inner_val
ISIC_6358849,0,0.004438392,inner_val
ISIC_6363862,0,0.0009851337,inner_val
ISIC_6364664,0,0.00021344343,inner_val
ISIC_6364958,0,0.006984184,inner_val
ISIC_6369963,0,4.5942536e-05,inner_val
ISIC_6370748,0,0.00037420992,inner_val
ISIC_6371233,0,0.0139367785,inner_val
ISIC_6380209,0,0.0010856496,inner_val
ISIC_6381197,0,0.010550852,inner_val
ISIC_6381852,0,0.0020747238,inner_val
ISIC_6383922,0,3.248401e-05,inner_val
ISIC_6384912,0,0.0020284546,inner_val
ISIC_6385793,0,0.050267145,inner_val
ISIC_6388940,0,0.006833537,inner_val
ISIC_6390738,0,0.00022643416,inner_val
ISIC_6391567,0,0.0070572733,inner_val
ISIC_6391978,0,0.11477781,inner_val
ISIC_6395861,0,0.040073432,inner_val
ISIC_6398669,1,0.015619783,inner_val
ISIC_6400279,0,0.009526296,inner_val
ISIC_6400810,0,0.00017824733,inner_val
ISIC_6402680,0,0.0031749744,inner_val
ISIC_6403046,0,0.0008715392,inner_val
ISIC_6407004,0,0.002018112,inner_val
ISIC_6409918,0,0.001507328,inner_val
ISIC_6413346,0,0.0016026397,inner_val
ISIC_6416889,0,0.011070166,inner_val
ISIC_6422862,0,0.000706974,inner_val
ISIC_6427157,0,0.00053864415,inner_val
ISIC_6430210,0,0.0012612303,inner_val
ISIC_6430323,0,0.042220153,inner_val
ISIC_6432413,0,0.04663342,inner_val
ISIC_6432672,0,0.023383208,inner_val
ISIC_6433037,0,0.0038026944,inner_val
ISIC_6433108,0,0.0038938904,inner_val
ISIC_6434203,0,0.027607305,inner_val
ISIC_6437637,0,0.00010755839,inner_val
ISIC_6440229,0,0.0032016067,inner_val
ISIC_6441261,0,0.010167988,inner_val
ISIC_6446825,0,0.06672985,inner_val
ISIC_6447132,0,0.00029694915,inner_val
ISIC_6448654,0,0.0027673023,inner_val
ISIC_6451337,0,4.224963e-05,inner_val
ISIC_6453506,0,0.0015992649,inner_val
ISIC_6455034,0,8.2384744e-05,inner_val
ISIC_6460185,0,3.4937355e-05,inner_val
ISIC_6460791,0,0.07305954,inner_val
ISIC_6464177,0,0.014411267,inner_val
ISIC_6467876,0,0.00043003328,inner_val
ISIC_6469202,0,0.0002139426,inner_val
ISIC_6469507,0,0.0137707535,inner_val
ISIC_6477810,0,0.0005429566,inner_val
ISIC_6480380,0,8.988987e-05,inner_val
ISIC_6482778,0,0.004573085,inner_val
ISIC_6485050,0,0.014260864,inner_val
ISIC_6485672,0,0.00097519945,inner_val
ISIC_6487809,0,3.1611813e-05,inner_val
ISIC_6488635,0,0.00014424363,inner_val
ISIC_6489678,0,0.00072208175,inner_val
ISIC_6489887,0,0.0012214198,inner_val
ISIC_6489993,0,7.905017e-05,inner_val
ISIC_6494974,0,0.00010710049,inner_val
ISIC_6496251,1,0.046665005,inner_val
ISIC_6496370,1,0.04363933,inner_val
ISIC_6498675,0,0.0434511,inner_val
ISIC_6499712,0,0.03266505,inner_val
ISIC_6500094,0,0.0848132,inner_val
ISIC_6501973,0,0.048693005,inner_val
ISIC_6503962,0,0.000839274,inner_val
ISIC_6507179,0,0.000343165,inner_val
ISIC_6507412,0,0.00036358798,inner_val
ISIC_6508516,0,0.0016829313,inner_val
ISIC_6515241,0,0.00075254275,inner_val
ISIC_6516921,0,0.009598799,inner_val
ISIC_6522713,0,0.014074937,inner_val
ISIC_6525194,0,0.00026286862,inner_val
ISIC_6526150,0,0.0010109739,inner_val
ISIC_6527464,0,0.0017573168,inner_val
ISIC_6527570,0,0.000388397,inner_val
ISIC_6532966,0,0.0012993377,inner_val
ISIC_6534818,0,0.004368,inner_val
ISIC_6536232,0,0.008427187,inner_val
ISIC_6536813,0,7.265688e-05,inner_val
ISIC_6538524,0,0.00045764213,inner_val
ISIC_6539116,0,5.4865046e-05,inner_val
ISIC_6539852,0,0.0010548246,inner_val
ISIC_6543269,0,0.00065170816,inner_val
ISIC_6547878,0,0.000582792,inner_val
ISIC_6548812,0,0.00015322334,inner_val
ISIC_6549919,0,0.0018387205,inner_val
ISIC_6550925,0,0.007161066,inner_val
ISIC_6552421,0,0.02088174,inner_val
ISIC_6552884,0,0.057046603,inner_val
ISIC_6559840,0,0.00263539,inner_val
ISIC_6559979,0,0.00027585108,inner_val
ISIC_6562729,0,0.0049856016,inner_val
ISIC_6564628,0,9.944571e-05,inner_val
ISIC_6565709,0,0.0051544392,inner_val
ISIC_6571597,0,0.00075442,inner_val
ISIC_6572147,0,0.0054911673,inner_val
ISIC_6574514,0,8.227796e-05,inner_val
ISIC_6575298,0,0.00040352467,inner_val
ISIC_6577745,0,0.0007754764,inner_val
ISIC_6578862,0,0.0039195293,inner_val
ISIC_6580482,0,0.0016309859,inner_val
ISIC_6581765,0,0.0071827043,inner_val
ISIC_6583372,0,6.354709e-05,inner_val
ISIC_6584847,0,0.00014795212,inner_val
ISIC_6586052,0,0.00096683763,inner_val
ISIC_6588756,0,0.0028494243,inner_val
ISIC_6596447,0,0.023803988,inner_val
ISIC_6599116,0,0.0144676035,inner_val
ISIC_6600158,0,0.03688253,inner_val
ISIC_6602724,0,0.011569714,inner_val
ISIC_6604862,0,0.00013969254,inner_val
ISIC_6606056,0,0.0019113207,inner_val
ISIC_6606767,0,0.0012569813,inner_val
ISIC_6607633,0,0.0022940724,inner_val
ISIC_6610700,0,0.0023841532,inner_val
ISIC_6613228,0,0.0006261882,inner_val
ISIC_6616081,0,0.0010267426,inner_val
ISIC_6617044,0,0.01616969,inner_val
ISIC_6617618,0,0.0003536951,inner_val
ISIC_6617636,0,0.00011676337,inner_val
ISIC_6617840,0,0.00053207687,inner_val
ISIC_6618799,0,0.029996805,inner_val
ISIC_6619411,0,5.383153e-05,inner_val
ISIC_6619721,0,8.1700964e-05,inner_val
ISIC_6625253,0,0.0044328454,inner_val
ISIC_6626957,0,0.00013057828,inner_val
ISIC_6628544,0,0.00028006567,inner_val
ISIC_6629629,0,0.008145124,inner_val
ISIC_6637323,0,4.2654952e-05,inner_val
ISIC_6640753,0,0.001008293,inner_val
ISIC_6641336,0,0.039716966,inner_val
ISIC_6644441,0,0.0049104285,inner_val
ISIC_6646410,0,0.022880798,inner_val
ISIC_6649866,0,0.048764575,inner_val
ISIC_6650581,0,0.00052162213,inner_val
ISIC_6653311,0,0.010429272,inner_val
ISIC_6655446,0,0.015948491,inner_val
ISIC_6656318,0,5.608791e-05,inner_val
ISIC_6656563,0,0.09951392,inner_val
ISIC_6657600,0,0.001921121,inner_val
ISIC_6660516,0,0.016524728,inner_val
ISIC_6661904,0,0.08256897,inner_val
ISIC_6665312,0,0.00093258754,inner_val
ISIC_6666623,0,8.368328e-05,inner_val
ISIC_6666835,0,0.010382997,inner_val
ISIC_6670242,0,0.040535342,inner_val
ISIC_6674202,0,0.0043487092,inner_val
ISIC_6676647,0,0.001473987,inner_val
ISIC_6676705,0,0.004424965,inner_val
ISIC_6682360,0,0.0016083369,inner_val
ISIC_6684042,0,0.00040595167,inner_val
ISIC_6686271,0,0.00021884174,inner_val
ISIC_6687278,0,0.038862117,inner_val
ISIC_6689310,0,0.0007423458,inner_val
ISIC_6689593,0,0.00577245,inner_val
ISIC_6694724,0,0.008883522,inner_val
ISIC_6696515,0,0.019940056,inner_val
ISIC_6696715,0,0.0026637423,inner_val
ISIC_6699817,0,0.00015886615,inner_val
ISIC_6703021,0,1.6912347e-05,inner_val
ISIC_6703027,0,0.16074094,inner_val
ISIC_6704036,0,2.607707e-05,inner_val
ISIC_6705470,0,0.10347175,inner_val
ISIC_6710411,0,0.0026202642,inner_val
ISIC_6712342,0,0.015730178,inner_val
ISIC_6712655,0,6.632747e-05,inner_val
ISIC_6715731,0,0.0014816673,inner_val
ISIC_6717322,0,2.5009029e-05,inner_val
ISIC_6719226,0,0.022843456,inner_val
ISIC_6722586,0,0.00018943091,inner_val
ISIC_6728496,0,8.2625025e-05,inner_val
ISIC_6734679,0,0.006826932,inner_val
ISIC_6742970,0,0.01717324,inner_val
ISIC_6743860,0,0.000114449314,inner_val
ISIC_6745062,0,0.0058571836,inner_val
ISIC_6749926,0,0.00073039817,inner_val
ISIC_6757973,0,0.0003988154,inner_val
ISIC_6759819,0,0.10392472,inner_val
ISIC_6761980,0,0.0041381908,inner_val
ISIC_6768044,0,0.01660715,inner_val
ISIC_6771724,0,0.0008377678,inner_val
ISIC_6771919,0,0.0003265883,inner_val
ISIC_6772085,0,0.0051134382,inner_val
ISIC_6774796,0,0.00047153022,inner_val
ISIC_6776434,0,0.018214986,inner_val
ISIC_6776583,0,0.0090826815,inner_val
ISIC_6778251,0,0.012759531,inner_val
ISIC_6778756,0,0.0060542785,inner_val
ISIC_6778936,0,0.0002068147,inner_val
ISIC_6779191,0,0.0002000024,inner_val
ISIC_6779354,0,0.00448254,inner_val
ISIC_6781528,0,0.010378584,inner_val
ISIC_6784305,0,9.960495e-05,inner_val
ISIC_6786974,0,0.0019017988,inner_val
ISIC_6787039,0,8.670792e-05,inner_val
ISIC_6787097,0,0.0025014835,inner_val
ISIC_6788130,0,0.0064385263,inner_val
ISIC_6792155,0,0.015258261,inner_val
ISIC_6795622,0,1.6049025e-05,inner_val
ISIC_6800834,0,0.00047045204,inner_val
ISIC_6801988,0,0.004820563,inner_val
ISIC_6802355,0,0.00062688027,inner_val
ISIC_6804299,0,0.006751462,inner_val
ISIC_6807108,0,7.164289e-05,inner_val
ISIC_6810219,0,0.0021238492,inner_val
ISIC_6810607,0,0.0032374293,inner_val
ISIC_6815524,0,0.0032990384,inner_val
ISIC_6815672,0,0.004372515,inner_val
ISIC_6816081,0,0.23958002,inner_val
ISIC_6824744,0,0.0021415714,inner_val
ISIC_6830549,0,0.00015703804,inner_val
ISIC_6831482,0,0.010441484,inner_val
ISIC_6831734,0,4.5112945e-05,inner_val
ISIC_6835880,0,0.02507322,inner_val
ISIC_6841218,0,0.0023375489,inner_val
ISIC_6843464,0,9.285292e-05,inner_val
ISIC_6844329,0,0.0069319615,inner_val
ISIC_6846975,0,0.00033700306,inner_val
ISIC_6850708,0,0.0005615069,inner_val
ISIC_6853087,0,0.0042170356,inner_val
ISIC_6854940,0,0.00013360156,inner_val
ISIC_6858892,0,1.01737705e-05,inner_val
ISIC_6859051,0,0.0018492329,inner_val
ISIC_6860717,0,0.0003142791,inner_val
ISIC_6862411,0,7.775469e-05,inner_val
ISIC_6865997,0,0.0008369946,inner_val
ISIC_6866317,0,0.00037117305,inner_val
ISIC_6868089,0,7.964536e-05,inner_val
ISIC_6869019,0,0.0018173696,inner_val
ISIC_6872685,0,0.0018198703,inner_val
ISIC_6873847,0,0.011044407,inner_val
ISIC_6874100,0,0.078152664,inner_val
ISIC_6875113,0,6.978653e-05,inner_val
ISIC_6876297,0,0.047941484,inner_val
ISIC_6882733,0,0.00016902239,inner_val
ISIC_6884378,0,0.01515221,inner_val
ISIC_6886237,0,0.00028395292,inner_val
ISIC_6888142,0,0.007753688,inner_val
ISIC_6890820,0,0.0042168032,inner_val
ISIC_6895778,0,0.00039539236,inner_val
ISIC_6898059,0,0.009153451,inner_val
ISIC_6900522,0,0.000175764,inner_val
ISIC_6908286,0,6.2152e-05,inner_val
ISIC_6910956,0,0.0008041223,inner_val
ISIC_6916213,0,0.11350187,inner_val
ISIC_6917681,0,0.046460744,inner_val
ISIC_6931573,0,6.63734e-05,inner_val
ISIC_6933350,0,0.00026884375,inner_val
ISIC_6938423,0,0.0035825314,inner_val
ISIC_6938682,0,0.0001442706,inner_val
ISIC_6941505,0,5.921504e-05,inner_val
ISIC_6945634,1,0.08485437,inner_val
ISIC_6948332,0,0.0030160935,inner_val
ISIC_6949941,0,0.018322073,inner_val
ISIC_6950241,0,0.005574607,inner_val
ISIC_6954994,0,0.007774053,inner_val
ISIC_6959018,0,0.0047805365,inner_val
ISIC_6961482,0,0.0016415017,inner_val
ISIC_6965417,0,0.015775135,inner_val
ISIC_6966001,1,0.047183834,inner_val
ISIC_6966230,0,0.0007137031,inner_val
ISIC_6968422,0,0.00044124745,inner_val
ISIC_6968933,0,0.00044891943,inner_val
ISIC_6969393,0,0.00020759628,inner_val
ISIC_6971970,0,0.00035499193,inner_val
ISIC_6973257,0,0.0025381793,inner_val
ISIC_6973807,0,4.9995087e-05,inner_val
ISIC_6974432,0,0.03488652,inner_val
ISIC_6974605,0,0.0014383271,inner_val
ISIC_6975701,0,0.0014684456,inner_val
ISIC_6978517,0,0.011272939,inner_val
ISIC_6979710,0,0.00019064423,inner_val
ISIC_6981210,0,0.00020155344,inner_val
ISIC_6985988,0,0.0025564083,inner_val
ISIC_6985996,0,9.683317e-05,inner_val
ISIC_6988287,0,8.207876e-05,inner_val
ISIC_6989592,0,0.038355574,inner_val
ISIC_6991664,0,0.00021556886,inner_val
ISIC_6992709,0,0.0005300385,inner_val
ISIC_6996553,0,0.0004947004,inner_val
ISIC_7004652,0,0.10171886,inner_val
ISIC_7009273,0,0.00040895573,inner_val
ISIC_7010626,0,0.117851906,inner_val
ISIC_7011122,0,0.0009930917,inner_val
ISIC_7012881,0,0.00039863773,inner_val
ISIC_7013680,0,0.00017669356,inner_val
ISIC_7016839,0,4.696806e-05,inner_val
ISIC_7017387,0,0.00010253873,inner_val
ISIC_7017547,0,0.001988818,inner_val
ISIC_7018846,0,0.10488123,inner_val
ISIC_7021681,0,0.00087210326,inner_val
ISIC_7024562,0,0.08557467,inner_val
ISIC_7024662,0,0.016853154,inner_val
ISIC_7025159,0,0.033723786,inner_val
ISIC_7025208,0,7.20401e-05,inner_val
ISIC_7029652,0,0.00025781017,inner_val
ISIC_7030461,0,0.00034697578,inner_val
ISIC_7031550,0,0.009250394,inner_val
ISIC_7032787,0,0.002048202,inner_val
ISIC_7038586,0,6.87996e-05,inner_val
ISIC_7038741,0,0.00018881094,inner_val
ISIC_7046324,0,0.0027994956,inner_val
ISIC_7046888,0,0.21854234,inner_val
ISIC_7050200,0,0.0077199913,inner_val
ISIC_7052503,0,0.00089289463,inner_val
ISIC_7053767,0,0.011617718,inner_val
ISIC_7056787,0,8.2590836e-05,inner_val
ISIC_7058617,0,0.00013390306,inner_val
ISIC_7059403,0,0.007068884,inner_val
ISIC_7059794,0,4.6194964e-05,inner_val
ISIC_7065361,0,7.6583325e-05,inner_val
ISIC_7065522,0,0.0073060803,inner_val
ISIC_7066695,0,0.0012699122,inner_val
ISIC_7070936,0,5.551904e-05,inner_val
ISIC_7071944,0,0.00024754068,inner_val
ISIC_7072658,0,0.0023793015,inner_val
ISIC_7073270,0,7.083421e-05,inner_val
ISIC_7075474,1,0.0027238387,inner_val
ISIC_7075851,0,0.0018281727,inner_val
ISIC_7077029,0,9.4859795e-05,inner_val
ISIC_7077740,0,0.00033463602,inner_val
ISIC_7084521,0,0.035469327,inner_val
ISIC_7092287,0,0.00041474644,inner_val
ISIC_7095245,0,0.00032153827,inner_val
ISIC_7096402,0,0.0016700776,inner_val
ISIC_7100755,1,0.17156108,inner_val
ISIC_7107371,0,0.010732615,inner_val
ISIC_7110371,0,0.0043662502,inner_val
ISIC_7110889,0,0.0033111824,inner_val
ISIC_7111544,0,0.0074585574,inner_val
ISIC_7113522,0,0.04884955,inner_val
ISIC_7114310,0,9.431968e-05,inner_val
ISIC_7115483,0,0.15781057,inner_val
ISIC_7117554,0,0.013694062,inner_val
ISIC_7124273,0,0.003290564,inner_val
ISIC_7125015,0,0.008993686,inner_val
ISIC_7128535,0,0.17992736,inner_val
ISIC_7129085,0,0.0153816035,inner_val
ISIC_7129509,0,6.8284025e-05,inner_val
ISIC_7132222,0,0.0088562565,inner_val
ISIC_7134821,0,0.0032876784,inner_val
ISIC_7135201,0,0.01089548,inner_val
ISIC_7136995,0,0.00013749354,inner_val
ISIC_7137773,0,0.065524556,inner_val
ISIC_7139616,0,0.00021824872,inner_val
ISIC_7139908,0,0.0043565375,inner_val
ISIC_7140778,0,0.0007159034,inner_val
ISIC_7140910,0,0.019674243,inner_val
ISIC_7141153,0,5.7811863e-05,inner_val
ISIC_7145302,0,0.1153922,inner_val
ISIC_7145969,0,0.002033907,inner_val
ISIC_7148289,0,0.009765032,inner_val
ISIC_7153240,0,0.011168069,inner_val
ISIC_7153530,0,0.000120770266,inner_val
ISIC_7153988,0,0.000924552,inner_val
ISIC_7166932,0,0.0069689546,inner_val
ISIC_7172893,0,0.018384658,inner_val
ISIC_7173333,0,0.0016067023,inner_val
ISIC_7179067,0,6.689586e-05,inner_val
ISIC_7179845,0,9.183709e-05,inner_val
ISIC_7180943,0,0.0056535653,inner_val
ISIC_7187154,0,0.033758804,inner_val
ISIC_7188056,0,0.0005012813,inner_val
ISIC_7189073,0,0.00030800723,inner_val
ISIC_7192331,0,0.06337894,inner_val
ISIC_7196094,0,0.00013327785,inner_val
ISIC_7198004,0,0.083397746,inner_val
ISIC_7198243,0,0.00646871,inner_val
ISIC_7200497,0,0.0028604253,inner_val
ISIC_7202071,0,7.238301e-06,inner_val
ISIC_7204247,0,0.007822414,inner_val
ISIC_7205863,0,0.0037546132,inner_val
ISIC_7210119,0,0.00029558715,inner_val
ISIC_7210296,0,0.015603821,inner_val
ISIC_7210752,0,2.3673994e-05,inner_val
ISIC_7212085,0,0.01022007,inner_val
ISIC_7212966,0,0.021033822,inner_val
ISIC_7212975,0,0.0004015729,inner_val
ISIC_7215208,0,0.00014870598,inner_val
ISIC_7222570,0,0.0064316792,inner_val
ISIC_7223327,0,0.02592792,inner_val
ISIC_7226414,0,0.00026476767,inner_val
ISIC_7226974,0,0.0014364566,inner_val
ISIC_7227223,0,8.069223e-05,inner_val
ISIC_7230027,0,0.003062012,inner_val
ISIC_7231635,0,0.014969393,inner_val
ISIC_7232375,0,0.0023885667,inner_val
ISIC_7237010,0,0.00013850123,inner_val
ISIC_7240424,0,0.00045884555,inner_val
ISIC_7240458,0,0.1862854,inner_val
ISIC_7240915,0,0.003183243,inner_val
ISIC_7241549,0,7.477774e-05,inner_val
ISIC_7241614,0,0.0023304038,inner_val
ISIC_7246791,0,0.07853913,inner_val
ISIC_7249009,0,0.0007203007,inner_val
ISIC_7249761,0,0.013602186,inner_val
ISIC_7250640,0,0.007369738,inner_val
ISIC_7251760,0,7.042753e-05,inner_val
ISIC_7251852,0,0.0052596717,inner_val
ISIC_7253561,0,0.009314755,inner_val
ISIC_7254249,0,0.026299223,inner_val
ISIC_7255445,0,0.03872613,inner_val
ISIC_7255826,0,0.07197668,inner_val
ISIC_7256179,0,0.00026896733,inner_val
ISIC_7256965,0,0.0028229388,inner_val
ISIC_7259828,0,8.223177e-06,inner_val
ISIC_7260492,0,0.0006210157,inner_val
ISIC_7261681,0,0.00052855647,inner_val
ISIC_7268804,0,0.0011672699,inner_val
ISIC_7269812,0,0.043108497,inner_val
ISIC_7270858,0,0.0028987082,inner_val
ISIC_7271003,0,0.075155266,inner_val
ISIC_7271599,0,0.08881902,inner_val
ISIC_7272509,0,0.060774963,inner_val
ISIC_7276864,0,0.03135919,inner_val
ISIC_7278821,0,0.00010632226,inner_val
ISIC_7278885,0,0.00032652542,inner_val
ISIC_7280815,0,0.05598666,inner_val
ISIC_7282415,0,0.017401256,inner_val
ISIC_7282441,0,0.1166375,inner_val
ISIC_7283084,0,0.0005084627,inner_val
ISIC_7284377,0,0.003911662,inner_val
ISIC_7286958,0,0.20322222,inner_val
ISIC_7288627,0,0.0008412295,inner_val
ISIC_7289716,0,0.03543579,inner_val
ISIC_7290085,0,0.00030232995,inner_val
ISIC_7291021,0,0.0004153589,inner_val
ISIC_7299025,0,0.027439827,inner_val
ISIC_7301963,0,9.368307e-05,inner_val
ISIC_7303102,0,0.00028917493,inner_val
ISIC_7306535,0,0.0015358231,inner_val
ISIC_7307866,0,3.40074e-05,inner_val
ISIC_7309194,0,0.021540243,inner_val
ISIC_7311624,0,0.006556554,inner_val
ISIC_7315641,0,0.056358073,inner_val
ISIC_7316364,0,0.00019000578,inner_val
ISIC_7317429,0,0.04266837,inner_val
ISIC_7321132,0,0.0008908878,inner_val
ISIC_7321960,0,0.0120612485,inner_val
ISIC_7324228,0,0.0034046911,inner_val
ISIC_7330564,0,0.00035822572,inner_val
ISIC_7331382,0,0.0011207183,inner_val
ISIC_7334758,0,0.021258079,inner_val
ISIC_7334783,0,0.010064371,inner_val
ISIC_7338351,0,0.0002043956,inner_val
ISIC_7338634,0,0.00028607954,inner_val
ISIC_7340926,0,0.0013130483,inner_val
ISIC_7342914,0,0.09414959,inner_val
ISIC_7343355,0,0.0020042134,inner_val
ISIC_7345367,0,0.007883771,inner_val
ISIC_7345709,0,0.005895356,inner_val
ISIC_7350199,0,0.031185063,inner_val
ISIC_7351614,0,0.006552239,inner_val
ISIC_7351958,0,5.2803876e-05,inner_val
ISIC_7353070,0,0.0015129874,inner_val
ISIC_7353097,0,9.4544084e-05,inner_val
ISIC_7353400,0,0.00027223767,inner_val
ISIC_7353425,0,0.006454282,inner_val
ISIC_7356472,0,0.0044430676,inner_val
ISIC_7358998,0,0.0056779194,inner_val
ISIC_7363187,0,1.8118824e-05,inner_val
ISIC_7364411,0,0.005934379,inner_val
ISIC_7365889,0,0.0009544902,inner_val
ISIC_7366144,0,0.00071680354,inner_val
ISIC_7372081,0,0.0034717182,inner_val
ISIC_7373240,0,1.9048528e-05,inner_val
ISIC_7373794,0,0.015043329,inner_val
ISIC_7380353,0,0.0009253712,inner_val
ISIC_7381220,0,2.5418363e-05,inner_val
ISIC_7383521,0,0.014490554,inner_val
ISIC_7387428,0,0.044169266,inner_val
ISIC_7392410,0,0.00010131256,inner_val
ISIC_7393225,0,6.3276064e-05,inner_val
ISIC_7394293,0,0.00025722585,inner_val
ISIC_7394834,0,0.00025296528,inner_val
ISIC_7395166,0,0.0056222323,inner_val
ISIC_7397129,0,0.005134679,inner_val
ISIC_7399973,0,6.171189e-05,inner_val
ISIC_7402256,0,0.0014976733,inner_val
ISIC_7405975,0,0.0006945738,inner_val
ISIC_7408485,0,6.1858605e-05,inner_val
ISIC_7411244,0,0.000112776186,inner_val
ISIC_7412156,0,0.10577348,inner_val
ISIC_7413014,0,0.03465601,inner_val
ISIC_7413149,0,0.009943913,inner_val
ISIC_7413795,0,6.536688e-05,inner_val
ISIC_7415285,0,0.058828346,inner_val
ISIC_7418635,0,0.00086685526,inner_val
ISIC_7418720,0,0.00813996,inner_val
ISIC_7422781,0,0.0013941049,inner_val
ISIC_7424792,0,0.0002160796,inner_val
ISIC_7426904,0,8.16709e-05,inner_val
ISIC_7430054,0,0.019809986,inner_val
ISIC_7430916,0,0.0025141085,inner_val
ISIC_7433993,0,0.000112457674,inner_val
ISIC_7436377,0,0.003355709,inner_val
ISIC_7438675,0,0.0013170382,inner_val
ISIC_7440993,0,0.08308837,inner_val
ISIC_7441917,0,0.0003178316,inner_val
ISIC_7443540,0,0.0057971403,inner_val
ISIC_7446443,0,0.0008205851,inner_val
ISIC_7452348,0,0.074715234,inner_val
ISIC_7453902,0,0.0071999715,inner_val
ISIC_7459066,0,0.00041636784,inner_val
ISIC_7459410,0,0.0051875347,inner_val
ISIC_7459465,0,0.0027173285,inner_val
ISIC_7461985,0,0.00016433268,inner_val
ISIC_7462746,0,0.0021203766,inner_val
ISIC_7463963,0,0.0015916191,inner_val
ISIC_7465470,0,0.007481268,inner_val
ISIC_7468407,0,0.012885534,inner_val
ISIC_7471517,0,0.053023703,inner_val
ISIC_7472636,0,0.000171318,inner_val
ISIC_7475827,0,0.0049523776,inner_val
ISIC_7477006,0,0.0032371725,inner_val
ISIC_7477754,0,0.00091616745,inner_val
ISIC_7477835,0,0.00039887053,inner_val
ISIC_7478847,0,3.0234172e-05,inner_val
ISIC_7479548,0,0.11549821,inner_val
ISIC_7481978,0,0.0009182486,inner_val
ISIC_7486871,0,0.00011610209,inner_val
ISIC_7489072,0,0.07833244,inner_val
ISIC_7491217,0,0.017042866,inner_val
ISIC_7491724,0,0.000100452155,inner_val
ISIC_7492471,0,0.003585837,inner_val
ISIC_7494122,0,0.00026309278,inner_val
ISIC_7494568,0,0.0023205613,inner_val
ISIC_7498132,0,0.000309835,inner_val
ISIC_7498716,0,0.0239829,inner_val
ISIC_7499769,0,0.0011626491,inner_val
ISIC_7501061,0,0.00015227197,inner_val
ISIC_7501268,0,0.00014215641,inner_val
ISIC_7505863,0,4.3251097e-05,inner_val
ISIC_7507808,0,0.001058455,inner_val
ISIC_7511365,0,0.00018044199,inner_val
ISIC_7512478,0,0.010913208,inner_val
ISIC_7513139,0,0.0006315242,inner_val
ISIC_7514880,0,0.0076911035,inner_val
ISIC_7517313,0,0.00010948896,inner_val
ISIC_7518447,0,0.00025152997,inner_val
ISIC_7522753,0,0.0006711582,inner_val
ISIC_7525320,0,0.006719147,inner_val
ISIC_7534592,0,0.00017777039,inner_val
ISIC_7536703,0,0.00983395,inner_val
ISIC_7542408,0,0.0076720105,inner_val
ISIC_7549398,0,0.0030841173,inner_val
ISIC_7552521,0,0.000114401315,inner_val
ISIC_7556119,0,0.0049856626,inner_val
ISIC_7557455,0,0.00022790833,inner_val
ISIC_7557932,0,0.0031368956,inner_val
ISIC_7563283,0,0.0006154387,inner_val
ISIC_7563744,0,0.00010975341,inner_val
ISIC_7565550,0,0.004553619,inner_val
ISIC_7566403,0,0.00028031625,inner_val
ISIC_7571230,0,0.007094624,inner_val
ISIC_7574101,0,0.05715308,inner_val
ISIC_7575815,0,0.000905199,inner_val
ISIC_7576735,0,0.0073238085,inner_val
ISIC_7578042,0,0.0042307014,inner_val
ISIC_7581388,0,0.019841129,inner_val
ISIC_7585280,0,0.00741428,inner_val
ISIC_7585924,0,0.013030917,inner_val
ISIC_7586566,0,0.013819512,inner_val
ISIC_7587006,0,0.01769413,inner_val
ISIC_7588132,0,0.036214497,inner_val
ISIC_7588695,0,0.00016347405,inner_val
ISIC_7589802,0,5.315643e-05,inner_val
ISIC_7592174,0,0.002262905,inner_val
ISIC_7600995,0,0.000971006,inner_val
ISIC_7601418,0,0.00019999781,inner_val
ISIC_7603831,0,0.011797856,inner_val
ISIC_7604596,0,9.5512056e-05,inner_val
ISIC_7604839,0,7.802936e-05,inner_val
ISIC_7612589,0,0.0037712532,inner_val
ISIC_7619734,0,0.00012408909,inner_val
ISIC_7620366,0,0.008058175,inner_val
ISIC_7621389,0,0.02895174,inner_val
ISIC_7621899,0,0.0030377847,inner_val
ISIC_7624240,0,0.0033012782,inner_val
ISIC_7624985,0,0.002769502,inner_val
ISIC_7629264,0,3.2623026e-05,inner_val
ISIC_7636321,0,0.005148335,inner_val
ISIC_7637597,0,6.719508e-05,inner_val
ISIC_7643966,0,0.005413124,inner_val
ISIC_7644571,0,0.00018826734,inner_val
ISIC_7645703,0,7.1271235e-05,inner_val
ISIC_7646866,0,0.00029075844,inner_val
ISIC_7646953,0,0.04813116,inner_val
ISIC_7648111,0,0.00058754213,inner_val
ISIC_7649781,0,0.008788118,inner_val
ISIC_7652087,0,1.3891582e-05,inner_val
ISIC_7652615,0,0.003920285,inner_val
ISIC_7654071,0,0.00074241124,inner_val
ISIC_7661657,0,0.0017833903,inner_val
ISIC_7663344,0,0.00033215113,inner_val
ISIC_7664835,0,0.010054557,inner_val
ISIC_7667790,0,0.0003680094,inner_val
ISIC_7668345,0,0.00035963033,inner_val
ISIC_7671972,0,0.012659262,inner_val
ISIC_7672851,0,0.0013714599,inner_val
ISIC_7682485,0,0.065824345,inner_val
ISIC_7684290,0,0.02581943,inner_val
ISIC_7685077,0,0.0070569487,inner_val
ISIC_7685761,0,0.056584705,inner_val
ISIC_7686849,0,7.5967684e-05,inner_val
ISIC_7693611,1,0.16010153,inner_val
ISIC_7694184,0,2.9502236e-05,inner_val
ISIC_7697623,0,0.0007591586,inner_val
ISIC_7699392,0,0.0008722865,inner_val
ISIC_7699756,0,0.03419523,inner_val
ISIC_7701105,0,0.00045799368,inner_val
ISIC_7702857,0,0.0040640943,inner_val
ISIC_7704533,0,0.0075661987,inner_val
ISIC_7704900,0,0.003082045,inner_val
ISIC_7705928,0,0.029928247,inner_val
ISIC_7707538,0,0.005701778,inner_val
ISIC_7711688,0,0.0011807155,inner_val
ISIC_7711715,0,0.00085562706,inner_val
ISIC_7713300,0,0.0026114823,inner_val
ISIC_7717731,0,0.022720816,inner_val
ISIC_7720449,0,4.0883937e-05,inner_val
ISIC_7721903,0,0.008904837,inner_val
ISIC_7723074,0,0.013660619,inner_val
ISIC_7727960,0,0.0005153843,inner_val
ISIC_7729249,0,0.016127096,inner_val
ISIC_7729573,0,0.00088193465,inner_val
ISIC_7731786,0,0.009424099,inner_val
ISIC_7738761,0,9.251742e-05,inner_val
ISIC_7739752,0,0.0009250582,inner_val
ISIC_7740744,0,0.012269356,inner_val
ISIC_7743505,0,0.0014838737,inner_val
ISIC_7743794,0,0.000195177,inner_val
ISIC_7746409,0,0.010396921,inner_val
ISIC_7748899,0,0.0020232005,inner_val
ISIC_7753753,0,0.0015391434,inner_val
ISIC_7757763,0,0.00011401775,inner_val
ISIC_7760920,0,0.032827813,inner_val
ISIC_7761308,0,0.00039305308,inner_val
ISIC_7763831,0,0.00015226152,inner_val
ISIC_7764847,0,0.0013350993,inner_val
ISIC_7764874,0,0.010538942,inner_val
ISIC_7767350,0,0.00044281152,inner_val
ISIC_7775535,0,0.0009135202,inner_val
ISIC_7778110,0,0.0010730737,inner_val
ISIC_7778482,0,0.0066983406,inner_val
ISIC_7778842,0,0.0063585853,inner_val
ISIC_7780098,0,0.012823701,inner_val
ISIC_7780704,0,0.0021512215,inner_val
ISIC_7781797,0,0.00027706087,inner_val
ISIC_7784796,0,0.0016594888,inner_val
ISIC_7786379,0,0.0029876998,inner_val
ISIC_7788814,0,0.002569119,inner_val
ISIC_7796174,0,5.9665894e-05,inner_val
ISIC_7799517,0,0.124946736,inner_val
ISIC_7799692,0,0.00015149225,inner_val
ISIC_7803114,0,5.0134782e-05,inner_val
ISIC_7803163,0,0.0010472629,inner_val
ISIC_7803426,0,0.024476007,inner_val
ISIC_7804919,0,0.00013843414,inner_val
ISIC_7805607,0,0.0010166939,inner_val
ISIC_7805885,0,0.007395411,inner_val
ISIC_7809643,0,0.0030058331,inner_val
ISIC_7810944,0,0.0009532488,inner_val
ISIC_7811068,0,0.00012833807,inner_val
ISIC_7814868,0,0.021735225,inner_val
ISIC_7818094,0,0.022498114,inner_val
ISIC_7818740,0,0.354943,inner_val
ISIC_7819084,0,0.00030956222,inner_val
ISIC_7819707,0,0.0019033382,inner_val
ISIC_7823773,0,0.005639119,inner_val
ISIC_7824206,0,0.0013087054,inner_val
ISIC_7824250,0,0.034300823,inner_val
ISIC_7828712,0,0.0053995783,inner_val
ISIC_7829883,0,0.0007187544,inner_val
ISIC_7836905,0,0.0064041,inner_val
ISIC_7839220,0,0.01271911,inner_val
ISIC_7839741,0,0.00020922892,inner_val
ISIC_7840165,0,0.0037934917,inner_val
ISIC_7841085,0,2.9425079e-05,inner_val
ISIC_7841317,0,0.0013868309,inner_val
ISIC_7843456,0,0.00016130938,inner_val
ISIC_7844276,0,0.0016005491,inner_val
ISIC_7845702,0,0.03175528,inner_val
ISIC_7845733,0,0.00019418538,inner_val
ISIC_7852855,0,0.0013083458,inner_val
ISIC_7853799,0,0.0034369538,inner_val
ISIC_7861117,0,0.035643835,inner_val
ISIC_7864324,0,0.0012420045,inner_val
ISIC_7866488,0,0.040451948,inner_val
ISIC_7868525,0,0.00046212494,inner_val
ISIC_7876620,0,0.00048885634,inner_val
ISIC_7880046,0,8.738676e-05,inner_val
ISIC_7882022,0,0.00057066564,inner_val
ISIC_7882178,0,0.011668959,inner_val
ISIC_7882247,0,0.013844228,inner_val
ISIC_7883540,0,0.00011567465,inner_val
ISIC_7889838,0,0.0044293664,inner_val
ISIC_7890630,0,0.016337423,inner_val
ISIC_7891992,0,0.0009753002,inner_val
ISIC_7892118,0,0.0015896488,inner_val
ISIC_7897374,0,0.020055396,inner_val
ISIC_7897484,0,0.004044924,inner_val
ISIC_7898381,0,0.000108033906,inner_val
ISIC_7901002,0,0.00013846136,inner_val
ISIC_7901461,0,0.008698078,inner_val
ISIC_7901662,0,0.010105725,inner_val
ISIC_7901797,0,0.0020395818,inner_val
ISIC_7903510,0,0.010033609,inner_val
ISIC_7904250,0,0.0006995252,inner_val
ISIC_7904365,0,0.0004066948,inner_val
ISIC_7904801,0,7.3531366e-05,inner_val
ISIC_7905714,0,0.0015450941,inner_val
ISIC_7906421,0,0.048866224,inner_val
ISIC_7906462,0,0.0023916105,inner_val
ISIC_7907113,0,0.00016571739,inner_val
ISIC_7909916,0,7.5468175e-05,inner_val
ISIC_7911353,0,0.000121671415,inner_val
ISIC_7914875,0,0.00792737,inner_val
ISIC_7914964,0,0.034776457,inner_val
ISIC_7917961,0,0.0011169832,inner_val
ISIC_7918717,0,0.0002461751,inner_val
ISIC_7919085,0,0.0069666323,inner_val
ISIC_7925797,0,0.01958039,inner_val
ISIC_7926874,0,0.001759224,inner_val
ISIC_7930157,0,0.0011978563,inner_val
ISIC_7930862,0,0.0010743196,inner_val
ISIC_7932937,0,0.05591721,inner_val
ISIC_7933514,0,4.1776548e-05,inner_val
ISIC_7934218,0,0.045794167,inner_val
ISIC_7940108,0,0.0008373552,inner_val
ISIC_7944028,0,0.042442687,inner_val
ISIC_7945791,0,0.005027994,inner_val
ISIC_7948979,0,0.1603317,inner_val
ISIC_7949603,0,7.245858e-05,inner_val
ISIC_7949832,0,0.00037250578,inner_val
ISIC_7951035,0,3.639556e-05,inner_val
ISIC_7953039,0,0.09636067,inner_val
ISIC_7953081,0,8.5685904e-05,inner_val
ISIC_7956925,0,0.04031981,inner_val
ISIC_7958439,0,0.00063807575,inner_val
ISIC_7960251,0,0.0052051614,inner_val
ISIC_7960892,0,0.0019377685,inner_val
ISIC_7962380,0,0.002153709,inner_val
ISIC_7964243,0,0.04284205,inner_val
ISIC_7964735,0,0.08449397,inner_val
ISIC_7966121,0,0.00013601793,inner_val
ISIC_7966295,0,5.904813e-05,inner_val
ISIC_7968733,0,8.456258e-06,inner_val
ISIC_7970478,0,0.00046359375,inner_val
ISIC_7971509,0,1.0689299e-05,inner_val
ISIC_7974409,0,0.0029669476,inner_val
ISIC_7975159,0,9.3838105e-05,inner_val
ISIC_7975248,0,9.5651136e-05,inner_val
ISIC_7975420,0,0.01817832,inner_val
ISIC_7975613,0,0.00015168941,inner_val
ISIC_7975678,0,0.009853959,inner_val
ISIC_7976463,0,0.0047119623,inner_val
ISIC_7977757,0,0.00047609067,inner_val
ISIC_7978038,0,0.004576444,inner_val
ISIC_7981196,0,0.000109008084,inner_val
ISIC_7984985,0,0.028986065,inner_val
ISIC_7986405,0,0.009350412,inner_val
ISIC_7989119,0,7.6739474e-05,inner_val
ISIC_7991932,0,0.0005230642,inner_val
ISIC_7994337,0,6.187489e-05,inner_val
ISIC_7997132,0,0.00045358416,inner_val
ISIC_8001276,0,0.0007042327,inner_val
ISIC_8001346,0,2.7355463e-05,inner_val
ISIC_8001516,0,0.07744833,inner_val
ISIC_8003465,0,0.010120003,inner_val
ISIC_8004013,0,0.0016102754,inner_val
ISIC_8015541,0,0.00012601964,inner_val
ISIC_8017829,0,0.00045867523,inner_val
ISIC_8018856,0,0.0057693063,inner_val
ISIC_8020688,0,0.023688665,inner_val
ISIC_8022003,0,0.00266458,inner_val
ISIC_8022825,0,0.005556211,inner_val
ISIC_8025243,0,0.008259055,inner_val
ISIC_8028126,0,0.00013123135,inner_val
ISIC_8028333,0,0.00016121834,inner_val
ISIC_8029653,0,0.00015161943,inner_val
ISIC_8029954,0,0.0043941345,inner_val
ISIC_8030884,0,0.0025588244,inner_val
ISIC_8033131,0,0.00026012963,inner_val
ISIC_8033618,0,8.271362e-05,inner_val
ISIC_8042787,0,5.792223e-05,inner_val
ISIC_8043607,0,6.663383e-06,inner_val
ISIC_8044526,0,0.0010293169,inner_val
ISIC_8047390,0,0.00013766461,inner_val
ISIC_8047872,0,0.0009791049,inner_val
ISIC_8048181,0,0.0027183688,inner_val
ISIC_8049827,0,0.05240664,inner_val
ISIC_8050763,0,0.026954569,inner_val
ISIC_8051614,0,0.0017278658,inner_val
ISIC_8052868,0,0.008677794,inner_val
ISIC_8053586,0,0.1569813,inner_val
ISIC_8054710,0,0.0723654,inner_val
ISIC_8055525,0,0.0005872561,inner_val
ISIC_8064759,0,0.010369874,inner_val
ISIC_8064866,0,0.0017629082,inner_val
ISIC_8066391,0,0.0071710227,inner_val
ISIC_8068693,1,0.029509356,inner_val
ISIC_8069110,0,0.00010357018,inner_val
ISIC_8069416,0,0.045861725,inner_val
ISIC_8069528,0,0.032359514,inner_val
ISIC_8072117,0,0.00013494951,inner_val
ISIC_8072819,0,0.0015629043,inner_val
ISIC_8076451,0,0.0010590719,inner_val
ISIC_8077342,0,0.00012562085,inner_val
ISIC_8078202,0,0.00668971,inner_val
ISIC_8079008,0,0.1701915,inner_val
ISIC_8080577,0,0.0020062719,inner_val
ISIC_8082147,0,0.0084985085,inner_val
ISIC_8086499,0,0.2836256,inner_val
ISIC_8089289,0,0.00063025666,inner_val
ISIC_8092647,0,0.0008128808,inner_val
ISIC_8097600,0,0.00013728549,inner_val
ISIC_8097808,0,0.008992357,inner_val
ISIC_8098872,0,0.0012705178,inner_val
ISIC_8101117,0,0.0064081703,inner_val
ISIC_8105053,0,0.00024395587,inner_val
ISIC_8109217,0,0.015471075,inner_val
ISIC_8113025,0,0.00033994883,inner_val
ISIC_8114502,0,0.0075277505,inner_val
ISIC_8116187,0,0.0001489674,inner_val
ISIC_8116363,0,0.0006074671,inner_val
ISIC_8124482,0,0.005178818,inner_val
ISIC_8125684,0,0.0001890592,inner_val
ISIC_8126172,0,0.0027648795,inner_val
ISIC_8127242,0,0.0006342167,inner_val
ISIC_8127275,0,3.883615e-06,inner_val
ISIC_8127396,0,0.00016915168,inner_val
ISIC_8127578,0,0.016002733,inner_val
ISIC_8129907,0,0.0064024315,inner_val
ISIC_8131464,0,0.23998818,inner_val
ISIC_8133350,1,0.24195701,inner_val
ISIC_8135026,0,0.004941977,inner_val
ISIC_8140752,0,0.0031612902,inner_val
ISIC_8141348,0,0.001969968,inner_val
ISIC_8150108,0,0.014571079,inner_val
ISIC_8150469,0,0.00030127686,inner_val
ISIC_8151700,0,0.00084178516,inner_val
ISIC_8156675,0,1.5490888e-05,inner_val
ISIC_8157972,0,0.0013726321,inner_val
ISIC_8158785,0,0.00010120229,inner_val
ISIC_8159474,0,3.6476104e-05,inner_val
ISIC_8161933,0,0.0007503651,inner_val
ISIC_8164587,0,0.0031328697,inner_val
ISIC_8164676,0,0.0075523187,inner_val
ISIC_8165906,0,0.003009857,inner_val
ISIC_8167374,1,0.088746056,inner_val
ISIC_8168507,0,7.838316e-05,inner_val
ISIC_8172795,0,0.002850442,inner_val
ISIC_8175514,0,0.010769647,inner_val
ISIC_8182002,0,0.0008563665,inner_val
ISIC_8182123,0,0.0007522739,inner_val
ISIC_8187997,0,0.000108193904,inner_val
ISIC_8189028,0,0.00035403264,inner_val
ISIC_8190660,0,0.057587538,inner_val
ISIC_8191055,0,0.00024155939,inner_val
ISIC_8194465,0,0.0094803255,inner_val
ISIC_8195528,0,8.18407e-05,inner_val
ISIC_8196660,0,0.097512946,inner_val
ISIC_8198182,0,0.0031864934,inner_val
ISIC_8199947,0,0.00071819784,inner_val
ISIC_8200593,0,0.0015170882,inner_val
ISIC_8202626,0,0.042768598,inner_val
ISIC_8203661,0,0.00079228205,inner_val
ISIC_8205879,0,6.093948e-05,inner_val
ISIC_8206577,0,0.00012826343,inner_val
ISIC_8207974,1,0.0024761788,inner_val
ISIC_8208786,0,0.0018800613,inner_val
ISIC_8208962,0,0.0042975326,inner_val
ISIC_8209611,0,0.00042042928,inner_val
ISIC_8212937,0,0.061693598,inner_val
ISIC_8212986,0,0.00066477666,inner_val
ISIC_8218609,0,7.152821e-05,inner_val
ISIC_8228595,0,0.000100254074,inner_val
ISIC_8231594,0,0.0018494028,inner_val
ISIC_8231704,0,0.057108946,inner_val
ISIC_8236660,0,0.02281396,inner_val
ISIC_8238508,0,0.002376667,inner_val
ISIC_8239857,0,0.00021163054,inner_val
ISIC_8247847,0,0.00096096704,inner_val
ISIC_8248207,0,0.00014800123,inner_val
ISIC_8249565,0,0.00047441907,inner_val
ISIC_8249743,0,0.00013284088,inner_val
ISIC_8249766,0,0.0051630754,inner_val
ISIC_8252358,0,0.0049155923,inner_val
ISIC_8252969,0,0.004900111,inner_val
ISIC_8260157,0,0.00033357917,inner_val
ISIC_8260291,0,0.035520874,inner_val
ISIC_8266094,0,0.00017677582,inner_val
ISIC_8268025,0,0.0055594416,inner_val
ISIC_8269660,0,0.00016403398,inner_val
ISIC_8270195,0,0.00409272,inner_val
ISIC_8273470,0,5.0304123e-05,inner_val
ISIC_8275108,0,0.0018579528,inner_val
ISIC_8276574,0,0.00828244,inner_val
ISIC_8276583,0,0.0035105692,inner_val
ISIC_8278308,0,0.046716206,inner_val
ISIC_8278517,0,0.00081510184,inner_val
ISIC_8278912,0,0.0008987859,inner_val
ISIC_8280272,0,0.011033746,inner_val
ISIC_8280581,0,2.3542649e-05,inner_val
ISIC_8284404,0,0.00038072147,inner_val
ISIC_8284685,0,0.002520519,inner_val
ISIC_8285776,0,0.010750157,inner_val
ISIC_8286163,0,0.015522968,inner_val
ISIC_8288349,0,9.144523e-05,inner_val
ISIC_8288656,0,0.027851962,inner_val
ISIC_8289318,0,0.010808721,inner_val
ISIC_8289518,0,1.6311738e-05,inner_val
ISIC_8291021,0,0.00031081136,inner_val
ISIC_8292525,0,0.0002635286,inner_val
ISIC_8295152,0,0.021633549,inner_val
ISIC_8296881,0,0.00023170543,inner_val
ISIC_8297517,0,0.0009422784,inner_val
ISIC_8300078,0,0.03295097,inner_val
ISIC_8300326,0,0.01269977,inner_val
ISIC_8300377,0,0.0024172568,inner_val
ISIC_8305573,0,0.00014506877,inner_val
ISIC_8307974,0,0.0029837636,inner_val
ISIC_8312576,0,0.07047173,inner_val
ISIC_8313202,0,0.0048865112,inner_val
ISIC_8314115,0,0.0033662508,inner_val
ISIC_8318262,0,0.01490448,inner_val
ISIC_8319768,0,3.629041e-05,inner_val
ISIC_8320640,0,0.00085958134,inner_val
ISIC_8321678,0,8.78808e-05,inner_val
ISIC_8324870,0,0.0012611618,inner_val
ISIC_8327352,0,0.0017212917,inner_val
ISIC_8327842,0,0.0064644637,inner_val
ISIC_8329292,0,0.008245423,inner_val
ISIC_8330906,0,8.101344e-05,inner_val
ISIC_8331313,0,0.00973781,inner_val
ISIC_8335489,0,0.30049706,inner_val
ISIC_8335722,0,7.15791e-05,inner_val
ISIC_8338775,0,0.0010803913,inner_val
ISIC_8347675,0,0.007931628,inner_val
ISIC_8348317,0,0.0051449607,inner_val
ISIC_8353156,0,0.006506859,inner_val
ISIC_8355446,1,9.021705e-05,inner_val
ISIC_8355490,0,0.0014972042,inner_val
ISIC_8356904,0,0.0026361046,inner_val
ISIC_8357114,0,0.0021399618,inner_val
ISIC_8357133,0,0.17631195,inner_val
ISIC_8357679,0,0.001236011,inner_val
ISIC_8362460,0,0.020364314,inner_val
ISIC_8366327,0,0.0023491336,inner_val
ISIC_8366553,0,2.1537382e-05,inner_val
ISIC_8369457,0,0.021588033,inner_val
ISIC_8370131,0,0.047837503,inner_val
ISIC_8370239,0,2.3303415e-05,inner_val
ISIC_8374701,0,0.0072626746,inner_val
ISIC_8375021,0,0.00010629266,inner_val
ISIC_8379395,0,0.0047599324,inner_val
ISIC_8384082,0,0.00037587064,inner_val
ISIC_8386146,0,0.00033210806,inner_val
ISIC_8388810,0,0.013286127,inner_val
ISIC_8391394,0,0.002296599,inner_val
ISIC_8391622,0,0.0033630321,inner_val
ISIC_8395542,0,0.050465204,inner_val
ISIC_8395701,0,2.8364802e-05,inner_val
ISIC_8397285,1,0.09235204,inner_val
ISIC_8397698,0,0.00042973476,inner_val
ISIC_8405555,0,0.0041917614,inner_val
ISIC_8414421,0,0.00074861915,inner_val
ISIC_8414559,0,0.0045956103,inner_val
ISIC_8414673,0,8.007014e-05,inner_val
ISIC_8421033,0,0.0027159718,inner_val
ISIC_8423082,0,0.00057401776,inner_val
ISIC_8423291,0,0.026206482,inner_val
ISIC_8427488,0,0.0005194096,inner_val
ISIC_8429722,0,7.016609e-05,inner_val
ISIC_8432001,0,0.00056287675,inner_val
ISIC_8433608,0,0.0001872244,inner_val
ISIC_8435105,0,0.08565007,inner_val
ISIC_8436590,0,0.017697182,inner_val
ISIC_8438071,0,0.04387993,inner_val
ISIC_8442043,0,0.004908388,inner_val
ISIC_8442933,0,0.024859281,inner_val
ISIC_8443984,0,0.0003717822,inner_val
ISIC_8444072,0,0.00034750876,inner_val
ISIC_8444720,0,0.0001504721,inner_val
ISIC_8445109,0,0.013543853,inner_val
ISIC_8448295,0,0.10033291,inner_val
ISIC_8450656,1,0.0068935505,inner_val
ISIC_8451301,0,0.0013972996,inner_val
ISIC_8451869,0,0.0019686278,inner_val
ISIC_8455866,0,0.00024179812,inner_val
ISIC_8456171,0,0.0030590668,inner_val
ISIC_8458149,0,0.0005609687,inner_val
ISIC_8458669,0,0.0021757474,inner_val
ISIC_8459825,0,0.003501611,inner_val
ISIC_8462445,0,0.0008936418,inner_val
ISIC_8467665,0,0.00035230257,inner_val
ISIC_8467955,0,0.0013904347,inner_val
ISIC_8468512,0,0.005810077,inner_val
ISIC_8475734,0,0.007645512,inner_val
ISIC_8479844,0,4.2808988e-05,inner_val
ISIC_8480329,0,0.00013332107,inner_val
ISIC_8480641,0,0.00010934184,inner_val
ISIC_8480913,0,0.27038434,inner_val
ISIC_8484660,0,0.025595779,inner_val
ISIC_8484867,0,7.7961384e-05,inner_val
ISIC_8487789,0,0.018874481,inner_val
ISIC_8492070,0,0.0030709447,inner_val
ISIC_8494027,0,0.0155993225,inner_val
ISIC_8495875,0,0.0008513688,inner_val
ISIC_8498454,0,0.009629627,inner_val
ISIC_8501844,0,0.0033302102,inner_val
ISIC_8502248,0,0.0013912693,inner_val
ISIC_8502341,0,0.00017766973,inner_val
ISIC_8503192,0,0.405588,inner_val
ISIC_8504808,0,0.0002446136,inner_val
ISIC_8504984,0,0.00010296045,inner_val
ISIC_8506618,0,0.008662266,inner_val
ISIC_8506652,0,0.00222737,inner_val
ISIC_8508113,0,0.0037609604,inner_val
ISIC_8510644,0,0.000381561,inner_val
ISIC_8513649,0,0.0034875846,inner_val
ISIC_8515281,0,0.00010154081,inner_val
ISIC_8516631,0,0.002139788,inner_val
ISIC_8517305,0,1.2722579e-05,inner_val
ISIC_8519222,0,0.011041596,inner_val
ISIC_8519931,0,0.001497632,inner_val
ISIC_8523488,0,0.00062553893,inner_val
ISIC_8523509,0,0.02096888,inner_val
ISIC_8526513,0,0.00039731784,inner_val
ISIC_8526902,0,0.0005425117,inner_val
ISIC_8527092,1,0.16807878,inner_val
ISIC_8527330,0,0.00030482188,inner_val
ISIC_8531942,0,0.0046126186,inner_val
ISIC_8533045,0,0.008057939,inner_val
ISIC_8534723,0,0.019364735,inner_val
ISIC_8534863,0,0.0001544152,inner_val
ISIC_8536563,0,0.003118613,inner_val
ISIC_8540395,0,0.006296185,inner_val
ISIC_8543283,0,1.3644221e-05,inner_val
ISIC_8544496,0,0.006938553,inner_val
ISIC_8545949,1,0.01826993,inner_val
ISIC_8546378,0,0.00502533,inner_val
ISIC_8551124,0,0.0020608106,inner_val
ISIC_8551262,0,0.0042407294,inner_val
ISIC_8554450,0,0.00010466327,inner_val
ISIC_8556519,0,0.03137006,inner_val
ISIC_8557006,0,0.00019280094,inner_val
ISIC_8561070,0,0.025835387,inner_val
ISIC_8563961,0,0.000965472,inner_val
ISIC_8564527,0,0.026153168,inner_val
ISIC_8566006,1,0.27827138,inner_val
ISIC_8569148,0,0.00027059912,inner_val
ISIC_8570917,0,0.00011398948,inner_val
ISIC_8573647,0,0.005634693,inner_val
ISIC_8577010,0,0.00014170846,inner_val
ISIC_8579452,0,3.690296e-05,inner_val
ISIC_8579575,0,0.022801287,inner_val
ISIC_8585685,0,0.006451406,inner_val
ISIC_8587396,0,0.00023632658,inner_val
ISIC_8587556,0,0.0070793913,inner_val
ISIC_8588033,0,0.00024056787,inner_val
ISIC_8588488,0,0.0050955308,inner_val
ISIC_8589165,0,0.0012620703,inner_val
ISIC_8591013,0,0.00015033815,inner_val
ISIC_8591040,0,0.003114126,inner_val
ISIC_8591123,0,0.00015222348,inner_val
ISIC_8591425,0,0.0029800122,inner_val
ISIC_8591681,0,3.0201436e-05,inner_val
ISIC_8593029,0,0.0596624,inner_val
ISIC_8593525,0,0.008669962,inner_val
ISIC_8593734,0,8.836298e-05,inner_val
ISIC_8595693,0,0.0050385245,inner_val
ISIC_8597354,0,0.001556545,inner_val
ISIC_8598593,0,0.019990765,inner_val
ISIC_8603396,0,0.0011894125,inner_val
ISIC_8604922,0,0.02426467,inner_val
ISIC_8606094,0,0.0020685615,inner_val
ISIC_8608894,0,0.0032324537,inner_val
ISIC_8610377,0,0.12370926,inner_val
ISIC_8612422,0,0.0022154376,inner_val
ISIC_8614712,0,0.0015897654,inner_val
ISIC_8614778,0,0.0024866243,inner_val
ISIC_8616723,0,0.0036136878,inner_val
ISIC_8624123,0,6.0737348e-05,inner_val
ISIC_8626909,0,0.005014453,inner_val
ISIC_8628723,0,0.1357229,inner_val
ISIC_8629932,0,0.00044066398,inner_val
ISIC_8629973,0,0.001082392,inner_val
ISIC_8630818,0,0.00048992556,inner_val
ISIC_8631846,0,0.0001983275,inner_val
ISIC_8632147,0,0.00977693,inner_val
ISIC_8633719,0,0.01570803,inner_val
ISIC_8633889,0,0.049316786,inner_val
ISIC_8634356,0,0.00018325016,inner_val
ISIC_8643364,0,0.00035965093,inner_val
ISIC_8645104,0,0.006504837,inner_val
ISIC_8646276,0,0.004594023,inner_val
ISIC_8649055,0,0.0001655102,inner_val
ISIC_8651765,0,8.828414e-05,inner_val
ISIC_8659461,0,0.030435935,inner_val
ISIC_8660830,0,0.0004669871,inner_val
ISIC_8664196,0,0.0062393495,inner_val
ISIC_8667319,0,0.00028628687,inner_val
ISIC_8667793,0,0.0629447,inner_val
ISIC_8669067,0,0.034507617,inner_val
ISIC_8669314,0,0.042344756,inner_val
ISIC_8670684,0,9.226263e-05,inner_val
ISIC_8675233,0,0.01064255,inner_val
ISIC_8677053,1,0.058902066,inner_val
ISIC_8680266,0,0.0012608814,inner_val
ISIC_8681540,0,0.00011833959,inner_val
ISIC_8687105,0,0.00045570126,inner_val
ISIC_8689112,0,0.0019097951,inner_val
ISIC_8689284,0,0.006770774,inner_val
ISIC_8689532,0,0.0018165004,inner_val
ISIC_8691163,0,0.0001564471,inner_val
ISIC_8691327,0,0.0032616681,inner_val
ISIC_8692155,0,1.0376664e-05,inner_val
ISIC_8692950,0,0.0001398242,inner_val
ISIC_8694800,0,4.118745e-05,inner_val
ISIC_8694888,0,0.009658086,inner_val
ISIC_8695278,0,0.00010659473,inner_val
ISIC_8696503,0,0.00037495306,inner_val
ISIC_8698452,0,0.050820705,inner_val
ISIC_8699453,0,0.029051911,inner_val
ISIC_8700740,0,0.012471111,inner_val
ISIC_8704004,0,4.6800662e-05,inner_val
ISIC_8706325,0,0.0046291226,inner_val
ISIC_8709649,0,0.0033301439,inner_val
ISIC_8712312,0,2.7683454e-05,inner_val
ISIC_8712927,0,7.392325e-05,inner_val
ISIC_8717336,0,0.044997785,inner_val
ISIC_8717495,0,0.0055600926,inner_val
ISIC_8719134,0,4.6352412e-05,inner_val
ISIC_8721166,0,5.247798e-05,inner_val
ISIC_8722264,0,0.015228378,inner_val
ISIC_8722667,0,0.0019670834,inner_val
ISIC_8727047,0,8.114116e-05,inner_val
ISIC_8733422,0,0.0011032195,inner_val
ISIC_8739231,0,0.0018720254,inner_val
ISIC_8740548,0,0.0003212123,inner_val
ISIC_8740695,0,0.06364627,inner_val
ISIC_8741594,0,0.00016388201,inner_val
ISIC_8741881,0,0.00012265482,inner_val
ISIC_8742034,0,0.019586282,inner_val
ISIC_8742875,0,0.00040962195,inner_val
ISIC_8749666,0,0.0024687566,inner_val
ISIC_8755163,0,0.0011824454,inner_val
ISIC_8757664,0,0.00056385936,inner_val
ISIC_8758963,0,5.9801125e-05,inner_val
ISIC_8759744,0,0.013150213,inner_val
ISIC_8760029,0,2.311872e-05,inner_val
ISIC_8762437,0,0.00017747737,inner_val
ISIC_8766132,0,0.0012210913,inner_val
ISIC_8766644,0,0.0034153748,inner_val
ISIC_8769391,0,0.00011548972,inner_val
ISIC_8769415,0,0.002165621,inner_val
ISIC_8770401,0,0.003537533,inner_val
ISIC_8775181,0,7.278115e-05,inner_val
ISIC_8776646,0,0.00021304777,inner_val
ISIC_8777622,0,0.00085899833,inner_val
ISIC_8777866,0,0.007422792,inner_val
ISIC_8778648,0,0.0044691623,inner_val
ISIC_8780547,0,0.011256236,inner_val
ISIC_8783000,0,0.03641312,inner_val
ISIC_8783066,0,0.0010667909,inner_val
ISIC_8789673,0,0.0007709339,inner_val
ISIC_8790198,0,0.0015424216,inner_val
ISIC_8790201,0,0.0077325813,inner_val
ISIC_8790885,0,0.0030033605,inner_val
ISIC_8791603,0,0.00011749695,inner_val
ISIC_8795740,0,0.00046590826,inner_val
ISIC_8798059,0,7.401213e-05,inner_val
ISIC_8803600,0,0.01085965,inner_val
ISIC_8804009,0,0.006895774,inner_val
ISIC_8804606,0,0.008301383,inner_val
ISIC_8805730,0,2.856541e-05,inner_val
ISIC_8809821,0,0.0083254455,inner_val
ISIC_8813303,0,0.0005782102,inner_val
ISIC_8814612,0,0.00029743026,inner_val
ISIC_8814657,0,0.00017269797,inner_val
ISIC_8816195,0,0.019698566,inner_val
ISIC_8817986,0,0.011066632,inner_val
ISIC_8818862,0,0.004435721,inner_val
ISIC_8819163,0,0.05146839,inner_val
ISIC_8820527,0,0.000989444,inner_val
ISIC_8820586,0,0.018651925,inner_val
ISIC_8821107,0,0.02264378,inner_val
ISIC_8821259,0,0.001721854,inner_val
ISIC_8823875,0,0.0087606,inner_val
ISIC_8825407,0,0.00087987364,inner_val
ISIC_8826289,0,0.022199998,inner_val
ISIC_8828079,0,0.0019424759,inner_val
ISIC_8828770,0,0.00023235581,inner_val
ISIC_8834039,0,0.0049503623,inner_val
ISIC_8835545,0,3.154508e-05,inner_val
ISIC_8838232,0,0.00029979722,inner_val
ISIC_8841738,0,0.0049274154,inner_val
ISIC_8843899,0,3.6255402e-05,inner_val
ISIC_8844725,0,0.00019704839,inner_val
ISIC_8844946,0,0.00014269231,inner_val
ISIC_8846654,0,0.00010407033,inner_val
ISIC_8846695,0,0.082924455,inner_val
ISIC_8846817,0,0.0006176553,inner_val
ISIC_8847321,0,0.0038101622,inner_val
ISIC_8849240,0,0.0013947184,inner_val
ISIC_8849458,0,0.00010334328,inner_val
ISIC_8851961,0,0.000100651974,inner_val
ISIC_8854268,0,0.05944133,inner_val
ISIC_8854277,0,0.07331924,inner_val
ISIC_8856029,0,0.011831215,inner_val
ISIC_8858877,0,0.024662446,inner_val
ISIC_8860429,0,0.034644224,inner_val
ISIC_8860929,0,0.008371123,inner_val
ISIC_8861681,0,0.0012758012,inner_val
ISIC_8862967,0,0.016333438,inner_val
ISIC_8863678,0,0.000117880765,inner_val
ISIC_8866651,1,0.07394483,inner_val
ISIC_8867127,0,0.002962557,inner_val
ISIC_8867555,0,0.0018407659,inner_val
ISIC_8868666,0,0.010581256,inner_val
ISIC_8869114,0,0.00023917003,inner_val
ISIC_8873943,0,0.06194634,inner_val
ISIC_8876993,0,0.0006008848,inner_val
ISIC_8882364,0,0.13095771,inner_val
ISIC_8883212,0,0.0008628252,inner_val
ISIC_8887095,0,0.0011785188,inner_val
ISIC_8889425,0,0.0032327457,inner_val
ISIC_8893501,0,0.010037499,inner_val
ISIC_8894948,0,0.0026411668,inner_val
ISIC_8900012,0,0.00076225755,inner_val
ISIC_8905349,0,0.0030352483,inner_val
ISIC_8905841,0,7.8229634e-05,inner_val
ISIC_8906021,0,0.0026405274,inner_val
ISIC_8910102,0,0.0019628708,inner_val
ISIC_8910635,0,0.0002841891,inner_val
ISIC_8911683,0,0.00014102341,inner_val
ISIC_8911740,0,0.0019247205,inner_val
ISIC_8916730,0,0.00013085175,inner_val
ISIC_8917755,0,0.029205473,inner_val
ISIC_8917899,0,0.02828119,inner_val
ISIC_8918770,0,0.00056899793,inner_val
ISIC_8920203,0,0.0062301317,inner_val
ISIC_8923393,0,0.0036179686,inner_val
ISIC_8924426,0,0.037660085,inner_val
ISIC_8924956,0,0.015870724,inner_val
ISIC_8927825,0,0.018649647,inner_val
ISIC_8933226,0,0.0072082076,inner_val
ISIC_8935114,0,0.00017670503,inner_val
ISIC_8938282,0,0.0011891196,inner_val
ISIC_8938615,0,0.00063345255,inner_val
ISIC_8942704,0,0.006482291,inner_val
ISIC_8951449,0,0.00033191434,inner_val
ISIC_8959657,0,0.0009960576,inner_val
ISIC_8960223,0,6.0398655e-05,inner_val
ISIC_8961663,0,0.00639488,inner_val
ISIC_8965220,0,0.008095115,inner_val
ISIC_8966681,0,0.0009186018,inner_val
ISIC_8969349,0,6.7320274e-05,inner_val
ISIC_8970333,0,0.00034894425,inner_val
ISIC_8970431,0,9.560627e-05,inner_val
ISIC_8973461,0,0.007738891,inner_val
ISIC_8974464,0,0.038446445,inner_val
ISIC_8977933,0,0.0077059846,inner_val
ISIC_8979026,0,2.4508347e-05,inner_val
ISIC_8979762,0,0.002034266,inner_val
ISIC_8980734,0,0.00010752085,inner_val
ISIC_8983772,0,0.00059004506,inner_val
ISIC_8986997,0,0.0035787597,inner_val
ISIC_8989672,0,0.0005420829,inner_val
ISIC_8991672,0,0.0014590048,inner_val
ISIC_8992166,0,0.00012891674,inner_val
ISIC_8998190,0,0.0020707017,inner_val
ISIC_8998431,0,0.0071802293,inner_val
ISIC_9000824,1,0.019961098,inner_val
ISIC_9008844,0,0.00023102686,inner_val
ISIC_9009819,0,0.00019380175,inner_val
ISIC_9011134,0,0.00030254677,inner_val
ISIC_9012182,0,0.0025167225,inner_val
ISIC_9012721,0,0.0001265927,inner_val
ISIC_9013045,0,0.0035891882,inner_val
ISIC_9014786,0,0.00056648464,inner_val
ISIC_9016710,0,0.031124327,inner_val
ISIC_9018338,0,0.0015125307,inner_val
ISIC_9023603,0,0.00826987,inner_val
ISIC_9024615,0,0.0006255309,inner_val
ISIC_9025263,0,0.11065632,inner_val
ISIC_9027622,0,0.018960273,inner_val
ISIC_9029941,0,0.008770229,inner_val
ISIC_9035415,0,0.0028149313,inner_val
ISIC_9036464,0,0.008770776,inner_val
ISIC_9039864,0,0.083388746,inner_val
ISIC_9041459,0,0.0027482794,inner_val
ISIC_9041710,0,9.157159e-05,inner_val
ISIC_9042958,0,0.007625683,inner_val
ISIC_9043384,0,0.0013852576,inner_val
ISIC_9043908,0,0.015656902,inner_val
ISIC_9043996,0,0.00013776598,inner_val
ISIC_9045840,0,0.021069037,inner_val
ISIC_9053910,1,0.33880952,inner_val
ISIC_9056577,0,7.863408e-06,inner_val
ISIC_9057326,0,0.02146214,inner_val
ISIC_9059086,0,0.0017441513,inner_val
ISIC_9059632,0,0.0028267293,inner_val
ISIC_9059870,0,6.439466e-05,inner_val
ISIC_9060313,0,0.07589138,inner_val
ISIC_9062853,0,0.00045670496,inner_val
ISIC_9069537,0,4.1143325e-05,inner_val
ISIC_9070851,0,0.0027233504,inner_val
ISIC_9072567,0,0.004387389,inner_val
ISIC_9074406,0,0.01557262,inner_val
ISIC_9077107,0,6.523724e-05,inner_val
ISIC_9079316,0,0.047505595,inner_val
ISIC_9080743,0,0.0017041592,inner_val
ISIC_9082440,0,0.0006046705,inner_val
ISIC_9083617,0,0.0023993033,inner_val
ISIC_9085565,0,0.019923056,inner_val
ISIC_9087655,0,0.0046071117,inner_val
ISIC_9089575,0,0.0007452335,inner_val
ISIC_9089998,0,6.868384e-05,inner_val
ISIC_9097916,0,0.036241934,inner_val
ISIC_9099430,0,0.09918202,inner_val
ISIC_9101441,0,0.04455615,inner_val
ISIC_9103798,0,0.0053785928,inner_val
ISIC_9105176,0,0.02950386,inner_val
ISIC_9105258,0,0.06487264,inner_val
ISIC_9111229,0,0.00026033903,inner_val
ISIC_9111388,0,0.06567492,inner_val
ISIC_9112213,0,3.0797088e-05,inner_val
ISIC_9113087,0,0.001037767,inner_val
ISIC_9114388,0,0.009639783,inner_val
ISIC_9114716,0,0.030019095,inner_val
ISIC_9117456,0,0.014194454,inner_val
ISIC_9126433,0,0.0003709603,inner_val
ISIC_9127934,0,0.0017802404,inner_val
ISIC_9128031,0,0.00011221151,inner_val
ISIC_9132708,0,0.04288844,inner_val
ISIC_9134100,0,0.00012657701,inner_val
ISIC_9135750,0,0.0047158706,inner_val
ISIC_9136827,0,0.0001288366,inner_val
ISIC_9137180,0,0.005123328,inner_val
ISIC_9140779,0,0.0024448587,inner_val
ISIC_9149051,0,0.03802895,inner_val
ISIC_9157597,0,0.00029989384,inner_val
ISIC_9157952,0,0.0028287058,inner_val
ISIC_9160162,0,0.0057846433,inner_val
ISIC_9162798,0,8.884e-05,inner_val
ISIC_9163684,0,0.0001830661,inner_val
ISIC_9167290,0,5.1056806e-05,inner_val
ISIC_9171583,0,0.009383282,inner_val
ISIC_9172357,0,0.004298814,inner_val
ISIC_9172605,0,0.0045338734,inner_val
ISIC_9174412,0,0.0019284474,inner_val
ISIC_9177903,0,0.013899045,inner_val
ISIC_9178347,0,0.00012181142,inner_val
ISIC_9180507,0,0.00023596454,inner_val
ISIC_9182516,0,0.0017861392,inner_val
ISIC_9186287,0,0.11577699,inner_val
ISIC_9189319,0,0.0001438516,inner_val
ISIC_9190018,0,0.0036761975,inner_val
ISIC_9190784,0,0.00056060305,inner_val
ISIC_9191619,0,0.00054242375,inner_val
ISIC_9203914,0,0.0017347817,inner_val
ISIC_9206710,0,0.0010454257,inner_val
ISIC_9207161,0,7.803845e-05,inner_val
ISIC_9208528,0,0.00017411265,inner_val
ISIC_9211620,0,0.0104985135,inner_val
ISIC_9217340,0,0.008280349,inner_val
ISIC_9219421,0,0.0028750806,inner_val
ISIC_9219692,0,4.9877654e-05,inner_val
ISIC_9221190,0,0.00015901588,inner_val
ISIC_9223890,0,8.888034e-05,inner_val
ISIC_9225184,0,0.0010565363,inner_val
ISIC_9227754,0,0.029298449,inner_val
ISIC_9229525,0,0.006956822,inner_val
ISIC_9235862,0,5.2684427e-06,inner_val
ISIC_9235975,0,0.0034415382,inner_val
ISIC_9239271,0,0.035978243,inner_val
ISIC_9239632,0,0.021632835,inner_val
ISIC_9241222,0,0.0017658182,inner_val
ISIC_9241599,0,0.0045741615,inner_val
ISIC_9241722,0,0.0003075759,inner_val
ISIC_9241732,0,0.010038821,inner_val
ISIC_9242141,0,0.0005375325,inner_val
ISIC_9243440,0,0.00019180823,inner_val
ISIC_9244659,0,0.024568755,inner_val
ISIC_9245355,0,3.747249e-05,inner_val
ISIC_9246565,0,0.0052326573,inner_val
ISIC_9246908,0,7.315536e-05,inner_val
ISIC_9247141,0,2.5917654e-05,inner_val
ISIC_9257356,0,2.7899667e-05,inner_val
ISIC_9260395,0,9.669514e-05,inner_val
ISIC_9262606,0,0.0195831,inner_val
ISIC_9266440,0,0.09685849,inner_val
ISIC_9267058,0,0.00019367799,inner_val
ISIC_9267267,0,0.00023561384,inner_val
ISIC_9268141,0,0.0002517579,inner_val
ISIC_9271416,0,0.0005076961,inner_val
ISIC_9272770,0,0.0019893176,inner_val
ISIC_9274041,0,0.00013857098,inner_val
ISIC_9277434,0,0.00019645106,inner_val
ISIC_9277695,0,0.06769382,inner_val
ISIC_9278694,0,0.10798435,inner_val
ISIC_9280171,0,0.00026613587,inner_val
ISIC_9280358,0,0.020403603,inner_val
ISIC_9290537,0,0.0013633071,inner_val
ISIC_9290785,0,5.6939178e-05,inner_val
ISIC_9292220,0,0.0051403013,inner_val
ISIC_9295267,0,0.0015191162,inner_val
ISIC_9299945,0,0.011895591,inner_val
ISIC_9301809,0,0.00023575811,inner_val
ISIC_9303456,0,8.153005e-05,inner_val
ISIC_9305113,0,0.018075999,inner_val
ISIC_9307997,0,0.00012592427,inner_val
ISIC_9309245,0,0.0009604115,inner_val
ISIC_9312099,0,0.0015563315,inner_val
ISIC_9312164,1,0.015420402,inner_val
ISIC_9314358,0,6.277805e-05,inner_val
ISIC_9320789,0,0.004567965,inner_val
ISIC_9327346,0,0.0070724767,inner_val
ISIC_9331782,0,0.009104262,inner_val
ISIC_9331983,0,9.227125e-05,inner_val
ISIC_9333546,0,0.11544897,inner_val
ISIC_9336830,0,0.0029087644,inner_val
ISIC_9338761,0,0.011580621,inner_val
ISIC_9339096,0,0.014067178,inner_val
ISIC_9339525,0,0.0019785508,inner_val
ISIC_9340122,0,0.0051009,inner_val
ISIC_9343601,0,0.007026725,inner_val
ISIC_9344253,0,0.0019260444,inner_val
ISIC_9344352,0,0.09231174,inner_val
ISIC_9347736,0,0.006593125,inner_val
ISIC_9348781,0,0.02675675,inner_val
ISIC_9356120,0,6.5700726e-05,inner_val
ISIC_9358317,0,0.009679687,inner_val
ISIC_9361984,0,0.0065651857,inner_val
ISIC_9363390,0,0.00012858574,inner_val
ISIC_9364690,0,6.038507e-05,inner_val
ISIC_9365486,0,0.0024818152,inner_val
ISIC_9366620,0,0.001794329,inner_val
ISIC_9367522,1,0.2535224,inner_val
ISIC_9368534,0,0.0017182986,inner_val
ISIC_9375930,0,0.00092904054,inner_val
ISIC_9378782,0,0.00019325667,inner_val
ISIC_9379917,0,0.0007850426,inner_val
ISIC_9384781,0,0.00057258806,inner_val
ISIC_9386541,0,0.003570083,inner_val
ISIC_9395519,0,0.00019514127,inner_val
ISIC_9396628,0,0.00017782226,inner_val
ISIC_9399475,0,0.00031887388,inner_val
ISIC_9404190,0,0.001119918,inner_val
ISIC_9407448,0,0.008549127,inner_val
ISIC_9414574,0,0.006381249,inner_val
ISIC_9415085,0,0.0027414672,inner_val
ISIC_9416765,0,0.0010094715,inner_val
ISIC_9418196,0,0.00016142693,inner_val
ISIC_9423176,0,0.023911912,inner_val
ISIC_9425937,0,0.006124029,inner_val
ISIC_9429774,0,4.783294e-05,inner_val
ISIC_9429870,0,0.034936044,inner_val
ISIC_9433232,0,1.0907509e-05,inner_val
ISIC_9438178,0,0.0035832755,inner_val
ISIC_9443041,0,0.00015080794,inner_val
ISIC_9449442,0,0.0085480595,inner_val
ISIC_9458696,0,0.00021589342,inner_val
ISIC_9462955,0,0.00060051604,inner_val
ISIC_9467082,0,0.00069513405,inner_val
ISIC_9472193,0,0.007988226,inner_val
ISIC_9473134,0,4.5784553e-05,inner_val
ISIC_9473491,0,0.055919927,inner_val
ISIC_9473731,0,0.005418135,inner_val
ISIC_9482165,0,0.01285096,inner_val
ISIC_9484538,0,0.0042932723,inner_val
ISIC_9485883,0,0.0038369407,inner_val
ISIC_9488846,0,0.0040030205,inner_val
ISIC_9490024,0,0.005471708,inner_val
ISIC_9491630,0,0.00803071,inner_val
ISIC_9492000,0,0.050269883,inner_val
ISIC_9492873,0,8.0411555e-05,inner_val
ISIC_9492896,0,0.000109771834,inner_val
ISIC_9493506,0,0.16972934,inner_val
ISIC_9496098,0,0.00039144745,inner_val
ISIC_9496738,0,0.028616657,inner_val
ISIC_9498714,0,0.06943608,inner_val
ISIC_9498942,0,0.0033310684,inner_val
ISIC_9499654,0,0.00022997589,inner_val
ISIC_9500007,0,0.0070150536,inner_val
ISIC_9509757,1,0.17058088,inner_val
ISIC_9513932,0,0.00036789034,inner_val
ISIC_9516170,0,0.0008417447,inner_val
ISIC_9525136,0,0.0026071984,inner_val
ISIC_9528709,0,0.094509564,inner_val
ISIC_9531527,0,0.08839459,inner_val
ISIC_9534056,0,0.00010589911,inner_val
ISIC_9535018,0,0.0024528133,inner_val
ISIC_9537698,0,4.8778733e-05,inner_val
ISIC_9541491,0,0.004355156,inner_val
ISIC_9549857,0,0.008453392,inner_val
ISIC_9554769,0,0.011150451,inner_val
ISIC_9556334,1,0.23277816,inner_val
ISIC_9560639,0,0.00041638012,inner_val
ISIC_9560694,0,0.0003671892,inner_val
ISIC_9562106,0,0.0015602035,inner_val
ISIC_9562442,0,0.00089679705,inner_val
ISIC_9564379,0,0.0013714104,inner_val
ISIC_9564525,0,0.00017670673,inner_val
ISIC_9566964,0,3.935662e-05,inner_val
ISIC_9569891,0,0.004678615,inner_val
ISIC_9570855,0,0.00010625576,inner_val
ISIC_9574237,0,0.0078022894,inner_val
ISIC_9577235,0,0.00012956595,inner_val
ISIC_9577302,0,0.00013513211,inner_val
ISIC_9579738,0,0.0017180477,inner_val
ISIC_9580143,0,0.00030026402,inner_val
ISIC_9580344,0,0.000119803575,inner_val
ISIC_9580562,0,0.00029933054,inner_val
ISIC_9582532,0,0.003667174,inner_val
ISIC_9585534,0,0.00032025154,inner_val
ISIC_9588065,0,0.00082906487,inner_val
ISIC_9590141,0,0.21087064,inner_val
ISIC_9590673,0,0.0052989936,inner_val
ISIC_9590900,0,0.011828082,inner_val
ISIC_9590964,0,0.001090418,inner_val
ISIC_9593811,0,0.018055731,inner_val
ISIC_9596059,0,0.0020336409,inner_val
ISIC_9596721,1,0.012656534,inner_val
ISIC_9601132,0,0.00018317121,inner_val
ISIC_9602335,0,0.019587934,inner_val
ISIC_9603237,0,9.289401e-05,inner_val
ISIC_9610311,0,0.015488284,inner_val
ISIC_9617738,0,0.006604688,inner_val
ISIC_9617969,0,6.3720036e-05,inner_val
ISIC_9621327,0,0.0034808018,inner_val
ISIC_9627139,0,0.053904723,inner_val
ISIC_9627932,0,0.000106625426,inner_val
ISIC_9628370,0,0.0024947918,inner_val
ISIC_9631590,0,0.08710467,inner_val
ISIC_9631792,0,0.000102885664,inner_val
ISIC_9632917,0,0.019438999,inner_val
ISIC_9633789,0,0.0018354834,inner_val
ISIC_9634018,0,0.0004138732,inner_val
ISIC_9636293,0,0.08641557,inner_val
ISIC_9636514,0,0.0016595086,inner_val
ISIC_9636849,0,0.002849205,inner_val
ISIC_9637245,0,0.00015803216,inner_val
ISIC_9638088,0,0.025881024,inner_val
ISIC_9639064,0,6.5832304e-05,inner_val
ISIC_9643578,0,0.001989241,inner_val
ISIC_9644397,0,6.372149e-05,inner_val
ISIC_9649587,0,0.007947699,inner_val
ISIC_9650848,0,0.002638726,inner_val
ISIC_9654537,0,7.423747e-05,inner_val
ISIC_9658370,0,0.0003657394,inner_val
ISIC_9660555,0,0.0008130605,inner_val
ISIC_9660874,0,0.000106883585,inner_val
ISIC_9661686,0,0.019053131,inner_val
ISIC_9665206,0,0.0021819605,inner_val
ISIC_9665763,0,0.0027128533,inner_val
ISIC_9666709,0,0.011606904,inner_val
ISIC_9668514,0,0.0004864749,inner_val
ISIC_9669954,0,0.0033098152,inner_val
ISIC_9671900,0,4.9322643e-05,inner_val
ISIC_9672482,0,0.002836929,inner_val
ISIC_9672719,0,0.00017481098,inner_val
ISIC_9677250,0,0.022324858,inner_val
ISIC_9684318,0,0.00046673504,inner_val
ISIC_9685344,0,2.121408e-05,inner_val
ISIC_9685766,0,0.015596821,inner_val
ISIC_9686296,0,0.009250477,inner_val
ISIC_9687776,0,0.020161903,inner_val
ISIC_9690256,0,0.03909972,inner_val
ISIC_9692222,0,0.009607211,inner_val
ISIC_9694867,0,0.00040517966,inner_val
ISIC_9697718,0,0.013700795,inner_val
ISIC_9699238,0,0.001703221,inner_val
ISIC_9699615,0,0.0024138293,inner_val
ISIC_9701171,0,0.001362315,inner_val
ISIC_9701912,0,0.0008052518,inner_val
ISIC_9705832,0,0.00057227735,inner_val
ISIC_9709101,0,0.0010633451,inner_val
ISIC_9709922,0,0.000102923346,inner_val
ISIC_9711881,0,9.8408775e-05,inner_val
ISIC_9712995,0,0.053039968,inner_val
ISIC_9714255,0,0.00055888674,inner_val
ISIC_9716031,0,0.0056369915,inner_val
ISIC_9716059,0,0.025549253,inner_val
ISIC_9716370,0,1.965573e-05,inner_val
ISIC_9718736,0,0.0038078716,inner_val
ISIC_9723532,0,0.00033804856,inner_val
ISIC_9727132,0,0.001960478,inner_val
ISIC_9730889,0,0.009027327,inner_val
ISIC_9731969,0,2.5574707e-05,inner_val
ISIC_9739881,0,0.017403172,inner_val
ISIC_9739954,0,6.9690723e-06,inner_val
ISIC_9740673,0,0.00023238818,inner_val
ISIC_9741917,0,9.024665e-05,inner_val
ISIC_9743548,0,0.0045613223,inner_val
ISIC_9747234,0,0.0001025583,inner_val
ISIC_9749852,0,0.0017401393,inner_val
ISIC_9751601,0,0.00011885936,inner_val
ISIC_9752016,0,0.0021274672,inner_val
ISIC_9766574,0,0.00046997808,inner_val
ISIC_9768834,0,0.0024442226,inner_val
ISIC_9776245,0,0.001579567,inner_val
ISIC_9776533,0,0.001509862,inner_val
ISIC_9778389,0,2.8028207e-05,inner_val
ISIC_9780031,0,0.10541887,inner_val
ISIC_9782457,0,0.004417061,inner_val
ISIC_9785077,1,0.017319359,inner_val
ISIC_9785687,0,0.012161787,inner_val
ISIC_9788174,0,0.03947892,inner_val
ISIC_9791586,0,0.002891259,inner_val
ISIC_9791811,0,0.0113544,inner_val
ISIC_9793067,0,0.0008155618,inner_val
ISIC_9794606,0,0.05729651,inner_val
ISIC_9796680,0,0.00012401977,inner_val
ISIC_9802008,0,0.0106875645,inner_val
ISIC_9803675,0,0.00010083912,inner_val
ISIC_9804479,0,0.00010594516,inner_val
ISIC_9805452,0,9.685534e-05,inner_val
ISIC_9805957,0,0.05310938,inner_val
ISIC_9808736,0,0.00082373805,inner_val
ISIC_9811939,0,5.8049853e-05,inner_val
ISIC_9813591,0,0.0048880815,inner_val
ISIC_9816307,0,0.002019182,inner_val
ISIC_9818733,0,0.0062417174,inner_val
ISIC_9821001,0,0.005203806,inner_val
ISIC_9821756,0,0.00011023337,inner_val
ISIC_9821826,0,0.00840561,inner_val
ISIC_9824211,0,4.4921985e-06,inner_val
ISIC_9824967,0,0.00079562725,inner_val
ISIC_9828853,0,0.010464864,inner_val
ISIC_9829805,0,0.00050573854,inner_val
ISIC_9834664,0,0.0018434788,inner_val
ISIC_9836778,0,9.30765e-05,inner_val
ISIC_9839867,0,0.0062219473,inner_val
ISIC_9842026,0,0.0034984944,inner_val
ISIC_9842660,0,0.00011561444,inner_val
ISIC_9843005,0,3.1260406e-05,inner_val
ISIC_9846081,0,0.0027569837,inner_val
ISIC_9846729,0,0.00017461774,inner_val
ISIC_9851670,0,2.741438e-05,inner_val
ISIC_9852341,0,4.001421e-05,inner_val
ISIC_9853064,0,0.00066663657,inner_val
ISIC_9855343,0,0.02909904,inner_val
ISIC_9855552,0,7.685079e-05,inner_val
ISIC_9857857,0,0.0002879644,inner_val
ISIC_9858883,0,9.8269054e-05,inner_val
ISIC_9859951,0,0.0003206909,inner_val
ISIC_9860895,0,0.002196373,inner_val
ISIC_9863642,1,0.14218687,inner_val
ISIC_9866375,0,0.00025723418,inner_val
ISIC_9866767,0,0.0024943335,inner_val
ISIC_9870313,0,0.037275977,inner_val
ISIC_9870885,1,0.0027813045,inner_val
ISIC_9874512,0,8.0774924e-05,inner_val
ISIC_9877523,0,5.0568564e-05,inner_val
ISIC_9878809,0,0.052711993,inner_val
ISIC_9879041,0,0.00030923772,inner_val
ISIC_9882407,0,0.0027227302,inner_val
ISIC_9885210,0,0.001375177,inner_val
ISIC_9886540,0,0.002124856,inner_val
ISIC_9887282,0,0.00062584097,inner_val
ISIC_9887341,0,0.000129038,inner_val
ISIC_9888203,0,9.317151e-05,inner_val
ISIC_9889373,0,0.0003608168,inner_val
ISIC_9889475,0,0.008604529,inner_val
ISIC_9890873,0,0.010958518,inner_val
ISIC_9891650,0,0.011975325,inner_val
ISIC_9894782,0,1.2180612e-05,inner_val
ISIC_9898107,0,0.00091607316,inner_val
ISIC_9900623,0,0.017073007,inner_val
ISIC_9905269,0,0.0068709585,inner_val
ISIC_9906378,0,0.0001678951,inner_val
ISIC_9907793,0,0.013709006,inner_val
ISIC_9907938,0,3.5351128e-05,inner_val
ISIC_9909173,0,0.012239137,inner_val
ISIC_9910854,0,0.00013568629,inner_val
ISIC_9913091,0,0.0024172522,inner_val
ISIC_9914240,0,6.886091e-05,inner_val
ISIC_9916907,0,0.0053856424,inner_val
ISIC_9917640,0,0.0058752755,inner_val
ISIC_9918333,0,0.0009528111,inner_val
ISIC_9919374,0,6.587903e-05,inner_val
ISIC_9920161,0,0.0018281491,inner_val
ISIC_9921747,0,0.0008982439,inner_val
ISIC_9921831,0,0.000349929,inner_val
ISIC_9924951,0,0.00012015436,inner_val
ISIC_9925849,0,2.40871e-05,inner_val
ISIC_9927102,0,0.009610828,inner_val
ISIC_9933119,0,0.0002645305,inner_val
ISIC_9933790,0,0.004405238,inner_val
ISIC_9934553,0,0.017160947,inner_val
ISIC_9935437,0,0.0076228227,inner_val
ISIC_9946910,0,9.481475e-05,inner_val
ISIC_9955092,0,0.000830015,inner_val
ISIC_9957298,0,0.00019495492,inner_val
ISIC_9959011,0,0.0036986491,inner_val
ISIC_9961652,0,0.00015066305,inner_val
ISIC_9962720,0,0.010039655,inner_val
ISIC_9965843,0,0.0013682565,inner_val
ISIC_9966425,0,0.00038876725,inner_val
ISIC_9966978,0,0.00019560214,inner_val
ISIC_9969907,0,9.1225935e-05,inner_val
ISIC_9970004,0,0.007519732,inner_val
ISIC_9971473,0,0.0018011798,inner_val
ISIC_9972518,0,0.108965375,inner_val
ISIC_9974166,0,0.0045324704,inner_val
ISIC_9979765,0,0.0001562807,inner_val
ISIC_9980854,0,0.0005943287,inner_val
ISIC_9981394,0,0.0019343817,inner_val
ISIC_9981558,0,0.0059116934,inner_val
ISIC_9982953,0,0.015334561,inner_val
ISIC_9985905,0,0.0033966494,inner_val
ISIC_9986333,0,0.00013939741,inner_val
ISIC_9991967,0,0.0042934986,inner_val
ISIC_9998582,0,0.0012327437,inner_val
ISIC_9998937,0,0.0065801363,inner_val
ISIC_9999134,0,0.009864791,inner_val
ISIC_0052212,0,0.0005193841,held_fold
ISIC_0068279,0,0.04573916,held_fold
ISIC_0084086,0,0.0019031008,held_fold
ISIC_0085902,0,0.0006325259,held_fold
ISIC_0086632,0,0.00021139781,held_fold
ISIC_0087297,0,0.0006501225,held_fold
ISIC_0089738,0,0.0030929574,held_fold
ISIC_0091016,0,0.013622732,held_fold
ISIC_0094701,0,0.0002886516,held_fold
ISIC_0109703,0,0.016553853,held_fold
ISIC_0136526,0,0.00488596,held_fold
ISIC_0147642,0,0.0007931383,held_fold
ISIC_0148643,0,0.00086979615,held_fold
ISIC_0149527,0,0.006154395,held_fold
ISIC_0149568,1,1.0658089e-05,held_fold
ISIC_0150975,0,0.0053376933,held_fold
ISIC_0153911,0,0.0001633656,held_fold
ISIC_0154032,0,0.0013682871,held_fold
ISIC_0159060,0,0.15125088,held_fold
ISIC_0161840,0,0.0015881942,held_fold
ISIC_0162708,0,0.0006551563,held_fold
ISIC_0162967,0,0.019314026,held_fold
ISIC_0163639,0,0.0069504012,held_fold
ISIC_0163812,0,0.025547355,held_fold
ISIC_0164145,0,0.01163227,held_fold
ISIC_0164297,0,0.0051579517,held_fold
ISIC_0164329,0,0.019258497,held_fold
ISIC_0164512,0,0.000297297,held_fold
ISIC_0165449,0,0.22489175,held_fold
ISIC_0166988,0,0.0045721517,held_fold
ISIC_0170101,0,0.00604482,held_fold
ISIC_0170583,0,0.0058444696,held_fold
ISIC_0170676,0,0.016568337,held_fold
ISIC_0174405,0,0.11578637,held_fold
ISIC_0176781,0,0.0028462384,held_fold
ISIC_0177304,0,0.002062445,held_fold
ISIC_0179267,0,0.00013080683,held_fold
ISIC_0181017,0,0.017094193,held_fold
ISIC_0183290,0,0.0008125157,held_fold
ISIC_0184482,0,8.099907e-05,held_fold
ISIC_0187498,0,0.0026858666,held_fold
ISIC_0188415,0,0.00013612978,held_fold
ISIC_0190308,0,0.0060069687,held_fold
ISIC_0190870,0,0.0015366678,held_fold
ISIC_0192701,0,9.86845e-05,held_fold
ISIC_0193785,0,0.00016334846,held_fold
ISIC_0193920,0,0.00013849542,held_fold
ISIC_0196945,0,0.00044386304,held_fold
ISIC_0201689,0,0.00018083642,held_fold
ISIC_0204580,0,0.059302438,held_fold
ISIC_0204819,0,0.032945104,held_fold
ISIC_0205127,0,0.003875411,held_fold
ISIC_0206758,0,0.0002037263,held_fold
ISIC_0207341,0,0.00013152776,held_fold
ISIC_0212931,0,0.005537123,held_fold
ISIC_0213271,0,0.027972102,held_fold
ISIC_0214635,0,2.2220866e-05,held_fold
ISIC_0216689,0,0.08782342,held_fold
ISIC_0219948,0,0.0007048139,held_fold
ISIC_0220461,0,0.0017022784,held_fold
ISIC_0221351,0,0.0047258227,held_fold
ISIC_0221590,0,0.026759693,held_fold
ISIC_0224295,0,0.00019492257,held_fold
ISIC_0226137,0,0.004951091,held_fold
ISIC_0228497,0,0.000116624054,held_fold
ISIC_0229265,0,0.002569075,held_fold
ISIC_0229659,0,0.00256422,held_fold
ISIC_0229871,0,0.0030254393,held_fold
ISIC_0231828,0,5.480438e-05,held_fold
ISIC_0232101,1,0.17246126,held_fold
ISIC_0234894,0,0.0011831523,held_fold
ISIC_0236510,0,0.000111900146,held_fold
ISIC_0236778,0,0.121335834,held_fold
ISIC_0237636,0,0.033250097,held_fold
ISIC_0238491,0,0.0014651191,held_fold
ISIC_0238570,0,0.007277042,held_fold
ISIC_0238940,0,0.00063027407,held_fold
ISIC_0239810,0,0.0836334,held_fold
ISIC_0242571,0,0.0069936817,held_fold
ISIC_0242801,0,0.0090667,held_fold
ISIC_0243160,0,0.032386243,held_fold
ISIC_0243235,0,0.016540995,held_fold
ISIC_0243849,0,0.005340304,held_fold
ISIC_0247541,0,5.223364e-05,held_fold
ISIC_0248218,0,0.0002686767,held_fold
ISIC_0249269,0,0.00037156514,held_fold
ISIC_0253871,0,0.00076490367,held_fold
ISIC_0256926,0,0.0037129796,held_fold
ISIC_0268179,0,0.023346486,held_fold
ISIC_0268557,0,0.015105844,held_fold
ISIC_0268701,0,0.00050000264,held_fold
ISIC_0273664,0,0.037306134,held_fold
ISIC_0273685,0,0.32090488,held_fold
ISIC_0274382,1,0.13168707,held_fold
ISIC_0274625,0,0.08213515,held_fold
ISIC_0275409,0,9.443632e-05,held_fold
ISIC_0275828,1,0.022245632,held_fold
ISIC_0277340,0,0.0037357393,held_fold
ISIC_0280943,0,0.005927562,held_fold
ISIC_0281404,0,0.008844119,held_fold
ISIC_0283957,0,0.0037810132,held_fold
ISIC_0287683,0,0.0027027926,held_fold
ISIC_0287804,0,0.00035369073,held_fold
ISIC_0289191,0,0.00024083637,held_fold
ISIC_0293409,0,7.7962424e-05,held_fold
ISIC_0294733,0,0.0011750249,held_fold
ISIC_0295003,0,0.00087026914,held_fold
ISIC_0295178,0,0.003693974,held_fold
ISIC_0295323,0,0.0007036914,held_fold
ISIC_0296580,0,0.00018364444,held_fold
ISIC_0297558,0,1.011856e-05,held_fold
ISIC_0301404,0,0.0003125604,held_fold
ISIC_0301568,0,0.00021091341,held_fold
ISIC_0301931,0,0.007038583,held_fold
ISIC_0307958,0,0.24863362,held_fold
ISIC_0309912,0,0.0028200357,held_fold
ISIC_0310734,0,7.0346316e-05,held_fold
ISIC_0311783,0,0.0030468714,held_fold
ISIC_0313507,0,0.0011804389,held_fold
ISIC_0313924,0,0.00010674893,held_fold
ISIC_0316933,0,1.7647402e-05,held_fold
ISIC_0319491,0,0.0081264805,held_fold
ISIC_0320334,0,6.828455e-05,held_fold
ISIC_0322967,0,0.00038139263,held_fold
ISIC_0323792,0,0.00043149616,held_fold
ISIC_0324380,0,0.004452776,held_fold
ISIC_0327406,1,0.011595503,held_fold
ISIC_0332865,0,0.0012321521,held_fold
ISIC_0333051,0,0.0020146603,held_fold
ISIC_0333736,0,1.1615869e-05,held_fold
ISIC_0337921,0,0.0022853557,held_fold
ISIC_0339773,0,6.35757e-05,held_fold
ISIC_0339930,0,9.528881e-05,held_fold
ISIC_0341663,0,0.0030625535,held_fold
ISIC_0341785,0,0.00086239167,held_fold
ISIC_0342557,0,0.08312423,held_fold
ISIC_0343860,0,0.006284105,held_fold
ISIC_0344658,0,0.0001172259,held_fold
ISIC_0348503,0,0.003572138,held_fold
ISIC_0349996,0,4.4286994e-06,held_fold
ISIC_0351547,0,0.00035115375,held_fold
ISIC_0354123,0,0.00010269001,held_fold
ISIC_0355705,0,0.0072028427,held_fold
ISIC_0357525,0,0.00012722147,held_fold
ISIC_0359698,0,2.4230863e-05,held_fold
ISIC_0361914,0,7.9015954e-05,held_fold
ISIC_0362853,0,0.0098577,held_fold
ISIC_0366021,0,0.00062312814,held_fold
ISIC_0370008,0,0.0012885149,held_fold
ISIC_0371038,0,2.5473546e-05,held_fold
ISIC_0374231,0,0.046212044,held_fold
ISIC_0374954,0,0.0020938653,held_fold
ISIC_0375775,0,0.113796264,held_fold
ISIC_0378714,0,0.00043924103,held_fold
ISIC_0379863,0,0.0016437677,held_fold
ISIC_0379931,0,0.00013376446,held_fold
ISIC_0380622,0,0.0019272501,held_fold
ISIC_0383524,0,0.0009898188,held_fold
ISIC_0384214,0,0.092018075,held_fold
ISIC_0384407,0,2.120421e-05,held_fold
ISIC_0385579,0,0.00026710998,held_fold
ISIC_0386664,0,0.0001518819,held_fold
ISIC_0392942,0,0.0034124483,held_fold
ISIC_0395456,0,0.0059508635,held_fold
ISIC_0396184,0,0.0094822375,held_fold
ISIC_0397464,0,0.00023439089,held_fold
ISIC_0405253,0,4.0982537e-05,held_fold
ISIC_0412939,0,0.0034426667,held_fold
ISIC_0415496,0,0.013781664,held_fold
ISIC_0420174,0,0.0007083906,held_fold
ISIC_0420381,0,0.01649608,held_fold
ISIC_0420624,0,0.0014644928,held_fold
ISIC_0421041,0,0.0038644813,held_fold
ISIC_0422301,0,0.088883564,held_fold
ISIC_0423201,0,0.013162476,held_fold
ISIC_0423483,0,0.0030408853,held_fold
ISIC_0427813,0,0.0013621825,held_fold
ISIC_0435596,0,0.0007280851,held_fold
ISIC_0436161,0,0.003094191,held_fold
ISIC_0438234,0,9.330951e-05,held_fold
ISIC_0439527,0,0.021932628,held_fold
ISIC_0439726,0,0.0007368329,held_fold
ISIC_0440848,0,0.0014270989,held_fold
ISIC_0442425,0,0.008184185,held_fold
ISIC_0450295,0,0.058145773,held_fold
ISIC_0451095,0,9.6510725e-05,held_fold
ISIC_0454594,0,0.0010612519,held_fold
ISIC_0455262,0,0.00010266867,held_fold
ISIC_0455800,0,0.00011873634,held_fold
ISIC_0457030,0,0.051185206,held_fold
ISIC_0457868,0,0.013851274,held_fold
ISIC_0458561,0,0.050263293,held_fold
ISIC_0460240,0,0.000116068666,held_fold
ISIC_0460608,0,9.041082e-05,held_fold
ISIC_0460815,0,0.0008261525,held_fold
ISIC_0463755,0,0.005714132,held_fold
ISIC_0464200,0,0.010158307,held_fold
ISIC_0464315,0,0.31741485,held_fold
ISIC_0465385,0,0.0025203486,held_fold
ISIC_0465938,0,0.006985179,held_fold
ISIC_0467850,0,0.010867556,held_fold
ISIC_0470224,0,0.15891573,held_fold
ISIC_0470629,0,6.66122e-05,held_fold
ISIC_0478536,0,0.00055215176,held_fold
ISIC_0481453,0,3.250173e-05,held_fold
ISIC_0483872,0,0.0001917969,held_fold
ISIC_0485417,0,0.015912797,held_fold
ISIC_0485537,0,0.005465481,held_fold
ISIC_0485753,0,7.4613774e-05,held_fold
ISIC_0485996,0,0.008669282,held_fold
ISIC_0487460,0,0.0019345251,held_fold
ISIC_0494655,0,0.00031164155,held_fold
ISIC_0495405,0,0.0071739126,held_fold
ISIC_0498037,0,0.00025144703,held_fold
ISIC_0498374,0,5.3866035e-05,held_fold
ISIC_0499971,0,0.017162636,held_fold
ISIC_0500312,0,9.3026276e-05,held_fold
ISIC_0506843,0,0.03612616,held_fold
ISIC_0508284,0,7.974613e-05,held_fold
ISIC_0509567,0,0.008752568,held_fold
ISIC_0510145,0,0.004181749,held_fold
ISIC_0513013,0,0.049984373,held_fold
ISIC_0516315,0,0.00014071043,held_fold
ISIC_0518018,0,0.007047059,held_fold
ISIC_0519386,0,0.00617723,held_fold
ISIC_0520584,0,0.0012913911,held_fold
ISIC_0523031,0,0.03025835,held_fold
ISIC_0525687,0,0.0032206422,held_fold
ISIC_0528495,0,0.015881607,held_fold
ISIC_0529262,0,0.0021640996,held_fold
ISIC_0533122,1,0.20785575,held_fold
ISIC_0533349,0,0.00043402042,held_fold
ISIC_0533986,0,0.0030833227,held_fold
ISIC_0535920,0,0.00015857648,held_fold
ISIC_0536104,0,0.00015908807,held_fold
ISIC_0536321,0,9.464493e-05,held_fold
ISIC_0536865,0,0.00021141999,held_fold
ISIC_0537537,0,5.9337588e-05,held_fold
ISIC_0538298,0,0.0015522195,held_fold
ISIC_0539604,0,0.0041201473,held_fold
ISIC_0546675,0,9.09526e-06,held_fold
ISIC_0550736,0,0.003050937,held_fold
ISIC_0552296,0,0.0029014258,held_fold
ISIC_0553164,0,3.614238e-05,held_fold
ISIC_0557377,0,0.000103467515,held_fold
ISIC_0559686,0,0.011578579,held_fold
ISIC_0561944,0,0.0005131111,held_fold
ISIC_0565080,0,0.0047532753,held_fold
ISIC_0565905,0,8.824122e-05,held_fold
ISIC_0566527,0,0.0038094402,held_fold
ISIC_0567128,0,0.0001270692,held_fold
ISIC_0567676,0,0.0051657185,held_fold
ISIC_0571058,0,0.00014597959,held_fold
ISIC_0571637,0,0.00943141,held_fold
ISIC_0573656,0,0.0007990645,held_fold
ISIC_0573666,0,0.00033118544,held_fold
ISIC_0574489,0,7.0646136e-05,held_fold
ISIC_0578806,0,0.0005650766,held_fold
ISIC_0582672,0,0.0001197362,held_fold
ISIC_0583539,0,0.0036933809,held_fold
ISIC_0585396,0,0.0052165934,held_fold
ISIC_0587664,0,0.0076921047,held_fold
ISIC_0588103,0,0.0005112494,held_fold
ISIC_0588827,0,0.0022671516,held_fold
ISIC_0594068,0,0.0032363678,held_fold
ISIC_0594289,0,0.0048023746,held_fold
ISIC_0596089,0,0.0013306786,held_fold
ISIC_0596524,0,0.0027169483,held_fold
ISIC_0596607,0,8.552688e-05,held_fold
ISIC_0597012,0,0.00012331201,held_fold
ISIC_0597158,0,5.006971e-05,held_fold
ISIC_0604752,0,0.0069277976,held_fold
ISIC_0607205,0,0.010821944,held_fold
ISIC_0608613,0,0.018088385,held_fold
ISIC_0609800,0,2.2694849e-05,held_fold
ISIC_0610849,0,0.0019202078,held_fold
ISIC_0613014,0,0.0015717376,held_fold
ISIC_0615053,0,8.501574e-05,held_fold
ISIC_0616348,0,0.00096823554,held_fold
ISIC_0616491,0,3.306932e-05,held_fold
ISIC_0616698,0,0.0044597234,held_fold
ISIC_0620199,0,0.0024789104,held_fold
ISIC_0623642,0,0.034378897,held_fold
ISIC_0624747,0,0.0010546714,held_fold
ISIC_0626653,0,0.035811372,held_fold
ISIC_0627979,0,0.0001873694,held_fold
ISIC_0631669,0,0.0030133817,held_fold
ISIC_0633259,0,8.325807e-05,held_fold
ISIC_0633835,0,0.00010574552,held_fold
ISIC_0634107,0,0.00011860732,held_fold
ISIC_0639414,0,0.0010666761,held_fold
ISIC_0639415,0,0.15145157,held_fold
ISIC_0639769,1,0.11969516,held_fold
ISIC_0639951,0,0.00016932144,held_fold
ISIC_0640806,0,0.0008179114,held_fold
ISIC_0642715,0,0.00043141906,held_fold
ISIC_0644964,0,0.004904244,held_fold
ISIC_0645834,0,0.0029539282,held_fold
ISIC_0651114,0,2.822358e-05,held_fold
ISIC_0651166,0,9.972432e-05,held_fold
ISIC_0651741,0,0.0023938175,held_fold
ISIC_0651760,0,9.9695986e-05,held_fold
ISIC_0654269,0,0.0414611,held_fold
ISIC_0654846,0,0.00023276605,held_fold
ISIC_0655635,0,0.00037805954,held_fold
ISIC_0655722,0,0.052135527,held_fold
ISIC_0662000,1,0.11937835,held_fold
ISIC_0662867,0,0.12145877,held_fold
ISIC_0662911,0,0.029332774,held_fold
ISIC_0663588,0,0.0011726907,held_fold
ISIC_0667108,0,0.005609539,held_fold
ISIC_0668924,0,0.0025883964,held_fold
ISIC_0674472,0,0.0024549004,held_fold
ISIC_0675785,0,0.00067120075,held_fold
ISIC_0676126,0,0.0592128,held_fold
ISIC_0678649,0,0.00024595458,held_fold
ISIC_0679972,0,0.00072017027,held_fold
ISIC_0681666,0,0.00027374306,held_fold
ISIC_0682795,0,0.00022522834,held_fold
ISIC_0685123,0,0.0028683476,held_fold
ISIC_0690264,0,0.014403699,held_fold
ISIC_0691030,0,6.734133e-05,held_fold
ISIC_0691554,0,0.00022920755,held_fold
ISIC_0694037,0,0.03953954,held_fold
ISIC_0694559,0,0.0023550594,held_fold
ISIC_0697951,0,0.0008950905,held_fold
ISIC_0706512,0,0.009218207,held_fold
ISIC_0707619,0,0.028835466,held_fold
ISIC_0707756,0,8.1470214e-05,held_fold
ISIC_0710064,0,0.0007311476,held_fold
ISIC_0710501,0,0.006923147,held_fold
ISIC_0711907,0,0.0012352049,held_fold
ISIC_0712254,0,0.0043544774,held_fold
ISIC_0715702,0,5.9969825e-05,held_fold
ISIC_0720013,0,4.1197974e-05,held_fold
ISIC_0720105,0,0.011454598,held_fold
ISIC_0720915,0,0.0003265634,held_fold
ISIC_0726626,0,0.003606832,held_fold
ISIC_0727425,0,0.008042426,held_fold
ISIC_0728291,0,0.0001286797,held_fold
ISIC_0728350,0,0.0010255954,held_fold
ISIC_0728413,0,0.035326008,held_fold
ISIC_0732102,0,0.0031816878,held_fold
ISIC_0732389,0,0.001949766,held_fold
ISIC_0732636,0,0.0223986,held_fold
ISIC_0737413,0,0.0016249021,held_fold
ISIC_0740118,0,0.0001854431,held_fold
ISIC_0740862,0,0.014953342,held_fold
ISIC_0742879,0,0.11702318,held_fold
ISIC_0747870,0,0.025105003,held_fold
ISIC_0750683,0,0.04407724,held_fold
ISIC_0751211,0,7.802862e-05,held_fold
ISIC_0752831,0,0.00033407056,held_fold
ISIC_0754555,0,0.00016697265,held_fold
ISIC_0755477,0,0.0026748257,held_fold
ISIC_0757147,0,0.0035106158,held_fold
ISIC_0758283,0,4.536671e-05,held_fold
ISIC_0759561,0,0.0013915681,held_fold
ISIC_0760601,0,0.011002519,held_fold
ISIC_0761049,0,0.0008125582,held_fold
ISIC_0761693,0,0.021016926,held_fold
ISIC_0761713,0,0.0014718707,held_fold
ISIC_0762262,0,0.0026307327,held_fold
ISIC_0763117,0,0.00084030017,held_fold
ISIC_0763578,0,0.0010354093,held_fold
ISIC_0765397,0,6.905464e-05,held_fold
ISIC_0766935,0,0.0018323166,held_fold
ISIC_0770328,0,0.0008661481,held_fold
ISIC_0770723,0,0.0009743803,held_fold
ISIC_0770814,0,0.008768232,held_fold
ISIC_0770930,0,0.00018933667,held_fold
ISIC_0771048,0,0.00013705765,held_fold
ISIC_0773096,0,0.0025239752,held_fold
ISIC_0775393,0,0.0006130175,held_fold
ISIC_0781315,0,0.00054497656,held_fold
ISIC_0786366,0,1.1512402e-05,held_fold
ISIC_0786913,0,0.013495107,held_fold
ISIC_0797476,0,0.004822892,held_fold
ISIC_0798355,0,0.004813956,held_fold
ISIC_0801704,0,0.0013687817,held_fold
ISIC_0803154,0,0.007400597,held_fold
ISIC_0803850,0,0.0024203334,held_fold
ISIC_0804511,0,0.0010387334,held_fold
ISIC_0805472,0,0.0015598647,held_fold
ISIC_0805941,0,0.0065945867,held_fold
ISIC_0809112,0,0.0271959,held_fold
ISIC_0809467,0,0.0043851314,held_fold
ISIC_0812223,0,0.04434385,held_fold
ISIC_0813342,0,0.011247562,held_fold
ISIC_0813423,0,0.0025787533,held_fold
ISIC_0813508,0,0.027752502,held_fold
ISIC_0815802,0,8.1999904e-05,held_fold
ISIC_0816628,0,0.0010817033,held_fold
ISIC_0817091,0,0.00068493723,held_fold
ISIC_0817654,0,0.00037938403,held_fold
ISIC_0820029,0,0.0053195395,held_fold
ISIC_0820559,0,0.05632827,held_fold
ISIC_0826710,0,0.07362638,held_fold
ISIC_0828310,0,0.00094684877,held_fold
ISIC_0829995,0,0.10436817,held_fold
ISIC_0831884,0,0.003312147,held_fold
ISIC_0833336,0,0.003325872,held_fold
ISIC_0834335,0,0.00017175174,held_fold
ISIC_0834745,0,3.9147373e-05,held_fold
ISIC_0835067,0,0.0058708433,held_fold
ISIC_0835578,0,0.00017511094,held_fold
ISIC_0835700,0,0.037763547,held_fold
ISIC_0835985,0,0.00024327761,held_fold
ISIC_0836727,0,0.0021497153,held_fold
ISIC_0839323,0,0.029863063,held_fold
ISIC_0847730,0,0.0038023894,held_fold
ISIC_0850065,0,0.00012418213,held_fold
ISIC_0850181,0,0.0001801391,held_fold
ISIC_0850253,0,0.0023158577,held_fold
ISIC_0853325,0,0.06935115,held_fold
ISIC_0854201,0,0.013377672,held_fold
ISIC_0855990,0,0.0015983385,held_fold
ISIC_0857978,0,0.07365084,held_fold
ISIC_0858513,0,0.00026820574,held_fold
ISIC_0860384,0,0.0006352545,held_fold
ISIC_0861066,0,0.1460908,held_fold
ISIC_0861322,0,0.00019037066,held_fold
ISIC_0863691,0,0.0004770085,held_fold
ISIC_0863989,0,0.0040941644,held_fold
ISIC_0865443,0,0.00013953439,held_fold
ISIC_0868636,0,0.0057912394,held_fold
ISIC_0868656,0,0.00013058876,held_fold
ISIC_0870751,0,0.00038664165,held_fold
ISIC_0871853,0,0.00016645665,held_fold
ISIC_0872409,0,0.00020310874,held_fold
ISIC_0874261,0,0.0009900295,held_fold
ISIC_0876733,0,0.008330994,held_fold
ISIC_0880061,0,0.00045898007,held_fold
ISIC_0880208,0,0.0033657902,held_fold
ISIC_0880405,0,0.020148858,held_fold
ISIC_0885166,0,0.00029707432,held_fold
ISIC_0885785,0,0.0012949901,held_fold
ISIC_0886519,0,0.00023149079,held_fold
ISIC_0886805,0,4.090351e-05,held_fold
ISIC_0889483,0,0.039648008,held_fold
ISIC_0889988,0,0.04332987,held_fold
ISIC_0891469,0,0.00060353824,held_fold
ISIC_0893996,0,0.002430107,held_fold
ISIC_0897876,0,0.004807988,held_fold
ISIC_0901864,0,0.00044521716,held_fold
ISIC_0911264,1,0.09594923,held_fold
ISIC_0911989,0,0.00018670812,held_fold
ISIC_0914812,0,0.0047217896,held_fold
ISIC_0915311,0,0.00075078284,held_fold
ISIC_0920064,0,0.0044376166,held_fold
ISIC_0925139,0,0.00028747556,held_fold
ISIC_0928025,0,0.00058554974,held_fold
ISIC_0928633,0,0.00023582242,held_fold
ISIC_0930135,0,0.00020285287,held_fold
ISIC_0930944,0,0.0009814571,held_fold
ISIC_0930980,0,0.0025015634,held_fold
ISIC_0932428,0,0.00012583713,held_fold
ISIC_0937261,0,0.0053331912,held_fold
ISIC_0941527,0,0.0037401807,held_fold
ISIC_0942056,0,0.0012782448,held_fold
ISIC_0943299,0,0.02406252,held_fold
ISIC_0944273,0,0.04839751,held_fold
ISIC_0945844,0,0.00025841704,held_fold
ISIC_0946485,0,0.011659218,held_fold
ISIC_0946977,0,0.00019893657,held_fold
ISIC_0947467,0,0.0002759705,held_fold
ISIC_0955945,0,0.0019247716,held_fold
ISIC_0956348,0,0.026895894,held_fold
ISIC_0956562,0,0.000718448,held_fold
ISIC_0959160,0,0.0064440626,held_fold
ISIC_0964270,0,0.00088378537,held_fold
ISIC_0966527,0,0.0008445522,held_fold
ISIC_0967746,0,0.0023351915,held_fold
ISIC_0969139,0,0.00362983,held_fold
ISIC_0969561,0,3.976277e-05,held_fold
ISIC_0971027,0,0.09253251,held_fold
ISIC_0973856,0,0.009804987,held_fold
ISIC_0974233,0,0.001154175,held_fold
ISIC_0974833,0,0.003050496,held_fold
ISIC_0975117,0,0.0032607322,held_fold
ISIC_0975874,0,0.00071413483,held_fold
ISIC_0978194,0,2.4380044e-05,held_fold
ISIC_0985874,0,8.597192e-06,held_fold
ISIC_0986600,1,0.018941814,held_fold
ISIC_0986702,0,0.029522588,held_fold
ISIC_0988860,0,0.03481699,held_fold
ISIC_0996501,0,0.102500446,held_fold
ISIC_0996566,0,0.040375173,held_fold
ISIC_0999642,0,0.0006551057,held_fold
ISIC_1000360,0,0.0917911,held_fold
ISIC_1000648,0,8.995916e-05,held_fold
ISIC_1001320,0,0.00010692192,held_fold
ISIC_1006874,0,0.00048228053,held_fold
ISIC_1007838,0,0.0044501475,held_fold
ISIC_1013796,0,0.0003329888,held_fold
ISIC_1013841,0,8.68231e-05,held_fold
ISIC_1018048,0,0.034695268,held_fold
ISIC_1018102,0,0.0046748393,held_fold
ISIC_1018265,0,0.0009652679,held_fold
ISIC_1021883,0,0.00029622586,held_fold
ISIC_1023354,0,0.010605221,held_fold
ISIC_1023676,0,0.0011659774,held_fold
ISIC_1026382,0,0.002916608,held_fold
ISIC_1030453,0,0.002948287,held_fold
ISIC_1030777,0,0.00025616758,held_fold
ISIC_1032826,0,0.00017977395,held_fold
ISIC_1033406,0,0.0054465877,held_fold
ISIC_1034397,0,0.010606667,held_fold
ISIC_1034492,0,0.00089539087,held_fold
ISIC_1037860,0,0.0018995191,held_fold
ISIC_1039396,0,9.637902e-05,held_fold
ISIC_1040841,0,7.549539e-05,held_fold
ISIC_1041621,0,0.002154571,held_fold
ISIC_1045084,0,5.074379e-06,held_fold
ISIC_1046678,0,0.09310116,held_fold
ISIC_1050268,0,0.00071239914,held_fold
ISIC_1051595,0,0.00030827458,held_fold
ISIC_1053427,0,0.0032614912,held_fold
ISIC_1056788,0,0.0041790814,held_fold
ISIC_1059147,0,0.011561249,held_fold
ISIC_1060161,0,0.024696007,held_fold
ISIC_1060932,0,0.002391011,held_fold
ISIC_1063407,0,0.06765385,held_fold
ISIC_1064919,0,0.0062362724,held_fold
ISIC_1065110,0,0.04261,held_fold
ISIC_1071355,1,0.038969927,held_fold
ISIC_1071617,0,0.11834901,held_fold
ISIC_1072531,0,0.0073488136,held_fold
ISIC_1075654,0,0.08732625,held_fold
ISIC_1078527,0,0.01984747,held_fold
ISIC_1078707,0,0.0008047102,held_fold
ISIC_1078854,0,0.0001786799,held_fold
ISIC_1079829,0,0.0016679785,held_fold
ISIC_1083466,0,0.0022483412,held_fold
ISIC_1084298,0,0.009251167,held_fold
ISIC_1085358,0,0.00055518746,held_fold
ISIC_1089746,0,6.8107656e-05,held_fold
ISIC_1091253,0,0.0025382517,held_fold
ISIC_1091626,0,0.00084372243,held_fold
ISIC_1093722,0,0.004040796,held_fold
ISIC_1094526,0,0.018417902,held_fold
ISIC_1101755,0,0.0052069714,held_fold
ISIC_1103955,0,0.08201866,held_fold
ISIC_1105263,0,0.0009232065,held_fold
ISIC_1105772,0,0.039656736,held_fold
ISIC_1106080,0,0.012933152,held_fold
ISIC_1107538,0,0.003268036,held_fold
ISIC_1107954,0,0.00089875166,held_fold
ISIC_1113271,0,0.048943847,held_fold
ISIC_1115160,0,0.0016671417,held_fold
ISIC_1117214,0,0.118850514,held_fold
ISIC_1122796,0,0.086656146,held_fold
ISIC_1127639,0,0.0046407687,held_fold
ISIC_1127653,0,0.00042999862,held_fold
ISIC_1128858,0,0.013077423,held_fold
ISIC_1135340,0,0.005525962,held_fold
ISIC_1136902,0,0.0011170061,held_fold
ISIC_1137455,0,0.21277218,held_fold
ISIC_1143268,0,0.00018900044,held_fold
ISIC_1145442,0,0.030006954,held_fold
ISIC_1147965,0,0.0114944,held_fold
ISIC_1148874,0,0.010085444,held_fold
ISIC_1151929,0,0.008438725,held_fold
ISIC_1152648,0,0.00019026434,held_fold
ISIC_1155407,0,0.0033976391,held_fold
ISIC_1155483,0,0.007206447,held_fold
ISIC_1159177,0,0.0015032665,held_fold
ISIC_1161054,0,0.0010848974,held_fold
ISIC_1161936,0,0.00029897518,held_fold
ISIC_1162337,1,0.02678057,held_fold
ISIC_1163139,0,0.0013848619,held_fold
ISIC_1163258,0,9.252348e-06,held_fold
ISIC_1164890,0,0.0001285372,held_fold
ISIC_1168311,0,0.0012604125,held_fold
ISIC_1168355,0,0.00014574704,held_fold
ISIC_1171704,0,0.0069835647,held_fold
ISIC_1173776,0,0.012855921,held_fold
ISIC_1175215,0,0.0002702134,held_fold
ISIC_1176231,0,0.0002466892,held_fold
ISIC_1176575,0,0.0006114734,held_fold
ISIC_1181853,0,0.009192222,held_fold
ISIC_1186077,0,0.00027525052,held_fold
ISIC_1189461,0,0.00026540103,held_fold
ISIC_1192917,0,5.667082e-05,held_fold
ISIC_1192974,0,4.603024e-05,held_fold
ISIC_1193108,0,0.0010795745,held_fold
ISIC_1193513,0,0.003913866,held_fold
ISIC_1195961,0,0.00031165642,held_fold
ISIC_1197080,0,6.912447e-05,held_fold
ISIC_1198422,0,5.9655868e-06,held_fold
ISIC_1200689,0,6.282177e-05,held_fold
ISIC_1200790,0,1.247051e-05,held_fold
ISIC_1200846,0,0.0011015219,held_fold
ISIC_1203983,0,0.00017585553,held_fold
ISIC_1204284,0,0.0022859408,held_fold
ISIC_1206384,0,0.029109564,held_fold
ISIC_1207371,0,0.0009650366,held_fold
ISIC_1209365,0,0.0044424958,held_fold
ISIC_1209726,0,0.00030127628,held_fold
ISIC_1211024,0,0.00923426,held_fold
ISIC_1212555,0,0.00021900877,held_fold
ISIC_1213303,0,0.20931871,held_fold
ISIC_1216139,0,0.003279625,held_fold
ISIC_1219894,0,0.16010214,held_fold
ISIC_1221361,0,0.061157946,held_fold
ISIC_1221691,0,0.00010109137,held_fold
ISIC_1225078,0,0.2556866,held_fold
ISIC_1229366,0,0.0013486159,held_fold
ISIC_1232778,0,0.00022358769,held_fold
ISIC_1233389,0,0.00024292948,held_fold
ISIC_1237232,0,0.009503189,held_fold
ISIC_1237271,0,0.0001453867,held_fold
ISIC_1239088,0,0.0004935281,held_fold
ISIC_1239785,0,3.1360792e-05,held_fold
ISIC_1240189,0,0.058785696,held_fold
ISIC_1240485,0,0.00019756462,held_fold
ISIC_1241817,1,0.07417349,held_fold
ISIC_1245630,0,0.0006306731,held_fold
ISIC_1247037,0,3.213075e-05,held_fold
ISIC_1247254,0,0.0008722873,held_fold
ISIC_1247284,0,0.00024862066,held_fold
ISIC_1248275,0,0.007023575,held_fold
ISIC_1249969,0,0.0074709216,held_fold
ISIC_1255336,1,0.10258666,held_fold
ISIC_1255700,0,0.004343864,held_fold
ISIC_1256143,0,0.007079223,held_fold
ISIC_1259537,0,0.0008010818,held_fold
ISIC_1260515,0,0.012989098,held_fold
ISIC_1263585,0,0.006801528,held_fold
ISIC_1264576,0,5.022316e-06,held_fold
ISIC_1267793,0,0.0027938865,held_fold
ISIC_1268027,0,6.856879e-05,held_fold
ISIC_1271536,0,0.004555502,held_fold
ISIC_1273230,0,0.0023861558,held_fold
ISIC_1274220,0,0.0061980253,held_fold
ISIC_1277620,0,0.00030050174,held_fold
ISIC_1278971,0,0.0010198292,held_fold
ISIC_1279650,0,9.0512964e-05,held_fold
ISIC_1280112,0,4.0149902e-05,held_fold
ISIC_1280780,0,0.005578806,held_fold
ISIC_1281742,0,0.0028646514,held_fold
ISIC_1285870,0,0.0005916579,held_fold
ISIC_1286298,0,0.025063409,held_fold
ISIC_1287495,0,0.00027545737,held_fold
ISIC_1288751,0,0.00052866555,held_fold
ISIC_1288895,0,0.0009508681,held_fold
ISIC_1289608,0,0.0004500098,held_fold
ISIC_1289942,0,0.027099773,held_fold
ISIC_1290920,0,0.004759212,held_fold
ISIC_1293403,0,0.008092972,held_fold
ISIC_1294049,0,0.00047505007,held_fold
ISIC_1296073,0,0.0050366675,held_fold
ISIC_1296817,0,0.0032296726,held_fold
ISIC_1297965,0,0.00060555496,held_fold
ISIC_1300006,0,0.0010069328,held_fold
ISIC_1300891,0,0.03437232,held_fold
ISIC_1305180,0,0.00082186464,held_fold
ISIC_1307957,0,0.008157429,held_fold
ISIC_1308649,0,0.0013017855,held_fold
ISIC_1310639,0,0.0014425389,held_fold
ISIC_1313659,0,0.0016862785,held_fold
ISIC_1318018,0,0.002441147,held_fold
ISIC_1320957,0,0.00050947233,held_fold
ISIC_1323048,0,0.007186674,held_fold
ISIC_1327412,0,0.0003215187,held_fold
ISIC_1328488,0,0.0014847077,held_fold
ISIC_1330763,0,0.09877119,held_fold
ISIC_1331112,0,0.0016602023,held_fold
ISIC_1332766,0,4.458424e-05,held_fold
ISIC_1334038,0,0.0003932482,held_fold
ISIC_1336351,0,0.00029281928,held_fold
ISIC_1338915,0,0.0005181303,held_fold
ISIC_1340435,0,0.0001905508,held_fold
ISIC_1342082,0,0.0043122163,held_fold
ISIC_1342801,0,0.0038976003,held_fold
ISIC_1342851,0,0.017445805,held_fold
ISIC_1344213,0,0.0003423429,held_fold
ISIC_1344585,0,0.098021664,held_fold
ISIC_1349042,0,0.04401825,held_fold
ISIC_1349213,0,0.0049706693,held_fold
ISIC_1349353,0,0.00033607328,held_fold
ISIC_1349725,0,0.005926817,held_fold
ISIC_1353051,0,0.0037234095,held_fold
ISIC_1353094,0,0.00052337296,held_fold
ISIC_1353530,0,0.0024860827,held_fold
ISIC_1355890,0,0.057419553,held_fold
ISIC_1355907,0,0.13649145,held_fold
ISIC_1359156,0,0.00023575449,held_fold
ISIC_1361355,0,0.00017639562,held_fold
ISIC_1363047,0,7.021509e-05,held_fold
ISIC_1366715,0,0.0103545105,held_fold
ISIC_1367080,0,0.021478152,held_fold
ISIC_1372003,0,0.00035704958,held_fold
ISIC_1375476,1,0.001250372,held_fold
ISIC_1376797,0,0.003942958,held_fold
ISIC_1382198,0,1.2421656e-05,held_fold
ISIC_1383822,0,0.00012410305,held_fold
ISIC_1384176,0,0.05764276,held_fold
ISIC_1384932,0,7.801367e-06,held_fold
ISIC_1386612,0,0.009688157,held_fold
ISIC_1389406,0,0.001778064,held_fold
ISIC_1389563,0,0.00011080797,held_fold
ISIC_1390222,0,0.0028183549,held_fold
ISIC_1390987,0,0.0047172164,held_fold
ISIC_1391191,0,0.00025647355,held_fold
ISIC_1392139,0,0.008868181,held_fold
ISIC_1392459,0,0.00036924504,held_fold
ISIC_1392702,0,0.000279441,held_fold
ISIC_1394013,0,0.0007334219,held_fold
ISIC_1394029,0,5.021862e-05,held_fold
ISIC_1395471,0,0.028220478,held_fold
ISIC_1398480,0,0.005137551,held_fold
ISIC_1398625,0,0.0022853764,held_fold
ISIC_1398631,0,0.0003101826,held_fold
ISIC_1398930,0,0.03720948,held_fold
ISIC_1401045,0,0.00065993087,held_fold
ISIC_1402407,0,0.0024499914,held_fold
ISIC_1402840,0,0.0139586115,held_fold
ISIC_1402884,0,0.0026268298,held_fold
ISIC_1407205,0,0.0004673657,held_fold
ISIC_1410408,0,0.0021242767,held_fold
ISIC_1412409,0,0.063342,held_fold
ISIC_1412906,0,0.017573087,held_fold
ISIC_1412976,0,0.089291416,held_fold
ISIC_1414247,0,0.16782981,held_fold
ISIC_1418391,0,0.0017844932,held_fold
ISIC_1419510,0,0.0017495296,held_fold
ISIC_1420555,0,8.934634e-06,held_fold
ISIC_1428473,0,0.079526335,held_fold
ISIC_1429608,0,0.00010646815,held_fold
ISIC_1434362,0,0.00011778615,held_fold
ISIC_1435656,0,0.0016254485,held_fold
ISIC_1435946,0,2.3649443e-05,held_fold
ISIC_1437817,0,0.0042161024,held_fold
ISIC_1438269,0,0.0010485193,held_fold
ISIC_1444214,0,0.0034765666,held_fold
ISIC_1445277,0,0.0002808202,held_fold
ISIC_1445790,0,0.00013557507,held_fold
ISIC_1450003,0,0.013936857,held_fold
ISIC_1451530,0,5.442336e-05,held_fold
ISIC_1453146,0,0.039761093,held_fold
ISIC_1453787,0,7.526363e-05,held_fold
ISIC_1455332,0,0.0015805134,held_fold
ISIC_1456827,0,0.047549784,held_fold
ISIC_1459086,0,0.00012438573,held_fold
ISIC_1462996,0,0.0100612985,held_fold
ISIC_1463850,0,5.326166e-05,held_fold
ISIC_1465841,0,0.0062237135,held_fold
ISIC_1466051,0,0.010275398,held_fold
ISIC_1467083,0,0.006890695,held_fold
ISIC_1467430,0,0.0010452017,held_fold
ISIC_1469380,0,0.000192748,held_fold
ISIC_1469636,0,0.0018482103,held_fold
ISIC_1470250,0,0.0034645393,held_fold
ISIC_1471329,0,0.005085101,held_fold
ISIC_1475463,0,0.012614629,held_fold
ISIC_1476281,0,0.00122313,held_fold
ISIC_1477990,0,0.000115905415,held_fold
ISIC_1480787,0,0.00018990257,held_fold
ISIC_1481965,0,5.927285e-06,held_fold
ISIC_1482167,0,0.015859459,held_fold
ISIC_1487510,0,0.008119772,held_fold
ISIC_1487670,0,0.00033222267,held_fold
ISIC_1488722,0,0.00016131367,held_fold
ISIC_1497121,0,0.23303895,held_fold
ISIC_1497525,0,9.657922e-05,held_fold
ISIC_1501465,0,0.00033029247,held_fold
ISIC_1504363,0,0.0059723505,held_fold
ISIC_1506601,0,0.0024311198,held_fold
ISIC_1509056,0,0.0012542802,held_fold
ISIC_1509635,0,0.0022304952,held_fold
ISIC_1511613,0,0.016360596,held_fold
ISIC_1515363,0,0.0005045112,held_fold
ISIC_1515947,0,0.0033075884,held_fold
ISIC_1519429,0,6.807492e-06,held_fold
ISIC_1520342,0,0.00017547398,held_fold
ISIC_1521135,0,0.20179164,held_fold
ISIC_1526502,0,0.012166084,held_fold
ISIC_1532912,0,0.0027110465,held_fold
ISIC_1533383,0,0.00019176032,held_fold
ISIC_1534609,0,0.024704225,held_fold
ISIC_1535915,0,0.0040591927,held_fold
ISIC_1536126,0,0.04794567,held_fold
ISIC_1538510,0,0.09706235,held_fold
ISIC_1541659,0,0.005784797,held_fold
ISIC_1541716,0,0.001484094,held_fold
ISIC_1543544,0,0.00057537894,held_fold
ISIC_1545213,0,0.01888587,held_fold
ISIC_1545353,0,4.7560847e-05,held_fold
ISIC_1546653,0,0.0005095845,held_fold
ISIC_1550915,0,0.029996332,held_fold
ISIC_1552507,0,0.0051921234,held_fold
ISIC_1558639,0,0.0027382008,held_fold
ISIC_1559267,0,0.00013016208,held_fold
ISIC_1560272,0,0.0014633315,held_fold
ISIC_1560455,0,0.00060900743,held_fold
ISIC_1562512,0,0.11615272,held_fold
ISIC_1567899,0,0.051742073,held_fold
ISIC_1568268,0,0.0013759577,held_fold
ISIC_1574020,0,0.0003113903,held_fold
ISIC_1574374,0,0.0023980162,held_fold
ISIC_1574947,0,0.010221141,held_fold
ISIC_1578998,0,0.0006412458,held_fold
ISIC_1580619,0,0.026560005,held_fold
ISIC_1580767,0,0.047574636,held_fold
ISIC_1581026,0,1.5307234e-05,held_fold
ISIC_1582030,0,0.00253417,held_fold
ISIC_1583715,0,0.000777698,held_fold
ISIC_1585605,0,0.00023390958,held_fold
ISIC_1585919,0,0.43164384,held_fold
ISIC_1588022,0,0.0019604603,held_fold
ISIC_1590814,0,0.00018950609,held_fold
ISIC_1593431,0,0.00023219062,held_fold
ISIC_1595103,0,0.0002620339,held_fold
ISIC_1595760,0,0.025535688,held_fold
ISIC_1596868,0,0.0010006565,held_fold
ISIC_1597566,0,0.026506163,held_fold
ISIC_1598039,0,0.00012313058,held_fold
ISIC_1598478,0,0.0020332644,held_fold
ISIC_1600448,0,0.017146686,held_fold
ISIC_1600554,0,0.00013478492,held_fold
ISIC_1602348,0,0.0014610104,held_fold
ISIC_1603038,0,0.00045197795,held_fold
ISIC_1603834,0,0.020032173,held_fold
ISIC_1604307,0,5.00784e-05,held_fold
ISIC_1604845,0,0.00030473934,held_fold
ISIC_1613328,0,0.00023966904,held_fold
ISIC_1615996,0,0.0010629016,held_fold
ISIC_1617676,0,0.015590298,held_fold
ISIC_1617888,0,0.00026905964,held_fold
ISIC_1619814,0,0.00086341734,held_fold
ISIC_1621479,0,0.00024434275,held_fold
ISIC_1627019,0,0.02823155,held_fold
ISIC_1627111,0,0.001504387,held_fold
ISIC_1631082,0,0.0031260834,held_fold
ISIC_1633816,0,0.027228462,held_fold
ISIC_1636399,0,0.00020399492,held_fold
ISIC_1638625,0,0.00015161104,held_fold
ISIC_1640614,0,5.9863316e-05,held_fold
ISIC_1641226,0,0.00033483005,held_fold
ISIC_1641476,0,1.6487842e-05,held_fold
ISIC_1641823,0,3.913461e-05,held_fold
ISIC_1645738,0,0.00014026675,held_fold
ISIC_1646694,0,9.822671e-05,held_fold
ISIC_1648826,0,0.0005893956,held_fold
ISIC_1649410,0,0.014309113,held_fold
ISIC_1655931,0,0.0030674022,held_fold
ISIC_1657475,0,0.00020785377,held_fold
ISIC_1658065,0,0.06601534,held_fold
ISIC_1659656,0,0.01963771,held_fold
ISIC_1661324,0,0.00010101949,held_fold
ISIC_1662872,0,0.002462063,held_fold
ISIC_1665254,0,0.0001313235,held_fold
ISIC_1666516,0,0.009921213,held_fold
ISIC_1666715,0,0.013192365,held_fold
ISIC_1667953,0,0.0004888372,held_fold
ISIC_1668077,0,0.0030238994,held_fold
ISIC_1668698,0,0.021719027,held_fold
ISIC_1669323,0,0.008487032,held_fold
ISIC_1669486,0,0.00023307651,held_fold
ISIC_1669883,0,0.0055078687,held_fold
ISIC_1670106,0,0.00022342829,held_fold
ISIC_1670165,0,0.05274987,held_fold
ISIC_1672779,0,0.00095413014,held_fold
ISIC_1672821,0,0.007008267,held_fold
ISIC_1674797,0,0.0017293476,held_fold
ISIC_1681964,0,0.00022725649,held_fold
ISIC_1684266,0,0.00013991249,held_fold
ISIC_1684603,0,0.0043568746,held_fold
ISIC_1686556,0,0.0046929433,held_fold
ISIC_1687278,0,0.0005082139,held_fold
ISIC_1687478,0,0.0018596967,held_fold
ISIC_1688150,0,0.008644909,held_fold
ISIC_1688301,0,8.494718e-05,held_fold
ISIC_1693454,0,0.0024285398,held_fold
ISIC_1695158,0,0.0004920137,held_fold
ISIC_1697847,0,0.013092177,held_fold
ISIC_1698228,0,0.002252684,held_fold
ISIC_1698942,1,0.31908682,held_fold
ISIC_1699154,0,0.0033972966,held_fold
ISIC_1699530,0,4.8767477e-05,held_fold
ISIC_1700029,0,0.000124923,held_fold
ISIC_1700928,0,0.010355038,held_fold
ISIC_1703130,0,0.00059409026,held_fold
ISIC_1707420,0,0.0044901064,held_fold
ISIC_1708568,0,0.0012674767,held_fold
ISIC_1708681,0,8.000038e-05,held_fold
ISIC_1709377,0,0.0019386986,held_fold
ISIC_1710970,0,0.00012029032,held_fold
ISIC_1711185,0,0.0001248137,held_fold
ISIC_1713413,0,0.00040561496,held_fold
ISIC_1716299,0,0.003429244,held_fold
ISIC_1719300,0,5.5074095e-05,held_fold
ISIC_1720856,0,0.00014049136,held_fold
ISIC_1724526,0,0.0009111749,held_fold
ISIC_1733995,0,0.11932512,held_fold
ISIC_1740186,0,0.00024790678,held_fold
ISIC_1741487,0,0.009007429,held_fold
ISIC_1743989,0,8.244148e-05,held_fold
ISIC_1746597,0,0.009006297,held_fold
ISIC_1746873,0,0.00011838564,held_fold
ISIC_1747531,0,0.004277855,held_fold
ISIC_1750064,0,2.5947431e-05,held_fold
ISIC_1750235,0,0.03321363,held_fold
ISIC_1752228,0,0.004553111,held_fold
ISIC_1753360,0,0.0026200786,held_fold
ISIC_1754491,0,0.023919506,held_fold
ISIC_1755019,0,0.0051327865,held_fold
ISIC_1756631,0,0.032674972,held_fold
ISIC_1756660,0,0.00042411085,held_fold
ISIC_1759817,0,0.0014132828,held_fold
ISIC_1761878,0,0.0027714174,held_fold
ISIC_1763183,0,0.0008919184,held_fold
ISIC_1763556,0,0.00018629592,held_fold
ISIC_1765453,0,4.1172134e-05,held_fold
ISIC_1766413,0,0.10869935,held_fold
ISIC_1766619,0,0.029819714,held_fold
ISIC_1767633,0,0.0012884965,held_fold
ISIC_1771944,0,0.00034217938,held_fold
ISIC_1772828,0,0.0007886284,held_fold
ISIC_1777292,0,6.5778215e-05,held_fold
ISIC_1784613,0,6.731899e-05,held_fold
ISIC_1785671,0,0.0076514445,held_fold
ISIC_1787444,0,0.011333993,held_fold
ISIC_1789191,0,0.00010873379,held_fold
ISIC_1790549,0,8.4891144e-05,held_fold
ISIC_1792109,0,0.0018002393,held_fold
ISIC_1792867,0,0.0013926658,held_fold
ISIC_1793624,0,0.0027841679,held_fold
ISIC_1793821,0,0.0032591997,held_fold
ISIC_1796387,0,0.025518123,held_fold
ISIC_1797104,0,0.000119338154,held_fold
ISIC_1797927,0,0.0003551341,held_fold
ISIC_1798404,0,0.02513659,held_fold
ISIC_1799525,0,0.00096057437,held_fold
ISIC_1802502,0,0.028601833,held_fold
ISIC_1807379,0,0.0023325034,held_fold
ISIC_1811256,0,0.34365118,held_fold
ISIC_1813445,0,3.2500433e-05,held_fold
ISIC_1815346,0,0.0034932953,held_fold
ISIC_1819071,0,0.00036781497,held_fold
ISIC_1819531,0,0.0006379152,held_fold
ISIC_1819763,0,0.0002135782,held_fold
ISIC_1823006,0,0.013601393,held_fold
ISIC_1825481,0,0.003064298,held_fold
ISIC_1828419,0,0.008721887,held_fold
ISIC_1828549,0,0.0025560495,held_fold
ISIC_1832110,0,0.00013469164,held_fold
ISIC_1833337,0,0.0038741855,held_fold
ISIC_1834652,0,9.316103e-05,held_fold
ISIC_1836914,0,0.002725939,held_fold
ISIC_1836985,0,0.0008916122,held_fold
ISIC_1841164,0,0.0002824027,held_fold
ISIC_1841919,0,0.0005307336,held_fold
ISIC_1842503,0,0.00041986056,held_fold
ISIC_1846179,0,0.0005374559,held_fold
ISIC_1847556,0,0.0029015874,held_fold
ISIC_1850196,0,0.0005788366,held_fold
ISIC_1851112,0,0.00025298313,held_fold
ISIC_1851709,0,0.0002919874,held_fold
ISIC_1851985,0,0.00013795082,held_fold
ISIC_1855725,0,0.00020239732,held_fold
ISIC_1857989,0,0.00019932087,held_fold
ISIC_1858175,0,0.0016547344,held_fold
ISIC_1868315,0,4.0683793e-05,held_fold
ISIC_1875729,0,0.0020531875,held_fold
ISIC_1877535,0,0.022375036,held_fold
ISIC_1878422,0,0.021145998,held_fold
ISIC_1880253,0,0.00015954867,held_fold
ISIC_1884425,0,0.0029894772,held_fold
ISIC_1885136,0,6.0012273e-05,held_fold
ISIC_1885174,0,0.07790989,held_fold
ISIC_1886413,0,0.044480715,held_fold
ISIC_1886480,0,5.9739337e-05,held_fold
ISIC_1887093,0,3.6072208e-05,held_fold
ISIC_1887282,0,0.0131299,held_fold
ISIC_1887647,0,0.0021115819,held_fold
ISIC_1890831,0,0.00015034532,held_fold
ISIC_1891091,0,0.04775759,held_fold
ISIC_1894087,0,0.00029643718,held_fold
ISIC_1894573,0,0.011439344,held_fold
ISIC_1894741,0,0.022909343,held_fold
ISIC_1897507,0,0.18579777,held_fold
ISIC_1899198,0,0.017067999,held_fold
ISIC_1900558,0,6.946518e-05,held_fold
ISIC_1903346,0,0.00069768995,held_fold
ISIC_1903848,0,0.17745562,held_fold
ISIC_1904579,0,0.0012137092,held_fold
ISIC_1905855,0,0.0009766016,held_fold
ISIC_1906729,0,0.004874057,held_fold
ISIC_1911193,0,5.0590366e-05,held_fold
ISIC_1911390,0,0.00020066256,held_fold
ISIC_1912578,0,0.013780536,held_fold
ISIC_1915434,0,0.003878984,held_fold
ISIC_1916757,0,0.007966972,held_fold
ISIC_1918027,0,0.0038539371,held_fold
ISIC_1920523,0,0.0004944781,held_fold
ISIC_1922657,0,3.7609036e-05,held_fold
ISIC_1924365,0,0.0014485312,held_fold
ISIC_1926856,0,0.001341533,held_fold
ISIC_1928712,0,0.017200205,held_fold
ISIC_1932394,0,0.011045184,held_fold
ISIC_1932488,0,0.09192412,held_fold
ISIC_1932586,0,0.0031569402,held_fold
ISIC_1934152,0,0.008156218,held_fold
ISIC_1934283,0,1.7736384e-05,held_fold
ISIC_1935204,0,0.007518255,held_fold
ISIC_1936043,0,0.071726866,held_fold
ISIC_1936684,0,0.035194844,held_fold
ISIC_1938549,0,0.00058480125,held_fold
ISIC_1938692,0,0.014432407,held_fold
ISIC_1941920,0,0.0024808885,held_fold
ISIC_1944326,0,0.0049041416,held_fold
ISIC_1944650,0,0.00027688238,held_fold
ISIC_1944659,0,0.013810696,held_fold
ISIC_1948545,1,0.30557308,held_fold
ISIC_1949047,0,0.0038591286,held_fold
ISIC_1949257,0,2.0041294e-05,held_fold
ISIC_1950282,0,0.00018659208,held_fold
ISIC_1950569,0,0.026996972,held_fold
ISIC_1951999,0,0.0004408518,held_fold
ISIC_1952298,0,0.0013604395,held_fold
ISIC_1954217,0,0.00040338846,held_fold
ISIC_1960360,0,9.031259e-05,held_fold
ISIC_1960393,0,3.3804277e-05,held_fold
ISIC_1960446,0,9.629083e-05,held_fold
ISIC_1960468,0,0.00094457046,held_fold
ISIC_1962061,0,0.0008296667,held_fold
ISIC_1963919,0,0.44627556,held_fold
ISIC_1966014,0,0.0049365233,held_fold
ISIC_1968421,1,0.0043982207,held_fold
ISIC_1968712,0,0.00013132975,held_fold
ISIC_1970738,0,0.018007623,held_fold
ISIC_1971254,0,0.001411139,held_fold
ISIC_1972309,0,0.0064338828,held_fold
ISIC_1973815,0,0.20123519,held_fold
ISIC_1975192,0,0.0023928657,held_fold
ISIC_1978439,0,0.00029174087,held_fold
ISIC_1978947,0,0.0015200322,held_fold
ISIC_1979109,0,0.00078412815,held_fold
ISIC_1979996,0,0.0033151708,held_fold
ISIC_1984442,0,0.076133415,held_fold
ISIC_1985209,0,0.00029588884,held_fold
ISIC_1985436,0,0.007571729,held_fold
ISIC_1988596,0,0.09706214,held_fold
ISIC_1988781,0,0.00032773544,held_fold
ISIC_1990651,0,0.00016544646,held_fold
ISIC_1993374,0,1.23699965e-05,held_fold
ISIC_1993529,0,0.00084316556,held_fold
ISIC_1994515,0,0.008795036,held_fold
ISIC_1994545,0,0.0004074356,held_fold
ISIC_1995402,0,0.077089615,held_fold
ISIC_2000959,0,0.0011857717,held_fold
ISIC_2003200,0,0.00015859825,held_fold
ISIC_2004386,0,0.0011300908,held_fold
ISIC_2006235,0,0.00020329472,held_fold
ISIC_2006424,0,5.39451e-05,held_fold
ISIC_2008230,0,0.008303334,held_fold
ISIC_2009096,0,0.0021116794,held_fold
ISIC_2009728,0,0.000789002,held_fold
ISIC_2010698,0,0.07994825,held_fold
ISIC_2012388,0,0.11503816,held_fold
ISIC_2014917,0,0.0029976545,held_fold
ISIC_2015266,0,0.0005244361,held_fold
ISIC_2015293,0,0.0004093321,held_fold
ISIC_2018116,0,0.014976441,held_fold
ISIC_2020317,0,0.0009016052,held_fold
ISIC_2022525,0,0.00034679356,held_fold
ISIC_2024062,0,0.00087496196,held_fold
ISIC_2027582,1,0.0851759,held_fold
ISIC_2027733,0,6.753542e-05,held_fold
ISIC_2030126,0,0.0075504207,held_fold
ISIC_2030997,0,0.00027527675,held_fold
ISIC_2032658,0,0.06662891,held_fold
ISIC_2033106,0,0.0013462277,held_fold
ISIC_2034313,0,0.0019307396,held_fold
ISIC_2035134,0,0.0029096399,held_fold
ISIC_2039259,0,0.006506612,held_fold
ISIC_2041109,0,0.00247218,held_fold
ISIC_2042797,0,0.00014126567,held_fold
ISIC_2044283,0,0.009855392,held_fold
ISIC_2046891,0,0.08917779,held_fold
ISIC_2047914,0,0.1866427,held_fold
ISIC_2051486,0,0.002446443,held_fold
ISIC_2054066,0,0.009880075,held_fold
ISIC_2054705,0,0.0008582645,held_fold
ISIC_2056468,0,0.0025885245,held_fold
ISIC_2058126,0,0.008476498,held_fold
ISIC_2058911,0,0.00047634082,held_fold
ISIC_2059464,0,0.06646495,held_fold
ISIC_2060202,0,0.013032548,held_fold
ISIC_2067317,0,0.00036400574,held_fold
ISIC_2070085,0,0.0020769758,held_fold
ISIC_2071418,0,0.03289622,held_fold
ISIC_2071966,1,0.09004957,held_fold
ISIC_2072302,0,0.00042489736,held_fold
ISIC_2075546,0,0.0015434296,held_fold
ISIC_2075799,0,0.00070568424,held_fold
ISIC_2077116,1,0.021817563,held_fold
ISIC_2078613,0,7.953228e-05,held_fold
ISIC_2083677,0,0.061456885,held_fold
ISIC_2086580,0,0.0015360139,held_fold
ISIC_2087641,0,0.0006732226,held_fold
ISIC_2092911,0,0.00010218519,held_fold
ISIC_2094064,0,0.005876378,held_fold
ISIC_2095143,0,0.0029089665,held_fold
ISIC_2096695,0,0.0032438708,held_fold
ISIC_2096870,0,0.0041241855,held_fold
ISIC_2097809,0,0.02291353,held_fold
ISIC_2098959,0,0.0033730827,held_fold
ISIC_2099059,0,0.00853663,held_fold
ISIC_2099525,0,0.0057716044,held_fold
ISIC_2100500,0,0.0015816551,held_fold
ISIC_2101389,0,0.0011222118,held_fold
ISIC_2103581,0,0.0034991927,held_fold
ISIC_2104341,0,7.4984535e-05,held_fold
ISIC_2104877,0,0.00013705085,held_fold
ISIC_2106823,0,9.31136e-05,held_fold
ISIC_2109658,0,0.00692721,held_fold
ISIC_2109766,0,0.0078848,held_fold
ISIC_2111605,0,0.00021645032,held_fold
ISIC_2114035,0,0.0002413246,held_fold
ISIC_2114564,0,0.24966511,held_fold
ISIC_2115921,0,0.00020773686,held_fold
ISIC_2115937,0,0.0003325326,held_fold
ISIC_2122918,0,0.0039468897,held_fold
ISIC_2123513,0,0.010864533,held_fold
ISIC_2126575,0,0.000670802,held_fold
ISIC_2126688,0,0.0038622827,held_fold
ISIC_2131962,0,0.0006905016,held_fold
ISIC_2133381,0,0.001234338,held_fold
ISIC_2134175,0,0.0002157103,held_fold
ISIC_2134267,0,0.00013140141,held_fold
ISIC_2134753,0,0.053121213,held_fold
ISIC_2136193,0,5.8553264e-06,held_fold
ISIC_2137735,0,0.10274502,held_fold
ISIC_2138357,0,0.004696593,held_fold
ISIC_2139387,0,0.027757224,held_fold
ISIC_2140099,0,0.04634559,held_fold
ISIC_2141003,0,0.0009041909,held_fold
ISIC_2141786,0,1.7511975e-05,held_fold
ISIC_2142115,0,0.00012592139,held_fold
ISIC_2142673,0,8.9614965e-05,held_fold
ISIC_2143002,0,0.0019842028,held_fold
ISIC_2144220,0,0.00064615405,held_fold
ISIC_2146346,0,0.0012064673,held_fold
ISIC_2147342,0,0.0009246291,held_fold
ISIC_2147395,0,0.00013884979,held_fold
ISIC_2149531,0,4.206109e-05,held_fold
ISIC_2149858,0,0.003354561,held_fold
ISIC_2150221,0,0.13211757,held_fold
ISIC_2151846,0,0.0013128107,held_fold
ISIC_2151856,0,0.0012603386,held_fold
ISIC_2154157,0,0.009906718,held_fold
ISIC_2154237,0,0.023996811,held_fold
ISIC_2154275,0,0.1532899,held_fold
ISIC_2157103,0,0.00032457942,held_fold
ISIC_2157354,0,0.0054343734,held_fold
ISIC_2157630,0,0.000785019,held_fold
ISIC_2158377,0,0.00010644054,held_fold
ISIC_2159982,0,0.0063545834,held_fold
ISIC_2160913,0,0.00011939507,held_fold
ISIC_2161444,0,0.00014958002,held_fold
ISIC_2162120,0,0.0060576485,held_fold
ISIC_2162728,0,0.0015155171,held_fold
ISIC_2163734,0,0.035775214,held_fold
ISIC_2169311,0,0.0020066297,held_fold
ISIC_2170868,0,0.00080219057,held_fold
ISIC_2172329,0,6.1942184e-05,held_fold
ISIC_2173158,0,0.0003359983,held_fold
ISIC_2174927,0,0.00088776427,held_fold
ISIC_2176112,1,0.09215486,held_fold
ISIC_2178583,0,0.0039101946,held_fold
ISIC_2178817,0,0.030230755,held_fold
ISIC_2180599,0,0.011368476,held_fold
ISIC_2183722,0,0.010637857,held_fold
ISIC_2189426,0,5.9781396e-06,held_fold
ISIC_2190821,0,0.0018160413,held_fold
ISIC_2194141,0,0.00036540147,held_fold
ISIC_2195070,0,0.0009870436,held_fold
ISIC_2195125,0,0.14256276,held_fold
ISIC_2196127,0,0.0009017762,held_fold
ISIC_2198030,0,0.0043786014,held_fold
ISIC_2198244,0,0.00012741864,held_fold
ISIC_2198278,0,8.6898806e-05,held_fold
ISIC_2201390,0,3.0702548e-05,held_fold
ISIC_2202665,0,0.12185546,held_fold
ISIC_2203163,0,0.00017121772,held_fold
ISIC_2204121,0,0.011747107,held_fold
ISIC_2204393,0,0.00016972296,held_fold
ISIC_2212697,0,0.0016864198,held_fold
ISIC_2214769,0,0.00021010374,held_fold
ISIC_2215276,0,0.00042813024,held_fold
ISIC_2215371,0,0.000710059,held_fold
ISIC_2216568,0,0.0029033592,held_fold
ISIC_2217230,0,0.00013585926,held_fold
ISIC_2220092,0,0.00022204408,held_fold
ISIC_2221217,1,0.26292703,held_fold
ISIC_2222349,0,0.00024736612,held_fold
ISIC_2223049,0,2.139429e-05,held_fold
ISIC_2225058,0,0.004242558,held_fold
ISIC_2227134,0,0.00067034026,held_fold
ISIC_2229806,0,0.00047689688,held_fold
ISIC_2231078,0,0.002623424,held_fold
ISIC_2231191,0,1.9840934e-05,held_fold
ISIC_2232883,0,0.0032397013,held_fold
ISIC_2234161,0,0.00041450135,held_fold
ISIC_2234794,0,0.17517251,held_fold
ISIC_2238187,0,0.0018316939,held_fold
ISIC_2242628,0,0.04726047,held_fold
ISIC_2243225,0,0.0035645152,held_fold
ISIC_2243372,0,0.00032195792,held_fold
ISIC_2243924,0,0.00017411332,held_fold
ISIC_2244564,0,0.006505798,held_fold
ISIC_2245325,0,0.0013864837,held_fold
ISIC_2245709,0,0.00038258283,held_fold
ISIC_2250133,0,0.00027630644,held_fold
ISIC_2250587,0,0.00032173394,held_fold
ISIC_2250936,0,0.039867274,held_fold
ISIC_2256519,0,0.0087337885,held_fold
ISIC_2262805,0,5.468233e-05,held_fold
ISIC_2263504,0,9.0645284e-05,held_fold
ISIC_2263540,0,3.2757827e-05,held_fold
ISIC_2265409,0,0.16304079,held_fold
ISIC_2265902,0,3.9757764e-05,held_fold
ISIC_2273366,0,0.0006824743,held_fold
ISIC_2274568,0,6.519793e-05,held_fold
ISIC_2279329,0,0.00011229523,held_fold
ISIC_2280429,0,0.00016740433,held_fold
ISIC_2284607,0,0.0052385484,held_fold
ISIC_2287066,0,0.00957615,held_fold
ISIC_2288866,0,0.00010979864,held_fold
ISIC_2289276,0,0.014495615,held_fold
ISIC_2289721,0,0.0034747731,held_fold
ISIC_2291794,0,0.015698278,held_fold
ISIC_2292593,0,0.007473843,held_fold
ISIC_2293230,0,0.00019621968,held_fold
ISIC_2293977,0,0.00024072391,held_fold
ISIC_2296431,0,0.00028834792,held_fold
ISIC_2298440,0,0.005983228,held_fold
ISIC_2300635,0,0.008089569,held_fold
ISIC_2302257,0,0.00093292707,held_fold
ISIC_2302713,0,0.00029232554,held_fold
ISIC_2304753,0,0.0012332505,held_fold
ISIC_2305651,0,0.00044449305,held_fold
ISIC_2307135,0,0.032514542,held_fold
ISIC_2307760,0,2.4259583e-05,held_fold
ISIC_2309744,1,0.075073294,held_fold
ISIC_2310870,0,0.0002810838,held_fold
ISIC_2311125,0,0.0010446332,held_fold
ISIC_2315118,0,0.0044480776,held_fold
ISIC_2322347,0,0.00026027998,held_fold
ISIC_2326940,0,1.3693078e-05,held_fold
ISIC_2328690,0,0.0034967258,held_fold
ISIC_2333883,0,1.37996285e-05,held_fold
ISIC_2334293,0,0.0007852319,held_fold
ISIC_2337907,1,0.16058186,held_fold
ISIC_2338485,0,0.00028168093,held_fold
ISIC_2340635,0,9.448153e-05,held_fold
ISIC_2341875,1,0.10854959,held_fold
ISIC_2342989,0,5.9455517e-05,held_fold
ISIC_2351018,0,0.0036545487,held_fold
ISIC_2351242,0,0.0001524812,held_fold
ISIC_2354682,0,0.00079006096,held_fold
ISIC_2357533,0,0.16676351,held_fold
ISIC_2365225,0,0.0005180099,held_fold
ISIC_2365917,0,0.027922483,held_fold
ISIC_2369620,0,0.0023774249,held_fold
ISIC_2370136,0,0.0035866923,held_fold
ISIC_2374434,0,0.00021831489,held_fold
ISIC_2375394,0,0.0012611318,held_fold
ISIC_2375586,0,8.634669e-05,held_fold
ISIC_2377039,0,0.0011362421,held_fold
ISIC_2378211,0,0.011949309,held_fold
ISIC_2379024,0,0.00027788678,held_fold
ISIC_2384774,0,0.011039748,held_fold
ISIC_2389688,0,0.0003314413,held_fold
ISIC_2390695,0,0.001775084,held_fold
ISIC_2391053,0,6.592038e-05,held_fold
ISIC_2391627,0,0.00011719259,held_fold
ISIC_2393984,0,0.0009772531,held_fold
ISIC_2399613,0,0.00018414592,held_fold
ISIC_2399943,0,0.010406836,held_fold
ISIC_2400548,0,0.007418437,held_fold
ISIC_2400766,0,0.0018000202,held_fold
ISIC_2401189,0,0.0067822793,held_fold
ISIC_2403471,0,0.0014831051,held_fold
ISIC_2404691,0,3.3515127e-05,held_fold
ISIC_2407121,0,0.0014691693,held_fold
ISIC_2411050,0,0.0024160992,held_fold
ISIC_2412113,1,0.046361815,held_fold
ISIC_2412805,0,0.00022504332,held_fold
ISIC_2414250,0,2.8395063e-05,held_fold
ISIC_2417958,0,0.17006378,held_fold
ISIC_2419448,0,0.00024529133,held_fold
ISIC_2420067,0,0.0029031357,held_fold
ISIC_2421486,0,0.00068101235,held_fold
ISIC_2423677,0,0.21311879,held_fold
ISIC_2423735,0,0.0016168662,held_fold
ISIC_2426893,0,0.008338771,held_fold
ISIC_2428478,0,0.15492272,held_fold
ISIC_2430937,0,0.0006090608,held_fold
ISIC_2431696,0,0.00057377055,held_fold
ISIC_2432466,0,0.0014201372,held_fold
ISIC_2432948,0,0.0007497347,held_fold
ISIC_2434965,0,0.00011993983,held_fold
ISIC_2435789,0,0.0014380587,held_fold
ISIC_2438305,0,0.03247238,held_fold
ISIC_2438935,0,0.00010602218,held_fold
ISIC_2442872,0,0.008273373,held_fold
ISIC_2443396,0,0.00073906494,held_fold
ISIC_2448750,0,0.00026181413,held_fold
ISIC_2450785,0,0.0008151897,held_fold
ISIC_2450957,0,0.00022087597,held_fold
ISIC_2451070,0,0.00021086475,held_fold
ISIC_2454898,0,8.5839165e-05,held_fold
ISIC_2455081,0,0.00013834494,held_fold
ISIC_2457024,0,0.0012169234,held_fold
ISIC_2460354,0,0.00019575626,held_fold
ISIC_2461164,0,0.014630415,held_fold
ISIC_2461360,0,0.002528042,held_fold
ISIC_2461602,0,0.0010539212,held_fold
ISIC_2465244,0,0.00036186387,held_fold
ISIC_2472177,0,0.0051360647,held_fold
ISIC_2474275,0,0.099697545,held_fold
ISIC_2474406,0,0.06881081,held_fold
ISIC_2476624,0,0.0021551903,held_fold
ISIC_2478860,0,0.0001236497,held_fold
ISIC_2479512,0,0.00011309906,held_fold
ISIC_2479876,0,0.019689934,held_fold
ISIC_2480178,0,4.4854787e-05,held_fold
ISIC_2482061,0,0.00435967,held_fold
ISIC_2486088,0,0.00023011057,held_fold
ISIC_2486891,0,0.13891824,held_fold
ISIC_2487678,0,0.0012893497,held_fold
ISIC_2487716,0,0.0027438942,held_fold
ISIC_2489834,0,5.4538912e-05,held_fold
ISIC_2495644,0,0.0002595816,held_fold
ISIC_2496831,0,8.512623e-05,held_fold
ISIC_2497814,0,0.00032979285,held_fold
ISIC_2498076,0,0.018279187,held_fold
ISIC_2499417,0,0.0012156692,held_fold
ISIC_2507340,0,0.0001929054,held_fold
ISIC_2507701,0,0.00016724193,held_fold
ISIC_2507845,0,0.008909468,held_fold
ISIC_2509329,0,0.003038563,held_fold
ISIC_2509796,0,0.00020633216,held_fold
ISIC_2510414,0,0.0011162157,held_fold
ISIC_2511771,0,0.041706294,held_fold
ISIC_2511975,0,0.0055486276,held_fold
ISIC_2512817,0,0.014435412,held_fold
ISIC_2517038,0,0.030430645,held_fold
ISIC_2521424,0,0.00015622885,held_fold
ISIC_2522677,0,0.0005534949,held_fold
ISIC_2523676,0,0.0008067502,held_fold
ISIC_2524113,0,0.000107909116,held_fold
ISIC_2536779,0,0.0001293509,held_fold
ISIC_2539017,0,0.032929532,held_fold
ISIC_2542073,0,0.000119540426,held_fold
ISIC_2544309,0,0.0015705028,held_fold
ISIC_2546644,0,0.00013484378,held_fold
ISIC_2549727,0,0.0011068333,held_fold
ISIC_2553070,0,0.009537883,held_fold
ISIC_2556851,0,0.00046631458,held_fold
ISIC_2560301,0,0.004818431,held_fold
ISIC_2563374,0,0.0042387643,held_fold
ISIC_2565154,0,0.00014652878,held_fold
ISIC_2567786,0,0.00077505043,held_fold
ISIC_2570104,0,0.0012206086,held_fold
ISIC_2570413,0,0.0008668466,held_fold
ISIC_2577003,0,0.00079666235,held_fold
ISIC_2577881,0,0.00038034387,held_fold
ISIC_2578478,0,0.08880396,held_fold
ISIC_2578651,0,4.7620683e-06,held_fold
ISIC_2580891,0,0.0009883789,held_fold
ISIC_2581536,0,0.00041411747,held_fold
ISIC_2586937,0,0.000286324,held_fold
ISIC_2586968,0,7.485622e-05,held_fold
ISIC_2588167,0,0.0033071234,held_fold
ISIC_2588529,0,0.0005049211,held_fold
ISIC_2589000,0,0.0064796107,held_fold
ISIC_2592034,0,0.00039271044,held_fold
ISIC_2596262,0,0.007926654,held_fold
ISIC_2596814,0,0.00077669515,held_fold
ISIC_2598044,0,0.00019573387,held_fold
ISIC_2599661,0,9.1810114e-05,held_fold
ISIC_2601166,0,7.772503e-05,held_fold
ISIC_2605178,0,0.01972487,held_fold
ISIC_2610429,0,0.00089570356,held_fold
ISIC_2616987,0,0.00013636933,held_fold
ISIC_2618859,0,0.001784078,held_fold
ISIC_2619533,0,0.0032667506,held_fold
ISIC_2621205,0,0.014633021,held_fold
ISIC_2622189,0,1.5836416e-05,held_fold
ISIC_2623016,0,0.004777491,held_fold
ISIC_2624451,0,0.0033869043,held_fold
ISIC_2624460,0,0.00021609855,held_fold
ISIC_2629618,0,0.032459058,held_fold
ISIC_2629965,0,0.019188832,held_fold
ISIC_2631302,0,0.0003798641,held_fold
ISIC_2631643,0,0.01833204,held_fold
ISIC_2631789,0,0.0003976873,held_fold
ISIC_2633073,0,0.00033571784,held_fold
ISIC_2636561,0,0.00012993539,held_fold
ISIC_2643646,0,0.00061446405,held_fold
ISIC_2644457,0,0.0016149238,held_fold
ISIC_2645333,0,0.008498905,held_fold
ISIC_2645655,0,6.6418994e-05,held_fold
ISIC_2646761,0,0.006340901,held_fold
ISIC_2647269,0,0.00038807205,held_fold
ISIC_2647657,0,0.0013625848,held_fold
ISIC_2648261,0,0.0002438833,held_fold
ISIC_2650571,0,0.046695933,held_fold
ISIC_2651065,0,0.00063217245,held_fold
ISIC_2654197,0,0.0025730296,held_fold
ISIC_2657913,0,0.00025118678,held_fold
ISIC_2659654,0,0.00025629118,held_fold
ISIC_2665498,0,0.0027626518,held_fold
ISIC_2668481,1,0.25681737,held_fold
ISIC_2669526,0,0.02162993,held_fold
ISIC_2674517,0,0.0044252235,held_fold
ISIC_2679975,0,0.005159371,held_fold
ISIC_2681055,0,0.0024696272,held_fold
ISIC_2681497,0,0.004559324,held_fold
ISIC_2685592,0,0.00012807106,held_fold
ISIC_2685628,0,0.00091764086,held_fold
ISIC_2685681,0,0.0074564186,held_fold
ISIC_2691209,0,0.00013025022,held_fold
ISIC_2694059,0,0.0012239086,held_fold
ISIC_2694383,0,0.0045933137,held_fold
ISIC_2698234,0,0.111008905,held_fold
ISIC_2700802,0,5.114569e-05,held_fold
ISIC_2706378,0,0.00012402829,held_fold
ISIC_2714496,0,5.8041783e-06,held_fold
ISIC_2716425,0,0.008628158,held_fold
ISIC_2720790,0,7.357344e-05,held_fold
ISIC_2720851,0,0.0017322304,held_fold
ISIC_2721934,0,0.0023489748,held_fold
ISIC_2723407,0,0.0038447296,held_fold
ISIC_2726186,0,0.0008802782,held_fold
ISIC_2726570,0,1.1104514e-05,held_fold
ISIC_2730243,0,0.0010023931,held_fold
ISIC_2730501,0,3.4750676e-05,held_fold
ISIC_2730629,0,0.0015282496,held_fold
ISIC_2732429,0,0.018597366,held_fold
ISIC_2733013,0,0.0005080204,held_fold
ISIC_2733056,0,9.3534545e-05,held_fold
ISIC_2733902,0,0.0019891113,held_fold
ISIC_2735273,0,0.00090508035,held_fold
ISIC_2736880,0,1.6018748e-05,held_fold
ISIC_2738992,0,0.022606906,held_fold
ISIC_2741857,0,0.046411224,held_fold
ISIC_2741998,0,0.00014234414,held_fold
ISIC_2746051,0,0.0017193656,held_fold
ISIC_2754949,0,0.00277746,held_fold
ISIC_2755667,0,0.0064558024,held_fold
ISIC_2760037,0,6.249933e-05,held_fold
ISIC_2761622,0,0.12965122,held_fold
ISIC_2762964,0,0.0014419168,held_fold
ISIC_2771657,0,0.006329153,held_fold
ISIC_2772616,0,3.1495365e-05,held_fold
ISIC_2776098,0,0.00039894163,held_fold
ISIC_2776702,0,0.040121887,held_fold
ISIC_2777123,0,0.015242607,held_fold
ISIC_2778027,0,0.0003668561,held_fold
ISIC_2779521,0,0.00035770255,held_fold
ISIC_2782066,0,0.00014577595,held_fold
ISIC_2782870,0,9.126264e-05,held_fold
ISIC_2783331,0,0.00032741445,held_fold
ISIC_2784686,0,7.4628566e-05,held_fold
ISIC_2786082,0,0.05077165,held_fold
ISIC_2786383,0,0.006808869,held_fold
ISIC_2787702,1,0.14368764,held_fold
ISIC_2788847,0,0.0004476279,held_fold
ISIC_2788933,0,0.000106227606,held_fold
ISIC_2790365,0,0.007861053,held_fold
ISIC_2791755,0,0.0002973917,held_fold
ISIC_2792248,0,4.7759648e-05,held_fold
ISIC_2792606,0,0.12643461,held_fold
ISIC_2793085,0,0.19891593,held_fold
ISIC_2794624,0,0.11774614,held_fold
ISIC_2795036,0,8.059257e-05,held_fold
ISIC_2797576,0,8.462555e-05,held_fold
ISIC_2799787,0,0.0010026332,held_fold
ISIC_2800015,0,0.007532002,held_fold
ISIC_2801042,0,0.0063479715,held_fold
ISIC_2808424,0,0.0020479944,held_fold
ISIC_2809880,0,0.0019573588,held_fold
ISIC_2812230,0,6.620134e-06,held_fold
ISIC_2814715,0,2.2437513e-05,held_fold
ISIC_2817878,0,9.0493624e-05,held_fold
ISIC_2818042,0,0.004984644,held_fold
ISIC_2818953,0,0.00013109954,held_fold
ISIC_2819798,0,0.0011793993,held_fold
ISIC_2820278,0,0.00020867029,held_fold
ISIC_2821812,0,0.0041545033,held_fold
ISIC_2822718,1,0.13332996,held_fold
ISIC_2824478,0,0.0005540586,held_fold
ISIC_2826618,0,3.419334e-05,held_fold
ISIC_2827155,0,0.0008435111,held_fold
ISIC_2828977,0,0.0061492487,held_fold
ISIC_2829414,0,0.00019748324,held_fold
ISIC_2830650,0,0.005110676,held_fold
ISIC_2838426,0,0.008157618,held_fold
ISIC_2841132,0,0.005174413,held_fold
ISIC_2843245,0,0.024714695,held_fold
ISIC_2844539,1,0.12289834,held_fold
ISIC_2845856,0,0.00011494454,held_fold
ISIC_2846217,0,0.012052626,held_fold
ISIC_2846402,0,0.029249122,held_fold
ISIC_2847555,0,7.3617244e-05,held_fold
ISIC_2848606,0,0.1347276,held_fold
ISIC_2851852,0,0.0014458176,held_fold
ISIC_2852805,0,0.00078645727,held_fold
ISIC_2854220,0,0.0014465557,held_fold
ISIC_2854416,0,0.03010209,held_fold
ISIC_2855626,0,0.037637815,held_fold
ISIC_2856521,0,0.08089662,held_fold
ISIC_2860548,0,0.0003970526,held_fold
ISIC_2861793,0,3.3673066e-05,held_fold
ISIC_2863172,0,0.059950948,held_fold
ISIC_2863623,0,0.0014969984,held_fold
ISIC_2863809,0,0.021864612,held_fold
ISIC_2864383,0,0.004552082,held_fold
ISIC_2871456,0,0.00023111368,held_fold
ISIC_2873294,0,0.0050002034,held_fold
ISIC_2875807,0,0.00011671772,held_fold
ISIC_2876073,0,0.00038120776,held_fold
ISIC_2876105,0,0.0033986142,held_fold
ISIC_2876963,0,0.0016895569,held_fold
ISIC_2877029,0,0.0018017774,held_fold
ISIC_2878344,0,0.00016403335,held_fold
ISIC_2887355,0,0.00042217207,held_fold
ISIC_2888272,0,0.00012180746,held_fold
ISIC_2889562,0,0.037331454,held_fold
ISIC_2892069,0,0.00040485398,held_fold
ISIC_2893823,0,3.84399e-05,held_fold
ISIC_2894809,0,0.016568111,held_fold
ISIC_2895308,0,0.094517685,held_fold
ISIC_2900069,0,0.00018176716,held_fold
ISIC_2901605,0,4.093629e-05,held_fold
ISIC_2902129,0,0.007922752,held_fold
ISIC_2902328,0,4.34909e-05,held_fold
ISIC_2903423,0,0.0049035274,held_fold
ISIC_2907527,0,0.00017939963,held_fold
ISIC_2909968,0,0.0009377716,held_fold
ISIC_2910834,0,0.0060998253,held_fold
ISIC_2914160,0,3.3733108e-05,held_fold
ISIC_2915747,0,0.00015976942,held_fold
ISIC_2916510,0,0.00010220976,held_fold
ISIC_2919624,0,0.0004096315,held_fold
ISIC_2923483,0,0.0004494664,held_fold
ISIC_2923525,0,0.00043390336,held_fold
ISIC_2924066,0,0.009948219,held_fold
ISIC_2924486,0,0.014053397,held_fold
ISIC_2925481,0,0.015358165,held_fold
ISIC_2927109,0,0.0025400682,held_fold
ISIC_2927891,0,0.0006304784,held_fold
ISIC_2929184,0,0.000101704,held_fold
ISIC_2929993,0,0.0009507427,held_fold
ISIC_2931458,0,0.016221398,held_fold
ISIC_2938260,0,0.005227986,held_fold
ISIC_2940763,0,0.20381975,held_fold
ISIC_2940803,0,0.0025820031,held_fold
ISIC_2941103,0,0.09159447,held_fold
ISIC_2941288,0,0.00010555048,held_fold
ISIC_2942220,0,0.00034713311,held_fold
ISIC_2943327,0,8.996276e-05,held_fold
ISIC_2944480,0,0.0010713867,held_fold
ISIC_2944844,0,0.0007770365,held_fold
ISIC_2945324,0,0.0003947739,held_fold
ISIC_2945640,0,0.0035094917,held_fold
ISIC_2946626,0,0.00013988314,held_fold
ISIC_2951492,0,0.10199508,held_fold
ISIC_2951662,0,0.011407632,held_fold
ISIC_2953179,0,0.0043004435,held_fold
ISIC_2954564,0,0.0020195732,held_fold
ISIC_2963464,0,0.0033890132,held_fold
ISIC_2966047,0,0.00020625976,held_fold
ISIC_2968668,0,0.00092440494,held_fold
ISIC_2969101,0,0.00018954692,held_fold
ISIC_2969968,0,0.0067347176,held_fold
ISIC_2971969,0,0.0020629968,held_fold
ISIC_2974155,0,0.005292008,held_fold
ISIC_2981912,0,0.028381139,held_fold
ISIC_2986565,0,0.00030416524,held_fold
ISIC_2988437,0,0.0029439754,held_fold
ISIC_2988460,0,0.0004947532,held_fold
ISIC_2996791,0,0.00024825352,held_fold
ISIC_3001462,0,0.0065769884,held_fold
ISIC_3002956,1,0.10130315,held_fold
ISIC_3003397,0,0.010691735,held_fold
ISIC_3003779,0,0.007634309,held_fold
ISIC_3005651,0,0.08459289,held_fold
ISIC_3008539,0,0.0004183125,held_fold
ISIC_3008916,0,0.0013460546,held_fold
ISIC_3009892,0,0.00013760057,held_fold
ISIC_3010072,0,0.00054924487,held_fold
ISIC_3010577,0,0.00013510119,held_fold
ISIC_3011638,0,0.013985499,held_fold
ISIC_3012305,0,0.0034246056,held_fold
ISIC_3013468,0,0.0018160744,held_fold
ISIC_3015774,0,0.007059646,held_fold
ISIC_3016219,0,0.00033646857,held_fold
ISIC_3018184,0,1.3479168e-05,held_fold
ISIC_3018475,0,0.011474312,held_fold
ISIC_3018550,0,0.0032463353,held_fold
ISIC_3020913,0,5.777956e-05,held_fold
ISIC_3023048,0,0.00015903346,held_fold
ISIC_3023452,0,0.00010499635,held_fold
ISIC_3026023,0,0.029261986,held_fold
ISIC_3026660,0,0.00053021003,held_fold
ISIC_3026934,0,0.00016919394,held_fold
ISIC_3029087,0,0.0042008194,held_fold
ISIC_3029937,0,0.00015551662,held_fold
ISIC_3033290,0,0.00013995306,held_fold
ISIC_3034292,0,0.0248481,held_fold
ISIC_3034390,0,0.04597023,held_fold
ISIC_3034987,0,0.08027854,held_fold
ISIC_3035461,0,0.07643722,held_fold
ISIC_3038869,0,0.0030398648,held_fold
ISIC_3039519,0,0.0010170804,held_fold
ISIC_3039880,0,0.0006871743,held_fold
ISIC_3043219,0,0.026780464,held_fold
ISIC_3043346,0,2.8888839e-05,held_fold
ISIC_3043475,0,0.0001275514,held_fold
ISIC_3049028,0,0.00063625403,held_fold
ISIC_3057335,0,0.15694664,held_fold
ISIC_3059967,0,0.0010454984,held_fold
ISIC_3069307,0,0.016871681,held_fold
ISIC_3069594,0,0.00019385906,held_fold
ISIC_3072311,0,0.0002610106,held_fold
ISIC_3072844,0,1.967137e-05,held_fold
ISIC_3073001,0,0.012509652,held_fold
ISIC_3079355,0,0.000121853234,held_fold
ISIC_3081858,0,0.0066466294,held_fold
ISIC_3082027,0,0.00013395285,held_fold
ISIC_3082172,0,0.0030433843,held_fold
ISIC_3084312,1,0.014122799,held_fold
ISIC_3085118,0,0.03346929,held_fold
ISIC_3086476,0,0.0038592054,held_fold
ISIC_3087371,0,0.0057939366,held_fold
ISIC_3087433,0,0.00022587352,held_fold
ISIC_3088019,0,0.00076166436,held_fold
ISIC_3089119,0,0.0016946401,held_fold
ISIC_3091549,0,0.008737525,held_fold
ISIC_3091757,0,0.0003207374,held_fold
ISIC_3093620,0,6.5026434e-05,held_fold
ISIC_3095085,0,0.0003208279,held_fold
ISIC_3095600,0,0.07219506,held_fold
ISIC_3097253,0,0.0021062735,held_fold
ISIC_3098750,0,0.0021142834,held_fold
ISIC_3103417,0,0.00013190355,held_fold
ISIC_3103863,0,0.0001149097,held_fold
ISIC_3105136,0,0.043160677,held_fold
ISIC_3106058,0,0.0017419378,held_fold
ISIC_3107526,0,0.00083242124,held_fold
ISIC_3108765,0,0.12128772,held_fold
ISIC_3111042,0,0.013092497,held_fold
ISIC_3111591,0,0.010233594,held_fold
ISIC_3111680,0,0.0044692433,held_fold
ISIC_3111722,0,0.00019982741,held_fold
ISIC_3114020,0,7.016288e-05,held_fold
ISIC_3114110,0,0.0042487285,held_fold
ISIC_3114154,0,0.0045323283,held_fold
ISIC_3115327,0,0.010673341,held_fold
ISIC_3117632,0,0.0031189749,held_fold
ISIC_3123099,0,0.016255433,held_fold
ISIC_3125030,0,5.4374595e-05,held_fold
ISIC_3126741,0,0.0013049645,held_fold
ISIC_3128203,0,0.00045336917,held_fold
ISIC_3128860,0,0.032029536,held_fold
ISIC_3132378,0,0.0028492457,held_fold
ISIC_3132725,0,0.0009107679,held_fold
ISIC_3134824,0,0.015639119,held_fold
ISIC_3138836,0,0.00021435712,held_fold
ISIC_3139652,0,0.020464081,held_fold
ISIC_3141629,0,0.026429707,held_fold
ISIC_3143255,0,0.039381336,held_fold
ISIC_3144222,1,0.09975789,held_fold
ISIC_3146152,0,0.055549674,held_fold
ISIC_3148048,0,0.014196635,held_fold
ISIC_3148443,0,0.00023430822,held_fold
ISIC_3149402,0,0.001986993,held_fold
ISIC_3151698,0,0.00015522508,held_fold
ISIC_3153638,0,3.4879762e-05,held_fold
ISIC_3153709,0,0.0013069821,held_fold
ISIC_3154122,0,0.0010912503,held_fold
ISIC_3158305,0,5.577068e-06,held_fold
ISIC_3158899,0,0.00038300434,held_fold
ISIC_3159924,1,0.070023924,held_fold
ISIC_3160301,0,0.04494071,held_fold
ISIC_3160780,0,0.0038286117,held_fold
ISIC_3161481,0,0.02075521,held_fold
ISIC_3161986,0,0.0003149396,held_fold
ISIC_3162307,0,0.00070873636,held_fold
ISIC_3162794,0,0.0005098818,held_fold
ISIC_3165797,0,0.0016013996,held_fold
ISIC_3169566,0,0.0065233395,held_fold
ISIC_3170416,0,0.030791197,held_fold
ISIC_3173314,0,3.371561e-05,held_fold
ISIC_3175241,0,0.0010641848,held_fold
ISIC_3176752,0,0.0010687949,held_fold
ISIC_3186856,0,0.0006637286,held_fold
ISIC_3187493,0,0.003297198,held_fold
ISIC_3190566,0,0.00033994077,held_fold
ISIC_3193048,0,0.0015803063,held_fold
ISIC_3193988,0,0.0057240482,held_fold
ISIC_3198071,0,0.0038466125,held_fold
ISIC_3198078,0,7.895721e-05,held_fold
ISIC_3199719,0,0.018859824,held_fold
ISIC_3201945,0,0.00028326776,held_fold
ISIC_3202829,0,0.07119152,held_fold
ISIC_3203435,0,4.994775e-06,held_fold
ISIC_3204983,0,0.008041064,held_fold
ISIC_3205052,0,0.021709664,held_fold
ISIC_3206586,0,0.013410735,held_fold
ISIC_3206957,0,0.017627867,held_fold
ISIC_3209024,0,0.010151324,held_fold
ISIC_3210830,0,8.9885245e-05,held_fold
ISIC_3216562,0,0.00012374029,held_fold
ISIC_3217061,0,0.00010340183,held_fold
ISIC_3218501,0,0.0031836212,held_fold
ISIC_3222205,0,0.0012242217,held_fold
ISIC_3224854,0,0.0017129113,held_fold
ISIC_3227705,0,0.00014277235,held_fold
ISIC_3228186,0,0.029153138,held_fold
ISIC_3230164,0,0.011628367,held_fold
ISIC_3230575,0,0.0001434221,held_fold
ISIC_3232712,0,0.00078489335,held_fold
ISIC_3232811,0,0.004296639,held_fold
ISIC_3236506,0,0.131559,held_fold
ISIC_3237504,0,0.0025080875,held_fold
ISIC_3237688,0,0.001731979,held_fold
ISIC_3238159,0,0.2736799,held_fold
ISIC_3238268,0,0.0075055747,held_fold
ISIC_3238687,0,5.0401217e-05,held_fold
ISIC_3239455,0,9.3420625e-05,held_fold
ISIC_3241636,1,0.032791156,held_fold
ISIC_3246675,0,0.005923523,held_fold
ISIC_3249158,0,0.0039517097,held_fold
ISIC_3249936,0,0.0032453095,held_fold
ISIC_3251405,0,0.19498594,held_fold
ISIC_3251486,0,0.0002908638,held_fold
ISIC_3251719,0,0.021481944,held_fold
ISIC_3252990,0,0.024472201,held_fold
ISIC_3255000,0,0.00011609102,held_fold
ISIC_3255427,0,0.0051742634,held_fold
ISIC_3257455,0,0.060373068,held_fold
ISIC_3259144,0,1.6049606e-05,held_fold
ISIC_3260888,0,1.3157589e-05,held_fold
ISIC_3265701,0,0.003992193,held_fold
ISIC_3272526,0,0.0004007847,held_fold
ISIC_3272946,0,0.0014071473,held_fold
ISIC_3275914,0,0.00022202289,held_fold
ISIC_3278148,0,0.00014770038,held_fold
ISIC_3280786,0,0.19426088,held_fold
ISIC_3281252,0,0.00038284517,held_fold
ISIC_3281329,0,7.7416866e-05,held_fold
ISIC_3285637,0,0.0035165374,held_fold
ISIC_3286186,1,0.21912074,held_fold
ISIC_3286577,0,0.00012076934,held_fold
ISIC_3290240,0,0.00066394726,held_fold
ISIC_3295538,0,0.00020310176,held_fold
ISIC_3295852,0,7.112188e-05,held_fold
ISIC_3297631,0,0.00013652311,held_fold
ISIC_3299685,0,0.00042857352,held_fold
ISIC_3300386,0,5.069081e-05,held_fold
ISIC_3300938,0,0.0012551711,held_fold
ISIC_3301163,0,0.000102167076,held_fold
ISIC_3302231,0,0.0002308943,held_fold
ISIC_3302405,0,0.0002815526,held_fold
ISIC_3303961,0,0.016971461,held_fold
ISIC_3309051,0,9.3218965e-05,held_fold
ISIC_3310235,0,0.0046434347,held_fold
ISIC_3311265,0,0.0032823011,held_fold
ISIC_3313736,0,0.00062761473,held_fold
ISIC_3315573,0,0.0004418045,held_fold
ISIC_3316665,0,0.0140986135,held_fold
ISIC_3317424,0,0.052611202,held_fold
ISIC_3317982,0,0.00017381871,held_fold
ISIC_3319361,0,2.9819088e-05,held_fold
ISIC_3319411,0,7.609307e-06,held_fold
ISIC_3333135,0,0.00011837886,held_fold
ISIC_3335955,0,0.012540427,held_fold
ISIC_3336297,0,0.00016807514,held_fold
ISIC_3342553,0,0.039555423,held_fold
ISIC_3343475,1,0.19366962,held_fold
ISIC_3347715,0,0.00033194473,held_fold
ISIC_3351401,0,0.0001884437,held_fold
ISIC_3352799,0,0.002324311,held_fold
ISIC_3353862,0,0.050983787,held_fold
ISIC_3356316,0,0.00068286597,held_fold
ISIC_3356776,0,3.144117e-05,held_fold
ISIC_3365873,0,0.00054814084,held_fold
ISIC_3365953,0,0.004991222,held_fold
ISIC_3366103,0,2.8738423e-05,held_fold
ISIC_3366868,0,0.0028679385,held_fold
ISIC_3368271,0,8.15091e-06,held_fold
ISIC_3368385,0,0.0012308136,held_fold
ISIC_3371792,0,0.0368694,held_fold
ISIC_3372750,1,0.012570534,held_fold
ISIC_3373578,0,0.00043158338,held_fold
ISIC_3374533,0,0.0017279857,held_fold
ISIC_3376737,0,0.0066055385,held_fold
ISIC_3376976,0,8.5963184e-05,held_fold
ISIC_3376991,0,1.9256233e-05,held_fold
ISIC_3377954,0,0.0030338936,held_fold
ISIC_3378115,0,0.00016567347,held_fold
ISIC_3378314,0,0.00025101012,held_fold
ISIC_3380520,0,0.00080337975,held_fold
ISIC_3380547,0,0.0028129914,held_fold
ISIC_3383806,0,0.00034755762,held_fold
ISIC_3384884,0,7.313708e-05,held_fold
ISIC_3385071,0,0.0002037228,held_fold
ISIC_3385712,0,5.5920318e-05,held_fold
ISIC_3387359,0,0.008535267,held_fold
ISIC_3387713,0,0.011463456,held_fold
ISIC_3389551,0,0.00058366917,held_fold
ISIC_3389696,0,0.00014176819,held_fold
ISIC_3389704,0,0.004870127,held_fold
ISIC_3389722,0,9.174133e-05,held_fold
ISIC_3390111,0,0.0005731278,held_fold
ISIC_3390118,0,0.0026873592,held_fold
ISIC_3392311,0,0.03986005,held_fold
ISIC_3392571,0,4.002395e-06,held_fold
ISIC_3394080,0,0.00050560595,held_fold
ISIC_3397174,0,0.00017654302,held_fold
ISIC_3397468,0,0.00040296034,held_fold
ISIC_3397501,0,0.00031021336,held_fold
ISIC_3401631,0,0.027522108,held_fold
ISIC_3401780,0,0.00011230272,held_fold
ISIC_3402327,0,0.09011762,held_fold
ISIC_3402778,0,0.0075998185,held_fold
ISIC_3404606,0,0.0009955866,held_fold
ISIC_3409440,0,0.07227365,held_fold
ISIC_3409696,0,0.00023444052,held_fold
ISIC_3410352,0,0.00065454096,held_fold
ISIC_3410459,0,0.0017937816,held_fold
ISIC_3412216,0,0.0001353707,held_fold
ISIC_3412390,0,0.0041429433,held_fold
ISIC_3415223,0,0.010891885,held_fold
ISIC_3417390,0,0.05702729,held_fold
ISIC_3418079,0,0.0020208545,held_fold
ISIC_3418153,0,0.0029689246,held_fold
ISIC_3418245,0,0.032967586,held_fold
ISIC_3419245,0,0.0016484178,held_fold
ISIC_3420087,0,0.011223052,held_fold
ISIC_3420574,0,7.636499e-05,held_fold
ISIC_3421141,0,0.050677393,held_fold
ISIC_3425831,0,0.00013751426,held_fold
ISIC_3428742,0,0.0057448754,held_fold
ISIC_3433352,0,0.0009097098,held_fold
ISIC_3434494,0,0.00016161913,held_fold
ISIC_3435535,0,0.059407897,held_fold
ISIC_3436139,0,0.00026569018,held_fold
ISIC_3436311,0,0.0008713337,held_fold
ISIC_3437419,0,0.04314374,held_fold
ISIC_3437734,0,0.0028427206,held_fold
ISIC_3440813,0,0.021340512,held_fold
ISIC_3441543,0,0.0007860599,held_fold
ISIC_3442725,0,0.00026479596,held_fold
ISIC_3443234,0,0.0150878625,held_fold
ISIC_3447958,0,0.00023216009,held_fold
ISIC_3455818,0,0.00041532965,held_fold
ISIC_3459853,0,0.010869089,held_fold
ISIC_3460864,0,0.0013064631,held_fold
ISIC_3463384,0,0.00047585997,held_fold
ISIC_3463638,0,0.060475584,held_fold
ISIC_3464344,1,0.043326274,held_fold
ISIC_3465020,0,0.11267316,held_fold
ISIC_3465766,0,0.12716176,held_fold
ISIC_3472455,0,0.010385113,held_fold
ISIC_3475660,1,0.024120016,held_fold
ISIC_3475932,0,0.005201886,held_fold
ISIC_3480565,0,0.024326092,held_fold
ISIC_3481078,0,0.00026332767,held_fold
ISIC_3481133,0,0.0054866383,held_fold
ISIC_3481318,0,0.0076948274,held_fold
ISIC_3481617,0,0.00014322613,held_fold
ISIC_3481732,0,0.08204103,held_fold
ISIC_3482804,0,0.2177857,held_fold
ISIC_3485709,0,0.001550884,held_fold
ISIC_3487151,0,0.0018257891,held_fold
ISIC_3493618,0,0.00077509735,held_fold
ISIC_3495231,0,0.008410165,held_fold
ISIC_3496565,0,0.012848334,held_fold
ISIC_3499223,0,0.00019748666,held_fold
ISIC_3501997,0,0.004956163,held_fold
ISIC_3508258,0,7.74789e-05,held_fold
ISIC_3509283,0,0.0036213242,held_fold
ISIC_3509853,0,0.0003779981,held_fold
ISIC_3510004,0,0.0014315794,held_fold
ISIC_3512019,0,0.00012810575,held_fold
ISIC_3514162,0,0.0075562685,held_fold
ISIC_3517816,0,0.0003366402,held_fold
ISIC_3519939,0,0.0005656737,held_fold
ISIC_3520709,0,0.0022154471,held_fold
ISIC_3528120,0,0.11777037,held_fold
ISIC_3528616,0,0.008656286,held_fold
ISIC_3533618,0,0.0035690942,held_fold
ISIC_3534687,0,0.00017250047,held_fold
ISIC_3535289,0,5.6457753e-05,held_fold
ISIC_3536231,0,0.0046576913,held_fold
ISIC_3536436,0,0.000167488,held_fold
ISIC_3537089,0,0.06678343,held_fold
ISIC_3537199,0,0.0005393033,held_fold
ISIC_3537571,0,0.017555587,held_fold
ISIC_3545436,0,0.0038791166,held_fold
ISIC_3548393,0,0.00032723034,held_fold
ISIC_3548408,0,0.048384074,held_fold
ISIC_3549225,0,0.0008191992,held_fold
ISIC_3555847,0,1.3095698e-05,held_fold
ISIC_3556039,0,0.00025969298,held_fold
ISIC_3556857,0,0.0003252832,held_fold
ISIC_3557706,0,0.00017621608,held_fold
ISIC_3558747,0,0.0014851926,held_fold
ISIC_3561675,0,0.035804752,held_fold
ISIC_3561821,0,0.0013810989,held_fold
ISIC_3562294,0,0.05413386,held_fold
ISIC_3562968,0,0.018950978,held_fold
ISIC_3563951,0,0.00017770735,held_fold
ISIC_3567385,0,0.0016368601,held_fold
ISIC_3570209,0,0.010659207,held_fold
ISIC_3572165,0,0.00023906106,held_fold
ISIC_3574873,0,0.00011571215,held_fold
ISIC_3576066,0,0.004486559,held_fold
ISIC_3577410,0,0.004500496,held_fold
ISIC_3578203,0,3.0509733e-05,held_fold
ISIC_3578989,0,0.0041218284,held_fold
ISIC_3579475,0,0.04657959,held_fold
ISIC_3582787,0,0.40286964,held_fold
ISIC_3588101,0,0.00032156587,held_fold
ISIC_3594451,0,0.013251248,held_fold
ISIC_3595519,0,0.00044581576,held_fold
ISIC_3596336,0,0.00013655827,held_fold
ISIC_3597558,0,0.038452066,held_fold
ISIC_3598123,0,0.0006078416,held_fold
ISIC_3599125,0,0.00018926083,held_fold
ISIC_3599664,0,0.0036690563,held_fold
ISIC_3599908,0,0.0001459384,held_fold
ISIC_3600799,0,0.0005938471,held_fold
ISIC_3600802,0,0.013210701,held_fold
ISIC_3603710,0,0.000620495,held_fold
ISIC_3608401,0,0.029406304,held_fold
ISIC_3608488,0,0.0018276533,held_fold
ISIC_3610285,0,0.00105729,held_fold
ISIC_3610750,0,0.029035803,held_fold
ISIC_3611039,0,1.2214905e-05,held_fold
ISIC_3612630,0,0.0006577972,held_fold
ISIC_3615391,0,0.00268089,held_fold
ISIC_3617229,0,0.00042181165,held_fold
ISIC_3617693,0,0.00013802976,held_fold
ISIC_3622085,0,0.0092097875,held_fold
ISIC_3624807,0,0.0036439935,held_fold
ISIC_3632547,0,0.18522425,held_fold
ISIC_3632996,0,0.00010308698,held_fold
ISIC_3633493,0,0.003277883,held_fold
ISIC_3634036,0,0.043142304,held_fold
ISIC_3635300,0,0.0028973743,held_fold
ISIC_3636757,0,0.015445111,held_fold
ISIC_3639503,0,0.006636405,held_fold
ISIC_3640401,0,0.00016481255,held_fold
ISIC_3640598,0,0.0056537203,held_fold
ISIC_3642043,0,0.0002043882,held_fold
ISIC_3643756,0,0.0016774973,held_fold
ISIC_3645165,0,0.00054115494,held_fold
ISIC_3646643,0,0.054504834,held_fold
ISIC_3650518,0,0.0069744047,held_fold
ISIC_3650668,0,0.0639414,held_fold
ISIC_3651333,0,0.001756003,held_fold
ISIC_3652847,0,0.00094225776,held_fold
ISIC_3654373,0,0.0009433015,held_fold
ISIC_3656794,0,1.0263248e-05,held_fold
ISIC_3657663,0,0.010943395,held_fold
ISIC_3663513,0,0.007792602,held_fold
ISIC_3664078,0,9.7200274e-05,held_fold
ISIC_3664380,0,0.01918889,held_fold
ISIC_3665147,0,0.0037702052,held_fold
ISIC_3666461,0,0.0054583475,held_fold
ISIC_3667487,0,0.00085859984,held_fold
ISIC_3667705,0,0.01657331,held_fold
ISIC_3669053,0,0.094022125,held_fold
ISIC_3669954,0,0.0641049,held_fold
ISIC_3671424,0,0.0008168957,held_fold
ISIC_3671955,0,0.27172437,held_fold
ISIC_3672291,0,0.013699041,held_fold
ISIC_3677577,0,7.654813e-05,held_fold
ISIC_3677742,0,0.00992371,held_fold
ISIC_3678730,0,0.0516496,held_fold
ISIC_3679271,0,0.00016178288,held_fold
ISIC_3679789,0,5.180533e-05,held_fold
ISIC_3680069,0,0.0011400507,held_fold
ISIC_3682341,0,0.0012228482,held_fold
ISIC_3683402,0,0.00049243553,held_fold
ISIC_3686322,0,0.000910184,held_fold
ISIC_3686329,0,0.00011730752,held_fold
ISIC_3687479,0,0.011054938,held_fold
ISIC_3689907,0,0.003909587,held_fold
ISIC_3689984,0,0.030791791,held_fold
ISIC_3690747,0,0.0014733683,held_fold
ISIC_3700501,0,0.00034891863,held_fold
ISIC_3701596,0,0.014233823,held_fold
ISIC_3701892,0,7.840992e-05,held_fold
ISIC_3704157,0,0.03176418,held_fold
ISIC_3705852,0,4.524668e-05,held_fold
ISIC_3707035,0,0.009962586,held_fold
ISIC_3707185,0,0.006118158,held_fold
ISIC_3710376,0,0.00031007023,held_fold
ISIC_3713293,0,0.017963814,held_fold
ISIC_3717183,0,0.1128808,held_fold
ISIC_3718027,0,0.0022582223,held_fold
ISIC_3718422,0,0.001970044,held_fold
ISIC_3729498,0,0.01191294,held_fold
ISIC_3729615,0,0.0029349003,held_fold
ISIC_3730172,0,0.00045284393,held_fold
ISIC_3731815,0,9.851544e-05,held_fold
ISIC_3733653,1,0.15546991,held_fold
ISIC_3735824,0,6.352273e-05,held_fold
ISIC_3738581,0,0.00054789113,held_fold
ISIC_3739214,0,0.001107214,held_fold
ISIC_3742793,0,0.003364335,held_fold
ISIC_3743409,0,0.0001826292,held_fold
ISIC_3744115,0,9.554995e-05,held_fold
ISIC_3745259,0,0.0018838028,held_fold
ISIC_3746410,0,3.4955352e-05,held_fold
ISIC_3747477,0,0.00018102446,held_fold
ISIC_3749028,0,0.019961303,held_fold
ISIC_3751001,0,0.008364221,held_fold
ISIC_3760791,0,0.00032628144,held_fold
ISIC_3761634,0,0.00023845963,held_fold
ISIC_3770926,0,0.0005874369,held_fold
ISIC_3772774,0,0.0060563334,held_fold
ISIC_3775417,1,0.00089873886,held_fold
ISIC_3776131,0,9.8969096e-05,held_fold
ISIC_3777337,0,0.019181173,held_fold
ISIC_3779014,0,0.0016358607,held_fold
ISIC_3781287,0,0.00065107056,held_fold
ISIC_3782057,0,0.001662034,held_fold
ISIC_3785874,0,0.00077052996,held_fold
ISIC_3788187,0,0.00012458231,held_fold
ISIC_3788678,0,0.0033344706,held_fold
ISIC_3788873,0,5.8913476e-05,held_fold
ISIC_3795397,0,0.022603376,held_fold
ISIC_3797428,0,0.000508057,held_fold
ISIC_3797677,0,0.00033331278,held_fold
ISIC_3799267,0,0.0007298566,held_fold
ISIC_3799559,0,0.0024671096,held_fold
ISIC_3800077,0,0.0026169454,held_fold
ISIC_3800373,0,0.013890043,held_fold
ISIC_3801027,0,8.8981935e-05,held_fold
ISIC_3801938,0,0.19498344,held_fold
ISIC_3804607,0,0.001809894,held_fold
ISIC_3805025,0,5.1565985e-05,held_fold
ISIC_3808070,0,0.004488964,held_fold
ISIC_3809612,0,0.024613075,held_fold
ISIC_3809907,0,0.014770079,held_fold
ISIC_3809998,0,0.0015486705,held_fold
ISIC_3812244,0,7.220654e-05,held_fold
ISIC_3816122,0,0.004199766,held_fold
ISIC_3816570,0,0.00040137218,held_fold
ISIC_3821027,0,0.045689702,held_fold
ISIC_3821630,0,0.0014967311,held_fold
ISIC_3826872,0,0.00012917884,held_fold
ISIC_3828346,0,0.033453844,held_fold
ISIC_3828455,0,0.000110993446,held_fold
ISIC_3836023,0,0.013602328,held_fold
ISIC_3836576,0,3.0094889e-05,held_fold
ISIC_3838110,0,0.0010112263,held_fold
ISIC_3838310,0,0.00012722924,held_fold
ISIC_3843634,0,5.5651988e-05,held_fold
ISIC_3844404,0,0.0016620711,held_fold
ISIC_3848194,0,0.0038157029,held_fold
ISIC_3849358,0,0.022401849,held_fold
ISIC_3849684,0,0.0003433581,held_fold
ISIC_3858314,0,0.022654282,held_fold
ISIC_3859689,0,0.003951395,held_fold
ISIC_3862917,0,0.003179792,held_fold
ISIC_3863648,0,0.00016516053,held_fold
ISIC_3873641,0,9.600368e-05,held_fold
ISIC_3875612,0,2.4572848e-05,held_fold
ISIC_3877413,0,0.0017386589,held_fold
ISIC_3877427,0,3.8263614e-05,held_fold
ISIC_3879564,0,0.003137968,held_fold
ISIC_3880938,0,0.028374657,held_fold
ISIC_3882159,0,9.33679e-05,held_fold
ISIC_3882247,0,0.0009934088,held_fold
ISIC_3882551,0,0.00010991178,held_fold
ISIC_3889469,0,0.013393839,held_fold
ISIC_3889671,0,0.1339815,held_fold
ISIC_3892947,0,0.00028599222,held_fold
ISIC_3895185,0,0.083248496,held_fold
ISIC_3900327,0,0.00029969835,held_fold
ISIC_3901747,0,0.00020028789,held_fold
ISIC_3902917,0,0.0192151,held_fold
ISIC_3902956,0,2.768208e-05,held_fold
ISIC_3904628,0,0.00013366628,held_fold
ISIC_3905662,0,0.00015906805,held_fold
ISIC_3906195,0,0.0049448363,held_fold
ISIC_3907656,0,0.019598614,held_fold
ISIC_3908910,0,0.0037451892,held_fold
ISIC_3909443,0,0.0009169945,held_fold
ISIC_3909834,0,0.027750084,held_fold
ISIC_3910238,0,0.010887128,held_fold
ISIC_3912988,0,0.0011444221,held_fold
ISIC_3913545,0,0.003391222,held_fold
ISIC_3913709,0,0.00030949255,held_fold
ISIC_3914463,0,7.7610675e-05,held_fold
ISIC_3914743,0,0.00230361,held_fold
ISIC_3916595,0,0.0073071895,held_fold
ISIC_3916830,0,0.027074676,held_fold
ISIC_3917284,0,0.014929193,held_fold
ISIC_3920274,0,0.00037885868,held_fold
ISIC_3920542,0,0.0021375266,held_fold
ISIC_3924508,0,6.641773e-05,held_fold
ISIC_3924772,0,0.00017901823,held_fold
ISIC_3924904,0,0.00022122287,held_fold
ISIC_3925423,0,0.003371249,held_fold
ISIC_3926397,0,0.0008369579,held_fold
ISIC_3929045,0,0.007412301,held_fold
ISIC_3930633,0,0.00027283008,held_fold
ISIC_3934537,0,0.00040270766,held_fold
ISIC_3936413,0,0.00095199444,held_fold
ISIC_3943127,0,0.003484416,held_fold
ISIC_3945116,0,0.00068743597,held_fold
ISIC_3945766,0,7.5049196e-05,held_fold
ISIC_3945825,0,0.005079454,held_fold
ISIC_3947876,0,0.007982121,held_fold
ISIC_3948754,0,0.004025759,held_fold
ISIC_3952513,0,0.0010003943,held_fold
ISIC_3964848,0,0.0034277025,held_fold
ISIC_3969411,1,0.30236664,held_fold
ISIC_3970105,0,9.318502e-05,held_fold
ISIC_3970620,0,0.0011326111,held_fold
ISIC_3971174,0,1.7293703e-05,held_fold
ISIC_3974064,0,0.00012882064,held_fold
ISIC_3975607,0,0.00032761428,held_fold
ISIC_3980606,0,0.00039224685,held_fold
ISIC_3981425,0,0.003913814,held_fold
ISIC_3985494,0,6.939037e-05,held_fold
ISIC_3985675,0,0.001769961,held_fold
ISIC_3985782,0,0.0011296178,held_fold
ISIC_3989566,0,0.0008824306,held_fold
ISIC_3991842,0,0.004269223,held_fold
ISIC_3993924,1,0.1274532,held_fold
ISIC_3994250,0,0.00018905415,held_fold
ISIC_3995597,0,0.020201579,held_fold
ISIC_3996796,1,0.26953596,held_fold
ISIC_3997033,0,0.007822055,held_fold
ISIC_3999125,0,0.004541787,held_fold
ISIC_3999608,0,0.20435517,held_fold
ISIC_4000690,0,0.0008880867,held_fold
ISIC_4004088,0,5.661512e-06,held_fold
ISIC_4006569,0,2.958721e-05,held_fold
ISIC_4006630,0,0.0026355404,held_fold
ISIC_4007215,0,0.0002442682,held_fold
ISIC_4007918,0,7.458318e-05,held_fold
ISIC_4009405,0,0.0011473163,held_fold
ISIC_4012163,0,0.00024247082,held_fold
ISIC_4012291,0,0.0019346846,held_fold
ISIC_4013525,0,0.00079954666,held_fold
ISIC_4015288,0,0.006127583,held_fold
ISIC_4018813,0,5.0753595e-05,held_fold
ISIC_4018952,0,0.0008401497,held_fold
ISIC_4022788,0,0.0028680244,held_fold
ISIC_4024269,0,0.00014017048,held_fold
ISIC_4025576,0,0.00018307971,held_fold
ISIC_4027717,0,0.0015294943,held_fold
ISIC_4028402,0,0.0023899614,held_fold
ISIC_4030996,0,0.00018148626,held_fold
ISIC_4031777,0,0.0021029245,held_fold
ISIC_4032636,0,9.705764e-05,held_fold
ISIC_4034244,0,0.0006448805,held_fold
ISIC_4036621,0,0.00093619496,held_fold
ISIC_4037228,0,0.09098301,held_fold
ISIC_4041324,0,0.0005450667,held_fold
ISIC_4043423,0,0.020385398,held_fold
ISIC_4043589,0,0.0014426702,held_fold
ISIC_4052885,0,0.011718004,held_fold
ISIC_4054745,0,0.00044377372,held_fold
ISIC_4056442,0,0.00017938664,held_fold
ISIC_4060049,0,0.00055306905,held_fold
ISIC_4061316,0,0.00025422304,held_fold
ISIC_4064330,0,0.28277427,held_fold
ISIC_4066707,0,0.00053772284,held_fold
ISIC_4067024,0,0.00014292817,held_fold
ISIC_4067686,0,0.015740642,held_fold
ISIC_4068690,0,0.00050536986,held_fold
ISIC_4069690,0,0.000194693,held_fold
ISIC_4072221,0,0.0022644803,held_fold
ISIC_4072747,0,5.5122327e-05,held_fold
ISIC_4074094,0,0.00013109704,held_fold
ISIC_4074472,0,0.0022364024,held_fold
ISIC_4075148,0,0.00028995454,held_fold
ISIC_4075547,0,0.0012174242,held_fold
ISIC_4075583,0,0.0023856007,held_fold
ISIC_4076753,0,0.0035801884,held_fold
ISIC_4077341,0,8.8141984e-05,held_fold
ISIC_4079345,0,3.1888558e-05,held_fold
ISIC_4085198,0,0.0004666792,held_fold
ISIC_4085552,0,0.23827466,held_fold
ISIC_4088252,0,0.006459005,held_fold
ISIC_4088344,0,5.7931734e-06,held_fold
ISIC_4091981,0,0.00027049126,held_fold
ISIC_4094925,0,0.0034812815,held_fold
ISIC_4099287,0,0.1665684,held_fold
ISIC_4099950,0,0.007801123,held_fold
ISIC_4102922,0,0.0007154929,held_fold
ISIC_4103984,0,0.0031078528,held_fold
ISIC_4104442,0,0.022163767,held_fold
ISIC_4105234,0,0.22157383,held_fold
ISIC_4111600,0,0.0013566955,held_fold
ISIC_4114060,0,0.030329831,held_fold
ISIC_4116569,0,0.00022446003,held_fold
ISIC_4117215,0,0.07026889,held_fold
ISIC_4119445,0,2.1135851e-05,held_fold
ISIC_4122125,0,0.00037171398,held_fold
ISIC_4127690,0,0.003320308,held_fold
ISIC_4127965,0,0.00019455419,held_fold
ISIC_4128129,0,0.0066285892,held_fold
ISIC_4129376,0,0.0017312322,held_fold
ISIC_4132656,0,7.4915064e-05,held_fold
ISIC_4134969,0,0.0007293219,held_fold
ISIC_4136351,0,0.0019766148,held_fold
ISIC_4138377,0,0.0005944938,held_fold
ISIC_4144198,0,9.960324e-05,held_fold
ISIC_4150178,0,0.031550553,held_fold
ISIC_4153687,0,0.0001967056,held_fold
ISIC_4153900,0,0.0052239746,held_fold
ISIC_4156405,0,0.000107084146,held_fold
ISIC_4158672,0,0.00034342782,held_fold
ISIC_4160574,0,8.8717585e-05,held_fold
ISIC_4161227,0,0.004794211,held_fold
ISIC_4162336,0,0.0002374831,held_fold
ISIC_4164065,0,0.00079328375,held_fold
ISIC_4166490,0,0.004975176,held_fold
ISIC_4168757,0,0.00029019293,held_fold
ISIC_4169117,0,0.0001814783,held_fold
ISIC_4170498,0,0.010074382,held_fold
ISIC_4172686,0,0.086234085,held_fold
ISIC_4176815,0,0.0052047786,held_fold
ISIC_4177415,0,0.019633511,held_fold
ISIC_4182781,0,0.006641352,held_fold
ISIC_4182801,0,0.0005829053,held_fold
ISIC_4184100,0,0.0007504849,held_fold
ISIC_4184433,0,0.00016513157,held_fold
ISIC_4190910,0,0.0008956621,held_fold
ISIC_4191202,0,0.00067273807,held_fold
ISIC_4192307,0,0.001962842,held_fold
ISIC_4193594,0,0.0068815867,held_fold
ISIC_4193775,0,0.021454351,held_fold
ISIC_4195490,0,0.025727501,held_fold
ISIC_4195950,0,0.069475986,held_fold
ISIC_4195990,0,0.011446091,held_fold
ISIC_4197781,0,0.005284122,held_fold
ISIC_4198406,0,0.054064047,held_fold
ISIC_4201891,0,0.00074711145,held_fold
ISIC_4201989,0,0.008922614,held_fold
ISIC_4206472,0,0.00013958123,held_fold
ISIC_4207079,0,0.02628458,held_fold
ISIC_4210002,0,0.017741699,held_fold
ISIC_4210734,0,0.09857501,held_fold
ISIC_4210740,0,6.3039246e-05,held_fold
ISIC_4214813,0,0.13031809,held_fold
ISIC_4216468,0,0.0014221084,held_fold
ISIC_4217321,0,0.0018308242,held_fold
ISIC_4221778,0,0.001565379,held_fold
ISIC_4222275,0,0.00017779887,held_fold
ISIC_4224064,0,0.009656239,held_fold
ISIC_4225838,0,0.06349986,held_fold
ISIC_4227455,0,0.066807285,held_fold
ISIC_4230432,0,2.4298943e-05,held_fold
ISIC_4230496,0,0.020289619,held_fold
ISIC_4231051,0,0.00044762855,held_fold
ISIC_4231732,0,0.0028632039,held_fold
ISIC_4232756,0,0.00030796145,held_fold
ISIC_4232761,0,0.0012628976,held_fold
ISIC_4233755,0,0.003276179,held_fold
ISIC_4241316,0,0.00051877473,held_fold
ISIC_4241347,0,0.00011852841,held_fold
ISIC_4242504,0,0.0063594053,held_fold
ISIC_4248007,0,0.00067123055,held_fold
ISIC_4248273,0,0.0014138623,held_fold
ISIC_4248858,0,4.0867017e-05,held_fold
ISIC_4251081,0,0.0008830538,held_fold
ISIC_4252502,0,0.0065175146,held_fold
ISIC_4252547,0,0.0007875091,held_fold
ISIC_4253563,0,0.0011495776,held_fold
ISIC_4254237,0,0.010892459,held_fold
ISIC_4260257,0,0.009668216,held_fold
ISIC_4261725,0,0.0060650427,held_fold
ISIC_4262989,0,0.0005579537,held_fold
ISIC_4263017,0,0.1699209,held_fold
ISIC_4264600,0,0.0003866872,held_fold
ISIC_4264897,0,0.00030274183,held_fold
ISIC_4266455,0,6.103754e-05,held_fold
ISIC_4266501,0,0.091359936,held_fold
ISIC_4273692,0,4.1949486e-05,held_fold
ISIC_4273914,0,0.0009804098,held_fold
ISIC_4274300,0,0.0014463065,held_fold
ISIC_4278349,0,0.0040592025,held_fold
ISIC_4278440,0,0.0002715564,held_fold
ISIC_4278981,0,7.978507e-05,held_fold
ISIC_4281858,0,0.00013655332,held_fold
ISIC_4282719,0,0.1966632,held_fold
ISIC_4291830,0,0.00036060036,held_fold
ISIC_4292879,0,0.00059251563,held_fold
ISIC_4296518,0,0.0071565956,held_fold
ISIC_4298309,0,0.032738693,held_fold
ISIC_4298624,0,7.8108875e-05,held_fold
ISIC_4306724,0,0.008525479,held_fold
ISIC_4307205,0,3.652337e-05,held_fold
ISIC_4307344,0,0.011763787,held_fold
ISIC_4308923,0,3.8748247e-05,held_fold
ISIC_4310869,0,0.00016512211,held_fold
ISIC_4312047,0,0.0026117347,held_fold
ISIC_4312155,0,8.994151e-06,held_fold
ISIC_4314003,0,6.893463e-05,held_fold
ISIC_4315613,0,0.00020932112,held_fold
ISIC_4317382,0,0.0049915044,held_fold
ISIC_4318374,0,0.04299997,held_fold
ISIC_4319491,0,0.092221744,held_fold
ISIC_4323070,0,0.0025768357,held_fold
ISIC_4324163,0,0.0025676617,held_fold
ISIC_4325155,0,0.0027100516,held_fold
ISIC_4326917,0,0.0069026877,held_fold
ISIC_4327760,0,0.0007546203,held_fold
ISIC_4328662,0,0.0070688576,held_fold
ISIC_4330074,0,0.008665915,held_fold
ISIC_4331395,0,0.00999897,held_fold
ISIC_4334767,0,0.002437914,held_fold
ISIC_4341685,0,0.00089156156,held_fold
ISIC_4347744,0,0.00017465206,held_fold
ISIC_4350874,0,0.009077211,held_fold
ISIC_4352991,0,0.0043600276,held_fold
ISIC_4353963,0,0.007303683,held_fold
ISIC_4354857,0,0.083230235,held_fold
ISIC_4354896,0,0.027065476,held_fold
ISIC_4355465,0,7.369141e-05,held_fold
ISIC_4357962,0,0.010447013,held_fold
ISIC_4358550,0,0.119122714,held_fold
ISIC_4358727,0,0.00451245,held_fold
ISIC_4362449,0,0.0014885496,held_fold
ISIC_4363579,0,0.00023730836,held_fold
ISIC_4363603,0,0.011870296,held_fold
ISIC_4363665,0,0.015742237,held_fold
ISIC_4366055,0,0.00033920977,held_fold
ISIC_4366350,0,0.00010645475,held_fold
ISIC_4368478,0,0.00013226074,held_fold
ISIC_4368650,0,0.00019361226,held_fold
ISIC_4369851,0,0.0020983517,held_fold
ISIC_4370988,0,0.0012330044,held_fold
ISIC_4371210,0,0.004712732,held_fold
ISIC_4372519,0,4.0683637e-05,held_fold
ISIC_4374554,0,0.0036979516,held_fold
ISIC_4374944,0,0.011755348,held_fold
ISIC_4376918,0,0.017806208,held_fold
ISIC_4377208,1,0.019186132,held_fold
ISIC_4377245,0,0.04950679,held_fold
ISIC_4378189,1,0.10023885,held_fold
ISIC_4379788,0,0.07667833,held_fold
ISIC_4379945,0,0.011269888,held_fold
ISIC_4382004,0,1.51006225e-05,held_fold
ISIC_4382115,0,0.0034577288,held_fold
ISIC_4382390,0,0.0011957565,held_fold
ISIC_4382472,0,5.4506774e-05,held_fold
ISIC_4383671,0,2.1812417e-05,held_fold
ISIC_4384016,0,0.0011412966,held_fold
ISIC_4384331,0,0.17283423,held_fold
ISIC_4384341,0,0.003092412,held_fold
ISIC_4385152,0,0.0013131473,held_fold
ISIC_4385893,0,0.004799235,held_fold
ISIC_4387797,0,0.00049812434,held_fold
ISIC_4392384,0,1.6232101e-05,held_fold
ISIC_4394972,0,0.009055311,held_fold
ISIC_4396799,0,0.029481277,held_fold
ISIC_4397205,0,0.004021722,held_fold
ISIC_4398957,0,0.0021490403,held_fold
ISIC_4399411,0,0.00035584293,held_fold
ISIC_4399771,0,0.10974095,held_fold
ISIC_4400664,0,0.00923851,held_fold
ISIC_4401014,0,0.0039190915,held_fold
ISIC_4406292,0,0.011515627,held_fold
ISIC_4406629,0,0.0008049061,held_fold
ISIC_4414811,0,5.9945804e-05,held_fold
ISIC_4415203,0,0.0019114873,held_fold
ISIC_4417495,0,0.0020006152,held_fold
ISIC_4418259,0,0.0016414875,held_fold
ISIC_4418458,0,0.00032714798,held_fold
ISIC_4418581,0,0.011840851,held_fold
ISIC_4419280,0,0.00050342485,held_fold
ISIC_4419352,0,0.021483948,held_fold
ISIC_4419686,0,5.251663e-05,held_fold
ISIC_4421291,0,0.00016310909,held_fold
ISIC_4423793,0,0.01023685,held_fold
ISIC_4423812,0,0.0073962095,held_fold
ISIC_4424729,0,0.0020010027,held_fold
ISIC_4427755,0,0.00030890477,held_fold
ISIC_4430697,0,0.0027193567,held_fold
ISIC_4430934,0,0.0008492067,held_fold
ISIC_4433552,0,0.003479039,held_fold
ISIC_4433582,0,0.0047539026,held_fold
ISIC_4433684,0,0.002865113,held_fold
ISIC_4434803,0,0.0028570788,held_fold
ISIC_4435776,0,0.004624026,held_fold
ISIC_4446385,0,0.016618961,held_fold
ISIC_4447973,0,8.21968e-06,held_fold
ISIC_4450231,0,0.0017530123,held_fold
ISIC_4452233,0,0.0025861496,held_fold
ISIC_4452285,0,0.0049558003,held_fold
ISIC_4457207,0,0.0003506207,held_fold
ISIC_4457514,0,0.0032470792,held_fold
ISIC_4458627,0,0.0012573004,held_fold
ISIC_4460849,0,0.000175633,held_fold
ISIC_4461785,0,0.00988516,held_fold
ISIC_4468148,0,0.00133791,held_fold
ISIC_4468549,0,0.0005247514,held_fold
ISIC_4470123,0,1.389235e-05,held_fold
ISIC_4474970,0,0.00011676001,held_fold
ISIC_4475297,0,0.0017719443,held_fold
ISIC_4475489,0,0.0009781733,held_fold
ISIC_4477448,0,0.1231899,held_fold
ISIC_4477650,0,0.0035264501,held_fold
ISIC_4482610,0,0.0007476599,held_fold
ISIC_4483070,0,0.00090978947,held_fold
ISIC_4487429,0,8.994715e-05,held_fold
ISIC_4487589,0,0.01656717,held_fold
ISIC_4490903,0,0.0027180612,held_fold
ISIC_4491273,0,0.012652041,held_fold
ISIC_4493482,1,0.03228101,held_fold
ISIC_4495210,0,0.008573087,held_fold
ISIC_4495986,0,0.0010308459,held_fold
ISIC_4496483,0,0.00821546,held_fold
ISIC_4499380,0,9.907561e-05,held_fold
ISIC_4499992,0,0.0003671754,held_fold
ISIC_4500287,0,0.021082183,held_fold
ISIC_4500574,0,3.839433e-05,held_fold
ISIC_4505293,0,6.59761e-05,held_fold
ISIC_4506930,0,0.004965474,held_fold
ISIC_4507193,0,0.00010130677,held_fold
ISIC_4507700,0,0.0011549329,held_fold
ISIC_4508966,0,8.5360014e-05,held_fold
ISIC_4511841,0,0.002995105,held_fold
ISIC_4512203,0,0.000984716,held_fold
ISIC_4513059,0,0.011666528,held_fold
ISIC_4513704,0,5.185159e-05,held_fold
ISIC_4517117,0,0.00027402717,held_fold
ISIC_4520168,0,0.03044014,held_fold
ISIC_4522095,0,0.0045974255,held_fold
ISIC_4522302,0,2.4571162e-05,held_fold
ISIC_4524431,0,0.000274646,held_fold
ISIC_4524493,0,1.6637865e-05,held_fold
ISIC_4525143,0,0.0093546,held_fold
ISIC_4525243,0,0.0020161807,held_fold
ISIC_4525700,0,0.0001700158,held_fold
ISIC_4526367,0,0.0013543629,held_fold
ISIC_4526581,0,5.7975827e-05,held_fold
ISIC_4527040,0,0.023705844,held_fold
ISIC_4527901,0,0.00035232675,held_fold
ISIC_4531954,0,3.0299114e-05,held_fold
ISIC_4534571,0,0.0024855365,held_fold
ISIC_4538207,0,8.974324e-05,held_fold
ISIC_4543887,0,0.00024703657,held_fold
ISIC_4545553,0,0.00052736304,held_fold
ISIC_4545717,0,0.030161306,held_fold
ISIC_4546136,0,0.00024759542,held_fold
ISIC_4548356,0,0.0021780706,held_fold
ISIC_4548990,0,0.055508435,held_fold
ISIC_4553760,0,0.001743451,held_fold
ISIC_4554863,0,0.0011741857,held_fold
ISIC_4558228,0,0.00030112235,held_fold
ISIC_4559115,0,0.0008789314,held_fold
ISIC_4560338,0,0.001555719,held_fold
ISIC_4560814,0,0.08241705,held_fold
ISIC_4563146,0,0.0009368427,held_fold
ISIC_4564960,0,0.28820455,held_fold
ISIC_4565254,0,0.00017161456,held_fold
ISIC_4569321,0,0.030008374,held_fold
ISIC_4569383,0,7.2929826e-05,held_fold
ISIC_4569978,0,0.01339443,held_fold
ISIC_4572286,0,0.00023361984,held_fold
ISIC_4575112,0,6.454886e-05,held_fold
ISIC_4575432,0,0.0004273425,held_fold
ISIC_4576846,0,0.017030168,held_fold
ISIC_4579531,0,0.14392674,held_fold
ISIC_4580046,0,0.0005284416,held_fold
ISIC_4581029,0,0.0075507783,held_fold
ISIC_4581042,0,0.003192609,held_fold
ISIC_4585372,0,0.00055591157,held_fold
ISIC_4594359,0,0.0011762466,held_fold
ISIC_4595555,0,0.086205795,held_fold
ISIC_4601037,0,0.0016859687,held_fold
ISIC_4601381,0,0.00010528209,held_fold
ISIC_4601418,0,7.407228e-05,held_fold
ISIC_4601679,0,3.850337e-05,held_fold
ISIC_4615813,0,0.008470248,held_fold
ISIC_4622079,0,2.0269063e-05,held_fold
ISIC_4624611,0,0.0012619933,held_fold
ISIC_4624753,0,0.0070503964,held_fold
ISIC_4629184,0,0.00017541242,held_fold
ISIC_4629476,0,0.00011560364,held_fold
ISIC_4630228,0,0.00038604613,held_fold
ISIC_4631367,0,6.722789e-05,held_fold
ISIC_4631509,0,0.010705745,held_fold
ISIC_4631910,0,0.16476259,held_fold
ISIC_4632020,0,0.00677265,held_fold
ISIC_4633551,0,8.118388e-05,held_fold
ISIC_4634128,0,2.728038e-05,held_fold
ISIC_4634378,0,0.007778809,held_fold
ISIC_4634479,0,0.00011839511,held_fold
ISIC_4638310,0,0.012431047,held_fold
ISIC_4639874,0,0.102991186,held_fold
ISIC_4643298,0,0.005798432,held_fold
ISIC_4646990,0,0.00031129355,held_fold
ISIC_4647886,0,0.0022345465,held_fold
ISIC_4654225,0,0.012750859,held_fold
ISIC_4655338,0,0.0030963155,held_fold
ISIC_4656565,0,0.036008034,held_fold
ISIC_4657733,0,0.1031572,held_fold
ISIC_4657838,0,0.0003883461,held_fold
ISIC_4663883,0,0.0014405135,held_fold
ISIC_4665178,0,0.012572855,held_fold
ISIC_4666619,0,0.0023019393,held_fold
ISIC_4669366,0,0.0025909361,held_fold
ISIC_4669490,0,0.0026085589,held_fold
ISIC_4670822,0,0.00012485417,held_fold
ISIC_4672353,0,0.00069992756,held_fold
ISIC_4675228,0,0.0022687747,held_fold
ISIC_4676579,0,2.5804015e-05,held_fold
ISIC_4677620,0,0.00048327429,held_fold
ISIC_4680417,0,0.004406723,held_fold
ISIC_4681089,0,3.2425265e-05,held_fold
ISIC_4684424,0,0.00793709,held_fold
ISIC_4686029,0,0.00065604266,held_fold
ISIC_4697272,0,5.7126817e-05,held_fold
ISIC_4698626,0,0.004257066,held_fold
ISIC_4699072,0,0.036871236,held_fold
ISIC_4701157,0,0.0032474017,held_fold
ISIC_4702258,0,7.688202e-06,held_fold
ISIC_4702716,0,0.0033334042,held_fold
ISIC_4702892,0,0.0011037472,held_fold
ISIC_4705307,0,0.0014178136,held_fold
ISIC_4707475,0,0.002015584,held_fold
ISIC_4707552,0,0.0034425538,held_fold
ISIC_4708642,0,4.1839703e-05,held_fold
ISIC_4709818,0,0.040037442,held_fold
ISIC_4711662,0,0.0021992424,held_fold
ISIC_4714617,0,0.00066592125,held_fold
ISIC_4715386,0,2.4418866e-06,held_fold
ISIC_4718237,0,0.0010683857,held_fold
ISIC_4721599,0,2.5524514e-05,held_fold
ISIC_4722942,0,0.0002771338,held_fold
ISIC_4723218,0,7.044929e-05,held_fold
ISIC_4725027,0,0.0020241665,held_fold
ISIC_4725103,0,0.00014648073,held_fold
ISIC_4726431,0,0.001149369,held_fold
ISIC_4726724,0,0.00014737765,held_fold
ISIC_4727718,0,0.06192993,held_fold
ISIC_4728167,0,0.00014378497,held_fold
ISIC_4728756,0,0.0028368065,held_fold
ISIC_4728968,0,0.001972453,held_fold
ISIC_4732241,0,0.00014033123,held_fold
ISIC_4734950,0,0.0090002725,held_fold
ISIC_4735120,0,0.0065593156,held_fold
ISIC_4738641,0,0.0016309859,held_fold
ISIC_4741533,0,0.10613815,held_fold
ISIC_4743738,0,0.00011641139,held_fold
ISIC_4743874,0,0.0031618238,held_fold
ISIC_4748023,0,0.0021500466,held_fold
ISIC_4748600,0,0.005447923,held_fold
ISIC_4749897,0,0.0004213515,held_fold
ISIC_4749959,0,0.0025341816,held_fold
ISIC_4750129,0,0.0015970508,held_fold
ISIC_4762916,0,0.18832366,held_fold
ISIC_4763436,0,0.10233883,held_fold
ISIC_4763703,0,0.0009540583,held_fold
ISIC_4763943,0,0.0010097461,held_fold
ISIC_4764002,0,0.009754312,held_fold
ISIC_4765961,0,0.005082971,held_fold
ISIC_4767345,0,0.00013060393,held_fold
ISIC_4768144,0,1.8531273e-05,held_fold
ISIC_4768668,0,0.0001254145,held_fold
ISIC_4770452,0,0.00012356696,held_fold
ISIC_4771668,0,0.00018326765,held_fold
ISIC_4774143,0,0.0005712109,held_fold
ISIC_4777536,0,0.00015217763,held_fold
ISIC_4780541,0,0.0010139452,held_fold
ISIC_4782254,0,0.0054471404,held_fold
ISIC_4784726,0,0.0054174797,held_fold
ISIC_4787852,0,9.589534e-05,held_fold
ISIC_4792446,0,0.095504895,held_fold
ISIC_4794433,0,1.7481372e-06,held_fold
ISIC_4796189,0,0.00512616,held_fold
ISIC_4797654,0,0.0038428418,held_fold
ISIC_4798962,0,0.048441507,held_fold
ISIC_4801791,0,8.328189e-05,held_fold
ISIC_4804912,0,0.0013579244,held_fold
ISIC_4807849,0,0.0015497532,held_fold
ISIC_4808309,0,0.0022101158,held_fold
ISIC_4812889,0,0.00054419483,held_fold
ISIC_4813181,0,0.00030073273,held_fold
ISIC_4816989,0,0.0022483391,held_fold
ISIC_4817112,0,0.0013985337,held_fold
ISIC_4818326,0,0.002112437,held_fold
ISIC_4822192,0,0.00021560625,held_fold
ISIC_4822306,0,0.00056572334,held_fold
ISIC_4822442,0,4.8113103e-05,held_fold
ISIC_4824111,0,7.2516916e-05,held_fold
ISIC_4824153,0,9.599471e-05,held_fold
ISIC_4826839,0,0.00019078533,held_fold
ISIC_4828380,0,0.113399446,held_fold
ISIC_4829356,0,0.000516855,held_fold
ISIC_4831895,0,0.0014768231,held_fold
ISIC_4836699,0,0.010316369,held_fold
ISIC_4836873,0,0.00041772574,held_fold
ISIC_4836901,0,0.07840183,held_fold
ISIC_4841705,0,0.032027833,held_fold
ISIC_4842681,0,0.0005213179,held_fold
ISIC_4843102,0,0.0010652646,held_fold
ISIC_4844741,0,0.08710619,held_fold
ISIC_4844937,0,0.005086925,held_fold
ISIC_4846042,0,5.8480462e-05,held_fold
ISIC_4846287,0,0.0064330017,held_fold
ISIC_4848484,0,0.00052820117,held_fold
ISIC_4849032,0,2.5774647e-05,held_fold
ISIC_4849252,0,3.359506e-05,held_fold
ISIC_4850678,0,4.0979958e-05,held_fold
ISIC_4851652,0,0.010218874,held_fold
ISIC_4857744,0,0.012057226,held_fold
ISIC_4859456,0,0.010314324,held_fold
ISIC_4863404,0,0.0010442104,held_fold
ISIC_4863708,0,0.0007796123,held_fold
ISIC_4865877,0,4.383433e-05,held_fold
ISIC_4868982,0,0.0010186028,held_fold
ISIC_4873009,0,5.0580045e-05,held_fold
ISIC_4874287,0,1.990575e-05,held_fold
ISIC_4874581,1,0.0047452967,held_fold
ISIC_4875724,0,0.00016103828,held_fold
ISIC_4876193,0,0.00856177,held_fold
ISIC_4877382,0,0.011973779,held_fold
ISIC_4882389,0,0.00020016113,held_fold
ISIC_4883212,0,0.00017802959,held_fold
ISIC_4889332,0,0.015922066,held_fold
ISIC_4892817,0,0.00083356583,held_fold
ISIC_4892823,0,7.323829e-05,held_fold
ISIC_4893602,0,0.0074597145,held_fold
ISIC_4895464,0,0.037201658,held_fold
ISIC_4896088,0,0.019335404,held_fold
ISIC_4899386,0,0.00031456386,held_fold
ISIC_4901330,0,0.01921793,held_fold
ISIC_4905331,0,0.0010169205,held_fold
ISIC_4906470,0,0.00014866599,held_fold
ISIC_4908514,0,0.44525188,held_fold
ISIC_4909229,0,0.00023919511,held_fold
ISIC_4910271,0,0.0016374713,held_fold
ISIC_4910683,0,0.032560997,held_fold
ISIC_4915404,0,0.001553117,held_fold
ISIC_4916704,1,0.03484327,held_fold
ISIC_4917773,0,0.0053916047,held_fold
ISIC_4919596,0,0.006548189,held_fold
ISIC_4919947,0,0.0072048744,held_fold
ISIC_4920051,0,0.0009769971,held_fold
ISIC_4921164,0,0.0021423418,held_fold
ISIC_4926484,0,0.0030840952,held_fold
ISIC_4927560,0,0.004502798,held_fold
ISIC_4928426,0,0.11548886,held_fold
ISIC_4930937,0,8.613024e-05,held_fold
ISIC_4931777,0,0.0016273352,held_fold
ISIC_4933119,0,0.004753873,held_fold
ISIC_4941243,0,0.0033546824,held_fold
ISIC_4943389,0,0.018535702,held_fold
ISIC_4946031,0,0.0005690025,held_fold
ISIC_4949672,0,0.0053411326,held_fold
ISIC_4956713,0,0.028543463,held_fold
ISIC_4956766,0,4.9152102e-05,held_fold
ISIC_4957216,0,0.03975837,held_fold
ISIC_4957315,0,0.00052295957,held_fold
ISIC_4958006,0,2.1346601e-05,held_fold
ISIC_4962984,0,0.002494062,held_fold
ISIC_4963405,0,0.14493503,held_fold
ISIC_4965832,0,0.0012879169,held_fold
ISIC_4967564,1,0.016682075,held_fold
ISIC_4968876,0,4.1729643e-05,held_fold
ISIC_4969221,0,6.246454e-05,held_fold
ISIC_4971047,0,0.014146626,held_fold
ISIC_4971534,0,0.0002319791,held_fold
ISIC_4971739,0,0.0022406154,held_fold
ISIC_4972756,0,0.00875974,held_fold
ISIC_4973203,0,0.011720339,held_fold
ISIC_4973549,0,4.1589243e-05,held_fold
ISIC_4974475,0,0.0023647884,held_fold
ISIC_4984992,0,6.092751e-05,held_fold
ISIC_4986933,0,0.0018365652,held_fold
ISIC_4992702,0,0.0011067521,held_fold
ISIC_4994072,0,0.00063491706,held_fold
ISIC_4994445,0,0.0382339,held_fold
ISIC_4998535,0,0.00040599698,held_fold
ISIC_5003226,0,0.0065243226,held_fold
ISIC_5003751,0,0.04749194,held_fold
ISIC_5008399,0,0.046087842,held_fold
ISIC_5011222,0,0.00010408641,held_fold
ISIC_5014425,0,0.07635178,held_fold
ISIC_5015081,0,0.0015000757,held_fold
ISIC_5023040,0,0.0014413546,held_fold
ISIC_5026565,0,0.00040663846,held_fold
ISIC_5026709,0,0.00077113777,held_fold
ISIC_5026745,0,0.024761172,held_fold
ISIC_5028303,0,0.00010178647,held_fold
ISIC_5028612,0,0.01050539,held_fold
ISIC_5029669,0,0.01342413,held_fold
ISIC_5037740,0,0.00023725178,held_fold
ISIC_5037796,0,0.008908091,held_fold
ISIC_5038440,0,0.0054469807,held_fold
ISIC_5039895,0,0.00018298582,held_fold
ISIC_5041679,0,0.00018004395,held_fold
ISIC_5044391,0,0.17134,held_fold
ISIC_5044479,0,0.0004762228,held_fold
ISIC_5044647,0,0.009948054,held_fold
ISIC_5046340,0,0.00038302297,held_fold
ISIC_5047840,0,0.0028828774,held_fold
ISIC_5047865,0,0.010903551,held_fold
ISIC_5048124,0,0.007214186,held_fold
ISIC_5051907,0,0.00038966813,held_fold
ISIC_5052630,0,0.002655045,held_fold
ISIC_5053869,0,0.00018355761,held_fold
ISIC_5054317,0,0.10043613,held_fold
ISIC_5055404,0,9.718007e-05,held_fold
ISIC_5059355,0,0.00013752554,held_fold
ISIC_5060012,0,0.00053871557,held_fold
ISIC_5061168,0,0.0026444723,held_fold
ISIC_5063451,0,0.0053090793,held_fold
ISIC_5064969,0,0.010069394,held_fold
ISIC_5067317,0,0.0030686334,held_fold
ISIC_5069412,0,0.0041265227,held_fold
ISIC_5069688,0,0.005114394,held_fold
ISIC_5069715,0,0.006512773,held_fold
ISIC_5069771,0,0.005300348,held_fold
ISIC_5070664,0,0.0003545337,held_fold
ISIC_5071555,0,0.003296935,held_fold
ISIC_5074129,0,9.648422e-05,held_fold
ISIC_5074160,0,0.002160217,held_fold
ISIC_5075453,0,0.01391139,held_fold
ISIC_5076700,0,0.0012061972,held_fold
ISIC_5076871,0,0.0006858929,held_fold
ISIC_5080559,0,0.0001650261,held_fold
ISIC_5080783,0,0.0007464489,held_fold
ISIC_5082615,0,0.017315147,held_fold
ISIC_5084146,0,0.001523861,held_fold
ISIC_5086403,0,0.00019807162,held_fold
ISIC_5086676,0,6.748405e-05,held_fold
ISIC_5090400,0,0.02790239,held_fold
ISIC_5095445,0,0.0009068608,held_fold
ISIC_5096378,0,0.00058069883,held_fold
ISIC_5103342,0,0.013897901,held_fold
ISIC_5106545,0,0.0032169933,held_fold
ISIC_5109327,0,0.0090130055,held_fold
ISIC_5117209,0,0.00080558757,held_fold
ISIC_5118254,0,0.15246053,held_fold
ISIC_5120109,0,0.0042109084,held_fold
ISIC_5120553,0,0.07574794,held_fold
ISIC_5123817,0,0.0014328873,held_fold
ISIC_5125226,0,2.488114e-05,held_fold
ISIC_5125960,0,1.4709634e-05,held_fold
ISIC_5131330,0,0.0020889372,held_fold
ISIC_5138032,0,0.011513901,held_fold
ISIC_5139028,0,4.9745217e-05,held_fold
ISIC_5141510,0,4.162368e-05,held_fold
ISIC_5142088,0,0.0010849005,held_fold
ISIC_5143813,0,0.01314934,held_fold
ISIC_5145325,0,0.001068119,held_fold
ISIC_5147346,0,0.0021349185,held_fold
ISIC_5148961,0,0.0006845496,held_fold
ISIC_5150141,0,0.0006469705,held_fold
ISIC_5150938,0,0.0010899745,held_fold
ISIC_5151261,0,0.0028768773,held_fold
ISIC_5152000,0,0.0013561053,held_fold
ISIC_5154320,0,9.812597e-05,held_fold
ISIC_5156210,0,0.034478907,held_fold
ISIC_5157055,0,0.0066718888,held_fold
ISIC_5157799,0,0.0025380275,held_fold
ISIC_5157962,0,0.0092092,held_fold
ISIC_5158910,0,0.00012095328,held_fold
ISIC_5162216,0,0.0012186668,held_fold
ISIC_5162699,0,0.00013887309,held_fold
ISIC_5162861,0,0.009290703,held_fold
ISIC_5163976,0,0.009562582,held_fold
ISIC_5164319,0,0.0033381202,held_fold
ISIC_5164416,0,0.004006526,held_fold
ISIC_5165286,0,0.00040352176,held_fold
ISIC_5165544,0,0.00048809458,held_fold
ISIC_5173343,0,0.00033760892,held_fold
ISIC_5173742,0,0.11026328,held_fold
ISIC_5174173,0,0.00031871645,held_fold
ISIC_5175471,0,0.0080518965,held_fold
ISIC_5175636,0,0.00014551486,held_fold
ISIC_5179497,0,0.00025394783,held_fold
ISIC_5179841,0,0.00010419207,held_fold
ISIC_5182592,0,0.0018147634,held_fold
ISIC_5187819,0,0.00014517752,held_fold
ISIC_5190484,0,1.277537e-05,held_fold
ISIC_5192051,0,0.0008406306,held_fold
ISIC_5192265,0,0.12104416,held_fold
ISIC_5193576,0,0.0025365478,held_fold
ISIC_5193810,0,0.013140223,held_fold
ISIC_5194334,0,0.00054334744,held_fold
ISIC_5198201,0,0.0025175128,held_fold
ISIC_5198347,0,0.0041063707,held_fold
ISIC_5200765,0,0.0015278764,held_fold
ISIC_5200791,0,0.00012232146,held_fold
ISIC_5200993,0,0.007035037,held_fold
ISIC_5202944,0,0.001182629,held_fold
ISIC_5204029,0,0.00010131642,held_fold
ISIC_5206080,0,0.0012640733,held_fold
ISIC_5206218,0,0.0012766072,held_fold
ISIC_5207738,0,0.014386819,held_fold
ISIC_5208069,0,0.17146458,held_fold
ISIC_5209031,0,2.5795598e-05,held_fold
ISIC_5209769,0,0.0070935087,held_fold
ISIC_5210063,0,0.0072181816,held_fold
ISIC_5210074,0,0.0011174792,held_fold
ISIC_5210185,0,0.00066083565,held_fold
ISIC_5216654,0,0.000865338,held_fold
ISIC_5218561,0,0.08119157,held_fold
ISIC_5222545,0,4.5135406e-05,held_fold
ISIC_5225256,0,0.0034397773,held_fold
ISIC_5225355,0,0.027208308,held_fold
ISIC_5226371,0,4.0745526e-05,held_fold
ISIC_5228997,0,0.0005818795,held_fold
ISIC_5229218,0,0.0003260122,held_fold
ISIC_5230345,0,0.00080073194,held_fold
ISIC_5230385,0,0.027805418,held_fold
ISIC_5231145,0,0.005190666,held_fold
ISIC_5231959,0,0.00060755515,held_fold
ISIC_5234605,0,0.0040965546,held_fold
ISIC_5238111,0,1.1862536e-05,held_fold
ISIC_5240834,0,0.006101031,held_fold
ISIC_5243140,0,0.00075593346,held_fold
ISIC_5243378,0,6.5002e-05,held_fold
ISIC_5247560,1,0.06983749,held_fold
ISIC_5251150,0,0.00014684489,held_fold
ISIC_5251834,0,0.00014865947,held_fold
ISIC_5252704,0,0.00018996377,held_fold
ISIC_5259313,0,0.013900692,held_fold
ISIC_5260050,1,0.07014342,held_fold
ISIC_5263858,0,0.0037966247,held_fold
ISIC_5265488,0,0.037471134,held_fold
ISIC_5268669,0,0.013529997,held_fold
ISIC_5269776,0,0.01001056,held_fold
ISIC_5269901,0,0.0021409895,held_fold
ISIC_5271116,0,0.00011485777,held_fold
ISIC_5272009,0,0.0044574016,held_fold
ISIC_5272837,0,0.060672846,held_fold
ISIC_5273268,0,0.00011128722,held_fold
ISIC_5282898,0,0.0067366147,held_fold
ISIC_5283061,0,0.00019156624,held_fold
ISIC_5283150,0,0.00012029376,held_fold
ISIC_5284504,0,0.0010503393,held_fold
ISIC_5286203,0,0.00020718656,held_fold
ISIC_5287679,0,0.00011499519,held_fold
ISIC_5291255,0,6.495355e-05,held_fold
ISIC_5292936,0,0.0044674636,held_fold
ISIC_5297101,0,0.0058447802,held_fold
ISIC_5301962,0,0.0009122529,held_fold
ISIC_5302483,0,0.016975712,held_fold
ISIC_5303829,0,0.0010609158,held_fold
ISIC_5304633,0,0.0041351556,held_fold
ISIC_5305786,0,0.005806286,held_fold
ISIC_5306841,0,0.004552962,held_fold
ISIC_5308066,0,0.00024780942,held_fold
ISIC_5308859,0,7.824023e-05,held_fold
ISIC_5313579,0,4.3193224e-05,held_fold
ISIC_5314606,0,0.0010133344,held_fold
ISIC_5318659,0,0.025857527,held_fold
ISIC_5321539,0,0.0028940341,held_fold
ISIC_5321852,0,9.149966e-05,held_fold
ISIC_5324428,0,0.0005868879,held_fold
ISIC_5325356,0,0.03559265,held_fold
ISIC_5327023,0,0.009797241,held_fold
ISIC_5329118,0,0.00042761472,held_fold
ISIC_5329156,0,0.0028243945,held_fold
ISIC_5332107,0,0.011648619,held_fold
ISIC_5332605,0,7.3538795e-05,held_fold
ISIC_5333238,0,0.049800787,held_fold
ISIC_5336289,0,0.044709343,held_fold
ISIC_5337442,0,9.252808e-06,held_fold
ISIC_5341606,0,0.00037179797,held_fold
ISIC_5343424,0,0.009688312,held_fold
ISIC_5345560,0,0.012475757,held_fold
ISIC_5346135,0,0.000119230324,held_fold
ISIC_5346659,0,0.042955503,held_fold
ISIC_5347806,0,0.0013307716,held_fold
ISIC_5348663,0,0.076755,held_fold
ISIC_5349456,0,0.002562261,held_fold
ISIC_5349762,0,0.0014425534,held_fold
ISIC_5351400,0,0.006571443,held_fold
ISIC_5355196,0,0.011439446,held_fold
ISIC_5357160,0,5.116325e-05,held_fold
ISIC_5358174,0,0.0028440047,held_fold
ISIC_5359127,0,0.0020277346,held_fold
ISIC_5360253,0,1.8943458e-05,held_fold
ISIC_5362188,0,0.0037163182,held_fold
ISIC_5362760,0,6.674739e-05,held_fold
ISIC_5364330,0,0.0053435527,held_fold
ISIC_5367149,0,0.0111393435,held_fold
ISIC_5370599,0,0.11654786,held_fold
ISIC_5372911,0,0.001930418,held_fold
ISIC_5373353,0,3.5960988e-05,held_fold
ISIC_5376036,0,0.00014593032,held_fold
ISIC_5377943,0,7.7345285e-05,held_fold
ISIC_5378363,0,7.0265596e-05,held_fold
ISIC_5378379,0,0.002566492,held_fold
ISIC_5381712,0,0.0003234926,held_fold
ISIC_5387829,0,0.00097471406,held_fold
ISIC_5389415,0,0.00054682454,held_fold
ISIC_5390932,0,2.1375974e-05,held_fold
ISIC_5393367,0,0.00021655808,held_fold
ISIC_5395344,0,0.0010069093,held_fold
ISIC_5395714,0,0.029123588,held_fold
ISIC_5396264,0,0.037514154,held_fold
ISIC_5396459,0,1.6870594e-05,held_fold
ISIC_5399150,0,0.0030667377,held_fold
ISIC_5404908,0,0.009190588,held_fold
ISIC_5406633,0,0.00054268807,held_fold
ISIC_5409716,0,0.005031263,held_fold
ISIC_5412095,0,0.00117224,held_fold
ISIC_5413674,0,0.0006428515,held_fold
ISIC_5414133,0,0.0008168786,held_fold
ISIC_5415213,0,0.0035293517,held_fold
ISIC_5416567,0,0.0063428064,held_fold
ISIC_5416646,0,0.0006266855,held_fold
ISIC_5418694,0,0.055237196,held_fold
ISIC_5419016,0,0.0006688244,held_fold
ISIC_5425691,0,0.008403328,held_fold
ISIC_5428925,0,0.00013867488,held_fold
ISIC_5433575,0,2.0914054e-05,held_fold
ISIC_5435642,0,0.00050357217,held_fold
ISIC_5436811,0,0.0020244978,held_fold
ISIC_5437766,0,0.0013125133,held_fold
ISIC_5439597,0,0.0007394953,held_fold
ISIC_5440063,0,0.00025554455,held_fold
ISIC_5440360,0,0.02016719,held_fold
ISIC_5442464,0,0.001613583,held_fold
ISIC_5442578,0,0.03072318,held_fold
ISIC_5443837,0,0.00019414836,held_fold
ISIC_5444355,0,0.0009421266,held_fold
ISIC_5444991,0,0.054436427,held_fold
ISIC_5446200,0,0.00014899069,held_fold
ISIC_5446957,0,0.002063256,held_fold
ISIC_5447103,0,0.032237973,held_fold
ISIC_5449597,0,0.0035857894,held_fold
ISIC_5449908,0,8.227163e-06,held_fold
ISIC_5455157,0,0.00034209687,held_fold
ISIC_5457889,0,0.000642725,held_fold
ISIC_5458933,0,0.003919551,held_fold
ISIC_5459795,0,0.005975448,held_fold
ISIC_5461609,0,0.00089342473,held_fold
ISIC_5463880,0,0.0058836676,held_fold
ISIC_5464900,0,9.3880535e-06,held_fold
ISIC_5464911,0,0.0068687787,held_fold
ISIC_5467728,0,0.0010449681,held_fold
ISIC_5470000,0,7.946905e-05,held_fold
ISIC_5470097,0,0.00023570505,held_fold
ISIC_5474663,0,0.00037060786,held_fold
ISIC_5475765,0,0.0009788624,held_fold
ISIC_5476174,0,0.00063344656,held_fold
ISIC_5477879,0,0.00038828093,held_fold
ISIC_5478234,0,0.025209138,held_fold
ISIC_5479774,0,0.01286207,held_fold
ISIC_5484270,0,0.0025739793,held_fold
ISIC_5485142,0,0.33342674,held_fold
ISIC_5485512,0,0.0064750714,held_fold
ISIC_5485524,0,0.06528025,held_fold
ISIC_5491301,0,0.0006079038,held_fold
ISIC_5491983,0,0.00016599447,held_fold
ISIC_5492174,0,0.00024314126,held_fold
ISIC_5493359,0,0.00092538266,held_fold
ISIC_5498059,0,0.0007741171,held_fold
ISIC_5499139,0,0.0039492203,held_fold
ISIC_5504525,0,0.0024677387,held_fold
ISIC_5505507,0,0.029858427,held_fold
ISIC_5505564,0,0.006410488,held_fold
ISIC_5508076,0,0.0007172088,held_fold
ISIC_5509946,0,0.00024413643,held_fold
ISIC_5514753,0,0.0020709971,held_fold
ISIC_5515734,0,0.13994959,held_fold
ISIC_5516462,0,0.00016424277,held_fold
ISIC_5517989,0,0.0031283326,held_fold
ISIC_5524048,0,0.0053519527,held_fold
ISIC_5526118,0,0.0073441165,held_fold
ISIC_5526478,0,0.00081192516,held_fold
ISIC_5527447,0,0.00076076813,held_fold
ISIC_5527572,0,2.3386456e-05,held_fold
ISIC_5538169,0,0.1547431,held_fold
ISIC_5539001,0,0.0014534537,held_fold
ISIC_5539180,0,0.00020304987,held_fold
ISIC_5540003,0,0.0038762598,held_fold
ISIC_5540047,0,0.007883282,held_fold
ISIC_5541223,0,0.0019181008,held_fold
ISIC_5544791,0,0.045357626,held_fold
ISIC_5547318,0,0.0049256063,held_fold
ISIC_5548608,0,0.017628362,held_fold
ISIC_5553495,0,0.0028647725,held_fold
ISIC_5557685,0,0.0002880226,held_fold
ISIC_5558657,0,0.0023725384,held_fold
ISIC_5558942,0,0.008411363,held_fold
ISIC_5562344,0,0.0011993108,held_fold
ISIC_5562603,0,0.0071821604,held_fold
ISIC_5563008,0,0.00028327366,held_fold
ISIC_5564757,0,0.0051361015,held_fold
ISIC_5565349,0,0.023538297,held_fold
ISIC_5565696,0,0.00032290223,held_fold
ISIC_5566396,0,0.02130853,held_fold
ISIC_5566630,0,0.02834291,held_fold
ISIC_5569568,0,0.0064889276,held_fold
ISIC_5569766,0,0.00018957583,held_fold
ISIC_5573924,0,0.039873004,held_fold
ISIC_5576501,0,0.012461056,held_fold
ISIC_5580000,0,0.00028111006,held_fold
ISIC_5580730,0,0.0001361173,held_fold
ISIC_5582679,0,0.07461347,held_fold
ISIC_5582962,0,0.024510507,held_fold
ISIC_5584377,0,0.00012682902,held_fold
ISIC_5586765,0,2.0880174e-05,held_fold
ISIC_5589724,0,0.00066906697,held_fold
ISIC_5589782,0,0.0003769272,held_fold
ISIC_5591515,0,2.4858658e-05,held_fold
ISIC_5592799,0,0.010507508,held_fold
ISIC_5595054,0,0.004413555,held_fold
ISIC_5600105,0,3.5332927e-05,held_fold
ISIC_5600337,0,0.0021939925,held_fold
ISIC_5601024,0,6.51433e-06,held_fold
ISIC_5601256,0,0.00028917438,held_fold
ISIC_5601317,0,0.0014603866,held_fold
ISIC_5604110,0,0.001042057,held_fold
ISIC_5604397,0,0.00064041704,held_fold
ISIC_5605916,0,0.026060814,held_fold
ISIC_5606099,0,0.0035754733,held_fold
ISIC_5606896,0,2.0535383e-05,held_fold
ISIC_5609541,0,0.0071392357,held_fold
ISIC_5610153,0,0.0010837396,held_fold
ISIC_5611049,0,0.00015285473,held_fold
ISIC_5612314,0,0.009301674,held_fold
ISIC_5615250,0,0.0023502335,held_fold
ISIC_5616806,0,0.002400374,held_fold
ISIC_5618055,0,0.051458657,held_fold
ISIC_5618128,0,0.0005859657,held_fold
ISIC_5619661,0,0.00034594198,held_fold
ISIC_5622348,0,0.0004351792,held_fold
ISIC_5627447,0,0.0011728979,held_fold
ISIC_5630940,0,0.10673459,held_fold
ISIC_5632905,0,0.007389442,held_fold
ISIC_5637715,0,0.019550644,held_fold
ISIC_5638642,0,0.00011373911,held_fold
ISIC_5638873,0,0.00052897126,held_fold
ISIC_5639070,0,7.852305e-05,held_fold
ISIC_5644039,0,0.020246677,held_fold
ISIC_5644242,0,0.00065813394,held_fold
ISIC_5644878,0,0.0029879215,held_fold
ISIC_5644962,0,0.0006005121,held_fold
ISIC_5645789,0,0.0005116004,held_fold
ISIC_5653572,0,0.0020199576,held_fold
ISIC_5657291,0,0.0034467543,held_fold
ISIC_5661100,0,0.0027585274,held_fold
ISIC_5668394,0,0.0004172611,held_fold
ISIC_5671321,0,0.00014728522,held_fold
ISIC_5672389,0,0.000710625,held_fold
ISIC_5673518,1,0.0023507355,held_fold
ISIC_5674396,0,8.0772144e-05,held_fold
ISIC_5676785,0,0.12515947,held_fold
ISIC_5676827,0,0.0007557667,held_fold
ISIC_5678799,0,0.0068309032,held_fold
ISIC_5682259,0,0.00016761741,held_fold
ISIC_5683235,0,2.3035926e-05,held_fold
ISIC_5684218,0,0.00015313571,held_fold
ISIC_5690108,0,0.00010832025,held_fold
ISIC_5691740,0,0.060906142,held_fold
ISIC_5694928,0,0.0006502183,held_fold
ISIC_5695185,0,0.009005751,held_fold
ISIC_5695623,0,0.00027575428,held_fold
ISIC_5698225,0,9.686163e-05,held_fold
ISIC_5699328,0,0.0019433923,held_fold
ISIC_5702748,0,0.0036795503,held_fold
ISIC_5703274,0,0.00089185766,held_fold
ISIC_5703303,0,0.0010782866,held_fold
ISIC_5704793,0,0.00037369085,held_fold
ISIC_5705734,0,0.0008378424,held_fold
ISIC_5706663,0,5.2962227e-05,held_fold
ISIC_5706908,0,0.0032129104,held_fold
ISIC_5707528,0,0.001210453,held_fold
ISIC_5707738,0,0.024561418,held_fold
ISIC_5707762,0,0.004639359,held_fold
ISIC_5708658,0,0.0002477664,held_fold
ISIC_5709247,0,6.0971455e-05,held_fold
ISIC_5709790,0,0.14697175,held_fold
ISIC_5712645,0,0.00033931682,held_fold
ISIC_5714090,0,8.248725e-05,held_fold
ISIC_5715041,0,0.0077125104,held_fold
ISIC_5718663,0,0.000736339,held_fold
ISIC_5718805,0,0.0005697732,held_fold
ISIC_5729430,0,0.0015056847,held_fold
ISIC_5730062,0,0.00037586008,held_fold
ISIC_5732487,0,0.0019940056,held_fold
ISIC_5736529,0,0.056096554,held_fold
ISIC_5736844,0,0.0030456013,held_fold
ISIC_5738661,0,0.01326675,held_fold
ISIC_5739096,0,0.00213452,held_fold
ISIC_5740023,0,0.0012693892,held_fold
ISIC_5742934,0,0.0001290503,held_fold
ISIC_5743740,0,0.0037007544,held_fold
ISIC_5746059,0,0.0056000142,held_fold
ISIC_5746904,0,8.5076885e-05,held_fold
ISIC_5747082,0,5.869063e-05,held_fold
ISIC_5751713,0,0.028511826,held_fold
ISIC_5751956,0,0.0013084057,held_fold
ISIC_5753196,0,0.0004049547,held_fold
ISIC_5754070,0,0.0012013093,held_fold
ISIC_5754214,0,0.003322439,held_fold
ISIC_5758316,0,0.00010235879,held_fold
ISIC_5758327,0,0.1181738,held_fold
ISIC_5759054,0,0.00036250107,held_fold
ISIC_5760047,0,0.00052102015,held_fold
ISIC_5760581,0,1.9722613e-05,held_fold
ISIC_5763050,0,0.10826079,held_fold
ISIC_5763750,0,0.045181524,held_fold
ISIC_5768032,0,0.015370846,held_fold
ISIC_5772938,0,0.0013511922,held_fold
ISIC_5775708,0,0.03688992,held_fold
ISIC_5776477,0,0.00034593506,held_fold
ISIC_5777169,0,0.00621859,held_fold
ISIC_5779294,0,0.0013913414,held_fold
ISIC_5780588,0,0.013477218,held_fold
ISIC_5783440,0,0.00023939315,held_fold
ISIC_5785399,0,0.012847585,held_fold
ISIC_5788537,0,0.0011311156,held_fold
ISIC_5790535,0,0.002866728,held_fold
ISIC_5790865,0,0.0011001991,held_fold
ISIC_5793600,0,0.00062999333,held_fold
ISIC_5793921,0,0.02348081,held_fold
ISIC_5797278,0,0.005313788,held_fold
ISIC_5798331,0,0.0026902233,held_fold
ISIC_5799312,0,8.168492e-05,held_fold
ISIC_5802768,0,0.023855705,held_fold
ISIC_5803620,0,0.003954391,held_fold
ISIC_5810306,0,0.004203435,held_fold
ISIC_5814641,0,0.000976529,held_fold
ISIC_5816399,0,0.0004200395,held_fold
ISIC_5819133,0,0.00012837748,held_fold
ISIC_5821131,0,0.0015485989,held_fold
ISIC_5821737,0,0.011573527,held_fold
ISIC_5821806,0,0.00049555086,held_fold
ISIC_5822747,0,0.0015374925,held_fold
ISIC_5826465,0,5.7756977e-05,held_fold
ISIC_5828564,0,0.00040303255,held_fold
ISIC_5833957,0,0.000735274,held_fold
ISIC_5835178,0,0.0015920071,held_fold
ISIC_5835414,0,0.0032932723,held_fold
ISIC_5836021,0,9.970088e-06,held_fold
ISIC_5847941,0,0.0045334925,held_fold
ISIC_5848007,0,0.0125784855,held_fold
ISIC_5848790,0,0.0070081013,held_fold
ISIC_5851895,0,0.009250564,held_fold
ISIC_5852065,0,0.0016390886,held_fold
ISIC_5852089,0,0.038685486,held_fold
ISIC_5853111,0,0.0003342668,held_fold
ISIC_5855004,0,0.12984677,held_fold
ISIC_5857303,0,2.2560756e-05,held_fold
ISIC_5857823,0,8.66114e-05,held_fold
ISIC_5858628,0,8.779654e-05,held_fold
ISIC_5859840,0,0.0002422832,held_fold
ISIC_5860269,0,0.0008284686,held_fold
ISIC_5863681,0,0.00853216,held_fold
ISIC_5864390,0,0.30923378,held_fold
ISIC_5864760,0,0.0006068225,held_fold
ISIC_5868835,0,0.0046010623,held_fold
ISIC_5869699,0,0.00028614933,held_fold
ISIC_5871588,0,0.011467261,held_fold
ISIC_5877410,0,0.0018440429,held_fold
ISIC_5879789,0,9.748189e-05,held_fold
ISIC_5879997,0,0.0153821595,held_fold
ISIC_5881453,0,0.007959235,held_fold
ISIC_5881871,0,0.0005393282,held_fold
ISIC_5883331,0,0.026765693,held_fold
ISIC_5886468,0,0.000106121486,held_fold
ISIC_5887816,0,0.0030883176,held_fold
ISIC_5889054,0,0.0012906374,held_fold
ISIC_5891099,0,0.0021409518,held_fold
ISIC_5891866,0,0.0010794407,held_fold
ISIC_5894764,0,0.0002120175,held_fold
ISIC_5896782,0,0.00021062,held_fold
ISIC_5897134,0,0.0083790105,held_fold
ISIC_5899528,0,0.0031858284,held_fold
ISIC_5900283,0,6.988643e-05,held_fold
ISIC_5902170,0,0.0027533285,held_fold
ISIC_5902741,0,0.103187755,held_fold
ISIC_5904617,0,0.007338469,held_fold
ISIC_5905077,0,8.1694416e-05,held_fold
ISIC_5907599,0,0.0023850177,held_fold
ISIC_5907909,0,0.004210081,held_fold
ISIC_5910413,0,0.00044709886,held_fold
ISIC_5910685,0,0.006388433,held_fold
ISIC_5919355,0,7.679043e-05,held_fold
ISIC_5919926,0,0.003521333,held_fold
ISIC_5921024,0,0.0005908881,held_fold
ISIC_5922523,0,0.00015572942,held_fold
ISIC_5924239,0,0.0015333031,held_fold
ISIC_5924261,0,0.004552259,held_fold
ISIC_5924758,0,0.027275644,held_fold
ISIC_5925557,0,0.0024746456,held_fold
ISIC_5942564,0,2.6035226e-05,held_fold
ISIC_5943775,0,0.122690566,held_fold
ISIC_5944377,0,9.536625e-05,held_fold
ISIC_5946998,0,0.15784399,held_fold
ISIC_5950041,0,9.252871e-05,held_fold
ISIC_5950116,0,0.013915668,held_fold
ISIC_5955793,0,0.0001290818,held_fold
ISIC_5957307,0,0.011595191,held_fold
ISIC_5960427,0,0.00133123,held_fold
ISIC_5960608,0,0.035646193,held_fold
ISIC_5961024,0,0.011669146,held_fold
ISIC_5964240,0,2.9299632e-05,held_fold
ISIC_5964676,0,0.0067316466,held_fold
ISIC_5968205,0,0.052633654,held_fold
ISIC_5968606,0,0.0011104124,held_fold
ISIC_5968883,0,8.531786e-05,held_fold
ISIC_5970659,0,0.0014639435,held_fold
ISIC_5976617,0,2.159501e-05,held_fold
ISIC_5978259,0,8.6124004e-05,held_fold
ISIC_5979807,0,0.00028719835,held_fold
ISIC_5980439,0,0.00011868585,held_fold
ISIC_5986586,0,0.00068165915,held_fold
ISIC_5986786,0,0.00092359196,held_fold
ISIC_5988963,0,9.1006805e-05,held_fold
ISIC_5990316,0,0.0020637861,held_fold
ISIC_5993863,0,0.06200251,held_fold
ISIC_5996925,0,0.008806084,held_fold
ISIC_5997802,0,0.00041661656,held_fold
ISIC_5999832,0,0.10630308,held_fold
ISIC_6000655,0,0.0053287568,held_fold
ISIC_6001936,0,0.00096116355,held_fold
ISIC_6007360,0,9.759388e-05,held_fold
ISIC_6008380,0,0.089052066,held_fold
ISIC_6010018,0,0.00025662765,held_fold
ISIC_6010241,0,0.00019283734,held_fold
ISIC_6010415,0,0.00024748215,held_fold
ISIC_6014025,0,0.00043470715,held_fold
ISIC_6014146,0,0.005618659,held_fold
ISIC_6019120,0,0.14991957,held_fold
ISIC_6023585,0,0.0011151965,held_fold
ISIC_6023795,0,0.28359887,held_fold
ISIC_6024863,0,0.0009284436,held_fold
ISIC_6025542,0,0.0102665,held_fold
ISIC_6027459,0,0.004470588,held_fold
ISIC_6027558,0,0.011450577,held_fold
ISIC_6027704,0,0.028359747,held_fold
ISIC_6028082,0,0.0039537335,held_fold
ISIC_6028510,0,0.009495435,held_fold
ISIC_6032520,0,0.022462675,held_fold
ISIC_6033238,0,3.935294e-05,held_fold
ISIC_6034346,0,0.0031802622,held_fold
ISIC_6039067,0,0.000105846804,held_fold
ISIC_6049052,0,0.00013863521,held_fold
ISIC_6050515,0,0.00011112816,held_fold
ISIC_6052860,0,5.7873418e-05,held_fold
ISIC_6056657,0,0.030066157,held_fold
ISIC_6056839,0,0.0117310705,held_fold
ISIC_6058127,0,0.002452685,held_fold
ISIC_6062243,0,0.00012990541,held_fold
ISIC_6066992,0,4.788077e-05,held_fold
ISIC_6068452,0,0.00037308343,held_fold
ISIC_6069236,0,0.00059672084,held_fold
ISIC_6069774,0,0.002325572,held_fold
ISIC_6073559,0,0.0015140675,held_fold
ISIC_6075066,0,0.02775941,held_fold
ISIC_6076561,0,4.7302754e-05,held_fold
ISIC_6081901,0,0.00931579,held_fold
ISIC_6085739,0,0.010256378,held_fold
ISIC_6087965,0,0.0019884866,held_fold
ISIC_6088194,0,6.435206e-05,held_fold
ISIC_6088525,0,0.00015571012,held_fold
ISIC_6089210,0,0.0021278427,held_fold
ISIC_6089798,0,0.004893087,held_fold
ISIC_6090313,0,0.00014207646,held_fold
ISIC_6094247,0,0.00265924,held_fold
ISIC_6094946,0,0.00018411467,held_fold
ISIC_6096977,0,0.051815085,held_fold
ISIC_6097000,0,0.027206734,held_fold
ISIC_6098213,0,0.10399985,held_fold
ISIC_6102654,0,0.011005996,held_fold
ISIC_6103877,0,0.0010629412,held_fold
ISIC_6105084,0,0.0009764265,held_fold
ISIC_6109464,0,0.0014499719,held_fold
ISIC_6110590,0,0.048623696,held_fold
ISIC_6117532,0,0.0008917272,held_fold
ISIC_6119386,0,0.015491434,held_fold
ISIC_6119830,0,0.00014617432,held_fold
ISIC_6123657,0,0.070352666,held_fold
ISIC_6123672,0,0.009805275,held_fold
ISIC_6125005,0,0.007398667,held_fold
ISIC_6125358,0,0.054270346,held_fold
ISIC_6126775,0,0.00017131768,held_fold
ISIC_6128108,0,0.0015226086,held_fold
ISIC_6129219,0,0.0013411983,held_fold
ISIC_6132442,0,9.652673e-05,held_fold
ISIC_6134930,0,0.014126053,held_fold
ISIC_6137928,0,0.0026807524,held_fold
ISIC_6140723,0,8.011459e-05,held_fold
ISIC_6146097,0,0.0018249437,held_fold
ISIC_6146290,0,0.00031898578,held_fold
ISIC_6148533,0,0.0026137587,held_fold
ISIC_6150014,0,0.00010744562,held_fold
ISIC_6157643,0,0.00062120747,held_fold
ISIC_6159865,0,0.002286762,held_fold
ISIC_6161460,0,0.0071792672,held_fold
ISIC_6162260,0,0.0005655589,held_fold
ISIC_6162437,0,0.00011241414,held_fold
ISIC_6162545,0,0.00044702343,held_fold
ISIC_6163509,0,0.049318273,held_fold
ISIC_6166308,0,0.0016984117,held_fold
ISIC_6166810,0,0.00013243817,held_fold
ISIC_6167377,0,8.7647306e-05,held_fold
ISIC_6169392,0,0.0003879925,held_fold
ISIC_6171737,0,0.0067118886,held_fold
ISIC_6175538,0,0.00080753246,held_fold
ISIC_6176607,0,0.0068569686,held_fold
ISIC_6177679,0,0.00082218496,held_fold
ISIC_6177730,0,0.002013837,held_fold
ISIC_6178740,0,0.041794483,held_fold
ISIC_6179749,0,0.0005256397,held_fold
ISIC_6181449,0,0.007851813,held_fold
ISIC_6186492,0,0.004105018,held_fold
ISIC_6187143,0,0.00013260219,held_fold
ISIC_6187335,0,0.0003254867,held_fold
ISIC_6188574,0,0.0006668558,held_fold
ISIC_6192573,0,0.0214843,held_fold
ISIC_6192822,0,0.0010183069,held_fold
ISIC_6193134,0,0.0075657,held_fold
ISIC_6194235,0,0.0024261626,held_fold
ISIC_6197292,0,0.0016320042,held_fold
ISIC_6198993,0,0.00026112457,held_fold
ISIC_6199414,0,0.027920894,held_fold
ISIC_6200741,0,0.013921467,held_fold
ISIC_6203052,0,0.00014095698,held_fold
ISIC_6208222,0,0.005640368,held_fold
ISIC_6209119,0,0.0011123911,held_fold
ISIC_6211801,0,0.054437768,held_fold
ISIC_6219532,0,0.02867132,held_fold
ISIC_6220784,0,0.0029904451,held_fold
ISIC_6222611,0,1.9631978e-05,held_fold
ISIC_6222956,0,0.13416305,held_fold
ISIC_6223322,0,0.0001130596,held_fold
ISIC_6228471,0,0.00015651275,held_fold
ISIC_6228536,0,0.08074595,held_fold
ISIC_6228827,0,0.0012004342,held_fold
ISIC_6236396,0,0.00014627555,held_fold
ISIC_6239639,0,0.00023703923,held_fold
ISIC_6239935,0,0.012255703,held_fold
ISIC_6239943,0,8.62365e-06,held_fold
ISIC_6240998,0,0.00031910438,held_fold
ISIC_6241178,0,0.00047692098,held_fold
ISIC_6242929,0,0.00061240053,held_fold
ISIC_6245027,0,3.7974765e-05,held_fold
ISIC_6247546,0,0.017335849,held_fold
ISIC_6247743,0,0.0003708659,held_fold
ISIC_6250010,0,7.717451e-05,held_fold
ISIC_6251471,0,0.0022583145,held_fold
ISIC_6254283,0,0.00013286901,held_fold
ISIC_6254988,0,0.00024144565,held_fold
ISIC_6257646,0,0.005472987,held_fold
ISIC_6260129,0,0.00024257766,held_fold
ISIC_6263974,0,0.011615124,held_fold
ISIC_6266268,0,0.008828876,held_fold
ISIC_6266876,0,0.00041058482,held_fold
ISIC_6267158,0,1.7365857e-05,held_fold
ISIC_6268691,0,0.0038975708,held_fold
ISIC_6269503,0,2.6931315e-05,held_fold
ISIC_6269796,0,0.0029884737,held_fold
ISIC_6270437,0,0.016890325,held_fold
ISIC_6270513,0,0.0014212156,held_fold
ISIC_6270846,0,0.0015314429,held_fold
ISIC_6271263,0,0.00070423045,held_fold
ISIC_6272501,0,0.000290178,held_fold
ISIC_6273964,0,0.0003956708,held_fold
ISIC_6276482,0,0.0009342639,held_fold
ISIC_6277077,0,0.0142437145,held_fold
ISIC_6277842,0,0.04147719,held_fold
ISIC_6278647,0,0.0067946315,held_fold
ISIC_6281906,0,0.0012596732,held_fold
ISIC_6282793,0,0.0065562776,held_fold
ISIC_6282950,0,0.006224893,held_fold
ISIC_6289765,0,0.007142934,held_fold
ISIC_6290709,0,0.00058244326,held_fold
ISIC_6292603,0,0.10077348,held_fold
ISIC_6293244,0,0.060351186,held_fold
ISIC_6294069,0,8.712998e-05,held_fold
ISIC_6295087,0,0.00023675918,held_fold
ISIC_6296308,0,0.00031967135,held_fold
ISIC_6299415,0,0.00016383576,held_fold
ISIC_6299511,0,0.00017040955,held_fold
ISIC_6303107,1,0.13105898,held_fold
ISIC_6304655,0,0.00020045716,held_fold
ISIC_6305230,0,0.01245408,held_fold
ISIC_6305442,0,0.010642781,held_fold
ISIC_6305501,0,8.216709e-05,held_fold
ISIC_6313605,0,0.00190728,held_fold
ISIC_6315192,0,0.006994387,held_fold
ISIC_6315607,0,0.00018864215,held_fold
ISIC_6316043,0,0.042995274,held_fold
ISIC_6317610,0,0.00672326,held_fold
ISIC_6319067,0,0.0005792748,held_fold
ISIC_6319225,0,0.0880617,held_fold
ISIC_6319742,0,0.05216664,held_fold
ISIC_6321076,0,0.22190598,held_fold
ISIC_6321436,0,0.0032273387,held_fold
ISIC_6323710,0,0.001777332,held_fold
ISIC_6326444,0,0.0005290638,held_fold
ISIC_6336454,0,0.00019635708,held_fold
ISIC_6338078,0,0.0006908755,held_fold
ISIC_6338357,0,0.04176399,held_fold
ISIC_6339062,0,9.5441756e-05,held_fold
ISIC_6340022,0,1.1188426e-05,held_fold
ISIC_6340394,0,0.00013002612,held_fold
ISIC_6341670,0,0.00031080068,held_fold
ISIC_6342533,0,0.0038600746,held_fold
ISIC_6344073,0,0.00010235079,held_fold
ISIC_6345464,0,0.0013537414,held_fold
ISIC_6348638,1,0.09609658,held_fold
ISIC_6349069,0,0.02852762,held_fold
ISIC_6352174,0,0.00060711557,held_fold
ISIC_6352401,0,2.995647e-05,held_fold
ISIC_6352565,1,0.0001124609,held_fold
ISIC_6353530,0,0.00138715,held_fold
ISIC_6365534,0,0.003988257,held_fold
ISIC_6368084,0,0.0017292515,held_fold
ISIC_6374821,0,0.0013881894,held_fold
ISIC_6375439,0,0.00064317085,held_fold
ISIC_6378963,0,6.548818e-05,held_fold
ISIC_6379299,0,0.0020866592,held_fold
ISIC_6379790,0,0.00018989677,held_fold
ISIC_6381090,0,0.00030497884,held_fold
ISIC_6381981,0,0.0016708998,held_fold
ISIC_6383949,0,0.0034009344,held_fold
ISIC_6384274,0,1.3871591e-05,held_fold
ISIC_6384927,0,0.00092243194,held_fold
ISIC_6388815,0,0.0002838333,held_fold
ISIC_6392089,0,0.0047635008,held_fold
ISIC_6395503,0,0.001246543,held_fold
ISIC_6396473,0,0.003739461,held_fold
ISIC_6398283,1,0.2120126,held_fold
ISIC_6399004,0,0.0005023197,held_fold
ISIC_6399923,0,0.012478072,held_fold
ISIC_6400232,0,0.040288873,held_fold
ISIC_6400714,0,0.00019046724,held_fold
ISIC_6403592,0,0.006064307,held_fold
ISIC_6403739,0,0.0028056456,held_fold
ISIC_6407060,0,0.010142368,held_fold
ISIC_6407190,0,0.018780397,held_fold
ISIC_6409060,0,0.005263418,held_fold
ISIC_6409671,0,0.0008560723,held_fold
ISIC_6411004,0,0.00028647692,held_fold
ISIC_6412112,0,0.002013197,held_fold
ISIC_6413651,0,0.009363742,held_fold
ISIC_6414006,0,0.0018523107,held_fold
ISIC_6416559,0,0.020025343,held_fold
ISIC_6418515,0,0.0017448107,held_fold
ISIC_6420302,0,0.005310152,held_fold
ISIC_6422703,0,0.0029220406,held_fold
ISIC_6423860,0,0.0010805216,held_fold
ISIC_6424460,0,5.2753545e-05,held_fold
ISIC_6425608,0,0.027156973,held_fold
ISIC_6426083,0,0.0024950316,held_fold
ISIC_6427086,0,0.002470568,held_fold
ISIC_6431475,0,0.002082073,held_fold
ISIC_6431697,0,0.00015163214,held_fold
ISIC_6433744,0,0.00047115367,held_fold
ISIC_6434210,0,0.00026667994,held_fold
ISIC_6434344,0,0.112342775,held_fold
ISIC_6435655,0,0.008476734,held_fold
ISIC_6436069,0,0.033897292,held_fold
ISIC_6440489,0,0.0032697641,held_fold
ISIC_6441985,0,0.07069979,held_fold
ISIC_6443700,0,0.0015522933,held_fold
ISIC_6443772,0,0.003725832,held_fold
ISIC_6444694,0,0.00010072284,held_fold
ISIC_6445453,0,0.000596154,held_fold
ISIC_6446753,0,0.008841298,held_fold
ISIC_6450034,1,0.1090529,held_fold
ISIC_6450123,0,0.003831639,held_fold
ISIC_6450541,0,0.00017309595,held_fold
ISIC_6458982,0,0.00095497514,held_fold
ISIC_6459358,0,0.00035910273,held_fold
ISIC_6464152,0,0.047384575,held_fold
ISIC_6464772,0,9.089457e-05,held_fold
ISIC_6469123,0,0.00011103431,held_fold
ISIC_6471878,0,0.0001230651,held_fold
ISIC_6472901,0,0.0018890837,held_fold
ISIC_6473446,0,0.0014517881,held_fold
ISIC_6473741,0,0.00021907724,held_fold
ISIC_6474947,0,0.0008908806,held_fold
ISIC_6475034,0,0.001959107,held_fold
ISIC_6475049,0,0.0011002278,held_fold
ISIC_6475895,0,0.00021335795,held_fold
ISIC_6476964,0,0.0007233835,held_fold
ISIC_6478314,0,0.0002671818,held_fold
ISIC_6479562,0,0.00064678094,held_fold
ISIC_6480121,0,0.0026609253,held_fold
ISIC_6482662,0,0.0006189765,held_fold
ISIC_6483504,0,0.001013922,held_fold
ISIC_6486810,0,0.00387239,held_fold
ISIC_6487069,0,0.028264489,held_fold
ISIC_6489551,0,2.2779372e-05,held_fold
ISIC_6491919,0,0.0073553906,held_fold
ISIC_6500602,0,0.003690757,held_fold
ISIC_6507241,0,0.00021791393,held_fold
ISIC_6512037,0,0.0010038391,held_fold
ISIC_6512653,1,0.06751307,held_fold
ISIC_6515283,0,0.00022111533,held_fold
ISIC_6515912,0,0.055203985,held_fold
ISIC_6518041,0,0.01018387,held_fold
ISIC_6521444,0,0.012933774,held_fold
ISIC_6522126,0,0.0075339274,held_fold
ISIC_6522875,0,0.002827208,held_fold
ISIC_6532096,0,0.0006102214,held_fold
ISIC_6536419,0,7.572597e-05,held_fold
ISIC_6536514,0,0.0010360378,held_fold
ISIC_6537539,0,0.0014316153,held_fold
ISIC_6539127,1,0.00020547616,held_fold
ISIC_6546423,0,1.8801096e-05,held_fold
ISIC_6549826,0,0.010170489,held_fold
ISIC_6550552,0,0.0050921375,held_fold
ISIC_6550650,0,0.000197715,held_fold
ISIC_6553467,0,0.0019576233,held_fold
ISIC_6555093,0,6.376975e-05,held_fold
ISIC_6555618,0,0.00645884,held_fold
ISIC_6556082,0,0.00046750155,held_fold
ISIC_6557194,0,0.029215528,held_fold
ISIC_6557781,0,0.00042656838,held_fold
ISIC_6558624,0,0.1262685,held_fold
ISIC_6558697,0,0.0025720554,held_fold
ISIC_6559838,0,2.3052673e-05,held_fold
ISIC_6561769,0,0.016454265,held_fold
ISIC_6562435,0,0.00694135,held_fold
ISIC_6563103,0,0.0010188349,held_fold
ISIC_6568233,0,6.911762e-05,held_fold
ISIC_6568236,0,0.0018891564,held_fold
ISIC_6569414,0,0.009333148,held_fold
ISIC_6570166,0,0.00017386413,held_fold
ISIC_6573731,0,0.002125925,held_fold
ISIC_6574042,0,0.024296269,held_fold
ISIC_6577388,0,0.009324176,held_fold
ISIC_6577767,0,0.00017193593,held_fold
ISIC_6577841,0,0.0007724142,held_fold
ISIC_6580109,0,0.0004733417,held_fold
ISIC_6580542,0,4.8894515e-05,held_fold
ISIC_6583844,0,0.00017592296,held_fold
ISIC_6587310,0,0.00031415152,held_fold
ISIC_6587979,0,0.16364302,held_fold
ISIC_6588103,0,0.019593356,held_fold
ISIC_6588204,0,8.1037695e-05,held_fold
ISIC_6590191,0,2.9074901e-05,held_fold
ISIC_6590303,0,0.001970707,held_fold
ISIC_6590554,0,0.0010279068,held_fold
ISIC_6593073,0,6.495454e-05,held_fold
ISIC_6593451,0,0.00036157056,held_fold
ISIC_6595224,0,0.0026236472,held_fold
ISIC_6595668,0,0.006114775,held_fold
ISIC_6596202,0,0.0013666514,held_fold
ISIC_6600150,0,0.068680875,held_fold
ISIC_6603703,0,0.00034396286,held_fold
ISIC_6606131,0,0.00020702739,held_fold
ISIC_6607939,0,0.056682173,held_fold
ISIC_6610220,0,0.010132664,held_fold
ISIC_6612188,0,0.0038171874,held_fold
ISIC_6613079,0,0.00010798488,held_fold
ISIC_6613986,0,0.0032814962,held_fold
ISIC_6613992,0,0.00022831198,held_fold
ISIC_6614805,0,0.0058368915,held_fold
ISIC_6615000,0,0.00013190079,held_fold
ISIC_6617749,0,8.301215e-05,held_fold
ISIC_6619962,0,0.00040914735,held_fold
ISIC_6620035,0,0.0007660143,held_fold
ISIC_6620288,0,6.0857594e-05,held_fold
ISIC_6623061,0,2.9045967e-05,held_fold
ISIC_6624321,0,0.004867002,held_fold
ISIC_6625189,0,1.1771951e-05,held_fold
ISIC_6625344,0,9.833372e-05,held_fold
ISIC_6627654,0,9.481006e-05,held_fold
ISIC_6628721,0,0.00042344694,held_fold
ISIC_6630240,0,0.001463273,held_fold
ISIC_6633174,0,0.25296625,held_fold
ISIC_6633906,0,0.016622772,held_fold
ISIC_6637946,0,3.4829107e-05,held_fold
ISIC_6638065,0,0.001248757,held_fold
ISIC_6638869,0,0.0007432417,held_fold
ISIC_6639525,0,0.0010676571,held_fold
ISIC_6640227,0,0.00015249808,held_fold
ISIC_6641007,0,0.08397322,held_fold
ISIC_6641378,0,0.016160574,held_fold
ISIC_6642608,0,0.0021021592,held_fold
ISIC_6642886,0,0.0012148768,held_fold
ISIC_6645328,0,1.3055621e-05,held_fold
ISIC_6647883,0,0.04855595,held_fold
ISIC_6651570,0,0.0019339821,held_fold
ISIC_6654619,0,9.695301e-06,held_fold
ISIC_6655874,0,0.00013082828,held_fold
ISIC_6661491,0,0.00025049847,held_fold
ISIC_6661862,0,0.0068492084,held_fold
ISIC_6670764,0,9.377674e-05,held_fold
ISIC_6673506,0,0.0001789626,held_fold
ISIC_6674739,0,0.025601897,held_fold
ISIC_6675773,0,0.00015424979,held_fold
ISIC_6679126,0,0.0012108202,held_fold
ISIC_6679922,0,0.025723534,held_fold
ISIC_6680649,0,0.0013443308,held_fold
ISIC_6681802,0,0.0013364422,held_fold
ISIC_6681838,0,0.0002610663,held_fold
ISIC_6684371,0,0.00066108763,held_fold
ISIC_6686804,0,0.0009834457,held_fold
ISIC_6687327,0,0.0032211656,held_fold
ISIC_6688417,1,0.0036375346,held_fold
ISIC_6689146,0,0.002014905,held_fold
ISIC_6692281,0,0.00010766757,held_fold
ISIC_6692344,1,0.050670676,held_fold
ISIC_6693976,0,0.026790194,held_fold
ISIC_6695831,1,0.09213225,held_fold
ISIC_6697013,0,9.150925e-06,held_fold
ISIC_6698114,0,0.00062389893,held_fold
ISIC_6700433,0,0.00021519468,held_fold
ISIC_6702997,0,0.0001214206,held_fold
ISIC_6706365,0,0.0033933402,held_fold
ISIC_6706980,0,0.0008533128,held_fold
ISIC_6707991,0,0.0007284616,held_fold
ISIC_6710082,0,0.00012584361,held_fold
ISIC_6710584,0,0.0028770373,held_fold
ISIC_6713263,0,6.8072986e-05,held_fold
ISIC_6713432,1,0.018603206,held_fold
ISIC_6714006,0,6.999327e-05,held_fold
ISIC_6718077,0,0.00084043347,held_fold
ISIC_6718307,0,0.00048443096,held_fold
ISIC_6718969,0,0.0024596667,held_fold
ISIC_6721869,0,0.0065613054,held_fold
ISIC_6721919,0,2.7998338e-05,held_fold
ISIC_6722934,0,0.0026637728,held_fold
ISIC_6723749,0,0.0035313426,held_fold
ISIC_6724095,0,0.002792542,held_fold
ISIC_6725045,0,0.0018867027,held_fold
ISIC_6725178,0,0.0026277858,held_fold
ISIC_6726435,0,0.00011153179,held_fold
ISIC_6731659,0,0.0001228831,held_fold
ISIC_6737771,0,0.00010300778,held_fold
ISIC_6737942,0,0.006292463,held_fold
ISIC_6742185,0,0.026564905,held_fold
ISIC_6745554,0,0.008335766,held_fold
ISIC_6746168,0,0.00029774575,held_fold
ISIC_6749024,0,0.0001468488,held_fold
ISIC_6750574,0,0.00989834,held_fold
ISIC_6753831,0,0.0004419241,held_fold
ISIC_6757533,0,0.039606016,held_fold
ISIC_6757674,0,0.00015597195,held_fold
ISIC_6757682,0,0.0005390319,held_fold
ISIC_6759615,0,0.00035021335,held_fold
ISIC_6759865,0,0.00096437806,held_fold
ISIC_6761269,0,0.00028335094,held_fold
ISIC_6762833,0,0.00011401405,held_fold
ISIC_6763469,0,0.0073396014,held_fold
ISIC_6764193,0,0.05359359,held_fold
ISIC_6766153,0,0.00056283135,held_fold
ISIC_6770028,0,0.018897131,held_fold
ISIC_6773319,0,0.0033748636,held_fold
ISIC_6782861,0,0.00032261547,held_fold
ISIC_6783285,0,4.459377e-05,held_fold
ISIC_6783448,0,0.0047828336,held_fold
ISIC_6784148,0,0.00010395448,held_fold
ISIC_6786074,0,0.0035364577,held_fold
ISIC_6787283,0,0.0029433542,held_fold
ISIC_6791406,0,0.00013071905,held_fold
ISIC_6791996,0,0.0007019161,held_fold
ISIC_6792544,0,0.00032076307,held_fold
ISIC_6795790,0,0.000113526075,held_fold
ISIC_6798380,0,0.007956058,held_fold
ISIC_6800044,0,8.549948e-05,held_fold
ISIC_6805451,0,0.0005599075,held_fold
ISIC_6808133,0,0.0020408311,held_fold
ISIC_6808543,0,0.0099996785,held_fold
ISIC_6808788,0,0.00016915298,held_fold
ISIC_6809586,1,0.17132406,held_fold
ISIC_6813745,0,0.00013911776,held_fold
ISIC_6814294,0,0.0029357416,held_fold
ISIC_6822870,0,0.00066954887,held_fold
ISIC_6822917,0,9.3143266e-05,held_fold
ISIC_6823429,0,0.03155797,held_fold
ISIC_6828115,0,0.015535391,held_fold
ISIC_6828892,0,0.00024507768,held_fold
ISIC_6829008,1,0.00852304,held_fold
ISIC_6829909,0,0.02148204,held_fold
ISIC_6831244,0,0.010136027,held_fold
ISIC_6831788,0,8.943636e-06,held_fold
ISIC_6832732,0,0.0018171058,held_fold
ISIC_6833584,0,0.13665934,held_fold
ISIC_6833855,0,0.00036192095,held_fold
ISIC_6836359,0,0.00049528165,held_fold
ISIC_6837656,0,6.907834e-05,held_fold
ISIC_6839610,0,9.183324e-05,held_fold
ISIC_6846015,0,0.00031086648,held_fold
ISIC_6846376,0,0.00027141455,held_fold
ISIC_6846447,0,0.0050006188,held_fold
ISIC_6847618,0,0.11042601,held_fold
ISIC_6850613,0,0.0021466857,held_fold
ISIC_6851030,0,0.00025983268,held_fold
ISIC_6851717,0,0.007125152,held_fold
ISIC_6852313,0,0.00048667294,held_fold
ISIC_6853584,0,0.0040132636,held_fold
ISIC_6855540,0,0.0002902693,held_fold
ISIC_6855941,0,0.0003792817,held_fold
ISIC_6856054,0,0.006791791,held_fold
ISIC_6856140,0,0.0030999149,held_fold
ISIC_6856867,0,0.07558181,held_fold
ISIC_6860064,0,1.5657472e-05,held_fold
ISIC_6863391,0,0.025521109,held_fold
ISIC_6864553,0,0.0005416114,held_fold
ISIC_6871361,0,0.00033993946,held_fold
ISIC_6875430,0,0.00020788983,held_fold
ISIC_6876281,0,0.00015106412,held_fold
ISIC_6879930,0,0.0001518231,held_fold
ISIC_6881780,0,4.3379147e-05,held_fold
ISIC_6892058,0,0.005700583,held_fold
ISIC_6895248,0,0.0003417931,held_fold
ISIC_6898502,0,0.0001145384,held_fold
ISIC_6899397,0,0.00069919793,held_fold
ISIC_6900448,0,0.014603512,held_fold
ISIC_6901997,0,0.0026867085,held_fold
ISIC_6906476,0,0.0025172327,held_fold
ISIC_6908183,0,0.0015953864,held_fold
ISIC_6914893,0,0.0023701794,held_fold
ISIC_6916445,0,0.0001382363,held_fold
ISIC_6916747,0,0.0001262188,held_fold
ISIC_6918981,0,0.0013123413,held_fold
ISIC_6919698,0,0.00014936454,held_fold
ISIC_6920867,0,0.20956004,held_fold
ISIC_6922243,0,0.00048729408,held_fold
ISIC_6924502,0,0.00036227098,held_fold
ISIC_6926620,0,8.337726e-05,held_fold
ISIC_6928847,0,0.0017989691,held_fold
ISIC_6928990,0,0.0020664444,held_fold
ISIC_6930559,0,0.03477268,held_fold
ISIC_6930612,0,0.00071500515,held_fold
ISIC_6933296,0,0.005823092,held_fold
ISIC_6933509,0,0.0006266228,held_fold
ISIC_6934334,0,0.014106051,held_fold
ISIC_6942436,0,0.00066153065,held_fold
ISIC_6943610,0,0.0013337554,held_fold
ISIC_6945921,0,0.17904076,held_fold
ISIC_6946330,0,0.1400096,held_fold
ISIC_6947576,0,0.0021894742,held_fold
ISIC_6948462,0,0.00011772888,held_fold
ISIC_6951464,0,0.011447873,held_fold
ISIC_6951506,0,0.0010468051,held_fold
ISIC_6951568,0,0.051729772,held_fold
ISIC_6952652,0,0.00014991529,held_fold
ISIC_6958823,0,1.1279102e-05,held_fold
ISIC_6964131,0,0.0002527502,held_fold
ISIC_6965441,0,0.016956314,held_fold
ISIC_6967143,0,0.00029903275,held_fold
ISIC_6968405,0,0.0027477567,held_fold
ISIC_6968683,0,0.0070440504,held_fold
ISIC_6970607,0,0.00011717448,held_fold
ISIC_6970727,0,0.00044966058,held_fold
ISIC_6974250,0,0.00018658602,held_fold
ISIC_6974830,0,0.010247916,held_fold
ISIC_6978997,0,0.00013287763,held_fold
ISIC_6981061,0,0.010083388,held_fold
ISIC_6982406,0,0.0024470787,held_fold
ISIC_6983970,0,0.0025047995,held_fold
ISIC_6984529,0,0.014911218,held_fold
ISIC_6985531,0,0.0022335597,held_fold
ISIC_6985838,0,0.27108163,held_fold
ISIC_6985882,0,0.0062168925,held_fold
ISIC_6986899,0,0.050710436,held_fold
ISIC_6987824,0,0.03648054,held_fold
ISIC_6988438,0,0.004384555,held_fold
ISIC_6990973,0,0.01738864,held_fold
ISIC_6992466,0,0.028531134,held_fold
ISIC_6992718,0,1.33311305e-05,held_fold
ISIC_6993690,0,0.00047274152,held_fold
ISIC_6993830,0,0.0035911703,held_fold
ISIC_6995731,0,0.0046209698,held_fold
ISIC_7001063,0,0.046098325,held_fold
ISIC_7001072,0,0.0026507592,held_fold
ISIC_7006847,0,0.0046265987,held_fold
ISIC_7008969,0,0.0021668484,held_fold
ISIC_7016261,0,0.01025765,held_fold
ISIC_7017711,0,0.0017786387,held_fold
ISIC_7018911,0,0.09257383,held_fold
ISIC_7020578,0,0.00890259,held_fold
ISIC_7023126,0,0.02149195,held_fold
ISIC_7023656,0,0.00010176784,held_fold
ISIC_7024060,0,0.00021745815,held_fold
ISIC_7024593,0,0.00012701082,held_fold
ISIC_7030404,0,0.001999631,held_fold
ISIC_7031709,0,0.0035758198,held_fold
ISIC_7032028,0,0.006092146,held_fold
ISIC_7032299,0,0.0018004248,held_fold
ISIC_7036741,0,0.0103885885,held_fold
ISIC_7039465,0,0.0013970329,held_fold
ISIC_7040108,0,8.0776306e-05,held_fold
ISIC_7040375,0,0.00013978635,held_fold
ISIC_7044032,0,0.025460687,held_fold
ISIC_7044635,0,0.0025011862,held_fold
ISIC_7049334,0,0.0120116165,held_fold
ISIC_7049442,0,7.08303e-05,held_fold
ISIC_7050575,0,0.014066761,held_fold
ISIC_7051800,0,0.0010963718,held_fold
ISIC_7054883,0,0.0046841516,held_fold
ISIC_7055743,0,0.007079217,held_fold
ISIC_7056131,0,0.0021144263,held_fold
ISIC_7056748,0,0.018369732,held_fold
ISIC_7061003,0,0.0046786326,held_fold
ISIC_7061651,0,0.0009932744,held_fold
ISIC_7063629,0,0.00011732162,held_fold
ISIC_7063995,0,0.00034654638,held_fold
ISIC_7064844,0,0.0049723038,held_fold
ISIC_7064987,0,0.02326149,held_fold
ISIC_7066393,0,0.00045761897,held_fold
ISIC_7067677,0,0.002052591,held_fold
ISIC_7068674,0,0.00013257489,held_fold
ISIC_7070088,0,0.0054807714,held_fold
ISIC_7070384,0,0.000106135456,held_fold
ISIC_7072802,0,0.056143764,held_fold
ISIC_7073546,0,0.00030860744,held_fold
ISIC_7073692,0,0.017442256,held_fold
ISIC_7076242,0,0.000526778,held_fold
ISIC_7076677,0,0.0008815356,held_fold
ISIC_7077047,0,0.004368695,held_fold
ISIC_7079653,0,0.00093522144,held_fold
ISIC_7088774,0,8.612121e-05,held_fold
ISIC_7089788,0,3.3584427e-05,held_fold
ISIC_7092167,0,0.00011272737,held_fold
ISIC_7095615,0,0.0003422887,held_fold
ISIC_7100813,0,0.0056121834,held_fold
ISIC_7105686,0,0.01064942,held_fold
ISIC_7107030,0,0.0003817722,held_fold
ISIC_7107052,0,0.003951395,held_fold
ISIC_7107771,0,0.0008151345,held_fold
ISIC_7108277,0,5.7834248e-05,held_fold
ISIC_7109584,0,0.00035217142,held_fold
ISIC_7109817,0,0.00015015418,held_fold
ISIC_7113612,0,0.0011371516,held_fold
ISIC_7114516,0,0.002015647,held_fold
ISIC_7114660,0,0.0033949064,held_fold
ISIC_7115079,0,0.00068781845,held_fold
ISIC_7115108,0,0.0058333585,held_fold
ISIC_7120223,0,2.5983334e-05,held_fold
ISIC_7122078,0,0.00871568,held_fold
ISIC_7122721,0,0.01284986,held_fold
ISIC_7123674,0,5.9252998e-05,held_fold
ISIC_7123768,0,0.0009003098,held_fold
ISIC_7125870,0,0.013615724,held_fold
ISIC_7127269,0,0.016904205,held_fold
ISIC_7128811,0,0.00018918722,held_fold
ISIC_7129083,0,0.0019395725,held_fold
ISIC_7129134,0,1.58632e-05,held_fold
ISIC_7129740,0,0.0012746741,held_fold
ISIC_7132832,0,0.00023423183,held_fold
ISIC_7135859,0,0.010748523,held_fold
ISIC_7138726,0,0.0061213137,held_fold
ISIC_7144643,0,0.006148562,held_fold
ISIC_7145077,0,0.007913897,held_fold
ISIC_7145788,0,1.2121674e-05,held_fold
ISIC_7146417,0,0.001346878,held_fold
ISIC_7149353,0,0.0006002371,held_fold
ISIC_7149484,0,0.00035995568,held_fold
ISIC_7150493,0,0.008130386,held_fold
ISIC_7153006,0,0.0019731235,held_fold
ISIC_7154037,0,0.00032983685,held_fold
ISIC_7154675,0,0.0050261714,held_fold
ISIC_7155505,0,0.0004478812,held_fold
ISIC_7156796,0,0.33578274,held_fold
ISIC_7156843,0,0.0034124174,held_fold
ISIC_7156892,0,6.600807e-05,held_fold
ISIC_7158063,0,0.0057371864,held_fold
ISIC_7164134,0,0.010189178,held_fold
ISIC_7166976,0,0.00019112763,held_fold
ISIC_7168122,0,0.002001617,held_fold
ISIC_7168300,0,0.0026785044,held_fold
ISIC_7173463,0,9.6321355e-06,held_fold
ISIC_7175873,0,0.008410698,held_fold
ISIC_7176034,0,0.001029669,held_fold
ISIC_7178615,0,0.0058940044,held_fold
ISIC_7179363,0,0.0010430908,held_fold
ISIC_7182702,0,0.049508464,held_fold
ISIC_7182917,0,0.001456117,held_fold
ISIC_7183272,0,0.000574356,held_fold
ISIC_7184722,0,5.5820794e-05,held_fold
ISIC_7184836,0,8.2890336e-05,held_fold
ISIC_7185482,0,0.0004541014,held_fold
ISIC_7186410,0,8.462055e-05,held_fold
ISIC_7188345,0,2.0008067e-05,held_fold
ISIC_7189099,0,0.0061966507,held_fold
ISIC_7189351,0,0.00014978042,held_fold
ISIC_7189490,0,0.003745444,held_fold
ISIC_7190624,0,0.00015565816,held_fold
ISIC_7192157,0,0.002166799,held_fold
ISIC_7193173,0,0.005259442,held_fold
ISIC_7193807,0,0.080698244,held_fold
ISIC_7194471,0,0.4278435,held_fold
ISIC_7195659,0,0.0036195384,held_fold
ISIC_7197601,0,0.0037730467,held_fold
ISIC_7199089,0,0.0013589406,held_fold
ISIC_7201189,0,2.8488963e-05,held_fold
ISIC_7206167,0,0.0019916042,held_fold
ISIC_7207080,0,9.637057e-05,held_fold
ISIC_7207977,0,0.00247677,held_fold
ISIC_7211332,0,0.00025591615,held_fold
ISIC_7212271,0,0.00055261876,held_fold
ISIC_7213944,0,0.19881889,held_fold
ISIC_7214989,0,0.000752989,held_fold
ISIC_7215575,0,0.0008320144,held_fold
ISIC_7220105,0,0.006886405,held_fold
ISIC_7225024,0,0.02153572,held_fold
ISIC_7226235,0,0.0043269717,held_fold
ISIC_7229261,0,0.009839083,held_fold
ISIC_7230300,0,0.002390051,held_fold
ISIC_7230374,0,0.0015661467,held_fold
ISIC_7230713,0,0.003291446,held_fold
ISIC_7231369,0,0.0005592257,held_fold
ISIC_7233090,0,0.00017943623,held_fold
ISIC_7233414,0,0.00026339045,held_fold
ISIC_7233663,0,0.0035299235,held_fold
ISIC_7235862,0,0.00052083813,held_fold
ISIC_7238928,0,0.0032228536,held_fold
ISIC_7242384,1,0.011119796,held_fold
ISIC_7249601,0,0.006692226,held_fold
ISIC_7250007,0,0.00035935943,held_fold
ISIC_7250445,0,0.01251195,held_fold
ISIC_7250728,0,9.5090385e-05,held_fold
ISIC_7251402,0,0.012129468,held_fold
ISIC_7252784,0,0.016575811,held_fold
ISIC_7254389,0,0.0016199241,held_fold
ISIC_7260365,0,3.8409416e-05,held_fold
ISIC_7260977,0,1.1752321e-05,held_fold
ISIC_7261519,0,0.0021894178,held_fold
ISIC_7263013,0,0.013658114,held_fold
ISIC_7264251,0,0.00014916128,held_fold
ISIC_7264813,0,0.00012440186,held_fold
ISIC_7266462,0,0.048891403,held_fold
ISIC_7266736,0,0.00015689347,held_fold
ISIC_7270945,0,0.000582802,held_fold
ISIC_7271156,0,0.09461774,held_fold
ISIC_7273838,0,0.0044187056,held_fold
ISIC_7278553,0,0.0044269105,held_fold
ISIC_7279060,0,0.012700165,held_fold
ISIC_7280561,0,0.00066665944,held_fold
ISIC_7281308,0,0.036095638,held_fold
ISIC_7281598,0,0.0017686842,held_fold
ISIC_7281969,0,0.001587544,held_fold
ISIC_7284349,0,0.00013595023,held_fold
ISIC_7285277,0,0.020741282,held_fold
ISIC_7287303,1,0.039407235,held_fold
ISIC_7287540,0,0.0005011843,held_fold
ISIC_7288186,0,0.00034079773,held_fold
ISIC_7288895,0,0.0057025724,held_fold
ISIC_7292853,0,0.18076415,held_fold
ISIC_7293518,1,0.006465493,held_fold
ISIC_7293697,0,0.015996614,held_fold
ISIC_7295186,0,0.00013424159,held_fold
ISIC_7296463,0,0.0018547783,held_fold
ISIC_7302580,0,0.0001856508,held_fold
ISIC_7302626,0,1.5190693e-05,held_fold
ISIC_7303401,0,0.010275874,held_fold
ISIC_7304480,0,0.0014186706,held_fold
ISIC_7305142,0,0.00014892395,held_fold
ISIC_7307418,0,0.022387922,held_fold
ISIC_7308572,0,0.00307053,held_fold
ISIC_7310249,0,0.0004443736,held_fold
ISIC_7313348,0,8.752453e-05,held_fold
ISIC_7314034,0,0.005011109,held_fold
ISIC_7315258,0,0.0030317814,held_fold
ISIC_7318464,0,0.00012725496,held_fold
ISIC_7318632,0,0.022241082,held_fold
ISIC_7319356,0,0.016597178,held_fold
ISIC_7319691,0,0.0006777308,held_fold
ISIC_7323300,0,0.0026106518,held_fold
ISIC_7326451,0,0.0029939532,held_fold
ISIC_7327423,1,0.2311046,held_fold
ISIC_7327592,0,0.0020772822,held_fold
ISIC_7329395,0,0.00027415575,held_fold
ISIC_7329684,0,0.028838426,held_fold
ISIC_7330573,0,0.2389296,held_fold
ISIC_7331345,0,0.0014622576,held_fold
ISIC_7332326,0,0.0078234095,held_fold
ISIC_7333167,0,0.007597517,held_fold
ISIC_7335835,0,0.036952704,held_fold
ISIC_7338250,0,0.146449,held_fold
ISIC_7339138,0,0.0009906584,held_fold
ISIC_7340247,0,8.24462e-05,held_fold
ISIC_7343537,0,0.00061202265,held_fold
ISIC_7344252,0,0.00026187854,held_fold
ISIC_7344356,0,0.01768476,held_fold
ISIC_7349615,0,4.6140676e-06,held_fold
ISIC_7352489,0,0.0001905508,held_fold
ISIC_7353761,0,0.06340027,held_fold
ISIC_7355141,0,0.00016833977,held_fold
ISIC_7356924,0,0.0020887353,held_fold
ISIC_7357436,0,0.005920901,held_fold
ISIC_7358625,0,0.0045130993,held_fold
ISIC_7364041,0,0.002126355,held_fold
ISIC_7365363,0,0.0010850566,held_fold
ISIC_7369896,0,0.053071555,held_fold
ISIC_7370281,0,0.002705416,held_fold
ISIC_7371985,0,0.0005795411,held_fold
ISIC_7373074,0,0.0063950405,held_fold
ISIC_7373780,0,0.00017484467,held_fold
ISIC_7375240,0,0.01643324,held_fold
ISIC_7376243,0,9.360663e-05,held_fold
ISIC_7376321,0,0.0025335262,held_fold
ISIC_7378303,0,0.00025774827,held_fold
ISIC_7381172,0,0.07632108,held_fold
ISIC_7385112,0,0.009343793,held_fold
ISIC_7391160,0,0.0036613804,held_fold
ISIC_7393085,0,0.026000202,held_fold
ISIC_7393413,0,0.00068915926,held_fold
ISIC_7397356,0,0.015697408,held_fold
ISIC_7397447,0,0.00072030997,held_fold
ISIC_7399786,0,0.08114358,held_fold
ISIC_7400392,0,0.006494239,held_fold
ISIC_7404638,0,0.02433859,held_fold
ISIC_7406107,0,0.0006436424,held_fold
ISIC_7408392,0,0.38548037,held_fold
ISIC_7410794,0,0.014743422,held_fold
ISIC_7411913,0,0.00082512706,held_fold
ISIC_7414145,0,0.00014577094,held_fold
ISIC_7417933,0,0.00726219,held_fold
ISIC_7418193,0,0.011470656,held_fold
ISIC_7419281,0,0.00065947854,held_fold
ISIC_7428248,0,0.00079745875,held_fold
ISIC_7436582,0,0.021634279,held_fold
ISIC_7436851,0,0.0011345547,held_fold
ISIC_7438349,0,0.00022771108,held_fold
ISIC_7441567,0,0.0044018845,held_fold
ISIC_7443928,0,4.400924e-05,held_fold
ISIC_7446263,0,0.00065126794,held_fold
ISIC_7452152,0,0.15474008,held_fold
ISIC_7452815,0,0.00012957708,held_fold
ISIC_7456891,0,1.8163495e-05,held_fold
ISIC_7457488,0,0.0015533994,held_fold
ISIC_7457790,0,0.04974821,held_fold
ISIC_7460887,1,0.011985591,held_fold
ISIC_7461390,0,0.00020388368,held_fold
ISIC_7461756,0,0.008616407,held_fold
ISIC_7462628,0,0.00018132987,held_fold
ISIC_7462981,0,1.4830432e-05,held_fold
ISIC_7465237,0,0.00022630984,held_fold
ISIC_7465944,0,0.00013404971,held_fold
ISIC_7468716,0,0.0035903307,held_fold
ISIC_7468872,0,0.0039010732,held_fold
ISIC_7473338,0,9.252853e-05,held_fold
ISIC_7473653,0,8.393054e-05,held_fold
ISIC_7474840,0,0.015048918,held_fold
ISIC_7477593,0,0.004322586,held_fold
ISIC_7478024,0,0.00010126195,held_fold
ISIC_7481615,0,0.00014100001,held_fold
ISIC_7484555,0,0.0015377897,held_fold
ISIC_7486266,0,0.1761035,held_fold
ISIC_7487840,0,0.0058603194,held_fold
ISIC_7488019,0,0.0001253332,held_fold
ISIC_7490776,0,0.00010987446,held_fold
ISIC_7491389,0,0.00011708714,held_fold
ISIC_7492374,0,0.00022480956,held_fold
ISIC_7492682,0,0.0009402139,held_fold
ISIC_7493388,0,0.0011444881,held_fold
ISIC_7493732,0,0.00025016957,held_fold
ISIC_7495371,0,0.00010746551,held_fold
ISIC_7500338,0,0.00010147228,held_fold
ISIC_7504276,0,0.0016900146,held_fold
ISIC_7504553,0,0.00017429404,held_fold
ISIC_7507130,0,0.00083632336,held_fold
ISIC_7507498,0,0.013267661,held_fold
ISIC_7508527,0,0.009657945,held_fold
ISIC_7510482,0,0.00012350523,held_fold
ISIC_7511781,0,0.18693522,held_fold
ISIC_7512288,0,0.004934247,held_fold
ISIC_7513953,0,0.0062609036,held_fold
ISIC_7514115,0,0.002355,held_fold
ISIC_7514390,0,9.606247e-05,held_fold
ISIC_7519806,0,1.5948754e-05,held_fold
ISIC_7520058,0,0.0003332581,held_fold
ISIC_7520307,0,7.409659e-05,held_fold
ISIC_7521537,0,0.0027465678,held_fold
ISIC_7526548,0,0.004466083,held_fold
ISIC_7527782,0,0.018436922,held_fold
ISIC_7529560,0,0.00014093253,held_fold
ISIC_7531073,0,0.00031070528,held_fold
ISIC_7531633,0,4.8434707e-05,held_fold
ISIC_7532096,0,6.0700295e-05,held_fold
ISIC_7533116,0,3.0512641e-05,held_fold
ISIC_7533236,0,0.00041627896,held_fold
ISIC_7538717,0,0.00041629426,held_fold
ISIC_7544460,0,0.0001762796,held_fold
ISIC_7547714,0,0.0049969545,held_fold
ISIC_7548630,0,0.003245348,held_fold
ISIC_7548634,0,0.002708807,held_fold
ISIC_7555662,0,6.669394e-05,held_fold
ISIC_7556341,0,0.00016554618,held_fold
ISIC_7560618,0,9.32814e-05,held_fold
ISIC_7563371,0,0.00024135773,held_fold
ISIC_7563568,0,0.025486697,held_fold
ISIC_7564393,0,0.0019854996,held_fold
ISIC_7567861,0,0.09492219,held_fold
ISIC_7570343,0,0.0010607966,held_fold
ISIC_7570495,0,0.0005818462,held_fold
ISIC_7570891,0,0.000196538,held_fold
ISIC_7570942,0,0.00013129144,held_fold
ISIC_7571027,0,0.014333277,held_fold
ISIC_7571140,0,0.0025024454,held_fold
ISIC_7571402,0,0.0070782513,held_fold
ISIC_7575857,0,0.0038753042,held_fold
ISIC_7577197,0,0.00013834311,held_fold
ISIC_7577395,1,0.014129374,held_fold
ISIC_7579536,0,0.001383018,held_fold
ISIC_7582765,0,0.00010735489,held_fold
ISIC_7589004,0,6.0393246e-05,held_fold
ISIC_7595416,0,0.0133407675,held_fold
ISIC_7595859,0,0.00012720401,held_fold
ISIC_7597293,0,0.029992247,held_fold
ISIC_7598343,0,0.00027478588,held_fold
ISIC_7599973,0,0.00044751694,held_fold
ISIC_7600279,0,0.0024955906,held_fold
ISIC_7601936,0,0.0002514403,held_fold
ISIC_7606849,0,6.975974e-06,held_fold
ISIC_7606860,0,0.012514454,held_fold
ISIC_7607829,0,0.008132705,held_fold
ISIC_7609592,0,0.00035712807,held_fold
ISIC_7617214,0,6.132483e-05,held_fold
ISIC_7618200,0,0.00053448265,held_fold
ISIC_7621283,0,0.00048274436,held_fold
ISIC_7624108,0,0.00014844956,held_fold
ISIC_7624563,0,6.3712505e-05,held_fold
ISIC_7625857,0,2.8007738e-05,held_fold
ISIC_7628500,0,7.002438e-05,held_fold
ISIC_7629241,0,0.006706731,held_fold
ISIC_7630208,0,0.013207923,held_fold
ISIC_7634379,0,0.0053542885,held_fold
ISIC_7634648,0,0.00031599947,held_fold
ISIC_7638227,0,0.00024345906,held_fold
ISIC_7641075,0,0.017484138,held_fold
ISIC_7641157,0,0.005371949,held_fold
ISIC_7641231,0,6.576027e-05,held_fold
ISIC_7642991,0,0.0015153382,held_fold
ISIC_7644093,0,0.0014421296,held_fold
ISIC_7645190,0,0.00013406659,held_fold
ISIC_7645625,0,0.11544931,held_fold
ISIC_7646167,0,0.0011417349,held_fold
ISIC_7646954,0,0.0008004642,held_fold
ISIC_7647299,0,0.0006304108,held_fold
ISIC_7649074,0,0.00024444994,held_fold
ISIC_7650711,0,0.014204359,held_fold
ISIC_7651944,0,0.00093087385,held_fold
ISIC_7653664,0,0.0014513963,held_fold
ISIC_7654562,0,9.795583e-05,held_fold
ISIC_7657155,0,8.836129e-05,held_fold
ISIC_7658431,0,0.41248915,held_fold
ISIC_7659833,0,0.0009648077,held_fold
ISIC_7662910,1,0.31665266,held_fold
ISIC_7663291,0,0.00455842,held_fold
ISIC_7665012,0,1.25794195e-05,held_fold
ISIC_7666224,0,0.00044594938,held_fold
ISIC_7671802,0,0.00784093,held_fold
ISIC_7672106,0,0.00034914055,held_fold
ISIC_7678171,0,0.0013855881,held_fold
ISIC_7679062,0,0.00013071955,held_fold
ISIC_7685237,0,0.017610518,held_fold
ISIC_7685853,0,0.0004301581,held_fold
ISIC_7687375,0,2.3143424e-05,held_fold
ISIC_7687848,0,5.481871e-05,held_fold
ISIC_7689821,0,0.035915516,held_fold
ISIC_7690134,0,0.0011131803,held_fold
ISIC_7692948,0,6.1692124e-05,held_fold
ISIC_7694069,0,0.00019226455,held_fold
ISIC_7696218,0,0.0020943654,held_fold
ISIC_7697366,0,0.00012131228,held_fold
ISIC_7698844,0,0.00024315056,held_fold
ISIC_7703479,0,0.20088439,held_fold
ISIC_7703655,0,0.00210349,held_fold
ISIC_7706503,0,0.0009780723,held_fold
ISIC_7706582,0,0.0053505674,held_fold
ISIC_7708255,0,0.000589115,held_fold
ISIC_7718295,0,0.006292636,held_fold
ISIC_7718540,0,0.0015888816,held_fold
ISIC_7718877,0,0.0002895275,held_fold
ISIC_7720378,0,0.0009728882,held_fold
ISIC_7720684,0,0.090870835,held_fold
ISIC_7722716,0,0.0022115717,held_fold
ISIC_7724959,0,0.00028928963,held_fold
ISIC_7725471,0,0.005395217,held_fold
ISIC_7725628,0,0.00012778537,held_fold
ISIC_7725651,0,0.099507034,held_fold
ISIC_7727908,0,0.0005667045,held_fold
ISIC_7728263,0,0.00010531181,held_fold
ISIC_7729169,0,0.0004339319,held_fold
ISIC_7729357,0,0.0022342678,held_fold
ISIC_7731447,0,0.032424644,held_fold
ISIC_7732765,0,0.0019245693,held_fold
ISIC_7733890,0,0.00015716447,held_fold
ISIC_7735102,0,0.0023855905,held_fold
ISIC_7738065,0,0.002038466,held_fold
ISIC_7740004,0,0.007927514,held_fold
ISIC_7741786,0,0.0021016202,held_fold
ISIC_7743124,0,0.017458044,held_fold
ISIC_7744262,0,4.567074e-05,held_fold
ISIC_7750443,0,0.0040763123,held_fold
ISIC_7754534,0,0.010091807,held_fold
ISIC_7755241,0,0.00035234302,held_fold
ISIC_7759913,0,6.983433e-05,held_fold
ISIC_7764074,0,0.010885479,held_fold
ISIC_7764144,0,0.0007819862,held_fold
ISIC_7765193,0,0.0017641447,held_fold
ISIC_7766845,0,0.002296088,held_fold
ISIC_7767772,0,0.044086825,held_fold
ISIC_7769213,0,0.17342289,held_fold
ISIC_7771320,0,9.478836e-05,held_fold
ISIC_7780663,0,0.0010031315,held_fold
ISIC_7782029,0,0.021246586,held_fold
ISIC_7784090,0,2.0143847e-05,held_fold
ISIC_7785457,0,0.25099567,held_fold
ISIC_7787473,0,0.005865463,held_fold
ISIC_7788309,0,0.018323548,held_fold
ISIC_7788567,0,0.0018739196,held_fold
ISIC_7788884,0,0.0022430248,held_fold
ISIC_7790213,0,0.00044074384,held_fold
ISIC_7797853,0,0.004231039,held_fold
ISIC_7798048,0,0.0011189688,held_fold
ISIC_7799968,0,0.00020841857,held_fold
ISIC_7800706,0,0.0027705387,held_fold
ISIC_7801289,0,0.00063904375,held_fold
ISIC_7803302,0,0.0030027765,held_fold
ISIC_7806926,0,0.00043691837,held_fold
ISIC_7814139,0,0.00017585454,held_fold
ISIC_7816432,0,0.0040530576,held_fold
ISIC_7818799,0,0.019623082,held_fold
ISIC_7820005,0,8.0791404e-05,held_fold
ISIC_7822725,0,0.007384694,held_fold
ISIC_7822776,0,0.00068127207,held_fold
ISIC_7825342,0,0.0013263602,held_fold
ISIC_7828539,0,0.00043157558,held_fold
ISIC_7829947,0,0.0017621288,held_fold
ISIC_7832309,0,0.0001734151,held_fold
ISIC_7833008,0,0.010466573,held_fold
ISIC_7838524,0,0.0009309457,held_fold
ISIC_7841720,0,0.0007807789,held_fold
ISIC_7848045,0,0.00014028788,held_fold
ISIC_7850134,0,0.0065034623,held_fold
ISIC_7852801,0,0.0001772768,held_fold
ISIC_7853267,0,0.01612784,held_fold
ISIC_7854457,0,0.25845867,held_fold
ISIC_7859098,0,9.14053e-05,held_fold
ISIC_7861718,0,0.003309793,held_fold
ISIC_7861942,0,8.112058e-05,held_fold
ISIC_7865214,0,0.0071422346,held_fold
ISIC_7865245,0,0.0006632781,held_fold
ISIC_7867077,0,6.4573137e-06,held_fold
ISIC_7870834,0,0.00018131813,held_fold
ISIC_7871610,0,0.00021729275,held_fold
ISIC_7872595,1,0.10407337,held_fold
ISIC_7874576,0,0.001004869,held_fold
ISIC_7874943,0,0.00019394483,held_fold
ISIC_7875088,0,0.005226882,held_fold
ISIC_7876737,0,0.019320296,held_fold
ISIC_7881017,0,0.0013712334,held_fold
ISIC_7885010,0,3.703764e-05,held_fold
ISIC_7885502,0,0.017052084,held_fold
ISIC_7886280,0,7.9980695e-05,held_fold
ISIC_7888704,0,0.000215031,held_fold
ISIC_7889231,0,0.15864286,held_fold
ISIC_7889258,0,0.0008150188,held_fold
ISIC_7893482,0,0.013251828,held_fold
ISIC_7894406,0,0.0011850648,held_fold
ISIC_7894765,0,0.000489455,held_fold
ISIC_7896548,0,0.004849414,held_fold
ISIC_7914181,0,0.005586594,held_fold
ISIC_7915595,0,0.028751984,held_fold
ISIC_7916211,0,0.00010546737,held_fold
ISIC_7918476,0,0.051496003,held_fold
ISIC_7920605,0,0.004391965,held_fold
ISIC_7921335,0,0.001994053,held_fold
ISIC_7921944,0,0.019112032,held_fold
ISIC_7927595,0,0.004425444,held_fold
ISIC_7928137,0,0.0012649592,held_fold
ISIC_7928614,0,0.00070437405,held_fold
ISIC_7929178,0,5.5848694e-05,held_fold
ISIC_7929184,0,6.330479e-05,held_fold
ISIC_7929526,0,0.0079589635,held_fold
ISIC_7929735,0,5.8000605e-05,held_fold
ISIC_7933162,0,0.003057526,held_fold
ISIC_7933945,0,0.02233377,held_fold
ISIC_7935528,0,0.00085536455,held_fold
ISIC_7935989,0,0.007829712,held_fold
ISIC_7936149,0,0.0071125627,held_fold
ISIC_7937491,0,0.024532147,held_fold
ISIC_7938148,0,0.0009737242,held_fold
ISIC_7945367,0,0.0016740677,held_fold
ISIC_7945429,0,0.00020826442,held_fold
ISIC_7947699,0,0.06377246,held_fold
ISIC_7948461,0,0.011650957,held_fold
ISIC_7950729,0,0.0151707865,held_fold
ISIC_7951202,0,0.016854005,held_fold
ISIC_7951378,0,0.0031320474,held_fold
ISIC_7951857,0,1.6929485e-05,held_fold
ISIC_7951995,0,0.043182667,held_fold
ISIC_7952832,0,0.0076524043,held_fold
ISIC_7960920,0,0.008806287,held_fold
ISIC_7961677,0,0.013730977,held_fold
ISIC_7964819,0,3.2588137e-05,held_fold
ISIC_7970002,0,0.016910775,held_fold
ISIC_7973340,0,1.28821985e-05,held_fold
ISIC_7973714,0,0.017138153,held_fold
ISIC_7977538,0,4.009136e-05,held_fold
ISIC_7980532,0,0.0003190916,held_fold
ISIC_7983259,0,0.0047967783,held_fold
ISIC_7984972,0,0.00020333545,held_fold
ISIC_7988212,0,5.2950007e-05,held_fold
ISIC_7988517,0,3.3088704e-06,held_fold
ISIC_7988735,0,0.00057841255,held_fold
ISIC_7990641,0,0.020104133,held_fold
ISIC_7990824,0,0.00017910052,held_fold
ISIC_7993774,0,0.075561725,held_fold
ISIC_7994405,0,0.0008576833,held_fold
ISIC_7994632,0,0.00048107206,held_fold
ISIC_7998509,0,0.0034765054,held_fold
ISIC_7999342,0,0.0009173148,held_fold
ISIC_7999682,0,0.11822822,held_fold
ISIC_8000617,0,0.00011493227,held_fold
ISIC_8002456,0,0.0061451476,held_fold
ISIC_8003638,0,0.0075581744,held_fold
ISIC_8005302,0,0.00082940346,held_fold
ISIC_8005856,0,0.0040400955,held_fold
ISIC_8009623,0,0.016571784,held_fold
ISIC_8010877,0,0.01637741,held_fold
ISIC_8014747,0,0.00031962444,held_fold
ISIC_8015441,0,1.3645054e-05,held_fold
ISIC_8015938,0,0.00018497053,held_fold
ISIC_8020098,0,0.000886507,held_fold
ISIC_8021960,0,0.0008244145,held_fold
ISIC_8022913,0,0.11042107,held_fold
ISIC_8023338,0,0.005737328,held_fold
ISIC_8023823,0,6.989589e-05,held_fold
ISIC_8025011,0,0.008489083,held_fold
ISIC_8025852,0,0.00062297465,held_fold
ISIC_8026750,0,0.0013030128,held_fold
ISIC_8027012,0,0.0013192269,held_fold
ISIC_8027372,0,0.0025853862,held_fold
ISIC_8032753,0,0.00039840123,held_fold
ISIC_8032856,0,1.9511961e-05,held_fold
ISIC_8034030,0,9.187985e-06,held_fold
ISIC_8040710,0,0.00015634332,held_fold
ISIC_8048668,0,0.0041808323,held_fold
ISIC_8051628,0,0.00081895094,held_fold
ISIC_8056594,0,0.023973944,held_fold
ISIC_8058717,0,0.00011444584,held_fold
ISIC_8059361,0,0.0003181997,held_fold
ISIC_8060329,0,0.003382235,held_fold
ISIC_8065633,0,0.005908903,held_fold
ISIC_8066098,0,0.0013776906,held_fold
ISIC_8066994,0,0.0036875114,held_fold
ISIC_8067080,0,0.0020058183,held_fold
ISIC_8067714,0,0.0008710444,held_fold
ISIC_8070070,0,0.022085927,held_fold
ISIC_8070555,0,0.00078318274,held_fold
ISIC_8072329,0,0.030552799,held_fold
ISIC_8073310,0,0.0011876927,held_fold
ISIC_8074281,0,0.024858309,held_fold
ISIC_8076729,0,0.0032099432,held_fold
ISIC_8078589,0,0.0053082104,held_fold
ISIC_8082988,0,0.0062926924,held_fold
ISIC_8083159,0,0.017361416,held_fold
ISIC_8085925,0,0.0014013462,held_fold
ISIC_8086919,0,0.0035021403,held_fold
ISIC_8087219,0,0.031690124,held_fold
ISIC_8087743,0,0.0012133371,held_fold
ISIC_8092805,0,4.867594e-05,held_fold
ISIC_8094833,0,0.0008902577,held_fold
ISIC_8095641,0,0.0014144158,held_fold
ISIC_8095869,0,0.0021213214,held_fold
ISIC_8095877,0,0.016575532,held_fold
ISIC_8096536,0,0.067041345,held_fold
ISIC_8098274,0,0.068180546,held_fold
ISIC_8099453,0,0.106828645,held_fold
ISIC_8102676,0,0.00024260033,held_fold
ISIC_8105853,0,0.0023426688,held_fold
ISIC_8106899,1,0.08379849,held_fold
ISIC_8107131,0,0.009364238,held_fold
ISIC_8108046,0,0.00309651,held_fold
ISIC_8108720,0,3.113438e-05,held_fold
ISIC_8109950,0,0.0027075652,held_fold
ISIC_8113528,0,5.8721987e-05,held_fold
ISIC_8118367,0,0.00042636594,held_fold
ISIC_8118968,0,0.00046600046,held_fold
ISIC_8122480,0,0.005125154,held_fold
ISIC_8127394,0,0.010502814,held_fold
ISIC_8132196,0,0.00084482227,held_fold
ISIC_8135400,0,0.000106163396,held_fold
ISIC_8136014,0,0.0025289995,held_fold
ISIC_8142852,0,0.00058884895,held_fold
ISIC_8145195,0,0.0016777848,held_fold
ISIC_8146629,0,0.0040804083,held_fold
ISIC_8147900,0,1.8788407e-05,held_fold
ISIC_8148759,0,0.010856177,held_fold
ISIC_8150821,0,0.007068355,held_fold
ISIC_8152481,0,0.018826328,held_fold
ISIC_8155175,0,4.379405e-05,held_fold
ISIC_8156142,0,0.00039322046,held_fold
ISIC_8157009,0,0.0027256215,held_fold
ISIC_8158805,0,0.0004408735,held_fold
ISIC_8168901,0,2.728876e-05,held_fold
ISIC_8169065,0,0.050602313,held_fold
ISIC_8170665,0,0.00062143727,held_fold
ISIC_8171932,0,0.0002753245,held_fold
ISIC_8172419,0,0.28712234,held_fold
ISIC_8173405,0,0.0067691156,held_fold
ISIC_8174981,0,0.0004515447,held_fold
ISIC_8179199,0,0.0035519942,held_fold
ISIC_8181142,0,8.38731e-05,held_fold
ISIC_8181833,0,0.0064158835,held_fold
ISIC_8183419,0,0.0018485651,held_fold
ISIC_8185167,0,0.0035246543,held_fold
ISIC_8187413,0,0.0002248863,held_fold
ISIC_8188060,0,0.0722459,held_fold
ISIC_8188797,0,0.0017611319,held_fold
ISIC_8191696,0,0.00029589786,held_fold
ISIC_8192501,0,0.03365081,held_fold
ISIC_8197240,0,0.0007460848,held_fold
ISIC_8197314,0,0.00019642223,held_fold
ISIC_8200027,0,0.0026459189,held_fold
ISIC_8201560,0,0.00024022452,held_fold
ISIC_8209221,0,0.0017802124,held_fold
ISIC_8211214,0,0.00017201825,held_fold
ISIC_8213147,0,0.00038597177,held_fold
ISIC_8213912,0,0.0019153494,held_fold
ISIC_8214010,0,0.014701894,held_fold
ISIC_8214583,0,0.112233266,held_fold
ISIC_8224371,0,0.00018033088,held_fold
ISIC_8225843,0,0.0035180298,held_fold
ISIC_8230731,0,0.0021949124,held_fold
ISIC_8231978,0,0.0462002,held_fold
ISIC_8233072,0,0.0018059467,held_fold
ISIC_8239309,0,0.03889506,held_fold
ISIC_8242789,0,0.054729618,held_fold
ISIC_8246244,0,0.06092087,held_fold
ISIC_8247802,0,0.003121569,held_fold
ISIC_8248109,0,9.0982845e-05,held_fold
ISIC_8249095,0,0.009861536,held_fold
ISIC_8249854,1,0.19462624,held_fold
ISIC_8252165,0,0.023860304,held_fold
ISIC_8252886,0,0.00014976041,held_fold
ISIC_8255942,0,0.0005355559,held_fold
ISIC_8257692,0,0.00038818858,held_fold
ISIC_8276053,0,0.005182087,held_fold
ISIC_8276826,0,3.7407728e-05,held_fold
ISIC_8278604,0,0.00031652112,held_fold
ISIC_8279476,0,0.010050339,held_fold
ISIC_8282954,0,0.00023469726,held_fold
ISIC_8284051,0,0.0071998932,held_fold
ISIC_8285124,0,0.00053271174,held_fold
ISIC_8289681,0,0.14178312,held_fold
ISIC_8292279,0,0.0002445982,held_fold
ISIC_8292326,0,0.0020023067,held_fold
ISIC_8295834,0,9.0223926e-05,held_fold
ISIC_8298466,0,0.011424445,held_fold
ISIC_8300152,0,0.019236086,held_fold
ISIC_8302321,0,0.0012320663,held_fold
ISIC_8303379,0,0.009952254,held_fold
ISIC_8304632,0,4.5342575e-05,held_fold
ISIC_8304923,0,0.00044634173,held_fold
ISIC_8314148,0,4.3502037e-06,held_fold
ISIC_8314430,0,0.008176758,held_fold
ISIC_8319512,0,0.00027672297,held_fold
ISIC_8319711,0,0.003249583,held_fold
ISIC_8320443,0,0.16906595,held_fold
ISIC_8329709,0,0.008748783,held_fold
ISIC_8335261,0,0.0011628252,held_fold
ISIC_8336606,0,0.007188984,held_fold
ISIC_8337767,0,0.0040739765,held_fold
ISIC_8338138,0,0.0063689277,held_fold
ISIC_8338141,0,0.00023734952,held_fold
ISIC_8339129,0,0.0024152522,held_fold
ISIC_8340256,0,0.15668204,held_fold
ISIC_8340426,0,0.037828766,held_fold
ISIC_8341947,0,3.1791012e-06,held_fold
ISIC_8343264,0,2.4756646e-05,held_fold
ISIC_8346238,0,5.5652945e-06,held_fold
ISIC_8347742,0,0.0034577386,held_fold
ISIC_8350483,0,0.0019266312,held_fold
ISIC_8351252,0,0.006515816,held_fold
ISIC_8351799,0,0.009791237,held_fold
ISIC_8353090,0,0.020417668,held_fold
ISIC_8355344,0,9.8608674e-05,held_fold
ISIC_8356618,0,0.014915279,held_fold
ISIC_8357415,0,0.0014188294,held_fold
ISIC_8360023,0,0.1794176,held_fold
ISIC_8366864,0,0.00022843218,held_fold
ISIC_8367005,0,8.915248e-05,held_fold
ISIC_8368264,0,0.000438061,held_fold
ISIC_8368872,0,7.314685e-05,held_fold
ISIC_8369671,0,6.8917405e-05,held_fold
ISIC_8373462,0,0.00025026026,held_fold
ISIC_8375982,0,0.010171123,held_fold
ISIC_8376212,0,0.008374238,held_fold
ISIC_8377233,0,5.9317754e-06,held_fold
ISIC_8380039,0,0.008365701,held_fold
ISIC_8380421,0,0.14109918,held_fold
ISIC_8380676,0,0.00010929222,held_fold
ISIC_8384985,0,0.0006505815,held_fold
ISIC_8387944,0,3.7171694e-06,held_fold
ISIC_8395493,0,0.011711544,held_fold
ISIC_8395902,0,0.00012265856,held_fold
ISIC_8396474,0,0.003416482,held_fold
ISIC_8397011,0,0.002771109,held_fold
ISIC_8399651,0,0.004237706,held_fold
ISIC_8400507,0,0.00025959942,held_fold
ISIC_8402962,0,0.0019782532,held_fold
ISIC_8403824,0,7.605292e-05,held_fold
ISIC_8404470,0,0.029042285,held_fold
ISIC_8412514,0,0.018936224,held_fold
ISIC_8413496,0,0.00062547455,held_fold
ISIC_8413593,0,2.2254162e-05,held_fold
ISIC_8413760,0,0.13124478,held_fold
ISIC_8415892,0,0.0007639636,held_fold
ISIC_8423248,0,0.00051825977,held_fold
ISIC_8426130,0,0.0009966267,held_fold
ISIC_8426553,0,8.25891e-05,held_fold
ISIC_8429917,0,0.008337923,held_fold
ISIC_8430687,0,0.00041395903,held_fold
ISIC_8431949,0,0.0015161292,held_fold
ISIC_8433108,0,0.00021575473,held_fold
ISIC_8433548,0,0.00014103281,held_fold
ISIC_8435125,0,0.0016405861,held_fold
ISIC_8436666,0,0.00049274496,held_fold
ISIC_8437480,0,0.0002626111,held_fold
ISIC_8438767,0,0.00094615127,held_fold
ISIC_8439307,0,0.3406344,held_fold
ISIC_8439888,0,0.0011965124,held_fold
ISIC_8447658,0,0.0008747106,held_fold
ISIC_8448473,0,0.001209437,held_fold
ISIC_8450947,0,0.010801749,held_fold
ISIC_8454214,0,0.0012042215,held_fold
ISIC_8454818,0,0.0027946092,held_fold
ISIC_8459354,0,0.0019975596,held_fold
ISIC_8459932,0,4.385281e-05,held_fold
ISIC_8460093,0,0.00086260244,held_fold
ISIC_8460226,0,6.415855e-05,held_fold
ISIC_8461708,0,0.0028695492,held_fold
ISIC_8462070,0,0.00089426874,held_fold
ISIC_8465152,0,0.008953296,held_fold
ISIC_8466737,0,0.0067963824,held_fold
ISIC_8466805,0,0.00022486958,held_fold
ISIC_8470235,0,0.00011638608,held_fold
ISIC_8470398,0,6.557129e-05,held_fold
ISIC_8471137,0,0.005451839,held_fold
ISIC_8473985,0,0.13013078,held_fold
ISIC_8475025,0,0.0024118815,held_fold
ISIC_8475462,0,0.00031339048,held_fold
ISIC_8479278,0,0.01030529,held_fold
ISIC_8479913,0,0.008314544,held_fold
ISIC_8481601,0,0.0079809055,held_fold
ISIC_8483458,0,0.00014019695,held_fold
ISIC_8483799,0,0.011915409,held_fold
ISIC_8485822,0,0.002219585,held_fold
ISIC_8488057,0,0.0006416328,held_fold
ISIC_8490884,0,0.00022196957,held_fold
ISIC_8492249,0,0.00017966359,held_fold
ISIC_8492957,0,0.041621868,held_fold
ISIC_8493313,0,0.00072394934,held_fold
ISIC_8494551,0,0.00492231,held_fold
ISIC_8498777,0,0.0005173193,held_fold
ISIC_8500006,0,0.027369188,held_fold
ISIC_8500876,0,0.0016551331,held_fold
ISIC_8501248,0,0.057868727,held_fold
ISIC_8505412,0,0.010895635,held_fold
ISIC_8507809,0,9.031828e-05,held_fold
ISIC_8509562,0,0.0021647257,held_fold
ISIC_8509577,1,0.062765785,held_fold
ISIC_8511557,0,0.00040689707,held_fold
ISIC_8514989,0,0.00022525327,held_fold
ISIC_8515582,0,0.0035557752,held_fold
ISIC_8517492,0,0.10980425,held_fold
ISIC_8519725,0,0.0008140656,held_fold
ISIC_8520545,0,0.00014399133,held_fold
ISIC_8521337,0,0.0005610243,held_fold
ISIC_8521610,1,0.28235865,held_fold
ISIC_8521849,0,0.00071702286,held_fold
ISIC_8523143,0,6.7047986e-05,held_fold
ISIC_8523496,0,0.0068464815,held_fold
ISIC_8523824,0,0.0010732546,held_fold
ISIC_8527607,0,0.00012768598,held_fold
ISIC_8529767,0,0.0001884261,held_fold
ISIC_8531962,0,0.0026260992,held_fold
ISIC_8534607,0,0.02772613,held_fold
ISIC_8535134,0,0.004993181,held_fold
ISIC_8540723,0,0.00049389893,held_fold
ISIC_8541533,0,0.00016878145,held_fold
ISIC_8542407,0,0.0094604865,held_fold
ISIC_8543040,0,0.00032881144,held_fold
ISIC_8546049,0,0.0022394676,held_fold
ISIC_8547714,0,0.0027953798,held_fold
ISIC_8555379,0,0.0585522,held_fold
ISIC_8561864,0,0.00045227705,held_fold
ISIC_8562820,0,1.34123375e-05,held_fold
ISIC_8563132,0,0.001177399,held_fold
ISIC_8570402,0,0.025044015,held_fold
ISIC_8571029,0,0.0008561172,held_fold
ISIC_8571168,0,0.0034373752,held_fold
ISIC_8573837,0,0.00025863,held_fold
ISIC_8574064,0,0.006786341,held_fold
ISIC_8574363,0,0.00018951762,held_fold
ISIC_8575769,0,0.0800556,held_fold
ISIC_8577970,0,1.0655143e-05,held_fold
ISIC_8583462,0,8.1076345e-05,held_fold
ISIC_8584628,0,9.9627556e-05,held_fold
ISIC_8592574,0,0.0009940616,held_fold
ISIC_8593130,0,0.113396734,held_fold
ISIC_8594757,0,1.4053721e-05,held_fold
ISIC_8595062,0,0.002093424,held_fold
ISIC_8595133,0,0.000516136,held_fold
ISIC_8596752,0,0.00042637243,held_fold
ISIC_8597158,0,5.9956095e-05,held_fold
ISIC_8598120,0,0.0003039368,held_fold
ISIC_8598253,0,0.0001366122,held_fold
ISIC_8599152,0,0.0012626823,held_fold
ISIC_8601951,0,0.00014392653,held_fold
ISIC_8607090,0,7.7595425e-05,held_fold
ISIC_8607298,0,0.040793553,held_fold
ISIC_8608062,0,0.017747983,held_fold
ISIC_8608270,0,0.0002795396,held_fold
ISIC_8610534,0,0.013859965,held_fold
ISIC_8614812,0,0.00047187266,held_fold
ISIC_8621723,0,0.00043757065,held_fold
ISIC_8622204,0,0.0003228505,held_fold
ISIC_8622941,0,0.0030212107,held_fold
ISIC_8628166,0,0.001820684,held_fold
ISIC_8629084,0,0.0019034994,held_fold
ISIC_8630053,0,0.0018631739,held_fold
ISIC_8630963,0,5.57493e-05,held_fold
ISIC_8632387,0,0.0028880246,held_fold
ISIC_8633512,0,0.019707443,held_fold
ISIC_8634670,0,0.000111347734,held_fold
ISIC_8635020,0,0.0005029867,held_fold
ISIC_8635849,0,0.00025408444,held_fold
ISIC_8635853,0,0.000422091,held_fold
ISIC_8637407,0,9.7299875e-05,held_fold
ISIC_8639128,0,0.0002787646,held_fold
ISIC_8639448,0,0.00020086048,held_fold
ISIC_8641048,0,0.00050815067,held_fold
ISIC_8651541,0,0.058999438,held_fold
ISIC_8652599,0,0.00014451485,held_fold
ISIC_8652894,0,0.0014490975,held_fold
ISIC_8653009,0,0.0014569978,held_fold
ISIC_8653749,0,0.0019937388,held_fold
ISIC_8657028,0,0.0057857074,held_fold
ISIC_8657243,0,0.007702776,held_fold
ISIC_8657381,0,0.014648057,held_fold
ISIC_8659272,0,0.02557113,held_fold
ISIC_8660448,0,0.018256824,held_fold
ISIC_8667460,0,0.00084247807,held_fold
ISIC_8668954,0,0.00012833977,held_fold
ISIC_8669560,0,0.0044548167,held_fold
ISIC_8670477,0,0.00027240952,held_fold
ISIC_8671702,0,0.005548962,held_fold
ISIC_8674332,0,0.0023868745,held_fold
ISIC_8675583,0,0.0038711834,held_fold
ISIC_8675695,0,0.017552026,held_fold
ISIC_8676418,0,7.850161e-06,held_fold
ISIC_8677254,0,0.005497387,held_fold
ISIC_8677503,0,0.011918699,held_fold
ISIC_8683098,0,1.3289471e-05,held_fold
ISIC_8684147,0,0.0018655199,held_fold
ISIC_8690232,0,0.004072742,held_fold
ISIC_8692006,0,0.00013994132,held_fold
ISIC_8693823,0,0.076736555,held_fold
ISIC_8694181,0,0.011384651,held_fold
ISIC_8696711,0,4.7378686e-05,held_fold
ISIC_8697426,0,0.004781068,held_fold
ISIC_8698578,0,2.0217285e-05,held_fold
ISIC_8699796,0,0.00010967495,held_fold
ISIC_8705729,0,0.028222675,held_fold
ISIC_8705845,0,0.029233573,held_fold
ISIC_8706909,0,0.0021393562,held_fold
ISIC_8709698,0,0.02567556,held_fold
ISIC_8710040,0,0.025911955,held_fold
ISIC_8711307,0,0.00016292349,held_fold
ISIC_8711983,0,0.00085376046,held_fold
ISIC_8712998,0,0.00020776737,held_fold
ISIC_8715332,0,0.00035741756,held_fold
ISIC_8717030,0,0.004593615,held_fold
ISIC_8719883,0,0.00020954917,held_fold
ISIC_8725334,0,0.0034197678,held_fold
ISIC_8725878,0,0.013710515,held_fold
ISIC_8726909,0,0.00045658374,held_fold
ISIC_8730957,0,0.0020005924,held_fold
ISIC_8738925,0,0.00051583844,held_fold
ISIC_8740452,0,0.0005101429,held_fold
ISIC_8745884,0,0.00023104933,held_fold
ISIC_8747441,0,0.0056078583,held_fold
ISIC_8748070,0,0.018865947,held_fold
ISIC_8748253,0,0.0057934974,held_fold
ISIC_8749288,0,8.184163e-05,held_fold
ISIC_8749680,0,0.0006587474,held_fold
ISIC_8751380,0,0.2911169,held_fold
ISIC_8753831,0,0.00026422399,held_fold
ISIC_8754690,0,0.0006650733,held_fold
ISIC_8756356,0,0.00095776154,held_fold
ISIC_8757180,0,0.0010478686,held_fold
ISIC_8757204,0,0.0016615797,held_fold
ISIC_8758801,0,0.0016751352,held_fold
ISIC_8761972,0,0.008557902,held_fold
ISIC_8762217,0,0.14026132,held_fold
ISIC_8765068,0,0.0014114219,held_fold
ISIC_8767074,0,0.094875254,held_fold
ISIC_8770180,0,0.36382902,held_fold
ISIC_8772124,0,1.5911623e-05,held_fold
ISIC_8772811,0,0.023844505,held_fold
ISIC_8773478,0,0.0050965506,held_fold
ISIC_8773568,0,0.0009340753,held_fold
ISIC_8774086,0,0.00014008737,held_fold
ISIC_8774326,0,0.0006920696,held_fold
ISIC_8779142,0,0.00023845371,held_fold
ISIC_8779202,0,1.6552058e-05,held_fold
ISIC_8782134,0,0.00602369,held_fold
ISIC_8785434,0,0.0011478935,held_fold
ISIC_8792007,0,0.0046448587,held_fold
ISIC_8793609,0,0.007116087,held_fold
ISIC_8794796,0,0.009522597,held_fold
ISIC_8794948,0,0.009420253,held_fold
ISIC_8796413,0,0.001927519,held_fold
ISIC_8796632,0,0.00015769107,held_fold
ISIC_8796769,0,0.002807777,held_fold
ISIC_8798346,0,0.0018024121,held_fold
ISIC_8798579,0,0.01492859,held_fold
ISIC_8799844,0,8.678783e-05,held_fold
ISIC_8802544,0,0.0061539724,held_fold
ISIC_8803537,0,0.008399265,held_fold
ISIC_8805114,0,0.009546536,held_fold
ISIC_8806180,0,0.00037373952,held_fold
ISIC_8811120,0,9.032413e-05,held_fold
ISIC_8811316,0,0.0001288661,held_fold
ISIC_8815782,0,0.0005922734,held_fold
ISIC_8822331,0,0.00031307037,held_fold
ISIC_8822826,0,0.011046038,held_fold
ISIC_8827637,0,0.0015035778,held_fold
ISIC_8827672,0,7.1119975e-05,held_fold
ISIC_8828670,0,0.053319037,held_fold
ISIC_8831706,0,0.11538936,held_fold
ISIC_8832449,0,0.00039996067,held_fold
ISIC_8833352,0,0.0036105781,held_fold
ISIC_8834282,0,0.012443311,held_fold
ISIC_8834291,0,0.0015488908,held_fold
ISIC_8835915,0,0.0005773605,held_fold
ISIC_8837443,0,0.004129271,held_fold
ISIC_8837553,0,0.00018466427,held_fold
ISIC_8843217,0,1.820324e-05,held_fold
ISIC_8843901,0,0.0008102271,held_fold
ISIC_8845339,0,0.00046152622,held_fold
ISIC_8846959,0,0.0019970147,held_fold
ISIC_8849004,0,0.0018844494,held_fold
ISIC_8849283,0,0.0008362158,held_fold
ISIC_8851036,0,0.00066120416,held_fold
ISIC_8851901,0,0.12703924,held_fold
ISIC_8856727,0,0.0022761913,held_fold
ISIC_8858919,0,0.0011859434,held_fold
ISIC_8859207,0,0.0025714245,held_fold
ISIC_8859274,1,0.06512116,held_fold
ISIC_8859475,0,0.013426644,held_fold
ISIC_8862118,0,0.01757327,held_fold
ISIC_8862701,0,0.0031311337,held_fold
ISIC_8866533,0,0.00017738502,held_fold
ISIC_8866758,0,0.0017028147,held_fold
ISIC_8866896,0,0.00019968685,held_fold
ISIC_8867894,0,0.004159419,held_fold
ISIC_8871092,0,0.056526586,held_fold
ISIC_8871905,0,0.0009265419,held_fold
ISIC_8874529,0,0.0021549177,held_fold
ISIC_8875036,0,0.044711247,held_fold
ISIC_8875257,0,0.000109534485,held_fold
ISIC_8875762,0,0.0046982984,held_fold
ISIC_8880492,0,0.0012904947,held_fold
ISIC_8883577,0,0.012284553,held_fold
ISIC_8883957,0,0.0016566056,held_fold
ISIC_8888281,0,8.812288e-06,held_fold
ISIC_8889058,0,0.00390192,held_fold
ISIC_8889856,0,0.00018672664,held_fold
ISIC_8892663,0,0.002005702,held_fold
ISIC_8892973,0,0.007891436,held_fold
ISIC_8893962,0,0.0897828,held_fold
ISIC_8894305,0,0.00015455071,held_fold
ISIC_8894528,0,0.045078095,held_fold
ISIC_8899738,0,0.0016859608,held_fold
ISIC_8901371,0,0.011095377,held_fold
ISIC_8902976,0,0.00015184193,held_fold
ISIC_8908028,0,0.0035940958,held_fold
ISIC_8908280,0,0.013883455,held_fold
ISIC_8909545,0,0.000505618,held_fold
ISIC_8910589,0,0.001077504,held_fold
ISIC_8913074,0,0.0017719959,held_fold
ISIC_8913166,0,2.923148e-05,held_fold
ISIC_8916024,0,0.025888978,held_fold
ISIC_8916136,0,0.00062214246,held_fold
ISIC_8918703,0,0.008314579,held_fold
ISIC_8922355,0,0.002160778,held_fold
ISIC_8924942,0,0.0016615908,held_fold
ISIC_8926705,0,0.0031403017,held_fold
ISIC_8928041,0,0.00026685238,held_fold
ISIC_8929288,0,4.3835203e-06,held_fold
ISIC_8932755,0,0.0038902892,held_fold
ISIC_8937006,0,0.010243254,held_fold
ISIC_8938570,0,7.53103e-05,held_fold
ISIC_8940418,0,0.00030680385,held_fold
ISIC_8940715,0,0.014620987,held_fold
ISIC_8940770,0,0.0011066953,held_fold
ISIC_8940891,0,0.00016062545,held_fold
ISIC_8944160,0,0.00011232072,held_fold
ISIC_8945395,0,0.053111523,held_fold
ISIC_8945887,0,8.9197034e-05,held_fold
ISIC_8949026,0,0.002159325,held_fold
ISIC_8952567,0,5.3119737e-05,held_fold
ISIC_8953848,0,0.022136604,held_fold
ISIC_8956614,0,0.056308012,held_fold
ISIC_8958656,0,0.013626186,held_fold
ISIC_8958711,0,0.008805905,held_fold
ISIC_8959928,0,6.4545406e-05,held_fold
ISIC_8961105,0,0.03579941,held_fold
ISIC_8962317,0,0.020998778,held_fold
ISIC_8962375,0,0.00017761992,held_fold
ISIC_8963643,0,0.0015689842,held_fold
ISIC_8965323,0,0.018275578,held_fold
ISIC_8966194,0,4.6429832e-05,held_fold
ISIC_8966915,0,0.0016932694,held_fold
ISIC_8967786,0,0.000121188794,held_fold
ISIC_8968224,0,0.0008065262,held_fold
ISIC_8969305,0,0.01024702,held_fold
ISIC_8970442,0,6.2884224e-05,held_fold
ISIC_8971137,0,0.08770836,held_fold
ISIC_8971579,0,0.0032171218,held_fold
ISIC_8971580,0,0.10013376,held_fold
ISIC_8973051,0,0.009046134,held_fold
ISIC_8977878,0,0.0076777125,held_fold
ISIC_8979540,0,0.00015505259,held_fold
ISIC_8979567,0,0.0004396327,held_fold
ISIC_8981245,0,0.0014911494,held_fold
ISIC_8981272,0,0.002664467,held_fold
ISIC_8982625,0,0.0009702478,held_fold
ISIC_8984777,0,0.00095371937,held_fold
ISIC_8986880,0,0.21640104,held_fold
ISIC_8989816,0,0.00047616218,held_fold
ISIC_8992673,0,0.003283902,held_fold
ISIC_8993802,0,0.010078734,held_fold
ISIC_8994153,0,0.0045421063,held_fold
ISIC_9002603,0,0.0042735226,held_fold
ISIC_9003062,0,0.001298185,held_fold
ISIC_9007206,0,0.00019425168,held_fold
ISIC_9008095,0,9.941517e-05,held_fold
ISIC_9009242,0,2.0270609e-05,held_fold
ISIC_9012536,0,0.00012097797,held_fold
ISIC_9013023,0,8.6574575e-05,held_fold
ISIC_9013554,0,0.00010586255,held_fold
ISIC_9014098,0,0.00021930294,held_fold
ISIC_9015182,0,0.0005872723,held_fold
ISIC_9016334,0,0.0030619828,held_fold
ISIC_9016601,0,0.000116569565,held_fold
ISIC_9022213,0,0.002846467,held_fold
ISIC_9023820,0,0.006787035,held_fold
ISIC_9026091,0,0.003400068,held_fold
ISIC_9026387,0,0.0179713,held_fold
ISIC_9027285,0,0.005495528,held_fold
ISIC_9028726,0,0.0028913552,held_fold
ISIC_9029813,0,0.000115870054,held_fold
ISIC_9030482,0,0.0022642445,held_fold
ISIC_9030629,0,0.0020082442,held_fold
ISIC_9031030,0,6.202908e-05,held_fold
ISIC_9031366,0,0.0050734472,held_fold
ISIC_9032302,0,0.0003609427,held_fold
ISIC_9034574,0,0.0010656833,held_fold
ISIC_9035982,0,9.8054894e-05,held_fold
ISIC_9038210,0,0.016040139,held_fold
ISIC_9042282,0,0.009581198,held_fold
ISIC_9045131,0,0.016111474,held_fold
ISIC_9049124,0,0.03058421,held_fold
ISIC_9051856,0,0.0019152755,held_fold
ISIC_9052538,0,0.00023296365,held_fold
ISIC_9056392,0,0.026200682,held_fold
ISIC_9056935,0,0.014051565,held_fold
ISIC_9057206,0,0.00015816845,held_fold
ISIC_9057417,0,0.006511126,held_fold
ISIC_9059250,0,0.00042617248,held_fold
ISIC_9061345,0,0.006762102,held_fold
ISIC_9063429,0,0.0002092776,held_fold
ISIC_9064668,0,0.02201073,held_fold
ISIC_9066066,0,9.604397e-05,held_fold
ISIC_9066099,0,0.001976625,held_fold
ISIC_9069449,0,0.00019934445,held_fold
ISIC_9070995,0,0.1568456,held_fold
ISIC_9074247,0,0.003283122,held_fold
ISIC_9075195,0,6.0674993e-06,held_fold
ISIC_9077274,0,0.01660645,held_fold
ISIC_9081595,0,0.0054530073,held_fold
ISIC_9081853,0,0.017016683,held_fold
ISIC_9082696,0,0.0038079727,held_fold
ISIC_9087221,0,0.00048304678,held_fold
ISIC_9088656,0,0.0005572761,held_fold
ISIC_9089757,0,3.6677015e-06,held_fold
ISIC_9090761,0,0.00040359987,held_fold
ISIC_9094956,0,4.2806783e-05,held_fold
ISIC_9095975,0,7.073809e-05,held_fold
ISIC_9096001,0,0.00037998,held_fold
ISIC_9096302,0,0.00023213617,held_fold
ISIC_9097590,0,0.00042164302,held_fold
ISIC_9105375,0,0.004524034,held_fold
ISIC_9106601,0,0.0036821403,held_fold
ISIC_9106966,0,0.0016354596,held_fold
ISIC_9107094,0,0.00021930881,held_fold
ISIC_9108858,0,0.0072786123,held_fold
ISIC_9110426,0,0.00010744993,held_fold
ISIC_9115855,0,7.834669e-05,held_fold
ISIC_9116179,0,0.00071847095,held_fold
ISIC_9117797,0,0.00063282263,held_fold
ISIC_9119297,0,0.100264,held_fold
ISIC_9125158,0,0.0067217858,held_fold
ISIC_9125543,0,0.0020273486,held_fold
ISIC_9133087,0,0.008726811,held_fold
ISIC_9135299,0,0.024389239,held_fold
ISIC_9135570,0,0.00048673464,held_fold
ISIC_9137479,0,0.06662823,held_fold
ISIC_9140119,0,0.058344226,held_fold
ISIC_9140498,0,5.1054758e-05,held_fold
ISIC_9141792,0,0.002797348,held_fold
ISIC_9142919,0,7.385119e-06,held_fold
ISIC_9144769,0,7.145022e-05,held_fold
ISIC_9144961,0,0.008102305,held_fold
ISIC_9145171,0,0.005474394,held_fold
ISIC_9151182,0,0.0005967823,held_fold
ISIC_9152137,0,0.0024572273,held_fold
ISIC_9153274,0,0.019080097,held_fold
ISIC_9154000,0,0.00019160972,held_fold
ISIC_9157720,0,0.0012858754,held_fold
ISIC_9159093,0,0.03987687,held_fold
ISIC_9162894,0,0.00031140514,held_fold
ISIC_9164054,1,0.15744133,held_fold
ISIC_9165389,0,0.0065641957,held_fold
ISIC_9167719,0,0.00028587176,held_fold
ISIC_9168700,0,0.008499139,held_fold
ISIC_9172559,0,0.00021096409,held_fold
ISIC_9174092,0,9.39753e-05,held_fold
ISIC_9176281,0,0.0023150216,held_fold
ISIC_9180983,0,0.024778852,held_fold
ISIC_9184306,0,0.00022725387,held_fold
ISIC_9184450,0,0.12938245,held_fold
ISIC_9187760,0,0.0001573165,held_fold
ISIC_9187876,0,0.00018050153,held_fold
ISIC_9189897,0,0.029353462,held_fold
ISIC_9192632,0,0.0016775756,held_fold
ISIC_9193122,0,0.0019200122,held_fold
ISIC_9196122,0,0.00053716527,held_fold
ISIC_9196783,0,0.00064301025,held_fold
ISIC_9198021,0,0.000109996065,held_fold
ISIC_9198404,0,0.0014959929,held_fold
ISIC_9200085,0,0.008513053,held_fold
ISIC_9203424,0,0.0007239828,held_fold
ISIC_9203812,0,0.006503842,held_fold
ISIC_9204678,0,0.0006676532,held_fold
ISIC_9211072,0,0.01752089,held_fold
ISIC_9214601,0,0.0021364193,held_fold
ISIC_9216970,0,0.024697162,held_fold
ISIC_9217405,0,0.00018927096,held_fold
ISIC_9217838,0,0.10006295,held_fold
ISIC_9218984,0,0.045906056,held_fold
ISIC_9221435,0,0.007207597,held_fold
ISIC_9222807,0,0.000981365,held_fold
ISIC_9223108,0,0.0001128177,held_fold
ISIC_9224182,0,0.00059600803,held_fold
ISIC_9225880,0,0.11125502,held_fold
ISIC_9227205,0,0.0002805911,held_fold
ISIC_9227392,0,0.00040124252,held_fold
ISIC_9228120,0,0.00017720684,held_fold
ISIC_9229373,0,0.023802327,held_fold
ISIC_9230295,0,0.0019166351,held_fold
ISIC_9230976,0,0.050235584,held_fold
ISIC_9232587,0,0.000369738,held_fold
ISIC_9239093,0,8.507964e-05,held_fold
ISIC_9240979,0,0.0004661066,held_fold
ISIC_9242891,0,0.022218348,held_fold
ISIC_9244889,0,0.00070950534,held_fold
ISIC_9245103,0,0.0052842805,held_fold
ISIC_9246650,0,0.0014937558,held_fold
ISIC_9247173,0,0.0019201722,held_fold
ISIC_9249434,0,0.0010016046,held_fold
ISIC_9252122,0,0.00021550021,held_fold
ISIC_9254136,0,0.0031925542,held_fold
ISIC_9255083,0,2.9733901e-05,held_fold
ISIC_9256438,0,0.005169266,held_fold
ISIC_9257020,0,0.0009906815,held_fold
ISIC_9260499,0,5.0121973e-05,held_fold
ISIC_9260935,0,0.000116048526,held_fold
ISIC_9263896,0,0.0012740052,held_fold
ISIC_9271101,0,0.01496838,held_fold
ISIC_9273715,0,0.07748039,held_fold
ISIC_9276479,0,0.0024735876,held_fold
ISIC_9277774,0,0.013895916,held_fold
ISIC_9278100,0,0.00018249759,held_fold
ISIC_9278477,0,0.00010146667,held_fold
ISIC_9280075,0,0.008984452,held_fold
ISIC_9281339,0,0.090177424,held_fold
ISIC_9282976,0,0.045130763,held_fold
ISIC_9287470,0,8.508646e-05,held_fold
ISIC_9287611,0,0.0072389883,held_fold
ISIC_9288923,0,0.00012543172,held_fold
ISIC_9289739,0,8.0529426e-05,held_fold
ISIC_9291222,0,0.00078186294,held_fold
ISIC_9291233,0,0.0008533994,held_fold
ISIC_9294799,0,0.0006749266,held_fold
ISIC_9294980,0,0.0028342283,held_fold
ISIC_9295519,0,0.01945202,held_fold
ISIC_9297585,0,0.0006240809,held_fold
ISIC_9299197,0,0.004638829,held_fold
ISIC_9299483,0,0.00055445055,held_fold
ISIC_9301341,0,0.0014257542,held_fold
ISIC_9307797,0,0.014304688,held_fold
ISIC_9311623,0,0.04753153,held_fold
ISIC_9311678,0,0.17507829,held_fold
ISIC_9312264,0,0.019246588,held_fold
ISIC_9312312,0,0.004215882,held_fold
ISIC_9317712,0,0.00031599464,held_fold
ISIC_9318322,0,0.22891474,held_fold
ISIC_9318508,0,0.00011145098,held_fold
ISIC_9323627,0,0.13707054,held_fold
ISIC_9324486,0,0.12858623,held_fold
ISIC_9326566,0,0.00013288953,held_fold
ISIC_9330341,0,8.975984e-05,held_fold
ISIC_9330485,0,0.040019568,held_fold
ISIC_9332205,0,0.000104132865,held_fold
ISIC_9333573,0,0.0026970562,held_fold
ISIC_9333784,0,0.008471349,held_fold
ISIC_9334145,0,0.00011996431,held_fold
ISIC_9335240,0,0.0031050604,held_fold
ISIC_9336379,0,0.0068367417,held_fold
ISIC_9336675,0,0.28630972,held_fold
ISIC_9336892,0,0.00017772497,held_fold
ISIC_9337870,0,0.0048355605,held_fold
ISIC_9339842,0,0.13621293,held_fold
ISIC_9340102,0,9.967355e-05,held_fold
ISIC_9348374,0,0.15339033,held_fold
ISIC_9348809,0,0.008245696,held_fold
ISIC_9350507,0,0.0004622223,held_fold
ISIC_9351196,0,0.09553962,held_fold
ISIC_9355890,0,0.00046102167,held_fold
ISIC_9358630,0,0.00012526846,held_fold
ISIC_9360053,0,0.0033451903,held_fold
ISIC_9363564,0,0.009227552,held_fold
ISIC_9364879,0,0.04691272,held_fold
ISIC_9366737,0,0.00019961185,held_fold
ISIC_9367832,0,0.0001402943,held_fold
ISIC_9368994,0,0.006310282,held_fold
ISIC_9374187,0,0.0018981782,held_fold
ISIC_9374598,0,0.000697901,held_fold
ISIC_9375324,0,0.0014287824,held_fold
ISIC_9375426,0,0.009343833,held_fold
ISIC_9379816,0,0.0005443245,held_fold
ISIC_9385996,0,0.0046106027,held_fold
ISIC_9386509,0,0.00542376,held_fold
ISIC_9387054,0,0.0004544266,held_fold
ISIC_9391846,0,0.17123309,held_fold
ISIC_9395681,0,0.0005444418,held_fold
ISIC_9395707,0,5.3014985e-05,held_fold
ISIC_9401187,0,0.00094801723,held_fold
ISIC_9402263,0,0.013300932,held_fold
ISIC_9403126,0,0.012949512,held_fold
ISIC_9406275,0,0.00014566451,held_fold
ISIC_9407019,0,0.001969071,held_fold
ISIC_9408125,0,0.014216344,held_fold
ISIC_9408461,0,0.00087017956,held_fold
ISIC_9412119,0,0.13952416,held_fold
ISIC_9416538,0,0.0018162662,held_fold
ISIC_9417004,0,0.00014326083,held_fold
ISIC_9419847,0,0.00015826199,held_fold
ISIC_9423971,0,0.0003958953,held_fold
ISIC_9426618,0,0.09933131,held_fold
ISIC_9427455,0,0.0055956296,held_fold
ISIC_9428246,0,0.0008060203,held_fold
ISIC_9433523,0,0.000108343396,held_fold
ISIC_9434415,0,0.006967087,held_fold
ISIC_9438998,0,0.0020755474,held_fold
ISIC_9440565,0,0.050237417,held_fold
ISIC_9441572,0,0.0024757641,held_fold
ISIC_9442018,0,0.0011128882,held_fold
ISIC_9442095,0,4.432353e-05,held_fold
ISIC_9442362,0,7.4442345e-05,held_fold
ISIC_9444090,0,0.006676314,held_fold
ISIC_9445053,0,8.998078e-05,held_fold
ISIC_9449064,0,0.0006634908,held_fold
ISIC_9449388,0,0.08292148,held_fold
ISIC_9452964,0,8.524629e-05,held_fold
ISIC_9454730,0,1.662058e-05,held_fold
ISIC_9456752,0,0.008289697,held_fold
ISIC_9462205,0,0.0010136212,held_fold
ISIC_9462346,0,0.0013283392,held_fold
ISIC_9462979,0,0.0073917224,held_fold
ISIC_9464203,0,0.10387668,held_fold
ISIC_9466320,0,0.0029992955,held_fold
ISIC_9467125,0,0.011903132,held_fold
ISIC_9469411,0,0.00040063763,held_fold
ISIC_9469918,0,0.001123671,held_fold
ISIC_9470043,0,0.00606793,held_fold
ISIC_9470671,0,0.0029946563,held_fold
ISIC_9470922,0,0.014269861,held_fold
ISIC_9472975,0,5.8931632e-06,held_fold
ISIC_9473492,0,0.00020338471,held_fold
ISIC_9475155,0,0.002662856,held_fold
ISIC_9476664,0,0.0046605906,held_fold
ISIC_9477158,0,0.008876769,held_fold
ISIC_9478517,0,3.583822e-05,held_fold
ISIC_9479804,0,0.00017627153,held_fold
ISIC_9483306,0,9.43258e-05,held_fold
ISIC_9483439,0,0.008484036,held_fold
ISIC_9484908,0,0.00070660247,held_fold
ISIC_9487928,0,0.001872193,held_fold
ISIC_9492603,0,0.0013036118,held_fold
ISIC_9498976,0,0.10517342,held_fold
ISIC_9501851,0,0.010529946,held_fold
ISIC_9503058,0,0.0006738141,held_fold
ISIC_9503218,0,0.0011301991,held_fold
ISIC_9505359,0,0.00025962864,held_fold
ISIC_9506257,0,0.0020719375,held_fold
ISIC_9508560,0,0.012901877,held_fold
ISIC_9509345,0,0.0050573964,held_fold
ISIC_9512345,0,0.1694585,held_fold
ISIC_9517489,0,0.07666392,held_fold
ISIC_9517752,0,0.00040271395,held_fold
ISIC_9518180,0,0.051068936,held_fold
ISIC_9521898,0,7.161953e-05,held_fold
ISIC_9525273,0,0.00013262445,held_fold
ISIC_9525930,0,0.07762778,held_fold
ISIC_9527051,0,0.0038904366,held_fold
ISIC_9529971,0,0.002230877,held_fold
ISIC_9534978,0,0.0043959767,held_fold
ISIC_9535651,0,5.8971323e-06,held_fold
ISIC_9537079,0,0.0040787733,held_fold
ISIC_9542764,0,0.04671557,held_fold
ISIC_9545819,0,0.008125239,held_fold
ISIC_9547089,0,0.0009420944,held_fold
ISIC_9547725,1,0.092148714,held_fold
ISIC_9553502,0,0.012264516,held_fold
ISIC_9554872,0,0.0028443174,held_fold
ISIC_9555044,0,5.8075334e-06,held_fold
ISIC_9555702,0,0.00055184605,held_fold
ISIC_9563809,0,0.00043322638,held_fold
ISIC_9568166,0,4.1433508e-05,held_fold
ISIC_9574101,0,0.00249647,held_fold
ISIC_9574591,0,0.4301316,held_fold
ISIC_9576269,0,0.00039220176,held_fold
ISIC_9576385,0,0.0001218149,held_fold
ISIC_9577368,0,0.0010464919,held_fold
ISIC_9577645,0,0.0024926576,held_fold
ISIC_9580380,0,0.00054566475,held_fold
ISIC_9584866,0,0.09898662,held_fold
ISIC_9586221,0,0.00063825824,held_fold
ISIC_9588205,0,0.0011087408,held_fold
ISIC_9590331,0,0.0012789365,held_fold
ISIC_9594280,0,0.002834297,held_fold
ISIC_9595560,0,0.005534419,held_fold
ISIC_9596617,0,0.084370926,held_fold
ISIC_9597139,0,9.05651e-05,held_fold
ISIC_9597728,0,8.0210746e-05,held_fold
ISIC_9597903,0,0.0003965627,held_fold
ISIC_9598453,0,0.00530809,held_fold
ISIC_9599187,0,0.020108586,held_fold
ISIC_9599476,0,0.0037081884,held_fold
ISIC_9604922,0,0.00010961222,held_fold
ISIC_9605122,0,0.0016431044,held_fold
ISIC_9607725,0,0.0021241473,held_fold
ISIC_9608774,0,4.2759453e-05,held_fold
ISIC_9616071,0,0.0022840665,held_fold
ISIC_9617855,0,0.0004056867,held_fold
ISIC_9625160,0,0.002403427,held_fold
ISIC_9625269,0,0.0024816405,held_fold
ISIC_9625543,0,0.014778241,held_fold
ISIC_9626997,0,0.16011788,held_fold
ISIC_9631972,0,0.00021911233,held_fold
ISIC_9632450,0,0.004540692,held_fold
ISIC_9632665,0,0.007085618,held_fold
ISIC_9635270,0,0.02786006,held_fold
ISIC_9636460,0,0.010565717,held_fold
ISIC_9639931,0,8.781463e-05,held_fold
ISIC_9642076,0,0.040079027,held_fold
ISIC_9644813,0,7.203996e-05,held_fold
ISIC_9645666,0,0.004731031,held_fold
ISIC_9646356,0,0.022473792,held_fold
ISIC_9648278,0,0.12213796,held_fold
ISIC_9648696,0,8.607655e-05,held_fold
ISIC_9650427,0,0.002668549,held_fold
ISIC_9650546,0,0.23230176,held_fold
ISIC_9651769,0,0.0022426855,held_fold
ISIC_9654161,0,0.00023314408,held_fold
ISIC_9655236,0,0.0032691704,held_fold
ISIC_9655883,0,0.010878931,held_fold
ISIC_9657153,0,0.00031218695,held_fold
ISIC_9657811,0,0.00019027993,held_fold
ISIC_9659654,0,0.0035898874,held_fold
ISIC_9660409,0,0.0002797769,held_fold
ISIC_9662236,0,0.0018878316,held_fold
ISIC_9663017,0,0.00091420126,held_fold
ISIC_9666088,0,9.5378615e-05,held_fold
ISIC_9666919,0,0.01735312,held_fold
ISIC_9669830,0,0.0038859323,held_fold
ISIC_9670716,0,7.769509e-05,held_fold
ISIC_9672734,0,0.00040459933,held_fold
ISIC_9679289,0,1.7317632e-05,held_fold
ISIC_9680911,0,0.0065072626,held_fold
ISIC_9684010,0,0.00071087596,held_fold
ISIC_9689618,0,0.0049665133,held_fold
ISIC_9690263,0,0.00933896,held_fold
ISIC_9690371,0,0.005026153,held_fold
ISIC_9690865,0,0.0022879862,held_fold
ISIC_9691372,0,0.00011204622,held_fold
ISIC_9694911,0,0.0022068145,held_fold
ISIC_9698575,0,0.007249004,held_fold
ISIC_9698934,0,0.023461808,held_fold
ISIC_9699635,0,0.00060713716,held_fold
ISIC_9703315,0,0.0074672843,held_fold
ISIC_9708346,0,0.028184552,held_fold
ISIC_9709594,0,0.24432774,held_fold
ISIC_9709782,0,5.7191686e-05,held_fold
ISIC_9711325,0,1.8558472e-05,held_fold
ISIC_9712522,0,0.29053926,held_fold
ISIC_9712963,0,0.018891688,held_fold
ISIC_9719576,0,0.030905211,held_fold
ISIC_9720236,0,0.084277615,held_fold
ISIC_9720340,0,0.0038351773,held_fold
ISIC_9721056,0,0.13748798,held_fold
ISIC_9721312,0,8.533624e-06,held_fold
ISIC_9721604,0,0.0002070945,held_fold
ISIC_9723110,0,0.00014050798,held_fold
ISIC_9723519,0,0.0037309686,held_fold
ISIC_9724276,0,0.00068327866,held_fold
ISIC_9724506,0,0.0027579463,held_fold
ISIC_9724720,0,0.0180523,held_fold
ISIC_9726155,0,0.0016963028,held_fold
ISIC_9728431,0,0.08649128,held_fold
ISIC_9733592,0,0.00043270923,held_fold
ISIC_9735601,0,0.0019160404,held_fold
ISIC_9737009,0,0.0025294274,held_fold
ISIC_9740471,0,0.05632248,held_fold
ISIC_9743002,0,0.0077198446,held_fold
ISIC_9744054,0,0.00019460947,held_fold
ISIC_9744087,0,0.0029527573,held_fold
ISIC_9744755,0,0.001476284,held_fold
ISIC_9745283,0,0.0036336072,held_fold
ISIC_9745562,0,0.0009571754,held_fold
ISIC_9747194,0,7.310892e-05,held_fold
ISIC_9747321,0,9.824095e-05,held_fold
ISIC_9747704,0,0.00086340914,held_fold
ISIC_9748173,0,0.0017128402,held_fold
ISIC_9748543,0,8.867056e-05,held_fold
ISIC_9750403,0,0.0023130532,held_fold
ISIC_9754455,0,0.00029645584,held_fold
ISIC_9755946,0,2.1114536e-05,held_fold
ISIC_9756117,0,0.0019065075,held_fold
ISIC_9756409,0,0.00021687051,held_fold
ISIC_9756791,0,0.02382561,held_fold
ISIC_9757438,0,0.0003037265,held_fold
ISIC_9760338,0,8.091492e-05,held_fold
ISIC_9761523,0,0.00031100342,held_fold
ISIC_9764872,0,0.0013821292,held_fold
ISIC_9766238,0,0.00024067386,held_fold
ISIC_9772039,0,6.162156e-05,held_fold
ISIC_9772383,0,6.477948e-05,held_fold
ISIC_9772465,0,0.0144315185,held_fold
ISIC_9778253,0,0.00014228742,held_fold
ISIC_9779272,0,0.0038975559,held_fold
ISIC_9779803,0,0.00134978,held_fold
ISIC_9781112,0,0.004415476,held_fold
ISIC_9781738,0,0.00046735184,held_fold
ISIC_9782083,0,0.011305686,held_fold
ISIC_9783128,0,0.00033054384,held_fold
ISIC_9783169,0,0.020953007,held_fold
ISIC_9786943,0,0.006000739,held_fold
ISIC_9789240,0,0.0005340801,held_fold
ISIC_9789769,0,0.03626552,held_fold
ISIC_9789901,0,0.025345437,held_fold
ISIC_9792253,0,0.0022877445,held_fold
ISIC_9792592,0,0.0030653004,held_fold
ISIC_9794429,0,0.0022974932,held_fold
ISIC_9797003,0,0.0002116253,held_fold
ISIC_9806022,0,0.002943655,held_fold
ISIC_9806553,0,0.0019255979,held_fold
ISIC_9809544,0,0.0076720254,held_fold
ISIC_9810417,0,0.011532606,held_fold
ISIC_9814041,0,0.0003375806,held_fold
ISIC_9814534,0,8.064731e-05,held_fold
ISIC_9816203,0,0.03624141,held_fold
ISIC_9817000,0,0.003343088,held_fold
ISIC_9817574,0,0.002665709,held_fold
ISIC_9819192,0,0.00022917609,held_fold
ISIC_9820817,0,0.00010433185,held_fold
ISIC_9822251,0,0.00011663405,held_fold
ISIC_9824610,0,0.0053041107,held_fold
ISIC_9824799,0,0.040527146,held_fold
ISIC_9827962,0,7.593987e-05,held_fold
ISIC_9829605,0,5.2098025e-05,held_fold
ISIC_9831378,0,0.0010993619,held_fold
ISIC_9833353,0,0.0020882932,held_fold
ISIC_9837156,0,0.0018289672,held_fold
ISIC_9838878,0,0.11643155,held_fold
ISIC_9839324,0,0.0981669,held_fold
ISIC_9839730,0,0.00476625,held_fold
ISIC_9843856,0,0.00039346959,held_fold
ISIC_9844010,0,0.0060830405,held_fold
ISIC_9848675,0,0.010451195,held_fold
ISIC_9860104,0,0.004775433,held_fold
ISIC_9860391,0,0.00067795074,held_fold
ISIC_9861423,0,0.041401766,held_fold
ISIC_9863065,0,0.0018567524,held_fold
ISIC_9863562,0,0.0084448,held_fold
ISIC_9867012,0,0.000116313306,held_fold
ISIC_9870573,0,0.00020292717,held_fold
ISIC_9871904,0,0.00018975415,held_fold
ISIC_9872410,0,0.018270787,held_fold
ISIC_9873492,0,5.5458724e-05,held_fold
ISIC_9874505,0,0.004078674,held_fold
ISIC_9876004,0,0.0003023092,held_fold
ISIC_9877843,0,0.0013498006,held_fold
ISIC_9879693,0,0.00033814073,held_fold
ISIC_9879723,0,0.00094806287,held_fold
ISIC_9880047,0,0.0003304084,held_fold
ISIC_9880258,0,0.009401001,held_fold
ISIC_9882759,0,0.027398214,held_fold
ISIC_9884160,0,0.00015857405,held_fold
ISIC_9886866,0,0.01196063,held_fold
ISIC_9891484,0,0.0002500904,held_fold
ISIC_9895881,0,0.00033109455,held_fold
ISIC_9900876,0,0.02416398,held_fold
ISIC_9903000,0,0.00032103533,held_fold
ISIC_9906657,0,0.013602505,held_fold
ISIC_9906799,0,0.0025817587,held_fold
ISIC_9907084,0,0.0024129625,held_fold
ISIC_9909314,0,0.0011019402,held_fold
ISIC_9912475,0,0.0016358772,held_fold
ISIC_9913573,0,0.007885666,held_fold
ISIC_9913914,0,0.0103739565,held_fold
ISIC_9915822,0,0.0001244574,held_fold
ISIC_9916654,0,2.9497396e-05,held_fold
ISIC_9917899,0,0.0010021371,held_fold
ISIC_9918598,0,0.008341835,held_fold
ISIC_9918829,0,0.0025911492,held_fold
ISIC_9920034,0,0.001046148,held_fold
ISIC_9927221,0,3.0064479e-05,held_fold
ISIC_9928421,0,0.00025687393,held_fold
ISIC_9934037,0,0.0015859447,held_fold
ISIC_9935606,0,0.0003506976,held_fold
ISIC_9936773,0,0.030417012,held_fold
ISIC_9937653,0,0.03069597,held_fold
ISIC_9940466,0,6.368808e-05,held_fold
ISIC_9940867,0,0.00022661773,held_fold
ISIC_9941161,0,0.0003830047,held_fold
ISIC_9941889,0,0.016511792,held_fold
ISIC_9944671,0,0.010354363,held_fold
ISIC_9947369,0,0.0001645522,held_fold
ISIC_9948600,0,0.0051490893,held_fold
ISIC_9948820,0,0.004987423,held_fold
ISIC_9955255,0,0.0006924638,held_fold
ISIC_9956374,0,0.00054549053,held_fold
ISIC_9957107,0,0.0066068154,held_fold
ISIC_9958346,0,0.10739921,held_fold
ISIC_9960578,0,0.00083342724,held_fold
ISIC_9960804,0,0.1560892,held_fold
ISIC_9961808,0,0.00032146904,held_fold
ISIC_9962388,0,0.0034540272,held_fold
ISIC_9967671,0,0.0027973119,held_fold
ISIC_9967715,0,0.0038715182,held_fold
ISIC_9968564,0,0.0024165567,held_fold
ISIC_9973089,0,0.0003330434,held_fold
ISIC_9975949,0,0.0038585789,held_fold
ISIC_9976478,0,0.05419879,held_fold
ISIC_9977346,0,0.0002571601,held_fold
ISIC_9978107,1,0.057695504,held_fold
ISIC_9981194,0,0.0005832835,held_fold
ISIC_9982060,0,0.0012895849,held_fold
ISIC_9983616,0,0.02272583,held_fold
ISIC_9983657,0,0.000117990065,held_fold
ISIC_9987485,0,0.00031093345,held_fold
ISIC_9989082,0,0.011862295,held_fold
ISIC_9989641,0,0.005886878,held_fold
ISIC_9989680,0,0.004933313,held_fold
ISIC_9991492,0,8.980094e-05,held_fold
ISIC_9994390,0,6.9385205e-05,held_fold
ISIC_9995140,0,0.014474649,held_fold
ISIC_9995691,0,0.00082695036,held_fold
ISIC_9999320,0,6.920916e-05,held_fold
ISIC_9999515,0,0.0016310961,held_fold
ISIC_9999806,0,0.07106056,held_fold
