image_name,target,prob,split
ISIC_0074311,0,0.0003665904,inner_val
ISIC_0076995,0,0.00034730174,inner_val
ISIC_0082543,0,0.00060447975,inner_val
ISIC_0084270,0,0.0027248166,inner_val
ISIC_0090279,0,0.00094362017,inner_val
ISIC_0096328,0,0.0014300375,inner_val
ISIC_0097499,0,0.0004785262,inner_val
ISIC_0103298,0,0.0006328054,inner_val
ISIC_0149698,0,0.00042197775,inner_val
ISIC_0149918,0,0.013588417,inner_val
ISIC_0151200,0,0.01190421,inner_val
ISIC_0153265,0,0.013971638,inner_val
ISIC_0154813,0,0.00079428527,inner_val
ISIC_0154872,0,0.0074760085,inner_val
ISIC_0155173,0,0.0015017585,inner_val
ISIC_0155273,0,0.16165699,inner_val
ISIC_0159663,0,0.0002921723,inner_val
ISIC_0160340,0,0.004300078,inner_val
ISIC_0165903,0,0.0009852148,inner_val
ISIC_0171946,0,0.016461974,inner_val
ISIC_0172865,0,0.0048322477,inner_val
ISIC_0173213,0,0.013961472,inner_val
ISIC_0173485,0,0.00072612165,inner_val
ISIC_0174527,0,0.0017704051,inner_val
ISIC_0174903,0,0.05296443,inner_val
ISIC_0176577,0,0.0018116988,inner_val
ISIC_0180510,0,0.001406643,inner_val
ISIC_0180660,0,0.00053444825,inner_val
ISIC_0181445,0,0.014684642,inner_val
ISIC_0188955,0,0.0025160562,inner_val
ISIC_0189059,0,0.059301164,inner_val
ISIC_0191366,0,0.00052921235,inner_val
ISIC_0191871,0,0.022737155,inner_val
ISIC_0194914,0,0.0045069787,inner_val
ISIC_0195972,0,0.0062381905,inner_val
ISIC_0198392,0,0.0043518217,inner_val
ISIC_0199116,0,0.008703893,inner_val
ISIC_0199455,0,0.0021142343,inner_val
ISIC_0199494,0,0.0022204786,inner_val
ISIC_0200153,0,0.00082287076,inner_val
ISIC_0203233,0,0.0011358546,inner_val
ISIC_0204994,0,0.12424431,inner_val
ISIC_0206442,0,0.0012332657,inner_val
ISIC_0207268,1,0.0022791007,inner_val
ISIC_0207349,0,0.007891461,inner_val
ISIC_0208967,0,0.00049411436,inner_val
ISIC_0209871,0,0.0012244689,inner_val
ISIC_0210282,0,0.00082112645,inner_val
ISIC_0210830,0,0.0050246003,inner_val
ISIC_0212729,0,0.00055076595,inner_val
ISIC_0212774,0,0.0058245803,inner_val
ISIC_0215054,0,0.0052641723,inner_val
ISIC_0215112,0,0.0012187039,inner_val
ISIC_0219450,0,0.024598828,inner_val
ISIC_0223857,0,0.0021981595,inner_val
ISIC_0224681,0,0.0010413388,inner_val
ISIC_0226072,0,0.00068425934,inner_val
ISIC_0227532,0,0.0004793774,inner_val
ISIC_0228718,0,0.00057584944,inner_val
ISIC_0230332,0,0.01878237,inner_val
ISIC_0230564,0,0.0018237542,inner_val
ISIC_0232785,0,0.02486269,inner_val
ISIC_0234038,0,0.0012336721,inner_val
ISIC_0234096,0,0.016570503,inner_val
ISIC_0234140,0,0.032390054,inner_val
ISIC_0234248,0,0.0005797855,inner_val
ISIC_0238711,0,0.00075593055,inner_val
ISIC_0239843,0,0.06641723,inner_val
ISIC_0240365,0,0.0006713425,inner_val
ISIC_0242433,0,0.002382728,inner_val
ISIC_0242646,0,0.00058733055,inner_val
ISIC_0246090,0,0.00408973,inner_val
ISIC_0247964,0,0.00035220163,inner_val
ISIC_0254698,0,0.0019987607,inner_val
ISIC_0256715,0,0.00043143387,inner_val
ISIC_0257755,0,0.0006448483,inner_val
ISIC_0260316,0,0.0018837606,inner_val
ISIC_0260475,0,0.0061677555,inner_val
ISIC_0263916,0,0.0002944814,inner_val
ISIC_0266738,0,0.0063402886,inner_val
ISIC_0268703,0,0.00046933693,inner_val
ISIC_0271121,0,0.00051030464,inner_val
ISIC_0272567,0,0.0014792143,inner_val
ISIC_0273594,0,0.00082741975,inner_val
ISIC_0275661,0,0.00032733142,inner_val
ISIC_0276167,0,0.0050630984,inner_val
ISIC_0277164,0,0.001245332,inner_val
ISIC_0277727,0,0.0043989285,inner_val
ISIC_0280208,0,0.0018050247,inner_val
ISIC_0282321,0,0.01595531,inner_val
ISIC_0282422,0,0.00034958604,inner_val
ISIC_0285095,0,0.008760448,inner_val
ISIC_0286360,1,0.11705335,inner_val
ISIC_0291282,0,0.00043648685,inner_val
ISIC_0291473,0,0.005229107,inner_val
ISIC_0291882,0,0.0017839437,inner_val
ISIC_0292616,0,0.0017332672,inner_val
ISIC_0292775,0,0.0006542319,inner_val
ISIC_0293607,0,0.069635615,inner_val
ISIC_0294910,0,0.0006403405,inner_val
ISIC_0295820,0,0.0016681285,inner_val
ISIC_0296109,0,0.0034140912,inner_val
ISIC_0304649,0,0.00066642725,inner_val
ISIC_0305798,0,0.0018341149,inner_val
ISIC_0307909,0,0.11253127,inner_val
ISIC_0308133,0,0.0011302448,inner_val
ISIC_0308722,0,0.012964478,inner_val
ISIC_0309317,0,0.0010117085,inner_val
ISIC_0309642,0,0.004758735,inner_val
ISIC_0310231,0,0.0010603453,inner_val
ISIC_0315525,0,0.0010562622,inner_val
ISIC_0315631,0,0.0008882602,inner_val
ISIC_0316656,0,0.023016818,inner_val
ISIC_0319410,0,0.0012027817,inner_val
ISIC_0322340,0,0.0012336728,inner_val
ISIC_0322371,0,0.003038592,inner_val
ISIC_0326523,0,0.0016908982,inner_val
ISIC_0327120,0,0.0055380473,inner_val
ISIC_0329458,0,0.00072826416,inner_val
ISIC_0331767,0,0.049319353,inner_val
ISIC_0333246,0,0.00084411574,inner_val
ISIC_0333589,0,0.03696714,inner_val
ISIC_0334024,0,0.005789263,inner_val
ISIC_0334153,0,0.0016308344,inner_val
ISIC_0338712,0,0.0082935,inner_val
ISIC_0339959,0,0.0006235087,inner_val
ISIC_0340453,0,0.005205759,inner_val
ISIC_0341350,0,0.009733861,inner_val
ISIC_0345499,0,0.00049634697,inner_val
ISIC_0345845,0,0.005933825,inner_val
ISIC_0347795,0,0.013763496,inner_val
ISIC_0347984,0,0.04973857,inner_val
ISIC_0350269,0,0.0032164077,inner_val
ISIC_0350875,0,0.25920466,inner_val
ISIC_0353165,0,0.00042921805,inner_val
ISIC_0355920,0,0.006931236,inner_val
ISIC_0356611,0,0.0011665518,inner_val
ISIC_0358285,0,0.015639251,inner_val
ISIC_0360068,0,0.00047538822,inner_val
ISIC_0360822,0,0.12966082,inner_val
ISIC_0361529,0,0.20685098,inner_val
ISIC_0363251,0,0.0012477706,inner_val
ISIC_0364478,0,0.014136078,inner_val
ISIC_0364641,0,0.0007787395,inner_val
ISIC_0365216,0,0.0007356307,inner_val
ISIC_0373585,0,0.005483054,inner_val
ISIC_0377420,0,0.0026399072,inner_val
ISIC_0379551,0,0.006049449,inner_val
ISIC_0381342,0,0.0012822504,inner_val
ISIC_0389629,0,0.0017382561,inner_val
ISIC_0391767,0,0.00058300834,inner_val
ISIC_0394140,0,0.004459124,inner_val
ISIC_0394664,0,0.16397095,inner_val
ISIC_0397620,0,0.0014414678,inner_val
ISIC_0398005,0,0.12846887,inner_val
ISIC_0398140,0,0.0029544623,inner_val
ISIC_0399051,0,0.00055332744,inner_val
ISIC_0401078,0,0.054728124,inner_val
ISIC_0401425,0,0.00066003314,inner_val
ISIC_0404809,0,0.0324207,inner_val
ISIC_0405652,0,0.003937065,inner_val
ISIC_0416856,0,0.0027802929,inner_val
ISIC_0418738,0,0.0006192839,inner_val
ISIC_0420477,0,0.052640267,inner_val
ISIC_0422225,0,0.00035829245,inner_val
ISIC_0425276,0,0.0015123924,inner_val
ISIC_0427760,0,0.0005450989,inner_val
ISIC_0428482,0,0.0010544674,inner_val
ISIC_0428656,0,0.0013865153,inner_val
ISIC_0430837,0,0.029166678,inner_val
ISIC_0430904,0,0.0013911587,inner_val
ISIC_0432484,0,0.0047684787,inner_val
ISIC_0433142,0,0.021121237,inner_val
ISIC_0436964,0,0.0018789191,inner_val
ISIC_0437567,0,0.014792092,inner_val
ISIC_0439452,0,0.0005969686,inner_val
ISIC_0440582,0,0.0007106372,inner_val
ISIC_0442837,0,0.0011503153,inner_val
ISIC_0445189,0,0.013145857,inner_val
ISIC_0445267,0,0.0022571245,inner_val
ISIC_0450108,0,0.00072205113,inner_val
ISIC_0450142,0,0.00021220419,inner_val
ISIC_0450401,0,0.0021323976,inner_val
ISIC_0452379,0,0.0012219884,inner_val
ISIC_0456090,0,0.02015061,inner_val
ISIC_0461085,0,0.00095113454,inner_val
ISIC_0461128,0,0.009389919,inner_val
ISIC_0461706,0,0.11761922,inner_val
ISIC_0467553,0,0.0007857734,inner_val
ISIC_0468611,0,0.008435422,inner_val
ISIC_0470731,0,0.033224355,inner_val
ISIC_0473135,0,0.01029825,inner_val
ISIC_0475341,0,0.0030644217,inner_val
ISIC_0484163,0,0.00083213777,inner_val
ISIC_0484568,0,0.00014954651,inner_val
ISIC_0488192,0,0.0012447906,inner_val
ISIC_0488595,0,0.00061912485,inner_val
ISIC_0489611,0,0.0015017048,inner_val
ISIC_0491818,0,0.0038958956,inner_val
ISIC_0492483,0,0.0005382441,inner_val
ISIC_0494257,0,0.002288218,inner_val
ISIC_0494383,0,0.0022285338,inner_val
ISIC_0497873,0,0.005180981,inner_val
ISIC_0500526,0,0.0054767444,inner_val
ISIC_0502419,0,0.0014254778,inner_val
ISIC_0508937,0,0.009020817,inner_val
ISIC_0510835,0,0.00064741547,inner_val
ISIC_0514672,0,0.0004157196,inner_val
ISIC_0515441,0,0.0030799112,inner_val
ISIC_0516613,0,0.00084498286,inner_val
ISIC_0518233,0,0.0014527452,inner_val
ISIC_0518459,0,0.00063120853,inner_val
ISIC_0519719,0,0.008092685,inner_val
ISIC_0524477,0,0.0018566409,inner_val
ISIC_0527088,0,0.0014731165,inner_val
ISIC_0528791,0,0.00044560904,inner_val
ISIC_0530054,0,0.0006445076,inner_val
ISIC_0530355,0,0.0011198855,inner_val
ISIC_0534191,0,0.18978935,inner_val
ISIC_0534529,0,0.0005669733,inner_val
ISIC_0535416,0,0.0011999786,inner_val
ISIC_0535843,0,0.0022772646,inner_val
ISIC_0536433,0,0.001770726,inner_val
ISIC_0545237,0,0.0015630249,inner_val
ISIC_0549163,0,0.0012471374,inner_val
ISIC_0549211,0,0.04528658,inner_val
ISIC_0551392,0,0.040789988,inner_val
ISIC_0551684,0,0.07372702,inner_val
ISIC_0551708,0,0.025695596,inner_val
ISIC_0552911,0,0.00086823496,inner_val
ISIC_0552953,0,0.0011191368,inner_val
ISIC_0554499,0,0.0007656107,inner_val
ISIC_0555529,0,0.011311802,inner_val
ISIC_0558046,0,0.0022268253,inner_val
ISIC_0559541,0,0.00051211973,inner_val
ISIC_0559566,0,0.09342755,inner_val
ISIC_0563516,0,0.0014322911,inner_val
ISIC_0565046,0,0.000531994,inner_val
ISIC_0565120,0,0.000452464,inner_val
ISIC_0571560,0,0.00087241986,inner_val
ISIC_0573934,0,0.007422183,inner_val
ISIC_0575072,0,0.0026536172,inner_val
ISIC_0576455,0,0.00040995242,inner_val
ISIC_0582315,0,0.00075920596,inner_val
ISIC_0585155,0,0.00036804873,inner_val
ISIC_0586053,0,0.0033342661,inner_val
ISIC_0588328,0,0.01205102,inner_val
ISIC_0589744,0,0.0050352034,inner_val
ISIC_0591828,0,0.00079915207,inner_val
ISIC_0592026,0,0.0005477567,inner_val
ISIC_0592068,0,0.01738551,inner_val
ISIC_0593756,0,0.033958767,inner_val
ISIC_0594534,0,0.003151673,inner_val
ISIC_0595018,0,0.00068684726,inner_val
ISIC_0597414,0,0.0030980897,inner_val
ISIC_0600084,0,0.0038118747,inner_val
ISIC_0602529,0,0.0067343693,inner_val
ISIC_0602697,0,0.0005852311,inner_val
ISIC_0602723,0,0.0014980678,inner_val
ISIC_0604062,0,0.009571063,inner_val
ISIC_0605128,0,0.011644314,inner_val
ISIC_0605180,0,0.033218186,inner_val
ISIC_0606437,0,0.0005312797,inner_val
ISIC_0607852,0,0.0024244287,inner_val
ISIC_0611793,0,0.00151757,inner_val
ISIC_0614681,0,0.00083460624,inner_val
ISIC_0618194,0,0.0008228421,inner_val
ISIC_0618524,0,0.0010652975,inner_val
ISIC_0621550,0,0.06934328,inner_val
ISIC_0623875,0,0.0003108786,inner_val
ISIC_0625629,0,0.011534422,inner_val
ISIC_0626832,0,0.0005085958,inner_val
ISIC_0626986,0,0.00049146696,inner_val
ISIC_0629437,0,0.0025720287,inner_val
ISIC_0631689,0,0.013922561,inner_val
ISIC_0634028,0,0.0066071376,inner_val
ISIC_0637043,0,0.000376943,inner_val
ISIC_0639140,0,0.0008710241,inner_val
ISIC_0639162,0,0.035309207,inner_val
ISIC_0644970,0,0.00082738075,inner_val
ISIC_0645116,0,0.00031089108,inner_val
ISIC_0645950,0,0.0005213912,inner_val
ISIC_0648752,0,0.0004996393,inner_val
ISIC_0650784,0,0.002810677,inner_val
ISIC_0653456,0,0.023429958,inner_val
ISIC_0653633,0,0.0005462223,inner_val
ISIC_0656395,0,0.0009705598,inner_val
ISIC_0661284,0,0.1275435,inner_val
ISIC_0663824,0,0.00042005113,inner_val
ISIC_0663941,0,0.0006207565,inner_val
ISIC_0664113,0,0.0006690574,inner_val
ISIC_0667315,0,0.0005996407,inner_val
ISIC_0671251,0,0.0014978767,inner_val
ISIC_0672985,0,0.005129235,inner_val
ISIC_0675972,0,0.0010558285,inner_val
ISIC_0679155,0,0.0004982482,inner_val
ISIC_0680823,0,0.033457674,inner_val
ISIC_0685898,0,0.011859796,inner_val
ISIC_0687455,0,0.01946424,inner_val
ISIC_0688622,0,0.0026248454,inner_val
ISIC_0690237,0,0.056755897,inner_val
ISIC_0690822,0,0.00033547357,inner_val
ISIC_0691357,0,0.00827708,inner_val
ISIC_0692285,0,0.021449737,inner_val
ISIC_0692478,0,0.0011899339,inner_val
ISIC_0693968,0,0.0023386735,inner_val
ISIC_0696408,0,0.0022352363,inner_val
ISIC_0697622,0,0.020971581,inner_val
ISIC_0698821,0,0.0064449077,inner_val
ISIC_0700870,0,0.0005352221,inner_val
ISIC_0703540,0,0.0025675346,inner_val
ISIC_0704859,0,0.16423354,inner_val
ISIC_0707244,0,0.00050762715,inner_val
ISIC_0709041,0,0.000448971,inner_val
ISIC_0709380,0,0.002912689,inner_val
ISIC_0711820,0,0.0008348826,inner_val
ISIC_0712270,0,0.001413966,inner_val
ISIC_0713368,0,0.0011680585,inner_val
ISIC_0716541,0,0.0007087053,inner_val
ISIC_0716858,0,0.05503767,inner_val
ISIC_0717851,0,0.04976419,inner_val
ISIC_0718586,0,0.0013171027,inner_val
ISIC_0721010,0,0.0034592755,inner_val
ISIC_0723083,0,0.00054526154,inner_val
ISIC_0727489,0,0.00052444136,inner_val
ISIC_0736508,0,0.06509058,inner_val
ISIC_0737125,0,0.010844361,inner_val
ISIC_0737883,0,0.0007305771,inner_val
ISIC_0743090,0,0.014905454,inner_val
ISIC_0743540,0,0.0012070007,inner_val
ISIC_0744013,1,0.03320191,inner_val
ISIC_0745450,0,0.0040884446,inner_val
ISIC_0751582,0,0.0020436496,inner_val
ISIC_0753112,0,0.061383285,inner_val
ISIC_0753802,0,0.000470264,inner_val
ISIC_0754049,0,0.0005154966,inner_val
ISIC_0757711,0,0.18435708,inner_val
ISIC_0758729,0,0.0013900594,inner_val
ISIC_0758797,0,0.0018755104,inner_val
ISIC_0760740,0,0.0009208601,inner_val
ISIC_0760892,0,0.0049494626,inner_val
ISIC_0762367,0,0.0006802693,inner_val
ISIC_0762591,0,0.00058685517,inner_val
ISIC_0765584,0,0.00079657737,inner_val
ISIC_0766328,0,0.001077479,inner_val
ISIC_0772957,0,0.00081328367,inner_val
ISIC_0776193,0,0.00858736,inner_val
ISIC_0777538,0,0.0011975676,inner_val
ISIC_0779135,0,0.007763319,inner_val
ISIC_0780232,0,0.001100892,inner_val
ISIC_0790575,0,0.040164694,inner_val
ISIC_0790942,0,0.0043362305,inner_val
ISIC_0792879,0,0.0005857454,inner_val
ISIC_0793501,0,0.0023378893,inner_val
ISIC_0795514,0,0.00086549507,inner_val
ISIC_0796372,0,0.00071623956,inner_val
ISIC_0803667,0,0.03923883,inner_val
ISIC_0806138,0,0.0007293879,inner_val
ISIC_0808108,0,0.064364,inner_val
ISIC_0809241,0,0.0013069996,inner_val
ISIC_0810640,0,0.00079287303,inner_val
ISIC_0811406,0,0.00061680545,inner_val
ISIC_0812959,0,0.013296339,inner_val
ISIC_0815664,0,0.0009956369,inner_val
ISIC_0818181,0,0.025371265,inner_val
ISIC_0819765,0,0.015735935,inner_val
ISIC_0821520,0,0.0007976476,inner_val
ISIC_0824361,0,0.020864282,inner_val
ISIC_0826213,0,0.00064998807,inner_val
ISIC_0826813,0,0.014504983,inner_val
ISIC_0826998,0,0.06668875,inner_val
ISIC_0828120,0,0.009923153,inner_val
ISIC_0828475,0,0.00038731142,inner_val
ISIC_0829565,0,0.026757792,inner_val
ISIC_0842426,0,0.0009981632,inner_val
ISIC_0844854,0,0.03775679,inner_val
ISIC_0845105,0,0.00068605016,inner_val
ISIC_0845791,0,0.049149804,inner_val
ISIC_0846837,0,0.0010217577,inner_val
ISIC_0849028,0,0.042774122,inner_val
ISIC_0851556,0,0.3373511,inner_val
ISIC_0853280,0,0.0052736537,inner_val
ISIC_0853576,0,0.0038963547,inner_val
ISIC_0854335,0,0.0034211574,inner_val
ISIC_0854601,0,0.0051779635,inner_val
ISIC_0856633,0,0.00048375843,inner_val
ISIC_0859438,0,0.0014554898,inner_val
ISIC_0861128,0,0.0014365175,inner_val
ISIC_0862337,0,0.00038945922,inner_val
ISIC_0867357,0,0.04121367,inner_val
ISIC_0871035,0,0.002369192,inner_val
ISIC_0876230,0,0.0013339409,inner_val
ISIC_0878210,0,0.0005995533,inner_val
ISIC_0878793,0,0.00046329395,inner_val
ISIC_0879635,0,0.0050076013,inner_val
ISIC_0884463,0,0.0025966442,inner_val
ISIC_0886878,0,0.0009838252,inner_val
ISIC_0889205,0,0.00069757923,inner_val
ISIC_0892089,0,0.0004349297,inner_val
ISIC_0896313,0,0.006646929,inner_val
ISIC_0896635,0,0.022755932,inner_val
ISIC_0898454,0,0.00064151385,inner_val
ISIC_0899961,0,0.0009054797,inner_val
ISIC_0900587,0,0.05889378,inner_val
ISIC_0901012,0,0.0123741245,inner_val
ISIC_0901213,0,0.0035495092,inner_val
ISIC_0901472,0,0.0032834946,inner_val
ISIC_0902830,0,0.0009410716,inner_val
ISIC_0903175,0,0.0017296424,inner_val
ISIC_0905455,0,0.0019979083,inner_val
ISIC_0906053,0,0.2955288,inner_val
ISIC_0906639,0,0.00050130114,inner_val
ISIC_0908662,0,0.005044627,inner_val
ISIC_0912033,0,0.0015778015,inner_val
ISIC_0915216,0,0.00031905388,inner_val
ISIC_0919271,0,0.0011418762,inner_val
ISIC_0919467,0,0.11016457,inner_val
ISIC_0922552,0,0.0009867526,inner_val
ISIC_0924427,1,0.4425629,inner_val
ISIC_0925758,0,0.00042700328,inner_val
ISIC_0928581,0,0.0029793722,inner_val
ISIC_0931218,0,0.00080073456,inner_val
ISIC_0933075,0,0.024104886,inner_val
ISIC_0935859,0,0.00040734417,inner_val
ISIC_0939642,0,0.0038439606,inner_val
ISIC_0944828,0,0.0007929373,inner_val
ISIC_0946923,0,0.0008503987,inner_val
ISIC_0947409,0,0.094713435,inner_val
ISIC_0950828,0,0.0010404687,inner_val
ISIC_0951438,0,0.0064666844,inner_val
ISIC_0952098,0,0.038393356,inner_val
ISIC_0952221,0,0.00064200204,inner_val
ISIC_0953094,0,0.00089304306,inner_val
ISIC_0953675,0,0.026040567,inner_val
ISIC_0954522,0,0.0009829383,inner_val
ISIC_0954841,0,0.0073337504,inner_val
ISIC_0958701,0,0.00043772688,inner_val
ISIC_0959562,0,0.0005475077,inner_val
ISIC_0960088,0,0.00068024406,inner_val
ISIC_0961235,1,0.08389559,inner_val
ISIC_0965652,0,0.0018807783,inner_val
ISIC_0969170,0,0.011228074,inner_val
ISIC_0970616,0,0.0069126515,inner_val
ISIC_0981661,0,0.039062787,inner_val
ISIC_0982855,0,0.0006109745,inner_val
ISIC_0985052,0,0.0025469381,inner_val
ISIC_0986890,0,0.0038204526,inner_val
ISIC_0986955,0,0.002239132,inner_val
ISIC_0987042,0,0.0014290961,inner_val
ISIC_0987176,0,0.0015296625,inner_val
ISIC_0987523,0,0.045269668,inner_val
ISIC_0987830,0,0.0010119703,inner_val
ISIC_0988623,0,0.00066499336,inner_val
ISIC_0988766,0,0.005418749,inner_val
ISIC_0990073,0,0.0016131849,inner_val
ISIC_0991133,0,0.003026931,inner_val
ISIC_0995838,0,0.04067691,inner_val
ISIC_1001477,0,0.0037711381,inner_val
ISIC_1006632,0,0.0009906136,inner_val
ISIC_1010525,0,0.00096649135,inner_val
ISIC_1010991,0,0.00066501496,inner_val
ISIC_1011754,0,0.00093947205,inner_val
ISIC_1013648,0,0.00026789628,inner_val
ISIC_1017622,0,0.0005259532,inner_val
ISIC_1020208,0,0.0046197306,inner_val
ISIC_1020569,0,0.0009996564,inner_val
ISIC_1020999,0,0.004014573,inner_val
ISIC_1026770,0,0.0010648207,inner_val
ISIC_1027512,0,0.0020326143,inner_val
ISIC_1028550,0,0.0016478975,inner_val
ISIC_1029536,0,0.030606361,inner_val
ISIC_1030920,0,0.0046506845,inner_val
ISIC_1031166,0,0.016670495,inner_val
ISIC_1032630,0,0.0007224255,inner_val
ISIC_1037947,0,0.00066332455,inner_val
ISIC_1044758,0,0.0009887137,inner_val
ISIC_1048077,0,0.0008695787,inner_val
ISIC_1048895,0,0.030623354,inner_val
ISIC_1050945,0,0.0059941728,inner_val
ISIC_1054769,0,0.029585904,inner_val
ISIC_1058326,0,0.00083423447,inner_val
ISIC_1059054,0,0.001854502,inner_val
ISIC_1066801,0,0.019380229,inner_val
ISIC_1068489,0,0.0004772018,inner_val
ISIC_1070715,0,0.0010992074,inner_val
ISIC_1076339,0,0.0015064871,inner_val
ISIC_1077375,0,0.00077953096,inner_val
ISIC_1080640,0,0.00086848025,inner_val
ISIC_1082748,0,0.037653,inner_val
ISIC_1086902,0,0.0011786373,inner_val
ISIC_1090562,0,0.0013296441,inner_val
ISIC_1092323,0,0.1350464,inner_val
ISIC_1092604,0,0.1499468,inner_val
ISIC_1096503,0,0.001174254,inner_val
ISIC_1098112,0,0.021368448,inner_val
ISIC_1100216,0,0.046906315,inner_val
ISIC_1107549,0,0.03159617,inner_val
ISIC_1108178,0,0.0006708065,inner_val
ISIC_1108204,0,0.042057518,inner_val
ISIC_1109516,0,0.0018497567,inner_val
ISIC_1109667,0,0.050413214,inner_val
ISIC_1111050,0,0.001140274,inner_val
ISIC_1114860,0,0.42952746,inner_val
ISIC_1116949,0,0.0030857553,inner_val
ISIC_1122023,0,0.0062191025,inner_val
ISIC_1124434,1,0.0363025,inner_val
ISIC_1125652,0,0.00073798676,inner_val
ISIC_1128317,0,0.008156893,inner_val
ISIC_1128371,0,0.00044481203,inner_val
ISIC_1130888,0,0.09952922,inner_val
ISIC_1132496,1,0.21821627,inner_val
ISIC_1133501,0,0.0015574294,inner_val
ISIC_1137178,0,0.024101295,inner_val
ISIC_1140410,0,0.016686277,inner_val
ISIC_1142933,0,0.0038646057,inner_val
ISIC_1143655,0,0.0008871488,inner_val
ISIC_1145963,0,0.0073338924,inner_val
ISIC_1152559,0,0.001954342,inner_val
ISIC_1152737,0,0.00217736,inner_val
ISIC_1155782,0,0.00082661037,inner_val
ISIC_1158466,0,0.0011939371,inner_val
ISIC_1159891,1,0.0033543457,inner_val
ISIC_1161370,0,0.0007994659,inner_val
ISIC_1161591,0,0.0006440568,inner_val
ISIC_1163426,0,0.048481375,inner_val
ISIC_1163624,0,0.0014172413,inner_val
ISIC_1164529,0,0.08612028,inner_val
ISIC_1165497,0,0.009913113,inner_val
ISIC_1166337,0,0.00050451193,inner_val
ISIC_1166522,0,0.028981416,inner_val
ISIC_1166920,0,0.001524078,inner_val
ISIC_1170961,0,0.00083137286,inner_val
ISIC_1171426,0,0.00049782026,inner_val
ISIC_1171646,0,0.0020233747,inner_val
ISIC_1173350,0,0.00028575867,inner_val
ISIC_1174017,0,0.00043264223,inner_val
ISIC_1178847,0,0.04422692,inner_val
ISIC_1185906,0,0.0072464794,inner_val
ISIC_1187477,0,0.024196709,inner_val
ISIC_1194127,0,0.00042891354,inner_val
ISIC_1194836,0,0.0010966476,inner_val
ISIC_1194944,0,0.0015762947,inner_val
ISIC_1197692,0,0.23595707,inner_val
ISIC_1198405,0,0.00058943545,inner_val
ISIC_1199843,0,0.0010043929,inner_val
ISIC_1203254,0,0.016796574,inner_val
ISIC_1203434,0,0.0044537126,inner_val
ISIC_1206021,0,0.007020173,inner_val
ISIC_1211506,0,0.000784918,inner_val
ISIC_1216698,0,0.0035695813,inner_val
ISIC_1218931,0,0.0021927862,inner_val
ISIC_1223849,0,0.00039190205,inner_val
ISIC_1225369,0,0.002341559,inner_val
ISIC_1226868,0,0.0013942603,inner_val
ISIC_1228005,0,0.0022209636,inner_val
ISIC_1234240,0,0.00041534702,inner_val
ISIC_1234254,0,0.0054214355,inner_val
ISIC_1235777,0,0.0014050324,inner_val
ISIC_1236761,0,0.0036402198,inner_val
ISIC_1241680,0,0.001325565,inner_val
ISIC_1242543,0,0.58569324,inner_val
ISIC_1246630,0,0.00059299107,inner_val
ISIC_1247683,1,0.011051097,inner_val
ISIC_1248372,0,0.0011454179,inner_val
ISIC_1250770,0,0.0023204938,inner_val
ISIC_1251639,0,0.0033050019,inner_val
ISIC_1251811,0,0.01497651,inner_val
ISIC_1252944,0,0.00044674083,inner_val
ISIC_1257045,0,0.17512465,inner_val
ISIC_1258763,0,0.0007268476,inner_val
ISIC_1258986,0,0.07894811,inner_val
ISIC_1259014,0,0.004471474,inner_val
ISIC_1259091,0,0.06433077,inner_val
ISIC_1259465,0,0.0010265416,inner_val
ISIC_1261939,0,0.014572974,inner_val
ISIC_1264993,0,0.001864216,inner_val
ISIC_1265653,0,0.051513974,inner_val
ISIC_1270339,0,0.028694782,inner_val
ISIC_1272233,0,0.00066047924,inner_val
ISIC_1274851,0,0.0007076935,inner_val
ISIC_1275964,0,0.0019283253,inner_val
ISIC_1277862,0,0.0009783012,inner_val
ISIC_1281431,0,0.040028445,inner_val
ISIC_1283950,0,0.0004490301,inner_val
ISIC_1284089,0,0.0025544236,inner_val
ISIC_1284397,0,0.004615098,inner_val
ISIC_1284496,0,0.0026492558,inner_val
ISIC_1287050,0,0.0012945443,inner_val
ISIC_1290184,0,0.001856877,inner_val
ISIC_1290465,0,0.0009263777,inner_val
ISIC_1290821,0,0.0009201948,inner_val
ISIC_1293199,0,0.07994167,inner_val
ISIC_1293501,0,0.005928287,inner_val
ISIC_1302264,0,0.0017295221,inner_val
ISIC_1304761,0,0.0005190535,inner_val
ISIC_1306790,0,0.0034491296,inner_val
ISIC_1307134,0,0.009547623,inner_val
ISIC_1307396,0,0.0020421096,inner_val
ISIC_1308847,0,0.001330951,inner_val
ISIC_1308938,0,0.00079219294,inner_val
ISIC_1312827,0,0.0063110865,inner_val
ISIC_1313105,0,0.0005733171,inner_val
ISIC_1313747,0,0.00024086096,inner_val
ISIC_1318137,0,0.0013676715,inner_val
ISIC_1318753,0,0.0027485446,inner_val
ISIC_1323043,0,0.00040250196,inner_val
ISIC_1325727,0,0.00040305138,inner_val
ISIC_1326757,0,0.0022895935,inner_val
ISIC_1328417,0,0.03431243,inner_val
ISIC_1328717,0,0.0019673205,inner_val
ISIC_1329146,0,0.0021249005,inner_val
ISIC_1329932,0,0.0027625759,inner_val
ISIC_1334438,0,0.00044335236,inner_val
ISIC_1337534,0,0.110552855,inner_val
ISIC_1338975,0,0.0005933122,inner_val
ISIC_1338986,0,0.009289961,inner_val
ISIC_1339720,0,0.0039887815,inner_val
ISIC_1341586,0,0.017096734,inner_val
ISIC_1342739,0,0.00073994556,inner_val
ISIC_1349234,0,0.0015388275,inner_val
ISIC_1350519,0,0.0014997977,inner_val
ISIC_1353949,0,0.10927196,inner_val
ISIC_1358527,0,0.0012362136,inner_val
ISIC_1363787,0,0.0008980698,inner_val
ISIC_1364368,0,0.03908533,inner_val
ISIC_1371195,0,0.00062427396,inner_val
ISIC_1374795,0,0.10800247,inner_val
ISIC_1377409,0,0.0008845461,inner_val
ISIC_1378570,0,0.0015507791,inner_val
ISIC_1383620,0,0.0013372347,inner_val
ISIC_1388822,0,0.0020192482,inner_val
ISIC_1393085,0,0.00064262457,inner_val
ISIC_1396321,0,0.00077815424,inner_val
ISIC_1400825,0,0.0008896891,inner_val
ISIC_1402103,0,0.0008254997,inner_val
ISIC_1402148,0,0.0035337496,inner_val
ISIC_1403974,0,0.00043330793,inner_val
ISIC_1405391,0,0.02577221,inner_val
ISIC_1409677,0,0.00048868044,inner_val
ISIC_1410153,0,0.0013725811,inner_val
ISIC_1410556,0,0.017754143,inner_val
ISIC_1416995,0,0.0041876077,inner_val
ISIC_1418788,0,0.009138797,inner_val
ISIC_1421568,0,0.010676509,inner_val
ISIC_1428310,0,0.0016617118,inner_val
ISIC_1433669,0,0.00087102904,inner_val
ISIC_1434244,0,0.0005645711,inner_val
ISIC_1440033,0,0.001491677,inner_val
ISIC_1441211,0,0.00067029364,inner_val
ISIC_1444573,0,0.002564235,inner_val
ISIC_1445957,0,0.0009808439,inner_val
ISIC_1448992,0,0.022476774,inner_val
ISIC_1449910,0,0.005312069,inner_val
ISIC_1450315,0,0.18501838,inner_val
ISIC_1450745,0,0.003726928,inner_val
ISIC_1452259,0,0.0025828024,inner_val
ISIC_1452314,0,0.00092253124,inner_val
ISIC_1452412,0,0.00052773237,inner_val
ISIC_1453101,0,0.0004817503,inner_val
ISIC_1454176,0,0.0013151985,inner_val
ISIC_1457263,0,0.00050258794,inner_val
ISIC_1460088,0,0.0006919865,inner_val
ISIC_1462268,0,0.0040370785,inner_val
ISIC_1464309,0,0.0010779522,inner_val
ISIC_1470245,0,0.04043371,inner_val
ISIC_1473522,1,0.069055334,inner_val
ISIC_1477076,0,0.0006666636,inner_val
ISIC_1479521,0,0.00087832066,inner_val
ISIC_1479729,0,0.017787788,inner_val
ISIC_1479891,0,0.00053435203,inner_val
ISIC_1480119,0,0.0632151,inner_val
ISIC_1483604,0,0.00032310025,inner_val
ISIC_1484525,0,0.0010264922,inner_val
ISIC_1484659,1,0.03670574,inner_val
ISIC_1486076,0,0.00028477926,inner_val
ISIC_1487601,0,0.0010043882,inner_val
ISIC_1488569,0,0.001199522,inner_val
ISIC_1488725,0,0.0013615108,inner_val
ISIC_1493051,0,0.014610493,inner_val
ISIC_1493235,0,0.005921737,inner_val
ISIC_1495182,0,0.00035276095,inner_val
ISIC_1496482,0,0.25031894,inner_val
ISIC_1497394,0,0.01046245,inner_val
ISIC_1497800,0,0.00043821035,inner_val
ISIC_1500815,0,0.00086731213,inner_val
ISIC_1501483,0,0.0018485298,inner_val
ISIC_1502460,0,0.012796229,inner_val
ISIC_1503020,0,0.003162658,inner_val
ISIC_1504257,0,0.00078139995,inner_val
ISIC_1507010,0,0.0014436486,inner_val
ISIC_1508810,0,0.0006651151,inner_val
ISIC_1509417,0,0.033040814,inner_val
ISIC_1511109,0,0.016879512,inner_val
ISIC_1514364,0,0.0011689867,inner_val
ISIC_1515543,0,0.00048786547,inner_val
ISIC_1521226,0,0.08257821,inner_val
ISIC_1521803,0,0.0023671011,inner_val
ISIC_1527888,0,0.0014477429,inner_val
ISIC_1534800,0,0.017143719,inner_val
ISIC_1538414,0,0.00323584,inner_val
ISIC_1539769,0,0.0034093407,inner_val
ISIC_1543772,0,0.006544818,inner_val
ISIC_1546811,0,0.0008851746,inner_val
ISIC_1548329,0,0.0017713794,inner_val
ISIC_1549857,0,0.005953163,inner_val
ISIC_1550721,0,0.0003192392,inner_val
ISIC_1554992,0,0.0012975939,inner_val
ISIC_1556209,0,0.0021733916,inner_val
ISIC_1556765,0,0.00095748773,inner_val
ISIC_1562894,0,0.0018481179,inner_val
ISIC_1564564,0,0.015184043,inner_val
ISIC_1569775,0,0.00066373084,inner_val
ISIC_1570390,0,0.0017178914,inner_val
ISIC_1572957,0,0.0034409366,inner_val
ISIC_1576437,0,0.0037214821,inner_val
ISIC_1578253,0,0.0009240889,inner_val
ISIC_1579497,0,0.00036936914,inner_val
ISIC_1579745,0,0.026360713,inner_val
ISIC_1582195,0,0.0011959826,inner_val
ISIC_1584543,0,0.0006106383,inner_val
ISIC_1587362,0,0.0055442196,inner_val
ISIC_1589136,0,0.09566079,inner_val
ISIC_1595496,0,0.00055838627,inner_val
ISIC_1599163,0,0.00076034997,inner_val
ISIC_1601623,0,0.015927544,inner_val
ISIC_1603509,0,0.0010212264,inner_val
ISIC_1604935,0,0.0010431448,inner_val
ISIC_1605937,0,0.0012736794,inner_val
ISIC_1608524,0,0.0025047709,inner_val
ISIC_1611092,0,0.0026043085,inner_val
ISIC_1611503,0,0.00085812586,inner_val
ISIC_1611703,0,0.00039306527,inner_val
ISIC_1613289,0,0.03355073,inner_val
ISIC_1616809,0,0.0785232,inner_val
ISIC_1618302,0,0.0018089156,inner_val
ISIC_1618832,0,0.3411668,inner_val
ISIC_1621961,0,0.0006046575,inner_val
ISIC_1626033,0,0.0011565853,inner_val
ISIC_1628425,0,0.00039504477,inner_val
ISIC_1629433,0,0.003815063,inner_val
ISIC_1630209,0,0.0057154433,inner_val
ISIC_1631649,0,0.06792651,inner_val
ISIC_1632009,0,0.00059481774,inner_val
ISIC_1632313,0,0.02467631,inner_val
ISIC_1632949,0,0.09014183,inner_val
ISIC_1633463,0,0.0009448715,inner_val
ISIC_1635633,0,0.00029645272,inner_val
ISIC_1636849,0,0.000564788,inner_val
ISIC_1637536,0,0.12299244,inner_val
ISIC_1638953,0,0.0005336903,inner_val
ISIC_1639570,0,0.0012585777,inner_val
ISIC_1641839,0,0.00356586,inner_val
ISIC_1642090,0,0.0008627487,inner_val
ISIC_1646084,0,0.002189299,inner_val
ISIC_1646954,0,0.009439683,inner_val
ISIC_1650001,0,0.00036867487,inner_val
ISIC_1652008,0,0.00042323003,inner_val
ISIC_1652015,0,0.0042963047,inner_val
ISIC_1652568,0,0.0014141068,inner_val
ISIC_1654183,0,0.0005710604,inner_val
ISIC_1655600,0,0.00041803365,inner_val
ISIC_1655662,0,0.0016850758,inner_val
ISIC_1656186,0,0.0017702028,inner_val
ISIC_1656752,0,0.0013556933,inner_val
ISIC_1658978,0,0.0005589683,inner_val
ISIC_1659261,0,0.0015163457,inner_val
ISIC_1659460,0,0.0010948845,inner_val
ISIC_1660279,0,0.012401556,inner_val
ISIC_1664345,0,0.000299116,inner_val
ISIC_1664381,0,0.0011924123,inner_val
ISIC_1666976,0,0.00093773584,inner_val
ISIC_1668944,0,0.01962862,inner_val
ISIC_1669804,0,0.0051008007,inner_val
ISIC_1672458,0,0.0041392874,inner_val
ISIC_1672688,0,0.0019375584,inner_val
ISIC_1676261,0,0.00050794776,inner_val
ISIC_1676939,0,0.15340793,inner_val
ISIC_1677088,0,0.00080649694,inner_val
ISIC_1678175,0,0.05183138,inner_val
ISIC_1680153,0,0.00094717136,inner_val
ISIC_1682693,0,0.0006816036,inner_val
ISIC_1685333,0,0.0038316774,inner_val
ISIC_1686254,0,0.0006910573,inner_val
ISIC_1688160,0,0.019225368,inner_val
ISIC_1691050,0,0.0062173675,inner_val
ISIC_1692144,0,0.0036007364,inner_val
ISIC_1694996,0,0.0016585847,inner_val
ISIC_1698805,0,0.006946594,inner_val
ISIC_1709233,0,0.0040217256,inner_val
ISIC_1711973,0,0.002081837,inner_val
ISIC_1715277,0,0.00042834028,inner_val
ISIC_1716626,0,0.006401768,inner_val
ISIC_1718707,0,0.0055867243,inner_val
ISIC_1720411,0,0.0021022323,inner_val
ISIC_1722494,0,0.004361705,inner_val
ISIC_1723904,0,0.002571411,inner_val
ISIC_1725997,0,0.0019302204,inner_val
ISIC_1727542,0,0.0017986267,inner_val
ISIC_1727818,0,0.15098578,inner_val
ISIC_1729223,1,0.07900805,inner_val
ISIC_1731230,0,0.015482039,inner_val
ISIC_1732652,0,0.019723697,inner_val
ISIC_1733130,0,0.0019631903,inner_val
ISIC_1737600,0,0.0012235496,inner_val
ISIC_1738348,0,0.0033513121,inner_val
ISIC_1739120,0,0.010603344,inner_val
ISIC_1739659,0,0.0017076455,inner_val
ISIC_1739748,0,0.02876513,inner_val
ISIC_1740912,0,0.0052789147,inner_val
ISIC_1740983,0,0.0011350007,inner_val
ISIC_1743974,0,0.0029723211,inner_val
ISIC_1745458,0,0.009175971,inner_val
ISIC_1745646,0,0.0017968656,inner_val
ISIC_1745731,0,0.020701645,inner_val
ISIC_1746070,0,0.0023597965,inner_val
ISIC_1747417,0,0.019449776,inner_val
ISIC_1748718,0,0.012926081,inner_val
ISIC_1748719,0,0.0067927497,inner_val
ISIC_1749857,0,0.0011167694,inner_val
ISIC_1752943,1,0.11518227,inner_val
ISIC_1753877,0,0.00095267955,inner_val
ISIC_1755832,0,0.038725346,inner_val
ISIC_1762555,0,0.020881321,inner_val
ISIC_1763264,0,0.000784577,inner_val
ISIC_1766601,0,0.0014776418,inner_val
ISIC_1768051,0,0.0012258004,inner_val
ISIC_1768197,0,0.0008006202,inner_val
ISIC_1768978,0,0.019437212,inner_val
ISIC_1769209,0,0.0014336482,inner_val
ISIC_1770995,0,0.015385569,inner_val
ISIC_1771684,0,0.0013375749,inner_val
ISIC_1774797,0,0.00032688517,inner_val
ISIC_1779061,0,0.16735987,inner_val
ISIC_1779595,0,0.0068488326,inner_val
ISIC_1783727,0,0.0076643517,inner_val
ISIC_1787026,0,0.00045916627,inner_val
ISIC_1793200,0,0.27406505,inner_val
ISIC_1796649,0,0.0007483306,inner_val
ISIC_1797795,1,0.07318758,inner_val
ISIC_1801687,0,0.0072857314,inner_val
ISIC_1802797,0,0.012480675,inner_val
ISIC_1806497,0,0.0025759034,inner_val
ISIC_1806761,0,0.0054258057,inner_val
ISIC_1807319,0,0.006360972,inner_val
ISIC_1809508,0,0.0016628752,inner_val
ISIC_1811909,0,0.30467397,inner_val
ISIC_1816026,0,0.00034082972,inner_val
ISIC_1825131,0,0.0021213938,inner_val
ISIC_1826803,0,0.038129557,inner_val
ISIC_1831304,0,0.004656352,inner_val
ISIC_1831325,0,0.000589531,inner_val
ISIC_1836352,0,0.0041669444,inner_val
ISIC_1838216,0,0.0136198625,inner_val
ISIC_1842021,0,0.001684495,inner_val
ISIC_1844824,0,0.0007599801,inner_val
ISIC_1849014,0,0.013027589,inner_val
ISIC_1850388,0,0.0045967908,inner_val
ISIC_1852015,0,0.001508578,inner_val
ISIC_1854161,0,0.03432096,inner_val
ISIC_1858237,0,0.0017212518,inner_val
ISIC_1858989,0,0.00077086664,inner_val
ISIC_1859923,0,0.008149393,inner_val
ISIC_1860429,0,0.0021036551,inner_val
ISIC_1860845,0,0.0015559152,inner_val
ISIC_1865060,0,0.010937014,inner_val
ISIC_1866859,0,0.0027313563,inner_val
ISIC_1867577,0,0.0005775578,inner_val
ISIC_1869634,0,0.00087545346,inner_val
ISIC_1869958,0,0.0010548463,inner_val
ISIC_1870184,0,0.00078188936,inner_val
ISIC_1870517,0,0.0003758384,inner_val
ISIC_1874969,0,0.00063797814,inner_val
ISIC_1876943,0,0.0043561626,inner_val
ISIC_1878443,0,0.011581455,inner_val
ISIC_1880716,0,0.004405198,inner_val
ISIC_1881035,0,0.001732218,inner_val
ISIC_1881133,1,0.019083908,inner_val
ISIC_1882367,0,0.005157335,inner_val
ISIC_1882699,0,0.00060266483,inner_val
ISIC_1883330,0,0.00084440777,inner_val
ISIC_1883892,0,0.0006339783,inner_val
ISIC_1884191,0,0.0008527113,inner_val
ISIC_1884256,0,0.00043012184,inner_val
ISIC_1886756,0,0.0015792385,inner_val
ISIC_1888961,0,0.005095859,inner_val
ISIC_1900721,0,0.0014567918,inner_val
ISIC_1901615,0,0.00054796325,inner_val
ISIC_1903698,0,0.00061064673,inner_val
ISIC_1907792,0,0.0019627989,inner_val
ISIC_1910458,0,0.004626287,inner_val
ISIC_1912589,0,0.0016231973,inner_val
ISIC_1915791,0,0.006837017,inner_val
ISIC_1917581,0,0.0019716844,inner_val
ISIC_1919196,0,0.08899216,inner_val
ISIC_1919324,0,0.0014008771,inner_val
ISIC_1920685,0,0.00041003665,inner_val
ISIC_1921387,0,0.0010425816,inner_val
ISIC_1922084,0,0.16482955,inner_val
ISIC_1922234,0,0.04486677,inner_val
ISIC_1924821,0,0.0005713846,inner_val
ISIC_1925632,0,0.025067246,inner_val
ISIC_1927825,0,0.007343696,inner_val
ISIC_1928510,0,0.0017320167,inner_val
ISIC_1929320,0,0.054721106,inner_val
ISIC_1929654,0,0.040189706,inner_val
ISIC_1930877,0,0.0017599292,inner_val
ISIC_1931408,0,0.005054813,inner_val
ISIC_1932729,0,0.0003086042,inner_val
ISIC_1933026,0,0.0011811311,inner_val
ISIC_1933891,0,0.060297616,inner_val
ISIC_1934097,0,0.001430504,inner_val
ISIC_1935814,0,0.00083962386,inner_val
ISIC_1947833,0,0.0075981133,inner_val
ISIC_1951867,0,0.001285655,inner_val
ISIC_1952049,0,0.010962285,inner_val
ISIC_1952599,0,0.0005755866,inner_val
ISIC_1953808,0,0.00044834358,inner_val
ISIC_1954547,0,0.00089228695,inner_val
ISIC_1957587,0,0.0016924771,inner_val
ISIC_1959078,0,0.00063092593,inner_val
ISIC_1959412,0,0.00038885785,inner_val
ISIC_1960472,0,0.045460474,inner_val
ISIC_1961412,0,0.00043362036,inner_val
ISIC_1962639,0,0.00024418833,inner_val
ISIC_1964157,0,0.0019458104,inner_val
ISIC_1964243,0,0.01223474,inner_val
ISIC_1964334,0,0.0021990102,inner_val
ISIC_1967171,0,0.0015768958,inner_val
ISIC_1967651,0,0.0010930238,inner_val
ISIC_1968499,0,0.0010107432,inner_val
ISIC_1969322,0,0.011317312,inner_val
ISIC_1970027,0,0.00019980379,inner_val
ISIC_1973320,0,0.00084502995,inner_val
ISIC_1974777,0,0.0010553312,inner_val
ISIC_1978426,0,0.0005802493,inner_val
ISIC_1980064,0,0.0019108288,inner_val
ISIC_1980878,0,0.011931268,inner_val
ISIC_1983516,0,0.0016655576,inner_val
ISIC_1985244,0,0.0025731875,inner_val
ISIC_1990046,0,0.0014965009,inner_val
ISIC_1990429,0,0.00034599326,inner_val
ISIC_1990514,0,0.0012030337,inner_val
ISIC_1990771,0,0.062028594,inner_val
ISIC_1994455,0,0.122459285,inner_val
ISIC_1994499,0,0.0003185029,inner_val
ISIC_1995882,0,0.0011594704,inner_val
ISIC_1997692,0,0.009288518,inner_val
ISIC_2000000,0,0.0018814114,inner_val
ISIC_2001492,0,0.02320907,inner_val
ISIC_2007864,0,0.004763444,inner_val
ISIC_2011808,0,0.016380815,inner_val
ISIC_2012967,0,0.00070730486,inner_val
ISIC_2017710,0,0.004368411,inner_val
ISIC_2017991,0,0.00065458426,inner_val
ISIC_2018361,0,0.0022720895,inner_val
ISIC_2024502,0,0.0125638,inner_val
ISIC_2025058,0,0.0029505668,inner_val
ISIC_2030479,0,0.0012847014,inner_val
ISIC_2031177,0,0.0060884403,inner_val
ISIC_2032923,0,0.09789903,inner_val
ISIC_2034311,0,0.01092764,inner_val
ISIC_2034659,0,0.003175942,inner_val
ISIC_2037328,0,0.023927376,inner_val
ISIC_2038024,0,0.0021517365,inner_val
ISIC_2039579,0,0.00420826,inner_val
ISIC_2041726,0,0.00034310008,inner_val
ISIC_2042953,0,0.000594926,inner_val
ISIC_2045595,0,0.0017021089,inner_val
ISIC_2047791,0,0.00059484015,inner_val
ISIC_2049818,0,0.0008046002,inner_val
ISIC_2050288,0,0.0142192505,inner_val
ISIC_2052192,0,0.040189054,inner_val
ISIC_2053051,0,0.00042511045,inner_val
ISIC_2056352,0,0.018731616,inner_val
ISIC_2058516,0,0.010264828,inner_val
ISIC_2061327,0,0.0015168187,inner_val
ISIC_2064934,0,0.0041075004,inner_val
ISIC_2066127,0,0.00078419014,inner_val
ISIC_2066959,0,0.13891438,inner_val
ISIC_2073530,0,0.00035688165,inner_val
ISIC_2074764,0,0.0007638213,inner_val
ISIC_2075372,0,0.00039691862,inner_val
ISIC_2076902,0,0.0014588131,inner_val
ISIC_2079417,0,0.0012140938,inner_val
ISIC_2079758,0,0.020801991,inner_val
ISIC_2083098,0,0.0016951567,inner_val
ISIC_2085439,0,0.10773932,inner_val
ISIC_2087913,0,0.00468019,inner_val
ISIC_2093604,0,0.002132148,inner_val
ISIC_2093988,0,0.052740756,inner_val
ISIC_2094324,0,0.0006891359,inner_val
ISIC_2099776,0,0.0012812403,inner_val
ISIC_2101624,1,0.54989386,inner_val
ISIC_2102228,0,0.0007837991,inner_val
ISIC_2103508,0,0.20869373,inner_val
ISIC_2104487,0,0.0033494204,inner_val
ISIC_2108787,0,0.013999202,inner_val
ISIC_2110862,0,0.00077852735,inner_val
ISIC_2112213,0,0.016265005,inner_val
ISIC_2113710,0,0.0012482224,inner_val
ISIC_2116331,0,0.0035154265,inner_val
ISIC_2122087,0,0.0010351223,inner_val
ISIC_2123488,0,0.0003943667,inner_val
ISIC_2124213,0,0.00066990376,inner_val
ISIC_2126084,0,0.00046832114,inner_val
ISIC_2127820,0,0.012275224,inner_val
ISIC_2132397,0,0.0015647091,inner_val
ISIC_2134824,0,0.0006392974,inner_val
ISIC_2134858,0,0.0013795511,inner_val
ISIC_2134975,0,0.052940723,inner_val
ISIC_2137033,0,0.007920177,inner_val
ISIC_2142686,0,0.0005678792,inner_val
ISIC_2143557,0,0.001449003,inner_val
ISIC_2151178,0,0.0006901947,inner_val
ISIC_2151459,0,0.0004184168,inner_val
ISIC_2153201,0,0.00085319806,inner_val
ISIC_2153301,0,0.00036552327,inner_val
ISIC_2155899,0,0.003445809,inner_val
ISIC_2159294,0,0.024430318,inner_val
ISIC_2160139,0,0.118105665,inner_val
ISIC_2161819,0,0.00107555,inner_val
ISIC_2161864,0,0.0017699836,inner_val
ISIC_2164836,0,0.0013295303,inner_val
ISIC_2166661,0,0.012391566,inner_val
ISIC_2168257,0,0.0006722468,inner_val
ISIC_2170086,0,0.0006171324,inner_val
ISIC_2172377,0,0.004025079,inner_val
ISIC_2182674,0,0.00073249673,inner_val
ISIC_2183559,0,0.0015955521,inner_val
ISIC_2184202,0,0.12025555,inner_val
ISIC_2186853,0,0.00060689106,inner_val
ISIC_2188423,0,0.0008357016,inner_val
ISIC_2190217,0,0.002432516,inner_val
ISIC_2194762,0,0.004792048,inner_val
ISIC_2194968,0,0.00090835296,inner_val
ISIC_2196147,0,0.015486386,inner_val
ISIC_2196918,0,0.019062748,inner_val
ISIC_2197398,0,0.00075017166,inner_val
ISIC_2199280,0,0.0005832429,inner_val
ISIC_2200426,0,0.0007500995,inner_val
ISIC_2200924,0,0.034585238,inner_val
ISIC_2205007,0,0.15344922,inner_val
ISIC_2208205,0,0.0006399778,inner_val
ISIC_2208668,0,0.0147806285,inner_val
ISIC_2210565,0,0.0035540503,inner_val
ISIC_2210573,0,0.001306401,inner_val
ISIC_2215830,0,0.26631314,inner_val
ISIC_2218318,0,0.05076227,inner_val
ISIC_2221993,0,0.0017788368,inner_val
ISIC_2222091,0,0.25362474,inner_val
ISIC_2228262,0,0.03657156,inner_val
ISIC_2228270,0,0.0007560221,inner_val
ISIC_2229251,0,0.0010239419,inner_val
ISIC_2231787,0,0.0007757546,inner_val
ISIC_2243954,0,0.0013052722,inner_val
ISIC_2246315,0,0.00082404265,inner_val
ISIC_2248231,0,0.0007073345,inner_val
ISIC_2249623,0,0.0037504255,inner_val
ISIC_2251844,0,0.00033096134,inner_val
ISIC_2251944,0,0.12920706,inner_val
ISIC_2252702,0,0.14041848,inner_val
ISIC_2252958,0,0.00087924046,inner_val
ISIC_2255088,0,0.00092741905,inner_val
ISIC_2255966,0,0.005183577,inner_val
ISIC_2262146,0,0.065325186,inner_val
ISIC_2264633,0,0.004997976,inner_val
ISIC_2266011,0,0.013574952,inner_val
ISIC_2274871,0,0.014548727,inner_val
ISIC_2275624,0,0.0009934424,inner_val
ISIC_2276141,0,0.003244927,inner_val
ISIC_2276317,0,0.00039797,inner_val
ISIC_2277876,0,0.00032536415,inner_val
ISIC_2281909,0,0.0015242593,inner_val
ISIC_2282273,0,0.000809337,inner_val
ISIC_2284612,0,0.007938546,inner_val
ISIC_2289462,0,0.0014373822,inner_val
ISIC_2295004,0,0.0067168237,inner_val
ISIC_2298186,0,0.0005482702,inner_val
ISIC_2301843,0,0.005716381,inner_val
ISIC_2304459,0,0.0008647355,inner_val
ISIC_2305905,0,0.0023167017,inner_val
ISIC_2306330,0,0.05261049,inner_val
ISIC_2307711,0,0.000892724,inner_val
ISIC_2310105,0,0.0014035312,inner_val
ISIC_2314289,0,0.10872685,inner_val
ISIC_2317454,0,0.0006372383,inner_val
ISIC_2318657,0,0.001074792,inner_val
ISIC_2320481,1,0.012316131,inner_val
ISIC_2321092,0,0.0020659321,inner_val
ISIC_2321671,0,0.003205738,inner_val
ISIC_2321699,0,0.0058342577,inner_val
ISIC_2327808,0,0.45586684,inner_val
ISIC_2328829,0,0.00063687883,inner_val
ISIC_2329701,0,0.0007104405,inner_val
ISIC_2329722,0,0.27517718,inner_val
ISIC_2331656,0,0.001250861,inner_val
ISIC_2334999,0,0.0023679167,inner_val
ISIC_2336763,0,0.21988916,inner_val
ISIC_2338297,0,0.092803456,inner_val
ISIC_2338392,0,0.00059753726,inner_val
ISIC_2344492,0,0.0053769373,inner_val
ISIC_2347821,0,0.0015124773,inner_val
ISIC_2349743,0,0.0005684006,inner_val
ISIC_2352598,0,0.0003872769,inner_val
ISIC_2353030,0,0.0005760789,inner_val
ISIC_2355374,0,0.0010427049,inner_val
ISIC_2357022,0,0.010602274,inner_val
ISIC_2363669,0,0.017406719,inner_val
ISIC_2366727,0,0.0014931358,inner_val
ISIC_2367392,0,0.06935662,inner_val
ISIC_2371892,0,0.00054073165,inner_val
ISIC_2373398,0,0.00066052366,inner_val
ISIC_2374436,0,0.01882087,inner_val
ISIC_2375233,0,0.0004614367,inner_val
ISIC_2376574,0,0.015776696,inner_val
ISIC_2379778,0,0.015707808,inner_val
ISIC_2380895,0,0.00045863676,inner_val
ISIC_2381535,0,0.0014666064,inner_val
ISIC_2385847,0,0.018137658,inner_val
ISIC_2387403,0,0.0011224509,inner_val
ISIC_2387634,0,0.0011776547,inner_val
ISIC_2395859,0,0.0006362388,inner_val
ISIC_2397307,0,0.0006344915,inner_val
ISIC_2398131,0,0.0010380218,inner_val
ISIC_2398511,0,0.002938103,inner_val
ISIC_2398801,0,0.0056545194,inner_val
ISIC_2402558,0,0.042480685,inner_val
ISIC_2404756,0,0.0064778547,inner_val
ISIC_2404995,0,0.00055537006,inner_val
ISIC_2405237,0,0.0012743457,inner_val
ISIC_2406848,0,0.0009557838,inner_val
ISIC_2408442,0,0.0016802505,inner_val
ISIC_2408815,1,0.010175443,inner_val
ISIC_2412426,0,0.008613576,inner_val
ISIC_2412888,0,0.0019877232,inner_val
ISIC_2416792,0,0.002787949,inner_val
ISIC_2418389,0,0.019445961,inner_val
ISIC_2418954,0,0.00065152027,inner_val
ISIC_2420042,0,0.0007347857,inner_val
ISIC_2422589,0,0.005847662,inner_val
ISIC_2423162,0,0.0061466303,inner_val
ISIC_2434878,0,0.0013327765,inner_val
ISIC_2437106,0,0.14117716,inner_val
ISIC_2442479,0,0.051611517,inner_val
ISIC_2445235,0,0.00046956522,inner_val
ISIC_2445765,0,0.0127437,inner_val
ISIC_2445971,0,0.00112729,inner_val
ISIC_2446704,0,0.016217068,inner_val
ISIC_2450135,0,0.0017809101,inner_val
ISIC_2450853,0,0.0007229835,inner_val
ISIC_2452140,0,0.00040693465,inner_val
ISIC_2452931,0,0.0012531196,inner_val
ISIC_2458253,0,0.0077206013,inner_val
ISIC_2458845,0,0.00016876085,inner_val
ISIC_2459552,0,0.06849662,inner_val
ISIC_2461731,0,0.001120222,inner_val
ISIC_2464927,0,0.0016997122,inner_val
ISIC_2470795,0,0.00046090432,inner_val
ISIC_2471483,0,0.0012515401,inner_val
ISIC_2472336,0,0.0002934987,inner_val
ISIC_2480615,0,0.0034952958,inner_val
ISIC_2490493,0,0.0011860874,inner_val
ISIC_2491594,0,0.0012683849,inner_val
ISIC_2493376,0,0.0006577232,inner_val
ISIC_2494956,0,0.0005424662,inner_val
ISIC_2495762,0,0.19071989,inner_val
ISIC_2496332,0,0.0007762213,inner_val
ISIC_2499678,0,0.0011510953,inner_val
ISIC_2500637,0,0.003106289,inner_val
ISIC_2502335,0,0.0012052906,inner_val
ISIC_2502405,0,0.01994809,inner_val
ISIC_2502558,0,0.0011400903,inner_val
ISIC_2509736,0,0.0006708567,inner_val
ISIC_2509850,0,0.0013827736,inner_val
ISIC_2510255,0,0.0313287,inner_val
ISIC_2513114,0,0.0019153303,inner_val
ISIC_2517258,0,0.0056558256,inner_val
ISIC_2518672,0,0.011062171,inner_val
ISIC_2523922,0,0.002181181,inner_val
ISIC_2525592,0,0.00037498932,inner_val
ISIC_2525675,0,0.068089575,inner_val
ISIC_2527281,0,0.11306327,inner_val
ISIC_2535382,0,0.0007032098,inner_val
ISIC_2536728,0,0.007776496,inner_val
ISIC_2536936,0,0.0027820996,inner_val
ISIC_2538629,0,0.084207796,inner_val
ISIC_2539218,0,0.0056203376,inner_val
ISIC_2539287,0,0.0027262373,inner_val
ISIC_2545414,0,0.0014429318,inner_val
ISIC_2549331,0,0.0010086413,inner_val
ISIC_2553784,0,0.00075205095,inner_val
ISIC_2554825,0,0.0005339373,inner_val
ISIC_2554911,0,0.00039767384,inner_val
ISIC_2555494,0,0.0023828335,inner_val
ISIC_2558189,0,0.0008733269,inner_val
ISIC_2558940,0,0.06970318,inner_val
ISIC_2559074,0,0.0010914021,inner_val
ISIC_2559472,0,0.008763289,inner_val
ISIC_2563840,0,0.0011596141,inner_val
ISIC_2564319,0,0.003263211,inner_val
ISIC_2568066,0,0.011404546,inner_val
ISIC_2572370,0,0.0061053582,inner_val
ISIC_2572530,0,0.0007689459,inner_val
ISIC_2578539,0,0.0006721257,inner_val
ISIC_2579390,0,0.0064456775,inner_val
ISIC_2580667,0,0.0020662409,inner_val
ISIC_2581480,0,0.0017678248,inner_val
ISIC_2582493,0,0.5332828,inner_val
ISIC_2582511,0,0.004636438,inner_val
ISIC_2584165,0,0.0004570647,inner_val
ISIC_2584999,0,0.002148707,inner_val
ISIC_2586708,0,0.0017554665,inner_val
ISIC_2587002,0,0.0005941458,inner_val
ISIC_2590211,0,0.00070897414,inner_val
ISIC_2596390,0,0.0005436971,inner_val
ISIC_2597342,0,0.0009577984,inner_val
ISIC_2597975,0,0.00068566354,inner_val
ISIC_2600276,0,0.00035169584,inner_val
ISIC_2601107,0,0.011265473,inner_val
ISIC_2601156,0,0.0005385915,inner_val
ISIC_2601537,0,0.00065142964,inner_val
ISIC_2603767,0,0.0031400733,inner_val
ISIC_2607010,0,0.012903687,inner_val
ISIC_2608471,0,0.0006167102,inner_val
ISIC_2610971,0,0.00076230295,inner_val
ISIC_2611118,0,0.0014442694,inner_val
ISIC_2619698,0,0.026825426,inner_val
ISIC_2620837,0,0.012912485,inner_val
ISIC_2623538,0,0.0018532897,inner_val
ISIC_2624189,0,0.0022844144,inner_val
ISIC_2625464,0,0.010334657,inner_val
ISIC_2626310,0,0.0008193213,inner_val
ISIC_2632612,0,0.011836952,inner_val
ISIC_2635492,0,0.006356977,inner_val
ISIC_2636004,0,0.0033771677,inner_val
ISIC_2637014,0,0.0015632594,inner_val
ISIC_2639174,0,0.0015393222,inner_val
ISIC_2646829,1,0.36673033,inner_val
ISIC_2646893,0,0.022105824,inner_val
ISIC_2647070,0,0.00073074806,inner_val
ISIC_2648018,0,0.34154907,inner_val
ISIC_2649657,0,0.0046780575,inner_val
ISIC_2652721,0,0.0010501703,inner_val
ISIC_2657193,0,0.001371437,inner_val
ISIC_2658460,0,0.043572303,inner_val
ISIC_2659758,0,0.024877261,inner_val
ISIC_2660535,0,0.0028490801,inner_val
ISIC_2661646,0,0.026390972,inner_val
ISIC_2664946,0,0.0010872041,inner_val
ISIC_2665487,0,0.00125835,inner_val
ISIC_2666632,0,0.0010595678,inner_val
ISIC_2667199,0,0.00087972946,inner_val
ISIC_2671038,0,0.00090671383,inner_val
ISIC_2673871,0,0.0009874776,inner_val
ISIC_2676784,0,0.002914364,inner_val
ISIC_2679051,0,0.0048493217,inner_val
ISIC_2679689,0,0.0012209709,inner_val
ISIC_2680640,0,0.0005314088,inner_val
ISIC_2680842,0,0.0012821717,inner_val
ISIC_2683125,0,0.00060357474,inner_val
ISIC_2685044,0,0.0017133775,inner_val
ISIC_2687164,0,0.002176902,inner_val
ISIC_2688084,0,0.009101906,inner_val
ISIC_2688675,0,0.012711016,inner_val
ISIC_2688897,0,0.0007115453,inner_val
ISIC_2690733,0,0.0008239563,inner_val
ISIC_2691267,0,0.0003932804,inner_val
ISIC_2692366,0,0.014707841,inner_val
ISIC_2696344,0,0.003564859,inner_val
ISIC_2700700,0,0.00083664263,inner_val
ISIC_2700731,0,0.025149588,inner_val
ISIC_2702929,0,0.0030130895,inner_val
ISIC_2705052,0,0.00094091165,inner_val
ISIC_2707560,0,0.001437199,inner_val
ISIC_2707664,0,0.00042879334,inner_val
ISIC_2710887,0,0.32616997,inner_val
ISIC_2712126,0,0.00057609426,inner_val
ISIC_2714907,0,0.0073122317,inner_val
ISIC_2716574,0,0.0015543737,inner_val
ISIC_2720426,0,0.12646782,inner_val
ISIC_2722607,0,0.00692845,inner_val
ISIC_2724529,1,0.0053523616,inner_val
ISIC_2726326,0,0.00042408193,inner_val
ISIC_2727016,0,0.19501822,inner_val
ISIC_2728348,0,0.0008959609,inner_val
ISIC_2729747,0,0.01016951,inner_val
ISIC_2730948,0,0.0011948894,inner_val
ISIC_2731957,0,0.0048988555,inner_val
ISIC_2732573,0,0.00048316212,inner_val
ISIC_2733043,0,0.0010106767,inner_val
ISIC_2734817,0,0.031146416,inner_val
ISIC_2739124,0,0.0004017251,inner_val
ISIC_2739702,0,0.00037083778,inner_val
ISIC_2744153,0,0.0058069127,inner_val
ISIC_2744859,0,0.18711638,inner_val
ISIC_2746191,0,0.012626257,inner_val
ISIC_2746282,0,0.003392852,inner_val
ISIC_2748608,0,0.0016525468,inner_val
ISIC_2748873,0,0.15035161,inner_val
ISIC_2752297,0,0.003809134,inner_val
ISIC_2752607,0,0.0005109688,inner_val
ISIC_2754616,0,0.00071515853,inner_val
ISIC_2763029,0,0.0004547052,inner_val
ISIC_2764407,0,0.00033834274,inner_val
ISIC_2766061,0,0.0012011714,inner_val
ISIC_2766683,0,0.0011217967,inner_val
ISIC_2772217,0,0.081785314,inner_val
ISIC_2775638,0,0.00075083674,inner_val
ISIC_2777137,0,0.000986825,inner_val
ISIC_2778855,0,0.0031363363,inner_val
ISIC_2788026,0,0.037919223,inner_val
ISIC_2788286,0,0.0010633548,inner_val
ISIC_2793638,0,0.0008635687,inner_val
ISIC_2793903,0,0.00068517716,inner_val
ISIC_2795397,0,0.010823298,inner_val
ISIC_2801126,0,0.0020744088,inner_val
ISIC_2805443,0,0.036575038,inner_val
ISIC_2805573,0,0.00072041363,inner_val
ISIC_2805634,0,0.00015427773,inner_val
ISIC_2815040,0,0.08113105,inner_val
ISIC_2817836,0,0.00199574,inner_val
ISIC_2818530,0,0.010866009,inner_val
ISIC_2819721,0,0.0013865874,inner_val
ISIC_2828553,0,0.0006798053,inner_val
ISIC_2828861,0,0.0007858617,inner_val
ISIC_2829088,0,0.025275003,inner_val
ISIC_2829107,0,0.17163315,inner_val
ISIC_2831416,0,0.017888822,inner_val
ISIC_2832507,0,0.0142639335,inner_val
ISIC_2832548,0,0.0007711161,inner_val
ISIC_2832584,0,0.00060023513,inner_val
ISIC_2840136,0,0.008739065,inner_val
ISIC_2841861,0,0.18656597,inner_val
ISIC_2842470,0,0.0019728474,inner_val
ISIC_2842532,0,0.00071402156,inner_val
ISIC_2845104,0,0.02501662,inner_val
ISIC_2847358,0,0.004631929,inner_val
ISIC_2850143,0,0.00093906303,inner_val
ISIC_2850769,0,0.00082377257,inner_val
ISIC_2852497,0,0.022276068,inner_val
ISIC_2853454,0,0.089518845,inner_val
ISIC_2853981,0,0.006533165,inner_val
ISIC_2855326,0,0.0010777274,inner_val
ISIC_2856658,0,0.00070479675,inner_val
ISIC_2858419,0,0.0011961181,inner_val
ISIC_2865011,0,0.0024351869,inner_val
ISIC_2869310,0,0.0012336922,inner_val
ISIC_2872349,0,0.003589913,inner_val
ISIC_2882462,0,0.055842247,inner_val
ISIC_2887033,0,0.018006891,inner_val
ISIC_2887668,0,0.00054898555,inner_val
ISIC_2893887,0,0.07902265,inner_val
ISIC_2898886,0,0.026535241,inner_val
ISIC_2904794,0,0.0022126127,inner_val
ISIC_2908353,0,0.0015944542,inner_val
ISIC_2908941,0,0.0020159858,inner_val
ISIC_2909958,0,0.003309233,inner_val
ISIC_2913019,0,0.000567196,inner_val
ISIC_2914880,0,0.0006329055,inner_val
ISIC_2916248,0,0.00089593144,inner_val
ISIC_2916677,0,0.03257243,inner_val
ISIC_2921537,0,0.0004352852,inner_val
ISIC_2921549,0,0.0061836466,inner_val
ISIC_2924968,0,0.010323016,inner_val
ISIC_2925891,0,0.116005816,inner_val
ISIC_2935682,0,0.0012151662,inner_val
ISIC_2937642,1,0.039386448,inner_val
ISIC_2945310,0,0.000343729,inner_val
ISIC_2946123,0,0.00089521805,inner_val
ISIC_2950391,0,0.0018442362,inner_val
ISIC_2953711,0,0.0024660046,inner_val
ISIC_2954968,0,0.00094328943,inner_val
ISIC_2956763,0,0.00091959094,inner_val
ISIC_2958240,0,0.0040855,inner_val
ISIC_2958837,0,0.006076566,inner_val
ISIC_2961666,0,0.0030887183,inner_val
ISIC_2963146,0,0.09140345,inner_val
ISIC_2964496,0,0.008937532,inner_val
ISIC_2967140,0,0.001768914,inner_val
ISIC_2968542,0,0.2005729,inner_val
ISIC_2968871,0,0.08428076,inner_val
ISIC_2969301,0,0.0008864542,inner_val
ISIC_2969502,0,0.0007300931,inner_val
ISIC_2970632,0,0.1980464,inner_val
ISIC_2971389,0,0.00088727,inner_val
ISIC_2973595,0,0.002296122,inner_val
ISIC_2975553,0,0.0004894996,inner_val
ISIC_2977144,0,0.0006388732,inner_val
ISIC_2978983,0,0.017966647,inner_val
ISIC_2979268,1,0.00068535417,inner_val
ISIC_2980633,0,0.006851009,inner_val
ISIC_2984437,0,0.0010258788,inner_val
ISIC_2985966,0,0.0015825214,inner_val
ISIC_2987613,1,0.5768107,inner_val
ISIC_2990503,0,0.016097352,inner_val
ISIC_2994684,0,0.0006461417,inner_val
ISIC_2995521,0,0.0059285252,inner_val
ISIC_3000569,0,0.0007234469,inner_val
ISIC_3000859,0,0.00070754084,inner_val
ISIC_3001941,0,0.09129239,inner_val
ISIC_3002635,0,0.001085874,inner_val
ISIC_3003111,0,0.031033292,inner_val
ISIC_3003273,0,0.0022893592,inner_val
ISIC_3003513,0,0.0009189931,inner_val
ISIC_3004041,0,0.028332656,inner_val
ISIC_3006054,0,0.008878871,inner_val
ISIC_3006507,0,0.0005890721,inner_val
ISIC_3008399,0,0.00083440106,inner_val
ISIC_3011066,0,0.00040944724,inner_val
ISIC_3014965,0,0.006167048,inner_val
ISIC_3016696,0,0.0008405293,inner_val
ISIC_3021188,0,0.0005436308,inner_val
ISIC_3034548,0,0.0010147556,inner_val
ISIC_3042818,0,0.0025756387,inner_val
ISIC_3043105,0,0.006839582,inner_val
ISIC_3049301,0,0.0043148925,inner_val
ISIC_3051892,0,0.035098404,inner_val
ISIC_3056425,0,0.0015831935,inner_val
ISIC_3056509,0,0.003474334,inner_val
ISIC_3059442,0,0.0028565067,inner_val
ISIC_3065032,1,0.029396942,inner_val
ISIC_3066296,0,0.0005909745,inner_val
ISIC_3071973,0,0.0005085279,inner_val
ISIC_3072259,0,0.000613179,inner_val
ISIC_3072382,0,0.0026800742,inner_val
ISIC_3073339,0,0.02382602,inner_val
ISIC_3073605,0,0.0453501,inner_val
ISIC_3078678,0,0.0008489058,inner_val
ISIC_3081844,0,0.00037177012,inner_val
ISIC_3082841,0,0.040824126,inner_val
ISIC_3084780,0,0.0056174845,inner_val
ISIC_3086579,0,0.0008534384,inner_val
ISIC_3091457,0,0.0034712497,inner_val
ISIC_3097419,0,0.024318313,inner_val
ISIC_3098174,0,0.34178862,inner_val
ISIC_3098342,0,0.0008636518,inner_val
ISIC_3099438,0,0.0073639993,inner_val
ISIC_3100541,0,0.001191562,inner_val
ISIC_3108166,0,0.0035818,inner_val
ISIC_3109156,0,0.0009675362,inner_val
ISIC_3110909,0,0.0020088628,inner_val
ISIC_3111635,0,0.000717871,inner_val
ISIC_3111752,0,0.0040731346,inner_val
ISIC_3114708,0,0.0010945137,inner_val
ISIC_3115419,0,0.049356904,inner_val
ISIC_3116777,0,0.009863017,inner_val
ISIC_3117585,0,0.082817316,inner_val
ISIC_3118435,0,0.004019148,inner_val
ISIC_3119175,0,0.0017667952,inner_val
ISIC_3123718,0,0.0033849557,inner_val
ISIC_3125318,0,0.0006446153,inner_val
ISIC_3126619,0,0.008279632,inner_val
ISIC_3127347,0,0.00083149335,inner_val
ISIC_3131821,0,0.0007228529,inner_val
ISIC_3136263,0,0.0006719502,inner_val
ISIC_3136309,0,0.012851862,inner_val
ISIC_3139224,0,0.0020035564,inner_val
ISIC_3143604,0,0.0010954165,inner_val
ISIC_3143650,0,0.20508465,inner_val
ISIC_3145600,0,0.09170752,inner_val
ISIC_3146074,0,0.0017801056,inner_val
ISIC_3147179,0,0.0010303904,inner_val
ISIC_3147613,0,0.0010660985,inner_val
ISIC_3152541,0,0.001599721,inner_val
ISIC_3152572,0,0.0024910767,inner_val
ISIC_3154509,0,0.0010572004,inner_val
ISIC_3156139,0,0.0044342703,inner_val
ISIC_3160147,0,0.005379274,inner_val
ISIC_3160224,0,0.0004817512,inner_val
ISIC_3161477,0,0.002260531,inner_val
ISIC_3165198,0,0.0026091768,inner_val
ISIC_3165425,0,0.0004595682,inner_val
ISIC_3165765,0,0.0017033037,inner_val
ISIC_3167092,0,0.31840023,inner_val
ISIC_3171104,0,0.0026151896,inner_val
ISIC_3177916,0,0.06705676,inner_val
ISIC_3180138,0,0.00059356785,inner_val
ISIC_3182075,0,0.0010412452,inner_val
ISIC_3182374,0,0.00082990545,inner_val
ISIC_3183190,0,0.0046949256,inner_val
ISIC_3187746,0,0.0012214477,inner_val
ISIC_3187836,0,0.002039705,inner_val
ISIC_3191646,0,0.00086706504,inner_val
ISIC_3198225,0,0.036554005,inner_val
ISIC_3199821,0,0.0042596445,inner_val
ISIC_3202358,0,0.0004299841,inner_val
ISIC_3204063,0,0.0062653674,inner_val
ISIC_3209363,0,0.00087776716,inner_val
ISIC_3209456,0,0.0011260089,inner_val
ISIC_3211631,0,0.00052032457,inner_val
ISIC_3211897,0,0.010177418,inner_val
ISIC_3212311,0,0.00039055344,inner_val
ISIC_3212781,0,0.029956507,inner_val
ISIC_3213318,0,0.00093367585,inner_val
ISIC_3216049,0,0.009415039,inner_val
ISIC_3218227,0,0.0003613428,inner_val
ISIC_3218245,0,0.0016851744,inner_val
ISIC_3222214,0,0.013934787,inner_val
ISIC_3223299,0,0.0008506593,inner_val
ISIC_3223762,0,0.0006928206,inner_val
ISIC_3224099,0,0.0004738308,inner_val
ISIC_3224643,0,0.0018488007,inner_val
ISIC_3224794,0,0.0033157917,inner_val
ISIC_3227802,0,0.00078879495,inner_val
ISIC_3228015,0,0.010744094,inner_val
ISIC_3228537,0,0.0026657968,inner_val
ISIC_3236399,0,0.00069670484,inner_val
ISIC_3236507,0,0.026867654,inner_val
ISIC_3237290,0,0.0005080309,inner_val
ISIC_3239813,0,0.02291687,inner_val
ISIC_3240244,0,0.0026825848,inner_val
ISIC_3241555,0,0.0044765705,inner_val
ISIC_3244652,0,0.0005549478,inner_val
ISIC_3245980,0,0.0032450983,inner_val
ISIC_3249938,0,0.00089217635,inner_val
ISIC_3250763,0,0.0015027877,inner_val
ISIC_3251421,0,0.0012052286,inner_val
ISIC_3253098,0,0.0006069168,inner_val
ISIC_3256087,0,0.000566772,inner_val
ISIC_3256116,0,0.027570229,inner_val
ISIC_3260571,0,0.00062359724,inner_val
ISIC_3260649,0,0.004595168,inner_val
ISIC_3262383,0,0.0009172859,inner_val
ISIC_3264096,0,0.08875021,inner_val
ISIC_3264124,0,0.004021202,inner_val
ISIC_3267259,0,0.00062770746,inner_val
ISIC_3269241,0,0.000789761,inner_val
ISIC_3272155,0,0.0069489465,inner_val
ISIC_3274253,0,0.013547358,inner_val
ISIC_3274493,0,0.0036265426,inner_val
ISIC_3277709,0,0.0009665457,inner_val
ISIC_3283986,0,0.011138561,inner_val
ISIC_3286956,0,0.005229995,inner_val
ISIC_3287807,0,0.004108497,inner_val
ISIC_3287917,0,0.0045718043,inner_val
ISIC_3288007,0,0.0005786372,inner_val
ISIC_3288342,0,0.0020926818,inner_val
ISIC_3289414,0,0.0033326945,inner_val
ISIC_3289574,0,0.00073525676,inner_val
ISIC_3289651,0,0.0012480394,inner_val
ISIC_3292074,0,0.0061791358,inner_val
ISIC_3296079,0,0.0017562523,inner_val
ISIC_3299556,0,0.08099501,inner_val
ISIC_3299783,0,0.00062603335,inner_val
ISIC_3302025,0,0.04328215,inner_val
ISIC_3308635,0,0.0012465453,inner_val
ISIC_3309001,0,0.06933497,inner_val
ISIC_3310739,0,0.00050873373,inner_val
ISIC_3310849,0,0.1631937,inner_val
ISIC_3312241,0,0.0060773036,inner_val
ISIC_3314594,0,0.0007887273,inner_val
ISIC_3315259,0,0.0008757497,inner_val
ISIC_3315810,0,0.0009558721,inner_val
ISIC_3316688,0,0.0016254374,inner_val
ISIC_3318928,0,0.00038198737,inner_val
ISIC_3319229,1,0.009464098,inner_val
ISIC_3324479,0,0.0012856672,inner_val
ISIC_3326306,0,0.0007220419,inner_val
ISIC_3327257,0,0.00511175,inner_val
ISIC_3328612,0,0.00079674926,inner_val
ISIC_3331500,0,0.002347202,inner_val
ISIC_3332207,0,0.01649512,inner_val
ISIC_3332704,0,0.001269232,inner_val
ISIC_3337833,0,0.0010651818,inner_val
ISIC_3338730,0,0.047625154,inner_val
ISIC_3339465,0,0.000701539,inner_val
ISIC_3340346,0,0.0079118265,inner_val
ISIC_3341471,0,0.0011117889,inner_val
ISIC_3352700,0,0.0044009085,inner_val
ISIC_3355040,0,0.0008080162,inner_val
ISIC_3356216,0,0.00056882715,inner_val
ISIC_3360180,0,0.00092198333,inner_val
ISIC_3361126,0,0.021705786,inner_val
ISIC_3361690,0,0.0005738562,inner_val
ISIC_3367944,0,0.0013826551,inner_val
ISIC_3368733,0,0.0006762868,inner_val
ISIC_3370737,0,0.05165337,inner_val
ISIC_3377082,0,0.0005907161,inner_val
ISIC_3377282,0,0.0018949873,inner_val
ISIC_3379523,0,0.15678605,inner_val
ISIC_3381158,0,0.015793098,inner_val
ISIC_3383481,0,0.0022675798,inner_val
ISIC_3384989,0,0.085924715,inner_val
ISIC_3391427,1,0.3684096,inner_val
ISIC_3391654,0,0.002726446,inner_val
ISIC_3398017,0,0.00094869727,inner_val
ISIC_3401240,0,0.0015542236,inner_val
ISIC_3403144,0,0.0010640029,inner_val
ISIC_3403778,0,0.0044923113,inner_val
ISIC_3406319,0,0.000696835,inner_val
ISIC_3409287,0,0.004399459,inner_val
ISIC_3412310,0,0.027926082,inner_val
ISIC_3416324,0,0.04797378,inner_val
ISIC_3417396,0,0.03112249,inner_val
ISIC_3418068,0,0.0005132012,inner_val
ISIC_3418447,0,0.0019715494,inner_val
ISIC_3424154,0,0.0017522792,inner_val
ISIC_3425896,0,0.00045802633,inner_val
ISIC_3426714,0,0.0005584288,inner_val
ISIC_3427958,0,0.00057254604,inner_val
ISIC_3428317,0,0.14410609,inner_val
ISIC_3428694,0,0.00036590867,inner_val
ISIC_3429278,0,0.0055925627,inner_val
ISIC_3434670,0,0.0041471296,inner_val
ISIC_3441196,0,0.0011719101,inner_val
ISIC_3445801,0,0.07234542,inner_val
ISIC_3448409,0,0.0023021551,inner_val
ISIC_3453763,0,0.00070930255,inner_val
ISIC_3454208,0,0.0011019087,inner_val
ISIC_3455136,0,0.575329,inner_val
ISIC_3455285,0,0.00042975505,inner_val
ISIC_3455331,0,0.0019505222,inner_val
ISIC_3456207,0,0.004513035,inner_val
ISIC_3458173,0,0.0014048136,inner_val
ISIC_3458811,0,0.0013291826,inner_val
ISIC_3460537,0,0.021426458,inner_val
ISIC_3464226,0,0.0023190405,inner_val
ISIC_3471815,0,0.0004451603,inner_val
ISIC_3472069,0,0.0005545946,inner_val
ISIC_3474609,0,0.0010131105,inner_val
ISIC_3477336,0,0.0725279,inner_val
ISIC_3482153,0,0.00079248555,inner_val
ISIC_3482676,0,0.0028613624,inner_val
ISIC_3485981,0,0.031249974,inner_val
ISIC_3486658,0,0.0015184141,inner_val
ISIC_3488268,0,0.00047231972,inner_val
ISIC_3490088,0,0.00201338,inner_val
ISIC_3493050,0,0.0005307339,inner_val
ISIC_3493166,0,0.007653711,inner_val
ISIC_3495799,0,0.0017347247,inner_val
ISIC_3496994,0,0.09495698,inner_val
ISIC_3499368,0,0.0008314909,inner_val
ISIC_3502154,0,0.0010295676,inner_val
ISIC_3503289,0,0.0007056076,inner_val
ISIC_3503895,0,0.020913936,inner_val
ISIC_3505327,0,0.0036555578,inner_val
ISIC_3507444,0,0.3180877,inner_val
ISIC_3510941,0,0.03118047,inner_val
ISIC_3511320,0,0.0010758338,inner_val
ISIC_3519823,0,0.03779621,inner_val
ISIC_3522923,0,0.07572758,inner_val
ISIC_3528845,0,0.029041974,inner_val
ISIC_3534791,0,0.0047720913,inner_val
ISIC_3535253,0,0.00032980135,inner_val
ISIC_3537646,0,0.0056582075,inner_val
ISIC_3545972,0,0.00024031822,inner_val
ISIC_3548096,0,0.0013809169,inner_val
ISIC_3549384,0,0.00085916166,inner_val
ISIC_3549984,0,0.002254494,inner_val
ISIC_3550288,0,0.00046525078,inner_val
ISIC_3550844,0,0.04899246,inner_val
ISIC_3553089,0,0.0008109459,inner_val
ISIC_3558634,0,0.004344155,inner_val
ISIC_3559835,0,0.016514603,inner_val
ISIC_3560466,0,0.005994005,inner_val
ISIC_3561539,0,0.004652256,inner_val
ISIC_3561857,0,0.0018219271,inner_val
ISIC_3564897,0,0.010138506,inner_val
ISIC_3565508,0,0.112855114,inner_val
ISIC_3566897,0,0.015209634,inner_val
ISIC_3568218,0,0.0007068767,inner_val
ISIC_3569794,0,0.00062122557,inner_val
ISIC_3571523,0,0.0011464286,inner_val
ISIC_3572458,0,0.0016903051,inner_val
ISIC_3579853,0,0.0016665703,inner_val
ISIC_3581871,0,0.00043792743,inner_val
ISIC_3586824,0,0.00077696017,inner_val
ISIC_3587179,0,0.00052653556,inner_val
ISIC_3590482,0,0.0010081428,inner_val
ISIC_3591742,0,0.0032189484,inner_val
ISIC_3592022,0,0.012817533,inner_val
ISIC_3592731,0,0.004789929,inner_val
ISIC_3597277,0,0.00053661823,inner_val
ISIC_3597870,0,0.08493281,inner_val
ISIC_3598288,0,0.0009997374,inner_val
ISIC_3599396,0,0.008294398,inner_val
ISIC_3603704,0,0.00056177424,inner_val
ISIC_3604304,0,0.0006261303,inner_val
ISIC_3604681,0,0.0010773984,inner_val
ISIC_3604975,0,0.00050136086,inner_val
ISIC_3611638,0,0.00055809016,inner_val
ISIC_3614121,0,0.025647318,inner_val
ISIC_3617159,0,0.0018920746,inner_val
ISIC_3619300,0,0.0035886376,inner_val
ISIC_3621197,0,0.053954303,inner_val
ISIC_3622776,0,0.0032635925,inner_val
ISIC_3626811,0,0.0009232554,inner_val
ISIC_3627582,0,0.04335244,inner_val
ISIC_3628831,0,0.045453932,inner_val
ISIC_3629614,0,0.0062764417,inner_val
ISIC_3630605,0,0.12962367,inner_val
ISIC_3632419,0,0.0029835664,inner_val
ISIC_3635602,0,0.0016840333,inner_val
ISIC_3649363,0,0.00070912513,inner_val
ISIC_3650533,0,0.0043841805,inner_val
ISIC_3655327,0,0.009257288,inner_val
ISIC_3657135,0,0.0019293112,inner_val
ISIC_3659528,0,0.043533504,inner_val
ISIC_3659682,0,0.09217776,inner_val
ISIC_3662678,0,0.00092399766,inner_val
ISIC_3663340,0,0.00071975106,inner_val
ISIC_3663705,0,0.016351381,inner_val
ISIC_3665298,0,0.0003720378,inner_val
ISIC_3665859,0,0.011007667,inner_val
ISIC_3666094,0,0.0014959751,inner_val
ISIC_3667693,0,0.001549869,inner_val
ISIC_3670322,0,0.00085903564,inner_val
ISIC_3671274,0,0.000708606,inner_val
ISIC_3673090,0,0.00026381342,inner_val
ISIC_3675585,0,0.009060417,inner_val
ISIC_3677768,0,0.0005433207,inner_val
ISIC_3677945,0,0.0013297625,inner_val
ISIC_3678595,0,0.0011903913,inner_val
ISIC_3680503,0,0.03249651,inner_val
ISIC_3682700,0,0.00043759693,inner_val
ISIC_3684488,1,0.112154245,inner_val
ISIC_3692217,0,0.0007411445,inner_val
ISIC_3692341,0,0.0005765392,inner_val
ISIC_3692776,0,0.048016734,inner_val
ISIC_3695190,0,0.0008903645,inner_val
ISIC_3698443,0,0.0005566839,inner_val
ISIC_3703408,0,0.0014898294,inner_val
ISIC_3704790,0,0.011422532,inner_val
ISIC_3710757,0,0.00065904716,inner_val
ISIC_3715194,0,0.00036343464,inner_val
ISIC_3717977,0,0.047601663,inner_val
ISIC_3720096,0,0.0032860816,inner_val
ISIC_3721142,0,0.07077931,inner_val
ISIC_3723065,0,0.005647963,inner_val
ISIC_3726512,0,0.0053503793,inner_val
ISIC_3727059,0,0.0028085741,inner_val
ISIC_3727856,0,0.0010692985,inner_val
ISIC_3729025,0,0.074585766,inner_val
ISIC_3733131,0,0.00064108305,inner_val
ISIC_3734674,0,0.00076380745,inner_val
ISIC_3734889,0,0.0022894854,inner_val
ISIC_3734966,0,0.023661563,inner_val
ISIC_3735143,0,0.0009150678,inner_val
ISIC_3737487,0,0.0018133897,inner_val
ISIC_3737739,0,0.0020801874,inner_val
ISIC_3740201,0,0.00088526274,inner_val
ISIC_3740449,0,0.0012266735,inner_val
ISIC_3740648,0,0.00083610625,inner_val
ISIC_3742028,0,0.0010122422,inner_val
ISIC_3742431,0,0.00089929777,inner_val
ISIC_3742470,0,0.00029013652,inner_val
ISIC_3743556,0,0.06989198,inner_val
ISIC_3744610,0,0.0002646488,inner_val
ISIC_3744940,0,0.0007695378,inner_val
ISIC_3745711,0,0.084852025,inner_val
ISIC_3747575,0,0.0011567125,inner_val
ISIC_3748055,0,0.006371925,inner_val
ISIC_3754247,0,0.012419715,inner_val
ISIC_3760018,0,0.004073131,inner_val
ISIC_3761253,0,0.002113329,inner_val
ISIC_3762459,0,0.00064829324,inner_val
ISIC_3766406,0,0.007935062,inner_val
ISIC_3766980,0,0.0015365727,inner_val
ISIC_3768074,0,0.00086224254,inner_val
ISIC_3768748,0,0.0011815284,inner_val
ISIC_3772941,0,0.0015877617,inner_val
ISIC_3775249,0,0.008432555,inner_val
ISIC_3775365,0,0.00618503,inner_val
ISIC_3777026,0,0.00237798,inner_val
ISIC_3780571,0,0.0004993429,inner_val
ISIC_3782874,0,0.3599467,inner_val
ISIC_3784812,0,0.0044678603,inner_val
ISIC_3784838,0,0.0012757448,inner_val
ISIC_3786075,0,0.001782696,inner_val
ISIC_3789344,0,0.002022494,inner_val
ISIC_3789405,0,0.0011144726,inner_val
ISIC_3792450,0,0.00036954012,inner_val
ISIC_3793261,0,0.09159543,inner_val
ISIC_3797073,0,0.0012200827,inner_val
ISIC_3797095,0,0.0029495922,inner_val
ISIC_3800435,0,0.0019591958,inner_val
ISIC_3802785,0,0.0026672413,inner_val
ISIC_3805310,0,0.000361482,inner_val
ISIC_3809762,0,0.32919624,inner_val
ISIC_3814807,0,0.0017269803,inner_val
ISIC_3820533,0,0.0029124166,inner_val
ISIC_3823241,0,0.03605753,inner_val
ISIC_3826102,0,0.00167594,inner_val
ISIC_3826602,0,0.000741408,inner_val
ISIC_3831535,0,0.0035981557,inner_val
ISIC_3832193,0,0.0017699079,inner_val
ISIC_3834379,0,0.004984951,inner_val
ISIC_3837741,0,0.020168364,inner_val
ISIC_3840053,0,0.00050213834,inner_val
ISIC_3844484,0,0.004870388,inner_val
ISIC_3846236,0,0.0005899489,inner_val
ISIC_3846648,0,0.0004874151,inner_val
ISIC_3846717,0,0.00047054735,inner_val
ISIC_3850432,0,0.002978497,inner_val
ISIC_3854244,0,0.0027655605,inner_val
ISIC_3856289,0,0.0063630193,inner_val
ISIC_3858405,0,0.12225326,inner_val
ISIC_3858798,0,0.0005997007,inner_val
ISIC_3864842,0,0.0003829432,inner_val
ISIC_3866946,0,0.0010128196,inner_val
ISIC_3869717,0,0.00055908604,inner_val
ISIC_3876274,0,0.020770252,inner_val
ISIC_3877643,0,0.0012681645,inner_val
ISIC_3877981,0,0.121185,inner_val
ISIC_3882251,0,0.0014625369,inner_val
ISIC_3886701,0,0.002779989,inner_val
ISIC_3887638,0,0.0007818141,inner_val
ISIC_3888550,0,0.00061437534,inner_val
ISIC_3888650,0,0.0008293694,inner_val
ISIC_3889479,0,0.00036728763,inner_val
ISIC_3894209,0,0.00038232107,inner_val
ISIC_3894224,0,0.00460794,inner_val
ISIC_3895772,0,0.00096783426,inner_val
ISIC_3896737,0,0.0030294245,inner_val
ISIC_3897881,0,0.0012815428,inner_val
ISIC_3900239,0,0.03995156,inner_val
ISIC_3908914,0,0.0043904916,inner_val
ISIC_3910037,0,0.0005993328,inner_val
ISIC_3912838,0,0.00055550743,inner_val
ISIC_3913561,0,0.0008067841,inner_val
ISIC_3917306,0,0.0006652463,inner_val
ISIC_3917739,0,0.0024480089,inner_val
ISIC_3918592,0,0.00058712286,inner_val
ISIC_3925208,0,0.012291863,inner_val
ISIC_3926261,0,0.006285576,inner_val
ISIC_3926305,0,0.00041194566,inner_val
ISIC_3942426,0,0.0006816799,inner_val
ISIC_3943822,0,0.012837526,inner_val
ISIC_3944634,1,0.11383516,inner_val
ISIC_3945916,0,0.0005196465,inner_val
ISIC_3945984,0,0.0059554316,inner_val
ISIC_3946019,0,0.011202175,inner_val
ISIC_3947698,0,0.008011058,inner_val
ISIC_3948041,0,0.0012450443,inner_val
ISIC_3948588,0,0.001428413,inner_val
ISIC_3950408,0,0.0011659042,inner_val
ISIC_3950753,0,0.000571166,inner_val
ISIC_3951677,0,0.12060101,inner_val
ISIC_3951907,0,0.03426285,inner_val
ISIC_3953857,0,0.0008466435,inner_val
ISIC_3957270,0,0.005249906,inner_val
ISIC_3957475,0,0.00039610767,inner_val
ISIC_3959941,0,0.019757167,inner_val
ISIC_3963183,1,0.24711245,inner_val
ISIC_3967213,0,0.0004105371,inner_val
ISIC_3971625,0,0.0010186718,inner_val
ISIC_3971920,0,0.0021936086,inner_val
ISIC_3972165,0,0.056527305,inner_val
ISIC_3972569,0,0.0010677269,inner_val
ISIC_3974981,0,0.015060168,inner_val
ISIC_3975294,0,0.002819407,inner_val
ISIC_3978040,0,0.0020462575,inner_val
ISIC_3978469,0,0.0007102035,inner_val
ISIC_3979225,0,0.0006297043,inner_val
ISIC_3984167,0,0.0012882727,inner_val
ISIC_3984393,0,0.0005254005,inner_val
ISIC_3985273,0,0.0016977417,inner_val
ISIC_3986532,0,0.0008297584,inner_val
ISIC_3989526,0,0.0014003249,inner_val
ISIC_3994739,0,0.0010163311,inner_val
ISIC_3995777,0,0.0008119673,inner_val
ISIC_3998579,0,0.007645531,inner_val
ISIC_3999961,0,0.000651475,inner_val
ISIC_4001269,0,0.014163448,inner_val
ISIC_4005830,0,0.006329372,inner_val
ISIC_4006060,0,0.010292934,inner_val
ISIC_4008601,0,0.00038777583,inner_val
ISIC_4017765,0,0.23387918,inner_val
ISIC_4020689,0,0.2594484,inner_val
ISIC_4021456,0,0.018658346,inner_val
ISIC_4022621,0,0.0025441647,inner_val
ISIC_4022642,0,0.008177476,inner_val
ISIC_4023381,0,0.00040984107,inner_val
ISIC_4025001,0,0.0008816603,inner_val
ISIC_4026943,0,0.0009824085,inner_val
ISIC_4032170,0,0.0005622695,inner_val
ISIC_4033750,0,0.0026115456,inner_val
ISIC_4034806,0,0.001167941,inner_val
ISIC_4035030,0,0.019166395,inner_val
ISIC_4038942,0,0.00039027986,inner_val
ISIC_4042619,0,0.00062799826,inner_val
ISIC_4043580,0,0.0034574314,inner_val
ISIC_4044272,0,0.0008715919,inner_val
ISIC_4044751,0,0.042379525,inner_val
ISIC_4045231,0,0.0016809978,inner_val
ISIC_4045248,0,0.0015070488,inner_val
ISIC_4048449,0,0.0007804277,inner_val
ISIC_4049855,0,0.00093910284,inner_val
ISIC_4062047,0,0.0023739552,inner_val
ISIC_4063325,0,0.0005283326,inner_val
ISIC_4063720,0,0.002498725,inner_val
ISIC_4064936,0,0.0028132268,inner_val
ISIC_4068608,0,0.006160044,inner_val
ISIC_4072610,0,0.00071061315,inner_val
ISIC_4073281,0,0.0010114647,inner_val
ISIC_4077798,0,0.00040861592,inner_val
ISIC_4078966,0,0.03302703,inner_val
ISIC_4084431,0,0.0014967915,inner_val
ISIC_4085644,0,0.0011347672,inner_val
ISIC_4086375,0,0.0037246784,inner_val
ISIC_4087851,0,0.0010506831,inner_val
ISIC_4090714,0,0.054834332,inner_val
ISIC_4091066,0,0.0003147724,inner_val
ISIC_4092711,0,0.014155726,inner_val
ISIC_4094907,0,0.0059685893,inner_val
ISIC_4096361,0,0.001924667,inner_val
ISIC_4100970,0,0.0009777574,inner_val
ISIC_4103653,0,0.00044542368,inner_val
ISIC_4108397,0,0.00047885446,inner_val
ISIC_4108571,0,0.0012228522,inner_val
ISIC_4119029,0,0.023072926,inner_val
ISIC_4119189,0,0.00096582895,inner_val
ISIC_4119325,0,0.00072736037,inner_val
ISIC_4123007,0,0.00052496,inner_val
ISIC_4125718,0,0.0043592537,inner_val
ISIC_4126822,0,0.00031595098,inner_val
ISIC_4129493,0,0.0011037467,inner_val
ISIC_4132022,0,0.0012993563,inner_val
ISIC_4132685,0,0.05408622,inner_val
ISIC_4134237,0,0.007278017,inner_val
ISIC_4137694,0,0.0003773482,inner_val
ISIC_4142239,0,0.00032375025,inner_val
ISIC_4143831,0,0.0102602225,inner_val
ISIC_4144963,0,0.052333612,inner_val
ISIC_4147040,0,0.05594347,inner_val
ISIC_4149704,0,0.0016996445,inner_val
ISIC_4157049,0,0.003460038,inner_val
ISIC_4158721,0,0.0012141098,inner_val
ISIC_4159272,0,0.0006761527,inner_val
ISIC_4161113,0,0.0009947589,inner_val
ISIC_4161929,0,0.0010271536,inner_val
ISIC_4165761,0,0.37816492,inner_val
ISIC_4166393,0,0.0067777615,inner_val
ISIC_4172804,0,0.017988805,inner_val
ISIC_4174479,0,0.00081701676,inner_val
ISIC_4174614,0,0.002359719,inner_val
ISIC_4178745,0,0.0006702719,inner_val
ISIC_4181042,0,0.014895627,inner_val
ISIC_4181595,0,0.0023992872,inner_val
ISIC_4182214,0,0.0011949685,inner_val
ISIC_4183857,0,0.0007824342,inner_val
ISIC_4183926,0,0.049825773,inner_val
ISIC_4188644,0,0.03200998,inner_val
ISIC_4189111,0,0.0016816427,inner_val
ISIC_4190900,0,0.04226921,inner_val
ISIC_4191011,0,0.0002532947,inner_val
ISIC_4193253,0,0.007527377,inner_val
ISIC_4197892,0,0.032637417,inner_val
ISIC_4203206,0,0.03685451,inner_val
ISIC_4203961,0,0.0035210801,inner_val
ISIC_4209819,0,0.0065597016,inner_val
ISIC_4212044,0,0.0010859801,inner_val
ISIC_4213876,0,0.26189452,inner_val
ISIC_4214519,0,0.021031627,inner_val
ISIC_4216169,0,0.004435144,inner_val
ISIC_4217677,0,0.003329288,inner_val
ISIC_4217963,0,0.0007828716,inner_val
ISIC_4220010,0,0.00077846716,inner_val
ISIC_4222616,0,0.002390498,inner_val
ISIC_4223734,0,0.00048290082,inner_val
ISIC_4227209,0,0.0008798203,inner_val
ISIC_4228799,0,0.0015161529,inner_val
ISIC_4229429,0,0.0004901112,inner_val
ISIC_4229978,0,0.009856234,inner_val
ISIC_4231292,0,0.0012152345,inner_val
ISIC_4232053,0,0.00036500287,inner_val
ISIC_4232172,0,0.0014684736,inner_val
ISIC_4236274,0,0.0010336196,inner_val
ISIC_4237327,0,0.000572587,inner_val
ISIC_4238945,0,0.00075832126,inner_val
ISIC_4240898,0,0.000759604,inner_val
ISIC_4242559,0,0.0010707888,inner_val
ISIC_4242926,0,0.02806122,inner_val
ISIC_4243947,0,0.0013818266,inner_val
ISIC_4247853,0,0.000660444,inner_val
ISIC_4248524,0,0.002270218,inner_val
ISIC_4248784,0,0.0008047873,inner_val
ISIC_4251930,0,0.0009493053,inner_val
ISIC_4252268,0,0.0040912568,inner_val
ISIC_4253348,0,0.00092382514,inner_val
ISIC_4254687,0,0.001283369,inner_val
ISIC_4254754,0,0.0011946402,inner_val
ISIC_4257799,0,0.0043425797,inner_val
ISIC_4257938,0,0.0018740223,inner_val
ISIC_4261531,0,0.008237585,inner_val
ISIC_4262522,0,0.0013796464,inner_val
ISIC_4263521,0,0.009251451,inner_val
ISIC_4266467,0,0.0017342361,inner_val
ISIC_4271700,0,0.0005417064,inner_val
ISIC_4276255,1,0.014621627,inner_val
ISIC_4278569,0,0.0026644254,inner_val
ISIC_4293652,0,0.0005001566,inner_val
ISIC_4299647,0,0.0010038845,inner_val
ISIC_4307219,0,0.00031757145,inner_val
ISIC_4311486,0,0.00016600729,inner_val
ISIC_4312470,0,0.0056263446,inner_val
ISIC_4312804,0,0.0035291319,inner_val
ISIC_4314577,0,0.00080377946,inner_val
ISIC_4315525,0,0.00045202643,inner_val
ISIC_4319945,0,0.0020862897,inner_val
ISIC_4320200,0,0.000554155,inner_val
ISIC_4323160,0,0.036604535,inner_val
ISIC_4327560,0,0.0020879724,inner_val
ISIC_4328501,0,0.053974345,inner_val
ISIC_4329544,0,0.0008009826,inner_val
ISIC_4330291,0,0.03516056,inner_val
ISIC_4331481,0,0.113734365,inner_val
ISIC_4332529,0,0.009261833,inner_val
ISIC_4332885,0,0.002375019,inner_val
ISIC_4333412,0,0.0019983419,inner_val
ISIC_4336409,0,0.0046113315,inner_val
ISIC_4337318,0,0.010246749,inner_val
ISIC_4340139,0,0.0017875707,inner_val
ISIC_4341875,0,0.0014427896,inner_val
ISIC_4342416,0,0.43086025,inner_val
ISIC_4343552,0,0.00073602266,inner_val
ISIC_4345522,0,0.0009130873,inner_val
ISIC_4349612,0,0.0013462052,inner_val
ISIC_4351814,0,0.0048657265,inner_val
ISIC_4352303,0,0.0019318775,inner_val
ISIC_4352457,0,0.00072885293,inner_val
ISIC_4352838,0,0.00063704303,inner_val
ISIC_4354772,0,0.052996445,inner_val
ISIC_4355229,0,0.004608238,inner_val
ISIC_4371913,0,0.0006357936,inner_val
ISIC_4373835,0,0.0009898354,inner_val
ISIC_4373904,0,0.0006875176,inner_val
ISIC_4376261,0,0.010754615,inner_val
ISIC_4377193,0,0.011876953,inner_val
ISIC_4378793,0,0.0009895005,inner_val
ISIC_4381427,0,0.00092247804,inner_val
ISIC_4384199,0,0.012482449,inner_val
ISIC_4384614,0,0.000696229,inner_val
ISIC_4387858,0,0.019640043,inner_val
ISIC_4388706,0,0.15086323,inner_val
ISIC_4391904,0,0.014574358,inner_val
ISIC_4393209,0,0.009361271,inner_val
ISIC_4393733,0,0.031550713,inner_val
ISIC_4394524,0,0.00092078454,inner_val
ISIC_4398011,1,0.14884463,inner_val
ISIC_4405883,0,0.0008578725,inner_val
ISIC_4407516,0,0.046678063,inner_val
ISIC_4409740,0,0.018875668,inner_val
ISIC_4411874,0,0.0030966864,inner_val
ISIC_4412821,0,0.002447109,inner_val
ISIC_4413508,0,0.0066319336,inner_val
ISIC_4419431,0,0.0011765016,inner_val
ISIC_4421064,0,0.009092282,inner_val
ISIC_4430815,0,0.32101786,inner_val
ISIC_4431715,0,0.0010752948,inner_val
ISIC_4432898,0,0.2897763,inner_val
ISIC_4433832,0,0.07002166,inner_val
ISIC_4435057,0,0.0026814176,inner_val
ISIC_4435840,0,0.003202491,inner_val
ISIC_4441861,0,0.003677111,inner_val
ISIC_4445501,0,0.032312587,inner_val
ISIC_4451966,0,0.00065089215,inner_val
ISIC_4453506,0,0.044231486,inner_val
ISIC_4454485,0,0.07203612,inner_val
ISIC_4459001,0,0.013086688,inner_val
ISIC_4461919,0,0.024446677,inner_val
ISIC_4463126,0,0.0016528504,inner_val
ISIC_4468787,0,0.00046483384,inner_val
ISIC_4470494,0,0.0039586346,inner_val
ISIC_4471567,0,0.0031183863,inner_val
ISIC_4472903,0,0.00064595084,inner_val
ISIC_4474170,0,0.0006324352,inner_val
ISIC_4476854,0,0.00094673067,inner_val
ISIC_4477481,0,0.004424081,inner_val
ISIC_4479844,0,0.023881497,inner_val
ISIC_4481065,0,0.01660209,inner_val
ISIC_4481684,0,0.01883416,inner_val
ISIC_4484966,0,0.000774223,inner_val
ISIC_4489625,0,0.0004003202,inner_val
ISIC_4490219,0,0.00060822227,inner_val
ISIC_4490800,0,0.00037276666,inner_val
ISIC_4493347,0,0.002425153,inner_val
ISIC_4497032,0,0.01318441,inner_val
ISIC_4501708,0,0.0012109153,inner_val
ISIC_4502420,0,0.007938827,inner_val
ISIC_4506406,0,0.0036452406,inner_val
ISIC_4509925,0,0.07535973,inner_val
ISIC_4510342,0,0.0010174724,inner_val
ISIC_4513493,0,0.00074419135,inner_val
ISIC_4516437,0,0.0019319141,inner_val
ISIC_4521222,0,0.0075800167,inner_val
ISIC_4524763,0,0.0007818543,inner_val
ISIC_4525084,0,0.023866503,inner_val
ISIC_4528136,0,0.0011706494,inner_val
ISIC_4528712,0,0.0018410786,inner_val
ISIC_4530871,0,0.0012659029,inner_val
ISIC_4533779,0,0.0029691742,inner_val
ISIC_4536709,0,0.0035939065,inner_val
ISIC_4538489,0,0.0005071556,inner_val
ISIC_4538661,0,0.0007396508,inner_val
ISIC_4539623,0,0.0006118626,inner_val
ISIC_4540140,0,0.0029403737,inner_val
ISIC_4540439,0,0.0034372984,inner_val
ISIC_4543121,0,0.0027096095,inner_val
ISIC_4547887,0,0.0012339671,inner_val
ISIC_4548483,0,0.039071694,inner_val
ISIC_4549530,0,0.0005601344,inner_val
ISIC_4552035,0,0.0010677091,inner_val
ISIC_4553390,0,0.0008677817,inner_val
ISIC_4555130,0,0.035065234,inner_val
ISIC_4560585,0,0.47817752,inner_val
ISIC_4561874,0,0.004373574,inner_val
ISIC_4563442,0,0.012482568,inner_val
ISIC_4567607,0,0.0024987059,inner_val
ISIC_4569077,0,0.0002678079,inner_val
ISIC_4570724,0,0.001394257,inner_val
ISIC_4571395,0,0.0012967285,inner_val
ISIC_4573624,0,0.0006712903,inner_val
ISIC_4574346,0,0.0006974263,inner_val
ISIC_4575717,0,0.0030095764,inner_val
ISIC_4576725,0,0.003283345,inner_val
ISIC_4577414,0,0.000758141,inner_val
ISIC_4578194,0,0.0004010146,inner_val
ISIC_4581058,0,0.007973954,inner_val
ISIC_4582670,0,0.0018593214,inner_val
ISIC_4583929,0,0.0006049362,inner_val
ISIC_4586133,0,0.0026884482,inner_val
ISIC_4590810,0,0.00069816917,inner_val
ISIC_4591099,0,0.014092178,inner_val
ISIC_4593792,0,0.001368976,inner_val
ISIC_4596803,0,0.010269299,inner_val
ISIC_4597566,0,0.0020161048,inner_val
ISIC_4600505,0,0.0008407319,inner_val
ISIC_4600666,0,0.04207026,inner_val
ISIC_4601527,0,0.0011842045,inner_val
ISIC_4601757,0,0.0009663454,inner_val
ISIC_4602667,0,0.00044038915,inner_val
ISIC_4602983,0,0.0021263207,inner_val
ISIC_4603706,0,0.005205171,inner_val
ISIC_4605642,0,0.46284103,inner_val
ISIC_4610868,0,0.0026786204,inner_val
ISIC_4610907,0,0.0032851275,inner_val
ISIC_4612744,0,0.00078719965,inner_val
ISIC_4619903,1,0.006374362,inner_val
ISIC_4620053,0,0.0023080495,inner_val
ISIC_4622159,0,0.018170457,inner_val
ISIC_4624536,0,0.0061653913,inner_val
ISIC_4627335,0,0.0009182259,inner_val
ISIC_4630067,0,0.001144407,inner_val
ISIC_4635151,0,0.0050091576,inner_val
ISIC_4635765,0,0.0040352135,inner_val
ISIC_4638628,0,0.007231655,inner_val
ISIC_4640293,0,0.0015604657,inner_val
ISIC_4640621,0,0.0041371533,inner_val
ISIC_4646815,0,0.0057140505,inner_val
ISIC_4647442,0,0.0122716855,inner_val
ISIC_4648901,0,0.00199407,inner_val
ISIC_4650236,0,0.017677687,inner_val
ISIC_4654808,0,0.38789687,inner_val
ISIC_4655392,0,0.0011087419,inner_val
ISIC_4661748,0,0.0005401212,inner_val
ISIC_4663404,0,0.0006562265,inner_val
ISIC_4663531,0,0.0013961325,inner_val
ISIC_4668001,0,0.0676622,inner_val
ISIC_4672131,0,0.002212996,inner_val
ISIC_4673461,0,0.022474106,inner_val
ISIC_4676270,1,0.0864816,inner_val
ISIC_4679428,0,0.0031575598,inner_val
ISIC_4682498,0,0.0015650548,inner_val
ISIC_4683122,0,0.004444008,inner_val
ISIC_4686662,0,0.0019668497,inner_val
ISIC_4687418,0,0.001481216,inner_val
ISIC_4693693,0,0.6066016,inner_val
ISIC_4695396,0,0.00046704392,inner_val
ISIC_4695815,0,0.0014072178,inner_val
ISIC_4702809,0,0.002440239,inner_val
ISIC_4709945,0,0.0027117108,inner_val
ISIC_4718825,0,0.00096242345,inner_val
ISIC_4719620,0,0.0036355187,inner_val
ISIC_4722021,0,0.010857539,inner_val
ISIC_4732943,0,0.00029537137,inner_val
ISIC_4734111,0,0.0017477402,inner_val
ISIC_4743215,0,0.0014724125,inner_val
ISIC_4744272,0,0.03898016,inner_val
ISIC_4744974,0,0.0006645442,inner_val
ISIC_4745004,0,0.00068610377,inner_val
ISIC_4745475,0,0.00063355186,inner_val
ISIC_4747339,0,0.008759077,inner_val
ISIC_4747814,0,0.008328116,inner_val
ISIC_4752084,0,0.021460505,inner_val
ISIC_4755369,0,0.0018849382,inner_val
ISIC_4763007,0,0.0035646153,inner_val
ISIC_4766707,0,0.10791956,inner_val
ISIC_4768021,0,0.00076380814,inner_val
ISIC_4769266,0,0.44836032,inner_val
ISIC_4772008,0,0.120243005,inner_val
ISIC_4773019,0,0.0019116912,inner_val
ISIC_4786412,0,0.0013716775,inner_val
ISIC_4788878,0,0.00070744375,inner_val
ISIC_4791227,0,0.0005411077,inner_val
ISIC_4791461,0,0.0006377678,inner_val
ISIC_4791589,0,0.009263592,inner_val
ISIC_4791893,0,0.014562454,inner_val
ISIC_4792338,0,0.007303469,inner_val
ISIC_4794020,0,0.03657131,inner_val
ISIC_4797852,0,0.00072200847,inner_val
ISIC_4799881,0,0.02645452,inner_val
ISIC_4800479,0,0.011488139,inner_val
ISIC_4801737,0,0.000864883,inner_val
ISIC_4802066,0,0.0031247535,inner_val
ISIC_4803231,0,0.048034567,inner_val
ISIC_4803755,0,0.014627556,inner_val
ISIC_4807012,0,0.0013424271,inner_val
ISIC_4809078,0,0.038769744,inner_val
ISIC_4812508,0,0.0015259796,inner_val
ISIC_4814024,0,0.0025762476,inner_val
ISIC_4815636,0,0.00041681205,inner_val
ISIC_4820549,0,0.00040832933,inner_val
ISIC_4821865,0,0.0009018136,inner_val
ISIC_4823052,0,0.00044015664,inner_val
ISIC_4823942,0,0.0005407273,inner_val
ISIC_4824758,0,0.0014911749,inner_val
ISIC_4828265,0,0.00060982606,inner_val
ISIC_4833303,0,0.0019393425,inner_val
ISIC_4833737,0,0.0016631689,inner_val
ISIC_4835344,0,0.005168668,inner_val
ISIC_4839673,0,0.00049090234,inner_val
ISIC_4841508,0,0.00048487008,inner_val
ISIC_4848047,0,0.00076920976,inner_val
ISIC_4856892,0,0.008088621,inner_val
ISIC_4857586,0,0.009161014,inner_val
ISIC_4857994,0,0.0039111045,inner_val
ISIC_4859011,0,0.0211989,inner_val
ISIC_4866086,0,0.0035296034,inner_val
ISIC_4866649,0,0.0012727458,inner_val
ISIC_4867811,0,0.0005147088,inner_val
ISIC_4868926,0,0.001220908,inner_val
ISIC_4869901,0,0.006012013,inner_val
ISIC_4870701,0,0.007344715,inner_val
ISIC_4870813,0,0.00058153656,inner_val
ISIC_4870936,0,0.0011407336,inner_val
ISIC_4873431,0,0.0004997181,inner_val
ISIC_4881602,0,0.0011360002,inner_val
ISIC_4883688,0,0.00042674041,inner_val
ISIC_4887874,0,0.007703333,inner_val
ISIC_4887997,0,0.0005815665,inner_val
ISIC_4889196,0,0.0016442648,inner_val
ISIC_4891057,0,0.0006635032,inner_val
ISIC_4894929,0,0.0007088998,inner_val
ISIC_4895957,0,0.0011252547,inner_val
ISIC_4899689,0,0.00050724356,inner_val
ISIC_4901577,0,0.0025799456,inner_val
ISIC_4902829,0,0.0011979481,inner_val
ISIC_4903186,0,0.017054979,inner_val
ISIC_4903900,0,0.019775147,inner_val
ISIC_4904317,0,0.004397231,inner_val
ISIC_4906026,0,0.0006415836,inner_val
ISIC_4906385,0,0.00042595988,inner_val
ISIC_4913818,0,0.0015776784,inner_val
ISIC_4919198,0,0.00053802616,inner_val
ISIC_4920181,0,0.10986595,inner_val
ISIC_4921130,0,0.00498423,inner_val
ISIC_4921882,0,0.00096417736,inner_val
ISIC_4922000,0,0.02189462,inner_val
ISIC_4925442,0,0.013507301,inner_val
ISIC_4926788,0,0.0005551179,inner_val
ISIC_4927075,0,0.008088415,inner_val
ISIC_4927573,0,0.00046913567,inner_val
ISIC_4928482,0,0.0019127405,inner_val
ISIC_4933230,0,0.0009159375,inner_val
ISIC_4936702,0,0.0013193972,inner_val
ISIC_4939497,0,0.078067064,inner_val
ISIC_4941125,0,0.0005343734,inner_val
ISIC_4943797,0,0.0030401682,inner_val
ISIC_4944556,0,0.0160182,inner_val
ISIC_4945245,0,0.0037309278,inner_val
ISIC_4946953,0,0.0011995547,inner_val
ISIC_4947205,0,0.00073965365,inner_val
ISIC_4948093,0,0.0006363016,inner_val
ISIC_4948341,0,0.07568309,inner_val
ISIC_4949846,0,0.0035106489,inner_val
ISIC_4951035,0,0.018323077,inner_val
ISIC_4951095,0,0.0011002813,inner_val
ISIC_4953080,0,0.019699942,inner_val
ISIC_4955457,0,0.0010511206,inner_val
ISIC_4958219,0,0.0009153992,inner_val
ISIC_4960406,0,0.0031551477,inner_val
ISIC_4961708,0,0.00049309497,inner_val
ISIC_4964433,0,0.0006853995,inner_val
ISIC_4964532,0,0.2160087,inner_val
ISIC_4965459,0,0.0017804743,inner_val
ISIC_4965850,0,0.00083533063,inner_val
ISIC_4966496,0,0.0007498675,inner_val
ISIC_4967639,0,0.00021370551,inner_val
ISIC_4967755,0,0.0011241479,inner_val
ISIC_4967830,0,0.00061867654,inner_val
ISIC_4975243,0,0.0046657627,inner_val
ISIC_4977119,0,0.0043901037,inner_val
ISIC_4977415,0,0.008008671,inner_val
ISIC_4978697,0,0.0028212294,inner_val
ISIC_4978829,0,0.0026209012,inner_val
ISIC_4980328,0,0.0037281106,inner_val
ISIC_4981507,0,0.0010166096,inner_val
ISIC_4983237,0,0.13473625,inner_val
ISIC_4986485,0,0.0070709526,inner_val
ISIC_4993799,0,0.0009609131,inner_val
ISIC_4996497,0,0.0010573147,inner_val
ISIC_5000359,0,0.0019289219,inner_val
ISIC_5000531,0,0.0038719794,inner_val
ISIC_5001123,0,0.04292457,inner_val
ISIC_5002738,0,0.0017564085,inner_val
ISIC_5003787,0,0.008710368,inner_val
ISIC_5004716,0,0.0011194993,inner_val
ISIC_5006020,0,0.0003047925,inner_val
ISIC_5008272,0,0.0004747798,inner_val
ISIC_5009980,0,0.027069842,inner_val
ISIC_5013376,0,0.002685108,inner_val
ISIC_5013558,0,0.0016235166,inner_val
ISIC_5014345,0,0.026115555,inner_val
ISIC_5014516,0,0.0017586364,inner_val
ISIC_5015391,0,0.004073827,inner_val
ISIC_5018520,0,0.0009612963,inner_val
ISIC_5021038,0,0.0006480288,inner_val
ISIC_5021861,1,0.006926781,inner_val
ISIC_5021938,0,0.0007045274,inner_val
ISIC_5022546,0,0.105587885,inner_val
ISIC_5022555,0,0.009085273,inner_val
ISIC_5028203,0,0.00048978825,inner_val
ISIC_5029008,0,0.000681286,inner_val
ISIC_5029636,0,0.0026558114,inner_val
ISIC_5029679,0,0.0037076194,inner_val
ISIC_5029956,0,0.024344603,inner_val
ISIC_5030337,0,0.0007995025,inner_val
ISIC_5033074,0,0.00039862937,inner_val
ISIC_5037592,0,0.01725859,inner_val
ISIC_5037785,0,0.0007802589,inner_val
ISIC_5041059,0,0.011179,inner_val
ISIC_5042497,0,0.0011468427,inner_val
ISIC_5044940,0,0.0011163402,inner_val
ISIC_5047962,0,0.004091939,inner_val
ISIC_5050669,0,0.0008587287,inner_val
ISIC_5053904,0,0.0042034113,inner_val
ISIC_5055871,0,0.0012903516,inner_val
ISIC_5060252,0,0.00042738754,inner_val
ISIC_5060576,0,0.027906207,inner_val
ISIC_5061466,0,0.07208209,inner_val
ISIC_5065245,0,0.000505881,inner_val
ISIC_5066448,0,0.0010425911,inner_val
ISIC_5066548,0,0.014015561,inner_val
ISIC_5069034,0,0.0012257508,inner_val
ISIC_5070849,0,0.0015083165,inner_val
ISIC_5071046,0,0.16387798,inner_val
ISIC_5072761,0,0.00048031556,inner_val
ISIC_5075261,0,0.011617296,inner_val
ISIC_5075404,0,0.00061741774,inner_val
ISIC_5077627,0,0.0011154286,inner_val
ISIC_5079465,0,0.00041655684,inner_val
ISIC_5081382,0,0.002970736,inner_val
ISIC_5082596,0,0.00088044227,inner_val
ISIC_5086254,0,0.009299661,inner_val
ISIC_5088967,0,0.0021852155,inner_val
ISIC_5090146,0,0.0034232358,inner_val
ISIC_5091090,0,0.12279282,inner_val
ISIC_5092424,0,0.0066599725,inner_val
ISIC_5096556,0,0.010707781,inner_val
ISIC_5096569,0,0.06835625,inner_val
ISIC_5098492,0,0.0068901144,inner_val
ISIC_5099193,0,0.0044604535,inner_val
ISIC_5099324,0,0.0023365582,inner_val
ISIC_5101218,0,0.0010127656,inner_val
ISIC_5102688,0,0.00073121587,inner_val
ISIC_5103658,0,0.0011147243,inner_val
ISIC_5104054,0,0.0024402088,inner_val
ISIC_5108732,0,0.000499194,inner_val
ISIC_5112908,0,0.0007699798,inner_val
ISIC_5112931,0,0.016577639,inner_val
ISIC_5113169,0,0.00034233453,inner_val
ISIC_5113530,0,0.00091914507,inner_val
ISIC_5118536,0,0.0006137181,inner_val
ISIC_5120564,0,0.0010885202,inner_val
ISIC_5124997,0,0.0010303721,inner_val
ISIC_5128589,0,0.0009031009,inner_val
ISIC_5130179,0,0.00043598804,inner_val
ISIC_5130418,0,0.016995344,inner_val
ISIC_5130786,0,0.0009575475,inner_val
ISIC_5131452,0,0.0006644372,inner_val
ISIC_5133396,0,0.059712637,inner_val
ISIC_5133729,0,0.00045173737,inner_val
ISIC_5133804,0,0.0006909997,inner_val
ISIC_5136151,0,0.0023120234,inner_val
ISIC_5138700,0,0.032771297,inner_val
ISIC_5142275,0,0.10983867,inner_val
ISIC_5143697,0,0.021922067,inner_val
ISIC_5144150,0,0.0006617797,inner_val
ISIC_5144813,0,0.003952861,inner_val
ISIC_5145347,0,0.0060205963,inner_val
ISIC_5146245,0,0.036668625,inner_val
ISIC_5147263,0,0.0041985977,inner_val
ISIC_5147524,0,0.0021539838,inner_val
ISIC_5148474,0,0.007067284,inner_val
ISIC_5153404,0,0.007243921,inner_val
ISIC_5157775,0,0.00040891013,inner_val
ISIC_5163183,0,0.024572002,inner_val
ISIC_5163523,0,0.0017639685,inner_val
ISIC_5164045,0,0.00077007007,inner_val
ISIC_5164059,0,0.00086773623,inner_val
ISIC_5165183,0,0.020837815,inner_val
ISIC_5165620,0,0.00081150397,inner_val
ISIC_5166798,1,0.050704047,inner_val
ISIC_5168662,0,0.013115746,inner_val
ISIC_5169967,0,0.011364881,inner_val
ISIC_5170196,0,0.00090832566,inner_val
ISIC_5170482,0,0.0026348499,inner_val
ISIC_5172053,0,0.084815964,inner_val
ISIC_5181177,0,0.0004301233,inner_val
ISIC_5188831,0,0.0006260193,inner_val
ISIC_5189310,0,0.00067349215,inner_val
ISIC_5189783,0,0.0006179735,inner_val
ISIC_5192684,0,0.0012529197,inner_val
ISIC_5194345,0,0.0020698032,inner_val
ISIC_5194874,0,0.021226516,inner_val
ISIC_5195680,0,0.018214678,inner_val
ISIC_5196781,0,0.00065702,inner_val
ISIC_5201151,0,0.0048185866,inner_val
ISIC_5203137,0,0.005922358,inner_val
ISIC_5204992,0,0.028072909,inner_val
ISIC_5205468,0,0.0008876818,inner_val
ISIC_5207136,0,0.0006650073,inner_val
ISIC_5210016,0,0.0008865906,inner_val
ISIC_5213829,0,0.00050996256,inner_val
ISIC_5214779,0,0.0010559453,inner_val
ISIC_5215191,0,0.02809784,inner_val
ISIC_5216976,0,0.002742758,inner_val
ISIC_5217509,0,0.008943,inner_val
ISIC_5218739,0,0.0020697115,inner_val
ISIC_5220254,0,0.017064614,inner_val
ISIC_5220698,0,0.008691079,inner_val
ISIC_5221619,0,0.0004546625,inner_val
ISIC_5222541,0,0.0015735907,inner_val
ISIC_5224467,0,0.00083838106,inner_val
ISIC_5225336,0,0.00094677706,inner_val
ISIC_5226018,0,0.00051715906,inner_val
ISIC_5229249,0,0.0097072255,inner_val
ISIC_5230975,0,0.0006021504,inner_val
ISIC_5235576,0,0.00076613075,inner_val
ISIC_5235744,0,0.007038809,inner_val
ISIC_5237723,0,0.0037377365,inner_val
ISIC_5238649,0,0.0017029268,inner_val
ISIC_5238910,0,0.26242983,inner_val
ISIC_5239607,0,0.007828448,inner_val
ISIC_5239796,0,0.00252331,inner_val
ISIC_5246130,0,0.0060885753,inner_val
ISIC_5247383,0,0.006777897,inner_val
ISIC_5248486,0,0.0006731604,inner_val
ISIC_5250954,0,0.048123203,inner_val
ISIC_5252709,0,0.0018326279,inner_val
ISIC_5256697,0,0.0023786712,inner_val
ISIC_5258352,0,0.01040692,inner_val
ISIC_5259414,0,0.010354798,inner_val
ISIC_5259518,0,0.0005356828,inner_val
ISIC_5260098,0,0.016046235,inner_val
ISIC_5264761,0,0.0011018263,inner_val
ISIC_5266861,0,0.0018306464,inner_val
ISIC_5267251,0,0.0012099158,inner_val
ISIC_5267666,0,0.0067643956,inner_val
ISIC_5272223,1,0.015207206,inner_val
ISIC_5273359,0,0.00039831083,inner_val
ISIC_5281405,0,0.0052877055,inner_val
ISIC_5281576,0,0.0007614833,inner_val
ISIC_5286021,0,0.0054503498,inner_val
ISIC_5286483,0,0.0010829588,inner_val
ISIC_5289599,0,0.0009383609,inner_val
ISIC_5289926,0,0.011540229,inner_val
ISIC_5293407,0,0.00036066084,inner_val
ISIC_5294396,0,0.0018223521,inner_val
ISIC_5297103,0,0.0010789976,inner_val
ISIC_5297111,0,0.002704311,inner_val
ISIC_5300453,0,0.0007039275,inner_val
ISIC_5300964,0,0.00095743436,inner_val
ISIC_5301811,0,0.007063865,inner_val
ISIC_5301965,0,0.002664703,inner_val
ISIC_5311982,0,0.21305752,inner_val
ISIC_5312834,0,0.0015377796,inner_val
ISIC_5312909,0,0.00076908077,inner_val
ISIC_5313563,0,0.0055482937,inner_val
ISIC_5315062,1,0.28909075,inner_val
ISIC_5317325,0,0.025082804,inner_val
ISIC_5317565,0,0.0010800296,inner_val
ISIC_5319885,0,0.0003547986,inner_val
ISIC_5320143,0,0.14158171,inner_val
ISIC_5320523,0,0.014037436,inner_val
ISIC_5320886,0,0.0011840182,inner_val
ISIC_5321219,0,0.0028181148,inner_val
ISIC_5323944,0,0.0012109996,inner_val
ISIC_5325281,0,0.0004424166,inner_val
ISIC_5325805,0,0.008525132,inner_val
ISIC_5327976,0,0.0020267728,inner_val
ISIC_5332306,0,0.00094799465,inner_val
ISIC_5332814,0,0.0009782913,inner_val
ISIC_5334995,0,0.0030401351,inner_val
ISIC_5336548,0,0.00085530954,inner_val
ISIC_5337622,0,0.019554693,inner_val
ISIC_5340000,0,0.0011099444,inner_val
ISIC_5340965,0,0.0014729257,inner_val
ISIC_5342109,0,0.047959723,inner_val
ISIC_5345112,0,0.0025414955,inner_val
ISIC_5346936,0,0.13899936,inner_val
ISIC_5348582,0,0.024933632,inner_val
ISIC_5349612,0,0.012003283,inner_val
ISIC_5350198,0,0.030064289,inner_val
ISIC_5351964,0,0.013469054,inner_val
ISIC_5353241,0,0.02758577,inner_val
ISIC_5356775,0,0.011100501,inner_val
ISIC_5357350,0,0.014943834,inner_val
ISIC_5357781,0,0.018304901,inner_val
ISIC_5357975,0,0.0019205954,inner_val
ISIC_5358234,0,0.0011976897,inner_val
ISIC_5358548,0,0.00042959652,inner_val
ISIC_5359212,0,0.0008205934,inner_val
ISIC_5359621,0,0.011234148,inner_val
ISIC_5360456,0,0.0009584407,inner_val
ISIC_5361343,0,0.008520857,inner_val
ISIC_5362869,0,0.0030833916,inner_val
ISIC_5363229,0,0.007199559,inner_val
ISIC_5365232,0,0.0069633434,inner_val
ISIC_5368668,0,0.0016787826,inner_val
ISIC_5373239,0,0.0023533516,inner_val
ISIC_5373844,0,0.0008392692,inner_val
ISIC_5377977,0,0.007181892,inner_val
ISIC_5381502,0,0.006225672,inner_val
ISIC_5382189,0,0.00047687328,inner_val
ISIC_5383549,0,0.00027962943,inner_val
ISIC_5383791,0,0.00047667715,inner_val
ISIC_5386739,0,0.00031668015,inner_val
ISIC_5389366,0,0.00036761514,inner_val
ISIC_5391758,1,0.0061675594,inner_val
ISIC_5393557,0,0.0006260512,inner_val
ISIC_5393919,0,0.0005953637,inner_val
ISIC_5397163,0,0.0008368351,inner_val
ISIC_5397395,0,0.0006585164,inner_val
ISIC_5399860,0,0.00077464065,inner_val
ISIC_5399929,0,0.002841749,inner_val
ISIC_5400113,0,0.015407398,inner_val
ISIC_5400609,0,0.045523994,inner_val
ISIC_5401671,0,0.00087573763,inner_val
ISIC_5402678,0,0.016554302,inner_val
ISIC_5405889,0,0.00058791996,inner_val
ISIC_5406576,0,0.0014178042,inner_val
ISIC_5407063,0,0.0019223915,inner_val
ISIC_5407653,0,0.00827463,inner_val
ISIC_5408436,0,0.012985735,inner_val
ISIC_5409790,0,0.010885639,inner_val
ISIC_5413136,0,0.0016792716,inner_val
ISIC_5414884,0,0.00060304144,inner_val
ISIC_5415761,1,0.06923525,inner_val
ISIC_5415781,0,0.0024830867,inner_val
ISIC_5415964,0,0.0031529048,inner_val
ISIC_5416978,0,0.0018090552,inner_val
ISIC_5422432,0,0.004451356,inner_val
ISIC_5433553,0,0.0006447496,inner_val
ISIC_5435291,0,0.0027261723,inner_val
ISIC_5442001,0,0.0012369928,inner_val
ISIC_5442452,0,0.003390985,inner_val
ISIC_5442856,0,0.025388746,inner_val
ISIC_5443845,0,0.0014856807,inner_val
ISIC_5446470,0,0.0005733677,inner_val
ISIC_5454766,0,0.0079481015,inner_val
ISIC_5457246,0,0.0008625277,inner_val
ISIC_5457826,0,0.043834534,inner_val
ISIC_5457974,0,0.0013985032,inner_val
ISIC_5459207,0,0.26017722,inner_val
ISIC_5459997,0,0.03763373,inner_val
ISIC_5464509,0,0.00090009626,inner_val
ISIC_5464942,0,0.0031218554,inner_val
ISIC_5465724,0,0.046014808,inner_val
ISIC_5467356,0,0.0008568958,inner_val
ISIC_5468164,0,0.07282069,inner_val
ISIC_5471848,0,0.0019928797,inner_val
ISIC_5471948,0,0.0011472972,inner_val
ISIC_5472470,0,0.020060077,inner_val
ISIC_5481211,0,0.0005779119,inner_val
ISIC_5481242,0,0.0025500848,inner_val
ISIC_5484046,0,0.0059441393,inner_val
ISIC_5485279,0,0.005278364,inner_val
ISIC_5486725,0,0.0014318553,inner_val
ISIC_5488188,0,0.00054092315,inner_val
ISIC_5490251,0,0.108062364,inner_val
ISIC_5491641,0,0.0090794545,inner_val
ISIC_5496214,0,0.0053082504,inner_val
ISIC_5500256,0,0.0011705178,inner_val
ISIC_5501375,0,0.0016268805,inner_val
ISIC_5503918,0,0.0017867931,inner_val
ISIC_5506059,0,0.0012595113,inner_val
ISIC_5507066,0,0.0004233051,inner_val
ISIC_5508228,0,0.0012503619,inner_val
ISIC_5510604,0,0.0013280009,inner_val
ISIC_5513021,0,0.0010518598,inner_val
ISIC_5513509,0,0.0018951333,inner_val
ISIC_5514893,0,0.00046881248,inner_val
ISIC_5515986,0,0.010052141,inner_val
ISIC_5518557,0,0.0004642821,inner_val
ISIC_5518595,0,0.0032977953,inner_val
ISIC_5518934,0,0.0016357813,inner_val
ISIC_5519378,0,0.0005407654,inner_val
ISIC_5521289,0,0.0072575607,inner_val
ISIC_5521687,0,0.00040228287,inner_val
ISIC_5523637,0,0.005887478,inner_val
ISIC_5526879,0,0.0008699478,inner_val
ISIC_5528990,0,0.028837316,inner_val
ISIC_5535143,0,0.0015660477,inner_val
ISIC_5537985,0,0.1116839,inner_val
ISIC_5540401,0,0.001035658,inner_val
ISIC_5541999,0,0.0055223,inner_val
ISIC_5544367,0,0.01293202,inner_val
ISIC_5546806,0,0.096618444,inner_val
ISIC_5548717,0,0.0029080247,inner_val
ISIC_5548914,0,0.00050593546,inner_val
ISIC_5549618,0,0.00074263563,inner_val
ISIC_5550263,0,0.0049843458,inner_val
ISIC_5552666,0,0.00087442354,inner_val
ISIC_5559165,0,0.0014795321,inner_val
ISIC_5559188,0,0.0019356773,inner_val
ISIC_5561898,0,0.00073097483,inner_val
ISIC_5564432,0,0.004219016,inner_val
ISIC_5568346,0,0.025380835,inner_val
ISIC_5569091,0,0.0028120405,inner_val
ISIC_5569936,0,0.018840443,inner_val
ISIC_5573340,0,0.0022167766,inner_val
ISIC_5573395,0,0.007434025,inner_val
ISIC_5573695,0,0.013958184,inner_val
ISIC_5578739,0,0.0009335561,inner_val
ISIC_5581936,0,0.00067136006,inner_val
ISIC_5587291,0,0.010246706,inner_val
ISIC_5588968,0,0.007562969,inner_val
ISIC_5592192,0,0.0012137248,inner_val
ISIC_5594342,0,0.000652708,inner_val
ISIC_5594879,0,0.00036923145,inner_val
ISIC_5597530,0,0.0013962834,inner_val
ISIC_5602053,0,0.0008569007,inner_val
ISIC_5602528,0,0.13517888,inner_val
ISIC_5602724,0,0.0004952659,inner_val
ISIC_5606906,0,0.2578337,inner_val
ISIC_5610178,0,0.029641077,inner_val
ISIC_5611010,0,0.0009167896,inner_val
ISIC_5611104,0,0.03133115,inner_val
ISIC_5611426,0,0.0007225519,inner_val
ISIC_5612713,0,0.00068690395,inner_val
ISIC_5612942,0,0.0009135455,inner_val
ISIC_5617952,0,0.0031481064,inner_val
ISIC_5619286,0,0.0006269173,inner_val
ISIC_5620257,0,0.0007171459,inner_val
ISIC_5621546,0,0.0007907562,inner_val
ISIC_5622782,0,0.0023861646,inner_val
ISIC_5623844,0,0.014560339,inner_val
ISIC_5623973,0,0.008577379,inner_val
ISIC_5624548,0,0.0005144942,inner_val
ISIC_5624953,0,0.000724767,inner_val
ISIC_5625774,0,0.00094355724,inner_val
ISIC_5626108,0,0.00035840078,inner_val
ISIC_5626944,0,0.0006728166,inner_val
ISIC_5628322,0,0.015510063,inner_val
ISIC_5631388,0,0.024721466,inner_val
ISIC_5631411,0,0.0006094661,inner_val
ISIC_5634353,0,0.010262425,inner_val
ISIC_5634535,0,0.008731085,inner_val
ISIC_5636247,0,0.012047036,inner_val
ISIC_5640863,0,0.0006753767,inner_val
ISIC_5641938,0,0.00095633813,inner_val
ISIC_5641956,0,0.00048954535,inner_val
ISIC_5642824,1,0.10916173,inner_val
ISIC_5643422,0,0.0077942275,inner_val
ISIC_5645187,0,0.015059332,inner_val
ISIC_5645368,0,0.00070495054,inner_val
ISIC_5647453,0,0.00074273115,inner_val
ISIC_5648540,0,0.0032513014,inner_val
ISIC_5650747,0,0.0005653592,inner_val
ISIC_5650816,0,0.099262916,inner_val
ISIC_5657310,0,0.19332123,inner_val
ISIC_5657661,0,0.0010546698,inner_val
ISIC_5659728,0,0.0016531124,inner_val
ISIC_5660472,0,0.00073832966,inner_val
ISIC_5663164,0,0.0055904817,inner_val
ISIC_5664728,0,0.0032024847,inner_val
ISIC_5667469,0,0.00052780483,inner_val
ISIC_5675298,0,0.010785045,inner_val
ISIC_5677573,0,0.003864676,inner_val
ISIC_5678560,0,0.0007166215,inner_val
ISIC_5678933,0,0.0005052304,inner_val
ISIC_5679290,0,0.019778848,inner_val
ISIC_5679678,0,0.00031844276,inner_val
ISIC_5679982,0,0.0016214503,inner_val
ISIC_5683747,0,0.0066677528,inner_val
ISIC_5686768,0,0.0010198059,inner_val
ISIC_5688657,0,0.0012600446,inner_val
ISIC_5693310,0,0.0049721906,inner_val
ISIC_5703639,0,0.0015744368,inner_val
ISIC_5704178,0,0.0016518892,inner_val
ISIC_5706956,0,0.077104,inner_val
ISIC_5707851,0,0.0011767033,inner_val
ISIC_5709170,0,0.00026419424,inner_val
ISIC_5709767,0,0.0008919647,inner_val
ISIC_5713588,0,0.0038245819,inner_val
ISIC_5717503,0,0.0008426753,inner_val
ISIC_5721195,0,0.0022723447,inner_val
ISIC_5721292,0,0.0051946044,inner_val
ISIC_5722194,0,0.001293469,inner_val
ISIC_5722526,0,0.000739091,inner_val
ISIC_5722943,0,0.0014193436,inner_val
ISIC_5723592,0,0.019018276,inner_val
ISIC_5728988,0,0.001324174,inner_val
ISIC_5730636,0,0.063894354,inner_val
ISIC_5731061,0,0.0021573738,inner_val
ISIC_5732463,0,0.0020038844,inner_val
ISIC_5733557,0,0.001537467,inner_val
ISIC_5734620,0,0.0008928984,inner_val
ISIC_5736292,0,0.00069050456,inner_val
ISIC_5736624,0,0.0010422966,inner_val
ISIC_5736979,0,0.0008350556,inner_val
ISIC_5737191,0,0.00392032,inner_val
ISIC_5738587,0,0.00037695238,inner_val
ISIC_5742875,0,0.0006288122,inner_val
ISIC_5747868,0,0.0031935957,inner_val
ISIC_5751099,0,0.0024712617,inner_val
ISIC_5759703,0,0.0009242421,inner_val
ISIC_5760582,0,0.003952562,inner_val
ISIC_5763413,0,0.098873146,inner_val
ISIC_5764104,0,0.0004919063,inner_val
ISIC_5764302,0,0.0057083666,inner_val
ISIC_5766923,0,0.00062967633,inner_val
ISIC_5767172,0,0.0008746235,inner_val
ISIC_5771106,0,0.0026236824,inner_val
ISIC_5771994,0,0.0060679032,inner_val
ISIC_5772144,0,0.0012282389,inner_val
ISIC_5778476,0,0.00040341946,inner_val
ISIC_5782350,0,0.0006534359,inner_val
ISIC_5783764,0,0.3992158,inner_val
ISIC_5783861,0,0.011252559,inner_val
ISIC_5784362,0,0.0027642194,inner_val
ISIC_5787278,0,0.26457423,inner_val
ISIC_5788100,0,0.0011408922,inner_val
ISIC_5789575,0,0.0009110516,inner_val
ISIC_5789952,0,0.020024292,inner_val
ISIC_5790458,0,0.0005579854,inner_val
ISIC_5796081,0,0.0013557172,inner_val
ISIC_5796179,0,0.0027188433,inner_val
ISIC_5801307,0,0.000839463,inner_val
ISIC_5806831,0,0.0010722793,inner_val
ISIC_5807112,0,0.0002686636,inner_val
ISIC_5812330,0,0.0015455296,inner_val
ISIC_5813642,0,0.0014745409,inner_val
ISIC_5822691,0,0.0024257735,inner_val
ISIC_5823706,0,0.016545152,inner_val
ISIC_5825006,0,0.015576406,inner_val
ISIC_5825647,0,0.18144079,inner_val
ISIC_5827477,0,0.000677435,inner_val
ISIC_5828120,0,0.001571027,inner_val
ISIC_5829771,0,0.00044341452,inner_val
ISIC_5831880,0,0.0004195399,inner_val
ISIC_5834451,0,0.0030340552,inner_val
ISIC_5838416,0,0.0004942397,inner_val
ISIC_5841774,0,0.0021908537,inner_val
ISIC_5842053,0,0.15635285,inner_val
ISIC_5846233,0,0.0012235554,inner_val
ISIC_5850633,0,0.0019646746,inner_val
ISIC_5850699,0,0.0015080767,inner_val
ISIC_5852061,0,0.00028230227,inner_val
ISIC_5852396,0,0.0005684894,inner_val
ISIC_5853367,0,0.00079085154,inner_val
ISIC_5854870,0,0.001814868,inner_val
ISIC_5855918,0,0.0067297528,inner_val
ISIC_5857155,0,0.0058706733,inner_val
ISIC_5859895,0,0.0026068822,inner_val
ISIC_5863114,0,0.012396446,inner_val
ISIC_5868210,0,0.0033750578,inner_val
ISIC_5868291,1,0.043950755,inner_val
ISIC_5869892,0,0.0021135856,inner_val
ISIC_5873539,0,0.0051925248,inner_val
ISIC_5874970,0,0.08074619,inner_val
ISIC_5876289,0,0.0021104668,inner_val
ISIC_5877850,0,0.0032355788,inner_val
ISIC_5882629,0,0.16939381,inner_val
ISIC_5882650,0,0.017647281,inner_val
ISIC_5884700,0,0.0010335762,inner_val
ISIC_5885403,0,0.0054779574,inner_val
ISIC_5885421,0,0.00070237654,inner_val
ISIC_5889790,0,0.049976137,inner_val
ISIC_5891384,1,0.014931142,inner_val
ISIC_5892680,0,0.0032214415,inner_val
ISIC_5892920,0,0.0007992949,inner_val
ISIC_5893544,0,0.0007772827,inner_val
ISIC_5894867,0,0.020422306,inner_val
ISIC_5897296,0,0.0005807484,inner_val
ISIC_5899545,0,0.00085776945,inner_val
ISIC_5901919,0,0.0011711033,inner_val
ISIC_5908132,0,0.001944101,inner_val
ISIC_5909403,0,0.013579193,inner_val
ISIC_5912560,0,0.005518499,inner_val
ISIC_5913155,0,0.0013950273,inner_val
ISIC_5914940,0,0.00053222704,inner_val
ISIC_5917004,0,0.000802454,inner_val
ISIC_5920680,0,0.038523033,inner_val
ISIC_5921734,0,0.00145734,inner_val
ISIC_5922673,0,0.0004647523,inner_val
ISIC_5924487,0,0.002433105,inner_val
ISIC_5927617,0,0.0009989019,inner_val
ISIC_5929687,0,0.0004751004,inner_val
ISIC_5931423,0,0.0007141359,inner_val
ISIC_5932704,0,0.0872195,inner_val
ISIC_5934104,0,0.0008544038,inner_val
ISIC_5934948,0,0.00064667646,inner_val
ISIC_5937990,0,0.012455587,inner_val
ISIC_5938500,0,0.0017426478,inner_val
ISIC_5939646,0,0.00042734147,inner_val
ISIC_5941271,0,0.0071173436,inner_val
ISIC_5941314,0,0.0007010879,inner_val
ISIC_5941908,0,0.015692554,inner_val
ISIC_5943355,0,0.0007535909,inner_val
ISIC_5951430,0,0.0008567191,inner_val
ISIC_5952283,0,0.0024908397,inner_val
ISIC_5953416,0,0.0010070312,inner_val
ISIC_5955314,0,0.0008209875,inner_val
ISIC_5958409,0,0.06648044,inner_val
ISIC_5958437,0,0.0006983342,inner_val
ISIC_5959591,0,0.01003056,inner_val
ISIC_5961333,0,0.079719596,inner_val
ISIC_5962268,0,0.0007633774,inner_val
ISIC_5963344,0,0.0012102386,inner_val
ISIC_5963491,0,0.00054791936,inner_val
ISIC_5964173,0,0.000956765,inner_val
ISIC_5964381,0,0.003547538,inner_val
ISIC_5969236,0,0.12066372,inner_val
ISIC_5970180,0,0.0006316864,inner_val
ISIC_5972994,0,0.0047574253,inner_val
ISIC_5977230,0,0.0020529951,inner_val
ISIC_5983942,0,0.0010757847,inner_val
ISIC_5985961,0,0.020904526,inner_val
ISIC_5986798,0,0.0002827149,inner_val
ISIC_5994171,0,0.008214081,inner_val
ISIC_5994286,0,0.0105012925,inner_val
ISIC_5997133,0,0.004865556,inner_val
ISIC_5997266,0,0.018231304,inner_val
ISIC_5997532,0,0.02002889,inner_val
ISIC_5997901,0,0.0035868015,inner_val
ISIC_5999028,0,0.0049293893,inner_val
ISIC_6000115,0,0.0008750153,inner_val
ISIC_6000142,0,0.00629654,inner_val
ISIC_6000183,0,0.022472152,inner_val
ISIC_6002622,0,0.021559345,inner_val
ISIC_6003124,0,0.0007366212,inner_val
ISIC_6004540,0,0.0014689673,inner_val
ISIC_6007546,0,0.013090872,inner_val
ISIC_6008119,0,0.0005280318,inner_val
ISIC_6009620,0,0.019032454,inner_val
ISIC_6013568,0,0.0015316184,inner_val
ISIC_6018782,0,0.0007362237,inner_val
ISIC_6019539,0,0.17066363,inner_val
ISIC_6020615,0,0.0003020479,inner_val
ISIC_6022973,0,0.0020421953,inner_val
ISIC_6023428,0,0.0011340718,inner_val
ISIC_6024651,0,0.0028039252,inner_val
ISIC_6025043,0,0.06931909,inner_val
ISIC_6026435,0,0.00091132906,inner_val
ISIC_6031634,0,0.012620296,inner_val
ISIC_6034125,0,0.00047484497,inner_val
ISIC_6041385,0,0.03691403,inner_val
ISIC_6041880,0,0.0006014589,inner_val
ISIC_6043051,0,0.00072015624,inner_val
ISIC_6046442,0,0.001810685,inner_val
ISIC_6047197,0,0.0065458636,inner_val
ISIC_6048088,0,0.003644655,inner_val
ISIC_6051605,0,0.0006246397,inner_val
ISIC_6052437,0,0.0012147878,inner_val
ISIC_6053980,0,0.0046189716,inner_val
ISIC_6054977,0,0.010906231,inner_val
ISIC_6058345,0,0.0010475019,inner_val
ISIC_6058687,0,0.0013111507,inner_val
ISIC_6058822,0,0.115904555,inner_val
ISIC_6061549,0,0.00048000706,inner_val
ISIC_6061824,0,0.002579212,inner_val
ISIC_6062638,0,0.0020992595,inner_val
ISIC_6063007,0,0.0060964525,inner_val
ISIC_6064007,0,0.002423798,inner_val
ISIC_6067834,0,0.001123451,inner_val
ISIC_6071391,0,0.008639063,inner_val
ISIC_6072777,0,0.0074929115,inner_val
ISIC_6077914,0,0.0011115978,inner_val
ISIC_6078729,0,0.00036685666,inner_val
ISIC_6083284,0,0.0021454461,inner_val
ISIC_6083729,0,0.0005446977,inner_val
ISIC_6087652,0,0.0022859091,inner_val
ISIC_6090848,0,0.0007838794,inner_val
ISIC_6091609,0,0.00088955095,inner_val
ISIC_6091919,0,0.00049100147,inner_val
ISIC_6098003,0,0.00096575724,inner_val
ISIC_6098768,0,0.0005100163,inner_val
ISIC_6099931,0,0.0016813722,inner_val
ISIC_6100064,0,0.00092260115,inner_val
ISIC_6102435,0,0.0006971542,inner_val
ISIC_6107273,0,0.00069160707,inner_val
ISIC_6108865,0,0.0093352515,inner_val
ISIC_6111487,0,0.002666451,inner_val
ISIC_6115394,0,0.00074466737,inner_val
ISIC_6116801,0,0.0051341816,inner_val
ISIC_6123082,0,0.00084316835,inner_val
ISIC_6124241,0,0.01193517,inner_val
ISIC_6126554,0,0.0008270225,inner_val
ISIC_6126598,0,0.009941092,inner_val
ISIC_6126623,0,0.002464296,inner_val
ISIC_6133988,0,0.0005956642,inner_val
ISIC_6138121,0,0.02150017,inner_val
ISIC_6139375,0,0.0009307922,inner_val
ISIC_6140335,0,0.006695473,inner_val
ISIC_6141183,0,0.00075992726,inner_val
ISIC_6143929,0,0.06659497,inner_val
ISIC_6145764,0,0.00066564523,inner_val
ISIC_6151703,0,0.11997919,inner_val
ISIC_6151842,0,0.0035326772,inner_val
ISIC_6154719,0,0.21832089,inner_val
ISIC_6155423,0,0.21003632,inner_val
ISIC_6159454,0,0.0028381015,inner_val
ISIC_6161876,0,0.00066996407,inner_val
ISIC_6164605,0,0.0016968836,inner_val
ISIC_6169349,0,0.00087506865,inner_val
ISIC_6169609,0,0.0017220515,inner_val
ISIC_6172211,0,0.13750964,inner_val
ISIC_6177670,0,0.030130837,inner_val
ISIC_6177698,0,0.0006122079,inner_val
ISIC_6180870,0,0.00066933036,inner_val
ISIC_6181892,0,0.0028952523,inner_val
ISIC_6182833,0,0.00090319157,inner_val
ISIC_6183124,0,0.0008082187,inner_val
ISIC_6184190,0,0.0016732551,inner_val
ISIC_6187353,0,0.050683245,inner_val
ISIC_6198121,0,0.00067737943,inner_val
ISIC_6204286,0,0.019534037,inner_val
ISIC_6208502,0,0.0011189587,inner_val
ISIC_6210500,0,0.0042664493,inner_val
ISIC_6215631,0,0.010454544,inner_val
ISIC_6218727,0,0.00097519014,inner_val
ISIC_6219458,0,0.0006390511,inner_val
ISIC_6221165,0,0.000429006,inner_val
ISIC_6221203,0,0.0054408796,inner_val
ISIC_6222431,0,0.0019886731,inner_val
ISIC_6223183,0,0.0005548251,inner_val
ISIC_6224829,0,0.01778059,inner_val
ISIC_6225104,0,0.0030112409,inner_val
ISIC_6225107,0,0.03777864,inner_val
ISIC_6226803,0,0.00054820825,inner_val
ISIC_6227920,0,0.00079969293,inner_val
ISIC_6227942,0,0.0004098936,inner_val
ISIC_6228575,0,0.09066799,inner_val
ISIC_6228963,1,0.5942194,inner_val
ISIC_6239663,0,0.007413119,inner_val
ISIC_6240945,0,0.0022235857,inner_val
ISIC_6243238,0,0.0011349217,inner_val
ISIC_6244582,0,0.003899265,inner_val
ISIC_6245138,0,0.00076298905,inner_val
ISIC_6245809,0,0.0016787513,inner_val
ISIC_6250704,0,0.0034235597,inner_val
ISIC_6253292,0,0.0008557478,inner_val
ISIC_6254324,0,0.0036675816,inner_val
ISIC_6256314,0,0.0021193195,inner_val
ISIC_6257952,0,0.0010533198,inner_val
ISIC_6258546,0,0.0005481223,inner_val
ISIC_6260969,0,0.00042986852,inner_val
ISIC_6263886,0,0.00075569935,inner_val
ISIC_6264165,0,0.005380445,inner_val
ISIC_6264379,0,0.00276313,inner_val
ISIC_6265613,0,0.0009346722,inner_val
ISIC_6268546,0,0.00074926007,inner_val
ISIC_6273072,0,0.00039580095,inner_val
ISIC_6274085,0,0.000403032,inner_val
ISIC_6280523,0,0.029635658,inner_val
ISIC_6283893,0,0.0009271133,inner_val
ISIC_6284012,0,0.28091413,inner_val
ISIC_6285925,1,0.0040654433,inner_val
ISIC_6287575,0,0.009121245,inner_val
ISIC_6288718,0,0.0012756323,inner_val
ISIC_6291051,0,0.0011264017,inner_val
ISIC_6291884,0,0.012528852,inner_val
ISIC_6292348,0,0.00066663686,inner_val
ISIC_6293107,0,0.0009542306,inner_val
ISIC_6293227,0,0.3747125,inner_val
ISIC_6293829,0,0.00062798086,inner_val
ISIC_6294920,0,0.001002182,inner_val
ISIC_6295310,0,0.027276555,inner_val
ISIC_6295517,0,0.0022344252,inner_val
ISIC_6296285,0,0.026571678,inner_val
ISIC_6298228,0,0.0008635745,inner_val
ISIC_6298726,0,0.025217768,inner_val
ISIC_6301984,0,0.0014819652,inner_val
ISIC_6302981,0,0.07906486,inner_val
ISIC_6306477,0,0.0016380473,inner_val
ISIC_6306658,0,0.000606673,inner_val
ISIC_6315030,0,0.07152653,inner_val
ISIC_6315037,0,0.0012408805,inner_val
ISIC_6319036,0,0.0010455069,inner_val
ISIC_6325673,0,0.0013262129,inner_val
ISIC_6326389,0,0.20669831,inner_val
ISIC_6326790,0,0.00285915,inner_val
ISIC_6328526,0,0.008124301,inner_val
ISIC_6332165,0,0.00033718641,inner_val
ISIC_6335980,0,0.0019766036,inner_val
ISIC_6337982,0,0.011147441,inner_val
ISIC_6338053,0,0.0007719598,inner_val
ISIC_6341685,0,0.106549196,inner_val
ISIC_6347261,0,0.002049493,inner_val
ISIC_6347764,0,0.00086941913,inner_val
ISIC_6350508,0,0.0053273537,inner_val
ISIC_6352726,0,0.0024702367,inner_val
ISIC_6353336,0,0.0023496824,inner_val
ISIC_6356803,0,0.0005839123,inner_val
ISIC_6358849,0,0.030259348,inner_val
ISIC_6363862,0,0.001430643,inner_val
ISIC_6364664,0,0.0011387706,inner_val
ISIC_6364958,0,0.014417954,inner_val
ISIC_6369963,0,0.0006148179,inner_val
ISIC_6370748,0,0.00071310415,inner_val
ISIC_6371233,0,0.014621502,inner_val
ISIC_6380209,0,0.00066383585,inner_val
ISIC_6381197,0,0.008103072,inner_val
ISIC_6381852,0,0.0020024632,inner_val
ISIC_6383922,0,0.00075980887,inner_val
ISIC_6384912,0,0.0008928929,inner_val
ISIC_6385793,0,0.08423552,inner_val
ISIC_6388940,0,0.00070939655,inner_val
ISIC_6390738,0,0.0007390653,inner_val
ISIC_6391567,0,0.013889475,inner_val
ISIC_6391978,0,0.19630033,inner_val
ISIC_6395861,0,0.037666995,inner_val
ISIC_6398669,1,0.08502432,inner_val
ISIC_6400279,0,0.042116784,inner_val
ISIC_6400810,0,0.0008661048,inner_val
ISIC_6402680,0,0.004399739,inner_val
ISIC_6403046,0,0.0005586958,inner_val
ISIC_6407004,0,0.0013112432,inner_val
ISIC_6409918,0,0.0019361443,inner_val
ISIC_6413346,0,0.0010518618,inner_val
ISIC_6416889,0,0.0030622855,inner_val
ISIC_6422862,0,0.0007980836,inner_val
ISIC_6427157,0,0.0009911328,inner_val
ISIC_6430210,0,0.00076018553,inner_val
ISIC_6430323,0,0.016085621,inner_val
ISIC_6432413,0,0.0026608594,inner_val
ISIC_6432672,0,0.0035919363,inner_val
ISIC_6433037,0,0.0017742299,inner_val
ISIC_6433108,0,0.0020497309,inner_val
ISIC_6434203,0,0.0033708727,inner_val
ISIC_6437637,0,0.0005815108,inner_val
ISIC_6440229,0,0.0017610135,inner_val
ISIC_6441261,0,0.0040818253,inner_val
ISIC_6446825,0,0.14089863,inner_val
ISIC_6447132,0,0.00054396613,inner_val
ISIC_6448654,0,0.004220816,inner_val
ISIC_6451337,0,0.0011324201,inner_val
ISIC_6453506,0,0.0022022538,inner_val
ISIC_6455034,0,0.00063338224,inner_val
ISIC_6460185,0,0.00039550694,inner_val
ISIC_6460791,0,0.019581186,inner_val
ISIC_6464177,0,0.012665218,inner_val
ISIC_6467876,0,0.00074724,inner_val
ISIC_6469202,0,0.0009803711,inner_val
ISIC_6469507,0,0.008735473,inner_val
ISIC_6477810,0,0.00070102204,inner_val
ISIC_6480380,0,0.0006420204,inner_val
ISIC_6482778,0,0.019176316,inner_val
ISIC_6485050,0,0.0054194634,inner_val
ISIC_6485672,0,0.0010659788,inner_val
ISIC_6487809,0,0.00079457904,inner_val
ISIC_6488635,0,0.00063748646,inner_val
ISIC_6489678,0,0.0011183097,inner_val
ISIC_6489887,0,0.0017250953,inner_val
ISIC_6489993,0,0.0008214058,inner_val
ISIC_6494974,0,0.00061181595,inner_val
ISIC_6496251,1,0.09518164,inner_val
ISIC_6496370,1,0.028081508,inner_val
ISIC_6498675,0,0.005055499,inner_val
ISIC_6499712,0,0.029502876,inner_val
ISIC_6500094,0,0.17203017,inner_val
ISIC_6501973,0,0.1084252,inner_val
ISIC_6503962,0,0.0013282525,inner_val
ISIC_6507179,0,0.00084617455,inner_val
ISIC_6507412,0,0.00042563374,inner_val
ISIC_6508516,0,0.0011963266,inner_val
ISIC_6515241,0,0.0010717063,inner_val
ISIC_6516921,0,0.013720629,inner_val
ISIC_6522713,0,0.0032200147,inner_val
ISIC_6525194,0,0.001128548,inner_val
ISIC_6526150,0,0.0014273144,inner_val
ISIC_6527464,0,0.0011123366,inner_val
ISIC_6527570,0,0.0031441674,inner_val
ISIC_6532966,0,0.0026044261,inner_val
ISIC_6534818,0,0.0014137365,inner_val
ISIC_6536232,0,0.0289217,inner_val
ISIC_6536813,0,0.0007749245,inner_val
ISIC_6538524,0,0.0008824734,inner_val
ISIC_6539116,0,0.0018437349,inner_val
ISIC_6539852,0,0.0013504261,inner_val
ISIC_6543269,0,0.001892296,inner_val
ISIC_6547878,0,0.0013450185,inner_val
ISIC_6548812,0,0.00043747158,inner_val
ISIC_6549919,0,0.000774513,inner_val
ISIC_6550925,0,0.038980965,inner_val
ISIC_6552421,0,0.060553268,inner_val
ISIC_6552884,0,0.018566497,inner_val
ISIC_6559840,0,0.0030683035,inner_val
ISIC_6559979,0,0.0007480707,inner_val
ISIC_6562729,0,0.0049135033,inner_val
ISIC_6564628,0,0.0004345961,inner_val
ISIC_6565709,0,0.0014735556,inner_val
ISIC_6571597,0,0.0004605848,inner_val
ISIC_6572147,0,0.0058399243,inner_val
ISIC_6574514,0,0.0003336539,inner_val
ISIC_6575298,0,0.003590145,inner_val
ISIC_6577745,0,0.001424433,inner_val
ISIC_6578862,0,0.0014893422,inner_val
ISIC_6580482,0,0.0011237855,inner_val
ISIC_6581765,0,0.008612975,inner_val
ISIC_6583372,0,0.0008593226,inner_val
ISIC_6584847,0,0.0006821163,inner_val
ISIC_6586052,0,0.0008055684,inner_val
ISIC_6588756,0,0.0044668233,inner_val
ISIC_6596447,0,0.02753267,inner_val
ISIC_6599116,0,0.00033353688,inner_val
ISIC_6600158,0,0.034080658,inner_val
ISIC_6602724,0,0.00255968,inner_val
ISIC_6604862,0,0.0008719824,inner_val
ISIC_6606056,0,0.003931988,inner_val
ISIC_6606767,0,0.0010241249,inner_val
ISIC_6607633,0,0.001566243,inner_val
ISIC_6610700,0,0.0032223114,inner_val
ISIC_6613228,0,0.001207567,inner_val
ISIC_6616081,0,0.0014486084,inner_val
ISIC_6617044,0,0.016054016,inner_val
ISIC_6617618,0,0.0008124146,inner_val
ISIC_6617636,0,0.0009211466,inner_val
ISIC_6617840,0,0.00056454015,inner_val
ISIC_6618799,0,0.052406948,inner_val
ISIC_6619411,0,0.0012941252,inner_val
ISIC_6619721,0,0.0014523392,inner_val
ISIC_6625253,0,0.010170421,inner_val
ISIC_6626957,0,0.00046220465,inner_val
ISIC_6628544,0,0.0006236941,inner_val
ISIC_6629629,0,0.0024155949,inner_val
ISIC_6637323,0,0.00055189023,inner_val
ISIC_6640753,0,0.0018030067,inner_val
ISIC_6641336,0,0.010966282,inner_val
ISIC_6644441,0,0.009299389,inner_val
ISIC_6646410,0,0.01105934,inner_val
ISIC_6649866,0,0.01796605,inner_val
ISIC_6650581,0,0.0011996558,inner_val
ISIC_6653311,0,0.031631384,inner_val
ISIC_6655446,0,0.005638368,inner_val
ISIC_6656318,0,0.00059909915,inner_val
ISIC_6656563,0,0.09972498,inner_val
ISIC_6657600,0,0.011207637,inner_val
ISIC_6660516,0,0.009032559,inner_val
ISIC_6661904,0,0.045025945,inner_val
ISIC_6665312,0,0.004492686,inner_val
ISIC_6666623,0,0.00088441337,inner_val
ISIC_6666835,0,0.038040914,inner_val
ISIC_6670242,0,0.005467039,inner_val
ISIC_6674202,0,0.0076507744,inner_val
ISIC_6676647,0,0.0028272027,inner_val
ISIC_6676705,0,0.013933051,inner_val
ISIC_6682360,0,0.003597371,inner_val
ISIC_6684042,0,0.00065678864,inner_val
ISIC_6686271,0,0.0011045309,inner_val
ISIC_6687278,0,0.032665193,inner_val
ISIC_6689310,0,0.0032808443,inner_val
ISIC_6689593,0,0.0032585214,inner_val
ISIC_6694724,0,0.015486562,inner_val
ISIC_6696515,0,0.015062962,inner_val
ISIC_6696715,0,0.001621708,inner_val
ISIC_6699817,0,0.0007073807,inner_val
ISIC_6703021,0,0.00040542305,inner_val
ISIC_6703027,0,0.22918491,inner_val
ISIC_6704036,0,0.0006056946,inner_val
ISIC_6705470,0,0.06842454,inner_val
ISIC_6710411,0,0.0075968592,inner_val
ISIC_6712342,0,0.006661812,inner_val
ISIC_6712655,0,0.0006273599,inner_val
ISIC_6715731,0,0.000908652,inner_val
ISIC_6717322,0,0.0004549391,inner_val
ISIC_6719226,0,0.038380783,inner_val
ISIC_6722586,0,0.00034035015,inner_val
ISIC_6728496,0,0.00075026747,inner_val
ISIC_6734679,0,0.0006610388,inner_val
ISIC_6742970,0,0.01997601,inner_val
ISIC_6743860,0,0.00095407566,inner_val
ISIC_6745062,0,0.0055396263,inner_val
ISIC_6749926,0,0.0011487906,inner_val
ISIC_6757973,0,0.0020407187,inner_val
ISIC_6759819,0,0.1550203,inner_val
ISIC_6761980,0,0.003469391,inner_val
ISIC_6768044,0,0.03681764,inner_val
ISIC_6771724,0,0.0003510341,inner_val
ISIC_6771919,0,0.0007331413,inner_val
ISIC_6772085,0,0.04740402,inner_val
ISIC_6774796,0,0.0012283484,inner_val
ISIC_6776434,0,0.009073279,inner_val
ISIC_6776583,0,0.003185429,inner_val
ISIC_6778251,0,0.018567652,inner_val
ISIC_6778756,0,0.0013766466,inner_val
ISIC_6778936,0,0.00077910174,inner_val
ISIC_6779191,0,0.00060669903,inner_val
ISIC_6779354,0,0.0035598187,inner_val
ISIC_6781528,0,0.003796313,inner_val
ISIC_6784305,0,0.0006853339,inner_val
ISIC_6786974,0,0.0013037844,inner_val
ISIC_6787039,0,0.0006348895,inner_val
ISIC_6787097,0,0.003413387,inner_val
ISIC_6788130,0,0.0009707309,inner_val
ISIC_6792155,0,0.008061515,inner_val
ISIC_6795622,0,0.00218311,inner_val
ISIC_6800834,0,0.0010681826,inner_val
ISIC_6801988,0,0.0049547236,inner_val
ISIC_6802355,0,0.0016145625,inner_val
ISIC_6804299,0,0.0072341785,inner_val
ISIC_6807108,0,0.0003814555,inner_val
ISIC_6810219,0,0.011812147,inner_val
ISIC_6810607,0,0.0026031209,inner_val
ISIC_6815524,0,0.0015360871,inner_val
ISIC_6815672,0,0.012869714,inner_val
ISIC_6816081,0,0.13940756,inner_val
ISIC_6824744,0,0.0029469694,inner_val
ISIC_6830549,0,0.00043433765,inner_val
ISIC_6831482,0,0.011990726,inner_val
ISIC_6831734,0,0.001279923,inner_val
ISIC_6835880,0,0.018661555,inner_val
ISIC_6841218,0,0.0022895138,inner_val
ISIC_6843464,0,0.00035532954,inner_val
ISIC_6844329,0,0.00041601018,inner_val
ISIC_6846975,0,0.0014590112,inner_val
ISIC_6850708,0,0.0038254578,inner_val
ISIC_6853087,0,0.0029457437,inner_val
ISIC_6854940,0,0.0010998863,inner_val
ISIC_6858892,0,0.00044112024,inner_val
ISIC_6859051,0,0.0010930357,inner_val
ISIC_6860717,0,0.0014346861,inner_val
ISIC_6862411,0,0.0005428844,inner_val
ISIC_6865997,0,0.0008459471,inner_val
ISIC_6866317,0,0.0016539249,inner_val
ISIC_6868089,0,0.0003618847,inner_val
ISIC_6869019,0,0.00066399534,inner_val
ISIC_6872685,0,0.02839489,inner_val
ISIC_6873847,0,0.0053676935,inner_val
ISIC_6874100,0,0.019847905,inner_val
ISIC_6875113,0,0.00085679494,inner_val
ISIC_6876297,0,0.0033861604,inner_val
ISIC_6882733,0,0.00052754726,inner_val
ISIC_6884378,0,0.021448348,inner_val
ISIC_6886237,0,0.0014557559,inner_val
ISIC_6888142,0,0.004591012,inner_val
ISIC_6890820,0,0.0016019205,inner_val
ISIC_6895778,0,0.0021356468,inner_val
ISIC_6898059,0,0.015424256,inner_val
ISIC_6900522,0,0.00081793516,inner_val
ISIC_6908286,0,0.00042440795,inner_val
ISIC_6910956,0,0.0020959785,inner_val
ISIC_6916213,0,0.16787758,inner_val
ISIC_6917681,0,0.012985411,inner_val
ISIC_6931573,0,0.00043412944,inner_val
ISIC_6933350,0,0.0004642617,inner_val
ISIC_6938423,0,0.028317973,inner_val
ISIC_6938682,0,0.00046077164,inner_val
ISIC_6941505,0,0.00090114784,inner_val
ISIC_6945634,1,0.2601129,inner_val
ISIC_6948332,0,0.0020998279,inner_val
ISIC_6949941,0,0.0041176635,inner_val
ISIC_6950241,0,0.00290313,inner_val
ISIC_6954994,0,0.0055005183,inner_val
ISIC_6959018,0,0.0019143461,inner_val
ISIC_6961482,0,0.0010536772,inner_val
ISIC_6965417,0,0.030379573,inner_val
ISIC_6966001,1,0.0015375833,inner_val
ISIC_6966230,0,0.0014023455,inner_val
ISIC_6968422,0,0.0006588462,inner_val
ISIC_6968933,0,0.001163234,inner_val
ISIC_6969393,0,0.0006459145,inner_val
ISIC_6971970,0,0.0011512026,inner_val
ISIC_6973257,0,0.009738316,inner_val
ISIC_6973807,0,0.0012641908,inner_val
ISIC_6974432,0,0.006500078,inner_val
ISIC_6974605,0,0.001747339,inner_val
ISIC_6975701,0,0.0019231765,inner_val
ISIC_6978517,0,0.013153269,inner_val
ISIC_6979710,0,0.00079627155,inner_val
ISIC_6981210,0,0.0012497748,inner_val
ISIC_6985988,0,0.0071681147,inner_val
ISIC_6985996,0,0.0005596056,inner_val
ISIC_6988287,0,0.00071013585,inner_val
ISIC_6989592,0,0.040129457,inner_val
ISIC_6991664,0,0.00087549567,inner_val
ISIC_6992709,0,0.0008969521,inner_val
ISIC_6996553,0,0.0007391879,inner_val
ISIC_7004652,0,0.12703808,inner_val
ISIC_7009273,0,0.0004831962,inner_val
ISIC_7010626,0,0.18979242,inner_val
ISIC_7011122,0,0.0014554565,inner_val
ISIC_7012881,0,0.0010449458,inner_val
ISIC_7013680,0,0.0008061301,inner_val
ISIC_7016839,0,0.00141231,inner_val
ISIC_7017387,0,0.0008104599,inner_val
ISIC_7017547,0,0.0035726882,inner_val
ISIC_7018846,0,0.043571874,inner_val
ISIC_7021681,0,0.0011132128,inner_val
ISIC_7024562,0,0.10768464,inner_val
ISIC_7024662,0,0.035198156,inner_val
ISIC_7025159,0,0.016466044,inner_val
ISIC_7025208,0,0.0011689791,inner_val
ISIC_7029652,0,0.0012067897,inner_val
ISIC_7030461,0,0.0010466146,inner_val
ISIC_7031550,0,0.0013498681,inner_val
ISIC_7032787,0,0.0017155078,inner_val
ISIC_7038586,0,0.00063968444,inner_val
ISIC_7038741,0,0.0011801522,inner_val
ISIC_7046324,0,0.0019176024,inner_val
ISIC_7046888,0,0.18123558,inner_val
ISIC_7050200,0,0.0059196437,inner_val
ISIC_7052503,0,0.0064957924,inner_val
ISIC_7053767,0,0.0032663315,inner_val
ISIC_7056787,0,0.0008818316,inner_val
ISIC_7058617,0,0.000603075,inner_val
ISIC_7059403,0,0.001598665,inner_val
ISIC_7059794,0,0.00047509492,inner_val
ISIC_7065361,0,0.001094814,inner_val
ISIC_7065522,0,0.0007321265,inner_val
ISIC_7066695,0,0.0016440355,inner_val
ISIC_7070936,0,0.0009282792,inner_val
ISIC_7071944,0,0.000836529,inner_val
ISIC_7072658,0,0.0015797354,inner_val
ISIC_7073270,0,0.000504866,inner_val
ISIC_7075474,1,0.03131825,inner_val
ISIC_7075851,0,0.00057174714,inner_val
ISIC_7077029,0,0.00038949022,inner_val
ISIC_7077740,0,0.0005559294,inner_val
ISIC_7084521,0,0.031633005,inner_val
ISIC_7092287,0,0.0008593423,inner_val
ISIC_7095245,0,0.0011017832,inner_val
ISIC_7096402,0,0.0015169733,inner_val
ISIC_7100755,1,0.24346472,inner_val
ISIC_7107371,0,0.0035970225,inner_val
ISIC_7110371,0,0.01709397,inner_val
ISIC_7110889,0,0.00603321,inner_val
ISIC_7111544,0,0.015522866,inner_val
ISIC_7113522,0,0.10907681,inner_val
ISIC_7114310,0,0.00050568476,inner_val
ISIC_7115483,0,0.2778773,inner_val
ISIC_7117554,0,0.004106669,inner_val
ISIC_7124273,0,0.001564269,inner_val
ISIC_7125015,0,0.0016896984,inner_val
ISIC_7128535,0,0.27122653,inner_val
ISIC_7129085,0,0.02422599,inner_val
ISIC_7129509,0,0.00033433532,inner_val
ISIC_7132222,0,0.15940787,inner_val
ISIC_7134821,0,0.01948118,inner_val
ISIC_7135201,0,0.0030435086,inner_val
ISIC_7136995,0,0.00052617484,inner_val
ISIC_7137773,0,0.010800869,inner_val
ISIC_7139616,0,0.00087439065,inner_val
ISIC_7139908,0,0.00656656,inner_val
ISIC_7140778,0,0.00032563164,inner_val
ISIC_7140910,0,0.03919785,inner_val
ISIC_7141153,0,0.0011730571,inner_val
ISIC_7145302,0,0.09111492,inner_val
ISIC_7145969,0,0.0018587055,inner_val
ISIC_7148289,0,0.0070639527,inner_val
ISIC_7153240,0,0.0009542333,inner_val
ISIC_7153530,0,0.0009280055,inner_val
ISIC_7153988,0,0.0006830862,inner_val
ISIC_7166932,0,0.0010284352,inner_val
ISIC_7172893,0,0.090266466,inner_val
ISIC_7173333,0,0.0031710577,inner_val
ISIC_7179067,0,0.00065250054,inner_val
ISIC_7179845,0,0.0020281852,inner_val
ISIC_7180943,0,0.0033027157,inner_val
ISIC_7187154,0,0.00369253,inner_val
ISIC_7188056,0,0.001165933,inner_val
ISIC_7189073,0,0.0011039807,inner_val
ISIC_7192331,0,0.07310116,inner_val
ISIC_7196094,0,0.001014917,inner_val
ISIC_7198004,0,0.04012218,inner_val
ISIC_7198243,0,0.007845504,inner_val
ISIC_7200497,0,0.0013892488,inner_val
ISIC_7202071,0,0.00042501788,inner_val
ISIC_7204247,0,0.0026158153,inner_val
ISIC_7205863,0,0.0014196937,inner_val
ISIC_7210119,0,0.00062592066,inner_val
ISIC_7210296,0,0.012943816,inner_val
ISIC_7210752,0,0.00042973537,inner_val
ISIC_7212085,0,0.03185109,inner_val
ISIC_7212966,0,0.009443847,inner_val
ISIC_7212975,0,0.001261049,inner_val
ISIC_7215208,0,0.0020165874,inner_val
ISIC_7222570,0,0.009278001,inner_val
ISIC_7223327,0,0.012824412,inner_val
ISIC_7226414,0,0.0007767873,inner_val
ISIC_7226974,0,0.0012303864,inner_val
ISIC_7227223,0,0.0012507407,inner_val
ISIC_7230027,0,0.0010612124,inner_val
ISIC_7231635,0,0.0024703755,inner_val
ISIC_7232375,0,0.0017566375,inner_val
ISIC_7237010,0,0.00083069154,inner_val
ISIC_7240424,0,0.00093539205,inner_val
ISIC_7240458,0,0.22935237,inner_val
ISIC_7240915,0,0.0011630883,inner_val
ISIC_7241549,0,0.00040225664,inner_val
ISIC_7241614,0,0.009435826,inner_val
ISIC_7246791,0,0.013687392,inner_val
ISIC_7249009,0,0.009196357,inner_val
ISIC_7249761,0,0.09425655,inner_val
ISIC_7250640,0,0.0025519633,inner_val
ISIC_7251760,0,0.0006343122,inner_val
ISIC_7251852,0,0.006350971,inner_val
ISIC_7253561,0,0.09285923,inner_val
ISIC_7254249,0,0.009700493,inner_val
ISIC_7255445,0,0.012118251,inner_val
ISIC_7255826,0,0.085450985,inner_val
ISIC_7256179,0,0.0003345202,inner_val
ISIC_7256965,0,0.0063544866,inner_val
ISIC_7259828,0,0.0005622392,inner_val
ISIC_7260492,0,0.00067526696,inner_val
ISIC_7261681,0,0.0003319887,inner_val
ISIC_7268804,0,0.0042859325,inner_val
ISIC_7269812,0,0.0051526395,inner_val
ISIC_7270858,0,0.0018197335,inner_val
ISIC_7271003,0,0.07588526,inner_val
ISIC_7271599,0,0.12806965,inner_val
ISIC_7272509,0,0.03281499,inner_val
ISIC_7276864,0,0.07721894,inner_val
ISIC_7278821,0,0.0005300943,inner_val
ISIC_7278885,0,0.0015933834,inner_val
ISIC_7280815,0,0.13968158,inner_val
ISIC_7282415,0,0.0035094498,inner_val
ISIC_7282441,0,0.13109958,inner_val
ISIC_7283084,0,0.00057340506,inner_val
ISIC_7284377,0,0.00472902,inner_val
ISIC_7286958,0,0.06075781,inner_val
ISIC_7288627,0,0.00060994085,inner_val
ISIC_7289716,0,0.03673701,inner_val
ISIC_7290085,0,0.0010147357,inner_val
ISIC_7291021,0,0.0013331737,inner_val
ISIC_7299025,0,0.0061386423,inner_val
ISIC_7301963,0,0.0004228564,inner_val
ISIC_7303102,0,0.0007809674,inner_val
ISIC_7306535,0,0.00085323874,inner_val
ISIC_7307866,0,0.001197018,inner_val
ISIC_7309194,0,0.08304626,inner_val
ISIC_7311624,0,0.024042048,inner_val
ISIC_7315641,0,0.12130119,inner_val
ISIC_7316364,0,0.00042186936,inner_val
ISIC_7317429,0,0.043572392,inner_val
ISIC_7321132,0,0.0018731724,inner_val
ISIC_7321960,0,0.06452631,inner_val
ISIC_7324228,0,0.003577252,inner_val
ISIC_7330564,0,0.0012665614,inner_val
ISIC_7331382,0,0.0019392836,inner_val
ISIC_7334758,0,0.014718403,inner_val
ISIC_7334783,0,0.007766197,inner_val
ISIC_7338351,0,0.00068061205,inner_val
ISIC_7338634,0,0.0011749986,inner_val
ISIC_7340926,0,0.0037385216,inner_val
ISIC_7342914,0,0.14178543,inner_val
ISIC_7343355,0,0.008328655,inner_val
ISIC_7345367,0,0.0021211486,inner_val
ISIC_7345709,0,0.0027187632,inner_val
ISIC_7350199,0,0.0009332479,inner_val
ISIC_7351614,0,0.017423267,inner_val
ISIC_7351958,0,0.0003209071,inner_val
ISIC_7353070,0,0.0013408426,inner_val
ISIC_7353097,0,0.0012233311,inner_val
ISIC_7353400,0,0.0004849117,inner_val
ISIC_7353425,0,0.0045650457,inner_val
ISIC_7356472,0,0.0026636815,inner_val
ISIC_7358998,0,0.51471907,inner_val
ISIC_7363187,0,0.0009764726,inner_val
ISIC_7364411,0,0.005554725,inner_val
ISIC_7365889,0,0.003138538,inner_val
ISIC_7366144,0,0.00052982656,inner_val
ISIC_7372081,0,0.02446324,inner_val
ISIC_7373240,0,0.0007754117,inner_val
ISIC_7373794,0,0.0120793525,inner_val
ISIC_7380353,0,0.005661546,inner_val
ISIC_7381220,0,0.0006860096,inner_val
ISIC_7383521,0,0.0030795624,inner_val
ISIC_7387428,0,0.032082845,inner_val
ISIC_7392410,0,0.00044434454,inner_val
ISIC_7393225,0,0.00027869816,inner_val
ISIC_7394293,0,0.0010322965,inner_val
ISIC_7394834,0,0.00057556026,inner_val
ISIC_7395166,0,0.0077766897,inner_val
ISIC_7397129,0,0.0051980577,inner_val
ISIC_7399973,0,0.0010543278,inner_val
ISIC_7402256,0,0.0026692802,inner_val
ISIC_7405975,0,0.0015145512,inner_val
ISIC_7408485,0,0.0011299917,inner_val
ISIC_7411244,0,0.0006515414,inner_val
ISIC_7412156,0,0.013160136,inner_val
ISIC_7413014,0,0.0063182013,inner_val
ISIC_7413149,0,0.0033237732,inner_val
ISIC_7413795,0,0.00067881413,inner_val
ISIC_7415285,0,0.07666076,inner_val
ISIC_7418635,0,0.0007693505,inner_val
ISIC_7418720,0,0.007049856,inner_val
ISIC_7422781,0,0.016240973,inner_val
ISIC_7424792,0,0.0011782893,inner_val
ISIC_7426904,0,0.0003364623,inner_val
ISIC_7430054,0,0.09062893,inner_val
ISIC_7430916,0,0.0011967917,inner_val
ISIC_7433993,0,0.0006188157,inner_val
ISIC_7436377,0,0.0024792277,inner_val
ISIC_7438675,0,0.0016570867,inner_val
ISIC_7440993,0,0.110504545,inner_val
ISIC_7441917,0,0.0047017066,inner_val
ISIC_7443540,0,0.00054690894,inner_val
ISIC_7446443,0,0.0011458239,inner_val
ISIC_7452348,0,0.029388575,inner_val
ISIC_7453902,0,0.058918163,inner_val
ISIC_7459066,0,0.00047202964,inner_val
ISIC_7459410,0,0.0040966016,inner_val
ISIC_7459465,0,0.0013856415,inner_val
ISIC_7461985,0,0.0007918039,inner_val
ISIC_7462746,0,0.0030062262,inner_val
ISIC_7463963,0,0.042979356,inner_val
ISIC_7465470,0,0.010706276,inner_val
ISIC_7468407,0,0.015450238,inner_val
ISIC_7471517,0,0.0014347627,inner_val
ISIC_7472636,0,0.000650989,inner_val
ISIC_7475827,0,0.0009176876,inner_val
ISIC_7477006,0,0.013531277,inner_val
ISIC_7477754,0,0.00045799193,inner_val
ISIC_7477835,0,0.000667324,inner_val
ISIC_7478847,0,0.0011488174,inner_val
ISIC_7479548,0,0.1547857,inner_val
ISIC_7481978,0,0.0013344409,inner_val
ISIC_7486871,0,0.00043720918,inner_val
ISIC_7489072,0,0.40178847,inner_val
ISIC_7491217,0,0.007580964,inner_val
ISIC_7491724,0,0.0007635098,inner_val
ISIC_7492471,0,0.11610274,inner_val
ISIC_7494122,0,0.0003544311,inner_val
ISIC_7494568,0,0.08177654,inner_val
ISIC_7498132,0,0.0006648926,inner_val
ISIC_7498716,0,0.026265763,inner_val
ISIC_7499769,0,0.012764943,inner_val
ISIC_7501061,0,0.0008777542,inner_val
ISIC_7501268,0,0.00043461472,inner_val
ISIC_7505863,0,0.00093010115,inner_val
ISIC_7507808,0,0.00063995185,inner_val
ISIC_7511365,0,0.0008636876,inner_val
ISIC_7512478,0,0.01909661,inner_val
ISIC_7513139,0,0.0010109585,inner_val
ISIC_7514880,0,0.00497414,inner_val
ISIC_7517313,0,0.00031185526,inner_val
ISIC_7518447,0,0.0009349274,inner_val
ISIC_7522753,0,0.0024546795,inner_val
ISIC_7525320,0,0.0011796599,inner_val
ISIC_7534592,0,0.00081588316,inner_val
ISIC_7536703,0,0.0045822845,inner_val
ISIC_7542408,0,0.006516678,inner_val
ISIC_7549398,0,0.001351404,inner_val
ISIC_7552521,0,0.0006860442,inner_val
ISIC_7556119,0,0.00039086255,inner_val
ISIC_7557455,0,0.0006603244,inner_val
ISIC_7557932,0,0.03135325,inner_val
ISIC_7563283,0,0.0007666902,inner_val
ISIC_7563744,0,0.00073691085,inner_val
ISIC_7565550,0,0.0067713736,inner_val
ISIC_7566403,0,0.00082195934,inner_val
ISIC_7571230,0,0.0017090737,inner_val
ISIC_7574101,0,0.06634445,inner_val
ISIC_7575815,0,0.00086499756,inner_val
ISIC_7576735,0,0.009460352,inner_val
ISIC_7578042,0,0.0024889377,inner_val
ISIC_7581388,0,0.0027662537,inner_val
ISIC_7585280,0,0.00077219115,inner_val
ISIC_7585924,0,0.0006203292,inner_val
ISIC_7586566,0,0.02023847,inner_val
ISIC_7587006,0,0.0009802347,inner_val
ISIC_7588132,0,0.09649282,inner_val
ISIC_7588695,0,0.0020152223,inner_val
ISIC_7589802,0,0.0014851522,inner_val
ISIC_7592174,0,0.0014526275,inner_val
ISIC_7600995,0,0.003876212,inner_val
ISIC_7601418,0,0.0005736697,inner_val
ISIC_7603831,0,0.02272662,inner_val
ISIC_7604596,0,0.0007625736,inner_val
ISIC_7604839,0,0.00085310946,inner_val
ISIC_7612589,0,0.01089038,inner_val
ISIC_7619734,0,0.0007037843,inner_val
ISIC_7620366,0,0.0013221476,inner_val
ISIC_7621389,0,0.0061699976,inner_val
ISIC_7621899,0,0.04451958,inner_val
ISIC_7624240,0,0.0027003838,inner_val
ISIC_7624985,0,0.0025044517,inner_val
ISIC_7629264,0,0.0005845925,inner_val
ISIC_7636321,0,0.018077726,inner_val
ISIC_7637597,0,0.000547407,inner_val
ISIC_7643966,0,0.008297764,inner_val
ISIC_7644571,0,0.0015854111,inner_val
ISIC_7645703,0,0.0021740382,inner_val
ISIC_7646866,0,0.00045152107,inner_val
ISIC_7646953,0,0.050697446,inner_val
ISIC_7648111,0,0.00211352,inner_val
ISIC_7649781,0,0.06262891,inner_val
ISIC_7652087,0,0.0015248575,inner_val
ISIC_7652615,0,0.0026043246,inner_val
ISIC_7654071,0,0.0009930795,inner_val
ISIC_7661657,0,0.0005492546,inner_val
ISIC_7663344,0,0.0015782358,inner_val
ISIC_7664835,0,0.012819819,inner_val
ISIC_7667790,0,0.0022819778,inner_val
ISIC_7668345,0,0.00065065344,inner_val
ISIC_7671972,0,0.0007538476,inner_val
ISIC_7672851,0,0.00055613555,inner_val
ISIC_7682485,0,0.088219844,inner_val
ISIC_7684290,0,0.0076654186,inner_val
ISIC_7685077,0,0.013318084,inner_val
ISIC_7685761,0,0.006125977,inner_val
ISIC_7686849,0,0.0018982477,inner_val
ISIC_7693611,1,0.19476128,inner_val
ISIC_7694184,0,0.0006907551,inner_val
ISIC_7697623,0,0.00077418017,inner_val
ISIC_7699392,0,0.0046157856,inner_val
ISIC_7699756,0,0.025911463,inner_val
ISIC_7701105,0,0.0010269432,inner_val
ISIC_7702857,0,0.0022708122,inner_val
ISIC_7704533,0,0.0024812664,inner_val
ISIC_7704900,0,0.0038882531,inner_val
ISIC_7705928,0,0.028093712,inner_val
ISIC_7707538,0,0.03356195,inner_val
ISIC_7711688,0,0.00032388483,inner_val
ISIC_7711715,0,0.0013918027,inner_val
ISIC_7713300,0,0.032696337,inner_val
ISIC_7717731,0,0.003486766,inner_val
ISIC_7720449,0,0.0004979895,inner_val
ISIC_7721903,0,0.06826758,inner_val
ISIC_7723074,0,0.0038571253,inner_val
ISIC_7727960,0,0.0015739788,inner_val
ISIC_7729249,0,0.05509918,inner_val
ISIC_7729573,0,0.0015213086,inner_val
ISIC_7731786,0,0.009952681,inner_val
ISIC_7738761,0,0.001413052,inner_val
ISIC_7739752,0,0.0031679734,inner_val
ISIC_7740744,0,0.036483757,inner_val
ISIC_7743505,0,0.0042219404,inner_val
ISIC_7743794,0,0.0015072526,inner_val
ISIC_7746409,0,0.0046045254,inner_val
ISIC_7748899,0,0.0011213607,inner_val
ISIC_7753753,0,0.0014954816,inner_val
ISIC_7757763,0,0.00060887274,inner_val
ISIC_7760920,0,0.00193848,inner_val
ISIC_7761308,0,0.0004697062,inner_val
ISIC_7763831,0,0.00062957377,inner_val
ISIC_7764847,0,0.01147012,inner_val
ISIC_7764874,0,0.0055254693,inner_val
ISIC_7767350,0,0.00024731256,inner_val
ISIC_7775535,0,0.00134679,inner_val
ISIC_7778110,0,0.012451841,inner_val
ISIC_7778482,0,0.02803237,inner_val
ISIC_7778842,0,0.025035156,inner_val
ISIC_7780098,0,0.03218179,inner_val
ISIC_7780704,0,0.0017138484,inner_val
ISIC_7781797,0,0.0011625726,inner_val
ISIC_7784796,0,0.0011261473,inner_val
ISIC_7786379,0,0.002024547,inner_val
ISIC_7788814,0,0.0028873244,inner_val
ISIC_7796174,0,0.0012524836,inner_val
ISIC_7799517,0,0.30969232,inner_val
ISIC_7799692,0,0.0020191446,inner_val
ISIC_7803114,0,0.0009824208,inner_val
ISIC_7803163,0,0.0131039135,inner_val
ISIC_7803426,0,0.013921736,inner_val
ISIC_7804919,0,0.0004683372,inner_val
ISIC_7805607,0,0.005351295,inner_val
ISIC_7805885,0,0.015006372,inner_val
ISIC_7809643,0,0.0013972237,inner_val
ISIC_7810944,0,0.0013007821,inner_val
ISIC_7811068,0,0.0020279612,inner_val
ISIC_7814868,0,0.046935298,inner_val
ISIC_7818094,0,0.01421621,inner_val
ISIC_7818740,0,0.009507844,inner_val
ISIC_7819084,0,0.0012476852,inner_val
ISIC_7819707,0,0.024670918,inner_val
ISIC_7823773,0,0.002064074,inner_val
ISIC_7824206,0,0.00091811566,inner_val
ISIC_7824250,0,0.027076209,inner_val
ISIC_7828712,0,0.02457619,inner_val
ISIC_7829883,0,0.0006426873,inner_val
ISIC_7836905,0,0.0059962613,inner_val
ISIC_7839220,0,0.0017173273,inner_val
ISIC_7839741,0,0.0006886626,inner_val
ISIC_7840165,0,0.0029031632,inner_val
ISIC_7841085,0,0.0004566623,inner_val
ISIC_7841317,0,0.0020162228,inner_val
ISIC_7843456,0,0.00524308,inner_val
ISIC_7844276,0,0.00025490407,inner_val
ISIC_7845702,0,0.14028029,inner_val
ISIC_7845733,0,0.0005205334,inner_val
ISIC_7852855,0,0.0025695662,inner_val
ISIC_7853799,0,0.004469392,inner_val
ISIC_7861117,0,0.03588219,inner_val
ISIC_7864324,0,0.0009866331,inner_val
ISIC_7866488,0,0.04352245,inner_val
ISIC_7868525,0,0.0012914877,inner_val
ISIC_7876620,0,0.00062388374,inner_val
ISIC_7880046,0,0.00061901275,inner_val
ISIC_7882022,0,0.0031983412,inner_val
ISIC_7882178,0,0.04585887,inner_val
ISIC_7882247,0,0.007067241,inner_val
ISIC_7883540,0,0.0006469249,inner_val
ISIC_7889838,0,0.0040557436,inner_val
ISIC_7890630,0,0.013786583,inner_val
ISIC_7891992,0,0.019770626,inner_val
ISIC_7892118,0,0.00027337583,inner_val
ISIC_7897374,0,0.0003835855,inner_val
ISIC_7897484,0,0.006231499,inner_val
ISIC_7898381,0,0.00040051428,inner_val
ISIC_7901002,0,0.0005399429,inner_val
ISIC_7901461,0,0.0019467504,inner_val
ISIC_7901662,0,0.024271863,inner_val
ISIC_7901797,0,0.0021729595,inner_val
ISIC_7903510,0,0.013908034,inner_val
ISIC_7904250,0,0.0014535367,inner_val
ISIC_7904365,0,0.0010037266,inner_val
ISIC_7904801,0,0.0005303728,inner_val
ISIC_7905714,0,0.002564076,inner_val
ISIC_7906421,0,0.028319113,inner_val
ISIC_7906462,0,0.003768567,inner_val
ISIC_7907113,0,0.0005966867,inner_val
ISIC_7909916,0,0.00066221063,inner_val
ISIC_7911353,0,0.0019456937,inner_val
ISIC_7914875,0,0.0290581,inner_val
ISIC_7914964,0,0.10760445,inner_val
ISIC_7917961,0,0.00056891306,inner_val
ISIC_7918717,0,0.0007873279,inner_val
ISIC_7919085,0,0.0053120162,inner_val
ISIC_7925797,0,0.012821473,inner_val
ISIC_7926874,0,0.0032381709,inner_val
ISIC_7930157,0,0.0012673349,inner_val
ISIC_7930862,0,0.0013676364,inner_val
ISIC_7932937,0,0.013625564,inner_val
ISIC_7933514,0,0.00068537245,inner_val
ISIC_7934218,0,0.006962166,inner_val
ISIC_7940108,0,0.00097004767,inner_val
ISIC_7944028,0,0.12117576,inner_val
ISIC_7945791,0,0.015107226,inner_val
ISIC_7948979,0,0.18956621,inner_val
ISIC_7949603,0,0.0013826143,inner_val
ISIC_7949832,0,0.0010808123,inner_val
ISIC_7951035,0,0.0009185913,inner_val
ISIC_7953039,0,0.103483915,inner_val
ISIC_7953081,0,0.0005239722,inner_val
ISIC_7956925,0,0.230195,inner_val
ISIC_7958439,0,0.0011911256,inner_val
ISIC_7960251,0,0.013834342,inner_val
ISIC_7960892,0,0.0010614187,inner_val
ISIC_7962380,0,0.0036010374,inner_val
ISIC_7964243,0,0.02489235,inner_val
ISIC_7964735,0,0.09102496,inner_val
ISIC_7966121,0,0.0014941008,inner_val
ISIC_7966295,0,0.00045528184,inner_val
ISIC_7968733,0,0.0010502638,inner_val
ISIC_7970478,0,0.0007544322,inner_val
ISIC_7971509,0,0.00083448493,inner_val
ISIC_7974409,0,0.0006217536,inner_val
ISIC_7975159,0,0.00033824472,inner_val
ISIC_7975248,0,0.00041553695,inner_val
ISIC_7975420,0,0.03441588,inner_val
ISIC_7975613,0,0.0027713885,inner_val
ISIC_7975678,0,0.045588575,inner_val
ISIC_7976463,0,0.00480144,inner_val
ISIC_7977757,0,0.0007045241,inner_val
ISIC_7978038,0,0.001480556,inner_val
ISIC_7981196,0,0.00034286332,inner_val
ISIC_7984985,0,0.0077980743,inner_val
ISIC_7986405,0,0.011843318,inner_val
ISIC_7989119,0,0.0002846368,inner_val
ISIC_7991932,0,0.0006871268,inner_val
ISIC_7994337,0,0.0007076821,inner_val
ISIC_7997132,0,0.00048689035,inner_val
ISIC_8001276,0,0.00071032264,inner_val
ISIC_8001346,0,0.0013119576,inner_val
ISIC_8001516,0,0.14292513,inner_val
ISIC_8003465,0,0.031128656,inner_val
ISIC_8004013,0,0.0048986184,inner_val
ISIC_8015541,0,0.0004577704,inner_val
ISIC_8017829,0,0.001086796,inner_val
ISIC_8018856,0,0.08313753,inner_val
ISIC_8020688,0,0.09686336,inner_val
ISIC_8022003,0,0.0042293337,inner_val
ISIC_8022825,0,0.0110589955,inner_val
ISIC_8025243,0,0.003439048,inner_val
ISIC_8028126,0,0.00148311,inner_val
ISIC_8028333,0,0.002920642,inner_val
ISIC_8029653,0,0.000513109,inner_val
ISIC_8029954,0,0.0010564724,inner_val
ISIC_8030884,0,0.0011180013,inner_val
ISIC_8033131,0,0.0006879528,inner_val
ISIC_8033618,0,0.0010342075,inner_val
ISIC_8042787,0,0.0006395034,inner_val
ISIC_8043607,0,0.0009071913,inner_val
ISIC_8044526,0,0.0013945353,inner_val
ISIC_8047390,0,0.00041302442,inner_val
ISIC_8047872,0,0.0012641221,inner_val
ISIC_8048181,0,0.00068096403,inner_val
ISIC_8049827,0,0.01054413,inner_val
ISIC_8050763,0,0.008726856,inner_val
ISIC_8051614,0,0.0008267774,inner_val
ISIC_8052868,0,0.0036589666,inner_val
ISIC_8053586,0,0.25414702,inner_val
ISIC_8054710,0,0.051967517,inner_val
ISIC_8055525,0,0.002137487,inner_val
ISIC_8064759,0,0.0017062398,inner_val
ISIC_8064866,0,0.0010762798,inner_val
ISIC_8066391,0,0.00137308,inner_val
ISIC_8068693,1,0.025608579,inner_val
ISIC_8069110,0,0.001196624,inner_val
ISIC_8069416,0,0.005357347,inner_val
ISIC_8069528,0,0.010165598,inner_val
ISIC_8072117,0,0.0005090129,inner_val
ISIC_8072819,0,0.0034211152,inner_val
ISIC_8076451,0,0.0024524282,inner_val
ISIC_8077342,0,0.002024627,inner_val
ISIC_8078202,0,0.002625983,inner_val
ISIC_8079008,0,0.31149858,inner_val
ISIC_8080577,0,0.0014404064,inner_val
ISIC_8082147,0,0.003958881,inner_val
ISIC_8086499,0,0.21967335,inner_val
ISIC_8089289,0,0.00043507485,inner_val
ISIC_8092647,0,0.0014631748,inner_val
ISIC_8097600,0,0.0004978402,inner_val
ISIC_8097808,0,0.0063442187,inner_val
ISIC_8098872,0,0.0006324901,inner_val
ISIC_8101117,0,0.0025775956,inner_val
ISIC_8105053,0,0.0014403174,inner_val
ISIC_8109217,0,0.041150257,inner_val
ISIC_8113025,0,0.0005860483,inner_val
ISIC_8114502,0,0.010609124,inner_val
ISIC_8116187,0,0.00055669236,inner_val
ISIC_8116363,0,0.001386516,inner_val
ISIC_8124482,0,0.0052313516,inner_val
ISIC_8125684,0,0.0005081691,inner_val
ISIC_8126172,0,0.009502278,inner_val
ISIC_8127242,0,0.006054299,inner_val
ISIC_8127275,0,0.000984445,inner_val
ISIC_8127396,0,0.000812875,inner_val
ISIC_8127578,0,0.030954296,inner_val
ISIC_8129907,0,0.00078454486,inner_val
ISIC_8131464,0,0.095970735,inner_val
ISIC_8133350,1,0.38259694,inner_val
ISIC_8135026,0,0.0038570727,inner_val
ISIC_8140752,0,0.0012142446,inner_val
ISIC_8141348,0,0.0014700756,inner_val
ISIC_8150108,0,0.0051956023,inner_val
ISIC_8150469,0,0.00077843305,inner_val
ISIC_8151700,0,0.0018100559,inner_val
ISIC_8156675,0,0.0015794671,inner_val
ISIC_8157972,0,0.00160715,inner_val
ISIC_8158785,0,0.00095361844,inner_val
ISIC_8159474,0,0.00064536877,inner_val
ISIC_8161933,0,0.001773368,inner_val
ISIC_8164587,0,0.002027502,inner_val
ISIC_8164676,0,0.011187838,inner_val
ISIC_8165906,0,0.007701176,inner_val
ISIC_8167374,1,0.16258962,inner_val
ISIC_8168507,0,0.00032748719,inner_val
ISIC_8172795,0,0.0017464153,inner_val
ISIC_8175514,0,0.019502431,inner_val
ISIC_8182002,0,0.0013238934,inner_val
ISIC_8182123,0,0.0013761393,inner_val
ISIC_8187997,0,0.0003820378,inner_val
ISIC_8189028,0,0.0013416065,inner_val
ISIC_8190660,0,0.032574475,inner_val
ISIC_8191055,0,0.0012702388,inner_val
ISIC_8194465,0,0.0151385255,inner_val
ISIC_8195528,0,0.00089418015,inner_val
ISIC_8196660,0,0.10576133,inner_val
ISIC_8198182,0,0.005909326,inner_val
ISIC_8199947,0,0.0015031642,inner_val
ISIC_8200593,0,0.001150529,inner_val
ISIC_8202626,0,0.029015888,inner_val
ISIC_8203661,0,0.0043242443,inner_val
ISIC_8205879,0,0.0004913616,inner_val
ISIC_8206577,0,0.0018254513,inner_val
ISIC_8207974,1,0.005926584,inner_val
ISIC_8208786,0,0.0022989747,inner_val
ISIC_8208962,0,0.007189566,inner_val
ISIC_8209611,0,0.0005318393,inner_val
ISIC_8212937,0,0.09255069,inner_val
ISIC_8212986,0,0.0003739833,inner_val
ISIC_8218609,0,0.00028638597,inner_val
ISIC_8228595,0,0.0003453823,inner_val
ISIC_8231594,0,0.00876889,inner_val
ISIC_8231704,0,0.04844615,inner_val
ISIC_8236660,0,0.035399567,inner_val
ISIC_8238508,0,0.0025040372,inner_val
ISIC_8239857,0,0.000668934,inner_val
ISIC_8247847,0,0.0009784199,inner_val
ISIC_8248207,0,0.00055472204,inner_val
ISIC_8249565,0,0.00050947495,inner_val
ISIC_8249743,0,0.00066854176,inner_val
ISIC_8249766,0,0.0037004433,inner_val
ISIC_8252358,0,0.016325051,inner_val
ISIC_8252969,0,0.0005537574,inner_val
ISIC_8260157,0,0.000914578,inner_val
ISIC_8260291,0,0.097268194,inner_val
ISIC_8266094,0,0.00039189268,inner_val
ISIC_8268025,0,0.0026429268,inner_val
ISIC_8269660,0,0.0013468304,inner_val
ISIC_8270195,0,0.0026156674,inner_val
ISIC_8273470,0,0.00061386026,inner_val
ISIC_8275108,0,0.0026587509,inner_val
ISIC_8276574,0,0.008549062,inner_val
ISIC_8276583,0,0.0030957256,inner_val
ISIC_8278308,0,0.06955998,inner_val
ISIC_8278517,0,0.0014691784,inner_val
ISIC_8278912,0,0.0021484504,inner_val
ISIC_8280272,0,0.025071949,inner_val
ISIC_8280581,0,0.00060223934,inner_val
ISIC_8284404,0,0.0007673308,inner_val
ISIC_8284685,0,0.0022839613,inner_val
ISIC_8285776,0,0.006202174,inner_val
ISIC_8286163,0,0.0052786535,inner_val
ISIC_8288349,0,0.0005749229,inner_val
ISIC_8288656,0,0.10019014,inner_val
ISIC_8289318,0,0.012791688,inner_val
ISIC_8289518,0,0.00092367735,inner_val
ISIC_8291021,0,0.0011287545,inner_val
ISIC_8292525,0,0.00076985284,inner_val
ISIC_8295152,0,0.11901611,inner_val
ISIC_8296881,0,0.0005920056,inner_val
ISIC_8297517,0,0.00029346347,inner_val
ISIC_8300078,0,0.018321583,inner_val
ISIC_8300326,0,0.010926403,inner_val
ISIC_8300377,0,0.0004685281,inner_val
ISIC_8305573,0,0.000478042,inner_val
ISIC_8307974,0,0.0034343074,inner_val
ISIC_8312576,0,0.09460187,inner_val
ISIC_8313202,0,0.00361058,inner_val
ISIC_8314115,0,0.0016458844,inner_val
ISIC_8318262,0,0.004671304,inner_val
ISIC_8319768,0,0.0007090968,inner_val
ISIC_8320640,0,0.0005340287,inner_val
ISIC_8321678,0,0.000587904,inner_val
ISIC_8324870,0,0.0012263077,inner_val
ISIC_8327352,0,0.0012827775,inner_val
ISIC_8327842,0,0.008534779,inner_val
ISIC_8329292,0,0.0028911666,inner_val
ISIC_8330906,0,0.0015923316,inner_val
ISIC_8331313,0,0.008984197,inner_val
ISIC_8335489,0,0.02691913,inner_val
ISIC_8335722,0,0.0015629797,inner_val
ISIC_8338775,0,0.002929246,inner_val
ISIC_8347675,0,0.0021185866,inner_val
ISIC_8348317,0,0.008997258,inner_val
ISIC_8353156,0,0.0037533233,inner_val
ISIC_8355446,1,0.0009915853,inner_val
ISIC_8355490,0,0.0011239231,inner_val
ISIC_8356904,0,0.0024641624,inner_val
ISIC_8357114,0,0.0026615898,inner_val
ISIC_8357133,0,0.15621407,inner_val
ISIC_8357679,0,0.00095016847,inner_val
ISIC_8362460,0,0.063219056,inner_val
ISIC_8366327,0,0.0016915776,inner_val
ISIC_8366553,0,0.0007126307,inner_val
ISIC_8369457,0,0.0025141633,inner_val
ISIC_8370131,0,0.01698851,inner_val
ISIC_8370239,0,0.0013759795,inner_val
ISIC_8374701,0,0.016048908,inner_val
ISIC_8375021,0,0.0006980507,inner_val
ISIC_8379395,0,0.0027024648,inner_val
ISIC_8384082,0,0.0009015618,inner_val
ISIC_8386146,0,0.0010475258,inner_val
ISIC_8388810,0,0.007023665,inner_val
ISIC_8391394,0,0.0008642034,inner_val
ISIC_8391622,0,0.0029766369,inner_val
ISIC_8395542,0,0.07272187,inner_val
ISIC_8395701,0,0.0006436697,inner_val
ISIC_8397285,1,0.18094726,inner_val
ISIC_8397698,0,0.0020753152,inner_val
ISIC_8405555,0,0.0048684683,inner_val
ISIC_8414421,0,0.0007066342,inner_val
ISIC_8414559,0,0.003352929,inner_val
ISIC_8414673,0,0.000662079,inner_val
ISIC_8421033,0,0.00073146576,inner_val
ISIC_8423082,0,0.00054899574,inner_val
ISIC_8423291,0,0.001203439,inner_val
ISIC_8427488,0,0.0008368284,inner_val
ISIC_8429722,0,0.00047133834,inner_val
ISIC_8432001,0,0.0011013902,inner_val
ISIC_8433608,0,0.00049122906,inner_val
ISIC_8435105,0,0.07948212,inner_val
ISIC_8436590,0,0.0039746496,inner_val
ISIC_8438071,0,0.03155918,inner_val
ISIC_8442043,0,0.032356914,inner_val
ISIC_8442933,0,0.050459635,inner_val
ISIC_8443984,0,0.0010679008,inner_val
ISIC_8444072,0,0.00074617617,inner_val
ISIC_8444720,0,0.00054639,inner_val
ISIC_8445109,0,0.025666688,inner_val
ISIC_8448295,0,0.105745725,inner_val
ISIC_8450656,1,0.0068266694,inner_val
ISIC_8451301,0,0.00034609155,inner_val
ISIC_8451869,0,0.001427563,inner_val
ISIC_8455866,0,0.0008300304,inner_val
ISIC_8456171,0,0.0024822177,inner_val
ISIC_8458149,0,0.00094510795,inner_val
ISIC_8458669,0,0.0019253672,inner_val
ISIC_8459825,0,0.0022451698,inner_val
ISIC_8462445,0,0.00070567586,inner_val
ISIC_8467665,0,0.0031588601,inner_val
ISIC_8467955,0,0.0011528361,inner_val
ISIC_8468512,0,0.001244099,inner_val
ISIC_8475734,0,0.008704774,inner_val
ISIC_8479844,0,0.0004593941,inner_val
ISIC_8480329,0,0.0006720322,inner_val
ISIC_8480641,0,0.0008147753,inner_val
ISIC_8480913,0,0.17814198,inner_val
ISIC_8484660,0,0.0019695142,inner_val
ISIC_8484867,0,0.001782987,inner_val
ISIC_8487789,0,0.0032675285,inner_val
ISIC_8492070,0,0.0019966576,inner_val
ISIC_8494027,0,0.012465133,inner_val
ISIC_8495875,0,0.0039393776,inner_val
ISIC_8498454,0,0.0259639,inner_val
ISIC_8501844,0,0.012281226,inner_val
ISIC_8502248,0,0.0014173978,inner_val
ISIC_8502341,0,0.0006537,inner_val
ISIC_8503192,0,0.28642875,inner_val
ISIC_8504808,0,0.00073959684,inner_val
ISIC_8504984,0,0.0006275402,inner_val
ISIC_8506618,0,0.0038986725,inner_val
ISIC_8506652,0,0.005339466,inner_val
ISIC_8508113,0,0.0043111374,inner_val
ISIC_8510644,0,0.00045452907,inner_val
ISIC_8513649,0,0.0049544815,inner_val
ISIC_8515281,0,0.0004617093,inner_val
ISIC_8516631,0,0.0012168342,inner_val
ISIC_8517305,0,0.0006691062,inner_val
ISIC_8519222,0,0.003392423,inner_val
ISIC_8519931,0,0.0007988346,inner_val
ISIC_8523488,0,0.008498995,inner_val
ISIC_8523509,0,0.0149963815,inner_val
ISIC_8526513,0,0.0010161593,inner_val
ISIC_8526902,0,0.0013127939,inner_val
ISIC_8527092,1,0.22204599,inner_val
ISIC_8527330,0,0.001689878,inner_val
ISIC_8531942,0,0.0034817627,inner_val
ISIC_8533045,0,0.014521406,inner_val
ISIC_8534723,0,0.0075586145,inner_val
ISIC_8534863,0,0.0008789318,inner_val
ISIC_8536563,0,0.0069068857,inner_val
ISIC_8540395,0,0.0019059044,inner_val
ISIC_8543283,0,0.0013708312,inner_val
ISIC_8544496,0,0.02687332,inner_val
ISIC_8545949,1,0.036256645,inner_val
ISIC_8546378,0,0.0025939385,inner_val
ISIC_8551124,0,0.0014919676,inner_val
ISIC_8551262,0,0.0041695316,inner_val
ISIC_8554450,0,0.00062907115,inner_val
ISIC_8556519,0,0.007711112,inner_val
ISIC_8557006,0,0.001037743,inner_val
ISIC_8561070,0,0.033437815,inner_val
ISIC_8563961,0,0.0005175361,inner_val
ISIC_8564527,0,0.023080198,inner_val
ISIC_8566006,1,0.3283152,inner_val
ISIC_8569148,0,0.00055190816,inner_val
ISIC_8570917,0,0.0005943185,inner_val
ISIC_8573647,0,0.035691727,inner_val
ISIC_8577010,0,0.00044003752,inner_val
ISIC_8579452,0,0.001561933,inner_val
ISIC_8579575,0,0.030184602,inner_val
ISIC_8585685,0,0.0044159037,inner_val
ISIC_8587396,0,0.00073569303,inner_val
ISIC_8587556,0,0.0032511733,inner_val
ISIC_8588033,0,0.0008465842,inner_val
ISIC_8588488,0,0.0027161683,inner_val
ISIC_8589165,0,0.0021222583,inner_val
ISIC_8591013,0,0.00053127744,inner_val
ISIC_8591040,0,0.009524613,inner_val
ISIC_8591123,0,0.0007306669,inner_val
ISIC_8591425,0,0.0014833205,inner_val
ISIC_8591681,0,0.0012276553,inner_val
ISIC_8593029,0,0.036377925,inner_val
ISIC_8593525,0,0.012055602,inner_val
ISIC_8593734,0,0.0004613892,inner_val
ISIC_8595693,0,0.003583587,inner_val
ISIC_8597354,0,0.0014056159,inner_val
ISIC_8598593,0,0.007174035,inner_val
ISIC_8603396,0,0.001397448,inner_val
ISIC_8604922,0,0.002497218,inner_val
ISIC_8606094,0,0.00094799243,inner_val
ISIC_8608894,0,0.004753032,inner_val
ISIC_8610377,0,0.0046846517,inner_val
ISIC_8612422,0,0.0013995543,inner_val
ISIC_8614712,0,0.0014881507,inner_val
ISIC_8614778,0,0.0014666141,inner_val
ISIC_8616723,0,0.014442701,inner_val
ISIC_8624123,0,0.0013434682,inner_val
ISIC_8626909,0,0.0015063229,inner_val
ISIC_8628723,0,0.022792395,inner_val
ISIC_8629932,0,0.00057373743,inner_val
ISIC_8629973,0,0.0016080645,inner_val
ISIC_8630818,0,0.003854245,inner_val
ISIC_8631846,0,0.0006349573,inner_val
ISIC_8632147,0,0.0071264976,inner_val
ISIC_8633719,0,0.003273673,inner_val
ISIC_8633889,0,0.0063936287,inner_val
ISIC_8634356,0,0.00056069234,inner_val
ISIC_8643364,0,0.00020803735,inner_val
ISIC_8645104,0,0.0038183224,inner_val
ISIC_8646276,0,0.006713583,inner_val
ISIC_8649055,0,0.00069396873,inner_val
ISIC_8651765,0,0.0003179398,inner_val
ISIC_8659461,0,0.008820526,inner_val
ISIC_8660830,0,0.0013858732,inner_val
ISIC_8664196,0,0.016362293,inner_val
ISIC_8667319,0,0.00054929097,inner_val
ISIC_8667793,0,0.12347237,inner_val
ISIC_8669067,0,0.047123827,inner_val
ISIC_8669314,0,0.0022661434,inner_val
ISIC_8670684,0,0.0012263487,inner_val
ISIC_8675233,0,0.0058348887,inner_val
ISIC_8677053,1,0.043664917,inner_val
ISIC_8680266,0,0.00320152,inner_val
ISIC_8681540,0,0.0005778342,inner_val
ISIC_8687105,0,0.0008346543,inner_val
ISIC_8689112,0,0.00081630395,inner_val
ISIC_8689284,0,0.0031081294,inner_val
ISIC_8689532,0,0.008837024,inner_val
ISIC_8691163,0,0.0014655015,inner_val
ISIC_8691327,0,0.009714856,inner_val
ISIC_8692155,0,0.00048371832,inner_val
ISIC_8692950,0,0.00081354956,inner_val
ISIC_8694800,0,0.0008769367,inner_val
ISIC_8694888,0,0.0055356133,inner_val
ISIC_8695278,0,0.00051560544,inner_val
ISIC_8696503,0,0.0011586403,inner_val
ISIC_8698452,0,0.032051187,inner_val
ISIC_8699453,0,0.014199145,inner_val
ISIC_8700740,0,0.0046164338,inner_val
ISIC_8704004,0,0.0011774444,inner_val
ISIC_8706325,0,0.03754497,inner_val
ISIC_8709649,0,0.05534699,inner_val
ISIC_8712312,0,0.0004009179,inner_val
ISIC_8712927,0,0.00045807223,inner_val
ISIC_8717336,0,0.0011917611,inner_val
ISIC_8717495,0,0.014137313,inner_val
ISIC_8719134,0,0.00055966905,inner_val
ISIC_8721166,0,0.0003964053,inner_val
ISIC_8722264,0,0.006233058,inner_val
ISIC_8722667,0,0.0014539327,inner_val
ISIC_8727047,0,0.0011592176,inner_val
ISIC_8733422,0,0.0016560828,inner_val
ISIC_8739231,0,0.0022914428,inner_val
ISIC_8740548,0,0.0012159976,inner_val
ISIC_8740695,0,0.10960555,inner_val
ISIC_8741594,0,0.0008165486,inner_val
ISIC_8741881,0,0.00087780866,inner_val
ISIC_8742034,0,0.011922367,inner_val
ISIC_8742875,0,0.000109138295,inner_val
ISIC_8749666,0,0.018347038,inner_val
ISIC_8755163,0,0.0007685177,inner_val
ISIC_8757664,0,0.00060375716,inner_val
ISIC_8758963,0,0.0008025848,inner_val
ISIC_8759744,0,0.0010230117,inner_val
ISIC_8760029,0,0.0014307642,inner_val
ISIC_8762437,0,0.0007508111,inner_val
ISIC_8766132,0,0.009564827,inner_val
ISIC_8766644,0,0.009257905,inner_val
ISIC_8769391,0,0.00048358046,inner_val
ISIC_8769415,0,0.0032375723,inner_val
ISIC_8770401,0,0.0025390428,inner_val
ISIC_8775181,0,0.00044817137,inner_val
ISIC_8776646,0,0.0006513434,inner_val
ISIC_8777622,0,0.0005760882,inner_val
ISIC_8777866,0,0.0019230575,inner_val
ISIC_8778648,0,0.001707847,inner_val
ISIC_8780547,0,0.0047032293,inner_val
ISIC_8783000,0,0.057639264,inner_val
ISIC_8783066,0,0.002367707,inner_val
ISIC_8789673,0,0.0028062672,inner_val
ISIC_8790198,0,0.0013038173,inner_val
ISIC_8790201,0,0.007460926,inner_val
ISIC_8790885,0,0.0018025656,inner_val
ISIC_8791603,0,0.00048278808,inner_val
ISIC_8795740,0,0.000862353,inner_val
ISIC_8798059,0,0.0009944234,inner_val
ISIC_8803600,0,0.0088872425,inner_val
ISIC_8804009,0,0.036362525,inner_val
ISIC_8804606,0,0.002871508,inner_val
ISIC_8805730,0,0.0018506725,inner_val
ISIC_8809821,0,0.0052007264,inner_val
ISIC_8813303,0,0.0014089784,inner_val
ISIC_8814612,0,0.0009957625,inner_val
ISIC_8814657,0,0.00057329197,inner_val
ISIC_8816195,0,0.0028049308,inner_val
ISIC_8817986,0,0.0050933626,inner_val
ISIC_8818862,0,0.0019283289,inner_val
ISIC_8819163,0,0.013184289,inner_val
ISIC_8820527,0,0.0031249004,inner_val
ISIC_8820586,0,0.013534338,inner_val
ISIC_8821107,0,0.0007925603,inner_val
ISIC_8821259,0,0.0019029295,inner_val
ISIC_8823875,0,0.008366243,inner_val
ISIC_8825407,0,0.00473496,inner_val
ISIC_8826289,0,0.071908236,inner_val
ISIC_8828079,0,0.0012359327,inner_val
ISIC_8828770,0,0.0008637123,inner_val
ISIC_8834039,0,0.0037438623,inner_val
ISIC_8835545,0,0.0011488823,inner_val
ISIC_8838232,0,0.0006346384,inner_val
ISIC_8841738,0,0.0026258556,inner_val
ISIC_8843899,0,0.0005638142,inner_val
ISIC_8844725,0,0.00081204466,inner_val
ISIC_8844946,0,0.0026774001,inner_val
ISIC_8846654,0,0.0006586325,inner_val
ISIC_8846695,0,0.19431046,inner_val
ISIC_8846817,0,0.0005881133,inner_val
ISIC_8847321,0,0.005225001,inner_val
ISIC_8849240,0,0.003161026,inner_val
ISIC_8849458,0,0.0005589835,inner_val
ISIC_8851961,0,0.001286382,inner_val
ISIC_8854268,0,0.07806645,inner_val
ISIC_8854277,0,0.023048328,inner_val
ISIC_8856029,0,0.14937252,inner_val
ISIC_8858877,0,0.017286407,inner_val
ISIC_8860429,0,0.011750097,inner_val
ISIC_8860929,0,0.0045248414,inner_val
ISIC_8861681,0,0.00063479814,inner_val
ISIC_8862967,0,0.016102556,inner_val
ISIC_8863678,0,0.0016496024,inner_val
ISIC_8866651,1,0.003147921,inner_val
ISIC_8867127,0,0.00259577,inner_val
ISIC_8867555,0,0.005887222,inner_val
ISIC_8868666,0,0.015515247,inner_val
ISIC_8869114,0,0.0017442137,inner_val
ISIC_8873943,0,0.0466232,inner_val
ISIC_8876993,0,0.0006995222,inner_val
ISIC_8882364,0,0.0846665,inner_val
ISIC_8883212,0,0.0005135099,inner_val
ISIC_8887095,0,0.0010430127,inner_val
ISIC_8889425,0,0.004136442,inner_val
ISIC_8893501,0,0.07131185,inner_val
ISIC_8894948,0,0.001831151,inner_val
ISIC_8900012,0,0.0009690606,inner_val
ISIC_8905349,0,0.010854247,inner_val
ISIC_8905841,0,0.00053632417,inner_val
ISIC_8906021,0,0.0020419871,inner_val
ISIC_8910102,0,0.011221115,inner_val
ISIC_8910635,0,0.0007722129,inner_val
ISIC_8911683,0,0.0009446412,inner_val
ISIC_8911740,0,0.0013544486,inner_val
ISIC_8916730,0,0.00043242858,inner_val
ISIC_8917755,0,0.050112624,inner_val
ISIC_8917899,0,0.057485476,inner_val
ISIC_8918770,0,0.0005067898,inner_val
ISIC_8920203,0,0.0018957973,inner_val
ISIC_8923393,0,0.0063301213,inner_val
ISIC_8924426,0,0.020250963,inner_val
ISIC_8924956,0,0.008258251,inner_val
ISIC_8927825,0,0.052352685,inner_val
ISIC_8933226,0,0.009062755,inner_val
ISIC_8935114,0,0.0006387435,inner_val
ISIC_8938282,0,0.031164205,inner_val
ISIC_8938615,0,0.00093363447,inner_val
ISIC_8942704,0,0.010959577,inner_val
ISIC_8951449,0,0.00085677695,inner_val
ISIC_8959657,0,0.0006945956,inner_val
ISIC_8960223,0,0.00083952385,inner_val
ISIC_8961663,0,0.0019720925,inner_val
ISIC_8965220,0,0.0034764723,inner_val
ISIC_8966681,0,0.0020822394,inner_val
ISIC_8969349,0,0.00041889207,inner_val
ISIC_8970333,0,0.00037722703,inner_val
ISIC_8970431,0,0.000527829,inner_val
ISIC_8973461,0,0.005270078,inner_val
ISIC_8974464,0,0.018170653,inner_val
ISIC_8977933,0,0.0025190641,inner_val
ISIC_8979026,0,0.0011046292,inner_val
ISIC_8979762,0,0.025822777,inner_val
ISIC_8980734,0,0.00058878557,inner_val
ISIC_8983772,0,0.0007662183,inner_val
ISIC_8986997,0,0.008303636,inner_val
ISIC_8989672,0,0.00043529287,inner_val
ISIC_8991672,0,0.0036373811,inner_val
ISIC_8992166,0,0.0007049348,inner_val
ISIC_8998190,0,0.0029931702,inner_val
ISIC_8998431,0,0.0009657126,inner_val
ISIC_9000824,1,0.0065829833,inner_val
ISIC_9008844,0,0.001077669,inner_val
ISIC_9009819,0,0.00064239645,inner_val
ISIC_9011134,0,0.00036098866,inner_val
ISIC_9012182,0,0.01215045,inner_val
ISIC_9012721,0,0.0011036384,inner_val
ISIC_9013045,0,0.009832492,inner_val
ISIC_9014786,0,0.00052195485,inner_val
ISIC_9016710,0,0.020668963,inner_val
ISIC_9018338,0,0.0024528285,inner_val
ISIC_9023603,0,0.0054567587,inner_val
ISIC_9024615,0,0.001579801,inner_val
ISIC_9025263,0,0.32232532,inner_val
ISIC_9027622,0,0.06157384,inner_val
ISIC_9029941,0,0.024397755,inner_val
ISIC_9035415,0,0.0059560416,inner_val
ISIC_9036464,0,0.029255517,inner_val
ISIC_9039864,0,0.21113585,inner_val
ISIC_9041459,0,0.0010866574,inner_val
ISIC_9041710,0,0.0005980369,inner_val
ISIC_9042958,0,0.014217151,inner_val
ISIC_9043384,0,0.0013632631,inner_val
ISIC_9043908,0,0.0012840634,inner_val
ISIC_9043996,0,0.00053523434,inner_val
ISIC_9045840,0,0.03796931,inner_val
ISIC_9053910,1,0.17707904,inner_val
ISIC_9056577,0,0.0010633138,inner_val
ISIC_9057326,0,0.049462114,inner_val
ISIC_9059086,0,0.0019981775,inner_val
ISIC_9059632,0,0.0009922766,inner_val
ISIC_9059870,0,0.00088672613,inner_val
ISIC_9060313,0,0.018007262,inner_val
ISIC_9062853,0,0.0027765736,inner_val
ISIC_9069537,0,0.0006809504,inner_val
ISIC_9070851,0,0.005160833,inner_val
ISIC_9072567,0,0.0017662351,inner_val
ISIC_9074406,0,0.0033554586,inner_val
ISIC_9077107,0,0.0019474586,inner_val
ISIC_9079316,0,0.07600931,inner_val
ISIC_9080743,0,0.0016834136,inner_val
ISIC_9082440,0,0.001862439,inner_val
ISIC_9083617,0,0.0037370354,inner_val
ISIC_9085565,0,0.0151895415,inner_val
ISIC_9087655,0,0.00218217,inner_val
ISIC_9089575,0,0.00097295677,inner_val
ISIC_9089998,0,0.00059606344,inner_val
ISIC_9097916,0,0.14520194,inner_val
ISIC_9099430,0,0.35042432,inner_val
ISIC_9101441,0,0.021052653,inner_val
ISIC_9103798,0,0.009053188,inner_val
ISIC_9105176,0,0.04606922,inner_val
ISIC_9105258,0,0.038236212,inner_val
ISIC_9111229,0,0.0042784424,inner_val
ISIC_9111388,0,0.06814063,inner_val
ISIC_9112213,0,0.00092663686,inner_val
ISIC_9113087,0,0.00035482124,inner_val
ISIC_9114388,0,0.04319374,inner_val
ISIC_9114716,0,0.030047886,inner_val
ISIC_9117456,0,0.0017926013,inner_val
ISIC_9126433,0,0.0011402479,inner_val
ISIC_9127934,0,0.0022483873,inner_val
ISIC_9128031,0,0.00039289967,inner_val
ISIC_9132708,0,0.016444797,inner_val
ISIC_9134100,0,0.0003449117,inner_val
ISIC_9135750,0,0.0036945515,inner_val
ISIC_9136827,0,0.00087958697,inner_val
ISIC_9137180,0,0.004375825,inner_val
ISIC_9140779,0,0.001597129,inner_val
ISIC_9149051,0,0.016074494,inner_val
ISIC_9157597,0,0.0007467399,inner_val
ISIC_9157952,0,0.00024379588,inner_val
ISIC_9160162,0,0.00196209,inner_val
ISIC_9162798,0,0.0008143333,inner_val
ISIC_9163684,0,0.00035079493,inner_val
ISIC_9167290,0,0.00073576596,inner_val
ISIC_9171583,0,0.0022956927,inner_val
ISIC_9172357,0,0.01144696,inner_val
ISIC_9172605,0,0.0016236935,inner_val
ISIC_9174412,0,0.0013657113,inner_val
ISIC_9177903,0,0.08526291,inner_val
ISIC_9178347,0,0.00040058856,inner_val
ISIC_9180507,0,0.0006271483,inner_val
ISIC_9182516,0,0.0025108973,inner_val
ISIC_9186287,0,0.11319216,inner_val
ISIC_9189319,0,0.0006186589,inner_val
ISIC_9190018,0,0.0014331819,inner_val
ISIC_9190784,0,0.0006240919,inner_val
ISIC_9191619,0,0.0016213506,inner_val
ISIC_9203914,0,0.00064991217,inner_val
ISIC_9206710,0,0.0075618736,inner_val
ISIC_9207161,0,0.00076639286,inner_val
ISIC_9208528,0,0.0011174419,inner_val
ISIC_9211620,0,0.021852192,inner_val
ISIC_9217340,0,0.012751555,inner_val
ISIC_9219421,0,0.015806384,inner_val
ISIC_9219692,0,0.0010928529,inner_val
ISIC_9221190,0,0.0010896157,inner_val
ISIC_9223890,0,0.00034619452,inner_val
ISIC_9225184,0,0.0017442296,inner_val
ISIC_9227754,0,0.018080307,inner_val
ISIC_9229525,0,0.00087775505,inner_val
ISIC_9235862,0,0.0040360605,inner_val
ISIC_9235975,0,0.009724682,inner_val
ISIC_9239271,0,0.013884014,inner_val
ISIC_9239632,0,0.0033430117,inner_val
ISIC_9241222,0,0.0015019171,inner_val
ISIC_9241599,0,0.0066205966,inner_val
ISIC_9241722,0,0.00044261763,inner_val
ISIC_9241732,0,0.007274731,inner_val
ISIC_9242141,0,0.00046582276,inner_val
ISIC_9243440,0,0.0009710889,inner_val
ISIC_9244659,0,0.12469616,inner_val
ISIC_9245355,0,0.0017431497,inner_val
ISIC_9246565,0,0.010771171,inner_val
ISIC_9246908,0,0.00044724892,inner_val
ISIC_9247141,0,0.0006408808,inner_val
ISIC_9257356,0,0.00090748444,inner_val
ISIC_9260395,0,0.0013368254,inner_val
ISIC_9262606,0,0.014137898,inner_val
ISIC_9266440,0,0.23049578,inner_val
ISIC_9267058,0,0.0013434951,inner_val
ISIC_9267267,0,0.00044029916,inner_val
ISIC_9268141,0,0.00065349595,inner_val
ISIC_9271416,0,0.0010442487,inner_val
ISIC_9272770,0,0.0008331585,inner_val
ISIC_9274041,0,0.00038889606,inner_val
ISIC_9277434,0,0.00029824267,inner_val
ISIC_9277695,0,0.01189191,inner_val
ISIC_9278694,0,0.1887693,inner_val
ISIC_9280171,0,0.00074504,inner_val
ISIC_9280358,0,0.0025875608,inner_val
ISIC_9290537,0,0.0018802099,inner_val
ISIC_9290785,0,0.0005264806,inner_val
ISIC_9292220,0,0.0041264403,inner_val
ISIC_9295267,0,0.0028786424,inner_val
ISIC_9299945,0,0.013484619,inner_val
ISIC_9301809,0,0.00040038413,inner_val
ISIC_9303456,0,0.0005514433,inner_val
ISIC_9305113,0,0.010662486,inner_val
ISIC_9307997,0,0.00033790982,inner_val
ISIC_9309245,0,0.0024014772,inner_val
ISIC_9312099,0,0.0024096717,inner_val
ISIC_9312164,1,0.024445903,inner_val
ISIC_9314358,0,0.0007302235,inner_val
ISIC_9320789,0,0.0018570396,inner_val
ISIC_9327346,0,0.064989485,inner_val
ISIC_9331782,0,0.0017453157,inner_val
ISIC_9331983,0,0.0013151008,inner_val
ISIC_9333546,0,0.113408655,inner_val
ISIC_9336830,0,0.0025682503,inner_val
ISIC_9338761,0,0.0024624541,inner_val
ISIC_9339096,0,0.009535447,inner_val
ISIC_9339525,0,0.0031228974,inner_val
ISIC_9340122,0,0.0048989668,inner_val
ISIC_9343601,0,0.0053427997,inner_val
ISIC_9344253,0,0.0012609558,inner_val
ISIC_9344352,0,0.061743733,inner_val
ISIC_9347736,0,0.0014100032,inner_val
ISIC_9348781,0,0.030492622,inner_val
ISIC_9356120,0,0.0003961448,inner_val
ISIC_9358317,0,0.00816494,inner_val
ISIC_9361984,0,0.001574107,inner_val
ISIC_9363390,0,0.0021689928,inner_val
ISIC_9364690,0,0.0011789055,inner_val
ISIC_9365486,0,0.004170603,inner_val
ISIC_9366620,0,0.0005109106,inner_val
ISIC_9367522,1,0.5758151,inner_val
ISIC_9368534,0,0.0028891359,inner_val
ISIC_9375930,0,0.0007783478,inner_val
ISIC_9378782,0,0.000869466,inner_val
ISIC_9379917,0,0.0008792212,inner_val
ISIC_9384781,0,0.004760425,inner_val
ISIC_9386541,0,0.0009304331,inner_val
ISIC_9395519,0,0.001114607,inner_val
ISIC_9396628,0,0.00061853806,inner_val
ISIC_9399475,0,0.0014345851,inner_val
ISIC_9404190,0,0.0013815569,inner_val
ISIC_9407448,0,0.0062148576,inner_val
ISIC_9414574,0,0.0038561253,inner_val
ISIC_9415085,0,0.0028423232,inner_val
ISIC_9416765,0,0.0013927952,inner_val
ISIC_9418196,0,0.00088143855,inner_val
ISIC_9423176,0,0.08967681,inner_val
ISIC_9425937,0,0.014155974,inner_val
ISIC_9429774,0,0.00070446543,inner_val
ISIC_9429870,0,0.0631978,inner_val
ISIC_9433232,0,0.0013006311,inner_val
ISIC_9438178,0,0.0057350793,inner_val
ISIC_9443041,0,0.0005576159,inner_val
ISIC_9449442,0,0.005205472,inner_val
ISIC_9458696,0,0.004701274,inner_val
ISIC_9462955,0,0.00093564024,inner_val
ISIC_9467082,0,0.0035807702,inner_val
ISIC_9472193,0,0.02337573,inner_val
ISIC_9473134,0,0.0008868977,inner_val
ISIC_9473491,0,0.21971297,inner_val
ISIC_9473731,0,0.012573222,inner_val
ISIC_9482165,0,0.0047074854,inner_val
ISIC_9484538,0,0.0009678984,inner_val
ISIC_9485883,0,0.0014697642,inner_val
ISIC_9488846,0,0.0015442299,inner_val
ISIC_9490024,0,0.00799652,inner_val
ISIC_9491630,0,0.0034647766,inner_val
ISIC_9492000,0,0.07365489,inner_val
ISIC_9492873,0,0.0014747713,inner_val
ISIC_9492896,0,0.00058160117,inner_val
ISIC_9493506,0,0.032769017,inner_val
ISIC_9496098,0,0.0015081399,inner_val
ISIC_9496738,0,0.31929484,inner_val
ISIC_9498714,0,0.038821492,inner_val
ISIC_9498942,0,0.019581707,inner_val
ISIC_9499654,0,0.00050093525,inner_val
ISIC_9500007,0,0.01234705,inner_val
ISIC_9509757,1,0.0495078,inner_val
ISIC_9513932,0,0.00074267737,inner_val
ISIC_9516170,0,0.0011950464,inner_val
ISIC_9525136,0,0.001032233,inner_val
ISIC_9528709,0,0.06860955,inner_val
ISIC_9531527,0,0.11778758,inner_val
ISIC_9534056,0,0.000670118,inner_val
ISIC_9535018,0,0.04218952,inner_val
ISIC_9537698,0,0.00051172543,inner_val
ISIC_9541491,0,0.009274119,inner_val
ISIC_9549857,0,0.00471714,inner_val
ISIC_9554769,0,0.014275397,inner_val
ISIC_9556334,1,0.28214687,inner_val
ISIC_9560639,0,0.00068228046,inner_val
ISIC_9560694,0,0.013413695,inner_val
ISIC_9562106,0,0.000796624,inner_val
ISIC_9562442,0,0.0031780517,inner_val
ISIC_9564379,0,0.00080619694,inner_val
ISIC_9564525,0,0.0008551197,inner_val
ISIC_9566964,0,0.00047808734,inner_val
ISIC_9569891,0,0.0010043139,inner_val
ISIC_9570855,0,0.0021204543,inner_val
ISIC_9574237,0,0.0025410953,inner_val
ISIC_9577235,0,0.00027774376,inner_val
ISIC_9577302,0,0.00132462,inner_val
ISIC_9579738,0,0.00084715354,inner_val
ISIC_9580143,0,0.00028165706,inner_val
ISIC_9580344,0,0.00089178834,inner_val
ISIC_9580562,0,0.0007134832,inner_val
ISIC_9582532,0,0.0016085124,inner_val
ISIC_9585534,0,0.0017660687,inner_val
ISIC_9588065,0,0.0008712715,inner_val
ISIC_9590141,0,0.03247521,inner_val
ISIC_9590673,0,0.005874114,inner_val
ISIC_9590900,0,0.009221178,inner_val
ISIC_9590964,0,0.0013536008,inner_val
ISIC_9593811,0,0.02361726,inner_val
ISIC_9596059,0,0.0026850777,inner_val
ISIC_9596721,1,0.07561106,inner_val
ISIC_9601132,0,0.00042405204,inner_val
ISIC_9602335,0,0.024318174,inner_val
ISIC_9603237,0,0.00041644863,inner_val
ISIC_9610311,0,0.005010947,inner_val
ISIC_9617738,0,0.0050491854,inner_val
ISIC_9617969,0,0.000755127,inner_val
ISIC_9621327,0,0.001745551,inner_val
ISIC_9627139,0,0.079570055,inner_val
ISIC_9627932,0,0.0006070258,inner_val
ISIC_9628370,0,0.009790688,inner_val
ISIC_9631590,0,0.12987325,inner_val
ISIC_9631792,0,0.0006748272,inner_val
ISIC_9632917,0,0.014320619,inner_val
ISIC_9633789,0,0.00090668886,inner_val
ISIC_9634018,0,0.00044765946,inner_val
ISIC_9636293,0,0.100528754,inner_val
ISIC_9636514,0,0.0011477175,inner_val
ISIC_9636849,0,0.0018857403,inner_val
ISIC_9637245,0,0.0006716509,inner_val
ISIC_9638088,0,0.001045908,inner_val
ISIC_9639064,0,0.0006736237,inner_val
ISIC_9643578,0,0.00473314,inner_val
ISIC_9644397,0,0.0005245174,inner_val
ISIC_9649587,0,0.008575433,inner_val
ISIC_9650848,0,0.008199321,inner_val
ISIC_9654537,0,0.00078115735,inner_val
ISIC_9658370,0,0.0013337586,inner_val
ISIC_9660555,0,0.0008037634,inner_val
ISIC_9660874,0,0.000502027,inner_val
ISIC_9661686,0,0.024120964,inner_val
ISIC_9665206,0,0.0026442043,inner_val
ISIC_9665763,0,0.017606385,inner_val
ISIC_9666709,0,0.020906264,inner_val
ISIC_9668514,0,0.0004680485,inner_val
ISIC_9669954,0,0.007368839,inner_val
ISIC_9671900,0,0.00040864316,inner_val
ISIC_9672482,0,0.048306532,inner_val
ISIC_9672719,0,0.0003635159,inner_val
ISIC_9677250,0,0.0033034065,inner_val
ISIC_9684318,0,0.0006538193,inner_val
ISIC_9685344,0,0.0011259484,inner_val
ISIC_9685766,0,0.01129164,inner_val
ISIC_9686296,0,0.0031352902,inner_val
ISIC_9687776,0,0.078896515,inner_val
ISIC_9690256,0,0.13820575,inner_val
ISIC_9692222,0,0.0055124047,inner_val
ISIC_9694867,0,0.00041582287,inner_val
ISIC_9697718,0,0.006571635,inner_val
ISIC_9699238,0,0.0012286338,inner_val
ISIC_9699615,0,0.0033576107,inner_val
ISIC_9701171,0,0.00016401663,inner_val
ISIC_9701912,0,0.0009426694,inner_val
ISIC_9705832,0,0.00065535394,inner_val
ISIC_9709101,0,0.0008114673,inner_val
ISIC_9709922,0,0.0007858542,inner_val
ISIC_9711881,0,0.00034591608,inner_val
ISIC_9712995,0,0.013226972,inner_val
ISIC_9714255,0,0.00046031357,inner_val
ISIC_9716031,0,0.0023930955,inner_val
ISIC_9716059,0,0.024071135,inner_val
ISIC_9716370,0,0.0009420051,inner_val
ISIC_9718736,0,0.0020921573,inner_val
ISIC_9723532,0,0.00058945146,inner_val
ISIC_9727132,0,0.0025447903,inner_val
ISIC_9730889,0,0.026723504,inner_val
ISIC_9731969,0,0.0006109262,inner_val
ISIC_9739881,0,0.023903722,inner_val
ISIC_9739954,0,0.0011382228,inner_val
ISIC_9740673,0,0.0010363201,inner_val
ISIC_9741917,0,0.0006011887,inner_val
ISIC_9743548,0,0.0017784134,inner_val
ISIC_9747234,0,0.00025507645,inner_val
ISIC_9749852,0,0.0050681573,inner_val
ISIC_9751601,0,0.00052265037,inner_val
ISIC_9752016,0,0.0011769852,inner_val
ISIC_9766574,0,0.0012607679,inner_val
ISIC_9768834,0,0.0023085512,inner_val
ISIC_9776245,0,0.0012955354,inner_val
ISIC_9776533,0,0.00066848734,inner_val
ISIC_9778389,0,0.0007935975,inner_val
ISIC_9780031,0,0.17366523,inner_val
ISIC_9782457,0,0.004840576,inner_val
ISIC_9785077,1,0.009142071,inner_val
ISIC_9785687,0,0.0040243086,inner_val
ISIC_9788174,0,0.0040116454,inner_val
ISIC_9791586,0,0.0021135805,inner_val
ISIC_9791811,0,0.005220953,inner_val
ISIC_9793067,0,0.0006984397,inner_val
ISIC_9794606,0,0.06487452,inner_val
ISIC_9796680,0,0.0005406402,inner_val
ISIC_9802008,0,0.0049845013,inner_val
ISIC_9803675,0,0.0010819482,inner_val
ISIC_9804479,0,0.00066403864,inner_val
ISIC_9805452,0,0.00036842067,inner_val
ISIC_9805957,0,0.04217042,inner_val
ISIC_9808736,0,0.00066778844,inner_val
ISIC_9811939,0,0.000737053,inner_val
ISIC_9813591,0,0.0020689198,inner_val
ISIC_9816307,0,0.0010907737,inner_val
ISIC_9818733,0,0.0062075453,inner_val
ISIC_9821001,0,0.016866535,inner_val
ISIC_9821756,0,0.0008244232,inner_val
ISIC_9821826,0,0.06710997,inner_val
ISIC_9824211,0,0.00077994406,inner_val
ISIC_9824967,0,0.0011251669,inner_val
ISIC_9828853,0,0.001993955,inner_val
ISIC_9829805,0,0.001443107,inner_val
ISIC_9834664,0,0.0016057938,inner_val
ISIC_9836778,0,0.00033418872,inner_val
ISIC_9839867,0,0.021788808,inner_val
ISIC_9842026,0,0.0012195936,inner_val
ISIC_9842660,0,0.0005031161,inner_val
ISIC_9843005,0,0.00044024942,inner_val
ISIC_9846081,0,0.0014143896,inner_val
ISIC_9846729,0,0.001249822,inner_val
ISIC_9851670,0,0.0006029601,inner_val
ISIC_9852341,0,0.00095103396,inner_val
ISIC_9853064,0,0.0007030459,inner_val
ISIC_9855343,0,0.009266214,inner_val
ISIC_9855552,0,0.001234682,inner_val
ISIC_9857857,0,0.0007226276,inner_val
ISIC_9858883,0,0.0008033006,inner_val
ISIC_9859951,0,0.0011545693,inner_val
ISIC_9860895,0,0.0007002312,inner_val
ISIC_9863642,1,0.18610531,inner_val
ISIC_9866375,0,0.0013336696,inner_val
ISIC_9866767,0,0.000680307,inner_val
ISIC_9870313,0,0.13838533,inner_val
ISIC_9870885,1,0.0036007604,inner_val
ISIC_9874512,0,0.0004415893,inner_val
ISIC_9877523,0,0.0004749122,inner_val
ISIC_9878809,0,0.04467203,inner_val
ISIC_9879041,0,0.00075787806,inner_val
ISIC_9882407,0,0.005188989,inner_val
ISIC_9885210,0,0.002438191,inner_val
ISIC_9886540,0,0.0038077412,inner_val
ISIC_9887282,0,0.0009601732,inner_val
ISIC_9887341,0,0.0006236364,inner_val
ISIC_9888203,0,0.00080466503,inner_val
ISIC_9889373,0,0.0011855011,inner_val
ISIC_9889475,0,0.04849288,inner_val
ISIC_9890873,0,0.009322845,inner_val
ISIC_9891650,0,0.008638835,inner_val
ISIC_9894782,0,0.00057971146,inner_val
ISIC_9898107,0,0.0016570165,inner_val
ISIC_9900623,0,0.0035181856,inner_val
ISIC_9905269,0,0.013193809,inner_val
ISIC_9906378,0,0.00089888694,inner_val
ISIC_9907793,0,0.014778039,inner_val
ISIC_9907938,0,0.0004002137,inner_val
ISIC_9909173,0,0.0019550752,inner_val
ISIC_9910854,0,0.00045825873,inner_val
ISIC_9913091,0,0.002556565,inner_val
ISIC_9914240,0,0.0007896331,inner_val
ISIC_9916907,0,0.0012280904,inner_val
ISIC_9917640,0,0.0029498038,inner_val
ISIC_9918333,0,0.00095579383,inner_val
ISIC_9919374,0,0.0012532688,inner_val
ISIC_9920161,0,0.00988112,inner_val
ISIC_9921747,0,0.0015640701,inner_val
ISIC_9921831,0,0.0006063042,inner_val
ISIC_9924951,0,0.0005739103,inner_val
ISIC_9925849,0,0.0008018104,inner_val
ISIC_9927102,0,0.027465187,inner_val
ISIC_9933119,0,0.0005765804,inner_val
ISIC_9933790,0,0.001963394,inner_val
ISIC_9934553,0,0.022431416,inner_val
ISIC_9935437,0,0.017605742,inner_val
ISIC_9946910,0,0.00041656912,inner_val
ISIC_9955092,0,0.0011089562,inner_val
ISIC_9957298,0,0.0007871171,inner_val
ISIC_9959011,0,0.0060956087,inner_val
ISIC_9961652,0,0.00057717477,inner_val
ISIC_9962720,0,0.02213004,inner_val
ISIC_9965843,0,0.0026676063,inner_val
ISIC_9966425,0,0.0014750352,inner_val
ISIC_9966978,0,0.002003255,inner_val
ISIC_9969907,0,0.0008466459,inner_val
ISIC_9970004,0,0.013635752,inner_val
ISIC_9971473,0,0.031782046,inner_val
ISIC_9972518,0,0.010902224,inner_val
ISIC_9974166,0,0.0014491362,inner_val
ISIC_9979765,0,0.004435142,inner_val
ISIC_9980854,0,0.0026227303,inner_val
ISIC_9981394,0,0.0052235336,inner_val
ISIC_9981558,0,0.002872491,inner_val
ISIC_9982953,0,0.006350477,inner_val
ISIC_9985905,0,0.0027333964,inner_val
ISIC_9986333,0,0.00091777416,inner_val
ISIC_9991967,0,0.0021255033,inner_val
ISIC_9998582,0,0.010869617,inner_val
ISIC_9998937,0,0.065513246,inner_val
ISIC_9999134,0,0.04644487,inner_val
ISIC_0052212,0,0.00018476552,held_fold
ISIC_0068279,0,0.0036523012,held_fold
ISIC_0084086,0,0.0010096317,held_fold
ISIC_0085902,0,0.0010173334,held_fold
ISIC_0086632,0,0.00073487713,held_fold
ISIC_0087297,0,0.001052871,held_fold
ISIC_0089738,0,0.0009204605,held_fold
ISIC_0091016,0,0.011259925,held_fold
ISIC_0094701,0,0.000681026,held_fold
ISIC_0109703,0,0.013335132,held_fold
ISIC_0136526,0,0.0017510208,held_fold
ISIC_0147642,0,0.00080095895,held_fold
ISIC_0148643,0,0.0013905189,held_fold
ISIC_0149527,0,0.009302864,held_fold
ISIC_0149568,1,0.00087804865,held_fold
ISIC_0150975,0,0.027454514,held_fold
ISIC_0153911,0,0.0006022548,held_fold
ISIC_0154032,0,0.0005242794,held_fold
ISIC_0159060,0,0.006422072,held_fold
ISIC_0161840,0,0.0025774697,held_fold
ISIC_0162708,0,0.0008312295,held_fold
ISIC_0162967,0,0.06050681,held_fold
ISIC_0163639,0,0.011866252,held_fold
ISIC_0163812,0,0.003557326,held_fold
ISIC_0164145,0,0.0032939734,held_fold
ISIC_0164297,0,0.0030282494,held_fold
ISIC_0164329,0,0.018247511,held_fold
ISIC_0164512,0,0.06142816,held_fold
ISIC_0165449,0,0.058431134,held_fold
ISIC_0166988,0,0.0016728592,held_fold
ISIC_0170101,0,0.007290243,held_fold
ISIC_0170583,0,0.0052953046,held_fold
ISIC_0170676,0,0.020805301,held_fold
ISIC_0174405,0,0.25369644,held_fold
ISIC_0176781,0,0.0028000162,held_fold
ISIC_0177304,0,0.0255599,held_fold
ISIC_0179267,0,0.0003786632,held_fold
ISIC_0181017,0,0.021210035,held_fold
ISIC_0183290,0,0.00025063156,held_fold
ISIC_0184482,0,0.0011245769,held_fold
ISIC_0187498,0,0.003184239,held_fold
ISIC_0188415,0,0.0006210163,held_fold
ISIC_0190308,0,0.0015180116,held_fold
ISIC_0190870,0,0.0020191253,held_fold
ISIC_0192701,0,0.0006001187,held_fold
ISIC_0193785,0,0.00062866416,held_fold
ISIC_0193920,0,0.0006903536,held_fold
ISIC_0196945,0,0.00088311016,held_fold
ISIC_0201689,0,0.0003698961,held_fold
ISIC_0204580,0,0.0621503,held_fold
ISIC_0204819,0,0.077558815,held_fold
ISIC_0205127,0,0.0025840336,held_fold
ISIC_0206758,0,0.0018962449,held_fold
ISIC_0207341,0,0.0008681539,held_fold
ISIC_0212931,0,0.047745574,held_fold
ISIC_0213271,0,0.044530112,held_fold
ISIC_0214635,0,0.0009167329,held_fold
ISIC_0216689,0,0.0076910495,held_fold
ISIC_0219948,0,0.0012774944,held_fold
ISIC_0220461,0,0.008542388,held_fold
ISIC_0221351,0,0.015482142,held_fold
ISIC_0221590,0,0.0011927601,held_fold
ISIC_0224295,0,0.0006843588,held_fold
ISIC_0226137,0,0.007481746,held_fold
ISIC_0228497,0,0.0004998154,held_fold
ISIC_0229265,0,0.0040158276,held_fold
ISIC_0229659,0,0.0019801192,held_fold
ISIC_0229871,0,0.0004475536,held_fold
ISIC_0231828,0,0.00046314078,held_fold
ISIC_0232101,1,0.15084499,held_fold
ISIC_0234894,0,0.0013808379,held_fold
ISIC_0236510,0,0.00066699914,held_fold
ISIC_0236778,0,0.47352445,held_fold
ISIC_0237636,0,0.1527641,held_fold
ISIC_0238491,0,0.002521556,held_fold
ISIC_0238570,0,0.023312673,held_fold
ISIC_0238940,0,0.0006644508,held_fold
ISIC_0239810,0,0.018880416,held_fold
ISIC_0242571,0,0.00223503,held_fold
ISIC_0242801,0,0.0049996837,held_fold
ISIC_0243160,0,0.015819209,held_fold
ISIC_0243235,0,0.012874699,held_fold
ISIC_0243849,0,0.00243851,held_fold
ISIC_0247541,0,0.00069814385,held_fold
ISIC_0248218,0,0.0009495056,held_fold
ISIC_0249269,0,0.00071277877,held_fold
ISIC_0253871,0,0.003168034,held_fold
ISIC_0256926,0,0.015539395,held_fold
ISIC_0268179,0,0.00658768,held_fold
ISIC_0268557,0,0.022049451,held_fold
ISIC_0268701,0,0.00073172327,held_fold
ISIC_0273664,0,0.08339629,held_fold
ISIC_0273685,0,0.01820091,held_fold
ISIC_0274382,1,0.01661716,held_fold
ISIC_0274625,0,0.17871404,held_fold
ISIC_0275409,0,0.0006600445,held_fold
ISIC_0275828,1,0.003755851,held_fold
ISIC_0277340,0,0.03692325,held_fold
ISIC_0280943,0,0.0009045735,held_fold
ISIC_0281404,0,0.008763065,held_fold
ISIC_0283957,0,0.014627596,held_fold
ISIC_0287683,0,0.014387927,held_fold
ISIC_0287804,0,0.0006712423,held_fold
ISIC_0289191,0,0.0007168319,held_fold
ISIC_0293409,0,0.0005806651,held_fold
ISIC_0294733,0,0.001908008,held_fold
ISIC_0295003,0,0.0065504853,held_fold
ISIC_0295178,0,0.001624841,held_fold
ISIC_0295323,0,0.00061358884,held_fold
ISIC_0296580,0,0.00075761956,held_fold
ISIC_0297558,0,0.0006319418,held_fold
ISIC_0301404,0,0.0013934219,held_fold
ISIC_0301568,0,0.0011649472,held_fold
ISIC_0301931,0,0.0065085446,held_fold
ISIC_0307958,0,0.5129904,held_fold
ISIC_0309912,0,0.009462784,held_fold
ISIC_0310734,0,0.00038226368,held_fold
ISIC_0311783,0,0.0019278465,held_fold
ISIC_0313507,0,0.0013486877,held_fold
ISIC_0313924,0,0.0009329204,held_fold
ISIC_0316933,0,0.001139559,held_fold
ISIC_0319491,0,0.0035356293,held_fold
ISIC_0320334,0,0.0005724658,held_fold
ISIC_0322967,0,0.0016002145,held_fold
ISIC_0323792,0,0.0008049039,held_fold
ISIC_0324380,0,0.0034195548,held_fold
ISIC_0327406,1,0.0032393918,held_fold
ISIC_0332865,0,0.0010812959,held_fold
ISIC_0333051,0,0.057736874,held_fold
ISIC_0333736,0,0.0006720066,held_fold
ISIC_0337921,0,0.0028470343,held_fold
ISIC_0339773,0,0.0010850577,held_fold
ISIC_0339930,0,0.0006829297,held_fold
ISIC_0341663,0,0.005541171,held_fold
ISIC_0341785,0,0.00055671146,held_fold
ISIC_0342557,0,0.118425235,held_fold
ISIC_0343860,0,0.0055899094,held_fold
ISIC_0344658,0,0.0004510074,held_fold
ISIC_0348503,0,0.0031185036,held_fold
ISIC_0349996,0,0.00076204404,held_fold
ISIC_0351547,0,0.00094392593,held_fold
ISIC_0354123,0,0.00095260056,held_fold
ISIC_0355705,0,0.0058406806,held_fold
ISIC_0357525,0,0.0008309833,held_fold
ISIC_0359698,0,0.0012928402,held_fold
ISIC_0361914,0,0.0007133407,held_fold
ISIC_0362853,0,0.020060772,held_fold
ISIC_0366021,0,0.0013142977,held_fold
ISIC_0370008,0,0.0054712975,held_fold
ISIC_0371038,0,0.000624871,held_fold
ISIC_0374231,0,0.006509445,held_fold
ISIC_0374954,0,0.0012387318,held_fold
ISIC_0375775,0,0.051498596,held_fold
ISIC_0378714,0,0.00057201344,held_fold
ISIC_0379863,0,0.0026208812,held_fold
ISIC_0379931,0,0.0009933175,held_fold
ISIC_0380622,0,0.003042149,held_fold
ISIC_0383524,0,0.024652861,held_fold
ISIC_0384214,0,0.5216846,held_fold
ISIC_0384407,0,0.0006229462,held_fold
ISIC_0385579,0,0.0008934609,held_fold
ISIC_0386664,0,0.001133651,held_fold
ISIC_0392942,0,0.008119937,held_fold
ISIC_0395456,0,0.03766397,held_fold
ISIC_0396184,0,0.010460633,held_fold
ISIC_0397464,0,0.0012272765,held_fold
ISIC_0405253,0,0.0007247625,held_fold
ISIC_0412939,0,0.0017455575,held_fold
ISIC_0415496,0,0.004787484,held_fold
ISIC_0420174,0,0.00059604185,held_fold
ISIC_0420381,0,0.008476886,held_fold
ISIC_0420624,0,0.0008595228,held_fold
ISIC_0421041,0,0.0014049426,held_fold
ISIC_0422301,0,0.075735316,held_fold
ISIC_0423201,0,0.065703705,held_fold
ISIC_0423483,0,0.0016007007,held_fold
ISIC_0427813,0,0.0014087,held_fold
ISIC_0435596,0,0.00030548548,held_fold
ISIC_0436161,0,0.0027086174,held_fold
ISIC_0438234,0,0.00091665954,held_fold
ISIC_0439527,0,0.0040607373,held_fold
ISIC_0439726,0,0.0009917505,held_fold
ISIC_0440848,0,0.0011077696,held_fold
ISIC_0442425,0,0.00094709505,held_fold
ISIC_0450295,0,0.02904085,held_fold
ISIC_0451095,0,0.0005639849,held_fold
ISIC_0454594,0,0.008568009,held_fold
ISIC_0455262,0,0.00073875405,held_fold
ISIC_0455800,0,0.00051926676,held_fold
ISIC_0457030,0,0.190478,held_fold
ISIC_0457868,0,0.0019303325,held_fold
ISIC_0458561,0,0.16281545,held_fold
ISIC_0460240,0,0.0005264703,held_fold
ISIC_0460608,0,0.00036557365,held_fold
ISIC_0460815,0,0.00087670604,held_fold
ISIC_0463755,0,0.003955986,held_fold
ISIC_0464200,0,0.0035966379,held_fold
ISIC_0464315,0,0.38733298,held_fold
ISIC_0465385,0,0.0015476075,held_fold
ISIC_0465938,0,0.020498108,held_fold
ISIC_0467850,0,0.005049358,held_fold
ISIC_0470224,0,0.5646193,held_fold
ISIC_0470629,0,0.0005510019,held_fold
ISIC_0478536,0,0.0012414622,held_fold
ISIC_0481453,0,0.00092714815,held_fold
ISIC_0483872,0,0.00034280252,held_fold
ISIC_0485417,0,0.0016988856,held_fold
ISIC_0485537,0,0.009710338,held_fold
ISIC_0485753,0,0.0008135251,held_fold
ISIC_0485996,0,0.003964785,held_fold
ISIC_0487460,0,0.0075204405,held_fold
ISIC_0494655,0,0.0006584947,held_fold
ISIC_0495405,0,0.0069574374,held_fold
ISIC_0498037,0,0.00051982736,held_fold
ISIC_0498374,0,0.00096329587,held_fold
ISIC_0499971,0,0.022041133,held_fold
ISIC_0500312,0,0.0007941078,held_fold
ISIC_0506843,0,0.11897286,held_fold
ISIC_0508284,0,0.0006053688,held_fold
ISIC_0509567,0,0.005276373,held_fold
ISIC_0510145,0,0.011523179,held_fold
ISIC_0513013,0,0.094194956,held_fold
ISIC_0516315,0,0.0006507694,held_fold
ISIC_0518018,0,0.0011099979,held_fold
ISIC_0519386,0,0.009892075,held_fold
ISIC_0520584,0,0.00051047996,held_fold
ISIC_0523031,0,0.0021403949,held_fold
ISIC_0525687,0,0.003254412,held_fold
ISIC_0528495,0,0.04466395,held_fold
ISIC_0529262,0,0.0011201921,held_fold
ISIC_0533122,1,0.25943995,held_fold
ISIC_0533349,0,0.000965198,held_fold
ISIC_0533986,0,0.0070196786,held_fold
ISIC_0535920,0,0.00068915036,held_fold
ISIC_0536104,0,0.00039501634,held_fold
ISIC_0536321,0,0.0005533954,held_fold
ISIC_0536865,0,0.00060961046,held_fold
ISIC_0537537,0,0.0007177479,held_fold
ISIC_0538298,0,0.0035923955,held_fold
ISIC_0539604,0,0.0025036798,held_fold
ISIC_0546675,0,0.0010254083,held_fold
ISIC_0550736,0,0.010603614,held_fold
ISIC_0552296,0,0.012544212,held_fold
ISIC_0553164,0,0.00092923973,held_fold
ISIC_0557377,0,0.00071905623,held_fold
ISIC_0559686,0,0.025303043,held_fold
ISIC_0561944,0,0.040529992,held_fold
ISIC_0565080,0,0.00702757,held_fold
ISIC_0565905,0,0.00026755422,held_fold
ISIC_0566527,0,0.00808053,held_fold
ISIC_0567128,0,0.00047979187,held_fold
ISIC_0567676,0,0.0029438536,held_fold
ISIC_0571058,0,0.0007003509,held_fold
ISIC_0571637,0,0.0015373153,held_fold
ISIC_0573656,0,0.0008810187,held_fold
ISIC_0573666,0,0.0019373418,held_fold
ISIC_0574489,0,0.00044575112,held_fold
ISIC_0578806,0,0.00076991745,held_fold
ISIC_0582672,0,0.00074396946,held_fold
ISIC_0583539,0,0.002390994,held_fold
ISIC_0585396,0,0.008581278,held_fold
ISIC_0587664,0,0.004102732,held_fold
ISIC_0588103,0,0.0006164664,held_fold
ISIC_0588827,0,0.004018159,held_fold
ISIC_0594068,0,0.0020735895,held_fold
ISIC_0594289,0,0.05881109,held_fold
ISIC_0596089,0,0.0017740441,held_fold
ISIC_0596524,0,0.004175037,held_fold
ISIC_0596607,0,0.00091482635,held_fold
ISIC_0597012,0,0.0009233732,held_fold
ISIC_0597158,0,0.0010334246,held_fold
ISIC_0604752,0,0.0056122313,held_fold
ISIC_0607205,0,0.0045180353,held_fold
ISIC_0608613,0,0.0040336614,held_fold
ISIC_0609800,0,0.00091261417,held_fold
ISIC_0610849,0,0.006058622,held_fold
ISIC_0613014,0,0.00065629935,held_fold
ISIC_0615053,0,0.0011486575,held_fold
ISIC_0616348,0,0.0027623496,held_fold
ISIC_0616491,0,0.000960703,held_fold
ISIC_0616698,0,0.017414158,held_fold
ISIC_0620199,0,0.0010638351,held_fold
ISIC_0623642,0,0.0032180166,held_fold
ISIC_0624747,0,0.0017665228,held_fold
ISIC_0626653,0,0.015533145,held_fold
ISIC_0627979,0,0.0010731524,held_fold
ISIC_0631669,0,0.0020275272,held_fold
ISIC_0633259,0,0.0005631872,held_fold
ISIC_0633835,0,0.002095817,held_fold
ISIC_0634107,0,0.00065095676,held_fold
ISIC_0639414,0,0.0017558928,held_fold
ISIC_0639415,0,0.3613157,held_fold
ISIC_0639769,1,0.20764618,held_fold
ISIC_0639951,0,0.00081071944,held_fold
ISIC_0640806,0,0.0011744591,held_fold
ISIC_0642715,0,0.00067334576,held_fold
ISIC_0644964,0,0.0012862043,held_fold
ISIC_0645834,0,0.0072121327,held_fold
ISIC_0651114,0,0.00044833292,held_fold
ISIC_0651166,0,0.00067350623,held_fold
ISIC_0651741,0,0.010927876,held_fold
ISIC_0651760,0,0.00044468397,held_fold
ISIC_0654269,0,0.24887611,held_fold
ISIC_0654846,0,0.0012547713,held_fold
ISIC_0655635,0,0.00050356495,held_fold
ISIC_0655722,0,0.012920035,held_fold
ISIC_0662000,1,0.25314078,held_fold
ISIC_0662867,0,0.12627237,held_fold
ISIC_0662911,0,0.0825385,held_fold
ISIC_0663588,0,0.0004974652,held_fold
ISIC_0667108,0,0.012615418,held_fold
ISIC_0668924,0,0.00897901,held_fold
ISIC_0674472,0,0.0052933563,held_fold
ISIC_0675785,0,0.0013647556,held_fold
ISIC_0676126,0,0.029037727,held_fold
ISIC_0678649,0,0.0005336501,held_fold
ISIC_0679972,0,0.0016707383,held_fold
ISIC_0681666,0,0.010390761,held_fold
ISIC_0682795,0,0.0026096436,held_fold
ISIC_0685123,0,0.0017233388,held_fold
ISIC_0690264,0,0.034288697,held_fold
ISIC_0691030,0,0.0010550844,held_fold
ISIC_0691554,0,0.0016447548,held_fold
ISIC_0694037,0,0.075050354,held_fold
ISIC_0694559,0,0.0013668602,held_fold
ISIC_0697951,0,0.00064733933,held_fold
ISIC_0706512,0,0.0033256286,held_fold
ISIC_0707619,0,0.0020280995,held_fold
ISIC_0707756,0,0.0013047167,held_fold
ISIC_0710064,0,0.0019247313,held_fold
ISIC_0710501,0,0.01162389,held_fold
ISIC_0711907,0,0.0008381599,held_fold
ISIC_0712254,0,0.009399047,held_fold
ISIC_0715702,0,0.00064622296,held_fold
ISIC_0720013,0,0.0009622428,held_fold
ISIC_0720105,0,0.0026541585,held_fold
ISIC_0720915,0,0.00083529955,held_fold
ISIC_0726626,0,0.02573681,held_fold
ISIC_0727425,0,0.0014187387,held_fold
ISIC_0728291,0,0.0010733615,held_fold
ISIC_0728350,0,0.0022503028,held_fold
ISIC_0728413,0,0.0069376393,held_fold
ISIC_0732102,0,0.003274406,held_fold
ISIC_0732389,0,0.009344393,held_fold
ISIC_0732636,0,0.0147697795,held_fold
ISIC_0737413,0,0.0035538226,held_fold
ISIC_0740118,0,0.0003920093,held_fold
ISIC_0740862,0,0.0037990112,held_fold
ISIC_0742879,0,0.12687705,held_fold
ISIC_0747870,0,0.18947273,held_fold
ISIC_0750683,0,0.023280585,held_fold
ISIC_0751211,0,0.0018620978,held_fold
ISIC_0752831,0,0.00045792726,held_fold
ISIC_0754555,0,0.0009787789,held_fold
ISIC_0755477,0,0.008608118,held_fold
ISIC_0757147,0,0.0053925025,held_fold
ISIC_0758283,0,0.0008471576,held_fold
ISIC_0759561,0,0.0030411526,held_fold
ISIC_0760601,0,0.027700145,held_fold
ISIC_0761049,0,0.0022881115,held_fold
ISIC_0761693,0,0.011267104,held_fold
ISIC_0761713,0,0.0032711413,held_fold
ISIC_0762262,0,0.0031923375,held_fold
ISIC_0763117,0,0.00088990614,held_fold
ISIC_0763578,0,0.0011296802,held_fold
ISIC_0765397,0,0.0006575154,held_fold
ISIC_0766935,0,0.0004805074,held_fold
ISIC_0770328,0,0.0016903202,held_fold
ISIC_0770723,0,0.0028447798,held_fold
ISIC_0770814,0,0.0023568247,held_fold
ISIC_0770930,0,0.0012263219,held_fold
ISIC_0771048,0,0.0008922716,held_fold
ISIC_0773096,0,0.0044956515,held_fold
ISIC_0775393,0,0.00024819648,held_fold
ISIC_0781315,0,0.0008205382,held_fold
ISIC_0786366,0,0.0008256024,held_fold
ISIC_0786913,0,0.014894745,held_fold
ISIC_0797476,0,0.0020130293,held_fold
ISIC_0798355,0,0.040645882,held_fold
ISIC_0801704,0,0.004861462,held_fold
ISIC_0803154,0,0.00090027676,held_fold
ISIC_0803850,0,0.07267944,held_fold
ISIC_0804511,0,0.0010892728,held_fold
ISIC_0805472,0,0.002910596,held_fold
ISIC_0805941,0,0.029448701,held_fold
ISIC_0809112,0,0.011988997,held_fold
ISIC_0809467,0,0.0028895233,held_fold
ISIC_0812223,0,0.19309835,held_fold
ISIC_0813342,0,0.018712314,held_fold
ISIC_0813423,0,0.0021307585,held_fold
ISIC_0813508,0,0.013947943,held_fold
ISIC_0815802,0,0.0010371449,held_fold
ISIC_0816628,0,0.0035472906,held_fold
ISIC_0817091,0,0.0041769114,held_fold
ISIC_0817654,0,0.00051986944,held_fold
ISIC_0820029,0,0.0011624842,held_fold
ISIC_0820559,0,0.03536967,held_fold
ISIC_0826710,0,0.059671853,held_fold
ISIC_0828310,0,0.0023249935,held_fold
ISIC_0829995,0,0.134577,held_fold
ISIC_0831884,0,0.0018095907,held_fold
ISIC_0833336,0,0.0018660758,held_fold
ISIC_0834335,0,0.0029902305,held_fold
ISIC_0834745,0,0.00068808324,held_fold
ISIC_0835067,0,0.007321586,held_fold
ISIC_0835578,0,0.0007285658,held_fold
ISIC_0835700,0,0.15357319,held_fold
ISIC_0835985,0,0.0011922426,held_fold
ISIC_0836727,0,0.0011773536,held_fold
ISIC_0839323,0,0.026466947,held_fold
ISIC_0847730,0,0.00025186065,held_fold
ISIC_0850065,0,0.0061775753,held_fold
ISIC_0850181,0,0.0003521194,held_fold
ISIC_0850253,0,0.0028053096,held_fold
ISIC_0853325,0,0.065199845,held_fold
ISIC_0854201,0,0.0027662695,held_fold
ISIC_0855990,0,0.0040625483,held_fold
ISIC_0857978,0,0.023783797,held_fold
ISIC_0858513,0,0.0013448584,held_fold
ISIC_0860384,0,0.0012733375,held_fold
ISIC_0861066,0,0.06599163,held_fold
ISIC_0861322,0,0.001093344,held_fold
ISIC_0863691,0,0.004370423,held_fold
ISIC_0863989,0,0.0011396138,held_fold
ISIC_0865443,0,0.00048725947,held_fold
ISIC_0868636,0,0.0065334435,held_fold
ISIC_0868656,0,0.00046861943,held_fold
ISIC_0870751,0,0.0007002135,held_fold
ISIC_0871853,0,0.0006289344,held_fold
ISIC_0872409,0,0.0010853088,held_fold
ISIC_0874261,0,0.0024759348,held_fold
ISIC_0876733,0,0.009308061,held_fold
ISIC_0880061,0,0.0009859153,held_fold
ISIC_0880208,0,0.0005816574,held_fold
ISIC_0880405,0,0.028101759,held_fold
ISIC_0885166,0,0.00064231106,held_fold
ISIC_0885785,0,0.0012869494,held_fold
ISIC_0886519,0,0.00095125195,held_fold
ISIC_0886805,0,0.0008958649,held_fold
ISIC_0889483,0,0.10646121,held_fold
ISIC_0889988,0,0.091761455,held_fold
ISIC_0891469,0,0.0044623725,held_fold
ISIC_0893996,0,0.0029151915,held_fold
ISIC_0897876,0,0.0020831968,held_fold
ISIC_0901864,0,0.00047383917,held_fold
ISIC_0911264,1,0.30684122,held_fold
ISIC_0911989,0,0.00048707068,held_fold
ISIC_0914812,0,0.0018740384,held_fold
ISIC_0915311,0,0.0008170479,held_fold
ISIC_0920064,0,0.0026195266,held_fold
ISIC_0925139,0,0.0010131062,held_fold
ISIC_0928025,0,0.0010299864,held_fold
ISIC_0928633,0,0.000711166,held_fold
ISIC_0930135,0,0.0006373254,held_fold
ISIC_0930944,0,0.0009235888,held_fold
ISIC_0930980,0,0.0035676376,held_fold
ISIC_0932428,0,0.00042647772,held_fold
ISIC_0937261,0,0.0036862975,held_fold
ISIC_0941527,0,0.0034928238,held_fold
ISIC_0942056,0,0.0077316626,held_fold
ISIC_0943299,0,0.10612774,held_fold
ISIC_0944273,0,0.05331279,held_fold
ISIC_0945844,0,0.0009384088,held_fold
ISIC_0946485,0,0.012169127,held_fold
ISIC_0946977,0,0.001269206,held_fold
ISIC_0947467,0,0.0008496637,held_fold
ISIC_0955945,0,0.0046354895,held_fold
ISIC_0956348,0,0.0034450134,held_fold
ISIC_0956562,0,0.00071337336,held_fold
ISIC_0959160,0,0.0050525595,held_fold
ISIC_0964270,0,0.0012770814,held_fold
ISIC_0966527,0,0.0024448505,held_fold
ISIC_0967746,0,0.0023186235,held_fold
ISIC_0969139,0,0.0034484875,held_fold
ISIC_0969561,0,0.0008776514,held_fold
ISIC_0971027,0,0.035692662,held_fold
ISIC_0973856,0,0.045160092,held_fold
ISIC_0974233,0,0.0020871477,held_fold
ISIC_0974833,0,0.0069989352,held_fold
ISIC_0975117,0,0.014903492,held_fold
ISIC_0975874,0,0.0010656518,held_fold
ISIC_0978194,0,0.00057751103,held_fold
ISIC_0985874,0,0.0003822702,held_fold
ISIC_0986600,1,0.08418608,held_fold
ISIC_0986702,0,0.027021578,held_fold
ISIC_0988860,0,0.09855774,held_fold
ISIC_0996501,0,0.10919368,held_fold
ISIC_0996566,0,0.115050524,held_fold
ISIC_0999642,0,0.0008873153,held_fold
ISIC_1000360,0,0.12773171,held_fold
ISIC_1000648,0,0.001399373,held_fold
ISIC_1001320,0,0.0008299505,held_fold
ISIC_1006874,0,0.0005715755,held_fold
ISIC_1007838,0,0.001278461,held_fold
ISIC_1013796,0,0.00059960154,held_fold
ISIC_1013841,0,0.00063960097,held_fold
ISIC_1018048,0,0.0049060103,held_fold
ISIC_1018102,0,0.017707264,held_fold
ISIC_1018265,0,0.0018120713,held_fold
ISIC_1021883,0,0.0058351234,held_fold
ISIC_1023354,0,0.0034135135,held_fold
ISIC_1023676,0,0.0011604307,held_fold
ISIC_1026382,0,0.0021940207,held_fold
ISIC_1030453,0,0.0012540652,held_fold
ISIC_1030777,0,0.0012386693,held_fold
ISIC_1032826,0,0.00084490277,held_fold
ISIC_1033406,0,0.0035461127,held_fold
ISIC_1034397,0,0.062309403,held_fold
ISIC_1034492,0,0.0007673502,held_fold
ISIC_1037860,0,0.007571083,held_fold
ISIC_1039396,0,0.0005283608,held_fold
ISIC_1040841,0,0.0014778619,held_fold
ISIC_1041621,0,0.007892335,held_fold
ISIC_1045084,0,0.0008101348,held_fold
ISIC_1046678,0,0.08886555,held_fold
ISIC_1050268,0,0.005425834,held_fold
ISIC_1051595,0,0.0009110773,held_fold
ISIC_1053427,0,0.004814658,held_fold
ISIC_1056788,0,0.0025759412,held_fold
ISIC_1059147,0,0.017484196,held_fold
ISIC_1060161,0,0.0054486725,held_fold
ISIC_1060932,0,0.013745773,held_fold
ISIC_1063407,0,0.10956492,held_fold
ISIC_1064919,0,0.0020395631,held_fold
ISIC_1065110,0,0.00991727,held_fold
ISIC_1071355,1,0.122844055,held_fold
ISIC_1071617,0,0.078702524,held_fold
ISIC_1072531,0,0.0026978268,held_fold
ISIC_1075654,0,0.11499625,held_fold
ISIC_1078527,0,0.0022794162,held_fold
ISIC_1078707,0,0.0012818639,held_fold
ISIC_1078854,0,0.00072914886,held_fold
ISIC_1079829,0,0.004361034,held_fold
ISIC_1083466,0,0.0013819376,held_fold
ISIC_1084298,0,0.009430657,held_fold
ISIC_1085358,0,0.00093759864,held_fold
ISIC_1089746,0,0.0035711557,held_fold
ISIC_1091253,0,0.0012672239,held_fold
ISIC_1091626,0,0.0013728654,held_fold
ISIC_1093722,0,0.0004809178,held_fold
ISIC_1094526,0,0.0012210918,held_fold
ISIC_1101755,0,0.0064334376,held_fold
ISIC_1103955,0,0.122070834,held_fold
ISIC_1105263,0,0.0008310826,held_fold
ISIC_1105772,0,0.083969004,held_fold
ISIC_1106080,0,0.005795027,held_fold
ISIC_1107538,0,0.0024439585,held_fold
ISIC_1107954,0,0.00095219264,held_fold
ISIC_1113271,0,0.0152512565,held_fold
ISIC_1115160,0,0.012962476,held_fold
ISIC_1117214,0,0.16425687,held_fold
ISIC_1122796,0,0.1674742,held_fold
ISIC_1127639,0,0.0049682152,held_fold
ISIC_1127653,0,0.0015324376,held_fold
ISIC_1128858,0,0.001805738,held_fold
ISIC_1135340,0,0.004004424,held_fold
ISIC_1136902,0,0.001659967,held_fold
ISIC_1137455,0,0.24779604,held_fold
ISIC_1143268,0,0.0009138132,held_fold
ISIC_1145442,0,0.11395985,held_fold
ISIC_1147965,0,0.0021925922,held_fold
ISIC_1148874,0,0.015336525,held_fold
ISIC_1151929,0,0.0052523823,held_fold
ISIC_1152648,0,0.00051380025,held_fold
ISIC_1155407,0,0.002932037,held_fold
ISIC_1155483,0,0.003621465,held_fold
ISIC_1159177,0,0.001090603,held_fold
ISIC_1161054,0,0.0012583104,held_fold
ISIC_1161936,0,0.0011031128,held_fold
ISIC_1162337,1,0.007608616,held_fold
ISIC_1163139,0,0.00256826,held_fold
ISIC_1163258,0,0.00054062036,held_fold
ISIC_1164890,0,0.0004876581,held_fold
ISIC_1168311,0,0.0064922725,held_fold
ISIC_1168355,0,0.0011530641,held_fold
ISIC_1171704,0,0.008598199,held_fold
ISIC_1173776,0,0.052425276,held_fold
ISIC_1175215,0,0.00047638148,held_fold
ISIC_1176231,0,0.00037165053,held_fold
ISIC_1176575,0,0.00068768987,held_fold
ISIC_1181853,0,0.0041759554,held_fold
ISIC_1186077,0,0.0005295961,held_fold
ISIC_1189461,0,0.0010918466,held_fold
ISIC_1192917,0,0.00041189598,held_fold
ISIC_1192974,0,0.00045196738,held_fold
ISIC_1193108,0,0.00039746825,held_fold
ISIC_1193513,0,0.0031069412,held_fold
ISIC_1195961,0,0.0009109996,held_fold
ISIC_1197080,0,0.00028080549,held_fold
ISIC_1198422,0,0.00053621375,held_fold
ISIC_1200689,0,0.0005981258,held_fold
ISIC_1200790,0,0.0015170296,held_fold
ISIC_1200846,0,0.0009637741,held_fold
ISIC_1203983,0,0.0034296252,held_fold
ISIC_1204284,0,0.010416539,held_fold
ISIC_1206384,0,0.107253976,held_fold
ISIC_1207371,0,0.0022524602,held_fold
ISIC_1209365,0,0.009369914,held_fold
ISIC_1209726,0,0.0015914047,held_fold
ISIC_1211024,0,0.0064104176,held_fold
ISIC_1212555,0,0.00037365526,held_fold
ISIC_1213303,0,0.10273679,held_fold
ISIC_1216139,0,0.0037731668,held_fold
ISIC_1219894,0,0.54588974,held_fold
ISIC_1221361,0,0.07802292,held_fold
ISIC_1221691,0,0.0005903508,held_fold
ISIC_1225078,0,0.07418574,held_fold
ISIC_1229366,0,0.0011699995,held_fold
ISIC_1232778,0,0.000837528,held_fold
ISIC_1233389,0,0.0008256312,held_fold
ISIC_1237232,0,0.0011469142,held_fold
ISIC_1237271,0,0.0012055064,held_fold
ISIC_1239088,0,0.0014839286,held_fold
ISIC_1239785,0,0.0019266119,held_fold
ISIC_1240189,0,0.08102316,held_fold
ISIC_1240485,0,0.0009902583,held_fold
ISIC_1241817,1,0.03658712,held_fold
ISIC_1245630,0,0.0007361152,held_fold
ISIC_1247037,0,0.0010350987,held_fold
ISIC_1247254,0,0.004068107,held_fold
ISIC_1247284,0,0.00043524036,held_fold
ISIC_1248275,0,0.0033983316,held_fold
ISIC_1249969,0,0.0026718774,held_fold
ISIC_1255336,1,0.17100544,held_fold
ISIC_1255700,0,0.0019104431,held_fold
ISIC_1256143,0,0.0101920115,held_fold
ISIC_1259537,0,0.00072171405,held_fold
ISIC_1260515,0,0.0026345318,held_fold
ISIC_1263585,0,0.0012477838,held_fold
ISIC_1264576,0,0.0011262981,held_fold
ISIC_1267793,0,0.0030363973,held_fold
ISIC_1268027,0,0.00048946874,held_fold
ISIC_1271536,0,0.001680593,held_fold
ISIC_1273230,0,0.0003166687,held_fold
ISIC_1274220,0,0.016653432,held_fold
ISIC_1277620,0,0.0005049808,held_fold
ISIC_1278971,0,0.0029465954,held_fold
ISIC_1279650,0,0.00080030935,held_fold
ISIC_1280112,0,0.0007252514,held_fold
ISIC_1280780,0,0.00037551412,held_fold
ISIC_1281742,0,0.007041639,held_fold
ISIC_1285870,0,0.00086587947,held_fold
ISIC_1286298,0,0.019957172,held_fold
ISIC_1287495,0,0.0008720513,held_fold
ISIC_1288751,0,0.00032251552,held_fold
ISIC_1288895,0,0.0026537713,held_fold
ISIC_1289608,0,0.0009823088,held_fold
ISIC_1289942,0,0.00531497,held_fold
ISIC_1290920,0,0.012867442,held_fold
ISIC_1293403,0,0.0042643105,held_fold
ISIC_1294049,0,0.0008927402,held_fold
ISIC_1296073,0,0.0013869393,held_fold
ISIC_1296817,0,0.0010832172,held_fold
ISIC_1297965,0,0.0010260043,held_fold
ISIC_1300006,0,0.0022997677,held_fold
ISIC_1300891,0,0.1097287,held_fold
ISIC_1305180,0,0.0006972057,held_fold
ISIC_1307957,0,0.058669917,held_fold
ISIC_1308649,0,0.00041339235,held_fold
ISIC_1310639,0,0.0022247043,held_fold
ISIC_1313659,0,0.004202958,held_fold
ISIC_1318018,0,0.0008639732,held_fold
ISIC_1320957,0,0.0015452097,held_fold
ISIC_1323048,0,0.0151127195,held_fold
ISIC_1327412,0,0.0012480405,held_fold
ISIC_1328488,0,0.0007549321,held_fold
ISIC_1330763,0,0.082686566,held_fold
ISIC_1331112,0,0.0005668854,held_fold
ISIC_1332766,0,0.0003868144,held_fold
ISIC_1334038,0,0.00069552666,held_fold
ISIC_1336351,0,0.0009921342,held_fold
ISIC_1338915,0,0.0005668063,held_fold
ISIC_1340435,0,0.0007410538,held_fold
ISIC_1342082,0,0.0016577083,held_fold
ISIC_1342801,0,0.0056948154,held_fold
ISIC_1342851,0,0.008288344,held_fold
ISIC_1344213,0,0.0014505755,held_fold
ISIC_1344585,0,0.11807331,held_fold
ISIC_1349042,0,0.28133485,held_fold
ISIC_1349213,0,0.0008414027,held_fold
ISIC_1349353,0,0.0015452068,held_fold
ISIC_1349725,0,0.015755342,held_fold
ISIC_1353051,0,0.013048733,held_fold
ISIC_1353094,0,0.014095493,held_fold
ISIC_1353530,0,0.0026543695,held_fold
ISIC_1355890,0,0.04436016,held_fold
ISIC_1355907,0,0.12862067,held_fold
ISIC_1359156,0,0.0008832924,held_fold
ISIC_1361355,0,0.00075194775,held_fold
ISIC_1363047,0,0.0006709114,held_fold
ISIC_1366715,0,0.0012324319,held_fold
ISIC_1367080,0,0.05163553,held_fold
ISIC_1372003,0,0.000693344,held_fold
ISIC_1375476,1,0.007342079,held_fold
ISIC_1376797,0,0.0013929297,held_fold
ISIC_1382198,0,0.0010247129,held_fold
ISIC_1383822,0,0.00063887384,held_fold
ISIC_1384176,0,0.022842698,held_fold
ISIC_1384932,0,0.0005251239,held_fold
ISIC_1386612,0,0.042320184,held_fold
ISIC_1389406,0,0.0040938705,held_fold
ISIC_1389563,0,0.000866458,held_fold
ISIC_1390222,0,0.0031443227,held_fold
ISIC_1390987,0,0.003101069,held_fold
ISIC_1391191,0,0.00025099024,held_fold
ISIC_1392139,0,0.0067232884,held_fold
ISIC_1392459,0,0.00087002007,held_fold
ISIC_1392702,0,0.00076758204,held_fold
ISIC_1394013,0,0.0009925361,held_fold
ISIC_1394029,0,0.0009559622,held_fold
ISIC_1395471,0,0.00085206714,held_fold
ISIC_1398480,0,0.020693334,held_fold
ISIC_1398625,0,0.004280714,held_fold
ISIC_1398631,0,0.0006205681,held_fold
ISIC_1398930,0,0.030200155,held_fold
ISIC_1401045,0,0.0017493039,held_fold
ISIC_1402407,0,0.007160775,held_fold
ISIC_1402840,0,0.0038718027,held_fold
ISIC_1402884,0,0.0019929288,held_fold
ISIC_1407205,0,0.0009437137,held_fold
ISIC_1410408,0,0.000432394,held_fold
ISIC_1412409,0,0.009297816,held_fold
ISIC_1412906,0,0.027646018,held_fold
ISIC_1412976,0,0.050549056,held_fold
ISIC_1414247,0,0.11350247,held_fold
ISIC_1418391,0,0.0009931831,held_fold
ISIC_1419510,0,0.011215916,held_fold
ISIC_1420555,0,0.0006506733,held_fold
ISIC_1428473,0,0.011829719,held_fold
ISIC_1429608,0,0.0006348668,held_fold
ISIC_1434362,0,0.0027252417,held_fold
ISIC_1435656,0,0.0024830538,held_fold
ISIC_1435946,0,0.0008506195,held_fold
ISIC_1437817,0,0.0033066939,held_fold
ISIC_1438269,0,0.00071384397,held_fold
ISIC_1444214,0,0.0015699891,held_fold
ISIC_1445277,0,0.00096919504,held_fold
ISIC_1445790,0,0.00032687208,held_fold
ISIC_1450003,0,0.016976936,held_fold
ISIC_1451530,0,0.0004992542,held_fold
ISIC_1453146,0,0.03430087,held_fold
ISIC_1453787,0,0.0011798509,held_fold
ISIC_1455332,0,0.00077356806,held_fold
ISIC_1456827,0,0.02275346,held_fold
ISIC_1459086,0,0.0006158639,held_fold
ISIC_1462996,0,0.019696442,held_fold
ISIC_1463850,0,0.00057884905,held_fold
ISIC_1465841,0,0.046149086,held_fold
ISIC_1466051,0,0.024614783,held_fold
ISIC_1467083,0,0.0062956153,held_fold
ISIC_1467430,0,0.000879944,held_fold
ISIC_1469380,0,0.00063746027,held_fold
ISIC_1469636,0,0.015962783,held_fold
ISIC_1470250,0,0.0018257657,held_fold
ISIC_1471329,0,0.0047364277,held_fold
ISIC_1475463,0,0.008201966,held_fold
ISIC_1476281,0,0.0055340705,held_fold
ISIC_1477990,0,0.00071659795,held_fold
ISIC_1480787,0,0.0005708808,held_fold
ISIC_1481965,0,0.00093194714,held_fold
ISIC_1482167,0,0.19387971,held_fold
ISIC_1487510,0,0.017291665,held_fold
ISIC_1487670,0,0.0035077243,held_fold
ISIC_1488722,0,0.00095915364,held_fold
ISIC_1497121,0,0.01967144,held_fold
ISIC_1497525,0,0.0008661914,held_fold
ISIC_1501465,0,0.0009981922,held_fold
ISIC_1504363,0,0.04744174,held_fold
ISIC_1506601,0,0.0009055897,held_fold
ISIC_1509056,0,0.0022572028,held_fold
ISIC_1509635,0,0.0011235945,held_fold
ISIC_1511613,0,0.044116475,held_fold
ISIC_1515363,0,0.0010573902,held_fold
ISIC_1515947,0,0.0035226436,held_fold
ISIC_1519429,0,0.0012536288,held_fold
ISIC_1520342,0,0.00046845066,held_fold
ISIC_1521135,0,0.3005168,held_fold
ISIC_1526502,0,0.016833026,held_fold
ISIC_1532912,0,0.0066876602,held_fold
ISIC_1533383,0,0.00055369776,held_fold
ISIC_1534609,0,0.021715706,held_fold
ISIC_1535915,0,0.0046139457,held_fold
ISIC_1536126,0,0.055432178,held_fold
ISIC_1538510,0,0.39177924,held_fold
ISIC_1541659,0,0.00043601193,held_fold
ISIC_1541716,0,0.0012722161,held_fold
ISIC_1543544,0,0.0026521436,held_fold
ISIC_1545213,0,0.011561849,held_fold
ISIC_1545353,0,0.00063796324,held_fold
ISIC_1546653,0,0.008096566,held_fold
ISIC_1550915,0,0.0007966992,held_fold
ISIC_1552507,0,0.0022291064,held_fold
ISIC_1558639,0,0.01014232,held_fold
ISIC_1559267,0,0.00069720973,held_fold
ISIC_1560272,0,0.006302008,held_fold
ISIC_1560455,0,0.001299883,held_fold
ISIC_1562512,0,0.06637832,held_fold
ISIC_1567899,0,0.069164455,held_fold
ISIC_1568268,0,0.0027369396,held_fold
ISIC_1574020,0,0.0005549571,held_fold
ISIC_1574374,0,0.0010652711,held_fold
ISIC_1574947,0,0.006536031,held_fold
ISIC_1578998,0,0.0013396255,held_fold
ISIC_1580619,0,0.20808554,held_fold
ISIC_1580767,0,0.012831991,held_fold
ISIC_1581026,0,0.00049569044,held_fold
ISIC_1582030,0,0.08653647,held_fold
ISIC_1583715,0,0.004579699,held_fold
ISIC_1585605,0,0.0011149675,held_fold
ISIC_1585919,0,0.28137222,held_fold
ISIC_1588022,0,0.001247258,held_fold
ISIC_1590814,0,0.0015394923,held_fold
ISIC_1593431,0,0.00091898744,held_fold
ISIC_1595103,0,0.0007937722,held_fold
ISIC_1595760,0,0.036480866,held_fold
ISIC_1596868,0,0.0018601409,held_fold
ISIC_1597566,0,0.035615675,held_fold
ISIC_1598039,0,0.00034117888,held_fold
ISIC_1598478,0,0.0010797709,held_fold
ISIC_1600448,0,0.011995353,held_fold
ISIC_1600554,0,0.0006396753,held_fold
ISIC_1602348,0,0.006256277,held_fold
ISIC_1603038,0,0.0008655128,held_fold
ISIC_1603834,0,0.012667484,held_fold
ISIC_1604307,0,0.0007229541,held_fold
ISIC_1604845,0,0.0008785759,held_fold
ISIC_1613328,0,0.0004963202,held_fold
ISIC_1615996,0,0.0038604338,held_fold
ISIC_1617676,0,0.0023034324,held_fold
ISIC_1617888,0,0.0006541696,held_fold
ISIC_1619814,0,0.0018126821,held_fold
ISIC_1621479,0,0.0013164724,held_fold
ISIC_1627019,0,0.007491922,held_fold
ISIC_1627111,0,0.001327507,held_fold
ISIC_1631082,0,0.0070298067,held_fold
ISIC_1633816,0,0.028695473,held_fold
ISIC_1636399,0,0.00052281574,held_fold
ISIC_1638625,0,0.00046840374,held_fold
ISIC_1640614,0,0.0011517577,held_fold
ISIC_1641226,0,0.005319532,held_fold
ISIC_1641476,0,0.0006159918,held_fold
ISIC_1641823,0,0.00089927507,held_fold
ISIC_1645738,0,0.0003691,held_fold
ISIC_1646694,0,0.0007334177,held_fold
ISIC_1648826,0,0.0022558803,held_fold
ISIC_1649410,0,0.0038803054,held_fold
ISIC_1655931,0,0.005649854,held_fold
ISIC_1657475,0,0.00062356336,held_fold
ISIC_1658065,0,0.001461778,held_fold
ISIC_1659656,0,0.054083522,held_fold
ISIC_1661324,0,0.00085135055,held_fold
ISIC_1662872,0,0.0023824028,held_fold
ISIC_1665254,0,0.0023377624,held_fold
ISIC_1666516,0,0.0014884447,held_fold
ISIC_1666715,0,0.024724321,held_fold
ISIC_1667953,0,0.00081022904,held_fold
ISIC_1668077,0,0.0044173235,held_fold
ISIC_1668698,0,0.025558788,held_fold
ISIC_1669323,0,0.0055159815,held_fold
ISIC_1669486,0,0.0011039249,held_fold
ISIC_1669883,0,0.0058948286,held_fold
ISIC_1670106,0,0.0009376813,held_fold
ISIC_1670165,0,0.32781473,held_fold
ISIC_1672779,0,0.0013447624,held_fold
ISIC_1672821,0,0.0017565332,held_fold
ISIC_1674797,0,0.001448965,held_fold
ISIC_1681964,0,0.00078847515,held_fold
ISIC_1684266,0,0.0014132706,held_fold
ISIC_1684603,0,0.005617751,held_fold
ISIC_1686556,0,0.036657557,held_fold
ISIC_1687278,0,0.0007895924,held_fold
ISIC_1687478,0,0.00059376133,held_fold
ISIC_1688150,0,0.030895049,held_fold
ISIC_1688301,0,0.0006654593,held_fold
ISIC_1693454,0,0.0043859957,held_fold
ISIC_1695158,0,0.0007300367,held_fold
ISIC_1697847,0,0.008626368,held_fold
ISIC_1698228,0,0.0051187417,held_fold
ISIC_1698942,1,0.5087748,held_fold
ISIC_1699154,0,0.0030143159,held_fold
ISIC_1699530,0,0.0006939159,held_fold
ISIC_1700029,0,0.00039335724,held_fold
ISIC_1700928,0,0.0066992766,held_fold
ISIC_1703130,0,0.0004485148,held_fold
ISIC_1707420,0,0.011697496,held_fold
ISIC_1708568,0,0.0025293771,held_fold
ISIC_1708681,0,0.00057462737,held_fold
ISIC_1709377,0,0.0012414716,held_fold
ISIC_1710970,0,0.00052193,held_fold
ISIC_1711185,0,0.001666461,held_fold
ISIC_1713413,0,0.0009861079,held_fold
ISIC_1716299,0,0.0066477344,held_fold
ISIC_1719300,0,0.0030550023,held_fold
ISIC_1720856,0,0.0006179794,held_fold
ISIC_1724526,0,0.0012215466,held_fold
ISIC_1733995,0,0.009290234,held_fold
ISIC_1740186,0,0.0004784571,held_fold
ISIC_1741487,0,0.007149606,held_fold
ISIC_1743989,0,0.0005034702,held_fold
ISIC_1746597,0,0.0075151646,held_fold
ISIC_1746873,0,0.0007238583,held_fold
ISIC_1747531,0,0.002698376,held_fold
ISIC_1750064,0,0.0009899145,held_fold
ISIC_1750235,0,0.1399084,held_fold
ISIC_1752228,0,0.0069653424,held_fold
ISIC_1753360,0,0.0060841884,held_fold
ISIC_1754491,0,0.043335386,held_fold
ISIC_1755019,0,0.035989717,held_fold
ISIC_1756631,0,0.009480662,held_fold
ISIC_1756660,0,0.002074783,held_fold
ISIC_1759817,0,0.0024558099,held_fold
ISIC_1761878,0,0.0050205593,held_fold
ISIC_1763183,0,0.00050134416,held_fold
ISIC_1763556,0,0.00069026643,held_fold
ISIC_1765453,0,0.0009353252,held_fold
ISIC_1766413,0,0.26153737,held_fold
ISIC_1766619,0,0.04779783,held_fold
ISIC_1767633,0,0.0039555915,held_fold
ISIC_1771944,0,0.0006254906,held_fold
ISIC_1772828,0,0.00072565995,held_fold
ISIC_1777292,0,0.00035365246,held_fold
ISIC_1784613,0,0.0014413024,held_fold
ISIC_1785671,0,0.0021454194,held_fold
ISIC_1787444,0,0.0037638436,held_fold
ISIC_1789191,0,0.0002778155,held_fold
ISIC_1790549,0,0.00079859636,held_fold
ISIC_1792109,0,0.0024435588,held_fold
ISIC_1792867,0,0.0030522589,held_fold
ISIC_1793624,0,0.0041950266,held_fold
ISIC_1793821,0,0.0019992401,held_fold
ISIC_1796387,0,0.0044219475,held_fold
ISIC_1797104,0,0.00047183302,held_fold
ISIC_1797927,0,0.0013849246,held_fold
ISIC_1798404,0,0.014874078,held_fold
ISIC_1799525,0,0.0007515226,held_fold
ISIC_1802502,0,0.009843691,held_fold
ISIC_1807379,0,0.022728845,held_fold
ISIC_1811256,0,0.21352313,held_fold
ISIC_1813445,0,0.0011556576,held_fold
ISIC_1815346,0,0.003959768,held_fold
ISIC_1819071,0,0.00073880155,held_fold
ISIC_1819531,0,0.0006030067,held_fold
ISIC_1819763,0,0.001408529,held_fold
ISIC_1823006,0,0.021638045,held_fold
ISIC_1825481,0,0.0020747592,held_fold
ISIC_1828419,0,0.11136459,held_fold
ISIC_1828549,0,0.0051676794,held_fold
ISIC_1832110,0,0.00102845,held_fold
ISIC_1833337,0,0.007541568,held_fold
ISIC_1834652,0,0.00047539256,held_fold
ISIC_1836914,0,0.0038516258,held_fold
ISIC_1836985,0,0.0016618907,held_fold
ISIC_1841164,0,0.0006441821,held_fold
ISIC_1841919,0,0.00062777504,held_fold
ISIC_1842503,0,0.0014962386,held_fold
ISIC_1846179,0,0.0009100184,held_fold
ISIC_1847556,0,0.0040777605,held_fold
ISIC_1850196,0,0.0005283943,held_fold
ISIC_1851112,0,0.00084213173,held_fold
ISIC_1851709,0,0.00066222856,held_fold
ISIC_1851985,0,0.0007192107,held_fold
ISIC_1855725,0,0.0009979384,held_fold
ISIC_1857989,0,0.0004705124,held_fold
ISIC_1858175,0,0.0061760973,held_fold
ISIC_1868315,0,0.0004198718,held_fold
ISIC_1875729,0,0.0015875185,held_fold
ISIC_1877535,0,0.007399959,held_fold
ISIC_1878422,0,0.022467356,held_fold
ISIC_1880253,0,0.0027699552,held_fold
ISIC_1884425,0,0.014542466,held_fold
ISIC_1885136,0,0.00065901957,held_fold
ISIC_1885174,0,0.004916113,held_fold
ISIC_1886413,0,0.13336717,held_fold
ISIC_1886480,0,0.00086086954,held_fold
ISIC_1887093,0,0.000709853,held_fold
ISIC_1887282,0,0.019609576,held_fold
ISIC_1887647,0,0.0015591705,held_fold
ISIC_1890831,0,0.0014627317,held_fold
ISIC_1891091,0,0.14269221,held_fold
ISIC_1894087,0,0.0009925824,held_fold
ISIC_1894573,0,0.0011355068,held_fold
ISIC_1894741,0,0.055192545,held_fold
ISIC_1897507,0,0.34457135,held_fold
ISIC_1899198,0,0.053811148,held_fold
ISIC_1900558,0,0.00075015886,held_fold
ISIC_1903346,0,0.0005343072,held_fold
ISIC_1903848,0,0.15580705,held_fold
ISIC_1904579,0,0.00066108006,held_fold
ISIC_1905855,0,0.0018488588,held_fold
ISIC_1906729,0,0.003708234,held_fold
ISIC_1911193,0,0.0008446987,held_fold
ISIC_1911390,0,0.00059901096,held_fold
ISIC_1912578,0,0.008121235,held_fold
ISIC_1915434,0,0.008277018,held_fold
ISIC_1916757,0,0.004407499,held_fold
ISIC_1918027,0,0.054780398,held_fold
ISIC_1920523,0,0.0006419613,held_fold
ISIC_1922657,0,0.00068785413,held_fold
ISIC_1924365,0,0.003975892,held_fold
ISIC_1926856,0,0.00030973429,held_fold
ISIC_1928712,0,0.005498716,held_fold
ISIC_1932394,0,0.034153316,held_fold
ISIC_1932488,0,0.04348609,held_fold
ISIC_1932586,0,0.0025717744,held_fold
ISIC_1934152,0,0.0049389554,held_fold
ISIC_1934283,0,0.0011579307,held_fold
ISIC_1935204,0,0.040048063,held_fold
ISIC_1936043,0,0.08776698,held_fold
ISIC_1936684,0,0.016551275,held_fold
ISIC_1938549,0,0.00024950452,held_fold
ISIC_1938692,0,0.04765766,held_fold
ISIC_1941920,0,0.0018997389,held_fold
ISIC_1944326,0,0.0041301944,held_fold
ISIC_1944650,0,0.00038536164,held_fold
ISIC_1944659,0,0.10983865,held_fold
ISIC_1948545,1,0.5966361,held_fold
ISIC_1949047,0,0.0037279872,held_fold
ISIC_1949257,0,0.000881547,held_fold
ISIC_1950282,0,0.00061951915,held_fold
ISIC_1950569,0,0.013656648,held_fold
ISIC_1951999,0,0.00551964,held_fold
ISIC_1952298,0,0.0015612623,held_fold
ISIC_1954217,0,0.0012346443,held_fold
ISIC_1960360,0,0.00041278472,held_fold
ISIC_1960393,0,0.0026845678,held_fold
ISIC_1960446,0,0.00056804373,held_fold
ISIC_1960468,0,0.00089548464,held_fold
ISIC_1962061,0,0.0009952442,held_fold
ISIC_1963919,0,0.63305426,held_fold
ISIC_1966014,0,0.0013399215,held_fold
ISIC_1968421,1,0.0024958516,held_fold
ISIC_1968712,0,0.00061749545,held_fold
ISIC_1970738,0,0.002932458,held_fold
ISIC_1971254,0,0.0011061851,held_fold
ISIC_1972309,0,0.0058334367,held_fold
ISIC_1973815,0,0.21221013,held_fold
ISIC_1975192,0,0.011402998,held_fold
ISIC_1978439,0,0.00086986704,held_fold
ISIC_1978947,0,0.0015893597,held_fold
ISIC_1979109,0,0.0015309914,held_fold
ISIC_1979996,0,0.005827828,held_fold
ISIC_1984442,0,0.023866601,held_fold
ISIC_1985209,0,0.0008636219,held_fold
ISIC_1985436,0,0.040759157,held_fold
ISIC_1988596,0,0.008465231,held_fold
ISIC_1988781,0,0.00090345973,held_fold
ISIC_1990651,0,0.00060933165,held_fold
ISIC_1993374,0,0.00067379134,held_fold
ISIC_1993529,0,0.0013659039,held_fold
ISIC_1994515,0,0.013386386,held_fold
ISIC_1994545,0,0.00052973494,held_fold
ISIC_1995402,0,0.15433533,held_fold
ISIC_2000959,0,0.004481859,held_fold
ISIC_2003200,0,0.00035590315,held_fold
ISIC_2004386,0,0.0023666013,held_fold
ISIC_2006235,0,0.00072837033,held_fold
ISIC_2006424,0,0.0007887689,held_fold
ISIC_2008230,0,0.015201523,held_fold
ISIC_2009096,0,0.0014425779,held_fold
ISIC_2009728,0,0.00088486215,held_fold
ISIC_2010698,0,0.0991269,held_fold
ISIC_2012388,0,0.06796656,held_fold
ISIC_2014917,0,0.004006037,held_fold
ISIC_2015266,0,0.001279706,held_fold
ISIC_2015293,0,0.00058892334,held_fold
ISIC_2018116,0,0.0025054573,held_fold
ISIC_2020317,0,0.0011008652,held_fold
ISIC_2022525,0,0.0011311339,held_fold
ISIC_2024062,0,0.0014351965,held_fold
ISIC_2027582,1,0.029802116,held_fold
ISIC_2027733,0,0.00038187977,held_fold
ISIC_2030126,0,0.0025075746,held_fold
ISIC_2030997,0,0.00073596585,held_fold
ISIC_2032658,0,0.066470504,held_fold
ISIC_2033106,0,0.0010598187,held_fold
ISIC_2034313,0,0.0006623804,held_fold
ISIC_2035134,0,0.014457978,held_fold
ISIC_2039259,0,0.005888397,held_fold
ISIC_2041109,0,0.0031657985,held_fold
ISIC_2042797,0,0.0007938445,held_fold
ISIC_2044283,0,0.0067413007,held_fold
ISIC_2046891,0,0.024593469,held_fold
ISIC_2047914,0,0.18049252,held_fold
ISIC_2051486,0,0.014345819,held_fold
ISIC_2054066,0,0.010672097,held_fold
ISIC_2054705,0,0.0016847429,held_fold
ISIC_2056468,0,0.003199626,held_fold
ISIC_2058126,0,0.0103815915,held_fold
ISIC_2058911,0,0.0005189091,held_fold
ISIC_2059464,0,0.100581914,held_fold
ISIC_2060202,0,0.0055763093,held_fold
ISIC_2067317,0,0.0017545024,held_fold
ISIC_2070085,0,0.0017113399,held_fold
ISIC_2071418,0,0.18182567,held_fold
ISIC_2071966,1,0.07660019,held_fold
ISIC_2072302,0,0.0010335167,held_fold
ISIC_2075546,0,0.0016281924,held_fold
ISIC_2075799,0,0.002555792,held_fold
ISIC_2077116,1,0.005020259,held_fold
ISIC_2078613,0,0.0011130032,held_fold
ISIC_2083677,0,0.020760939,held_fold
ISIC_2086580,0,0.0005800779,held_fold
ISIC_2087641,0,0.0010499011,held_fold
ISIC_2092911,0,0.0003774972,held_fold
ISIC_2094064,0,0.008465407,held_fold
ISIC_2095143,0,0.0015369656,held_fold
ISIC_2096695,0,0.0014964568,held_fold
ISIC_2096870,0,0.013020244,held_fold
ISIC_2097809,0,0.003204623,held_fold
ISIC_2098959,0,0.0013260677,held_fold
ISIC_2099059,0,0.005642465,held_fold
ISIC_2099525,0,0.0011957865,held_fold
ISIC_2100500,0,0.0011006665,held_fold
ISIC_2101389,0,0.0006746941,held_fold
ISIC_2103581,0,0.0014644412,held_fold
ISIC_2104341,0,0.0005594469,held_fold
ISIC_2104877,0,0.0008192159,held_fold
ISIC_2106823,0,0.00047697735,held_fold
ISIC_2109658,0,0.00221002,held_fold
ISIC_2109766,0,0.0036612723,held_fold
ISIC_2111605,0,0.00088372006,held_fold
ISIC_2114035,0,0.000873843,held_fold
ISIC_2114564,0,0.20426457,held_fold
ISIC_2115921,0,0.0015941489,held_fold
ISIC_2115937,0,0.0010340357,held_fold
ISIC_2122918,0,0.0066188658,held_fold
ISIC_2123513,0,0.0016534297,held_fold
ISIC_2126575,0,0.000525891,held_fold
ISIC_2126688,0,0.005121843,held_fold
ISIC_2131962,0,0.0011970965,held_fold
ISIC_2133381,0,0.0005527476,held_fold
ISIC_2134175,0,0.0005460849,held_fold
ISIC_2134267,0,0.0007912216,held_fold
ISIC_2134753,0,0.12720118,held_fold
ISIC_2136193,0,0.0006214784,held_fold
ISIC_2137735,0,0.1795408,held_fold
ISIC_2138357,0,0.04557887,held_fold
ISIC_2139387,0,0.19481854,held_fold
ISIC_2140099,0,0.085980125,held_fold
ISIC_2141003,0,0.0014969107,held_fold
ISIC_2141786,0,0.0010412581,held_fold
ISIC_2142115,0,0.00030017988,held_fold
ISIC_2142673,0,0.00070239964,held_fold
ISIC_2143002,0,0.0023602063,held_fold
ISIC_2144220,0,0.0019401244,held_fold
ISIC_2146346,0,0.0005788104,held_fold
ISIC_2147342,0,0.0006869007,held_fold
ISIC_2147395,0,0.00030072412,held_fold
ISIC_2149531,0,0.001185382,held_fold
ISIC_2149858,0,0.0025866257,held_fold
ISIC_2150221,0,0.1130083,held_fold
ISIC_2151846,0,0.005858602,held_fold
ISIC_2151856,0,0.0012219744,held_fold
ISIC_2154157,0,0.0045743007,held_fold
ISIC_2154237,0,0.008850073,held_fold
ISIC_2154275,0,0.29206255,held_fold
ISIC_2157103,0,0.00071877806,held_fold
ISIC_2157354,0,0.0005446445,held_fold
ISIC_2157630,0,0.004687296,held_fold
ISIC_2158377,0,0.00033737937,held_fold
ISIC_2159982,0,0.01846172,held_fold
ISIC_2160913,0,0.001771699,held_fold
ISIC_2161444,0,0.00044282866,held_fold
ISIC_2162120,0,0.0025300365,held_fold
ISIC_2162728,0,0.0024801523,held_fold
ISIC_2163734,0,0.008334198,held_fold
ISIC_2169311,0,0.0066826227,held_fold
ISIC_2170868,0,0.0052395645,held_fold
ISIC_2172329,0,0.0012839107,held_fold
ISIC_2173158,0,0.0017530181,held_fold
ISIC_2174927,0,0.0019050401,held_fold
ISIC_2176112,1,0.04185215,held_fold
ISIC_2178583,0,0.013131062,held_fold
ISIC_2178817,0,0.040501647,held_fold
ISIC_2180599,0,0.0013731478,held_fold
ISIC_2183722,0,0.057862926,held_fold
ISIC_2189426,0,0.0010252739,held_fold
ISIC_2190821,0,0.0026945034,held_fold
ISIC_2194141,0,0.00071134424,held_fold
ISIC_2195070,0,0.025654908,held_fold
ISIC_2195125,0,0.06922089,held_fold
ISIC_2196127,0,0.0015826275,held_fold
ISIC_2198030,0,0.0020291253,held_fold
ISIC_2198244,0,0.0005695894,held_fold
ISIC_2198278,0,0.0004028234,held_fold
ISIC_2201390,0,0.0006183756,held_fold
ISIC_2202665,0,0.12117755,held_fold
ISIC_2203163,0,0.0008106433,held_fold
ISIC_2204121,0,0.019440897,held_fold
ISIC_2204393,0,0.0017125265,held_fold
ISIC_2212697,0,0.0014955478,held_fold
ISIC_2214769,0,0.0006331601,held_fold
ISIC_2215276,0,0.0018101301,held_fold
ISIC_2215371,0,0.0012966804,held_fold
ISIC_2216568,0,0.0021880527,held_fold
ISIC_2217230,0,0.001149138,held_fold
ISIC_2220092,0,0.00042960056,held_fold
ISIC_2221217,1,0.7148662,held_fold
ISIC_2222349,0,0.0008950347,held_fold
ISIC_2223049,0,0.0011808588,held_fold
ISIC_2225058,0,0.0021880912,held_fold
ISIC_2227134,0,0.002953462,held_fold
ISIC_2229806,0,0.0011315633,held_fold
ISIC_2231078,0,0.005450657,held_fold
ISIC_2231191,0,0.0007304007,held_fold
ISIC_2232883,0,0.0014399333,held_fold
ISIC_2234161,0,0.0013404047,held_fold
ISIC_2234794,0,0.21721646,held_fold
ISIC_2238187,0,0.00240413,held_fold
ISIC_2242628,0,0.043415822,held_fold
ISIC_2243225,0,0.0045490474,held_fold
ISIC_2243372,0,0.0009499187,held_fold
ISIC_2243924,0,0.00040812406,held_fold
ISIC_2244564,0,0.004499593,held_fold
ISIC_2245325,0,0.0056760698,held_fold
ISIC_2245709,0,0.00040045302,held_fold
ISIC_2250133,0,0.0007677389,held_fold
ISIC_2250587,0,0.0010341505,held_fold
ISIC_2250936,0,0.062373657,held_fold
ISIC_2256519,0,0.008791736,held_fold
ISIC_2262805,0,0.0005987573,held_fold
ISIC_2263504,0,0.00090212346,held_fold
ISIC_2263540,0,0.00060577743,held_fold
ISIC_2265409,0,0.16122904,held_fold
ISIC_2265902,0,0.00075009343,held_fold
ISIC_2273366,0,0.000475386,held_fold
ISIC_2274568,0,0.0008484825,held_fold
ISIC_2279329,0,0.0010753358,held_fold
ISIC_2280429,0,0.00051845366,held_fold
ISIC_2284607,0,0.010402696,held_fold
ISIC_2287066,0,0.060420778,held_fold
ISIC_2288866,0,0.0005320931,held_fold
ISIC_2289276,0,0.038631734,held_fold
ISIC_2289721,0,0.0054985937,held_fold
ISIC_2291794,0,0.0026408979,held_fold
ISIC_2292593,0,0.032917842,held_fold
ISIC_2293230,0,0.0012324501,held_fold
ISIC_2293977,0,0.00082049833,held_fold
ISIC_2296431,0,0.00039916494,held_fold
ISIC_2298440,0,0.0042272857,held_fold
ISIC_2300635,0,0.0048405696,held_fold
ISIC_2302257,0,0.00026966265,held_fold
ISIC_2302713,0,0.0006099406,held_fold
ISIC_2304753,0,0.0017054294,held_fold
ISIC_2305651,0,0.0006458403,held_fold
ISIC_2307135,0,0.007928027,held_fold
ISIC_2307760,0,0.0009969025,held_fold
ISIC_2309744,1,0.413264,held_fold
ISIC_2310870,0,0.0009937008,held_fold
ISIC_2311125,0,0.0005715842,held_fold
ISIC_2315118,0,0.0032388621,held_fold
ISIC_2322347,0,0.0005501773,held_fold
ISIC_2326940,0,0.00090516574,held_fold
ISIC_2328690,0,0.005701186,held_fold
ISIC_2333883,0,0.00068909384,held_fold
ISIC_2334293,0,0.0014169336,held_fold
ISIC_2337907,1,0.7419078,held_fold
ISIC_2338485,0,0.0005784169,held_fold
ISIC_2340635,0,0.00026845108,held_fold
ISIC_2341875,1,0.6483129,held_fold
ISIC_2342989,0,0.0005778769,held_fold
ISIC_2351018,0,0.018375847,held_fold
ISIC_2351242,0,0.00077321695,held_fold
ISIC_2354682,0,0.002524567,held_fold
ISIC_2357533,0,0.12915914,held_fold
ISIC_2365225,0,0.0014649902,held_fold
ISIC_2365917,0,0.05674648,held_fold
ISIC_2369620,0,0.005156359,held_fold
ISIC_2370136,0,0.003494213,held_fold
ISIC_2374434,0,0.0009081851,held_fold
ISIC_2375394,0,0.0032337753,held_fold
ISIC_2375586,0,0.00069098314,held_fold
ISIC_2377039,0,0.002770797,held_fold
ISIC_2378211,0,0.0032278786,held_fold
ISIC_2379024,0,0.0011878433,held_fold
ISIC_2384774,0,0.03248062,held_fold
ISIC_2389688,0,0.0010793585,held_fold
ISIC_2390695,0,0.00046180366,held_fold
ISIC_2391053,0,0.0003947547,held_fold
ISIC_2391627,0,0.0065711653,held_fold
ISIC_2393984,0,0.0008196454,held_fold
ISIC_2399613,0,0.00091708486,held_fold
ISIC_2399943,0,0.013308594,held_fold
ISIC_2400548,0,0.0010654305,held_fold
ISIC_2400766,0,0.009370525,held_fold
ISIC_2401189,0,0.004330058,held_fold
ISIC_2403471,0,0.010751445,held_fold
ISIC_2404691,0,0.0011252499,held_fold
ISIC_2407121,0,0.0069025634,held_fold
ISIC_2411050,0,0.0022813494,held_fold
ISIC_2412113,1,0.13149089,held_fold
ISIC_2412805,0,0.0014021178,held_fold
ISIC_2414250,0,0.00050365424,held_fold
ISIC_2417958,0,0.17226867,held_fold
ISIC_2419448,0,0.0010238171,held_fold
ISIC_2420067,0,0.0033545308,held_fold
ISIC_2421486,0,0.0032914288,held_fold
ISIC_2423677,0,0.15147413,held_fold
ISIC_2423735,0,0.0011819742,held_fold
ISIC_2426893,0,0.012362668,held_fold
ISIC_2428478,0,0.11935069,held_fold
ISIC_2430937,0,0.0012987915,held_fold
ISIC_2431696,0,0.0012366251,held_fold
ISIC_2432466,0,0.0005635929,held_fold
ISIC_2432948,0,0.0020832238,held_fold
ISIC_2434965,0,0.00068445865,held_fold
ISIC_2435789,0,0.0012612724,held_fold
ISIC_2438305,0,0.02970129,held_fold
ISIC_2438935,0,0.00045326477,held_fold
ISIC_2442872,0,0.0011168608,held_fold
ISIC_2443396,0,0.00086925353,held_fold
ISIC_2448750,0,0.00059721014,held_fold
ISIC_2450785,0,0.001508739,held_fold
ISIC_2450957,0,0.00093507656,held_fold
ISIC_2451070,0,0.0004451276,held_fold
ISIC_2454898,0,0.0005750281,held_fold
ISIC_2455081,0,0.000767484,held_fold
ISIC_2457024,0,0.00045492136,held_fold
ISIC_2460354,0,0.0006530639,held_fold
ISIC_2461164,0,0.013788542,held_fold
ISIC_2461360,0,0.0013662011,held_fold
ISIC_2461602,0,0.0022059523,held_fold
ISIC_2465244,0,0.0008653549,held_fold
ISIC_2472177,0,0.0071679037,held_fold
ISIC_2474275,0,0.1405781,held_fold
ISIC_2474406,0,0.15384707,held_fold
ISIC_2476624,0,0.003892925,held_fold
ISIC_2478860,0,0.0003375238,held_fold
ISIC_2479512,0,0.00056702195,held_fold
ISIC_2479876,0,0.0033011483,held_fold
ISIC_2480178,0,0.0008013705,held_fold
ISIC_2482061,0,0.0020613433,held_fold
ISIC_2486088,0,0.00050599047,held_fold
ISIC_2486891,0,0.17979854,held_fold
ISIC_2487678,0,0.0021027685,held_fold
ISIC_2487716,0,0.032218847,held_fold
ISIC_2489834,0,0.00051418244,held_fold
ISIC_2495644,0,0.00038332157,held_fold
ISIC_2496831,0,0.000619616,held_fold
ISIC_2497814,0,0.000964109,held_fold
ISIC_2498076,0,0.008703083,held_fold
ISIC_2499417,0,0.00042355355,held_fold
ISIC_2507340,0,0.0007526281,held_fold
ISIC_2507701,0,0.0014254886,held_fold
ISIC_2507845,0,0.005780745,held_fold
ISIC_2509329,0,0.0026345542,held_fold
ISIC_2509796,0,0.001000903,held_fold
ISIC_2510414,0,0.0017655912,held_fold
ISIC_2511771,0,0.14855146,held_fold
ISIC_2511975,0,0.0019850414,held_fold
ISIC_2512817,0,0.002454911,held_fold
ISIC_2517038,0,0.10224666,held_fold
ISIC_2521424,0,0.00057160546,held_fold
ISIC_2522677,0,0.00063223153,held_fold
ISIC_2523676,0,0.0007076174,held_fold
ISIC_2524113,0,0.00046644016,held_fold
ISIC_2536779,0,0.0005835059,held_fold
ISIC_2539017,0,0.012333748,held_fold
ISIC_2542073,0,0.0021242585,held_fold
ISIC_2544309,0,0.0015441609,held_fold
ISIC_2546644,0,0.0007373966,held_fold
ISIC_2549727,0,0.0023535958,held_fold
ISIC_2553070,0,0.0020962928,held_fold
ISIC_2556851,0,0.0013594261,held_fold
ISIC_2560301,0,0.0152521795,held_fold
ISIC_2563374,0,0.008045611,held_fold
ISIC_2565154,0,0.00028637724,held_fold
ISIC_2567786,0,0.0014897819,held_fold
ISIC_2570104,0,0.008619116,held_fold
ISIC_2570413,0,0.0007217309,held_fold
ISIC_2577003,0,0.0008214097,held_fold
ISIC_2577881,0,0.00058904034,held_fold
ISIC_2578478,0,0.016971687,held_fold
ISIC_2578651,0,0.0008891772,held_fold
ISIC_2580891,0,0.0008104267,held_fold
ISIC_2581536,0,0.0002639025,held_fold
ISIC_2586937,0,0.0005210629,held_fold
ISIC_2586968,0,0.00056028715,held_fold
ISIC_2588167,0,0.0011393164,held_fold
ISIC_2588529,0,0.0018757756,held_fold
ISIC_2589000,0,0.001132315,held_fold
ISIC_2592034,0,0.0015340764,held_fold
ISIC_2596262,0,0.014525022,held_fold
ISIC_2596814,0,0.0008919078,held_fold
ISIC_2598044,0,0.0006985205,held_fold
ISIC_2599661,0,0.0006216668,held_fold
ISIC_2601166,0,0.0006023837,held_fold
ISIC_2605178,0,0.001888131,held_fold
ISIC_2610429,0,0.0008508964,held_fold
ISIC_2616987,0,0.00039942056,held_fold
ISIC_2618859,0,0.0018537809,held_fold
ISIC_2619533,0,0.0033409472,held_fold
ISIC_2621205,0,0.012735634,held_fold
ISIC_2622189,0,0.000954376,held_fold
ISIC_2623016,0,0.0044556204,held_fold
ISIC_2624451,0,0.0020908415,held_fold
ISIC_2624460,0,0.00064848206,held_fold
ISIC_2629618,0,0.023578811,held_fold
ISIC_2629965,0,0.105222926,held_fold
ISIC_2631302,0,0.00044832737,held_fold
ISIC_2631643,0,0.0037881485,held_fold
ISIC_2631789,0,0.0009774733,held_fold
ISIC_2633073,0,0.0014035138,held_fold
ISIC_2636561,0,0.000578431,held_fold
ISIC_2643646,0,0.0013705179,held_fold
ISIC_2644457,0,0.00017910171,held_fold
ISIC_2645333,0,0.005141909,held_fold
ISIC_2645655,0,0.00088131265,held_fold
ISIC_2646761,0,0.0049999827,held_fold
ISIC_2647269,0,0.000856672,held_fold
ISIC_2647657,0,0.001720773,held_fold
ISIC_2648261,0,0.00061321526,held_fold
ISIC_2650571,0,0.032204818,held_fold
ISIC_2651065,0,0.0011706605,held_fold
ISIC_2654197,0,0.00071584614,held_fold
ISIC_2657913,0,0.00069922325,held_fold
ISIC_2659654,0,0.0010028358,held_fold
ISIC_2665498,0,0.01110726,held_fold
ISIC_2668481,1,0.20598856,held_fold
ISIC_2669526,0,0.0059078364,held_fold
ISIC_2674517,0,0.002191788,held_fold
ISIC_2679975,0,0.0014387326,held_fold
ISIC_2681055,0,0.012633654,held_fold
ISIC_2681497,0,0.03265231,held_fold
ISIC_2685592,0,0.0011017004,held_fold
ISIC_2685628,0,0.0005823153,held_fold
ISIC_2685681,0,0.06899145,held_fold
ISIC_2691209,0,0.0007059035,held_fold
ISIC_2694059,0,0.0009085269,held_fold
ISIC_2694383,0,0.004860392,held_fold
ISIC_2698234,0,0.20721765,held_fold
ISIC_2700802,0,0.0016128063,held_fold
ISIC_2706378,0,0.00044341577,held_fold
ISIC_2714496,0,0.0007160399,held_fold
ISIC_2716425,0,0.005531541,held_fold
ISIC_2720790,0,0.00046495392,held_fold
ISIC_2720851,0,0.0005325386,held_fold
ISIC_2721934,0,0.0037999246,held_fold
ISIC_2723407,0,0.05526734,held_fold
ISIC_2726186,0,0.00062381534,held_fold
ISIC_2726570,0,0.0008655409,held_fold
ISIC_2730243,0,0.0001547349,held_fold
ISIC_2730501,0,0.0006469135,held_fold
ISIC_2730629,0,0.0031042786,held_fold
ISIC_2732429,0,0.0026454884,held_fold
ISIC_2733013,0,0.0010642026,held_fold
ISIC_2733056,0,0.00057391386,held_fold
ISIC_2733902,0,0.001494621,held_fold
ISIC_2735273,0,0.0010683143,held_fold
ISIC_2736880,0,0.00042244664,held_fold
ISIC_2738992,0,0.078527436,held_fold
ISIC_2741857,0,0.012219477,held_fold
ISIC_2741998,0,0.00036217878,held_fold
ISIC_2746051,0,0.0009940341,held_fold
ISIC_2754949,0,0.001206387,held_fold
ISIC_2755667,0,0.0073850537,held_fold
ISIC_2760037,0,0.0006282368,held_fold
ISIC_2761622,0,0.17042384,held_fold
ISIC_2762964,0,0.0049634557,held_fold
ISIC_2771657,0,0.0007204486,held_fold
ISIC_2772616,0,0.0007851574,held_fold
ISIC_2776098,0,0.0012237675,held_fold
ISIC_2776702,0,0.055817194,held_fold
ISIC_2777123,0,0.024185712,held_fold
ISIC_2778027,0,0.0012661357,held_fold
ISIC_2779521,0,0.00046337745,held_fold
ISIC_2782066,0,0.00089657615,held_fold
ISIC_2782870,0,0.0008099257,held_fold
ISIC_2783331,0,0.0057567735,held_fold
ISIC_2784686,0,0.00028549644,held_fold
ISIC_2786082,0,0.13693802,held_fold
ISIC_2786383,0,0.005639908,held_fold
ISIC_2787702,1,0.1552028,held_fold
ISIC_2788847,0,0.00017458861,held_fold
ISIC_2788933,0,0.00067091326,held_fold
ISIC_2790365,0,0.0017509751,held_fold
ISIC_2791755,0,0.00049365626,held_fold
ISIC_2792248,0,0.0019797669,held_fold
ISIC_2792606,0,0.156307,held_fold
ISIC_2793085,0,0.3107638,held_fold
ISIC_2794624,0,0.18231903,held_fold
ISIC_2795036,0,0.000833037,held_fold
ISIC_2797576,0,0.00058296864,held_fold
ISIC_2799787,0,0.0008413674,held_fold
ISIC_2800015,0,0.0038379761,held_fold
ISIC_2801042,0,0.0016691524,held_fold
ISIC_2808424,0,0.0028130058,held_fold
ISIC_2809880,0,0.005914096,held_fold
ISIC_2812230,0,0.0005960083,held_fold
ISIC_2814715,0,0.00052763533,held_fold
ISIC_2817878,0,0.0007004104,held_fold
ISIC_2818042,0,0.0015439786,held_fold
ISIC_2818953,0,0.00045466074,held_fold
ISIC_2819798,0,0.0004854428,held_fold
ISIC_2820278,0,0.0014889146,held_fold
ISIC_2821812,0,0.0020660383,held_fold
ISIC_2822718,1,0.23324457,held_fold
ISIC_2824478,0,0.0006453002,held_fold
ISIC_2826618,0,0.0009229919,held_fold
ISIC_2827155,0,0.0029941224,held_fold
ISIC_2828977,0,0.002745018,held_fold
ISIC_2829414,0,0.0004794236,held_fold
ISIC_2830650,0,0.008054681,held_fold
ISIC_2838426,0,0.0042707254,held_fold
ISIC_2841132,0,0.0012020001,held_fold
ISIC_2843245,0,0.065602675,held_fold
ISIC_2844539,1,0.22080104,held_fold
ISIC_2845856,0,0.0008354923,held_fold
ISIC_2846217,0,0.006018217,held_fold
ISIC_2846402,0,0.024185853,held_fold
ISIC_2847555,0,0.00052747235,held_fold
ISIC_2848606,0,0.24184057,held_fold
ISIC_2851852,0,0.0032338134,held_fold
ISIC_2852805,0,0.0010035478,held_fold
ISIC_2854220,0,0.00078798394,held_fold
ISIC_2854416,0,0.022509012,held_fold
ISIC_2855626,0,0.031689506,held_fold
ISIC_2856521,0,0.1127843,held_fold
ISIC_2860548,0,0.0007624268,held_fold
ISIC_2861793,0,0.00050438015,held_fold
ISIC_2863172,0,0.19153446,held_fold
ISIC_2863623,0,0.0011084662,held_fold
ISIC_2863809,0,0.13807458,held_fold
ISIC_2864383,0,0.009092411,held_fold
ISIC_2871456,0,0.00089612603,held_fold
ISIC_2873294,0,0.0022893483,held_fold
ISIC_2875807,0,0.00071521336,held_fold
ISIC_2876073,0,0.00074046396,held_fold
ISIC_2876105,0,0.0056717447,held_fold
ISIC_2876963,0,0.0012393845,held_fold
ISIC_2877029,0,0.002360687,held_fold
ISIC_2878344,0,0.00051090616,held_fold
ISIC_2887355,0,0.0008007297,held_fold
ISIC_2888272,0,0.0005164406,held_fold
ISIC_2889562,0,0.16557293,held_fold
ISIC_2892069,0,0.00059568265,held_fold
ISIC_2893823,0,0.0017815229,held_fold
ISIC_2894809,0,0.00978105,held_fold
ISIC_2895308,0,0.039426144,held_fold
ISIC_2900069,0,0.00055911933,held_fold
ISIC_2901605,0,0.0005182857,held_fold
ISIC_2902129,0,0.0028208564,held_fold
ISIC_2902328,0,0.00045845468,held_fold
ISIC_2903423,0,0.026133649,held_fold
ISIC_2907527,0,0.002439956,held_fold
ISIC_2909968,0,0.015277961,held_fold
ISIC_2910834,0,0.0021221328,held_fold
ISIC_2914160,0,0.00048262082,held_fold
ISIC_2915747,0,0.00034714057,held_fold
ISIC_2916510,0,0.0010465981,held_fold
ISIC_2919624,0,0.0014478216,held_fold
ISIC_2923483,0,0.00085997424,held_fold
ISIC_2923525,0,0.0009581421,held_fold
ISIC_2924066,0,0.0015581881,held_fold
ISIC_2924486,0,0.0058951136,held_fold
ISIC_2925481,0,0.01439319,held_fold
ISIC_2927109,0,0.003487187,held_fold
ISIC_2927891,0,0.000839236,held_fold
ISIC_2929184,0,0.00041587817,held_fold
ISIC_2929993,0,0.0011171694,held_fold
ISIC_2931458,0,0.0073030815,held_fold
ISIC_2938260,0,0.008965129,held_fold
ISIC_2940763,0,0.17108293,held_fold
ISIC_2940803,0,0.0038363596,held_fold
ISIC_2941103,0,0.09785696,held_fold
ISIC_2941288,0,0.00047064852,held_fold
ISIC_2942220,0,0.0015232583,held_fold
ISIC_2943327,0,0.0010164861,held_fold
ISIC_2944480,0,0.0030475324,held_fold
ISIC_2944844,0,0.00014848678,held_fold
ISIC_2945324,0,0.00091973896,held_fold
ISIC_2945640,0,0.014938095,held_fold
ISIC_2946626,0,0.000558798,held_fold
ISIC_2951492,0,0.13966216,held_fold
ISIC_2951662,0,0.08526946,held_fold
ISIC_2953179,0,0.024133079,held_fold
ISIC_2954564,0,0.0015503198,held_fold
ISIC_2963464,0,0.0405419,held_fold
ISIC_2966047,0,0.0005796158,held_fold
ISIC_2968668,0,0.001442519,held_fold
ISIC_2969101,0,0.00066220306,held_fold
ISIC_2969968,0,0.024580838,held_fold
ISIC_2971969,0,0.0013665218,held_fold
ISIC_2974155,0,0.05774754,held_fold
ISIC_2981912,0,0.15601483,held_fold
ISIC_2986565,0,0.0011433418,held_fold
ISIC_2988437,0,0.0043086656,held_fold
ISIC_2988460,0,0.00062535447,held_fold
ISIC_2996791,0,0.00065846276,held_fold
ISIC_3001462,0,0.008173904,held_fold
ISIC_3002956,1,0.1352344,held_fold
ISIC_3003397,0,0.04351889,held_fold
ISIC_3003779,0,0.007281956,held_fold
ISIC_3005651,0,0.038380016,held_fold
ISIC_3008539,0,0.0013168989,held_fold
ISIC_3008916,0,0.0009399335,held_fold
ISIC_3009892,0,0.0031483069,held_fold
ISIC_3010072,0,0.0012956385,held_fold
ISIC_3010577,0,0.0012130938,held_fold
ISIC_3011638,0,0.0027356602,held_fold
ISIC_3012305,0,0.019293655,held_fold
ISIC_3013468,0,0.00036661822,held_fold
ISIC_3015774,0,0.0020223658,held_fold
ISIC_3016219,0,0.0032194408,held_fold
ISIC_3018184,0,0.00047632653,held_fold
ISIC_3018475,0,0.007452442,held_fold
ISIC_3018550,0,0.018498134,held_fold
ISIC_3020913,0,0.000651565,held_fold
ISIC_3023048,0,0.00047696623,held_fold
ISIC_3023452,0,0.00078952475,held_fold
ISIC_3026023,0,0.05989219,held_fold
ISIC_3026660,0,0.00034376633,held_fold
ISIC_3026934,0,0.0003961031,held_fold
ISIC_3029087,0,0.0041175927,held_fold
ISIC_3029937,0,0.0012084098,held_fold
ISIC_3033290,0,0.001028543,held_fold
ISIC_3034292,0,0.00329253,held_fold
ISIC_3034390,0,0.12184434,held_fold
ISIC_3034987,0,0.0034744183,held_fold
ISIC_3035461,0,0.04011062,held_fold
ISIC_3038869,0,0.0021667937,held_fold
ISIC_3039519,0,0.0018534511,held_fold
ISIC_3039880,0,0.0012794343,held_fold
ISIC_3043219,0,0.046304274,held_fold
ISIC_3043346,0,0.0006345356,held_fold
ISIC_3043475,0,0.0011931708,held_fold
ISIC_3049028,0,0.0011906356,held_fold
ISIC_3057335,0,0.68994796,held_fold
ISIC_3059967,0,0.0017511619,held_fold
ISIC_3069307,0,0.051150408,held_fold
ISIC_3069594,0,0.0006744421,held_fold
ISIC_3072311,0,0.00068507594,held_fold
ISIC_3072844,0,0.0004215865,held_fold
ISIC_3073001,0,0.0049860654,held_fold
ISIC_3079355,0,0.0011474414,held_fold
ISIC_3081858,0,0.0056603514,held_fold
ISIC_3082027,0,0.000793619,held_fold
ISIC_3082172,0,0.0010792593,held_fold
ISIC_3084312,1,0.0026965265,held_fold
ISIC_3085118,0,0.004315798,held_fold
ISIC_3086476,0,0.004846923,held_fold
ISIC_3087371,0,0.008325,held_fold
ISIC_3087433,0,0.00064042566,held_fold
ISIC_3088019,0,0.0007549155,held_fold
ISIC_3089119,0,0.0008122939,held_fold
ISIC_3091549,0,0.022400882,held_fold
ISIC_3091757,0,0.0014869706,held_fold
ISIC_3093620,0,0.00050958816,held_fold
ISIC_3095085,0,0.0058558816,held_fold
ISIC_3095600,0,0.011463473,held_fold
ISIC_3097253,0,0.0012139116,held_fold
ISIC_3098750,0,0.0015832358,held_fold
ISIC_3103417,0,0.0006783889,held_fold
ISIC_3103863,0,0.0007006283,held_fold
ISIC_3105136,0,0.022311907,held_fold
ISIC_3106058,0,0.00092234585,held_fold
ISIC_3107526,0,0.00852525,held_fold
ISIC_3108765,0,0.10805059,held_fold
ISIC_3111042,0,0.0016004874,held_fold
ISIC_3111591,0,0.035179805,held_fold
ISIC_3111680,0,0.001956244,held_fold
ISIC_3111722,0,0.0012452834,held_fold
ISIC_3114020,0,0.00047705445,held_fold
ISIC_3114110,0,0.0024216867,held_fold
ISIC_3114154,0,0.0029111179,held_fold
ISIC_3115327,0,0.027747426,held_fold
ISIC_3117632,0,0.0070282156,held_fold
ISIC_3123099,0,0.006031089,held_fold
ISIC_3125030,0,0.00061895227,held_fold
ISIC_3126741,0,0.0016021783,held_fold
ISIC_3128203,0,0.0025172757,held_fold
ISIC_3128860,0,0.03369422,held_fold
ISIC_3132378,0,0.007609761,held_fold
ISIC_3132725,0,0.005723304,held_fold
ISIC_3134824,0,0.041485257,held_fold
ISIC_3138836,0,0.00069227046,held_fold
ISIC_3139652,0,0.0015087769,held_fold
ISIC_3141629,0,0.03596546,held_fold
ISIC_3143255,0,0.0020922308,held_fold
ISIC_3144222,1,0.044862285,held_fold
ISIC_3146152,0,0.0025209289,held_fold
ISIC_3148048,0,0.006469001,held_fold
ISIC_3148443,0,0.0015696977,held_fold
ISIC_3149402,0,0.006008771,held_fold
ISIC_3151698,0,0.00040298107,held_fold
ISIC_3153638,0,0.0012045205,held_fold
ISIC_3153709,0,0.00093633635,held_fold
ISIC_3154122,0,0.0011321607,held_fold
ISIC_3158305,0,0.0009108967,held_fold
ISIC_3158899,0,0.00064987846,held_fold
ISIC_3159924,1,0.018354297,held_fold
ISIC_3160301,0,0.005934573,held_fold
ISIC_3160780,0,0.0057836315,held_fold
ISIC_3161481,0,0.027036443,held_fold
ISIC_3161986,0,0.00064980256,held_fold
ISIC_3162307,0,0.0018897977,held_fold
ISIC_3162794,0,0.00039913185,held_fold
ISIC_3165797,0,0.0025159111,held_fold
ISIC_3169566,0,0.043259762,held_fold
ISIC_3170416,0,0.101957224,held_fold
ISIC_3173314,0,0.0011555254,held_fold
ISIC_3175241,0,0.002367957,held_fold
ISIC_3176752,0,0.00064918323,held_fold
ISIC_3186856,0,0.0010313365,held_fold
ISIC_3187493,0,0.053394992,held_fold
ISIC_3190566,0,0.0037049218,held_fold
ISIC_3193048,0,0.0017669651,held_fold
ISIC_3193988,0,0.0033295155,held_fold
ISIC_3198071,0,0.014109553,held_fold
ISIC_3198078,0,0.0004243885,held_fold
ISIC_3199719,0,0.08795489,held_fold
ISIC_3201945,0,0.00089552946,held_fold
ISIC_3202829,0,0.38962045,held_fold
ISIC_3203435,0,0.00096967205,held_fold
ISIC_3204983,0,0.009557747,held_fold
ISIC_3205052,0,0.18066217,held_fold
ISIC_3206586,0,0.0036492688,held_fold
ISIC_3206957,0,0.07124863,held_fold
ISIC_3209024,0,0.0065110303,held_fold
ISIC_3210830,0,0.00057256187,held_fold
ISIC_3216562,0,0.000613158,held_fold
ISIC_3217061,0,0.0007373895,held_fold
ISIC_3218501,0,0.0012549959,held_fold
ISIC_3222205,0,0.01690946,held_fold
ISIC_3224854,0,0.0014430877,held_fold
ISIC_3227705,0,0.00074139953,held_fold
ISIC_3228186,0,0.12339983,held_fold
ISIC_3230164,0,0.0150886215,held_fold
ISIC_3230575,0,0.0008202814,held_fold
ISIC_3232712,0,0.0023760204,held_fold
ISIC_3232811,0,0.0017317357,held_fold
ISIC_3236506,0,0.15784033,held_fold
ISIC_3237504,0,0.010333823,held_fold
ISIC_3237688,0,0.0023525704,held_fold
ISIC_3238159,0,0.3487192,held_fold
ISIC_3238268,0,0.0039911047,held_fold
ISIC_3238687,0,0.0007460077,held_fold
ISIC_3239455,0,0.0012140532,held_fold
ISIC_3241636,1,0.03701941,held_fold
ISIC_3246675,0,0.00772336,held_fold
ISIC_3249158,0,0.0077881566,held_fold
ISIC_3249936,0,0.017015088,held_fold
ISIC_3251405,0,0.14341573,held_fold
ISIC_3251486,0,0.0009996502,held_fold
ISIC_3251719,0,0.10230427,held_fold
ISIC_3252990,0,0.010701802,held_fold
ISIC_3255000,0,0.00195072,held_fold
ISIC_3255427,0,0.0020081114,held_fold
ISIC_3257455,0,0.038078245,held_fold
ISIC_3259144,0,0.0008451652,held_fold
ISIC_3260888,0,0.0003234861,held_fold
ISIC_3265701,0,0.0018208738,held_fold
ISIC_3272526,0,0.0024793525,held_fold
ISIC_3272946,0,0.0012866184,held_fold
ISIC_3275914,0,0.0004569767,held_fold
ISIC_3278148,0,0.0004589,held_fold
ISIC_3280786,0,0.14771922,held_fold
ISIC_3281252,0,0.0012446162,held_fold
ISIC_3281329,0,0.0008987255,held_fold
ISIC_3285637,0,0.0030211206,held_fold
ISIC_3286186,1,0.21905084,held_fold
ISIC_3286577,0,0.00041318903,held_fold
ISIC_3290240,0,0.00102494,held_fold
ISIC_3295538,0,0.00062050245,held_fold
ISIC_3295852,0,0.0018929482,held_fold
ISIC_3297631,0,0.00045836638,held_fold
ISIC_3299685,0,0.0010426998,held_fold
ISIC_3300386,0,0.0007537151,held_fold
ISIC_3300938,0,0.0047600856,held_fold
ISIC_3301163,0,0.00040990574,held_fold
ISIC_3302231,0,0.000818201,held_fold
ISIC_3302405,0,0.00044359465,held_fold
ISIC_3303961,0,0.018146908,held_fold
ISIC_3309051,0,0.000590724,held_fold
ISIC_3310235,0,0.023750512,held_fold
ISIC_3311265,0,0.0005570586,held_fold
ISIC_3313736,0,0.0010061782,held_fold
ISIC_3315573,0,0.0070932573,held_fold
ISIC_3316665,0,0.058507886,held_fold
ISIC_3317424,0,0.08902836,held_fold
ISIC_3317982,0,0.0005238463,held_fold
ISIC_3319361,0,0.0007268573,held_fold
ISIC_3319411,0,0.0009750374,held_fold
ISIC_3333135,0,0.00041608058,held_fold
ISIC_3335955,0,0.010451782,held_fold
ISIC_3336297,0,0.000603063,held_fold
ISIC_3342553,0,0.0031324364,held_fold
ISIC_3343475,1,0.0693659,held_fold
ISIC_3347715,0,0.028047927,held_fold
ISIC_3351401,0,0.0006379301,held_fold
ISIC_3352799,0,0.0017809905,held_fold
ISIC_3353862,0,0.14537363,held_fold
ISIC_3356316,0,0.001334767,held_fold
ISIC_3356776,0,0.00039659734,held_fold
ISIC_3365873,0,0.00044933258,held_fold
ISIC_3365953,0,0.0017965998,held_fold
ISIC_3366103,0,0.0005088322,held_fold
ISIC_3366868,0,0.0072302097,held_fold
ISIC_3368271,0,0.0006127041,held_fold
ISIC_3368385,0,0.013206729,held_fold
ISIC_3371792,0,0.112732336,held_fold
ISIC_3372750,1,0.004119709,held_fold
ISIC_3373578,0,0.00020676877,held_fold
ISIC_3374533,0,0.0038959049,held_fold
ISIC_3376737,0,0.0054662456,held_fold
ISIC_3376976,0,0.0008554546,held_fold
ISIC_3376991,0,0.0010187922,held_fold
ISIC_3377954,0,0.0021675443,held_fold
ISIC_3378115,0,0.00088849885,held_fold
ISIC_3378314,0,0.00074560323,held_fold
ISIC_3380520,0,0.0015015767,held_fold
ISIC_3380547,0,0.0059165605,held_fold
ISIC_3383806,0,0.00065571634,held_fold
ISIC_3384884,0,0.0002894621,held_fold
ISIC_3385071,0,0.0007528982,held_fold
ISIC_3385712,0,0.00047304694,held_fold
ISIC_3387359,0,0.004405993,held_fold
ISIC_3387713,0,0.019675642,held_fold
ISIC_3389551,0,0.0005899511,held_fold
ISIC_3389696,0,0.0010716674,held_fold
ISIC_3389704,0,0.0141712725,held_fold
ISIC_3389722,0,0.000337508,held_fold
ISIC_3390111,0,0.0025886884,held_fold
ISIC_3390118,0,0.0014636215,held_fold
ISIC_3392311,0,0.03091573,held_fold
ISIC_3392571,0,0.00044309028,held_fold
ISIC_3394080,0,0.0018701401,held_fold
ISIC_3397174,0,0.0007728158,held_fold
ISIC_3397468,0,0.002705278,held_fold
ISIC_3397501,0,0.00068127725,held_fold
ISIC_3401631,0,0.019978596,held_fold
ISIC_3401780,0,0.00042923546,held_fold
ISIC_3402327,0,0.26108316,held_fold
ISIC_3402778,0,0.010424603,held_fold
ISIC_3404606,0,0.002181811,held_fold
ISIC_3409440,0,0.12895735,held_fold
ISIC_3409696,0,0.0023877874,held_fold
ISIC_3410352,0,0.0011220307,held_fold
ISIC_3410459,0,0.0016117832,held_fold
ISIC_3412216,0,0.00067387475,held_fold
ISIC_3412390,0,0.0049967337,held_fold
ISIC_3415223,0,0.0032158683,held_fold
ISIC_3417390,0,0.063139915,held_fold
ISIC_3418079,0,0.0041737487,held_fold
ISIC_3418153,0,0.00084146083,held_fold
ISIC_3418245,0,0.04775379,held_fold
ISIC_3419245,0,0.00073507987,held_fold
ISIC_3420087,0,0.5335513,held_fold
ISIC_3420574,0,0.00090144156,held_fold
ISIC_3421141,0,0.112639695,held_fold
ISIC_3425831,0,0.00096194446,held_fold
ISIC_3428742,0,0.0008679305,held_fold
ISIC_3433352,0,0.00077266415,held_fold
ISIC_3434494,0,0.0004759217,held_fold
ISIC_3435535,0,0.023840977,held_fold
ISIC_3436139,0,0.001316539,held_fold
ISIC_3436311,0,0.001670468,held_fold
ISIC_3437419,0,0.17526177,held_fold
ISIC_3437734,0,0.0022998978,held_fold
ISIC_3440813,0,0.07156304,held_fold
ISIC_3441543,0,0.0011192237,held_fold
ISIC_3442725,0,0.0008022797,held_fold
ISIC_3443234,0,0.00659127,held_fold
ISIC_3447958,0,0.0006616511,held_fold
ISIC_3455818,0,0.00080164155,held_fold
ISIC_3459853,0,0.06976105,held_fold
ISIC_3460864,0,0.0011805721,held_fold
ISIC_3463384,0,0.0018212942,held_fold
ISIC_3463638,0,0.0034121543,held_fold
ISIC_3464344,1,0.09633157,held_fold
ISIC_3465020,0,0.4162154,held_fold
ISIC_3465766,0,0.2612559,held_fold
ISIC_3472455,0,0.00217924,held_fold
ISIC_3475660,1,0.060608044,held_fold
ISIC_3475932,0,0.0009936289,held_fold
ISIC_3480565,0,0.15138794,held_fold
ISIC_3481078,0,0.00065551576,held_fold
ISIC_3481133,0,0.0027894592,held_fold
ISIC_3481318,0,0.025280125,held_fold
ISIC_3481617,0,0.0059660096,held_fold
ISIC_3481732,0,0.011398597,held_fold
ISIC_3482804,0,0.28972936,held_fold
ISIC_3485709,0,0.0019457327,held_fold
ISIC_3487151,0,0.0006481493,held_fold
ISIC_3493618,0,0.0022682652,held_fold
ISIC_3495231,0,0.0020019582,held_fold
ISIC_3496565,0,0.007090215,held_fold
ISIC_3499223,0,0.00073727145,held_fold
ISIC_3501997,0,0.010332071,held_fold
ISIC_3508258,0,0.0007361314,held_fold
ISIC_3509283,0,0.0022876596,held_fold
ISIC_3509853,0,0.0015905868,held_fold
ISIC_3510004,0,0.0015297207,held_fold
ISIC_3512019,0,0.0005776784,held_fold
ISIC_3514162,0,0.0028088999,held_fold
ISIC_3517816,0,0.0010629457,held_fold
ISIC_3519939,0,0.0005171078,held_fold
ISIC_3520709,0,0.0008650058,held_fold
ISIC_3528120,0,0.064690165,held_fold
ISIC_3528616,0,0.0014195517,held_fold
ISIC_3533618,0,0.021166148,held_fold
ISIC_3534687,0,0.0016524696,held_fold
ISIC_3535289,0,0.0005263983,held_fold
ISIC_3536231,0,0.01061665,held_fold
ISIC_3536436,0,0.0009727154,held_fold
ISIC_3537089,0,0.024368592,held_fold
ISIC_3537199,0,0.001213607,held_fold
ISIC_3537571,0,0.010798616,held_fold
ISIC_3545436,0,0.002434133,held_fold
ISIC_3548393,0,0.0010363004,held_fold
ISIC_3548408,0,0.13280411,held_fold
ISIC_3549225,0,0.00094754813,held_fold
ISIC_3555847,0,0.00080427754,held_fold
ISIC_3556039,0,0.00089397357,held_fold
ISIC_3556857,0,0.00046750493,held_fold
ISIC_3557706,0,0.0004050468,held_fold
ISIC_3558747,0,0.0006821449,held_fold
ISIC_3561675,0,0.11714098,held_fold
ISIC_3561821,0,0.002064461,held_fold
ISIC_3562294,0,0.038322195,held_fold
ISIC_3562968,0,0.00033122743,held_fold
ISIC_3563951,0,0.0006845702,held_fold
ISIC_3567385,0,0.0038697731,held_fold
ISIC_3570209,0,0.011209435,held_fold
ISIC_3572165,0,0.0007783248,held_fold
ISIC_3574873,0,0.0006360597,held_fold
ISIC_3576066,0,0.024411278,held_fold
ISIC_3577410,0,0.020661825,held_fold
ISIC_3578203,0,0.0008815877,held_fold
ISIC_3578989,0,0.010620497,held_fold
ISIC_3579475,0,0.023011679,held_fold
ISIC_3582787,0,0.37336412,held_fold
ISIC_3588101,0,0.0011329364,held_fold
ISIC_3594451,0,0.002310949,held_fold
ISIC_3595519,0,0.0006828552,held_fold
ISIC_3596336,0,0.0006324961,held_fold
ISIC_3597558,0,0.019061187,held_fold
ISIC_3598123,0,0.0010878325,held_fold
ISIC_3599125,0,0.0020759671,held_fold
ISIC_3599664,0,0.004551587,held_fold
ISIC_3599908,0,0.00097609975,held_fold
ISIC_3600799,0,0.012265733,held_fold
ISIC_3600802,0,0.002482278,held_fold
ISIC_3603710,0,0.0005845574,held_fold
ISIC_3608401,0,0.03156578,held_fold
ISIC_3608488,0,0.001709002,held_fold
ISIC_3610285,0,0.0012395674,held_fold
ISIC_3610750,0,0.00088410545,held_fold
ISIC_3611039,0,0.000790783,held_fold
ISIC_3612630,0,0.00077052996,held_fold
ISIC_3615391,0,0.001725501,held_fold
ISIC_3617229,0,0.00042316975,held_fold
ISIC_3617693,0,0.002239134,held_fold
ISIC_3622085,0,0.055905722,held_fold
ISIC_3624807,0,0.0048210435,held_fold
ISIC_3632547,0,0.050817676,held_fold
ISIC_3632996,0,0.0007494071,held_fold
ISIC_3633493,0,0.003067063,held_fold
ISIC_3634036,0,0.05896843,held_fold
ISIC_3635300,0,0.01108173,held_fold
ISIC_3636757,0,0.0046626325,held_fold
ISIC_3639503,0,0.007775819,held_fold
ISIC_3640401,0,0.0011224888,held_fold
ISIC_3640598,0,0.0016125591,held_fold
ISIC_3642043,0,0.0007740792,held_fold
ISIC_3643756,0,0.0017293962,held_fold
ISIC_3645165,0,0.0008941456,held_fold
ISIC_3646643,0,0.014668499,held_fold
ISIC_3650518,0,0.0024165716,held_fold
ISIC_3650668,0,0.10833701,held_fold
ISIC_3651333,0,0.000808265,held_fold
ISIC_3652847,0,0.0013051704,held_fold
ISIC_3654373,0,0.002335567,held_fold
ISIC_3656794,0,0.0006024816,held_fold
ISIC_3657663,0,0.0017975406,held_fold
ISIC_3663513,0,0.0022499517,held_fold
ISIC_3664078,0,0.0011427782,held_fold
ISIC_3664380,0,0.012732108,held_fold
ISIC_3665147,0,0.003073321,held_fold
ISIC_3666461,0,0.011609426,held_fold
ISIC_3667487,0,0.000572935,held_fold
ISIC_3667705,0,0.011512706,held_fold
ISIC_3669053,0,0.034312975,held_fold
ISIC_3669954,0,0.24494314,held_fold
ISIC_3671424,0,0.0037023989,held_fold
ISIC_3671955,0,0.05610858,held_fold
ISIC_3672291,0,0.001688257,held_fold
ISIC_3677577,0,0.00064577546,held_fold
ISIC_3677742,0,0.015279468,held_fold
ISIC_3678730,0,0.11457904,held_fold
ISIC_3679271,0,0.0004892295,held_fold
ISIC_3679789,0,0.00035771006,held_fold
ISIC_3680069,0,0.0008093579,held_fold
ISIC_3682341,0,0.00056431745,held_fold
ISIC_3683402,0,0.002099724,held_fold
ISIC_3686322,0,0.00086860725,held_fold
ISIC_3686329,0,0.00043395732,held_fold
ISIC_3687479,0,0.03180905,held_fold
ISIC_3689907,0,0.0075966786,held_fold
ISIC_3689984,0,0.027628029,held_fold
ISIC_3690747,0,0.001689027,held_fold
ISIC_3700501,0,0.0007762054,held_fold
ISIC_3701596,0,0.0076745925,held_fold
ISIC_3701892,0,0.00056220195,held_fold
ISIC_3704157,0,0.014667264,held_fold
ISIC_3705852,0,0.0010445905,held_fold
ISIC_3707035,0,0.02938806,held_fold
ISIC_3707185,0,0.01595296,held_fold
ISIC_3710376,0,0.0007984807,held_fold
ISIC_3713293,0,0.048287973,held_fold
ISIC_3717183,0,0.008006084,held_fold
ISIC_3718027,0,0.0024475162,held_fold
ISIC_3718422,0,0.003959813,held_fold
ISIC_3729498,0,0.0380704,held_fold
ISIC_3729615,0,0.031988878,held_fold
ISIC_3730172,0,0.0006020998,held_fold
ISIC_3731815,0,0.00044415696,held_fold
ISIC_3733653,1,0.1898356,held_fold
ISIC_3735824,0,0.00039922266,held_fold
ISIC_3738581,0,0.0014386093,held_fold
ISIC_3739214,0,0.0024880334,held_fold
ISIC_3742793,0,0.0011756663,held_fold
ISIC_3743409,0,0.00052453665,held_fold
ISIC_3744115,0,0.00083736045,held_fold
ISIC_3745259,0,0.00040312632,held_fold
ISIC_3746410,0,0.00059597596,held_fold
ISIC_3747477,0,0.0003046287,held_fold
ISIC_3749028,0,0.052339666,held_fold
ISIC_3751001,0,0.0012495398,held_fold
ISIC_3760791,0,0.0015450205,held_fold
ISIC_3761634,0,0.0010107432,held_fold
ISIC_3770926,0,0.0019518121,held_fold
ISIC_3772774,0,0.0074581015,held_fold
ISIC_3775417,1,0.0008560903,held_fold
ISIC_3776131,0,0.0018615049,held_fold
ISIC_3777337,0,0.016171366,held_fold
ISIC_3779014,0,0.0009068543,held_fold
ISIC_3781287,0,0.0022379435,held_fold
ISIC_3782057,0,0.0011265824,held_fold
ISIC_3785874,0,0.001525235,held_fold
ISIC_3788187,0,0.0008573523,held_fold
ISIC_3788678,0,0.0027579844,held_fold
ISIC_3788873,0,0.00040241142,held_fold
ISIC_3795397,0,0.09198195,held_fold
ISIC_3797428,0,0.002452623,held_fold
ISIC_3797677,0,0.0011378684,held_fold
ISIC_3799267,0,0.0013261024,held_fold
ISIC_3799559,0,0.00038266767,held_fold
ISIC_3800077,0,0.013751779,held_fold
ISIC_3800373,0,0.01081144,held_fold
ISIC_3801027,0,0.0006067031,held_fold
ISIC_3801938,0,0.23541334,held_fold
ISIC_3804607,0,0.0015452618,held_fold
ISIC_3805025,0,0.0005957971,held_fold
ISIC_3808070,0,0.001391676,held_fold
ISIC_3809612,0,0.040970337,held_fold
ISIC_3809907,0,0.00056759344,held_fold
ISIC_3809998,0,0.010244352,held_fold
ISIC_3812244,0,0.0005492883,held_fold
ISIC_3816122,0,0.0007390223,held_fold
ISIC_3816570,0,0.00036142254,held_fold
ISIC_3821027,0,0.012700219,held_fold
ISIC_3821630,0,0.001658576,held_fold
ISIC_3826872,0,0.0006132889,held_fold
ISIC_3828346,0,0.06510413,held_fold
ISIC_3828455,0,0.0006565361,held_fold
ISIC_3836023,0,0.012425366,held_fold
ISIC_3836576,0,0.0010468335,held_fold
ISIC_3838110,0,0.0008874946,held_fold
ISIC_3838310,0,0.0008745052,held_fold
ISIC_3843634,0,0.0005187557,held_fold
ISIC_3844404,0,0.0015763824,held_fold
ISIC_3848194,0,0.0012223498,held_fold
ISIC_3849358,0,0.018024394,held_fold
ISIC_3849684,0,0.00060021254,held_fold
ISIC_3858314,0,0.004342724,held_fold
ISIC_3859689,0,0.041717492,held_fold
ISIC_3862917,0,0.017850569,held_fold
ISIC_3863648,0,0.00073913997,held_fold
ISIC_3873641,0,0.0007317948,held_fold
ISIC_3875612,0,0.00064957474,held_fold
ISIC_3877413,0,0.001282433,held_fold
ISIC_3877427,0,0.0022704394,held_fold
ISIC_3879564,0,0.015270319,held_fold
ISIC_3880938,0,0.12699609,held_fold
ISIC_3882159,0,0.0007273763,held_fold
ISIC_3882247,0,0.0006948787,held_fold
ISIC_3882551,0,0.0008745502,held_fold
ISIC_3889469,0,0.0023276028,held_fold
ISIC_3889671,0,0.25563192,held_fold
ISIC_3892947,0,0.00039877454,held_fold
ISIC_3895185,0,0.11282448,held_fold
ISIC_3900327,0,0.0009694974,held_fold
ISIC_3901747,0,0.000524135,held_fold
ISIC_3902917,0,0.04160671,held_fold
ISIC_3902956,0,0.00052255695,held_fold
ISIC_3904628,0,0.0009679547,held_fold
ISIC_3905662,0,0.0010569073,held_fold
ISIC_3906195,0,0.005344554,held_fold
ISIC_3907656,0,0.047273394,held_fold
ISIC_3908910,0,0.0023209797,held_fold
ISIC_3909443,0,0.0008205124,held_fold
ISIC_3909834,0,0.09837482,held_fold
ISIC_3910238,0,0.021786178,held_fold
ISIC_3912988,0,0.0009689157,held_fold
ISIC_3913545,0,0.0032280062,held_fold
ISIC_3913709,0,0.0008876565,held_fold
ISIC_3914463,0,0.00063373643,held_fold
ISIC_3914743,0,0.0041879313,held_fold
ISIC_3916595,0,0.0026212663,held_fold
ISIC_3916830,0,0.025921373,held_fold
ISIC_3917284,0,0.0050256546,held_fold
ISIC_3920274,0,0.00077934714,held_fold
ISIC_3920542,0,0.0017503051,held_fold
ISIC_3924508,0,0.0007910064,held_fold
ISIC_3924772,0,0.00092200714,held_fold
ISIC_3924904,0,0.0011466013,held_fold
ISIC_3925423,0,0.004123933,held_fold
ISIC_3926397,0,0.0005053932,held_fold
ISIC_3929045,0,0.025890637,held_fold
ISIC_3930633,0,0.0007305949,held_fold
ISIC_3934537,0,0.0005025405,held_fold
ISIC_3936413,0,0.0007434293,held_fold
ISIC_3943127,0,0.0045909686,held_fold
ISIC_3945116,0,0.00014802931,held_fold
ISIC_3945766,0,0.0005493174,held_fold
ISIC_3945825,0,0.0044399826,held_fold
ISIC_3947876,0,0.012402244,held_fold
ISIC_3948754,0,0.0025821885,held_fold
ISIC_3952513,0,0.00071595324,held_fold
ISIC_3964848,0,0.01613558,held_fold
ISIC_3969411,1,0.057105962,held_fold
ISIC_3970105,0,0.0004626682,held_fold
ISIC_3970620,0,0.0027349645,held_fold
ISIC_3971174,0,0.00090945617,held_fold
ISIC_3974064,0,0.0012109414,held_fold
ISIC_3975607,0,0.00068636663,held_fold
ISIC_3980606,0,0.00038288202,held_fold
ISIC_3981425,0,0.033049174,held_fold
ISIC_3985494,0,0.00083235104,held_fold
ISIC_3985675,0,0.0012722815,held_fold
ISIC_3985782,0,0.001099041,held_fold
ISIC_3989566,0,0.00068711175,held_fold
ISIC_3991842,0,0.002008404,held_fold
ISIC_3993924,1,0.29346368,held_fold
ISIC_3994250,0,0.0006264899,held_fold
ISIC_3995597,0,0.005973542,held_fold
ISIC_3996796,1,0.7010289,held_fold
ISIC_3997033,0,0.0010466459,held_fold
ISIC_3999125,0,0.0025963848,held_fold
ISIC_3999608,0,0.40171278,held_fold
ISIC_4000690,0,0.0009546967,held_fold
ISIC_4004088,0,0.00074793026,held_fold
ISIC_4006569,0,0.0005477953,held_fold
ISIC_4006630,0,0.0030758698,held_fold
ISIC_4007215,0,0.0006469258,held_fold
ISIC_4007918,0,0.00034832986,held_fold
ISIC_4009405,0,0.0013819805,held_fold
ISIC_4012163,0,0.0006152965,held_fold
ISIC_4012291,0,0.0033552672,held_fold
ISIC_4013525,0,0.0014383298,held_fold
ISIC_4015288,0,0.010265904,held_fold
ISIC_4018813,0,0.00093778176,held_fold
ISIC_4018952,0,0.0011790695,held_fold
ISIC_4022788,0,0.0020179532,held_fold
ISIC_4024269,0,0.0009482065,held_fold
ISIC_4025576,0,0.0007507267,held_fold
ISIC_4027717,0,0.00093650137,held_fold
ISIC_4028402,0,0.0052152597,held_fold
ISIC_4030996,0,0.00032507023,held_fold
ISIC_4031777,0,0.0032193554,held_fold
ISIC_4032636,0,0.0015173937,held_fold
ISIC_4034244,0,0.0032276716,held_fold
ISIC_4036621,0,0.008104793,held_fold
ISIC_4037228,0,0.012174694,held_fold
ISIC_4041324,0,0.00046135712,held_fold
ISIC_4043423,0,0.006228865,held_fold
ISIC_4043589,0,0.0020227327,held_fold
ISIC_4052885,0,0.025680793,held_fold
ISIC_4054745,0,0.0005907499,held_fold
ISIC_4056442,0,0.00094044465,held_fold
ISIC_4060049,0,0.002053292,held_fold
ISIC_4061316,0,0.00073084905,held_fold
ISIC_4064330,0,0.19786131,held_fold
ISIC_4066707,0,0.0014503235,held_fold
ISIC_4067024,0,0.0010045795,held_fold
ISIC_4067686,0,0.005732915,held_fold
ISIC_4068690,0,0.0012298357,held_fold
ISIC_4069690,0,0.0009779531,held_fold
ISIC_4072221,0,0.013187231,held_fold
ISIC_4072747,0,0.00076573365,held_fold
ISIC_4074094,0,0.0008600185,held_fold
ISIC_4074472,0,0.0018920711,held_fold
ISIC_4075148,0,0.001033915,held_fold
ISIC_4075547,0,0.0021653532,held_fold
ISIC_4075583,0,0.0017856191,held_fold
ISIC_4076753,0,0.002132836,held_fold
ISIC_4077341,0,0.00065840024,held_fold
ISIC_4079345,0,0.0010839826,held_fold
ISIC_4085198,0,0.0019681857,held_fold
ISIC_4085552,0,0.23740119,held_fold
ISIC_4088252,0,0.0034629463,held_fold
ISIC_4088344,0,0.00048079836,held_fold
ISIC_4091981,0,0.0014982597,held_fold
ISIC_4094925,0,0.006175851,held_fold
ISIC_4099287,0,0.2567871,held_fold
ISIC_4099950,0,0.01748164,held_fold
ISIC_4102922,0,0.0010009158,held_fold
ISIC_4103984,0,0.008416678,held_fold
ISIC_4104442,0,0.0008646404,held_fold
ISIC_4105234,0,0.23731121,held_fold
ISIC_4111600,0,0.0018578159,held_fold
ISIC_4114060,0,0.094608024,held_fold
ISIC_4116569,0,0.001285892,held_fold
ISIC_4117215,0,0.1461641,held_fold
ISIC_4119445,0,0.00079260935,held_fold
ISIC_4122125,0,0.001166223,held_fold
ISIC_4127690,0,0.0020663687,held_fold
ISIC_4127965,0,0.0021703267,held_fold
ISIC_4128129,0,0.0045619477,held_fold
ISIC_4129376,0,0.002835981,held_fold
ISIC_4132656,0,0.00034807873,held_fold
ISIC_4134969,0,0.0004099753,held_fold
ISIC_4136351,0,0.005733339,held_fold
ISIC_4138377,0,0.0010433099,held_fold
ISIC_4144198,0,0.00073654257,held_fold
ISIC_4150178,0,0.0046013095,held_fold
ISIC_4153687,0,0.00064892933,held_fold
ISIC_4153900,0,0.008360331,held_fold
ISIC_4156405,0,0.00033700804,held_fold
ISIC_4158672,0,0.0005298064,held_fold
ISIC_4160574,0,0.0008600315,held_fold
ISIC_4161227,0,0.002218526,held_fold
ISIC_4162336,0,0.00082800846,held_fold
ISIC_4164065,0,0.0001545743,held_fold
ISIC_4166490,0,0.0021166801,held_fold
ISIC_4168757,0,0.00060459034,held_fold
ISIC_4169117,0,0.0010021309,held_fold
ISIC_4170498,0,0.010506428,held_fold
ISIC_4172686,0,0.21625951,held_fold
ISIC_4176815,0,0.0024290679,held_fold
ISIC_4177415,0,0.007303217,held_fold
ISIC_4182781,0,0.007461152,held_fold
ISIC_4182801,0,0.0018566154,held_fold
ISIC_4184100,0,0.0138368355,held_fold
ISIC_4184433,0,0.0012671972,held_fold
ISIC_4190910,0,0.00070125394,held_fold
ISIC_4191202,0,0.0005360988,held_fold
ISIC_4192307,0,0.007176923,held_fold
ISIC_4193594,0,0.023043942,held_fold
ISIC_4193775,0,0.0075314105,held_fold
ISIC_4195490,0,0.005029745,held_fold
ISIC_4195950,0,0.06386297,held_fold
ISIC_4195990,0,0.039600194,held_fold
ISIC_4197781,0,0.01827751,held_fold
ISIC_4198406,0,0.20256376,held_fold
ISIC_4201891,0,0.0006630139,held_fold
ISIC_4201989,0,0.001432201,held_fold
ISIC_4206472,0,0.00063494884,held_fold
ISIC_4207079,0,0.19058125,held_fold
ISIC_4210002,0,0.015426174,held_fold
ISIC_4210734,0,0.051427905,held_fold
ISIC_4210740,0,0.0011662807,held_fold
ISIC_4214813,0,0.3237606,held_fold
ISIC_4216468,0,0.00052774994,held_fold
ISIC_4217321,0,0.0013525112,held_fold
ISIC_4221778,0,0.004034457,held_fold
ISIC_4222275,0,0.00048229753,held_fold
ISIC_4224064,0,0.0034910566,held_fold
ISIC_4225838,0,0.052302003,held_fold
ISIC_4227455,0,0.0060054115,held_fold
ISIC_4230432,0,0.0010729526,held_fold
ISIC_4230496,0,0.0014895997,held_fold
ISIC_4231051,0,0.0010811837,held_fold
ISIC_4231732,0,0.0053002257,held_fold
ISIC_4232756,0,0.00063974055,held_fold
ISIC_4232761,0,0.0020446244,held_fold
ISIC_4233755,0,0.0028244373,held_fold
ISIC_4241316,0,0.0021542932,held_fold
ISIC_4241347,0,0.0004455742,held_fold
ISIC_4242504,0,0.016158791,held_fold
ISIC_4248007,0,0.0009214894,held_fold
ISIC_4248273,0,0.0011908993,held_fold
ISIC_4248858,0,0.0008860315,held_fold
ISIC_4251081,0,0.000242243,held_fold
ISIC_4252502,0,0.013450086,held_fold
ISIC_4252547,0,0.0032609815,held_fold
ISIC_4253563,0,0.0009745247,held_fold
ISIC_4254237,0,0.09273065,held_fold
ISIC_4260257,0,0.0072185546,held_fold
ISIC_4261725,0,0.008776296,held_fold
ISIC_4262989,0,0.0011665502,held_fold
ISIC_4263017,0,0.25068384,held_fold
ISIC_4264600,0,0.0003841886,held_fold
ISIC_4264897,0,0.0008277935,held_fold
ISIC_4266455,0,0.0006056897,held_fold
ISIC_4266501,0,0.04395607,held_fold
ISIC_4273692,0,0.00029644594,held_fold
ISIC_4273914,0,0.00086286175,held_fold
ISIC_4274300,0,0.0021890139,held_fold
ISIC_4278349,0,0.004521876,held_fold
ISIC_4278440,0,0.00036117833,held_fold
ISIC_4278981,0,0.00089509954,held_fold
ISIC_4281858,0,0.001557749,held_fold
ISIC_4282719,0,0.4159824,held_fold
ISIC_4291830,0,0.001000085,held_fold
ISIC_4292879,0,0.0013865543,held_fold
ISIC_4296518,0,0.031772733,held_fold
ISIC_4298309,0,0.12927245,held_fold
ISIC_4298624,0,0.0005244494,held_fold
ISIC_4306724,0,0.0048272284,held_fold
ISIC_4307205,0,0.0008712142,held_fold
ISIC_4307344,0,0.005839715,held_fold
ISIC_4308923,0,0.0005759568,held_fold
ISIC_4310869,0,0.0017625901,held_fold
ISIC_4312047,0,0.0069251796,held_fold
ISIC_4312155,0,0.00052942574,held_fold
ISIC_4314003,0,0.00043213193,held_fold
ISIC_4315613,0,0.0005412904,held_fold
ISIC_4317382,0,0.009719636,held_fold
ISIC_4318374,0,0.147513,held_fold
ISIC_4319491,0,0.13361286,held_fold
ISIC_4323070,0,0.0012926339,held_fold
ISIC_4324163,0,0.0060421247,held_fold
ISIC_4325155,0,0.005280081,held_fold
ISIC_4326917,0,0.0023592901,held_fold
ISIC_4327760,0,0.0010471082,held_fold
ISIC_4328662,0,0.0019399159,held_fold
ISIC_4330074,0,0.0034503136,held_fold
ISIC_4331395,0,0.0040737092,held_fold
ISIC_4334767,0,0.009514609,held_fold
ISIC_4341685,0,0.0028881554,held_fold
ISIC_4347744,0,0.0010264771,held_fold
ISIC_4350874,0,0.004571043,held_fold
ISIC_4352991,0,0.0034187634,held_fold
ISIC_4353963,0,0.07718755,held_fold
ISIC_4354857,0,0.09353224,held_fold
ISIC_4354896,0,0.07688863,held_fold
ISIC_4355465,0,0.0005133758,held_fold
ISIC_4357962,0,0.002186344,held_fold
ISIC_4358550,0,0.11272738,held_fold
ISIC_4358727,0,0.0034276212,held_fold
ISIC_4362449,0,0.0030698238,held_fold
ISIC_4363579,0,0.0017572246,held_fold
ISIC_4363603,0,0.011325761,held_fold
ISIC_4363665,0,0.037141915,held_fold
ISIC_4366055,0,0.0018062812,held_fold
ISIC_4366350,0,0.00063020055,held_fold
ISIC_4368478,0,0.0008153104,held_fold
ISIC_4368650,0,0.00057086366,held_fold
ISIC_4369851,0,0.0014226423,held_fold
ISIC_4370988,0,0.0041532684,held_fold
ISIC_4371210,0,0.0043419,held_fold
ISIC_4372519,0,0.00074978505,held_fold
ISIC_4374554,0,0.0005822809,held_fold
ISIC_4374944,0,0.02012033,held_fold
ISIC_4376918,0,0.020398261,held_fold
ISIC_4377208,1,0.054269526,held_fold
ISIC_4377245,0,0.14084707,held_fold
ISIC_4378189,1,0.14985982,held_fold
ISIC_4379788,0,0.029256575,held_fold
ISIC_4379945,0,0.0091518555,held_fold
ISIC_4382004,0,0.0009388604,held_fold
ISIC_4382115,0,0.00214851,held_fold
ISIC_4382390,0,0.0013540476,held_fold
ISIC_4382472,0,0.00077705045,held_fold
ISIC_4383671,0,0.0005921707,held_fold
ISIC_4384016,0,0.0018851802,held_fold
ISIC_4384331,0,0.46037242,held_fold
ISIC_4384341,0,0.0018282597,held_fold
ISIC_4385152,0,0.00086245616,held_fold
ISIC_4385893,0,0.0009870328,held_fold
ISIC_4387797,0,0.002432817,held_fold
ISIC_4392384,0,0.0012855332,held_fold
ISIC_4394972,0,0.002459041,held_fold
ISIC_4396799,0,0.019625247,held_fold
ISIC_4397205,0,0.006498101,held_fold
ISIC_4398957,0,0.0007615823,held_fold
ISIC_4399411,0,0.0009380534,held_fold
ISIC_4399771,0,0.0031695399,held_fold
ISIC_4400664,0,0.0025320565,held_fold
ISIC_4401014,0,0.0022236258,held_fold
ISIC_4406292,0,0.001981518,held_fold
ISIC_4406629,0,0.010970106,held_fold
ISIC_4414811,0,0.0030265872,held_fold
ISIC_4415203,0,0.00016825953,held_fold
ISIC_4417495,0,0.0005661476,held_fold
ISIC_4418259,0,0.001932684,held_fold
ISIC_4418458,0,0.0013348146,held_fold
ISIC_4418581,0,0.0036232292,held_fold
ISIC_4419280,0,0.0006758937,held_fold
ISIC_4419352,0,0.006083698,held_fold
ISIC_4419686,0,0.0010978124,held_fold
ISIC_4421291,0,0.0008796481,held_fold
ISIC_4423793,0,0.016579194,held_fold
ISIC_4423812,0,0.007981014,held_fold
ISIC_4424729,0,0.005572712,held_fold
ISIC_4427755,0,0.0012316938,held_fold
ISIC_4430697,0,0.0040682205,held_fold
ISIC_4430934,0,0.0021179798,held_fold
ISIC_4433552,0,0.0009644323,held_fold
ISIC_4433582,0,0.0031782358,held_fold
ISIC_4433684,0,0.0015402671,held_fold
ISIC_4434803,0,0.0017363507,held_fold
ISIC_4435776,0,0.003015332,held_fold
ISIC_4446385,0,0.005921673,held_fold
ISIC_4447973,0,0.0010264062,held_fold
ISIC_4450231,0,0.0015467803,held_fold
ISIC_4452233,0,0.002887153,held_fold
ISIC_4452285,0,0.0014876988,held_fold
ISIC_4457207,0,0.00087289675,held_fold
ISIC_4457514,0,0.057002485,held_fold
ISIC_4458627,0,0.0029102708,held_fold
ISIC_4460849,0,0.0005578397,held_fold
ISIC_4461785,0,0.035167716,held_fold
ISIC_4468148,0,0.00057992036,held_fold
ISIC_4468549,0,0.0009783584,held_fold
ISIC_4470123,0,0.0014209239,held_fold
ISIC_4474970,0,0.00033810866,held_fold
ISIC_4475297,0,0.0060077887,held_fold
ISIC_4475489,0,0.0026480271,held_fold
ISIC_4477448,0,0.364652,held_fold
ISIC_4477650,0,0.0026399174,held_fold
ISIC_4482610,0,0.00066542637,held_fold
ISIC_4483070,0,0.000482607,held_fold
ISIC_4487429,0,0.0005411268,held_fold
ISIC_4487589,0,0.0060991347,held_fold
ISIC_4490903,0,0.0034587032,held_fold
ISIC_4491273,0,0.0023042404,held_fold
ISIC_4493482,1,0.025784219,held_fold
ISIC_4495210,0,0.0098870285,held_fold
ISIC_4495986,0,0.017241986,held_fold
ISIC_4496483,0,0.029897088,held_fold
ISIC_4499380,0,0.0008046209,held_fold
ISIC_4499992,0,0.00052268774,held_fold
ISIC_4500287,0,0.016540568,held_fold
ISIC_4500574,0,0.0005535624,held_fold
ISIC_4505293,0,0.00067783537,held_fold
ISIC_4506930,0,0.0036867508,held_fold
ISIC_4507193,0,0.0004388947,held_fold
ISIC_4507700,0,0.0020189888,held_fold
ISIC_4508966,0,0.0007842526,held_fold
ISIC_4511841,0,0.0041637598,held_fold
ISIC_4512203,0,0.0014008224,held_fold
ISIC_4513059,0,0.004981688,held_fold
ISIC_4513704,0,0.001021473,held_fold
ISIC_4517117,0,0.0003763929,held_fold
ISIC_4520168,0,0.11768459,held_fold
ISIC_4522095,0,0.017058386,held_fold
ISIC_4522302,0,0.0031736556,held_fold
ISIC_4524431,0,0.0007331616,held_fold
ISIC_4524493,0,0.0006155429,held_fold
ISIC_4525143,0,0.010286792,held_fold
ISIC_4525243,0,0.00062239217,held_fold
ISIC_4525700,0,0.0005748634,held_fold
ISIC_4526367,0,0.0019866386,held_fold
ISIC_4526581,0,0.00071661675,held_fold
ISIC_4527040,0,0.009544558,held_fold
ISIC_4527901,0,0.0011741392,held_fold
ISIC_4531954,0,0.0006071528,held_fold
ISIC_4534571,0,0.0012210453,held_fold
ISIC_4538207,0,0.00063012424,held_fold
ISIC_4543887,0,0.00089760835,held_fold
ISIC_4545553,0,0.00045835023,held_fold
ISIC_4545717,0,0.10317516,held_fold
ISIC_4546136,0,0.0006596922,held_fold
ISIC_4548356,0,0.0023055244,held_fold
ISIC_4548990,0,0.34780535,held_fold
ISIC_4553760,0,0.00088833214,held_fold
ISIC_4554863,0,0.0011808055,held_fold
ISIC_4558228,0,0.0011418915,held_fold
ISIC_4559115,0,0.0002489779,held_fold
ISIC_4560338,0,0.000792002,held_fold
ISIC_4560814,0,0.09448812,held_fold
ISIC_4563146,0,0.0017183897,held_fold
ISIC_4564960,0,0.0984369,held_fold
ISIC_4565254,0,0.00073568465,held_fold
ISIC_4569321,0,0.1263437,held_fold
ISIC_4569383,0,0.0010129508,held_fold
ISIC_4569978,0,0.034038223,held_fold
ISIC_4572286,0,0.0026630622,held_fold
ISIC_4575112,0,0.0013530053,held_fold
ISIC_4575432,0,0.00054645457,held_fold
ISIC_4576846,0,0.03984742,held_fold
ISIC_4579531,0,0.18155368,held_fold
ISIC_4580046,0,0.0009293571,held_fold
ISIC_4581029,0,0.011893636,held_fold
ISIC_4581042,0,0.045277983,held_fold
ISIC_4585372,0,0.0024412062,held_fold
ISIC_4594359,0,0.001009771,held_fold
ISIC_4595555,0,0.033245977,held_fold
ISIC_4601037,0,0.014217165,held_fold
ISIC_4601381,0,0.0005285756,held_fold
ISIC_4601418,0,0.00061455276,held_fold
ISIC_4601679,0,0.00078299694,held_fold
ISIC_4615813,0,0.010083602,held_fold
ISIC_4622079,0,0.0011253769,held_fold
ISIC_4624611,0,0.0023584845,held_fold
ISIC_4624753,0,0.007390921,held_fold
ISIC_4629184,0,0.00076115463,held_fold
ISIC_4629476,0,0.0005325409,held_fold
ISIC_4630228,0,0.00065099203,held_fold
ISIC_4631367,0,0.00040445413,held_fold
ISIC_4631509,0,0.0013464271,held_fold
ISIC_4631910,0,0.15430695,held_fold
ISIC_4632020,0,0.0023911144,held_fold
ISIC_4633551,0,0.001655851,held_fold
ISIC_4634128,0,0.0006200153,held_fold
ISIC_4634378,0,0.0024498736,held_fold
ISIC_4634479,0,0.0003430615,held_fold
ISIC_4638310,0,0.0020309978,held_fold
ISIC_4639874,0,0.08282939,held_fold
ISIC_4643298,0,0.0024325473,held_fold
ISIC_4646990,0,0.00087060255,held_fold
ISIC_4647886,0,0.0021518285,held_fold
ISIC_4654225,0,0.0064810626,held_fold
ISIC_4655338,0,0.0020461932,held_fold
ISIC_4656565,0,0.19152275,held_fold
ISIC_4657733,0,0.0896854,held_fold
ISIC_4657838,0,0.0010289272,held_fold
ISIC_4663883,0,0.0044343104,held_fold
ISIC_4665178,0,0.03677685,held_fold
ISIC_4666619,0,0.0033508628,held_fold
ISIC_4669366,0,0.0020918706,held_fold
ISIC_4669490,0,0.03433555,held_fold
ISIC_4670822,0,0.0009506706,held_fold
ISIC_4672353,0,0.0023961517,held_fold
ISIC_4675228,0,0.0015422896,held_fold
ISIC_4676579,0,0.0005955143,held_fold
ISIC_4677620,0,0.0018270002,held_fold
ISIC_4680417,0,0.004654306,held_fold
ISIC_4681089,0,0.00087538006,held_fold
ISIC_4684424,0,0.0022061183,held_fold
ISIC_4686029,0,0.0012995729,held_fold
ISIC_4697272,0,0.00051808864,held_fold
ISIC_4698626,0,0.0016117671,held_fold
ISIC_4699072,0,0.07801966,held_fold
ISIC_4701157,0,0.0031590704,held_fold
ISIC_4702258,0,0.00041548387,held_fold
ISIC_4702716,0,0.0012673457,held_fold
ISIC_4702892,0,0.0018046502,held_fold
ISIC_4705307,0,0.00033205585,held_fold
ISIC_4707475,0,0.0018641496,held_fold
ISIC_4707552,0,0.0052494807,held_fold
ISIC_4708642,0,0.0006796647,held_fold
ISIC_4709818,0,0.07958648,held_fold
ISIC_4711662,0,0.0014047421,held_fold
ISIC_4714617,0,0.0002742449,held_fold
ISIC_4715386,0,0.00034400274,held_fold
ISIC_4718237,0,0.0024392388,held_fold
ISIC_4721599,0,0.000979444,held_fold
ISIC_4722942,0,0.0013812839,held_fold
ISIC_4723218,0,0.00076765113,held_fold
ISIC_4725027,0,0.0016325185,held_fold
ISIC_4725103,0,0.00080449093,held_fold
ISIC_4726431,0,0.0020595912,held_fold
ISIC_4726724,0,0.0010013421,held_fold
ISIC_4727718,0,0.07173978,held_fold
ISIC_4728167,0,0.0012539815,held_fold
ISIC_4728756,0,0.003289596,held_fold
ISIC_4728968,0,0.00089120405,held_fold
ISIC_4732241,0,0.0013086207,held_fold
ISIC_4734950,0,0.0011253591,held_fold
ISIC_4735120,0,0.002123842,held_fold
ISIC_4738641,0,0.0012826578,held_fold
ISIC_4741533,0,0.39380658,held_fold
ISIC_4743738,0,0.0006277394,held_fold
ISIC_4743874,0,0.0015017629,held_fold
ISIC_4748023,0,0.0012102546,held_fold
ISIC_4748600,0,0.004523123,held_fold
ISIC_4749897,0,0.00056485075,held_fold
ISIC_4749959,0,0.003937729,held_fold
ISIC_4750129,0,0.0020621596,held_fold
ISIC_4762916,0,0.06558888,held_fold
ISIC_4763436,0,0.22919855,held_fold
ISIC_4763703,0,0.0061523714,held_fold
ISIC_4763943,0,0.00025588053,held_fold
ISIC_4764002,0,0.06299694,held_fold
ISIC_4765961,0,0.0018402203,held_fold
ISIC_4767345,0,0.00046890543,held_fold
ISIC_4768144,0,0.00072813814,held_fold
ISIC_4768668,0,0.0005235468,held_fold
ISIC_4770452,0,0.0003548111,held_fold
ISIC_4771668,0,0.0007207006,held_fold
ISIC_4774143,0,0.0011177463,held_fold
ISIC_4777536,0,0.0005090803,held_fold
ISIC_4780541,0,0.000555147,held_fold
ISIC_4782254,0,0.0013672541,held_fold
ISIC_4784726,0,0.0018405829,held_fold
ISIC_4787852,0,0.00059452554,held_fold
ISIC_4792446,0,0.17310348,held_fold
ISIC_4794433,0,0.0006000495,held_fold
ISIC_4796189,0,0.0036655294,held_fold
ISIC_4797654,0,0.0072925766,held_fold
ISIC_4798962,0,0.015134246,held_fold
ISIC_4801791,0,0.0012424487,held_fold
ISIC_4804912,0,0.038090426,held_fold
ISIC_4807849,0,0.0051738685,held_fold
ISIC_4808309,0,0.0046387273,held_fold
ISIC_4812889,0,0.0008343954,held_fold
ISIC_4813181,0,0.0018104523,held_fold
ISIC_4816989,0,0.0022427326,held_fold
ISIC_4817112,0,0.00534245,held_fold
ISIC_4818326,0,0.0016343528,held_fold
ISIC_4822192,0,0.00014880301,held_fold
ISIC_4822306,0,0.0011623596,held_fold
ISIC_4822442,0,0.0006824554,held_fold
ISIC_4824111,0,0.0005108531,held_fold
ISIC_4824153,0,0.000676368,held_fold
ISIC_4826839,0,0.0011615277,held_fold
ISIC_4828380,0,0.08760046,held_fold
ISIC_4829356,0,0.0023744218,held_fold
ISIC_4831895,0,0.002395166,held_fold
ISIC_4836699,0,0.011633843,held_fold
ISIC_4836873,0,0.0016237537,held_fold
ISIC_4836901,0,0.13551238,held_fold
ISIC_4841705,0,0.0023253295,held_fold
ISIC_4842681,0,0.0011274865,held_fold
ISIC_4843102,0,0.0020297524,held_fold
ISIC_4844741,0,0.077830456,held_fold
ISIC_4844937,0,0.019938992,held_fold
ISIC_4846042,0,0.0010995965,held_fold
ISIC_4846287,0,0.012202131,held_fold
ISIC_4848484,0,0.0008522035,held_fold
ISIC_4849032,0,0.00061194773,held_fold
ISIC_4849252,0,0.00032802118,held_fold
ISIC_4850678,0,0.0006195038,held_fold
ISIC_4851652,0,0.18705939,held_fold
ISIC_4857744,0,0.014065636,held_fold
ISIC_4859456,0,0.034627404,held_fold
ISIC_4863404,0,0.001608736,held_fold
ISIC_4863708,0,0.005847662,held_fold
ISIC_4865877,0,0.0006365272,held_fold
ISIC_4868982,0,0.0008031938,held_fold
ISIC_4873009,0,0.0010331371,held_fold
ISIC_4874287,0,0.0017322989,held_fold
ISIC_4874581,1,0.13651875,held_fold
ISIC_4875724,0,0.0006124452,held_fold
ISIC_4876193,0,0.019236652,held_fold
ISIC_4877382,0,0.12185851,held_fold
ISIC_4882389,0,0.00079338776,held_fold
ISIC_4883212,0,0.00067979883,held_fold
ISIC_4889332,0,0.004768743,held_fold
ISIC_4892817,0,0.00068529736,held_fold
ISIC_4892823,0,0.00028153005,held_fold
ISIC_4893602,0,0.007312145,held_fold
ISIC_4895464,0,0.023658533,held_fold
ISIC_4896088,0,0.13835059,held_fold
ISIC_4899386,0,0.00073535036,held_fold
ISIC_4901330,0,0.0837665,held_fold
ISIC_4905331,0,0.011134517,held_fold
ISIC_4906470,0,0.00059695495,held_fold
ISIC_4908514,0,0.6049186,held_fold
ISIC_4909229,0,0.00085287297,held_fold
ISIC_4910271,0,0.00065598014,held_fold
ISIC_4910683,0,0.3225669,held_fold
ISIC_4915404,0,0.0009418947,held_fold
ISIC_4916704,1,0.22101992,held_fold
ISIC_4917773,0,0.00053117063,held_fold
ISIC_4919596,0,0.0033376,held_fold
ISIC_4919947,0,0.0021639029,held_fold
ISIC_4920051,0,0.0014043141,held_fold
ISIC_4921164,0,0.0011974005,held_fold
ISIC_4926484,0,0.0007923836,held_fold
ISIC_4927560,0,0.0032755877,held_fold
ISIC_4928426,0,0.13069147,held_fold
ISIC_4930937,0,0.0011476574,held_fold
ISIC_4931777,0,0.005312724,held_fold
ISIC_4933119,0,0.0013521591,held_fold
ISIC_4941243,0,0.003679348,held_fold
ISIC_4943389,0,0.002408299,held_fold
ISIC_4946031,0,0.0010308189,held_fold
ISIC_4949672,0,0.0019097851,held_fold
ISIC_4956713,0,0.0065364647,held_fold
ISIC_4956766,0,0.00045611715,held_fold
ISIC_4957216,0,0.01565677,held_fold
ISIC_4957315,0,0.0020047524,held_fold
ISIC_4958006,0,0.0026460183,held_fold
ISIC_4962984,0,0.00027413352,held_fold
ISIC_4963405,0,0.32667622,held_fold
ISIC_4965832,0,0.005689396,held_fold
ISIC_4967564,1,0.08347969,held_fold
ISIC_4968876,0,0.0012266126,held_fold
ISIC_4969221,0,0.0014118698,held_fold
ISIC_4971047,0,0.017330717,held_fold
ISIC_4971534,0,0.0007432048,held_fold
ISIC_4971739,0,0.004683947,held_fold
ISIC_4972756,0,0.003422953,held_fold
ISIC_4973203,0,0.0029880733,held_fold
ISIC_4973549,0,0.00065094087,held_fold
ISIC_4974475,0,0.0021906516,held_fold
ISIC_4984992,0,0.0005865929,held_fold
ISIC_4986933,0,0.0014388546,held_fold
ISIC_4992702,0,0.002227777,held_fold
ISIC_4994072,0,0.002340392,held_fold
ISIC_4994445,0,0.022221787,held_fold
ISIC_4998535,0,0.0012053583,held_fold
ISIC_5003226,0,0.0018035149,held_fold
ISIC_5003751,0,0.0076827127,held_fold
ISIC_5008399,0,0.022293262,held_fold
ISIC_5011222,0,0.0010627968,held_fold
ISIC_5014425,0,0.18542118,held_fold
ISIC_5015081,0,0.0038475557,held_fold
ISIC_5023040,0,0.0044601276,held_fold
ISIC_5026565,0,0.0007303951,held_fold
ISIC_5026709,0,0.0016244388,held_fold
ISIC_5026745,0,0.04173657,held_fold
ISIC_5028303,0,0.00042819374,held_fold
ISIC_5028612,0,0.0683725,held_fold
ISIC_5029669,0,0.009114046,held_fold
ISIC_5037740,0,0.00082677585,held_fold
ISIC_5037796,0,0.0014527439,held_fold
ISIC_5038440,0,0.006625133,held_fold
ISIC_5039895,0,0.00047236384,held_fold
ISIC_5041679,0,0.00076428364,held_fold
ISIC_5044391,0,0.09299346,held_fold
ISIC_5044479,0,0.0015597439,held_fold
ISIC_5044647,0,0.007406326,held_fold
ISIC_5046340,0,0.0009667183,held_fold
ISIC_5047840,0,0.0014471655,held_fold
ISIC_5047865,0,0.0022614195,held_fold
ISIC_5048124,0,0.028671997,held_fold
ISIC_5051907,0,0.0005157691,held_fold
ISIC_5052630,0,0.0029991572,held_fold
ISIC_5053869,0,0.0007619159,held_fold
ISIC_5054317,0,0.0688181,held_fold
ISIC_5055404,0,0.0005145153,held_fold
ISIC_5059355,0,0.0005975748,held_fold
ISIC_5060012,0,0.0014708001,held_fold
ISIC_5061168,0,0.0037179377,held_fold
ISIC_5063451,0,0.012248473,held_fold
ISIC_5064969,0,0.01729212,held_fold
ISIC_5067317,0,0.011234678,held_fold
ISIC_5069412,0,0.0023930226,held_fold
ISIC_5069688,0,0.0011797723,held_fold
ISIC_5069715,0,0.0010075609,held_fold
ISIC_5069771,0,0.004401866,held_fold
ISIC_5070664,0,0.00059862545,held_fold
ISIC_5071555,0,0.00813519,held_fold
ISIC_5074129,0,0.00064011355,held_fold
ISIC_5074160,0,0.00084237015,held_fold
ISIC_5075453,0,0.026014747,held_fold
ISIC_5076700,0,0.0019331594,held_fold
ISIC_5076871,0,0.001857952,held_fold
ISIC_5080559,0,0.0010409971,held_fold
ISIC_5080783,0,0.0008048567,held_fold
ISIC_5082615,0,0.012191939,held_fold
ISIC_5084146,0,0.0032082105,held_fold
ISIC_5086403,0,0.00046540267,held_fold
ISIC_5086676,0,0.0007182953,held_fold
ISIC_5090400,0,0.009761708,held_fold
ISIC_5095445,0,0.0015931764,held_fold
ISIC_5096378,0,0.0013268434,held_fold
ISIC_5103342,0,0.014296979,held_fold
ISIC_5106545,0,0.0023492945,held_fold
ISIC_5109327,0,0.0028899466,held_fold
ISIC_5117209,0,0.001632189,held_fold
ISIC_5118254,0,0.28798386,held_fold
ISIC_5120109,0,0.014769219,held_fold
ISIC_5120553,0,0.112508446,held_fold
ISIC_5123817,0,0.002900808,held_fold
ISIC_5125226,0,0.0011229139,held_fold
ISIC_5125960,0,0.0011569931,held_fold
ISIC_5131330,0,0.001671358,held_fold
ISIC_5138032,0,0.017787112,held_fold
ISIC_5139028,0,0.0007294272,held_fold
ISIC_5141510,0,0.0010591984,held_fold
ISIC_5142088,0,0.0010099082,held_fold
ISIC_5143813,0,0.0034406697,held_fold
ISIC_5145325,0,0.0013912871,held_fold
ISIC_5147346,0,0.0048847194,held_fold
ISIC_5148961,0,0.0009045234,held_fold
ISIC_5150141,0,0.027399397,held_fold
ISIC_5150938,0,0.00071361545,held_fold
ISIC_5151261,0,0.013678235,held_fold
ISIC_5152000,0,0.0016034907,held_fold
ISIC_5154320,0,0.000746189,held_fold
ISIC_5156210,0,0.06424554,held_fold
ISIC_5157055,0,0.07632182,held_fold
ISIC_5157799,0,0.0008710966,held_fold
ISIC_5157962,0,0.0013957076,held_fold
ISIC_5158910,0,0.0005948438,held_fold
ISIC_5162216,0,0.00378219,held_fold
ISIC_5162699,0,0.0013006608,held_fold
ISIC_5162861,0,0.004731936,held_fold
ISIC_5163976,0,0.0018817615,held_fold
ISIC_5164319,0,0.002193501,held_fold
ISIC_5164416,0,0.002934416,held_fold
ISIC_5165286,0,0.0005911289,held_fold
ISIC_5165544,0,0.0011226257,held_fold
ISIC_5173343,0,0.0011284626,held_fold
ISIC_5173742,0,0.15916365,held_fold
ISIC_5174173,0,0.00088619743,held_fold
ISIC_5175471,0,0.0027220773,held_fold
ISIC_5175636,0,0.0008551075,held_fold
ISIC_5179497,0,0.0013399305,held_fold
ISIC_5179841,0,0.0003433239,held_fold
ISIC_5182592,0,0.0033556167,held_fold
ISIC_5187819,0,0.00042318503,held_fold
ISIC_5190484,0,0.00087616494,held_fold
ISIC_5192051,0,0.0009616673,held_fold
ISIC_5192265,0,0.08058745,held_fold
ISIC_5193576,0,0.0049862335,held_fold
ISIC_5193810,0,0.0017095422,held_fold
ISIC_5194334,0,0.0010491372,held_fold
ISIC_5198201,0,0.0027620068,held_fold
ISIC_5198347,0,0.0031543109,held_fold
ISIC_5200765,0,0.0014827697,held_fold
ISIC_5200791,0,0.020700712,held_fold
ISIC_5200993,0,0.00563113,held_fold
ISIC_5202944,0,0.010681487,held_fold
ISIC_5204029,0,0.0006899856,held_fold
ISIC_5206080,0,0.0018918081,held_fold
ISIC_5206218,0,0.001011508,held_fold
ISIC_5207738,0,0.04444974,held_fold
ISIC_5208069,0,0.09712512,held_fold
ISIC_5209031,0,0.0041690343,held_fold
ISIC_5209769,0,0.0058369357,held_fold
ISIC_5210063,0,0.0090244915,held_fold
ISIC_5210074,0,0.0042093154,held_fold
ISIC_5210185,0,0.00036524862,held_fold
ISIC_5216654,0,0.00020607891,held_fold
ISIC_5218561,0,0.027110241,held_fold
ISIC_5222545,0,0.00054506125,held_fold
ISIC_5225256,0,0.0025365078,held_fold
ISIC_5225355,0,0.053212773,held_fold
ISIC_5226371,0,0.00038333912,held_fold
ISIC_5228997,0,0.0013862856,held_fold
ISIC_5229218,0,0.001148442,held_fold
ISIC_5230345,0,0.0037626585,held_fold
ISIC_5230385,0,0.016110469,held_fold
ISIC_5231145,0,0.001884251,held_fold
ISIC_5231959,0,0.0015396784,held_fold
ISIC_5234605,0,0.0800805,held_fold
ISIC_5238111,0,0.00084056845,held_fold
ISIC_5240834,0,0.0056275455,held_fold
ISIC_5243140,0,0.0006922998,held_fold
ISIC_5243378,0,0.0006393008,held_fold
ISIC_5247560,1,0.22038205,held_fold
ISIC_5251150,0,0.00066376815,held_fold
ISIC_5251834,0,0.0011463425,held_fold
ISIC_5252704,0,0.000866591,held_fold
ISIC_5259313,0,0.0071996986,held_fold
ISIC_5260050,1,0.02712937,held_fold
ISIC_5263858,0,0.0013593741,held_fold
ISIC_5265488,0,0.14532322,held_fold
ISIC_5268669,0,0.23397458,held_fold
ISIC_5269776,0,0.0031382933,held_fold
ISIC_5269901,0,0.003174834,held_fold
ISIC_5271116,0,0.00055509515,held_fold
ISIC_5272009,0,0.006618759,held_fold
ISIC_5272837,0,0.07059596,held_fold
ISIC_5273268,0,0.0012176991,held_fold
ISIC_5282898,0,0.003567082,held_fold
ISIC_5283061,0,0.0010900187,held_fold
ISIC_5283150,0,0.00096973666,held_fold
ISIC_5284504,0,0.0013499863,held_fold
ISIC_5286203,0,0.0008515104,held_fold
ISIC_5287679,0,0.0006476207,held_fold
ISIC_5291255,0,0.0007083326,held_fold
ISIC_5292936,0,0.0024801157,held_fold
ISIC_5297101,0,0.018370697,held_fold
ISIC_5301962,0,0.0016006961,held_fold
ISIC_5302483,0,0.0075449054,held_fold
ISIC_5303829,0,0.0015007134,held_fold
ISIC_5304633,0,0.023410076,held_fold
ISIC_5305786,0,0.0031579952,held_fold
ISIC_5306841,0,0.0067680967,held_fold
ISIC_5308066,0,0.00097150257,held_fold
ISIC_5308859,0,0.0007907038,held_fold
ISIC_5313579,0,0.000770512,held_fold
ISIC_5314606,0,0.0042495457,held_fold
ISIC_5318659,0,0.0031667782,held_fold
ISIC_5321539,0,0.0026345404,held_fold
ISIC_5321852,0,0.00037211672,held_fold
ISIC_5324428,0,0.00082730694,held_fold
ISIC_5325356,0,0.22803657,held_fold
ISIC_5327023,0,0.05397171,held_fold
ISIC_5329118,0,0.00048132407,held_fold
ISIC_5329156,0,0.0019547038,held_fold
ISIC_5332107,0,0.61884487,held_fold
ISIC_5332605,0,0.00071092066,held_fold
ISIC_5333238,0,0.24059737,held_fold
ISIC_5336289,0,0.015259968,held_fold
ISIC_5337442,0,0.00080710213,held_fold
ISIC_5341606,0,0.00059497735,held_fold
ISIC_5343424,0,0.013690618,held_fold
ISIC_5345560,0,0.00722882,held_fold
ISIC_5346135,0,0.00095830136,held_fold
ISIC_5346659,0,0.036089864,held_fold
ISIC_5347806,0,0.00024621194,held_fold
ISIC_5348663,0,0.036856323,held_fold
ISIC_5349456,0,0.0020316201,held_fold
ISIC_5349762,0,0.0015053707,held_fold
ISIC_5351400,0,0.0025095625,held_fold
ISIC_5355196,0,0.006706379,held_fold
ISIC_5357160,0,0.0028593687,held_fold
ISIC_5358174,0,0.0005359422,held_fold
ISIC_5359127,0,0.0017629864,held_fold
ISIC_5360253,0,0.0007290839,held_fold
ISIC_5362188,0,0.015334806,held_fold
ISIC_5362760,0,0.0011592932,held_fold
ISIC_5364330,0,0.009590683,held_fold
ISIC_5367149,0,0.011453647,held_fold
ISIC_5370599,0,0.2169671,held_fold
ISIC_5372911,0,0.00062826887,held_fold
ISIC_5373353,0,0.0008131651,held_fold
ISIC_5376036,0,0.0005145428,held_fold
ISIC_5377943,0,0.00042203366,held_fold
ISIC_5378363,0,0.0006167279,held_fold
ISIC_5378379,0,0.005747305,held_fold
ISIC_5381712,0,0.0006380603,held_fold
ISIC_5387829,0,0.001779794,held_fold
ISIC_5389415,0,0.0011487702,held_fold
ISIC_5390932,0,0.00073273055,held_fold
ISIC_5393367,0,0.0005388077,held_fold
ISIC_5395344,0,0.001733447,held_fold
ISIC_5395714,0,0.01597101,held_fold
ISIC_5396264,0,0.07208834,held_fold
ISIC_5396459,0,0.0013494252,held_fold
ISIC_5399150,0,0.020342888,held_fold
ISIC_5404908,0,0.009225021,held_fold
ISIC_5406633,0,0.0014309223,held_fold
ISIC_5409716,0,0.018515985,held_fold
ISIC_5412095,0,0.00060651574,held_fold
ISIC_5413674,0,0.0014673972,held_fold
ISIC_5414133,0,0.0043624295,held_fold
ISIC_5415213,0,0.0025774878,held_fold
ISIC_5416567,0,0.0050908234,held_fold
ISIC_5416646,0,0.0021397336,held_fold
ISIC_5418694,0,0.1526673,held_fold
ISIC_5419016,0,0.0009852574,held_fold
ISIC_5425691,0,0.009149148,held_fold
ISIC_5428925,0,0.0008738022,held_fold
ISIC_5433575,0,0.0009033504,held_fold
ISIC_5435642,0,0.00080190285,held_fold
ISIC_5436811,0,0.003940861,held_fold
ISIC_5437766,0,0.00049726275,held_fold
ISIC_5439597,0,0.0007157445,held_fold
ISIC_5440063,0,0.0004506937,held_fold
ISIC_5440360,0,0.00644945,held_fold
ISIC_5442464,0,0.0044676205,held_fold
ISIC_5442578,0,0.03431578,held_fold
ISIC_5443837,0,0.0010705288,held_fold
ISIC_5444355,0,0.00087873585,held_fold
ISIC_5444991,0,0.025869925,held_fold
ISIC_5446200,0,0.00079757953,held_fold
ISIC_5446957,0,0.00039390966,held_fold
ISIC_5447103,0,0.075742096,held_fold
ISIC_5449597,0,0.0032951524,held_fold
ISIC_5449908,0,0.00080633257,held_fold
ISIC_5455157,0,0.00052383385,held_fold
ISIC_5457889,0,0.0007327453,held_fold
ISIC_5458933,0,0.0012004909,held_fold
ISIC_5459795,0,0.0029326961,held_fold
ISIC_5461609,0,0.00071573904,held_fold
ISIC_5463880,0,0.008753097,held_fold
ISIC_5464900,0,0.0008609827,held_fold
ISIC_5464911,0,0.0070287413,held_fold
ISIC_5467728,0,0.006219135,held_fold
ISIC_5470000,0,0.0010711423,held_fold
ISIC_5470097,0,0.0010309799,held_fold
ISIC_5474663,0,0.0025284425,held_fold
ISIC_5475765,0,0.003496543,held_fold
ISIC_5476174,0,0.0023112865,held_fold
ISIC_5477879,0,0.00163287,held_fold
ISIC_5478234,0,0.0077390783,held_fold
ISIC_5479774,0,0.0030207902,held_fold
ISIC_5484270,0,0.002077724,held_fold
ISIC_5485142,0,0.45309687,held_fold
ISIC_5485512,0,0.0017849256,held_fold
ISIC_5485524,0,0.0041905493,held_fold
ISIC_5491301,0,0.001361903,held_fold
ISIC_5491983,0,0.0011511123,held_fold
ISIC_5492174,0,0.0006903579,held_fold
ISIC_5493359,0,0.0005036125,held_fold
ISIC_5498059,0,0.0005919213,held_fold
ISIC_5499139,0,0.0016123242,held_fold
ISIC_5504525,0,0.027509404,held_fold
ISIC_5505507,0,0.032586303,held_fold
ISIC_5505564,0,0.002509555,held_fold
ISIC_5508076,0,0.0029633502,held_fold
ISIC_5509946,0,0.0006209266,held_fold
ISIC_5514753,0,0.0044383095,held_fold
ISIC_5515734,0,0.24646597,held_fold
ISIC_5516462,0,0.0005031825,held_fold
ISIC_5517989,0,0.0009119232,held_fold
ISIC_5524048,0,0.0012266943,held_fold
ISIC_5526118,0,0.003824747,held_fold
ISIC_5526478,0,0.0017902274,held_fold
ISIC_5527447,0,0.00062510034,held_fold
ISIC_5527572,0,0.00060773006,held_fold
ISIC_5538169,0,0.066219494,held_fold
ISIC_5539001,0,0.0094144745,held_fold
ISIC_5539180,0,0.00058742875,held_fold
ISIC_5540003,0,0.0015312365,held_fold
ISIC_5540047,0,0.0028510385,held_fold
ISIC_5541223,0,0.0018430285,held_fold
ISIC_5544791,0,0.011553051,held_fold
ISIC_5547318,0,0.018706543,held_fold
ISIC_5548608,0,0.005915873,held_fold
ISIC_5553495,0,0.008776661,held_fold
ISIC_5557685,0,0.0003501584,held_fold
ISIC_5558657,0,0.0022258456,held_fold
ISIC_5558942,0,0.004799053,held_fold
ISIC_5562344,0,0.0024758994,held_fold
ISIC_5562603,0,0.004302655,held_fold
ISIC_5563008,0,0.00088857504,held_fold
ISIC_5564757,0,0.008742441,held_fold
ISIC_5565349,0,0.0026452432,held_fold
ISIC_5565696,0,0.00096954685,held_fold
ISIC_5566396,0,0.07652665,held_fold
ISIC_5566630,0,0.0028579468,held_fold
ISIC_5569568,0,0.011173478,held_fold
ISIC_5569766,0,0.00033382094,held_fold
ISIC_5573924,0,0.029600084,held_fold
ISIC_5576501,0,0.0052188877,held_fold
ISIC_5580000,0,0.00058629835,held_fold
ISIC_5580730,0,0.000880186,held_fold
ISIC_5582679,0,0.28931367,held_fold
ISIC_5582962,0,0.0059007667,held_fold
ISIC_5584377,0,0.001223271,held_fold
ISIC_5586765,0,0.0007080589,held_fold
ISIC_5589724,0,0.00048421932,held_fold
ISIC_5589782,0,0.0012561979,held_fold
ISIC_5591515,0,0.00039742785,held_fold
ISIC_5592799,0,0.042848747,held_fold
ISIC_5595054,0,0.0007000033,held_fold
ISIC_5600105,0,0.00061201013,held_fold
ISIC_5600337,0,0.041751534,held_fold
ISIC_5601024,0,0.0005041634,held_fold
ISIC_5601256,0,0.0008097158,held_fold
ISIC_5601317,0,0.005310998,held_fold
ISIC_5604110,0,0.0109641105,held_fold
ISIC_5604397,0,0.0009105379,held_fold
ISIC_5605916,0,0.07304256,held_fold
ISIC_5606099,0,0.019184291,held_fold
ISIC_5606896,0,0.00063376024,held_fold
ISIC_5609541,0,0.0049859514,held_fold
ISIC_5610153,0,0.001342817,held_fold
ISIC_5611049,0,0.0010650844,held_fold
ISIC_5612314,0,0.00687158,held_fold
ISIC_5615250,0,0.01669238,held_fold
ISIC_5616806,0,0.003381931,held_fold
ISIC_5618055,0,0.10739962,held_fold
ISIC_5618128,0,0.0037530242,held_fold
ISIC_5619661,0,0.0008598742,held_fold
ISIC_5622348,0,0.0008446886,held_fold
ISIC_5627447,0,0.004441479,held_fold
ISIC_5630940,0,0.24446289,held_fold
ISIC_5632905,0,0.001269206,held_fold
ISIC_5637715,0,0.1635591,held_fold
ISIC_5638642,0,0.0008394651,held_fold
ISIC_5638873,0,0.0018738304,held_fold
ISIC_5639070,0,0.00033145802,held_fold
ISIC_5644039,0,0.0059600235,held_fold
ISIC_5644242,0,0.005095393,held_fold
ISIC_5644878,0,0.005516903,held_fold
ISIC_5644962,0,0.0008720148,held_fold
ISIC_5645789,0,0.0023204056,held_fold
ISIC_5653572,0,0.0012561741,held_fold
ISIC_5657291,0,0.0037172525,held_fold
ISIC_5661100,0,0.0015892863,held_fold
ISIC_5668394,0,0.0010430913,held_fold
ISIC_5671321,0,0.0006598312,held_fold
ISIC_5672389,0,0.0012577106,held_fold
ISIC_5673518,1,0.004616066,held_fold
ISIC_5674396,0,0.00063179113,held_fold
ISIC_5676785,0,0.12995395,held_fold
ISIC_5676827,0,0.00061690895,held_fold
ISIC_5678799,0,0.0013922999,held_fold
ISIC_5682259,0,0.0005848929,held_fold
ISIC_5683235,0,0.00064946606,held_fold
ISIC_5684218,0,0.0015627362,held_fold
ISIC_5690108,0,0.00038738197,held_fold
ISIC_5691740,0,0.005126471,held_fold
ISIC_5694928,0,0.00138156,held_fold
ISIC_5695185,0,0.009753922,held_fold
ISIC_5695623,0,0.000610631,held_fold
ISIC_5698225,0,0.0006180996,held_fold
ISIC_5699328,0,0.00042001327,held_fold
ISIC_5702748,0,0.0122354245,held_fold
ISIC_5703274,0,0.0012314438,held_fold
ISIC_5703303,0,0.017106285,held_fold
ISIC_5704793,0,0.0006286085,held_fold
ISIC_5705734,0,0.00581413,held_fold
ISIC_5706663,0,0.00090897107,held_fold
ISIC_5706908,0,0.0012602018,held_fold
ISIC_5707528,0,0.0015555441,held_fold
ISIC_5707738,0,0.0576331,held_fold
ISIC_5707762,0,0.0075408043,held_fold
ISIC_5708658,0,0.0010535538,held_fold
ISIC_5709247,0,0.00045087587,held_fold
ISIC_5709790,0,0.0052139563,held_fold
ISIC_5712645,0,0.0021008782,held_fold
ISIC_5714090,0,0.0013484546,held_fold
ISIC_5715041,0,0.010471595,held_fold
ISIC_5718663,0,0.0016326568,held_fold
ISIC_5718805,0,0.0007315835,held_fold
ISIC_5729430,0,0.0017325627,held_fold
ISIC_5730062,0,0.002586269,held_fold
ISIC_5732487,0,0.0012234091,held_fold
ISIC_5736529,0,0.098078474,held_fold
ISIC_5736844,0,0.0024774582,held_fold
ISIC_5738661,0,0.003640789,held_fold
ISIC_5739096,0,0.0013284,held_fold
ISIC_5740023,0,0.0012578514,held_fold
ISIC_5742934,0,0.00061000633,held_fold
ISIC_5743740,0,0.08243024,held_fold
ISIC_5746059,0,0.001180413,held_fold
ISIC_5746904,0,0.0004687602,held_fold
ISIC_5747082,0,0.0018000663,held_fold
ISIC_5751713,0,0.058531467,held_fold
ISIC_5751956,0,0.0020963007,held_fold
ISIC_5753196,0,0.00046976443,held_fold
ISIC_5754070,0,0.0023396728,held_fold
ISIC_5754214,0,0.019181725,held_fold
ISIC_5758316,0,0.00054934015,held_fold
ISIC_5758327,0,0.18221779,held_fold
ISIC_5759054,0,0.0010331395,held_fold
ISIC_5760047,0,0.00091196754,held_fold
ISIC_5760581,0,0.00067476294,held_fold
ISIC_5763050,0,0.34096655,held_fold
ISIC_5763750,0,0.019246483,held_fold
ISIC_5768032,0,0.0048511056,held_fold
ISIC_5772938,0,0.0016197992,held_fold
ISIC_5775708,0,0.014658095,held_fold
ISIC_5776477,0,0.0014631958,held_fold
ISIC_5777169,0,0.0018251403,held_fold
ISIC_5779294,0,0.009909735,held_fold
ISIC_5780588,0,0.026015978,held_fold
ISIC_5783440,0,0.0012447373,held_fold
ISIC_5785399,0,0.0077437446,held_fold
ISIC_5788537,0,0.00205146,held_fold
ISIC_5790535,0,0.0022818693,held_fold
ISIC_5790865,0,0.0012456012,held_fold
ISIC_5793600,0,0.0034815015,held_fold
ISIC_5793921,0,0.050446756,held_fold
ISIC_5797278,0,0.04443958,held_fold
ISIC_5798331,0,0.0015086267,held_fold
ISIC_5799312,0,0.0012894443,held_fold
ISIC_5802768,0,0.0042390805,held_fold
ISIC_5803620,0,0.0017544874,held_fold
ISIC_5810306,0,0.00090732967,held_fold
ISIC_5814641,0,0.009166733,held_fold
ISIC_5816399,0,0.00042833068,held_fold
ISIC_5819133,0,0.00062200584,held_fold
ISIC_5821131,0,0.007554052,held_fold
ISIC_5821737,0,0.024677997,held_fold
ISIC_5821806,0,0.00085847516,held_fold
ISIC_5822747,0,0.00019277172,held_fold
ISIC_5826465,0,0.0046244035,held_fold
ISIC_5828564,0,0.0014552175,held_fold
ISIC_5833957,0,0.00089808734,held_fold
ISIC_5835178,0,0.0022247455,held_fold
ISIC_5835414,0,0.0025900134,held_fold
ISIC_5836021,0,0.0019862216,held_fold
ISIC_5847941,0,0.0076632234,held_fold
ISIC_5848007,0,0.009463583,held_fold
ISIC_5848790,0,0.0016231518,held_fold
ISIC_5851895,0,0.12449387,held_fold
ISIC_5852065,0,0.0051756995,held_fold
ISIC_5852089,0,0.07006385,held_fold
ISIC_5853111,0,0.0008949494,held_fold
ISIC_5855004,0,0.15354027,held_fold
ISIC_5857303,0,0.0008415815,held_fold
ISIC_5857823,0,0.0013635786,held_fold
ISIC_5858628,0,0.0019032449,held_fold
ISIC_5859840,0,0.00047505618,held_fold
ISIC_5860269,0,0.002560106,held_fold
ISIC_5863681,0,0.0058356905,held_fold
ISIC_5864390,0,0.20806442,held_fold
ISIC_5864760,0,0.001577764,held_fold
ISIC_5868835,0,0.0064381943,held_fold
ISIC_5869699,0,0.0006702081,held_fold
ISIC_5871588,0,0.008159628,held_fold
ISIC_5877410,0,0.0034028953,held_fold
ISIC_5879789,0,0.0009965056,held_fold
ISIC_5879997,0,0.006718189,held_fold
ISIC_5881453,0,0.020632427,held_fold
ISIC_5881871,0,0.0023183918,held_fold
ISIC_5883331,0,0.0064261206,held_fold
ISIC_5886468,0,0.0004423776,held_fold
ISIC_5887816,0,0.006378395,held_fold
ISIC_5889054,0,0.0013200054,held_fold
ISIC_5891099,0,0.0009421437,held_fold
ISIC_5891866,0,0.0012551593,held_fold
ISIC_5894764,0,0.0004888873,held_fold
ISIC_5896782,0,0.0006184708,held_fold
ISIC_5897134,0,0.001025502,held_fold
ISIC_5899528,0,0.00242645,held_fold
ISIC_5900283,0,0.0003378058,held_fold
ISIC_5902170,0,0.0022224074,held_fold
ISIC_5902741,0,0.015361662,held_fold
ISIC_5904617,0,0.042894755,held_fold
ISIC_5905077,0,0.00084861065,held_fold
ISIC_5907599,0,0.0061703688,held_fold
ISIC_5907909,0,0.008575255,held_fold
ISIC_5910413,0,0.0007012429,held_fold
ISIC_5910685,0,0.020788299,held_fold
ISIC_5919355,0,0.0006580238,held_fold
ISIC_5919926,0,0.0055926186,held_fold
ISIC_5921024,0,0.00090168376,held_fold
ISIC_5922523,0,0.00090007053,held_fold
ISIC_5924239,0,0.018467328,held_fold
ISIC_5924261,0,0.0025580842,held_fold
ISIC_5924758,0,0.06236432,held_fold
ISIC_5925557,0,0.00049997115,held_fold
ISIC_5942564,0,0.00043891562,held_fold
ISIC_5943775,0,0.22813803,held_fold
ISIC_5944377,0,0.00088979676,held_fold
ISIC_5946998,0,0.29497853,held_fold
ISIC_5950041,0,0.00034240537,held_fold
ISIC_5950116,0,0.003590118,held_fold
ISIC_5955793,0,0.0010831523,held_fold
ISIC_5957307,0,0.082071334,held_fold
ISIC_5960427,0,0.0023406658,held_fold
ISIC_5960608,0,0.035541028,held_fold
ISIC_5961024,0,0.017460972,held_fold
ISIC_5964240,0,0.0007561759,held_fold
ISIC_5964676,0,0.014559492,held_fold
ISIC_5968205,0,0.020947777,held_fold
ISIC_5968606,0,0.0022373707,held_fold
ISIC_5968883,0,0.0005339874,held_fold
ISIC_5970659,0,0.0022672208,held_fold
ISIC_5976617,0,0.0012176863,held_fold
ISIC_5978259,0,0.00092799886,held_fold
ISIC_5979807,0,0.0005993219,held_fold
ISIC_5980439,0,0.0007897316,held_fold
ISIC_5986586,0,0.0010712581,held_fold
ISIC_5986786,0,0.0005996199,held_fold
ISIC_5988963,0,0.0008708161,held_fold
ISIC_5990316,0,0.0021393795,held_fold
ISIC_5993863,0,0.25664958,held_fold
ISIC_5996925,0,0.013476286,held_fold
ISIC_5997802,0,0.0011679718,held_fold
ISIC_5999832,0,0.0016214905,held_fold
ISIC_6000655,0,0.010035258,held_fold
ISIC_6001936,0,0.0028250779,held_fold
ISIC_6007360,0,0.0004192778,held_fold
ISIC_6008380,0,0.022752842,held_fold
ISIC_6010018,0,0.00078383944,held_fold
ISIC_6010241,0,0.0016355532,held_fold
ISIC_6010415,0,0.00059119315,held_fold
ISIC_6014025,0,0.0005591646,held_fold
ISIC_6014146,0,0.0021074475,held_fold
ISIC_6019120,0,0.13888986,held_fold
ISIC_6023585,0,0.0013768735,held_fold
ISIC_6023795,0,0.44265968,held_fold
ISIC_6024863,0,0.0011634512,held_fold
ISIC_6025542,0,0.0060078143,held_fold
ISIC_6027459,0,0.04309491,held_fold
ISIC_6027558,0,0.006430354,held_fold
ISIC_6027704,0,0.12326376,held_fold
ISIC_6028082,0,0.0036340782,held_fold
ISIC_6028510,0,0.103266284,held_fold
ISIC_6032520,0,0.059411053,held_fold
ISIC_6033238,0,0.000839092,held_fold
ISIC_6034346,0,0.0029750904,held_fold
ISIC_6039067,0,0.0004041277,held_fold
ISIC_6049052,0,0.00036071968,held_fold
ISIC_6050515,0,0.000605327,held_fold
ISIC_6052860,0,0.0007272266,held_fold
ISIC_6056657,0,0.0011131819,held_fold
ISIC_6056839,0,0.017784039,held_fold
ISIC_6058127,0,0.0038468135,held_fold
ISIC_6062243,0,0.0008988266,held_fold
ISIC_6066992,0,0.00051101285,held_fold
ISIC_6068452,0,0.0009000195,held_fold
ISIC_6069236,0,0.0015174861,held_fold
ISIC_6069774,0,0.0019670697,held_fold
ISIC_6073559,0,0.0007349538,held_fold
ISIC_6075066,0,0.10897175,held_fold
ISIC_6076561,0,0.00094336714,held_fold
ISIC_6081901,0,0.016740441,held_fold
ISIC_6085739,0,0.0037676878,held_fold
ISIC_6087965,0,0.00097190344,held_fold
ISIC_6088194,0,0.00047850746,held_fold
ISIC_6088525,0,0.0005768795,held_fold
ISIC_6089210,0,0.0015104171,held_fold
ISIC_6089798,0,0.014041245,held_fold
ISIC_6090313,0,0.00085888506,held_fold
ISIC_6094247,0,0.002914623,held_fold
ISIC_6094946,0,0.0007445783,held_fold
ISIC_6096977,0,0.00889402,held_fold
ISIC_6097000,0,0.021406732,held_fold
ISIC_6098213,0,0.25741333,held_fold
ISIC_6102654,0,0.0074993293,held_fold
ISIC_6103877,0,0.00042035594,held_fold
ISIC_6105084,0,0.0023511515,held_fold
ISIC_6109464,0,0.0018446767,held_fold
ISIC_6110590,0,0.010528644,held_fold
ISIC_6117532,0,0.0011629105,held_fold
ISIC_6119386,0,0.02105667,held_fold
ISIC_6119830,0,0.0010279616,held_fold
ISIC_6123657,0,0.08682887,held_fold
ISIC_6123672,0,0.053662952,held_fold
ISIC_6125005,0,0.01654015,held_fold
ISIC_6125358,0,0.008397319,held_fold
ISIC_6126775,0,0.0008983317,held_fold
ISIC_6128108,0,0.0009088178,held_fold
ISIC_6129219,0,0.0010635523,held_fold
ISIC_6132442,0,0.00037094366,held_fold
ISIC_6134930,0,0.14318675,held_fold
ISIC_6137928,0,0.00325153,held_fold
ISIC_6140723,0,0.0008031356,held_fold
ISIC_6146097,0,0.0030360853,held_fold
ISIC_6146290,0,0.0018941615,held_fold
ISIC_6148533,0,0.0019695566,held_fold
ISIC_6150014,0,0.0013741971,held_fold
ISIC_6157643,0,0.002457792,held_fold
ISIC_6159865,0,0.0033680894,held_fold
ISIC_6161460,0,0.05530588,held_fold
ISIC_6162260,0,0.00074516353,held_fold
ISIC_6162437,0,0.00034529832,held_fold
ISIC_6162545,0,0.0011094788,held_fold
ISIC_6163509,0,0.04017102,held_fold
ISIC_6166308,0,0.0010165627,held_fold
ISIC_6166810,0,0.00093248277,held_fold
ISIC_6167377,0,0.0004195991,held_fold
ISIC_6169392,0,0.0008762409,held_fold
ISIC_6171737,0,0.0031778417,held_fold
ISIC_6175538,0,0.0005117118,held_fold
ISIC_6176607,0,0.0003709332,held_fold
ISIC_6177679,0,0.0011247993,held_fold
ISIC_6177730,0,0.0006055962,held_fold
ISIC_6178740,0,0.0145673,held_fold
ISIC_6179749,0,0.0005936917,held_fold
ISIC_6181449,0,0.008448151,held_fold
ISIC_6186492,0,0.010393032,held_fold
ISIC_6187143,0,0.0004168645,held_fold
ISIC_6187335,0,0.000379798,held_fold
ISIC_6188574,0,0.0007823559,held_fold
ISIC_6192573,0,0.05982862,held_fold
ISIC_6192822,0,0.00284773,held_fold
ISIC_6193134,0,0.0074226824,held_fold
ISIC_6194235,0,0.002540473,held_fold
ISIC_6197292,0,0.0018977092,held_fold
ISIC_6198993,0,0.00024638386,held_fold
ISIC_6199414,0,0.007026595,held_fold
ISIC_6200741,0,0.019637953,held_fold
ISIC_6203052,0,0.0006246325,held_fold
ISIC_6208222,0,0.0033251955,held_fold
ISIC_6209119,0,0.0011175062,held_fold
ISIC_6211801,0,0.020777745,held_fold
ISIC_6219532,0,0.008368724,held_fold
ISIC_6220784,0,0.007999857,held_fold
ISIC_6222611,0,0.0009912226,held_fold
ISIC_6222956,0,0.005334279,held_fold
ISIC_6223322,0,0.00079754536,held_fold
ISIC_6228471,0,0.0005224673,held_fold
ISIC_6228536,0,0.2243046,held_fold
ISIC_6228827,0,0.0056735924,held_fold
ISIC_6236396,0,0.000615922,held_fold
ISIC_6239639,0,0.00095228705,held_fold
ISIC_6239935,0,0.015680509,held_fold
ISIC_6239943,0,0.0004843525,held_fold
ISIC_6240998,0,0.0006194672,held_fold
ISIC_6241178,0,0.0003799983,held_fold
ISIC_6242929,0,0.0013291225,held_fold
ISIC_6245027,0,0.0007284543,held_fold
ISIC_6247546,0,0.016000684,held_fold
ISIC_6247743,0,0.00059824216,held_fold
ISIC_6250010,0,0.000972555,held_fold
ISIC_6251471,0,0.0015495333,held_fold
ISIC_6254283,0,0.0005641755,held_fold
ISIC_6254988,0,0.00026328425,held_fold
ISIC_6257646,0,0.01183142,held_fold
ISIC_6260129,0,0.00062633835,held_fold
ISIC_6263974,0,0.022167074,held_fold
ISIC_6266268,0,0.062471062,held_fold
ISIC_6266876,0,0.00021966855,held_fold
ISIC_6267158,0,0.001150261,held_fold
ISIC_6268691,0,0.0008422457,held_fold
ISIC_6269503,0,0.00061587326,held_fold
ISIC_6269796,0,0.0012371736,held_fold
ISIC_6270437,0,0.0010952615,held_fold
ISIC_6270513,0,0.002359654,held_fold
ISIC_6270846,0,0.002439919,held_fold
ISIC_6271263,0,0.0019009816,held_fold
ISIC_6272501,0,0.00042101345,held_fold
ISIC_6273964,0,0.000543899,held_fold
ISIC_6276482,0,0.002375765,held_fold
ISIC_6277077,0,0.0018642037,held_fold
ISIC_6277842,0,0.005157112,held_fold
ISIC_6278647,0,0.111533694,held_fold
ISIC_6281906,0,0.0005400983,held_fold
ISIC_6282793,0,0.005216586,held_fold
ISIC_6282950,0,0.020139921,held_fold
ISIC_6289765,0,0.06248301,held_fold
ISIC_6290709,0,0.002056112,held_fold
ISIC_6292603,0,0.16998121,held_fold
ISIC_6293244,0,0.10524494,held_fold
ISIC_6294069,0,0.0006094969,held_fold
ISIC_6295087,0,0.0006559836,held_fold
ISIC_6296308,0,0.0010041504,held_fold
ISIC_6299415,0,0.00059987255,held_fold
ISIC_6299511,0,0.0015101777,held_fold
ISIC_6303107,1,0.055290397,held_fold
ISIC_6304655,0,0.00091708486,held_fold
ISIC_6305230,0,0.07006028,held_fold
ISIC_6305442,0,0.051228296,held_fold
ISIC_6305501,0,0.0006566544,held_fold
ISIC_6313605,0,0.0039336113,held_fold
ISIC_6315192,0,0.0152795985,held_fold
ISIC_6315607,0,0.0004980196,held_fold
ISIC_6316043,0,0.14457555,held_fold
ISIC_6317610,0,0.004881401,held_fold
ISIC_6319067,0,0.0011582203,held_fold
ISIC_6319225,0,0.032549225,held_fold
ISIC_6319742,0,0.12219044,held_fold
ISIC_6321076,0,0.30062488,held_fold
ISIC_6321436,0,0.0012467799,held_fold
ISIC_6323710,0,0.0011402359,held_fold
ISIC_6326444,0,0.0005670805,held_fold
ISIC_6336454,0,0.0006172807,held_fold
ISIC_6338078,0,0.0018646378,held_fold
ISIC_6338357,0,0.09915218,held_fold
ISIC_6339062,0,0.000614291,held_fold
ISIC_6340022,0,0.0009017212,held_fold
ISIC_6340394,0,0.00076688605,held_fold
ISIC_6341670,0,0.0019834577,held_fold
ISIC_6342533,0,0.005009859,held_fold
ISIC_6344073,0,0.00023273677,held_fold
ISIC_6345464,0,0.0012951671,held_fold
ISIC_6348638,1,0.29554564,held_fold
ISIC_6349069,0,0.040551256,held_fold
ISIC_6352174,0,0.0023075566,held_fold
ISIC_6352401,0,0.0007876205,held_fold
ISIC_6352565,1,0.0010056545,held_fold
ISIC_6353530,0,0.0010450309,held_fold
ISIC_6365534,0,0.0005240037,held_fold
ISIC_6368084,0,0.0011451773,held_fold
ISIC_6374821,0,0.0011518088,held_fold
ISIC_6375439,0,0.0012882616,held_fold
ISIC_6378963,0,0.0057056635,held_fold
ISIC_6379299,0,0.0017182358,held_fold
ISIC_6379790,0,0.0008979201,held_fold
ISIC_6381090,0,0.002148242,held_fold
ISIC_6381981,0,0.0013702647,held_fold
ISIC_6383949,0,0.00079314504,held_fold
ISIC_6384274,0,0.00091438275,held_fold
ISIC_6384927,0,0.002896431,held_fold
ISIC_6388815,0,0.00083154126,held_fold
ISIC_6392089,0,0.0077399355,held_fold
ISIC_6395503,0,0.001860929,held_fold
ISIC_6396473,0,0.007237003,held_fold
ISIC_6398283,1,0.22499116,held_fold
ISIC_6399004,0,0.0008774858,held_fold
ISIC_6399923,0,0.010708761,held_fold
ISIC_6400232,0,0.0029816334,held_fold
ISIC_6400714,0,0.0003827129,held_fold
ISIC_6403592,0,0.004322791,held_fold
ISIC_6403739,0,0.109789796,held_fold
ISIC_6407060,0,0.0016844484,held_fold
ISIC_6407190,0,0.003572581,held_fold
ISIC_6409060,0,0.0028145018,held_fold
ISIC_6409671,0,0.008757069,held_fold
ISIC_6411004,0,0.0013113581,held_fold
ISIC_6412112,0,0.0014917629,held_fold
ISIC_6413651,0,0.018280633,held_fold
ISIC_6414006,0,0.0018512277,held_fold
ISIC_6416559,0,0.13306224,held_fold
ISIC_6418515,0,0.001174495,held_fold
ISIC_6420302,0,0.0015732462,held_fold
ISIC_6422703,0,0.00091533107,held_fold
ISIC_6423860,0,0.0016935718,held_fold
ISIC_6424460,0,0.0009463856,held_fold
ISIC_6425608,0,0.111210726,held_fold
ISIC_6426083,0,0.00094189326,held_fold
ISIC_6427086,0,0.00088754785,held_fold
ISIC_6431475,0,0.00695783,held_fold
ISIC_6431697,0,0.0010525445,held_fold
ISIC_6433744,0,0.0009955302,held_fold
ISIC_6434210,0,0.0006699344,held_fold
ISIC_6434344,0,0.056622874,held_fold
ISIC_6435655,0,0.0027326373,held_fold
ISIC_6436069,0,0.16036613,held_fold
ISIC_6440489,0,0.0014307137,held_fold
ISIC_6441985,0,0.05416101,held_fold
ISIC_6443700,0,0.0017975672,held_fold
ISIC_6443772,0,0.0034962595,held_fold
ISIC_6444694,0,0.00057756493,held_fold
ISIC_6445453,0,0.0013874129,held_fold
ISIC_6446753,0,0.0067233588,held_fold
ISIC_6450034,1,0.323414,held_fold
ISIC_6450123,0,0.02578608,held_fold
ISIC_6450541,0,0.0007231826,held_fold
ISIC_6458982,0,0.0014902778,held_fold
ISIC_6459358,0,0.00088239065,held_fold
ISIC_6464152,0,0.0876109,held_fold
ISIC_6464772,0,0.00073195033,held_fold
ISIC_6469123,0,0.0009862342,held_fold
ISIC_6471878,0,0.00074307097,held_fold
ISIC_6472901,0,0.0014707197,held_fold
ISIC_6473446,0,0.0009882578,held_fold
ISIC_6473741,0,0.0007369326,held_fold
ISIC_6474947,0,0.00091795344,held_fold
ISIC_6475034,0,0.0075086304,held_fold
ISIC_6475049,0,0.00050764985,held_fold
ISIC_6475895,0,0.0042506983,held_fold
ISIC_6476964,0,0.0005726836,held_fold
ISIC_6478314,0,0.0007011811,held_fold
ISIC_6479562,0,0.0008044569,held_fold
ISIC_6480121,0,0.0096784895,held_fold
ISIC_6482662,0,0.0016129169,held_fold
ISIC_6483504,0,0.00040898673,held_fold
ISIC_6486810,0,0.0018965788,held_fold
ISIC_6487069,0,0.06545475,held_fold
ISIC_6489551,0,0.0009751572,held_fold
ISIC_6491919,0,0.009000702,held_fold
ISIC_6500602,0,0.013168269,held_fold
ISIC_6507241,0,0.0008022686,held_fold
ISIC_6512037,0,0.0019194677,held_fold
ISIC_6512653,1,0.011264247,held_fold
ISIC_6515283,0,0.00029700182,held_fold
ISIC_6515912,0,0.034168735,held_fold
ISIC_6518041,0,0.015158708,held_fold
ISIC_6521444,0,0.038513936,held_fold
ISIC_6522126,0,0.006040959,held_fold
ISIC_6522875,0,0.008915899,held_fold
ISIC_6532096,0,0.0004675907,held_fold
ISIC_6536419,0,0.00033655472,held_fold
ISIC_6536514,0,0.0011668007,held_fold
ISIC_6537539,0,0.00080238405,held_fold
ISIC_6539127,1,0.00058777176,held_fold
ISIC_6546423,0,0.0006055904,held_fold
ISIC_6549826,0,0.006562856,held_fold
ISIC_6550552,0,0.022729976,held_fold
ISIC_6550650,0,0.00057786837,held_fold
ISIC_6553467,0,0.0017045147,held_fold
ISIC_6555093,0,0.0008638877,held_fold
ISIC_6555618,0,0.20184444,held_fold
ISIC_6556082,0,0.0014090053,held_fold
ISIC_6557194,0,0.0319881,held_fold
ISIC_6557781,0,0.0007203607,held_fold
ISIC_6558624,0,0.0054431455,held_fold
ISIC_6558697,0,0.0020411129,held_fold
ISIC_6559838,0,0.0006406417,held_fold
ISIC_6561769,0,0.023041654,held_fold
ISIC_6562435,0,0.015440586,held_fold
ISIC_6563103,0,0.00075543765,held_fold
ISIC_6568233,0,0.0009783771,held_fold
ISIC_6568236,0,0.0016326227,held_fold
ISIC_6569414,0,0.035453018,held_fold
ISIC_6570166,0,0.001035465,held_fold
ISIC_6573731,0,0.0009807542,held_fold
ISIC_6574042,0,0.023888072,held_fold
ISIC_6577388,0,0.029039878,held_fold
ISIC_6577767,0,0.002012083,held_fold
ISIC_6577841,0,0.0015342787,held_fold
ISIC_6580109,0,0.0014107419,held_fold
ISIC_6580542,0,0.0006194784,held_fold
ISIC_6583844,0,0.0008082565,held_fold
ISIC_6587310,0,0.00074953854,held_fold
ISIC_6587979,0,0.09402795,held_fold
ISIC_6588103,0,0.0022129735,held_fold
ISIC_6588204,0,0.0014638075,held_fold
ISIC_6590191,0,0.00023733321,held_fold
ISIC_6590303,0,0.01496287,held_fold
ISIC_6590554,0,0.0024135031,held_fold
ISIC_6593073,0,0.0002575623,held_fold
ISIC_6593451,0,0.0007555489,held_fold
ISIC_6595224,0,0.041826505,held_fold
ISIC_6595668,0,0.0066478574,held_fold
ISIC_6596202,0,0.0026138332,held_fold
ISIC_6600150,0,0.13468081,held_fold
ISIC_6603703,0,0.000502411,held_fold
ISIC_6606131,0,0.0017484549,held_fold
ISIC_6607939,0,0.021798812,held_fold
ISIC_6610220,0,0.009667788,held_fold
ISIC_6612188,0,0.017693384,held_fold
ISIC_6613079,0,0.0008550521,held_fold
ISIC_6613986,0,0.0032197132,held_fold
ISIC_6613992,0,0.0010364752,held_fold
ISIC_6614805,0,0.0019820689,held_fold
ISIC_6615000,0,0.00044914242,held_fold
ISIC_6617749,0,0.00039614784,held_fold
ISIC_6619962,0,0.0012587826,held_fold
ISIC_6620035,0,0.0022009602,held_fold
ISIC_6620288,0,0.00057152455,held_fold
ISIC_6623061,0,0.0015140481,held_fold
ISIC_6624321,0,0.0039233267,held_fold
ISIC_6625189,0,0.000778548,held_fold
ISIC_6625344,0,0.00060785166,held_fold
ISIC_6627654,0,0.0005410263,held_fold
ISIC_6628721,0,0.0010387102,held_fold
ISIC_6630240,0,0.0011617015,held_fold
ISIC_6633174,0,0.0038610261,held_fold
ISIC_6633906,0,0.0040848656,held_fold
ISIC_6637946,0,0.0012301449,held_fold
ISIC_6638065,0,0.0025545415,held_fold
ISIC_6638869,0,0.002368133,held_fold
ISIC_6639525,0,0.00087421946,held_fold
ISIC_6640227,0,0.0011227876,held_fold
ISIC_6641007,0,0.17162266,held_fold
ISIC_6641378,0,0.02662297,held_fold
ISIC_6642608,0,0.0019471862,held_fold
ISIC_6642886,0,0.0054036,held_fold
ISIC_6645328,0,0.0006153006,held_fold
ISIC_6647883,0,0.19126539,held_fold
ISIC_6651570,0,0.0010999428,held_fold
ISIC_6654619,0,0.0006376681,held_fold
ISIC_6655874,0,0.0014882399,held_fold
ISIC_6661491,0,0.0004336046,held_fold
ISIC_6661862,0,0.0020973065,held_fold
ISIC_6670764,0,0.0007729152,held_fold
ISIC_6673506,0,0.0010932564,held_fold
ISIC_6674739,0,0.13554275,held_fold
ISIC_6675773,0,0.0010690601,held_fold
ISIC_6679126,0,0.0024735264,held_fold
ISIC_6679922,0,0.026238652,held_fold
ISIC_6680649,0,0.0069931084,held_fold
ISIC_6681802,0,0.0016283148,held_fold
ISIC_6681838,0,0.00054648897,held_fold
ISIC_6684371,0,0.000858745,held_fold
ISIC_6686804,0,0.0016290747,held_fold
ISIC_6687327,0,0.0019993894,held_fold
ISIC_6688417,1,0.00575899,held_fold
ISIC_6689146,0,0.002952196,held_fold
ISIC_6692281,0,0.0010492498,held_fold
ISIC_6692344,1,0.0362437,held_fold
ISIC_6693976,0,0.12634517,held_fold
ISIC_6695831,1,0.13951293,held_fold
ISIC_6697013,0,0.0010440826,held_fold
ISIC_6698114,0,0.002451331,held_fold
ISIC_6700433,0,0.00056570955,held_fold
ISIC_6702997,0,0.0004789613,held_fold
ISIC_6706365,0,0.01178912,held_fold
ISIC_6706980,0,0.0010816833,held_fold
ISIC_6707991,0,0.0009739255,held_fold
ISIC_6710082,0,0.00056418113,held_fold
ISIC_6710584,0,0.01556301,held_fold
ISIC_6713263,0,0.00058910577,held_fold
ISIC_6713432,1,0.009105945,held_fold
ISIC_6714006,0,0.00039383685,held_fold
ISIC_6718077,0,0.0015746624,held_fold
ISIC_6718307,0,0.002287478,held_fold
ISIC_6718969,0,0.0012435433,held_fold
ISIC_6721869,0,0.0027902897,held_fold
ISIC_6721919,0,0.0006535757,held_fold
ISIC_6722934,0,0.014183695,held_fold
ISIC_6723749,0,0.0025060484,held_fold
ISIC_6724095,0,0.0026200486,held_fold
ISIC_6725045,0,0.0018203129,held_fold
ISIC_6725178,0,0.006545841,held_fold
ISIC_6726435,0,0.00071204954,held_fold
ISIC_6731659,0,0.0005967976,held_fold
ISIC_6737771,0,0.0005322361,held_fold
ISIC_6737942,0,0.0017057298,held_fold
ISIC_6742185,0,0.037638124,held_fold
ISIC_6745554,0,0.0057328935,held_fold
ISIC_6746168,0,0.0012850116,held_fold
ISIC_6749024,0,0.0011983316,held_fold
ISIC_6750574,0,0.0014220373,held_fold
ISIC_6753831,0,0.0007033303,held_fold
ISIC_6757533,0,0.4213852,held_fold
ISIC_6757674,0,0.00047898595,held_fold
ISIC_6757682,0,0.0006237054,held_fold
ISIC_6759615,0,0.00091238983,held_fold
ISIC_6759865,0,0.00057155424,held_fold
ISIC_6761269,0,0.0010751776,held_fold
ISIC_6762833,0,0.0010315438,held_fold
ISIC_6763469,0,0.0066569196,held_fold
ISIC_6764193,0,0.08573566,held_fold
ISIC_6766153,0,0.00059127656,held_fold
ISIC_6770028,0,0.0045587355,held_fold
ISIC_6773319,0,0.0012345032,held_fold
ISIC_6782861,0,0.0015890753,held_fold
ISIC_6783285,0,0.00073062547,held_fold
ISIC_6783448,0,0.010279754,held_fold
ISIC_6784148,0,0.0009869876,held_fold
ISIC_6786074,0,0.0044536046,held_fold
ISIC_6787283,0,0.0052045146,held_fold
ISIC_6791406,0,0.0007831014,held_fold
ISIC_6791996,0,0.0021407604,held_fold
ISIC_6792544,0,0.0024674465,held_fold
ISIC_6795790,0,0.0007179528,held_fold
ISIC_6798380,0,0.006701695,held_fold
ISIC_6800044,0,0.00086827,held_fold
ISIC_6805451,0,0.00072320364,held_fold
ISIC_6808133,0,0.0029971218,held_fold
ISIC_6808543,0,0.014971559,held_fold
ISIC_6808788,0,0.00053568964,held_fold
ISIC_6809586,1,0.0906043,held_fold
ISIC_6813745,0,0.0007839574,held_fold
ISIC_6814294,0,0.00168365,held_fold
ISIC_6822870,0,0.0009947096,held_fold
ISIC_6822917,0,0.0006937258,held_fold
ISIC_6823429,0,0.002768978,held_fold
ISIC_6828115,0,0.0034432854,held_fold
ISIC_6828892,0,0.0013132842,held_fold
ISIC_6829008,1,0.008786129,held_fold
ISIC_6829909,0,0.0042117406,held_fold
ISIC_6831244,0,0.00083287235,held_fold
ISIC_6831788,0,0.0009953215,held_fold
ISIC_6832732,0,0.00042332947,held_fold
ISIC_6833584,0,0.026158668,held_fold
ISIC_6833855,0,0.001804139,held_fold
ISIC_6836359,0,0.00044137513,held_fold
ISIC_6837656,0,0.0006677306,held_fold
ISIC_6839610,0,0.0006862054,held_fold
ISIC_6846015,0,0.0006055275,held_fold
ISIC_6846376,0,0.0009725064,held_fold
ISIC_6846447,0,0.008699022,held_fold
ISIC_6847618,0,0.19354159,held_fold
ISIC_6850613,0,0.00044884862,held_fold
ISIC_6851030,0,0.0010013274,held_fold
ISIC_6851717,0,0.028053375,held_fold
ISIC_6852313,0,0.0013560349,held_fold
ISIC_6853584,0,0.080191106,held_fold
ISIC_6855540,0,0.0010884124,held_fold
ISIC_6855941,0,0.00014835404,held_fold
ISIC_6856054,0,0.005539022,held_fold
ISIC_6856140,0,0.014916603,held_fold
ISIC_6856867,0,0.04487653,held_fold
ISIC_6860064,0,0.0005345504,held_fold
ISIC_6863391,0,0.07814768,held_fold
ISIC_6864553,0,0.0012982306,held_fold
ISIC_6871361,0,0.0007677196,held_fold
ISIC_6875430,0,0.001754297,held_fold
ISIC_6876281,0,0.0005572447,held_fold
ISIC_6879930,0,0.000921805,held_fold
ISIC_6881780,0,0.00037671332,held_fold
ISIC_6892058,0,0.007728518,held_fold
ISIC_6895248,0,0.0009274,held_fold
ISIC_6898502,0,0.0007064026,held_fold
ISIC_6899397,0,0.0017282151,held_fold
ISIC_6900448,0,0.0035759707,held_fold
ISIC_6901997,0,0.0027921398,held_fold
ISIC_6906476,0,0.0040486003,held_fold
ISIC_6908183,0,0.0017527888,held_fold
ISIC_6914893,0,0.0011047496,held_fold
ISIC_6916445,0,0.00058130216,held_fold
ISIC_6916747,0,0.0024288439,held_fold
ISIC_6918981,0,0.002006751,held_fold
ISIC_6919698,0,0.00041699686,held_fold
ISIC_6920867,0,0.016785504,held_fold
ISIC_6922243,0,0.0007770679,held_fold
ISIC_6924502,0,0.00065884594,held_fold
ISIC_6926620,0,0.00036531824,held_fold
ISIC_6928847,0,0.0020274152,held_fold
ISIC_6928990,0,0.013510816,held_fold
ISIC_6930559,0,0.070559114,held_fold
ISIC_6930612,0,0.02012411,held_fold
ISIC_6933296,0,0.0004460485,held_fold
ISIC_6933509,0,0.005397968,held_fold
ISIC_6934334,0,0.049177278,held_fold
ISIC_6942436,0,0.0011320944,held_fold
ISIC_6943610,0,0.002509085,held_fold
ISIC_6945921,0,0.21500695,held_fold
ISIC_6946330,0,0.15918069,held_fold
ISIC_6947576,0,0.0013577356,held_fold
ISIC_6948462,0,0.0009673481,held_fold
ISIC_6951464,0,0.0075635775,held_fold
ISIC_6951506,0,0.0032588467,held_fold
ISIC_6951568,0,0.045421172,held_fold
ISIC_6952652,0,0.0012711545,held_fold
ISIC_6958823,0,0.0013425018,held_fold
ISIC_6964131,0,0.0005857465,held_fold
ISIC_6965441,0,0.14485164,held_fold
ISIC_6967143,0,0.00041389884,held_fold
ISIC_6968405,0,0.0015984374,held_fold
ISIC_6968683,0,0.086332195,held_fold
ISIC_6970607,0,0.0005084688,held_fold
ISIC_6970727,0,0.0021808208,held_fold
ISIC_6974250,0,0.0011531987,held_fold
ISIC_6974830,0,0.015798762,held_fold
ISIC_6978997,0,0.0017660864,held_fold
ISIC_6981061,0,0.010009965,held_fold
ISIC_6982406,0,0.014478042,held_fold
ISIC_6983970,0,0.0048216586,held_fold
ISIC_6984529,0,0.055681095,held_fold
ISIC_6985531,0,0.0009122569,held_fold
ISIC_6985838,0,0.19707586,held_fold
ISIC_6985882,0,0.035591293,held_fold
ISIC_6986899,0,0.01522664,held_fold
ISIC_6987824,0,0.032356914,held_fold
ISIC_6988438,0,0.0021134294,held_fold
ISIC_6990973,0,0.008127983,held_fold
ISIC_6992466,0,0.018705845,held_fold
ISIC_6992718,0,0.0012410418,held_fold
ISIC_6993690,0,0.0005491156,held_fold
ISIC_6993830,0,0.006229402,held_fold
ISIC_6995731,0,0.0012417337,held_fold
ISIC_7001063,0,0.17925256,held_fold
ISIC_7001072,0,0.00092898705,held_fold
ISIC_7006847,0,0.0041203373,held_fold
ISIC_7008969,0,0.0046888357,held_fold
ISIC_7016261,0,0.0032139549,held_fold
ISIC_7017711,0,0.0011090619,held_fold
ISIC_7018911,0,0.26683152,held_fold
ISIC_7020578,0,0.0043903165,held_fold
ISIC_7023126,0,0.05419923,held_fold
ISIC_7023656,0,0.00076702115,held_fold
ISIC_7024060,0,0.0005726222,held_fold
ISIC_7024593,0,0.0006275199,held_fold
ISIC_7030404,0,0.0024013456,held_fold
ISIC_7031709,0,0.001749219,held_fold
ISIC_7032028,0,0.053463392,held_fold
ISIC_7032299,0,0.015178005,held_fold
ISIC_7036741,0,0.0039732642,held_fold
ISIC_7039465,0,0.004066179,held_fold
ISIC_7040108,0,0.0007507163,held_fold
ISIC_7040375,0,0.0007153861,held_fold
ISIC_7044032,0,0.042314522,held_fold
ISIC_7044635,0,0.00478882,held_fold
ISIC_7049334,0,0.07808067,held_fold
ISIC_7049442,0,0.0008199188,held_fold
ISIC_7050575,0,0.020285029,held_fold
ISIC_7051800,0,0.0042702653,held_fold
ISIC_7054883,0,0.0029294256,held_fold
ISIC_7055743,0,0.0019379393,held_fold
ISIC_7056131,0,0.0041412106,held_fold
ISIC_7056748,0,0.003453681,held_fold
ISIC_7061003,0,0.028302893,held_fold
ISIC_7061651,0,0.00018966569,held_fold
ISIC_7063629,0,0.0007308982,held_fold
ISIC_7063995,0,0.00063090486,held_fold
ISIC_7064844,0,0.004858003,held_fold
ISIC_7064987,0,0.00210926,held_fold
ISIC_7066393,0,0.0006716394,held_fold
ISIC_7067677,0,0.00027368905,held_fold
ISIC_7068674,0,0.0005290419,held_fold
ISIC_7070088,0,0.0009999265,held_fold
ISIC_7070384,0,0.00031155246,held_fold
ISIC_7072802,0,0.007571266,held_fold
ISIC_7073546,0,0.0011876838,held_fold
ISIC_7073692,0,0.018841485,held_fold
ISIC_7076242,0,0.0015679433,held_fold
ISIC_7076677,0,0.0017612668,held_fold
ISIC_7077047,0,0.0022495943,held_fold
ISIC_7079653,0,0.0006590676,held_fold
ISIC_7088774,0,0.0012756281,held_fold
ISIC_7089788,0,0.00069558434,held_fold
ISIC_7092167,0,0.0003969328,held_fold
ISIC_7095615,0,0.0013216598,held_fold
ISIC_7100813,0,0.0029874882,held_fold
ISIC_7105686,0,0.0031030094,held_fold
ISIC_7107030,0,0.0017092053,held_fold
ISIC_7107052,0,0.0007655071,held_fold
ISIC_7107771,0,0.00077383465,held_fold
ISIC_7108277,0,0.0008261049,held_fold
ISIC_7109584,0,0.00076289306,held_fold
ISIC_7109817,0,0.00083654176,held_fold
ISIC_7113612,0,0.00068673934,held_fold
ISIC_7114516,0,0.0019673326,held_fold
ISIC_7114660,0,0.022402283,held_fold
ISIC_7115079,0,0.0008019832,held_fold
ISIC_7115108,0,0.0031398989,held_fold
ISIC_7120223,0,0.0009805028,held_fold
ISIC_7122078,0,0.0045166113,held_fold
ISIC_7122721,0,0.0104538435,held_fold
ISIC_7123674,0,0.00066400354,held_fold
ISIC_7123768,0,0.0012611798,held_fold
ISIC_7125870,0,0.0031369836,held_fold
ISIC_7127269,0,0.045331866,held_fold
ISIC_7128811,0,0.0004135914,held_fold
ISIC_7129083,0,0.0009690061,held_fold
ISIC_7129134,0,0.0010297921,held_fold
ISIC_7129740,0,0.0035118337,held_fold
ISIC_7132832,0,0.0006136075,held_fold
ISIC_7135859,0,0.00617268,held_fold
ISIC_7138726,0,0.0048901904,held_fold
ISIC_7144643,0,0.008874341,held_fold
ISIC_7145077,0,0.014345119,held_fold
ISIC_7145788,0,0.00077734306,held_fold
ISIC_7146417,0,0.0017287353,held_fold
ISIC_7149353,0,0.0016068018,held_fold
ISIC_7149484,0,0.0016474929,held_fold
ISIC_7150493,0,0.001579646,held_fold
ISIC_7153006,0,0.0017590364,held_fold
ISIC_7154037,0,0.00067721907,held_fold
ISIC_7154675,0,0.003011825,held_fold
ISIC_7155505,0,0.0015464225,held_fold
ISIC_7156796,0,0.18039742,held_fold
ISIC_7156843,0,0.0016787666,held_fold
ISIC_7156892,0,0.000920239,held_fold
ISIC_7158063,0,0.0038113082,held_fold
ISIC_7164134,0,0.015155569,held_fold
ISIC_7166976,0,0.00060998247,held_fold
ISIC_7168122,0,0.015031018,held_fold
ISIC_7168300,0,0.0026411125,held_fold
ISIC_7173463,0,0.00087860314,held_fold
ISIC_7175873,0,0.006749818,held_fold
ISIC_7176034,0,0.0015494677,held_fold
ISIC_7178615,0,0.025190115,held_fold
ISIC_7179363,0,0.0017934206,held_fold
ISIC_7182702,0,0.060011394,held_fold
ISIC_7182917,0,0.0023444917,held_fold
ISIC_7183272,0,0.0015910319,held_fold
ISIC_7184722,0,0.0007022116,held_fold
ISIC_7184836,0,0.0010410418,held_fold
ISIC_7185482,0,0.00075814937,held_fold
ISIC_7186410,0,0.0014324753,held_fold
ISIC_7188345,0,0.00041532647,held_fold
ISIC_7189099,0,0.013162222,held_fold
ISIC_7189351,0,0.0005452881,held_fold
ISIC_7189490,0,0.0017670727,held_fold
ISIC_7190624,0,0.0003300942,held_fold
ISIC_7192157,0,0.002944156,held_fold
ISIC_7193173,0,0.018881653,held_fold
ISIC_7193807,0,0.4159768,held_fold
ISIC_7194471,0,0.45738295,held_fold
ISIC_7195659,0,0.0029701907,held_fold
ISIC_7197601,0,0.00424256,held_fold
ISIC_7199089,0,0.0027179073,held_fold
ISIC_7201189,0,0.00077455875,held_fold
ISIC_7206167,0,0.0075381068,held_fold
ISIC_7207080,0,0.00053031516,held_fold
ISIC_7207977,0,0.0019882398,held_fold
ISIC_7211332,0,0.0060355444,held_fold
ISIC_7212271,0,0.0021029876,held_fold
ISIC_7213944,0,0.08106026,held_fold
ISIC_7214989,0,0.0012962506,held_fold
ISIC_7215575,0,0.0008191866,held_fold
ISIC_7220105,0,0.008477047,held_fold
ISIC_7225024,0,0.04381631,held_fold
ISIC_7226235,0,0.045374993,held_fold
ISIC_7229261,0,0.05238662,held_fold
ISIC_7230300,0,0.013520734,held_fold
ISIC_7230374,0,0.0031128577,held_fold
ISIC_7230713,0,0.028044824,held_fold
ISIC_7231369,0,0.0010741292,held_fold
ISIC_7233090,0,0.00067138625,held_fold
ISIC_7233414,0,0.0010201164,held_fold
ISIC_7233663,0,0.00017940938,held_fold
ISIC_7235862,0,0.0003818108,held_fold
ISIC_7238928,0,0.0012480405,held_fold
ISIC_7242384,1,0.12872303,held_fold
ISIC_7249601,0,0.0031155462,held_fold
ISIC_7250007,0,0.0010315685,held_fold
ISIC_7250445,0,0.19514588,held_fold
ISIC_7250728,0,0.0005887623,held_fold
ISIC_7251402,0,0.002938216,held_fold
ISIC_7252784,0,0.006487378,held_fold
ISIC_7254389,0,0.0028365583,held_fold
ISIC_7260365,0,0.0010433596,held_fold
ISIC_7260977,0,0.00064027583,held_fold
ISIC_7261519,0,0.0035633827,held_fold
ISIC_7263013,0,0.0053421003,held_fold
ISIC_7264251,0,0.00040665467,held_fold
ISIC_7264813,0,0.00061952154,held_fold
ISIC_7266462,0,0.066581756,held_fold
ISIC_7266736,0,0.0015159119,held_fold
ISIC_7270945,0,0.00030961828,held_fold
ISIC_7271156,0,0.16560273,held_fold
ISIC_7273838,0,0.008272205,held_fold
ISIC_7278553,0,0.0024319966,held_fold
ISIC_7279060,0,0.02562018,held_fold
ISIC_7280561,0,0.0010620003,held_fold
ISIC_7281308,0,0.045275696,held_fold
ISIC_7281598,0,0.005859436,held_fold
ISIC_7281969,0,0.0007043271,held_fold
ISIC_7284349,0,0.000976529,held_fold
ISIC_7285277,0,0.051803246,held_fold
ISIC_7287303,1,0.05087504,held_fold
ISIC_7287540,0,0.001014817,held_fold
ISIC_7288186,0,0.0004433169,held_fold
ISIC_7288895,0,0.008120452,held_fold
ISIC_7292853,0,0.282663,held_fold
ISIC_7293518,1,0.016289422,held_fold
ISIC_7293697,0,0.0019343209,held_fold
ISIC_7295186,0,0.00047381545,held_fold
ISIC_7296463,0,0.002914087,held_fold
ISIC_7302580,0,0.0007036384,held_fold
ISIC_7302626,0,0.0006906728,held_fold
ISIC_7303401,0,0.011485876,held_fold
ISIC_7304480,0,0.0008770833,held_fold
ISIC_7305142,0,0.00049178704,held_fold
ISIC_7307418,0,0.0014382312,held_fold
ISIC_7308572,0,0.004866346,held_fold
ISIC_7310249,0,0.0047152173,held_fold
ISIC_7313348,0,0.00056790863,held_fold
ISIC_7314034,0,0.0010502923,held_fold
ISIC_7315258,0,0.014629618,held_fold
ISIC_7318464,0,0.0005370296,held_fold
ISIC_7318632,0,0.0007143802,held_fold
ISIC_7319356,0,0.06430472,held_fold
ISIC_7319691,0,0.0007666843,held_fold
ISIC_7323300,0,0.0115979845,held_fold
ISIC_7326451,0,0.0020580092,held_fold
ISIC_7327423,1,0.3685982,held_fold
ISIC_7327592,0,0.0011597422,held_fold
ISIC_7329395,0,0.00053353875,held_fold
ISIC_7329684,0,0.080351725,held_fold
ISIC_7330573,0,0.17979194,held_fold
ISIC_7331345,0,0.0017032566,held_fold
ISIC_7332326,0,0.0027253067,held_fold
ISIC_7333167,0,0.009088373,held_fold
ISIC_7335835,0,0.066663854,held_fold
ISIC_7338250,0,0.035626695,held_fold
ISIC_7339138,0,0.001555722,held_fold
ISIC_7340247,0,0.00061122025,held_fold
ISIC_7343537,0,0.0011211311,held_fold
ISIC_7344252,0,0.0010786302,held_fold
ISIC_7344356,0,0.02651468,held_fold
ISIC_7349615,0,0.00074404874,held_fold
ISIC_7352489,0,0.0004926273,held_fold
ISIC_7353761,0,0.11167789,held_fold
ISIC_7355141,0,0.00061421783,held_fold
ISIC_7356924,0,0.0016531589,held_fold
ISIC_7357436,0,0.032903,held_fold
ISIC_7358625,0,0.0062069935,held_fold
ISIC_7364041,0,0.0010893657,held_fold
ISIC_7365363,0,0.0007607866,held_fold
ISIC_7369896,0,0.012094374,held_fold
ISIC_7370281,0,0.0008942785,held_fold
ISIC_7371985,0,0.00069054967,held_fold
ISIC_7373074,0,0.00042035154,held_fold
ISIC_7373780,0,0.0006891096,held_fold
ISIC_7375240,0,0.0047599752,held_fold
ISIC_7376243,0,0.00049081084,held_fold
ISIC_7376321,0,0.0040793545,held_fold
ISIC_7378303,0,0.00062681065,held_fold
ISIC_7381172,0,0.19028819,held_fold
ISIC_7385112,0,0.0013932879,held_fold
ISIC_7391160,0,0.02329955,held_fold
ISIC_7393085,0,0.0070783957,held_fold
ISIC_7393413,0,0.02056285,held_fold
ISIC_7397356,0,0.0018364787,held_fold
ISIC_7397447,0,0.0010568147,held_fold
ISIC_7399786,0,0.050217044,held_fold
ISIC_7400392,0,0.0013068246,held_fold
ISIC_7404638,0,0.041913457,held_fold
ISIC_7406107,0,0.0008821393,held_fold
ISIC_7408392,0,0.4683929,held_fold
ISIC_7410794,0,0.030483555,held_fold
ISIC_7411913,0,0.00050392153,held_fold
ISIC_7414145,0,0.0006411521,held_fold
ISIC_7417933,0,0.010875309,held_fold
ISIC_7418193,0,0.0024617163,held_fold
ISIC_7419281,0,0.0013757428,held_fold
ISIC_7428248,0,0.0018181804,held_fold
ISIC_7436582,0,0.023576066,held_fold
ISIC_7436851,0,0.007353668,held_fold
ISIC_7438349,0,0.0004913035,held_fold
ISIC_7441567,0,0.020298563,held_fold
ISIC_7443928,0,0.0007338661,held_fold
ISIC_7446263,0,0.00091817207,held_fold
ISIC_7452152,0,0.32348782,held_fold
ISIC_7452815,0,0.00038741983,held_fold
ISIC_7456891,0,0.0007078103,held_fold
ISIC_7457488,0,0.002431632,held_fold
ISIC_7457790,0,0.026332714,held_fold
ISIC_7460887,1,0.022117764,held_fold
ISIC_7461390,0,0.00090108096,held_fold
ISIC_7461756,0,0.018372236,held_fold
ISIC_7462628,0,0.00064543146,held_fold
ISIC_7462981,0,0.000684113,held_fold
ISIC_7465237,0,0.0012823066,held_fold
ISIC_7465944,0,0.0021869596,held_fold
ISIC_7468716,0,0.0010272646,held_fold
ISIC_7468872,0,0.0005215535,held_fold
ISIC_7473338,0,0.0013787131,held_fold
ISIC_7473653,0,0.0004016202,held_fold
ISIC_7474840,0,0.006392965,held_fold
ISIC_7477593,0,0.08698261,held_fold
ISIC_7478024,0,0.00051141606,held_fold
ISIC_7481615,0,0.00059775315,held_fold
ISIC_7484555,0,0.00078305707,held_fold
ISIC_7486266,0,0.16910428,held_fold
ISIC_7487840,0,0.0066173547,held_fold
ISIC_7488019,0,0.00065974635,held_fold
ISIC_7490776,0,0.000391279,held_fold
ISIC_7491389,0,0.0007019888,held_fold
ISIC_7492374,0,0.00086138886,held_fold
ISIC_7492682,0,0.0008929222,held_fold
ISIC_7493388,0,0.0033287404,held_fold
ISIC_7493732,0,0.0018392062,held_fold
ISIC_7495371,0,0.000649105,held_fold
ISIC_7500338,0,0.0005808414,held_fold
ISIC_7504276,0,0.0026765256,held_fold
ISIC_7504553,0,0.0010600918,held_fold
ISIC_7507130,0,0.00089363806,held_fold
ISIC_7507498,0,0.017120643,held_fold
ISIC_7508527,0,0.035843007,held_fold
ISIC_7510482,0,0.0016752618,held_fold
ISIC_7511781,0,0.062101375,held_fold
ISIC_7512288,0,0.024997992,held_fold
ISIC_7513953,0,0.0008850852,held_fold
ISIC_7514115,0,0.0026635956,held_fold
ISIC_7514390,0,0.0003192489,held_fold
ISIC_7519806,0,0.00078491424,held_fold
ISIC_7520058,0,0.00064780406,held_fold
ISIC_7520307,0,0.0005592387,held_fold
ISIC_7521537,0,0.0044857096,held_fold
ISIC_7526548,0,0.0026909579,held_fold
ISIC_7527782,0,0.0037148988,held_fold
ISIC_7529560,0,0.0006737893,held_fold
ISIC_7531073,0,0.00082253874,held_fold
ISIC_7531633,0,0.000214772,held_fold
ISIC_7532096,0,0.0004088051,held_fold
ISIC_7533116,0,0.00061861874,held_fold
ISIC_7533236,0,0.0012159918,held_fold
ISIC_7538717,0,0.0012437197,held_fold
ISIC_7544460,0,0.0011844898,held_fold
ISIC_7547714,0,0.028578894,held_fold
ISIC_7548630,0,0.0031728307,held_fold
ISIC_7548634,0,0.011324202,held_fold
ISIC_7555662,0,0.0005441531,held_fold
ISIC_7556341,0,0.0009709167,held_fold
ISIC_7560618,0,0.00046239042,held_fold
ISIC_7563371,0,0.0009906467,held_fold
ISIC_7563568,0,0.017378954,held_fold
ISIC_7564393,0,0.00039834675,held_fold
ISIC_7567861,0,0.12246548,held_fold
ISIC_7570343,0,0.002429254,held_fold
ISIC_7570495,0,0.00093322794,held_fold
ISIC_7570891,0,0.0015405634,held_fold
ISIC_7570942,0,0.0005227759,held_fold
ISIC_7571027,0,0.03436077,held_fold
ISIC_7571140,0,0.0032066691,held_fold
ISIC_7571402,0,0.009036845,held_fold
ISIC_7575857,0,0.006510728,held_fold
ISIC_7577197,0,0.0003333131,held_fold
ISIC_7577395,1,0.1783964,held_fold
ISIC_7579536,0,0.002791135,held_fold
ISIC_7582765,0,0.00090137287,held_fold
ISIC_7589004,0,0.0011167034,held_fold
ISIC_7595416,0,0.0067888065,held_fold
ISIC_7595859,0,0.0008557302,held_fold
ISIC_7597293,0,0.13870458,held_fold
ISIC_7598343,0,0.00046471492,held_fold
ISIC_7599973,0,0.0011834827,held_fold
ISIC_7600279,0,0.0040127947,held_fold
ISIC_7601936,0,0.0005469105,held_fold
ISIC_7606849,0,0.0011263555,held_fold
ISIC_7606860,0,0.028778024,held_fold
ISIC_7607829,0,0.050355494,held_fold
ISIC_7609592,0,0.0023225637,held_fold
ISIC_7617214,0,0.0003732446,held_fold
ISIC_7618200,0,0.0015243632,held_fold
ISIC_7621283,0,0.0010832883,held_fold
ISIC_7624108,0,0.0009587462,held_fold
ISIC_7624563,0,0.0009231296,held_fold
ISIC_7625857,0,0.00093498884,held_fold
ISIC_7628500,0,0.00037098365,held_fold
ISIC_7629241,0,0.001569605,held_fold
ISIC_7630208,0,0.001968716,held_fold
ISIC_7634379,0,0.009742966,held_fold
ISIC_7634648,0,0.00075763545,held_fold
ISIC_7638227,0,0.0004674354,held_fold
ISIC_7641075,0,0.0070637055,held_fold
ISIC_7641157,0,0.0028184245,held_fold
ISIC_7641231,0,0.00054521475,held_fold
ISIC_7642991,0,0.0054336903,held_fold
ISIC_7644093,0,0.004150948,held_fold
ISIC_7645190,0,0.00041187773,held_fold
ISIC_7645625,0,0.06292884,held_fold
ISIC_7646167,0,0.0024283852,held_fold
ISIC_7646954,0,0.000907832,held_fold
ISIC_7647299,0,0.0062629096,held_fold
ISIC_7649074,0,0.00085554266,held_fold
ISIC_7650711,0,0.01685128,held_fold
ISIC_7651944,0,0.0014771832,held_fold
ISIC_7653664,0,0.0036215337,held_fold
ISIC_7654562,0,0.00080220855,held_fold
ISIC_7657155,0,0.00056874746,held_fold
ISIC_7658431,0,0.21988955,held_fold
ISIC_7659833,0,0.0033923278,held_fold
ISIC_7662910,1,0.32157364,held_fold
ISIC_7663291,0,0.0032402943,held_fold
ISIC_7665012,0,0.00066477346,held_fold
ISIC_7666224,0,0.001678407,held_fold
ISIC_7671802,0,0.009725187,held_fold
ISIC_7672106,0,0.00026539143,held_fold
ISIC_7678171,0,0.006613187,held_fold
ISIC_7679062,0,0.0014816024,held_fold
ISIC_7685237,0,0.031667292,held_fold
ISIC_7685853,0,0.00050298375,held_fold
ISIC_7687375,0,0.0010647208,held_fold
ISIC_7687848,0,0.00040710036,held_fold
ISIC_7689821,0,0.0037846952,held_fold
ISIC_7690134,0,0.0031253952,held_fold
ISIC_7692948,0,0.00077254925,held_fold
ISIC_7694069,0,0.0030116818,held_fold
ISIC_7696218,0,0.00152745,held_fold
ISIC_7697366,0,0.0005038828,held_fold
ISIC_7698844,0,0.0002990698,held_fold
ISIC_7703479,0,0.14009908,held_fold
ISIC_7703655,0,0.00065931387,held_fold
ISIC_7706503,0,0.0006101081,held_fold
ISIC_7706582,0,0.001953111,held_fold
ISIC_7708255,0,0.00075173244,held_fold
ISIC_7718295,0,0.12088095,held_fold
ISIC_7718540,0,0.0040594703,held_fold
ISIC_7718877,0,0.0034867164,held_fold
ISIC_7720378,0,0.001342372,held_fold
ISIC_7720684,0,0.23214005,held_fold
ISIC_7722716,0,0.019726567,held_fold
ISIC_7724959,0,0.0015520259,held_fold
ISIC_7725471,0,0.037560113,held_fold
ISIC_7725628,0,0.0007749434,held_fold
ISIC_7725651,0,0.15168063,held_fold
ISIC_7727908,0,0.0020640385,held_fold
ISIC_7728263,0,0.01072258,held_fold
ISIC_7729169,0,0.0012713294,held_fold
ISIC_7729357,0,0.0020966819,held_fold
ISIC_7731447,0,0.04342864,held_fold
ISIC_7732765,0,0.0013675126,held_fold
ISIC_7733890,0,0.00061541464,held_fold
ISIC_7735102,0,0.019095685,held_fold
ISIC_7738065,0,0.03931958,held_fold
ISIC_7740004,0,0.016602034,held_fold
ISIC_7741786,0,0.0025435102,held_fold
ISIC_7743124,0,0.08481402,held_fold
ISIC_7744262,0,0.00072022993,held_fold
ISIC_7750443,0,0.00585415,held_fold
ISIC_7754534,0,0.011388961,held_fold
ISIC_7755241,0,0.0005561832,held_fold
ISIC_7759913,0,0.0008867655,held_fold
ISIC_7764074,0,0.05356088,held_fold
ISIC_7764144,0,0.0014620967,held_fold
ISIC_7765193,0,0.002528854,held_fold
ISIC_7766845,0,0.0011382928,held_fold
ISIC_7767772,0,0.0010536391,held_fold
ISIC_7769213,0,0.08110271,held_fold
ISIC_7771320,0,0.0009895109,held_fold
ISIC_7780663,0,0.0018382433,held_fold
ISIC_7782029,0,0.018044923,held_fold
ISIC_7784090,0,0.0012745217,held_fold
ISIC_7785457,0,0.37245566,held_fold
ISIC_7787473,0,0.018606015,held_fold
ISIC_7788309,0,0.016727088,held_fold
ISIC_7788567,0,0.0023854077,held_fold
ISIC_7788884,0,0.0025066838,held_fold
ISIC_7790213,0,0.0013010894,held_fold
ISIC_7797853,0,0.005043473,held_fold
ISIC_7798048,0,0.0006992392,held_fold
ISIC_7799968,0,0.0013179039,held_fold
ISIC_7800706,0,0.0041263406,held_fold
ISIC_7801289,0,0.00016656666,held_fold
ISIC_7803302,0,0.00090637576,held_fold
ISIC_7806926,0,0.0010686987,held_fold
ISIC_7814139,0,0.000903681,held_fold
ISIC_7816432,0,0.0012587258,held_fold
ISIC_7818799,0,0.027034514,held_fold
ISIC_7820005,0,0.003483093,held_fold
ISIC_7822725,0,0.009963574,held_fold
ISIC_7822776,0,0.0029546027,held_fold
ISIC_7825342,0,0.0012955656,held_fold
ISIC_7828539,0,0.00093484414,held_fold
ISIC_7829947,0,0.00047842425,held_fold
ISIC_7832309,0,0.00059654884,held_fold
ISIC_7833008,0,0.008875306,held_fold
ISIC_7838524,0,0.0011073117,held_fold
ISIC_7841720,0,0.001457773,held_fold
ISIC_7848045,0,0.0006124484,held_fold
ISIC_7850134,0,0.0026489568,held_fold
ISIC_7852801,0,0.00057713466,held_fold
ISIC_7853267,0,0.0067278817,held_fold
ISIC_7854457,0,0.42844436,held_fold
ISIC_7859098,0,0.00056340167,held_fold
ISIC_7861718,0,0.0009990147,held_fold
ISIC_7861942,0,0.0004983658,held_fold
ISIC_7865214,0,0.0011204131,held_fold
ISIC_7865245,0,0.0006720435,held_fold
ISIC_7867077,0,0.001125393,held_fold
ISIC_7870834,0,0.0007084919,held_fold
ISIC_7871610,0,0.0006452291,held_fold
ISIC_7872595,1,0.18162526,held_fold
ISIC_7874576,0,0.002186787,held_fold
ISIC_7874943,0,0.0003591914,held_fold
ISIC_7875088,0,0.0021691178,held_fold
ISIC_7876737,0,0.017710356,held_fold
ISIC_7881017,0,0.001294918,held_fold
ISIC_7885010,0,0.0011343348,held_fold
ISIC_7885502,0,0.026376003,held_fold
ISIC_7886280,0,0.00046265672,held_fold
ISIC_7888704,0,0.00077428494,held_fold
ISIC_7889231,0,0.13230838,held_fold
ISIC_7889258,0,0.0016524838,held_fold
ISIC_7893482,0,0.009614363,held_fold
ISIC_7894406,0,0.0025204148,held_fold
ISIC_7894765,0,0.0007451778,held_fold
ISIC_7896548,0,0.0012863304,held_fold
ISIC_7914181,0,0.033667523,held_fold
ISIC_7915595,0,0.045620736,held_fold
ISIC_7916211,0,0.0010266365,held_fold
ISIC_7918476,0,0.011137579,held_fold
ISIC_7920605,0,0.0055832765,held_fold
ISIC_7921335,0,0.0014319569,held_fold
ISIC_7921944,0,0.012661176,held_fold
ISIC_7927595,0,0.010716432,held_fold
ISIC_7928137,0,0.0012211668,held_fold
ISIC_7928614,0,0.0010509904,held_fold
ISIC_7929178,0,0.0009996508,held_fold
ISIC_7929184,0,0.0007883339,held_fold
ISIC_7929526,0,0.018688409,held_fold
ISIC_7929735,0,0.0011075675,held_fold
ISIC_7933162,0,0.003153005,held_fold
ISIC_7933945,0,0.0014262382,held_fold
ISIC_7935528,0,0.00083990477,held_fold
ISIC_7935989,0,0.0349684,held_fold
ISIC_7936149,0,0.0010921233,held_fold
ISIC_7937491,0,0.003483406,held_fold
ISIC_7938148,0,0.001426148,held_fold
ISIC_7945367,0,0.0035639973,held_fold
ISIC_7945429,0,0.0017452253,held_fold
ISIC_7947699,0,0.07391172,held_fold
ISIC_7948461,0,0.0013871605,held_fold
ISIC_7950729,0,0.0046276925,held_fold
ISIC_7951202,0,0.01190914,held_fold
ISIC_7951378,0,0.0030476018,held_fold
ISIC_7951857,0,0.000520725,held_fold
ISIC_7951995,0,0.18813854,held_fold
ISIC_7952832,0,0.0027567097,held_fold
ISIC_7960920,0,0.042193163,held_fold
ISIC_7961677,0,0.0067375693,held_fold
ISIC_7964819,0,0.0009809213,held_fold
ISIC_7970002,0,0.0030614226,held_fold
ISIC_7973340,0,0.00073689007,held_fold
ISIC_7973714,0,0.008687559,held_fold
ISIC_7977538,0,0.0005398698,held_fold
ISIC_7980532,0,0.0013295303,held_fold
ISIC_7983259,0,0.014865094,held_fold
ISIC_7984972,0,0.00046291348,held_fold
ISIC_7988212,0,0.0010020889,held_fold
ISIC_7988517,0,0.00085911836,held_fold
ISIC_7988735,0,0.0011919133,held_fold
ISIC_7990641,0,0.15362754,held_fold
ISIC_7990824,0,0.00083603774,held_fold
ISIC_7993774,0,0.01524026,held_fold
ISIC_7994405,0,0.000788896,held_fold
ISIC_7994632,0,0.00047248992,held_fold
ISIC_7998509,0,0.012161541,held_fold
ISIC_7999342,0,0.0008284185,held_fold
ISIC_7999682,0,0.14945745,held_fold
ISIC_8000617,0,0.00063829654,held_fold
ISIC_8002456,0,0.006513532,held_fold
ISIC_8003638,0,0.0020910525,held_fold
ISIC_8005302,0,0.008073673,held_fold
ISIC_8005856,0,0.003848504,held_fold
ISIC_8009623,0,0.008789675,held_fold
ISIC_8010877,0,0.044541452,held_fold
ISIC_8014747,0,0.0011353738,held_fold
ISIC_8015441,0,0.0008319831,held_fold
ISIC_8015938,0,0.002069544,held_fold
ISIC_8020098,0,0.0012671931,held_fold
ISIC_8021960,0,0.00025955265,held_fold
ISIC_8022913,0,0.19077095,held_fold
ISIC_8023338,0,0.028459307,held_fold
ISIC_8023823,0,0.0009008456,held_fold
ISIC_8025011,0,0.008353123,held_fold
ISIC_8025852,0,0.0010646392,held_fold
ISIC_8026750,0,0.0007877076,held_fold
ISIC_8027012,0,0.00024386564,held_fold
ISIC_8027372,0,0.011247763,held_fold
ISIC_8032753,0,0.0010739486,held_fold
ISIC_8032856,0,0.00074737385,held_fold
ISIC_8034030,0,0.00037008655,held_fold
ISIC_8040710,0,0.0010535968,held_fold
ISIC_8048668,0,0.0040270616,held_fold
ISIC_8051628,0,0.0012170695,held_fold
ISIC_8056594,0,0.069070265,held_fold
ISIC_8058717,0,0.0011807149,held_fold
ISIC_8059361,0,0.0009194209,held_fold
ISIC_8060329,0,0.0025657741,held_fold
ISIC_8065633,0,0.019433772,held_fold
ISIC_8066098,0,0.0009108104,held_fold
ISIC_8066994,0,0.0025589215,held_fold
ISIC_8067080,0,0.00051577523,held_fold
ISIC_8067714,0,0.0011307099,held_fold
ISIC_8070070,0,0.08667751,held_fold
ISIC_8070555,0,0.03925671,held_fold
ISIC_8072329,0,0.01129099,held_fold
ISIC_8073310,0,0.0015846353,held_fold
ISIC_8074281,0,0.05780434,held_fold
ISIC_8076729,0,0.0019273905,held_fold
ISIC_8078589,0,0.026225394,held_fold
ISIC_8082988,0,0.09678283,held_fold
ISIC_8083159,0,0.007674854,held_fold
ISIC_8085925,0,0.0014497353,held_fold
ISIC_8086919,0,0.003127549,held_fold
ISIC_8087219,0,0.0016926393,held_fold
ISIC_8087743,0,0.0035435387,held_fold
ISIC_8092805,0,0.00052360795,held_fold
ISIC_8094833,0,0.0019758607,held_fold
ISIC_8095641,0,0.005002707,held_fold
ISIC_8095869,0,0.008056384,held_fold
ISIC_8095877,0,0.003253575,held_fold
ISIC_8096536,0,0.14389482,held_fold
ISIC_8098274,0,0.54727566,held_fold
ISIC_8099453,0,0.066771396,held_fold
ISIC_8102676,0,0.00124472,held_fold
ISIC_8105853,0,0.0057456763,held_fold
ISIC_8106899,1,0.0749792,held_fold
ISIC_8107131,0,0.0021791179,held_fold
ISIC_8108046,0,0.011182602,held_fold
ISIC_8108720,0,0.001227242,held_fold
ISIC_8109950,0,0.001777772,held_fold
ISIC_8113528,0,0.00103087,held_fold
ISIC_8118367,0,0.0015273301,held_fold
ISIC_8118968,0,0.0008042438,held_fold
ISIC_8122480,0,0.014686815,held_fold
ISIC_8127394,0,0.026084779,held_fold
ISIC_8132196,0,7.5626594e-05,held_fold
ISIC_8135400,0,0.0003919564,held_fold
ISIC_8136014,0,0.0012206709,held_fold
ISIC_8142852,0,0.01202839,held_fold
ISIC_8145195,0,0.0019027014,held_fold
ISIC_8146629,0,0.0010323639,held_fold
ISIC_8147900,0,0.00066944555,held_fold
ISIC_8148759,0,0.034250278,held_fold
ISIC_8150821,0,0.00048460028,held_fold
ISIC_8152481,0,0.02947005,held_fold
ISIC_8155175,0,0.0020467152,held_fold
ISIC_8156142,0,0.0021189253,held_fold
ISIC_8157009,0,0.0028665534,held_fold
ISIC_8158805,0,0.001528941,held_fold
ISIC_8168901,0,0.0015236312,held_fold
ISIC_8169065,0,0.014622552,held_fold
ISIC_8170665,0,0.00046265736,held_fold
ISIC_8171932,0,0.001060501,held_fold
ISIC_8172419,0,0.21889676,held_fold
ISIC_8173405,0,0.0037250302,held_fold
ISIC_8174981,0,0.00045537038,held_fold
ISIC_8179199,0,0.0034049691,held_fold
ISIC_8181142,0,0.00077095337,held_fold
ISIC_8181833,0,0.006019666,held_fold
ISIC_8183419,0,0.0013088787,held_fold
ISIC_8185167,0,0.0076158238,held_fold
ISIC_8187413,0,0.0005946001,held_fold
ISIC_8188060,0,0.31442407,held_fold
ISIC_8188797,0,0.0007944813,held_fold
ISIC_8191696,0,0.0031771106,held_fold
ISIC_8192501,0,0.09268389,held_fold
ISIC_8197240,0,0.0005510545,held_fold
ISIC_8197314,0,0.0004906726,held_fold
ISIC_8200027,0,0.0028832462,held_fold
ISIC_8201560,0,0.0009675052,held_fold
ISIC_8209221,0,0.0036732473,held_fold
ISIC_8211214,0,0.0008127646,held_fold
ISIC_8213147,0,0.0010361676,held_fold
ISIC_8213912,0,0.0030935456,held_fold
ISIC_8214010,0,0.0554062,held_fold
ISIC_8214583,0,0.19432496,held_fold
ISIC_8224371,0,0.0006063943,held_fold
ISIC_8225843,0,0.005791858,held_fold
ISIC_8230731,0,0.000487331,held_fold
ISIC_8231978,0,0.013986762,held_fold
ISIC_8233072,0,0.0040573715,held_fold
ISIC_8239309,0,0.012001197,held_fold
ISIC_8242789,0,0.01750375,held_fold
ISIC_8246244,0,0.050817095,held_fold
ISIC_8247802,0,0.019064466,held_fold
ISIC_8248109,0,0.0007096214,held_fold
ISIC_8249095,0,0.0010702774,held_fold
ISIC_8249854,1,0.13046299,held_fold
ISIC_8252165,0,0.06664308,held_fold
ISIC_8252886,0,0.0012885021,held_fold
ISIC_8255942,0,0.0025766077,held_fold
ISIC_8257692,0,0.00080379937,held_fold
ISIC_8276053,0,0.0059661595,held_fold
ISIC_8276826,0,0.00095832424,held_fold
ISIC_8278604,0,0.00065846456,held_fold
ISIC_8279476,0,0.0068459786,held_fold
ISIC_8282954,0,0.0003682161,held_fold
ISIC_8284051,0,0.008867688,held_fold
ISIC_8285124,0,0.0010612538,held_fold
ISIC_8289681,0,0.3658277,held_fold
ISIC_8292279,0,0.000404021,held_fold
ISIC_8292326,0,0.019873727,held_fold
ISIC_8295834,0,0.00067958276,held_fold
ISIC_8298466,0,0.00684219,held_fold
ISIC_8300152,0,0.10860178,held_fold
ISIC_8302321,0,0.0015166346,held_fold
ISIC_8303379,0,0.015958635,held_fold
ISIC_8304632,0,0.000997417,held_fold
ISIC_8304923,0,0.00057648536,held_fold
ISIC_8314148,0,0.00052815734,held_fold
ISIC_8314430,0,0.0016885301,held_fold
ISIC_8319512,0,0.000921957,held_fold
ISIC_8319711,0,0.0026082478,held_fold
ISIC_8320443,0,0.06133289,held_fold
ISIC_8329709,0,0.02371464,held_fold
ISIC_8335261,0,0.0023941284,held_fold
ISIC_8336606,0,0.0115100425,held_fold
ISIC_8337767,0,0.0042690123,held_fold
ISIC_8338138,0,0.03555499,held_fold
ISIC_8338141,0,0.0007097488,held_fold
ISIC_8339129,0,0.0021516627,held_fold
ISIC_8340256,0,0.19463062,held_fold
ISIC_8340426,0,0.068063326,held_fold
ISIC_8341947,0,0.0009868391,held_fold
ISIC_8343264,0,0.0011096009,held_fold
ISIC_8346238,0,0.0014874706,held_fold
ISIC_8347742,0,0.0006014689,held_fold
ISIC_8350483,0,0.0042427774,held_fold
ISIC_8351252,0,0.00072429265,held_fold
ISIC_8351799,0,0.0023644925,held_fold
ISIC_8353090,0,0.005946284,held_fold
ISIC_8355344,0,0.00047274405,held_fold
ISIC_8356618,0,0.0033118909,held_fold
ISIC_8357415,0,0.0034505706,held_fold
ISIC_8360023,0,0.18488172,held_fold
ISIC_8366864,0,0.0007216863,held_fold
ISIC_8367005,0,0.0027003451,held_fold
ISIC_8368264,0,0.0028628213,held_fold
ISIC_8368872,0,0.0010683627,held_fold
ISIC_8369671,0,0.0009368651,held_fold
ISIC_8373462,0,0.0010537033,held_fold
ISIC_8375982,0,0.048017774,held_fold
ISIC_8376212,0,0.0017213272,held_fold
ISIC_8377233,0,0.0010284631,held_fold
ISIC_8380039,0,0.00939721,held_fold
ISIC_8380421,0,0.15204944,held_fold
ISIC_8380676,0,0.0016103137,held_fold
ISIC_8384985,0,0.0030870524,held_fold
ISIC_8387944,0,0.0016483801,held_fold
ISIC_8395493,0,0.016412884,held_fold
ISIC_8395902,0,0.00095622696,held_fold
ISIC_8396474,0,0.0037468246,held_fold
ISIC_8397011,0,0.0015517547,held_fold
ISIC_8399651,0,0.0011916647,held_fold
ISIC_8400507,0,0.0005332568,held_fold
ISIC_8402962,0,0.009291441,held_fold
ISIC_8403824,0,0.00075813016,held_fold
ISIC_8404470,0,0.045669187,held_fold
ISIC_8412514,0,0.049867462,held_fold
ISIC_8413496,0,0.0014021238,held_fold
ISIC_8413593,0,0.0011739028,held_fold
ISIC_8413760,0,0.23261169,held_fold
ISIC_8415892,0,0.00052401866,held_fold
ISIC_8423248,0,0.000802032,held_fold
ISIC_8426130,0,0.0008909557,held_fold
ISIC_8426553,0,0.0007291551,held_fold
ISIC_8429917,0,0.005450921,held_fold
ISIC_8430687,0,0.00067259447,held_fold
ISIC_8431949,0,0.0011390852,held_fold
ISIC_8433108,0,0.00082296133,held_fold
ISIC_8433548,0,0.0010222752,held_fold
ISIC_8435125,0,0.0008979107,held_fold
ISIC_8436666,0,0.0012935436,held_fold
ISIC_8437480,0,0.0006466151,held_fold
ISIC_8438767,0,0.0023649603,held_fold
ISIC_8439307,0,0.3453267,held_fold
ISIC_8439888,0,0.0008451294,held_fold
ISIC_8447658,0,0.0012459524,held_fold
ISIC_8448473,0,0.0021710282,held_fold
ISIC_8450947,0,0.0015144893,held_fold
ISIC_8454214,0,0.001073626,held_fold
ISIC_8454818,0,0.0020139224,held_fold
ISIC_8459354,0,0.007205571,held_fold
ISIC_8459932,0,0.00054754503,held_fold
ISIC_8460093,0,0.0003872599,held_fold
ISIC_8460226,0,0.00057621184,held_fold
ISIC_8461708,0,0.0028435453,held_fold
ISIC_8462070,0,0.0013815338,held_fold
ISIC_8465152,0,0.07517853,held_fold
ISIC_8466737,0,0.017094953,held_fold
ISIC_8466805,0,0.0006315317,held_fold
ISIC_8470235,0,0.0003452348,held_fold
ISIC_8470398,0,0.00038201743,held_fold
ISIC_8471137,0,0.0032412247,held_fold
ISIC_8473985,0,0.15862712,held_fold
ISIC_8475025,0,0.006017783,held_fold
ISIC_8475462,0,0.0006310323,held_fold
ISIC_8479278,0,0.011586195,held_fold
ISIC_8479913,0,0.013559604,held_fold
ISIC_8481601,0,0.0105974525,held_fold
ISIC_8483458,0,0.0007876295,held_fold
ISIC_8483799,0,0.0072680535,held_fold
ISIC_8485822,0,0.0016123658,held_fold
ISIC_8488057,0,0.0010106488,held_fold
ISIC_8490884,0,0.00086613116,held_fold
ISIC_8492249,0,0.000825149,held_fold
ISIC_8492957,0,0.10813826,held_fold
ISIC_8493313,0,0.0013488411,held_fold
ISIC_8494551,0,0.003826539,held_fold
ISIC_8498777,0,0.0008304592,held_fold
ISIC_8500006,0,0.049368758,held_fold
ISIC_8500876,0,0.0010257893,held_fold
ISIC_8501248,0,0.13981697,held_fold
ISIC_8505412,0,0.05966202,held_fold
ISIC_8507809,0,0.00067455077,held_fold
ISIC_8509562,0,0.005957936,held_fold
ISIC_8509577,1,0.31736782,held_fold
ISIC_8511557,0,0.0007552142,held_fold
ISIC_8514989,0,0.0009998388,held_fold
ISIC_8515582,0,0.01050377,held_fold
ISIC_8517492,0,0.12202357,held_fold
ISIC_8519725,0,0.0013854931,held_fold
ISIC_8520545,0,0.00051737897,held_fold
ISIC_8521337,0,0.0007166201,held_fold
ISIC_8521610,1,0.4396686,held_fold
ISIC_8521849,0,0.0006045238,held_fold
ISIC_8523143,0,0.0010358094,held_fold
ISIC_8523496,0,0.005088301,held_fold
ISIC_8523824,0,0.010621158,held_fold
ISIC_8527607,0,0.00088640384,held_fold
ISIC_8529767,0,0.00058502733,held_fold
ISIC_8531962,0,0.0035892925,held_fold
ISIC_8534607,0,0.009432943,held_fold
ISIC_8535134,0,0.040085852,held_fold
ISIC_8540723,0,0.004600152,held_fold
ISIC_8541533,0,0.00071738375,held_fold
ISIC_8542407,0,0.010111752,held_fold
ISIC_8543040,0,0.00074934034,held_fold
ISIC_8546049,0,0.001835208,held_fold
ISIC_8547714,0,0.00527765,held_fold
ISIC_8555379,0,0.024727168,held_fold
ISIC_8561864,0,0.0029962612,held_fold
ISIC_8562820,0,0.0010613712,held_fold
ISIC_8563132,0,0.0006787061,held_fold
ISIC_8570402,0,0.0062589105,held_fold
ISIC_8571029,0,0.001965928,held_fold
ISIC_8571168,0,0.0030689423,held_fold
ISIC_8573837,0,0.0018380755,held_fold
ISIC_8574064,0,0.0081226,held_fold
ISIC_8574363,0,0.000514763,held_fold
ISIC_8575769,0,0.11241634,held_fold
ISIC_8577970,0,0.0022837222,held_fold
ISIC_8583462,0,0.00066635327,held_fold
ISIC_8584628,0,0.00036337922,held_fold
ISIC_8592574,0,0.0008929035,held_fold
ISIC_8593130,0,0.34522253,held_fold
ISIC_8594757,0,0.001036964,held_fold
ISIC_8595062,0,0.0012443092,held_fold
ISIC_8595133,0,0.001010106,held_fold
ISIC_8596752,0,0.00029120175,held_fold
ISIC_8597158,0,0.00040920786,held_fold
ISIC_8598120,0,0.00060718873,held_fold
ISIC_8598253,0,0.0005432356,held_fold
ISIC_8599152,0,0.0009020439,held_fold
ISIC_8601951,0,0.00082258106,held_fold
ISIC_8607090,0,0.00055636535,held_fold
ISIC_8607298,0,0.09538768,held_fold
ISIC_8608062,0,0.025032293,held_fold
ISIC_8608270,0,0.00086747244,held_fold
ISIC_8610534,0,0.060042445,held_fold
ISIC_8614812,0,0.0010990509,held_fold
ISIC_8621723,0,0.0009614941,held_fold
ISIC_8622204,0,0.0003457229,held_fold
ISIC_8622941,0,0.0020866839,held_fold
ISIC_8628166,0,0.0015753524,held_fold
ISIC_8629084,0,0.0007512512,held_fold
ISIC_8630053,0,0.0020555055,held_fold
ISIC_8630963,0,0.0012106755,held_fold
ISIC_8632387,0,0.013358125,held_fold
ISIC_8633512,0,0.019694643,held_fold
ISIC_8634670,0,0.00047174245,held_fold
ISIC_8635020,0,0.0015221664,held_fold
ISIC_8635849,0,0.0031294774,held_fold
ISIC_8635853,0,0.00234265,held_fold
ISIC_8637407,0,0.0010155579,held_fold
ISIC_8639128,0,0.001282234,held_fold
ISIC_8639448,0,0.0007514317,held_fold
ISIC_8641048,0,0.00073130365,held_fold
ISIC_8651541,0,0.022721447,held_fold
ISIC_8652599,0,0.00090362586,held_fold
ISIC_8652894,0,0.00067154947,held_fold
ISIC_8653009,0,0.0009847329,held_fold
ISIC_8653749,0,0.002384456,held_fold
ISIC_8657028,0,0.0012751179,held_fold
ISIC_8657243,0,0.0061326525,held_fold
ISIC_8657381,0,0.0152483415,held_fold
ISIC_8659272,0,0.0022496886,held_fold
ISIC_8660448,0,0.017976327,held_fold
ISIC_8667460,0,0.0013659552,held_fold
ISIC_8668954,0,0.00046039146,held_fold
ISIC_8669560,0,0.0013762146,held_fold
ISIC_8670477,0,0.0012906988,held_fold
ISIC_8671702,0,0.0033064722,held_fold
ISIC_8674332,0,0.00054318045,held_fold
ISIC_8675583,0,0.0047633625,held_fold
ISIC_8675695,0,0.052668516,held_fold
ISIC_8676418,0,0.0012681446,held_fold
ISIC_8677254,0,0.0026374676,held_fold
ISIC_8677503,0,0.0006372016,held_fold
ISIC_8683098,0,0.0009689456,held_fold
ISIC_8684147,0,0.0027846699,held_fold
ISIC_8690232,0,0.015511496,held_fold
ISIC_8692006,0,0.00035209086,held_fold
ISIC_8693823,0,0.08790066,held_fold
ISIC_8694181,0,0.00048330537,held_fold
ISIC_8696711,0,0.0010801402,held_fold
ISIC_8697426,0,0.0051759914,held_fold
ISIC_8698578,0,0.00081333175,held_fold
ISIC_8699796,0,0.0006676497,held_fold
ISIC_8705729,0,0.09528163,held_fold
ISIC_8705845,0,0.017042568,held_fold
ISIC_8706909,0,0.0066557946,held_fold
ISIC_8709698,0,0.040455848,held_fold
ISIC_8710040,0,0.02127438,held_fold
ISIC_8711307,0,0.000994503,held_fold
ISIC_8711983,0,0.0022279473,held_fold
ISIC_8712998,0,0.0003666413,held_fold
ISIC_8715332,0,0.0007017426,held_fold
ISIC_8717030,0,0.0062515596,held_fold
ISIC_8719883,0,0.00042711056,held_fold
ISIC_8725334,0,0.009154303,held_fold
ISIC_8725878,0,0.006274863,held_fold
ISIC_8726909,0,0.00058828655,held_fold
ISIC_8730957,0,0.0014851452,held_fold
ISIC_8738925,0,0.0031983897,held_fold
ISIC_8740452,0,0.001618059,held_fold
ISIC_8745884,0,0.0008414941,held_fold
ISIC_8747441,0,0.0025489633,held_fold
ISIC_8748070,0,0.034680948,held_fold
ISIC_8748253,0,0.002856807,held_fold
ISIC_8749288,0,0.000727767,held_fold
ISIC_8749680,0,0.0010805057,held_fold
ISIC_8751380,0,0.2753787,held_fold
ISIC_8753831,0,0.0013740113,held_fold
ISIC_8754690,0,0.0011705781,held_fold
ISIC_8756356,0,0.0017172873,held_fold
ISIC_8757180,0,0.00042331818,held_fold
ISIC_8757204,0,0.003365779,held_fold
ISIC_8758801,0,0.003673926,held_fold
ISIC_8761972,0,0.01887185,held_fold
ISIC_8762217,0,0.1403012,held_fold
ISIC_8765068,0,0.0015285086,held_fold
ISIC_8767074,0,0.12781088,held_fold
ISIC_8770180,0,0.44169882,held_fold
ISIC_8772124,0,0.00074784906,held_fold
ISIC_8772811,0,0.015169533,held_fold
ISIC_8773478,0,0.00058297144,held_fold
ISIC_8773568,0,0.001700023,held_fold
ISIC_8774086,0,0.00030569235,held_fold
ISIC_8774326,0,0.00020498832,held_fold
ISIC_8779142,0,0.00045101842,held_fold
ISIC_8779202,0,0.00045902425,held_fold
ISIC_8782134,0,0.002229276,held_fold
ISIC_8785434,0,0.0035557246,held_fold
ISIC_8792007,0,0.012987184,held_fold
ISIC_8793609,0,0.002205157,held_fold
ISIC_8794796,0,0.01963268,held_fold
ISIC_8794948,0,0.004607669,held_fold
ISIC_8796413,0,0.0016591634,held_fold
ISIC_8796632,0,0.0006782593,held_fold
ISIC_8796769,0,0.006042253,held_fold
ISIC_8798346,0,0.00084591133,held_fold
ISIC_8798579,0,0.016487084,held_fold
ISIC_8799844,0,0.00036381563,held_fold
ISIC_8802544,0,0.004448715,held_fold
ISIC_8803537,0,0.0050551514,held_fold
ISIC_8805114,0,0.0016854446,held_fold
ISIC_8806180,0,0.00052614824,held_fold
ISIC_8811120,0,0.00046550343,held_fold
ISIC_8811316,0,0.0025474993,held_fold
ISIC_8815782,0,0.0010544051,held_fold
ISIC_8822331,0,0.00054078654,held_fold
ISIC_8822826,0,0.055450566,held_fold
ISIC_8827637,0,0.00067035365,held_fold
ISIC_8827672,0,0.0006574835,held_fold
ISIC_8828670,0,0.38183898,held_fold
ISIC_8831706,0,0.35996726,held_fold
ISIC_8832449,0,0.0007068019,held_fold
ISIC_8833352,0,0.0017315503,held_fold
ISIC_8834282,0,0.0070615113,held_fold
ISIC_8834291,0,0.0012959483,held_fold
ISIC_8835915,0,0.006956917,held_fold
ISIC_8837443,0,0.008173494,held_fold
ISIC_8837553,0,0.00085333304,held_fold
ISIC_8843217,0,0.00068669836,held_fold
ISIC_8843901,0,0.0005291639,held_fold
ISIC_8845339,0,0.001864344,held_fold
ISIC_8846959,0,0.0036668149,held_fold
ISIC_8849004,0,0.0030497438,held_fold
ISIC_8849283,0,0.001811885,held_fold
ISIC_8851036,0,0.0006257351,held_fold
ISIC_8851901,0,0.2673007,held_fold
ISIC_8856727,0,0.00025550628,held_fold
ISIC_8858919,0,0.008494395,held_fold
ISIC_8859207,0,0.0014034663,held_fold
ISIC_8859274,1,0.07730614,held_fold
ISIC_8859475,0,0.012689211,held_fold
ISIC_8862118,0,0.009398573,held_fold
ISIC_8862701,0,0.0013895929,held_fold
ISIC_8866533,0,0.00065043085,held_fold
ISIC_8866758,0,0.001611092,held_fold
ISIC_8866896,0,0.0011565826,held_fold
ISIC_8867894,0,0.0010738443,held_fold
ISIC_8871092,0,0.027570052,held_fold
ISIC_8871905,0,0.0038657223,held_fold
ISIC_8874529,0,0.002823284,held_fold
ISIC_8875036,0,0.0047386424,held_fold
ISIC_8875257,0,0.0007671184,held_fold
ISIC_8875762,0,0.002780991,held_fold
ISIC_8880492,0,0.0020124116,held_fold
ISIC_8883577,0,0.036561448,held_fold
ISIC_8883957,0,0.010588627,held_fold
ISIC_8888281,0,0.00048195975,held_fold
ISIC_8889058,0,0.0014860776,held_fold
ISIC_8889856,0,0.00092967635,held_fold
ISIC_8892663,0,0.002022418,held_fold
ISIC_8892973,0,0.0024322176,held_fold
ISIC_8893962,0,0.15671803,held_fold
ISIC_8894305,0,0.00032224014,held_fold
ISIC_8894528,0,0.15785578,held_fold
ISIC_8899738,0,0.0016494767,held_fold
ISIC_8901371,0,0.007247364,held_fold
ISIC_8902976,0,0.0007260148,held_fold
ISIC_8908028,0,0.0077114003,held_fold
ISIC_8908280,0,0.012889955,held_fold
ISIC_8909545,0,0.0015320604,held_fold
ISIC_8910589,0,0.004958472,held_fold
ISIC_8913074,0,0.00033937005,held_fold
ISIC_8913166,0,0.00035165276,held_fold
ISIC_8916024,0,0.0041827247,held_fold
ISIC_8916136,0,0.0017348899,held_fold
ISIC_8918703,0,0.019764999,held_fold
ISIC_8922355,0,0.0019512484,held_fold
ISIC_8924942,0,0.002338285,held_fold
ISIC_8926705,0,0.0030342762,held_fold
ISIC_8928041,0,0.0010895006,held_fold
ISIC_8929288,0,0.00059050944,held_fold
ISIC_8932755,0,0.010137223,held_fold
ISIC_8937006,0,0.011826181,held_fold
ISIC_8938570,0,0.0016248192,held_fold
ISIC_8940418,0,0.0005264482,held_fold
ISIC_8940715,0,0.0103692375,held_fold
ISIC_8940770,0,0.015402633,held_fold
ISIC_8940891,0,0.0011623502,held_fold
ISIC_8944160,0,0.00081273983,held_fold
ISIC_8945395,0,0.094574146,held_fold
ISIC_8945887,0,0.0009992827,held_fold
ISIC_8949026,0,0.0013851817,held_fold
ISIC_8952567,0,0.001072603,held_fold
ISIC_8953848,0,0.003723958,held_fold
ISIC_8956614,0,0.01656095,held_fold
ISIC_8958656,0,0.0025620745,held_fold
ISIC_8958711,0,0.013750168,held_fold
ISIC_8959928,0,0.00061222544,held_fold
ISIC_8961105,0,0.15418515,held_fold
ISIC_8962317,0,0.043575782,held_fold
ISIC_8962375,0,0.00072824256,held_fold
ISIC_8963643,0,0.00037011478,held_fold
ISIC_8965323,0,0.04737282,held_fold
ISIC_8966194,0,0.0028217754,held_fold
ISIC_8966915,0,0.0016751535,held_fold
ISIC_8967786,0,0.00040659925,held_fold
ISIC_8968224,0,0.0011207156,held_fold
ISIC_8969305,0,0.0134931095,held_fold
ISIC_8970442,0,0.0008922648,held_fold
ISIC_8971137,0,0.06992835,held_fold
ISIC_8971579,0,0.0052504693,held_fold
ISIC_8971580,0,0.01639308,held_fold
ISIC_8973051,0,0.06420812,held_fold
ISIC_8977878,0,0.008009981,held_fold
ISIC_8979540,0,0.0009099273,held_fold
ISIC_8979567,0,0.0006949502,held_fold
ISIC_8981245,0,0.002224029,held_fold
ISIC_8981272,0,0.003869619,held_fold
ISIC_8982625,0,0.0029120469,held_fold
ISIC_8984777,0,0.0016835444,held_fold
ISIC_8986880,0,0.20473006,held_fold
ISIC_8989816,0,0.0017205388,held_fold
ISIC_8992673,0,0.01869208,held_fold
ISIC_8993802,0,0.012514613,held_fold
ISIC_8994153,0,0.0015103718,held_fold
ISIC_9002603,0,0.0056130486,held_fold
ISIC_9003062,0,0.00433721,held_fold
ISIC_9007206,0,0.00049993664,held_fold
ISIC_9008095,0,0.0005349281,held_fold
ISIC_9009242,0,0.0005064529,held_fold
ISIC_9012536,0,0.0007943787,held_fold
ISIC_9013023,0,0.00073759333,held_fold
ISIC_9013554,0,0.00082114013,held_fold
ISIC_9014098,0,0.00076229137,held_fold
ISIC_9015182,0,0.0013886609,held_fold
ISIC_9016334,0,0.0055219536,held_fold
ISIC_9016601,0,0.0004947018,held_fold
ISIC_9022213,0,0.0002493221,held_fold
ISIC_9023820,0,0.0030934748,held_fold
ISIC_9026091,0,0.0015135652,held_fold
ISIC_9026387,0,0.0012245476,held_fold
ISIC_9027285,0,0.03564804,held_fold
ISIC_9028726,0,0.008708852,held_fold
ISIC_9029813,0,0.00045616738,held_fold
ISIC_9030482,0,0.004291968,held_fold
ISIC_9030629,0,0.0035894897,held_fold
ISIC_9031030,0,0.0008086595,held_fold
ISIC_9031366,0,0.0053297905,held_fold
ISIC_9032302,0,0.0006340387,held_fold
ISIC_9034574,0,0.0025133397,held_fold
ISIC_9035982,0,0.0005908377,held_fold
ISIC_9038210,0,0.022084462,held_fold
ISIC_9042282,0,0.015404505,held_fold
ISIC_9045131,0,0.016031299,held_fold
ISIC_9049124,0,0.05812942,held_fold
ISIC_9051856,0,0.0009296161,held_fold
ISIC_9052538,0,0.0012088105,held_fold
ISIC_9056392,0,0.09276016,held_fold
ISIC_9056935,0,0.0021058074,held_fold
ISIC_9057206,0,0.0006715239,held_fold
ISIC_9057417,0,0.010823818,held_fold
ISIC_9059250,0,0.00066961243,held_fold
ISIC_9061345,0,0.0072558094,held_fold
ISIC_9063429,0,0.0008478791,held_fold
ISIC_9064668,0,0.008879693,held_fold
ISIC_9066066,0,0.0006698716,held_fold
ISIC_9066099,0,0.0008248919,held_fold
ISIC_9069449,0,0.0006942842,held_fold
ISIC_9070995,0,0.10392443,held_fold
ISIC_9074247,0,0.0025083667,held_fold
ISIC_9075195,0,0.0005710065,held_fold
ISIC_9077274,0,0.0032409101,held_fold
ISIC_9081595,0,0.0013119839,held_fold
ISIC_9081853,0,0.002542713,held_fold
ISIC_9082696,0,0.051506914,held_fold
ISIC_9087221,0,0.00078043254,held_fold
ISIC_9088656,0,0.0012365592,held_fold
ISIC_9089757,0,0.003225828,held_fold
ISIC_9090761,0,0.0022965458,held_fold
ISIC_9094956,0,0.00033056497,held_fold
ISIC_9095975,0,0.00077892875,held_fold
ISIC_9096001,0,0.000681286,held_fold
ISIC_9096302,0,0.00044662372,held_fold
ISIC_9097590,0,0.00012063319,held_fold
ISIC_9105375,0,0.014756491,held_fold
ISIC_9106601,0,0.004179304,held_fold
ISIC_9106966,0,0.0008117399,held_fold
ISIC_9107094,0,0.0007485884,held_fold
ISIC_9108858,0,0.0013002087,held_fold
ISIC_9110426,0,0.0007244203,held_fold
ISIC_9115855,0,0.0007152941,held_fold
ISIC_9116179,0,0.0019662178,held_fold
ISIC_9117797,0,0.00063356245,held_fold
ISIC_9119297,0,0.0806498,held_fold
ISIC_9125158,0,0.0019709922,held_fold
ISIC_9125543,0,0.0021259564,held_fold
ISIC_9133087,0,0.0046002436,held_fold
ISIC_9135299,0,0.37904456,held_fold
ISIC_9135570,0,0.000772525,held_fold
ISIC_9137479,0,0.17805496,held_fold
ISIC_9140119,0,0.0071892664,held_fold
ISIC_9140498,0,0.0013247688,held_fold
ISIC_9141792,0,0.0034092113,held_fold
ISIC_9142919,0,0.000833575,held_fold
ISIC_9144769,0,0.00063360203,held_fold
ISIC_9144961,0,0.03744043,held_fold
ISIC_9145171,0,0.00074201514,held_fold
ISIC_9151182,0,0.0037536372,held_fold
ISIC_9152137,0,0.017810527,held_fold
ISIC_9153274,0,0.0036334537,held_fold
ISIC_9154000,0,0.0007380328,held_fold
ISIC_9157720,0,0.0009956999,held_fold
ISIC_9159093,0,0.04106878,held_fold
ISIC_9162894,0,0.0009193487,held_fold
ISIC_9164054,1,0.5042664,held_fold
ISIC_9165389,0,0.0006557379,held_fold
ISIC_9167719,0,0.010613179,held_fold
ISIC_9168700,0,0.0070082243,held_fold
ISIC_9172559,0,0.00083347526,held_fold
ISIC_9174092,0,0.00027173123,held_fold
ISIC_9176281,0,0.0024149986,held_fold
ISIC_9180983,0,0.009181158,held_fold
ISIC_9184306,0,0.001252573,held_fold
ISIC_9184450,0,0.07483082,held_fold
ISIC_9187760,0,0.00072467997,held_fold
ISIC_9187876,0,0.00096799986,held_fold
ISIC_9189897,0,0.0856284,held_fold
ISIC_9192632,0,0.0012221059,held_fold
ISIC_9193122,0,0.0011072778,held_fold
ISIC_9196122,0,0.0031020655,held_fold
ISIC_9196783,0,0.0012654322,held_fold
ISIC_9198021,0,0.00029347913,held_fold
ISIC_9198404,0,0.0012966483,held_fold
ISIC_9200085,0,0.0063068294,held_fold
ISIC_9203424,0,0.0015292518,held_fold
ISIC_9203812,0,0.0038238172,held_fold
ISIC_9204678,0,0.00078879,held_fold
ISIC_9211072,0,0.08980283,held_fold
ISIC_9214601,0,0.00023623016,held_fold
ISIC_9216970,0,0.026954811,held_fold
ISIC_9217405,0,0.00060459034,held_fold
ISIC_9217838,0,0.3194484,held_fold
ISIC_9218984,0,0.025030803,held_fold
ISIC_9221435,0,0.033189055,held_fold
ISIC_9222807,0,0.003327619,held_fold
ISIC_9223108,0,0.0009993451,held_fold
ISIC_9224182,0,0.0009791595,held_fold
ISIC_9225880,0,0.16807456,held_fold
ISIC_9227205,0,0.0006017327,held_fold
ISIC_9227392,0,0.0011877391,held_fold
ISIC_9228120,0,0.00042608578,held_fold
ISIC_9229373,0,0.042729784,held_fold
ISIC_9230295,0,0.004681254,held_fold
ISIC_9230976,0,0.04829567,held_fold
ISIC_9232587,0,0.00087577134,held_fold
ISIC_9239093,0,0.00042044293,held_fold
ISIC_9240979,0,0.00025743266,held_fold
ISIC_9242891,0,0.011693808,held_fold
ISIC_9244889,0,0.00036351106,held_fold
ISIC_9245103,0,0.0019414326,held_fold
ISIC_9246650,0,0.0026209184,held_fold
ISIC_9247173,0,0.0012177338,held_fold
ISIC_9249434,0,0.0002451216,held_fold
ISIC_9252122,0,0.0006909993,held_fold
ISIC_9254136,0,0.0032591592,held_fold
ISIC_9255083,0,0.0010634045,held_fold
ISIC_9256438,0,0.00773701,held_fold
ISIC_9257020,0,0.0013907201,held_fold
ISIC_9260499,0,0.0007014929,held_fold
ISIC_9260935,0,0.00047943386,held_fold
ISIC_9263896,0,0.004143543,held_fold
ISIC_9271101,0,0.020447569,held_fold
ISIC_9273715,0,0.091012664,held_fold
ISIC_9276479,0,0.004125516,held_fold
ISIC_9277774,0,0.010119372,held_fold
ISIC_9278100,0,0.0004178193,held_fold
ISIC_9278477,0,0.00050469255,held_fold
ISIC_9280075,0,0.0029150222,held_fold
ISIC_9281339,0,0.06840472,held_fold
ISIC_9282976,0,0.18980664,held_fold
ISIC_9287470,0,0.00094148464,held_fold
ISIC_9287611,0,0.0010947577,held_fold
ISIC_9288923,0,0.0007151455,held_fold
ISIC_9289739,0,0.0005066811,held_fold
ISIC_9291222,0,0.0005954247,held_fold
ISIC_9291233,0,0.0064895544,held_fold
ISIC_9294799,0,0.0021859652,held_fold
ISIC_9294980,0,0.0022845152,held_fold
ISIC_9295519,0,0.034675088,held_fold
ISIC_9297585,0,0.0014842007,held_fold
ISIC_9299197,0,0.002592593,held_fold
ISIC_9299483,0,0.00042900842,held_fold
ISIC_9301341,0,0.0013660867,held_fold
ISIC_9307797,0,0.003942919,held_fold
ISIC_9311623,0,0.024801586,held_fold
ISIC_9311678,0,0.18369916,held_fold
ISIC_9312264,0,0.018416507,held_fold
ISIC_9312312,0,0.0052219382,held_fold
ISIC_9317712,0,0.00048064117,held_fold
ISIC_9318322,0,0.15662982,held_fold
ISIC_9318508,0,0.00085433986,held_fold
ISIC_9323627,0,0.19218528,held_fold
ISIC_9324486,0,0.13823037,held_fold
ISIC_9326566,0,0.0004803497,held_fold
ISIC_9330341,0,0.0007947096,held_fold
ISIC_9330485,0,0.06217106,held_fold
ISIC_9332205,0,0.0004830187,held_fold
ISIC_9333573,0,0.005392129,held_fold
ISIC_9333784,0,0.018298553,held_fold
ISIC_9334145,0,0.00089704443,held_fold
ISIC_9335240,0,0.0009888489,held_fold
ISIC_9336379,0,0.022889905,held_fold
ISIC_9336675,0,0.18286604,held_fold
ISIC_9336892,0,0.0005559715,held_fold
ISIC_9337870,0,0.001436995,held_fold
ISIC_9339842,0,0.26198733,held_fold
ISIC_9340102,0,0.00038039443,held_fold
ISIC_9348374,0,0.15291673,held_fold
ISIC_9348809,0,0.06227225,held_fold
ISIC_9350507,0,0.0011561309,held_fold
ISIC_9351196,0,0.06784412,held_fold
ISIC_9355890,0,0.00023800603,held_fold
ISIC_9358630,0,0.00026845108,held_fold
ISIC_9360053,0,0.002550524,held_fold
ISIC_9363564,0,0.0035777586,held_fold
ISIC_9364879,0,0.1344987,held_fold
ISIC_9366737,0,0.00070207944,held_fold
ISIC_9367832,0,0.00023150645,held_fold
ISIC_9368994,0,0.015892485,held_fold
ISIC_9374187,0,0.0008126461,held_fold
ISIC_9374598,0,0.0011426792,held_fold
ISIC_9375324,0,0.0013183923,held_fold
ISIC_9375426,0,0.00075960835,held_fold
ISIC_9379816,0,0.0022151656,held_fold
ISIC_9385996,0,0.00039948418,held_fold
ISIC_9386509,0,0.0046404847,held_fold
ISIC_9387054,0,0.00055272336,held_fold
ISIC_9391846,0,0.24143639,held_fold
ISIC_9395681,0,0.0026420108,held_fold
ISIC_9395707,0,0.0011323543,held_fold
ISIC_9401187,0,0.014136768,held_fold
ISIC_9402263,0,0.0024437052,held_fold
ISIC_9403126,0,0.00921246,held_fold
ISIC_9406275,0,0.00057859864,held_fold
ISIC_9407019,0,0.0016025872,held_fold
ISIC_9408125,0,0.0055776346,held_fold
ISIC_9408461,0,0.008033229,held_fold
ISIC_9412119,0,0.6253694,held_fold
ISIC_9416538,0,0.0021606507,held_fold
ISIC_9417004,0,0.0013184426,held_fold
ISIC_9419847,0,0.0010546433,held_fold
ISIC_9423971,0,0.0015337084,held_fold
ISIC_9426618,0,0.07866438,held_fold
ISIC_9427455,0,0.0018250812,held_fold
ISIC_9428246,0,0.0010986981,held_fold
ISIC_9433523,0,0.00074049144,held_fold
ISIC_9434415,0,0.0010362831,held_fold
ISIC_9438998,0,0.003628266,held_fold
ISIC_9440565,0,0.06025679,held_fold
ISIC_9441572,0,0.00216525,held_fold
ISIC_9442018,0,0.0023213099,held_fold
ISIC_9442095,0,0.00042376778,held_fold
ISIC_9442362,0,0.0017899837,held_fold
ISIC_9444090,0,0.014368627,held_fold
ISIC_9445053,0,0.00070049113,held_fold
ISIC_9449064,0,0.0036349797,held_fold
ISIC_9449388,0,0.017162032,held_fold
ISIC_9452964,0,0.00059471175,held_fold
ISIC_9454730,0,0.00088365015,held_fold
ISIC_9456752,0,0.0023570016,held_fold
ISIC_9462205,0,0.0012223405,held_fold
ISIC_9462346,0,0.00448188,held_fold
ISIC_9462979,0,0.002134107,held_fold
ISIC_9464203,0,0.32286343,held_fold
ISIC_9466320,0,0.0014358999,held_fold
ISIC_9467125,0,0.0018449033,held_fold
ISIC_9469411,0,0.0007716318,held_fold
ISIC_9469918,0,0.0015030997,held_fold
ISIC_9470043,0,0.02709056,held_fold
ISIC_9470671,0,0.0009776643,held_fold
ISIC_9470922,0,0.047643416,held_fold
ISIC_9472975,0,0.00057545054,held_fold
ISIC_9473492,0,0.001263208,held_fold
ISIC_9475155,0,0.0019705738,held_fold
ISIC_9476664,0,0.014058742,held_fold
ISIC_9477158,0,0.0048204414,held_fold
ISIC_9478517,0,0.00047085428,held_fold
ISIC_9479804,0,0.0010006807,held_fold
ISIC_9483306,0,0.00086983305,held_fold
ISIC_9483439,0,0.020250915,held_fold
ISIC_9484908,0,0.000812441,held_fold
ISIC_9487928,0,0.0026557103,held_fold
ISIC_9492603,0,0.00063394627,held_fold
ISIC_9498976,0,0.04600834,held_fold
ISIC_9501851,0,0.00671254,held_fold
ISIC_9503058,0,0.00028143587,held_fold
ISIC_9503218,0,0.00059548765,held_fold
ISIC_9505359,0,0.0026799266,held_fold
ISIC_9506257,0,0.0020717492,held_fold
ISIC_9508560,0,0.025573572,held_fold
ISIC_9509345,0,0.028794145,held_fold
ISIC_9512345,0,0.013922901,held_fold
ISIC_9517489,0,0.1573524,held_fold
ISIC_9517752,0,0.0021160627,held_fold
ISIC_9518180,0,0.028282953,held_fold
ISIC_9521898,0,0.0010859831,held_fold
ISIC_9525273,0,0.0005087354,held_fold
ISIC_9525930,0,0.11908613,held_fold
ISIC_9527051,0,0.023785139,held_fold
ISIC_9529971,0,0.008254861,held_fold
ISIC_9534978,0,0.00067674846,held_fold
ISIC_9535651,0,0.0009895854,held_fold
ISIC_9537079,0,0.0015413229,held_fold
ISIC_9542764,0,0.14570074,held_fold
ISIC_9545819,0,0.0056283353,held_fold
ISIC_9547089,0,0.0013809089,held_fold
ISIC_9547725,1,0.03223121,held_fold
ISIC_9553502,0,0.024523135,held_fold
ISIC_9554872,0,0.001146153,held_fold
ISIC_9555044,0,0.0006320236,held_fold
ISIC_9555702,0,0.0011157145,held_fold
ISIC_9563809,0,0.00040212073,held_fold
ISIC_9568166,0,0.0005840773,held_fold
ISIC_9574101,0,0.009704993,held_fold
ISIC_9574591,0,0.41692585,held_fold
ISIC_9576269,0,0.0011129588,held_fold
ISIC_9576385,0,0.0009459795,held_fold
ISIC_9577368,0,0.0023988546,held_fold
ISIC_9577645,0,0.0018472323,held_fold
ISIC_9580380,0,0.00038966016,held_fold
ISIC_9584866,0,0.17628354,held_fold
ISIC_9586221,0,0.0013662148,held_fold
ISIC_9588205,0,0.0014707434,held_fold
ISIC_9590331,0,0.0018604368,held_fold
ISIC_9594280,0,0.01404292,held_fold
ISIC_9595560,0,0.0014088483,held_fold
ISIC_9596617,0,0.016430028,held_fold
ISIC_9597139,0,0.0010740887,held_fold
ISIC_9597728,0,0.0003944677,held_fold
ISIC_9597903,0,0.0032254849,held_fold
ISIC_9598453,0,0.021467771,held_fold
ISIC_9599187,0,0.011034714,held_fold
ISIC_9599476,0,0.0046284855,held_fold
ISIC_9604922,0,0.0006488464,held_fold
ISIC_9605122,0,0.0057774214,held_fold
ISIC_9607725,0,0.00074412185,held_fold
ISIC_9608774,0,0.0013094684,held_fold
ISIC_9616071,0,0.0011445507,held_fold
ISIC_9617855,0,0.0016848046,held_fold
ISIC_9625160,0,0.0010147755,held_fold
ISIC_9625269,0,0.0010444311,held_fold
ISIC_9625543,0,0.002519899,held_fold
ISIC_9626997,0,0.2600282,held_fold
ISIC_9631972,0,0.0009574053,held_fold
ISIC_9632450,0,0.004157904,held_fold
ISIC_9632665,0,0.0014076426,held_fold
ISIC_9635270,0,0.010706215,held_fold
ISIC_9636460,0,0.009659267,held_fold
ISIC_9639931,0,0.0007520707,held_fold
ISIC_9642076,0,0.0070384387,held_fold
ISIC_9644813,0,0.00059129257,held_fold
ISIC_9645666,0,0.0033318298,held_fold
ISIC_9646356,0,0.3229444,held_fold
ISIC_9648278,0,0.052937865,held_fold
ISIC_9648696,0,0.0019400801,held_fold
ISIC_9650427,0,0.0011213531,held_fold
ISIC_9650546,0,0.1725053,held_fold
ISIC_9651769,0,0.0017093713,held_fold
ISIC_9654161,0,0.0018446549,held_fold
ISIC_9655236,0,0.002960632,held_fold
ISIC_9655883,0,0.033417255,held_fold
ISIC_9657153,0,0.0015447374,held_fold
ISIC_9657811,0,0.00088154775,held_fold
ISIC_9659654,0,0.016951546,held_fold
ISIC_9660409,0,0.00040018302,held_fold
ISIC_9662236,0,0.001994255,held_fold
ISIC_9663017,0,0.00084285793,held_fold
ISIC_9666088,0,0.0009336291,held_fold
ISIC_9666919,0,0.0013548576,held_fold
ISIC_9669830,0,0.0037767712,held_fold
ISIC_9670716,0,0.00043747868,held_fold
ISIC_9672734,0,0.0007050104,held_fold
ISIC_9679289,0,0.00059157755,held_fold
ISIC_9680911,0,0.0030231318,held_fold
ISIC_9684010,0,0.0023473876,held_fold
ISIC_9689618,0,0.0101588825,held_fold
ISIC_9690263,0,0.013420133,held_fold
ISIC_9690371,0,0.020018114,held_fold
ISIC_9690865,0,0.0012890986,held_fold
ISIC_9691372,0,0.000674347,held_fold
ISIC_9694911,0,0.004198424,held_fold
ISIC_9698575,0,0.010412087,held_fold
ISIC_9698934,0,0.0029516935,held_fold
ISIC_9699635,0,0.00049044436,held_fold
ISIC_9703315,0,0.005847973,held_fold
ISIC_9708346,0,0.0076740324,held_fold
ISIC_9709594,0,0.004234904,held_fold
ISIC_9709782,0,0.0005693644,held_fold
ISIC_9711325,0,0.00090593845,held_fold
ISIC_9712522,0,0.190149,held_fold
ISIC_9712963,0,0.020914463,held_fold
ISIC_9719576,0,0.048233632,held_fold
ISIC_9720236,0,0.119164474,held_fold
ISIC_9720340,0,0.0010675844,held_fold
ISIC_9721056,0,0.22525609,held_fold
ISIC_9721312,0,0.0006445899,held_fold
ISIC_9721604,0,0.00045095218,held_fold
ISIC_9723110,0,0.0006461953,held_fold
ISIC_9723519,0,0.0014117615,held_fold
ISIC_9724276,0,0.00088193506,held_fold
ISIC_9724506,0,0.000655777,held_fold
ISIC_9724720,0,0.024594363,held_fold
ISIC_9726155,0,0.00094956084,held_fold
ISIC_9728431,0,0.059513327,held_fold
ISIC_9733592,0,0.0010688936,held_fold
ISIC_9735601,0,0.0027428402,held_fold
ISIC_9737009,0,0.0024174536,held_fold
ISIC_9740471,0,0.007871488,held_fold
ISIC_9743002,0,0.09306437,held_fold
ISIC_9744054,0,0.00034957041,held_fold
ISIC_9744087,0,0.004358591,held_fold
ISIC_9744755,0,0.0011435063,held_fold
ISIC_9745283,0,0.0020701392,held_fold
ISIC_9745562,0,0.0027092693,held_fold
ISIC_9747194,0,0.00066535885,held_fold
ISIC_9747321,0,0.0007565943,held_fold
ISIC_9747704,0,0.001238382,held_fold
ISIC_9748173,0,0.0049025854,held_fold
ISIC_9748543,0,0.0005836586,held_fold
ISIC_9750403,0,0.001800794,held_fold
ISIC_9754455,0,0.0010864809,held_fold
ISIC_9755946,0,0.0003498426,held_fold
ISIC_9756117,0,0.0020171064,held_fold
ISIC_9756409,0,0.0008217992,held_fold
ISIC_9756791,0,0.0064741024,held_fold
ISIC_9757438,0,0.020202518,held_fold
ISIC_9760338,0,0.0006311746,held_fold
ISIC_9761523,0,0.0019770607,held_fold
ISIC_9764872,0,0.0013705166,held_fold
ISIC_9766238,0,0.00051547255,held_fold
ISIC_9772039,0,0.00046863663,held_fold
ISIC_9772383,0,0.0005451862,held_fold
ISIC_9772465,0,0.043885846,held_fold
ISIC_9778253,0,0.0008175121,held_fold
ISIC_9779272,0,0.0016599898,held_fold
ISIC_9779803,0,0.0052144113,held_fold
ISIC_9781112,0,0.0133602,held_fold
ISIC_9781738,0,0.0002571177,held_fold
ISIC_9782083,0,0.0024962435,held_fold
ISIC_9783128,0,0.00018530789,held_fold
ISIC_9783169,0,0.0064610927,held_fold
ISIC_9786943,0,0.0221598,held_fold
ISIC_9789240,0,0.0012250796,held_fold
ISIC_9789769,0,0.004694679,held_fold
ISIC_9789901,0,0.009564765,held_fold
ISIC_9792253,0,0.003991719,held_fold
ISIC_9792592,0,0.0022201247,held_fold
ISIC_9794429,0,0.0044768066,held_fold
ISIC_9797003,0,0.0015236717,held_fold
ISIC_9806022,0,0.00070776173,held_fold
ISIC_9806553,0,0.0015328616,held_fold
ISIC_9809544,0,0.026960734,held_fold
ISIC_9810417,0,0.0014257526,held_fold
ISIC_9814041,0,0.0007559068,held_fold
ISIC_9814534,0,0.0004150864,held_fold
ISIC_9816203,0,0.007814251,held_fold
ISIC_9817000,0,0.007559431,held_fold
ISIC_9817574,0,0.0023098895,held_fold
ISIC_9819192,0,0.0007647295,held_fold
ISIC_9820817,0,0.0008378488,held_fold
ISIC_9822251,0,0.0008443519,held_fold
ISIC_9824610,0,0.0016237367,held_fold
ISIC_9824799,0,0.014154497,held_fold
ISIC_9827962,0,0.00038747003,held_fold
ISIC_9829605,0,0.000890912,held_fold
ISIC_9831378,0,0.017586973,held_fold
ISIC_9833353,0,0.0033686738,held_fold
ISIC_9837156,0,0.0037083663,held_fold
ISIC_9838878,0,0.13810991,held_fold
ISIC_9839324,0,0.11434522,held_fold
ISIC_9839730,0,0.003461296,held_fold
ISIC_9843856,0,0.0006834164,held_fold
ISIC_9844010,0,0.0018912609,held_fold
ISIC_9848675,0,0.042155556,held_fold
ISIC_9860104,0,0.0037250554,held_fold
ISIC_9860391,0,0.000731806,held_fold
ISIC_9861423,0,0.0052623847,held_fold
ISIC_9863065,0,0.018014463,held_fold
ISIC_9863562,0,0.064450346,held_fold
ISIC_9867012,0,0.00028673158,held_fold
ISIC_9870573,0,0.0010039074,held_fold
ISIC_9871904,0,0.0007634094,held_fold
ISIC_9872410,0,0.006459483,held_fold
ISIC_9873492,0,0.0012171586,held_fold
ISIC_9874505,0,0.0080195805,held_fold
ISIC_9876004,0,0.0007426557,held_fold
ISIC_9877843,0,0.0035271116,held_fold
ISIC_9879693,0,0.00407685,held_fold
ISIC_9879723,0,0.0007113798,held_fold
ISIC_9880047,0,0.00033400778,held_fold
ISIC_9880258,0,0.014634197,held_fold
ISIC_9882759,0,0.07424068,held_fold
ISIC_9884160,0,0.00061160256,held_fold
ISIC_9886866,0,0.0030976671,held_fold
ISIC_9891484,0,0.00065988913,held_fold
ISIC_9895881,0,0.0014585563,held_fold
ISIC_9900876,0,0.004278877,held_fold
ISIC_9903000,0,0.0007548648,held_fold
ISIC_9906657,0,0.013589026,held_fold
ISIC_9906799,0,0.007027397,held_fold
ISIC_9907084,0,0.0043810112,held_fold
ISIC_9909314,0,0.0013183685,held_fold
ISIC_9912475,0,0.00084301335,held_fold
ISIC_9913573,0,0.0024372602,held_fold
ISIC_9913914,0,0.005432407,held_fold
ISIC_9915822,0,0.00024320759,held_fold
ISIC_9916654,0,0.00058254815,held_fold
ISIC_9917899,0,0.0015479075,held_fold
ISIC_9918598,0,0.0050232275,held_fold
ISIC_9918829,0,0.00780979,held_fold
ISIC_9920034,0,0.0010929857,held_fold
ISIC_9927221,0,0.00034069427,held_fold
ISIC_9928421,0,0.00042436787,held_fold
ISIC_9934037,0,0.012920583,held_fold
ISIC_9935606,0,0.000868955,held_fold
ISIC_9936773,0,0.010785514,held_fold
ISIC_9937653,0,0.027485024,held_fold
ISIC_9940466,0,0.0005940438,held_fold
ISIC_9940867,0,0.0019805348,held_fold
ISIC_9941161,0,0.0010767396,held_fold
ISIC_9941889,0,0.07048189,held_fold
ISIC_9944671,0,0.011308463,held_fold
ISIC_9947369,0,0.001017172,held_fold
ISIC_9948600,0,0.01795104,held_fold
ISIC_9948820,0,0.0076235803,held_fold
ISIC_9955255,0,0.0005900243,held_fold
ISIC_9956374,0,0.0007507889,held_fold
ISIC_9957107,0,0.023808416,held_fold
ISIC_9958346,0,0.10999999,held_fold
ISIC_9960578,0,0.002987255,held_fold
ISIC_9960804,0,0.48162633,held_fold
ISIC_9961808,0,0.0012417478,held_fold
ISIC_9962388,0,0.0021058484,held_fold
ISIC_9967671,0,0.009489975,held_fold
ISIC_9967715,0,0.0031231735,held_fold
ISIC_9968564,0,0.00066453154,held_fold
ISIC_9973089,0,0.0011410693,held_fold
ISIC_9975949,0,0.016578898,held_fold
ISIC_9976478,0,0.038654435,held_fold
ISIC_9977346,0,0.00088671944,held_fold
ISIC_9978107,1,0.18463975,held_fold
ISIC_9981194,0,0.00052679284,held_fold
ISIC_9982060,0,0.0025994268,held_fold
ISIC_9983616,0,0.0063500414,held_fold
ISIC_9983657,0,0.0009713262,held_fold
ISIC_9987485,0,0.0009109518,held_fold
ISIC_9989082,0,0.0114772115,held_fold
ISIC_9989641,0,0.0019963156,held_fold
ISIC_9989680,0,0.010840868,held_fold
ISIC_9991492,0,0.00059975847,held_fold
ISIC_9994390,0,0.0007147217,held_fold
ISIC_9995140,0,0.0024816983,held_fold
ISIC_9995691,0,0.00074467197,held_fold
ISIC_9999320,0,0.0008812198,held_fold
ISIC_9999515,0,0.0021577175,held_fold
ISIC_9999806,0,0.034237877,held_fold
