image_name,target,prob,split
ISIC_0015719,0,0.0014314292,inner_val
ISIC_0052212,0,0.0021547177,inner_val
ISIC_0074311,0,0.0012533994,inner_val
ISIC_0076262,0,0.0046856147,inner_val
ISIC_0077472,0,0.00264255,inner_val
ISIC_0082348,0,0.0014685645,inner_val
ISIC_0084395,0,0.0068290504,inner_val
ISIC_0085172,0,0.004380922,inner_val
ISIC_0091996,0,0.013289566,inner_val
ISIC_0096227,0,0.0011409079,inner_val
ISIC_0103298,0,0.0018697518,inner_val
ISIC_0124849,0,0.006126604,inner_val
ISIC_0147642,0,0.0018703956,inner_val
ISIC_0149527,0,0.008881129,inner_val
ISIC_0149568,1,0.0052596596,inner_val
ISIC_0149698,0,0.0015561056,inner_val
ISIC_0149918,0,0.00850432,inner_val
ISIC_0151200,0,0.020227727,inner_val
ISIC_0162627,0,0.008313278,inner_val
ISIC_0163639,0,0.018472632,inner_val
ISIC_0171946,0,0.010729209,inner_val
ISIC_0179191,0,0.0024845304,inner_val
ISIC_0186820,0,0.0072391145,inner_val
ISIC_0187428,0,0.07825262,inner_val
ISIC_0190870,0,0.0030503005,inner_val
ISIC_0192701,0,0.002159259,inner_val
ISIC_0198392,0,0.0050669624,inner_val
ISIC_0199455,0,0.0027851902,inner_val
ISIC_0204994,0,0.09659649,inner_val
ISIC_0210282,0,0.0026178227,inner_val
ISIC_0212774,0,0.0132144,inner_val
ISIC_0215966,0,0.0024136433,inner_val
ISIC_0216296,0,0.0026726094,inner_val
ISIC_0219948,0,0.0013219235,inner_val
ISIC_0222117,0,0.022931732,inner_val
ISIC_0228718,0,0.001803836,inner_val
ISIC_0229656,0,0.0024005235,inner_val
ISIC_0230564,0,0.003218281,inner_val
ISIC_0236531,0,0.022325445,inner_val
ISIC_0238824,0,0.0032316076,inner_val
ISIC_0239810,0,0.01207065,inner_val
ISIC_0243148,0,0.0029759067,inner_val
ISIC_0244877,0,0.0007835348,inner_val
ISIC_0246090,0,0.0036033222,inner_val
ISIC_0248114,0,0.009219661,inner_val
ISIC_0248218,0,0.003417714,inner_val
ISIC_0250839,1,0.03853346,inner_val
ISIC_0255796,0,0.0036041592,inner_val
ISIC_0255914,0,0.022929242,inner_val
ISIC_0256715,0,0.00125684,inner_val
ISIC_0258821,0,0.0012374765,inner_val
ISIC_0259615,0,0.012475915,inner_val
ISIC_0261781,0,0.0037053514,inner_val
ISIC_0262276,0,0.04835586,inner_val
ISIC_0268371,0,0.0054752845,inner_val
ISIC_0274382,1,0.041406535,inner_val
ISIC_0275693,0,0.025982862,inner_val
ISIC_0275783,0,0.04751684,inner_val
ISIC_0275828,1,0.022926593,inner_val
ISIC_0277115,0,0.0014486394,inner_val
ISIC_0278126,0,0.0046612117,inner_val
ISIC_0279526,0,0.015086721,inner_val
ISIC_0281753,0,0.0025947283,inner_val
ISIC_0282281,0,0.0019480851,inner_val
ISIC_0287683,0,0.020715034,inner_val
ISIC_0288421,0,0.01617444,inner_val
ISIC_0288916,0,0.008185858,inner_val
ISIC_0290785,0,0.0077960556,inner_val
ISIC_0292158,0,0.0030134188,inner_val
ISIC_0294910,0,0.0017281413,inner_val
ISIC_0296109,0,0.0020637931,inner_val
ISIC_0297795,0,0.012569256,inner_val
ISIC_0304649,0,0.0023318613,inner_val
ISIC_0308888,0,0.010962942,inner_val
ISIC_0309317,0,0.0073033967,inner_val
ISIC_0311112,0,0.0018538745,inner_val
ISIC_0311369,0,0.001178457,inner_val
ISIC_0315525,0,0.0018249012,inner_val
ISIC_0316668,0,0.00130387,inner_val
ISIC_0329458,0,0.0022413628,inner_val
ISIC_0338712,0,0.012204706,inner_val
ISIC_0338752,0,0.05013218,inner_val
ISIC_0339773,0,0.0048090476,inner_val
ISIC_0340256,0,0.028283615,inner_val
ISIC_0342587,0,0.020511573,inner_val
ISIC_0348503,0,0.008341913,inner_val
ISIC_0351084,0,0.019248117,inner_val
ISIC_0354535,0,0.0073846034,inner_val
ISIC_0354635,0,0.0024472927,inner_val
ISIC_0355023,0,0.0030251157,inner_val
ISIC_0355197,0,0.013874193,inner_val
ISIC_0358285,0,0.0056666913,inner_val
ISIC_0359307,0,0.09088487,inner_val
ISIC_0361149,0,0.0014523255,inner_val
ISIC_0366021,0,0.0026590012,inner_val
ISIC_0371763,0,0.0012004165,inner_val
ISIC_0371772,0,0.0019131565,inner_val
ISIC_0372318,0,0.0017842393,inner_val
ISIC_0373585,0,0.003496555,inner_val
ISIC_0377213,0,0.0010358879,inner_val
ISIC_0377420,0,0.005414059,inner_val
ISIC_0378399,0,0.061424118,inner_val
ISIC_0379551,0,0.008662384,inner_val
ISIC_0379863,0,0.0088382065,inner_val
ISIC_0384200,0,0.0011257768,inner_val
ISIC_0386664,0,0.0043232837,inner_val
ISIC_0394140,0,0.0055096396,inner_val
ISIC_0395933,0,0.004082872,inner_val
ISIC_0401416,0,0.0016957877,inner_val
ISIC_0401425,0,0.0038877327,inner_val
ISIC_0402533,0,0.0076216757,inner_val
ISIC_0403893,0,0.0012578694,inner_val
ISIC_0411688,0,0.0030730374,inner_val
ISIC_0412659,0,0.0015761153,inner_val
ISIC_0413154,0,0.0021026304,inner_val
ISIC_0413512,0,0.04245763,inner_val
ISIC_0413575,0,0.0028985112,inner_val
ISIC_0420174,0,0.006958057,inner_val
ISIC_0421041,0,0.009062387,inner_val
ISIC_0427813,0,0.002799911,inner_val
ISIC_0428482,0,0.008299895,inner_val
ISIC_0430646,0,0.0042537786,inner_val
ISIC_0442749,0,0.008445123,inner_val
ISIC_0442837,0,0.005987829,inner_val
ISIC_0445189,0,0.018214647,inner_val
ISIC_0449824,0,0.0039906627,inner_val
ISIC_0449983,0,0.0018546989,inner_val
ISIC_0452356,0,0.004147555,inner_val
ISIC_0452656,0,0.005468839,inner_val
ISIC_0459035,0,0.0025782418,inner_val
ISIC_0461706,0,0.064782806,inner_val
ISIC_0462956,0,0.01383943,inner_val
ISIC_0470731,0,0.09437722,inner_val
ISIC_0472796,0,0.0035554627,inner_val
ISIC_0473257,0,0.004100375,inner_val
ISIC_0474406,0,0.0028417637,inner_val
ISIC_0477898,0,0.0037122297,inner_val
ISIC_0481059,0,0.002192102,inner_val
ISIC_0484163,0,0.0037657104,inner_val
ISIC_0485529,0,0.0026761477,inner_val
ISIC_0485537,0,0.0038598636,inner_val
ISIC_0485914,0,0.0013683432,inner_val
ISIC_0486478,0,0.003046524,inner_val
ISIC_0489729,0,0.03727467,inner_val
ISIC_0490714,0,0.002375451,inner_val
ISIC_0494868,0,0.0015134974,inner_val
ISIC_0496971,0,0.0054964246,inner_val
ISIC_0501506,0,0.0026195217,inner_val
ISIC_0504730,0,0.010512338,inner_val
ISIC_0506843,0,0.023930836,inner_val
ISIC_0507189,0,0.0032945948,inner_val
ISIC_0509901,0,0.01734669,inner_val
ISIC_0510785,0,0.006624449,inner_val
ISIC_0517121,0,0.029328667,inner_val
ISIC_0517814,0,0.003921583,inner_val
ISIC_0525554,0,0.014515532,inner_val
ISIC_0529486,0,0.011267921,inner_val
ISIC_0529518,0,0.005403898,inner_val
ISIC_0535843,0,0.002619498,inner_val
ISIC_0543351,0,0.026752442,inner_val
ISIC_0549211,0,0.017470963,inner_val
ISIC_0550736,0,0.028318556,inner_val
ISIC_0551684,0,0.16694972,inner_val
ISIC_0555529,0,0.022216745,inner_val
ISIC_0561802,0,0.0019804263,inner_val
ISIC_0565120,0,0.0014156711,inner_val
ISIC_0567676,0,0.00715646,inner_val
ISIC_0569360,0,0.007445152,inner_val
ISIC_0573666,0,0.0064083193,inner_val
ISIC_0573934,0,0.0053797127,inner_val
ISIC_0579562,0,0.0053124577,inner_val
ISIC_0588328,0,0.007444827,inner_val
ISIC_0591011,0,0.0010749281,inner_val
ISIC_0592026,0,0.0039502257,inner_val
ISIC_0592946,0,0.00660803,inner_val
ISIC_0596942,0,0.004182468,inner_val
ISIC_0597414,0,0.0050072903,inner_val
ISIC_0603439,0,0.0017351806,inner_val
ISIC_0607324,0,0.0015408142,inner_val
ISIC_0612291,0,0.0029621108,inner_val
ISIC_0613076,0,0.0015592492,inner_val
ISIC_0614681,0,0.0014892294,inner_val
ISIC_0615782,0,0.10414144,inner_val
ISIC_0625777,0,0.0027005314,inner_val
ISIC_0626815,0,0.001017804,inner_val
ISIC_0626832,0,0.0021214273,inner_val
ISIC_0631669,0,0.0017587671,inner_val
ISIC_0639415,0,0.2453948,inner_val
ISIC_0644964,0,0.010797613,inner_val
ISIC_0645950,0,0.0015959541,inner_val
ISIC_0662867,0,0.078305595,inner_val
ISIC_0663588,0,0.0032490843,inner_val
ISIC_0678569,0,0.002478295,inner_val
ISIC_0678649,0,0.0020360101,inner_val
ISIC_0683077,0,0.012165854,inner_val
ISIC_0685154,0,0.0041424357,inner_val
ISIC_0685898,0,0.013793256,inner_val
ISIC_0687593,0,0.009914677,inner_val
ISIC_0690822,0,0.0008501953,inner_val
ISIC_0692478,0,0.0013370985,inner_val
ISIC_0693968,0,0.010024496,inner_val
ISIC_0695014,0,0.004270937,inner_val
ISIC_0696150,0,0.006810295,inner_val
ISIC_0696303,0,0.0014253291,inner_val
ISIC_0697951,0,0.0012174979,inner_val
ISIC_0702317,0,0.053649213,inner_val
ISIC_0704618,0,0.08600893,inner_val
ISIC_0704895,0,0.0013201897,inner_val
ISIC_0705586,0,0.0016453719,inner_val
ISIC_0707244,0,0.006903302,inner_val
ISIC_0711790,0,0.27094844,inner_val
ISIC_0712254,0,0.011355535,inner_val
ISIC_0718586,0,0.0026447237,inner_val
ISIC_0728413,0,0.028508604,inner_val
ISIC_0742879,0,0.12766267,inner_val
ISIC_0743090,0,0.030803185,inner_val
ISIC_0743540,0,0.0011492042,inner_val
ISIC_0745395,0,0.033424344,inner_val
ISIC_0747870,0,0.045079306,inner_val
ISIC_0754049,0,0.0011112511,inner_val
ISIC_0754789,0,0.018130029,inner_val
ISIC_0755331,0,0.017210536,inner_val
ISIC_0757532,0,0.0030795333,inner_val
ISIC_0758283,0,0.0025560302,inner_val
ISIC_0760892,0,0.003677597,inner_val
ISIC_0761049,0,0.007492873,inner_val
ISIC_0761472,0,0.0060050045,inner_val
ISIC_0766345,0,0.0026782306,inner_val
ISIC_0766365,0,0.0034248289,inner_val
ISIC_0769700,0,0.009644905,inner_val
ISIC_0770723,0,0.008080472,inner_val
ISIC_0771953,0,0.044230074,inner_val
ISIC_0781380,0,0.0718014,inner_val
ISIC_0787745,0,0.0020588601,inner_val
ISIC_0788453,0,0.038626287,inner_val
ISIC_0791303,0,0.0040121526,inner_val
ISIC_0796372,0,0.0021210052,inner_val
ISIC_0796973,0,0.008485756,inner_val
ISIC_0799347,0,0.014383012,inner_val
ISIC_0799535,0,0.006711275,inner_val
ISIC_0800628,0,0.00088987814,inner_val
ISIC_0801563,0,0.017680122,inner_val
ISIC_0803691,0,0.006933653,inner_val
ISIC_0803850,0,0.09666779,inner_val
ISIC_0808057,0,0.0012190859,inner_val
ISIC_0809467,0,0.0017463755,inner_val
ISIC_0811406,0,0.0011737468,inner_val
ISIC_0813856,0,0.002567564,inner_val
ISIC_0814894,0,0.0021283745,inner_val
ISIC_0818033,0,0.0016691771,inner_val
ISIC_0818181,0,0.025102824,inner_val
ISIC_0820559,0,0.06392301,inner_val
ISIC_0822116,0,0.0078084455,inner_val
ISIC_0833682,0,0.0038349146,inner_val
ISIC_0836727,0,0.00391761,inner_val
ISIC_0837618,0,0.0017514719,inner_val
ISIC_0837789,0,0.01422655,inner_val
ISIC_0840730,0,0.004409094,inner_val
ISIC_0841762,0,0.0029746958,inner_val
ISIC_0853280,0,0.0034695314,inner_val
ISIC_0860384,0,0.016059764,inner_val
ISIC_0867090,0,0.0040233457,inner_val
ISIC_0871853,0,0.0022689698,inner_val
ISIC_0873571,0,0.0014895585,inner_val
ISIC_0876992,0,0.0007601608,inner_val
ISIC_0880095,0,0.006402429,inner_val
ISIC_0880405,0,0.072625384,inner_val
ISIC_0882617,0,0.035539918,inner_val
ISIC_0884550,0,0.0022403256,inner_val
ISIC_0887488,0,0.0021582989,inner_val
ISIC_0887792,0,0.023257265,inner_val
ISIC_0888799,0,0.005670747,inner_val
ISIC_0889988,0,0.028636051,inner_val
ISIC_0894136,0,0.0018422112,inner_val
ISIC_0895547,0,0.017231468,inner_val
ISIC_0901864,0,0.0020079643,inner_val
ISIC_0909082,0,0.017025946,inner_val
ISIC_0914168,1,0.017214213,inner_val
ISIC_0919351,0,0.0073803714,inner_val
ISIC_0922251,0,0.002572605,inner_val
ISIC_0923157,0,0.0048440043,inner_val
ISIC_0924215,0,0.032094255,inner_val
ISIC_0927960,0,0.0032766464,inner_val
ISIC_0933075,0,0.009595113,inner_val
ISIC_0935859,0,0.0020115967,inner_val
ISIC_0936865,0,0.014293384,inner_val
ISIC_0939642,0,0.020652985,inner_val
ISIC_0943717,0,0.0023464945,inner_val
ISIC_0947467,0,0.0019783718,inner_val
ISIC_0948152,0,0.07962796,inner_val
ISIC_0948240,0,0.057588596,inner_val
ISIC_0949164,0,0.10563273,inner_val
ISIC_0953317,1,0.069139116,inner_val
ISIC_0954236,0,0.0032636872,inner_val
ISIC_0955945,0,0.003300847,inner_val
ISIC_0957034,0,0.004430077,inner_val
ISIC_0961055,0,0.012842458,inner_val
ISIC_0963536,0,0.0014507171,inner_val
ISIC_0970069,0,0.0072404374,inner_val
ISIC_0974293,0,0.0019430713,inner_val
ISIC_0975117,0,0.011758611,inner_val
ISIC_0978386,0,0.0031245796,inner_val
ISIC_0979454,0,0.0026351784,inner_val
ISIC_0981657,0,0.000934126,inner_val
ISIC_0982984,0,0.061239056,inner_val
ISIC_0986890,0,0.0037445044,inner_val
ISIC_0987830,0,0.0033507785,inner_val
ISIC_0996566,0,0.031541456,inner_val
ISIC_0998639,0,0.0017660948,inner_val
ISIC_1001320,0,0.003958719,inner_val
ISIC_1005048,0,0.005235476,inner_val
ISIC_1017015,0,0.0024808084,inner_val
ISIC_1020661,0,0.0034923109,inner_val
ISIC_1021883,0,0.0073523168,inner_val
ISIC_1024269,0,0.0014267422,inner_val
ISIC_1026770,0,0.0012029703,inner_val
ISIC_1027512,0,0.0013843258,inner_val
ISIC_1030777,0,0.0034013144,inner_val
ISIC_1032115,0,0.002810888,inner_val
ISIC_1033336,0,0.0145286145,inner_val
ISIC_1044129,0,0.0046972176,inner_val
ISIC_1044758,0,0.0018692162,inner_val
ISIC_1065699,0,0.03672645,inner_val
ISIC_1066973,0,0.006878078,inner_val
ISIC_1073659,0,0.019720063,inner_val
ISIC_1075605,0,0.007108012,inner_val
ISIC_1075654,0,0.0657531,inner_val
ISIC_1080640,0,0.0017550129,inner_val
ISIC_1090983,0,0.007064093,inner_val
ISIC_1091280,0,0.0015724173,inner_val
ISIC_1092604,0,0.017564578,inner_val
ISIC_1100216,0,0.048567265,inner_val
ISIC_1104171,0,0.0084377,inner_val
ISIC_1104374,0,0.0015900627,inner_val
ISIC_1105059,0,0.007582421,inner_val
ISIC_1105263,0,0.0036518828,inner_val
ISIC_1105772,0,0.112735465,inner_val
ISIC_1106860,0,0.016073203,inner_val
ISIC_1107954,0,0.0011778,inner_val
ISIC_1111313,0,0.0026657446,inner_val
ISIC_1112205,0,0.0013848376,inner_val
ISIC_1113629,0,0.013072457,inner_val
ISIC_1113686,0,0.004691814,inner_val
ISIC_1116037,0,0.005605378,inner_val
ISIC_1118894,0,0.025262795,inner_val
ISIC_1122727,0,0.0022436131,inner_val
ISIC_1127639,0,0.0029207058,inner_val
ISIC_1128846,0,0.04882618,inner_val
ISIC_1131772,0,0.001126044,inner_val
ISIC_1132496,1,0.035304375,inner_val
ISIC_1142764,0,0.009896765,inner_val
ISIC_1144286,0,0.017024813,inner_val
ISIC_1145442,0,0.032994293,inner_val
ISIC_1145799,0,0.0009831819,inner_val
ISIC_1145963,0,0.008025413,inner_val
ISIC_1148874,0,0.035054557,inner_val
ISIC_1151269,0,0.011622938,inner_val
ISIC_1157790,0,0.017365068,inner_val
ISIC_1157850,0,0.010073022,inner_val
ISIC_1167258,0,0.007454908,inner_val
ISIC_1171704,0,0.027737431,inner_val
ISIC_1179209,0,0.0025727202,inner_val
ISIC_1182624,0,0.0025193924,inner_val
ISIC_1185853,0,0.0072421855,inner_val
ISIC_1188525,0,0.003605194,inner_val
ISIC_1189461,0,0.0018419902,inner_val
ISIC_1189712,0,0.0033359637,inner_val
ISIC_1195961,0,0.0020446943,inner_val
ISIC_1196284,0,0.0034896003,inner_val
ISIC_1196376,0,0.0023056758,inner_val
ISIC_1197080,0,0.0013411248,inner_val
ISIC_1197816,0,0.016715586,inner_val
ISIC_1199236,0,0.007628777,inner_val
ISIC_1200192,1,0.08377155,inner_val
ISIC_1200790,0,0.0036802376,inner_val
ISIC_1201523,0,0.008464436,inner_val
ISIC_1201857,0,0.00095247617,inner_val
ISIC_1202561,0,0.005054885,inner_val
ISIC_1203434,0,0.013944349,inner_val
ISIC_1206021,0,0.016679753,inner_val
ISIC_1206585,0,0.005399832,inner_val
ISIC_1209365,0,0.008436388,inner_val
ISIC_1210338,0,0.009976188,inner_val
ISIC_1213493,0,0.001754379,inner_val
ISIC_1216139,0,0.022901362,inner_val
ISIC_1220029,0,0.0021791966,inner_val
ISIC_1231419,1,0.010179473,inner_val
ISIC_1234310,0,0.0014413224,inner_val
ISIC_1234618,0,0.0033589192,inner_val
ISIC_1237266,0,0.005256435,inner_val
ISIC_1247254,0,0.0019478563,inner_val
ISIC_1249358,0,0.008492483,inner_val
ISIC_1251639,0,0.013469277,inner_val
ISIC_1252944,0,0.008833002,inner_val
ISIC_1253009,0,0.0014049159,inner_val
ISIC_1253435,0,0.31530064,inner_val
ISIC_1255210,0,0.004854636,inner_val
ISIC_1258271,0,0.0037755584,inner_val
ISIC_1258362,0,0.0096991565,inner_val
ISIC_1258756,0,0.0030943763,inner_val
ISIC_1263585,0,0.004535882,inner_val
ISIC_1264950,0,0.0015780736,inner_val
ISIC_1266424,0,0.023492044,inner_val
ISIC_1272768,0,0.0067416737,inner_val
ISIC_1274150,0,0.003298987,inner_val
ISIC_1277862,0,0.0025892546,inner_val
ISIC_1281742,0,0.0039238147,inner_val
ISIC_1282063,0,0.023401456,inner_val
ISIC_1282922,0,0.08479069,inner_val
ISIC_1290295,0,0.0022550186,inner_val
ISIC_1290677,0,0.0013823523,inner_val
ISIC_1293403,0,0.01245801,inner_val
ISIC_1296073,0,0.009612103,inner_val
ISIC_1299388,0,0.0025954982,inner_val
ISIC_1302281,0,0.008104743,inner_val
ISIC_1303205,0,0.014778907,inner_val
ISIC_1303854,0,0.0042553786,inner_val
ISIC_1306020,0,0.0012767196,inner_val
ISIC_1308847,0,0.0039894334,inner_val
ISIC_1310639,0,0.0020996172,inner_val
ISIC_1312827,0,0.028672032,inner_val
ISIC_1314417,0,0.0019061547,inner_val
ISIC_1316185,0,0.0025961318,inner_val
ISIC_1321376,0,0.005911198,inner_val
ISIC_1325727,0,0.0027227674,inner_val
ISIC_1326757,0,0.0050605694,inner_val
ISIC_1328488,0,0.0016068117,inner_val
ISIC_1329146,0,0.0015459293,inner_val
ISIC_1333049,0,0.0014639964,inner_val
ISIC_1341068,0,0.024222815,inner_val
ISIC_1344155,0,0.0007379322,inner_val
ISIC_1346209,0,0.0018464249,inner_val
ISIC_1348050,0,0.0010201873,inner_val
ISIC_1353530,0,0.0028764396,inner_val
ISIC_1353949,0,0.05928709,inner_val
ISIC_1355214,0,0.0058591804,inner_val
ISIC_1355286,0,0.0062565384,inner_val
ISIC_1359533,0,0.009225508,inner_val
ISIC_1361391,0,0.0042015812,inner_val
ISIC_1363372,0,0.0018796087,inner_val
ISIC_1363787,0,0.0017213172,inner_val
ISIC_1369310,0,0.0012816802,inner_val
ISIC_1369967,1,0.01194022,inner_val
ISIC_1373573,0,0.015767843,inner_val
ISIC_1373747,0,0.011583083,inner_val
ISIC_1379601,0,0.0037214116,inner_val
ISIC_1382220,0,0.0010625351,inner_val
ISIC_1385033,0,0.08861705,inner_val
ISIC_1387722,0,0.0031188978,inner_val
ISIC_1388650,0,0.007768912,inner_val
ISIC_1393672,0,0.0052311486,inner_val
ISIC_1394013,0,0.0021722016,inner_val
ISIC_1398485,0,0.0034846726,inner_val
ISIC_1400825,0,0.009727778,inner_val
ISIC_1401396,0,0.0026584575,inner_val
ISIC_1401969,0,0.01558437,inner_val
ISIC_1402407,0,0.015290191,inner_val
ISIC_1404780,0,0.018140813,inner_val
ISIC_1410927,0,0.0032711255,inner_val
ISIC_1413242,0,0.022253064,inner_val
ISIC_1413343,0,0.0014603517,inner_val
ISIC_1414967,0,0.008211052,inner_val
ISIC_1425961,0,0.0215394,inner_val
ISIC_1426974,0,0.0073852176,inner_val
ISIC_1435656,0,0.0017441837,inner_val
ISIC_1435944,0,0.0021883796,inner_val
ISIC_1440063,0,0.0009361735,inner_val
ISIC_1441260,0,0.006835644,inner_val
ISIC_1445957,0,0.0053431145,inner_val
ISIC_1449915,0,0.019488271,inner_val
ISIC_1450315,0,0.05268606,inner_val
ISIC_1452626,0,0.003009844,inner_val
ISIC_1456688,0,0.012431708,inner_val
ISIC_1460932,1,0.032931007,inner_val
ISIC_1462996,0,0.027058981,inner_val
ISIC_1468354,0,0.0021974696,inner_val
ISIC_1469861,0,0.006265296,inner_val
ISIC_1470271,0,0.0035858897,inner_val
ISIC_1474461,1,0.0395821,inner_val
ISIC_1474577,0,0.01199029,inner_val
ISIC_1477076,0,0.00335287,inner_val
ISIC_1479949,0,0.0021467449,inner_val
ISIC_1480119,0,0.019786177,inner_val
ISIC_1481147,0,0.0019772772,inner_val
ISIC_1482346,0,0.022918137,inner_val
ISIC_1484621,0,0.0055911657,inner_val
ISIC_1487443,0,0.0028059098,inner_val
ISIC_1489934,0,0.0015662698,inner_val
ISIC_1493235,0,0.0116318315,inner_val
ISIC_1494033,0,0.023968896,inner_val
ISIC_1495793,0,0.0020047028,inner_val
ISIC_1500060,0,0.0037474656,inner_val
ISIC_1500139,0,0.0028190904,inner_val
ISIC_1502442,0,0.0017374413,inner_val
ISIC_1504257,0,0.0028452927,inner_val
ISIC_1513596,0,0.016968377,inner_val
ISIC_1515543,0,0.0021391546,inner_val
ISIC_1518461,0,0.088323414,inner_val
ISIC_1521803,0,0.0066872584,inner_val
ISIC_1526502,0,0.02108685,inner_val
ISIC_1526593,0,0.00228755,inner_val
ISIC_1527418,0,0.0020007018,inner_val
ISIC_1533630,0,0.009778869,inner_val
ISIC_1536177,0,0.004036511,inner_val
ISIC_1537638,0,0.007937153,inner_val
ISIC_1537939,0,0.034380473,inner_val
ISIC_1537958,0,0.002314232,inner_val
ISIC_1545213,0,0.019001618,inner_val
ISIC_1546020,0,0.012463562,inner_val
ISIC_1546653,0,0.007342562,inner_val
ISIC_1555147,0,0.013060135,inner_val
ISIC_1565767,0,0.0035991215,inner_val
ISIC_1565890,0,0.003555113,inner_val
ISIC_1566931,0,0.0020856122,inner_val
ISIC_1569403,0,0.07219439,inner_val
ISIC_1569775,0,0.0012034201,inner_val
ISIC_1570580,0,0.0017380838,inner_val
ISIC_1571442,0,0.0022257967,inner_val
ISIC_1574947,0,0.010749792,inner_val
ISIC_1577621,0,0.0020851544,inner_val
ISIC_1580767,0,0.016202172,inner_val
ISIC_1583715,0,0.0063180695,inner_val
ISIC_1584535,0,0.009703215,inner_val
ISIC_1591911,0,0.0031821372,inner_val
ISIC_1591931,0,0.010232407,inner_val
ISIC_1595496,0,0.0010225718,inner_val
ISIC_1596868,0,0.0012466214,inner_val
ISIC_1600975,0,0.0041187974,inner_val
ISIC_1613328,0,0.0010915202,inner_val
ISIC_1620401,1,0.07361893,inner_val
ISIC_1626069,0,0.002600558,inner_val
ISIC_1629433,0,0.0059959404,inner_val
ISIC_1630301,1,0.17279421,inner_val
ISIC_1631082,0,0.008052811,inner_val
ISIC_1632696,0,0.006655823,inner_val
ISIC_1633078,0,0.002548738,inner_val
ISIC_1633315,0,0.0060366374,inner_val
ISIC_1640666,0,0.0035017242,inner_val
ISIC_1641637,0,0.036260035,inner_val
ISIC_1644520,0,0.020168068,inner_val
ISIC_1649410,0,0.02153676,inner_val
ISIC_1652897,0,0.0022398757,inner_val
ISIC_1655931,0,0.0040253405,inner_val
ISIC_1661324,0,0.0029944612,inner_val
ISIC_1668077,0,0.011797672,inner_val
ISIC_1668944,0,0.015133544,inner_val
ISIC_1671258,0,0.0015134643,inner_val
ISIC_1671282,0,0.008067163,inner_val
ISIC_1672688,0,0.010435805,inner_val
ISIC_1676689,0,0.006734998,inner_val
ISIC_1685257,0,0.019951092,inner_val
ISIC_1687278,0,0.0024358416,inner_val
ISIC_1690665,0,0.004396816,inner_val
ISIC_1691732,0,0.006393126,inner_val
ISIC_1695158,0,0.0020221262,inner_val
ISIC_1695360,0,0.009233514,inner_val
ISIC_1698805,0,0.013030507,inner_val
ISIC_1706973,0,0.0074290447,inner_val
ISIC_1710970,0,0.0019216769,inner_val
ISIC_1712329,0,0.0016131151,inner_val
ISIC_1715110,0,0.03996437,inner_val
ISIC_1719300,0,0.007909678,inner_val
ISIC_1720411,0,0.0031685652,inner_val
ISIC_1725019,0,0.008562948,inner_val
ISIC_1726410,0,0.017542712,inner_val
ISIC_1730282,0,0.0023474456,inner_val
ISIC_1731109,0,0.0017026024,inner_val
ISIC_1732761,0,0.001859401,inner_val
ISIC_1733130,0,0.0009968067,inner_val
ISIC_1735204,0,0.0026590088,inner_val
ISIC_1736914,0,0.00752159,inner_val
ISIC_1738297,0,0.010612328,inner_val
ISIC_1740186,0,0.0020250655,inner_val
ISIC_1741219,0,0.0041598356,inner_val
ISIC_1746702,0,0.0044943714,inner_val
ISIC_1752589,0,0.0039617997,inner_val
ISIC_1753360,0,0.002776666,inner_val
ISIC_1760981,0,0.0049172672,inner_val
ISIC_1761878,0,0.005737366,inner_val
ISIC_1762555,0,0.06490196,inner_val
ISIC_1763183,0,0.0052704527,inner_val
ISIC_1763257,0,0.0049822037,inner_val
ISIC_1767633,0,0.0076850327,inner_val
ISIC_1768051,0,0.003380742,inner_val
ISIC_1768325,0,0.048755076,inner_val
ISIC_1777142,0,0.0020811835,inner_val
ISIC_1777710,0,0.00521107,inner_val
ISIC_1780417,0,0.0022235983,inner_val
ISIC_1783727,0,0.002865244,inner_val
ISIC_1796223,0,0.008398907,inner_val
ISIC_1800762,0,0.003020497,inner_val
ISIC_1806179,0,0.01657652,inner_val
ISIC_1807812,0,0.0023776677,inner_val
ISIC_1809444,0,0.0030899888,inner_val
ISIC_1813445,0,0.001719586,inner_val
ISIC_1819531,0,0.002909665,inner_val
ISIC_1821113,0,0.013511452,inner_val
ISIC_1821825,0,0.0052452493,inner_val
ISIC_1823006,0,0.025438152,inner_val
ISIC_1828419,0,0.06087202,inner_val
ISIC_1831325,0,0.0016548424,inner_val
ISIC_1836661,0,0.0035326972,inner_val
ISIC_1838216,0,0.011109858,inner_val
ISIC_1843053,0,0.0057461015,inner_val
ISIC_1843497,0,0.002381342,inner_val
ISIC_1845450,0,0.07736616,inner_val
ISIC_1849014,0,0.005500088,inner_val
ISIC_1850483,0,0.0019103958,inner_val
ISIC_1858989,0,0.0013785444,inner_val
ISIC_1860548,0,0.0033666429,inner_val
ISIC_1862506,0,0.0035857672,inner_val
ISIC_1874969,0,0.0024061413,inner_val
ISIC_1878082,0,0.0018764526,inner_val
ISIC_1878481,0,0.010773671,inner_val
ISIC_1881035,0,0.004207429,inner_val
ISIC_1884191,0,0.0018683127,inner_val
ISIC_1887282,0,0.05877993,inner_val
ISIC_1896191,0,0.0041543753,inner_val
ISIC_1897507,0,0.11608157,inner_val
ISIC_1899198,0,0.16017154,inner_val
ISIC_1901615,0,0.001647383,inner_val
ISIC_1904481,0,0.0028910432,inner_val
ISIC_1905855,0,0.0036685017,inner_val
ISIC_1920523,0,0.0018990139,inner_val
ISIC_1921883,0,0.0060874242,inner_val
ISIC_1924232,0,0.0030502917,inner_val
ISIC_1924365,0,0.0036395367,inner_val
ISIC_1925533,0,0.0022153112,inner_val
ISIC_1928510,0,0.0040907594,inner_val
ISIC_1929320,0,0.06296809,inner_val
ISIC_1930604,0,0.0017590114,inner_val
ISIC_1932394,0,0.012485567,inner_val
ISIC_1932486,0,0.008477251,inner_val
ISIC_1932729,0,0.010007409,inner_val
ISIC_1935109,0,0.0014435132,inner_val
ISIC_1935643,0,0.0016471728,inner_val
ISIC_1945604,0,0.0037781403,inner_val
ISIC_1951999,0,0.0050543747,inner_val
ISIC_1957625,0,0.0076748277,inner_val
ISIC_1959040,0,0.0014574198,inner_val
ISIC_1960468,0,0.0022187806,inner_val
ISIC_1963919,0,0.1408972,inner_val
ISIC_1970368,0,0.00309539,inner_val
ISIC_1976135,0,0.0032603615,inner_val
ISIC_1976444,0,0.012509293,inner_val
ISIC_1977241,0,0.006081712,inner_val
ISIC_1980111,0,0.017482959,inner_val
ISIC_1988335,0,0.0026282496,inner_val
ISIC_1996356,0,0.003328005,inner_val
ISIC_1998942,0,0.0034618273,inner_val
ISIC_2000240,0,0.017779274,inner_val
ISIC_2005921,0,0.010942853,inner_val
ISIC_2013861,0,0.0015803522,inner_val
ISIC_2016586,0,0.017583257,inner_val
ISIC_2017991,0,0.000895835,inner_val
ISIC_2019386,0,0.012565919,inner_val
ISIC_2021413,0,0.004433376,inner_val
ISIC_2023594,0,0.0013371404,inner_val
ISIC_2031252,0,0.0037877527,inner_val
ISIC_2031794,0,0.0017605729,inner_val
ISIC_2033832,0,0.0047988705,inner_val
ISIC_2034311,0,0.012321515,inner_val
ISIC_2038024,0,0.001095931,inner_val
ISIC_2038794,0,0.010468735,inner_val
ISIC_2043431,0,0.0026806975,inner_val
ISIC_2054705,0,0.0024148033,inner_val
ISIC_2056352,0,0.019455714,inner_val
ISIC_2057707,0,0.002674322,inner_val
ISIC_2057990,0,0.006517586,inner_val
ISIC_2063479,0,0.0044112857,inner_val
ISIC_2063937,0,0.0015993936,inner_val
ISIC_2064084,0,0.0031008597,inner_val
ISIC_2066825,0,0.026804617,inner_val
ISIC_2066959,0,0.089723594,inner_val
ISIC_2070441,0,0.031164015,inner_val
ISIC_2075372,0,0.0016070611,inner_val
ISIC_2075596,0,0.0013594441,inner_val
ISIC_2083098,0,0.026078653,inner_val
ISIC_2085855,0,0.0080299815,inner_val
ISIC_2086082,0,0.0010926031,inner_val
ISIC_2092150,0,0.0072592585,inner_val
ISIC_2092911,0,0.0026129668,inner_val
ISIC_2097198,0,0.0049619228,inner_val
ISIC_2099059,0,0.0043915464,inner_val
ISIC_2099315,0,0.001681987,inner_val
ISIC_2100445,0,0.003428517,inner_val
ISIC_2108823,0,0.0051398673,inner_val
ISIC_2109658,0,0.004320711,inner_val
ISIC_2114522,0,0.004132539,inner_val
ISIC_2115136,0,0.07484252,inner_val
ISIC_2115645,0,0.013460878,inner_val
ISIC_2119925,0,0.0010098963,inner_val
ISIC_2123846,0,0.008505044,inner_val
ISIC_2126411,0,0.00493746,inner_val
ISIC_2129639,0,0.002578958,inner_val
ISIC_2134753,0,0.099651486,inner_val
ISIC_2136243,0,0.0040637814,inner_val
ISIC_2136533,0,0.0023335523,inner_val
ISIC_2139387,0,0.060437117,inner_val
ISIC_2140099,0,0.049921,inner_val
ISIC_2141786,0,0.002679581,inner_val
ISIC_2144220,0,0.0030640098,inner_val
ISIC_2146346,0,0.005665176,inner_val
ISIC_2147549,0,0.020410312,inner_val
ISIC_2150997,0,0.040622085,inner_val
ISIC_2153159,0,0.0077438615,inner_val
ISIC_2154237,0,0.05969361,inner_val
ISIC_2158871,0,0.008728382,inner_val
ISIC_2159294,0,0.007943125,inner_val
ISIC_2162120,0,0.009993171,inner_val
ISIC_2162458,0,0.016739098,inner_val
ISIC_2162542,0,0.0031563276,inner_val
ISIC_2172532,0,0.0031553423,inner_val
ISIC_2175722,0,0.007166601,inner_val
ISIC_2178032,0,0.0021935885,inner_val
ISIC_2183559,0,0.004645756,inner_val
ISIC_2186853,0,0.0030210873,inner_val
ISIC_2192973,0,0.0018073234,inner_val
ISIC_2195070,0,0.13592057,inner_val
ISIC_2205007,0,0.07638969,inner_val
ISIC_2207693,0,0.0014241419,inner_val
ISIC_2211811,0,0.00332036,inner_val
ISIC_2216833,0,0.0018889325,inner_val
ISIC_2221993,0,0.011064853,inner_val
ISIC_2222879,0,0.001385555,inner_val
ISIC_2225680,0,0.0093185045,inner_val
ISIC_2228053,0,0.0013747141,inner_val
ISIC_2231591,0,0.0013743986,inner_val
ISIC_2239134,0,0.018407177,inner_val
ISIC_2241755,0,0.004526568,inner_val
ISIC_2246839,0,0.0072946968,inner_val
ISIC_2249623,0,0.0071626226,inner_val
ISIC_2251480,0,0.019111693,inner_val
ISIC_2252651,0,0.0019261901,inner_val
ISIC_2253931,0,0.0013136944,inner_val
ISIC_2260249,0,0.0019361692,inner_val
ISIC_2261306,0,0.008011721,inner_val
ISIC_2269117,0,0.0033935064,inner_val
ISIC_2270571,0,0.00086260325,inner_val
ISIC_2275909,0,0.0043923534,inner_val
ISIC_2278564,0,0.0018958794,inner_val
ISIC_2279765,0,0.0021318053,inner_val
ISIC_2280429,0,0.0023803692,inner_val
ISIC_2281090,0,0.0060927556,inner_val
ISIC_2283702,0,0.002683648,inner_val
ISIC_2284138,0,0.006882888,inner_val
ISIC_2288896,0,0.0033492644,inner_val
ISIC_2291021,0,0.08022618,inner_val
ISIC_2292593,0,0.0123995235,inner_val
ISIC_2306330,0,0.042625546,inner_val
ISIC_2309037,0,0.0016804338,inner_val
ISIC_2310105,0,0.003179724,inner_val
ISIC_2310167,0,0.0030576147,inner_val
ISIC_2311709,0,0.0011204414,inner_val
ISIC_2315560,0,0.0023349815,inner_val
ISIC_2321403,0,0.04266129,inner_val
ISIC_2321699,0,0.005840592,inner_val
ISIC_2322347,0,0.0009906117,inner_val
ISIC_2322693,0,0.002200664,inner_val
ISIC_2326179,0,0.006021983,inner_val
ISIC_2327393,0,0.005610718,inner_val
ISIC_2341875,1,0.08375268,inner_val
ISIC_2344309,0,0.003521087,inner_val
ISIC_2360676,0,0.00610228,inner_val
ISIC_2361997,0,0.0056714136,inner_val
ISIC_2366652,0,0.0038423524,inner_val
ISIC_2368518,0,0.0031497693,inner_val
ISIC_2369986,0,0.0023583353,inner_val
ISIC_2375233,0,0.0051738634,inner_val
ISIC_2375394,0,0.003676507,inner_val
ISIC_2375871,0,0.008570408,inner_val
ISIC_2380895,0,0.0014811921,inner_val
ISIC_2381167,0,0.004314301,inner_val
ISIC_2384341,0,0.0033320799,inner_val
ISIC_2384774,0,0.019248081,inner_val
ISIC_2394181,0,0.004045809,inner_val
ISIC_2395859,0,0.00094133924,inner_val
ISIC_2398511,0,0.0046239384,inner_val
ISIC_2398526,0,0.024351496,inner_val
ISIC_2399314,0,0.013718938,inner_val
ISIC_2399943,0,0.03009561,inner_val
ISIC_2401734,0,0.006004859,inner_val
ISIC_2404804,0,0.0020449338,inner_val
ISIC_2406492,1,0.0023921495,inner_val
ISIC_2412805,0,0.0033856728,inner_val
ISIC_2412888,0,0.0029061697,inner_val
ISIC_2414367,0,0.030129105,inner_val
ISIC_2414373,0,0.0018196756,inner_val
ISIC_2418389,0,0.047948252,inner_val
ISIC_2420067,0,0.0021223268,inner_val
ISIC_2421486,0,0.0042728917,inner_val
ISIC_2423162,0,0.011102992,inner_val
ISIC_2430489,0,0.0032391162,inner_val
ISIC_2436371,0,0.003409224,inner_val
ISIC_2438305,0,0.035759173,inner_val
ISIC_2438329,0,0.0027965459,inner_val
ISIC_2445710,0,0.0028354402,inner_val
ISIC_2449103,0,0.005129639,inner_val
ISIC_2456291,0,0.011627233,inner_val
ISIC_2456960,0,0.002201067,inner_val
ISIC_2461602,0,0.0021173512,inner_val
ISIC_2470795,0,0.002775907,inner_val
ISIC_2476624,0,0.0035725082,inner_val
ISIC_2478104,0,0.00655398,inner_val
ISIC_2479346,0,0.028149627,inner_val
ISIC_2482016,0,0.017725114,inner_val
ISIC_2482899,0,0.0022309748,inner_val
ISIC_2483825,0,0.050948516,inner_val
ISIC_2485946,0,0.011222474,inner_val
ISIC_2486088,0,0.0020757832,inner_val
ISIC_2487173,0,0.004614226,inner_val
ISIC_2491020,0,0.014149853,inner_val
ISIC_2492859,0,0.0052783485,inner_val
ISIC_2493376,0,0.0013898318,inner_val
ISIC_2495762,0,0.08832142,inner_val
ISIC_2496068,0,0.03277733,inner_val
ISIC_2500008,0,0.008134471,inner_val
ISIC_2502377,0,0.0183481,inner_val
ISIC_2507845,0,0.013241244,inner_val
ISIC_2508759,0,0.007259815,inner_val
ISIC_2511975,0,0.0016661779,inner_val
ISIC_2513338,0,0.010054405,inner_val
ISIC_2516069,0,0.0045689973,inner_val
ISIC_2518505,0,0.004059262,inner_val
ISIC_2520736,0,0.001977058,inner_val
ISIC_2528618,0,0.0031427448,inner_val
ISIC_2535558,0,0.0050857374,inner_val
ISIC_2537598,0,0.0030186595,inner_val
ISIC_2543280,0,0.012361498,inner_val
ISIC_2544309,0,0.0018733685,inner_val
ISIC_2546644,0,0.0030690343,inner_val
ISIC_2549673,0,0.0025378873,inner_val
ISIC_2554942,0,0.0024224597,inner_val
ISIC_2560287,0,0.0024956437,inner_val
ISIC_2562668,0,0.0032141265,inner_val
ISIC_2567644,0,0.00938996,inner_val
ISIC_2567786,0,0.03762852,inner_val
ISIC_2568066,0,0.017047724,inner_val
ISIC_2568485,0,0.00747862,inner_val
ISIC_2578539,0,0.002411598,inner_val
ISIC_2580289,0,0.0015149177,inner_val
ISIC_2581307,0,0.0013560156,inner_val
ISIC_2583592,0,0.0019069203,inner_val
ISIC_2586487,0,0.03469609,inner_val
ISIC_2590211,0,0.0014259543,inner_val
ISIC_2592034,0,0.007764334,inner_val
ISIC_2592814,0,0.007788001,inner_val
ISIC_2604813,0,0.008200702,inner_val
ISIC_2605118,0,0.013586438,inner_val
ISIC_2606024,0,0.0029820448,inner_val
ISIC_2616343,0,0.001246197,inner_val
ISIC_2620837,0,0.023822721,inner_val
ISIC_2624451,0,0.015093411,inner_val
ISIC_2637795,0,0.0025218823,inner_val
ISIC_2638895,0,0.0025427672,inner_val
ISIC_2639547,0,0.0038757334,inner_val
ISIC_2645333,0,0.0068213185,inner_val
ISIC_2646829,1,0.12673147,inner_val
ISIC_2647269,0,0.0041379826,inner_val
ISIC_2654197,0,0.0017103839,inner_val
ISIC_2655423,0,0.022389943,inner_val
ISIC_2659591,0,0.008502053,inner_val
ISIC_2659758,0,0.014915019,inner_val
ISIC_2667199,0,0.008045641,inner_val
ISIC_2669526,0,0.004711209,inner_val
ISIC_2671817,0,0.0164669,inner_val
ISIC_2673511,0,0.004575751,inner_val
ISIC_2673871,0,0.0026804274,inner_val
ISIC_2680689,0,0.019977957,inner_val
ISIC_2683083,0,0.008785302,inner_val
ISIC_2684246,0,0.0017431928,inner_val
ISIC_2688897,0,0.0014185889,inner_val
ISIC_2694383,0,0.00329532,inner_val
ISIC_2696646,0,0.0017562797,inner_val
ISIC_2699336,0,0.004696038,inner_val
ISIC_2706407,0,0.0044776504,inner_val
ISIC_2708737,0,0.0012653973,inner_val
ISIC_2712018,0,0.0017979051,inner_val
ISIC_2715791,0,0.0012333285,inner_val
ISIC_2721512,0,0.0049158256,inner_val
ISIC_2726326,0,0.0013581635,inner_val
ISIC_2726665,0,0.006363857,inner_val
ISIC_2727016,0,0.08219722,inner_val
ISIC_2729109,0,0.0015096499,inner_val
ISIC_2736625,0,0.0060127457,inner_val
ISIC_2737372,0,0.005095404,inner_val
ISIC_2742503,0,0.001571217,inner_val
ISIC_2743708,0,0.0747406,inner_val
ISIC_2750991,0,0.006124647,inner_val
ISIC_2752607,0,0.0017809455,inner_val
ISIC_2753279,0,0.050000623,inner_val
ISIC_2755037,0,0.0015526289,inner_val
ISIC_2755395,0,0.003110754,inner_val
ISIC_2760961,0,0.0054075047,inner_val
ISIC_2761440,0,0.15337521,inner_val
ISIC_2762964,0,0.012032277,inner_val
ISIC_2763919,0,0.07842431,inner_val
ISIC_2769835,0,0.014581002,inner_val
ISIC_2774435,0,0.0039770682,inner_val
ISIC_2779357,0,0.0019425119,inner_val
ISIC_2779787,0,0.0036457686,inner_val
ISIC_2779797,0,0.0030338983,inner_val
ISIC_2780122,0,0.025252793,inner_val
ISIC_2783331,0,0.0031011575,inner_val
ISIC_2783810,0,0.0016852256,inner_val
ISIC_2784664,0,0.0015537862,inner_val
ISIC_2788026,0,0.005913401,inner_val
ISIC_2791338,0,0.002446577,inner_val
ISIC_2792035,0,0.0022420934,inner_val
ISIC_2792248,0,0.011232633,inner_val
ISIC_2798100,0,0.024126353,inner_val
ISIC_2799447,0,0.006091202,inner_val
ISIC_2804023,0,0.0020350495,inner_val
ISIC_2805573,0,0.0011996484,inner_val
ISIC_2809103,0,0.0704866,inner_val
ISIC_2818042,0,0.0027156454,inner_val
ISIC_2819798,0,0.0047744294,inner_val
ISIC_2822718,1,0.067503646,inner_val
ISIC_2824970,0,0.0036083402,inner_val
ISIC_2827098,0,0.0015181387,inner_val
ISIC_2829414,0,0.002419453,inner_val
ISIC_2830887,0,0.010983227,inner_val
ISIC_2841488,0,0.0014973747,inner_val
ISIC_2842532,0,0.0030301332,inner_val
ISIC_2845104,0,0.053665582,inner_val
ISIC_2847555,0,0.0016186861,inner_val
ISIC_2854416,0,0.007341565,inner_val
ISIC_2855052,0,0.0030529206,inner_val
ISIC_2859888,0,0.0072333873,inner_val
ISIC_2860800,0,0.001562165,inner_val
ISIC_2872107,0,0.002446223,inner_val
ISIC_2885265,0,0.0032784175,inner_val
ISIC_2887668,0,0.0017034782,inner_val
ISIC_2892593,0,0.017303169,inner_val
ISIC_2893340,0,0.0014591654,inner_val
ISIC_2897249,0,0.0018934467,inner_val
ISIC_2900048,0,0.0042439303,inner_val
ISIC_2900357,0,0.0031827241,inner_val
ISIC_2901605,0,0.0013035312,inner_val
ISIC_2902504,0,0.07350664,inner_val
ISIC_2904884,0,0.0023712418,inner_val
ISIC_2916677,0,0.033236265,inner_val
ISIC_2932886,0,0.08607742,inner_val
ISIC_2933202,0,0.005545106,inner_val
ISIC_2939356,0,0.007103696,inner_val
ISIC_2940763,0,0.06502946,inner_val
ISIC_2941560,0,0.0073929536,inner_val
ISIC_2944487,0,0.0036905818,inner_val
ISIC_2948811,0,0.0034511923,inner_val
ISIC_2953962,0,0.012805254,inner_val
ISIC_2956763,0,0.0048697367,inner_val
ISIC_2957732,1,0.021961313,inner_val
ISIC_2959719,0,0.005713219,inner_val
ISIC_2960377,0,0.028129233,inner_val
ISIC_2963464,0,0.038940586,inner_val
ISIC_2968532,0,0.04728956,inner_val
ISIC_2969968,0,0.02456493,inner_val
ISIC_2977144,0,0.0020300478,inner_val
ISIC_2978592,0,0.0016671632,inner_val
ISIC_2981881,0,0.002563125,inner_val
ISIC_2981912,0,0.2513464,inner_val
ISIC_2982945,0,0.001149467,inner_val
ISIC_2985724,0,0.012503621,inner_val
ISIC_2987630,0,0.0066927243,inner_val
ISIC_2988460,0,0.00167577,inner_val
ISIC_2988753,0,0.0031292185,inner_val
ISIC_2988832,0,0.0029548316,inner_val
ISIC_2988993,0,0.010605606,inner_val
ISIC_2989918,0,0.0025177402,inner_val
ISIC_2994772,0,0.0021129933,inner_val
ISIC_2997601,0,0.0018144499,inner_val
ISIC_3001328,0,0.0030807222,inner_val
ISIC_3001380,0,0.0107362,inner_val
ISIC_3005651,0,0.01710667,inner_val
ISIC_3006101,0,0.0068950527,inner_val
ISIC_3006279,0,0.0046302145,inner_val
ISIC_3006507,0,0.002447635,inner_val
ISIC_3010550,0,0.0019633137,inner_val
ISIC_3012305,0,0.013384207,inner_val
ISIC_3019041,0,0.01231359,inner_val
ISIC_3025329,0,0.0052881464,inner_val
ISIC_3025780,0,0.0045283088,inner_val
ISIC_3026023,0,0.1066063,inner_val
ISIC_3026660,0,0.0028684814,inner_val
ISIC_3028705,0,0.004261942,inner_val
ISIC_3030065,0,0.002923187,inner_val
ISIC_3037890,0,0.030829364,inner_val
ISIC_3038869,0,0.0025305876,inner_val
ISIC_3039707,0,0.016010424,inner_val
ISIC_3045537,0,0.0011212928,inner_val
ISIC_3049028,0,0.0023236421,inner_val
ISIC_3049301,0,0.0022859331,inner_val
ISIC_3056509,0,0.0043425425,inner_val
ISIC_3064103,0,0.0021267375,inner_val
ISIC_3064807,0,0.0118821645,inner_val
ISIC_3065253,0,0.0012694226,inner_val
ISIC_3067949,0,0.015469746,inner_val
ISIC_3072343,0,0.0036308302,inner_val
ISIC_3085239,0,0.013811612,inner_val
ISIC_3087433,0,0.0021270877,inner_val
ISIC_3089119,0,0.0030908408,inner_val
ISIC_3090246,0,0.0014890068,inner_val
ISIC_3090826,0,0.010339867,inner_val
ISIC_3091457,0,0.002815827,inner_val
ISIC_3097253,0,0.0047462266,inner_val
ISIC_3099438,0,0.02325474,inner_val
ISIC_3105924,0,0.006232505,inner_val
ISIC_3111591,0,0.017936435,inner_val
ISIC_3113485,0,0.0039733415,inner_val
ISIC_3115419,0,0.0443174,inner_val
ISIC_3116288,0,0.022301793,inner_val
ISIC_3116777,0,0.003010342,inner_val
ISIC_3118435,0,0.010020172,inner_val
ISIC_3121451,0,0.018793728,inner_val
ISIC_3131292,0,0.0077310633,inner_val
ISIC_3132378,0,0.009753425,inner_val
ISIC_3140022,0,0.0019306394,inner_val
ISIC_3146092,0,0.0032424387,inner_val
ISIC_3152305,0,0.047307115,inner_val
ISIC_3154509,0,0.0037402764,inner_val
ISIC_3155003,0,0.0014774827,inner_val
ISIC_3158860,0,0.015353672,inner_val
ISIC_3165425,0,0.001744604,inner_val
ISIC_3169566,0,0.032888416,inner_val
ISIC_3170155,0,0.0025974978,inner_val
ISIC_3171941,0,0.005443884,inner_val
ISIC_3175883,0,0.01458854,inner_val
ISIC_3178212,0,0.0022656734,inner_val
ISIC_3181899,0,0.0031041824,inner_val
ISIC_3182374,0,0.001300143,inner_val
ISIC_3183794,0,0.005366194,inner_val
ISIC_3185664,0,0.010001798,inner_val
ISIC_3193988,0,0.01779972,inner_val
ISIC_3197069,0,0.0039451406,inner_val
ISIC_3198071,0,0.005254917,inner_val
ISIC_3198731,0,0.0048055435,inner_val
ISIC_3204481,0,0.0010689308,inner_val
ISIC_3209641,0,0.0031107275,inner_val
ISIC_3210728,0,0.0017284144,inner_val
ISIC_3213318,0,0.0031529465,inner_val
ISIC_3213469,0,0.005593775,inner_val
ISIC_3216482,0,0.016641723,inner_val
ISIC_3217061,0,0.0012809407,inner_val
ISIC_3218227,0,0.0012126213,inner_val
ISIC_3219662,0,0.001397088,inner_val
ISIC_3228186,0,0.025903905,inner_val
ISIC_3228711,0,0.012962843,inner_val
ISIC_3230575,0,0.004490614,inner_val
ISIC_3232811,0,0.009909347,inner_val
ISIC_3234816,0,0.0055613453,inner_val
ISIC_3237290,0,0.0027349563,inner_val
ISIC_3237364,0,0.01774904,inner_val
ISIC_3241558,0,0.010122324,inner_val
ISIC_3242165,0,0.0022852742,inner_val
ISIC_3245980,0,0.005595563,inner_val
ISIC_3249783,0,0.005288799,inner_val
ISIC_3249958,0,0.0011785558,inner_val
ISIC_3254309,0,0.006586126,inner_val
ISIC_3262171,0,0.06959576,inner_val
ISIC_3264096,0,0.04306749,inner_val
ISIC_3265748,0,0.0069394396,inner_val
ISIC_3267036,0,0.004892323,inner_val
ISIC_3270831,0,0.0065138196,inner_val
ISIC_3272155,0,0.015013719,inner_val
ISIC_3272526,0,0.010231691,inner_val
ISIC_3274103,0,0.0073718247,inner_val
ISIC_3288502,0,0.014382952,inner_val
ISIC_3292196,0,0.013220743,inner_val
ISIC_3292959,0,0.0038419068,inner_val
ISIC_3298707,0,0.009247963,inner_val
ISIC_3301163,0,0.0012942712,inner_val
ISIC_3304293,0,0.0040115733,inner_val
ISIC_3304982,0,0.012336402,inner_val
ISIC_3307751,0,0.0015748702,inner_val
ISIC_3309001,0,0.0738251,inner_val
ISIC_3312574,0,0.0036331532,inner_val
ISIC_3315810,0,0.0020034972,inner_val
ISIC_3316665,0,0.028603043,inner_val
ISIC_3330852,0,0.0050052237,inner_val
ISIC_3338703,0,0.007684403,inner_val
ISIC_3338730,0,0.04864112,inner_val
ISIC_3340180,0,0.0037135247,inner_val
ISIC_3342553,0,0.0048574684,inner_val
ISIC_3343475,1,0.21032831,inner_val
ISIC_3343918,0,0.017865816,inner_val
ISIC_3346045,0,0.014635984,inner_val
ISIC_3347362,0,0.0034341884,inner_val
ISIC_3351500,0,0.0020743,inner_val
ISIC_3356497,0,0.0024255556,inner_val
ISIC_3357399,0,0.007852022,inner_val
ISIC_3359880,1,0.043990273,inner_val
ISIC_3360137,0,0.0034458518,inner_val
ISIC_3366868,0,0.0045598913,inner_val
ISIC_3371318,0,0.013718983,inner_val
ISIC_3371722,0,0.017475972,inner_val
ISIC_3372918,0,0.005836612,inner_val
ISIC_3374172,0,0.0015103861,inner_val
ISIC_3380750,0,0.0027361482,inner_val
ISIC_3383093,0,0.0046713687,inner_val
ISIC_3384884,0,0.0021916868,inner_val
ISIC_3385712,0,0.0015242551,inner_val
ISIC_3385846,0,0.0050857565,inner_val
ISIC_3386395,0,0.01121857,inner_val
ISIC_3387470,0,0.0010833585,inner_val
ISIC_3391100,0,0.0052283155,inner_val
ISIC_3397963,0,0.011250999,inner_val
ISIC_3398017,0,0.0038012206,inner_val
ISIC_3402778,0,0.02174701,inner_val
ISIC_3404606,0,0.0019553895,inner_val
ISIC_3406519,0,0.0038820049,inner_val
ISIC_3408742,0,0.0023827325,inner_val
ISIC_3410459,0,0.0028563738,inner_val
ISIC_3418153,0,0.00685503,inner_val
ISIC_3418447,0,0.008935319,inner_val
ISIC_3425831,0,0.0045269593,inner_val
ISIC_3437036,0,0.0020747108,inner_val
ISIC_3440004,0,0.001287958,inner_val
ISIC_3440583,0,0.0037458104,inner_val
ISIC_3440693,0,0.027768236,inner_val
ISIC_3442539,0,0.03953542,inner_val
ISIC_3442691,0,0.002726311,inner_val
ISIC_3444192,0,0.015459626,inner_val
ISIC_3447331,0,0.002599114,inner_val
ISIC_3448546,0,0.0016804937,inner_val
ISIC_3455285,0,0.0011401274,inner_val
ISIC_3455595,0,0.0015660342,inner_val
ISIC_3458811,0,0.0018910986,inner_val
ISIC_3460537,0,0.0074043525,inner_val
ISIC_3479903,0,0.0023666553,inner_val
ISIC_3481078,0,0.0012845736,inner_val
ISIC_3481133,0,0.004798267,inner_val
ISIC_3481768,0,0.06541785,inner_val
ISIC_3484988,0,0.0022100084,inner_val
ISIC_3485069,0,0.0019084094,inner_val
ISIC_3485583,0,0.0024787465,inner_val
ISIC_3485981,0,0.028712597,inner_val
ISIC_3495113,0,0.0011775005,inner_val
ISIC_3495799,0,0.0047513605,inner_val
ISIC_3499223,0,0.002876824,inner_val
ISIC_3500673,0,0.00677239,inner_val
ISIC_3501997,0,0.005446123,inner_val
ISIC_3503302,0,0.013790618,inner_val
ISIC_3507198,0,0.006153205,inner_val
ISIC_3510802,0,0.007117853,inner_val
ISIC_3516857,0,0.015130053,inner_val
ISIC_3518299,0,0.0012036477,inner_val
ISIC_3518444,0,0.0089727715,inner_val
ISIC_3521671,0,0.0035809013,inner_val
ISIC_3522874,0,0.0011810468,inner_val
ISIC_3528120,0,0.014401918,inner_val
ISIC_3531277,0,0.003230041,inner_val
ISIC_3532397,0,0.002347449,inner_val
ISIC_3533204,0,0.007152927,inner_val
ISIC_3536231,0,0.009463499,inner_val
ISIC_3536848,0,0.00972696,inner_val
ISIC_3537191,0,0.005325414,inner_val
ISIC_3537571,0,0.023925705,inner_val
ISIC_3538402,0,0.005119307,inner_val
ISIC_3542273,0,0.004082779,inner_val
ISIC_3551685,0,0.0014089288,inner_val
ISIC_3557706,0,0.009132275,inner_val
ISIC_3559215,0,0.015553254,inner_val
ISIC_3560566,0,0.01144744,inner_val
ISIC_3561539,0,0.022911014,inner_val
ISIC_3562461,0,0.0024144102,inner_val
ISIC_3562968,0,0.0023012552,inner_val
ISIC_3565508,0,0.02848884,inner_val
ISIC_3566897,0,0.016785884,inner_val
ISIC_3569965,0,0.0035124044,inner_val
ISIC_3573323,0,0.0028464496,inner_val
ISIC_3575814,0,0.038654417,inner_val
ISIC_3583880,0,0.0010570392,inner_val
ISIC_3585381,0,0.0021360149,inner_val
ISIC_3585737,0,0.008780512,inner_val
ISIC_3591025,0,0.0014907363,inner_val
ISIC_3592022,0,0.016549885,inner_val
ISIC_3596927,0,0.0020829053,inner_val
ISIC_3601744,0,0.007017528,inner_val
ISIC_3605210,0,0.0030566787,inner_val
ISIC_3609081,0,0.0051696803,inner_val
ISIC_3611014,0,0.0010415616,inner_val
ISIC_3612630,0,0.0016917498,inner_val
ISIC_3615391,0,0.0024725995,inner_val
ISIC_3617159,0,0.007069085,inner_val
ISIC_3617229,0,0.0015503148,inner_val
ISIC_3619052,0,0.017183311,inner_val
ISIC_3619200,0,0.0023695482,inner_val
ISIC_3629278,0,0.0027413655,inner_val
ISIC_3629614,0,0.0077555687,inner_val
ISIC_3635602,0,0.0011566235,inner_val
ISIC_3640675,0,0.003936241,inner_val
ISIC_3643861,0,0.003511173,inner_val
ISIC_3649113,0,0.010202214,inner_val
ISIC_3651274,0,0.0036116159,inner_val
ISIC_3653492,0,0.0020000555,inner_val
ISIC_3654454,0,0.009686529,inner_val
ISIC_3659739,0,0.0075183124,inner_val
ISIC_3665147,0,0.005780342,inner_val
ISIC_3667693,0,0.010765711,inner_val
ISIC_3669954,0,0.07204798,inner_val
ISIC_3671424,0,0.0075446987,inner_val
ISIC_3677336,0,0.015238586,inner_val
ISIC_3684488,1,0.038486667,inner_val
ISIC_3686322,0,0.0060792794,inner_val
ISIC_3686329,0,0.0012236289,inner_val
ISIC_3703990,0,0.0021802897,inner_val
ISIC_3704492,0,0.0020522976,inner_val
ISIC_3706506,0,0.0038652795,inner_val
ISIC_3707185,0,0.008000666,inner_val
ISIC_3707360,0,0.006840019,inner_val
ISIC_3708400,0,0.0023985773,inner_val
ISIC_3720096,0,0.004387589,inner_val
ISIC_3720748,0,0.0013608742,inner_val
ISIC_3726355,0,0.004873551,inner_val
ISIC_3728170,0,0.023050774,inner_val
ISIC_3731040,0,0.003356323,inner_val
ISIC_3733131,0,0.0014302764,inner_val
ISIC_3743283,0,0.0025821296,inner_val
ISIC_3743409,0,0.0017607713,inner_val
ISIC_3745639,0,0.0075270846,inner_val
ISIC_3751001,0,0.011353057,inner_val
ISIC_3757997,0,0.0067517203,inner_val
ISIC_3760096,0,0.0013694336,inner_val
ISIC_3765394,0,0.0272812,inner_val
ISIC_3768701,0,0.083937235,inner_val
ISIC_3768748,0,0.0026256808,inner_val
ISIC_3769211,0,0.020480849,inner_val
ISIC_3769485,0,0.014821139,inner_val
ISIC_3771814,0,0.0019688846,inner_val
ISIC_3780571,0,0.0039987187,inner_val
ISIC_3783114,0,0.0026783552,inner_val
ISIC_3787558,0,0.0033855038,inner_val
ISIC_3801938,0,0.21316697,inner_val
ISIC_3802785,0,0.0035447886,inner_val
ISIC_3802812,0,0.012518273,inner_val
ISIC_3805329,0,0.0014691429,inner_val
ISIC_3808474,0,0.005561577,inner_val
ISIC_3809762,0,0.05984263,inner_val
ISIC_3812918,0,0.0059774625,inner_val
ISIC_3816570,0,0.001152755,inner_val
ISIC_3816833,0,0.016405895,inner_val
ISIC_3829609,0,0.005551512,inner_val
ISIC_3833253,0,0.007869004,inner_val
ISIC_3841073,0,0.033337407,inner_val
ISIC_3844839,0,0.016375735,inner_val
ISIC_3846236,0,0.002380879,inner_val
ISIC_3854244,0,0.0021708792,inner_val
ISIC_3859689,0,0.018398562,inner_val
ISIC_3860032,0,0.0033013113,inner_val
ISIC_3861343,0,0.008223589,inner_val
ISIC_3862621,0,0.0034404555,inner_val
ISIC_3863276,0,0.0068451944,inner_val
ISIC_3865503,0,0.0019113017,inner_val
ISIC_3868370,0,0.0070214965,inner_val
ISIC_3871153,0,0.011032383,inner_val
ISIC_3874043,0,0.0018162453,inner_val
ISIC_3875681,0,0.009647966,inner_val
ISIC_3877643,0,0.0018775665,inner_val
ISIC_3884221,0,0.045157995,inner_val
ISIC_3890800,0,0.008471734,inner_val
ISIC_3890835,0,0.002722075,inner_val
ISIC_3908910,0,0.0147099355,inner_val
ISIC_3909039,1,0.012033563,inner_val
ISIC_3911850,0,0.0013198346,inner_val
ISIC_3917053,0,0.0013796561,inner_val
ISIC_3917284,0,0.033790845,inner_val
ISIC_3917306,0,0.0038282445,inner_val
ISIC_3918592,0,0.0010211441,inner_val
ISIC_3934537,0,0.0019753256,inner_val
ISIC_3939820,0,0.072143905,inner_val
ISIC_3941147,0,0.0037977195,inner_val
ISIC_3944634,1,0.030590825,inner_val
ISIC_3945529,0,0.0030685998,inner_val
ISIC_3955379,0,0.0041511925,inner_val
ISIC_3961380,0,0.012767696,inner_val
ISIC_3965087,1,0.055856887,inner_val
ISIC_3967213,0,0.0021119013,inner_val
ISIC_3967953,0,0.001689561,inner_val
ISIC_3969411,1,0.034017526,inner_val
ISIC_3971830,0,0.0013839205,inner_val
ISIC_3979225,0,0.0029067653,inner_val
ISIC_3992028,0,0.0025039823,inner_val
ISIC_3992996,0,0.002060296,inner_val
ISIC_3999125,0,0.011633943,inner_val
ISIC_4001269,0,0.0039244136,inner_val
ISIC_4001815,0,0.0064039063,inner_val
ISIC_4004269,0,0.0056075626,inner_val
ISIC_4013692,0,0.002866578,inner_val
ISIC_4015349,0,0.0045848778,inner_val
ISIC_4018952,0,0.0012535051,inner_val
ISIC_4020689,0,0.13713105,inner_val
ISIC_4022788,0,0.0015752345,inner_val
ISIC_4024692,0,0.046402622,inner_val
ISIC_4026806,0,0.0028421218,inner_val
ISIC_4029055,0,0.0024449981,inner_val
ISIC_4031777,0,0.004928863,inner_val
ISIC_4033523,0,0.0051555373,inner_val
ISIC_4037228,0,0.02344568,inner_val
ISIC_4038942,0,0.0011550868,inner_val
ISIC_4041169,0,0.0069197454,inner_val
ISIC_4044272,0,0.0012692562,inner_val
ISIC_4052586,0,0.026909221,inner_val
ISIC_4055833,0,0.0026084871,inner_val
ISIC_4056708,0,0.0042117364,inner_val
ISIC_4066707,0,0.01097733,inner_val
ISIC_4071351,0,0.009549232,inner_val
ISIC_4072221,0,0.018800111,inner_val
ISIC_4073281,0,0.0026672222,inner_val
ISIC_4077252,0,0.0061649946,inner_val
ISIC_4077798,0,0.0019011969,inner_val
ISIC_4080292,0,0.0041883253,inner_val
ISIC_4085644,0,0.002835125,inner_val
ISIC_4086726,0,0.004390319,inner_val
ISIC_4087028,0,0.012488853,inner_val
ISIC_4096361,0,0.0033701006,inner_val
ISIC_4097632,0,0.0022709894,inner_val
ISIC_4101596,0,0.001554196,inner_val
ISIC_4102774,0,0.0034078942,inner_val
ISIC_4107250,0,0.002517744,inner_val
ISIC_4107574,0,0.0015865269,inner_val
ISIC_4107717,0,0.004492347,inner_val
ISIC_4108397,0,0.0014551197,inner_val
ISIC_4110296,0,0.0014090744,inner_val
ISIC_4123491,0,0.0057025375,inner_val
ISIC_4126822,0,0.0015294296,inner_val
ISIC_4130540,0,0.0012393555,inner_val
ISIC_4131810,0,0.08163507,inner_val
ISIC_4131961,0,0.001333624,inner_val
ISIC_4134969,0,0.0064448197,inner_val
ISIC_4136351,0,0.0028385685,inner_val
ISIC_4137093,0,0.010600603,inner_val
ISIC_4137694,0,0.000865627,inner_val
ISIC_4137821,0,0.003636628,inner_val
ISIC_4146342,0,0.011286738,inner_val
ISIC_4149704,0,0.0028692507,inner_val
ISIC_4155780,0,0.0011372312,inner_val
ISIC_4157237,0,0.0022221878,inner_val
ISIC_4158984,0,0.023053212,inner_val
ISIC_4159621,0,0.0012368961,inner_val
ISIC_4162354,0,0.0035763578,inner_val
ISIC_4162774,0,0.0018728748,inner_val
ISIC_4167726,0,0.007958056,inner_val
ISIC_4171787,0,0.041458372,inner_val
ISIC_4177761,0,0.0021185665,inner_val
ISIC_4178745,0,0.0041005816,inner_val
ISIC_4180373,0,0.0016111903,inner_val
ISIC_4180497,0,0.0033464169,inner_val
ISIC_4181530,0,0.002995626,inner_val
ISIC_4184100,0,0.0060185194,inner_val
ISIC_4184433,0,0.0025992945,inner_val
ISIC_4188644,0,0.011271269,inner_val
ISIC_4189111,0,0.014585306,inner_val
ISIC_4190706,0,0.004175392,inner_val
ISIC_4190910,0,0.0020388297,inner_val
ISIC_4192466,0,0.016498083,inner_val
ISIC_4198984,0,0.0039278404,inner_val
ISIC_4200673,0,0.00243132,inner_val
ISIC_4201327,0,0.01471145,inner_val
ISIC_4202054,0,0.00652756,inner_val
ISIC_4204880,0,0.007889584,inner_val
ISIC_4205922,0,0.0037524733,inner_val
ISIC_4207079,0,0.038793694,inner_val
ISIC_4210740,0,0.003668146,inner_val
ISIC_4212454,0,0.045495536,inner_val
ISIC_4215060,0,0.0014176179,inner_val
ISIC_4220010,0,0.001957419,inner_val
ISIC_4230432,0,0.002577418,inner_val
ISIC_4232370,0,0.0038340716,inner_val
ISIC_4235215,0,0.0010464895,inner_val
ISIC_4236274,0,0.0037521825,inner_val
ISIC_4238548,0,0.0036141395,inner_val
ISIC_4242504,0,0.015440449,inner_val
ISIC_4247204,0,0.00551458,inner_val
ISIC_4247853,0,0.0016951162,inner_val
ISIC_4255923,0,0.0075974264,inner_val
ISIC_4257799,0,0.055283915,inner_val
ISIC_4263017,0,0.08082659,inner_val
ISIC_4264358,0,0.004762673,inner_val
ISIC_4264826,0,0.004941248,inner_val
ISIC_4266455,0,0.00236905,inner_val
ISIC_4266467,0,0.009360187,inner_val
ISIC_4267177,0,0.054151047,inner_val
ISIC_4271377,0,0.003340766,inner_val
ISIC_4276528,0,0.002361581,inner_val
ISIC_4276933,0,0.0025101043,inner_val
ISIC_4282579,0,0.0034794856,inner_val
ISIC_4291750,0,0.0082339635,inner_val
ISIC_4293652,0,0.0019099223,inner_val
ISIC_4295092,0,0.0030776542,inner_val
ISIC_4307490,0,0.0032080407,inner_val
ISIC_4311436,0,0.0028882402,inner_val
ISIC_4311858,0,0.0023671847,inner_val
ISIC_4316571,0,0.02165061,inner_val
ISIC_4324879,0,0.0010669952,inner_val
ISIC_4327071,0,0.015180728,inner_val
ISIC_4329544,0,0.0021644053,inner_val
ISIC_4337318,0,0.0084908055,inner_val
ISIC_4341261,0,0.002612203,inner_val
ISIC_4344995,0,0.005606702,inner_val
ISIC_4348579,0,0.013443892,inner_val
ISIC_4351306,0,0.014167744,inner_val
ISIC_4354772,0,0.014888505,inner_val
ISIC_4355229,0,0.007797614,inner_val
ISIC_4356872,0,0.002893345,inner_val
ISIC_4360908,0,0.0022209827,inner_val
ISIC_4361405,0,0.062022306,inner_val
ISIC_4363603,0,0.02322095,inner_val
ISIC_4366032,0,0.001771952,inner_val
ISIC_4369805,0,0.0038033666,inner_val
ISIC_4373429,0,0.03595304,inner_val
ISIC_4373835,0,0.0032212746,inner_val
ISIC_4375870,0,0.0038473036,inner_val
ISIC_4377059,0,0.005052073,inner_val
ISIC_4377245,0,0.075355075,inner_val
ISIC_4379788,0,0.017844575,inner_val
ISIC_4382115,0,0.0051771086,inner_val
ISIC_4387517,0,0.0011799583,inner_val
ISIC_4387797,0,0.0013454068,inner_val
ISIC_4387858,0,0.037422676,inner_val
ISIC_4388949,0,0.0025270334,inner_val
ISIC_4392916,0,0.0009636994,inner_val
ISIC_4396553,0,0.012240866,inner_val
ISIC_4400664,0,0.010768808,inner_val
ISIC_4401014,0,0.013546185,inner_val
ISIC_4404649,0,0.0019128633,inner_val
ISIC_4404893,0,0.0032032947,inner_val
ISIC_4409266,0,0.0035306632,inner_val
ISIC_4417495,0,0.0059367735,inner_val
ISIC_4425322,1,0.03707055,inner_val
ISIC_4426345,0,0.0030594596,inner_val
ISIC_4431858,0,0.0067595528,inner_val
ISIC_4433832,0,0.03738116,inner_val
ISIC_4434040,0,0.007097463,inner_val
ISIC_4434947,0,0.0016259655,inner_val
ISIC_4442900,0,0.0016790256,inner_val
ISIC_4452168,0,0.012552193,inner_val
ISIC_4455413,0,0.0020737879,inner_val
ISIC_4458567,0,0.011929687,inner_val
ISIC_4461785,0,0.024011696,inner_val
ISIC_4462821,0,0.0027076567,inner_val
ISIC_4462870,0,0.00818407,inner_val
ISIC_4463126,0,0.005407895,inner_val
ISIC_4463837,0,0.006571763,inner_val
ISIC_4464935,0,0.0024250203,inner_val
ISIC_4465529,0,0.0100552635,inner_val
ISIC_4468439,0,0.002506544,inner_val
ISIC_4470123,0,0.0062497943,inner_val
ISIC_4475297,0,0.0038676488,inner_val
ISIC_4475489,0,0.0033785386,inner_val
ISIC_4482610,0,0.0013963738,inner_val
ISIC_4484966,0,0.0020140104,inner_val
ISIC_4487081,0,0.0019487323,inner_val
ISIC_4495210,0,0.017060904,inner_val
ISIC_4500287,0,0.037111513,inner_val
ISIC_4506518,0,0.0048128692,inner_val
ISIC_4512260,0,0.024866667,inner_val
ISIC_4525243,0,0.011765462,inner_val
ISIC_4526991,0,0.011707224,inner_val
ISIC_4535809,0,0.0011484934,inner_val
ISIC_4538207,0,0.002613597,inner_val
ISIC_4538489,0,0.0017167445,inner_val
ISIC_4540903,0,0.0021641108,inner_val
ISIC_4542016,0,0.0018241119,inner_val
ISIC_4545553,0,0.008117357,inner_val
ISIC_4547887,0,0.0013891674,inner_val
ISIC_4548346,0,0.004471465,inner_val
ISIC_4548632,0,0.0019430519,inner_val
ISIC_4555461,0,0.004383127,inner_val
ISIC_4560338,0,0.00310073,inner_val
ISIC_4560763,0,0.004860936,inner_val
ISIC_4560814,0,0.027748944,inner_val
ISIC_4564048,0,0.0013343685,inner_val
ISIC_4565254,0,0.0017991207,inner_val
ISIC_4565708,0,0.004661066,inner_val
ISIC_4574346,0,0.0019783597,inner_val
ISIC_4574865,0,0.0023015912,inner_val
ISIC_4575432,0,0.0012375172,inner_val
ISIC_4575717,0,0.022497375,inner_val
ISIC_4581058,0,0.021011794,inner_val
ISIC_4587506,0,0.0030422315,inner_val
ISIC_4593792,0,0.00519354,inner_val
ISIC_4594429,0,0.0017741801,inner_val
ISIC_4594995,0,0.0016023421,inner_val
ISIC_4595555,0,0.009990954,inner_val
ISIC_4599730,0,0.0026223236,inner_val
ISIC_4604137,0,0.07704633,inner_val
ISIC_4610204,0,0.00436629,inner_val
ISIC_4610907,0,0.00645881,inner_val
ISIC_4620192,0,0.0046469113,inner_val
ISIC_4621548,0,0.0038187292,inner_val
ISIC_4622079,0,0.0037654284,inner_val
ISIC_4622902,0,0.0013565632,inner_val
ISIC_4624973,0,0.14548598,inner_val
ISIC_4626159,0,0.04840918,inner_val
ISIC_4628654,0,0.007822459,inner_val
ISIC_4633003,0,0.004384603,inner_val
ISIC_4636434,0,0.04741821,inner_val
ISIC_4647398,0,0.0048807785,inner_val
ISIC_4647804,0,0.0028244362,inner_val
ISIC_4648561,0,0.011081506,inner_val
ISIC_4650236,0,0.04554135,inner_val
ISIC_4654808,0,0.38331407,inner_val
ISIC_4659494,0,0.0040703057,inner_val
ISIC_4660078,0,0.00624097,inner_val
ISIC_4663883,0,0.003559423,inner_val
ISIC_4668001,0,0.045084983,inner_val
ISIC_4669070,0,0.009239352,inner_val
ISIC_4670831,0,0.003464859,inner_val
ISIC_4672131,0,0.0021457758,inner_val
ISIC_4672918,0,0.0015724892,inner_val
ISIC_4674378,0,0.004774334,inner_val
ISIC_4676270,1,0.055197064,inner_val
ISIC_4679492,0,0.007943892,inner_val
ISIC_4683695,0,0.00398465,inner_val
ISIC_4684424,0,0.025724987,inner_val
ISIC_4684714,0,0.0036098408,inner_val
ISIC_4688253,0,0.0019010721,inner_val
ISIC_4691943,0,0.051304378,inner_val
ISIC_4694634,0,0.0038205653,inner_val
ISIC_4695916,0,0.001890843,inner_val
ISIC_4695963,0,0.0025116259,inner_val
ISIC_4697037,0,0.003883377,inner_val
ISIC_4700532,0,0.001020686,inner_val
ISIC_4701063,0,0.010541124,inner_val
ISIC_4702027,0,0.0058808844,inner_val
ISIC_4704470,0,0.0014999891,inner_val
ISIC_4707552,0,0.0046957755,inner_val
ISIC_4709945,0,0.0073166285,inner_val
ISIC_4711662,0,0.0034302918,inner_val
ISIC_4723378,0,0.0025394608,inner_val
ISIC_4724738,0,0.0077185007,inner_val
ISIC_4725367,0,0.005691544,inner_val
ISIC_4725762,0,0.0027125657,inner_val
ISIC_4727450,0,0.027708936,inner_val
ISIC_4728968,0,0.0032252762,inner_val
ISIC_4735706,0,0.025941322,inner_val
ISIC_4735959,0,0.0111539345,inner_val
ISIC_4738641,0,0.0035423134,inner_val
ISIC_4739594,0,0.002386635,inner_val
ISIC_4742252,0,0.0038789636,inner_val
ISIC_4742279,0,0.0019209994,inner_val
ISIC_4745594,0,0.0019731966,inner_val
ISIC_4750973,0,0.004399735,inner_val
ISIC_4751809,0,0.003843705,inner_val
ISIC_4752273,0,0.008898103,inner_val
ISIC_4752289,0,0.0019193077,inner_val
ISIC_4758913,0,0.03274814,inner_val
ISIC_4759062,0,0.0034108576,inner_val
ISIC_4761751,0,0.0012304614,inner_val
ISIC_4763703,0,0.0044445354,inner_val
ISIC_4764002,0,0.12156067,inner_val
ISIC_4764292,0,0.0037769615,inner_val
ISIC_4770452,0,0.0015362253,inner_val
ISIC_4770938,0,0.0021944917,inner_val
ISIC_4781140,0,0.0033211336,inner_val
ISIC_4783750,0,0.0011661474,inner_val
ISIC_4787698,0,0.00691736,inner_val
ISIC_4791589,0,0.0106930565,inner_val
ISIC_4792446,0,0.03382883,inner_val
ISIC_4797654,0,0.0064499634,inner_val
ISIC_4799881,0,0.014354541,inner_val
ISIC_4805419,0,0.006213721,inner_val
ISIC_4811165,0,0.010771014,inner_val
ISIC_4820549,0,0.0019514248,inner_val
ISIC_4821865,0,0.0013018858,inner_val
ISIC_4824758,0,0.0031940131,inner_val
ISIC_4827954,0,0.0032631475,inner_val
ISIC_4833252,0,0.0023921998,inner_val
ISIC_4836699,0,0.01299742,inner_val
ISIC_4836861,0,0.0025586989,inner_val
ISIC_4838394,0,0.0022765475,inner_val
ISIC_4841705,0,0.017806757,inner_val
ISIC_4846042,0,0.0015180599,inner_val
ISIC_4850178,0,0.0027227404,inner_val
ISIC_4851366,1,0.049932707,inner_val
ISIC_4851652,0,0.013488172,inner_val
ISIC_4853597,0,0.016917769,inner_val
ISIC_4854794,0,0.0014809691,inner_val
ISIC_4855054,0,0.0026935285,inner_val
ISIC_4865746,0,0.0042475346,inner_val
ISIC_4867043,0,0.0017228116,inner_val
ISIC_4869844,0,0.0037706443,inner_val
ISIC_4870701,0,0.034085415,inner_val
ISIC_4873045,0,0.0011673943,inner_val
ISIC_4874266,0,0.004748599,inner_val
ISIC_4877382,0,0.0248413,inner_val
ISIC_4878779,0,0.0025498632,inner_val
ISIC_4883688,0,0.0010426875,inner_val
ISIC_4887403,0,0.0019809506,inner_val
ISIC_4897895,0,0.0044846446,inner_val
ISIC_4899386,0,0.0018689015,inner_val
ISIC_4899689,0,0.000998929,inner_val
ISIC_4904405,0,0.004922249,inner_val
ISIC_4904912,0,0.006827708,inner_val
ISIC_4913284,0,0.0016266126,inner_val
ISIC_4919198,0,0.0030891371,inner_val
ISIC_4922651,0,0.005368037,inner_val
ISIC_4923095,0,0.0067181378,inner_val
ISIC_4925442,0,0.0035600876,inner_val
ISIC_4926099,0,0.0021951683,inner_val
ISIC_4927075,0,0.0034229772,inner_val
ISIC_4927560,0,0.0037725936,inner_val
ISIC_4927573,0,0.0011575569,inner_val
ISIC_4927943,0,0.0023485895,inner_val
ISIC_4928553,0,0.015973859,inner_val
ISIC_4929141,0,0.028049292,inner_val
ISIC_4930558,0,0.019243188,inner_val
ISIC_4936662,1,0.025853269,inner_val
ISIC_4949846,0,0.010672596,inner_val
ISIC_4950467,0,0.0065229624,inner_val
ISIC_4950948,0,0.011046054,inner_val
ISIC_4951557,0,0.007540576,inner_val
ISIC_4956558,0,0.10387837,inner_val
ISIC_4957931,0,0.002300723,inner_val
ISIC_4959937,0,0.0050028586,inner_val
ISIC_4960406,0,0.009425122,inner_val
ISIC_4960802,1,0.016849542,inner_val
ISIC_4964532,0,0.05094226,inner_val
ISIC_4965967,0,0.013531067,inner_val
ISIC_4967164,0,0.016944889,inner_val
ISIC_4967830,0,0.0016593001,inner_val
ISIC_4969372,0,0.0041956306,inner_val
ISIC_4973549,0,0.0017956259,inner_val
ISIC_4973666,0,0.0022025127,inner_val
ISIC_4977971,0,0.0128353145,inner_val
ISIC_4991633,0,0.0037340433,inner_val
ISIC_4994072,0,0.0023532799,inner_val
ISIC_4994891,0,0.0064795217,inner_val
ISIC_5000359,0,0.0022599741,inner_val
ISIC_5003391,0,0.0016764466,inner_val
ISIC_5004291,0,0.004024878,inner_val
ISIC_5004716,0,0.0022262915,inner_val
ISIC_5005961,0,0.0041517955,inner_val
ISIC_5009980,0,0.011691725,inner_val
ISIC_5011583,0,0.0029971872,inner_val
ISIC_5013602,0,0.0034901048,inner_val
ISIC_5015391,0,0.0033959926,inner_val
ISIC_5018367,0,0.014347735,inner_val
ISIC_5018620,0,0.0017881402,inner_val
ISIC_5026565,0,0.0041870787,inner_val
ISIC_5030989,0,0.046280105,inner_val
ISIC_5031380,0,0.002843107,inner_val
ISIC_5032047,0,0.002606307,inner_val
ISIC_5035663,0,0.007860502,inner_val
ISIC_5037370,0,0.0038022213,inner_val
ISIC_5037740,0,0.0020088188,inner_val
ISIC_5039708,0,0.00392919,inner_val
ISIC_5041398,0,0.0049791927,inner_val
ISIC_5044449,0,0.0026701041,inner_val
ISIC_5044765,0,0.07504657,inner_val
ISIC_5054136,0,0.0025218008,inner_val
ISIC_5056170,0,0.0026696154,inner_val
ISIC_5061278,0,0.037277475,inner_val
ISIC_5065157,0,0.0024851805,inner_val
ISIC_5066267,0,0.027322927,inner_val
ISIC_5068221,0,0.037575305,inner_val
ISIC_5070701,0,0.0016620402,inner_val
ISIC_5073817,0,0.012429461,inner_val
ISIC_5086676,0,0.0018445854,inner_val
ISIC_5086709,0,0.004157146,inner_val
ISIC_5087331,0,0.010575517,inner_val
ISIC_5091815,0,0.0012615632,inner_val
ISIC_5096338,0,0.008687574,inner_val
ISIC_5096378,0,0.0020518622,inner_val
ISIC_5104795,0,0.008988826,inner_val
ISIC_5106102,0,0.0045686285,inner_val
ISIC_5110133,0,0.0013436057,inner_val
ISIC_5111439,0,0.012559957,inner_val
ISIC_5121178,0,0.0020122677,inner_val
ISIC_5121498,0,0.0016217822,inner_val
ISIC_5122173,0,0.01009424,inner_val
ISIC_5125226,0,0.0036654146,inner_val
ISIC_5125960,0,0.0023990828,inner_val
ISIC_5139028,0,0.0030796914,inner_val
ISIC_5144730,0,0.044746507,inner_val
ISIC_5145651,0,0.013204494,inner_val
ISIC_5146942,0,0.008493608,inner_val
ISIC_5147292,1,0.0064007184,inner_val
ISIC_5149021,0,0.02446839,inner_val
ISIC_5150141,0,0.011612988,inner_val
ISIC_5151719,0,0.004300723,inner_val
ISIC_5152859,0,0.0042287796,inner_val
ISIC_5156210,0,0.08031905,inner_val
ISIC_5158910,0,0.0023610373,inner_val
ISIC_5164059,0,0.005170583,inner_val
ISIC_5168662,0,0.011987578,inner_val
ISIC_5170323,0,0.0022527988,inner_val
ISIC_5174403,0,0.0014198113,inner_val
ISIC_5187457,0,0.0020882653,inner_val
ISIC_5189247,0,0.009951235,inner_val
ISIC_5189963,0,0.0017536142,inner_val
ISIC_5191018,0,0.003977225,inner_val
ISIC_5192265,0,0.04137302,inner_val
ISIC_5200993,0,0.004732596,inner_val
ISIC_5204408,0,0.010725798,inner_val
ISIC_5206080,0,0.0021971497,inner_val
ISIC_5207738,0,0.040645167,inner_val
ISIC_5208090,0,0.003269063,inner_val
ISIC_5209769,0,0.024511581,inner_val
ISIC_5220254,0,0.0058386903,inner_val
ISIC_5225928,0,0.009480052,inner_val
ISIC_5226018,0,0.0024294017,inner_val
ISIC_5228997,0,0.0035917265,inner_val
ISIC_5230371,0,0.0055125644,inner_val
ISIC_5231991,0,0.004778176,inner_val
ISIC_5233406,0,0.0057856827,inner_val
ISIC_5236367,0,0.006653203,inner_val
ISIC_5240035,0,0.0020210384,inner_val
ISIC_5242216,0,0.0022703984,inner_val
ISIC_5243831,0,0.0015134275,inner_val
ISIC_5247560,1,0.09908348,inner_val
ISIC_5250674,0,0.0039851647,inner_val
ISIC_5251729,0,0.0042973757,inner_val
ISIC_5260050,1,0.018121704,inner_val
ISIC_5260323,0,0.0053974967,inner_val
ISIC_5263419,0,0.00711546,inner_val
ISIC_5265488,0,0.050120667,inner_val
ISIC_5267666,0,0.0037084226,inner_val
ISIC_5269776,0,0.013972597,inner_val
ISIC_5272345,0,0.0015551501,inner_val
ISIC_5272837,0,0.115001515,inner_val
ISIC_5278844,0,0.0058035883,inner_val
ISIC_5283467,0,0.0031572266,inner_val
ISIC_5288404,0,0.0018433136,inner_val
ISIC_5290109,0,0.011033887,inner_val
ISIC_5299786,0,0.008965723,inner_val
ISIC_5303829,0,0.0033120639,inner_val
ISIC_5309300,0,0.0013612224,inner_val
ISIC_5309726,0,0.012792753,inner_val
ISIC_5311666,0,0.0015753425,inner_val
ISIC_5312909,0,0.0013878464,inner_val
ISIC_5317325,0,0.04967565,inner_val
ISIC_5317565,0,0.0052036187,inner_val
ISIC_5318217,0,0.005589411,inner_val
ISIC_5320483,0,0.0020026395,inner_val
ISIC_5321144,0,0.0046732244,inner_val
ISIC_5329118,0,0.0014812103,inner_val
ISIC_5329156,0,0.0029782562,inner_val
ISIC_5329772,0,0.0023387002,inner_val
ISIC_5331210,0,0.0018938998,inner_val
ISIC_5332605,0,0.0010184601,inner_val
ISIC_5335049,0,0.00314619,inner_val
ISIC_5335139,0,0.1381037,inner_val
ISIC_5335353,0,0.0037456518,inner_val
ISIC_5339620,0,0.0018128253,inner_val
ISIC_5340000,0,0.011571836,inner_val
ISIC_5340117,0,0.0023815597,inner_val
ISIC_5340455,0,0.0051885755,inner_val
ISIC_5348582,0,0.008489765,inner_val
ISIC_5349205,0,0.0068189898,inner_val
ISIC_5349456,0,0.0026542104,inner_val
ISIC_5349762,0,0.0031344618,inner_val
ISIC_5353454,0,0.002298089,inner_val
ISIC_5359353,0,0.0038499027,inner_val
ISIC_5361285,0,0.0023107633,inner_val
ISIC_5379786,0,0.009589804,inner_val
ISIC_5383064,0,0.012446318,inner_val
ISIC_5383791,0,0.0041659116,inner_val
ISIC_5384059,0,0.02710823,inner_val
ISIC_5386739,0,0.002776752,inner_val
ISIC_5387829,0,0.0088229105,inner_val
ISIC_5389366,0,0.0019749468,inner_val
ISIC_5389415,0,0.0015396212,inner_val
ISIC_5391190,0,0.004351818,inner_val
ISIC_5393367,0,0.0021837654,inner_val
ISIC_5395341,0,0.001566337,inner_val
ISIC_5397483,0,0.002781831,inner_val
ISIC_5401740,0,0.06538091,inner_val
ISIC_5405889,0,0.0017785692,inner_val
ISIC_5407191,0,0.008742826,inner_val
ISIC_5408436,0,0.01848012,inner_val
ISIC_5409064,0,0.0031206715,inner_val
ISIC_5409956,0,0.0010634875,inner_val
ISIC_5409993,0,0.0015766091,inner_val
ISIC_5413630,0,0.003491939,inner_val
ISIC_5415213,0,0.005401725,inner_val
ISIC_5415964,0,0.008934428,inner_val
ISIC_5418216,0,0.007858877,inner_val
ISIC_5418861,0,0.009300091,inner_val
ISIC_5419016,0,0.0018402752,inner_val
ISIC_5432777,0,0.0014196065,inner_val
ISIC_5438156,0,0.03425183,inner_val
ISIC_5439041,0,0.0025320456,inner_val
ISIC_5440296,0,0.0060730567,inner_val
ISIC_5442464,0,0.0034087964,inner_val
ISIC_5442578,0,0.030805128,inner_val
ISIC_5442834,0,0.0029797435,inner_val
ISIC_5446515,0,0.001959649,inner_val
ISIC_5447103,0,0.08262403,inner_val
ISIC_5448850,0,0.010538321,inner_val
ISIC_5449822,0,0.011905202,inner_val
ISIC_5457705,0,0.008797717,inner_val
ISIC_5458290,0,0.0020130677,inner_val
ISIC_5458933,0,0.009229248,inner_val
ISIC_5463111,0,0.0041197604,inner_val
ISIC_5470300,0,0.0013534371,inner_val
ISIC_5472470,0,0.032684304,inner_val
ISIC_5486460,0,0.0018134259,inner_val
ISIC_5489942,0,0.0021139896,inner_val
ISIC_5490673,0,0.0011892228,inner_val
ISIC_5497432,0,0.004972582,inner_val
ISIC_5501596,0,0.0013277224,inner_val
ISIC_5513509,0,0.001656302,inner_val
ISIC_5518595,0,0.0015257391,inner_val
ISIC_5519378,0,0.0015464916,inner_val
ISIC_5521873,0,0.0014317136,inner_val
ISIC_5526279,0,0.0022624957,inner_val
ISIC_5532680,0,0.0056895423,inner_val
ISIC_5534167,0,0.00400476,inner_val
ISIC_5534666,0,0.0014740117,inner_val
ISIC_5536600,0,0.0038449299,inner_val
ISIC_5537876,0,0.00772994,inner_val
ISIC_5537985,0,0.05053167,inner_val
ISIC_5539180,0,0.0037637542,inner_val
ISIC_5545874,0,0.005417557,inner_val
ISIC_5546181,0,0.038313083,inner_val
ISIC_5546488,0,0.0009924897,inner_val
ISIC_5547218,0,0.06496253,inner_val
ISIC_5549565,0,0.0012655648,inner_val
ISIC_5552381,0,0.018471735,inner_val
ISIC_5553495,0,0.0103028435,inner_val
ISIC_5556302,0,0.016827572,inner_val
ISIC_5564757,0,0.008059795,inner_val
ISIC_5573566,0,0.0038083254,inner_val
ISIC_5577356,0,0.0022026834,inner_val
ISIC_5578239,0,0.009361363,inner_val
ISIC_5581936,0,0.0017644613,inner_val
ISIC_5589163,0,0.007163134,inner_val
ISIC_5592633,0,0.02696061,inner_val
ISIC_5593556,0,0.0026610026,inner_val
ISIC_5602528,0,0.033428222,inner_val
ISIC_5606155,0,0.003108602,inner_val
ISIC_5607702,0,0.0032319825,inner_val
ISIC_5609848,0,0.009343475,inner_val
ISIC_5610222,0,0.0012404639,inner_val
ISIC_5615520,0,0.0128560485,inner_val
ISIC_5617339,0,0.005443579,inner_val
ISIC_5618055,0,0.038109317,inner_val
ISIC_5618239,0,0.0023375778,inner_val
ISIC_5621546,0,0.0041255783,inner_val
ISIC_5624273,0,0.005002512,inner_val
ISIC_5624660,0,0.11122383,inner_val
ISIC_5624953,0,0.0039497134,inner_val
ISIC_5629288,0,0.0020500878,inner_val
ISIC_5629697,0,0.005208533,inner_val
ISIC_5632748,0,0.02184304,inner_val
ISIC_5635961,0,0.12727508,inner_val
ISIC_5637150,0,0.0018167399,inner_val
ISIC_5637715,0,0.018607467,inner_val
ISIC_5641956,0,0.0016389872,inner_val
ISIC_5642121,0,0.0027557597,inner_val
ISIC_5643186,0,0.0012645941,inner_val
ISIC_5647453,0,0.0011626182,inner_val
ISIC_5647937,0,0.0093400115,inner_val
ISIC_5651246,0,0.0056025507,inner_val
ISIC_5655181,0,0.01193391,inner_val
ISIC_5659077,0,0.0041628564,inner_val
ISIC_5662175,0,0.0025303685,inner_val
ISIC_5664256,0,0.0070563545,inner_val
ISIC_5667403,0,0.0073863547,inner_val
ISIC_5675123,0,0.0027476589,inner_val
ISIC_5679982,0,0.006866772,inner_val
ISIC_5680271,0,0.0021690517,inner_val
ISIC_5689392,0,0.006250707,inner_val
ISIC_5692027,0,0.003084827,inner_val
ISIC_5694421,0,0.0020973047,inner_val
ISIC_5696426,0,0.0015732964,inner_val
ISIC_5697457,0,0.005522661,inner_val
ISIC_5701526,0,0.0009174065,inner_val
ISIC_5713761,0,0.081732064,inner_val
ISIC_5716262,0,0.0026984196,inner_val
ISIC_5721195,0,0.0037805263,inner_val
ISIC_5721717,0,0.0032139001,inner_val
ISIC_5722526,0,0.0013033517,inner_val
ISIC_5722813,0,0.0018254973,inner_val
ISIC_5722943,0,0.003447878,inner_val
ISIC_5723592,0,0.06752187,inner_val
ISIC_5723974,0,0.012386002,inner_val
ISIC_5728067,0,0.014563822,inner_val
ISIC_5730199,0,0.007014296,inner_val
ISIC_5731061,0,0.002257132,inner_val
ISIC_5740023,0,0.0020047715,inner_val
ISIC_5740617,0,0.002956033,inner_val
ISIC_5747709,0,0.0025649667,inner_val
ISIC_5748118,0,0.0067151547,inner_val
ISIC_5750329,0,0.005394002,inner_val
ISIC_5758327,0,0.06462469,inner_val
ISIC_5758379,0,0.005234619,inner_val
ISIC_5760915,0,0.00214272,inner_val
ISIC_5769387,0,0.010000357,inner_val
ISIC_5771028,0,0.001258583,inner_val
ISIC_5772938,0,0.0021382335,inner_val
ISIC_5775708,0,0.005616941,inner_val
ISIC_5780633,0,0.015164703,inner_val
ISIC_5783861,0,0.023514494,inner_val
ISIC_5789978,0,0.0046345196,inner_val
ISIC_5793035,0,0.0030311157,inner_val
ISIC_5796081,0,0.00867159,inner_val
ISIC_5797788,0,0.013243431,inner_val
ISIC_5799583,0,0.03610356,inner_val
ISIC_5803529,0,0.0013153703,inner_val
ISIC_5807608,0,0.0024650535,inner_val
ISIC_5816399,0,0.0009666654,inner_val
ISIC_5821293,0,0.0044529983,inner_val
ISIC_5823077,0,0.002000822,inner_val
ISIC_5832792,0,0.037602387,inner_val
ISIC_5832901,0,0.0018228847,inner_val
ISIC_5833229,0,0.0026171631,inner_val
ISIC_5833740,0,0.0017982628,inner_val
ISIC_5835765,0,0.0040078466,inner_val
ISIC_5847941,0,0.0083539495,inner_val
ISIC_5848790,0,0.0027216738,inner_val
ISIC_5852065,0,0.010101357,inner_val
ISIC_5852365,0,0.008208564,inner_val
ISIC_5860269,0,0.0014282648,inner_val
ISIC_5863114,0,0.022555457,inner_val
ISIC_5863435,0,0.0027196475,inner_val
ISIC_5864760,0,0.0029153896,inner_val
ISIC_5869383,0,0.0017964963,inner_val
ISIC_5869699,0,0.0015325887,inner_val
ISIC_5875181,0,0.00399188,inner_val
ISIC_5876881,0,0.001472432,inner_val
ISIC_5877211,0,0.002476565,inner_val
ISIC_5879418,0,0.0104955025,inner_val
ISIC_5887816,0,0.0055417223,inner_val
ISIC_5889790,0,0.02672963,inner_val
ISIC_5907909,0,0.0087222,inner_val
ISIC_5907931,0,0.0016873006,inner_val
ISIC_5919470,0,0.0032336893,inner_val
ISIC_5919621,0,0.08911431,inner_val
ISIC_5921024,0,0.0041438146,inner_val
ISIC_5922056,0,0.011745436,inner_val
ISIC_5922931,0,0.015443622,inner_val
ISIC_5924147,0,0.01293644,inner_val
ISIC_5924239,0,0.009607528,inner_val
ISIC_5926079,0,0.0017255421,inner_val
ISIC_5932704,0,0.048707217,inner_val
ISIC_5933559,0,0.013292973,inner_val
ISIC_5939646,0,0.001704458,inner_val
ISIC_5945155,0,0.004120754,inner_val
ISIC_5950116,0,0.040216006,inner_val
ISIC_5950302,0,0.0017425856,inner_val
ISIC_5955084,0,0.0030400497,inner_val
ISIC_5955730,0,0.007136779,inner_val
ISIC_5956170,0,0.039062556,inner_val
ISIC_5958246,0,0.11912847,inner_val
ISIC_5959591,0,0.012135092,inner_val
ISIC_5961092,0,0.0010164285,inner_val
ISIC_5966190,0,0.0075583253,inner_val
ISIC_5969837,0,0.031648405,inner_val
ISIC_5970180,0,0.0022559778,inner_val
ISIC_5976039,0,0.009788117,inner_val
ISIC_5978259,0,0.00905755,inner_val
ISIC_5986798,0,0.0012774323,inner_val
ISIC_5997266,0,0.05588485,inner_val
ISIC_5997454,0,0.0024877968,inner_val
ISIC_5997532,0,0.009069514,inner_val
ISIC_5999002,0,0.0014474647,inner_val
ISIC_5999832,0,0.0044724117,inner_val
ISIC_6003124,0,0.0012540228,inner_val
ISIC_6003407,0,0.013684805,inner_val
ISIC_6003500,0,0.0012646037,inner_val
ISIC_6007546,0,0.012319965,inner_val
ISIC_6008926,0,0.0018662508,inner_val
ISIC_6010018,0,0.0031754526,inner_val
ISIC_6013764,0,0.0057935026,inner_val
ISIC_6018905,0,0.0123855,inner_val
ISIC_6019120,0,0.0992336,inner_val
ISIC_6023428,0,0.0033255748,inner_val
ISIC_6026244,0,0.0014744061,inner_val
ISIC_6033220,0,0.003549941,inner_val
ISIC_6034125,0,0.0020113087,inner_val
ISIC_6037853,0,0.00852485,inner_val
ISIC_6038253,0,0.049474467,inner_val
ISIC_6039516,0,0.0024818187,inner_val
ISIC_6045832,0,0.0015574329,inner_val
ISIC_6050597,0,0.004350764,inner_val
ISIC_6052437,0,0.0029565727,inner_val
ISIC_6057809,0,0.0016718619,inner_val
ISIC_6066129,0,0.003676755,inner_val
ISIC_6071391,0,0.003425965,inner_val
ISIC_6080906,0,0.0069231046,inner_val
ISIC_6081901,0,0.005852432,inner_val
ISIC_6089798,0,0.003990032,inner_val
ISIC_6089817,0,0.0016733332,inner_val
ISIC_6091348,0,0.012018925,inner_val
ISIC_6092704,0,0.016773406,inner_val
ISIC_6092800,0,0.009747774,inner_val
ISIC_6096977,0,0.008698769,inner_val
ISIC_6097616,0,0.004692344,inner_val
ISIC_6102502,0,0.0014191977,inner_val
ISIC_6108396,0,0.0053410614,inner_val
ISIC_6109464,0,0.0043783104,inner_val
ISIC_6117024,0,0.0030299113,inner_val
ISIC_6118824,0,0.0027221628,inner_val
ISIC_6119386,0,0.027299227,inner_val
ISIC_6122799,0,0.0015522792,inner_val
ISIC_6123657,0,0.031339012,inner_val
ISIC_6126056,0,0.018073246,inner_val
ISIC_6129219,0,0.0033626386,inner_val
ISIC_6132725,0,0.031856716,inner_val
ISIC_6133466,0,0.0027881213,inner_val
ISIC_6134767,0,0.0023195469,inner_val
ISIC_6134930,0,0.0251584,inner_val
ISIC_6137928,0,0.012292667,inner_val
ISIC_6139375,0,0.003823223,inner_val
ISIC_6143929,0,0.017420892,inner_val
ISIC_6146357,0,0.011613027,inner_val
ISIC_6147033,0,0.002458262,inner_val
ISIC_6148967,0,0.0019678671,inner_val
ISIC_6150484,0,0.0059758844,inner_val
ISIC_6159276,0,0.0045710993,inner_val
ISIC_6159783,0,0.005554775,inner_val
ISIC_6159865,0,0.0024464736,inner_val
ISIC_6163509,0,0.009044749,inner_val
ISIC_6166761,0,0.002196212,inner_val
ISIC_6167377,0,0.0019945647,inner_val
ISIC_6177158,0,0.0038401647,inner_val
ISIC_6177730,0,0.0021953606,inner_val
ISIC_6178149,0,0.011545463,inner_val
ISIC_6178740,0,0.017815148,inner_val
ISIC_6180938,0,0.054501038,inner_val
ISIC_6185146,0,0.0033387186,inner_val
ISIC_6186492,0,0.008253018,inner_val
ISIC_6190245,0,0.035046216,inner_val
ISIC_6198121,0,0.001533766,inner_val
ISIC_6200373,0,0.0014173371,inner_val
ISIC_6201338,0,0.0017115794,inner_val
ISIC_6211801,0,0.011607446,inner_val
ISIC_6216283,0,0.0018793843,inner_val
ISIC_6217135,0,0.003475698,inner_val
ISIC_6217831,0,0.009058526,inner_val
ISIC_6220784,0,0.0026813962,inner_val
ISIC_6223767,0,0.0030636003,inner_val
ISIC_6224915,0,0.014782061,inner_val
ISIC_6227397,0,0.015636567,inner_val
ISIC_6227920,0,0.0016410568,inner_val
ISIC_6228625,0,0.0027250526,inner_val
ISIC_6236556,0,0.0051214057,inner_val
ISIC_6238016,0,0.007830034,inner_val
ISIC_6238658,0,0.0020697727,inner_val
ISIC_6240945,0,0.013369394,inner_val
ISIC_6243521,0,0.0048479945,inner_val
ISIC_6243879,0,0.009495674,inner_val
ISIC_6251447,0,0.002440779,inner_val
ISIC_6251753,1,0.010381321,inner_val
ISIC_6253947,0,0.0013233084,inner_val
ISIC_6255113,1,0.12545243,inner_val
ISIC_6258744,0,0.0129174935,inner_val
ISIC_6260673,0,0.001832199,inner_val
ISIC_6263736,0,0.07949491,inner_val
ISIC_6264845,0,0.0019585653,inner_val
ISIC_6269503,0,0.0020760817,inner_val
ISIC_6278647,0,0.01874191,inner_val
ISIC_6279936,0,0.0030093777,inner_val
ISIC_6282858,0,0.0034980208,inner_val
ISIC_6285376,0,0.11198728,inner_val
ISIC_6286014,0,0.0029607362,inner_val
ISIC_6289346,0,0.013531531,inner_val
ISIC_6289835,0,0.011386383,inner_val
ISIC_6290159,0,0.0019481973,inner_val
ISIC_6295310,0,0.049574148,inner_val
ISIC_6298988,0,0.0039219237,inner_val
ISIC_6301774,0,0.025005767,inner_val
ISIC_6307553,0,0.0074130003,inner_val
ISIC_6320012,0,0.105633095,inner_val
ISIC_6323573,0,0.0023171434,inner_val
ISIC_6325673,0,0.0025428846,inner_val
ISIC_6326012,0,0.02147941,inner_val
ISIC_6329930,0,0.011888284,inner_val
ISIC_6332165,0,0.0018590392,inner_val
ISIC_6332618,0,0.008808544,inner_val
ISIC_6334419,0,0.002664964,inner_val
ISIC_6337982,0,0.010809308,inner_val
ISIC_6338078,0,0.0011825304,inner_val
ISIC_6342060,0,0.0025299485,inner_val
ISIC_6342820,0,0.0009887759,inner_val
ISIC_6347261,0,0.005717088,inner_val
ISIC_6347332,0,0.00475906,inner_val
ISIC_6349205,0,0.06484245,inner_val
ISIC_6352994,0,0.004569238,inner_val
ISIC_6354194,0,0.013295326,inner_val
ISIC_6356522,0,0.014964057,inner_val
ISIC_6362735,0,0.0016344734,inner_val
ISIC_6365920,0,0.0020722945,inner_val
ISIC_6370142,0,0.0035490773,inner_val
ISIC_6370748,0,0.0023235206,inner_val
ISIC_6370792,0,0.021235654,inner_val
ISIC_6372726,0,0.007292853,inner_val
ISIC_6373689,0,0.0024333873,inner_val
ISIC_6383949,0,0.0019798807,inner_val
ISIC_6385216,0,0.0006826483,inner_val
ISIC_6388940,0,0.0054034647,inner_val
ISIC_6390756,0,0.02677186,inner_val
ISIC_6391567,0,0.0076914895,inner_val
ISIC_6392089,0,0.017671304,inner_val
ISIC_6398519,0,0.009325375,inner_val
ISIC_6400279,0,0.022572631,inner_val
ISIC_6403739,0,0.03220971,inner_val
ISIC_6407239,0,0.01468928,inner_val
ISIC_6412112,0,0.0021769041,inner_val
ISIC_6414006,0,0.004512724,inner_val
ISIC_6416533,0,0.0722034,inner_val
ISIC_6416559,0,0.06543434,inner_val
ISIC_6417037,0,0.0043121283,inner_val
ISIC_6418122,0,0.0016260474,inner_val
ISIC_6421507,0,0.0022182916,inner_val
ISIC_6424460,0,0.008252707,inner_val
ISIC_6425531,0,0.008689916,inner_val
ISIC_6427086,0,0.0031655307,inner_val
ISIC_6430323,0,0.012461549,inner_val
ISIC_6433284,0,0.005147873,inner_val
ISIC_6434618,0,0.001823473,inner_val
ISIC_6436107,0,0.004218804,inner_val
ISIC_6436998,0,0.0027076025,inner_val
ISIC_6437676,0,0.0030671766,inner_val
ISIC_6441689,0,0.0060427776,inner_val
ISIC_6446779,0,0.0014289354,inner_val
ISIC_6450123,0,0.0053256163,inner_val
ISIC_6455034,0,0.0027308124,inner_val
ISIC_6461419,0,0.01047129,inner_val
ISIC_6463222,0,0.0010307963,inner_val
ISIC_6464509,0,0.008076246,inner_val
ISIC_6473760,0,0.0017855706,inner_val
ISIC_6482425,0,0.020849386,inner_val
ISIC_6486810,0,0.005550322,inner_val
ISIC_6490926,0,0.0043865014,inner_val
ISIC_6494974,0,0.001445267,inner_val
ISIC_6497801,0,0.011303758,inner_val
ISIC_6499613,0,0.025754517,inner_val
ISIC_6504118,0,0.008988299,inner_val
ISIC_6512653,1,0.02296969,inner_val
ISIC_6521087,0,0.008848526,inner_val
ISIC_6527127,0,0.0038016976,inner_val
ISIC_6527570,0,0.003368906,inner_val
ISIC_6531003,0,0.0018091291,inner_val
ISIC_6532096,0,0.0011414074,inner_val
ISIC_6537513,0,0.00434628,inner_val
ISIC_6542162,0,0.010900019,inner_val
ISIC_6544010,0,0.006066805,inner_val
ISIC_6544410,0,0.0070044417,inner_val
ISIC_6549919,0,0.0024283864,inner_val
ISIC_6552884,0,0.033024717,inner_val
ISIC_6553951,0,0.11517515,inner_val
ISIC_6557642,0,0.0017618949,inner_val
ISIC_6559840,0,0.011129489,inner_val
ISIC_6562217,0,0.0012045583,inner_val
ISIC_6570291,0,0.017017992,inner_val
ISIC_6571026,0,0.005336033,inner_val
ISIC_6573731,0,0.008847877,inner_val
ISIC_6574042,0,0.008675978,inner_val
ISIC_6574851,0,0.0060566003,inner_val
ISIC_6579382,0,0.0019218298,inner_val
ISIC_6580386,0,0.0036863275,inner_val
ISIC_6587979,0,0.041235447,inner_val
ISIC_6594464,0,0.02422969,inner_val
ISIC_6595273,0,0.027841652,inner_val
ISIC_6600158,0,0.030508615,inner_val
ISIC_6600225,0,0.010986243,inner_val
ISIC_6600424,0,0.002220674,inner_val
ISIC_6612179,0,0.0037919544,inner_val
ISIC_6613079,0,0.0038212875,inner_val
ISIC_6613239,0,0.0062467926,inner_val
ISIC_6619276,0,0.00153777,inner_val
ISIC_6619934,0,0.0020005715,inner_val
ISIC_6619962,0,0.0025984356,inner_val
ISIC_6624154,0,0.001688895,inner_val
ISIC_6628721,0,0.0012021431,inner_val
ISIC_6635590,0,0.001255933,inner_val
ISIC_6635931,0,0.0033575834,inner_val
ISIC_6637946,0,0.002099909,inner_val
ISIC_6647501,0,0.0026507175,inner_val
ISIC_6651570,0,0.002927073,inner_val
ISIC_6652021,0,0.0019275564,inner_val
ISIC_6662566,0,0.0035778605,inner_val
ISIC_6662941,0,0.014445646,inner_val
ISIC_6666623,0,0.0020666192,inner_val
ISIC_6668197,0,0.0031149848,inner_val
ISIC_6670242,0,0.011324907,inner_val
ISIC_6671451,0,0.002756858,inner_val
ISIC_6673506,0,0.0022033637,inner_val
ISIC_6673669,0,0.0051467256,inner_val
ISIC_6679126,0,0.0012830102,inner_val
ISIC_6683370,0,0.0013282873,inner_val
ISIC_6684371,0,0.0019284905,inner_val
ISIC_6691217,0,0.00474359,inner_val
ISIC_6694724,0,0.023970434,inner_val
ISIC_6697013,0,0.004277317,inner_val
ISIC_6699023,0,0.01963969,inner_val
ISIC_6700416,0,0.033762995,inner_val
ISIC_6706365,0,0.05572789,inner_val
ISIC_6712342,0,0.028810617,inner_val
ISIC_6712464,0,0.0017098872,inner_val
ISIC_6712655,0,0.0019579001,inner_val
ISIC_6712836,0,0.0045389617,inner_val
ISIC_6719226,0,0.053815525,inner_val
ISIC_6722945,0,0.03189302,inner_val
ISIC_6724946,0,0.008143297,inner_val
ISIC_6731470,0,0.0017817173,inner_val
ISIC_6731651,0,0.008672505,inner_val
ISIC_6732560,0,0.001077753,inner_val
ISIC_6734859,0,0.0054559642,inner_val
ISIC_6739241,0,0.055548664,inner_val
ISIC_6743860,0,0.0048961365,inner_val
ISIC_6749024,0,0.0036543298,inner_val
ISIC_6749926,0,0.003944738,inner_val
ISIC_6760475,0,0.0019450077,inner_val
ISIC_6761269,0,0.005743312,inner_val
ISIC_6762560,0,0.0035746577,inner_val
ISIC_6762833,0,0.0029704887,inner_val
ISIC_6764717,0,0.0039377105,inner_val
ISIC_6767379,0,0.0033142525,inner_val
ISIC_6769445,0,0.007539084,inner_val
ISIC_6771724,0,0.0057834177,inner_val
ISIC_6773042,0,0.0069408566,inner_val
ISIC_6773833,0,0.0041663274,inner_val
ISIC_6776434,0,0.009896793,inner_val
ISIC_6777153,0,0.0046288217,inner_val
ISIC_6778936,0,0.003130425,inner_val
ISIC_6779421,0,0.008805368,inner_val
ISIC_6782248,0,0.0017200976,inner_val
ISIC_6782898,0,0.0032175684,inner_val
ISIC_6787039,0,0.003211872,inner_val
ISIC_6788130,0,0.011654378,inner_val
ISIC_6789222,0,0.004842973,inner_val
ISIC_6792398,0,0.009623557,inner_val
ISIC_6795622,0,0.0020238312,inner_val
ISIC_6806545,0,0.001313822,inner_val
ISIC_6807667,0,0.008349799,inner_val
ISIC_6810219,0,0.015163336,inner_val
ISIC_6814007,0,0.010875761,inner_val
ISIC_6815451,0,0.005108434,inner_val
ISIC_6824744,0,0.005443879,inner_val
ISIC_6828892,0,0.001673075,inner_val
ISIC_6829008,1,0.009511356,inner_val
ISIC_6829909,0,0.0036080726,inner_val
ISIC_6832628,0,0.011337107,inner_val
ISIC_6844329,0,0.004034397,inner_val
ISIC_6850647,0,0.0021538353,inner_val
ISIC_6853584,0,0.026498713,inner_val
ISIC_6855941,0,0.002621542,inner_val
ISIC_6856054,0,0.007190217,inner_val
ISIC_6860064,0,0.0021084934,inner_val
ISIC_6860222,0,0.0019278426,inner_val
ISIC_6862411,0,0.0021003124,inner_val
ISIC_6863391,0,0.009496786,inner_val
ISIC_6864170,0,0.016433325,inner_val
ISIC_6864484,0,0.005199673,inner_val
ISIC_6864553,0,0.0022009455,inner_val
ISIC_6865997,0,0.0051324554,inner_val
ISIC_6867543,0,0.0072351783,inner_val
ISIC_6877742,0,0.013162427,inner_val
ISIC_6886237,0,0.0077827927,inner_val
ISIC_6888090,0,0.0030796507,inner_val
ISIC_6893147,0,0.06597237,inner_val
ISIC_6900448,0,0.010069741,inner_val
ISIC_6900559,0,0.011689081,inner_val
ISIC_6902487,0,0.009972482,inner_val
ISIC_6905623,0,0.0032865156,inner_val
ISIC_6908183,0,0.001061222,inner_val
ISIC_6909624,0,0.028792832,inner_val
ISIC_6909749,0,0.011750064,inner_val
ISIC_6911333,0,0.002074937,inner_val
ISIC_6917681,0,0.015662149,inner_val
ISIC_6920867,0,0.028609246,inner_val
ISIC_6926716,0,0.0022012305,inner_val
ISIC_6927363,0,0.0023132171,inner_val
ISIC_6928308,0,0.019675443,inner_val
ISIC_6928442,0,0.003954329,inner_val
ISIC_6932481,0,0.0027524356,inner_val
ISIC_6933509,0,0.0043969243,inner_val
ISIC_6933573,0,0.0022414406,inner_val
ISIC_6951506,0,0.0019852228,inner_val
ISIC_6953334,0,0.036690604,inner_val
ISIC_6958534,0,0.0025634274,inner_val
ISIC_6965441,0,0.0510162,inner_val
ISIC_6968933,0,0.0021784978,inner_val
ISIC_6976235,0,0.006370893,inner_val
ISIC_6976570,0,0.002157119,inner_val
ISIC_6981061,0,0.007864337,inner_val
ISIC_6981433,0,0.04282503,inner_val
ISIC_6982406,0,0.055918764,inner_val
ISIC_6983347,0,0.0037933025,inner_val
ISIC_6996606,0,0.016353546,inner_val
ISIC_7001072,0,0.0084708845,inner_val
ISIC_7004857,0,0.0017514251,inner_val
ISIC_7006530,0,0.002250911,inner_val
ISIC_7009118,0,0.19580631,inner_val
ISIC_7011122,0,0.0023183224,inner_val
ISIC_7014092,0,0.0018682905,inner_val
ISIC_7024161,0,0.003964254,inner_val
ISIC_7025303,0,0.005286883,inner_val
ISIC_7030404,0,0.008939868,inner_val
ISIC_7030461,0,0.0016888935,inner_val
ISIC_7038742,0,0.0020310518,inner_val
ISIC_7039465,0,0.0071557453,inner_val
ISIC_7045042,0,0.016944874,inner_val
ISIC_7050575,0,0.015747743,inner_val
ISIC_7051800,0,0.0014419683,inner_val
ISIC_7052503,0,0.0040038493,inner_val
ISIC_7052658,0,0.0028646009,inner_val
ISIC_7054053,0,0.005588229,inner_val
ISIC_7056620,0,0.019979408,inner_val
ISIC_7057515,0,0.0042544375,inner_val
ISIC_7059744,0,0.030560194,inner_val
ISIC_7059794,0,0.0011314987,inner_val
ISIC_7062293,0,0.0014428088,inner_val
ISIC_7062360,0,0.0100874575,inner_val
ISIC_7063995,0,0.0016311357,inner_val
ISIC_7067677,0,0.01294504,inner_val
ISIC_7070684,0,0.008016031,inner_val
ISIC_7073459,0,0.03871155,inner_val
ISIC_7076677,0,0.0014515104,inner_val
ISIC_7086611,0,0.004817974,inner_val
ISIC_7086619,0,0.0031276231,inner_val
ISIC_7095039,0,0.0037185664,inner_val
ISIC_7096320,0,0.0042246734,inner_val
ISIC_7100813,0,0.011258522,inner_val
ISIC_7109307,0,0.015182774,inner_val
ISIC_7109817,0,0.003936011,inner_val
ISIC_7124160,0,0.0065607675,inner_val
ISIC_7124766,0,0.041987747,inner_val
ISIC_7125870,0,0.006128535,inner_val
ISIC_7129509,0,0.0024199525,inner_val
ISIC_7134821,0,0.021340316,inner_val
ISIC_7138875,0,0.056634396,inner_val
ISIC_7139532,0,0.0021629783,inner_val
ISIC_7140243,0,0.00195919,inner_val
ISIC_7140778,0,0.0030644566,inner_val
ISIC_7141361,0,0.0015599934,inner_val
ISIC_7156796,0,0.111387596,inner_val
ISIC_7164134,0,0.020584352,inner_val
ISIC_7166317,0,0.0033376715,inner_val
ISIC_7167085,0,0.0028865791,inner_val
ISIC_7167811,0,0.0013903102,inner_val
ISIC_7167947,0,0.006022876,inner_val
ISIC_7168122,0,0.0358686,inner_val
ISIC_7173333,0,0.006282664,inner_val
ISIC_7173973,0,0.0011177011,inner_val
ISIC_7175697,0,0.044789772,inner_val
ISIC_7181774,0,0.0021857636,inner_val
ISIC_7187459,0,0.0045108995,inner_val
ISIC_7187713,0,0.0069527547,inner_val
ISIC_7189167,0,0.018217847,inner_val
ISIC_7189351,0,0.002344118,inner_val
ISIC_7198004,0,0.039105203,inner_val
ISIC_7198492,0,0.002236381,inner_val
ISIC_7199089,0,0.0075351964,inner_val
ISIC_7201189,0,0.0031414574,inner_val
ISIC_7205267,0,0.003307145,inner_val
ISIC_7215208,0,0.0049604117,inner_val
ISIC_7218530,0,0.005545742,inner_val
ISIC_7220105,0,0.010114663,inner_val
ISIC_7225873,0,0.0018846061,inner_val
ISIC_7226974,0,0.0016781656,inner_val
ISIC_7230713,0,0.067426816,inner_val
ISIC_7231313,0,0.051355157,inner_val
ISIC_7233665,0,0.005268614,inner_val
ISIC_7234197,0,0.022717757,inner_val
ISIC_7239245,0,0.0048244786,inner_val
ISIC_7241549,0,0.0019826076,inner_val
ISIC_7244604,0,0.046847563,inner_val
ISIC_7244873,0,0.0074962713,inner_val
ISIC_7250007,0,0.002006519,inner_val
ISIC_7250445,0,0.046737924,inner_val
ISIC_7250640,0,0.009054674,inner_val
ISIC_7252425,0,0.0021391597,inner_val
ISIC_7255637,0,0.0024011128,inner_val
ISIC_7256560,0,0.0055119973,inner_val
ISIC_7261519,0,0.004075679,inner_val
ISIC_7261681,0,0.0016291032,inner_val
ISIC_7264231,0,0.061918225,inner_val
ISIC_7264599,0,0.0019180459,inner_val
ISIC_7266571,0,0.022132615,inner_val
ISIC_7266736,0,0.0017430284,inner_val
ISIC_7271745,0,0.002303391,inner_val
ISIC_7274757,0,0.003606102,inner_val
ISIC_7276864,0,0.032726415,inner_val
ISIC_7278885,0,0.0019162694,inner_val
ISIC_7284607,0,0.03348779,inner_val
ISIC_7288992,0,0.019180788,inner_val
ISIC_7292853,0,0.114137955,inner_val
ISIC_7293761,0,0.0026826335,inner_val
ISIC_7296463,0,0.0039763544,inner_val
ISIC_7296583,0,0.02571877,inner_val
ISIC_7299025,0,0.0035883337,inner_val
ISIC_7301963,0,0.0014817494,inner_val
ISIC_7306131,0,0.0036661741,inner_val
ISIC_7307860,0,0.0011398972,inner_val
ISIC_7307866,0,0.0027304343,inner_val
ISIC_7308572,0,0.013541394,inner_val
ISIC_7308784,0,0.016625844,inner_val
ISIC_7309194,0,0.045543205,inner_val
ISIC_7315258,0,0.016602097,inner_val
ISIC_7315620,0,0.021004092,inner_val
ISIC_7315685,0,0.016707085,inner_val
ISIC_7319169,0,0.0011521687,inner_val
ISIC_7319686,0,0.02093853,inner_val
ISIC_7322727,0,0.0057382314,inner_val
ISIC_7332892,0,0.014064766,inner_val
ISIC_7335095,0,0.009331565,inner_val
ISIC_7343496,0,0.0016778304,inner_val
ISIC_7346224,0,0.0013544996,inner_val
ISIC_7346228,1,0.13015288,inner_val
ISIC_7350199,0,0.01036396,inner_val
ISIC_7352489,0,0.0013604641,inner_val
ISIC_7353097,0,0.0034652178,inner_val
ISIC_7355653,0,0.0013854674,inner_val
ISIC_7363187,0,0.002022523,inner_val
ISIC_7365523,0,0.0066853072,inner_val
ISIC_7365615,0,0.036300566,inner_val
ISIC_7366144,0,0.0011801118,inner_val
ISIC_7369690,0,0.0821157,inner_val
ISIC_7373240,0,0.0017734473,inner_val
ISIC_7375419,0,0.004884569,inner_val
ISIC_7376684,0,0.0012908366,inner_val
ISIC_7376872,0,0.02037513,inner_val
ISIC_7381098,0,0.008326678,inner_val
ISIC_7383521,0,0.008405391,inner_val
ISIC_7385112,0,0.0041387216,inner_val
ISIC_7386566,0,0.002259499,inner_val
ISIC_7391200,0,0.003955994,inner_val
ISIC_7393085,0,0.0137342885,inner_val
ISIC_7399973,0,0.0020755066,inner_val
ISIC_7400458,0,0.015146568,inner_val
ISIC_7405224,0,0.019616721,inner_val
ISIC_7406107,0,0.0018775084,inner_val
ISIC_7406359,0,0.05320384,inner_val
ISIC_7411913,0,0.00077247975,inner_val
ISIC_7412559,0,0.0025276644,inner_val
ISIC_7413149,0,0.0073994095,inner_val
ISIC_7417933,0,0.0079694595,inner_val
ISIC_7424079,0,0.0010108376,inner_val
ISIC_7428248,0,0.0014573719,inner_val
ISIC_7435292,0,0.0021820292,inner_val
ISIC_7442476,0,0.003157794,inner_val
ISIC_7447716,0,0.02566488,inner_val
ISIC_7452348,0,0.04951094,inner_val
ISIC_7452815,0,0.0017850522,inner_val
ISIC_7454487,0,0.0039270814,inner_val
ISIC_7457750,0,0.026831212,inner_val
ISIC_7457969,0,0.008640672,inner_val
ISIC_7464309,0,0.006837988,inner_val
ISIC_7465470,0,0.011253307,inner_val
ISIC_7477061,0,0.0028558385,inner_val
ISIC_7489925,0,0.00981527,inner_val
ISIC_7492471,0,0.054909345,inner_val
ISIC_7494625,0,0.004798092,inner_val
ISIC_7498410,0,0.022965593,inner_val
ISIC_7505863,0,0.0036352458,inner_val
ISIC_7506288,0,0.0039167316,inner_val
ISIC_7507224,0,0.002325509,inner_val
ISIC_7508382,0,0.009016423,inner_val
ISIC_7509284,0,0.01705235,inner_val
ISIC_7511365,0,0.0032987297,inner_val
ISIC_7511781,0,0.14788415,inner_val
ISIC_7519841,0,0.008336755,inner_val
ISIC_7526530,0,0.01100827,inner_val
ISIC_7526857,0,0.0015098326,inner_val
ISIC_7528996,0,0.0043360246,inner_val
ISIC_7531633,0,0.0014862169,inner_val
ISIC_7535412,0,0.0017126601,inner_val
ISIC_7539729,0,0.0014145762,inner_val
ISIC_7544537,0,0.0077327164,inner_val
ISIC_7547058,0,0.0027954427,inner_val
ISIC_7549766,0,0.0055942684,inner_val
ISIC_7550917,0,0.0037457568,inner_val
ISIC_7556341,0,0.0014566574,inner_val
ISIC_7560723,0,0.0030589143,inner_val
ISIC_7563283,0,0.0026139636,inner_val
ISIC_7564217,0,0.0043401187,inner_val
ISIC_7565128,0,0.0013265914,inner_val
ISIC_7567861,0,0.07914722,inner_val
ISIC_7571230,0,0.003755667,inner_val
ISIC_7594368,0,0.028575948,inner_val
ISIC_7596681,0,0.0020394118,inner_val
ISIC_7600232,0,0.0012306055,inner_val
ISIC_7601450,0,0.034874603,inner_val
ISIC_7604178,0,0.0015681919,inner_val
ISIC_7606849,0,0.0033683155,inner_val
ISIC_7606860,0,0.056151662,inner_val
ISIC_7607166,0,0.0034961195,inner_val
ISIC_7611464,0,0.007738708,inner_val
ISIC_7611850,0,0.022688339,inner_val
ISIC_7612324,0,0.001926577,inner_val
ISIC_7612417,0,0.0044847126,inner_val
ISIC_7621067,0,0.0028985993,inner_val
ISIC_7621899,0,0.030181902,inner_val
ISIC_7641157,0,0.0069483966,inner_val
ISIC_7645625,0,0.1368401,inner_val
ISIC_7645850,0,0.0038896464,inner_val
ISIC_7646167,0,0.0035279733,inner_val
ISIC_7647076,0,0.0021654663,inner_val
ISIC_7649260,0,0.0023675472,inner_val
ISIC_7654071,0,0.002300503,inner_val
ISIC_7658276,0,0.003985341,inner_val
ISIC_7658431,0,0.18092836,inner_val
ISIC_7666224,0,0.001988058,inner_val
ISIC_7668345,0,0.0016198794,inner_val
ISIC_7670923,0,0.0056661833,inner_val
ISIC_7681336,0,0.07044574,inner_val
ISIC_7682485,0,0.041083675,inner_val
ISIC_7685237,0,0.04748602,inner_val
ISIC_7696218,0,0.006033966,inner_val
ISIC_7702857,0,0.014115544,inner_val
ISIC_7704900,0,0.0047390107,inner_val
ISIC_7707513,0,0.0019594615,inner_val
ISIC_7708255,0,0.0033848477,inner_val
ISIC_7711715,0,0.0057492647,inner_val
ISIC_7715233,0,0.004565384,inner_val
ISIC_7719553,0,0.016718244,inner_val
ISIC_7720522,0,0.0026991896,inner_val
ISIC_7720684,0,0.016278774,inner_val
ISIC_7730443,0,0.26901987,inner_val
ISIC_7735102,0,0.010560155,inner_val
ISIC_7737316,0,0.0015911608,inner_val
ISIC_7739752,0,0.006109584,inner_val
ISIC_7746479,0,0.0031128475,inner_val
ISIC_7746898,0,0.003917026,inner_val
ISIC_7748767,0,0.0023549374,inner_val
ISIC_7750956,0,0.0039275144,inner_val
ISIC_7753307,0,0.0126082925,inner_val
ISIC_7754743,0,0.002534917,inner_val
ISIC_7755194,0,0.002435818,inner_val
ISIC_7764021,0,0.02452606,inner_val
ISIC_7764987,0,0.0016643291,inner_val
ISIC_7768638,0,0.007135205,inner_val
ISIC_7768782,0,0.057610463,inner_val
ISIC_7770394,0,0.0028193854,inner_val
ISIC_7772950,0,0.016345073,inner_val
ISIC_7776360,0,0.0036113262,inner_val
ISIC_7778234,0,0.0044970494,inner_val
ISIC_7778842,0,0.095912255,inner_val
ISIC_7780812,0,0.0030236305,inner_val
ISIC_7782029,0,0.03147856,inner_val
ISIC_7784090,0,0.0066202953,inner_val
ISIC_7784703,0,0.009076949,inner_val
ISIC_7785457,0,0.12646933,inner_val
ISIC_7793859,0,0.0035405548,inner_val
ISIC_7795549,0,0.0019285034,inner_val
ISIC_7796822,0,0.008471894,inner_val
ISIC_7797853,0,0.005416216,inner_val
ISIC_7798048,0,0.004060377,inner_val
ISIC_7799517,0,0.027572852,inner_val
ISIC_7801961,0,0.009310783,inner_val
ISIC_7803426,0,0.014769545,inner_val
ISIC_7806637,0,0.004829694,inner_val
ISIC_7807526,0,0.015931543,inner_val
ISIC_7808556,0,0.009615926,inner_val
ISIC_7818740,0,0.026726259,inner_val
ISIC_7820042,0,0.0035349606,inner_val
ISIC_7820044,0,0.005582609,inner_val
ISIC_7821647,0,0.002438058,inner_val
ISIC_7821675,0,0.009623721,inner_val
ISIC_7825342,0,0.005532816,inner_val
ISIC_7828712,0,0.021772252,inner_val
ISIC_7829883,0,0.004334551,inner_val
ISIC_7836288,0,0.0015094271,inner_val
ISIC_7837503,0,0.0011650743,inner_val
ISIC_7844825,1,0.009583009,inner_val
ISIC_7861117,0,0.04828453,inner_val
ISIC_7866488,0,0.17631909,inner_val
ISIC_7869255,0,0.0014289689,inner_val
ISIC_7877034,0,0.006283611,inner_val
ISIC_7880793,0,0.0027143348,inner_val
ISIC_7885845,0,0.0022844428,inner_val
ISIC_7886280,0,0.001217953,inner_val
ISIC_7888236,0,0.0048277443,inner_val
ISIC_7889231,0,0.106301494,inner_val
ISIC_7890630,0,0.0151735945,inner_val
ISIC_7896548,0,0.0072643394,inner_val
ISIC_7897363,0,0.002822409,inner_val
ISIC_7901786,0,0.008215177,inner_val
ISIC_7902978,0,0.0011703623,inner_val
ISIC_7906421,0,0.075104974,inner_val
ISIC_7906462,0,0.0026397351,inner_val
ISIC_7909667,0,0.0053323493,inner_val
ISIC_7909916,0,0.0019560356,inner_val
ISIC_7912334,0,0.0010223191,inner_val
ISIC_7927285,0,0.0042692437,inner_val
ISIC_7932749,0,0.0071543166,inner_val
ISIC_7933514,0,0.0016754445,inner_val
ISIC_7933945,0,0.0012434153,inner_val
ISIC_7936961,0,0.002580898,inner_val
ISIC_7939511,0,0.0040330733,inner_val
ISIC_7939816,1,0.10780475,inner_val
ISIC_7948999,0,0.062267043,inner_val
ISIC_7954538,0,0.0029578733,inner_val
ISIC_7960892,0,0.0051970887,inner_val
ISIC_7961805,0,0.023926893,inner_val
ISIC_7966605,0,0.0014768343,inner_val
ISIC_7968800,0,0.0015519394,inner_val
ISIC_7973296,0,0.003257264,inner_val
ISIC_7973714,0,0.006508699,inner_val
ISIC_7974945,0,0.0028863817,inner_val
ISIC_7975420,0,0.022058371,inner_val
ISIC_7980339,0,0.0034469345,inner_val
ISIC_7980625,0,0.049626082,inner_val
ISIC_7981196,0,0.0019741913,inner_val
ISIC_7993774,0,0.021555211,inner_val
ISIC_7995237,0,0.005151156,inner_val
ISIC_7997132,0,0.002254405,inner_val
ISIC_7999342,0,0.0010340563,inner_val
ISIC_8003465,0,0.09655387,inner_val
ISIC_8004013,0,0.0045949407,inner_val
ISIC_8005770,0,0.0073749935,inner_val
ISIC_8012737,0,0.013507664,inner_val
ISIC_8017569,0,0.0013778677,inner_val
ISIC_8022003,0,0.016383326,inner_val
ISIC_8028682,0,0.0048973216,inner_val
ISIC_8035608,0,0.003434552,inner_val
ISIC_8044518,0,0.0037210227,inner_val
ISIC_8045383,0,0.0039282585,inner_val
ISIC_8047129,0,0.0044207345,inner_val
ISIC_8047390,0,0.001409834,inner_val
ISIC_8048290,0,0.0025291496,inner_val
ISIC_8051791,0,0.05566753,inner_val
ISIC_8052877,0,0.0017932259,inner_val
ISIC_8052972,0,0.00574123,inner_val
ISIC_8054710,0,0.0860141,inner_val
ISIC_8059361,0,0.0040052854,inner_val
ISIC_8060329,0,0.0032915398,inner_val
ISIC_8061791,0,0.0012400163,inner_val
ISIC_8063080,0,0.00553737,inner_val
ISIC_8065538,0,0.002304943,inner_val
ISIC_8065721,0,0.0056824763,inner_val
ISIC_8070064,0,0.016977312,inner_val
ISIC_8070070,0,0.0405973,inner_val
ISIC_8072117,0,0.0019523267,inner_val
ISIC_8072819,0,0.018903939,inner_val
ISIC_8074281,0,0.02512175,inner_val
ISIC_8077486,0,0.0017165664,inner_val
ISIC_8080577,0,0.002848391,inner_val
ISIC_8083174,0,0.0011028019,inner_val
ISIC_8089369,0,0.0025313424,inner_val
ISIC_8092875,0,0.0017518789,inner_val
ISIC_8094833,0,0.0016246043,inner_val
ISIC_8096907,0,0.0016673268,inner_val
ISIC_8098274,0,0.25280884,inner_val
ISIC_8109950,0,0.0028263275,inner_val
ISIC_8117653,0,0.0017069823,inner_val
ISIC_8122480,0,0.015253649,inner_val
ISIC_8125684,0,0.0012493952,inner_val
ISIC_8129759,0,0.0019707652,inner_val
ISIC_8135849,0,0.0031495222,inner_val
ISIC_8136949,0,0.0010593771,inner_val
ISIC_8137345,0,0.026365854,inner_val
ISIC_8139964,0,0.0013622488,inner_val
ISIC_8140072,0,0.006939466,inner_val
ISIC_8142203,0,0.019077085,inner_val
ISIC_8152481,0,0.06969909,inner_val
ISIC_8153032,0,0.0015482975,inner_val
ISIC_8160180,0,0.0031265335,inner_val
ISIC_8166819,0,0.013415999,inner_val
ISIC_8167374,1,0.077072725,inner_val
ISIC_8167414,0,0.010320825,inner_val
ISIC_8172170,0,0.017649291,inner_val
ISIC_8177391,0,0.0053587165,inner_val
ISIC_8179199,0,0.0041903304,inner_val
ISIC_8179839,0,0.006454099,inner_val
ISIC_8181718,0,0.015921686,inner_val
ISIC_8185167,0,0.013784606,inner_val
ISIC_8188799,0,0.032493524,inner_val
ISIC_8202626,0,0.020946128,inner_val
ISIC_8204804,0,0.0039869575,inner_val
ISIC_8205614,0,0.0025294987,inner_val
ISIC_8207186,0,0.0030758844,inner_val
ISIC_8211756,0,0.009561554,inner_val
ISIC_8220700,0,0.0010940727,inner_val
ISIC_8223110,0,0.035298105,inner_val
ISIC_8225843,0,0.011847431,inner_val
ISIC_8227428,0,0.002963284,inner_val
ISIC_8236820,0,0.022087721,inner_val
ISIC_8236943,0,0.013038892,inner_val
ISIC_8247499,0,0.017856363,inner_val
ISIC_8248922,0,0.008826656,inner_val
ISIC_8250654,0,0.025730012,inner_val
ISIC_8252406,1,0.039669637,inner_val
ISIC_8258907,0,0.0017944487,inner_val
ISIC_8264021,0,0.0057478747,inner_val
ISIC_8264614,0,0.009657275,inner_val
ISIC_8270028,0,0.010530855,inner_val
ISIC_8270072,0,0.007286797,inner_val
ISIC_8274622,0,0.0012864647,inner_val
ISIC_8277301,0,0.0051693297,inner_val
ISIC_8278604,0,0.0025811594,inner_val
ISIC_8286565,0,0.027189413,inner_val
ISIC_8287726,0,0.001166838,inner_val
ISIC_8290994,0,0.0011968863,inner_val
ISIC_8292095,0,0.0047415216,inner_val
ISIC_8295663,0,0.0018923032,inner_val
ISIC_8298434,0,0.019232182,inner_val
ISIC_8300326,0,0.019083364,inner_val
ISIC_8300954,0,0.0023854454,inner_val
ISIC_8301536,0,0.0010950878,inner_val
ISIC_8302321,0,0.001428224,inner_val
ISIC_8312576,0,0.03468057,inner_val
ISIC_8314353,0,0.0018633567,inner_val
ISIC_8316707,0,0.0011734315,inner_val
ISIC_8319711,0,0.00859941,inner_val
ISIC_8320640,0,0.004776337,inner_val
ISIC_8321148,0,0.0008452937,inner_val
ISIC_8330805,0,0.0013682785,inner_val
ISIC_8331313,0,0.014111862,inner_val
ISIC_8335398,0,0.004415344,inner_val
ISIC_8337820,0,0.0043467837,inner_val
ISIC_8338755,0,0.0029246134,inner_val
ISIC_8339129,0,0.009612943,inner_val
ISIC_8340512,0,0.0013923708,inner_val
ISIC_8342541,0,0.0068939785,inner_val
ISIC_8343418,0,0.0014875032,inner_val
ISIC_8344948,0,0.010202567,inner_val
ISIC_8353090,0,0.015599397,inner_val
ISIC_8356528,0,0.005881573,inner_val
ISIC_8357114,0,0.004875693,inner_val
ISIC_8357442,0,0.0034639698,inner_val
ISIC_8360023,0,0.09899904,inner_val
ISIC_8366864,0,0.0021436776,inner_val
ISIC_8370239,0,0.0035507896,inner_val
ISIC_8374895,0,0.004202944,inner_val
ISIC_8375123,0,0.0013374973,inner_val
ISIC_8375331,0,0.001387518,inner_val
ISIC_8375933,0,0.0053527527,inner_val
ISIC_8377218,0,0.0014971422,inner_val
ISIC_8384082,0,0.0054061715,inner_val
ISIC_8389650,0,0.005993241,inner_val
ISIC_8391394,0,0.00751964,inner_val
ISIC_8394030,0,0.00211877,inner_val
ISIC_8395542,0,0.06873542,inner_val
ISIC_8401949,0,0.006299005,inner_val
ISIC_8402962,0,0.0035038397,inner_val
ISIC_8407262,0,0.004453751,inner_val
ISIC_8409850,0,0.011284667,inner_val
ISIC_8409977,0,0.04340369,inner_val
ISIC_8413505,0,0.006830176,inner_val
ISIC_8414421,0,0.0025688733,inner_val
ISIC_8416055,0,0.007010378,inner_val
ISIC_8417655,0,0.007712083,inner_val
ISIC_8422213,0,0.0017325726,inner_val
ISIC_8426130,0,0.0016551047,inner_val
ISIC_8428038,0,0.001690569,inner_val
ISIC_8429798,0,0.022086846,inner_val
ISIC_8429889,0,0.0029099584,inner_val
ISIC_8430002,0,0.011265374,inner_val
ISIC_8430053,0,0.0034259588,inner_val
ISIC_8430286,0,0.09713569,inner_val
ISIC_8431681,0,0.0069782073,inner_val
ISIC_8431949,0,0.00863383,inner_val
ISIC_8436666,0,0.0014705657,inner_val
ISIC_8445109,0,0.05431418,inner_val
ISIC_8447174,0,0.0017524258,inner_val
ISIC_8451168,0,0.001435735,inner_val
ISIC_8452205,0,0.002665278,inner_val
ISIC_8454214,0,0.007590793,inner_val
ISIC_8455853,0,0.016743297,inner_val
ISIC_8455866,0,0.0014390497,inner_val
ISIC_8456275,0,0.005475765,inner_val
ISIC_8458843,0,0.018808188,inner_val
ISIC_8459354,0,0.0092539955,inner_val
ISIC_8461708,0,0.0039018367,inner_val
ISIC_8462364,0,0.028024413,inner_val
ISIC_8466131,0,0.0034984795,inner_val
ISIC_8468778,0,0.010604685,inner_val
ISIC_8475734,0,0.0046797474,inner_val
ISIC_8480641,0,0.0016550377,inner_val
ISIC_8481601,0,0.012940631,inner_val
ISIC_8484867,0,0.0042412747,inner_val
ISIC_8485142,0,0.00090479845,inner_val
ISIC_8491294,0,0.06217654,inner_val
ISIC_8492388,0,0.0020249584,inner_val
ISIC_8492957,0,0.021181278,inner_val
ISIC_8493401,0,0.007690161,inner_val
ISIC_8494027,0,0.007249588,inner_val
ISIC_8494551,0,0.01589572,inner_val
ISIC_8496245,0,0.034320243,inner_val
ISIC_8501844,0,0.016176844,inner_val
ISIC_8503961,0,0.027571581,inner_val
ISIC_8505098,0,0.012331935,inner_val
ISIC_8505182,0,0.005793632,inner_val
ISIC_8515281,0,0.002476083,inner_val
ISIC_8515674,0,0.0018972668,inner_val
ISIC_8516631,0,0.0041335756,inner_val
ISIC_8517305,0,0.0029536292,inner_val
ISIC_8527092,1,0.09341142,inner_val
ISIC_8528497,0,0.04062766,inner_val
ISIC_8531541,0,0.003584396,inner_val
ISIC_8539883,0,0.007576309,inner_val
ISIC_8542407,0,0.0077148317,inner_val
ISIC_8543283,0,0.001970104,inner_val
ISIC_8545097,0,0.025901482,inner_val
ISIC_8545949,1,0.018433122,inner_val
ISIC_8549526,0,0.0019543644,inner_val
ISIC_8557006,0,0.001747201,inner_val
ISIC_8560031,0,0.02600341,inner_val
ISIC_8562717,0,0.05502357,inner_val
ISIC_8572722,0,0.0029898924,inner_val
ISIC_8577966,0,0.002584411,inner_val
ISIC_8580692,0,0.0012570969,inner_val
ISIC_8590181,0,0.0031593374,inner_val
ISIC_8593130,0,0.2860896,inner_val
ISIC_8603734,0,0.009970288,inner_val
ISIC_8610534,0,0.034082636,inner_val
ISIC_8612113,0,0.0020081075,inner_val
ISIC_8616723,0,0.012612325,inner_val
ISIC_8617145,0,0.007601397,inner_val
ISIC_8618260,0,0.0063277227,inner_val
ISIC_8621002,0,0.0031656723,inner_val
ISIC_8622204,0,0.003288766,inner_val
ISIC_8623233,0,0.012882155,inner_val
ISIC_8623743,0,0.001194523,inner_val
ISIC_8626005,0,0.0045202193,inner_val
ISIC_8629932,0,0.0024808473,inner_val
ISIC_8632929,0,0.0012857609,inner_val
ISIC_8633166,0,0.0011564316,inner_val
ISIC_8642670,0,0.001097573,inner_val
ISIC_8644092,0,0.0018976189,inner_val
ISIC_8647135,0,0.016443402,inner_val
ISIC_8651053,0,0.0014414424,inner_val
ISIC_8653749,0,0.0035070179,inner_val
ISIC_8653964,0,0.007678145,inner_val
ISIC_8658618,0,0.007520067,inner_val
ISIC_8661993,0,0.026324436,inner_val
ISIC_8666446,0,0.007723348,inner_val
ISIC_8670418,0,0.0027569747,inner_val
ISIC_8670789,0,0.01941849,inner_val
ISIC_8673238,0,0.002908434,inner_val
ISIC_8674332,0,0.0039000576,inner_val
ISIC_8674558,0,0.0065969704,inner_val
ISIC_8676305,0,0.0021785663,inner_val
ISIC_8680191,0,0.0041317386,inner_val
ISIC_8683098,0,0.0035583405,inner_val
ISIC_8697410,0,0.004608686,inner_val
ISIC_8704668,0,0.004538386,inner_val
ISIC_8705729,0,0.028640058,inner_val
ISIC_8706441,0,0.027344722,inner_val
ISIC_8709211,0,0.0020850294,inner_val
ISIC_8709649,0,0.01960888,inner_val
ISIC_8711778,0,0.0016863846,inner_val
ISIC_8712401,0,0.027617944,inner_val
ISIC_8715329,0,0.0053899097,inner_val
ISIC_8716533,0,0.003970612,inner_val
ISIC_8719134,0,0.0019230401,inner_val
ISIC_8721166,0,0.0016259414,inner_val
ISIC_8722667,0,0.0010220677,inner_val
ISIC_8726909,0,0.001157713,inner_val
ISIC_8726948,0,0.013956544,inner_val
ISIC_8733422,0,0.0060164197,inner_val
ISIC_8738925,0,0.0080160275,inner_val
ISIC_8748953,0,0.0013570491,inner_val
ISIC_8749666,0,0.022187378,inner_val
ISIC_8755239,0,0.002663118,inner_val
ISIC_8758963,0,0.0014223225,inner_val
ISIC_8764217,0,0.0049804663,inner_val
ISIC_8765068,0,0.0041409386,inner_val
ISIC_8765435,0,0.008063859,inner_val
ISIC_8769415,0,0.005852451,inner_val
ISIC_8770205,0,0.0021227642,inner_val
ISIC_8772124,0,0.0016531212,inner_val
ISIC_8772865,0,0.18754224,inner_val
ISIC_8774086,0,0.0011785991,inner_val
ISIC_8785434,0,0.0076409304,inner_val
ISIC_8789051,1,0.04628424,inner_val
ISIC_8790885,0,0.0052984958,inner_val
ISIC_8793471,0,0.005247524,inner_val
ISIC_8796456,0,0.0013362532,inner_val
ISIC_8797868,0,0.014572866,inner_val
ISIC_8799158,0,0.0032084254,inner_val
ISIC_8802922,0,0.0052724658,inner_val
ISIC_8803600,0,0.017605757,inner_val
ISIC_8808627,0,0.0092846695,inner_val
ISIC_8811120,0,0.0024810738,inner_val
ISIC_8820668,0,0.0041933516,inner_val
ISIC_8822452,0,0.0020764354,inner_val
ISIC_8822738,0,0.004788997,inner_val
ISIC_8827637,0,0.001945565,inner_val
ISIC_8834482,0,0.007324463,inner_val
ISIC_8837443,0,0.021725373,inner_val
ISIC_8847050,0,0.0059184036,inner_val
ISIC_8847638,0,0.0014000556,inner_val
ISIC_8848761,0,0.001478851,inner_val
ISIC_8849283,0,0.0018420079,inner_val
ISIC_8849946,0,0.03118524,inner_val
ISIC_8855790,0,0.024185752,inner_val
ISIC_8855901,0,0.002274419,inner_val
ISIC_8856029,0,0.07708517,inner_val
ISIC_8856727,0,0.011189325,inner_val
ISIC_8856781,0,0.0029691646,inner_val
ISIC_8863678,0,0.012571516,inner_val
ISIC_8865342,0,0.011691951,inner_val
ISIC_8873823,0,0.023762805,inner_val
ISIC_8876766,0,0.0046214587,inner_val
ISIC_8880180,0,0.02804075,inner_val
ISIC_8880482,0,0.013207848,inner_val
ISIC_8882364,0,0.091843635,inner_val
ISIC_8883454,0,0.041505642,inner_val
ISIC_8892973,0,0.0065951864,inner_val
ISIC_8893501,0,0.0041487133,inner_val
ISIC_8893962,0,0.077994116,inner_val
ISIC_8899352,0,0.003089307,inner_val
ISIC_8900730,0,0.0029083674,inner_val
ISIC_8901784,0,0.010498073,inner_val
ISIC_8902868,0,0.045050066,inner_val
ISIC_8904639,0,0.022293976,inner_val
ISIC_8905841,0,0.0011207733,inner_val
ISIC_8909618,0,0.0144025935,inner_val
ISIC_8910102,0,0.015156737,inner_val
ISIC_8920203,0,0.010328357,inner_val
ISIC_8922111,0,0.004874365,inner_val
ISIC_8922355,0,0.006847619,inner_val
ISIC_8930970,0,0.0024425245,inner_val
ISIC_8934691,0,0.024490034,inner_val
ISIC_8949026,0,0.0028926819,inner_val
ISIC_8953775,0,0.031299092,inner_val
ISIC_8959657,0,0.0049676043,inner_val
ISIC_8960223,0,0.001731172,inner_val
ISIC_8961105,0,0.093412764,inner_val
ISIC_8963614,0,0.004041128,inner_val
ISIC_8966059,0,0.0033688229,inner_val
ISIC_8969883,0,0.00657445,inner_val
ISIC_8976269,0,0.0008421161,inner_val
ISIC_8976889,0,0.008501333,inner_val
ISIC_8980734,0,0.0011960401,inner_val
ISIC_8984990,0,0.004502813,inner_val
ISIC_8986314,0,0.020601487,inner_val
ISIC_8992673,0,0.031637672,inner_val
ISIC_8997983,0,0.006161209,inner_val
ISIC_8998190,0,0.0032480482,inner_val
ISIC_9003062,0,0.0043735136,inner_val
ISIC_9005623,0,0.0025212204,inner_val
ISIC_9025263,0,0.06525259,inner_val
ISIC_9027285,0,0.018493678,inner_val
ISIC_9029941,0,0.03168106,inner_val
ISIC_9030376,0,0.0040945103,inner_val
ISIC_9042958,0,0.010616474,inner_val
ISIC_9045840,0,0.016101468,inner_val
ISIC_9047209,0,0.0041747084,inner_val
ISIC_9049462,0,0.0031420055,inner_val
ISIC_9056392,0,0.032430556,inner_val
ISIC_9059870,0,0.001235506,inner_val
ISIC_9061511,0,0.009604516,inner_val
ISIC_9062714,0,0.0020037948,inner_val
ISIC_9065461,0,0.0015312305,inner_val
ISIC_9066099,0,0.0056434125,inner_val
ISIC_9074247,0,0.008309457,inner_val
ISIC_9074406,0,0.011694884,inner_val
ISIC_9076133,0,0.0022107656,inner_val
ISIC_9076637,0,0.0729658,inner_val
ISIC_9080650,0,0.011017228,inner_val
ISIC_9081663,0,0.0035581223,inner_val
ISIC_9085719,0,0.008098544,inner_val
ISIC_9100933,0,0.004735499,inner_val
ISIC_9102352,0,0.002436145,inner_val
ISIC_9105258,0,0.032037925,inner_val
ISIC_9106692,0,0.002586649,inner_val
ISIC_9108562,0,0.004548648,inner_val
ISIC_9110426,0,0.007769069,inner_val
ISIC_9112372,0,0.009213469,inner_val
ISIC_9119549,0,0.002719905,inner_val
ISIC_9121151,0,0.03597168,inner_val
ISIC_9124500,0,0.002019202,inner_val
ISIC_9137479,0,0.09998541,inner_val
ISIC_9140677,0,0.002018717,inner_val
ISIC_9143744,0,0.0036041164,inner_val
ISIC_9146496,0,0.08270472,inner_val
ISIC_9148241,0,0.0055944887,inner_val
ISIC_9148443,0,0.0038602306,inner_val
ISIC_9150700,0,0.0046994267,inner_val
ISIC_9160237,0,0.00091190846,inner_val
ISIC_9160614,0,0.0031694751,inner_val
ISIC_9163684,0,0.0017827274,inner_val
ISIC_9168624,0,0.022172583,inner_val
ISIC_9168700,0,0.020415314,inner_val
ISIC_9172357,0,0.05338086,inner_val
ISIC_9176160,0,0.004744614,inner_val
ISIC_9176281,0,0.003079949,inner_val
ISIC_9177435,0,0.023461549,inner_val
ISIC_9178347,0,0.0019199492,inner_val
ISIC_9178485,0,0.0013141199,inner_val
ISIC_9182272,0,0.02053123,inner_val
ISIC_9182462,0,0.055126134,inner_val
ISIC_9189897,0,0.038182434,inner_val
ISIC_9196122,0,0.0077366726,inner_val
ISIC_9199429,1,0.25071532,inner_val
ISIC_9204214,0,0.007024356,inner_val
ISIC_9207161,0,0.0025023941,inner_val
ISIC_9211175,0,0.0038980502,inner_val
ISIC_9211620,0,0.0047972132,inner_val
ISIC_9214172,0,0.0040158317,inner_val
ISIC_9223743,0,0.03015496,inner_val
ISIC_9224337,0,0.008021033,inner_val
ISIC_9236253,0,0.0101911025,inner_val
ISIC_9239789,0,0.0055036494,inner_val
ISIC_9245103,0,0.002245661,inner_val
ISIC_9245674,0,0.007982876,inner_val
ISIC_9245680,0,0.0056503066,inner_val
ISIC_9246565,0,0.012125984,inner_val
ISIC_9246908,0,0.0014862685,inner_val
ISIC_9252628,0,0.011606192,inner_val
ISIC_9257356,0,0.0030038431,inner_val
ISIC_9260935,0,0.002347825,inner_val
ISIC_9262813,0,0.002562177,inner_val
ISIC_9265973,0,0.00351139,inner_val
ISIC_9267202,0,0.001494357,inner_val
ISIC_9272859,0,0.0013657061,inner_val
ISIC_9273777,0,0.001333142,inner_val
ISIC_9278139,0,0.005532176,inner_val
ISIC_9278477,0,0.0018983957,inner_val
ISIC_9285033,0,0.0025245552,inner_val
ISIC_9288490,0,0.07249132,inner_val
ISIC_9289932,0,0.020859865,inner_val
ISIC_9300449,0,0.0028120165,inner_val
ISIC_9311196,0,0.0010381958,inner_val
ISIC_9314142,0,0.007308376,inner_val
ISIC_9315146,0,0.0043203705,inner_val
ISIC_9320258,0,0.0030133245,inner_val
ISIC_9320586,0,0.0024362076,inner_val
ISIC_9326674,0,0.023184424,inner_val
ISIC_9331031,0,0.0031823625,inner_val
ISIC_9331782,0,0.0070946077,inner_val
ISIC_9333157,0,0.010536799,inner_val
ISIC_9333546,0,0.06252321,inner_val
ISIC_9334741,0,0.00882266,inner_val
ISIC_9336382,0,0.0015551014,inner_val
ISIC_9336675,0,0.10152137,inner_val
ISIC_9337015,0,0.0023197676,inner_val
ISIC_9338349,0,0.009479631,inner_val
ISIC_9339525,0,0.001666552,inner_val
ISIC_9339842,0,0.14155819,inner_val
ISIC_9340102,0,0.0015630026,inner_val
ISIC_9343601,0,0.007251352,inner_val
ISIC_9348374,0,0.094320826,inner_val
ISIC_9352293,0,0.018992132,inner_val
ISIC_9354965,0,0.009394475,inner_val
ISIC_9364585,0,0.0071809227,inner_val
ISIC_9369222,0,0.0020859642,inner_val
ISIC_9374111,0,0.001597003,inner_val
ISIC_9374598,0,0.0072253104,inner_val
ISIC_9380228,0,0.013133057,inner_val
ISIC_9382392,0,0.0071241194,inner_val
ISIC_9403126,0,0.009358627,inner_val
ISIC_9405838,0,0.0026009725,inner_val
ISIC_9418177,0,0.07993571,inner_val
ISIC_9425363,0,0.003122105,inner_val
ISIC_9425937,0,0.013861053,inner_val
ISIC_9426607,0,0.0058403597,inner_val
ISIC_9429870,0,0.04864013,inner_val
ISIC_9435365,0,0.011661582,inner_val
ISIC_9436034,0,0.0012850116,inner_val
ISIC_9441393,0,0.0015952886,inner_val
ISIC_9442362,0,0.0057105348,inner_val
ISIC_9443820,0,0.0037505715,inner_val
ISIC_9444090,0,0.0066166967,inner_val
ISIC_9448281,0,0.0015110278,inner_val
ISIC_9452525,0,0.004118704,inner_val
ISIC_9456322,0,0.0015357705,inner_val
ISIC_9459923,0,0.0020482831,inner_val
ISIC_9461926,0,0.0019210863,inner_val
ISIC_9462955,0,0.005117243,inner_val
ISIC_9465063,0,0.002326123,inner_val
ISIC_9472951,0,0.002447038,inner_val
ISIC_9474470,0,0.0030346035,inner_val
ISIC_9481834,0,0.0015380592,inner_val
ISIC_9482251,0,0.0077966177,inner_val
ISIC_9484908,0,0.0034848945,inner_val
ISIC_9487287,0,0.0038020157,inner_val
ISIC_9491531,0,0.0027039612,inner_val
ISIC_9500007,0,0.0048934747,inner_val
ISIC_9501851,0,0.01941898,inner_val
ISIC_9506257,0,0.008889175,inner_val
ISIC_9507926,0,0.0024422654,inner_val
ISIC_9509206,0,0.0073486646,inner_val
ISIC_9509376,0,0.001322972,inner_val
ISIC_9509813,0,0.002999411,inner_val
ISIC_9509844,0,0.002951709,inner_val
ISIC_9511832,0,0.0020610117,inner_val
ISIC_9514708,0,0.008055702,inner_val
ISIC_9516221,0,0.002130841,inner_val
ISIC_9517752,0,0.007746955,inner_val
ISIC_9521537,0,0.0038757997,inner_val
ISIC_9521776,0,0.017994547,inner_val
ISIC_9521898,0,0.002487629,inner_val
ISIC_9525579,0,0.0028864695,inner_val
ISIC_9525721,0,0.013537751,inner_val
ISIC_9531403,0,0.0014357427,inner_val
ISIC_9534056,0,0.002899724,inner_val
ISIC_9538419,0,0.002106555,inner_val
ISIC_9540109,0,0.001672102,inner_val
ISIC_9540825,0,0.0024536313,inner_val
ISIC_9552235,0,0.0466077,inner_val
ISIC_9560804,0,0.17008168,inner_val
ISIC_9562036,0,0.0068885284,inner_val
ISIC_9566426,0,0.0017684897,inner_val
ISIC_9567694,0,0.0013522215,inner_val
ISIC_9570207,0,0.0018748082,inner_val
ISIC_9572651,0,0.020424923,inner_val
ISIC_9580941,0,0.0055947774,inner_val
ISIC_9588205,0,0.0012708162,inner_val
ISIC_9590331,0,0.0076367944,inner_val
ISIC_9590900,0,0.023311114,inner_val
ISIC_9593811,0,0.05861328,inner_val
ISIC_9593933,0,0.0073873405,inner_val
ISIC_9594280,0,0.022749437,inner_val
ISIC_9596531,0,0.009558112,inner_val
ISIC_9597903,0,0.0014376808,inner_val
ISIC_9603966,0,0.00199346,inner_val
ISIC_9609907,0,0.0020448188,inner_val
ISIC_9616281,0,0.0019102613,inner_val
ISIC_9623772,0,0.005051011,inner_val
ISIC_9624268,0,0.02702564,inner_val
ISIC_9625875,0,0.0011706494,inner_val
ISIC_9626110,0,0.084117346,inner_val
ISIC_9629583,0,0.018785711,inner_val
ISIC_9631669,0,0.004271695,inner_val
ISIC_9631792,0,0.0021202909,inner_val
ISIC_9632665,0,0.0063965344,inner_val
ISIC_9633789,0,0.0015752563,inner_val
ISIC_9634177,0,0.0045782165,inner_val
ISIC_9637285,0,0.035471108,inner_val
ISIC_9643578,0,0.0015788715,inner_val
ISIC_9646599,0,0.01218505,inner_val
ISIC_9649534,0,0.0024949044,inner_val
ISIC_9650848,0,0.0081518525,inner_val
ISIC_9651698,0,0.001877093,inner_val
ISIC_9652183,0,0.0016267132,inner_val
ISIC_9654537,0,0.0023879146,inner_val
ISIC_9661686,0,0.01648984,inner_val
ISIC_9662236,0,0.0077127027,inner_val
ISIC_9663017,0,0.0033134494,inner_val
ISIC_9670242,0,0.0052821026,inner_val
ISIC_9670400,0,0.002581621,inner_val
ISIC_9672376,0,0.0026382895,inner_val
ISIC_9685931,1,0.011088463,inner_val
ISIC_9690865,0,0.0087071685,inner_val
ISIC_9695205,0,0.013290517,inner_val
ISIC_9698575,0,0.003328911,inner_val
ISIC_9712522,0,0.14874238,inner_val
ISIC_9712995,0,0.010058904,inner_val
ISIC_9714160,0,0.01496488,inner_val
ISIC_9719922,0,0.0019268759,inner_val
ISIC_9723519,0,0.004706842,inner_val
ISIC_9724506,0,0.0019063217,inner_val
ISIC_9729313,0,0.010183804,inner_val
ISIC_9729529,0,0.008054033,inner_val
ISIC_9731969,0,0.0019621311,inner_val
ISIC_9742104,0,0.0028530387,inner_val
ISIC_9745283,0,0.009153434,inner_val
ISIC_9748543,0,0.0010138883,inner_val
ISIC_9749056,0,0.025050212,inner_val
ISIC_9753857,0,0.0159346,inner_val
ISIC_9756079,0,0.06316885,inner_val
ISIC_9763702,0,0.003090838,inner_val
ISIC_9764833,0,0.0014698209,inner_val
ISIC_9764868,0,0.004494783,inner_val
ISIC_9765024,0,0.0062186397,inner_val
ISIC_9771739,0,0.1805738,inner_val
ISIC_9777543,0,0.0034132444,inner_val
ISIC_9779803,0,0.006112364,inner_val
ISIC_9781738,0,0.0065878425,inner_val
ISIC_9784337,0,0.006690651,inner_val
ISIC_9787578,0,0.018962637,inner_val
ISIC_9789911,0,0.0019352703,inner_val
ISIC_9791133,0,0.005902574,inner_val
ISIC_9798721,0,0.0021825046,inner_val
ISIC_9803651,0,0.0069904528,inner_val
ISIC_9805452,0,0.0010557763,inner_val
ISIC_9809544,0,0.015386277,inner_val
ISIC_9810094,0,0.014660004,inner_val
ISIC_9810847,0,0.008262649,inner_val
ISIC_9817000,0,0.006625233,inner_val
ISIC_9820907,0,0.06535439,inner_val
ISIC_9822725,0,0.0029164734,inner_val
ISIC_9824211,0,0.0022603772,inner_val
ISIC_9827962,0,0.0021920165,inner_val
ISIC_9829429,0,0.0020038197,inner_val
ISIC_9829805,0,0.0071544377,inner_val
ISIC_9830461,0,0.0033040831,inner_val
ISIC_9830846,0,0.0026895646,inner_val
ISIC_9833353,0,0.003372699,inner_val
ISIC_9839324,0,0.03560222,inner_val
ISIC_9840491,0,0.010885511,inner_val
ISIC_9846559,0,0.0019593402,inner_val
ISIC_9851670,0,0.0026853033,inner_val
ISIC_9853051,0,0.0018794324,inner_val
ISIC_9856243,0,0.0014554884,inner_val
ISIC_9857857,0,0.0020862063,inner_val
ISIC_9860391,0,0.0024822038,inner_val
ISIC_9861225,0,0.003200324,inner_val
ISIC_9861423,0,0.0067974,inner_val
ISIC_9861674,0,0.0021900586,inner_val
ISIC_9863995,0,0.005174175,inner_val
ISIC_9871124,0,0.01173691,inner_val
ISIC_9871381,0,0.0011903214,inner_val
ISIC_9876515,0,0.009581633,inner_val
ISIC_9877357,0,0.007558618,inner_val
ISIC_9877843,0,0.0018785445,inner_val
ISIC_9888203,0,0.0011617545,inner_val
ISIC_9892318,0,0.0046779756,inner_val
ISIC_9893698,0,0.0014496399,inner_val
ISIC_9894782,0,0.0023184018,inner_val
ISIC_9895436,0,0.0014113676,inner_val
ISIC_9898107,0,0.0018107496,inner_val
ISIC_9898447,0,0.15484643,inner_val
ISIC_9899949,0,0.0032823354,inner_val
ISIC_9909655,0,0.004049058,inner_val
ISIC_9910854,0,0.0017835414,inner_val
ISIC_9913573,0,0.007338778,inner_val
ISIC_9913914,0,0.0011044882,inner_val
ISIC_9914767,0,0.0013372246,inner_val
ISIC_9915649,0,0.0017242662,inner_val
ISIC_9916654,0,0.00096720614,inner_val
ISIC_9918584,0,0.0027108802,inner_val
ISIC_9921695,0,0.002389841,inner_val
ISIC_9937653,0,0.03325877,inner_val
ISIC_9938191,0,0.0014914548,inner_val
ISIC_9939653,0,0.0016524988,inner_val
ISIC_9940802,0,0.0013505529,inner_val
ISIC_9944425,0,0.005389056,inner_val
ISIC_9946702,0,0.0048387554,inner_val
ISIC_9949745,0,0.005417118,inner_val
ISIC_9956125,0,0.002473543,inner_val
ISIC_9956400,0,0.0017751948,inner_val
ISIC_9959011,0,0.00474976,inner_val
ISIC_9964362,0,0.07004536,inner_val
ISIC_9965843,0,0.0065063285,inner_val
ISIC_9968564,0,0.007091696,inner_val
ISIC_9969263,0,0.020605303,inner_val
ISIC_9977784,0,0.0046675564,inner_val
ISIC_9981194,0,0.0014780626,inner_val
ISIC_9983696,0,0.0052036704,inner_val
ISIC_9985905,0,0.0025066778,inner_val
ISIC_9986333,0,0.0100111365,inner_val
ISIC_9996662,0,0.0019911637,inner_val
ISIC_9997614,0,0.0052193752,inner_val
ISIC_0074268,0,0.0010171332,held_fold
ISIC_0074542,0,0.004149401,held_fold
ISIC_0075914,0,0.0032356957,held_fold
ISIC_0083035,0,0.0043932647,held_fold
ISIC_0091559,0,0.0012843559,held_fold
ISIC_0095805,0,0.0017041002,held_fold
ISIC_0096328,0,0.005496195,held_fold
ISIC_0109568,0,0.03129635,held_fold
ISIC_0112097,0,0.0012062208,held_fold
ISIC_0114225,0,0.054420944,held_fold
ISIC_0148751,0,0.0022603676,held_fold
ISIC_0148783,0,0.0012061002,held_fold
ISIC_0153265,0,0.0132358195,held_fold
ISIC_0154338,0,0.005471176,held_fold
ISIC_0154872,0,0.00952133,held_fold
ISIC_0155173,0,0.012984055,held_fold
ISIC_0155273,0,0.02705775,held_fold
ISIC_0155473,0,0.0024507074,held_fold
ISIC_0157530,0,0.001670635,held_fold
ISIC_0159782,0,0.02642434,held_fold
ISIC_0166935,0,0.04353087,held_fold
ISIC_0170285,0,0.008944576,held_fold
ISIC_0174527,0,0.010623533,held_fold
ISIC_0175837,0,0.0030083274,held_fold
ISIC_0179104,0,0.002878994,held_fold
ISIC_0180660,0,0.0018439094,held_fold
ISIC_0185135,0,0.0020047943,held_fold
ISIC_0185547,0,0.0009916816,held_fold
ISIC_0186501,0,0.0023835872,held_fold
ISIC_0189059,0,0.036595076,held_fold
ISIC_0189694,0,0.0043170853,held_fold
ISIC_0190725,0,0.005103458,held_fold
ISIC_0191366,0,0.0009324698,held_fold
ISIC_0192490,0,0.0013971751,held_fold
ISIC_0194550,0,0.004294088,held_fold
ISIC_0194914,0,0.014078313,held_fold
ISIC_0196399,0,0.015704047,held_fold
ISIC_0199116,0,0.0102827195,held_fold
ISIC_0199494,0,0.0033339302,held_fold
ISIC_0200153,0,0.0011945001,held_fold
ISIC_0202023,0,0.00624694,held_fold
ISIC_0202576,0,0.001981369,held_fold
ISIC_0202680,0,0.016936606,held_fold
ISIC_0203016,0,0.008045463,held_fold
ISIC_0203233,0,0.010581786,held_fold
ISIC_0204275,0,0.0016234121,held_fold
ISIC_0206442,0,0.0063961223,held_fold
ISIC_0207209,0,0.004668066,held_fold
ISIC_0209871,0,0.0015842416,held_fold
ISIC_0210308,0,0.0091788545,held_fold
ISIC_0210423,0,0.008267816,held_fold
ISIC_0210830,0,0.0052705184,held_fold
ISIC_0213336,0,0.002327499,held_fold
ISIC_0214335,0,0.04353375,held_fold
ISIC_0220649,0,0.046323825,held_fold
ISIC_0224678,0,0.0029706738,held_fold
ISIC_0224681,0,0.0017637023,held_fold
ISIC_0225245,0,0.01495474,held_fold
ISIC_0227038,0,0.26764563,held_fold
ISIC_0227532,0,0.0022034487,held_fold
ISIC_0229680,0,0.0012207144,held_fold
ISIC_0232785,0,0.014404686,held_fold
ISIC_0234049,0,0.00085020514,held_fold
ISIC_0235728,0,0.04952004,held_fold
ISIC_0236237,0,0.00115279,held_fold
ISIC_0237862,0,0.0016176485,held_fold
ISIC_0238002,0,0.0017368763,held_fold
ISIC_0238118,0,0.0020775483,held_fold
ISIC_0238711,0,0.0013008633,held_fold
ISIC_0239178,0,0.0045829606,held_fold
ISIC_0239843,0,0.03700515,held_fold
ISIC_0247330,1,0.0040374943,held_fold
ISIC_0250069,0,0.0020109853,held_fold
ISIC_0252649,0,0.0033352852,held_fold
ISIC_0253516,0,0.0031836561,held_fold
ISIC_0254686,0,0.0017016827,held_fold
ISIC_0254698,0,0.0017600851,held_fold
ISIC_0257755,0,0.0011666296,held_fold
ISIC_0258065,0,0.0021167304,held_fold
ISIC_0260475,0,0.011203849,held_fold
ISIC_0263916,0,0.014698529,held_fold
ISIC_0264941,0,0.0016833534,held_fold
ISIC_0268187,0,0.004836125,held_fold
ISIC_0270289,0,0.0018399382,held_fold
ISIC_0271408,0,0.0040791533,held_fold
ISIC_0273222,0,0.019045494,held_fold
ISIC_0275661,0,0.005625795,held_fold
ISIC_0275984,0,0.08171657,held_fold
ISIC_0276435,0,0.0045042643,held_fold
ISIC_0277164,0,0.0019819264,held_fold
ISIC_0278021,0,0.0017122785,held_fold
ISIC_0278130,0,0.0021871764,held_fold
ISIC_0280603,0,0.011527074,held_fold
ISIC_0281286,0,0.001287495,held_fold
ISIC_0281658,0,0.007576797,held_fold
ISIC_0282422,0,0.0009018854,held_fold
ISIC_0283511,0,0.0060409703,held_fold
ISIC_0285157,0,0.0033372764,held_fold
ISIC_0291277,0,0.008456934,held_fold
ISIC_0291282,0,0.0026166788,held_fold
ISIC_0291882,0,0.0018721803,held_fold
ISIC_0292349,0,0.0073268805,held_fold
ISIC_0294170,0,0.004491349,held_fold
ISIC_0294687,0,0.002953642,held_fold
ISIC_0295507,0,0.06623777,held_fold
ISIC_0295820,0,0.005987463,held_fold
ISIC_0302441,0,0.0013895379,held_fold
ISIC_0305842,0,0.0021683297,held_fold
ISIC_0308127,0,0.0015234628,held_fold
ISIC_0310231,0,0.0023615134,held_fold
ISIC_0311853,0,0.0077804695,held_fold
ISIC_0313067,0,0.06437861,held_fold
ISIC_0315631,0,0.0012124811,held_fold
ISIC_0316025,0,0.0011699895,held_fold
ISIC_0319715,0,0.025237205,held_fold
ISIC_0319928,0,0.0011356198,held_fold
ISIC_0324255,0,0.0032691828,held_fold
ISIC_0325771,0,0.008222065,held_fold
ISIC_0326523,0,0.00479072,held_fold
ISIC_0326608,0,0.014548966,held_fold
ISIC_0338377,0,0.0024579463,held_fold
ISIC_0340995,0,0.0009834779,held_fold
ISIC_0341262,0,0.0010217825,held_fold
ISIC_0341298,0,0.0028567703,held_fold
ISIC_0342608,0,0.02593455,held_fold
ISIC_0344052,0,0.14961931,held_fold
ISIC_0345499,0,0.0017568541,held_fold
ISIC_0347263,0,0.002583316,held_fold
ISIC_0348633,0,0.0013455964,held_fold
ISIC_0350472,0,0.003345825,held_fold
ISIC_0354589,0,0.0024456636,held_fold
ISIC_0356611,0,0.0016920142,held_fold
ISIC_0358326,0,0.008175844,held_fold
ISIC_0358490,0,0.00821471,held_fold
ISIC_0361034,0,0.0022371355,held_fold
ISIC_0362190,0,0.096453965,held_fold
ISIC_0363130,0,0.0020557852,held_fold
ISIC_0364478,0,0.00907785,held_fold
ISIC_0365410,0,0.0099155195,held_fold
ISIC_0370132,0,0.026052546,held_fold
ISIC_0372376,0,0.0011540976,held_fold
ISIC_0372902,0,0.012743892,held_fold
ISIC_0375073,0,0.018046018,held_fold
ISIC_0379979,0,0.007373681,held_fold
ISIC_0381169,0,0.025675608,held_fold
ISIC_0381342,0,0.00630573,held_fold
ISIC_0385609,0,0.007383516,held_fold
ISIC_0385633,0,0.0029823708,held_fold
ISIC_0389629,0,0.00713333,held_fold
ISIC_0392334,0,0.003924042,held_fold
ISIC_0392966,0,0.1111927,held_fold
ISIC_0398005,0,0.14025843,held_fold
ISIC_0398069,0,0.0035895004,held_fold
ISIC_0398140,0,0.008490059,held_fold
ISIC_0399416,0,0.008476898,held_fold
ISIC_0400685,0,0.0012581343,held_fold
ISIC_0401078,0,0.015080226,held_fold
ISIC_0401116,0,0.010334798,held_fold
ISIC_0407005,0,0.0050553503,held_fold
ISIC_0407040,0,0.0867181,held_fold
ISIC_0407905,0,0.014488688,held_fold
ISIC_0409276,0,0.01937587,held_fold
ISIC_0410824,0,0.02304896,held_fold
ISIC_0413111,0,0.017314954,held_fold
ISIC_0413372,0,0.0104110055,held_fold
ISIC_0413715,0,0.007417657,held_fold
ISIC_0413804,0,0.004181553,held_fold
ISIC_0419212,0,0.003501352,held_fold
ISIC_0422139,0,0.0035337312,held_fold
ISIC_0422225,0,0.02289673,held_fold
ISIC_0423312,0,0.0014586297,held_fold
ISIC_0423395,0,0.011658442,held_fold
ISIC_0423722,0,0.007740803,held_fold
ISIC_0424784,0,0.0026630384,held_fold
ISIC_0426487,0,0.0013873726,held_fold
ISIC_0427760,0,0.0011806835,held_fold
ISIC_0428656,0,0.022080244,held_fold
ISIC_0430356,0,0.0033543457,held_fold
ISIC_0430837,0,0.015611872,held_fold
ISIC_0430904,0,0.005004098,held_fold
ISIC_0432077,0,0.0025856332,held_fold
ISIC_0434114,0,0.004680101,held_fold
ISIC_0435434,0,0.024922606,held_fold
ISIC_0437593,0,0.0032546874,held_fold
ISIC_0437828,0,0.0139964055,held_fold
ISIC_0439040,0,0.0016677586,held_fold
ISIC_0439839,0,0.007484126,held_fold
ISIC_0440584,0,0.0008062888,held_fold
ISIC_0442290,0,0.019702893,held_fold
ISIC_0443266,0,0.0014770636,held_fold
ISIC_0444347,0,0.032729447,held_fold
ISIC_0445396,0,0.08700906,held_fold
ISIC_0452388,0,0.0041515394,held_fold
ISIC_0460833,0,0.1035332,held_fold
ISIC_0461085,0,0.0034422418,held_fold
ISIC_0463621,0,0.0016852795,held_fold
ISIC_0467100,0,0.0015936778,held_fold
ISIC_0470433,0,0.0012624472,held_fold
ISIC_0473135,0,0.005754078,held_fold
ISIC_0475718,0,0.0016322108,held_fold
ISIC_0476670,0,0.0070722587,held_fold
ISIC_0478571,0,0.009525274,held_fold
ISIC_0479264,0,0.0026561979,held_fold
ISIC_0481425,0,0.027756602,held_fold
ISIC_0481652,0,0.015006789,held_fold
ISIC_0481910,0,0.0010785044,held_fold
ISIC_0482297,0,0.0014004863,held_fold
ISIC_0483469,0,0.0016448707,held_fold
ISIC_0484568,0,0.0075217183,held_fold
ISIC_0485881,0,0.0021099958,held_fold
ISIC_0490442,0,0.0017328777,held_fold
ISIC_0491818,0,0.0026131992,held_fold
ISIC_0493653,0,0.08631526,held_fold
ISIC_0494046,0,0.0012950018,held_fold
ISIC_0494257,0,0.006674047,held_fold
ISIC_0494263,0,0.002675178,held_fold
ISIC_0494383,0,0.0073675276,held_fold
ISIC_0497390,0,0.031465538,held_fold
ISIC_0499554,0,0.003951545,held_fold
ISIC_0500526,0,0.0068735788,held_fold
ISIC_0502016,0,0.0019603055,held_fold
ISIC_0502419,0,0.006528271,held_fold
ISIC_0506617,0,0.0022417114,held_fold
ISIC_0511782,0,0.0021983646,held_fold
ISIC_0512155,0,0.0038071806,held_fold
ISIC_0513488,0,0.008944183,held_fold
ISIC_0514672,0,0.0009018626,held_fold
ISIC_0516337,0,0.002716287,held_fold
ISIC_0516982,0,0.001919475,held_fold
ISIC_0518459,0,0.0024379,held_fold
ISIC_0519719,0,0.021723943,held_fold
ISIC_0519765,0,0.016268484,held_fold
ISIC_0522865,0,0.012357056,held_fold
ISIC_0523125,0,0.0039599226,held_fold
ISIC_0526904,0,0.001279012,held_fold
ISIC_0527166,0,0.002634197,held_fold
ISIC_0527170,0,0.002250532,held_fold
ISIC_0527350,0,0.0010816997,held_fold
ISIC_0527593,0,0.017783621,held_fold
ISIC_0529784,0,0.0036389853,held_fold
ISIC_0534529,0,0.0014658266,held_fold
ISIC_0534674,0,0.014028759,held_fold
ISIC_0538688,0,0.00213035,held_fold
ISIC_0539380,0,0.0028385322,held_fold
ISIC_0543132,0,0.015810274,held_fold
ISIC_0545237,0,0.0025720336,held_fold
ISIC_0545322,0,0.008154733,held_fold
ISIC_0545838,0,0.004727862,held_fold
ISIC_0547769,0,0.06980928,held_fold
ISIC_0547934,0,0.0039667063,held_fold
ISIC_0548904,0,0.0018972507,held_fold
ISIC_0549163,0,0.0028190368,held_fold
ISIC_0549791,0,0.028295157,held_fold
ISIC_0551392,0,0.029523948,held_fold
ISIC_0552911,0,0.0061685774,held_fold
ISIC_0554499,0,0.00264516,held_fold
ISIC_0557109,0,0.0039133346,held_fold
ISIC_0558046,0,0.0022912137,held_fold
ISIC_0559481,0,0.0012390929,held_fold
ISIC_0559566,0,0.11582362,held_fold
ISIC_0561295,0,0.001653987,held_fold
ISIC_0563533,0,0.004182355,held_fold
ISIC_0563705,0,0.005387063,held_fold
ISIC_0566530,0,0.029198082,held_fold
ISIC_0567142,0,0.0030298627,held_fold
ISIC_0570393,0,0.0020416114,held_fold
ISIC_0570742,0,0.006531664,held_fold
ISIC_0571560,0,0.016255677,held_fold
ISIC_0572205,1,0.010550618,held_fold
ISIC_0572450,0,0.0015795002,held_fold
ISIC_0574880,0,0.021686373,held_fold
ISIC_0576265,0,0.007534865,held_fold
ISIC_0576455,0,0.0014462081,held_fold
ISIC_0578534,0,0.0025046696,held_fold
ISIC_0584130,0,0.0032045697,held_fold
ISIC_0586053,0,0.0025389846,held_fold
ISIC_0586680,0,0.00321889,held_fold
ISIC_0588322,0,0.031757243,held_fold
ISIC_0588855,0,0.0015533306,held_fold
ISIC_0589744,0,0.013814664,held_fold
ISIC_0590790,0,0.0023683151,held_fold
ISIC_0591226,0,0.0014651087,held_fold
ISIC_0592068,0,0.01502516,held_fold
ISIC_0593756,0,0.02671537,held_fold
ISIC_0595018,0,0.0049923263,held_fold
ISIC_0595199,0,0.009430471,held_fold
ISIC_0595676,0,0.00714424,held_fold
ISIC_0597581,0,0.087473035,held_fold
ISIC_0599918,0,0.0065991427,held_fold
ISIC_0600789,0,0.010706538,held_fold
ISIC_0600866,0,0.0029695216,held_fold
ISIC_0601107,0,0.006432274,held_fold
ISIC_0602697,0,0.0011914569,held_fold
ISIC_0605145,0,0.0128968675,held_fold
ISIC_0607852,0,0.0063345623,held_fold
ISIC_0611629,0,0.0039728037,held_fold
ISIC_0612080,0,0.005211699,held_fold
ISIC_0612624,0,0.21935466,held_fold
ISIC_0615335,0,0.008156843,held_fold
ISIC_0617442,0,0.0026189513,held_fold
ISIC_0617767,0,0.002813825,held_fold
ISIC_0619244,0,0.001768126,held_fold
ISIC_0619848,0,0.0052002897,held_fold
ISIC_0621550,0,0.017116264,held_fold
ISIC_0622084,0,0.0075123236,held_fold
ISIC_0622112,0,0.00680347,held_fold
ISIC_0623386,0,0.0011055603,held_fold
ISIC_0623857,0,0.007013562,held_fold
ISIC_0623875,0,0.005251503,held_fold
ISIC_0624783,0,0.10034667,held_fold
ISIC_0630780,0,0.009893056,held_fold
ISIC_0632876,0,0.004363855,held_fold
ISIC_0637043,0,0.000958716,held_fold
ISIC_0637539,0,0.0016644187,held_fold
ISIC_0638652,0,0.01835375,held_fold
ISIC_0638857,0,0.0019941393,held_fold
ISIC_0641173,0,0.0039250227,held_fold
ISIC_0642200,0,0.0019368716,held_fold
ISIC_0645116,0,0.0026008834,held_fold
ISIC_0645454,1,0.018844636,held_fold
ISIC_0648752,0,0.00080265204,held_fold
ISIC_0649544,0,0.014689734,held_fold
ISIC_0650027,0,0.020243676,held_fold
ISIC_0653308,0,0.03042159,held_fold
ISIC_0653456,0,0.059749212,held_fold
ISIC_0654104,0,0.058633737,held_fold
ISIC_0654636,0,0.0069216425,held_fold
ISIC_0658225,0,0.00075828115,held_fold
ISIC_0659540,0,0.0011264054,held_fold
ISIC_0660770,0,0.0061598397,held_fold
ISIC_0661120,0,0.0014398126,held_fold
ISIC_0664031,0,0.0012066489,held_fold
ISIC_0666641,0,0.0013279116,held_fold
ISIC_0667136,0,0.041034684,held_fold
ISIC_0667315,0,0.0022125335,held_fold
ISIC_0668739,0,0.0065621855,held_fold
ISIC_0668772,0,0.002292015,held_fold
ISIC_0668969,0,0.07358404,held_fold
ISIC_0669605,0,0.005881743,held_fold
ISIC_0671251,0,0.005985111,held_fold
ISIC_0675972,0,0.01064257,held_fold
ISIC_0678196,0,0.0037563343,held_fold
ISIC_0679359,0,0.02130621,held_fold
ISIC_0679494,0,0.0065401755,held_fold
ISIC_0679553,0,0.0047074766,held_fold
ISIC_0680210,0,0.007705083,held_fold
ISIC_0682255,0,0.0013177056,held_fold
ISIC_0683259,0,0.0014048618,held_fold
ISIC_0686839,0,0.0577631,held_fold
ISIC_0687823,0,0.0025569056,held_fold
ISIC_0690237,0,0.013557206,held_fold
ISIC_0690734,0,0.0028583165,held_fold
ISIC_0691454,0,0.0011779936,held_fold
ISIC_0694033,0,0.06197627,held_fold
ISIC_0694924,0,0.010003932,held_fold
ISIC_0695428,0,0.0031737355,held_fold
ISIC_0697953,0,0.0028414775,held_fold
ISIC_0700870,0,0.010849528,held_fold
ISIC_0701455,0,0.006486444,held_fold
ISIC_0702042,0,0.0015089759,held_fold
ISIC_0702174,0,0.0066395686,held_fold
ISIC_0708542,0,0.003050444,held_fold
ISIC_0709699,0,0.0017800021,held_fold
ISIC_0712615,0,0.002056477,held_fold
ISIC_0715115,0,0.0029644887,held_fold
ISIC_0715869,0,0.0023336522,held_fold
ISIC_0716541,0,0.0012018547,held_fold
ISIC_0716674,0,0.0071885316,held_fold
ISIC_0718834,0,0.005687465,held_fold
ISIC_0719631,0,0.0031729168,held_fold
ISIC_0721010,0,0.012754851,held_fold
ISIC_0721819,0,0.0047143577,held_fold
ISIC_0726170,0,0.0030677684,held_fold
ISIC_0727322,0,0.039295807,held_fold
ISIC_0727489,0,0.0007545994,held_fold
ISIC_0734540,0,0.013741816,held_fold
ISIC_0737125,0,0.0059693046,held_fold
ISIC_0737399,0,0.016236572,held_fold
ISIC_0737883,0,0.0022076576,held_fold
ISIC_0738587,0,0.1123624,held_fold
ISIC_0743096,0,0.007956814,held_fold
ISIC_0744013,1,0.008132509,held_fold
ISIC_0744177,0,0.011678438,held_fold
ISIC_0744553,0,0.001322923,held_fold
ISIC_0745718,0,0.001258278,held_fold
ISIC_0745721,0,0.0028894711,held_fold
ISIC_0746397,0,0.0054772217,held_fold
ISIC_0747101,0,0.0083007505,held_fold
ISIC_0749089,0,0.033043217,held_fold
ISIC_0749263,0,0.0014750367,held_fold
ISIC_0751219,0,0.002326683,held_fold
ISIC_0752546,0,0.0025679471,held_fold
ISIC_0754156,0,0.004593456,held_fold
ISIC_0754561,0,0.0010900924,held_fold
ISIC_0755565,0,0.0023449142,held_fold
ISIC_0760168,0,0.0049602203,held_fold
ISIC_0763140,0,0.002935867,held_fold
ISIC_0764975,0,0.009804863,held_fold
ISIC_0765632,0,0.001217132,held_fold
ISIC_0769854,0,0.0030595136,held_fold
ISIC_0770861,0,0.01241585,held_fold
ISIC_0771151,0,0.0010768715,held_fold
ISIC_0771537,0,0.0021434145,held_fold
ISIC_0772836,0,0.0044262926,held_fold
ISIC_0772957,0,0.0012495024,held_fold
ISIC_0786170,0,0.0015128562,held_fold
ISIC_0786233,0,0.0014042204,held_fold
ISIC_0787585,0,0.0023882748,held_fold
ISIC_0792805,0,0.0017172333,held_fold
ISIC_0793501,0,0.0018511466,held_fold
ISIC_0796325,0,0.0042587765,held_fold
ISIC_0800269,0,0.0057545337,held_fold
ISIC_0809173,0,0.0025283631,held_fold
ISIC_0809241,0,0.0070296265,held_fold
ISIC_0816917,0,0.012915269,held_fold
ISIC_0818621,0,0.0045759897,held_fold
ISIC_0821520,0,0.006644388,held_fold
ISIC_0822656,0,0.027523737,held_fold
ISIC_0826834,0,0.001270508,held_fold
ISIC_0828069,0,0.019763637,held_fold
ISIC_0830131,0,0.006208911,held_fold
ISIC_0830217,0,0.0014053121,held_fold
ISIC_0830876,0,0.09009119,held_fold
ISIC_0834775,0,0.0018492619,held_fold
ISIC_0836546,0,0.005493392,held_fold
ISIC_0843662,0,0.0031054455,held_fold
ISIC_0844312,1,0.062322214,held_fold
ISIC_0846482,0,0.002587002,held_fold
ISIC_0846915,0,0.0033623483,held_fold
ISIC_0847420,0,0.009341793,held_fold
ISIC_0849702,0,0.0010964193,held_fold
ISIC_0851556,0,0.108291425,held_fold
ISIC_0852790,0,0.060653303,held_fold
ISIC_0853825,0,0.007157975,held_fold
ISIC_0854335,0,0.0069861547,held_fold
ISIC_0854601,0,0.0036543976,held_fold
ISIC_0859438,0,0.014232951,held_fold
ISIC_0861128,0,0.0019391405,held_fold
ISIC_0862063,0,0.0016833246,held_fold
ISIC_0864226,0,0.0035342919,held_fold
ISIC_0864527,0,0.010413629,held_fold
ISIC_0867503,0,0.008323706,held_fold
ISIC_0869142,0,0.0050010127,held_fold
ISIC_0870696,0,0.0015886917,held_fold
ISIC_0873044,0,0.010801388,held_fold
ISIC_0873923,0,0.030920478,held_fold
ISIC_0877543,0,0.004555396,held_fold
ISIC_0878530,0,0.0046575787,held_fold
ISIC_0879962,0,0.0022866728,held_fold
ISIC_0882619,0,0.045921054,held_fold
ISIC_0884463,0,0.0054085464,held_fold
ISIC_0884576,0,0.0029606111,held_fold
ISIC_0885048,0,0.008502278,held_fold
ISIC_0886205,0,0.0023235371,held_fold
ISIC_0886853,0,0.0041315816,held_fold
ISIC_0890364,0,0.007955459,held_fold
ISIC_0892089,0,0.0014554135,held_fold
ISIC_0892980,0,0.0033970755,held_fold
ISIC_0894057,0,0.0051040538,held_fold
ISIC_0896635,0,0.023174139,held_fold
ISIC_0897459,0,0.0027652252,held_fold
ISIC_0899891,0,0.032502647,held_fold
ISIC_0899961,0,0.0011222082,held_fold
ISIC_0901403,0,0.0031847612,held_fold
ISIC_0902830,0,0.0014529722,held_fold
ISIC_0903020,0,0.0136053655,held_fold
ISIC_0903175,0,0.0076019075,held_fold
ISIC_0903330,0,0.010901659,held_fold
ISIC_0903548,0,0.0034119827,held_fold
ISIC_0904214,0,0.002595733,held_fold
ISIC_0905000,0,0.0039802617,held_fold
ISIC_0906639,0,0.0034792025,held_fold
ISIC_0909206,0,0.0068510836,held_fold
ISIC_0911783,0,0.0032189174,held_fold
ISIC_0912196,0,0.0044273753,held_fold
ISIC_0914700,0,0.0017060537,held_fold
ISIC_0915750,0,0.0065624644,held_fold
ISIC_0917416,0,0.0028980013,held_fold
ISIC_0918831,0,0.004920465,held_fold
ISIC_0919271,0,0.013240453,held_fold
ISIC_0920000,0,0.00808261,held_fold
ISIC_0920968,0,0.003115598,held_fold
ISIC_0924724,0,0.012253482,held_fold
ISIC_0925758,0,0.001204135,held_fold
ISIC_0928604,0,0.003666254,held_fold
ISIC_0931725,0,0.06097434,held_fold
ISIC_0932862,0,0.07138362,held_fold
ISIC_0937378,0,0.003437519,held_fold
ISIC_0940385,0,0.023068396,held_fold
ISIC_0941085,0,0.0022969588,held_fold
ISIC_0942654,0,0.002089448,held_fold
ISIC_0944103,0,0.105836384,held_fold
ISIC_0944753,0,0.0008204553,held_fold
ISIC_0951377,0,0.005184108,held_fold
ISIC_0951438,0,0.024513025,held_fold
ISIC_0952472,1,0.025769249,held_fold
ISIC_0953133,0,0.025015896,held_fold
ISIC_0953500,0,0.0039294455,held_fold
ISIC_0953675,0,0.017100997,held_fold
ISIC_0954841,0,0.0068730577,held_fold
ISIC_0958328,0,0.004207826,held_fold
ISIC_0959863,0,0.0026060082,held_fold
ISIC_0960741,0,0.0025008093,held_fold
ISIC_0962601,0,0.0011159823,held_fold
ISIC_0963117,0,0.0013538954,held_fold
ISIC_0963460,0,0.027473552,held_fold
ISIC_0965224,0,0.005177202,held_fold
ISIC_0966987,0,0.02055031,held_fold
ISIC_0974159,0,0.013110143,held_fold
ISIC_0977333,0,0.022862228,held_fold
ISIC_0978977,0,0.0019797347,held_fold
ISIC_0980012,0,0.0039010528,held_fold
ISIC_0980513,0,0.0061596003,held_fold
ISIC_0981661,0,0.009969893,held_fold
ISIC_0981883,0,0.002808784,held_fold
ISIC_0982855,0,0.0023426474,held_fold
ISIC_0983360,0,0.011346486,held_fold
ISIC_0985052,0,0.003630206,held_fold
ISIC_0985863,0,0.0058107707,held_fold
ISIC_0987176,0,0.0028484452,held_fold
ISIC_0987757,0,0.013649888,held_fold
ISIC_0988665,0,0.002996754,held_fold
ISIC_0991133,0,0.015043633,held_fold
ISIC_0994556,0,0.003306537,held_fold
ISIC_0998408,0,0.004865431,held_fold
ISIC_0998651,0,0.0016937483,held_fold
ISIC_1001348,0,0.078398585,held_fold
ISIC_1001562,0,0.1624168,held_fold
ISIC_1002107,0,0.002599642,held_fold
ISIC_1003703,0,0.0013665394,held_fold
ISIC_1004225,0,0.0047115507,held_fold
ISIC_1006632,0,0.0024623158,held_fold
ISIC_1008321,0,0.19751208,held_fold
ISIC_1008609,0,0.0039318646,held_fold
ISIC_1010416,0,0.0006809524,held_fold
ISIC_1010991,0,0.011631881,held_fold
ISIC_1011089,0,0.0043517766,held_fold
ISIC_1013648,0,0.0012082619,held_fold
ISIC_1015264,0,0.0021018763,held_fold
ISIC_1015644,0,0.016525758,held_fold
ISIC_1020809,0,0.002105074,held_fold
ISIC_1022653,0,0.0010392735,held_fold
ISIC_1023685,0,0.004849856,held_fold
ISIC_1024569,0,0.0035415075,held_fold
ISIC_1025009,0,0.00826243,held_fold
ISIC_1025192,0,0.0054688076,held_fold
ISIC_1029536,0,0.008708354,held_fold
ISIC_1031166,0,0.020509157,held_fold
ISIC_1031178,0,0.0028598348,held_fold
ISIC_1039970,0,0.010458926,held_fold
ISIC_1041406,0,0.0015581629,held_fold
ISIC_1042588,0,0.005245936,held_fold
ISIC_1046786,0,0.01254622,held_fold
ISIC_1048741,0,0.0018981256,held_fold
ISIC_1048856,0,0.0026774434,held_fold
ISIC_1048895,0,0.05752932,held_fold
ISIC_1050000,0,0.02649597,held_fold
ISIC_1060448,0,0.007092102,held_fold
ISIC_1064163,0,0.012713087,held_fold
ISIC_1066052,0,0.02320784,held_fold
ISIC_1067985,0,0.02358089,held_fold
ISIC_1069960,0,0.0023663153,held_fold
ISIC_1070864,0,0.002087251,held_fold
ISIC_1070883,0,0.0036962826,held_fold
ISIC_1072321,0,0.0015235391,held_fold
ISIC_1073233,0,0.010579864,held_fold
ISIC_1073350,0,0.0022448953,held_fold
ISIC_1074551,0,0.0015263364,held_fold
ISIC_1075968,0,0.055936232,held_fold
ISIC_1077911,0,0.036236297,held_fold
ISIC_1078563,0,0.015215506,held_fold
ISIC_1080647,0,0.02955113,held_fold
ISIC_1082020,0,0.002952106,held_fold
ISIC_1082748,0,0.011675328,held_fold
ISIC_1084154,0,0.0013331483,held_fold
ISIC_1084452,0,0.008081577,held_fold
ISIC_1085285,0,0.075255185,held_fold
ISIC_1087705,0,0.004754717,held_fold
ISIC_1088190,0,0.020663178,held_fold
ISIC_1096503,0,0.0070640724,held_fold
ISIC_1101631,0,0.0012151604,held_fold
ISIC_1106211,0,0.048973374,held_fold
ISIC_1107820,0,0.0038025412,held_fold
ISIC_1108178,0,0.002621401,held_fold
ISIC_1108204,0,0.025226614,held_fold
ISIC_1109485,0,0.0058466196,held_fold
ISIC_1109641,0,0.0020134642,held_fold
ISIC_1111050,0,0.0018199579,held_fold
ISIC_1112803,0,0.0028021287,held_fold
ISIC_1114860,0,0.24690293,held_fold
ISIC_1115013,0,0.0034188677,held_fold
ISIC_1115266,0,0.009293249,held_fold
ISIC_1115695,0,0.0059948605,held_fold
ISIC_1116483,1,0.07171618,held_fold
ISIC_1117976,0,0.0019736465,held_fold
ISIC_1122023,0,0.0039767437,held_fold
ISIC_1122524,0,0.0039397217,held_fold
ISIC_1124434,1,0.078663304,held_fold
ISIC_1124744,0,0.0042764475,held_fold
ISIC_1126202,0,0.009505311,held_fold
ISIC_1126306,0,0.008519008,held_fold
ISIC_1129508,0,0.0058815535,held_fold
ISIC_1130830,0,0.04997112,held_fold
ISIC_1130888,0,0.036959864,held_fold
ISIC_1134319,0,0.0024324213,held_fold
ISIC_1134437,0,0.008285025,held_fold
ISIC_1134882,0,0.0047936514,held_fold
ISIC_1140717,0,0.0036697672,held_fold
ISIC_1141666,0,0.028804421,held_fold
ISIC_1143655,0,0.0027535458,held_fold
ISIC_1144466,0,0.001310695,held_fold
ISIC_1144769,0,0.007094856,held_fold
ISIC_1147442,0,0.0020265565,held_fold
ISIC_1147795,0,0.02029205,held_fold
ISIC_1148932,0,0.0073618484,held_fold
ISIC_1149693,0,0.006842627,held_fold
ISIC_1151910,0,0.010851017,held_fold
ISIC_1153106,0,0.0015417808,held_fold
ISIC_1153940,0,0.017436856,held_fold
ISIC_1154072,0,0.004082616,held_fold
ISIC_1159773,0,0.0186997,held_fold
ISIC_1160040,0,0.019743389,held_fold
ISIC_1162156,0,0.0011515685,held_fold
ISIC_1163624,0,0.004425741,held_fold
ISIC_1164612,0,0.0071351575,held_fold
ISIC_1166337,0,0.0036234632,held_fold
ISIC_1166522,0,0.020043578,held_fold
ISIC_1166678,0,0.0072326376,held_fold
ISIC_1167108,0,0.0024903314,held_fold
ISIC_1170134,0,0.0046292986,held_fold
ISIC_1171646,0,0.008105563,held_fold
ISIC_1171655,0,0.004986498,held_fold
ISIC_1172955,0,0.0025376785,held_fold
ISIC_1176970,0,0.0031092283,held_fold
ISIC_1177505,1,0.030433655,held_fold
ISIC_1178491,0,0.00200699,held_fold
ISIC_1181483,0,0.019184215,held_fold
ISIC_1182612,0,0.002599287,held_fold
ISIC_1183565,0,0.004810536,held_fold
ISIC_1184373,0,0.0075716316,held_fold
ISIC_1185468,0,0.011765906,held_fold
ISIC_1186495,0,0.030889774,held_fold
ISIC_1188141,0,0.0014969541,held_fold
ISIC_1190567,0,0.0013553525,held_fold
ISIC_1190994,0,0.008138777,held_fold
ISIC_1194944,0,0.006005024,held_fold
ISIC_1195254,0,0.0017403589,held_fold
ISIC_1195563,0,0.0045781257,held_fold
ISIC_1198047,0,0.002537693,held_fold
ISIC_1198929,0,0.002222362,held_fold
ISIC_1202355,0,0.0045507927,held_fold
ISIC_1202976,0,0.004148079,held_fold
ISIC_1203254,0,0.009002471,held_fold
ISIC_1204286,0,0.0127395615,held_fold
ISIC_1206571,0,0.0084096445,held_fold
ISIC_1207652,0,0.0075043854,held_fold
ISIC_1209492,0,0.0030509618,held_fold
ISIC_1210011,1,0.24092366,held_fold
ISIC_1219427,0,0.009371043,held_fold
ISIC_1219783,0,0.020955626,held_fold
ISIC_1222905,0,0.02636579,held_fold
ISIC_1224295,0,0.008241996,held_fold
ISIC_1224329,0,0.01369986,held_fold
ISIC_1224650,0,0.011226064,held_fold
ISIC_1225511,0,0.004056828,held_fold
ISIC_1226868,0,0.0018412583,held_fold
ISIC_1226882,0,0.0050079715,held_fold
ISIC_1227931,0,0.04250617,held_fold
ISIC_1228845,0,0.003779255,held_fold
ISIC_1233068,0,0.0070715616,held_fold
ISIC_1233830,0,0.002332385,held_fold
ISIC_1235053,0,0.0025690405,held_fold
ISIC_1242176,0,0.0030693845,held_fold
ISIC_1242992,0,0.0037166448,held_fold
ISIC_1246630,0,0.0015093029,held_fold
ISIC_1248073,0,0.0077706077,held_fold
ISIC_1248372,0,0.003572055,held_fold
ISIC_1248876,0,0.001153259,held_fold
ISIC_1250861,0,0.0044504283,held_fold
ISIC_1251364,0,0.0029206225,held_fold
ISIC_1251721,0,0.003442546,held_fold
ISIC_1257045,0,0.06865542,held_fold
ISIC_1258127,0,0.010178245,held_fold
ISIC_1258763,0,0.000759507,held_fold
ISIC_1259465,0,0.0035439208,held_fold
ISIC_1260198,0,0.004944139,held_fold
ISIC_1261530,0,0.013548982,held_fold
ISIC_1264725,0,0.003629275,held_fold
ISIC_1265427,0,0.003984247,held_fold
ISIC_1265609,0,0.0032345713,held_fold
ISIC_1265653,0,0.09602811,held_fold
ISIC_1266707,0,0.015426115,held_fold
ISIC_1269461,0,0.001488668,held_fold
ISIC_1270305,0,0.003915225,held_fold
ISIC_1270307,0,0.00091054605,held_fold
ISIC_1272233,0,0.0019240225,held_fold
ISIC_1274851,0,0.0011252584,held_fold
ISIC_1276037,0,0.0018082063,held_fold
ISIC_1281431,0,0.014949782,held_fold
ISIC_1283518,0,0.015281814,held_fold
ISIC_1283950,0,0.0016790959,held_fold
ISIC_1284397,0,0.00558339,held_fold
ISIC_1284496,0,0.0040763044,held_fold
ISIC_1285997,0,0.007567509,held_fold
ISIC_1287050,0,0.0018472563,held_fold
ISIC_1287370,0,0.0071607884,held_fold
ISIC_1292006,0,0.05515341,held_fold
ISIC_1292165,0,0.0037779342,held_fold
ISIC_1292607,0,0.030449294,held_fold
ISIC_1292799,0,0.0014988575,held_fold
ISIC_1296490,0,0.024280086,held_fold
ISIC_1298253,0,0.007076469,held_fold
ISIC_1300318,0,0.0014181425,held_fold
ISIC_1300967,0,0.0050511523,held_fold
ISIC_1301544,0,0.0019178488,held_fold
ISIC_1301591,0,0.0037384112,held_fold
ISIC_1307134,0,0.0077669057,held_fold
ISIC_1307396,0,0.0035041613,held_fold
ISIC_1307419,0,0.004065849,held_fold
ISIC_1309015,0,0.0011578084,held_fold
ISIC_1309130,0,0.014626813,held_fold
ISIC_1313105,0,0.0017133721,held_fold
ISIC_1318137,0,0.0026766274,held_fold
ISIC_1318781,0,0.0043342337,held_fold
ISIC_1322621,0,0.08051251,held_fold
ISIC_1326295,0,0.013827617,held_fold
ISIC_1326483,0,0.0012934278,held_fold
ISIC_1328417,0,0.03144574,held_fold
ISIC_1330242,0,0.0031087825,held_fold
ISIC_1333230,0,0.002812725,held_fold
ISIC_1336519,0,0.0042451434,held_fold
ISIC_1336572,0,0.022169674,held_fold
ISIC_1337144,0,0.0042942306,held_fold
ISIC_1338069,0,0.011052796,held_fold
ISIC_1341106,0,0.011422091,held_fold
ISIC_1341586,0,0.029824484,held_fold
ISIC_1342117,0,0.0041518314,held_fold
ISIC_1342739,0,0.0012336146,held_fold
ISIC_1344537,0,0.00781268,held_fold
ISIC_1344757,0,0.010536342,held_fold
ISIC_1346695,0,0.0033698587,held_fold
ISIC_1347099,0,0.0017239904,held_fold
ISIC_1348254,0,0.10299649,held_fold
ISIC_1348539,0,0.00086567074,held_fold
ISIC_1348843,0,0.0012707796,held_fold
ISIC_1350519,0,0.005328719,held_fold
ISIC_1350659,0,0.0013673973,held_fold
ISIC_1351604,0,0.0023885407,held_fold
ISIC_1352841,0,0.09547473,held_fold
ISIC_1352911,0,0.009384603,held_fold
ISIC_1353532,0,0.0032056402,held_fold
ISIC_1353653,0,0.003860192,held_fold
ISIC_1355104,0,0.003056808,held_fold
ISIC_1355722,0,0.00495114,held_fold
ISIC_1358348,0,0.004083512,held_fold
ISIC_1358527,0,0.0055462257,held_fold
ISIC_1358757,0,0.0049282783,held_fold
ISIC_1360595,0,0.0029395614,held_fold
ISIC_1363718,0,0.08239398,held_fold
ISIC_1364848,0,0.0011470289,held_fold
ISIC_1365434,0,0.016773619,held_fold
ISIC_1366993,0,0.02263721,held_fold
ISIC_1370034,0,0.008242297,held_fold
ISIC_1373468,0,0.0027699263,held_fold
ISIC_1376528,0,0.002319432,held_fold
ISIC_1377409,0,0.0013311317,held_fold
ISIC_1384413,0,0.004419073,held_fold
ISIC_1384527,0,0.004310167,held_fold
ISIC_1387456,0,0.003909582,held_fold
ISIC_1388230,0,0.0015170397,held_fold
ISIC_1388984,0,0.0027610653,held_fold
ISIC_1389620,0,0.0861419,held_fold
ISIC_1390308,0,0.0010147145,held_fold
ISIC_1392776,0,0.0060627977,held_fold
ISIC_1394786,0,0.0013837591,held_fold
ISIC_1396573,0,0.0040796003,held_fold
ISIC_1396857,0,0.011253338,held_fold
ISIC_1401235,0,0.021699358,held_fold
ISIC_1403974,0,0.000742308,held_fold
ISIC_1405391,0,0.016004197,held_fold
ISIC_1410153,0,0.0032009752,held_fold
ISIC_1411384,0,0.0018034144,held_fold
ISIC_1412620,0,0.0020997839,held_fold
ISIC_1412843,1,0.025782913,held_fold
ISIC_1413366,0,0.001744315,held_fold
ISIC_1416869,0,0.012000841,held_fold
ISIC_1416995,0,0.018010141,held_fold
ISIC_1418788,0,0.004750432,held_fold
ISIC_1421644,0,0.01060501,held_fold
ISIC_1422217,0,0.0027221395,held_fold
ISIC_1422429,0,0.0032247247,held_fold
ISIC_1424529,0,0.0029625231,held_fold
ISIC_1424655,0,0.0038698502,held_fold
ISIC_1425404,0,0.006177555,held_fold
ISIC_1429437,0,0.0055542137,held_fold
ISIC_1429954,0,0.0154206855,held_fold
ISIC_1431332,0,0.009566201,held_fold
ISIC_1432485,0,0.0044235135,held_fold
ISIC_1433739,0,0.011275415,held_fold
ISIC_1434244,0,0.002437404,held_fold
ISIC_1434340,0,0.035796843,held_fold
ISIC_1436124,0,0.0031543109,held_fold
ISIC_1436341,0,0.0058561536,held_fold
ISIC_1437529,0,0.003604459,held_fold
ISIC_1438382,0,0.0022930533,held_fold
ISIC_1438584,0,0.004663841,held_fold
ISIC_1438669,0,0.029266102,held_fold
ISIC_1440033,0,0.0071418965,held_fold
ISIC_1442186,0,0.018203344,held_fold
ISIC_1444573,0,0.009407051,held_fold
ISIC_1446344,0,0.031566575,held_fold
ISIC_1447118,0,0.0013555693,held_fold
ISIC_1447559,0,0.035454325,held_fold
ISIC_1448526,0,0.006812956,held_fold
ISIC_1449910,0,0.018431768,held_fold
ISIC_1450745,0,0.0029971646,held_fold
ISIC_1451092,0,0.002542597,held_fold
ISIC_1452412,0,0.00093210523,held_fold
ISIC_1456444,0,0.0023243255,held_fold
ISIC_1457263,0,0.0056771203,held_fold
ISIC_1458551,0,0.0051851384,held_fold
ISIC_1459948,0,0.008220996,held_fold
ISIC_1461419,0,0.0073196315,held_fold
ISIC_1462268,0,0.01116064,held_fold
ISIC_1463838,0,0.045916792,held_fold
ISIC_1466584,0,0.004099359,held_fold
ISIC_1467552,0,0.004406662,held_fold
ISIC_1467583,0,0.106887236,held_fold
ISIC_1470522,0,0.0043347073,held_fold
ISIC_1471649,0,0.0023621642,held_fold
ISIC_1472731,0,0.00370325,held_fold
ISIC_1473522,1,0.039390147,held_fold
ISIC_1476176,0,0.004150008,held_fold
ISIC_1477664,0,0.0022432115,held_fold
ISIC_1478794,0,0.001953641,held_fold
ISIC_1479729,0,0.004734546,held_fold
ISIC_1479891,0,0.0015378629,held_fold
ISIC_1483952,0,0.007003149,held_fold
ISIC_1485132,0,0.0020483737,held_fold
ISIC_1485969,0,0.0049974355,held_fold
ISIC_1486589,0,0.0016877105,held_fold
ISIC_1490161,0,0.005599396,held_fold
ISIC_1492055,0,0.002498675,held_fold
ISIC_1493314,0,0.0035504098,held_fold
ISIC_1493565,0,0.0015490096,held_fold
ISIC_1497992,0,0.004082748,held_fold
ISIC_1500815,0,0.0028305613,held_fold
ISIC_1500843,0,0.0029512811,held_fold
ISIC_1501034,0,0.04219369,held_fold
ISIC_1502140,0,0.020649508,held_fold
ISIC_1502309,0,0.016447814,held_fold
ISIC_1503020,0,0.0018514708,held_fold
ISIC_1505951,0,0.0031914543,held_fold
ISIC_1506794,0,0.0030549325,held_fold
ISIC_1506912,0,0.0008315361,held_fold
ISIC_1506954,0,0.004591688,held_fold
ISIC_1507090,0,0.008513814,held_fold
ISIC_1508810,0,0.0046083666,held_fold
ISIC_1510504,0,0.013475208,held_fold
ISIC_1511227,0,0.0025255124,held_fold
ISIC_1511536,0,0.011199924,held_fold
ISIC_1513720,0,0.013887182,held_fold
ISIC_1514117,0,0.0031842978,held_fold
ISIC_1514364,0,0.0027627635,held_fold
ISIC_1514401,0,0.005493686,held_fold
ISIC_1519645,0,0.0018707766,held_fold
ISIC_1519891,0,0.0013789639,held_fold
ISIC_1520897,0,0.02139714,held_fold
ISIC_1528994,0,0.013251978,held_fold
ISIC_1529534,0,0.23346907,held_fold
ISIC_1531548,0,0.11402275,held_fold
ISIC_1532403,0,0.0011045861,held_fold
ISIC_1534800,0,0.021430766,held_fold
ISIC_1537566,0,0.00210114,held_fold
ISIC_1537779,0,0.0068042693,held_fold
ISIC_1541817,0,0.0045528514,held_fold
ISIC_1542389,0,0.009616543,held_fold
ISIC_1543862,0,0.0014492079,held_fold
ISIC_1544093,0,0.0040190006,held_fold
ISIC_1545489,0,0.0020475432,held_fold
ISIC_1545675,0,0.0019084003,held_fold
ISIC_1545851,0,0.004654584,held_fold
ISIC_1548638,0,0.0032849775,held_fold
ISIC_1549857,0,0.018795881,held_fold
ISIC_1550349,0,0.027883522,held_fold
ISIC_1550785,0,0.004681485,held_fold
ISIC_1552127,0,0.034090832,held_fold
ISIC_1552570,0,0.017454313,held_fold
ISIC_1554843,0,0.0014574066,held_fold
ISIC_1556209,0,0.0035164976,held_fold
ISIC_1556765,0,0.0020513427,held_fold
ISIC_1558731,0,0.003675225,held_fold
ISIC_1561177,0,0.0050423155,held_fold
ISIC_1566312,0,0.0043840865,held_fold
ISIC_1566381,0,0.010515255,held_fold
ISIC_1568752,0,0.012666554,held_fold
ISIC_1570838,0,0.0048635756,held_fold
ISIC_1573974,0,0.010144135,held_fold
ISIC_1574123,0,0.015783932,held_fold
ISIC_1575396,0,0.0053412695,held_fold
ISIC_1578194,0,0.044989556,held_fold
ISIC_1578811,0,0.002339211,held_fold
ISIC_1579463,0,0.0021557843,held_fold
ISIC_1579497,0,0.0016930791,held_fold
ISIC_1580068,0,0.006549083,held_fold
ISIC_1584543,0,0.0056312396,held_fold
ISIC_1585511,0,0.011938307,held_fold
ISIC_1588382,0,0.0030292703,held_fold
ISIC_1589136,0,0.05945892,held_fold
ISIC_1589997,1,0.11309478,held_fold
ISIC_1590829,0,0.0020434747,held_fold
ISIC_1593175,0,0.05106812,held_fold
ISIC_1593638,0,0.038791027,held_fold
ISIC_1594422,0,0.0011500337,held_fold
ISIC_1595157,0,0.0037231871,held_fold
ISIC_1595325,0,0.0021619452,held_fold
ISIC_1597414,0,0.0024667096,held_fold
ISIC_1599163,0,0.0028050346,held_fold
ISIC_1601244,0,0.0040618232,held_fold
ISIC_1603509,0,0.0024332684,held_fold
ISIC_1604935,0,0.0041237413,held_fold
ISIC_1605988,0,0.0032354065,held_fold
ISIC_1608192,0,0.010386589,held_fold
ISIC_1608727,0,0.00182862,held_fold
ISIC_1610092,0,0.004450411,held_fold
ISIC_1611600,0,0.0023288147,held_fold
ISIC_1617282,0,0.010227588,held_fold
ISIC_1617896,0,0.0016144549,held_fold
ISIC_1618730,0,0.0072180694,held_fold
ISIC_1624873,0,0.009408611,held_fold
ISIC_1631125,0,0.0021311175,held_fold
ISIC_1631397,0,0.0016076051,held_fold
ISIC_1633463,0,0.00408766,held_fold
ISIC_1635633,0,0.00252428,held_fold
ISIC_1636849,0,0.0028820345,held_fold
ISIC_1637536,0,0.15870202,held_fold
ISIC_1637588,0,0.004104287,held_fold
ISIC_1638436,0,0.016437998,held_fold
ISIC_1639011,0,0.0010183903,held_fold
ISIC_1639765,0,0.0015758197,held_fold
ISIC_1640426,0,0.0011216347,held_fold
ISIC_1641301,0,0.0035279954,held_fold
ISIC_1641839,0,0.009426408,held_fold
ISIC_1646084,0,0.014093697,held_fold
ISIC_1648233,0,0.001285554,held_fold
ISIC_1650523,0,0.0045588827,held_fold
ISIC_1652008,0,0.0032944463,held_fold
ISIC_1654183,0,0.0073445057,held_fold
ISIC_1654342,1,0.15941142,held_fold
ISIC_1655513,0,0.002470018,held_fold
ISIC_1656186,0,0.009234307,held_fold
ISIC_1656452,0,0.0051167966,held_fold
ISIC_1664534,0,0.011726571,held_fold
ISIC_1665248,0,0.010718742,held_fold
ISIC_1674776,0,0.010850076,held_fold
ISIC_1675814,0,0.0034068273,held_fold
ISIC_1676261,0,0.0022534109,held_fold
ISIC_1676826,0,0.0026794574,held_fold
ISIC_1681627,0,0.0034362972,held_fold
ISIC_1682693,0,0.0015660954,held_fold
ISIC_1684067,0,0.0010697605,held_fold
ISIC_1684127,1,0.026111588,held_fold
ISIC_1684948,0,0.0030718981,held_fold
ISIC_1685833,0,0.09067801,held_fold
ISIC_1687584,0,0.0015440433,held_fold
ISIC_1688160,0,0.062124666,held_fold
ISIC_1689686,0,0.00094625354,held_fold
ISIC_1690499,0,0.017686507,held_fold
ISIC_1690909,0,0.002667586,held_fold
ISIC_1691676,0,0.006276287,held_fold
ISIC_1692144,0,0.01169205,held_fold
ISIC_1693686,0,0.0037708876,held_fold
ISIC_1693912,0,0.001254812,held_fold
ISIC_1695724,0,0.004334003,held_fold
ISIC_1698119,0,0.004334271,held_fold
ISIC_1700513,0,0.0018623379,held_fold
ISIC_1704026,0,0.013224614,held_fold
ISIC_1708068,0,0.0015767742,held_fold
ISIC_1710179,0,0.007355283,held_fold
ISIC_1715406,0,0.0029683104,held_fold
ISIC_1718418,0,0.0025898633,held_fold
ISIC_1718707,0,0.003639983,held_fold
ISIC_1719236,0,0.0012148804,held_fold
ISIC_1720840,0,0.0041810046,held_fold
ISIC_1723279,0,0.0110024195,held_fold
ISIC_1724802,0,0.0042153215,held_fold
ISIC_1725961,0,0.0025604398,held_fold
ISIC_1725997,0,0.0062357816,held_fold
ISIC_1727369,0,0.0009564702,held_fold
ISIC_1728767,0,0.0067875176,held_fold
ISIC_1729465,0,0.0058672326,held_fold
ISIC_1732965,0,0.003300213,held_fold
ISIC_1736706,0,0.004274008,held_fold
ISIC_1738348,0,0.031872734,held_fold
ISIC_1740379,0,0.0012614351,held_fold
ISIC_1743974,0,0.014781324,held_fold
ISIC_1744704,0,0.002354561,held_fold
ISIC_1744817,0,0.0040683523,held_fold
ISIC_1745458,0,0.005302546,held_fold
ISIC_1745477,0,0.0027759175,held_fold
ISIC_1747417,0,0.022575092,held_fold
ISIC_1749857,0,0.0034843876,held_fold
ISIC_1750674,0,0.003177547,held_fold
ISIC_1752306,0,0.0018379829,held_fold
ISIC_1755832,0,0.031360123,held_fold
ISIC_1756265,0,0.0066285357,held_fold
ISIC_1757212,0,0.035409767,held_fold
ISIC_1758149,0,0.0016203853,held_fold
ISIC_1758558,0,0.020163786,held_fold
ISIC_1761138,0,0.005169763,held_fold
ISIC_1766601,0,0.006027614,held_fold
ISIC_1768217,0,0.0066827964,held_fold
ISIC_1769724,0,0.0032814466,held_fold
ISIC_1772523,0,0.011160567,held_fold
ISIC_1772784,0,0.00378247,held_fold
ISIC_1777398,0,0.013321411,held_fold
ISIC_1779061,0,0.056500316,held_fold
ISIC_1779443,0,0.033910636,held_fold
ISIC_1780675,0,0.004104285,held_fold
ISIC_1782911,0,0.0052606603,held_fold
ISIC_1783021,0,0.003479325,held_fold
ISIC_1786025,0,0.008787478,held_fold
ISIC_1786309,0,0.03368355,held_fold
ISIC_1788314,0,0.011029334,held_fold
ISIC_1788671,0,0.0013635007,held_fold
ISIC_1788875,0,0.009668353,held_fold
ISIC_1795959,0,0.01745356,held_fold
ISIC_1800066,0,0.01365121,held_fold
ISIC_1802793,0,0.0070066475,held_fold
ISIC_1806497,0,0.013157589,held_fold
ISIC_1807638,0,0.0017443997,held_fold
ISIC_1809912,0,0.002303562,held_fold
ISIC_1810207,0,0.03238835,held_fold
ISIC_1810790,0,0.007821037,held_fold
ISIC_1813911,0,0.008066049,held_fold
ISIC_1817714,0,0.005015376,held_fold
ISIC_1819358,0,0.0014996314,held_fold
ISIC_1820193,0,0.08175097,held_fold
ISIC_1820389,0,0.0053742835,held_fold
ISIC_1825131,0,0.003694664,held_fold
ISIC_1828652,0,0.010186039,held_fold
ISIC_1829378,0,0.021005068,held_fold
ISIC_1830017,0,0.0015178481,held_fold
ISIC_1831304,0,0.011933168,held_fold
ISIC_1832582,0,0.001121132,held_fold
ISIC_1833138,0,0.0016012585,held_fold
ISIC_1835426,0,0.0036182043,held_fold
ISIC_1835970,0,0.005877451,held_fold
ISIC_1837402,0,0.004088293,held_fold
ISIC_1837609,0,0.0025582535,held_fold
ISIC_1838888,0,0.0017512876,held_fold
ISIC_1838904,0,0.033475775,held_fold
ISIC_1840418,0,0.0015065616,held_fold
ISIC_1841825,0,0.004551609,held_fold
ISIC_1841949,0,0.0036101358,held_fold
ISIC_1844824,0,0.0017268092,held_fold
ISIC_1845271,0,0.0042111026,held_fold
ISIC_1845580,0,0.0012052539,held_fold
ISIC_1846528,0,0.004875961,held_fold
ISIC_1847200,0,0.0018487058,held_fold
ISIC_1847516,0,0.0036225491,held_fold
ISIC_1847684,0,0.0028220115,held_fold
ISIC_1848300,0,0.0016387454,held_fold
ISIC_1849151,0,0.008732972,held_fold
ISIC_1849227,0,0.0032557037,held_fold
ISIC_1849442,0,0.0033009914,held_fold
ISIC_1850122,0,0.031144707,held_fold
ISIC_1850388,0,0.004502007,held_fold
ISIC_1852500,0,0.13171129,held_fold
ISIC_1852987,0,0.014180722,held_fold
ISIC_1857587,0,0.0035511355,held_fold
ISIC_1858123,0,0.035638798,held_fold
ISIC_1858237,0,0.0039692656,held_fold
ISIC_1859531,0,0.002763448,held_fold
ISIC_1859923,0,0.04231954,held_fold
ISIC_1861580,0,0.029519852,held_fold
ISIC_1863917,0,0.002898077,held_fold
ISIC_1864109,0,0.0015909025,held_fold
ISIC_1864210,0,0.00428809,held_fold
ISIC_1865060,0,0.006909791,held_fold
ISIC_1865170,0,0.0019328954,held_fold
ISIC_1867577,0,0.009936193,held_fold
ISIC_1870517,0,0.0046858015,held_fold
ISIC_1873035,0,0.0023351582,held_fold
ISIC_1875086,0,0.0021962319,held_fold
ISIC_1876799,0,0.0015324149,held_fold
ISIC_1878972,0,0.0019336139,held_fold
ISIC_1880540,0,0.06636404,held_fold
ISIC_1881268,0,0.021017298,held_fold
ISIC_1883184,0,0.0029988408,held_fold
ISIC_1883330,0,0.0031248129,held_fold
ISIC_1884256,0,0.0034239336,held_fold
ISIC_1886719,0,0.010895558,held_fold
ISIC_1886756,0,0.00810546,held_fold
ISIC_1887768,0,0.0028031801,held_fold
ISIC_1888148,0,0.0020552746,held_fold
ISIC_1890263,0,0.011196853,held_fold
ISIC_1892887,0,0.20797867,held_fold
ISIC_1896350,0,0.002547097,held_fold
ISIC_1897312,0,0.0044576935,held_fold
ISIC_1897327,0,0.0016131037,held_fold
ISIC_1900721,0,0.0094952965,held_fold
ISIC_1901204,0,0.0014874296,held_fold
ISIC_1901829,0,0.018933171,held_fold
ISIC_1903698,0,0.0040511005,held_fold
ISIC_1904002,0,0.0013113143,held_fold
ISIC_1910458,0,0.008665669,held_fold
ISIC_1911714,0,0.003549017,held_fold
ISIC_1912184,0,0.0020824256,held_fold
ISIC_1912589,0,0.004933006,held_fold
ISIC_1915989,0,0.025916308,held_fold
ISIC_1917554,0,0.021322742,held_fold
ISIC_1917856,0,0.0035381906,held_fold
ISIC_1919196,0,0.014146234,held_fold
ISIC_1919324,0,0.0064756796,held_fold
ISIC_1919829,0,0.1497206,held_fold
ISIC_1920685,0,0.0027078756,held_fold
ISIC_1921387,0,0.0054862374,held_fold
ISIC_1921636,0,0.0032249114,held_fold
ISIC_1922234,0,0.008586913,held_fold
ISIC_1922568,0,0.00221544,held_fold
ISIC_1924949,0,0.00091060257,held_fold
ISIC_1925412,0,0.045410164,held_fold
ISIC_1926530,0,0.0038812123,held_fold
ISIC_1927858,0,0.0057153134,held_fold
ISIC_1930598,0,0.021539962,held_fold
ISIC_1930877,0,0.0017652116,held_fold
ISIC_1931408,0,0.0072476766,held_fold
ISIC_1932632,0,0.023294773,held_fold
ISIC_1932947,0,0.0015719974,held_fold
ISIC_1933026,0,0.006523216,held_fold
ISIC_1934097,0,0.0056014247,held_fold
ISIC_1937955,0,0.011660136,held_fold
ISIC_1943439,0,0.10092255,held_fold
ISIC_1943654,0,0.07476193,held_fold
ISIC_1944865,0,0.0029564293,held_fold
ISIC_1945381,0,0.01897087,held_fold
ISIC_1947992,0,0.0043321312,held_fold
ISIC_1948751,0,0.012582254,held_fold
ISIC_1950616,0,0.021699205,held_fold
ISIC_1951928,0,0.0025474061,held_fold
ISIC_1953808,0,0.0017362349,held_fold
ISIC_1954547,0,0.0019748774,held_fold
ISIC_1957587,0,0.0048915204,held_fold
ISIC_1958003,0,0.0011775251,held_fold
ISIC_1958612,0,0.011511751,held_fold
ISIC_1959078,0,0.006563994,held_fold
ISIC_1959939,1,0.0517361,held_fold
ISIC_1964334,0,0.011234143,held_fold
ISIC_1966916,0,0.0021711611,held_fold
ISIC_1970027,0,0.0046064686,held_fold
ISIC_1973320,0,0.003641036,held_fold
ISIC_1974281,0,0.0014159138,held_fold
ISIC_1974530,0,0.0050723427,held_fold
ISIC_1975941,0,0.03272123,held_fold
ISIC_1977265,0,0.019860176,held_fold
ISIC_1977916,0,0.0048869173,held_fold
ISIC_1978228,0,0.0011230155,held_fold
ISIC_1978426,0,0.0020306788,held_fold
ISIC_1979473,0,0.052576102,held_fold
ISIC_1981133,0,0.0031718868,held_fold
ISIC_1982295,0,0.0036049094,held_fold
ISIC_1983516,0,0.007218148,held_fold
ISIC_1985244,0,0.01815813,held_fold
ISIC_1985984,0,0.0031772526,held_fold
ISIC_1988336,0,0.0045923353,held_fold
ISIC_1990520,0,0.0051760064,held_fold
ISIC_1991054,0,0.0032590295,held_fold
ISIC_1991528,0,0.019983327,held_fold
ISIC_1998849,0,0.0101890685,held_fold
ISIC_2000184,0,0.013259105,held_fold
ISIC_2001492,0,0.0026820465,held_fold
ISIC_2003272,0,0.0298193,held_fold
ISIC_2006783,0,0.019428737,held_fold
ISIC_2009055,0,0.015574587,held_fold
ISIC_2009167,0,0.0022564984,held_fold
ISIC_2010841,0,0.0024417324,held_fold
ISIC_2011145,0,0.0074784188,held_fold
ISIC_2011758,0,0.0018044662,held_fold
ISIC_2011893,0,0.0032752699,held_fold
ISIC_2014399,0,0.006058932,held_fold
ISIC_2015441,0,0.00280528,held_fold
ISIC_2016546,0,0.0022045055,held_fold
ISIC_2019110,0,0.002182758,held_fold
ISIC_2027392,0,0.0025799235,held_fold
ISIC_2027490,0,0.010707912,held_fold
ISIC_2027705,0,0.0035472587,held_fold
ISIC_2031177,0,0.008134752,held_fold
ISIC_2035097,0,0.001997452,held_fold
ISIC_2037324,0,0.0028450002,held_fold
ISIC_2041726,0,0.0013885313,held_fold
ISIC_2045595,0,0.0020588562,held_fold
ISIC_2046079,0,0.017007353,held_fold
ISIC_2048638,0,0.001921292,held_fold
ISIC_2049818,0,0.0015098794,held_fold
ISIC_2049836,0,0.002960058,held_fold
ISIC_2053045,0,0.06770356,held_fold
ISIC_2056104,0,0.004727505,held_fold
ISIC_2057606,0,0.0057691936,held_fold
ISIC_2059085,0,0.006597849,held_fold
ISIC_2059481,0,0.0025889175,held_fold
ISIC_2060078,0,0.012009433,held_fold
ISIC_2061063,0,0.0095649315,held_fold
ISIC_2066127,0,0.002906833,held_fold
ISIC_2066146,0,0.0012524304,held_fold
ISIC_2066654,0,0.0045111245,held_fold
ISIC_2067576,0,0.0016044597,held_fold
ISIC_2068866,0,0.0022536328,held_fold
ISIC_2069039,0,0.009981059,held_fold
ISIC_2069765,0,0.005211926,held_fold
ISIC_2070718,0,0.00434339,held_fold
ISIC_2070726,0,0.0013985963,held_fold
ISIC_2071317,0,0.003253176,held_fold
ISIC_2073994,0,0.0058925604,held_fold
ISIC_2074396,0,0.00081194175,held_fold
ISIC_2074764,0,0.0029405246,held_fold
ISIC_2077460,0,0.0144078005,held_fold
ISIC_2078053,0,0.0019421718,held_fold
ISIC_2079078,0,0.0017659056,held_fold
ISIC_2079121,0,0.0034887153,held_fold
ISIC_2079417,0,0.00078414014,held_fold
ISIC_2080351,0,0.0011097721,held_fold
ISIC_2081142,0,0.00607849,held_fold
ISIC_2081489,0,0.0018280561,held_fold
ISIC_2087446,0,0.07265943,held_fold
ISIC_2092879,0,0.007224027,held_fold
ISIC_2094429,0,0.05089235,held_fold
ISIC_2095347,0,0.0018173549,held_fold
ISIC_2099776,0,0.00302026,held_fold
ISIC_2101624,1,0.51295507,held_fold
ISIC_2102371,0,0.19023086,held_fold
ISIC_2102551,0,0.006919548,held_fold
ISIC_2104487,0,0.006754836,held_fold
ISIC_2108787,0,0.0065359445,held_fold
ISIC_2109563,0,0.0016239686,held_fold
ISIC_2120508,0,0.0014853035,held_fold
ISIC_2121292,0,0.0018240216,held_fold
ISIC_2122087,0,0.0054920083,held_fold
ISIC_2123159,0,0.020554867,held_fold
ISIC_2123488,0,0.0027672246,held_fold
ISIC_2125450,0,0.024507329,held_fold
ISIC_2126248,0,0.0011873376,held_fold
ISIC_2126316,0,0.0024870716,held_fold
ISIC_2127685,0,0.0026692585,held_fold
ISIC_2127820,0,0.0011983572,held_fold
ISIC_2129226,0,0.0015151802,held_fold
ISIC_2129541,0,0.006847931,held_fold
ISIC_2130800,0,0.047357816,held_fold
ISIC_2131707,0,0.0019441849,held_fold
ISIC_2134858,0,0.009772288,held_fold
ISIC_2137041,0,0.0047030905,held_fold
ISIC_2140115,0,0.0073761805,held_fold
ISIC_2142072,0,0.001448518,held_fold
ISIC_2142232,0,0.0017955116,held_fold
ISIC_2142639,0,0.0034884815,held_fold
ISIC_2148350,0,0.013753688,held_fold
ISIC_2149030,0,0.0012111184,held_fold
ISIC_2150031,0,0.003061591,held_fold
ISIC_2151459,0,0.00169026,held_fold
ISIC_2152051,0,0.0044158474,held_fold
ISIC_2152755,0,0.073376425,held_fold
ISIC_2153201,0,0.003130522,held_fold
ISIC_2153401,1,0.081623405,held_fold
ISIC_2153879,0,0.010499727,held_fold
ISIC_2155898,0,0.010169211,held_fold
ISIC_2159914,0,0.001282466,held_fold
ISIC_2161864,0,0.0016464095,held_fold
ISIC_2161930,0,0.011487869,held_fold
ISIC_2168257,0,0.0024399387,held_fold
ISIC_2168953,0,0.009355775,held_fold
ISIC_2170531,0,0.0021717139,held_fold
ISIC_2172377,0,0.0016566789,held_fold
ISIC_2174204,0,0.0033550982,held_fold
ISIC_2175855,0,0.007877661,held_fold
ISIC_2176370,0,0.0013447809,held_fold
ISIC_2179001,0,0.0014382051,held_fold
ISIC_2180439,0,0.0068015894,held_fold
ISIC_2185831,0,0.003645211,held_fold
ISIC_2186496,0,0.012123007,held_fold
ISIC_2186828,0,0.0016882996,held_fold
ISIC_2188465,0,0.0009873963,held_fold
ISIC_2192666,0,0.003041575,held_fold
ISIC_2193761,0,0.00155161,held_fold
ISIC_2194968,0,0.0041398653,held_fold
ISIC_2199969,0,0.20361166,held_fold
ISIC_2200426,0,0.0020784577,held_fold
ISIC_2203306,0,0.04452935,held_fold
ISIC_2205780,0,0.0034730432,held_fold
ISIC_2208668,0,0.026383772,held_fold
ISIC_2211136,0,0.19251567,held_fold
ISIC_2212473,1,0.032688603,held_fold
ISIC_2215830,0,0.013849379,held_fold
ISIC_2216526,0,0.0046510114,held_fold
ISIC_2217550,0,0.0022387102,held_fold
ISIC_2219050,0,0.0069818925,held_fold
ISIC_2219235,0,0.0018467887,held_fold
ISIC_2220508,0,0.0007038624,held_fold
ISIC_2222264,0,0.07397502,held_fold
ISIC_2222489,0,0.01654831,held_fold
ISIC_2227830,0,0.008993636,held_fold
ISIC_2228270,0,0.001414088,held_fold
ISIC_2229251,0,0.003802059,held_fold
ISIC_2234023,0,0.0044584298,held_fold
ISIC_2241173,0,0.018936325,held_fold
ISIC_2241975,0,0.015815422,held_fold
ISIC_2243353,0,0.021269545,held_fold
ISIC_2243954,0,0.003412346,held_fold
ISIC_2244742,0,0.005556374,held_fold
ISIC_2245695,0,0.0041129575,held_fold
ISIC_2248305,0,0.044197045,held_fold
ISIC_2248956,0,0.0024140691,held_fold
ISIC_2255492,0,0.022683587,held_fold
ISIC_2262530,0,0.0069295885,held_fold
ISIC_2263311,0,0.0011489197,held_fold
ISIC_2265410,0,0.0012607583,held_fold
ISIC_2266011,0,0.0037283944,held_fold
ISIC_2266857,0,0.007920957,held_fold
ISIC_2269849,0,0.02844477,held_fold
ISIC_2274871,0,0.00958715,held_fold
ISIC_2275181,0,0.0026532586,held_fold
ISIC_2275624,0,0.0062904153,held_fold
ISIC_2275821,0,0.0045186616,held_fold
ISIC_2276141,0,0.017720638,held_fold
ISIC_2280085,0,0.0068724975,held_fold
ISIC_2281048,0,0.005002965,held_fold
ISIC_2282086,0,0.017455565,held_fold
ISIC_2282330,0,0.002906268,held_fold
ISIC_2282522,0,0.0009518906,held_fold
ISIC_2283628,0,0.0020256774,held_fold
ISIC_2284502,0,0.0017647017,held_fold
ISIC_2284633,0,0.0114774015,held_fold
ISIC_2295998,0,0.0044039497,held_fold
ISIC_2297858,0,0.0025766115,held_fold
ISIC_2313297,0,0.006839809,held_fold
ISIC_2316159,0,0.0023285055,held_fold
ISIC_2316827,0,0.0048593446,held_fold
ISIC_2317156,0,0.0035195614,held_fold
ISIC_2318657,0,0.00308729,held_fold
ISIC_2318906,0,0.0028735322,held_fold
ISIC_2319122,0,0.0020046742,held_fold
ISIC_2321619,0,0.0062841587,held_fold
ISIC_2321671,0,0.0021371942,held_fold
ISIC_2326984,0,0.017056331,held_fold
ISIC_2328299,0,0.0014518753,held_fold
ISIC_2329701,0,0.002025984,held_fold
ISIC_2337650,0,0.015752021,held_fold
ISIC_2337786,0,0.026047237,held_fold
ISIC_2339522,0,0.0022873473,held_fold
ISIC_2347774,0,0.0020407652,held_fold
ISIC_2348481,0,0.042206414,held_fold
ISIC_2349386,0,0.0012616334,held_fold
ISIC_2349743,0,0.0018184391,held_fold
ISIC_2355513,0,0.0023779585,held_fold
ISIC_2356841,0,0.002074467,held_fold
ISIC_2357022,0,0.008574829,held_fold
ISIC_2357307,0,0.0018616405,held_fold
ISIC_2364189,0,0.004249871,held_fold
ISIC_2365588,0,0.007603383,held_fold
ISIC_2366196,0,0.012218705,held_fold
ISIC_2367392,0,0.002175349,held_fold
ISIC_2370650,0,0.00428965,held_fold
ISIC_2371734,0,0.067124255,held_fold
ISIC_2373071,0,0.0028873382,held_fold
ISIC_2374446,0,0.016419651,held_fold
ISIC_2378303,0,0.026156714,held_fold
ISIC_2378495,0,0.0030797077,held_fold
ISIC_2382078,0,0.0021736573,held_fold
ISIC_2382323,0,0.0056848396,held_fold
ISIC_2383335,0,0.03239457,held_fold
ISIC_2383571,0,0.0016037992,held_fold
ISIC_2386668,0,0.006067863,held_fold
ISIC_2387403,0,0.0063379398,held_fold
ISIC_2387634,0,0.0056670997,held_fold
ISIC_2394780,0,0.0020890157,held_fold
ISIC_2394894,0,0.0050727297,held_fold
ISIC_2396480,0,0.0029800802,held_fold
ISIC_2396791,0,0.005415466,held_fold
ISIC_2397307,0,0.00071432884,held_fold
ISIC_2398131,0,0.001999295,held_fold
ISIC_2399130,0,0.0022831627,held_fold
ISIC_2400177,0,0.0052782507,held_fold
ISIC_2401705,0,0.0024464848,held_fold
ISIC_2402717,0,0.0013566499,held_fold
ISIC_2406580,0,0.0033333218,held_fold
ISIC_2406848,0,0.0042507425,held_fold
ISIC_2407132,0,0.0010921858,held_fold
ISIC_2407914,0,0.022320805,held_fold
ISIC_2408815,1,0.02128666,held_fold
ISIC_2410842,0,0.0068324595,held_fold
ISIC_2412426,0,0.030784812,held_fold
ISIC_2413429,0,0.0020534252,held_fold
ISIC_2415030,0,0.0055052415,held_fold
ISIC_2416792,0,0.004741922,held_fold
ISIC_2417638,0,0.007732355,held_fold
ISIC_2418848,0,0.0013774296,held_fold
ISIC_2418954,0,0.006102512,held_fold
ISIC_2419593,0,0.007974426,held_fold
ISIC_2420042,0,0.0012158423,held_fold
ISIC_2421521,0,0.0075044697,held_fold
ISIC_2425013,0,0.003866139,held_fold
ISIC_2427137,0,0.0032900386,held_fold
ISIC_2428554,0,0.049027476,held_fold
ISIC_2430137,0,0.019188225,held_fold
ISIC_2432058,0,0.0058514806,held_fold
ISIC_2434382,0,0.0034332026,held_fold
ISIC_2437188,0,0.019065047,held_fold
ISIC_2438067,0,0.001726985,held_fold
ISIC_2448123,1,0.0026354527,held_fold
ISIC_2448210,0,0.001061221,held_fold
ISIC_2452083,0,0.024341386,held_fold
ISIC_2452931,0,0.004706735,held_fold
ISIC_2454475,0,0.009153619,held_fold
ISIC_2457132,0,0.0026659754,held_fold
ISIC_2457369,0,0.00238487,held_fold
ISIC_2459772,0,0.0022268582,held_fold
ISIC_2462485,0,0.0020290443,held_fold
ISIC_2467125,0,0.0022978769,held_fold
ISIC_2468975,0,0.0022543706,held_fold
ISIC_2470542,0,0.005569223,held_fold
ISIC_2476876,0,0.0066123228,held_fold
ISIC_2477888,0,0.003387276,held_fold
ISIC_2478012,0,0.003840756,held_fold
ISIC_2480608,0,0.04419523,held_fold
ISIC_2480615,0,0.0081526,held_fold
ISIC_2481230,0,0.004068916,held_fold
ISIC_2482427,0,0.0045644497,held_fold
ISIC_2482653,0,0.01993446,held_fold
ISIC_2482687,0,0.004072945,held_fold
ISIC_2484586,0,0.04302971,held_fold
ISIC_2487061,0,0.01256915,held_fold
ISIC_2489471,0,0.005878212,held_fold
ISIC_2490493,0,0.009820587,held_fold
ISIC_2493432,0,0.002308032,held_fold
ISIC_2494956,0,0.0034310874,held_fold
ISIC_2495303,0,0.011363798,held_fold
ISIC_2496053,0,0.007954375,held_fold
ISIC_2496374,0,0.006191335,held_fold
ISIC_2499559,0,0.0021577873,held_fold
ISIC_2499678,0,0.0029973427,held_fold
ISIC_2500087,0,0.0040138066,held_fold
ISIC_2502405,0,0.041626975,held_fold
ISIC_2502558,0,0.0017478542,held_fold
ISIC_2502855,0,0.0025331227,held_fold
ISIC_2508032,0,0.0052574966,held_fold
ISIC_2509736,0,0.0018073139,held_fold
ISIC_2514994,0,0.007397704,held_fold
ISIC_2515324,0,0.0048861895,held_fold
ISIC_2518672,0,0.006220137,held_fold
ISIC_2520419,0,0.002477787,held_fold
ISIC_2521947,0,0.0019644278,held_fold
ISIC_2523922,0,0.010584213,held_fold
ISIC_2524005,0,0.0022996638,held_fold
ISIC_2525084,1,0.019560758,held_fold
ISIC_2527238,0,0.05132274,held_fold
ISIC_2527485,0,0.0021231116,held_fold
ISIC_2533114,0,0.014117196,held_fold
ISIC_2535541,1,0.05757907,held_fold
ISIC_2536728,0,0.015797857,held_fold
ISIC_2538378,0,0.0041827285,held_fold
ISIC_2538571,0,0.004987544,held_fold
ISIC_2539861,0,0.016230425,held_fold
ISIC_2540408,0,0.024047054,held_fold
ISIC_2541562,0,0.007573105,held_fold
ISIC_2546094,0,0.03882269,held_fold
ISIC_2550872,0,0.022626242,held_fold
ISIC_2553784,0,0.0077612707,held_fold
ISIC_2553976,0,0.002427549,held_fold
ISIC_2555243,0,0.0017862064,held_fold
ISIC_2555358,0,0.0031724127,held_fold
ISIC_2555494,0,0.0020455099,held_fold
ISIC_2558189,0,0.0035592804,held_fold
ISIC_2558439,0,0.023833463,held_fold
ISIC_2559074,0,0.0038723843,held_fold
ISIC_2559472,0,0.014637153,held_fold
ISIC_2560645,0,0.0063671833,held_fold
ISIC_2563840,0,0.0043254946,held_fold
ISIC_2565512,0,0.0024420947,held_fold
ISIC_2565986,0,0.0010796068,held_fold
ISIC_2566365,0,0.0043834494,held_fold
ISIC_2570708,0,0.006828141,held_fold
ISIC_2571614,0,0.004849559,held_fold
ISIC_2572530,0,0.0012307884,held_fold
ISIC_2574197,0,0.0055097155,held_fold
ISIC_2574344,0,0.011346973,held_fold
ISIC_2574351,0,0.002174395,held_fold
ISIC_2579390,0,0.006994781,held_fold
ISIC_2585066,0,0.0378849,held_fold
ISIC_2586708,0,0.0036539566,held_fold
ISIC_2587955,0,0.004522797,held_fold
ISIC_2594290,0,0.003382349,held_fold
ISIC_2595590,0,0.00378864,held_fold
ISIC_2596574,0,0.0045005223,held_fold
ISIC_2597342,0,0.005314665,held_fold
ISIC_2597975,0,0.004277142,held_fold
ISIC_2598702,0,0.005434412,held_fold
ISIC_2600276,0,0.010584352,held_fold
ISIC_2601156,0,0.0035637973,held_fold
ISIC_2603420,0,0.0025412152,held_fold
ISIC_2605567,0,0.003257651,held_fold
ISIC_2606194,0,0.017023217,held_fold
ISIC_2607010,0,0.0070919814,held_fold
ISIC_2608471,0,0.001396822,held_fold
ISIC_2613405,0,0.005709834,held_fold
ISIC_2616788,0,0.0054126107,held_fold
ISIC_2618092,0,0.017071005,held_fold
ISIC_2620159,0,0.006982666,held_fold
ISIC_2621121,0,0.004865893,held_fold
ISIC_2621493,0,0.023522438,held_fold
ISIC_2623707,0,0.33366984,held_fold
ISIC_2624189,0,0.0017600282,held_fold
ISIC_2625884,0,0.074991636,held_fold
ISIC_2626310,0,0.0023509883,held_fold
ISIC_2629998,0,0.0024458019,held_fold
ISIC_2632471,0,0.0015156845,held_fold
ISIC_2636012,0,0.0020145932,held_fold
ISIC_2637014,0,0.0067836707,held_fold
ISIC_2641186,0,0.0029981334,held_fold
ISIC_2645314,0,0.0031422607,held_fold
ISIC_2645615,0,0.0059273206,held_fold
ISIC_2647070,0,0.0021826667,held_fold
ISIC_2649999,0,0.012673837,held_fold
ISIC_2652721,0,0.0038718618,held_fold
ISIC_2653098,0,0.0021681315,held_fold
ISIC_2653824,0,0.0100063365,held_fold
ISIC_2654412,0,0.004060018,held_fold
ISIC_2658858,0,0.0029715297,held_fold
ISIC_2659107,0,0.003149211,held_fold
ISIC_2664973,0,0.016392035,held_fold
ISIC_2665039,0,0.01756205,held_fold
ISIC_2665487,0,0.0064963032,held_fold
ISIC_2667784,0,0.008594639,held_fold
ISIC_2667921,0,0.0011145703,held_fold
ISIC_2671038,0,0.004650742,held_fold
ISIC_2671727,0,0.02193219,held_fold
ISIC_2672001,0,0.009491522,held_fold
ISIC_2672379,0,0.001571553,held_fold
ISIC_2672587,0,0.012802132,held_fold
ISIC_2673586,0,0.0021470084,held_fold
ISIC_2676784,0,0.020245254,held_fold
ISIC_2680842,0,0.0062203994,held_fold
ISIC_2682861,0,0.0010035221,held_fold
ISIC_2683125,0,0.0020869998,held_fold
ISIC_2684374,0,0.0016875319,held_fold
ISIC_2690733,0,0.003466924,held_fold
ISIC_2691211,0,0.004744898,held_fold
ISIC_2700320,1,0.022371195,held_fold
ISIC_2700731,0,0.018198565,held_fold
ISIC_2703447,0,0.010663925,held_fold
ISIC_2704072,0,0.012729689,held_fold
ISIC_2705052,0,0.00656992,held_fold
ISIC_2707664,0,0.0014209563,held_fold
ISIC_2709109,0,0.02077901,held_fold
ISIC_2709809,0,0.0011853668,held_fold
ISIC_2710887,0,0.28947303,held_fold
ISIC_2711946,0,0.0064279167,held_fold
ISIC_2716284,0,0.007542949,held_fold
ISIC_2716925,0,0.0020636006,held_fold
ISIC_2717587,0,0.007689798,held_fold
ISIC_2718135,0,0.0012681452,held_fold
ISIC_2718199,0,0.004051953,held_fold
ISIC_2719558,0,0.00853329,held_fold
ISIC_2720231,0,0.0010107722,held_fold
ISIC_2721543,0,0.075379826,held_fold
ISIC_2722070,0,0.0042962576,held_fold
ISIC_2729893,0,0.004396987,held_fold
ISIC_2731386,0,0.0008569697,held_fold
ISIC_2732573,0,0.0014838659,held_fold
ISIC_2732720,0,0.0029844134,held_fold
ISIC_2733043,0,0.0012322277,held_fold
ISIC_2734817,0,0.08461686,held_fold
ISIC_2735051,0,0.023167118,held_fold
ISIC_2735720,0,0.004624307,held_fold
ISIC_2735846,0,0.010419783,held_fold
ISIC_2736793,0,0.03033035,held_fold
ISIC_2738454,0,0.09257775,held_fold
ISIC_2740815,0,0.005635751,held_fold
ISIC_2741984,0,0.008702651,held_fold
ISIC_2742870,0,0.0010481956,held_fold
ISIC_2746191,0,0.0051750024,held_fold
ISIC_2746282,0,0.0011400394,held_fold
ISIC_2746974,0,0.0017873307,held_fold
ISIC_2747749,0,0.0027954944,held_fold
ISIC_2748148,0,0.0022773296,held_fold
ISIC_2748736,0,0.0012085912,held_fold
ISIC_2751781,0,0.0030786374,held_fold
ISIC_2751896,0,0.030196441,held_fold
ISIC_2752297,0,0.004362303,held_fold
ISIC_2753908,0,0.009688601,held_fold
ISIC_2754170,0,0.029407145,held_fold
ISIC_2754186,0,0.00805443,held_fold
ISIC_2754616,0,0.00386242,held_fold
ISIC_2755502,0,0.0071699605,held_fold
ISIC_2757414,0,0.0035488717,held_fold
ISIC_2757957,0,0.0032122384,held_fold
ISIC_2763060,0,0.0047127563,held_fold
ISIC_2769292,0,0.0018336767,held_fold
ISIC_2772581,0,0.0017569269,held_fold
ISIC_2773044,0,0.0052986117,held_fold
ISIC_2773261,0,0.07500328,held_fold
ISIC_2773596,0,0.0046748505,held_fold
ISIC_2775157,0,0.025716975,held_fold
ISIC_2775638,0,0.014335279,held_fold
ISIC_2776906,1,0.25866336,held_fold
ISIC_2776986,0,0.023391126,held_fold
ISIC_2777137,0,0.0060952855,held_fold
ISIC_2786246,0,0.021911817,held_fold
ISIC_2790561,0,0.017641455,held_fold
ISIC_2793903,0,0.0019983193,held_fold
ISIC_2793989,0,0.090810984,held_fold
ISIC_2795397,0,0.0075142933,held_fold
ISIC_2797898,0,0.0016234617,held_fold
ISIC_2799701,0,0.0023009463,held_fold
ISIC_2800198,0,0.01846399,held_fold
ISIC_2803212,0,0.00133521,held_fold
ISIC_2803733,0,0.0017069987,held_fold
ISIC_2805634,0,0.0018424303,held_fold
ISIC_2808187,0,0.007616015,held_fold
ISIC_2810793,0,0.019874172,held_fold
ISIC_2811847,0,0.005286366,held_fold
ISIC_2814675,0,0.0034464526,held_fold
ISIC_2817348,0,0.009672779,held_fold
ISIC_2818530,0,0.026231287,held_fold
ISIC_2819721,0,0.0014202102,held_fold
ISIC_2820050,0,0.0015711078,held_fold
ISIC_2821172,0,0.00162655,held_fold
ISIC_2822622,0,0.0025477866,held_fold
ISIC_2823287,1,0.11039278,held_fold
ISIC_2824679,0,0.0013172646,held_fold
ISIC_2829088,0,0.0060744067,held_fold
ISIC_2832507,0,0.01575538,held_fold
ISIC_2834175,0,0.0015003384,held_fold
ISIC_2836038,0,0.002930724,held_fold
ISIC_2837876,0,0.039952062,held_fold
ISIC_2838960,0,0.046931997,held_fold
ISIC_2839053,0,0.008849872,held_fold
ISIC_2840136,0,0.033380516,held_fold
ISIC_2840727,0,0.0025951676,held_fold
ISIC_2841630,0,0.014801489,held_fold
ISIC_2844085,0,0.0069510755,held_fold
ISIC_2845237,0,0.004182238,held_fold
ISIC_2845758,0,0.0013568837,held_fold
ISIC_2847358,0,0.005295062,held_fold
ISIC_2849717,0,0.0072569977,held_fold
ISIC_2850155,0,0.0010558004,held_fold
ISIC_2852497,0,0.02690693,held_fold
ISIC_2853981,0,0.0060980013,held_fold
ISIC_2855191,0,0.0025039348,held_fold
ISIC_2858035,0,0.020600924,held_fold
ISIC_2858419,0,0.001033364,held_fold
ISIC_2859012,0,0.0020781346,held_fold
ISIC_2860230,0,0.0038324962,held_fold
ISIC_2867740,0,0.011445412,held_fold
ISIC_2871437,0,0.006157301,held_fold
ISIC_2872201,0,0.0018061342,held_fold
ISIC_2875622,0,0.002697201,held_fold
ISIC_2879257,0,0.0030698415,held_fold
ISIC_2879512,0,0.0010525475,held_fold
ISIC_2887690,0,0.0016360624,held_fold
ISIC_2889208,0,0.074724436,held_fold
ISIC_2889670,0,0.0007775045,held_fold
ISIC_2889981,0,0.003402724,held_fold
ISIC_2894223,0,0.0026697794,held_fold
ISIC_2896341,0,0.03283957,held_fold
ISIC_2898780,0,0.0018528264,held_fold
ISIC_2898886,0,0.04477966,held_fold
ISIC_2899829,0,0.0029112427,held_fold
ISIC_2901944,0,0.005004483,held_fold
ISIC_2912335,0,0.16591552,held_fold
ISIC_2914304,0,0.003686791,held_fold
ISIC_2914353,0,0.0033484516,held_fold
ISIC_2915930,0,0.0016161306,held_fold
ISIC_2917372,0,0.002921296,held_fold
ISIC_2921679,0,0.025182799,held_fold
ISIC_2922270,0,0.0017274455,held_fold
ISIC_2922381,0,0.06859217,held_fold
ISIC_2924281,0,0.017966118,held_fold
ISIC_2924418,0,0.004016711,held_fold
ISIC_2924748,0,0.008178521,held_fold
ISIC_2924968,0,0.0031673338,held_fold
ISIC_2927587,0,0.001507229,held_fold
ISIC_2928278,0,0.0014722849,held_fold
ISIC_2932418,0,0.007935178,held_fold
ISIC_2935987,0,0.0016420338,held_fold
ISIC_2938284,0,0.0027434127,held_fold
ISIC_2939330,0,0.0075481487,held_fold
ISIC_2939734,0,0.00130571,held_fold
ISIC_2942057,0,0.009207999,held_fold
ISIC_2945310,0,0.0011080744,held_fold
ISIC_2946999,0,0.006124729,held_fold
ISIC_2947038,0,0.003597646,held_fold
ISIC_2949980,0,0.0019215599,held_fold
ISIC_2951741,0,0.0065142023,held_fold
ISIC_2952684,0,0.00177099,held_fold
ISIC_2954294,0,0.0014381004,held_fold
ISIC_2955499,0,0.009821158,held_fold
ISIC_2955610,0,0.016235063,held_fold
ISIC_2958240,0,0.022547623,held_fold
ISIC_2961666,0,0.002128116,held_fold
ISIC_2962753,0,0.0024280606,held_fold
ISIC_2963478,0,0.0075626974,held_fold
ISIC_2964397,0,0.0020341238,held_fold
ISIC_2968272,0,0.001346386,held_fold
ISIC_2969055,0,0.0029579955,held_fold
ISIC_2969301,0,0.0021758543,held_fold
ISIC_2969373,0,0.020248367,held_fold
ISIC_2970632,0,0.107863955,held_fold
ISIC_2974884,0,0.0008867566,held_fold
ISIC_2977336,0,0.0061326865,held_fold
ISIC_2979268,1,0.0018927844,held_fold
ISIC_2980633,0,0.0051845117,held_fold
ISIC_2982357,0,0.0011864196,held_fold
ISIC_2982883,0,0.0047320034,held_fold
ISIC_2984214,0,0.0050014374,held_fold
ISIC_2984437,0,0.002955617,held_fold
ISIC_2984737,0,0.06181873,held_fold
ISIC_2985322,0,0.005305829,held_fold
ISIC_2985753,0,0.041838244,held_fold
ISIC_2985966,0,0.005600994,held_fold
ISIC_2986014,0,0.0010012201,held_fold
ISIC_2989425,0,0.0039034255,held_fold
ISIC_2990228,0,0.01258582,held_fold
ISIC_2996391,0,0.032355655,held_fold
ISIC_2996668,0,0.033310253,held_fold
ISIC_2998411,0,0.0011664013,held_fold
ISIC_2999582,0,0.0053626318,held_fold
ISIC_3003273,0,0.008850492,held_fold
ISIC_3003513,0,0.0028935375,held_fold
ISIC_3007232,0,0.003328954,held_fold
ISIC_3008419,0,0.039685033,held_fold
ISIC_3009930,0,0.0011074835,held_fold
ISIC_3010487,0,0.013540954,held_fold
ISIC_3016696,0,0.0056065554,held_fold
ISIC_3016754,0,0.029663818,held_fold
ISIC_3017950,0,0.0019397202,held_fold
ISIC_3021188,0,0.017006261,held_fold
ISIC_3023901,0,0.011778964,held_fold
ISIC_3024600,0,0.005610095,held_fold
ISIC_3033120,0,0.0026659223,held_fold
ISIC_3038950,0,0.004150794,held_fold
ISIC_3042091,0,0.002245798,held_fold
ISIC_3042182,0,0.007680543,held_fold
ISIC_3042558,0,0.001714466,held_fold
ISIC_3043105,0,0.013433119,held_fold
ISIC_3046710,0,0.0019199173,held_fold
ISIC_3052675,0,0.0042680805,held_fold
ISIC_3054523,0,0.003682826,held_fold
ISIC_3058625,0,0.0020387743,held_fold
ISIC_3060248,0,0.0068847453,held_fold
ISIC_3062820,0,0.0039108256,held_fold
ISIC_3063260,0,0.0018556843,held_fold
ISIC_3063649,0,0.0013666969,held_fold
ISIC_3063923,0,0.036729503,held_fold
ISIC_3065254,0,0.0030404066,held_fold
ISIC_3067522,0,0.0021529724,held_fold
ISIC_3070142,0,0.008738059,held_fold
ISIC_3072143,0,0.0022744234,held_fold
ISIC_3072382,0,0.0017010325,held_fold
ISIC_3077866,0,0.03229611,held_fold
ISIC_3078678,0,0.0017472658,held_fold
ISIC_3079729,0,0.0015967458,held_fold
ISIC_3080307,0,0.0035354008,held_fold
ISIC_3082841,0,0.024389297,held_fold
ISIC_3084791,0,0.034406126,held_fold
ISIC_3088518,0,0.3331807,held_fold
ISIC_3089388,0,0.0025178792,held_fold
ISIC_3090417,0,0.0068470067,held_fold
ISIC_3090572,0,0.0011746248,held_fold
ISIC_3090792,0,0.0033669563,held_fold
ISIC_3091420,0,0.00556235,held_fold
ISIC_3092441,0,0.0027209076,held_fold
ISIC_3093025,0,0.011360589,held_fold
ISIC_3093069,0,0.0029615161,held_fold
ISIC_3093810,0,0.0025734834,held_fold
ISIC_3096269,0,0.0058629476,held_fold
ISIC_3097899,0,0.024719309,held_fold
ISIC_3097976,0,0.024237292,held_fold
ISIC_3098299,0,0.0028664635,held_fold
ISIC_3098342,0,0.0008647969,held_fold
ISIC_3102011,0,0.0010014189,held_fold
ISIC_3105314,0,0.07635111,held_fold
ISIC_3110425,0,0.0021003915,held_fold
ISIC_3110946,0,0.01615714,held_fold
ISIC_3111635,0,0.0031902455,held_fold
ISIC_3114066,0,0.007336413,held_fold
ISIC_3115568,0,0.0063011185,held_fold
ISIC_3117977,0,0.005595245,held_fold
ISIC_3123718,0,0.0023574212,held_fold
ISIC_3123835,0,0.004928407,held_fold
ISIC_3125078,0,0.0053794826,held_fold
ISIC_3125318,0,0.0010606545,held_fold
ISIC_3126161,0,0.0059905713,held_fold
ISIC_3126619,0,0.005125674,held_fold
ISIC_3127347,0,0.0033286551,held_fold
ISIC_3131821,0,0.0044431686,held_fold
ISIC_3133127,0,0.0022714853,held_fold
ISIC_3134556,0,0.0015540074,held_fold
ISIC_3135594,0,0.0022381789,held_fold
ISIC_3136263,0,0.0013163559,held_fold
ISIC_3136818,0,0.0038025465,held_fold
ISIC_3137003,0,0.0071866396,held_fold
ISIC_3143604,0,0.0032906437,held_fold
ISIC_3145458,0,0.0063387174,held_fold
ISIC_3146074,0,0.003785055,held_fold
ISIC_3147179,0,0.009782121,held_fold
ISIC_3149717,0,0.0019163734,held_fold
ISIC_3152572,0,0.0013488785,held_fold
ISIC_3154716,0,0.017866619,held_fold
ISIC_3157046,0,0.008145247,held_fold
ISIC_3157385,0,0.021990504,held_fold
ISIC_3157921,0,0.0018113547,held_fold
ISIC_3160147,0,0.003312539,held_fold
ISIC_3160224,0,0.0018625427,held_fold
ISIC_3161358,0,0.06805952,held_fold
ISIC_3161477,0,0.0017217794,held_fold
ISIC_3163216,0,0.0030433305,held_fold
ISIC_3165198,0,0.0038322762,held_fold
ISIC_3166276,0,0.031899817,held_fold
ISIC_3172196,0,0.0069602416,held_fold
ISIC_3172815,0,0.09805893,held_fold
ISIC_3173007,0,0.0036207975,held_fold
ISIC_3175723,0,0.0023301411,held_fold
ISIC_3176296,0,0.0027536103,held_fold
ISIC_3176566,0,0.0042111063,held_fold
ISIC_3180108,0,0.011546666,held_fold
ISIC_3180138,0,0.0014835119,held_fold
ISIC_3181358,0,0.0027663168,held_fold
ISIC_3182075,0,0.0047094473,held_fold
ISIC_3183653,0,0.027435305,held_fold
ISIC_3185524,0,0.0192814,held_fold
ISIC_3186625,0,0.08613615,held_fold
ISIC_3187746,0,0.0024743266,held_fold
ISIC_3188758,0,0.0020929778,held_fold
ISIC_3189075,0,0.001599156,held_fold
ISIC_3190790,0,0.0046477714,held_fold
ISIC_3191602,0,0.0022973772,held_fold
ISIC_3191646,0,0.0037896605,held_fold
ISIC_3196630,0,0.014766693,held_fold
ISIC_3199821,0,0.002814087,held_fold
ISIC_3202724,0,0.0019956431,held_fold
ISIC_3203303,0,0.0037297332,held_fold
ISIC_3204621,0,0.012142136,held_fold
ISIC_3206207,0,0.0015897403,held_fold
ISIC_3209363,0,0.0020354367,held_fold
ISIC_3209456,0,0.003742139,held_fold
ISIC_3211631,0,0.004193348,held_fold
ISIC_3211915,0,0.0022953267,held_fold
ISIC_3212050,0,0.0027359764,held_fold
ISIC_3215397,0,0.005625203,held_fold
ISIC_3217658,0,0.008728729,held_fold
ISIC_3218245,0,0.02028712,held_fold
ISIC_3220970,0,0.0034013917,held_fold
ISIC_3223762,0,0.0020066192,held_fold
ISIC_3224181,0,0.0027169099,held_fold
ISIC_3224643,0,0.0011951637,held_fold
ISIC_3224794,0,0.007112842,held_fold
ISIC_3225754,0,0.0029115651,held_fold
ISIC_3226667,0,0.009003084,held_fold
ISIC_3228015,0,0.010211932,held_fold
ISIC_3229171,0,0.001602179,held_fold
ISIC_3229755,0,0.012734999,held_fold
ISIC_3230630,0,0.0028922956,held_fold
ISIC_3232329,0,0.004418076,held_fold
ISIC_3235868,0,0.002449536,held_fold
ISIC_3236964,0,0.0009012149,held_fold
ISIC_3242282,0,0.002055159,held_fold
ISIC_3244067,1,0.058215734,held_fold
ISIC_3246752,0,0.0020612334,held_fold
ISIC_3250584,0,0.015137169,held_fold
ISIC_3251421,0,0.0033618545,held_fold
ISIC_3251951,0,0.0029098224,held_fold
ISIC_3252522,0,0.14738224,held_fold
ISIC_3253484,1,0.17174354,held_fold
ISIC_3256966,0,0.014523057,held_fold
ISIC_3258598,0,0.0034306229,held_fold
ISIC_3259494,0,0.009319961,held_fold
ISIC_3260068,0,0.002236417,held_fold
ISIC_3260211,0,0.030584093,held_fold
ISIC_3260549,0,0.013992662,held_fold
ISIC_3260571,0,0.0015803966,held_fold
ISIC_3260649,0,0.008771672,held_fold
ISIC_3262153,0,0.16356687,held_fold
ISIC_3264124,0,0.0020757832,held_fold
ISIC_3266797,0,0.0061209737,held_fold
ISIC_3267259,0,0.0024030393,held_fold
ISIC_3269018,0,0.0071686306,held_fold
ISIC_3270588,0,0.0083177565,held_fold
ISIC_3272470,0,0.002245909,held_fold
ISIC_3273115,0,0.054878373,held_fold
ISIC_3277722,0,0.015451188,held_fold
ISIC_3279911,0,0.0028486606,held_fold
ISIC_3287807,0,0.015356802,held_fold
ISIC_3288342,0,0.005884476,held_fold
ISIC_3292915,0,0.0050138016,held_fold
ISIC_3296079,0,0.004823732,held_fold
ISIC_3298596,0,0.0017614663,held_fold
ISIC_3299433,0,0.0014983332,held_fold
ISIC_3300710,0,0.011304887,held_fold
ISIC_3301164,0,0.07483656,held_fold
ISIC_3302126,0,0.0025373187,held_fold
ISIC_3305468,0,0.006320675,held_fold
ISIC_3308635,0,0.007996845,held_fold
ISIC_3310625,0,0.0012675214,held_fold
ISIC_3310739,0,0.0028137818,held_fold
ISIC_3314853,0,0.0012238263,held_fold
ISIC_3315713,0,0.023777416,held_fold
ISIC_3316641,0,0.046796195,held_fold
ISIC_3316688,0,0.00447632,held_fold
ISIC_3318860,0,0.021387048,held_fold
ISIC_3324479,0,0.0012336393,held_fold
ISIC_3326704,0,0.016903833,held_fold
ISIC_3331533,0,0.0036605592,held_fold
ISIC_3332207,0,0.00816433,held_fold
ISIC_3332756,0,0.014982525,held_fold
ISIC_3341471,0,0.0071744393,held_fold
ISIC_3341710,1,0.1562142,held_fold
ISIC_3341994,0,0.015955565,held_fold
ISIC_3342067,0,0.007918543,held_fold
ISIC_3342276,0,0.0073236865,held_fold
ISIC_3345230,0,0.0030131065,held_fold
ISIC_3348086,0,0.006927489,held_fold
ISIC_3348306,0,0.0029032875,held_fold
ISIC_3349107,0,0.0021475519,held_fold
ISIC_3350052,0,0.0051972265,held_fold
ISIC_3351880,0,0.0053003035,held_fold
ISIC_3354831,0,0.0016164369,held_fold
ISIC_3358896,0,0.0022617446,held_fold
ISIC_3361126,0,0.0040191957,held_fold
ISIC_3361690,0,0.0069711953,held_fold
ISIC_3365320,0,0.006842242,held_fold
ISIC_3365692,0,0.0011967198,held_fold
ISIC_3370255,0,0.0009754815,held_fold
ISIC_3375921,0,0.001634433,held_fold
ISIC_3377082,0,0.0025877182,held_fold
ISIC_3377282,0,0.0032206958,held_fold
ISIC_3378194,0,0.00856989,held_fold
ISIC_3380212,0,0.014540142,held_fold
ISIC_3382231,0,0.0031051312,held_fold
ISIC_3383330,0,0.026329743,held_fold
ISIC_3389740,0,0.004999826,held_fold
ISIC_3395488,0,0.00471592,held_fold
ISIC_3397583,0,0.039033774,held_fold
ISIC_3397764,0,0.013762822,held_fold
ISIC_3399603,0,0.015573088,held_fold
ISIC_3403144,0,0.0023352471,held_fold
ISIC_3406319,0,0.0073360694,held_fold
ISIC_3407960,0,0.0062714918,held_fold
ISIC_3408080,0,0.005650202,held_fold
ISIC_3408231,1,0.049072668,held_fold
ISIC_3408383,0,0.0009598402,held_fold
ISIC_3410530,0,0.005754536,held_fold
ISIC_3413657,0,0.009736366,held_fold
ISIC_3415967,0,0.005035975,held_fold
ISIC_3416107,1,0.10199095,held_fold
ISIC_3416130,0,0.0013637585,held_fold
ISIC_3420287,0,0.0032153395,held_fold
ISIC_3420831,0,0.038282212,held_fold
ISIC_3424154,0,0.0018917469,held_fold
ISIC_3424207,0,0.04705975,held_fold
ISIC_3424634,0,0.001130864,held_fold
ISIC_3425388,0,0.0033879604,held_fold
ISIC_3425896,0,0.0046697413,held_fold
ISIC_3426857,0,0.00741213,held_fold
ISIC_3428559,0,0.00729917,held_fold
ISIC_3428894,0,0.0017538036,held_fold
ISIC_3429014,0,0.0025757954,held_fold
ISIC_3429552,0,0.032407396,held_fold
ISIC_3429860,0,0.011546562,held_fold
ISIC_3431064,0,0.013186859,held_fold
ISIC_3432318,0,0.0043508094,held_fold
ISIC_3434670,0,0.0031014965,held_fold
ISIC_3435747,0,0.0029168178,held_fold
ISIC_3440002,0,0.0016506645,held_fold
ISIC_3441196,0,0.0030455147,held_fold
ISIC_3441698,0,0.012789266,held_fold
ISIC_3443898,0,0.0036136003,held_fold
ISIC_3444221,0,0.002503338,held_fold
ISIC_3446591,0,0.005314922,held_fold
ISIC_3448409,0,0.00260595,held_fold
ISIC_3449079,0,0.0025192448,held_fold
ISIC_3453060,0,0.003729645,held_fold
ISIC_3456094,0,0.0477449,held_fold
ISIC_3464226,0,0.019214164,held_fold
ISIC_3469260,0,0.004680456,held_fold
ISIC_3469442,0,0.0026054543,held_fold
ISIC_3470824,0,0.025412112,held_fold
ISIC_3474609,0,0.0043615247,held_fold
ISIC_3479948,0,0.0036311152,held_fold
ISIC_3481509,0,0.015845258,held_fold
ISIC_3484722,0,0.011602752,held_fold
ISIC_3485300,0,0.0017273072,held_fold
ISIC_3485482,0,0.012484337,held_fold
ISIC_3485557,0,0.0049839322,held_fold
ISIC_3488556,0,0.00871568,held_fold
ISIC_3489630,0,0.0056880154,held_fold
ISIC_3492490,0,0.0075718006,held_fold
ISIC_3493050,0,0.0024302825,held_fold
ISIC_3496369,0,0.012668033,held_fold
ISIC_3497346,0,0.0053077373,held_fold
ISIC_3498983,0,0.0054479646,held_fold
ISIC_3499071,0,0.011122773,held_fold
ISIC_3501271,0,0.0043311934,held_fold
ISIC_3502577,0,0.0031998327,held_fold
ISIC_3507444,0,0.061574295,held_fold
ISIC_3507446,0,0.004223061,held_fold
ISIC_3508192,0,0.003308489,held_fold
ISIC_3509250,0,0.0012519999,held_fold
ISIC_3509838,0,0.0033547794,held_fold
ISIC_3510941,0,0.026944883,held_fold
ISIC_3513367,0,0.013303962,held_fold
ISIC_3520591,0,0.0034775133,held_fold
ISIC_3521736,0,0.0015685705,held_fold
ISIC_3521744,0,0.0246631,held_fold
ISIC_3522342,0,0.0015790444,held_fold
ISIC_3523476,0,0.0009094926,held_fold
ISIC_3524546,0,0.0028544974,held_fold
ISIC_3526017,0,0.002590622,held_fold
ISIC_3526122,0,0.017406074,held_fold
ISIC_3529572,0,0.12318678,held_fold
ISIC_3529778,0,0.0014186983,held_fold
ISIC_3529922,0,0.026171813,held_fold
ISIC_3530337,0,0.011531584,held_fold
ISIC_3534633,0,0.022070568,held_fold
ISIC_3535007,0,0.005831595,held_fold
ISIC_3536858,0,0.0031740675,held_fold
ISIC_3537768,0,0.0027604878,held_fold
ISIC_3543244,0,0.0026246633,held_fold
ISIC_3548927,0,0.0594365,held_fold
ISIC_3549384,0,0.0019432554,held_fold
ISIC_3549984,0,0.003463422,held_fold
ISIC_3550939,0,0.008460566,held_fold
ISIC_3552245,0,0.011320898,held_fold
ISIC_3556190,0,0.07589745,held_fold
ISIC_3556200,0,0.00105615,held_fold
ISIC_3556980,0,0.0021861224,held_fold
ISIC_3558634,0,0.017004222,held_fold
ISIC_3559222,0,0.0015478854,held_fold
ISIC_3560466,0,0.00921045,held_fold
ISIC_3561065,1,0.048392747,held_fold
ISIC_3561857,0,0.0024051114,held_fold
ISIC_3563234,0,0.0126720285,held_fold
ISIC_3564263,0,0.013134671,held_fold
ISIC_3564897,0,0.006576911,held_fold
ISIC_3567352,0,0.0036363946,held_fold
ISIC_3569794,0,0.0030006361,held_fold
ISIC_3571523,0,0.0010442616,held_fold
ISIC_3575777,0,0.054568004,held_fold
ISIC_3578186,0,0.0072355242,held_fold
ISIC_3579477,0,0.0021530872,held_fold
ISIC_3579853,0,0.008692574,held_fold
ISIC_3586480,0,0.0030711098,held_fold
ISIC_3586824,0,0.006690027,held_fold
ISIC_3590167,1,0.011182179,held_fold
ISIC_3592731,0,0.004134661,held_fold
ISIC_3593240,0,0.0019023484,held_fold
ISIC_3593382,0,0.0070331823,held_fold
ISIC_3593988,0,0.0020307521,held_fold
ISIC_3594764,0,0.0032848325,held_fold
ISIC_3594774,0,0.0064212508,held_fold
ISIC_3595825,0,0.011074834,held_fold
ISIC_3595918,0,0.0060455934,held_fold
ISIC_3596219,0,0.0042081005,held_fold
ISIC_3597277,0,0.0025690177,held_fold
ISIC_3597812,0,0.0010810188,held_fold
ISIC_3597870,0,0.045312,held_fold
ISIC_3598604,0,0.012662547,held_fold
ISIC_3599489,0,0.006870259,held_fold
ISIC_3599724,0,0.0032741944,held_fold
ISIC_3601052,0,0.0058457633,held_fold
ISIC_3601493,0,0.009692984,held_fold
ISIC_3603228,0,0.0043428023,held_fold
ISIC_3603704,0,0.0031015289,held_fold
ISIC_3604100,0,0.0012213053,held_fold
ISIC_3604975,0,0.0025796439,held_fold
ISIC_3608670,0,0.022686018,held_fold
ISIC_3609265,0,0.0033421603,held_fold
ISIC_3609379,0,0.005278306,held_fold
ISIC_3613012,0,0.0017423467,held_fold
ISIC_3621887,0,0.0070098173,held_fold
ISIC_3622949,0,0.026013302,held_fold
ISIC_3623868,0,0.028485052,held_fold
ISIC_3624069,0,0.002923796,held_fold
ISIC_3627732,0,0.0032131302,held_fold
ISIC_3628451,0,0.017978977,held_fold
ISIC_3628831,0,0.029716603,held_fold
ISIC_3631165,0,0.003187019,held_fold
ISIC_3633227,0,0.002145251,held_fold
ISIC_3633306,0,0.0048527867,held_fold
ISIC_3633436,0,0.0012133353,held_fold
ISIC_3633707,0,0.0062500318,held_fold
ISIC_3635014,0,0.013090409,held_fold
ISIC_3635280,0,0.0036945005,held_fold
ISIC_3642011,0,0.005966536,held_fold
ISIC_3646670,0,0.0008859315,held_fold
ISIC_3649632,0,0.0023280438,held_fold
ISIC_3650533,0,0.0032719546,held_fold
ISIC_3651451,0,0.0028152245,held_fold
ISIC_3652884,0,0.0026306577,held_fold
ISIC_3653733,0,0.004344048,held_fold
ISIC_3657135,0,0.002834723,held_fold
ISIC_3657386,0,0.0009451921,held_fold
ISIC_3658449,0,0.002388909,held_fold
ISIC_3659906,0,0.0016859102,held_fold
ISIC_3662678,0,0.008789023,held_fold
ISIC_3665298,0,0.0039996686,held_fold
ISIC_3669736,0,0.0046600397,held_fold
ISIC_3670261,0,0.012675252,held_fold
ISIC_3671169,0,0.02095458,held_fold
ISIC_3671274,0,0.01238049,held_fold
ISIC_3673517,0,0.036787324,held_fold
ISIC_3678586,0,0.014867861,held_fold
ISIC_3678595,0,0.010892567,held_fold
ISIC_3682700,0,0.0031201434,held_fold
ISIC_3686179,0,0.0049072937,held_fold
ISIC_3686815,0,0.001233335,held_fold
ISIC_3687263,0,0.0015049622,held_fold
ISIC_3688362,0,0.0009885405,held_fold
ISIC_3688410,0,0.004097774,held_fold
ISIC_3691714,0,0.006295848,held_fold
ISIC_3692092,0,0.025000112,held_fold
ISIC_3692753,0,0.002968175,held_fold
ISIC_3692776,0,0.05481278,held_fold
ISIC_3692952,0,0.011904091,held_fold
ISIC_3693018,0,0.0041188016,held_fold
ISIC_3693367,0,0.007997333,held_fold
ISIC_3693934,0,0.0008978764,held_fold
ISIC_3694619,0,0.010230885,held_fold
ISIC_3695635,0,0.004272612,held_fold
ISIC_3700360,0,0.02255029,held_fold
ISIC_3700928,0,0.013118776,held_fold
ISIC_3701887,0,0.0025184613,held_fold
ISIC_3702454,0,0.001971842,held_fold
ISIC_3702724,0,0.026951874,held_fold
ISIC_3706973,0,0.0068786447,held_fold
ISIC_3709724,0,0.009731701,held_fold
ISIC_3716384,0,0.0035143974,held_fold
ISIC_3716504,0,0.0044808737,held_fold
ISIC_3717769,0,0.049844142,held_fold
ISIC_3720117,0,0.0018150613,held_fold
ISIC_3721600,0,0.0034591618,held_fold
ISIC_3723065,0,0.0070806956,held_fold
ISIC_3724089,0,0.0027851465,held_fold
ISIC_3724491,0,0.016443394,held_fold
ISIC_3727856,0,0.0037751656,held_fold
ISIC_3729749,0,0.001512021,held_fold
ISIC_3729849,0,0.0012221391,held_fold
ISIC_3730507,0,0.043317497,held_fold
ISIC_3734724,0,0.005942483,held_fold
ISIC_3734966,0,0.0072256043,held_fold
ISIC_3735143,0,0.0031508296,held_fold
ISIC_3737739,0,0.024712363,held_fold
ISIC_3738157,0,0.017350435,held_fold
ISIC_3740449,0,0.004471639,held_fold
ISIC_3740798,0,0.058883887,held_fold
ISIC_3742028,0,0.006734934,held_fold
ISIC_3742633,0,0.0011725377,held_fold
ISIC_3746471,0,0.00091563247,held_fold
ISIC_3746922,0,0.002946436,held_fold
ISIC_3747575,0,0.0012855651,held_fold
ISIC_3749320,0,0.003141623,held_fold
ISIC_3753216,0,0.0077582663,held_fold
ISIC_3754247,0,0.0062105856,held_fold
ISIC_3754466,0,0.0021509666,held_fold
ISIC_3757400,0,0.016609846,held_fold
ISIC_3760018,0,0.007985614,held_fold
ISIC_3760156,0,0.08838988,held_fold
ISIC_3760796,0,0.037432425,held_fold
ISIC_3761071,0,0.0040918826,held_fold
ISIC_3762459,0,0.0032608125,held_fold
ISIC_3768097,0,0.0068210335,held_fold
ISIC_3769071,0,0.003176872,held_fold
ISIC_3770380,0,0.001022886,held_fold
ISIC_3772941,0,0.0082970895,held_fold
ISIC_3777026,0,0.009029794,held_fold
ISIC_3779093,0,0.0011150207,held_fold
ISIC_3779424,0,0.002448217,held_fold
ISIC_3782451,0,0.0021091518,held_fold
ISIC_3783241,0,0.024586983,held_fold
ISIC_3783898,0,0.002906988,held_fold
ISIC_3784838,0,0.008099072,held_fold
ISIC_3786438,0,0.0019191672,held_fold
ISIC_3789405,0,0.005369641,held_fold
ISIC_3791435,0,0.0033338508,held_fold
ISIC_3796594,0,0.0011664702,held_fold
ISIC_3797073,0,0.0026165945,held_fold
ISIC_3797573,0,0.09540912,held_fold
ISIC_3800435,0,0.0028115592,held_fold
ISIC_3800470,0,0.0016566504,held_fold
ISIC_3807708,0,0.005333356,held_fold
ISIC_3808007,0,0.004059983,held_fold
ISIC_3809013,0,0.0061648656,held_fold
ISIC_3810274,0,0.00499717,held_fold
ISIC_3814474,0,0.013737713,held_fold
ISIC_3814807,0,0.004824119,held_fold
ISIC_3816423,0,0.051173452,held_fold
ISIC_3817719,1,0.07098904,held_fold
ISIC_3820232,0,0.005086507,held_fold
ISIC_3820533,0,0.0015297324,held_fold
ISIC_3821242,1,0.13768798,held_fold
ISIC_3824206,1,0.026376173,held_fold
ISIC_3825762,0,0.0014404407,held_fold
ISIC_3826602,0,0.0017158418,held_fold
ISIC_3828561,0,0.00179347,held_fold
ISIC_3830701,0,0.0023915784,held_fold
ISIC_3831858,0,0.01101448,held_fold
ISIC_3832462,0,0.14079207,held_fold
ISIC_3833013,0,0.021261383,held_fold
ISIC_3834379,0,0.0021859643,held_fold
ISIC_3835100,0,0.008684458,held_fold
ISIC_3836174,0,0.032764412,held_fold
ISIC_3844080,0,0.0038724653,held_fold
ISIC_3844151,0,0.0016079196,held_fold
ISIC_3844983,0,0.0028373636,held_fold
ISIC_3846648,0,0.007121573,held_fold
ISIC_3846727,0,0.0013663768,held_fold
ISIC_3849316,0,0.0034834738,held_fold
ISIC_3852802,0,0.002727451,held_fold
ISIC_3856233,0,0.003131811,held_fold
ISIC_3856926,0,0.0014155073,held_fold
ISIC_3858113,0,0.004089889,held_fold
ISIC_3858798,0,0.009756358,held_fold
ISIC_3859068,0,0.015700834,held_fold
ISIC_3863610,0,0.001958737,held_fold
ISIC_3864842,0,0.0031376819,held_fold
ISIC_3865993,0,0.036043838,held_fold
ISIC_3866054,0,0.0025814467,held_fold
ISIC_3866641,0,0.010780335,held_fold
ISIC_3866946,0,0.004231049,held_fold
ISIC_3871230,0,0.011222401,held_fold
ISIC_3871414,0,0.08824727,held_fold
ISIC_3871468,0,0.026321271,held_fold
ISIC_3872019,0,0.009718609,held_fold
ISIC_3877974,0,0.0019749205,held_fold
ISIC_3878213,0,0.0055317665,held_fold
ISIC_3880459,0,0.0013616872,held_fold
ISIC_3881573,0,0.008880445,held_fold
ISIC_3882374,0,0.0011586838,held_fold
ISIC_3882400,0,0.0025056193,held_fold
ISIC_3884285,0,0.0032325075,held_fold
ISIC_3884719,0,0.0062427204,held_fold
ISIC_3887465,0,0.0038895758,held_fold
ISIC_3888054,0,0.0015102596,held_fold
ISIC_3888070,0,0.0015379348,held_fold
ISIC_3888550,0,0.006859368,held_fold
ISIC_3888713,0,0.0053533367,held_fold
ISIC_3892185,0,0.0041166972,held_fold
ISIC_3894224,0,0.010962404,held_fold
ISIC_3906303,0,0.008395747,held_fold
ISIC_3911901,0,0.008378128,held_fold
ISIC_3913561,0,0.005862458,held_fold
ISIC_3915289,0,0.0019531315,held_fold
ISIC_3916565,0,0.008822744,held_fold
ISIC_3919752,0,0.0015931239,held_fold
ISIC_3931132,0,0.0072710062,held_fold
ISIC_3933658,0,0.0064928574,held_fold
ISIC_3942947,0,0.0063783224,held_fold
ISIC_3945469,0,0.000919799,held_fold
ISIC_3945984,0,0.009480607,held_fold
ISIC_3946914,0,0.0034070686,held_fold
ISIC_3948041,0,0.0011936268,held_fold
ISIC_3948221,0,0.0071360394,held_fold
ISIC_3948344,0,0.014374896,held_fold
ISIC_3950408,0,0.0040077455,held_fold
ISIC_3950474,0,0.011563942,held_fold
ISIC_3950753,0,0.0011483184,held_fold
ISIC_3951677,0,0.08194281,held_fold
ISIC_3951907,0,0.03629741,held_fold
ISIC_3952030,0,0.0064701354,held_fold
ISIC_3952709,0,0.0027520445,held_fold
ISIC_3956335,0,0.00318497,held_fold
ISIC_3956570,0,0.004013517,held_fold
ISIC_3957475,0,0.001783061,held_fold
ISIC_3958111,0,0.002707206,held_fold
ISIC_3959262,0,0.006826696,held_fold
ISIC_3959888,0,0.009966359,held_fold
ISIC_3961101,0,0.009129769,held_fold
ISIC_3963183,1,0.07062895,held_fold
ISIC_3965872,0,0.0026596107,held_fold
ISIC_3966717,0,0.04264022,held_fold
ISIC_3971712,0,0.0015575931,held_fold
ISIC_3971920,0,0.0065704524,held_fold
ISIC_3972249,0,0.014446638,held_fold
ISIC_3972569,0,0.0043702153,held_fold
ISIC_3975133,0,0.0018955078,held_fold
ISIC_3975143,0,0.010704473,held_fold
ISIC_3975294,0,0.002139909,held_fold
ISIC_3975427,0,0.0017614361,held_fold
ISIC_3975743,0,0.010991182,held_fold
ISIC_3976718,0,0.0009885728,held_fold
ISIC_3978040,0,0.0025201677,held_fold
ISIC_3978732,0,0.0023922203,held_fold
ISIC_3979323,0,0.020660114,held_fold
ISIC_3981900,0,0.0017682237,held_fold
ISIC_3985273,0,0.0042573167,held_fold
ISIC_3990092,0,0.00629396,held_fold
ISIC_3990124,0,0.0030228656,held_fold
ISIC_3992201,0,0.05288256,held_fold
ISIC_3997331,0,0.012764354,held_fold
ISIC_3998204,0,0.005137376,held_fold
ISIC_3998579,0,0.015859094,held_fold
ISIC_4003877,0,0.0020502245,held_fold
ISIC_4015361,0,0.0011479034,held_fold
ISIC_4015764,0,0.0016431122,held_fold
ISIC_4022642,0,0.010944319,held_fold
ISIC_4024333,0,0.014213423,held_fold
ISIC_4026943,0,0.010323426,held_fold
ISIC_4032638,0,0.0012435954,held_fold
ISIC_4039290,0,0.0050952476,held_fold
ISIC_4042947,0,0.021835048,held_fold
ISIC_4043580,0,0.010536779,held_fold
ISIC_4045231,0,0.003259144,held_fold
ISIC_4046045,0,0.0016805625,held_fold
ISIC_4047707,0,0.02557233,held_fold
ISIC_4048449,0,0.0025991697,held_fold
ISIC_4048509,0,0.013693418,held_fold
ISIC_4049598,0,0.0026983605,held_fold
ISIC_4049855,0,0.0018641452,held_fold
ISIC_4050422,0,0.0021761234,held_fold
ISIC_4052597,0,0.0218566,held_fold
ISIC_4052659,0,0.003366003,held_fold
ISIC_4053220,0,0.0027572813,held_fold
ISIC_4056017,0,0.0036750329,held_fold
ISIC_4056158,0,0.0017463454,held_fold
ISIC_4057501,0,0.0010403002,held_fold
ISIC_4057921,0,0.0056785303,held_fold
ISIC_4063097,0,0.003990754,held_fold
ISIC_4063390,0,0.002424792,held_fold
ISIC_4064041,0,0.0017440029,held_fold
ISIC_4065034,0,0.005782664,held_fold
ISIC_4065779,0,0.0028737125,held_fold
ISIC_4066013,0,0.001613705,held_fold
ISIC_4066094,0,0.014125394,held_fold
ISIC_4066314,0,0.005984734,held_fold
ISIC_4071099,0,0.0027037272,held_fold
ISIC_4072073,0,0.0010398944,held_fold
ISIC_4074537,0,0.0031782282,held_fold
ISIC_4076162,0,0.0022589925,held_fold
ISIC_4077664,0,0.0017152644,held_fold
ISIC_4082318,0,0.005566461,held_fold
ISIC_4082515,0,0.013960514,held_fold
ISIC_4084359,0,0.0018994361,held_fold
ISIC_4084878,0,0.0020667159,held_fold
ISIC_4086323,0,0.0019841357,held_fold
ISIC_4086529,0,0.0067136404,held_fold
ISIC_4090161,0,0.002910268,held_fold
ISIC_4090811,0,0.0016314278,held_fold
ISIC_4092249,0,0.00803703,held_fold
ISIC_4092478,0,0.010200178,held_fold
ISIC_4093484,0,0.0009445196,held_fold
ISIC_4094763,0,0.0011269614,held_fold
ISIC_4095559,0,0.009697791,held_fold
ISIC_4098925,0,0.021154728,held_fold
ISIC_4099428,0,0.032446202,held_fold
ISIC_4100970,0,0.0027120847,held_fold
ISIC_4102250,0,0.0016555955,held_fold
ISIC_4103653,0,0.0014632847,held_fold
ISIC_4104378,0,0.008046692,held_fold
ISIC_4109725,0,0.038079266,held_fold
ISIC_4110997,0,0.00680837,held_fold
ISIC_4112392,0,0.0037236714,held_fold
ISIC_4112409,0,0.0045414143,held_fold
ISIC_4113246,0,0.0057080556,held_fold
ISIC_4116553,0,0.02783911,held_fold
ISIC_4118525,0,0.036870405,held_fold
ISIC_4120704,0,0.010718322,held_fold
ISIC_4123007,0,0.0010729721,held_fold
ISIC_4124060,0,0.0022586682,held_fold
ISIC_4127016,0,0.0040351786,held_fold
ISIC_4127065,0,0.008883244,held_fold
ISIC_4129321,0,0.004494427,held_fold
ISIC_4129443,0,0.010015518,held_fold
ISIC_4129493,0,0.0031793523,held_fold
ISIC_4135058,0,0.0034391105,held_fold
ISIC_4136663,0,0.001972579,held_fold
ISIC_4137198,0,0.06268601,held_fold
ISIC_4140008,0,0.0034879525,held_fold
ISIC_4141898,0,0.0023303106,held_fold
ISIC_4142019,0,0.0011616927,held_fold
ISIC_4143831,0,0.022401145,held_fold
ISIC_4145671,0,0.017578727,held_fold
ISIC_4147166,0,0.0028657166,held_fold
ISIC_4147328,0,0.0016885012,held_fold
ISIC_4150885,0,0.0010668128,held_fold
ISIC_4152689,0,0.0045609865,held_fold
ISIC_4155471,0,0.0023536761,held_fold
ISIC_4156010,0,0.002174036,held_fold
ISIC_4157955,0,0.005740185,held_fold
ISIC_4158555,0,0.0055080196,held_fold
ISIC_4159272,0,0.0030040059,held_fold
ISIC_4160773,0,0.0032547584,held_fold
ISIC_4163930,0,0.0013131796,held_fold
ISIC_4164955,0,0.085743755,held_fold
ISIC_4166364,0,0.006811033,held_fold
ISIC_4167053,0,0.0055423714,held_fold
ISIC_4170698,1,0.12210716,held_fold
ISIC_4172470,0,0.0014355205,held_fold
ISIC_4174479,0,0.004784577,held_fold
ISIC_4174614,0,0.002627547,held_fold
ISIC_4174983,0,0.005198558,held_fold
ISIC_4181595,0,0.00796756,held_fold
ISIC_4181628,0,0.0066261683,held_fold
ISIC_4187393,0,0.0027983433,held_fold
ISIC_4187485,0,0.0049516894,held_fold
ISIC_4190595,0,0.0032333222,held_fold
ISIC_4190900,0,0.018087307,held_fold
ISIC_4191094,0,0.011122821,held_fold
ISIC_4191215,0,0.0064850557,held_fold
ISIC_4191363,0,0.0017355401,held_fold
ISIC_4192383,0,0.004064915,held_fold
ISIC_4195837,0,0.0013386823,held_fold
ISIC_4196596,0,0.002317824,held_fold
ISIC_4200081,0,0.0018002763,held_fold
ISIC_4205242,0,0.07908469,held_fold
ISIC_4209411,0,0.000907073,held_fold
ISIC_4210857,0,0.001978642,held_fold
ISIC_4211868,0,0.0030353046,held_fold
ISIC_4212259,0,0.004148272,held_fold
ISIC_4216169,0,0.0016646675,held_fold
ISIC_4220279,0,0.075707205,held_fold
ISIC_4220326,0,0.00316427,held_fold
ISIC_4222616,0,0.007546963,held_fold
ISIC_4223575,0,0.01778482,held_fold
ISIC_4227209,0,0.0029055288,held_fold
ISIC_4227377,0,0.00091746333,held_fold
ISIC_4228971,0,0.0009610426,held_fold
ISIC_4231346,0,0.0039065913,held_fold
ISIC_4232172,0,0.015141347,held_fold
ISIC_4237064,0,0.0012690593,held_fold
ISIC_4237725,0,0.0021055338,held_fold
ISIC_4241286,0,0.021735545,held_fold
ISIC_4243470,0,0.029351726,held_fold
ISIC_4243801,0,0.006212063,held_fold
ISIC_4245634,0,0.012278584,held_fold
ISIC_4247917,0,0.024596019,held_fold
ISIC_4248187,0,0.0019687086,held_fold
ISIC_4249243,0,0.0018689175,held_fold
ISIC_4253348,0,0.0013891932,held_fold
ISIC_4254687,0,0.0020808359,held_fold
ISIC_4255013,0,0.0009939251,held_fold
ISIC_4257634,0,0.002243617,held_fold
ISIC_4259290,0,0.03705895,held_fold
ISIC_4262670,0,0.001556465,held_fold
ISIC_4264422,0,0.0011412716,held_fold
ISIC_4265307,0,0.02769079,held_fold
ISIC_4266533,1,0.047450565,held_fold
ISIC_4270163,0,0.0013634904,held_fold
ISIC_4271110,0,0.0033979036,held_fold
ISIC_4277163,0,0.0016881395,held_fold
ISIC_4281745,0,0.012780552,held_fold
ISIC_4282783,0,0.0041458695,held_fold
ISIC_4285297,0,0.015297524,held_fold
ISIC_4287463,0,0.0020813856,held_fold
ISIC_4288709,0,0.001321695,held_fold
ISIC_4289345,0,0.0038724283,held_fold
ISIC_4289906,0,0.0012259329,held_fold
ISIC_4294705,0,0.0032282604,held_fold
ISIC_4300983,0,0.0031319747,held_fold
ISIC_4301050,0,0.012295116,held_fold
ISIC_4301302,0,0.0022578978,held_fold
ISIC_4301919,0,0.0026894903,held_fold
ISIC_4303228,0,0.012442485,held_fold
ISIC_4304068,0,0.005107084,held_fold
ISIC_4309183,0,0.0013749354,held_fold
ISIC_4310834,0,0.0065499325,held_fold
ISIC_4311544,0,0.013371519,held_fold
ISIC_4311592,0,0.062176872,held_fold
ISIC_4312470,0,0.003082143,held_fold
ISIC_4312804,0,0.006612332,held_fold
ISIC_4314577,0,0.0054895687,held_fold
ISIC_4316501,0,0.0014904531,held_fold
ISIC_4319859,0,0.0012859213,held_fold
ISIC_4319945,0,0.010578591,held_fold
ISIC_4320200,0,0.0034706872,held_fold
ISIC_4321815,0,0.002416051,held_fold
ISIC_4322822,0,0.002235867,held_fold
ISIC_4323160,0,0.01825171,held_fold
ISIC_4323391,0,0.0019694862,held_fold
ISIC_4325003,0,0.0010162701,held_fold
ISIC_4327046,0,0.06305891,held_fold
ISIC_4327358,0,0.0019145537,held_fold
ISIC_4327535,0,0.0023865905,held_fold
ISIC_4329598,0,0.033189684,held_fold
ISIC_4330796,0,0.0012391248,held_fold
ISIC_4331481,0,0.0085452115,held_fold
ISIC_4331936,0,0.001740238,held_fold
ISIC_4332771,0,0.011134291,held_fold
ISIC_4335758,0,0.022870118,held_fold
ISIC_4336409,0,0.020765843,held_fold
ISIC_4338927,0,0.0034163992,held_fold
ISIC_4340139,0,0.0054385574,held_fold
ISIC_4340509,0,0.0040040435,held_fold
ISIC_4341875,0,0.008352307,held_fold
ISIC_4342416,0,0.11706774,held_fold
ISIC_4343129,0,0.003533889,held_fold
ISIC_4343552,0,0.0013143214,held_fold
ISIC_4343836,0,0.002791885,held_fold
ISIC_4344540,0,0.008305168,held_fold
ISIC_4345015,0,0.028955491,held_fold
ISIC_4347590,0,0.0009410981,held_fold
ISIC_4348896,0,0.005154691,held_fold
ISIC_4349418,0,0.012845909,held_fold
ISIC_4350924,0,0.0072810147,held_fold
ISIC_4351077,0,0.021338953,held_fold
ISIC_4351248,0,0.04792428,held_fold
ISIC_4351814,0,0.018520592,held_fold
ISIC_4352700,0,0.0974162,held_fold
ISIC_4355518,0,0.011992618,held_fold
ISIC_4357596,0,0.007205799,held_fold
ISIC_4358017,0,0.0055731875,held_fold
ISIC_4360127,0,0.0012962784,held_fold
ISIC_4363398,0,0.0013184149,held_fold
ISIC_4364788,0,0.0021258087,held_fold
ISIC_4365093,0,0.08316594,held_fold
ISIC_4366175,0,0.0023698357,held_fold
ISIC_4366213,0,0.0014689798,held_fold
ISIC_4369035,0,0.0010928358,held_fold
ISIC_4369062,0,0.0013273964,held_fold
ISIC_4373563,0,0.001800487,held_fold
ISIC_4375524,0,0.005385967,held_fold
ISIC_4377193,0,0.009721459,held_fold
ISIC_4378851,0,0.020919017,held_fold
ISIC_4379502,0,0.0054138275,held_fold
ISIC_4380268,0,0.0020386134,held_fold
ISIC_4381427,0,0.0023004583,held_fold
ISIC_4389708,0,0.0014454329,held_fold
ISIC_4391894,0,0.017433032,held_fold
ISIC_4393704,0,0.0041775834,held_fold
ISIC_4393733,0,0.07176224,held_fold
ISIC_4397068,0,0.0016894323,held_fold
ISIC_4397755,0,0.0014490684,held_fold
ISIC_4400140,0,0.004621487,held_fold
ISIC_4404036,0,0.015197939,held_fold
ISIC_4405986,0,0.0019856035,held_fold
ISIC_4409067,0,0.002347527,held_fold
ISIC_4410725,0,0.041943673,held_fold
ISIC_4412821,0,0.004241569,held_fold
ISIC_4415049,0,0.028020576,held_fold
ISIC_4417295,0,0.0072114025,held_fold
ISIC_4419522,0,0.006432904,held_fold
ISIC_4419720,0,0.10200428,held_fold
ISIC_4420727,0,0.009105967,held_fold
ISIC_4420952,0,0.017742654,held_fold
ISIC_4422476,0,0.003414482,held_fold
ISIC_4422580,0,0.0045974716,held_fold
ISIC_4425604,0,0.001286061,held_fold
ISIC_4428649,0,0.0012278045,held_fold
ISIC_4428769,0,0.032671772,held_fold
ISIC_4431715,0,0.003394045,held_fold
ISIC_4434221,0,0.0033097004,held_fold
ISIC_4435262,0,0.018382331,held_fold
ISIC_4436649,0,0.036999907,held_fold
ISIC_4438311,0,0.0054994104,held_fold
ISIC_4439054,1,0.16577461,held_fold
ISIC_4441648,0,0.002632921,held_fold
ISIC_4442506,0,0.016977223,held_fold
ISIC_4445501,0,0.055830806,held_fold
ISIC_4448257,0,0.0016095373,held_fold
ISIC_4448341,0,0.004138151,held_fold
ISIC_4451735,0,0.0032472967,held_fold
ISIC_4457552,0,0.0044313367,held_fold
ISIC_4459125,0,0.0013131341,held_fold
ISIC_4462476,0,0.042799618,held_fold
ISIC_4462621,0,0.0026821322,held_fold
ISIC_4464311,0,0.0068746395,held_fold
ISIC_4464702,0,0.0019027104,held_fold
ISIC_4468474,0,0.020105666,held_fold
ISIC_4470574,0,0.0010066355,held_fold
ISIC_4473124,0,0.003284931,held_fold
ISIC_4474170,0,0.013856205,held_fold
ISIC_4474341,0,0.0010119042,held_fold
ISIC_4474899,0,0.0034851194,held_fold
ISIC_4477916,0,0.0017634874,held_fold
ISIC_4478276,0,0.07444021,held_fold
ISIC_4481362,0,0.0011295866,held_fold
ISIC_4481684,0,0.0068955193,held_fold
ISIC_4485854,0,0.009403773,held_fold
ISIC_4487036,0,0.006392014,held_fold
ISIC_4487743,0,0.031268246,held_fold
ISIC_4488579,0,0.02709881,held_fold
ISIC_4494516,0,0.0022112455,held_fold
ISIC_4495092,0,0.0016606593,held_fold
ISIC_4496665,0,0.003334903,held_fold
ISIC_4497373,0,0.0034261378,held_fold
ISIC_4500503,0,0.0036295883,held_fold
ISIC_4501838,0,0.004777049,held_fold
ISIC_4502420,0,0.014522108,held_fold
ISIC_4505178,0,0.026632931,held_fold
ISIC_4508878,1,0.28932327,held_fold
ISIC_4509525,0,0.0018143308,held_fold
ISIC_4510342,0,0.005331055,held_fold
ISIC_4513934,0,0.0013085782,held_fold
ISIC_4516137,0,0.0036974258,held_fold
ISIC_4516437,0,0.009619805,held_fold
ISIC_4516835,0,0.0074840477,held_fold
ISIC_4517595,0,0.0051529915,held_fold
ISIC_4517738,1,0.05592946,held_fold
ISIC_4518003,0,0.009247151,held_fold
ISIC_4518384,0,0.0036312102,held_fold
ISIC_4520704,0,0.08096873,held_fold
ISIC_4521482,0,0.0016104847,held_fold
ISIC_4523565,0,0.010395621,held_fold
ISIC_4523750,0,0.004689617,held_fold
ISIC_4524900,0,0.046540342,held_fold
ISIC_4525463,0,0.011710518,held_fold
ISIC_4525721,0,0.002487482,held_fold
ISIC_4527661,0,0.003143746,held_fold
ISIC_4528140,0,0.0029900216,held_fold
ISIC_4529168,0,0.009077606,held_fold
ISIC_4530249,0,0.0014472756,held_fold
ISIC_4530871,0,0.0012624136,held_fold
ISIC_4531585,0,0.009127698,held_fold
ISIC_4532667,0,0.0030672885,held_fold
ISIC_4533487,0,0.0046582306,held_fold
ISIC_4535125,0,0.0011042694,held_fold
ISIC_4536154,0,0.002567073,held_fold
ISIC_4536635,0,0.0044758357,held_fold
ISIC_4536982,0,0.0011593683,held_fold
ISIC_4538661,0,0.00134414,held_fold
ISIC_4539674,0,0.00667913,held_fold
ISIC_4543944,0,0.015708324,held_fold
ISIC_4545112,0,0.030941818,held_fold
ISIC_4547141,0,0.0055850903,held_fold
ISIC_4549059,0,0.002798858,held_fold
ISIC_4551082,0,0.0039460068,held_fold
ISIC_4553390,0,0.0014907157,held_fold
ISIC_4559397,0,0.12115039,held_fold
ISIC_4560585,0,0.048435897,held_fold
ISIC_4561874,0,0.008266721,held_fold
ISIC_4567730,0,0.0037370657,held_fold
ISIC_4568022,0,0.0013588817,held_fold
ISIC_4568565,0,0.0019619574,held_fold
ISIC_4570724,0,0.0033100557,held_fold
ISIC_4571687,0,0.008246667,held_fold
ISIC_4573256,0,0.19937116,held_fold
ISIC_4576725,0,0.025538774,held_fold
ISIC_4577414,0,0.0019943528,held_fold
ISIC_4578194,0,0.0013022493,held_fold
ISIC_4580458,0,0.0030369093,held_fold
ISIC_4580926,0,0.0014353059,held_fold
ISIC_4582670,0,0.0030609933,held_fold
ISIC_4583929,0,0.0017159407,held_fold
ISIC_4584265,1,0.0037394436,held_fold
ISIC_4584794,0,0.08316114,held_fold
ISIC_4588129,0,0.0015088732,held_fold
ISIC_4589123,0,0.0014245537,held_fold
ISIC_4589609,0,0.011033086,held_fold
ISIC_4591316,0,0.0007462437,held_fold
ISIC_4594982,0,0.012706278,held_fold
ISIC_4595856,0,0.0012628887,held_fold
ISIC_4600505,0,0.0017741792,held_fold
ISIC_4600831,0,0.0021248905,held_fold
ISIC_4601297,0,0.0015971109,held_fold
ISIC_4601757,0,0.0023668827,held_fold
ISIC_4603706,0,0.009090998,held_fold
ISIC_4603987,0,0.001539756,held_fold
ISIC_4606646,0,0.0038272894,held_fold
ISIC_4607215,0,0.0035968428,held_fold
ISIC_4608846,0,0.012391648,held_fold
ISIC_4610868,0,0.0016694457,held_fold
ISIC_4612180,0,0.0031036378,held_fold
ISIC_4620053,0,0.014905467,held_fold
ISIC_4622069,0,0.0018893119,held_fold
ISIC_4622159,0,0.03022706,held_fold
ISIC_4623037,0,0.00490826,held_fold
ISIC_4626633,0,0.0021466315,held_fold
ISIC_4631698,0,0.01177033,held_fold
ISIC_4635765,0,0.0044949795,held_fold
ISIC_4637454,0,0.0021207328,held_fold
ISIC_4639468,0,0.0021571754,held_fold
ISIC_4641968,0,0.0020315235,held_fold
ISIC_4644299,0,0.0026880505,held_fold
ISIC_4645788,0,0.0022960783,held_fold
ISIC_4645995,0,0.0029192248,held_fold
ISIC_4646413,0,0.0042907577,held_fold
ISIC_4647349,0,0.031021178,held_fold
ISIC_4653073,0,0.019821765,held_fold
ISIC_4654965,0,0.0017348386,held_fold
ISIC_4656184,0,0.0028876637,held_fold
ISIC_4657078,0,0.006776414,held_fold
ISIC_4658144,0,0.0088144075,held_fold
ISIC_4663008,0,0.00264753,held_fold
ISIC_4667223,0,0.0037702608,held_fold
ISIC_4669149,0,0.0017744142,held_fold
ISIC_4669803,0,0.00192262,held_fold
ISIC_4670089,0,0.016575718,held_fold
ISIC_4671039,0,0.003219542,held_fold
ISIC_4671324,0,0.0052252337,held_fold
ISIC_4675065,0,0.06226425,held_fold
ISIC_4675269,0,0.006491289,held_fold
ISIC_4679605,0,0.027394034,held_fold
ISIC_4682498,0,0.009928977,held_fold
ISIC_4684100,0,0.03790306,held_fold
ISIC_4686274,0,0.015194049,held_fold
ISIC_4686662,0,0.0010378704,held_fold
ISIC_4686690,0,0.004651135,held_fold
ISIC_4687418,0,0.004208876,held_fold
ISIC_4690030,0,0.0022215543,held_fold
ISIC_4692454,0,0.011127999,held_fold
ISIC_4695396,0,0.0009806247,held_fold
ISIC_4695702,0,0.058211733,held_fold
ISIC_4695815,0,0.004290839,held_fold
ISIC_4696783,0,0.013806073,held_fold
ISIC_4700970,0,0.0046708584,held_fold
ISIC_4701889,0,0.003661518,held_fold
ISIC_4705662,0,0.002507819,held_fold
ISIC_4709512,0,0.05084991,held_fold
ISIC_4710645,0,0.002467612,held_fold
ISIC_4715366,0,0.008482997,held_fold
ISIC_4718313,0,0.0011345072,held_fold
ISIC_4719895,0,0.0040934356,held_fold
ISIC_4721434,0,0.0026630168,held_fold
ISIC_4722119,0,0.004393219,held_fold
ISIC_4723603,0,0.01474487,held_fold
ISIC_4725089,0,0.0014842072,held_fold
ISIC_4732584,0,0.008714917,held_fold
ISIC_4735106,0,0.009400993,held_fold
ISIC_4737689,0,0.002981217,held_fold
ISIC_4738525,0,0.0038043496,held_fold
ISIC_4740278,0,0.012748285,held_fold
ISIC_4745004,0,0.0027149105,held_fold
ISIC_4745037,0,0.048690155,held_fold
ISIC_4745658,0,0.0014161416,held_fold
ISIC_4746361,0,0.00540891,held_fold
ISIC_4747355,0,0.023650456,held_fold
ISIC_4748031,0,0.010246908,held_fold
ISIC_4748977,0,0.0012081803,held_fold
ISIC_4749005,0,0.001856028,held_fold
ISIC_4751140,0,0.0602972,held_fold
ISIC_4752151,0,0.0011498076,held_fold
ISIC_4755931,0,0.0030370005,held_fold
ISIC_4756595,0,0.03149834,held_fold
ISIC_4758961,0,0.0060811355,held_fold
ISIC_4761075,0,0.0018580067,held_fold
ISIC_4762598,0,0.00791214,held_fold
ISIC_4763007,0,0.0026026035,held_fold
ISIC_4765023,0,0.007322723,held_fold
ISIC_4766046,0,0.002311511,held_fold
ISIC_4771769,0,0.0020044728,held_fold
ISIC_4775964,0,0.0016755331,held_fold
ISIC_4776213,0,0.0038186167,held_fold
ISIC_4781927,0,0.0016601637,held_fold
ISIC_4782134,0,0.05315994,held_fold
ISIC_4785487,0,0.0027711238,held_fold
ISIC_4788195,0,0.002039936,held_fold
ISIC_4788652,0,0.0009789049,held_fold
ISIC_4789784,0,0.005158761,held_fold
ISIC_4790259,0,0.003965393,held_fold
ISIC_4791461,0,0.0022557632,held_fold
ISIC_4791893,0,0.004666208,held_fold
ISIC_4792338,0,0.017674202,held_fold
ISIC_4794573,0,0.0020490715,held_fold
ISIC_4794860,0,0.0057069436,held_fold
ISIC_4800695,0,0.018353596,held_fold
ISIC_4801737,0,0.0011981981,held_fold
ISIC_4803755,0,0.02139052,held_fold
ISIC_4808108,0,0.07660969,held_fold
ISIC_4811593,0,0.0075794724,held_fold
ISIC_4813932,0,0.00322352,held_fold
ISIC_4817121,0,0.035732843,held_fold
ISIC_4818460,0,0.0018985656,held_fold
ISIC_4820993,0,0.006291965,held_fold
ISIC_4821309,0,0.0012320786,held_fold
ISIC_4827825,0,0.004245617,held_fold
ISIC_4828265,0,0.0031193872,held_fold
ISIC_4828943,0,0.026477313,held_fold
ISIC_4833737,0,0.0035353317,held_fold
ISIC_4837536,0,0.0020790682,held_fold
ISIC_4839421,0,0.008305836,held_fold
ISIC_4840686,0,0.0071995803,held_fold
ISIC_4845540,0,0.0022695872,held_fold
ISIC_4846741,0,0.015395642,held_fold
ISIC_4847584,0,0.0041105715,held_fold
ISIC_4848986,0,0.020113008,held_fold
ISIC_4850844,0,0.0021316693,held_fold
ISIC_4851437,0,0.022237446,held_fold
ISIC_4851979,0,0.0032445383,held_fold
ISIC_4854091,0,0.001888148,held_fold
ISIC_4855628,0,0.006531345,held_fold
ISIC_4856908,0,0.004952784,held_fold
ISIC_4857994,0,0.00965153,held_fold
ISIC_4860223,0,0.0062994882,held_fold
ISIC_4863236,0,0.06707853,held_fold
ISIC_4863375,0,0.004206302,held_fold
ISIC_4866649,0,0.0031431331,held_fold
ISIC_4869901,0,0.0063690846,held_fold
ISIC_4870936,0,0.003013886,held_fold
ISIC_4871936,0,0.004811188,held_fold
ISIC_4875370,0,0.027883915,held_fold
ISIC_4879144,0,0.0022917457,held_fold
ISIC_4879187,0,0.008220011,held_fold
ISIC_4880652,0,0.0021134978,held_fold
ISIC_4881109,0,0.012795885,held_fold
ISIC_4882333,0,0.08426878,held_fold
ISIC_4884712,0,0.007481066,held_fold
ISIC_4886493,0,0.002000639,held_fold
ISIC_4887874,0,0.004640141,held_fold
ISIC_4892083,0,0.0015941847,held_fold
ISIC_4894806,0,0.00850395,held_fold
ISIC_4897171,0,0.0066950927,held_fold
ISIC_4897852,0,0.0013317842,held_fold
ISIC_4900077,0,0.0067437566,held_fold
ISIC_4900923,0,0.0013365326,held_fold
ISIC_4902829,0,0.004505004,held_fold
ISIC_4904317,0,0.010177571,held_fold
ISIC_4906026,0,0.0018463554,held_fold
ISIC_4906385,0,0.016371166,held_fold
ISIC_4907595,0,0.007511502,held_fold
ISIC_4909154,0,0.0014578438,held_fold
ISIC_4912127,0,0.005794604,held_fold
ISIC_4915889,0,0.004818676,held_fold
ISIC_4915897,0,0.003271527,held_fold
ISIC_4918571,0,0.0009389862,held_fold
ISIC_4920166,0,0.0022854393,held_fold
ISIC_4922965,0,0.060420994,held_fold
ISIC_4923457,0,0.002330036,held_fold
ISIC_4924365,0,0.022450319,held_fold
ISIC_4929865,0,0.010603344,held_fold
ISIC_4932000,0,0.004236004,held_fold
ISIC_4935711,0,0.0025208916,held_fold
ISIC_4937725,0,0.011373702,held_fold
ISIC_4938376,0,0.0023303663,held_fold
ISIC_4938388,0,0.008998022,held_fold
ISIC_4938791,0,0.0016335151,held_fold
ISIC_4941125,0,0.0033561955,held_fold
ISIC_4945233,0,0.0011075089,held_fold
ISIC_4946006,0,0.012022271,held_fold
ISIC_4947778,0,0.04062551,held_fold
ISIC_4948642,0,0.0035276045,held_fold
ISIC_4950151,0,0.0017259569,held_fold
ISIC_4952040,0,0.006303376,held_fold
ISIC_4954282,0,0.0069619757,held_fold
ISIC_4954719,0,0.0016737012,held_fold
ISIC_4954740,0,0.012697129,held_fold
ISIC_4955740,0,0.0068632225,held_fold
ISIC_4956352,0,0.003416094,held_fold
ISIC_4956965,0,0.079230726,held_fold
ISIC_4957730,0,0.0029952456,held_fold
ISIC_4958861,0,0.0022705938,held_fold
ISIC_4961292,0,0.010383135,held_fold
ISIC_4963410,0,0.0029234749,held_fold
ISIC_4964644,0,0.0040911967,held_fold
ISIC_4965160,0,0.0027035754,held_fold
ISIC_4965526,0,0.009827457,held_fold
ISIC_4965850,0,0.0031546825,held_fold
ISIC_4966496,0,0.0017092656,held_fold
ISIC_4967639,0,0.0041801035,held_fold
ISIC_4967755,0,0.0024121683,held_fold
ISIC_4968536,0,0.04297956,held_fold
ISIC_4969660,0,0.0022752588,held_fold
ISIC_4969996,0,0.0031459134,held_fold
ISIC_4973809,0,0.0030995454,held_fold
ISIC_4975848,0,0.0010523775,held_fold
ISIC_4975949,0,0.008934053,held_fold
ISIC_4976189,0,0.0022817086,held_fold
ISIC_4977415,0,0.031292982,held_fold
ISIC_4978474,0,0.0072295563,held_fold
ISIC_4978697,0,0.023672586,held_fold
ISIC_4979071,0,0.003650285,held_fold
ISIC_4981135,0,0.005693055,held_fold
ISIC_4983237,0,0.042809278,held_fold
ISIC_4986879,0,0.0063155377,held_fold
ISIC_4994695,0,0.00261266,held_fold
ISIC_4996867,0,0.013076593,held_fold
ISIC_5000592,0,0.002278125,held_fold
ISIC_5002041,0,0.001469119,held_fold
ISIC_5005065,0,0.0073970044,held_fold
ISIC_5005747,0,0.0014540261,held_fold
ISIC_5006020,0,0.0012688284,held_fold
ISIC_5009935,0,0.005676684,held_fold
ISIC_5010197,0,0.0015853915,held_fold
ISIC_5013376,0,0.0032189728,held_fold
ISIC_5021038,0,0.0018224431,held_fold
ISIC_5022555,0,0.009911518,held_fold
ISIC_5028203,0,0.000989682,held_fold
ISIC_5029146,0,0.0043067103,held_fold
ISIC_5030416,0,0.0016254297,held_fold
ISIC_5031549,0,0.0012761944,held_fold
ISIC_5041059,0,0.0053773886,held_fold
ISIC_5042497,0,0.015845504,held_fold
ISIC_5043429,0,0.0041161464,held_fold
ISIC_5048571,0,0.0013805631,held_fold
ISIC_5049137,0,0.0041587176,held_fold
ISIC_5049365,0,0.0065885107,held_fold
ISIC_5050669,0,0.002781388,held_fold
ISIC_5051449,0,0.045517053,held_fold
ISIC_5054877,0,0.09452248,held_fold
ISIC_5056768,0,0.003137121,held_fold
ISIC_5059195,0,0.053507764,held_fold
ISIC_5059375,0,0.0077765835,held_fold
ISIC_5060252,0,0.00097230996,held_fold
ISIC_5060576,0,0.022280991,held_fold
ISIC_5066448,0,0.0030383205,held_fold
ISIC_5066548,0,0.045709334,held_fold
ISIC_5070849,0,0.0071012615,held_fold
ISIC_5072761,0,0.0017250797,held_fold
ISIC_5074228,0,0.009430034,held_fold
ISIC_5075202,0,0.013094396,held_fold
ISIC_5075261,0,0.02711013,held_fold
ISIC_5081644,0,0.0042320797,held_fold
ISIC_5084175,0,0.009824274,held_fold
ISIC_5084661,0,0.009259957,held_fold
ISIC_5088967,0,0.006325234,held_fold
ISIC_5090146,0,0.004805306,held_fold
ISIC_5090739,0,0.0045094565,held_fold
ISIC_5091950,0,0.012413867,held_fold
ISIC_5093799,0,0.0017694354,held_fold
ISIC_5095848,0,0.005197094,held_fold
ISIC_5096227,0,0.0039657457,held_fold
ISIC_5097785,0,0.002657259,held_fold
ISIC_5097807,0,0.0037243862,held_fold
ISIC_5097947,0,0.0113211805,held_fold
ISIC_5098492,0,0.010270265,held_fold
ISIC_5098663,0,0.0035919158,held_fold
ISIC_5099193,0,0.019751217,held_fold
ISIC_5099324,0,0.004244704,held_fold
ISIC_5102846,0,0.0035231055,held_fold
ISIC_5103657,0,0.0031175208,held_fold
ISIC_5104921,0,0.053528484,held_fold
ISIC_5105824,0,0.15762451,held_fold
ISIC_5106239,0,0.0058461404,held_fold
ISIC_5107195,0,0.0018501678,held_fold
ISIC_5108076,0,0.0026873897,held_fold
ISIC_5108538,0,0.0016999219,held_fold
ISIC_5110696,0,0.0056352033,held_fold
ISIC_5112744,0,0.0026385565,held_fold
ISIC_5113530,0,0.0028260478,held_fold
ISIC_5122091,0,0.0028780743,held_fold
ISIC_5123813,0,0.023576627,held_fold
ISIC_5123979,0,0.07296874,held_fold
ISIC_5127944,0,0.0074436218,held_fold
ISIC_5128793,0,0.002390439,held_fold
ISIC_5130558,0,0.0015743236,held_fold
ISIC_5131914,0,0.0017612937,held_fold
ISIC_5132536,0,0.0027963412,held_fold
ISIC_5135143,0,0.008342316,held_fold
ISIC_5135700,0,0.008271844,held_fold
ISIC_5136151,0,0.0374375,held_fold
ISIC_5136370,0,0.0039688717,held_fold
ISIC_5137061,0,0.0024551186,held_fold
ISIC_5142275,0,0.02039215,held_fold
ISIC_5142479,0,0.0013947836,held_fold
ISIC_5142496,0,0.0010363982,held_fold
ISIC_5142743,0,0.024886928,held_fold
ISIC_5144373,0,0.0019027712,held_fold
ISIC_5145347,0,0.008098551,held_fold
ISIC_5147263,0,0.0087276185,held_fold
ISIC_5149397,0,0.00569013,held_fold
ISIC_5149730,0,0.0013154747,held_fold
ISIC_5153075,0,0.0018566701,held_fold
ISIC_5158305,0,0.01187091,held_fold
ISIC_5165522,0,0.0014615003,held_fold
ISIC_5165620,0,0.0017155486,held_fold
ISIC_5166636,0,0.0039071757,held_fold
ISIC_5166956,0,0.024582455,held_fold
ISIC_5167001,0,0.004253159,held_fold
ISIC_5169434,0,0.0027820757,held_fold
ISIC_5169967,0,0.02257059,held_fold
ISIC_5173486,0,0.0010410373,held_fold
ISIC_5174617,0,0.013278573,held_fold
ISIC_5176105,0,0.0031612725,held_fold
ISIC_5176419,0,0.0013290885,held_fold
ISIC_5178216,0,0.0032110845,held_fold
ISIC_5178977,0,0.0027752696,held_fold
ISIC_5181340,0,0.0018449534,held_fold
ISIC_5182725,0,0.0051829917,held_fold
ISIC_5182820,0,0.031964045,held_fold
ISIC_5184722,0,0.05482778,held_fold
ISIC_5190920,0,0.05804325,held_fold
ISIC_5191344,1,0.006892066,held_fold
ISIC_5192527,0,0.0033990135,held_fold
ISIC_5194331,0,0.033552896,held_fold
ISIC_5195381,0,0.061953172,held_fold
ISIC_5196781,0,0.0017402362,held_fold
ISIC_5198439,0,0.0018521405,held_fold
ISIC_5199342,0,0.005288187,held_fold
ISIC_5199497,0,0.0021025543,held_fold
ISIC_5201151,0,0.016211282,held_fold
ISIC_5202074,0,0.017774869,held_fold
ISIC_5203137,0,0.0053471904,held_fold
ISIC_5207136,0,0.0035579419,held_fold
ISIC_5208357,0,0.0147441,held_fold
ISIC_5208613,0,0.091387235,held_fold
ISIC_5209007,0,0.01539502,held_fold
ISIC_5210016,0,0.0012639156,held_fold
ISIC_5211080,0,0.016342457,held_fold
ISIC_5213224,0,0.008111006,held_fold
ISIC_5213829,0,0.0019104106,held_fold
ISIC_5215191,0,0.009841448,held_fold
ISIC_5216675,0,0.001403032,held_fold
ISIC_5223101,0,0.0012010153,held_fold
ISIC_5224107,0,0.007892048,held_fold
ISIC_5227635,0,0.0057903887,held_fold
ISIC_5230497,0,0.0022479254,held_fold
ISIC_5231616,0,0.006388239,held_fold
ISIC_5233226,0,0.0028302663,held_fold
ISIC_5233994,0,0.0036335741,held_fold
ISIC_5235200,0,0.0042785476,held_fold
ISIC_5235229,0,0.034968235,held_fold
ISIC_5238649,0,0.0031243288,held_fold
ISIC_5244188,0,0.0023751708,held_fold
ISIC_5245212,0,0.0018701783,held_fold
ISIC_5247383,0,0.002534887,held_fold
ISIC_5249665,0,0.062858246,held_fold
ISIC_5254803,0,0.0021281212,held_fold
ISIC_5254982,0,0.0027422376,held_fold
ISIC_5258352,0,0.0050695636,held_fold
ISIC_5259414,0,0.00635886,held_fold
ISIC_5259518,0,0.0013158433,held_fold
ISIC_5259582,0,0.0061891116,held_fold
ISIC_5261146,0,0.004068661,held_fold
ISIC_5261384,0,0.0031555914,held_fold
ISIC_5261611,0,0.015384529,held_fold
ISIC_5265873,0,0.0019759594,held_fold
ISIC_5266696,0,0.029555472,held_fold
ISIC_5266861,0,0.0018123854,held_fold
ISIC_5267251,0,0.004321734,held_fold
ISIC_5269341,0,0.0026883394,held_fold
ISIC_5272223,1,0.005677987,held_fold
ISIC_5280019,0,0.0031265928,held_fold
ISIC_5280199,0,0.0049917838,held_fold
ISIC_5281514,0,0.002844228,held_fold
ISIC_5281576,0,0.0024841216,held_fold
ISIC_5282642,0,0.0036798127,held_fold
ISIC_5286021,0,0.010733466,held_fold
ISIC_5289599,0,0.0013983786,held_fold
ISIC_5290569,0,0.0019494653,held_fold
ISIC_5292859,0,0.0016041542,held_fold
ISIC_5293624,0,0.00272498,held_fold
ISIC_5294689,0,0.009808664,held_fold
ISIC_5295497,0,0.0025165838,held_fold
ISIC_5296443,0,0.0027975664,held_fold
ISIC_5297111,0,0.002711713,held_fold
ISIC_5298608,0,0.045367703,held_fold
ISIC_5301131,0,0.0024834482,held_fold
ISIC_5302229,0,0.006722827,held_fold
ISIC_5303641,0,0.002462358,held_fold
ISIC_5305288,0,0.0013299976,held_fold
ISIC_5305787,0,0.004590559,held_fold
ISIC_5306427,0,0.002272267,held_fold
ISIC_5307086,0,0.010409601,held_fold
ISIC_5309572,0,0.0014021251,held_fold
ISIC_5310011,0,0.0017894744,held_fold
ISIC_5310880,0,0.005029113,held_fold
ISIC_5312003,0,0.001313139,held_fold
ISIC_5312834,0,0.0034749862,held_fold
ISIC_5313087,0,0.0045826933,held_fold
ISIC_5314855,0,0.00097523147,held_fold
ISIC_5315062,1,0.077024214,held_fold
ISIC_5315486,0,0.0020021182,held_fold
ISIC_5316258,0,0.0017427065,held_fold
ISIC_5317348,0,0.004390483,held_fold
ISIC_5318506,0,0.0030849017,held_fold
ISIC_5320886,0,0.009304433,held_fold
ISIC_5321219,0,0.0038476144,held_fold
ISIC_5321221,0,0.025496254,held_fold
ISIC_5322011,0,0.006651218,held_fold
ISIC_5322232,0,0.015141519,held_fold
ISIC_5323944,0,0.0029618824,held_fold
ISIC_5324178,0,0.003535068,held_fold
ISIC_5325281,0,0.007993671,held_fold
ISIC_5325805,0,0.0071793557,held_fold
ISIC_5326225,0,0.001305195,held_fold
ISIC_5327000,0,0.0014117304,held_fold
ISIC_5327271,0,0.0043085874,held_fold
ISIC_5331089,0,0.0087543875,held_fold
ISIC_5333549,0,0.0047572223,held_fold
ISIC_5336007,0,0.005758982,held_fold
ISIC_5340305,0,0.018371947,held_fold
ISIC_5342109,0,0.015183202,held_fold
ISIC_5346591,0,0.003223391,held_fold
ISIC_5349612,0,0.009250027,held_fold
ISIC_5350269,0,0.0015390672,held_fold
ISIC_5353241,0,0.014597345,held_fold
ISIC_5354607,0,0.0011653539,held_fold
ISIC_5357288,0,0.0031841435,held_fold
ISIC_5358234,0,0.0025966219,held_fold
ISIC_5359123,0,0.0013674782,held_fold
ISIC_5359253,0,0.0021282497,held_fold
ISIC_5360921,0,0.017409403,held_fold
ISIC_5361778,0,0.001892806,held_fold
ISIC_5361965,0,0.0076679136,held_fold
ISIC_5362038,0,0.0018486987,held_fold
ISIC_5362869,0,0.00932381,held_fold
ISIC_5362925,0,0.0038688304,held_fold
ISIC_5363229,0,0.01106884,held_fold
ISIC_5364841,0,0.027774105,held_fold
ISIC_5365537,0,0.0013975744,held_fold
ISIC_5365919,0,0.0043787593,held_fold
ISIC_5366635,0,0.0024616695,held_fold
ISIC_5366657,0,0.025916941,held_fold
ISIC_5368272,0,0.046121165,held_fold
ISIC_5368668,0,0.002732323,held_fold
ISIC_5377237,0,0.008581411,held_fold
ISIC_5379122,0,0.0026819266,held_fold
ISIC_5380827,0,0.0010820079,held_fold
ISIC_5382691,0,0.0016389171,held_fold
ISIC_5383356,0,0.00621808,held_fold
ISIC_5385299,0,0.001971786,held_fold
ISIC_5387348,0,0.0017731679,held_fold
ISIC_5388184,1,0.10214412,held_fold
ISIC_5392958,0,0.0027339775,held_fold
ISIC_5393017,0,0.0022301779,held_fold
ISIC_5393132,0,0.020765334,held_fold
ISIC_5393557,0,0.002137125,held_fold
ISIC_5393919,0,0.011188914,held_fold
ISIC_5396394,0,0.0035863246,held_fold
ISIC_5397818,0,0.0013454221,held_fold
ISIC_5399929,0,0.0037024235,held_fold
ISIC_5400113,0,0.015892478,held_fold
ISIC_5400342,0,0.0013406338,held_fold
ISIC_5402327,0,0.005389741,held_fold
ISIC_5403296,0,0.0027818773,held_fold
ISIC_5405456,0,0.08831253,held_fold
ISIC_5406752,0,0.014843769,held_fold
ISIC_5407343,0,0.0041673225,held_fold
ISIC_5407436,0,0.0032354097,held_fold
ISIC_5408967,0,0.042613972,held_fold
ISIC_5409137,0,0.003148358,held_fold
ISIC_5409681,0,0.004477999,held_fold
ISIC_5413136,0,0.004985211,held_fold
ISIC_5415761,1,0.014550168,held_fold
ISIC_5415781,0,0.007463653,held_fold
ISIC_5416978,0,0.0048524644,held_fold
ISIC_5422432,0,0.0046738763,held_fold
ISIC_5423896,0,0.002897387,held_fold
ISIC_5424547,0,0.009906502,held_fold
ISIC_5428274,0,0.04571777,held_fold
ISIC_5432603,0,0.04400625,held_fold
ISIC_5433553,0,0.0016273197,held_fold
ISIC_5434055,0,0.010947364,held_fold
ISIC_5434070,0,0.025819067,held_fold
ISIC_5435291,0,0.01811691,held_fold
ISIC_5435863,0,0.002673821,held_fold
ISIC_5437356,0,0.0112125315,held_fold
ISIC_5438431,0,0.012232797,held_fold
ISIC_5441132,0,0.0014499817,held_fold
ISIC_5443525,0,0.004396991,held_fold
ISIC_5443689,0,0.030244054,held_fold
ISIC_5445188,0,0.0055096187,held_fold
ISIC_5446127,0,0.0009822723,held_fold
ISIC_5446470,0,0.004287072,held_fold
ISIC_5451336,0,0.0010282643,held_fold
ISIC_5451400,0,0.0041910824,held_fold
ISIC_5454321,0,0.01315556,held_fold
ISIC_5455568,0,0.0040175524,held_fold
ISIC_5457246,0,0.006508631,held_fold
ISIC_5457974,0,0.002807271,held_fold
ISIC_5464942,0,0.0032411353,held_fold
ISIC_5469457,0,0.051197287,held_fold
ISIC_5469999,0,0.0061839954,held_fold
ISIC_5475423,0,0.0033536714,held_fold
ISIC_5477838,0,0.019498862,held_fold
ISIC_5478846,0,0.080998786,held_fold
ISIC_5481211,0,0.00085614325,held_fold
ISIC_5481242,0,0.011586304,held_fold
ISIC_5481673,0,0.0017261598,held_fold
ISIC_5484086,0,0.0014212745,held_fold
ISIC_5485254,0,0.013101354,held_fold
ISIC_5485279,0,0.0065849065,held_fold
ISIC_5486725,0,0.005203927,held_fold
ISIC_5487058,0,0.0077483333,held_fold
ISIC_5488046,0,0.0025531251,held_fold
ISIC_5488065,0,0.035298835,held_fold
ISIC_5488188,0,0.0065058446,held_fold
ISIC_5491443,0,0.091213875,held_fold
ISIC_5492778,0,0.007132091,held_fold
ISIC_5495452,0,0.005751716,held_fold
ISIC_5496214,0,0.01776945,held_fold
ISIC_5496810,0,0.02072782,held_fold
ISIC_5497526,0,0.0014224667,held_fold
ISIC_5497851,0,0.0015765897,held_fold
ISIC_5500256,0,0.0033733118,held_fold
ISIC_5501375,0,0.0101905875,held_fold
ISIC_5502229,0,0.023453476,held_fold
ISIC_5503634,0,0.0075246086,held_fold
ISIC_5506059,0,0.0024017766,held_fold
ISIC_5508542,0,0.015929854,held_fold
ISIC_5510604,0,0.0017578413,held_fold
ISIC_5517594,0,0.001754748,held_fold
ISIC_5518025,0,0.0090952255,held_fold
ISIC_5518934,0,0.00854709,held_fold
ISIC_5519289,0,0.009525616,held_fold
ISIC_5521974,0,0.09236122,held_fold
ISIC_5523221,0,0.005120903,held_fold
ISIC_5524682,0,0.0027143424,held_fold
ISIC_5524986,0,0.013232264,held_fold
ISIC_5525877,0,0.011954111,held_fold
ISIC_5526503,0,0.00533306,held_fold
ISIC_5528990,0,0.011498194,held_fold
ISIC_5529201,0,0.0033775575,held_fold
ISIC_5529924,0,0.011036047,held_fold
ISIC_5535143,0,0.006674604,held_fold
ISIC_5536429,0,0.0038459953,held_fold
ISIC_5537771,0,0.012419468,held_fold
ISIC_5538778,0,0.003746595,held_fold
ISIC_5539077,0,0.040595595,held_fold
ISIC_5540840,0,0.0034598836,held_fold
ISIC_5541028,0,0.04739564,held_fold
ISIC_5541999,0,0.0052838195,held_fold
ISIC_5542716,0,0.0024862282,held_fold
ISIC_5543178,0,0.0059525925,held_fold
ISIC_5545410,0,0.028662909,held_fold
ISIC_5547116,0,0.0025217386,held_fold
ISIC_5548717,0,0.0029795873,held_fold
ISIC_5549768,0,0.00275763,held_fold
ISIC_5552041,0,0.027548425,held_fold
ISIC_5552066,0,0.030892959,held_fold
ISIC_5552335,0,0.002559573,held_fold
ISIC_5555505,0,0.0023748116,held_fold
ISIC_5558729,0,0.008755902,held_fold
ISIC_5559188,0,0.0023876752,held_fold
ISIC_5560538,0,0.009019806,held_fold
ISIC_5561003,1,0.20296401,held_fold
ISIC_5563553,0,0.005953555,held_fold
ISIC_5567663,0,0.0031368404,held_fold
ISIC_5568346,0,0.018299438,held_fold
ISIC_5568834,0,0.0029091933,held_fold
ISIC_5569091,0,0.003845953,held_fold
ISIC_5569936,0,0.019146724,held_fold
ISIC_5570430,0,0.022045678,held_fold
ISIC_5573340,0,0.013599045,held_fold
ISIC_5573679,0,0.000972134,held_fold
ISIC_5573733,0,0.08967555,held_fold
ISIC_5574940,0,0.008873212,held_fold
ISIC_5575449,0,0.001774817,held_fold
ISIC_5576250,0,0.0011996552,held_fold
ISIC_5576986,0,0.016974414,held_fold
ISIC_5581931,1,0.09488125,held_fold
ISIC_5583016,0,0.0017351708,held_fold
ISIC_5583139,0,0.001924081,held_fold
ISIC_5584185,0,0.002487023,held_fold
ISIC_5584859,0,0.0009261178,held_fold
ISIC_5585279,0,0.0018776656,held_fold
ISIC_5587216,0,0.0025443255,held_fold
ISIC_5587291,0,0.0070607024,held_fold
ISIC_5588302,0,0.0064706896,held_fold
ISIC_5592192,0,0.0022944731,held_fold
ISIC_5592257,0,0.0012623138,held_fold
ISIC_5592951,0,0.0054187593,held_fold
ISIC_5597530,0,0.0040180543,held_fold
ISIC_5599298,0,0.004146852,held_fold
ISIC_5601326,0,0.0042648716,held_fold
ISIC_5603773,0,0.0034479515,held_fold
ISIC_5604025,0,0.0020108914,held_fold
ISIC_5605246,0,0.0007384971,held_fold
ISIC_5609883,0,0.01110438,held_fold
ISIC_5610178,0,0.031029848,held_fold
ISIC_5611010,0,0.0037625656,held_fold
ISIC_5611529,0,0.06570844,held_fold
ISIC_5612452,0,0.009599619,held_fold
ISIC_5613199,0,0.02456175,held_fold
ISIC_5615676,0,0.0033137125,held_fold
ISIC_5617952,0,0.01214466,held_fold
ISIC_5619062,0,0.00406847,held_fold
ISIC_5620520,0,0.0027936313,held_fold
ISIC_5621310,0,0.0026344412,held_fold
ISIC_5623327,0,0.004643351,held_fold
ISIC_5623973,0,0.0046552843,held_fold
ISIC_5625774,0,0.003974929,held_fold
ISIC_5625980,0,0.0051692636,held_fold
ISIC_5632533,0,0.0022703954,held_fold
ISIC_5634181,0,0.0070268046,held_fold
ISIC_5635940,0,0.029606158,held_fold
ISIC_5636247,0,0.009358246,held_fold
ISIC_5636983,0,0.023602212,held_fold
ISIC_5637105,0,0.01204859,held_fold
ISIC_5648111,0,0.0021719777,held_fold
ISIC_5650272,0,0.0030553017,held_fold
ISIC_5650747,0,0.0012026569,held_fold
ISIC_5652519,0,0.005756181,held_fold
ISIC_5654651,0,0.0058986577,held_fold
ISIC_5654818,0,0.0045608436,held_fold
ISIC_5657535,0,0.002032295,held_fold
ISIC_5658900,0,0.007413407,held_fold
ISIC_5659240,0,0.0017389131,held_fold
ISIC_5659295,0,0.009809414,held_fold
ISIC_5660360,0,0.0035262774,held_fold
ISIC_5664966,0,0.003352247,held_fold
ISIC_5665011,0,0.002940097,held_fold
ISIC_5665277,0,0.00250153,held_fold
ISIC_5667461,1,0.009750255,held_fold
ISIC_5667519,0,0.002501354,held_fold
ISIC_5667935,0,0.0026390837,held_fold
ISIC_5676027,0,0.0023711065,held_fold
ISIC_5678933,0,0.001257891,held_fold
ISIC_5679708,0,0.0011933867,held_fold
ISIC_5679942,0,0.0018021135,held_fold
ISIC_5681025,0,0.100836135,held_fold
ISIC_5681794,0,0.0023041791,held_fold
ISIC_5686768,0,0.005214038,held_fold
ISIC_5686868,0,0.058393706,held_fold
ISIC_5688051,0,0.0054840655,held_fold
ISIC_5688657,0,0.0059652575,held_fold
ISIC_5688720,0,0.0079446165,held_fold
ISIC_5688950,0,0.00122746,held_fold
ISIC_5689986,0,0.0021531477,held_fold
ISIC_5692481,0,0.0017208322,held_fold
ISIC_5692863,0,0.002640201,held_fold
ISIC_5694393,0,0.0042858263,held_fold
ISIC_5696540,0,0.002384836,held_fold
ISIC_5697228,0,0.003957711,held_fold
ISIC_5699175,0,0.00304406,held_fold
ISIC_5700599,0,0.0019066953,held_fold
ISIC_5702549,0,0.0020840396,held_fold
ISIC_5702591,0,0.0901891,held_fold
ISIC_5705413,0,0.0018969743,held_fold
ISIC_5705973,0,0.0018524792,held_fold
ISIC_5708288,0,0.0027552997,held_fold
ISIC_5709170,0,0.00607457,held_fold
ISIC_5712029,0,0.010553246,held_fold
ISIC_5713588,0,0.005236658,held_fold
ISIC_5714201,0,0.15951642,held_fold
ISIC_5718343,0,0.0028279729,held_fold
ISIC_5720694,0,0.01294955,held_fold
ISIC_5721677,0,0.0030890855,held_fold
ISIC_5722194,0,0.006160038,held_fold
ISIC_5722211,0,0.010932836,held_fold
ISIC_5723510,0,0.0027117364,held_fold
ISIC_5727083,0,0.012151142,held_fold
ISIC_5730636,0,0.012933919,held_fold
ISIC_5733557,0,0.0013372959,held_fold
ISIC_5733748,1,0.008546715,held_fold
ISIC_5735592,0,0.05199961,held_fold
ISIC_5736023,0,0.0085879415,held_fold
ISIC_5736126,0,0.0013581895,held_fold
ISIC_5736595,0,0.0018469117,held_fold
ISIC_5736966,0,0.013482348,held_fold
ISIC_5736979,0,0.002257132,held_fold
ISIC_5737191,0,0.011958573,held_fold
ISIC_5737704,0,0.0046314257,held_fold
ISIC_5738103,0,0.0032364477,held_fold
ISIC_5738587,0,0.0011327993,held_fold
ISIC_5739570,0,0.0038632038,held_fold
ISIC_5743012,0,0.0039899317,held_fold
ISIC_5745349,0,0.002015504,held_fold
ISIC_5745941,0,0.00173054,held_fold
ISIC_5746706,0,0.016502611,held_fold
ISIC_5747367,0,0.022166133,held_fold
ISIC_5747486,1,0.0063182013,held_fold
ISIC_5747681,0,0.002954843,held_fold
ISIC_5748751,0,0.0015093123,held_fold
ISIC_5748858,0,0.029958041,held_fold
ISIC_5749706,0,0.002455358,held_fold
ISIC_5750242,0,0.14772215,held_fold
ISIC_5754233,0,0.014093458,held_fold
ISIC_5755210,0,0.054606598,held_fold
ISIC_5755836,0,0.0033793591,held_fold
ISIC_5757336,0,0.009277116,held_fold
ISIC_5760948,0,0.0026108043,held_fold
ISIC_5763398,0,0.022127673,held_fold
ISIC_5766141,0,0.0031674844,held_fold
ISIC_5766923,0,0.0059800013,held_fold
ISIC_5767976,0,0.0020812608,held_fold
ISIC_5768602,0,0.0140066035,held_fold
ISIC_5771106,0,0.0026086806,held_fold
ISIC_5773967,0,0.009177888,held_fold
ISIC_5778330,0,0.008365361,held_fold
ISIC_5778476,0,0.0011580588,held_fold
ISIC_5779688,0,0.036176413,held_fold
ISIC_5782816,0,0.0036967024,held_fold
ISIC_5783685,0,0.005295832,held_fold
ISIC_5784362,0,0.0077867634,held_fold
ISIC_5787517,0,0.004177201,held_fold
ISIC_5788057,0,0.0017362738,held_fold
ISIC_5789052,0,0.24703474,held_fold
ISIC_5790458,0,0.0012171379,held_fold
ISIC_5790534,0,0.00095778756,held_fold
ISIC_5797220,0,0.0006564285,held_fold
ISIC_5797942,0,0.0036874602,held_fold
ISIC_5798539,0,0.04571909,held_fold
ISIC_5800113,0,0.011352559,held_fold
ISIC_5804606,0,0.002608838,held_fold
ISIC_5805349,0,0.0032125805,held_fold
ISIC_5807112,0,0.0056551555,held_fold
ISIC_5810736,0,0.0014704576,held_fold
ISIC_5816788,0,0.0022003727,held_fold
ISIC_5819754,0,0.015519369,held_fold
ISIC_5821292,0,0.001875649,held_fold
ISIC_5822691,0,0.010775882,held_fold
ISIC_5823076,0,0.036557287,held_fold
ISIC_5823292,0,0.008797202,held_fold
ISIC_5824656,0,0.0010787002,held_fold
ISIC_5824730,0,0.0024170899,held_fold
ISIC_5825647,0,0.046607792,held_fold
ISIC_5827217,0,0.0014814064,held_fold
ISIC_5828787,0,0.0026131459,held_fold
ISIC_5831201,0,0.008969605,held_fold
ISIC_5831880,0,0.0014488354,held_fold
ISIC_5832440,0,0.05791057,held_fold
ISIC_5832623,0,0.0060271975,held_fold
ISIC_5833015,0,0.010361046,held_fold
ISIC_5837974,0,0.0022461966,held_fold
ISIC_5843515,0,0.0310016,held_fold
ISIC_5846233,0,0.0017282524,held_fold
ISIC_5849178,0,0.0033231354,held_fold
ISIC_5849715,0,0.0038063307,held_fold
ISIC_5850699,0,0.004940127,held_fold
ISIC_5852061,0,0.002542059,held_fold
ISIC_5853048,0,0.002207059,held_fold
ISIC_5854870,0,0.01007792,held_fold
ISIC_5855400,0,0.003939924,held_fold
ISIC_5855700,0,0.0041181226,held_fold
ISIC_5855835,0,0.020882402,held_fold
ISIC_5857155,0,0.004476095,held_fold
ISIC_5857239,0,0.034322385,held_fold
ISIC_5859895,0,0.024774134,held_fold
ISIC_5860849,0,0.034716204,held_fold
ISIC_5864067,0,0.0012792976,held_fold
ISIC_5865142,0,0.0009843038,held_fold
ISIC_5865828,0,0.0027765736,held_fold
ISIC_5866381,0,0.11540959,held_fold
ISIC_5867862,0,0.012008426,held_fold
ISIC_5868291,1,0.024764033,held_fold
ISIC_5870406,0,0.0037522095,held_fold
ISIC_5873539,0,0.03618483,held_fold
ISIC_5876289,0,0.0019781468,held_fold
ISIC_5881363,0,0.0016650852,held_fold
ISIC_5882254,0,0.0013742795,held_fold
ISIC_5882629,0,0.0643902,held_fold
ISIC_5883505,0,0.15723889,held_fold
ISIC_5885421,0,0.0021928886,held_fold
ISIC_5885837,0,0.0017493488,held_fold
ISIC_5886168,0,0.010508693,held_fold
ISIC_5888460,0,0.0037556954,held_fold
ISIC_5888672,0,0.005506965,held_fold
ISIC_5889246,0,0.005078661,held_fold
ISIC_5892920,0,0.0017955849,held_fold
ISIC_5894246,0,0.0011798431,held_fold
ISIC_5899228,0,0.026794096,held_fold
ISIC_5900141,0,0.05930527,held_fold
ISIC_5901919,0,0.0030140968,held_fold
ISIC_5902175,0,0.00265131,held_fold
ISIC_5903054,0,0.0012488514,held_fold
ISIC_5904214,0,0.08148979,held_fold
ISIC_5908780,0,0.003376792,held_fold
ISIC_5909403,0,0.007928251,held_fold
ISIC_5910514,0,0.036065675,held_fold
ISIC_5910595,0,0.0014778585,held_fold
ISIC_5910975,0,0.0022607872,held_fold
ISIC_5912392,0,0.0367546,held_fold
ISIC_5917004,0,0.0014954167,held_fold
ISIC_5917605,0,0.01955786,held_fold
ISIC_5917755,0,0.0021751234,held_fold
ISIC_5918756,0,0.010984606,held_fold
ISIC_5920471,0,0.016493194,held_fold
ISIC_5921734,0,0.0074085873,held_fold
ISIC_5923430,0,0.0022661875,held_fold
ISIC_5924459,0,0.0071759406,held_fold
ISIC_5930509,0,0.008737884,held_fold
ISIC_5932996,0,0.03755654,held_fold
ISIC_5934104,0,0.0017618891,held_fold
ISIC_5934319,0,0.019652115,held_fold
ISIC_5935362,0,0.0010903401,held_fold
ISIC_5941271,0,0.017698707,held_fold
ISIC_5941314,0,0.0019140509,held_fold
ISIC_5942073,0,0.02068776,held_fold
ISIC_5942312,0,0.0009589138,held_fold
ISIC_5942756,0,0.032721,held_fold
ISIC_5943355,0,0.0014051221,held_fold
ISIC_5944524,0,0.023499576,held_fold
ISIC_5945822,0,0.002099945,held_fold
ISIC_5950144,0,0.003982949,held_fold
ISIC_5950453,0,0.0021134787,held_fold
ISIC_5952026,0,0.012422803,held_fold
ISIC_5952650,0,0.010957603,held_fold
ISIC_5953416,0,0.005303532,held_fold
ISIC_5955314,0,0.0035436163,held_fold
ISIC_5958657,0,0.09112269,held_fold
ISIC_5960183,0,0.0021269985,held_fold
ISIC_5960641,0,0.0013968173,held_fold
ISIC_5961421,0,0.0077273916,held_fold
ISIC_5961544,0,0.031292375,held_fold
ISIC_5962268,0,0.002082956,held_fold
ISIC_5962462,0,0.01678804,held_fold
ISIC_5963113,0,0.0011122307,held_fold
ISIC_5963344,0,0.0033273166,held_fold
ISIC_5963491,0,0.0014185187,held_fold
ISIC_5971574,0,0.0024108295,held_fold
ISIC_5973717,0,0.008689504,held_fold
ISIC_5974286,0,0.0016248472,held_fold
ISIC_5976373,0,0.0018318761,held_fold
ISIC_5979771,0,0.0024199272,held_fold
ISIC_5979783,0,0.0012054077,held_fold
ISIC_5981150,0,0.0021502073,held_fold
ISIC_5983942,0,0.0049840477,held_fold
ISIC_5985961,0,0.023485782,held_fold
ISIC_5990428,0,0.061049063,held_fold
ISIC_5997133,0,0.0027811418,held_fold
ISIC_6000048,0,0.00095351174,held_fold
ISIC_6000142,0,0.0022050322,held_fold
ISIC_6000889,0,0.04817152,held_fold
ISIC_6002622,0,0.05220334,held_fold
ISIC_6003494,0,0.0012317918,held_fold
ISIC_6004540,0,0.014179576,held_fold
ISIC_6006795,0,0.00085035496,held_fold
ISIC_6013568,0,0.0017116561,held_fold
ISIC_6016197,0,0.07134782,held_fold
ISIC_6016330,0,0.016146485,held_fold
ISIC_6017897,0,0.0023099028,held_fold
ISIC_6019322,0,0.0010943854,held_fold
ISIC_6019374,0,0.0028619613,held_fold
ISIC_6019516,0,0.001169937,held_fold
ISIC_6020615,0,0.0050610644,held_fold
ISIC_6020636,0,0.011349166,held_fold
ISIC_6022423,0,0.0032773938,held_fold
ISIC_6023504,0,0.07733609,held_fold
ISIC_6023518,0,0.0050409227,held_fold
ISIC_6024691,0,0.0020543155,held_fold
ISIC_6025224,0,0.0051367446,held_fold
ISIC_6028622,0,0.0022560507,held_fold
ISIC_6030901,0,0.0018517597,held_fold
ISIC_6033222,0,0.005121498,held_fold
ISIC_6035362,0,0.0014048866,held_fold
ISIC_6041346,0,0.0087606255,held_fold
ISIC_6041880,0,0.0016603754,held_fold
ISIC_6043051,0,0.0023238135,held_fold
ISIC_6047070,0,0.044775862,held_fold
ISIC_6049499,0,0.013212205,held_fold
ISIC_6050281,0,0.002781729,held_fold
ISIC_6051598,0,0.002035492,held_fold
ISIC_6052702,0,0.0020437294,held_fold
ISIC_6052995,0,0.004056117,held_fold
ISIC_6053980,0,0.0086140735,held_fold
ISIC_6054420,0,0.021943992,held_fold
ISIC_6057455,0,0.0024454657,held_fold
ISIC_6058822,0,0.072334446,held_fold
ISIC_6062638,0,0.0070497654,held_fold
ISIC_6062657,0,0.0018641521,held_fold
ISIC_6063007,0,0.014360081,held_fold
ISIC_6065618,0,0.013623295,held_fold
ISIC_6067058,0,0.002663512,held_fold
ISIC_6072001,0,0.00095127866,held_fold
ISIC_6076242,0,0.0040674866,held_fold
ISIC_6078211,0,0.040655702,held_fold
ISIC_6081091,0,0.0072377743,held_fold
ISIC_6081985,0,0.0051242514,held_fold
ISIC_6089318,1,0.52314883,held_fold
ISIC_6090848,0,0.013037058,held_fold
ISIC_6092849,0,0.004966822,held_fold
ISIC_6092911,0,0.039225608,held_fold
ISIC_6093728,0,0.009121921,held_fold
ISIC_6096306,0,0.0014138347,held_fold
ISIC_6096541,0,0.0056115263,held_fold
ISIC_6096598,0,0.008582669,held_fold
ISIC_6099309,0,0.00416431,held_fold
ISIC_6100064,0,0.0025073288,held_fold
ISIC_6101341,0,0.0011361192,held_fold
ISIC_6107273,0,0.008731692,held_fold
ISIC_6110788,0,0.010273736,held_fold
ISIC_6111078,0,0.0053248713,held_fold
ISIC_6113524,0,0.003056568,held_fold
ISIC_6116536,0,0.003329161,held_fold
ISIC_6121393,0,0.004682069,held_fold
ISIC_6124127,0,0.002016337,held_fold
ISIC_6124481,1,0.021939846,held_fold
ISIC_6125014,0,0.030847551,held_fold
ISIC_6125652,1,0.05051305,held_fold
ISIC_6127074,0,0.0032638283,held_fold
ISIC_6127167,0,0.0034176884,held_fold
ISIC_6127495,0,0.050801862,held_fold
ISIC_6131501,0,0.0031916986,held_fold
ISIC_6132976,0,0.0038146172,held_fold
ISIC_6133418,0,0.0017523392,held_fold
ISIC_6133988,0,0.0017072781,held_fold
ISIC_6138246,0,0.0024707501,held_fold
ISIC_6141422,0,0.0021468266,held_fold
ISIC_6142525,0,0.0024383618,held_fold
ISIC_6144716,0,0.0024099755,held_fold
ISIC_6151555,0,0.0028385334,held_fold
ISIC_6153134,0,0.0041111843,held_fold
ISIC_6153728,0,0.024888275,held_fold
ISIC_6153896,0,0.0028631154,held_fold
ISIC_6155782,0,0.0038912243,held_fold
ISIC_6155981,0,0.0014532281,held_fold
ISIC_6158021,0,0.0031823504,held_fold
ISIC_6161876,0,0.0011940423,held_fold
ISIC_6162609,0,0.0022858547,held_fold
ISIC_6162663,0,0.00427458,held_fold
ISIC_6162711,0,0.002846464,held_fold
ISIC_6163926,0,0.01228148,held_fold
ISIC_6165627,0,0.0028341194,held_fold
ISIC_6166247,0,0.00276956,held_fold
ISIC_6167855,0,0.044806447,held_fold
ISIC_6168754,0,0.006659458,held_fold
ISIC_6173977,0,0.008489353,held_fold
ISIC_6174735,0,0.002928973,held_fold
ISIC_6174933,0,0.003405037,held_fold
ISIC_6176182,0,0.0033776122,held_fold
ISIC_6176518,0,0.029398486,held_fold
ISIC_6178088,0,0.0013499156,held_fold
ISIC_6178350,0,0.053823818,held_fold
ISIC_6180030,0,0.006175816,held_fold
ISIC_6182833,0,0.008739706,held_fold
ISIC_6184190,0,0.0144675365,held_fold
ISIC_6186813,0,0.00085214275,held_fold
ISIC_6188916,0,0.0011360715,held_fold
ISIC_6189075,0,0.0024467993,held_fold
ISIC_6189375,0,0.0031022325,held_fold
ISIC_6192108,0,0.01282943,held_fold
ISIC_6197608,0,0.002139287,held_fold
ISIC_6205288,0,0.0097261565,held_fold
ISIC_6208762,0,0.000641094,held_fold
ISIC_6208775,0,0.0029322542,held_fold
ISIC_6210500,0,0.009445712,held_fold
ISIC_6216261,0,0.003026856,held_fold
ISIC_6217184,0,0.025886074,held_fold
ISIC_6224828,0,0.0013710192,held_fold
ISIC_6225107,0,0.021896943,held_fold
ISIC_6225303,0,0.013658737,held_fold
ISIC_6225409,0,0.02647529,held_fold
ISIC_6231450,0,0.014526667,held_fold
ISIC_6242842,0,0.0013108136,held_fold
ISIC_6243238,0,0.0021430994,held_fold
ISIC_6245809,0,0.007271082,held_fold
ISIC_6247314,0,0.0027992427,held_fold
ISIC_6248789,0,0.027510803,held_fold
ISIC_6254324,0,0.015952662,held_fold
ISIC_6255494,0,0.002213061,held_fold
ISIC_6255613,0,0.0026647763,held_fold
ISIC_6256797,0,0.0035817386,held_fold
ISIC_6257804,0,0.0014282947,held_fold
ISIC_6257952,0,0.0036693106,held_fold
ISIC_6258246,0,0.018248515,held_fold
ISIC_6260485,0,0.004310912,held_fold
ISIC_6264379,0,0.009318249,held_fold
ISIC_6265284,0,0.0036700633,held_fold
ISIC_6267455,0,0.0024952132,held_fold
ISIC_6267562,0,0.0033597925,held_fold
ISIC_6268546,0,0.0022453088,held_fold
ISIC_6269166,1,0.018074209,held_fold
ISIC_6269414,0,0.003940603,held_fold
ISIC_6269556,0,0.0027212077,held_fold
ISIC_6273566,0,0.007840792,held_fold
ISIC_6274020,0,0.034175526,held_fold
ISIC_6278584,0,0.0057240175,held_fold
ISIC_6279017,0,0.006423466,held_fold
ISIC_6281419,0,0.0015004834,held_fold
ISIC_6284704,0,0.0016763533,held_fold
ISIC_6287575,0,0.0067364327,held_fold
ISIC_6287803,0,0.0060935095,held_fold
ISIC_6291051,0,0.0015626083,held_fold
ISIC_6292209,0,0.0033373036,held_fold
ISIC_6293132,0,0.0021577585,held_fold
ISIC_6293829,0,0.0010291723,held_fold
ISIC_6297408,0,0.0042753518,held_fold
ISIC_6303154,0,0.012382688,held_fold
ISIC_6304007,0,0.003196592,held_fold
ISIC_6304412,0,0.005234609,held_fold
ISIC_6310591,0,0.010934368,held_fold
ISIC_6312590,0,0.013011681,held_fold
ISIC_6313487,1,0.10825177,held_fold
ISIC_6315037,0,0.0017004285,held_fold
ISIC_6316410,0,0.0051895697,held_fold
ISIC_6321119,0,0.0054970453,held_fold
ISIC_6322191,0,0.0019968725,held_fold
ISIC_6323199,0,0.006026523,held_fold
ISIC_6323489,0,0.0052522505,held_fold
ISIC_6324832,0,0.0017703047,held_fold
ISIC_6328526,0,0.00867118,held_fold
ISIC_6328606,0,0.0052728183,held_fold
ISIC_6330808,0,0.003336769,held_fold
ISIC_6335490,0,0.06023863,held_fold
ISIC_6336141,0,0.007145295,held_fold
ISIC_6339509,0,0.034155495,held_fold
ISIC_6340018,0,0.0019734679,held_fold
ISIC_6340529,0,0.012019989,held_fold
ISIC_6341685,0,0.04659181,held_fold
ISIC_6343199,0,0.0023947125,held_fold
ISIC_6344114,0,0.13366312,held_fold
ISIC_6344673,0,0.0022090056,held_fold
ISIC_6345354,0,0.0031099427,held_fold
ISIC_6347269,0,0.004277552,held_fold
ISIC_6352726,0,0.014559026,held_fold
ISIC_6352730,0,0.0014800957,held_fold
ISIC_6353527,0,0.04880851,held_fold
ISIC_6355245,0,0.0012000209,held_fold
ISIC_6355353,1,0.0026871813,held_fold
ISIC_6357644,0,0.0016002024,held_fold
ISIC_6358383,0,0.004546759,held_fold
ISIC_6363862,0,0.006597036,held_fold
ISIC_6364051,0,0.0049546626,held_fold
ISIC_6371233,0,0.019745009,held_fold
ISIC_6373500,0,0.01226544,held_fold
ISIC_6376959,0,0.00089691964,held_fold
ISIC_6377578,0,0.00075707684,held_fold
ISIC_6379690,0,0.0017112439,held_fold
ISIC_6380662,0,0.0026466423,held_fold
ISIC_6383193,0,0.0064106514,held_fold
ISIC_6383486,0,0.014133725,held_fold
ISIC_6383922,0,0.0017808541,held_fold
ISIC_6384559,0,0.01753249,held_fold
ISIC_6384997,0,0.00116459,held_fold
ISIC_6385074,0,0.005197823,held_fold
ISIC_6385374,0,0.005640381,held_fold
ISIC_6390738,0,0.0015916366,held_fold
ISIC_6391835,0,0.009258149,held_fold
ISIC_6392461,1,0.03620304,held_fold
ISIC_6393699,0,0.0032890094,held_fold
ISIC_6394612,0,0.002535385,held_fold
ISIC_6396565,0,0.0013088692,held_fold
ISIC_6398669,1,0.076310426,held_fold
ISIC_6399275,0,0.00089714915,held_fold
ISIC_6399303,0,0.0034397852,held_fold
ISIC_6400815,0,0.050764434,held_fold
ISIC_6401355,0,0.0011874835,held_fold
ISIC_6402680,0,0.0104315365,held_fold
ISIC_6403268,0,0.0010890533,held_fold
ISIC_6404238,0,0.0020181523,held_fold
ISIC_6405298,0,0.0065398724,held_fold
ISIC_6405981,0,0.002123465,held_fold
ISIC_6407004,0,0.00844367,held_fold
ISIC_6407230,0,0.0018546053,held_fold
ISIC_6408480,0,0.008828859,held_fold
ISIC_6409296,0,0.019313838,held_fold
ISIC_6411466,0,0.0009394752,held_fold
ISIC_6412486,0,0.0043605,held_fold
ISIC_6413382,0,0.006769113,held_fold
ISIC_6415466,0,0.0010028501,held_fold
ISIC_6420431,0,0.0024379324,held_fold
ISIC_6422862,0,0.0019355649,held_fold
ISIC_6423301,0,0.0029928575,held_fold
ISIC_6423914,0,0.0009264864,held_fold
ISIC_6425807,0,0.0012169547,held_fold
ISIC_6425888,0,0.02426586,held_fold
ISIC_6432495,0,0.0010491378,held_fold
ISIC_6433551,0,0.002221027,held_fold
ISIC_6434605,0,0.006113856,held_fold
ISIC_6435644,0,0.056435123,held_fold
ISIC_6438174,0,0.006224923,held_fold
ISIC_6438355,0,0.0039245775,held_fold
ISIC_6440753,0,0.0020335258,held_fold
ISIC_6444653,0,0.108170986,held_fold
ISIC_6446616,0,0.0013599395,held_fold
ISIC_6447071,0,0.005817179,held_fold
ISIC_6447681,0,0.01228652,held_fold
ISIC_6448063,0,0.014356922,held_fold
ISIC_6449939,0,0.0021620658,held_fold
ISIC_6450517,0,0.0038066239,held_fold
ISIC_6450756,0,0.011590192,held_fold
ISIC_6451230,0,0.0025052845,held_fold
ISIC_6453506,0,0.0016978119,held_fold
ISIC_6455702,0,0.0020773949,held_fold
ISIC_6457849,0,0.0036925864,held_fold
ISIC_6459796,0,0.007854321,held_fold
ISIC_6460696,0,0.0011756087,held_fold
ISIC_6464177,0,0.022073265,held_fold
ISIC_6464905,0,0.005260159,held_fold
ISIC_6466611,0,0.002230944,held_fold
ISIC_6467876,0,0.0048951167,held_fold
ISIC_6470697,0,0.0013518274,held_fold
ISIC_6477782,0,0.0059668976,held_fold
ISIC_6479999,0,0.0032045464,held_fold
ISIC_6480784,0,0.002646592,held_fold
ISIC_6482239,0,0.005304292,held_fold
ISIC_6484136,0,0.078423314,held_fold
ISIC_6485050,0,0.0051184907,held_fold
ISIC_6486815,0,0.008029453,held_fold
ISIC_6486856,0,0.008341985,held_fold
ISIC_6487809,0,0.0015379523,held_fold
ISIC_6490895,0,0.0029865536,held_fold
ISIC_6496927,0,0.0097075,held_fold
ISIC_6497797,0,0.0012734315,held_fold
ISIC_6498670,0,0.0038017014,held_fold
ISIC_6500094,0,0.06721121,held_fold
ISIC_6500700,0,0.023679743,held_fold
ISIC_6506429,0,0.00621342,held_fold
ISIC_6506481,0,0.001573506,held_fold
ISIC_6507412,0,0.001707079,held_fold
ISIC_6507640,0,0.001084651,held_fold
ISIC_6509682,1,0.014627817,held_fold
ISIC_6510403,0,0.010660792,held_fold
ISIC_6512878,0,0.04973482,held_fold
ISIC_6513575,0,0.0034868885,held_fold
ISIC_6513977,0,0.0016931976,held_fold
ISIC_6515221,0,0.068484016,held_fold
ISIC_6515241,0,0.0033823939,held_fold
ISIC_6524052,0,0.006783025,held_fold
ISIC_6524810,0,0.0041071805,held_fold
ISIC_6527464,0,0.010885932,held_fold
ISIC_6528080,0,0.0036378666,held_fold
ISIC_6528650,0,0.015381624,held_fold
ISIC_6529773,0,0.004141918,held_fold
ISIC_6530659,0,0.006919611,held_fold
ISIC_6533307,0,0.0015726269,held_fold
ISIC_6534346,0,0.021522528,held_fold
ISIC_6538955,0,0.010055415,held_fold
ISIC_6539116,0,0.001359551,held_fold
ISIC_6540624,0,0.0033405088,held_fold
ISIC_6543121,0,0.002592419,held_fold
ISIC_6543564,0,0.0010617726,held_fold
ISIC_6544548,0,0.0026479745,held_fold
ISIC_6545051,0,0.0034690944,held_fold
ISIC_6547083,0,0.0017746835,held_fold
ISIC_6547379,0,0.0025034156,held_fold
ISIC_6547605,0,0.001472059,held_fold
ISIC_6547878,0,0.0020219116,held_fold
ISIC_6549908,0,0.006540796,held_fold
ISIC_6550427,0,0.0052407677,held_fold
ISIC_6551532,0,0.001880796,held_fold
ISIC_6553389,0,0.0017777925,held_fold
ISIC_6553768,0,0.0020202326,held_fold
ISIC_6556473,0,0.002800871,held_fold
ISIC_6559979,0,0.0012587142,held_fold
ISIC_6561787,0,0.029979765,held_fold
ISIC_6563211,0,0.0038673,held_fold
ISIC_6563761,0,0.02087722,held_fold
ISIC_6564034,0,0.0059685153,held_fold
ISIC_6564818,0,0.0040898253,held_fold
ISIC_6565709,0,0.011521951,held_fold
ISIC_6567382,0,0.004658487,held_fold
ISIC_6568247,0,0.005443117,held_fold
ISIC_6570611,0,0.05250323,held_fold
ISIC_6571305,0,0.0020847626,held_fold
ISIC_6571335,0,0.0032660225,held_fold
ISIC_6571459,0,0.00291065,held_fold
ISIC_6571597,0,0.0021313762,held_fold
ISIC_6572463,0,0.0019594529,held_fold
ISIC_6572646,0,0.0022864924,held_fold
ISIC_6576397,0,0.0013519587,held_fold
ISIC_6576549,0,0.0037372469,held_fold
ISIC_6581665,0,0.022476295,held_fold
ISIC_6582783,0,0.013190794,held_fold
ISIC_6584847,0,0.003101725,held_fold
ISIC_6586052,0,0.0072577046,held_fold
ISIC_6588756,0,0.0052828672,held_fold
ISIC_6588853,0,0.010001769,held_fold
ISIC_6593826,0,0.0053204834,held_fold
ISIC_6594273,0,0.0036902593,held_fold
ISIC_6602724,0,0.0049648476,held_fold
ISIC_6607895,0,0.003283554,held_fold
ISIC_6608281,0,0.0016662936,held_fold
ISIC_6608507,0,0.039605387,held_fold
ISIC_6608618,0,0.0016740247,held_fold
ISIC_6609931,0,0.001652826,held_fold
ISIC_6610645,0,0.0029656445,held_fold
ISIC_6613228,0,0.002386846,held_fold
ISIC_6615566,0,0.06601794,held_fold
ISIC_6616174,0,0.01794376,held_fold
ISIC_6617840,0,0.0015421044,held_fold
ISIC_6618652,0,0.0044089393,held_fold
ISIC_6619970,0,0.0066447346,held_fold
ISIC_6622594,0,0.002279171,held_fold
ISIC_6622892,0,0.0028335992,held_fold
ISIC_6627142,0,0.02015085,held_fold
ISIC_6627659,0,0.0015059463,held_fold
ISIC_6628544,0,0.0025051832,held_fold
ISIC_6632997,0,0.03613227,held_fold
ISIC_6636275,0,0.0025380696,held_fold
ISIC_6636720,0,0.031120667,held_fold
ISIC_6637323,0,0.001788497,held_fold
ISIC_6638892,0,0.0024219586,held_fold
ISIC_6640753,0,0.0068250955,held_fold
ISIC_6644265,0,0.0014988341,held_fold
ISIC_6646410,0,0.0031341042,held_fold
ISIC_6646749,0,0.0018394566,held_fold
ISIC_6651931,0,0.004553316,held_fold
ISIC_6652211,0,0.004658892,held_fold
ISIC_6653311,0,0.02060839,held_fold
ISIC_6653456,0,0.00626331,held_fold
ISIC_6660516,0,0.04845672,held_fold
ISIC_6661691,0,0.0076920204,held_fold
ISIC_6661904,0,0.01622477,held_fold
ISIC_6661910,0,0.03627533,held_fold
ISIC_6664275,0,0.016295949,held_fold
ISIC_6665380,0,0.004677292,held_fold
ISIC_6665515,0,0.0030599877,held_fold
ISIC_6668604,0,0.0049719904,held_fold
ISIC_6668859,0,0.0018190885,held_fold
ISIC_6673875,0,0.012185451,held_fold
ISIC_6674202,0,0.008167713,held_fold
ISIC_6676568,0,0.018470384,held_fold
ISIC_6676705,0,0.0039023368,held_fold
ISIC_6680873,0,0.0030245434,held_fold
ISIC_6681346,0,0.008816145,held_fold
ISIC_6683756,0,0.0011589222,held_fold
ISIC_6686144,0,0.0026117978,held_fold
ISIC_6687927,0,0.001888769,held_fold
ISIC_6688311,0,0.0034618948,held_fold
ISIC_6689593,0,0.006903982,held_fold
ISIC_6689717,0,0.0016662206,held_fold
ISIC_6690049,0,0.0023034282,held_fold
ISIC_6691092,0,0.0011277115,held_fold
ISIC_6696515,0,0.008092735,held_fold
ISIC_6696536,0,0.00094865565,held_fold
ISIC_6698186,0,0.0022744732,held_fold
ISIC_6701139,0,0.0029205089,held_fold
ISIC_6702684,0,0.0011480039,held_fold
ISIC_6703021,0,0.0011892278,held_fold
ISIC_6703027,0,0.09884667,held_fold
ISIC_6704036,0,0.0019672145,held_fold
ISIC_6704130,0,0.0017117538,held_fold
ISIC_6706289,0,0.00198491,held_fold
ISIC_6706678,0,0.009923012,held_fold
ISIC_6708968,0,0.0079582445,held_fold
ISIC_6709052,0,0.0022227354,held_fold
ISIC_6712470,0,0.049264275,held_fold
ISIC_6713062,0,0.004789113,held_fold
ISIC_6716036,0,0.0011400698,held_fold
ISIC_6721304,0,0.008475692,held_fold
ISIC_6723937,0,0.0026032955,held_fold
ISIC_6725390,0,0.0012624123,held_fold
ISIC_6725760,0,0.0054708906,held_fold
ISIC_6725828,0,0.044598423,held_fold
ISIC_6726495,0,0.016458323,held_fold
ISIC_6727495,0,0.009364198,held_fold
ISIC_6729594,0,0.034969453,held_fold
ISIC_6731796,0,0.0031178098,held_fold
ISIC_6735970,0,0.011032195,held_fold
ISIC_6738013,0,0.0069690375,held_fold
ISIC_6747026,0,0.007876159,held_fold
ISIC_6749688,0,0.0024080593,held_fold
ISIC_6753364,0,0.003534415,held_fold
ISIC_6753425,0,0.00460703,held_fold
ISIC_6754034,0,0.048575442,held_fold
ISIC_6754749,0,0.0023904208,held_fold
ISIC_6756517,0,0.0039393627,held_fold
ISIC_6758042,0,0.0035130687,held_fold
ISIC_6759319,0,0.0016638545,held_fold
ISIC_6761980,0,0.002806601,held_fold
ISIC_6764541,0,0.0025322288,held_fold
ISIC_6767017,0,0.0025393458,held_fold
ISIC_6772067,0,0.0017405843,held_fold
ISIC_6774796,0,0.007483028,held_fold
ISIC_6778483,0,0.07134121,held_fold
ISIC_6778756,0,0.008617792,held_fold
ISIC_6779354,0,0.010056635,held_fold
ISIC_6781075,0,0.0040441095,held_fold
ISIC_6781637,0,0.0021059208,held_fold
ISIC_6781665,0,0.031826843,held_fold
ISIC_6784722,0,0.010055491,held_fold
ISIC_6787097,0,0.0028591321,held_fold
ISIC_6789876,0,0.0025569908,held_fold
ISIC_6790949,0,0.0026823157,held_fold
ISIC_6792155,0,0.008021781,held_fold
ISIC_6794321,0,0.0017318529,held_fold
ISIC_6794899,0,0.040611677,held_fold
ISIC_6795009,0,0.002149346,held_fold
ISIC_6798880,0,0.000983389,held_fold
ISIC_6804665,0,0.0042203846,held_fold
ISIC_6814478,0,0.23356691,held_fold
ISIC_6815524,0,0.005560248,held_fold
ISIC_6815672,0,0.004450004,held_fold
ISIC_6817651,0,0.014934875,held_fold
ISIC_6826081,0,0.0024845696,held_fold
ISIC_6827929,0,0.039370384,held_fold
ISIC_6828587,0,0.034341156,held_fold
ISIC_6831482,0,0.012097148,held_fold
ISIC_6841294,1,0.09884377,held_fold
ISIC_6841752,0,0.0017328984,held_fold
ISIC_6844282,0,0.01090674,held_fold
ISIC_6845907,0,0.012135801,held_fold
ISIC_6847317,0,0.0021608367,held_fold
ISIC_6848560,0,0.008921159,held_fold
ISIC_6852275,0,0.019518318,held_fold
ISIC_6852281,0,0.0070776916,held_fold
ISIC_6853087,0,0.0350478,held_fold
ISIC_6853657,0,0.0038574683,held_fold
ISIC_6853786,0,0.0053446298,held_fold
ISIC_6854940,0,0.0014247885,held_fold
ISIC_6855125,0,0.002322905,held_fold
ISIC_6857334,0,0.0031153848,held_fold
ISIC_6858074,0,0.0065567815,held_fold
ISIC_6858892,0,0.0016436144,held_fold
ISIC_6859159,0,0.021591622,held_fold
ISIC_6866526,0,0.0036369457,held_fold
ISIC_6872792,0,0.017160406,held_fold
ISIC_6873669,0,0.009027375,held_fold
ISIC_6874316,0,0.0031193013,held_fold
ISIC_6876297,0,0.008872298,held_fold
ISIC_6876309,0,0.0033049735,held_fold
ISIC_6876820,0,0.0040623746,held_fold
ISIC_6878588,0,0.030940937,held_fold
ISIC_6879085,0,0.0028157788,held_fold
ISIC_6880164,0,0.002721891,held_fold
ISIC_6882582,0,0.006052015,held_fold
ISIC_6888012,0,0.001527008,held_fold
ISIC_6888353,0,0.008064969,held_fold
ISIC_6889965,0,0.0037505894,held_fold
ISIC_6890820,0,0.026450802,held_fold
ISIC_6893552,0,0.009114037,held_fold
ISIC_6896427,0,0.0020313659,held_fold
ISIC_6898059,0,0.0036809896,held_fold
ISIC_6898841,0,0.0019623926,held_fold
ISIC_6899551,0,0.0078483485,held_fold
ISIC_6900579,0,0.0037189268,held_fold
ISIC_6901340,0,0.003542995,held_fold
ISIC_6901681,0,0.008108033,held_fold
ISIC_6903643,0,0.004749115,held_fold
ISIC_6904082,1,0.016338717,held_fold
ISIC_6904410,0,0.0011246199,held_fold
ISIC_6905594,0,0.0021248336,held_fold
ISIC_6906203,0,0.002575668,held_fold
ISIC_6908286,0,0.0014252457,held_fold
ISIC_6915759,0,0.03540219,held_fold
ISIC_6916987,0,0.034941312,held_fold
ISIC_6928607,0,0.002132695,held_fold
ISIC_6930690,0,0.040834088,held_fold
ISIC_6930828,0,0.016796337,held_fold
ISIC_6933471,0,0.010532678,held_fold
ISIC_6933978,0,0.0012383508,held_fold
ISIC_6934211,0,0.0028180853,held_fold
ISIC_6938489,0,0.0014249084,held_fold
ISIC_6938905,0,0.023805995,held_fold
ISIC_6940677,0,0.0020540212,held_fold
ISIC_6941441,0,0.002551286,held_fold
ISIC_6943717,0,0.0023195911,held_fold
ISIC_6944466,0,0.058181863,held_fold
ISIC_6944481,0,0.003438045,held_fold
ISIC_6945725,0,0.0068548284,held_fold
ISIC_6946260,0,0.0019098505,held_fold
ISIC_6947870,0,0.0036467905,held_fold
ISIC_6949941,0,0.0049002967,held_fold
ISIC_6952773,0,0.0038433345,held_fold
ISIC_6954577,0,0.0026663926,held_fold
ISIC_6955095,0,0.0026123107,held_fold
ISIC_6955799,0,0.0047294935,held_fold
ISIC_6959018,0,0.0032285738,held_fold
ISIC_6963252,0,0.0079083685,held_fold
ISIC_6967033,0,0.006234408,held_fold
ISIC_6968422,0,0.0023026022,held_fold
ISIC_6968972,0,0.009782587,held_fold
ISIC_6968982,0,0.015532364,held_fold
ISIC_6970181,0,0.0029866586,held_fold
ISIC_6970271,0,0.0017376272,held_fold
ISIC_6973257,0,0.0031334355,held_fold
ISIC_6974005,0,0.008393112,held_fold
ISIC_6974286,0,0.0026964468,held_fold
ISIC_6977097,0,0.0075080786,held_fold
ISIC_6977581,0,0.026503444,held_fold
ISIC_6986010,0,0.007897882,held_fold
ISIC_6991849,0,0.010027989,held_fold
ISIC_6992267,0,0.0027525718,held_fold
ISIC_6992709,0,0.0009425294,held_fold
ISIC_6997349,0,0.002007113,held_fold
ISIC_7002323,0,0.0014367979,held_fold
ISIC_7006312,0,0.0016106933,held_fold
ISIC_7009273,0,0.0011327303,held_fold
ISIC_7011753,0,0.0029564842,held_fold
ISIC_7012881,0,0.00387593,held_fold
ISIC_7013418,0,0.004012698,held_fold
ISIC_7013991,0,0.002332771,held_fold
ISIC_7015694,0,0.008243704,held_fold
ISIC_7016839,0,0.001742408,held_fold
ISIC_7020708,0,0.013697992,held_fold
ISIC_7024662,0,0.031548005,held_fold
ISIC_7024807,0,0.05268339,held_fold
ISIC_7027424,0,0.003026635,held_fold
ISIC_7027536,0,0.0029474346,held_fold
ISIC_7028320,0,0.03848964,held_fold
ISIC_7030974,0,0.0036582937,held_fold
ISIC_7032085,0,0.0045769564,held_fold
ISIC_7032787,0,0.0047278395,held_fold
ISIC_7033912,0,0.0024153087,held_fold
ISIC_7035517,0,0.118670546,held_fold
ISIC_7038586,0,0.0036288644,held_fold
ISIC_7041484,0,0.01041423,held_fold
ISIC_7041558,0,0.001199793,held_fold
ISIC_7043443,0,0.0040363516,held_fold
ISIC_7044173,0,0.0036666475,held_fold
ISIC_7046324,0,0.0069901817,held_fold
ISIC_7051167,0,0.0015713591,held_fold
ISIC_7052158,0,0.035418835,held_fold
ISIC_7054108,0,0.0043500783,held_fold
ISIC_7056776,0,0.003378988,held_fold
ISIC_7056918,0,0.017552856,held_fold
ISIC_7058883,0,0.0032606015,held_fold
ISIC_7064137,0,0.0014423926,held_fold
ISIC_7066320,0,0.013142801,held_fold
ISIC_7066695,0,0.002604981,held_fold
ISIC_7066945,0,0.0070907082,held_fold
ISIC_7067750,0,0.0046580564,held_fold
ISIC_7068021,0,0.01486582,held_fold
ISIC_7069404,0,0.001232277,held_fold
ISIC_7069423,0,0.0067225047,held_fold
ISIC_7069853,0,0.0074793105,held_fold
ISIC_7071213,0,0.04479616,held_fold
ISIC_7073263,0,0.0050324327,held_fold
ISIC_7079714,0,0.0028890246,held_fold
ISIC_7080584,0,0.0023584957,held_fold
ISIC_7082703,0,0.012396254,held_fold
ISIC_7083307,0,0.009759643,held_fold
ISIC_7084197,0,0.0023799061,held_fold
ISIC_7091750,0,0.004249814,held_fold
ISIC_7095245,0,0.0060717873,held_fold
ISIC_7096946,0,0.0008117995,held_fold
ISIC_7097343,0,0.0011416249,held_fold
ISIC_7100755,1,0.01594659,held_fold
ISIC_7104307,0,0.0030583737,held_fold
ISIC_7105639,0,0.0013002873,held_fold
ISIC_7105681,0,0.001090326,held_fold
ISIC_7107371,0,0.009171057,held_fold
ISIC_7115605,0,0.11187054,held_fold
ISIC_7116781,0,0.017648755,held_fold
ISIC_7117338,0,0.025430424,held_fold
ISIC_7119225,0,0.0016184711,held_fold
ISIC_7121198,0,0.0020379198,held_fold
ISIC_7121344,0,0.0105537595,held_fold
ISIC_7124408,0,0.0031840827,held_fold
ISIC_7125023,0,0.001077086,held_fold
ISIC_7125512,0,0.01423162,held_fold
ISIC_7125703,0,0.010898426,held_fold
ISIC_7126877,0,0.0020085538,held_fold
ISIC_7128233,0,0.006804776,held_fold
ISIC_7128674,0,0.014674951,held_fold
ISIC_7129085,0,0.0077563105,held_fold
ISIC_7135134,0,0.0029585876,held_fold
ISIC_7136995,0,0.0013595142,held_fold
ISIC_7137773,0,0.04099488,held_fold
ISIC_7139484,0,0.002745193,held_fold
ISIC_7140636,0,0.1244587,held_fold
ISIC_7140783,0,0.0019038483,held_fold
ISIC_7143388,0,0.008135768,held_fold
ISIC_7144795,0,0.003390305,held_fold
ISIC_7145266,0,0.048653908,held_fold
ISIC_7145969,0,0.0022217561,held_fold
ISIC_7148656,0,0.047725253,held_fold
ISIC_7150966,0,0.026628586,held_fold
ISIC_7152347,0,0.0012774434,held_fold
ISIC_7153240,0,0.015536157,held_fold
ISIC_7155873,0,0.0038856908,held_fold
ISIC_7156715,0,0.00425683,held_fold
ISIC_7161002,0,0.001629945,held_fold
ISIC_7161069,0,0.003621482,held_fold
ISIC_7162343,0,0.010819398,held_fold
ISIC_7162711,0,0.010882661,held_fold
ISIC_7164076,0,0.0014287585,held_fold
ISIC_7167473,0,0.002163978,held_fold
ISIC_7168604,0,0.009291353,held_fold
ISIC_7170391,0,0.0018183629,held_fold
ISIC_7170431,0,0.0017669987,held_fold
ISIC_7171799,0,0.01585064,held_fold
ISIC_7173520,0,0.012916364,held_fold
ISIC_7173850,0,0.001226406,held_fold
ISIC_7175127,0,0.0027212258,held_fold
ISIC_7179067,0,0.0026180842,held_fold
ISIC_7180332,0,0.032022353,held_fold
ISIC_7181396,0,0.02327147,held_fold
ISIC_7182677,0,0.0016079679,held_fold
ISIC_7183212,1,0.038654964,held_fold
ISIC_7183931,0,0.0021323783,held_fold
ISIC_7185157,0,0.0027307514,held_fold
ISIC_7187577,0,0.111763135,held_fold
ISIC_7188330,0,0.011098361,held_fold
ISIC_7192331,0,0.03434587,held_fold
ISIC_7194695,0,0.22266296,held_fold
ISIC_7195168,0,0.0048543946,held_fold
ISIC_7199167,0,0.004511347,held_fold
ISIC_7204331,0,0.021279529,held_fold
ISIC_7205039,0,0.0078224065,held_fold
ISIC_7205863,0,0.011822487,held_fold
ISIC_7207496,0,0.016980294,held_fold
ISIC_7207715,0,0.001524512,held_fold
ISIC_7210752,0,0.0019445023,held_fold
ISIC_7212312,0,0.003801434,held_fold
ISIC_7212966,0,0.01511996,held_fold
ISIC_7216772,0,0.0060048364,held_fold
ISIC_7219262,0,0.0015213912,held_fold
ISIC_7220538,0,0.004759729,held_fold
ISIC_7226381,0,0.01661357,held_fold
ISIC_7227599,0,0.0031688425,held_fold
ISIC_7230027,0,0.0032432743,held_fold
ISIC_7230304,0,0.008045371,held_fold
ISIC_7231735,0,0.04101578,held_fold
ISIC_7232375,0,0.0096116,held_fold
ISIC_7236143,0,0.04455091,held_fold
ISIC_7238139,0,0.008622181,held_fold
ISIC_7240224,0,0.009335903,held_fold
ISIC_7240424,0,0.00081074104,held_fold
ISIC_7240915,0,0.009101523,held_fold
ISIC_7243256,0,0.0052309996,held_fold
ISIC_7243593,0,0.0016402869,held_fold
ISIC_7244323,0,0.0016636953,held_fold
ISIC_7246096,0,0.0031748703,held_fold
ISIC_7248532,0,0.0017034975,held_fold
ISIC_7248566,0,0.0011028753,held_fold
ISIC_7250813,0,0.0011079732,held_fold
ISIC_7259980,0,0.0018428601,held_fold
ISIC_7260013,0,0.0144424075,held_fold
ISIC_7260492,0,0.0017149788,held_fold
ISIC_7266940,0,0.008218526,held_fold
ISIC_7268804,0,0.003971781,held_fold
ISIC_7270858,0,0.018323328,held_fold
ISIC_7272509,0,0.042074542,held_fold
ISIC_7273853,0,0.0041712704,held_fold
ISIC_7279098,0,0.004094386,held_fold
ISIC_7281014,0,0.0014413155,held_fold
ISIC_7286958,0,0.032300595,held_fold
ISIC_7287053,0,0.005025459,held_fold
ISIC_7287161,0,0.0066979374,held_fold
ISIC_7287338,0,0.0027211742,held_fold
ISIC_7288627,0,0.0045284554,held_fold
ISIC_7288949,0,0.09939645,held_fold
ISIC_7292533,0,0.0012883118,held_fold
ISIC_7294446,0,0.0019003828,held_fold
ISIC_7298784,0,0.0019308764,held_fold
ISIC_7301029,0,0.03910051,held_fold
ISIC_7302456,0,0.0011445017,held_fold
ISIC_7309600,0,0.0024096728,held_fold
ISIC_7312781,0,0.0021222066,held_fold
ISIC_7313390,0,0.0011349245,held_fold
ISIC_7313923,0,0.0077894093,held_fold
ISIC_7315641,0,0.052412417,held_fold
ISIC_7316364,0,0.0024119962,held_fold
ISIC_7316871,0,0.0196274,held_fold
ISIC_7319707,0,0.0141514875,held_fold
ISIC_7321132,0,0.002906391,held_fold
ISIC_7322169,0,0.001933293,held_fold
ISIC_7324228,0,0.009655742,held_fold
ISIC_7324840,0,0.08493451,held_fold
ISIC_7326713,0,0.0021188327,held_fold
ISIC_7327087,0,0.006346339,held_fold
ISIC_7332657,0,0.007258286,held_fold
ISIC_7334875,0,0.011519811,held_fold
ISIC_7335785,0,0.0011751844,held_fold
ISIC_7337194,0,0.0012273683,held_fold
ISIC_7338634,0,0.002690231,held_fold
ISIC_7338760,0,0.03551266,held_fold
ISIC_7338843,0,0.0016659732,held_fold
ISIC_7342741,0,0.049005903,held_fold
ISIC_7344014,0,0.0017308728,held_fold
ISIC_7345367,0,0.028915217,held_fold
ISIC_7345709,0,0.005342166,held_fold
ISIC_7346739,1,0.0190644,held_fold
ISIC_7351007,0,0.0029901338,held_fold
ISIC_7353070,0,0.008804814,held_fold
ISIC_7356472,0,0.014715769,held_fold
ISIC_7356589,0,0.0018287662,held_fold
ISIC_7357474,0,0.002441694,held_fold
ISIC_7358425,0,0.0025910963,held_fold
ISIC_7358848,0,0.03583629,held_fold
ISIC_7358998,0,0.1260482,held_fold
ISIC_7360101,0,0.009775403,held_fold
ISIC_7364411,0,0.008891091,held_fold
ISIC_7365445,0,0.003522369,held_fold
ISIC_7367323,0,0.002372369,held_fold
ISIC_7368046,0,0.0029290803,held_fold
ISIC_7369843,0,0.0023703508,held_fold
ISIC_7370756,0,0.006027848,held_fold
ISIC_7372459,0,0.0027527355,held_fold
ISIC_7380364,0,0.0013464842,held_fold
ISIC_7382594,0,0.013317846,held_fold
ISIC_7383044,0,0.002352783,held_fold
ISIC_7383585,0,0.00447706,held_fold
ISIC_7384638,0,0.068529226,held_fold
ISIC_7389320,0,0.0026394904,held_fold
ISIC_7394756,0,0.00570104,held_fold
ISIC_7394834,0,0.0020662537,held_fold
ISIC_7394897,0,0.012317934,held_fold
ISIC_7395166,0,0.07612573,held_fold
ISIC_7399970,0,0.013134022,held_fold
ISIC_7401893,0,0.00096998207,held_fold
ISIC_7402256,0,0.0020322914,held_fold
ISIC_7404937,0,0.00412084,held_fold
ISIC_7409797,0,0.0010693062,held_fold
ISIC_7410598,0,0.001906327,held_fold
ISIC_7410677,0,0.006419572,held_fold
ISIC_7413098,0,0.0017318124,held_fold
ISIC_7413468,0,0.0018554794,held_fold
ISIC_7414124,0,0.0016533848,held_fold
ISIC_7416797,0,0.0017553228,held_fold
ISIC_7418760,0,0.0458938,held_fold
ISIC_7422026,0,0.005605973,held_fold
ISIC_7423788,0,0.019078208,held_fold
ISIC_7424320,0,0.004183678,held_fold
ISIC_7430481,0,0.063470244,held_fold
ISIC_7431480,0,0.0044292044,held_fold
ISIC_7434918,0,0.002874125,held_fold
ISIC_7436377,0,0.0029992214,held_fold
ISIC_7438913,0,0.0037451484,held_fold
ISIC_7439160,0,0.0040099425,held_fold
ISIC_7441917,0,0.004961386,held_fold
ISIC_7445800,0,0.0073467097,held_fold
ISIC_7446443,0,0.0074818595,held_fold
ISIC_7452503,0,0.0043406915,held_fold
ISIC_7452767,0,0.0021408948,held_fold
ISIC_7453902,0,0.036745887,held_fold
ISIC_7456769,0,0.0025421723,held_fold
ISIC_7458272,0,0.0018398383,held_fold
ISIC_7459066,0,0.0019338339,held_fold
ISIC_7459410,0,0.0050791716,held_fold
ISIC_7460111,0,0.0021925129,held_fold
ISIC_7460444,0,0.011504514,held_fold
ISIC_7461086,0,0.0017453,held_fold
ISIC_7462746,0,0.014460865,held_fold
ISIC_7465209,0,0.01462475,held_fold
ISIC_7465753,0,0.0031206151,held_fold
ISIC_7466101,0,0.0240411,held_fold
ISIC_7468182,0,0.0028556567,held_fold
ISIC_7468407,0,0.021571657,held_fold
ISIC_7468410,0,0.0018251297,held_fold
ISIC_7471517,0,0.01464428,held_fold
ISIC_7474949,0,0.0010865767,held_fold
ISIC_7474994,0,0.024487054,held_fold
ISIC_7477006,0,0.0058388202,held_fold
ISIC_7477754,0,0.0060292827,held_fold
ISIC_7477771,0,0.041960426,held_fold
ISIC_7480166,0,0.0013499762,held_fold
ISIC_7481978,0,0.002058388,held_fold
ISIC_7482149,0,0.0013255879,held_fold
ISIC_7484011,0,0.0012054221,held_fold
ISIC_7484618,0,0.0009380659,held_fold
ISIC_7489895,0,0.0042912406,held_fold
ISIC_7491217,0,0.04416997,held_fold
ISIC_7495148,0,0.004570542,held_fold
ISIC_7495157,0,0.0035504422,held_fold
ISIC_7495971,0,0.009349564,held_fold
ISIC_7496225,0,0.009553861,held_fold
ISIC_7496511,0,0.012406381,held_fold
ISIC_7498132,0,0.0020313892,held_fold
ISIC_7498716,0,0.004827909,held_fold
ISIC_7499769,0,0.018019682,held_fold
ISIC_7503521,0,0.0066756406,held_fold
ISIC_7503950,1,0.040556848,held_fold
ISIC_7504741,0,0.0017394878,held_fold
ISIC_7505533,0,0.019965287,held_fold
ISIC_7505675,0,0.0013074036,held_fold
ISIC_7507065,0,0.008107393,held_fold
ISIC_7507286,0,0.014683337,held_fold
ISIC_7507808,0,0.0143571505,held_fold
ISIC_7508320,0,0.005581079,held_fold
ISIC_7509837,0,0.0045840098,held_fold
ISIC_7511557,0,0.0031038695,held_fold
ISIC_7513139,0,0.002232046,held_fold
ISIC_7513677,0,0.005330792,held_fold
ISIC_7514840,0,0.00681488,held_fold
ISIC_7517099,0,0.002325144,held_fold
ISIC_7519274,0,0.0031569432,held_fold
ISIC_7522199,0,0.004934521,held_fold
ISIC_7523330,0,0.0059372406,held_fold
ISIC_7524426,0,0.00509186,held_fold
ISIC_7527413,0,0.00742197,held_fold
ISIC_7533216,0,0.0022396776,held_fold
ISIC_7536704,1,0.11493946,held_fold
ISIC_7539588,0,0.0029843082,held_fold
ISIC_7540824,0,0.0032907187,held_fold
ISIC_7543874,0,0.0013855129,held_fold
ISIC_7544251,0,0.002416959,held_fold
ISIC_7546192,0,0.002071489,held_fold
ISIC_7547609,0,0.01591246,held_fold
ISIC_7548405,0,0.034423843,held_fold
ISIC_7548923,0,0.012640068,held_fold
ISIC_7549398,0,0.008753395,held_fold
ISIC_7552521,0,0.002716282,held_fold
ISIC_7555016,0,0.01399199,held_fold
ISIC_7559435,0,0.0016352005,held_fold
ISIC_7560157,0,0.12164564,held_fold
ISIC_7561521,0,0.003811596,held_fold
ISIC_7562175,0,0.0075190454,held_fold
ISIC_7564040,0,0.0053423992,held_fold
ISIC_7566403,0,0.0015813954,held_fold
ISIC_7567374,0,0.0060705445,held_fold
ISIC_7570834,0,0.01604504,held_fold
ISIC_7571957,0,0.010432978,held_fold
ISIC_7572137,0,0.0057032593,held_fold
ISIC_7574666,0,0.016660657,held_fold
ISIC_7575131,0,0.0044892966,held_fold
ISIC_7575246,0,0.002741862,held_fold
ISIC_7575644,0,0.030721283,held_fold
ISIC_7575815,0,0.002388552,held_fold
ISIC_7576735,0,0.023487126,held_fold
ISIC_7582764,0,0.0016084947,held_fold
ISIC_7583644,0,0.0024270073,held_fold
ISIC_7583922,0,0.025111953,held_fold
ISIC_7585280,0,0.006899805,held_fold
ISIC_7585550,0,0.0022946845,held_fold
ISIC_7585924,0,0.0053012283,held_fold
ISIC_7586566,0,0.07329554,held_fold
ISIC_7587006,0,0.009258697,held_fold
ISIC_7589802,0,0.0033995043,held_fold
ISIC_7593561,0,0.0011382749,held_fold
ISIC_7594124,0,0.0038336252,held_fold
ISIC_7594625,0,0.039363712,held_fold
ISIC_7595826,0,0.0042853747,held_fold
ISIC_7596866,0,0.0039606895,held_fold
ISIC_7598658,0,0.011118611,held_fold
ISIC_7600348,0,0.0015634315,held_fold
ISIC_7601364,0,0.0018921673,held_fold
ISIC_7602656,0,0.0034522929,held_fold
ISIC_7603831,0,0.03022611,held_fold
ISIC_7604870,0,0.008007379,held_fold
ISIC_7607101,0,0.0011703176,held_fold
ISIC_7607107,0,0.004280805,held_fold
ISIC_7607335,0,0.0062413835,held_fold
ISIC_7609643,0,0.0017441906,held_fold
ISIC_7612427,0,0.033494927,held_fold
ISIC_7612589,0,0.010304501,held_fold
ISIC_7615896,0,0.015179629,held_fold
ISIC_7617445,0,0.0031180617,held_fold
ISIC_7619041,0,0.07055761,held_fold
ISIC_7619234,0,0.0023564468,held_fold
ISIC_7620347,0,0.014300406,held_fold
ISIC_7622520,0,0.003725292,held_fold
ISIC_7626632,0,0.0031824622,held_fold
ISIC_7628175,0,0.0022930587,held_fold
ISIC_7629264,0,0.0013209834,held_fold
ISIC_7632525,0,0.016827945,held_fold
ISIC_7634151,0,0.01484022,held_fold
ISIC_7634281,0,0.0027262229,held_fold
ISIC_7635056,0,0.010235986,held_fold
ISIC_7637091,0,0.017229078,held_fold
ISIC_7637801,0,0.0022471638,held_fold
ISIC_7638574,0,0.008950377,held_fold
ISIC_7642500,0,0.0020199374,held_fold
ISIC_7643396,0,0.0359608,held_fold
ISIC_7643603,0,0.0015899152,held_fold
ISIC_7644571,0,0.0009659113,held_fold
ISIC_7646866,0,0.0022018882,held_fold
ISIC_7647201,0,0.0032946123,held_fold
ISIC_7649562,0,0.016484302,held_fold
ISIC_7649781,0,0.027005974,held_fold
ISIC_7650216,0,0.011538337,held_fold
ISIC_7650369,0,0.0020093906,held_fold
ISIC_7652615,0,0.001750966,held_fold
ISIC_7653121,0,0.014122128,held_fold
ISIC_7656935,0,0.009927144,held_fold
ISIC_7657085,0,0.053748813,held_fold
ISIC_7658006,0,0.013237052,held_fold
ISIC_7661657,0,0.008042171,held_fold
ISIC_7665526,0,0.011602606,held_fold
ISIC_7665645,0,0.007964741,held_fold
ISIC_7668206,0,0.0009399927,held_fold
ISIC_7670149,0,0.002943098,held_fold
ISIC_7671589,0,0.0011347218,held_fold
ISIC_7671776,0,0.0033591888,held_fold
ISIC_7671972,0,0.0028737672,held_fold
ISIC_7672895,0,0.021242023,held_fold
ISIC_7677461,0,0.0023668963,held_fold
ISIC_7677876,0,0.0013895392,held_fold
ISIC_7683437,0,0.0026341395,held_fold
ISIC_7685761,0,0.046610687,held_fold
ISIC_7686795,0,0.0010996535,held_fold
ISIC_7687686,0,0.0031267179,held_fold
ISIC_7690228,0,0.0017652989,held_fold
ISIC_7691262,0,0.0026509203,held_fold
ISIC_7693995,0,0.0015953281,held_fold
ISIC_7694028,0,0.00855399,held_fold
ISIC_7694184,0,0.0018050229,held_fold
ISIC_7694877,0,0.0014772803,held_fold
ISIC_7697022,0,0.0010919403,held_fold
ISIC_7697445,0,0.004089233,held_fold
ISIC_7701105,0,0.0010122369,held_fold
ISIC_7702225,0,0.005308178,held_fold
ISIC_7704533,0,0.0052949735,held_fold
ISIC_7705876,0,0.005560085,held_fold
ISIC_7706215,0,0.025328888,held_fold
ISIC_7709419,0,0.0020274848,held_fold
ISIC_7709611,0,0.0035247128,held_fold
ISIC_7710816,0,0.009495816,held_fold
ISIC_7711688,0,0.0031278357,held_fold
ISIC_7711947,0,0.002494432,held_fold
ISIC_7712138,0,0.0047236523,held_fold
ISIC_7712996,0,0.0042219344,held_fold
ISIC_7713180,0,0.0028128268,held_fold
ISIC_7714981,0,0.0017969562,held_fold
ISIC_7715315,0,0.0041151573,held_fold
ISIC_7723150,0,0.0027747352,held_fold
ISIC_7724906,0,0.019010471,held_fold
ISIC_7727347,0,0.015681062,held_fold
ISIC_7727960,0,0.0057267463,held_fold
ISIC_7728520,0,0.0063641286,held_fold
ISIC_7729573,0,0.00990301,held_fold
ISIC_7737437,0,0.006411092,held_fold
ISIC_7738923,0,0.021056829,held_fold
ISIC_7744571,0,0.0018698304,held_fold
ISIC_7745175,0,0.0012268557,held_fold
ISIC_7750508,0,0.0025319264,held_fold
ISIC_7750544,0,0.03865461,held_fold
ISIC_7753375,0,0.014304143,held_fold
ISIC_7753753,0,0.0027738183,held_fold
ISIC_7754416,0,0.0011098292,held_fold
ISIC_7756791,0,0.003110615,held_fold
ISIC_7759376,0,0.0047562676,held_fold
ISIC_7759630,0,0.0024700887,held_fold
ISIC_7760219,0,0.0019445098,held_fold
ISIC_7760920,0,0.003357523,held_fold
ISIC_7760948,0,0.03130215,held_fold
ISIC_7761884,0,0.012913092,held_fold
ISIC_7762499,0,0.022931593,held_fold
ISIC_7763701,0,0.0036377201,held_fold
ISIC_7764481,0,0.18195498,held_fold
ISIC_7767350,0,0.0067147277,held_fold
ISIC_7767423,0,0.0036709635,held_fold
ISIC_7769639,0,0.0042612604,held_fold
ISIC_7769827,0,0.0059481817,held_fold
ISIC_7771615,0,0.0084850015,held_fold
ISIC_7775535,0,0.0033696154,held_fold
ISIC_7777873,0,0.013432476,held_fold
ISIC_7779225,0,0.0019614683,held_fold
ISIC_7779685,0,0.0065235095,held_fold
ISIC_7780704,0,0.004405671,held_fold
ISIC_7783914,0,0.003226532,held_fold
ISIC_7784796,0,0.002230252,held_fold
ISIC_7791478,0,0.0009936829,held_fold
ISIC_7792073,0,0.014269709,held_fold
ISIC_7796174,0,0.004247849,held_fold
ISIC_7797745,0,0.014859244,held_fold
ISIC_7798403,0,0.0234114,held_fold
ISIC_7800170,0,0.0030364809,held_fold
ISIC_7800415,0,0.019865992,held_fold
ISIC_7801815,0,0.020464491,held_fold
ISIC_7803010,0,0.0023673715,held_fold
ISIC_7803118,0,0.002049928,held_fold
ISIC_7803496,0,0.004833718,held_fold
ISIC_7804919,0,0.0015868216,held_fold
ISIC_7806040,0,0.0027855716,held_fold
ISIC_7806612,0,0.0012484578,held_fold
ISIC_7806765,0,0.0029940384,held_fold
ISIC_7807235,0,0.0072594574,held_fold
ISIC_7808132,0,0.001714049,held_fold
ISIC_7809643,0,0.004023976,held_fold
ISIC_7811951,0,0.0028446203,held_fold
ISIC_7814144,0,0.006418234,held_fold
ISIC_7815762,0,0.004937247,held_fold
ISIC_7816367,0,0.0026577776,held_fold
ISIC_7818429,0,0.009779812,held_fold
ISIC_7819084,0,0.004049914,held_fold
ISIC_7821676,0,0.0024733853,held_fold
ISIC_7823773,0,0.0017182408,held_fold
ISIC_7824206,0,0.0016839587,held_fold
ISIC_7824250,0,0.023197535,held_fold
ISIC_7824420,0,0.113053225,held_fold
ISIC_7824688,0,0.0010422773,held_fold
ISIC_7826983,0,0.002234407,held_fold
ISIC_7827067,0,0.004018482,held_fold
ISIC_7828320,0,0.030391062,held_fold
ISIC_7830937,0,0.005753805,held_fold
ISIC_7832323,0,0.0037470774,held_fold
ISIC_7833195,0,0.0019936734,held_fold
ISIC_7836872,0,0.0058707935,held_fold
ISIC_7839220,0,0.013154761,held_fold
ISIC_7841085,0,0.0010163035,held_fold
ISIC_7841317,0,0.0024681836,held_fold
ISIC_7842567,0,0.0020774375,held_fold
ISIC_7843406,0,0.017931009,held_fold
ISIC_7844276,0,0.0047653522,held_fold
ISIC_7845281,0,0.015456425,held_fold
ISIC_7847294,0,0.042598214,held_fold
ISIC_7850058,0,0.0024848555,held_fold
ISIC_7850191,0,0.002462501,held_fold
ISIC_7850786,0,0.00068658486,held_fold
ISIC_7850884,0,0.005683624,held_fold
ISIC_7851399,0,0.0016934453,held_fold
ISIC_7852508,0,0.0643366,held_fold
ISIC_7852759,0,0.0014298033,held_fold
ISIC_7853136,0,0.0009419602,held_fold
ISIC_7857144,0,0.0014142252,held_fold
ISIC_7859801,0,0.06864553,held_fold
ISIC_7867320,0,0.051623587,held_fold
ISIC_7868525,0,0.0042229467,held_fold
ISIC_7868855,0,0.02210582,held_fold
ISIC_7869953,0,0.014830639,held_fold
ISIC_7873885,0,0.0030567688,held_fold
ISIC_7875959,0,0.0091429865,held_fold
ISIC_7876620,0,0.0031776512,held_fold
ISIC_7879597,0,0.0030033207,held_fold
ISIC_7880046,0,0.0013915839,held_fold
ISIC_7880706,0,0.0039511374,held_fold
ISIC_7881514,0,0.010232479,held_fold
ISIC_7882053,0,0.0040548635,held_fold
ISIC_7885531,0,0.0051794867,held_fold
ISIC_7888672,0,0.0010007818,held_fold
ISIC_7890383,0,0.117377624,held_fold
ISIC_7891992,0,0.0043093096,held_fold
ISIC_7892276,0,0.007765983,held_fold
ISIC_7895093,0,0.008370798,held_fold
ISIC_7896667,0,0.0013761694,held_fold
ISIC_7897374,0,0.0050030225,held_fold
ISIC_7897626,0,0.009366706,held_fold
ISIC_7900295,0,0.0013953793,held_fold
ISIC_7901662,0,0.1172207,held_fold
ISIC_7901891,0,0.010219583,held_fold
ISIC_7903213,0,0.002005906,held_fold
ISIC_7903561,0,0.021935774,held_fold
ISIC_7903873,0,0.0010357043,held_fold
ISIC_7904191,0,0.0014968656,held_fold
ISIC_7905714,0,0.0017761852,held_fold
ISIC_7907113,0,0.002090751,held_fold
ISIC_7907304,0,0.0012566575,held_fold
ISIC_7907808,0,0.020952739,held_fold
ISIC_7908575,0,0.1395752,held_fold
ISIC_7911353,0,0.00185971,held_fold
ISIC_7912183,0,0.0031976118,held_fold
ISIC_7915094,0,0.001588539,held_fold
ISIC_7915366,0,0.0038401082,held_fold
ISIC_7917961,0,0.0076758084,held_fold
ISIC_7920705,0,0.004888441,held_fold
ISIC_7924119,0,0.0024323931,held_fold
ISIC_7929089,0,0.0049964203,held_fold
ISIC_7929649,0,0.0032450752,held_fold
ISIC_7932466,0,0.011960309,held_fold
ISIC_7932658,0,0.012247873,held_fold
ISIC_7933565,0,0.0026783429,held_fold
ISIC_7935007,0,0.008117929,held_fold
ISIC_7936798,0,0.0021673713,held_fold
ISIC_7937728,0,0.006180665,held_fold
ISIC_7940137,0,0.005740669,held_fold
ISIC_7940744,0,0.0041295085,held_fold
ISIC_7942323,0,0.0032454114,held_fold
ISIC_7947847,0,0.0013768931,held_fold
ISIC_7948290,1,0.0019198039,held_fold
ISIC_7949832,0,0.001397249,held_fold
ISIC_7950240,0,0.008964278,held_fold
ISIC_7956925,0,0.05847673,held_fold
ISIC_7957630,0,0.0025317061,held_fold
ISIC_7958439,0,0.0012281834,held_fold
ISIC_7960251,0,0.008425664,held_fold
ISIC_7960953,0,0.02134475,held_fold
ISIC_7966295,0,0.0019347047,held_fold
ISIC_7967586,0,0.0028701075,held_fold
ISIC_7968733,0,0.003069787,held_fold
ISIC_7969673,0,0.003182036,held_fold
ISIC_7970478,0,0.0015561768,held_fold
ISIC_7972675,0,0.002943767,held_fold
ISIC_7972756,0,0.018570427,held_fold
ISIC_7974409,0,0.005868659,held_fold
ISIC_7975613,0,0.003757357,held_fold
ISIC_7976463,0,0.0032241896,held_fold
ISIC_7976522,0,0.028230647,held_fold
ISIC_7977871,0,0.011193441,held_fold
ISIC_7978358,0,0.02637399,held_fold
ISIC_7984985,0,0.01680913,held_fold
ISIC_7985659,0,0.02446344,held_fold
ISIC_7987407,0,0.010418466,held_fold
ISIC_7988726,0,0.031614102,held_fold
ISIC_7989119,0,0.00073097966,held_fold
ISIC_7989205,0,0.0024865854,held_fold
ISIC_7991159,0,0.0013037657,held_fold
ISIC_7991305,0,0.009677713,held_fold
ISIC_7991424,0,0.024627784,held_fold
ISIC_7991740,0,0.006263227,held_fold
ISIC_7991932,0,0.0016466264,held_fold
ISIC_7993653,0,0.0036644656,held_fold
ISIC_7996054,0,0.002589336,held_fold
ISIC_7997461,0,0.0070819827,held_fold
ISIC_8000880,0,0.001953245,held_fold
ISIC_8001757,0,0.0025620658,held_fold
ISIC_8002875,1,0.13601942,held_fold
ISIC_8004811,0,0.008243634,held_fold
ISIC_8008356,0,0.06875808,held_fold
ISIC_8008932,0,0.011310649,held_fold
ISIC_8009201,0,0.001186536,held_fold
ISIC_8011058,1,0.09701023,held_fold
ISIC_8011403,0,0.01395327,held_fold
ISIC_8012279,0,0.0011706678,held_fold
ISIC_8013946,0,0.004266676,held_fold
ISIC_8015990,0,0.0010585951,held_fold
ISIC_8017829,0,0.003841783,held_fold
ISIC_8024647,0,0.0019283327,held_fold
ISIC_8025243,0,0.017924555,held_fold
ISIC_8025644,0,0.0011584703,held_fold
ISIC_8026249,0,0.026757251,held_fold
ISIC_8028126,0,0.0064065284,held_fold
ISIC_8029954,0,0.007122629,held_fold
ISIC_8030063,0,0.021963537,held_fold
ISIC_8031776,0,0.011154238,held_fold
ISIC_8032520,0,0.0152453855,held_fold
ISIC_8033131,0,0.0011785649,held_fold
ISIC_8034738,0,0.008883795,held_fold
ISIC_8034792,0,0.0386949,held_fold
ISIC_8035790,0,0.007612657,held_fold
ISIC_8036544,0,0.0035163434,held_fold
ISIC_8038427,0,0.009480034,held_fold
ISIC_8039056,0,0.0016559826,held_fold
ISIC_8041078,0,0.016205419,held_fold
ISIC_8041953,0,0.0045090476,held_fold
ISIC_8042423,0,0.011306768,held_fold
ISIC_8043887,0,0.0018890081,held_fold
ISIC_8044526,0,0.0019829294,held_fold
ISIC_8045105,0,0.0015890873,held_fold
ISIC_8045277,0,0.014031623,held_fold
ISIC_8049738,0,0.0023701277,held_fold
ISIC_8049923,0,0.0017450475,held_fold
ISIC_8050763,0,0.010428643,held_fold
ISIC_8051015,0,0.0037786933,held_fold
ISIC_8051579,0,0.006198692,held_fold
ISIC_8052769,1,0.09023,held_fold
ISIC_8053432,0,0.0031910385,held_fold
ISIC_8053864,0,0.0023781848,held_fold
ISIC_8055525,0,0.0019943938,held_fold
ISIC_8055992,0,0.0034647617,held_fold
ISIC_8059246,0,0.002064112,held_fold
ISIC_8064759,0,0.01534406,held_fold
ISIC_8066191,0,0.0028999543,held_fold
ISIC_8066391,0,0.0025277426,held_fold
ISIC_8066487,0,0.00720449,held_fold
ISIC_8069416,0,0.011329462,held_fold
ISIC_8071131,0,0.005888676,held_fold
ISIC_8073568,0,0.002770984,held_fold
ISIC_8075868,0,0.0016935985,held_fold
ISIC_8089289,0,0.0018095478,held_fold
ISIC_8090739,0,0.009560636,held_fold
ISIC_8094432,0,0.004599078,held_fold
ISIC_8095966,0,0.0016497249,held_fold
ISIC_8096904,0,0.0027639791,held_fold
ISIC_8097600,0,0.003990191,held_fold
ISIC_8099296,0,0.010229534,held_fold
ISIC_8099354,0,0.005675007,held_fold
ISIC_8101117,0,0.0078023006,held_fold
ISIC_8102580,0,0.00789496,held_fold
ISIC_8105845,0,0.00280812,held_fold
ISIC_8108090,0,0.0013277447,held_fold
ISIC_8108870,0,0.011266966,held_fold
ISIC_8109433,0,0.0020750603,held_fold
ISIC_8112306,0,0.0010751259,held_fold
ISIC_8114321,0,0.0048611346,held_fold
ISIC_8116363,0,0.0072042607,held_fold
ISIC_8116716,0,0.0026200549,held_fold
ISIC_8118312,0,0.00275615,held_fold
ISIC_8119105,0,0.006074228,held_fold
ISIC_8119115,0,0.0034938878,held_fold
ISIC_8121679,0,0.0058863456,held_fold
ISIC_8123257,0,0.004363714,held_fold
ISIC_8124459,0,0.0021292,held_fold
ISIC_8125621,0,0.015346899,held_fold
ISIC_8127242,0,0.015899481,held_fold
ISIC_8129907,0,0.0024890502,held_fold
ISIC_8130007,0,0.014402744,held_fold
ISIC_8132874,0,0.004049927,held_fold
ISIC_8140229,0,0.0018511235,held_fold
ISIC_8142461,0,0.0072079143,held_fold
ISIC_8145260,0,0.0036104599,held_fold
ISIC_8147189,0,0.001742549,held_fold
ISIC_8148300,0,0.0013363397,held_fold
ISIC_8150300,0,0.0039162724,held_fold
ISIC_8150469,0,0.0031377191,held_fold
ISIC_8151437,0,0.0051329103,held_fold
ISIC_8151700,0,0.011569829,held_fold
ISIC_8151991,0,0.018631313,held_fold
ISIC_8153237,0,0.0068835723,held_fold
ISIC_8154358,0,0.0050009177,held_fold
ISIC_8155634,0,0.012110565,held_fold
ISIC_8157303,0,0.0017400449,held_fold
ISIC_8157405,0,0.037528023,held_fold
ISIC_8157972,0,0.0024339005,held_fold
ISIC_8158542,0,0.022104707,held_fold
ISIC_8159779,0,0.0016121079,held_fold
ISIC_8160979,0,0.0024984514,held_fold
ISIC_8163269,0,0.0014696696,held_fold
ISIC_8164676,0,0.008778101,held_fold
ISIC_8165434,0,0.0048736343,held_fold
ISIC_8166690,0,0.008985667,held_fold
ISIC_8167062,0,0.0014438871,held_fold
ISIC_8168507,0,0.0015340041,held_fold
ISIC_8170115,0,0.0035976854,held_fold
ISIC_8172795,0,0.0057496876,held_fold
ISIC_8174925,0,0.024735231,held_fold
ISIC_8177108,0,0.0018237708,held_fold
ISIC_8184471,0,0.03354427,held_fold
ISIC_8187997,0,0.0010797704,held_fold
ISIC_8188597,0,0.015048939,held_fold
ISIC_8189863,0,0.004841378,held_fold
ISIC_8190321,0,0.042033594,held_fold
ISIC_8190660,0,0.011044407,held_fold
ISIC_8191809,0,0.0031692146,held_fold
ISIC_8194465,0,0.018415537,held_fold
ISIC_8195062,0,0.012057249,held_fold
ISIC_8195528,0,0.00196967,held_fold
ISIC_8196859,0,0.0018130334,held_fold
ISIC_8199467,0,0.007434947,held_fold
ISIC_8200593,0,0.0024626134,held_fold
ISIC_8200928,0,0.0026989742,held_fold
ISIC_8202573,0,0.001295488,held_fold
ISIC_8206290,0,0.030939732,held_fold
ISIC_8206577,0,0.0032309808,held_fold
ISIC_8207162,0,0.0015350189,held_fold
ISIC_8208962,0,0.03641464,held_fold
ISIC_8212536,0,0.011103416,held_fold
ISIC_8212937,0,0.11540912,held_fold
ISIC_8215842,0,0.0026416504,held_fold
ISIC_8218058,0,0.0029001888,held_fold
ISIC_8222134,0,0.0011470055,held_fold
ISIC_8222678,0,0.08489176,held_fold
ISIC_8223051,0,0.0030052918,held_fold
ISIC_8225018,0,0.004486378,held_fold
ISIC_8228595,0,0.001693405,held_fold
ISIC_8228671,0,0.005133032,held_fold
ISIC_8229770,0,0.0026022815,held_fold
ISIC_8229833,0,0.002606083,held_fold
ISIC_8230318,1,0.031853784,held_fold
ISIC_8231594,0,0.0059599504,held_fold
ISIC_8231949,0,0.032938875,held_fold
ISIC_8231999,1,0.057461057,held_fold
ISIC_8233378,0,0.0017456373,held_fold
ISIC_8233560,0,0.001698415,held_fold
ISIC_8235969,0,0.0022220733,held_fold
ISIC_8236604,0,0.003849521,held_fold
ISIC_8238508,0,0.0059858034,held_fold
ISIC_8239034,0,0.006301611,held_fold
ISIC_8241770,0,0.004595857,held_fold
ISIC_8242918,0,0.006724368,held_fold
ISIC_8243312,0,0.002917331,held_fold
ISIC_8243893,0,0.005119042,held_fold
ISIC_8246858,0,0.017651226,held_fold
ISIC_8247847,0,0.0021111902,held_fold
ISIC_8248941,0,0.002268454,held_fold
ISIC_8249743,0,0.0016728236,held_fold
ISIC_8249766,0,0.041888945,held_fold
ISIC_8250729,0,0.0012818987,held_fold
ISIC_8251042,0,0.0062663476,held_fold
ISIC_8258795,0,0.0012833452,held_fold
ISIC_8260720,0,0.0025602495,held_fold
ISIC_8262345,0,0.004451411,held_fold
ISIC_8263741,0,0.0010577383,held_fold
ISIC_8265045,0,0.009488272,held_fold
ISIC_8266469,0,0.044953544,held_fold
ISIC_8267758,0,0.0031730689,held_fold
ISIC_8267961,0,0.0055038007,held_fold
ISIC_8270195,0,0.0021321864,held_fold
ISIC_8272138,0,0.0018523434,held_fold
ISIC_8275353,0,0.0066967476,held_fold
ISIC_8276583,0,0.0046398104,held_fold
ISIC_8277987,0,0.0044263266,held_fold
ISIC_8278517,0,0.0019271529,held_fold
ISIC_8278742,0,0.0054601724,held_fold
ISIC_8278912,0,0.0027643524,held_fold
ISIC_8278996,0,0.004387141,held_fold
ISIC_8280581,0,0.0013750965,held_fold
ISIC_8283033,0,0.045188952,held_fold
ISIC_8284404,0,0.0009536744,held_fold
ISIC_8284602,0,0.002083302,held_fold
ISIC_8284685,0,0.007361441,held_fold
ISIC_8287528,0,0.13001087,held_fold
ISIC_8291368,0,0.0037880118,held_fold
ISIC_8292122,0,0.0031287489,held_fold
ISIC_8293201,0,0.0010888511,held_fold
ISIC_8293930,0,0.0029414431,held_fold
ISIC_8294905,0,0.013234773,held_fold
ISIC_8297517,0,0.0031395345,held_fold
ISIC_8297563,0,0.0094415685,held_fold
ISIC_8300858,0,0.0026768374,held_fold
ISIC_8304346,0,0.0025097844,held_fold
ISIC_8310944,0,0.003556618,held_fold
ISIC_8313202,0,0.017574001,held_fold
ISIC_8314055,0,0.010195442,held_fold
ISIC_8314115,0,0.013120606,held_fold
ISIC_8314759,0,0.0021453244,held_fold
ISIC_8315128,0,0.12634137,held_fold
ISIC_8316125,0,0.0029389537,held_fold
ISIC_8316885,0,0.009410198,held_fold
ISIC_8318077,0,0.0034498395,held_fold
ISIC_8319058,0,0.0014073089,held_fold
ISIC_8319586,0,0.0058071907,held_fold
ISIC_8321678,0,0.0012824587,held_fold
ISIC_8322239,0,0.020243041,held_fold
ISIC_8323234,0,0.0039774403,held_fold
ISIC_8323829,0,0.005135,held_fold
ISIC_8324271,0,0.006673029,held_fold
ISIC_8324371,0,0.027571723,held_fold
ISIC_8324681,0,0.0026089002,held_fold
ISIC_8324870,0,0.005353646,held_fold
ISIC_8324895,0,0.0031446815,held_fold
ISIC_8325107,0,0.0011612579,held_fold
ISIC_8325198,0,0.0032415034,held_fold
ISIC_8325260,0,0.007922778,held_fold
ISIC_8326957,0,0.0030318447,held_fold
ISIC_8327302,0,0.08000622,held_fold
ISIC_8327352,0,0.005763109,held_fold
ISIC_8327455,0,0.0048756646,held_fold
ISIC_8327485,0,0.017516276,held_fold
ISIC_8333087,0,0.008090289,held_fold
ISIC_8334115,0,0.011293445,held_fold
ISIC_8335489,0,0.05863749,held_fold
ISIC_8335722,0,0.0025087772,held_fold
ISIC_8336956,0,0.0025219664,held_fold
ISIC_8341144,0,0.0013801622,held_fold
ISIC_8342761,0,0.063560635,held_fold
ISIC_8343285,0,0.0014148328,held_fold
ISIC_8343678,0,0.003099816,held_fold
ISIC_8344124,0,0.0023921533,held_fold
ISIC_8345964,0,0.0024980928,held_fold
ISIC_8347165,0,0.007545445,held_fold
ISIC_8347675,0,0.022732668,held_fold
ISIC_8349600,0,0.00162869,held_fold
ISIC_8353156,0,0.0047256253,held_fold
ISIC_8354409,0,0.027173938,held_fold
ISIC_8356805,0,0.011408375,held_fold
ISIC_8362113,0,0.0020828873,held_fold
ISIC_8363791,0,0.0015315529,held_fold
ISIC_8366005,0,0.0039175283,held_fold
ISIC_8368870,0,0.006658575,held_fold
ISIC_8373218,0,0.1048508,held_fold
ISIC_8374044,0,0.0016731698,held_fold
ISIC_8374497,0,0.004340807,held_fold
ISIC_8376027,0,0.0019143559,held_fold
ISIC_8378094,0,0.0030247676,held_fold
ISIC_8378321,0,0.0020637831,held_fold
ISIC_8378790,0,0.0012505548,held_fold
ISIC_8379890,0,0.0022937057,held_fold
ISIC_8379956,1,0.08775242,held_fold
ISIC_8380527,0,0.04652623,held_fold
ISIC_8380605,0,0.01020562,held_fold
ISIC_8380904,0,0.012208949,held_fold
ISIC_8381608,0,0.0017951389,held_fold
ISIC_8381673,0,0.001128618,held_fold
ISIC_8383915,0,0.0042615416,held_fold
ISIC_8386146,0,0.0020922408,held_fold
ISIC_8387437,0,0.0033550137,held_fold
ISIC_8388593,0,0.0032151593,held_fold
ISIC_8393181,0,0.010223511,held_fold
ISIC_8397698,0,0.0032572267,held_fold
ISIC_8400393,0,0.006297555,held_fold
ISIC_8406777,0,0.003429614,held_fold
ISIC_8409053,0,0.0013963731,held_fold
ISIC_8409475,0,0.0070024,held_fold
ISIC_8414396,0,0.0019151259,held_fold
ISIC_8416554,0,0.0074852025,held_fold
ISIC_8418506,0,0.003948001,held_fold
ISIC_8418610,0,0.04222878,held_fold
ISIC_8419036,0,0.0057086023,held_fold
ISIC_8419663,0,0.0017569864,held_fold
ISIC_8420148,0,0.0027518822,held_fold
ISIC_8421394,0,0.0016456515,held_fold
ISIC_8422703,0,0.0023743934,held_fold
ISIC_8423312,0,0.0013966438,held_fold
ISIC_8423604,0,0.006763841,held_fold
ISIC_8424599,0,0.026088536,held_fold
ISIC_8424785,0,0.037552014,held_fold
ISIC_8425338,0,0.0015698232,held_fold
ISIC_8425541,0,0.04066273,held_fold
ISIC_8429099,0,0.10699248,held_fold
ISIC_8429564,0,0.0036525368,held_fold
ISIC_8429722,0,0.0017600751,held_fold
ISIC_8430749,0,0.004394395,held_fold
ISIC_8432001,0,0.014671924,held_fold
ISIC_8434081,0,0.0018049732,held_fold
ISIC_8435651,0,0.0029257846,held_fold
ISIC_8436590,0,0.011066179,held_fold
ISIC_8438071,0,0.024952007,held_fold
ISIC_8440070,0,0.011532019,held_fold
ISIC_8442933,0,0.015871817,held_fold
ISIC_8444072,0,0.0012389241,held_fold
ISIC_8445041,0,0.002006665,held_fold
ISIC_8445238,0,0.0045900056,held_fold
ISIC_8446043,0,0.008124409,held_fold
ISIC_8449514,0,0.004197605,held_fold
ISIC_8450723,0,0.0017741844,held_fold
ISIC_8451130,0,0.013671701,held_fold
ISIC_8451869,0,0.010118575,held_fold
ISIC_8458149,0,0.0027494193,held_fold
ISIC_8460669,0,0.013443613,held_fold
ISIC_8462445,0,0.0014962592,held_fold
ISIC_8463146,0,0.0037532095,held_fold
ISIC_8467665,0,0.001677427,held_fold
ISIC_8468957,0,0.0027711224,held_fold
ISIC_8469765,0,0.0019051263,held_fold
ISIC_8474660,0,0.0043201977,held_fold
ISIC_8475681,0,0.01558427,held_fold
ISIC_8479104,0,0.0045600426,held_fold
ISIC_8479651,0,0.000897743,held_fold
ISIC_8480329,0,0.0012203779,held_fold
ISIC_8481822,0,0.0020838906,held_fold
ISIC_8484660,0,0.0024030462,held_fold
ISIC_8492463,0,0.001569934,held_fold
ISIC_8495497,0,0.0124424435,held_fold
ISIC_8495875,0,0.0025508106,held_fold
ISIC_8496646,0,0.0015984374,held_fold
ISIC_8497457,1,0.10872631,held_fold
ISIC_8502248,0,0.0017894335,held_fold
ISIC_8502341,0,0.004726662,held_fold
ISIC_8504450,0,0.01916204,held_fold
ISIC_8504479,0,0.0010092277,held_fold
ISIC_8504517,0,0.04987856,held_fold
ISIC_8506003,0,0.005980894,held_fold
ISIC_8506618,0,0.0103999935,held_fold
ISIC_8509430,0,0.0358826,held_fold
ISIC_8510975,0,0.012385984,held_fold
ISIC_8515165,0,0.007114864,held_fold
ISIC_8518406,0,0.0027207653,held_fold
ISIC_8519931,0,0.00081239064,held_fold
ISIC_8525314,0,0.0023126537,held_fold
ISIC_8526729,0,0.036074795,held_fold
ISIC_8526902,0,0.0031733224,held_fold
ISIC_8526982,0,0.03544247,held_fold
ISIC_8527330,0,0.0027727147,held_fold
ISIC_8528486,0,0.0047061183,held_fold
ISIC_8528824,0,0.006415735,held_fold
ISIC_8533045,0,0.032636043,held_fold
ISIC_8534863,0,0.0015659805,held_fold
ISIC_8535943,0,0.0011910225,held_fold
ISIC_8536138,0,0.0007263511,held_fold
ISIC_8539990,0,0.002788861,held_fold
ISIC_8541038,0,0.025588155,held_fold
ISIC_8546213,0,0.0019388177,held_fold
ISIC_8546378,0,0.030605892,held_fold
ISIC_8551624,0,0.006932769,held_fold
ISIC_8554450,0,0.0012666067,held_fold
ISIC_8555960,0,0.0016796428,held_fold
ISIC_8556519,0,0.012810578,held_fold
ISIC_8561070,0,0.010498558,held_fold
ISIC_8561963,0,0.006727487,held_fold
ISIC_8564527,0,0.021998504,held_fold
ISIC_8564636,0,0.0033395754,held_fold
ISIC_8566184,0,0.0012194755,held_fold
ISIC_8566203,0,0.012190084,held_fold
ISIC_8567027,0,0.0059294864,held_fold
ISIC_8567199,0,0.005754037,held_fold
ISIC_8569148,0,0.0014316972,held_fold
ISIC_8570817,0,0.0014567169,held_fold
ISIC_8571262,0,0.005098594,held_fold
ISIC_8573647,0,0.0449287,held_fold
ISIC_8576068,0,0.00079079124,held_fold
ISIC_8578732,0,0.0039334395,held_fold
ISIC_8584089,0,0.0032812841,held_fold
ISIC_8584585,0,0.0020150573,held_fold
ISIC_8585685,0,0.0072256625,held_fold
ISIC_8591003,0,0.0645173,held_fold
ISIC_8596724,0,0.013761237,held_fold
ISIC_8597354,0,0.004106857,held_fold
ISIC_8599384,0,0.006451341,held_fold
ISIC_8600358,0,0.035662007,held_fold
ISIC_8602467,0,0.016564203,held_fold
ISIC_8603124,0,0.008446362,held_fold
ISIC_8603396,0,0.0065083783,held_fold
ISIC_8605422,0,0.0041872533,held_fold
ISIC_8608894,0,0.002446392,held_fold
ISIC_8614359,0,0.0013601589,held_fold
ISIC_8614778,0,0.011492699,held_fold
ISIC_8618266,0,0.0038499208,held_fold
ISIC_8624063,0,0.0041299416,held_fold
ISIC_8624123,0,0.0042079366,held_fold
ISIC_8626941,0,0.002152615,held_fold
ISIC_8629973,0,0.0069680708,held_fold
ISIC_8630818,0,0.0025818632,held_fold
ISIC_8631846,0,0.0010916335,held_fold
ISIC_8633719,0,0.008917126,held_fold
ISIC_8633889,0,0.012889459,held_fold
ISIC_8634356,0,0.001463112,held_fold
ISIC_8635903,0,0.007142681,held_fold
ISIC_8638021,0,0.0027110528,held_fold
ISIC_8638173,0,0.0024856534,held_fold
ISIC_8639771,0,0.0030598657,held_fold
ISIC_8645104,0,0.017421039,held_fold
ISIC_8646276,0,0.010520386,held_fold
ISIC_8647900,0,0.001286496,held_fold
ISIC_8648090,0,0.0027114255,held_fold
ISIC_8649055,0,0.0024389531,held_fold
ISIC_8651476,0,0.0024074637,held_fold
ISIC_8657079,0,0.0039394726,held_fold
ISIC_8658037,0,0.003291454,held_fold
ISIC_8658889,0,0.00534319,held_fold
ISIC_8659694,0,0.0035498668,held_fold
ISIC_8661226,0,0.04938421,held_fold
ISIC_8663971,0,0.040696684,held_fold
ISIC_8664315,0,0.020063378,held_fold
ISIC_8664819,0,0.0016394851,held_fold
ISIC_8666405,0,0.021547379,held_fold
ISIC_8666637,0,0.0028081522,held_fold
ISIC_8668448,0,0.001997052,held_fold
ISIC_8668530,0,0.004211454,held_fold
ISIC_8669314,0,0.014060203,held_fold
ISIC_8670684,0,0.0014445755,held_fold
ISIC_8672185,0,0.060414843,held_fold
ISIC_8677110,0,0.053927176,held_fold
ISIC_8679149,0,0.002702389,held_fold
ISIC_8680421,0,0.003578792,held_fold
ISIC_8680948,0,0.004692311,held_fold
ISIC_8681290,0,0.003839634,held_fold
ISIC_8681917,0,0.046993196,held_fold
ISIC_8691091,0,0.014605078,held_fold
ISIC_8691163,0,0.0029328566,held_fold
ISIC_8692950,0,0.0022855091,held_fold
ISIC_8694888,0,0.0042722668,held_fold
ISIC_8695109,0,0.0017211713,held_fold
ISIC_8695317,0,0.021994328,held_fold
ISIC_8699205,0,0.0027202298,held_fold
ISIC_8699453,0,0.02488989,held_fold
ISIC_8700403,0,0.023332534,held_fold
ISIC_8701975,0,0.0038885765,held_fold
ISIC_8702706,0,0.0016581188,held_fold
ISIC_8703209,0,0.016788986,held_fold
ISIC_8704004,0,0.0020584753,held_fold
ISIC_8705626,0,0.011002338,held_fold
ISIC_8707606,0,0.0062520867,held_fold
ISIC_8715792,0,0.0060069035,held_fold
ISIC_8716235,0,0.0038238424,held_fold
ISIC_8716644,0,0.0024734028,held_fold
ISIC_8717336,0,0.01238326,held_fold
ISIC_8723815,0,0.0029498246,held_fold
ISIC_8727731,0,0.0038050418,held_fold
ISIC_8729091,0,0.0018599869,held_fold
ISIC_8739046,0,0.0022936193,held_fold
ISIC_8739533,0,0.006084422,held_fold
ISIC_8742875,0,0.0037730953,held_fold
ISIC_8747095,0,0.023325516,held_fold
ISIC_8748689,0,0.0030285202,held_fold
ISIC_8750055,0,0.14419702,held_fold
ISIC_8751393,0,0.054530803,held_fold
ISIC_8754461,0,0.00856035,held_fold
ISIC_8755163,0,0.0013878278,held_fold
ISIC_8755714,0,0.01209172,held_fold
ISIC_8757664,0,0.006041314,held_fold
ISIC_8759073,0,0.031929858,held_fold
ISIC_8759726,0,0.0036392137,held_fold
ISIC_8759744,0,0.01059188,held_fold
ISIC_8759813,0,0.018040871,held_fold
ISIC_8760029,0,0.0029257273,held_fold
ISIC_8760380,0,0.054159343,held_fold
ISIC_8762437,0,0.00216011,held_fold
ISIC_8764927,0,0.017331138,held_fold
ISIC_8770401,0,0.0019938736,held_fold
ISIC_8773685,0,0.0010962752,held_fold
ISIC_8774880,0,0.0032601573,held_fold
ISIC_8776363,0,0.0009775641,held_fold
ISIC_8776661,0,0.054487877,held_fold
ISIC_8777622,0,0.0018324788,held_fold
ISIC_8777866,0,0.011925535,held_fold
ISIC_8778648,0,0.00648218,held_fold
ISIC_8780547,0,0.019119782,held_fold
ISIC_8781451,0,0.003001916,held_fold
ISIC_8781751,0,0.0022514316,held_fold
ISIC_8783667,0,0.007925893,held_fold
ISIC_8786606,0,0.001440973,held_fold
ISIC_8789673,0,0.0021990102,held_fold
ISIC_8790198,0,0.005751997,held_fold
ISIC_8791729,0,0.022348575,held_fold
ISIC_8799089,0,0.0112016145,held_fold
ISIC_8802047,0,0.0033525897,held_fold
ISIC_8804704,0,0.0018402701,held_fold
ISIC_8805000,0,0.0012806039,held_fold
ISIC_8808756,0,0.004226451,held_fold
ISIC_8812739,0,0.011394567,held_fold
ISIC_8812781,0,0.0042514605,held_fold
ISIC_8812830,0,0.024609922,held_fold
ISIC_8813303,0,0.0030797382,held_fold
ISIC_8813306,0,0.0056821527,held_fold
ISIC_8813415,0,0.00669934,held_fold
ISIC_8813838,0,0.0013280545,held_fold
ISIC_8814843,0,0.0017036175,held_fold
ISIC_8816154,0,0.057566766,held_fold
ISIC_8816494,0,0.005482807,held_fold
ISIC_8821137,0,0.002116492,held_fold
ISIC_8826643,0,0.0019542333,held_fold
ISIC_8831176,0,0.0037553424,held_fold
ISIC_8831631,0,0.023284754,held_fold
ISIC_8834606,0,0.01620849,held_fold
ISIC_8835154,0,0.0145418765,held_fold
ISIC_8837100,0,0.024729945,held_fold
ISIC_8837792,0,0.007667235,held_fold
ISIC_8838232,0,0.0021568194,held_fold
ISIC_8840271,0,0.001051085,held_fold
ISIC_8841738,0,0.0053671966,held_fold
ISIC_8841886,0,0.062340066,held_fold
ISIC_8842295,0,0.0028375387,held_fold
ISIC_8842646,0,0.019287916,held_fold
ISIC_8844233,0,0.0031928364,held_fold
ISIC_8845891,0,0.00796664,held_fold
ISIC_8846654,0,0.0021191672,held_fold
ISIC_8847321,0,0.015087004,held_fold
ISIC_8847503,0,0.07467758,held_fold
ISIC_8848134,0,0.010894186,held_fold
ISIC_8848327,0,0.006387692,held_fold
ISIC_8849117,0,0.0016034473,held_fold
ISIC_8849466,0,0.005230546,held_fold
ISIC_8850826,0,0.014760048,held_fold
ISIC_8853902,0,0.0010090268,held_fold
ISIC_8853995,0,0.0039026258,held_fold
ISIC_8854196,0,0.0051276605,held_fold
ISIC_8858877,0,0.032258753,held_fold
ISIC_8862107,0,0.01732164,held_fold
ISIC_8866651,1,0.0418579,held_fold
ISIC_8867555,0,0.019683668,held_fold
ISIC_8867565,0,0.0019437965,held_fold
ISIC_8869249,0,0.0065394877,held_fold
ISIC_8872158,1,0.0125896605,held_fold
ISIC_8878967,0,0.047330234,held_fold
ISIC_8882801,0,0.010339833,held_fold
ISIC_8883212,0,0.0014243326,held_fold
ISIC_8887095,0,0.0063377386,held_fold
ISIC_8887170,0,0.0064813388,held_fold
ISIC_8887405,0,0.0046732733,held_fold
ISIC_8889010,0,0.0015794662,held_fold
ISIC_8890072,0,0.003759923,held_fold
ISIC_8891234,0,0.0041346867,held_fold
ISIC_8893724,0,0.044974327,held_fold
ISIC_8896223,0,0.0027760433,held_fold
ISIC_8898680,0,0.0024410565,held_fold
ISIC_8900012,0,0.011270105,held_fold
ISIC_8901419,0,0.01735516,held_fold
ISIC_8902080,0,0.016335186,held_fold
ISIC_8904256,0,0.008884928,held_fold
ISIC_8905349,0,0.014954388,held_fold
ISIC_8910635,0,0.0024988141,held_fold
ISIC_8911740,0,0.004396069,held_fold
ISIC_8917078,0,0.007959637,held_fold
ISIC_8917755,0,0.04464844,held_fold
ISIC_8920064,0,0.004062143,held_fold
ISIC_8921327,0,0.004550477,held_fold
ISIC_8921647,0,0.009663205,held_fold
ISIC_8923673,0,0.009203768,held_fold
ISIC_8924292,0,0.0018054508,held_fold
ISIC_8924426,0,0.03359617,held_fold
ISIC_8924853,0,0.002705134,held_fold
ISIC_8926341,0,0.008095862,held_fold
ISIC_8926892,0,0.009050456,held_fold
ISIC_8926980,0,0.002908373,held_fold
ISIC_8927825,0,0.014115942,held_fold
ISIC_8933744,0,0.0038291083,held_fold
ISIC_8935984,0,0.0048986715,held_fold
ISIC_8936977,0,0.0054373047,held_fold
ISIC_8937646,0,0.0023057514,held_fold
ISIC_8938681,0,0.0023286552,held_fold
ISIC_8938776,0,0.0014173303,held_fold
ISIC_8941586,0,0.002269646,held_fold
ISIC_8944892,0,0.0018268506,held_fold
ISIC_8951449,0,0.0032160927,held_fold
ISIC_8952288,0,0.053224307,held_fold
ISIC_8953242,0,0.0065314043,held_fold
ISIC_8956001,0,0.0032562858,held_fold
ISIC_8957426,0,0.0020580248,held_fold
ISIC_8960763,0,0.037412018,held_fold
ISIC_8965285,0,0.0031435322,held_fold
ISIC_8966170,0,0.04703373,held_fold
ISIC_8967404,0,0.029198153,held_fold
ISIC_8967818,0,0.0019991202,held_fold
ISIC_8970333,0,0.0010418652,held_fold
ISIC_8970499,0,0.0029396105,held_fold
ISIC_8972403,0,0.000929288,held_fold
ISIC_8977933,0,0.008207931,held_fold
ISIC_8980801,0,0.0047618095,held_fold
ISIC_8981700,0,0.01641483,held_fold
ISIC_8981851,0,0.0043004886,held_fold
ISIC_8985109,1,0.063830644,held_fold
ISIC_8986997,0,0.014151282,held_fold
ISIC_8987085,0,0.0026429645,held_fold
ISIC_8989572,0,0.001881654,held_fold
ISIC_8991530,0,0.016616888,held_fold
ISIC_8991672,0,0.0033897315,held_fold
ISIC_8992925,0,0.025992567,held_fold
ISIC_8996902,0,0.0029417425,held_fold
ISIC_8997109,0,0.005628776,held_fold
ISIC_9000030,0,0.0011994462,held_fold
ISIC_9000226,0,0.0019379006,held_fold
ISIC_9000824,1,0.034499366,held_fold
ISIC_9001948,1,0.022851842,held_fold
ISIC_9004995,0,0.0059257075,held_fold
ISIC_9008026,0,0.004386533,held_fold
ISIC_9011777,0,0.0019345657,held_fold
ISIC_9012721,0,0.0010784972,held_fold
ISIC_9013045,0,0.005776334,held_fold
ISIC_9014036,0,0.0033646051,held_fold
ISIC_9014786,0,0.0013367293,held_fold
ISIC_9015818,0,0.004364754,held_fold
ISIC_9021889,0,0.004124534,held_fold
ISIC_9022054,0,0.036504623,held_fold
ISIC_9023603,0,0.006919463,held_fold
ISIC_9023945,0,0.008070415,held_fold
ISIC_9024038,0,0.021169215,held_fold
ISIC_9024245,0,0.0032259615,held_fold
ISIC_9028177,0,0.0018200349,held_fold
ISIC_9028997,0,0.012890284,held_fold
ISIC_9029328,0,0.0028405234,held_fold
ISIC_9037248,0,0.0032580288,held_fold
ISIC_9037301,0,0.0020353398,held_fold
ISIC_9037423,0,0.003376548,held_fold
ISIC_9037453,0,0.0046551633,held_fold
ISIC_9041509,0,0.002411051,held_fold
ISIC_9041897,0,0.0023041537,held_fold
ISIC_9043344,0,0.048158742,held_fold
ISIC_9043908,0,0.007611908,held_fold
ISIC_9050608,0,0.0015324936,held_fold
ISIC_9051057,0,0.0011850608,held_fold
ISIC_9051287,0,0.022081649,held_fold
ISIC_9052594,0,0.0017797211,held_fold
ISIC_9053619,0,0.003982166,held_fold
ISIC_9053699,0,0.048859097,held_fold
ISIC_9053788,0,0.037906516,held_fold
ISIC_9054920,0,0.054397978,held_fold
ISIC_9055357,0,0.025437005,held_fold
ISIC_9059086,0,0.009465497,held_fold
ISIC_9059296,0,0.0023078474,held_fold
ISIC_9059686,0,0.04360012,held_fold
ISIC_9060377,0,0.087093145,held_fold
ISIC_9064053,0,0.019512953,held_fold
ISIC_9066883,0,0.0020213518,held_fold
ISIC_9069800,0,0.0019004606,held_fold
ISIC_9071758,0,0.020122042,held_fold
ISIC_9072309,0,0.00413239,held_fold
ISIC_9072567,0,0.006621745,held_fold
ISIC_9076034,0,0.13913788,held_fold
ISIC_9077709,0,0.008091912,held_fold
ISIC_9078100,0,0.0015970439,held_fold
ISIC_9079223,0,0.0027596634,held_fold
ISIC_9079489,0,0.002805726,held_fold
ISIC_9080743,0,0.0009957564,held_fold
ISIC_9080990,0,0.0072636516,held_fold
ISIC_9082440,0,0.009204533,held_fold
ISIC_9083592,0,0.0020238042,held_fold
ISIC_9084483,0,0.012441068,held_fold
ISIC_9085473,0,0.0073979003,held_fold
ISIC_9087581,0,0.0040467703,held_fold
ISIC_9087655,0,0.0246951,held_fold
ISIC_9089575,0,0.0036531773,held_fold
ISIC_9089987,0,0.002820595,held_fold
ISIC_9091415,0,0.006620803,held_fold
ISIC_9091954,0,0.009381828,held_fold
ISIC_9092759,0,0.05259021,held_fold
ISIC_9094201,0,0.0021154608,held_fold
ISIC_9099529,0,0.05591711,held_fold
ISIC_9102834,0,0.0012589582,held_fold
ISIC_9103422,0,0.006214092,held_fold
ISIC_9103556,0,0.011205302,held_fold
ISIC_9105740,0,0.007845571,held_fold
ISIC_9107811,0,0.0018894272,held_fold
ISIC_9109515,0,0.0013145393,held_fold
ISIC_9109847,0,0.0014474231,held_fold
ISIC_9112443,0,0.0025341492,held_fold
ISIC_9114776,0,0.0049687335,held_fold
ISIC_9115001,0,0.0025905592,held_fold
ISIC_9115256,0,0.01062586,held_fold
ISIC_9117456,0,0.006283965,held_fold
ISIC_9118842,0,0.016101869,held_fold
ISIC_9119271,0,0.017876787,held_fold
ISIC_9122329,0,0.0013239735,held_fold
ISIC_9127934,0,0.008858744,held_fold
ISIC_9128304,0,0.0050236713,held_fold
ISIC_9134100,0,0.0012407694,held_fold
ISIC_9135390,0,0.0020674202,held_fold
ISIC_9138647,0,0.015423843,held_fold
ISIC_9143795,0,0.004945345,held_fold
ISIC_9146648,0,0.005248186,held_fold
ISIC_9150050,0,0.0025465337,held_fold
ISIC_9151409,0,0.0014350094,held_fold
ISIC_9153636,0,0.0063823736,held_fold
ISIC_9154282,0,0.018690905,held_fold
ISIC_9159739,0,0.006719927,held_fold
ISIC_9160772,0,0.047275566,held_fold
ISIC_9161341,0,0.002598213,held_fold
ISIC_9162451,0,0.0023963205,held_fold
ISIC_9162798,0,0.0018277593,held_fold
ISIC_9163905,0,0.008105387,held_fold
ISIC_9165807,0,0.0038109478,held_fold
ISIC_9167285,0,0.001220329,held_fold
ISIC_9167290,0,0.0014046411,held_fold
ISIC_9168779,0,0.020826576,held_fold
ISIC_9169000,0,0.05644556,held_fold
ISIC_9169586,0,0.0020681904,held_fold
ISIC_9172605,0,0.003949858,held_fold
ISIC_9174306,1,0.13749917,held_fold
ISIC_9174347,0,0.02675935,held_fold
ISIC_9174412,0,0.009157962,held_fold
ISIC_9174830,0,0.008671828,held_fold
ISIC_9177813,0,0.0027294892,held_fold
ISIC_9182285,0,0.004846826,held_fold
ISIC_9187978,0,0.015541153,held_fold
ISIC_9190018,0,0.005515922,held_fold
ISIC_9190784,0,0.002002218,held_fold
ISIC_9193127,1,0.009927725,held_fold
ISIC_9196819,0,0.0015393838,held_fold
ISIC_9199229,0,0.004492857,held_fold
ISIC_9202278,0,0.004150534,held_fold
ISIC_9206499,0,0.008071958,held_fold
ISIC_9207137,0,0.004940983,held_fold
ISIC_9208006,0,0.038069177,held_fold
ISIC_9209515,0,0.0011931607,held_fold
ISIC_9210825,0,0.0017377968,held_fold
ISIC_9211989,0,0.21973664,held_fold
ISIC_9215836,0,0.058028124,held_fold
ISIC_9216989,0,0.005156667,held_fold
ISIC_9217340,0,0.0037216947,held_fold
ISIC_9223481,0,0.022816904,held_fold
ISIC_9225184,0,0.0025514825,held_fold
ISIC_9225210,0,0.014303034,held_fold
ISIC_9226193,0,0.0023381105,held_fold
ISIC_9228224,0,0.0037631304,held_fold
ISIC_9229525,0,0.0027783702,held_fold
ISIC_9230826,0,0.0022144355,held_fold
ISIC_9231263,0,0.01668792,held_fold
ISIC_9233009,0,0.0020994432,held_fold
ISIC_9235975,0,0.008968689,held_fold
ISIC_9237244,0,0.011318363,held_fold
ISIC_9237341,0,0.021439448,held_fold
ISIC_9239339,0,0.002788266,held_fold
ISIC_9241093,0,0.0022192798,held_fold
ISIC_9241222,0,0.005709728,held_fold
ISIC_9241497,0,0.0016785196,held_fold
ISIC_9241722,0,0.0016015986,held_fold
ISIC_9243440,0,0.0068498375,held_fold
ISIC_9244634,0,0.091587216,held_fold
ISIC_9244659,0,0.027599476,held_fold
ISIC_9246022,0,0.0024160466,held_fold
ISIC_9247687,0,0.023210147,held_fold
ISIC_9249257,0,0.024908412,held_fold
ISIC_9250898,0,0.008792584,held_fold
ISIC_9252800,0,0.00698468,held_fold
ISIC_9254433,0,0.0022303867,held_fold
ISIC_9255522,0,0.0036167502,held_fold
ISIC_9258027,0,0.008850223,held_fold
ISIC_9259697,0,0.0036422855,held_fold
ISIC_9259892,0,0.0070388727,held_fold
ISIC_9262162,0,0.0014037591,held_fold
ISIC_9264993,0,0.0018782807,held_fold
ISIC_9265406,0,0.0012549034,held_fold
ISIC_9267058,0,0.001946104,held_fold
ISIC_9268137,0,0.002084952,held_fold
ISIC_9270335,0,0.0029037858,held_fold
ISIC_9270418,0,0.016699081,held_fold
ISIC_9271416,0,0.003249177,held_fold
ISIC_9271800,0,0.011702579,held_fold
ISIC_9272770,0,0.0020244496,held_fold
ISIC_9273465,0,0.008986915,held_fold
ISIC_9276442,0,0.048191957,held_fold
ISIC_9276931,0,0.0019370689,held_fold
ISIC_9279329,0,0.005090179,held_fold
ISIC_9280210,0,0.019615155,held_fold
ISIC_9283427,0,0.0029159996,held_fold
ISIC_9283914,0,0.0026303201,held_fold
ISIC_9285635,0,0.0066545014,held_fold
ISIC_9290617,0,0.005906618,held_fold
ISIC_9290968,0,0.0039423928,held_fold
ISIC_9293970,0,0.004888492,held_fold
ISIC_9294326,0,0.0007218513,held_fold
ISIC_9294593,0,0.0017994384,held_fold
ISIC_9295267,0,0.0099757165,held_fold
ISIC_9296537,0,0.0023916105,held_fold
ISIC_9297472,0,0.0046813004,held_fold
ISIC_9299721,0,0.0030174155,held_fold
ISIC_9300579,0,0.012848546,held_fold
ISIC_9301333,0,0.0019480629,held_fold
ISIC_9303849,0,0.00375657,held_fold
ISIC_9305788,0,0.0015347295,held_fold
ISIC_9307584,0,0.002662843,held_fold
ISIC_9307997,0,0.0011761227,held_fold
ISIC_9309245,0,0.0015980904,held_fold
ISIC_9310101,0,0.0048455982,held_fold
ISIC_9310178,0,0.0041917632,held_fold
ISIC_9310505,0,0.016146319,held_fold
ISIC_9312099,0,0.0019262416,held_fold
ISIC_9312164,1,0.07384963,held_fold
ISIC_9314144,0,0.052739944,held_fold
ISIC_9316994,0,0.0020796203,held_fold
ISIC_9317894,0,0.011284413,held_fold
ISIC_9323095,0,0.0021358745,held_fold
ISIC_9323283,0,0.029811002,held_fold
ISIC_9325254,0,0.010436613,held_fold
ISIC_9328589,0,0.024869883,held_fold
ISIC_9331684,0,0.06435935,held_fold
ISIC_9332795,0,0.012112213,held_fold
ISIC_9333245,0,0.012004907,held_fold
ISIC_9333842,0,0.016193997,held_fold
ISIC_9334956,0,0.023534287,held_fold
ISIC_9335977,0,0.0013070176,held_fold
ISIC_9338267,0,0.041903876,held_fold
ISIC_9339096,0,0.009054408,held_fold
ISIC_9339713,0,0.008308723,held_fold
ISIC_9340122,0,0.0052936524,held_fold
ISIC_9340334,0,0.02144407,held_fold
ISIC_9340659,0,0.105928466,held_fold
ISIC_9342053,0,0.0016370316,held_fold
ISIC_9344253,0,0.004799185,held_fold
ISIC_9344352,0,0.02853362,held_fold
ISIC_9344664,0,0.0008096757,held_fold
ISIC_9349327,0,0.005579669,held_fold
ISIC_9350197,0,0.00795818,held_fold
ISIC_9351189,0,0.01458168,held_fold
ISIC_9353514,0,0.010643102,held_fold
ISIC_9356306,0,0.009501304,held_fold
ISIC_9356313,0,0.0048889816,held_fold
ISIC_9356630,0,0.007177412,held_fold
ISIC_9361625,0,0.004415648,held_fold
ISIC_9362964,0,0.0052973675,held_fold
ISIC_9363106,0,0.0064522214,held_fold
ISIC_9364690,0,0.0027967428,held_fold
ISIC_9365475,0,0.0014798737,held_fold
ISIC_9366873,0,0.005178504,held_fold
ISIC_9367353,0,0.0020842843,held_fold
ISIC_9368534,0,0.0024955452,held_fold
ISIC_9371867,0,0.0024977159,held_fold
ISIC_9371926,0,0.005466653,held_fold
ISIC_9374061,0,0.0072884355,held_fold
ISIC_9375086,0,0.0012091127,held_fold
ISIC_9378153,0,0.009248916,held_fold
ISIC_9378883,0,0.0068345214,held_fold
ISIC_9379477,0,0.0015075806,held_fold
ISIC_9379917,0,0.0016299566,held_fold
ISIC_9385014,0,0.019173715,held_fold
ISIC_9386541,0,0.0016331116,held_fold
ISIC_9387488,0,0.0053805243,held_fold
ISIC_9389584,0,0.0024893556,held_fold
ISIC_9390305,0,0.0030070937,held_fold
ISIC_9393022,0,0.010421721,held_fold
ISIC_9394148,0,0.0013213602,held_fold
ISIC_9395144,0,0.036652304,held_fold
ISIC_9395519,0,0.005128031,held_fold
ISIC_9396628,0,0.0052370355,held_fold
ISIC_9398499,0,0.0024195598,held_fold
ISIC_9398989,0,0.0017731442,held_fold
ISIC_9399365,0,0.0017819707,held_fold
ISIC_9399686,0,0.03038425,held_fold
ISIC_9402324,1,0.01145442,held_fold
ISIC_9403241,0,0.0029488462,held_fold
ISIC_9404190,0,0.0031216121,held_fold
ISIC_9405403,0,0.0037163093,held_fold
ISIC_9406299,0,0.002970627,held_fold
ISIC_9406568,0,0.023440937,held_fold
ISIC_9407543,0,0.008415607,held_fold
ISIC_9407667,0,0.014508638,held_fold
ISIC_9407690,0,0.0030181804,held_fold
ISIC_9407781,0,0.023582539,held_fold
ISIC_9408359,0,0.013740311,held_fold
ISIC_9414126,0,0.013925892,held_fold
ISIC_9414574,0,0.015511967,held_fold
ISIC_9414904,0,0.005284483,held_fold
ISIC_9416183,0,0.0029327394,held_fold
ISIC_9416765,0,0.002036242,held_fold
ISIC_9418745,0,0.0053614117,held_fold
ISIC_9419454,0,0.011909734,held_fold
ISIC_9422298,0,0.0026286794,held_fold
ISIC_9424706,0,0.018211663,held_fold
ISIC_9424787,0,0.0019512781,held_fold
ISIC_9426433,0,0.0013482447,held_fold
ISIC_9431739,0,0.00884025,held_fold
ISIC_9437390,0,0.00093425723,held_fold
ISIC_9437975,0,0.01714551,held_fold
ISIC_9438178,0,0.009572785,held_fold
ISIC_9443041,0,0.0014432473,held_fold
ISIC_9445196,0,0.0056666853,held_fold
ISIC_9447286,0,0.036445603,held_fold
ISIC_9455994,0,0.0032982815,held_fold
ISIC_9458746,0,0.006932717,held_fold
ISIC_9460379,0,0.00337331,held_fold
ISIC_9466416,0,0.001125081,held_fold
ISIC_9466790,0,0.005486513,held_fold
ISIC_9466794,0,0.0054074046,held_fold
ISIC_9467082,0,0.0052330573,held_fold
ISIC_9467292,0,0.0025733712,held_fold
ISIC_9469650,0,0.002551747,held_fold
ISIC_9471383,0,0.078645125,held_fold
ISIC_9473134,0,0.0021588628,held_fold
ISIC_9473731,0,0.0039047159,held_fold
ISIC_9475559,0,0.0010961092,held_fold
ISIC_9475941,0,0.0024491467,held_fold
ISIC_9476904,0,0.020657865,held_fold
ISIC_9478109,0,0.011179819,held_fold
ISIC_9478930,0,0.07397698,held_fold
ISIC_9479161,0,0.05853086,held_fold
ISIC_9483417,0,0.0012264409,held_fold
ISIC_9483894,0,0.013664018,held_fold
ISIC_9484538,0,0.009074127,held_fold
ISIC_9485536,0,0.014923753,held_fold
ISIC_9485901,0,0.0020350418,held_fold
ISIC_9489738,0,0.03029714,held_fold
ISIC_9491630,0,0.013943275,held_fold
ISIC_9493710,0,0.004864545,held_fold
ISIC_9497062,0,0.00784485,held_fold
ISIC_9498448,0,0.0065176096,held_fold
ISIC_9498942,0,0.016029539,held_fold
ISIC_9500701,0,0.0018224232,held_fold
ISIC_9502241,0,0.00468316,held_fold
ISIC_9505595,0,0.002374319,held_fold
ISIC_9509360,0,0.012347389,held_fold
ISIC_9511888,0,0.0100000035,held_fold
ISIC_9513808,0,0.007840676,held_fold
ISIC_9514450,0,0.17972267,held_fold
ISIC_9517456,0,0.0071047987,held_fold
ISIC_9519906,0,0.08355172,held_fold
ISIC_9522628,0,0.004287011,held_fold
ISIC_9525136,0,0.0014901522,held_fold
ISIC_9526877,0,0.065248005,held_fold
ISIC_9528732,0,0.010368367,held_fold
ISIC_9529297,0,0.005076784,held_fold
ISIC_9531527,0,0.07529798,held_fold
ISIC_9535114,0,0.017500864,held_fold
ISIC_9540598,0,0.0065862765,held_fold
ISIC_9540703,0,0.0019042939,held_fold
ISIC_9542037,0,0.011306017,held_fold
ISIC_9542791,0,0.001941475,held_fold
ISIC_9543841,0,0.006811972,held_fold
ISIC_9544059,0,0.0016892649,held_fold
ISIC_9544832,1,0.066255726,held_fold
ISIC_9546197,0,0.064805225,held_fold
ISIC_9546876,0,0.009363529,held_fold
ISIC_9548821,1,0.04974945,held_fold
ISIC_9549857,0,0.011460145,held_fold
ISIC_9550834,0,0.0046577617,held_fold
ISIC_9551111,0,0.005386749,held_fold
ISIC_9551360,0,0.001972961,held_fold
ISIC_9551406,0,0.00093191303,held_fold
ISIC_9551696,0,0.0017580212,held_fold
ISIC_9553125,0,0.0058768797,held_fold
ISIC_9556334,1,0.0372706,held_fold
ISIC_9559293,0,0.012605586,held_fold
ISIC_9560390,0,0.095964804,held_fold
ISIC_9560694,0,0.001645375,held_fold
ISIC_9561954,0,0.0022330743,held_fold
ISIC_9562292,0,0.004535117,held_fold
ISIC_9562442,0,0.0032971418,held_fold
ISIC_9562731,0,0.0011947602,held_fold
ISIC_9563514,0,0.001724547,held_fold
ISIC_9564379,0,0.0015249845,held_fold
ISIC_9564875,0,0.0028343431,held_fold
ISIC_9566964,0,0.0011177378,held_fold
ISIC_9568868,0,0.0030226058,held_fold
ISIC_9569891,0,0.0047502243,held_fold
ISIC_9571044,0,0.003075197,held_fold
ISIC_9571107,0,0.012199412,held_fold
ISIC_9571685,0,0.0027972977,held_fold
ISIC_9573024,0,0.0058754175,held_fold
ISIC_9573267,0,0.054457992,held_fold
ISIC_9573538,0,0.0026505725,held_fold
ISIC_9574237,0,0.025444832,held_fold
ISIC_9574819,0,0.040865462,held_fold
ISIC_9578109,0,0.023309117,held_fold
ISIC_9578603,0,0.002179543,held_fold
ISIC_9578777,0,0.0015039853,held_fold
ISIC_9579506,0,0.0015253265,held_fold
ISIC_9580101,0,0.002431837,held_fold
ISIC_9580143,0,0.0013735585,held_fold
ISIC_9580344,0,0.0024274983,held_fold
ISIC_9581761,0,0.044349406,held_fold
ISIC_9582535,0,0.0047708848,held_fold
ISIC_9587745,0,0.047155984,held_fold
ISIC_9589883,0,0.029871289,held_fold
ISIC_9590586,0,0.00238668,held_fold
ISIC_9590644,0,0.002209873,held_fold
ISIC_9590727,0,0.025282478,held_fold
ISIC_9590964,0,0.0052789696,held_fold
ISIC_9596685,0,0.0012830574,held_fold
ISIC_9596955,0,0.0043530203,held_fold
ISIC_9597731,0,0.0062151696,held_fold
ISIC_9598426,0,0.005143767,held_fold
ISIC_9600205,0,0.0036993814,held_fold
ISIC_9601132,0,0.00276051,held_fold
ISIC_9606109,0,0.0012350249,held_fold
ISIC_9606139,0,0.0038356325,held_fold
ISIC_9607252,0,0.018046185,held_fold
ISIC_9608191,0,0.018636016,held_fold
ISIC_9609865,0,0.054367844,held_fold
ISIC_9612481,1,0.12377775,held_fold
ISIC_9613570,0,0.0011493404,held_fold
ISIC_9616024,0,0.002261552,held_fold
ISIC_9622274,0,0.005219068,held_fold
ISIC_9627148,0,0.0010267422,held_fold
ISIC_9628600,0,0.0012811207,held_fold
ISIC_9629757,0,0.0021647534,held_fold
ISIC_9632819,0,0.006556368,held_fold
ISIC_9636293,0,0.010998586,held_fold
ISIC_9636881,0,0.09350158,held_fold
ISIC_9637180,0,0.006951161,held_fold
ISIC_9637306,0,0.0067801885,held_fold
ISIC_9637932,0,0.018447232,held_fold
ISIC_9637941,0,0.014201542,held_fold
ISIC_9638088,0,0.015127722,held_fold
ISIC_9640145,0,0.031921502,held_fold
ISIC_9640847,0,0.022643266,held_fold
ISIC_9642671,0,0.0009908043,held_fold
ISIC_9643846,0,0.0025187777,held_fold
ISIC_9644412,0,0.012630263,held_fold
ISIC_9647024,0,0.013770683,held_fold
ISIC_9647502,0,0.0056363633,held_fold
ISIC_9648563,0,0.01537938,held_fold
ISIC_9648904,0,0.0031312034,held_fold
ISIC_9649253,0,0.0071139587,held_fold
ISIC_9657852,0,0.04055579,held_fold
ISIC_9659443,0,0.0022383418,held_fold
ISIC_9660528,0,0.02255488,held_fold
ISIC_9660555,0,0.0017121498,held_fold
ISIC_9665206,0,0.004064362,held_fold
ISIC_9666709,0,0.019508788,held_fold
ISIC_9671143,0,0.011655784,held_fold
ISIC_9671443,0,0.018253153,held_fold
ISIC_9676233,0,0.014802017,held_fold
ISIC_9677250,0,0.004403013,held_fold
ISIC_9679700,0,0.002143192,held_fold
ISIC_9681146,0,0.016120736,held_fold
ISIC_9681655,0,0.0016936677,held_fold
ISIC_9682473,0,0.00964931,held_fold
ISIC_9685344,0,0.003075098,held_fold
ISIC_9686581,0,0.009066224,held_fold
ISIC_9687369,0,0.0048818444,held_fold
ISIC_9687776,0,0.054855652,held_fold
ISIC_9688617,0,0.016976347,held_fold
ISIC_9690422,0,0.06508793,held_fold
ISIC_9693103,0,0.0019307312,held_fold
ISIC_9693759,0,0.0053066197,held_fold
ISIC_9694198,0,0.00400453,held_fold
ISIC_9694275,0,0.0026800474,held_fold
ISIC_9694867,0,0.0010025736,held_fold
ISIC_9695501,0,0.069080785,held_fold
ISIC_9695809,0,0.07482287,held_fold
ISIC_9698774,0,0.0022616317,held_fold
ISIC_9698786,0,0.025535189,held_fold
ISIC_9699238,0,0.006945923,held_fold
ISIC_9699728,0,0.001230533,held_fold
ISIC_9700920,0,0.004083434,held_fold
ISIC_9701912,0,0.004652667,held_fold
ISIC_9704788,0,0.00032747592,held_fold
ISIC_9705832,0,0.0021176515,held_fold
ISIC_9706034,0,0.002228044,held_fold
ISIC_9706318,0,0.0032751532,held_fold
ISIC_9710168,0,0.0040516565,held_fold
ISIC_9711252,0,0.0938494,held_fold
ISIC_9713363,0,0.0019375981,held_fold
ISIC_9713897,0,0.0064819045,held_fold
ISIC_9714255,0,0.0009609237,held_fold
ISIC_9720044,0,0.003570514,held_fold
ISIC_9720518,0,0.0033516593,held_fold
ISIC_9723594,0,0.0044199536,held_fold
ISIC_9725043,0,0.00221383,held_fold
ISIC_9725205,0,0.0027295153,held_fold
ISIC_9728805,0,0.24809735,held_fold
ISIC_9730889,0,0.020065932,held_fold
ISIC_9731788,0,0.0031734686,held_fold
ISIC_9732811,0,0.002568325,held_fold
ISIC_9733758,0,0.020019848,held_fold
ISIC_9736710,0,0.03372164,held_fold
ISIC_9738306,0,0.0036276493,held_fold
ISIC_9742891,0,0.057889186,held_fold
ISIC_9743014,0,0.030820092,held_fold
ISIC_9743638,0,0.04545929,held_fold
ISIC_9744206,0,0.014203172,held_fold
ISIC_9744723,0,0.00515723,held_fold
ISIC_9745492,0,0.0026267113,held_fold
ISIC_9745942,0,0.023727078,held_fold
ISIC_9746246,0,0.0020004155,held_fold
ISIC_9746861,0,0.0027622262,held_fold
ISIC_9749009,0,0.012762444,held_fold
ISIC_9749497,0,0.0524952,held_fold
ISIC_9749852,0,0.0015266162,held_fold
ISIC_9756215,0,0.0044056727,held_fold
ISIC_9758444,0,0.022046773,held_fold
ISIC_9759505,0,0.0049103634,held_fold
ISIC_9761658,0,0.0018991668,held_fold
ISIC_9765760,0,0.006255569,held_fold
ISIC_9766574,0,0.0054065306,held_fold
ISIC_9767292,0,0.0044222055,held_fold
ISIC_9767883,0,0.0063663875,held_fold
ISIC_9768834,0,0.0058071767,held_fold
ISIC_9770536,0,0.002740358,held_fold
ISIC_9770765,0,0.0017251725,held_fold
ISIC_9773002,0,0.005601695,held_fold
ISIC_9776242,0,0.006357962,held_fold
ISIC_9778389,0,0.00340296,held_fold
ISIC_9783456,0,0.008876908,held_fold
ISIC_9785970,0,0.009563965,held_fold
ISIC_9787058,0,0.0032570534,held_fold
ISIC_9787633,0,0.0016096507,held_fold
ISIC_9788591,0,0.00929793,held_fold
ISIC_9788987,0,0.0030967705,held_fold
ISIC_9791586,0,0.0093978355,held_fold
ISIC_9794738,0,0.0034302168,held_fold
ISIC_9795608,0,0.009118586,held_fold
ISIC_9796680,0,0.0016636036,held_fold
ISIC_9797914,0,0.022051377,held_fold
ISIC_9800787,0,0.0016676545,held_fold
ISIC_9810276,0,0.025878837,held_fold
ISIC_9811939,0,0.0027769213,held_fold
ISIC_9812330,0,0.026236812,held_fold
ISIC_9816307,0,0.0043824012,held_fold
ISIC_9818733,0,0.004195017,held_fold
ISIC_9822350,0,0.0059376964,held_fold
ISIC_9824129,0,0.003085324,held_fold
ISIC_9825491,0,0.0040199384,held_fold
ISIC_9825604,0,0.0042615337,held_fold
ISIC_9825836,0,0.0054488587,held_fold
ISIC_9826904,0,0.011783278,held_fold
ISIC_9829655,0,0.0022657102,held_fold
ISIC_9829667,0,0.005399919,held_fold
ISIC_9829781,0,0.055798702,held_fold
ISIC_9833462,0,0.0012236673,held_fold
ISIC_9834469,0,0.004652298,held_fold
ISIC_9834664,0,0.0028538692,held_fold
ISIC_9842000,0,0.072751746,held_fold
ISIC_9842269,0,0.001348438,held_fold
ISIC_9847262,0,0.0073083206,held_fold
ISIC_9847284,0,0.004354174,held_fold
ISIC_9847972,0,0.0026961186,held_fold
ISIC_9851993,0,0.004873676,held_fold
ISIC_9852341,0,0.0012401367,held_fold
ISIC_9854912,0,0.0043732296,held_fold
ISIC_9855719,0,0.007555013,held_fold
ISIC_9859594,0,0.007354698,held_fold
ISIC_9859708,0,0.005789683,held_fold
ISIC_9860895,0,0.0010942718,held_fold
ISIC_9863059,0,0.00081855734,held_fold
ISIC_9864416,0,0.002776207,held_fold
ISIC_9865814,0,0.004135609,held_fold
ISIC_9866375,0,0.0018200723,held_fold
ISIC_9866767,0,0.009792666,held_fold
ISIC_9869789,0,0.007891379,held_fold
ISIC_9871571,0,0.0045004897,held_fold
ISIC_9877164,0,0.008456863,held_fold
ISIC_9878424,0,0.014192265,held_fold
ISIC_9879041,0,0.001293264,held_fold
ISIC_9879347,0,0.0038955738,held_fold
ISIC_9880854,0,0.0049106316,held_fold
ISIC_9883092,0,0.0029902419,held_fold
ISIC_9883380,0,0.00082238595,held_fold
ISIC_9885210,0,0.008509802,held_fold
ISIC_9886540,0,0.029324185,held_fold
ISIC_9887282,0,0.0019915162,held_fold
ISIC_9888213,0,0.007564838,held_fold
ISIC_9889001,0,0.0069903075,held_fold
ISIC_9889470,0,0.0025453533,held_fold
ISIC_9889687,0,0.0124268625,held_fold
ISIC_9892275,0,0.006995887,held_fold
ISIC_9894283,0,0.0041872514,held_fold
ISIC_9899140,0,0.05159109,held_fold
ISIC_9899644,0,0.0014390135,held_fold
ISIC_9900623,0,0.0064196326,held_fold
ISIC_9901871,0,0.003417581,held_fold
ISIC_9907793,0,0.008981595,held_fold
ISIC_9907938,0,0.000990674,held_fold
ISIC_9908982,0,0.051817074,held_fold
ISIC_9909173,0,0.0030007488,held_fold
ISIC_9913091,0,0.011500377,held_fold
ISIC_9915927,0,0.0013200935,held_fold
ISIC_9916907,0,0.0032430121,held_fold
ISIC_9919255,0,0.037996273,held_fold
ISIC_9919374,0,0.0013921965,held_fold
ISIC_9920161,0,0.005758209,held_fold
ISIC_9921831,0,0.0013641156,held_fold
ISIC_9926111,0,0.006674952,held_fold
ISIC_9927490,0,0.014588513,held_fold
ISIC_9928774,0,0.0020542012,held_fold
ISIC_9929556,0,0.003482173,held_fold
ISIC_9932789,0,0.09749861,held_fold
ISIC_9933119,0,0.0017977151,held_fold
ISIC_9934553,0,0.0053995457,held_fold
ISIC_9936188,0,0.015871802,held_fold
ISIC_9939963,0,0.0027856273,held_fold
ISIC_9942347,0,0.011295606,held_fold
ISIC_9943579,0,0.03038506,held_fold
ISIC_9944803,0,0.002295282,held_fold
ISIC_9945083,0,0.005847671,held_fold
ISIC_9946557,0,0.0031306695,held_fold
ISIC_9946910,0,0.0018079026,held_fold
ISIC_9948815,0,0.0012262815,held_fold
ISIC_9954582,0,0.0017342253,held_fold
ISIC_9955092,0,0.0020629123,held_fold
ISIC_9956957,0,0.004272133,held_fold
ISIC_9960855,0,0.003639554,held_fold
ISIC_9962720,0,0.02620938,held_fold
ISIC_9963177,1,0.0052473396,held_fold
ISIC_9971202,0,0.0046638167,held_fold
ISIC_9973015,0,0.002678391,held_fold
ISIC_9973459,0,0.0034098818,held_fold
ISIC_9974860,0,0.0035255102,held_fold
ISIC_9975260,0,0.007359466,held_fold
ISIC_9975974,0,0.023178574,held_fold
ISIC_9978498,0,0.0036532418,held_fold
ISIC_9979438,0,0.001644884,held_fold
ISIC_9980068,0,0.0022228928,held_fold
ISIC_9981394,0,0.010277829,held_fold
ISIC_9981925,0,0.049960196,held_fold
ISIC_9982953,0,0.021455178,held_fold
ISIC_9985141,0,0.00082752464,held_fold
ISIC_9991451,0,0.028823972,held_fold
ISIC_9995837,0,0.005884272,held_fold
ISIC_9998152,0,0.0020086085,held_fold
ISIC_9998682,1,0.02650452,held_fold
