image_name,target,prob,split
ISIC_0015719,0,0.0038804654,inner_val
ISIC_0052212,0,0.012379254,inner_val
ISIC_0074311,0,0.015729232,inner_val
ISIC_0076262,0,0.016087214,inner_val
ISIC_0077472,0,0.003076892,inner_val
ISIC_0082348,0,0.0050767483,inner_val
ISIC_0084395,0,0.006966806,inner_val
ISIC_0085172,0,0.0055617513,inner_val
ISIC_0091996,0,0.020154212,inner_val
ISIC_0096227,0,0.007533987,inner_val
ISIC_0103298,0,0.014245837,inner_val
ISIC_0124849,0,0.1996484,inner_val
ISIC_0147642,0,0.00524782,inner_val
ISIC_0149527,0,0.19313522,inner_val
ISIC_0149568,1,0.008211591,inner_val
ISIC_0149698,0,0.0029039807,inner_val
ISIC_0149918,0,0.066411585,inner_val
ISIC_0151200,0,0.2477278,inner_val
ISIC_0162627,0,0.16990168,inner_val
ISIC_0163639,0,0.34795406,inner_val
ISIC_0171946,0,0.08386067,inner_val
ISIC_0179191,0,0.0033621327,inner_val
ISIC_0186820,0,0.113588355,inner_val
ISIC_0187428,0,0.17876256,inner_val
ISIC_0190870,0,0.03083159,inner_val
ISIC_0192701,0,0.010017382,inner_val
ISIC_0198392,0,0.2920974,inner_val
ISIC_0199455,0,0.25916445,inner_val
ISIC_0204994,0,0.5598116,inner_val
ISIC_0210282,0,0.01720102,inner_val
ISIC_0212774,0,0.34092993,inner_val
ISIC_0215966,0,0.022966312,inner_val
ISIC_0216296,0,0.023451937,inner_val
ISIC_0219948,0,0.023851858,inner_val
ISIC_0222117,0,0.16123326,inner_val
ISIC_0228718,0,0.0041897236,inner_val
ISIC_0229656,0,0.021755649,inner_val
ISIC_0230564,0,0.006160006,inner_val
ISIC_0236531,0,0.31530586,inner_val
ISIC_0238824,0,0.04800929,inner_val
ISIC_0239810,0,0.61096346,inner_val
ISIC_0243148,0,0.023355447,inner_val
ISIC_0244877,0,0.00967955,inner_val
ISIC_0246090,0,0.16235106,inner_val
ISIC_0248114,0,0.43293682,inner_val
ISIC_0248218,0,0.060080923,inner_val
ISIC_0250839,1,0.3412787,inner_val
ISIC_0255796,0,0.100605264,inner_val
ISIC_0255914,0,0.108416274,inner_val
ISIC_0256715,0,0.01893761,inner_val
ISIC_0258821,0,0.026589677,inner_val
ISIC_0259615,0,0.054550823,inner_val
ISIC_0261781,0,0.0044710557,inner_val
ISIC_0262276,0,0.51685137,inner_val
ISIC_0268371,0,0.07278674,inner_val
ISIC_0274382,1,0.3616699,inner_val
ISIC_0275693,0,0.2447861,inner_val
ISIC_0275783,0,0.65006196,inner_val
ISIC_0275828,1,0.08524727,inner_val
ISIC_0277115,0,0.08010222,inner_val
ISIC_0278126,0,0.042100444,inner_val
ISIC_0279526,0,0.11883476,inner_val
ISIC_0281753,0,0.013523055,inner_val
ISIC_0282281,0,0.012564074,inner_val
ISIC_0287683,0,0.043244872,inner_val
ISIC_0288421,0,0.17739668,inner_val
ISIC_0288916,0,0.027617527,inner_val
ISIC_0290785,0,0.032621834,inner_val
ISIC_0292158,0,0.021215815,inner_val
ISIC_0294910,0,0.07850511,inner_val
ISIC_0296109,0,0.16552278,inner_val
ISIC_0297795,0,0.05641866,inner_val
ISIC_0304649,0,0.008664297,inner_val
ISIC_0308888,0,0.23723519,inner_val
ISIC_0309317,0,0.0090069985,inner_val
ISIC_0311112,0,0.0049693016,inner_val
ISIC_0311369,0,0.008425294,inner_val
ISIC_0315525,0,0.2149086,inner_val
ISIC_0316668,0,0.15288326,inner_val
ISIC_0329458,0,0.029285815,inner_val
ISIC_0338712,0,0.050643753,inner_val
ISIC_0338752,0,0.455454,inner_val
ISIC_0339773,0,0.0064730076,inner_val
ISIC_0340256,0,0.425126,inner_val
ISIC_0342587,0,0.27347633,inner_val
ISIC_0348503,0,0.050581522,inner_val
ISIC_0351084,0,0.057786383,inner_val
ISIC_0354535,0,0.009102439,inner_val
ISIC_0354635,0,0.003307466,inner_val
ISIC_0355023,0,0.056647316,inner_val
ISIC_0355197,0,0.067078754,inner_val
ISIC_0358285,0,0.027013857,inner_val
ISIC_0359307,0,0.37935346,inner_val
ISIC_0361149,0,0.005368727,inner_val
ISIC_0366021,0,0.019199805,inner_val
ISIC_0371763,0,0.03948665,inner_val
ISIC_0371772,0,0.021252485,inner_val
ISIC_0372318,0,0.016446095,inner_val
ISIC_0373585,0,0.008270095,inner_val
ISIC_0377213,0,0.026418105,inner_val
ISIC_0377420,0,0.18486299,inner_val
ISIC_0378399,0,0.52826583,inner_val
ISIC_0379551,0,0.11635642,inner_val
ISIC_0379863,0,0.10329331,inner_val
ISIC_0384200,0,0.007152717,inner_val
ISIC_0386664,0,0.027015163,inner_val
ISIC_0394140,0,0.029030649,inner_val
ISIC_0395933,0,0.107227586,inner_val
ISIC_0401416,0,0.0060265516,inner_val
ISIC_0401425,0,0.035118952,inner_val
ISIC_0402533,0,0.08468924,inner_val
ISIC_0403893,0,0.029355925,inner_val
ISIC_0411688,0,0.022854475,inner_val
ISIC_0412659,0,0.0030542312,inner_val
ISIC_0413154,0,0.002946367,inner_val
ISIC_0413512,0,0.0311569,inner_val
ISIC_0413575,0,0.010710867,inner_val
ISIC_0420174,0,0.009925738,inner_val
ISIC_0421041,0,0.16932355,inner_val
ISIC_0427813,0,0.046629466,inner_val
ISIC_0428482,0,0.045230515,inner_val
ISIC_0430646,0,0.050454594,inner_val
ISIC_0442749,0,0.30878013,inner_val
ISIC_0442837,0,0.031276364,inner_val
ISIC_0445189,0,0.43523574,inner_val
ISIC_0449824,0,0.005437137,inner_val
ISIC_0449983,0,0.012763687,inner_val
ISIC_0452356,0,0.119616725,inner_val
ISIC_0452656,0,0.13410437,inner_val
ISIC_0459035,0,0.082243524,inner_val
ISIC_0461706,0,0.3929604,inner_val
ISIC_0462956,0,0.08949854,inner_val
ISIC_0470731,0,0.18190725,inner_val
ISIC_0472796,0,0.16517167,inner_val
ISIC_0473257,0,0.022170223,inner_val
ISIC_0474406,0,0.048074257,inner_val
ISIC_0477898,0,0.06958295,inner_val
ISIC_0481059,0,0.0038092374,inner_val
ISIC_0484163,0,0.0053678257,inner_val
ISIC_0485529,0,0.056626193,inner_val
ISIC_0485537,0,0.14281838,inner_val
ISIC_0485914,0,0.0032375893,inner_val
ISIC_0486478,0,0.025855785,inner_val
ISIC_0489729,0,0.13743806,inner_val
ISIC_0490714,0,0.013262258,inner_val
ISIC_0494868,0,0.044773642,inner_val
ISIC_0496971,0,0.066266365,inner_val
ISIC_0501506,0,0.03713335,inner_val
ISIC_0504730,0,0.36357224,inner_val
ISIC_0506843,0,0.22368097,inner_val
ISIC_0507189,0,0.005431673,inner_val
ISIC_0509901,0,0.26380622,inner_val
ISIC_0510785,0,0.06793401,inner_val
ISIC_0517121,0,0.11249476,inner_val
ISIC_0517814,0,0.012231875,inner_val
ISIC_0525554,0,0.09041924,inner_val
ISIC_0529486,0,0.20241375,inner_val
ISIC_0529518,0,0.0147960875,inner_val
ISIC_0535843,0,0.048214085,inner_val
ISIC_0543351,0,0.008587491,inner_val
ISIC_0549211,0,0.4337775,inner_val
ISIC_0550736,0,0.3573744,inner_val
ISIC_0551684,0,0.4156071,inner_val
ISIC_0555529,0,0.4035874,inner_val
ISIC_0561802,0,0.008523056,inner_val
ISIC_0565120,0,0.0032637909,inner_val
ISIC_0567676,0,0.024375468,inner_val
ISIC_0569360,0,0.14857745,inner_val
ISIC_0573666,0,0.03708784,inner_val
ISIC_0573934,0,0.071989544,inner_val
ISIC_0579562,0,0.033426363,inner_val
ISIC_0588328,0,0.0900026,inner_val
ISIC_0591011,0,0.0878823,inner_val
ISIC_0592026,0,0.023599904,inner_val
ISIC_0592946,0,0.026910527,inner_val
ISIC_0596942,0,0.006733824,inner_val
ISIC_0597414,0,0.035819706,inner_val
ISIC_0603439,0,0.01111701,inner_val
ISIC_0607324,0,0.16562533,inner_val
ISIC_0612291,0,0.001585208,inner_val
ISIC_0613076,0,0.003648328,inner_val
ISIC_0614681,0,0.0037100948,inner_val
ISIC_0615782,0,0.1435607,inner_val
ISIC_0625777,0,0.0007963368,inner_val
ISIC_0626815,0,0.027555883,inner_val
ISIC_0626832,0,0.01179869,inner_val
ISIC_0631669,0,0.10111859,inner_val
ISIC_0639415,0,0.6916403,inner_val
ISIC_0644964,0,0.09877613,inner_val
ISIC_0645950,0,0.018921306,inner_val
ISIC_0662867,0,0.3447817,inner_val
ISIC_0663588,0,0.011906313,inner_val
ISIC_0678569,0,0.044379123,inner_val
ISIC_0678649,0,0.041855216,inner_val
ISIC_0683077,0,0.07319196,inner_val
ISIC_0685154,0,0.038557008,inner_val
ISIC_0685898,0,0.18255158,inner_val
ISIC_0687593,0,0.028758917,inner_val
ISIC_0690822,0,0.00405938,inner_val
ISIC_0692478,0,0.00970657,inner_val
ISIC_0693968,0,0.03869918,inner_val
ISIC_0695014,0,0.017797695,inner_val
ISIC_0696150,0,0.1646667,inner_val
ISIC_0696303,0,0.124440104,inner_val
ISIC_0697951,0,0.060231376,inner_val
ISIC_0702317,0,0.26779523,inner_val
ISIC_0704618,0,0.051658183,inner_val
ISIC_0704895,0,0.0041818963,inner_val
ISIC_0705586,0,0.5260164,inner_val
ISIC_0707244,0,0.03344639,inner_val
ISIC_0711790,0,0.7516687,inner_val
ISIC_0712254,0,0.367408,inner_val
ISIC_0718586,0,0.04066782,inner_val
ISIC_0728413,0,0.044328243,inner_val
ISIC_0742879,0,0.73725003,inner_val
ISIC_0743090,0,0.13888113,inner_val
ISIC_0743540,0,0.03971094,inner_val
ISIC_0745395,0,0.2987415,inner_val
ISIC_0747870,0,0.31907967,inner_val
ISIC_0754049,0,0.0058318716,inner_val
ISIC_0754789,0,0.30900815,inner_val
ISIC_0755331,0,0.042988755,inner_val
ISIC_0757532,0,0.16005015,inner_val
ISIC_0758283,0,0.004418426,inner_val
ISIC_0760892,0,0.3617328,inner_val
ISIC_0761049,0,0.042516187,inner_val
ISIC_0761472,0,0.34008497,inner_val
ISIC_0766345,0,0.027263822,inner_val
ISIC_0766365,0,0.01836841,inner_val
ISIC_0769700,0,0.112290174,inner_val
ISIC_0770723,0,0.180168,inner_val
ISIC_0771953,0,0.07412342,inner_val
ISIC_0781380,0,0.5983842,inner_val
ISIC_0787745,0,0.039759606,inner_val
ISIC_0788453,0,0.43566936,inner_val
ISIC_0791303,0,0.021413792,inner_val
ISIC_0796372,0,0.0042633023,inner_val
ISIC_0796973,0,0.20343816,inner_val
ISIC_0799347,0,0.21504024,inner_val
ISIC_0799535,0,0.048954178,inner_val
ISIC_0800628,0,0.01701626,inner_val
ISIC_0801563,0,0.22294036,inner_val
ISIC_0803691,0,0.03462923,inner_val
ISIC_0803850,0,0.4535643,inner_val
ISIC_0808057,0,0.014670161,inner_val
ISIC_0809467,0,0.004539472,inner_val
ISIC_0811406,0,0.026765792,inner_val
ISIC_0813856,0,0.01449355,inner_val
ISIC_0814894,0,0.0051369616,inner_val
ISIC_0818033,0,0.0011060059,inner_val
ISIC_0818181,0,0.25115243,inner_val
ISIC_0820559,0,0.39825118,inner_val
ISIC_0822116,0,0.011170882,inner_val
ISIC_0833682,0,0.1528877,inner_val
ISIC_0836727,0,0.01464642,inner_val
ISIC_0837618,0,0.004935301,inner_val
ISIC_0837789,0,0.25001767,inner_val
ISIC_0840730,0,0.06272101,inner_val
ISIC_0841762,0,0.05573932,inner_val
ISIC_0853280,0,0.05694824,inner_val
ISIC_0860384,0,0.049068376,inner_val
ISIC_0867090,0,0.046873335,inner_val
ISIC_0871853,0,0.025307754,inner_val
ISIC_0873571,0,0.0011110466,inner_val
ISIC_0876992,0,0.007953349,inner_val
ISIC_0880095,0,0.2983687,inner_val
ISIC_0880405,0,0.038193204,inner_val
ISIC_0882617,0,0.07234689,inner_val
ISIC_0884550,0,0.0040306263,inner_val
ISIC_0887488,0,0.008374369,inner_val
ISIC_0887792,0,0.35423106,inner_val
ISIC_0888799,0,0.09119439,inner_val
ISIC_0889988,0,0.19317272,inner_val
ISIC_0894136,0,0.0103667285,inner_val
ISIC_0895547,0,0.3095072,inner_val
ISIC_0901864,0,0.053515796,inner_val
ISIC_0909082,0,0.2748392,inner_val
ISIC_0914168,1,0.48980007,inner_val
ISIC_0919351,0,0.121225044,inner_val
ISIC_0922251,0,0.024922803,inner_val
ISIC_0923157,0,0.06912969,inner_val
ISIC_0924215,0,0.16217944,inner_val
ISIC_0927960,0,0.022080977,inner_val
ISIC_0933075,0,0.093725316,inner_val
ISIC_0935859,0,0.02447674,inner_val
ISIC_0936865,0,0.19358672,inner_val
ISIC_0939642,0,0.65220547,inner_val
ISIC_0943717,0,0.024706552,inner_val
ISIC_0947467,0,0.002963047,inner_val
ISIC_0948152,0,0.43292198,inner_val
ISIC_0948240,0,0.33163342,inner_val
ISIC_0949164,0,0.26481995,inner_val
ISIC_0953317,1,0.32964915,inner_val
ISIC_0954236,0,0.1725707,inner_val
ISIC_0955945,0,0.007033212,inner_val
ISIC_0957034,0,0.14855672,inner_val
ISIC_0961055,0,0.116055466,inner_val
ISIC_0963536,0,0.0012853808,inner_val
ISIC_0970069,0,0.21179326,inner_val
ISIC_0974293,0,0.03904906,inner_val
ISIC_0975117,0,0.032777503,inner_val
ISIC_0978386,0,0.03538756,inner_val
ISIC_0979454,0,0.016572703,inner_val
ISIC_0981657,0,0.025783287,inner_val
ISIC_0982984,0,0.6452302,inner_val
ISIC_0986890,0,0.17490384,inner_val
ISIC_0987830,0,0.0071620867,inner_val
ISIC_0996566,0,0.2558418,inner_val
ISIC_0998639,0,0.07647517,inner_val
ISIC_1001320,0,0.016890088,inner_val
ISIC_1005048,0,0.015662642,inner_val
ISIC_1017015,0,0.0038819255,inner_val
ISIC_1020661,0,0.029882113,inner_val
ISIC_1021883,0,0.08006128,inner_val
ISIC_1024269,0,0.013143736,inner_val
ISIC_1026770,0,0.009807867,inner_val
ISIC_1027512,0,0.02765089,inner_val
ISIC_1030777,0,0.068381466,inner_val
ISIC_1032115,0,0.0013090164,inner_val
ISIC_1033336,0,0.09265971,inner_val
ISIC_1044129,0,0.050925966,inner_val
ISIC_1044758,0,0.008796907,inner_val
ISIC_1065699,0,0.5395867,inner_val
ISIC_1066973,0,0.12908639,inner_val
ISIC_1073659,0,0.003923787,inner_val
ISIC_1075605,0,0.015560161,inner_val
ISIC_1075654,0,0.2761969,inner_val
ISIC_1080640,0,0.011391898,inner_val
ISIC_1090983,0,0.009640283,inner_val
ISIC_1091280,0,0.037101947,inner_val
ISIC_1092604,0,0.32037365,inner_val
ISIC_1100216,0,0.35495853,inner_val
ISIC_1104171,0,0.040023327,inner_val
ISIC_1104374,0,0.053161364,inner_val
ISIC_1105059,0,0.5303402,inner_val
ISIC_1105263,0,0.07880715,inner_val
ISIC_1105772,0,0.469844,inner_val
ISIC_1106860,0,0.13828188,inner_val
ISIC_1107954,0,0.048374634,inner_val
ISIC_1111313,0,0.00591022,inner_val
ISIC_1112205,0,0.0069982596,inner_val
ISIC_1113629,0,0.1548449,inner_val
ISIC_1113686,0,0.3202488,inner_val
ISIC_1116037,0,0.27354485,inner_val
ISIC_1118894,0,0.12742417,inner_val
ISIC_1122727,0,0.010601488,inner_val
ISIC_1127639,0,0.08258522,inner_val
ISIC_1128846,0,0.5351625,inner_val
ISIC_1131772,0,0.0033335104,inner_val
ISIC_1132496,1,0.18957706,inner_val
ISIC_1142764,0,0.3710454,inner_val
ISIC_1144286,0,0.32643008,inner_val
ISIC_1145442,0,0.64884347,inner_val
ISIC_1145799,0,0.010831432,inner_val
ISIC_1145963,0,0.12806663,inner_val
ISIC_1148874,0,0.117160484,inner_val
ISIC_1151269,0,0.006096415,inner_val
ISIC_1157790,0,0.066307075,inner_val
ISIC_1157850,0,0.14207986,inner_val
ISIC_1167258,0,0.22300951,inner_val
ISIC_1171704,0,0.051347993,inner_val
ISIC_1179209,0,0.010246972,inner_val
ISIC_1182624,0,0.0042287013,inner_val
ISIC_1185853,0,0.06886581,inner_val
ISIC_1188525,0,0.005287944,inner_val
ISIC_1189461,0,0.022732863,inner_val
ISIC_1189712,0,0.017358137,inner_val
ISIC_1195961,0,0.0019677754,inner_val
ISIC_1196284,0,0.014529209,inner_val
ISIC_1196376,0,0.066212855,inner_val
ISIC_1197080,0,0.016393326,inner_val
ISIC_1197816,0,0.036732078,inner_val
ISIC_1199236,0,0.10720719,inner_val
ISIC_1200192,1,0.00967128,inner_val
ISIC_1200790,0,0.0022158877,inner_val
ISIC_1201523,0,0.06053786,inner_val
ISIC_1201857,0,0.0018842357,inner_val
ISIC_1202561,0,0.024412788,inner_val
ISIC_1203434,0,0.019934498,inner_val
ISIC_1206021,0,0.09819143,inner_val
ISIC_1206585,0,0.36023995,inner_val
ISIC_1209365,0,0.021199599,inner_val
ISIC_1210338,0,0.1424201,inner_val
ISIC_1213493,0,0.011092458,inner_val
ISIC_1216139,0,0.11048572,inner_val
ISIC_1220029,0,0.015369454,inner_val
ISIC_1231419,1,0.17834312,inner_val
ISIC_1234310,0,0.009204015,inner_val
ISIC_1234618,0,0.012345417,inner_val
ISIC_1237266,0,0.008015177,inner_val
ISIC_1247254,0,0.018580098,inner_val
ISIC_1249358,0,0.11644924,inner_val
ISIC_1251639,0,0.10151703,inner_val
ISIC_1252944,0,0.063634895,inner_val
ISIC_1253009,0,0.0038901393,inner_val
ISIC_1253435,0,0.53743726,inner_val
ISIC_1255210,0,0.16077095,inner_val
ISIC_1258271,0,0.28103763,inner_val
ISIC_1258362,0,0.06646729,inner_val
ISIC_1258756,0,0.01784303,inner_val
ISIC_1263585,0,0.040136617,inner_val
ISIC_1264950,0,0.015219642,inner_val
ISIC_1266424,0,0.096607745,inner_val
ISIC_1272768,0,0.024603441,inner_val
ISIC_1274150,0,0.0045228763,inner_val
ISIC_1277862,0,0.012164067,inner_val
ISIC_1281742,0,0.045452192,inner_val
ISIC_1282063,0,0.088962816,inner_val
ISIC_1282922,0,0.53326523,inner_val
ISIC_1290295,0,0.01860705,inner_val
ISIC_1290677,0,0.014371727,inner_val
ISIC_1293403,0,0.2566704,inner_val
ISIC_1296073,0,0.12989661,inner_val
ISIC_1299388,0,0.046143528,inner_val
ISIC_1302281,0,0.04692979,inner_val
ISIC_1303205,0,0.10101408,inner_val
ISIC_1303854,0,0.010807183,inner_val
ISIC_1306020,0,0.027997194,inner_val
ISIC_1308847,0,0.03200037,inner_val
ISIC_1310639,0,0.06671115,inner_val
ISIC_1312827,0,0.043254703,inner_val
ISIC_1314417,0,0.013932114,inner_val
ISIC_1316185,0,0.13054918,inner_val
ISIC_1321376,0,0.04905079,inner_val
ISIC_1325727,0,0.0066124983,inner_val
ISIC_1326757,0,0.1299191,inner_val
ISIC_1328488,0,0.032403596,inner_val
ISIC_1329146,0,0.039820064,inner_val
ISIC_1333049,0,0.007806531,inner_val
ISIC_1341068,0,0.13488501,inner_val
ISIC_1344155,0,0.023255846,inner_val
ISIC_1346209,0,0.0075545814,inner_val
ISIC_1348050,0,0.013102877,inner_val
ISIC_1353530,0,0.029210309,inner_val
ISIC_1353949,0,0.44631314,inner_val
ISIC_1355214,0,0.056809828,inner_val
ISIC_1355286,0,0.25036672,inner_val
ISIC_1359533,0,0.031222494,inner_val
ISIC_1361391,0,0.017840892,inner_val
ISIC_1363372,0,0.0019477125,inner_val
ISIC_1363787,0,0.03391888,inner_val
ISIC_1369310,0,0.14544824,inner_val
ISIC_1369967,1,0.1279828,inner_val
ISIC_1373573,0,0.017713452,inner_val
ISIC_1373747,0,0.44864002,inner_val
ISIC_1379601,0,0.115632795,inner_val
ISIC_1382220,0,0.11514831,inner_val
ISIC_1385033,0,0.18322687,inner_val
ISIC_1387722,0,0.11083748,inner_val
ISIC_1388650,0,0.038063496,inner_val
ISIC_1393672,0,0.0986463,inner_val
ISIC_1394013,0,0.14649223,inner_val
ISIC_1398485,0,0.05089993,inner_val
ISIC_1400825,0,0.0504811,inner_val
ISIC_1401396,0,0.0033655728,inner_val
ISIC_1401969,0,0.13175276,inner_val
ISIC_1402407,0,0.17345765,inner_val
ISIC_1404780,0,0.047145233,inner_val
ISIC_1410927,0,0.0044490024,inner_val
ISIC_1413242,0,0.16735929,inner_val
ISIC_1413343,0,0.014973808,inner_val
ISIC_1414967,0,0.008467702,inner_val
ISIC_1425961,0,0.07013193,inner_val
ISIC_1426974,0,0.24084364,inner_val
ISIC_1435656,0,0.11727679,inner_val
ISIC_1435944,0,0.05445068,inner_val
ISIC_1440063,0,0.029433243,inner_val
ISIC_1441260,0,0.015631486,inner_val
ISIC_1445957,0,0.028646424,inner_val
ISIC_1449915,0,0.36522248,inner_val
ISIC_1450315,0,0.38005188,inner_val
ISIC_1452626,0,0.0072574234,inner_val
ISIC_1456688,0,0.22105572,inner_val
ISIC_1460932,1,0.07645516,inner_val
ISIC_1462996,0,0.053614534,inner_val
ISIC_1468354,0,0.0089591285,inner_val
ISIC_1469861,0,0.045024604,inner_val
ISIC_1470271,0,0.07210768,inner_val
ISIC_1474461,1,0.11810043,inner_val
ISIC_1474577,0,0.024547288,inner_val
ISIC_1477076,0,0.0057320427,inner_val
ISIC_1479949,0,0.02289182,inner_val
ISIC_1480119,0,0.41637388,inner_val
ISIC_1481147,0,0.053739704,inner_val
ISIC_1482346,0,0.26374462,inner_val
ISIC_1484621,0,0.04275174,inner_val
ISIC_1487443,0,0.0115605295,inner_val
ISIC_1489934,0,0.04734105,inner_val
ISIC_1493235,0,0.4194191,inner_val
ISIC_1494033,0,0.03712898,inner_val
ISIC_1495793,0,0.012672656,inner_val
ISIC_1500060,0,0.016351897,inner_val
ISIC_1500139,0,0.004656111,inner_val
ISIC_1502442,0,0.0336928,inner_val
ISIC_1504257,0,0.0036247065,inner_val
ISIC_1513596,0,0.20288832,inner_val
ISIC_1515543,0,0.0038585402,inner_val
ISIC_1518461,0,0.41524363,inner_val
ISIC_1521803,0,0.16498847,inner_val
ISIC_1526502,0,0.10652465,inner_val
ISIC_1526593,0,0.0028294807,inner_val
ISIC_1527418,0,0.014429078,inner_val
ISIC_1533630,0,0.14154354,inner_val
ISIC_1536177,0,0.4171028,inner_val
ISIC_1537638,0,0.21105383,inner_val
ISIC_1537939,0,0.5058945,inner_val
ISIC_1537958,0,0.051085103,inner_val
ISIC_1545213,0,0.029543916,inner_val
ISIC_1546020,0,0.017759226,inner_val
ISIC_1546653,0,0.0025758385,inner_val
ISIC_1555147,0,0.5181067,inner_val
ISIC_1565767,0,0.018118046,inner_val
ISIC_1565890,0,0.12402895,inner_val
ISIC_1566931,0,0.2169668,inner_val
ISIC_1569403,0,0.25407237,inner_val
ISIC_1569775,0,0.0071566086,inner_val
ISIC_1570580,0,0.0021587734,inner_val
ISIC_1571442,0,0.011088724,inner_val
ISIC_1574947,0,0.19383836,inner_val
ISIC_1577621,0,0.018321365,inner_val
ISIC_1580767,0,0.21531714,inner_val
ISIC_1583715,0,0.04288341,inner_val
ISIC_1584535,0,0.007843073,inner_val
ISIC_1591911,0,0.028847003,inner_val
ISIC_1591931,0,0.22579455,inner_val
ISIC_1595496,0,0.0080476925,inner_val
ISIC_1596868,0,0.004769911,inner_val
ISIC_1600975,0,0.08914826,inner_val
ISIC_1613328,0,0.024490496,inner_val
ISIC_1620401,1,0.24014138,inner_val
ISIC_1626069,0,0.02091043,inner_val
ISIC_1629433,0,0.10646342,inner_val
ISIC_1630301,1,0.6883449,inner_val
ISIC_1631082,0,0.15373433,inner_val
ISIC_1632696,0,0.20941263,inner_val
ISIC_1633078,0,0.011022393,inner_val
ISIC_1633315,0,0.005278616,inner_val
ISIC_1640666,0,0.093291685,inner_val
ISIC_1641637,0,0.20499414,inner_val
ISIC_1644520,0,0.09342045,inner_val
ISIC_1649410,0,0.09506903,inner_val
ISIC_1652897,0,0.016270919,inner_val
ISIC_1655931,0,0.032745816,inner_val
ISIC_1661324,0,0.0027954918,inner_val
ISIC_1668077,0,0.01144128,inner_val
ISIC_1668944,0,0.21325792,inner_val
ISIC_1671258,0,0.15232083,inner_val
ISIC_1671282,0,0.030849878,inner_val
ISIC_1672688,0,0.078841306,inner_val
ISIC_1676689,0,0.3351564,inner_val
ISIC_1685257,0,0.22221313,inner_val
ISIC_1687278,0,0.007161489,inner_val
ISIC_1690665,0,0.18031824,inner_val
ISIC_1691732,0,0.13648929,inner_val
ISIC_1695158,0,0.05149769,inner_val
ISIC_1695360,0,0.031074155,inner_val
ISIC_1698805,0,0.20442103,inner_val
ISIC_1706973,0,0.16009134,inner_val
ISIC_1710970,0,0.0064693904,inner_val
ISIC_1712329,0,0.011058229,inner_val
ISIC_1715110,0,0.045243215,inner_val
ISIC_1719300,0,0.031098563,inner_val
ISIC_1720411,0,0.10786263,inner_val
ISIC_1725019,0,0.11357825,inner_val
ISIC_1726410,0,0.2919592,inner_val
ISIC_1730282,0,0.005293753,inner_val
ISIC_1731109,0,0.098537475,inner_val
ISIC_1732761,0,0.04537765,inner_val
ISIC_1733130,0,0.016938917,inner_val
ISIC_1735204,0,0.06882525,inner_val
ISIC_1736914,0,0.008422765,inner_val
ISIC_1738297,0,0.08393154,inner_val
ISIC_1740186,0,0.039333593,inner_val
ISIC_1741219,0,0.04072324,inner_val
ISIC_1746702,0,0.047421426,inner_val
ISIC_1752589,0,0.07030259,inner_val
ISIC_1753360,0,0.15590039,inner_val
ISIC_1760981,0,0.0061875046,inner_val
ISIC_1761878,0,0.06794057,inner_val
ISIC_1762555,0,0.4150147,inner_val
ISIC_1763183,0,0.0714127,inner_val
ISIC_1763257,0,0.085738674,inner_val
ISIC_1767633,0,0.26338056,inner_val
ISIC_1768051,0,0.021160077,inner_val
ISIC_1768325,0,0.70180225,inner_val
ISIC_1777142,0,0.054123227,inner_val
ISIC_1777710,0,0.092795625,inner_val
ISIC_1780417,0,0.016956925,inner_val
ISIC_1783727,0,0.017934756,inner_val
ISIC_1796223,0,0.09733184,inner_val
ISIC_1800762,0,0.29240274,inner_val
ISIC_1806179,0,0.48771843,inner_val
ISIC_1807812,0,0.076170094,inner_val
ISIC_1809444,0,0.04509382,inner_val
ISIC_1813445,0,0.0021721595,inner_val
ISIC_1819531,0,0.035898764,inner_val
ISIC_1821113,0,0.10533182,inner_val
ISIC_1821825,0,0.0013359956,inner_val
ISIC_1823006,0,0.31385788,inner_val
ISIC_1828419,0,0.082425885,inner_val
ISIC_1831325,0,0.018925471,inner_val
ISIC_1836661,0,0.090721816,inner_val
ISIC_1838216,0,0.44877777,inner_val
ISIC_1843053,0,0.05118837,inner_val
ISIC_1843497,0,0.01295772,inner_val
ISIC_1845450,0,0.35043004,inner_val
ISIC_1849014,0,0.22517388,inner_val
ISIC_1850483,0,0.0027449005,inner_val
ISIC_1858989,0,0.009223542,inner_val
ISIC_1860548,0,0.16239086,inner_val
ISIC_1862506,0,0.06663511,inner_val
ISIC_1874969,0,0.017081378,inner_val
ISIC_1878082,0,0.0053549367,inner_val
ISIC_1878481,0,0.18456642,inner_val
ISIC_1881035,0,0.039971773,inner_val
ISIC_1884191,0,0.013955823,inner_val
ISIC_1887282,0,0.07393681,inner_val
ISIC_1896191,0,0.10602773,inner_val
ISIC_1897507,0,0.37619725,inner_val
ISIC_1899198,0,0.3302478,inner_val
ISIC_1901615,0,0.0074651926,inner_val
ISIC_1904481,0,0.0018883501,inner_val
ISIC_1905855,0,0.034584112,inner_val
ISIC_1920523,0,0.038217716,inner_val
ISIC_1921883,0,0.31241602,inner_val
ISIC_1924232,0,0.0041406243,inner_val
ISIC_1924365,0,0.1282386,inner_val
ISIC_1925533,0,0.004728358,inner_val
ISIC_1928510,0,0.020975513,inner_val
ISIC_1929320,0,0.3235953,inner_val
ISIC_1930604,0,0.058695797,inner_val
ISIC_1932394,0,0.093967035,inner_val
ISIC_1932486,0,0.1015344,inner_val
ISIC_1932729,0,0.085987106,inner_val
ISIC_1935109,0,0.018253308,inner_val
ISIC_1935643,0,0.0045500086,inner_val
ISIC_1945604,0,0.013939099,inner_val
ISIC_1951999,0,0.012498795,inner_val
ISIC_1957625,0,0.057343956,inner_val
ISIC_1959040,0,0.023426747,inner_val
ISIC_1960468,0,0.012183024,inner_val
ISIC_1963919,0,0.22589713,inner_val
ISIC_1970368,0,0.004032941,inner_val
ISIC_1976135,0,0.029837536,inner_val
ISIC_1976444,0,0.08812057,inner_val
ISIC_1977241,0,0.13905644,inner_val
ISIC_1980111,0,0.12421967,inner_val
ISIC_1988335,0,0.013791635,inner_val
ISIC_1996356,0,0.18136963,inner_val
ISIC_1998942,0,0.09835326,inner_val
ISIC_2000240,0,0.29029676,inner_val
ISIC_2005921,0,0.35412917,inner_val
ISIC_2013861,0,0.091744505,inner_val
ISIC_2016586,0,0.21780898,inner_val
ISIC_2017991,0,0.0058937697,inner_val
ISIC_2019386,0,0.031294655,inner_val
ISIC_2021413,0,0.030259198,inner_val
ISIC_2023594,0,0.01315236,inner_val
ISIC_2031252,0,0.0056403065,inner_val
ISIC_2031794,0,0.0061033852,inner_val
ISIC_2033832,0,0.08145728,inner_val
ISIC_2034311,0,0.16549493,inner_val
ISIC_2038024,0,0.017251594,inner_val
ISIC_2038794,0,0.059984315,inner_val
ISIC_2043431,0,0.0034592242,inner_val
ISIC_2054705,0,0.07017501,inner_val
ISIC_2056352,0,0.010391016,inner_val
ISIC_2057707,0,0.006417668,inner_val
ISIC_2057990,0,0.17703836,inner_val
ISIC_2063479,0,0.0738812,inner_val
ISIC_2063937,0,0.0534058,inner_val
ISIC_2064084,0,0.020504093,inner_val
ISIC_2066825,0,0.3120689,inner_val
ISIC_2066959,0,0.2125739,inner_val
ISIC_2070441,0,0.0811042,inner_val
ISIC_2075372,0,0.0082145715,inner_val
ISIC_2075596,0,0.008605917,inner_val
ISIC_2083098,0,0.10656986,inner_val
ISIC_2085855,0,0.018911395,inner_val
ISIC_2086082,0,0.017748075,inner_val
ISIC_2092150,0,0.0683637,inner_val
ISIC_2092911,0,0.0058877883,inner_val
ISIC_2097198,0,0.016024807,inner_val
ISIC_2099059,0,0.16031384,inner_val
ISIC_2099315,0,0.014132137,inner_val
ISIC_2100445,0,0.19381344,inner_val
ISIC_2108823,0,0.0620478,inner_val
ISIC_2109658,0,0.0646826,inner_val
ISIC_2114522,0,0.040699348,inner_val
ISIC_2115136,0,0.37423941,inner_val
ISIC_2115645,0,0.28881803,inner_val
ISIC_2119925,0,0.0035802207,inner_val
ISIC_2123846,0,0.030155085,inner_val
ISIC_2126411,0,0.13106148,inner_val
ISIC_2129639,0,0.001327194,inner_val
ISIC_2134753,0,0.38143504,inner_val
ISIC_2136243,0,0.10732662,inner_val
ISIC_2136533,0,0.05791272,inner_val
ISIC_2139387,0,0.12368442,inner_val
ISIC_2140099,0,0.2813062,inner_val
ISIC_2141786,0,0.0018396064,inner_val
ISIC_2144220,0,0.035472713,inner_val
ISIC_2146346,0,0.06242608,inner_val
ISIC_2147549,0,0.11984602,inner_val
ISIC_2150997,0,0.29868555,inner_val
ISIC_2153159,0,0.038034238,inner_val
ISIC_2154237,0,0.20785448,inner_val
ISIC_2158871,0,0.3915818,inner_val
ISIC_2159294,0,0.40439555,inner_val
ISIC_2162120,0,0.2771393,inner_val
ISIC_2162458,0,0.09175323,inner_val
ISIC_2162542,0,0.0106040295,inner_val
ISIC_2172532,0,0.08884835,inner_val
ISIC_2175722,0,0.015346559,inner_val
ISIC_2178032,0,0.013406483,inner_val
ISIC_2183559,0,0.012365078,inner_val
ISIC_2186853,0,0.016165031,inner_val
ISIC_2192973,0,0.021259638,inner_val
ISIC_2195070,0,0.5167579,inner_val
ISIC_2205007,0,0.73375416,inner_val
ISIC_2207693,0,0.017933454,inner_val
ISIC_2211811,0,0.041680235,inner_val
ISIC_2216833,0,0.0444287,inner_val
ISIC_2221993,0,0.24970503,inner_val
ISIC_2222879,0,0.012606007,inner_val
ISIC_2225680,0,0.1771092,inner_val
ISIC_2228053,0,0.014518247,inner_val
ISIC_2231591,0,0.007067194,inner_val
ISIC_2239134,0,0.007326724,inner_val
ISIC_2241755,0,0.027706433,inner_val
ISIC_2246839,0,0.008890679,inner_val
ISIC_2249623,0,0.1569697,inner_val
ISIC_2251480,0,0.15937969,inner_val
ISIC_2252651,0,0.01783116,inner_val
ISIC_2253931,0,0.036795475,inner_val
ISIC_2260249,0,0.073864736,inner_val
ISIC_2261306,0,0.14259389,inner_val
ISIC_2269117,0,0.027611649,inner_val
ISIC_2270571,0,0.045138128,inner_val
ISIC_2275909,0,0.016903317,inner_val
ISIC_2278564,0,0.009954603,inner_val
ISIC_2279765,0,0.0032918903,inner_val
ISIC_2280429,0,0.013142183,inner_val
ISIC_2281090,0,0.016828898,inner_val
ISIC_2283702,0,0.026664892,inner_val
ISIC_2284138,0,0.14256519,inner_val
ISIC_2288896,0,0.12646005,inner_val
ISIC_2291021,0,0.27477637,inner_val
ISIC_2292593,0,0.18249232,inner_val
ISIC_2306330,0,0.115739904,inner_val
ISIC_2309037,0,0.0224049,inner_val
ISIC_2310105,0,0.05485361,inner_val
ISIC_2310167,0,0.05955685,inner_val
ISIC_2311709,0,0.005858078,inner_val
ISIC_2315560,0,0.0026834132,inner_val
ISIC_2321403,0,0.50063753,inner_val
ISIC_2321699,0,0.08890214,inner_val
ISIC_2322347,0,0.018208995,inner_val
ISIC_2322693,0,0.07768806,inner_val
ISIC_2326179,0,0.024166392,inner_val
ISIC_2327393,0,0.19330657,inner_val
ISIC_2341875,1,0.44169983,inner_val
ISIC_2344309,0,0.022725651,inner_val
ISIC_2360676,0,0.072700135,inner_val
ISIC_2361997,0,0.1640322,inner_val
ISIC_2366652,0,0.02330073,inner_val
ISIC_2368518,0,0.0070478963,inner_val
ISIC_2369986,0,0.056716345,inner_val
ISIC_2375233,0,0.18381128,inner_val
ISIC_2375394,0,0.019462429,inner_val
ISIC_2375871,0,0.012924117,inner_val
ISIC_2380895,0,0.003564751,inner_val
ISIC_2381167,0,0.16518112,inner_val
ISIC_2384341,0,0.006739468,inner_val
ISIC_2384774,0,0.11510779,inner_val
ISIC_2394181,0,0.11461101,inner_val
ISIC_2395859,0,0.014658702,inner_val
ISIC_2398511,0,0.024280215,inner_val
ISIC_2398526,0,0.19354016,inner_val
ISIC_2399314,0,0.08067614,inner_val
ISIC_2399943,0,0.25087404,inner_val
ISIC_2401734,0,0.08977893,inner_val
ISIC_2404804,0,0.041832026,inner_val
ISIC_2406492,1,0.07212725,inner_val
ISIC_2412805,0,0.038164776,inner_val
ISIC_2412888,0,0.015223609,inner_val
ISIC_2414367,0,0.08029709,inner_val
ISIC_2414373,0,0.011819072,inner_val
ISIC_2418389,0,0.014830506,inner_val
ISIC_2420067,0,0.04324806,inner_val
ISIC_2421486,0,0.084207796,inner_val
ISIC_2423162,0,0.0055550225,inner_val
ISIC_2430489,0,0.09807675,inner_val
ISIC_2436371,0,0.08259727,inner_val
ISIC_2438305,0,0.37549096,inner_val
ISIC_2438329,0,0.052582845,inner_val
ISIC_2445710,0,0.017687485,inner_val
ISIC_2449103,0,0.030960828,inner_val
ISIC_2456291,0,0.098604575,inner_val
ISIC_2456960,0,0.019162048,inner_val
ISIC_2461602,0,0.0869706,inner_val
ISIC_2470795,0,0.007897075,inner_val
ISIC_2476624,0,0.031564567,inner_val
ISIC_2478104,0,0.2836427,inner_val
ISIC_2479346,0,0.37808996,inner_val
ISIC_2482016,0,0.15993649,inner_val
ISIC_2482899,0,0.013306209,inner_val
ISIC_2483825,0,0.25555557,inner_val
ISIC_2485946,0,0.15878125,inner_val
ISIC_2486088,0,0.014675482,inner_val
ISIC_2487173,0,0.05776715,inner_val
ISIC_2491020,0,0.011536134,inner_val
ISIC_2492859,0,0.07821903,inner_val
ISIC_2493376,0,0.008109463,inner_val
ISIC_2495762,0,0.65381473,inner_val
ISIC_2496068,0,0.4233412,inner_val
ISIC_2500008,0,0.02853152,inner_val
ISIC_2502377,0,0.12870988,inner_val
ISIC_2507845,0,0.23816039,inner_val
ISIC_2508759,0,0.015561002,inner_val
ISIC_2511975,0,0.16308151,inner_val
ISIC_2513338,0,0.051506974,inner_val
ISIC_2516069,0,0.16981068,inner_val
ISIC_2518505,0,0.0767803,inner_val
ISIC_2520736,0,0.014010087,inner_val
ISIC_2528618,0,0.05565138,inner_val
ISIC_2535558,0,0.0133049125,inner_val
ISIC_2537598,0,0.012765141,inner_val
ISIC_2543280,0,0.47511008,inner_val
ISIC_2544309,0,0.009681576,inner_val
ISIC_2546644,0,0.016235018,inner_val
ISIC_2549673,0,0.008320509,inner_val
ISIC_2554942,0,0.008307191,inner_val
ISIC_2560287,0,0.20870827,inner_val
ISIC_2562668,0,0.1440651,inner_val
ISIC_2567644,0,0.040361118,inner_val
ISIC_2567786,0,0.05775264,inner_val
ISIC_2568066,0,0.20341952,inner_val
ISIC_2568485,0,0.020858036,inner_val
ISIC_2578539,0,0.047143932,inner_val
ISIC_2580289,0,0.0044651628,inner_val
ISIC_2581307,0,0.021139432,inner_val
ISIC_2583592,0,0.049656577,inner_val
ISIC_2586487,0,0.70801,inner_val
ISIC_2590211,0,0.01148906,inner_val
ISIC_2592034,0,0.05439381,inner_val
ISIC_2592814,0,0.048785843,inner_val
ISIC_2604813,0,0.040660754,inner_val
ISIC_2605118,0,0.14978318,inner_val
ISIC_2606024,0,0.033166863,inner_val
ISIC_2616343,0,0.00551292,inner_val
ISIC_2620837,0,0.061805382,inner_val
ISIC_2624451,0,0.0029653162,inner_val
ISIC_2637795,0,0.052162055,inner_val
ISIC_2638895,0,0.015242241,inner_val
ISIC_2639547,0,0.051906995,inner_val
ISIC_2645333,0,0.14360957,inner_val
ISIC_2646829,1,0.43703303,inner_val
ISIC_2647269,0,0.03947024,inner_val
ISIC_2654197,0,0.008293465,inner_val
ISIC_2655423,0,0.34954554,inner_val
ISIC_2659591,0,0.1983312,inner_val
ISIC_2659758,0,0.17514756,inner_val
ISIC_2667199,0,0.05204948,inner_val
ISIC_2669526,0,0.11846365,inner_val
ISIC_2671817,0,0.16787139,inner_val
ISIC_2673511,0,0.06295211,inner_val
ISIC_2673871,0,0.014934585,inner_val
ISIC_2680689,0,0.077611454,inner_val
ISIC_2683083,0,0.053174254,inner_val
ISIC_2684246,0,0.016755039,inner_val
ISIC_2688897,0,0.0050941817,inner_val
ISIC_2694383,0,0.29939917,inner_val
ISIC_2696646,0,0.0076346453,inner_val
ISIC_2699336,0,0.015557503,inner_val
ISIC_2706407,0,0.029473016,inner_val
ISIC_2708737,0,0.0032194776,inner_val
ISIC_2712018,0,0.007371134,inner_val
ISIC_2715791,0,0.013467192,inner_val
ISIC_2721512,0,0.0789646,inner_val
ISIC_2726326,0,0.0096689975,inner_val
ISIC_2726665,0,0.16237302,inner_val
ISIC_2727016,0,0.57849914,inner_val
ISIC_2729109,0,0.12038394,inner_val
ISIC_2736625,0,0.028558275,inner_val
ISIC_2737372,0,0.16287,inner_val
ISIC_2742503,0,0.0038777238,inner_val
ISIC_2743708,0,0.48791373,inner_val
ISIC_2750991,0,0.050891105,inner_val
ISIC_2752607,0,0.0044965716,inner_val
ISIC_2753279,0,0.108320944,inner_val
ISIC_2755037,0,0.015356275,inner_val
ISIC_2755395,0,0.01247141,inner_val
ISIC_2760961,0,0.06985845,inner_val
ISIC_2761440,0,0.7297428,inner_val
ISIC_2762964,0,0.1091166,inner_val
ISIC_2763919,0,0.60865635,inner_val
ISIC_2769835,0,0.30599034,inner_val
ISIC_2774435,0,0.07449401,inner_val
ISIC_2779357,0,0.07702085,inner_val
ISIC_2779787,0,0.03119904,inner_val
ISIC_2779797,0,0.03989694,inner_val
ISIC_2780122,0,0.2407694,inner_val
ISIC_2783331,0,0.011439134,inner_val
ISIC_2783810,0,0.0038878396,inner_val
ISIC_2784664,0,0.094198816,inner_val
ISIC_2788026,0,0.06199634,inner_val
ISIC_2791338,0,0.03894512,inner_val
ISIC_2792035,0,0.030451795,inner_val
ISIC_2792248,0,0.12383476,inner_val
ISIC_2798100,0,0.24381344,inner_val
ISIC_2799447,0,0.03995894,inner_val
ISIC_2804023,0,0.024861528,inner_val
ISIC_2805573,0,0.00066675124,inner_val
ISIC_2809103,0,0.31994006,inner_val
ISIC_2818042,0,0.041200284,inner_val
ISIC_2819798,0,0.05068603,inner_val
ISIC_2822718,1,0.29592383,inner_val
ISIC_2824970,0,0.05769479,inner_val
ISIC_2827098,0,0.0072417776,inner_val
ISIC_2829414,0,0.011104437,inner_val
ISIC_2830887,0,0.36530283,inner_val
ISIC_2841488,0,0.0030185017,inner_val
ISIC_2842532,0,0.0019142631,inner_val
ISIC_2845104,0,0.36784565,inner_val
ISIC_2847555,0,0.0072675752,inner_val
ISIC_2854416,0,0.09429008,inner_val
ISIC_2855052,0,0.23948003,inner_val
ISIC_2859888,0,0.019948151,inner_val
ISIC_2860800,0,0.019854475,inner_val
ISIC_2872107,0,0.0043242136,inner_val
ISIC_2885265,0,0.03717941,inner_val
ISIC_2887668,0,0.009621508,inner_val
ISIC_2892593,0,0.16126144,inner_val
ISIC_2893340,0,0.020381404,inner_val
ISIC_2897249,0,0.0048741177,inner_val
ISIC_2900048,0,0.044410814,inner_val
ISIC_2900357,0,0.08661033,inner_val
ISIC_2901605,0,0.06437668,inner_val
ISIC_2902504,0,0.27721542,inner_val
ISIC_2904884,0,0.005906445,inner_val
ISIC_2916677,0,0.37942392,inner_val
ISIC_2932886,0,0.47626653,inner_val
ISIC_2933202,0,0.0805901,inner_val
ISIC_2939356,0,0.009253816,inner_val
ISIC_2940763,0,0.4939165,inner_val
ISIC_2941560,0,0.025848497,inner_val
ISIC_2944487,0,0.013659277,inner_val
ISIC_2948811,0,0.08244206,inner_val
ISIC_2953962,0,0.34507775,inner_val
ISIC_2956763,0,0.0071109678,inner_val
ISIC_2957732,1,0.06964175,inner_val
ISIC_2959719,0,0.1940557,inner_val
ISIC_2960377,0,0.26964116,inner_val
ISIC_2963464,0,0.5053751,inner_val
ISIC_2968532,0,0.25636315,inner_val
ISIC_2969968,0,0.051250495,inner_val
ISIC_2977144,0,0.012244787,inner_val
ISIC_2978592,0,0.01063179,inner_val
ISIC_2981881,0,0.0014500174,inner_val
ISIC_2981912,0,0.4305816,inner_val
ISIC_2982945,0,0.03512467,inner_val
ISIC_2985724,0,0.062098674,inner_val
ISIC_2987630,0,0.041320477,inner_val
ISIC_2988460,0,0.011981476,inner_val
ISIC_2988753,0,0.026367318,inner_val
ISIC_2988832,0,0.0078852335,inner_val
ISIC_2988993,0,0.1568939,inner_val
ISIC_2989918,0,0.0042917356,inner_val
ISIC_2994772,0,0.002366033,inner_val
ISIC_2997601,0,0.04633692,inner_val
ISIC_3001328,0,0.035714112,inner_val
ISIC_3001380,0,0.00386338,inner_val
ISIC_3005651,0,0.19087978,inner_val
ISIC_3006101,0,0.09710902,inner_val
ISIC_3006279,0,0.03830919,inner_val
ISIC_3006507,0,0.002038455,inner_val
ISIC_3010550,0,0.004402819,inner_val
ISIC_3012305,0,0.0642516,inner_val
ISIC_3019041,0,0.14765699,inner_val
ISIC_3025329,0,0.062262457,inner_val
ISIC_3025780,0,0.018582692,inner_val
ISIC_3026023,0,0.47109532,inner_val
ISIC_3026660,0,0.15699673,inner_val
ISIC_3028705,0,0.16221964,inner_val
ISIC_3030065,0,0.037396826,inner_val
ISIC_3037890,0,0.045387,inner_val
ISIC_3038869,0,0.101965584,inner_val
ISIC_3039707,0,0.15049474,inner_val
ISIC_3045537,0,0.015015361,inner_val
ISIC_3049028,0,0.017703647,inner_val
ISIC_3049301,0,0.24733317,inner_val
ISIC_3056509,0,0.0031073005,inner_val
ISIC_3064103,0,0.00763225,inner_val
ISIC_3064807,0,0.021614777,inner_val
ISIC_3065253,0,0.0088054305,inner_val
ISIC_3067949,0,0.40664586,inner_val
ISIC_3072343,0,0.006144932,inner_val
ISIC_3085239,0,0.012602899,inner_val
ISIC_3087433,0,0.010118345,inner_val
ISIC_3089119,0,0.043260597,inner_val
ISIC_3090246,0,0.0021395087,inner_val
ISIC_3090826,0,0.17352507,inner_val
ISIC_3091457,0,0.043567516,inner_val
ISIC_3097253,0,0.1332774,inner_val
ISIC_3099438,0,0.38570186,inner_val
ISIC_3105924,0,0.05572695,inner_val
ISIC_3111591,0,0.2866398,inner_val
ISIC_3113485,0,0.09584715,inner_val
ISIC_3115419,0,0.40557632,inner_val
ISIC_3116288,0,0.08783416,inner_val
ISIC_3116777,0,0.037334833,inner_val
ISIC_3118435,0,0.030002913,inner_val
ISIC_3121451,0,0.31155083,inner_val
ISIC_3131292,0,0.057649903,inner_val
ISIC_3132378,0,0.18262568,inner_val
ISIC_3140022,0,0.00070716604,inner_val
ISIC_3146092,0,0.02192526,inner_val
ISIC_3152305,0,0.6419717,inner_val
ISIC_3154509,0,0.01823139,inner_val
ISIC_3155003,0,0.006092565,inner_val
ISIC_3158860,0,0.32683542,inner_val
ISIC_3165425,0,0.010214419,inner_val
ISIC_3169566,0,0.055018876,inner_val
ISIC_3170155,0,0.01857859,inner_val
ISIC_3171941,0,0.37811252,inner_val
ISIC_3175883,0,0.080071814,inner_val
ISIC_3178212,0,0.008430805,inner_val
ISIC_3181899,0,0.019448195,inner_val
ISIC_3182374,0,0.017384607,inner_val
ISIC_3183794,0,0.031050967,inner_val
ISIC_3185664,0,0.5704906,inner_val
ISIC_3193988,0,0.3039684,inner_val
ISIC_3197069,0,0.029336276,inner_val
ISIC_3198071,0,0.17445423,inner_val
ISIC_3198731,0,0.0039748685,inner_val
ISIC_3204481,0,0.015280596,inner_val
ISIC_3209641,0,0.17220035,inner_val
ISIC_3210728,0,0.035206635,inner_val
ISIC_3213318,0,0.0103180595,inner_val
ISIC_3213469,0,0.1056667,inner_val
ISIC_3216482,0,0.30151707,inner_val
ISIC_3217061,0,0.02685941,inner_val
ISIC_3218227,0,0.01023301,inner_val
ISIC_3219662,0,0.009358745,inner_val
ISIC_3228186,0,0.039257824,inner_val
ISIC_3228711,0,0.18686478,inner_val
ISIC_3230575,0,0.006153695,inner_val
ISIC_3232811,0,0.5482081,inner_val
ISIC_3234816,0,0.04075591,inner_val
ISIC_3237290,0,0.025694702,inner_val
ISIC_3237364,0,0.07352583,inner_val
ISIC_3241558,0,0.16123039,inner_val
ISIC_3242165,0,0.0127043575,inner_val
ISIC_3245980,0,0.19519876,inner_val
ISIC_3249783,0,0.008255997,inner_val
ISIC_3249958,0,0.0021880036,inner_val
ISIC_3254309,0,0.11375329,inner_val
ISIC_3262171,0,0.42806655,inner_val
ISIC_3264096,0,0.2070984,inner_val
ISIC_3265748,0,0.054487932,inner_val
ISIC_3267036,0,0.19212706,inner_val
ISIC_3270831,0,0.047116354,inner_val
ISIC_3272155,0,0.24280192,inner_val
ISIC_3272526,0,0.1581041,inner_val
ISIC_3274103,0,0.021542676,inner_val
ISIC_3288502,0,0.038365446,inner_val
ISIC_3292196,0,0.03964448,inner_val
ISIC_3292959,0,0.037913073,inner_val
ISIC_3298707,0,0.13255759,inner_val
ISIC_3301163,0,0.005973262,inner_val
ISIC_3304293,0,0.008870319,inner_val
ISIC_3304982,0,0.6472812,inner_val
ISIC_3307751,0,0.023804877,inner_val
ISIC_3309001,0,0.36240822,inner_val
ISIC_3312574,0,0.12919678,inner_val
ISIC_3315810,0,0.0033017064,inner_val
ISIC_3316665,0,0.14982235,inner_val
ISIC_3330852,0,0.07883781,inner_val
ISIC_3338703,0,0.097345784,inner_val
ISIC_3338730,0,0.37903196,inner_val
ISIC_3340180,0,0.010391672,inner_val
ISIC_3342553,0,0.1149271,inner_val
ISIC_3343475,1,0.20249979,inner_val
ISIC_3343918,0,0.13531259,inner_val
ISIC_3346045,0,0.06900813,inner_val
ISIC_3347362,0,0.015918257,inner_val
ISIC_3351500,0,0.011917239,inner_val
ISIC_3356497,0,0.0062704016,inner_val
ISIC_3357399,0,0.1228986,inner_val
ISIC_3359880,1,0.42150125,inner_val
ISIC_3360137,0,0.22229889,inner_val
ISIC_3366868,0,0.19844075,inner_val
ISIC_3371318,0,0.015105984,inner_val
ISIC_3371722,0,0.17349474,inner_val
ISIC_3372918,0,0.04506503,inner_val
ISIC_3374172,0,0.0076497826,inner_val
ISIC_3380750,0,0.033920716,inner_val
ISIC_3383093,0,0.10176796,inner_val
ISIC_3384884,0,0.0010436703,inner_val
ISIC_3385712,0,0.0037760572,inner_val
ISIC_3385846,0,0.018247224,inner_val
ISIC_3386395,0,0.23184119,inner_val
ISIC_3387470,0,0.005083588,inner_val
ISIC_3391100,0,0.08529083,inner_val
ISIC_3397963,0,0.27242026,inner_val
ISIC_3398017,0,0.056655057,inner_val
ISIC_3402778,0,0.006531188,inner_val
ISIC_3404606,0,0.11049581,inner_val
ISIC_3406519,0,0.06315024,inner_val
ISIC_3408742,0,0.0166863,inner_val
ISIC_3410459,0,0.013200441,inner_val
ISIC_3418153,0,0.078031406,inner_val
ISIC_3418447,0,0.05040705,inner_val
ISIC_3425831,0,0.024245586,inner_val
ISIC_3437036,0,0.012730312,inner_val
ISIC_3440004,0,0.037268493,inner_val
ISIC_3440583,0,0.006479515,inner_val
ISIC_3440693,0,0.5417723,inner_val
ISIC_3442539,0,0.06698194,inner_val
ISIC_3442691,0,0.020677375,inner_val
ISIC_3444192,0,0.12271129,inner_val
ISIC_3447331,0,0.07165453,inner_val
ISIC_3448546,0,0.021596469,inner_val
ISIC_3455285,0,0.0089795925,inner_val
ISIC_3455595,0,0.007765156,inner_val
ISIC_3458811,0,0.02330774,inner_val
ISIC_3460537,0,0.6013127,inner_val
ISIC_3479903,0,0.010995521,inner_val
ISIC_3481078,0,0.008386632,inner_val
ISIC_3481133,0,0.14195374,inner_val
ISIC_3481768,0,0.67912775,inner_val
ISIC_3484988,0,0.012711842,inner_val
ISIC_3485069,0,0.018524345,inner_val
ISIC_3485583,0,0.13016888,inner_val
ISIC_3485981,0,0.5335459,inner_val
ISIC_3495113,0,0.013497648,inner_val
ISIC_3495799,0,0.013005099,inner_val
ISIC_3499223,0,0.00096010143,inner_val
ISIC_3500673,0,0.02183625,inner_val
ISIC_3501997,0,0.25170967,inner_val
ISIC_3503302,0,0.03850015,inner_val
ISIC_3507198,0,0.12825334,inner_val
ISIC_3510802,0,0.23142985,inner_val
ISIC_3516857,0,0.26795995,inner_val
ISIC_3518299,0,0.00433288,inner_val
ISIC_3518444,0,0.039078124,inner_val
ISIC_3521671,0,0.008387879,inner_val
ISIC_3522874,0,0.0138669405,inner_val
ISIC_3528120,0,0.18910362,inner_val
ISIC_3531277,0,0.31672174,inner_val
ISIC_3532397,0,0.00524366,inner_val
ISIC_3533204,0,0.03630742,inner_val
ISIC_3536231,0,0.276214,inner_val
ISIC_3536848,0,0.26533577,inner_val
ISIC_3537191,0,0.02440447,inner_val
ISIC_3537571,0,0.25745395,inner_val
ISIC_3538402,0,0.067774154,inner_val
ISIC_3542273,0,0.05791594,inner_val
ISIC_3551685,0,0.023054034,inner_val
ISIC_3557706,0,0.08233026,inner_val
ISIC_3559215,0,0.072707705,inner_val
ISIC_3560566,0,0.1438266,inner_val
ISIC_3561539,0,0.06851711,inner_val
ISIC_3562461,0,0.013001649,inner_val
ISIC_3562968,0,0.039922077,inner_val
ISIC_3565508,0,0.23300488,inner_val
ISIC_3566897,0,0.108852506,inner_val
ISIC_3569965,0,0.0024669853,inner_val
ISIC_3573323,0,0.044932924,inner_val
ISIC_3575814,0,0.46843737,inner_val
ISIC_3583880,0,0.01939583,inner_val
ISIC_3585381,0,0.014601222,inner_val
ISIC_3585737,0,0.18135138,inner_val
ISIC_3591025,0,0.0027247805,inner_val
ISIC_3592022,0,0.023396274,inner_val
ISIC_3596927,0,0.003461117,inner_val
ISIC_3601744,0,0.076831624,inner_val
ISIC_3605210,0,0.05073923,inner_val
ISIC_3609081,0,0.024105439,inner_val
ISIC_3611014,0,0.0027539858,inner_val
ISIC_3612630,0,0.029375343,inner_val
ISIC_3615391,0,0.025028026,inner_val
ISIC_3617159,0,0.042765483,inner_val
ISIC_3617229,0,0.0027240019,inner_val
ISIC_3619052,0,0.087266356,inner_val
ISIC_3619200,0,0.025235621,inner_val
ISIC_3629278,0,0.101626396,inner_val
ISIC_3629614,0,0.04004899,inner_val
ISIC_3635602,0,0.015657526,inner_val
ISIC_3640675,0,0.02111359,inner_val
ISIC_3643861,0,0.030580442,inner_val
ISIC_3649113,0,0.022775201,inner_val
ISIC_3651274,0,0.16003816,inner_val
ISIC_3653492,0,0.025005143,inner_val
ISIC_3654454,0,0.299216,inner_val
ISIC_3659739,0,0.0024808212,inner_val
ISIC_3665147,0,0.16151161,inner_val
ISIC_3667693,0,0.016650677,inner_val
ISIC_3669954,0,0.15476172,inner_val
ISIC_3671424,0,0.09081109,inner_val
ISIC_3677336,0,0.11124524,inner_val
ISIC_3684488,1,0.21755442,inner_val
ISIC_3686322,0,0.025089053,inner_val
ISIC_3686329,0,0.0026299811,inner_val
ISIC_3703990,0,0.009476538,inner_val
ISIC_3704492,0,0.0021197675,inner_val
ISIC_3706506,0,0.029529413,inner_val
ISIC_3707185,0,0.516532,inner_val
ISIC_3707360,0,0.209052,inner_val
ISIC_3708400,0,0.0068448633,inner_val
ISIC_3720096,0,0.006767885,inner_val
ISIC_3720748,0,0.023940828,inner_val
ISIC_3726355,0,0.15522546,inner_val
ISIC_3728170,0,0.44166896,inner_val
ISIC_3731040,0,0.004893709,inner_val
ISIC_3733131,0,0.0040769875,inner_val
ISIC_3743283,0,0.02058132,inner_val
ISIC_3743409,0,0.014093518,inner_val
ISIC_3745639,0,0.06428203,inner_val
ISIC_3751001,0,0.3826065,inner_val
ISIC_3757997,0,0.035372462,inner_val
ISIC_3760096,0,0.0029693265,inner_val
ISIC_3765394,0,0.06861856,inner_val
ISIC_3768701,0,0.030918451,inner_val
ISIC_3768748,0,0.008153966,inner_val
ISIC_3769211,0,0.3406768,inner_val
ISIC_3769485,0,0.09647738,inner_val
ISIC_3771814,0,0.014729506,inner_val
ISIC_3780571,0,0.014647823,inner_val
ISIC_3783114,0,0.0015992906,inner_val
ISIC_3787558,0,0.12061468,inner_val
ISIC_3801938,0,0.43482557,inner_val
ISIC_3802785,0,0.01051782,inner_val
ISIC_3802812,0,0.19890186,inner_val
ISIC_3805329,0,0.012103583,inner_val
ISIC_3808474,0,0.02795359,inner_val
ISIC_3809762,0,0.74413544,inner_val
ISIC_3812918,0,0.0686585,inner_val
ISIC_3816570,0,0.006896241,inner_val
ISIC_3816833,0,0.008709725,inner_val
ISIC_3829609,0,0.012915578,inner_val
ISIC_3833253,0,0.025485802,inner_val
ISIC_3841073,0,0.019507967,inner_val
ISIC_3844839,0,0.21714324,inner_val
ISIC_3846236,0,0.0031363217,inner_val
ISIC_3854244,0,0.025033277,inner_val
ISIC_3859689,0,0.026787573,inner_val
ISIC_3860032,0,0.049272485,inner_val
ISIC_3861343,0,0.05158613,inner_val
ISIC_3862621,0,0.0012480994,inner_val
ISIC_3863276,0,0.0369354,inner_val
ISIC_3865503,0,0.022183416,inner_val
ISIC_3868370,0,0.1267059,inner_val
ISIC_3871153,0,0.044221427,inner_val
ISIC_3874043,0,0.006362129,inner_val
ISIC_3875681,0,0.17863859,inner_val
ISIC_3877643,0,0.1601349,inner_val
ISIC_3884221,0,0.3476003,inner_val
ISIC_3890800,0,0.131295,inner_val
ISIC_3890835,0,0.05007241,inner_val
ISIC_3908910,0,0.0448151,inner_val
ISIC_3909039,1,0.16751845,inner_val
ISIC_3911850,0,0.0037145584,inner_val
ISIC_3917053,0,0.0236082,inner_val
ISIC_3917284,0,0.018337943,inner_val
ISIC_3917306,0,0.024941482,inner_val
ISIC_3918592,0,0.029668072,inner_val
ISIC_3934537,0,0.038931396,inner_val
ISIC_3939820,0,0.75397104,inner_val
ISIC_3941147,0,0.007881825,inner_val
ISIC_3944634,1,0.057044208,inner_val
ISIC_3945529,0,0.20729569,inner_val
ISIC_3955379,0,0.11829512,inner_val
ISIC_3961380,0,0.29859567,inner_val
ISIC_3965087,1,0.30852517,inner_val
ISIC_3967213,0,0.009075234,inner_val
ISIC_3967953,0,0.0036557051,inner_val
ISIC_3969411,1,0.8098628,inner_val
ISIC_3971830,0,0.003937232,inner_val
ISIC_3979225,0,0.04077835,inner_val
ISIC_3992028,0,0.038687263,inner_val
ISIC_3992996,0,0.028032076,inner_val
ISIC_3999125,0,0.14064649,inner_val
ISIC_4001269,0,0.097947486,inner_val
ISIC_4001815,0,0.10550804,inner_val
ISIC_4004269,0,0.048263397,inner_val
ISIC_4013692,0,0.012076331,inner_val
ISIC_4015349,0,0.023537565,inner_val
ISIC_4018952,0,0.0044964473,inner_val
ISIC_4020689,0,0.5578533,inner_val
ISIC_4022788,0,0.04815895,inner_val
ISIC_4024692,0,0.24899329,inner_val
ISIC_4026806,0,0.011953497,inner_val
ISIC_4029055,0,0.004421133,inner_val
ISIC_4031777,0,0.06841024,inner_val
ISIC_4033523,0,0.23718062,inner_val
ISIC_4037228,0,0.060803376,inner_val
ISIC_4038942,0,0.005106701,inner_val
ISIC_4041169,0,0.028039712,inner_val
ISIC_4044272,0,0.027497288,inner_val
ISIC_4052586,0,0.10308734,inner_val
ISIC_4055833,0,0.008945235,inner_val
ISIC_4056708,0,0.06289439,inner_val
ISIC_4066707,0,0.00955921,inner_val
ISIC_4071351,0,0.094794884,inner_val
ISIC_4072221,0,0.19688116,inner_val
ISIC_4073281,0,0.0028703178,inner_val
ISIC_4077252,0,0.1013008,inner_val
ISIC_4077798,0,0.0070003667,inner_val
ISIC_4080292,0,0.13196807,inner_val
ISIC_4085644,0,0.3083888,inner_val
ISIC_4086726,0,0.083250046,inner_val
ISIC_4087028,0,0.19547024,inner_val
ISIC_4096361,0,0.033709146,inner_val
ISIC_4097632,0,0.013849756,inner_val
ISIC_4101596,0,0.15360042,inner_val
ISIC_4102774,0,0.015317016,inner_val
ISIC_4107250,0,0.059590805,inner_val
ISIC_4107574,0,0.034074545,inner_val
ISIC_4107717,0,0.06680336,inner_val
ISIC_4108397,0,0.020278512,inner_val
ISIC_4110296,0,0.0032143171,inner_val
ISIC_4123491,0,0.08590892,inner_val
ISIC_4126822,0,0.014366379,inner_val
ISIC_4130540,0,0.01636775,inner_val
ISIC_4131810,0,0.51157176,inner_val
ISIC_4131961,0,0.0062958715,inner_val
ISIC_4134969,0,0.03637845,inner_val
ISIC_4136351,0,0.007286384,inner_val
ISIC_4137093,0,0.06158468,inner_val
ISIC_4137694,0,0.029253127,inner_val
ISIC_4137821,0,0.047803484,inner_val
ISIC_4146342,0,0.10330625,inner_val
ISIC_4149704,0,0.019013043,inner_val
ISIC_4155780,0,0.004346165,inner_val
ISIC_4157237,0,0.043774504,inner_val
ISIC_4158984,0,0.28234532,inner_val
ISIC_4159621,0,0.0014850907,inner_val
ISIC_4162354,0,0.028287815,inner_val
ISIC_4162774,0,0.008669652,inner_val
ISIC_4167726,0,0.14641164,inner_val
ISIC_4171787,0,0.37803322,inner_val
ISIC_4177761,0,0.014434204,inner_val
ISIC_4178745,0,0.010258895,inner_val
ISIC_4180373,0,0.019900199,inner_val
ISIC_4180497,0,0.06756535,inner_val
ISIC_4181530,0,0.012073175,inner_val
ISIC_4184100,0,0.13228819,inner_val
ISIC_4184433,0,0.03522077,inner_val
ISIC_4188644,0,0.22743438,inner_val
ISIC_4189111,0,0.12861979,inner_val
ISIC_4190706,0,0.035931792,inner_val
ISIC_4190910,0,0.070966914,inner_val
ISIC_4192466,0,0.14864254,inner_val
ISIC_4198984,0,0.02220798,inner_val
ISIC_4200673,0,0.056510054,inner_val
ISIC_4201327,0,0.12704249,inner_val
ISIC_4202054,0,0.42294785,inner_val
ISIC_4204880,0,0.17381315,inner_val
ISIC_4205922,0,0.010762111,inner_val
ISIC_4207079,0,0.3091102,inner_val
ISIC_4210740,0,0.016945167,inner_val
ISIC_4212454,0,0.31302357,inner_val
ISIC_4215060,0,0.0078622205,inner_val
ISIC_4220010,0,0.013557112,inner_val
ISIC_4230432,0,0.03341843,inner_val
ISIC_4232370,0,0.02365322,inner_val
ISIC_4235215,0,0.007603271,inner_val
ISIC_4236274,0,0.0025514353,inner_val
ISIC_4238548,0,0.0060417578,inner_val
ISIC_4242504,0,0.07921158,inner_val
ISIC_4247204,0,0.065868855,inner_val
ISIC_4247853,0,0.0036703758,inner_val
ISIC_4255923,0,0.011939079,inner_val
ISIC_4257799,0,0.07176165,inner_val
ISIC_4263017,0,0.20512891,inner_val
ISIC_4264358,0,0.011268368,inner_val
ISIC_4264826,0,0.057745006,inner_val
ISIC_4266455,0,0.042833198,inner_val
ISIC_4266467,0,0.053674344,inner_val
ISIC_4267177,0,0.15919197,inner_val
ISIC_4271377,0,0.06388307,inner_val
ISIC_4276528,0,0.022009077,inner_val
ISIC_4276933,0,0.013044269,inner_val
ISIC_4282579,0,0.08698556,inner_val
ISIC_4291750,0,0.02651082,inner_val
ISIC_4293652,0,0.01047205,inner_val
ISIC_4295092,0,0.13001426,inner_val
ISIC_4307490,0,0.011347995,inner_val
ISIC_4311436,0,0.05487777,inner_val
ISIC_4311858,0,0.002698557,inner_val
ISIC_4316571,0,0.5409479,inner_val
ISIC_4324879,0,0.015945124,inner_val
ISIC_4327071,0,0.08525263,inner_val
ISIC_4329544,0,0.014274853,inner_val
ISIC_4337318,0,0.24335109,inner_val
ISIC_4341261,0,0.017749846,inner_val
ISIC_4344995,0,0.008757685,inner_val
ISIC_4348579,0,0.047793727,inner_val
ISIC_4351306,0,0.0901059,inner_val
ISIC_4354772,0,0.3356086,inner_val
ISIC_4355229,0,0.055325493,inner_val
ISIC_4356872,0,0.06582464,inner_val
ISIC_4360908,0,0.020339692,inner_val
ISIC_4361405,0,0.31561294,inner_val
ISIC_4363603,0,0.013820235,inner_val
ISIC_4366032,0,0.011989001,inner_val
ISIC_4369805,0,0.032900922,inner_val
ISIC_4373429,0,0.30172807,inner_val
ISIC_4373835,0,0.008028537,inner_val
ISIC_4375870,0,0.083892055,inner_val
ISIC_4377059,0,0.30406377,inner_val
ISIC_4377245,0,0.665393,inner_val
ISIC_4379788,0,0.081697986,inner_val
ISIC_4382115,0,0.04319024,inner_val
ISIC_4387517,0,0.004070221,inner_val
ISIC_4387797,0,0.15935777,inner_val
ISIC_4387858,0,0.2096702,inner_val
ISIC_4388949,0,0.041164994,inner_val
ISIC_4392916,0,0.0054388777,inner_val
ISIC_4396553,0,0.08621154,inner_val
ISIC_4400664,0,0.036471415,inner_val
ISIC_4401014,0,0.25154737,inner_val
ISIC_4404649,0,0.15193413,inner_val
ISIC_4404893,0,0.012073175,inner_val
ISIC_4409266,0,0.075023465,inner_val
ISIC_4417495,0,0.11057233,inner_val
ISIC_4425322,1,0.4881899,inner_val
ISIC_4426345,0,0.019460283,inner_val
ISIC_4431858,0,0.022300525,inner_val
ISIC_4433832,0,0.41123813,inner_val
ISIC_4434040,0,0.45662227,inner_val
ISIC_4434947,0,0.0036458534,inner_val
ISIC_4442900,0,0.08115129,inner_val
ISIC_4452168,0,0.10403189,inner_val
ISIC_4455413,0,0.010208423,inner_val
ISIC_4458567,0,0.18187295,inner_val
ISIC_4461785,0,0.13381556,inner_val
ISIC_4462821,0,0.07042208,inner_val
ISIC_4462870,0,0.4907608,inner_val
ISIC_4463126,0,0.015452354,inner_val
ISIC_4463837,0,0.11613393,inner_val
ISIC_4464935,0,0.006745916,inner_val
ISIC_4465529,0,0.3144713,inner_val
ISIC_4468439,0,0.006359716,inner_val
ISIC_4470123,0,0.037426,inner_val
ISIC_4475297,0,0.409685,inner_val
ISIC_4475489,0,0.12955096,inner_val
ISIC_4482610,0,0.049937002,inner_val
ISIC_4484966,0,0.04190609,inner_val
ISIC_4487081,0,0.017034216,inner_val
ISIC_4495210,0,0.034811135,inner_val
ISIC_4500287,0,0.079809025,inner_val
ISIC_4506518,0,0.0032196064,inner_val
ISIC_4512260,0,0.27086625,inner_val
ISIC_4525243,0,0.05942089,inner_val
ISIC_4526991,0,0.36626732,inner_val
ISIC_4535809,0,0.011592444,inner_val
ISIC_4538207,0,0.0019074968,inner_val
ISIC_4538489,0,0.023300633,inner_val
ISIC_4540903,0,0.0067379554,inner_val
ISIC_4542016,0,0.0073409565,inner_val
ISIC_4545553,0,0.0831684,inner_val
ISIC_4547887,0,0.043716736,inner_val
ISIC_4548346,0,0.122116834,inner_val
ISIC_4548632,0,0.00061512674,inner_val
ISIC_4555461,0,0.014233246,inner_val
ISIC_4560338,0,0.03821533,inner_val
ISIC_4560763,0,0.013135641,inner_val
ISIC_4560814,0,0.20027599,inner_val
ISIC_4564048,0,0.025928643,inner_val
ISIC_4565254,0,0.0056230887,inner_val
ISIC_4565708,0,0.06968012,inner_val
ISIC_4574346,0,0.011053208,inner_val
ISIC_4574865,0,0.0017208855,inner_val
ISIC_4575432,0,0.0034320836,inner_val
ISIC_4575717,0,0.039753273,inner_val
ISIC_4581058,0,0.16944751,inner_val
ISIC_4587506,0,0.02856961,inner_val
ISIC_4593792,0,0.020254914,inner_val
ISIC_4594429,0,0.026307479,inner_val
ISIC_4594995,0,0.012579937,inner_val
ISIC_4595555,0,0.506537,inner_val
ISIC_4599730,0,0.025139438,inner_val
ISIC_4604137,0,0.102104336,inner_val
ISIC_4610204,0,0.20357035,inner_val
ISIC_4610907,0,0.18885975,inner_val
ISIC_4620192,0,0.06280783,inner_val
ISIC_4621548,0,0.16037615,inner_val
ISIC_4622079,0,0.005613155,inner_val
ISIC_4622902,0,0.004846115,inner_val
ISIC_4624973,0,0.43137088,inner_val
ISIC_4626159,0,0.19117272,inner_val
ISIC_4628654,0,0.09417685,inner_val
ISIC_4633003,0,0.054900486,inner_val
ISIC_4636434,0,0.41642126,inner_val
ISIC_4647398,0,0.0029501515,inner_val
ISIC_4647804,0,0.011603819,inner_val
ISIC_4648561,0,0.052667927,inner_val
ISIC_4650236,0,0.105629735,inner_val
ISIC_4654808,0,0.8567988,inner_val
ISIC_4659494,0,0.14105767,inner_val
ISIC_4660078,0,0.06667069,inner_val
ISIC_4663883,0,0.24587843,inner_val
ISIC_4668001,0,0.2547795,inner_val
ISIC_4669070,0,0.187801,inner_val
ISIC_4670831,0,0.047602765,inner_val
ISIC_4672131,0,0.03326394,inner_val
ISIC_4672918,0,0.21073467,inner_val
ISIC_4674378,0,0.042929437,inner_val
ISIC_4676270,1,0.39202517,inner_val
ISIC_4679492,0,0.013257828,inner_val
ISIC_4683695,0,0.012611416,inner_val
ISIC_4684424,0,0.010563544,inner_val
ISIC_4684714,0,0.081777774,inner_val
ISIC_4688253,0,0.018515365,inner_val
ISIC_4691943,0,0.22170655,inner_val
ISIC_4694634,0,0.0022149263,inner_val
ISIC_4695916,0,0.006969288,inner_val
ISIC_4695963,0,0.047072224,inner_val
ISIC_4697037,0,0.0036065902,inner_val
ISIC_4700532,0,0.046679527,inner_val
ISIC_4701063,0,0.18899438,inner_val
ISIC_4702027,0,0.022533322,inner_val
ISIC_4704470,0,0.004902122,inner_val
ISIC_4707552,0,0.085642695,inner_val
ISIC_4709945,0,0.10677131,inner_val
ISIC_4711662,0,0.16913971,inner_val
ISIC_4723378,0,0.21168935,inner_val
ISIC_4724738,0,0.0362951,inner_val
ISIC_4725367,0,0.32639974,inner_val
ISIC_4725762,0,0.03908045,inner_val
ISIC_4727450,0,0.048087146,inner_val
ISIC_4728968,0,0.084920585,inner_val
ISIC_4735706,0,0.15328637,inner_val
ISIC_4735959,0,0.415299,inner_val
ISIC_4738641,0,0.03824498,inner_val
ISIC_4739594,0,0.006783989,inner_val
ISIC_4742252,0,0.052557435,inner_val
ISIC_4742279,0,0.008863446,inner_val
ISIC_4745594,0,0.029610896,inner_val
ISIC_4750973,0,0.0040853024,inner_val
ISIC_4751809,0,0.031994447,inner_val
ISIC_4752273,0,0.05624154,inner_val
ISIC_4752289,0,0.009413545,inner_val
ISIC_4758913,0,0.25320742,inner_val
ISIC_4759062,0,0.01931168,inner_val
ISIC_4761751,0,0.01722774,inner_val
ISIC_4763703,0,0.050683048,inner_val
ISIC_4764002,0,0.51975423,inner_val
ISIC_4764292,0,0.0043297275,inner_val
ISIC_4770452,0,0.0060189473,inner_val
ISIC_4770938,0,0.016486505,inner_val
ISIC_4781140,0,0.05626786,inner_val
ISIC_4783750,0,0.0406559,inner_val
ISIC_4787698,0,0.031382192,inner_val
ISIC_4791589,0,0.06051311,inner_val
ISIC_4792446,0,0.5606864,inner_val
ISIC_4797654,0,0.18007061,inner_val
ISIC_4799881,0,0.17775525,inner_val
ISIC_4805419,0,0.01466606,inner_val
ISIC_4811165,0,0.8777422,inner_val
ISIC_4820549,0,0.060017083,inner_val
ISIC_4821865,0,0.006982024,inner_val
ISIC_4824758,0,0.014874056,inner_val
ISIC_4827954,0,0.016161164,inner_val
ISIC_4833252,0,0.007742488,inner_val
ISIC_4836699,0,0.64303505,inner_val
ISIC_4836861,0,0.02228271,inner_val
ISIC_4838394,0,0.018169135,inner_val
ISIC_4841705,0,0.029728586,inner_val
ISIC_4846042,0,0.0016614405,inner_val
ISIC_4850178,0,0.0072444207,inner_val
ISIC_4851366,1,0.33610436,inner_val
ISIC_4851652,0,0.03911029,inner_val
ISIC_4853597,0,0.21415937,inner_val
ISIC_4854794,0,0.014128298,inner_val
ISIC_4855054,0,0.018068125,inner_val
ISIC_4865746,0,0.031682875,inner_val
ISIC_4867043,0,0.0026916694,inner_val
ISIC_4869844,0,0.049125932,inner_val
ISIC_4870701,0,0.10924606,inner_val
ISIC_4873045,0,0.003242659,inner_val
ISIC_4874266,0,0.006681819,inner_val
ISIC_4877382,0,0.24535796,inner_val
ISIC_4878779,0,0.008223351,inner_val
ISIC_4883688,0,0.005620892,inner_val
ISIC_4887403,0,0.048116706,inner_val
ISIC_4897895,0,0.0076381974,inner_val
ISIC_4899386,0,0.042783514,inner_val
ISIC_4899689,0,0.010497458,inner_val
ISIC_4904405,0,0.08184429,inner_val
ISIC_4904912,0,0.14327526,inner_val
ISIC_4913284,0,0.005405692,inner_val
ISIC_4919198,0,0.0014459367,inner_val
ISIC_4922651,0,0.043203767,inner_val
ISIC_4923095,0,0.09265727,inner_val
ISIC_4925442,0,0.3424441,inner_val
ISIC_4926099,0,0.02074571,inner_val
ISIC_4927075,0,0.46529302,inner_val
ISIC_4927560,0,0.12752014,inner_val
ISIC_4927573,0,0.009973983,inner_val
ISIC_4927943,0,0.04233101,inner_val
ISIC_4928553,0,0.082532346,inner_val
ISIC_4929141,0,0.1209274,inner_val
ISIC_4930558,0,0.031135848,inner_val
ISIC_4936662,1,0.21698983,inner_val
ISIC_4949846,0,0.15377986,inner_val
ISIC_4950467,0,0.36165723,inner_val
ISIC_4950948,0,0.0683419,inner_val
ISIC_4951557,0,0.09304869,inner_val
ISIC_4956558,0,0.1374401,inner_val
ISIC_4957931,0,0.009571199,inner_val
ISIC_4959937,0,0.06146257,inner_val
ISIC_4960406,0,0.028296728,inner_val
ISIC_4960802,1,0.09993943,inner_val
ISIC_4964532,0,0.25469583,inner_val
ISIC_4965967,0,0.04076842,inner_val
ISIC_4967164,0,0.11440707,inner_val
ISIC_4967830,0,0.0014578743,inner_val
ISIC_4969372,0,0.11810412,inner_val
ISIC_4973549,0,0.01570222,inner_val
ISIC_4973666,0,0.01092342,inner_val
ISIC_4977971,0,0.49257404,inner_val
ISIC_4991633,0,0.01227119,inner_val
ISIC_4994072,0,0.086275645,inner_val
ISIC_4994891,0,0.0057055205,inner_val
ISIC_5000359,0,0.051201057,inner_val
ISIC_5003391,0,0.004048312,inner_val
ISIC_5004291,0,0.014267931,inner_val
ISIC_5004716,0,0.014381241,inner_val
ISIC_5005961,0,0.0129584875,inner_val
ISIC_5009980,0,0.34113005,inner_val
ISIC_5011583,0,0.036604047,inner_val
ISIC_5013602,0,0.037148472,inner_val
ISIC_5015391,0,0.021651458,inner_val
ISIC_5018367,0,0.051977877,inner_val
ISIC_5018620,0,0.01522554,inner_val
ISIC_5026565,0,0.010431788,inner_val
ISIC_5030989,0,0.44076964,inner_val
ISIC_5031380,0,0.0077656116,inner_val
ISIC_5032047,0,0.009080119,inner_val
ISIC_5035663,0,0.047588512,inner_val
ISIC_5037370,0,0.037767086,inner_val
ISIC_5037740,0,0.006069701,inner_val
ISIC_5039708,0,0.022702089,inner_val
ISIC_5041398,0,0.0814746,inner_val
ISIC_5044449,0,0.025690453,inner_val
ISIC_5044765,0,0.19036776,inner_val
ISIC_5054136,0,0.104415275,inner_val
ISIC_5056170,0,0.0071540377,inner_val
ISIC_5061278,0,0.1807311,inner_val
ISIC_5065157,0,0.016972266,inner_val
ISIC_5066267,0,0.078712806,inner_val
ISIC_5068221,0,0.7695687,inner_val
ISIC_5070701,0,0.23899582,inner_val
ISIC_5073817,0,0.15629049,inner_val
ISIC_5086676,0,0.028142508,inner_val
ISIC_5086709,0,0.050141003,inner_val
ISIC_5087331,0,0.1315894,inner_val
ISIC_5091815,0,0.00552126,inner_val
ISIC_5096338,0,0.17795737,inner_val
ISIC_5096378,0,0.0014163158,inner_val
ISIC_5104795,0,0.61572325,inner_val
ISIC_5106102,0,0.080752246,inner_val
ISIC_5110133,0,0.012667,inner_val
ISIC_5111439,0,0.05426784,inner_val
ISIC_5121178,0,0.0053338697,inner_val
ISIC_5121498,0,0.004356922,inner_val
ISIC_5122173,0,0.05302622,inner_val
ISIC_5125226,0,0.008919915,inner_val
ISIC_5125960,0,0.006320621,inner_val
ISIC_5139028,0,0.08773405,inner_val
ISIC_5144730,0,0.07749958,inner_val
ISIC_5145651,0,0.086718254,inner_val
ISIC_5146942,0,0.008021686,inner_val
ISIC_5147292,1,0.060182847,inner_val
ISIC_5149021,0,0.40292367,inner_val
ISIC_5150141,0,0.038053747,inner_val
ISIC_5151719,0,0.08493605,inner_val
ISIC_5152859,0,0.0099066,inner_val
ISIC_5156210,0,0.38385567,inner_val
ISIC_5158910,0,0.006277858,inner_val
ISIC_5164059,0,0.032204088,inner_val
ISIC_5168662,0,0.104207784,inner_val
ISIC_5170323,0,0.008285237,inner_val
ISIC_5174403,0,0.04037461,inner_val
ISIC_5187457,0,0.004903369,inner_val
ISIC_5189247,0,0.17435983,inner_val
ISIC_5189963,0,0.0035781,inner_val
ISIC_5191018,0,0.00928704,inner_val
ISIC_5192265,0,0.09205687,inner_val
ISIC_5200993,0,0.07685185,inner_val
ISIC_5204408,0,0.036508944,inner_val
ISIC_5206080,0,0.022909584,inner_val
ISIC_5207738,0,0.35522866,inner_val
ISIC_5208090,0,0.09340346,inner_val
ISIC_5209769,0,0.19878612,inner_val
ISIC_5220254,0,0.05590424,inner_val
ISIC_5225928,0,0.17065649,inner_val
ISIC_5226018,0,0.0038560578,inner_val
ISIC_5228997,0,0.039639663,inner_val
ISIC_5230371,0,0.030900804,inner_val
ISIC_5231991,0,0.08432914,inner_val
ISIC_5233406,0,0.012262805,inner_val
ISIC_5236367,0,0.0072862967,inner_val
ISIC_5240035,0,0.032858778,inner_val
ISIC_5242216,0,0.002535304,inner_val
ISIC_5243831,0,0.013874134,inner_val
ISIC_5247560,1,0.7559072,inner_val
ISIC_5250674,0,0.010191622,inner_val
ISIC_5251729,0,0.010988657,inner_val
ISIC_5260050,1,0.7075101,inner_val
ISIC_5260323,0,0.035047337,inner_val
ISIC_5263419,0,0.09728484,inner_val
ISIC_5265488,0,0.089226194,inner_val
ISIC_5267666,0,0.0639011,inner_val
ISIC_5269776,0,0.2981475,inner_val
ISIC_5272345,0,0.0065346533,inner_val
ISIC_5272837,0,0.53969544,inner_val
ISIC_5278844,0,0.041313186,inner_val
ISIC_5283467,0,0.023077667,inner_val
ISIC_5288404,0,0.013065607,inner_val
ISIC_5290109,0,0.17858663,inner_val
ISIC_5299786,0,0.07683864,inner_val
ISIC_5303829,0,0.0088076815,inner_val
ISIC_5309300,0,0.026047789,inner_val
ISIC_5309726,0,0.48877445,inner_val
ISIC_5311666,0,0.01695749,inner_val
ISIC_5312909,0,0.02655765,inner_val
ISIC_5317325,0,0.43085018,inner_val
ISIC_5317565,0,0.02277826,inner_val
ISIC_5318217,0,0.012490747,inner_val
ISIC_5320483,0,0.0054463497,inner_val
ISIC_5321144,0,0.048887704,inner_val
ISIC_5329118,0,0.012274431,inner_val
ISIC_5329156,0,0.06002478,inner_val
ISIC_5329772,0,0.06611742,inner_val
ISIC_5331210,0,0.021131553,inner_val
ISIC_5332605,0,0.0021255708,inner_val
ISIC_5335049,0,0.17031083,inner_val
ISIC_5335139,0,0.78581387,inner_val
ISIC_5335353,0,0.017915515,inner_val
ISIC_5339620,0,0.004261036,inner_val
ISIC_5340000,0,0.013733618,inner_val
ISIC_5340117,0,0.05987612,inner_val
ISIC_5340455,0,0.033558406,inner_val
ISIC_5348582,0,0.23962988,inner_val
ISIC_5349205,0,0.15508366,inner_val
ISIC_5349456,0,0.09261019,inner_val
ISIC_5349762,0,0.22600228,inner_val
ISIC_5353454,0,0.08108496,inner_val
ISIC_5359353,0,0.0648372,inner_val
ISIC_5361285,0,0.0058567002,inner_val
ISIC_5379786,0,0.26485696,inner_val
ISIC_5383064,0,0.0799755,inner_val
ISIC_5383791,0,0.036593214,inner_val
ISIC_5384059,0,0.3839059,inner_val
ISIC_5386739,0,0.066684015,inner_val
ISIC_5387829,0,0.09278143,inner_val
ISIC_5389366,0,0.018845001,inner_val
ISIC_5389415,0,0.0026847392,inner_val
ISIC_5391190,0,0.017683972,inner_val
ISIC_5393367,0,0.09038881,inner_val
ISIC_5395341,0,0.0078096977,inner_val
ISIC_5397483,0,0.0017380964,inner_val
ISIC_5401740,0,0.58417475,inner_val
ISIC_5405889,0,0.0056243576,inner_val
ISIC_5407191,0,0.25278005,inner_val
ISIC_5408436,0,0.352231,inner_val
ISIC_5409064,0,0.014585984,inner_val
ISIC_5409956,0,0.005373577,inner_val
ISIC_5409993,0,0.004914221,inner_val
ISIC_5413630,0,0.0055336454,inner_val
ISIC_5415213,0,0.09968022,inner_val
ISIC_5415964,0,0.18680216,inner_val
ISIC_5418216,0,0.30880928,inner_val
ISIC_5418861,0,0.07049743,inner_val
ISIC_5419016,0,0.023915436,inner_val
ISIC_5432777,0,0.008694645,inner_val
ISIC_5438156,0,0.27973896,inner_val
ISIC_5439041,0,0.002832779,inner_val
ISIC_5440296,0,0.016015263,inner_val
ISIC_5442464,0,0.10245493,inner_val
ISIC_5442578,0,0.22055875,inner_val
ISIC_5442834,0,0.0578759,inner_val
ISIC_5446515,0,0.059784412,inner_val
ISIC_5447103,0,0.015891463,inner_val
ISIC_5448850,0,0.025273418,inner_val
ISIC_5449822,0,0.064656876,inner_val
ISIC_5457705,0,0.13694844,inner_val
ISIC_5458290,0,0.0031325778,inner_val
ISIC_5458933,0,0.023404637,inner_val
ISIC_5463111,0,0.06713547,inner_val
ISIC_5470300,0,0.008679562,inner_val
ISIC_5472470,0,0.03635916,inner_val
ISIC_5486460,0,0.0061139665,inner_val
ISIC_5489942,0,0.030584417,inner_val
ISIC_5490673,0,0.01400021,inner_val
ISIC_5497432,0,0.017224662,inner_val
ISIC_5501596,0,0.06316559,inner_val
ISIC_5513509,0,0.2000005,inner_val
ISIC_5518595,0,0.022749204,inner_val
ISIC_5519378,0,0.018503888,inner_val
ISIC_5521873,0,0.0369539,inner_val
ISIC_5526279,0,0.016530434,inner_val
ISIC_5532680,0,0.033509463,inner_val
ISIC_5534167,0,0.025748407,inner_val
ISIC_5534666,0,0.024986139,inner_val
ISIC_5536600,0,0.0023869993,inner_val
ISIC_5537876,0,0.08505823,inner_val
ISIC_5537985,0,0.69478357,inner_val
ISIC_5539180,0,0.030761497,inner_val
ISIC_5545874,0,0.07996621,inner_val
ISIC_5546181,0,0.53526556,inner_val
ISIC_5546488,0,0.0046426766,inner_val
ISIC_5547218,0,0.38077158,inner_val
ISIC_5549565,0,0.0030707885,inner_val
ISIC_5552381,0,0.14462164,inner_val
ISIC_5553495,0,0.20633952,inner_val
ISIC_5556302,0,0.5628442,inner_val
ISIC_5564757,0,0.17673393,inner_val
ISIC_5573566,0,0.011818683,inner_val
ISIC_5577356,0,0.0049184505,inner_val
ISIC_5578239,0,0.05810192,inner_val
ISIC_5581936,0,0.016290493,inner_val
ISIC_5589163,0,0.067569815,inner_val
ISIC_5592633,0,0.059916437,inner_val
ISIC_5593556,0,0.0032019722,inner_val
ISIC_5602528,0,0.2736932,inner_val
ISIC_5606155,0,0.010111537,inner_val
ISIC_5607702,0,0.0069314432,inner_val
ISIC_5609848,0,0.01650074,inner_val
ISIC_5610222,0,0.018548287,inner_val
ISIC_5615520,0,0.14592274,inner_val
ISIC_5617339,0,0.013720719,inner_val
ISIC_5618055,0,0.16857283,inner_val
ISIC_5618239,0,0.06475066,inner_val
ISIC_5621546,0,0.026374612,inner_val
ISIC_5624273,0,0.025259469,inner_val
ISIC_5624660,0,0.23381612,inner_val
ISIC_5624953,0,0.012948495,inner_val
ISIC_5629288,0,0.0064161364,inner_val
ISIC_5629697,0,0.06294022,inner_val
ISIC_5632748,0,0.04148537,inner_val
ISIC_5635961,0,0.23109597,inner_val
ISIC_5637150,0,0.004891397,inner_val
ISIC_5637715,0,0.25377217,inner_val
ISIC_5641956,0,0.004457577,inner_val
ISIC_5642121,0,0.012097235,inner_val
ISIC_5643186,0,0.00739231,inner_val
ISIC_5647453,0,0.015544647,inner_val
ISIC_5647937,0,0.06553889,inner_val
ISIC_5651246,0,0.14055073,inner_val
ISIC_5655181,0,0.17485242,inner_val
ISIC_5659077,0,0.0123395575,inner_val
ISIC_5662175,0,0.015898341,inner_val
ISIC_5664256,0,0.63659286,inner_val
ISIC_5667403,0,0.018501626,inner_val
ISIC_5675123,0,0.1309051,inner_val
ISIC_5679982,0,0.017856933,inner_val
ISIC_5680271,0,0.45108688,inner_val
ISIC_5689392,0,0.0072209844,inner_val
ISIC_5692027,0,0.016988136,inner_val
ISIC_5694421,0,0.010010782,inner_val
ISIC_5696426,0,0.0088182865,inner_val
ISIC_5697457,0,0.009147031,inner_val
ISIC_5701526,0,0.01801317,inner_val
ISIC_5713761,0,0.45012796,inner_val
ISIC_5716262,0,0.005601411,inner_val
ISIC_5721195,0,0.07580155,inner_val
ISIC_5721717,0,0.00677401,inner_val
ISIC_5722526,0,0.016269408,inner_val
ISIC_5722813,0,0.0044356915,inner_val
ISIC_5722943,0,0.0134976925,inner_val
ISIC_5723592,0,0.1726326,inner_val
ISIC_5723974,0,0.0980633,inner_val
ISIC_5728067,0,0.05259675,inner_val
ISIC_5730199,0,0.036593366,inner_val
ISIC_5731061,0,0.18370406,inner_val
ISIC_5740023,0,0.026385512,inner_val
ISIC_5740617,0,0.027239729,inner_val
ISIC_5747709,0,0.006784657,inner_val
ISIC_5748118,0,0.12421039,inner_val
ISIC_5750329,0,0.20518886,inner_val
ISIC_5758327,0,0.7320388,inner_val
ISIC_5758379,0,0.086315185,inner_val
ISIC_5760915,0,0.0056935223,inner_val
ISIC_5769387,0,0.063577496,inner_val
ISIC_5771028,0,0.011711924,inner_val
ISIC_5772938,0,0.043529857,inner_val
ISIC_5775708,0,0.18348801,inner_val
ISIC_5780633,0,0.029553067,inner_val
ISIC_5783861,0,0.10571517,inner_val
ISIC_5789978,0,0.09826964,inner_val
ISIC_5793035,0,0.027579738,inner_val
ISIC_5796081,0,0.1793746,inner_val
ISIC_5797788,0,0.1112042,inner_val
ISIC_5799583,0,0.6933461,inner_val
ISIC_5803529,0,0.007653077,inner_val
ISIC_5807608,0,0.004717619,inner_val
ISIC_5816399,0,0.0074447813,inner_val
ISIC_5821293,0,0.139132,inner_val
ISIC_5823077,0,0.10414406,inner_val
ISIC_5832792,0,0.07479338,inner_val
ISIC_5832901,0,0.024027554,inner_val
ISIC_5833229,0,0.13925718,inner_val
ISIC_5833740,0,0.01280693,inner_val
ISIC_5835765,0,0.005935417,inner_val
ISIC_5847941,0,0.03896719,inner_val
ISIC_5848790,0,0.039317094,inner_val
ISIC_5852065,0,0.09263845,inner_val
ISIC_5852365,0,0.10707739,inner_val
ISIC_5860269,0,0.06355442,inner_val
ISIC_5863114,0,0.22623096,inner_val
ISIC_5863435,0,0.119579524,inner_val
ISIC_5864760,0,0.022025973,inner_val
ISIC_5869383,0,0.024653321,inner_val
ISIC_5869699,0,0.041698292,inner_val
ISIC_5875181,0,0.026444416,inner_val
ISIC_5876881,0,0.025272748,inner_val
ISIC_5877211,0,0.021509882,inner_val
ISIC_5879418,0,0.3169177,inner_val
ISIC_5887816,0,0.07770202,inner_val
ISIC_5889790,0,0.41537243,inner_val
ISIC_5907909,0,0.045628294,inner_val
ISIC_5907931,0,0.009042449,inner_val
ISIC_5919470,0,0.1195801,inner_val
ISIC_5919621,0,0.40792707,inner_val
ISIC_5921024,0,0.051648524,inner_val
ISIC_5922056,0,0.06317164,inner_val
ISIC_5922931,0,0.07784961,inner_val
ISIC_5924147,0,0.08916228,inner_val
ISIC_5924239,0,0.034036662,inner_val
ISIC_5926079,0,0.049046252,inner_val
ISIC_5932704,0,0.4036362,inner_val
ISIC_5933559,0,0.08723862,inner_val
ISIC_5939646,0,0.00990698,inner_val
ISIC_5945155,0,0.05749615,inner_val
ISIC_5950116,0,0.06677863,inner_val
ISIC_5950302,0,0.010304142,inner_val
ISIC_5955084,0,0.059583884,inner_val
ISIC_5955730,0,0.0455938,inner_val
ISIC_5956170,0,0.16292752,inner_val
ISIC_5958246,0,0.71663994,inner_val
ISIC_5959591,0,0.027870994,inner_val
ISIC_5961092,0,0.014470799,inner_val
ISIC_5966190,0,0.09817536,inner_val
ISIC_5969837,0,0.22435316,inner_val
ISIC_5970180,0,0.0030663847,inner_val
ISIC_5976039,0,0.0042503127,inner_val
ISIC_5978259,0,0.05040436,inner_val
ISIC_5986798,0,0.011911194,inner_val
ISIC_5997266,0,0.32189536,inner_val
ISIC_5997454,0,0.019404983,inner_val
ISIC_5997532,0,0.3448183,inner_val
ISIC_5999002,0,0.0049017803,inner_val
ISIC_5999832,0,0.05063386,inner_val
ISIC_6003124,0,0.055278506,inner_val
ISIC_6003407,0,0.24602436,inner_val
ISIC_6003500,0,0.07012432,inner_val
ISIC_6007546,0,0.14325261,inner_val
ISIC_6008926,0,0.0119519215,inner_val
ISIC_6010018,0,0.010129604,inner_val
ISIC_6013764,0,0.25858718,inner_val
ISIC_6018905,0,0.03224807,inner_val
ISIC_6019120,0,0.3429413,inner_val
ISIC_6023428,0,0.030461438,inner_val
ISIC_6026244,0,0.01742588,inner_val
ISIC_6033220,0,0.012106794,inner_val
ISIC_6034125,0,0.006582197,inner_val
ISIC_6037853,0,0.12414361,inner_val
ISIC_6038253,0,0.22798364,inner_val
ISIC_6039516,0,0.21339723,inner_val
ISIC_6045832,0,0.041262064,inner_val
ISIC_6050597,0,0.031567488,inner_val
ISIC_6052437,0,0.007941299,inner_val
ISIC_6057809,0,0.029441644,inner_val
ISIC_6066129,0,0.33593798,inner_val
ISIC_6071391,0,0.06486014,inner_val
ISIC_6080906,0,0.08444089,inner_val
ISIC_6081901,0,0.0828117,inner_val
ISIC_6089798,0,0.075202696,inner_val
ISIC_6089817,0,0.013099387,inner_val
ISIC_6091348,0,0.15266547,inner_val
ISIC_6092704,0,0.32701305,inner_val
ISIC_6092800,0,0.17938605,inner_val
ISIC_6096977,0,0.60413855,inner_val
ISIC_6097616,0,0.010844386,inner_val
ISIC_6102502,0,0.0062897773,inner_val
ISIC_6108396,0,0.072268106,inner_val
ISIC_6109464,0,0.116945826,inner_val
ISIC_6117024,0,0.07130263,inner_val
ISIC_6118824,0,0.066332586,inner_val
ISIC_6119386,0,0.022358412,inner_val
ISIC_6122799,0,0.018761475,inner_val
ISIC_6123657,0,0.22176704,inner_val
ISIC_6126056,0,0.11039198,inner_val
ISIC_6129219,0,0.051180847,inner_val
ISIC_6132725,0,0.26703808,inner_val
ISIC_6133466,0,0.0045671496,inner_val
ISIC_6134767,0,0.046903063,inner_val
ISIC_6134930,0,0.10609269,inner_val
ISIC_6137928,0,0.1601554,inner_val
ISIC_6139375,0,0.0069405246,inner_val
ISIC_6143929,0,0.5672483,inner_val
ISIC_6146357,0,0.06000645,inner_val
ISIC_6147033,0,0.0072404435,inner_val
ISIC_6148967,0,0.013406086,inner_val
ISIC_6150484,0,0.01669234,inner_val
ISIC_6159276,0,0.01122102,inner_val
ISIC_6159783,0,0.06241142,inner_val
ISIC_6159865,0,0.05094755,inner_val
ISIC_6163509,0,0.16832563,inner_val
ISIC_6166761,0,0.03862127,inner_val
ISIC_6167377,0,0.0018579218,inner_val
ISIC_6177158,0,0.04452653,inner_val
ISIC_6177730,0,0.12187817,inner_val
ISIC_6178149,0,0.013590445,inner_val
ISIC_6178740,0,0.12020375,inner_val
ISIC_6180938,0,0.03923784,inner_val
ISIC_6185146,0,0.008585059,inner_val
ISIC_6186492,0,0.11315772,inner_val
ISIC_6190245,0,0.23819692,inner_val
ISIC_6198121,0,0.011917857,inner_val
ISIC_6200373,0,0.005127953,inner_val
ISIC_6201338,0,0.07147326,inner_val
ISIC_6211801,0,0.05182702,inner_val
ISIC_6216283,0,0.005946856,inner_val
ISIC_6217135,0,0.028327433,inner_val
ISIC_6217831,0,0.08186967,inner_val
ISIC_6220784,0,0.103139624,inner_val
ISIC_6223767,0,0.02594261,inner_val
ISIC_6224915,0,0.21511091,inner_val
ISIC_6227397,0,0.17188187,inner_val
ISIC_6227920,0,0.0039543947,inner_val
ISIC_6228625,0,0.04146033,inner_val
ISIC_6236556,0,0.085325636,inner_val
ISIC_6238016,0,0.0074678613,inner_val
ISIC_6238658,0,0.0026910703,inner_val
ISIC_6240945,0,0.37249416,inner_val
ISIC_6243521,0,0.012760587,inner_val
ISIC_6243879,0,0.23034722,inner_val
ISIC_6251447,0,0.02587725,inner_val
ISIC_6251753,1,0.31197917,inner_val
ISIC_6253947,0,0.0062894463,inner_val
ISIC_6255113,1,0.69767535,inner_val
ISIC_6258744,0,0.21591489,inner_val
ISIC_6260673,0,0.0031639345,inner_val
ISIC_6263736,0,0.40860802,inner_val
ISIC_6264845,0,0.027365336,inner_val
ISIC_6269503,0,0.017302586,inner_val
ISIC_6278647,0,0.09213747,inner_val
ISIC_6279936,0,0.004777777,inner_val
ISIC_6282858,0,0.02651958,inner_val
ISIC_6285376,0,0.76753527,inner_val
ISIC_6286014,0,0.014851184,inner_val
ISIC_6289346,0,0.025279833,inner_val
ISIC_6289835,0,0.2600578,inner_val
ISIC_6290159,0,0.07443817,inner_val
ISIC_6295310,0,0.12083938,inner_val
ISIC_6298988,0,0.06477659,inner_val
ISIC_6301774,0,0.26582432,inner_val
ISIC_6307553,0,0.077975474,inner_val
ISIC_6320012,0,0.45793423,inner_val
ISIC_6323573,0,0.031764165,inner_val
ISIC_6325673,0,0.00595185,inner_val
ISIC_6326012,0,0.043345597,inner_val
ISIC_6329930,0,0.0548266,inner_val
ISIC_6332165,0,0.0069310297,inner_val
ISIC_6332618,0,0.087668516,inner_val
ISIC_6334419,0,0.05816863,inner_val
ISIC_6337982,0,0.13171723,inner_val
ISIC_6338078,0,0.066201985,inner_val
ISIC_6342060,0,0.011774774,inner_val
ISIC_6342820,0,0.022922684,inner_val
ISIC_6347261,0,0.06660067,inner_val
ISIC_6347332,0,0.028753169,inner_val
ISIC_6349205,0,0.5667691,inner_val
ISIC_6352994,0,0.010893569,inner_val
ISIC_6354194,0,0.21292466,inner_val
ISIC_6356522,0,0.122076236,inner_val
ISIC_6362735,0,0.33988684,inner_val
ISIC_6365920,0,0.0348136,inner_val
ISIC_6370142,0,0.009144931,inner_val
ISIC_6370748,0,0.009148336,inner_val
ISIC_6370792,0,0.10203546,inner_val
ISIC_6372726,0,0.03182748,inner_val
ISIC_6373689,0,0.12917219,inner_val
ISIC_6383949,0,0.009247929,inner_val
ISIC_6385216,0,0.009903996,inner_val
ISIC_6388940,0,0.108656056,inner_val
ISIC_6390756,0,0.17557889,inner_val
ISIC_6391567,0,0.25659093,inner_val
ISIC_6392089,0,0.034198992,inner_val
ISIC_6398519,0,0.17514879,inner_val
ISIC_6400279,0,0.13735886,inner_val
ISIC_6403739,0,0.18023181,inner_val
ISIC_6407239,0,0.13683929,inner_val
ISIC_6412112,0,0.044535358,inner_val
ISIC_6414006,0,0.0253202,inner_val
ISIC_6416533,0,0.26327813,inner_val
ISIC_6416559,0,0.17844108,inner_val
ISIC_6417037,0,0.011901191,inner_val
ISIC_6418122,0,0.010573043,inner_val
ISIC_6421507,0,0.046444654,inner_val
ISIC_6424460,0,0.036067948,inner_val
ISIC_6425531,0,0.04055387,inner_val
ISIC_6427086,0,0.007966704,inner_val
ISIC_6430323,0,0.23635389,inner_val
ISIC_6433284,0,0.13959613,inner_val
ISIC_6434618,0,0.01672846,inner_val
ISIC_6436107,0,0.03207462,inner_val
ISIC_6436998,0,0.010048152,inner_val
ISIC_6437676,0,0.0019205395,inner_val
ISIC_6441689,0,0.13106951,inner_val
ISIC_6446779,0,0.0021392738,inner_val
ISIC_6450123,0,0.14535604,inner_val
ISIC_6455034,0,0.0011993552,inner_val
ISIC_6461419,0,0.04297172,inner_val
ISIC_6463222,0,0.0029063565,inner_val
ISIC_6464509,0,0.4457163,inner_val
ISIC_6473760,0,0.004422103,inner_val
ISIC_6482425,0,0.16135861,inner_val
ISIC_6486810,0,0.025889657,inner_val
ISIC_6490926,0,0.08331497,inner_val
ISIC_6494974,0,0.005613,inner_val
ISIC_6497801,0,0.045837373,inner_val
ISIC_6499613,0,0.34929612,inner_val
ISIC_6504118,0,0.13198636,inner_val
ISIC_6512653,1,0.265521,inner_val
ISIC_6521087,0,0.08305628,inner_val
ISIC_6527127,0,0.15027641,inner_val
ISIC_6527570,0,0.0399733,inner_val
ISIC_6531003,0,0.025539443,inner_val
ISIC_6532096,0,0.0106786,inner_val
ISIC_6537513,0,0.15069123,inner_val
ISIC_6542162,0,0.059128202,inner_val
ISIC_6544010,0,0.034776185,inner_val
ISIC_6544410,0,0.2914926,inner_val
ISIC_6549919,0,0.16048242,inner_val
ISIC_6552884,0,0.13445897,inner_val
ISIC_6553951,0,0.60005635,inner_val
ISIC_6557642,0,0.037094,inner_val
ISIC_6559840,0,0.045830917,inner_val
ISIC_6562217,0,0.0024441667,inner_val
ISIC_6570291,0,0.3200066,inner_val
ISIC_6571026,0,0.0018245747,inner_val
ISIC_6573731,0,0.06971944,inner_val
ISIC_6574042,0,0.16670746,inner_val
ISIC_6574851,0,0.12446154,inner_val
ISIC_6579382,0,0.19321783,inner_val
ISIC_6580386,0,0.0056382557,inner_val
ISIC_6587979,0,0.61800545,inner_val
ISIC_6594464,0,0.47818303,inner_val
ISIC_6595273,0,0.0439094,inner_val
ISIC_6600158,0,0.097255364,inner_val
ISIC_6600225,0,0.12629637,inner_val
ISIC_6600424,0,0.0031293244,inner_val
ISIC_6612179,0,0.1390705,inner_val
ISIC_6613079,0,0.01155236,inner_val
ISIC_6613239,0,0.013082878,inner_val
ISIC_6619276,0,0.025098732,inner_val
ISIC_6619934,0,0.0037113782,inner_val
ISIC_6619962,0,0.05178261,inner_val
ISIC_6624154,0,0.27582288,inner_val
ISIC_6628721,0,0.02704695,inner_val
ISIC_6635590,0,0.0069640456,inner_val
ISIC_6635931,0,0.022824312,inner_val
ISIC_6637946,0,0.011795005,inner_val
ISIC_6647501,0,0.019493539,inner_val
ISIC_6651570,0,0.0032736605,inner_val
ISIC_6652021,0,0.006804737,inner_val
ISIC_6662566,0,0.0017036711,inner_val
ISIC_6662941,0,0.52808964,inner_val
ISIC_6666623,0,0.009650878,inner_val
ISIC_6668197,0,0.0026114387,inner_val
ISIC_6670242,0,0.22859575,inner_val
ISIC_6671451,0,0.027855214,inner_val
ISIC_6673506,0,0.08835423,inner_val
ISIC_6673669,0,0.004122236,inner_val
ISIC_6679126,0,0.037945848,inner_val
ISIC_6683370,0,0.01321698,inner_val
ISIC_6684371,0,0.004978973,inner_val
ISIC_6691217,0,0.034239657,inner_val
ISIC_6694724,0,0.27014008,inner_val
ISIC_6697013,0,0.021102894,inner_val
ISIC_6699023,0,0.10281585,inner_val
ISIC_6700416,0,0.055502977,inner_val
ISIC_6706365,0,0.07305775,inner_val
ISIC_6712342,0,0.122633696,inner_val
ISIC_6712464,0,0.0055070748,inner_val
ISIC_6712655,0,0.013551749,inner_val
ISIC_6712836,0,0.18077296,inner_val
ISIC_6719226,0,0.19739482,inner_val
ISIC_6722945,0,0.11896779,inner_val
ISIC_6724946,0,0.01079329,inner_val
ISIC_6731470,0,0.012177419,inner_val
ISIC_6731651,0,0.08565054,inner_val
ISIC_6732560,0,0.0042605205,inner_val
ISIC_6734859,0,0.16511807,inner_val
ISIC_6739241,0,0.42643988,inner_val
ISIC_6743860,0,0.024275435,inner_val
ISIC_6749024,0,0.016039055,inner_val
ISIC_6749926,0,0.020918379,inner_val
ISIC_6760475,0,0.05490237,inner_val
ISIC_6761269,0,0.013929967,inner_val
ISIC_6762560,0,0.11435753,inner_val
ISIC_6762833,0,0.015650267,inner_val
ISIC_6764717,0,0.022659635,inner_val
ISIC_6767379,0,0.0067715757,inner_val
ISIC_6769445,0,0.018667908,inner_val
ISIC_6771724,0,0.07512985,inner_val
ISIC_6773042,0,0.12491738,inner_val
ISIC_6773833,0,0.1205829,inner_val
ISIC_6776434,0,0.039034605,inner_val
ISIC_6777153,0,0.08481517,inner_val
ISIC_6778936,0,0.029936131,inner_val
ISIC_6779421,0,0.13765432,inner_val
ISIC_6782248,0,0.1596859,inner_val
ISIC_6782898,0,0.030372737,inner_val
ISIC_6787039,0,0.00425284,inner_val
ISIC_6788130,0,0.10536036,inner_val
ISIC_6789222,0,0.006258314,inner_val
ISIC_6792398,0,0.083568774,inner_val
ISIC_6795622,0,0.0056461343,inner_val
ISIC_6806545,0,0.019322686,inner_val
ISIC_6807667,0,0.054314636,inner_val
ISIC_6810219,0,0.119083494,inner_val
ISIC_6814007,0,0.017859759,inner_val
ISIC_6815451,0,0.038912393,inner_val
ISIC_6824744,0,0.20761733,inner_val
ISIC_6828892,0,0.03936535,inner_val
ISIC_6829008,1,0.106145315,inner_val
ISIC_6829909,0,0.04214336,inner_val
ISIC_6832628,0,0.017279329,inner_val
ISIC_6844329,0,0.015951276,inner_val
ISIC_6850647,0,0.029392071,inner_val
ISIC_6853584,0,0.010459414,inner_val
ISIC_6855941,0,0.016195463,inner_val
ISIC_6856054,0,0.10906341,inner_val
ISIC_6860064,0,0.01632604,inner_val
ISIC_6860222,0,0.009721671,inner_val
ISIC_6862411,0,0.00085011555,inner_val
ISIC_6863391,0,0.30661985,inner_val
ISIC_6864170,0,0.15920241,inner_val
ISIC_6864484,0,0.05588711,inner_val
ISIC_6864553,0,0.0039402945,inner_val
ISIC_6865997,0,0.006193891,inner_val
ISIC_6867543,0,0.023723876,inner_val
ISIC_6877742,0,0.5542606,inner_val
ISIC_6886237,0,0.044193197,inner_val
ISIC_6888090,0,0.005454782,inner_val
ISIC_6893147,0,0.36520708,inner_val
ISIC_6900448,0,0.18973024,inner_val
ISIC_6900559,0,0.06674402,inner_val
ISIC_6902487,0,0.15575118,inner_val
ISIC_6905623,0,0.20276718,inner_val
ISIC_6908183,0,0.08628149,inner_val
ISIC_6909624,0,0.24812382,inner_val
ISIC_6909749,0,0.20777096,inner_val
ISIC_6911333,0,0.0036449928,inner_val
ISIC_6917681,0,0.3977546,inner_val
ISIC_6920867,0,0.240738,inner_val
ISIC_6926716,0,0.04116018,inner_val
ISIC_6927363,0,0.21232004,inner_val
ISIC_6928308,0,0.031612497,inner_val
ISIC_6928442,0,0.0414779,inner_val
ISIC_6932481,0,0.026383432,inner_val
ISIC_6933509,0,0.005494663,inner_val
ISIC_6933573,0,0.07096364,inner_val
ISIC_6951506,0,0.05342902,inner_val
ISIC_6953334,0,0.0785868,inner_val
ISIC_6958534,0,0.008387522,inner_val
ISIC_6965441,0,0.055896614,inner_val
ISIC_6968933,0,0.025587836,inner_val
ISIC_6976235,0,0.053659864,inner_val
ISIC_6976570,0,0.0024331827,inner_val
ISIC_6981061,0,0.035232216,inner_val
ISIC_6981433,0,0.1571805,inner_val
ISIC_6982406,0,0.11745011,inner_val
ISIC_6983347,0,0.010863774,inner_val
ISIC_6996606,0,0.030426336,inner_val
ISIC_7001072,0,0.32398194,inner_val
ISIC_7004857,0,0.05102972,inner_val
ISIC_7006530,0,0.026988031,inner_val
ISIC_7009118,0,0.45652854,inner_val
ISIC_7011122,0,0.022714036,inner_val
ISIC_7014092,0,0.0516723,inner_val
ISIC_7024161,0,0.0040960647,inner_val
ISIC_7025303,0,0.051702775,inner_val
ISIC_7030404,0,0.046567105,inner_val
ISIC_7030461,0,0.0024959845,inner_val
ISIC_7038742,0,0.060644478,inner_val
ISIC_7039465,0,0.027841343,inner_val
ISIC_7045042,0,0.35760278,inner_val
ISIC_7050575,0,0.36284336,inner_val
ISIC_7051800,0,0.16277064,inner_val
ISIC_7052503,0,0.036615737,inner_val
ISIC_7052658,0,0.022627866,inner_val
ISIC_7054053,0,0.030464124,inner_val
ISIC_7056620,0,0.056938134,inner_val
ISIC_7057515,0,0.014375281,inner_val
ISIC_7059744,0,0.048873547,inner_val
ISIC_7059794,0,0.0074968776,inner_val
ISIC_7062293,0,0.01953392,inner_val
ISIC_7062360,0,0.17798239,inner_val
ISIC_7063995,0,0.061006892,inner_val
ISIC_7067677,0,0.07495011,inner_val
ISIC_7070684,0,0.017689042,inner_val
ISIC_7073459,0,0.28077167,inner_val
ISIC_7076677,0,0.02235035,inner_val
ISIC_7086611,0,0.013069936,inner_val
ISIC_7086619,0,0.031996828,inner_val
ISIC_7095039,0,0.0037116178,inner_val
ISIC_7096320,0,0.04880315,inner_val
ISIC_7100813,0,0.38365453,inner_val
ISIC_7109307,0,0.12318116,inner_val
ISIC_7109817,0,0.030285053,inner_val
ISIC_7124160,0,0.048661735,inner_val
ISIC_7124766,0,0.09964396,inner_val
ISIC_7125870,0,0.076652385,inner_val
ISIC_7129509,0,0.02190394,inner_val
ISIC_7134821,0,0.14593679,inner_val
ISIC_7138875,0,0.47905827,inner_val
ISIC_7139532,0,0.07832551,inner_val
ISIC_7140243,0,0.008799997,inner_val
ISIC_7140778,0,0.03757247,inner_val
ISIC_7141361,0,0.0033921006,inner_val
ISIC_7156796,0,0.45519015,inner_val
ISIC_7164134,0,0.20693189,inner_val
ISIC_7166317,0,0.020972194,inner_val
ISIC_7167085,0,0.012002312,inner_val
ISIC_7167811,0,0.007580111,inner_val
ISIC_7167947,0,0.016497472,inner_val
ISIC_7168122,0,0.15680425,inner_val
ISIC_7173333,0,0.055097774,inner_val
ISIC_7173973,0,0.0052003562,inner_val
ISIC_7175697,0,0.17894211,inner_val
ISIC_7181774,0,0.02051132,inner_val
ISIC_7187459,0,0.07040242,inner_val
ISIC_7187713,0,0.30348346,inner_val
ISIC_7189167,0,0.11982315,inner_val
ISIC_7189351,0,0.009066855,inner_val
ISIC_7198004,0,0.41351148,inner_val
ISIC_7198492,0,0.034661833,inner_val
ISIC_7199089,0,0.1766151,inner_val
ISIC_7201189,0,0.0063839853,inner_val
ISIC_7205267,0,0.012703891,inner_val
ISIC_7215208,0,0.015113004,inner_val
ISIC_7218530,0,0.028695464,inner_val
ISIC_7220105,0,0.14260304,inner_val
ISIC_7225873,0,0.017163245,inner_val
ISIC_7226974,0,0.016166352,inner_val
ISIC_7230713,0,0.076044135,inner_val
ISIC_7231313,0,0.10668403,inner_val
ISIC_7233665,0,0.11641222,inner_val
ISIC_7234197,0,0.5993708,inner_val
ISIC_7239245,0,0.18190044,inner_val
ISIC_7241549,0,0.0015918078,inner_val
ISIC_7244604,0,0.5772191,inner_val
ISIC_7244873,0,0.025301367,inner_val
ISIC_7250007,0,0.034015756,inner_val
ISIC_7250445,0,0.062517926,inner_val
ISIC_7250640,0,0.2578585,inner_val
ISIC_7252425,0,0.011660933,inner_val
ISIC_7255637,0,0.010574464,inner_val
ISIC_7256560,0,0.024609452,inner_val
ISIC_7261519,0,0.07387239,inner_val
ISIC_7261681,0,0.01233326,inner_val
ISIC_7264231,0,0.4939393,inner_val
ISIC_7264599,0,0.03247307,inner_val
ISIC_7266571,0,0.31769577,inner_val
ISIC_7266736,0,0.026428303,inner_val
ISIC_7271745,0,0.004988441,inner_val
ISIC_7274757,0,0.115796424,inner_val
ISIC_7276864,0,0.6003555,inner_val
ISIC_7278885,0,0.055562373,inner_val
ISIC_7284607,0,0.21917339,inner_val
ISIC_7288992,0,0.13649279,inner_val
ISIC_7292853,0,0.8909251,inner_val
ISIC_7293761,0,0.11029699,inner_val
ISIC_7296463,0,0.22267117,inner_val
ISIC_7296583,0,0.0039721355,inner_val
ISIC_7299025,0,0.18880518,inner_val
ISIC_7301963,0,0.004195091,inner_val
ISIC_7306131,0,0.019033099,inner_val
ISIC_7307860,0,0.027616734,inner_val
ISIC_7307866,0,0.01129591,inner_val
ISIC_7308572,0,0.040429737,inner_val
ISIC_7308784,0,0.20853141,inner_val
ISIC_7309194,0,0.44185632,inner_val
ISIC_7315258,0,0.0777262,inner_val
ISIC_7315620,0,0.36781254,inner_val
ISIC_7315685,0,0.14842182,inner_val
ISIC_7319169,0,0.033323433,inner_val
ISIC_7319686,0,0.17137516,inner_val
ISIC_7322727,0,0.05328414,inner_val
ISIC_7332892,0,0.14037272,inner_val
ISIC_7335095,0,0.03002891,inner_val
ISIC_7343496,0,0.023430215,inner_val
ISIC_7346224,0,0.0036124054,inner_val
ISIC_7346228,1,0.2361011,inner_val
ISIC_7350199,0,0.4504093,inner_val
ISIC_7352489,0,0.009918796,inner_val
ISIC_7353097,0,0.006682015,inner_val
ISIC_7355653,0,0.02028102,inner_val
ISIC_7363187,0,0.008535622,inner_val
ISIC_7365523,0,0.043345287,inner_val
ISIC_7365615,0,0.25925326,inner_val
ISIC_7366144,0,0.016697085,inner_val
ISIC_7369690,0,0.24027787,inner_val
ISIC_7373240,0,0.003280021,inner_val
ISIC_7375419,0,0.005902521,inner_val
ISIC_7376684,0,0.020212153,inner_val
ISIC_7376872,0,0.15904938,inner_val
ISIC_7381098,0,0.16057597,inner_val
ISIC_7383521,0,0.058171004,inner_val
ISIC_7385112,0,0.032416627,inner_val
ISIC_7386566,0,0.042400673,inner_val
ISIC_7391200,0,0.123554364,inner_val
ISIC_7393085,0,0.1651459,inner_val
ISIC_7399973,0,0.0021329122,inner_val
ISIC_7400458,0,0.03959674,inner_val
ISIC_7405224,0,0.20900126,inner_val
ISIC_7406107,0,0.002373543,inner_val
ISIC_7406359,0,0.64439404,inner_val
ISIC_7411913,0,0.0054089595,inner_val
ISIC_7412559,0,0.05387122,inner_val
ISIC_7413149,0,0.15767355,inner_val
ISIC_7417933,0,0.502041,inner_val
ISIC_7424079,0,0.0046828114,inner_val
ISIC_7428248,0,0.08999116,inner_val
ISIC_7435292,0,0.049357444,inner_val
ISIC_7442476,0,0.10058494,inner_val
ISIC_7447716,0,0.12955281,inner_val
ISIC_7452348,0,0.10157098,inner_val
ISIC_7452815,0,0.0047299624,inner_val
ISIC_7454487,0,0.0025541333,inner_val
ISIC_7457750,0,0.2514435,inner_val
ISIC_7457969,0,0.10464675,inner_val
ISIC_7464309,0,0.33749217,inner_val
ISIC_7465470,0,0.061658397,inner_val
ISIC_7477061,0,0.01761948,inner_val
ISIC_7489925,0,0.46659186,inner_val
ISIC_7492471,0,0.105368905,inner_val
ISIC_7494625,0,0.08832378,inner_val
ISIC_7498410,0,0.06956291,inner_val
ISIC_7505863,0,0.0076919883,inner_val
ISIC_7506288,0,0.011843512,inner_val
ISIC_7507224,0,0.011420717,inner_val
ISIC_7508382,0,0.08463696,inner_val
ISIC_7509284,0,0.27690554,inner_val
ISIC_7511365,0,0.0073798164,inner_val
ISIC_7511781,0,0.28892252,inner_val
ISIC_7519841,0,0.10045442,inner_val
ISIC_7526530,0,0.112893716,inner_val
ISIC_7526857,0,0.0015395238,inner_val
ISIC_7528996,0,0.045371097,inner_val
ISIC_7531633,0,0.0077211745,inner_val
ISIC_7535412,0,0.03775029,inner_val
ISIC_7539729,0,0.044830874,inner_val
ISIC_7544537,0,0.029186737,inner_val
ISIC_7547058,0,0.045730606,inner_val
ISIC_7549766,0,0.025421573,inner_val
ISIC_7550917,0,0.019956598,inner_val
ISIC_7556341,0,0.0049238587,inner_val
ISIC_7560723,0,0.010299664,inner_val
ISIC_7563283,0,0.0063405107,inner_val
ISIC_7564217,0,0.06901441,inner_val
ISIC_7565128,0,0.0057910206,inner_val
ISIC_7567861,0,0.379249,inner_val
ISIC_7571230,0,0.019029297,inner_val
ISIC_7594368,0,0.062285196,inner_val
ISIC_7596681,0,0.010567627,inner_val
ISIC_7600232,0,0.04384432,inner_val
ISIC_7601450,0,0.4722348,inner_val
ISIC_7604178,0,0.0031038844,inner_val
ISIC_7606849,0,0.013015435,inner_val
ISIC_7606860,0,0.0812791,inner_val
ISIC_7607166,0,0.07404934,inner_val
ISIC_7611464,0,0.08098711,inner_val
ISIC_7611850,0,0.107239805,inner_val
ISIC_7612324,0,0.11222235,inner_val
ISIC_7612417,0,0.18130036,inner_val
ISIC_7621067,0,0.0028936877,inner_val
ISIC_7621899,0,0.122710474,inner_val
ISIC_7641157,0,0.05989177,inner_val
ISIC_7645625,0,0.34501427,inner_val
ISIC_7645850,0,0.05779844,inner_val
ISIC_7646167,0,0.022796575,inner_val
ISIC_7647076,0,0.017859615,inner_val
ISIC_7649260,0,0.112122126,inner_val
ISIC_7654071,0,0.021132628,inner_val
ISIC_7658276,0,0.05985948,inner_val
ISIC_7658431,0,0.5894743,inner_val
ISIC_7666224,0,0.016511986,inner_val
ISIC_7668345,0,0.025323926,inner_val
ISIC_7670923,0,0.07085485,inner_val
ISIC_7681336,0,0.39793107,inner_val
ISIC_7682485,0,0.06515202,inner_val
ISIC_7685237,0,0.13964546,inner_val
ISIC_7696218,0,0.029150823,inner_val
ISIC_7702857,0,0.04602993,inner_val
ISIC_7704900,0,0.075149685,inner_val
ISIC_7707513,0,0.007563037,inner_val
ISIC_7708255,0,0.20210306,inner_val
ISIC_7711715,0,0.011021176,inner_val
ISIC_7715233,0,0.003450302,inner_val
ISIC_7719553,0,0.50322205,inner_val
ISIC_7720522,0,0.050191388,inner_val
ISIC_7720684,0,0.65344346,inner_val
ISIC_7730443,0,0.50213194,inner_val
ISIC_7735102,0,0.2988275,inner_val
ISIC_7737316,0,0.010131584,inner_val
ISIC_7739752,0,0.019986575,inner_val
ISIC_7746479,0,0.0378121,inner_val
ISIC_7746898,0,0.12532653,inner_val
ISIC_7748767,0,0.019817524,inner_val
ISIC_7750956,0,0.03213844,inner_val
ISIC_7753307,0,0.056115534,inner_val
ISIC_7754743,0,0.008222305,inner_val
ISIC_7755194,0,0.0066575883,inner_val
ISIC_7764021,0,0.31230316,inner_val
ISIC_7764987,0,0.011996885,inner_val
ISIC_7768638,0,0.4587352,inner_val
ISIC_7768782,0,0.27185625,inner_val
ISIC_7770394,0,0.0047898768,inner_val
ISIC_7772950,0,0.025753943,inner_val
ISIC_7776360,0,0.008781122,inner_val
ISIC_7778234,0,0.033860184,inner_val
ISIC_7778842,0,0.36613736,inner_val
ISIC_7780812,0,0.0047063883,inner_val
ISIC_7782029,0,0.046234958,inner_val
ISIC_7784090,0,0.011764592,inner_val
ISIC_7784703,0,0.074262396,inner_val
ISIC_7785457,0,0.6799338,inner_val
ISIC_7793859,0,0.05159951,inner_val
ISIC_7795549,0,0.004461011,inner_val
ISIC_7796822,0,0.03854885,inner_val
ISIC_7797853,0,0.037413828,inner_val
ISIC_7798048,0,0.066913225,inner_val
ISIC_7799517,0,0.19945112,inner_val
ISIC_7801961,0,0.09192309,inner_val
ISIC_7803426,0,0.17615503,inner_val
ISIC_7806637,0,0.042918134,inner_val
ISIC_7807526,0,0.0026595907,inner_val
ISIC_7808556,0,0.02663464,inner_val
ISIC_7818740,0,0.43278426,inner_val
ISIC_7820042,0,0.2687867,inner_val
ISIC_7820044,0,0.09392106,inner_val
ISIC_7821647,0,0.0152194565,inner_val
ISIC_7821675,0,0.03817035,inner_val
ISIC_7825342,0,0.034007993,inner_val
ISIC_7828712,0,0.031431038,inner_val
ISIC_7829883,0,0.043472834,inner_val
ISIC_7836288,0,0.044730548,inner_val
ISIC_7837503,0,0.0059226914,inner_val
ISIC_7844825,1,0.12150984,inner_val
ISIC_7861117,0,0.038192593,inner_val
ISIC_7866488,0,0.68313247,inner_val
ISIC_7869255,0,0.013838839,inner_val
ISIC_7877034,0,0.076189876,inner_val
ISIC_7880793,0,0.06297935,inner_val
ISIC_7885845,0,0.026821159,inner_val
ISIC_7886280,0,0.02283458,inner_val
ISIC_7888236,0,0.08594214,inner_val
ISIC_7889231,0,0.42231354,inner_val
ISIC_7890630,0,0.09843814,inner_val
ISIC_7896548,0,0.18046676,inner_val
ISIC_7897363,0,0.007322872,inner_val
ISIC_7901786,0,0.0621737,inner_val
ISIC_7902978,0,0.0054833065,inner_val
ISIC_7906421,0,0.46226433,inner_val
ISIC_7906462,0,0.09325309,inner_val
ISIC_7909667,0,0.13916087,inner_val
ISIC_7909916,0,0.0018284275,inner_val
ISIC_7912334,0,0.008595744,inner_val
ISIC_7927285,0,0.014194962,inner_val
ISIC_7932749,0,0.4461548,inner_val
ISIC_7933514,0,0.008619311,inner_val
ISIC_7933945,0,0.016909776,inner_val
ISIC_7936961,0,0.0027450623,inner_val
ISIC_7939511,0,0.2220789,inner_val
ISIC_7939816,1,0.28621113,inner_val
ISIC_7948999,0,0.3190373,inner_val
ISIC_7954538,0,0.08049624,inner_val
ISIC_7960892,0,0.17267662,inner_val
ISIC_7961805,0,0.09013548,inner_val
ISIC_7966605,0,0.017830074,inner_val
ISIC_7968800,0,0.060660847,inner_val
ISIC_7973296,0,0.0015527377,inner_val
ISIC_7973714,0,0.019049684,inner_val
ISIC_7974945,0,0.09211825,inner_val
ISIC_7975420,0,0.21469668,inner_val
ISIC_7980339,0,0.10962395,inner_val
ISIC_7980625,0,0.124653675,inner_val
ISIC_7981196,0,0.013542115,inner_val
ISIC_7993774,0,0.027528929,inner_val
ISIC_7995237,0,0.10040193,inner_val
ISIC_7997132,0,0.0071803615,inner_val
ISIC_7999342,0,0.0067144833,inner_val
ISIC_8003465,0,0.09835789,inner_val
ISIC_8004013,0,0.0097470805,inner_val
ISIC_8005770,0,0.056335848,inner_val
ISIC_8012737,0,0.0055755796,inner_val
ISIC_8017569,0,0.033051204,inner_val
ISIC_8022003,0,0.029239988,inner_val
ISIC_8028682,0,0.048896827,inner_val
ISIC_8035608,0,0.02606615,inner_val
ISIC_8044518,0,0.19487806,inner_val
ISIC_8045383,0,0.011043846,inner_val
ISIC_8047129,0,0.06289622,inner_val
ISIC_8047390,0,0.009711254,inner_val
ISIC_8048290,0,0.03250426,inner_val
ISIC_8051791,0,0.38806856,inner_val
ISIC_8052877,0,0.028713081,inner_val
ISIC_8052972,0,0.0127963675,inner_val
ISIC_8054710,0,0.53639627,inner_val
ISIC_8059361,0,0.042888667,inner_val
ISIC_8060329,0,0.21719262,inner_val
ISIC_8061791,0,0.008094825,inner_val
ISIC_8063080,0,0.02441138,inner_val
ISIC_8065538,0,0.02590235,inner_val
ISIC_8065721,0,0.04029044,inner_val
ISIC_8070064,0,0.12946393,inner_val
ISIC_8070070,0,0.16691609,inner_val
ISIC_8072117,0,0.006849945,inner_val
ISIC_8072819,0,0.11203002,inner_val
ISIC_8074281,0,0.31972298,inner_val
ISIC_8077486,0,0.011076208,inner_val
ISIC_8080577,0,0.0036924265,inner_val
ISIC_8083174,0,0.01788244,inner_val
ISIC_8089369,0,0.039690904,inner_val
ISIC_8092875,0,0.046179645,inner_val
ISIC_8094833,0,0.04365816,inner_val
ISIC_8096907,0,0.008197922,inner_val
ISIC_8098274,0,0.773394,inner_val
ISIC_8109950,0,0.009497692,inner_val
ISIC_8117653,0,0.0018171145,inner_val
ISIC_8122480,0,0.38595447,inner_val
ISIC_8125684,0,0.0045118676,inner_val
ISIC_8129759,0,0.052777383,inner_val
ISIC_8135849,0,0.10548959,inner_val
ISIC_8136949,0,0.0033167137,inner_val
ISIC_8137345,0,0.07617545,inner_val
ISIC_8139964,0,0.040287703,inner_val
ISIC_8140072,0,0.28135347,inner_val
ISIC_8142203,0,0.06203467,inner_val
ISIC_8152481,0,0.09988403,inner_val
ISIC_8153032,0,0.021898087,inner_val
ISIC_8160180,0,0.02755814,inner_val
ISIC_8166819,0,0.09952195,inner_val
ISIC_8167374,1,0.53641766,inner_val
ISIC_8167414,0,0.105381705,inner_val
ISIC_8172170,0,0.20286168,inner_val
ISIC_8177391,0,0.0153548615,inner_val
ISIC_8179199,0,0.013441166,inner_val
ISIC_8179839,0,0.38665175,inner_val
ISIC_8181718,0,0.011035302,inner_val
ISIC_8185167,0,0.12040292,inner_val
ISIC_8188799,0,0.061669804,inner_val
ISIC_8202626,0,0.7240678,inner_val
ISIC_8204804,0,0.08779783,inner_val
ISIC_8205614,0,0.27464318,inner_val
ISIC_8207186,0,0.041816913,inner_val
ISIC_8211756,0,0.060584474,inner_val
ISIC_8220700,0,0.0113095995,inner_val
ISIC_8223110,0,0.18693587,inner_val
ISIC_8225843,0,0.09139533,inner_val
ISIC_8227428,0,0.025641043,inner_val
ISIC_8236820,0,0.6332826,inner_val
ISIC_8236943,0,0.13549918,inner_val
ISIC_8247499,0,0.16757388,inner_val
ISIC_8248922,0,0.058628514,inner_val
ISIC_8250654,0,0.2314297,inner_val
ISIC_8252406,1,0.29384363,inner_val
ISIC_8258907,0,0.04552878,inner_val
ISIC_8264021,0,0.050444953,inner_val
ISIC_8264614,0,0.027964437,inner_val
ISIC_8270028,0,0.05795247,inner_val
ISIC_8270072,0,0.09604804,inner_val
ISIC_8274622,0,0.020511884,inner_val
ISIC_8277301,0,0.02788851,inner_val
ISIC_8278604,0,0.0065398,inner_val
ISIC_8286565,0,0.14399123,inner_val
ISIC_8287726,0,0.018846894,inner_val
ISIC_8290994,0,0.005638531,inner_val
ISIC_8292095,0,0.051983103,inner_val
ISIC_8295663,0,0.0020040474,inner_val
ISIC_8298434,0,0.17507835,inner_val
ISIC_8300326,0,0.19922982,inner_val
ISIC_8300954,0,0.017988043,inner_val
ISIC_8301536,0,0.026437433,inner_val
ISIC_8302321,0,0.08608686,inner_val
ISIC_8312576,0,0.09643738,inner_val
ISIC_8314353,0,0.015379539,inner_val
ISIC_8316707,0,0.05749412,inner_val
ISIC_8319711,0,0.067362696,inner_val
ISIC_8320640,0,0.05013008,inner_val
ISIC_8321148,0,0.004405144,inner_val
ISIC_8330805,0,0.011307638,inner_val
ISIC_8331313,0,0.2325732,inner_val
ISIC_8335398,0,0.024660587,inner_val
ISIC_8337820,0,0.013760519,inner_val
ISIC_8338755,0,0.090148225,inner_val
ISIC_8339129,0,0.034251846,inner_val
ISIC_8340512,0,0.07023555,inner_val
ISIC_8342541,0,0.094718605,inner_val
ISIC_8343418,0,0.0072394297,inner_val
ISIC_8344948,0,0.10835416,inner_val
ISIC_8353090,0,0.4619891,inner_val
ISIC_8356528,0,0.009563613,inner_val
ISIC_8357114,0,0.27333677,inner_val
ISIC_8357442,0,0.07493568,inner_val
ISIC_8360023,0,0.44453672,inner_val
ISIC_8366864,0,0.0025731004,inner_val
ISIC_8370239,0,0.0061181462,inner_val
ISIC_8374895,0,0.006626655,inner_val
ISIC_8375123,0,0.0059931925,inner_val
ISIC_8375331,0,0.0001437422,inner_val
ISIC_8375933,0,0.039762612,inner_val
ISIC_8377218,0,0.058460575,inner_val
ISIC_8384082,0,0.03566191,inner_val
ISIC_8389650,0,0.038069144,inner_val
ISIC_8391394,0,0.11451309,inner_val
ISIC_8394030,0,0.018582834,inner_val
ISIC_8395542,0,0.19453856,inner_val
ISIC_8401949,0,0.15711327,inner_val
ISIC_8402962,0,0.3743792,inner_val
ISIC_8407262,0,0.29602966,inner_val
ISIC_8409850,0,0.22572547,inner_val
ISIC_8409977,0,0.32330287,inner_val
ISIC_8413505,0,0.014355539,inner_val
ISIC_8414421,0,0.012772006,inner_val
ISIC_8416055,0,0.34666085,inner_val
ISIC_8417655,0,0.07605118,inner_val
ISIC_8422213,0,0.004318174,inner_val
ISIC_8426130,0,0.04881378,inner_val
ISIC_8428038,0,0.019210836,inner_val
ISIC_8429798,0,0.42533904,inner_val
ISIC_8429889,0,0.08385153,inner_val
ISIC_8430002,0,0.13697787,inner_val
ISIC_8430053,0,0.06135478,inner_val
ISIC_8430286,0,0.6886286,inner_val
ISIC_8431681,0,0.04015614,inner_val
ISIC_8431949,0,0.13500041,inner_val
ISIC_8436666,0,0.02190736,inner_val
ISIC_8445109,0,0.19647107,inner_val
ISIC_8447174,0,0.0031386928,inner_val
ISIC_8451168,0,0.0041466057,inner_val
ISIC_8452205,0,0.026576597,inner_val
ISIC_8454214,0,0.035535157,inner_val
ISIC_8455853,0,0.05046668,inner_val
ISIC_8455866,0,0.013187361,inner_val
ISIC_8456275,0,0.023667872,inner_val
ISIC_8458843,0,0.25115365,inner_val
ISIC_8459354,0,0.031932402,inner_val
ISIC_8461708,0,0.05081757,inner_val
ISIC_8462364,0,0.36960158,inner_val
ISIC_8466131,0,0.0067348545,inner_val
ISIC_8468778,0,0.027572457,inner_val
ISIC_8475734,0,0.21842374,inner_val
ISIC_8480641,0,0.03172972,inner_val
ISIC_8481601,0,0.15626465,inner_val
ISIC_8484867,0,0.036245942,inner_val
ISIC_8485142,0,0.011244598,inner_val
ISIC_8491294,0,0.6432668,inner_val
ISIC_8492388,0,0.026875447,inner_val
ISIC_8492957,0,0.3620411,inner_val
ISIC_8493401,0,0.008469295,inner_val
ISIC_8494027,0,0.40607467,inner_val
ISIC_8494551,0,0.034239326,inner_val
ISIC_8496245,0,0.105148755,inner_val
ISIC_8501844,0,0.095440716,inner_val
ISIC_8503961,0,0.050607532,inner_val
ISIC_8505098,0,0.057855796,inner_val
ISIC_8505182,0,0.019893873,inner_val
ISIC_8515281,0,0.0077639217,inner_val
ISIC_8515674,0,0.0061616264,inner_val
ISIC_8516631,0,0.018447965,inner_val
ISIC_8517305,0,0.002798532,inner_val
ISIC_8527092,1,0.6356406,inner_val
ISIC_8528497,0,0.14368856,inner_val
ISIC_8531541,0,0.004928629,inner_val
ISIC_8539883,0,0.021109775,inner_val
ISIC_8542407,0,0.0489407,inner_val
ISIC_8543283,0,0.0071004145,inner_val
ISIC_8545097,0,0.195264,inner_val
ISIC_8545949,1,0.06630514,inner_val
ISIC_8549526,0,0.0064341906,inner_val
ISIC_8557006,0,0.03185166,inner_val
ISIC_8560031,0,0.22721414,inner_val
ISIC_8562717,0,0.37919185,inner_val
ISIC_8572722,0,0.07570944,inner_val
ISIC_8577966,0,0.0070904605,inner_val
ISIC_8580692,0,0.010531476,inner_val
ISIC_8590181,0,0.02401001,inner_val
ISIC_8593130,0,0.90804905,inner_val
ISIC_8603734,0,0.21702987,inner_val
ISIC_8610534,0,0.0032146168,inner_val
ISIC_8612113,0,0.004054939,inner_val
ISIC_8616723,0,0.30144677,inner_val
ISIC_8617145,0,0.012876058,inner_val
ISIC_8618260,0,0.013826195,inner_val
ISIC_8621002,0,0.00795928,inner_val
ISIC_8622204,0,0.091148935,inner_val
ISIC_8623233,0,0.3382525,inner_val
ISIC_8623743,0,0.01696926,inner_val
ISIC_8626005,0,0.04131139,inner_val
ISIC_8629932,0,0.00606774,inner_val
ISIC_8632929,0,0.0061657596,inner_val
ISIC_8633166,0,0.004266879,inner_val
ISIC_8642670,0,0.011754783,inner_val
ISIC_8644092,0,0.0033855315,inner_val
ISIC_8647135,0,0.3716036,inner_val
ISIC_8651053,0,0.010544095,inner_val
ISIC_8653749,0,0.19018571,inner_val
ISIC_8653964,0,0.015921349,inner_val
ISIC_8658618,0,0.008968083,inner_val
ISIC_8661993,0,0.14118063,inner_val
ISIC_8666446,0,0.09986785,inner_val
ISIC_8670418,0,0.023855686,inner_val
ISIC_8670789,0,0.1307242,inner_val
ISIC_8673238,0,0.010122129,inner_val
ISIC_8674332,0,0.0109791,inner_val
ISIC_8674558,0,0.01705191,inner_val
ISIC_8676305,0,0.024187114,inner_val
ISIC_8680191,0,0.010853924,inner_val
ISIC_8683098,0,0.01810606,inner_val
ISIC_8697410,0,0.10935853,inner_val
ISIC_8704668,0,0.027298804,inner_val
ISIC_8705729,0,0.36826518,inner_val
ISIC_8706441,0,0.3819144,inner_val
ISIC_8709211,0,0.0054248665,inner_val
ISIC_8709649,0,0.08149907,inner_val
ISIC_8711778,0,0.011993256,inner_val
ISIC_8712401,0,0.23657012,inner_val
ISIC_8715329,0,0.030226499,inner_val
ISIC_8716533,0,0.013053321,inner_val
ISIC_8719134,0,0.001383323,inner_val
ISIC_8721166,0,0.008299543,inner_val
ISIC_8722667,0,0.0166172,inner_val
ISIC_8726909,0,0.014421342,inner_val
ISIC_8726948,0,0.03086097,inner_val
ISIC_8733422,0,0.027590124,inner_val
ISIC_8738925,0,0.04825365,inner_val
ISIC_8748953,0,0.01580761,inner_val
ISIC_8749666,0,0.29247317,inner_val
ISIC_8755239,0,0.09963757,inner_val
ISIC_8758963,0,0.009831355,inner_val
ISIC_8764217,0,0.0124270385,inner_val
ISIC_8765068,0,0.0352018,inner_val
ISIC_8765435,0,0.08393133,inner_val
ISIC_8769415,0,0.024250636,inner_val
ISIC_8770205,0,0.11341903,inner_val
ISIC_8772124,0,0.031333786,inner_val
ISIC_8772865,0,0.62886435,inner_val
ISIC_8774086,0,0.0038186042,inner_val
ISIC_8785434,0,0.027405784,inner_val
ISIC_8789051,1,0.6231307,inner_val
ISIC_8790885,0,0.20676544,inner_val
ISIC_8793471,0,0.116797425,inner_val
ISIC_8796456,0,0.0030842405,inner_val
ISIC_8797868,0,0.07870698,inner_val
ISIC_8799158,0,0.10346735,inner_val
ISIC_8802922,0,0.17854166,inner_val
ISIC_8803600,0,0.4389179,inner_val
ISIC_8808627,0,0.024771595,inner_val
ISIC_8811120,0,0.0066642547,inner_val
ISIC_8820668,0,0.10608264,inner_val
ISIC_8822452,0,0.044456787,inner_val
ISIC_8822738,0,0.0063649877,inner_val
ISIC_8827637,0,0.021265533,inner_val
ISIC_8834482,0,0.0891512,inner_val
ISIC_8837443,0,0.20795219,inner_val
ISIC_8847050,0,0.018077213,inner_val
ISIC_8847638,0,0.006908731,inner_val
ISIC_8848761,0,0.005625339,inner_val
ISIC_8849283,0,0.040059213,inner_val
ISIC_8849946,0,0.25193748,inner_val
ISIC_8855790,0,0.19196151,inner_val
ISIC_8855901,0,0.17371574,inner_val
ISIC_8856029,0,0.6219529,inner_val
ISIC_8856727,0,0.026200304,inner_val
ISIC_8856781,0,0.2305532,inner_val
ISIC_8863678,0,0.046262205,inner_val
ISIC_8865342,0,0.03054516,inner_val
ISIC_8873823,0,0.014206944,inner_val
ISIC_8876766,0,0.005585074,inner_val
ISIC_8880180,0,0.017028652,inner_val
ISIC_8880482,0,0.4300575,inner_val
ISIC_8882364,0,0.15340576,inner_val
ISIC_8883454,0,0.37717292,inner_val
ISIC_8892973,0,0.15897018,inner_val
ISIC_8893501,0,0.10215469,inner_val
ISIC_8893962,0,0.4200031,inner_val
ISIC_8899352,0,0.029408336,inner_val
ISIC_8900730,0,0.018476078,inner_val
ISIC_8901784,0,0.1491568,inner_val
ISIC_8902868,0,0.043931197,inner_val
ISIC_8904639,0,0.614167,inner_val
ISIC_8905841,0,0.012153574,inner_val
ISIC_8909618,0,0.010994235,inner_val
ISIC_8910102,0,0.17525995,inner_val
ISIC_8920203,0,0.013852147,inner_val
ISIC_8922111,0,0.005164584,inner_val
ISIC_8922355,0,0.1880065,inner_val
ISIC_8930970,0,0.033247747,inner_val
ISIC_8934691,0,0.2036205,inner_val
ISIC_8949026,0,0.058454644,inner_val
ISIC_8953775,0,0.16017708,inner_val
ISIC_8959657,0,0.09559668,inner_val
ISIC_8960223,0,0.005396998,inner_val
ISIC_8961105,0,0.029953098,inner_val
ISIC_8963614,0,0.008801644,inner_val
ISIC_8966059,0,0.005850668,inner_val
ISIC_8969883,0,0.02709656,inner_val
ISIC_8976269,0,0.0056147818,inner_val
ISIC_8976889,0,0.056808688,inner_val
ISIC_8980734,0,0.0015600877,inner_val
ISIC_8984990,0,0.033646993,inner_val
ISIC_8986314,0,0.20347187,inner_val
ISIC_8992673,0,0.11541584,inner_val
ISIC_8997983,0,0.5047386,inner_val
ISIC_8998190,0,0.059278965,inner_val
ISIC_9003062,0,0.040131327,inner_val
ISIC_9005623,0,0.070783794,inner_val
ISIC_9025263,0,0.01356338,inner_val
ISIC_9027285,0,0.13463093,inner_val
ISIC_9029941,0,0.152866,inner_val
ISIC_9030376,0,0.035970174,inner_val
ISIC_9042958,0,0.13470022,inner_val
ISIC_9045840,0,0.1771304,inner_val
ISIC_9047209,0,0.03102633,inner_val
ISIC_9049462,0,0.014450737,inner_val
ISIC_9056392,0,0.3567308,inner_val
ISIC_9059870,0,0.004540552,inner_val
ISIC_9061511,0,0.023514014,inner_val
ISIC_9062714,0,0.022952545,inner_val
ISIC_9065461,0,0.014869264,inner_val
ISIC_9066099,0,0.047992315,inner_val
ISIC_9074247,0,0.034019217,inner_val
ISIC_9074406,0,0.07892387,inner_val
ISIC_9076133,0,0.02671654,inner_val
ISIC_9076637,0,0.64848447,inner_val
ISIC_9080650,0,0.028075933,inner_val
ISIC_9081663,0,0.025925808,inner_val
ISIC_9085719,0,0.008396664,inner_val
ISIC_9100933,0,0.09031995,inner_val
ISIC_9102352,0,0.001634658,inner_val
ISIC_9105258,0,0.19913138,inner_val
ISIC_9106692,0,0.079954766,inner_val
ISIC_9108562,0,0.076902255,inner_val
ISIC_9110426,0,0.08269302,inner_val
ISIC_9112372,0,0.09453546,inner_val
ISIC_9119549,0,0.010104472,inner_val
ISIC_9121151,0,0.1419858,inner_val
ISIC_9124500,0,0.019659676,inner_val
ISIC_9137479,0,0.7623879,inner_val
ISIC_9140677,0,0.016294166,inner_val
ISIC_9143744,0,0.020524444,inner_val
ISIC_9146496,0,0.8047306,inner_val
ISIC_9148241,0,0.045826767,inner_val
ISIC_9148443,0,0.008404234,inner_val
ISIC_9150700,0,0.05864481,inner_val
ISIC_9160237,0,0.03364751,inner_val
ISIC_9160614,0,0.0760068,inner_val
ISIC_9163684,0,0.01666436,inner_val
ISIC_9168624,0,0.11939716,inner_val
ISIC_9168700,0,0.09263176,inner_val
ISIC_9172357,0,0.13122493,inner_val
ISIC_9176160,0,0.12990409,inner_val
ISIC_9176281,0,0.092737816,inner_val
ISIC_9177435,0,0.10158399,inner_val
ISIC_9178347,0,0.0021071604,inner_val
ISIC_9178485,0,0.004316946,inner_val
ISIC_9182272,0,0.0837623,inner_val
ISIC_9182462,0,0.27539936,inner_val
ISIC_9189897,0,0.023669153,inner_val
ISIC_9196122,0,0.042899787,inner_val
ISIC_9199429,1,0.72527033,inner_val
ISIC_9204214,0,0.018709835,inner_val
ISIC_9207161,0,0.008834293,inner_val
ISIC_9211175,0,0.37724566,inner_val
ISIC_9211620,0,0.19278741,inner_val
ISIC_9214172,0,0.02428143,inner_val
ISIC_9223743,0,0.026470855,inner_val
ISIC_9224337,0,0.26059416,inner_val
ISIC_9236253,0,0.01509427,inner_val
ISIC_9239789,0,0.027118072,inner_val
ISIC_9245103,0,0.032155234,inner_val
ISIC_9245674,0,0.017985873,inner_val
ISIC_9245680,0,0.044839703,inner_val
ISIC_9246565,0,0.0412738,inner_val
ISIC_9246908,0,0.0042147073,inner_val
ISIC_9252628,0,0.16060711,inner_val
ISIC_9257356,0,0.0023453527,inner_val
ISIC_9260935,0,0.0031178023,inner_val
ISIC_9262813,0,0.0112649,inner_val
ISIC_9265973,0,0.6053605,inner_val
ISIC_9267202,0,0.0076992563,inner_val
ISIC_9272859,0,0.031427197,inner_val
ISIC_9273777,0,0.016307648,inner_val
ISIC_9278139,0,0.0059201457,inner_val
ISIC_9278477,0,0.14559141,inner_val
ISIC_9285033,0,0.0373626,inner_val
ISIC_9288490,0,0.17179511,inner_val
ISIC_9289932,0,0.28844014,inner_val
ISIC_9300449,0,0.07596885,inner_val
ISIC_9311196,0,0.014527091,inner_val
ISIC_9314142,0,0.00967404,inner_val
ISIC_9315146,0,0.013969162,inner_val
ISIC_9320258,0,0.0035932062,inner_val
ISIC_9320586,0,0.006222221,inner_val
ISIC_9326674,0,0.04838325,inner_val
ISIC_9331031,0,0.005995292,inner_val
ISIC_9331782,0,0.047804687,inner_val
ISIC_9333157,0,0.16008723,inner_val
ISIC_9333546,0,0.18742459,inner_val
ISIC_9334741,0,0.027193666,inner_val
ISIC_9336382,0,0.011311188,inner_val
ISIC_9336675,0,0.37578857,inner_val
ISIC_9337015,0,0.0296205,inner_val
ISIC_9338349,0,0.101602875,inner_val
ISIC_9339525,0,0.052713506,inner_val
ISIC_9339842,0,0.80096567,inner_val
ISIC_9340102,0,0.008225604,inner_val
ISIC_9343601,0,0.057909206,inner_val
ISIC_9348374,0,0.65384746,inner_val
ISIC_9352293,0,0.3335651,inner_val
ISIC_9354965,0,0.39469674,inner_val
ISIC_9364585,0,0.036022536,inner_val
ISIC_9369222,0,0.08432475,inner_val
ISIC_9374111,0,0.014323459,inner_val
ISIC_9374598,0,0.028688116,inner_val
ISIC_9380228,0,0.07914522,inner_val
ISIC_9382392,0,0.06655649,inner_val
ISIC_9403126,0,0.029667145,inner_val
ISIC_9405838,0,0.025329733,inner_val
ISIC_9418177,0,0.23981772,inner_val
ISIC_9425363,0,0.14660756,inner_val
ISIC_9425937,0,0.0266524,inner_val
ISIC_9426607,0,0.048111074,inner_val
ISIC_9429870,0,0.5208616,inner_val
ISIC_9435365,0,0.052607685,inner_val
ISIC_9436034,0,0.00069035095,inner_val
ISIC_9441393,0,0.020668056,inner_val
ISIC_9442362,0,0.02712978,inner_val
ISIC_9443820,0,0.0110189635,inner_val
ISIC_9444090,0,0.017118245,inner_val
ISIC_9448281,0,0.012555108,inner_val
ISIC_9452525,0,0.013918738,inner_val
ISIC_9456322,0,0.013806339,inner_val
ISIC_9459923,0,0.003559519,inner_val
ISIC_9461926,0,0.01178461,inner_val
ISIC_9462955,0,0.013584981,inner_val
ISIC_9465063,0,0.023128752,inner_val
ISIC_9472951,0,0.0014885179,inner_val
ISIC_9474470,0,0.019546824,inner_val
ISIC_9481834,0,0.0055728313,inner_val
ISIC_9482251,0,0.07196514,inner_val
ISIC_9484908,0,0.08953844,inner_val
ISIC_9487287,0,0.3642283,inner_val
ISIC_9491531,0,0.009855402,inner_val
ISIC_9500007,0,0.10724259,inner_val
ISIC_9501851,0,0.12400846,inner_val
ISIC_9506257,0,0.30053288,inner_val
ISIC_9507926,0,0.011082253,inner_val
ISIC_9509206,0,0.05045169,inner_val
ISIC_9509376,0,0.025891053,inner_val
ISIC_9509813,0,0.046247177,inner_val
ISIC_9509844,0,0.034892503,inner_val
ISIC_9511832,0,0.0032151497,inner_val
ISIC_9514708,0,0.19663212,inner_val
ISIC_9516221,0,0.09678601,inner_val
ISIC_9517752,0,0.109128214,inner_val
ISIC_9521537,0,0.21386229,inner_val
ISIC_9521776,0,0.076595694,inner_val
ISIC_9521898,0,0.01366071,inner_val
ISIC_9525579,0,0.013608765,inner_val
ISIC_9525721,0,0.12034342,inner_val
ISIC_9531403,0,0.0031896788,inner_val
ISIC_9534056,0,0.0024364928,inner_val
ISIC_9538419,0,0.006206555,inner_val
ISIC_9540109,0,0.009686102,inner_val
ISIC_9540825,0,0.018849319,inner_val
ISIC_9552235,0,0.22472216,inner_val
ISIC_9560804,0,0.8959035,inner_val
ISIC_9562036,0,0.044714153,inner_val
ISIC_9566426,0,0.0094508445,inner_val
ISIC_9567694,0,0.0098707825,inner_val
ISIC_9570207,0,0.0025331646,inner_val
ISIC_9572651,0,0.1618341,inner_val
ISIC_9580941,0,0.39413896,inner_val
ISIC_9588205,0,0.064534485,inner_val
ISIC_9590331,0,0.07750305,inner_val
ISIC_9590900,0,0.07384421,inner_val
ISIC_9593811,0,0.57358044,inner_val
ISIC_9593933,0,0.06556014,inner_val
ISIC_9594280,0,0.16820934,inner_val
ISIC_9596531,0,0.04651808,inner_val
ISIC_9597903,0,0.049369324,inner_val
ISIC_9603966,0,0.0030136984,inner_val
ISIC_9609907,0,0.022762014,inner_val
ISIC_9616281,0,0.012955578,inner_val
ISIC_9623772,0,0.090202995,inner_val
ISIC_9624268,0,0.1449311,inner_val
ISIC_9625875,0,0.009515814,inner_val
ISIC_9626110,0,0.44332218,inner_val
ISIC_9629583,0,0.26309928,inner_val
ISIC_9631669,0,0.0076256045,inner_val
ISIC_9631792,0,0.005960303,inner_val
ISIC_9632665,0,0.3671239,inner_val
ISIC_9633789,0,0.024810653,inner_val
ISIC_9634177,0,0.01314491,inner_val
ISIC_9637285,0,0.16002835,inner_val
ISIC_9643578,0,0.15520917,inner_val
ISIC_9646599,0,0.18593541,inner_val
ISIC_9649534,0,0.004287304,inner_val
ISIC_9650848,0,0.024312412,inner_val
ISIC_9651698,0,0.008810697,inner_val
ISIC_9652183,0,0.038790192,inner_val
ISIC_9654537,0,0.013029544,inner_val
ISIC_9661686,0,0.04548719,inner_val
ISIC_9662236,0,0.12595998,inner_val
ISIC_9663017,0,0.039674696,inner_val
ISIC_9670242,0,0.024344882,inner_val
ISIC_9670400,0,0.0020055512,inner_val
ISIC_9672376,0,0.015136627,inner_val
ISIC_9685931,1,0.3405931,inner_val
ISIC_9690865,0,0.033073053,inner_val
ISIC_9695205,0,0.008946703,inner_val
ISIC_9698575,0,0.4036267,inner_val
ISIC_9712522,0,0.6734137,inner_val
ISIC_9712995,0,0.25009272,inner_val
ISIC_9714160,0,0.2496513,inner_val
ISIC_9719922,0,0.032572635,inner_val
ISIC_9723519,0,0.2157768,inner_val
ISIC_9724506,0,0.023153266,inner_val
ISIC_9729313,0,0.04463655,inner_val
ISIC_9729529,0,0.21956065,inner_val
ISIC_9731969,0,0.0077029513,inner_val
ISIC_9742104,0,0.0544919,inner_val
ISIC_9745283,0,0.20266691,inner_val
ISIC_9748543,0,0.027263328,inner_val
ISIC_9749056,0,0.32623646,inner_val
ISIC_9753857,0,0.07043479,inner_val
ISIC_9756079,0,0.30807158,inner_val
ISIC_9763702,0,0.0902136,inner_val
ISIC_9764833,0,0.022835325,inner_val
ISIC_9764868,0,0.04309616,inner_val
ISIC_9765024,0,0.056726184,inner_val
ISIC_9771739,0,0.29337278,inner_val
ISIC_9777543,0,0.06495048,inner_val
ISIC_9779803,0,0.04757165,inner_val
ISIC_9781738,0,0.08402855,inner_val
ISIC_9784337,0,0.058316335,inner_val
ISIC_9787578,0,0.2653694,inner_val
ISIC_9789911,0,0.0063364743,inner_val
ISIC_9791133,0,0.06470788,inner_val
ISIC_9798721,0,0.0599867,inner_val
ISIC_9803651,0,0.012356119,inner_val
ISIC_9805452,0,0.005682883,inner_val
ISIC_9809544,0,0.05114269,inner_val
ISIC_9810094,0,0.36451542,inner_val
ISIC_9810847,0,0.027325017,inner_val
ISIC_9817000,0,0.05420688,inner_val
ISIC_9820907,0,0.4649135,inner_val
ISIC_9822725,0,0.035439465,inner_val
ISIC_9824211,0,0.009175741,inner_val
ISIC_9827962,0,0.0075813946,inner_val
ISIC_9829429,0,0.0023375754,inner_val
ISIC_9829805,0,0.023217263,inner_val
ISIC_9830461,0,0.06373033,inner_val
ISIC_9830846,0,0.08777603,inner_val
ISIC_9833353,0,0.18396352,inner_val
ISIC_9839324,0,0.30175266,inner_val
ISIC_9840491,0,0.39619705,inner_val
ISIC_9846559,0,0.0026259793,inner_val
ISIC_9851670,0,0.00408805,inner_val
ISIC_9853051,0,0.03273505,inner_val
ISIC_9856243,0,0.00083914446,inner_val
ISIC_9857857,0,0.038883682,inner_val
ISIC_9860391,0,0.033135522,inner_val
ISIC_9861225,0,0.034804948,inner_val
ISIC_9861423,0,0.27288347,inner_val
ISIC_9861674,0,0.016062107,inner_val
ISIC_9863995,0,0.22087102,inner_val
ISIC_9871124,0,0.27777982,inner_val
ISIC_9871381,0,0.017150743,inner_val
ISIC_9876515,0,0.41008562,inner_val
ISIC_9877357,0,0.028537044,inner_val
ISIC_9877843,0,0.034735017,inner_val
ISIC_9888203,0,0.008298805,inner_val
ISIC_9892318,0,0.025093066,inner_val
ISIC_9893698,0,0.013454338,inner_val
ISIC_9894782,0,0.0067316936,inner_val
ISIC_9895436,0,0.008817378,inner_val
ISIC_9898107,0,0.10188498,inner_val
ISIC_9898447,0,0.39060712,inner_val
ISIC_9899949,0,0.11464888,inner_val
ISIC_9909655,0,0.010590332,inner_val
ISIC_9910854,0,0.007213933,inner_val
ISIC_9913573,0,0.13100065,inner_val
ISIC_9913914,0,0.01056811,inner_val
ISIC_9914767,0,0.0015025897,inner_val
ISIC_9915649,0,0.007913927,inner_val
ISIC_9916654,0,0.043780673,inner_val
ISIC_9918584,0,0.06082024,inner_val
ISIC_9921695,0,0.035400927,inner_val
ISIC_9937653,0,0.08554227,inner_val
ISIC_9938191,0,0.010491289,inner_val
ISIC_9939653,0,0.008980347,inner_val
ISIC_9940802,0,0.0018551075,inner_val
ISIC_9944425,0,0.050153323,inner_val
ISIC_9946702,0,0.040411443,inner_val
ISIC_9949745,0,0.0981673,inner_val
ISIC_9956125,0,0.06561612,inner_val
ISIC_9956400,0,0.006866883,inner_val
ISIC_9959011,0,0.13368213,inner_val
ISIC_9964362,0,0.22489297,inner_val
ISIC_9965843,0,0.067249425,inner_val
ISIC_9968564,0,0.0044729896,inner_val
ISIC_9969263,0,0.070601806,inner_val
ISIC_9977784,0,0.04907996,inner_val
ISIC_9981194,0,0.017418867,inner_val
ISIC_9983696,0,0.28142676,inner_val
ISIC_9985905,0,0.04038872,inner_val
ISIC_9986333,0,0.0059223296,inner_val
ISIC_9996662,0,0.013964453,inner_val
ISIC_9997614,0,0.07216062,inner_val
ISIC_0074268,0,0.003298982,held_fold
ISIC_0074542,0,0.22058728,held_fold
ISIC_0075914,0,0.026252259,held_fold
ISIC_0083035,0,0.07139896,held_fold
ISIC_0091559,0,0.021789012,held_fold
ISIC_0095805,0,0.0044170655,held_fold
ISIC_0096328,0,0.032889705,held_fold
ISIC_0109568,0,0.24411345,held_fold
ISIC_0112097,0,0.02937603,held_fold
ISIC_0114225,0,0.22485596,held_fold
ISIC_0148751,0,0.0098668365,held_fold
ISIC_0148783,0,0.008371174,held_fold
ISIC_0153265,0,0.13789035,held_fold
ISIC_0154338,0,0.28759682,held_fold
ISIC_0154872,0,0.0830105,held_fold
ISIC_0155173,0,0.33539593,held_fold
ISIC_0155273,0,0.07058854,held_fold
ISIC_0155473,0,0.03445784,held_fold
ISIC_0157530,0,0.039146263,held_fold
ISIC_0159782,0,0.06723637,held_fold
ISIC_0166935,0,0.05933147,held_fold
ISIC_0170285,0,0.23113117,held_fold
ISIC_0174527,0,0.2522681,held_fold
ISIC_0175837,0,0.11246744,held_fold
ISIC_0179104,0,0.007515364,held_fold
ISIC_0180660,0,0.014037238,held_fold
ISIC_0185135,0,0.008602138,held_fold
ISIC_0185547,0,0.037650406,held_fold
ISIC_0186501,0,0.029246952,held_fold
ISIC_0189059,0,0.19824517,held_fold
ISIC_0189694,0,0.0693096,held_fold
ISIC_0190725,0,0.078010134,held_fold
ISIC_0191366,0,0.019480377,held_fold
ISIC_0192490,0,0.034746338,held_fold
ISIC_0194550,0,0.10029781,held_fold
ISIC_0194914,0,0.08787584,held_fold
ISIC_0196399,0,0.32624862,held_fold
ISIC_0199116,0,0.1867202,held_fold
ISIC_0199494,0,0.026583822,held_fold
ISIC_0200153,0,0.038502485,held_fold
ISIC_0202023,0,0.007587141,held_fold
ISIC_0202576,0,0.0035569512,held_fold
ISIC_0202680,0,0.11694458,held_fold
ISIC_0203016,0,0.036818128,held_fold
ISIC_0203233,0,0.041987423,held_fold
ISIC_0204275,0,0.020951428,held_fold
ISIC_0206442,0,0.10680071,held_fold
ISIC_0207209,0,0.023247408,held_fold
ISIC_0209871,0,0.01736174,held_fold
ISIC_0210308,0,0.043545116,held_fold
ISIC_0210423,0,0.1570667,held_fold
ISIC_0210830,0,0.19694532,held_fold
ISIC_0213336,0,0.0070082806,held_fold
ISIC_0214335,0,0.745084,held_fold
ISIC_0220649,0,0.21623008,held_fold
ISIC_0224678,0,0.025010495,held_fold
ISIC_0224681,0,0.04975029,held_fold
ISIC_0225245,0,0.010583099,held_fold
ISIC_0227038,0,0.68804497,held_fold
ISIC_0227532,0,0.0041958853,held_fold
ISIC_0229680,0,0.014232959,held_fold
ISIC_0232785,0,0.07687478,held_fold
ISIC_0234049,0,0.002122945,held_fold
ISIC_0235728,0,0.10025263,held_fold
ISIC_0236237,0,0.036466137,held_fold
ISIC_0237862,0,0.0062797028,held_fold
ISIC_0238002,0,0.054009985,held_fold
ISIC_0238118,0,0.003205872,held_fold
ISIC_0238711,0,0.009991874,held_fold
ISIC_0239178,0,0.14029814,held_fold
ISIC_0239843,0,0.21093589,held_fold
ISIC_0247330,1,0.090664975,held_fold
ISIC_0250069,0,0.036176413,held_fold
ISIC_0252649,0,0.15481138,held_fold
ISIC_0253516,0,0.09482537,held_fold
ISIC_0254686,0,0.00431965,held_fold
ISIC_0254698,0,0.0059548644,held_fold
ISIC_0257755,0,0.009182507,held_fold
ISIC_0258065,0,0.009099829,held_fold
ISIC_0260475,0,0.103393234,held_fold
ISIC_0263916,0,0.26143613,held_fold
ISIC_0264941,0,0.020883948,held_fold
ISIC_0268187,0,0.0056292587,held_fold
ISIC_0270289,0,0.0018538559,held_fold
ISIC_0271408,0,0.04671601,held_fold
ISIC_0273222,0,0.07896456,held_fold
ISIC_0275661,0,0.013514153,held_fold
ISIC_0275984,0,0.598108,held_fold
ISIC_0276435,0,0.006878179,held_fold
ISIC_0277164,0,0.013833992,held_fold
ISIC_0278021,0,0.021449583,held_fold
ISIC_0278130,0,0.008989816,held_fold
ISIC_0280603,0,0.07040164,held_fold
ISIC_0281286,0,0.00794299,held_fold
ISIC_0281658,0,0.102147475,held_fold
ISIC_0282422,0,0.03290034,held_fold
ISIC_0283511,0,0.038816746,held_fold
ISIC_0285157,0,0.007384505,held_fold
ISIC_0291277,0,0.23670681,held_fold
ISIC_0291282,0,0.0061570345,held_fold
ISIC_0291882,0,0.006087684,held_fold
ISIC_0292349,0,0.016160415,held_fold
ISIC_0294170,0,0.15837872,held_fold
ISIC_0294687,0,0.013066498,held_fold
ISIC_0295507,0,0.078926384,held_fold
ISIC_0295820,0,0.011798123,held_fold
ISIC_0302441,0,0.009085969,held_fold
ISIC_0305842,0,0.010159957,held_fold
ISIC_0308127,0,0.017340025,held_fold
ISIC_0310231,0,0.0063490784,held_fold
ISIC_0311853,0,0.00915586,held_fold
ISIC_0313067,0,0.37336928,held_fold
ISIC_0315631,0,0.026049027,held_fold
ISIC_0316025,0,0.012498225,held_fold
ISIC_0319715,0,0.14535217,held_fold
ISIC_0319928,0,0.008220594,held_fold
ISIC_0324255,0,0.045401834,held_fold
ISIC_0325771,0,0.25974473,held_fold
ISIC_0326523,0,0.132569,held_fold
ISIC_0326608,0,0.08705921,held_fold
ISIC_0338377,0,0.05464797,held_fold
ISIC_0340995,0,0.007954011,held_fold
ISIC_0341262,0,0.011583034,held_fold
ISIC_0341298,0,0.06298365,held_fold
ISIC_0342608,0,0.13561633,held_fold
ISIC_0344052,0,0.4851245,held_fold
ISIC_0345499,0,0.013627821,held_fold
ISIC_0347263,0,0.0031160156,held_fold
ISIC_0348633,0,0.016406626,held_fold
ISIC_0350472,0,0.0040874737,held_fold
ISIC_0354589,0,0.0020228857,held_fold
ISIC_0356611,0,0.10081827,held_fold
ISIC_0358326,0,0.036123347,held_fold
ISIC_0358490,0,0.10692825,held_fold
ISIC_0361034,0,0.0014498077,held_fold
ISIC_0362190,0,0.20616463,held_fold
ISIC_0363130,0,0.027583653,held_fold
ISIC_0364478,0,0.13607366,held_fold
ISIC_0365410,0,0.044443805,held_fold
ISIC_0370132,0,0.24267879,held_fold
ISIC_0372376,0,0.011415078,held_fold
ISIC_0372902,0,0.035797156,held_fold
ISIC_0375073,0,0.066247955,held_fold
ISIC_0379979,0,0.09485449,held_fold
ISIC_0381169,0,0.1663788,held_fold
ISIC_0381342,0,0.12211212,held_fold
ISIC_0385609,0,0.045593414,held_fold
ISIC_0385633,0,0.041889064,held_fold
ISIC_0389629,0,0.038094252,held_fold
ISIC_0392334,0,0.029981216,held_fold
ISIC_0392966,0,0.3901306,held_fold
ISIC_0398005,0,0.540841,held_fold
ISIC_0398069,0,0.010890153,held_fold
ISIC_0398140,0,0.025904056,held_fold
ISIC_0399416,0,0.16902891,held_fold
ISIC_0400685,0,0.009435492,held_fold
ISIC_0401078,0,0.3829276,held_fold
ISIC_0401116,0,0.04779935,held_fold
ISIC_0407005,0,0.048733808,held_fold
ISIC_0407040,0,0.21854544,held_fold
ISIC_0407905,0,0.07746917,held_fold
ISIC_0409276,0,0.24521953,held_fold
ISIC_0410824,0,0.11959432,held_fold
ISIC_0413111,0,0.16125003,held_fold
ISIC_0413372,0,0.35394022,held_fold
ISIC_0413715,0,0.0483211,held_fold
ISIC_0413804,0,0.11680417,held_fold
ISIC_0419212,0,0.039661914,held_fold
ISIC_0422139,0,0.10092727,held_fold
ISIC_0422225,0,0.13056996,held_fold
ISIC_0423312,0,0.0047470736,held_fold
ISIC_0423395,0,0.25524834,held_fold
ISIC_0423722,0,0.038982954,held_fold
ISIC_0424784,0,0.015106949,held_fold
ISIC_0426487,0,0.002052002,held_fold
ISIC_0427760,0,0.014284922,held_fold
ISIC_0428656,0,0.13696383,held_fold
ISIC_0430356,0,0.03677143,held_fold
ISIC_0430837,0,0.14871316,held_fold
ISIC_0430904,0,0.018345337,held_fold
ISIC_0432077,0,0.020618267,held_fold
ISIC_0434114,0,0.15401423,held_fold
ISIC_0435434,0,0.53691036,held_fold
ISIC_0437593,0,0.030050727,held_fold
ISIC_0437828,0,0.13331066,held_fold
ISIC_0439040,0,0.0058707376,held_fold
ISIC_0439839,0,0.29205498,held_fold
ISIC_0440584,0,0.030432044,held_fold
ISIC_0442290,0,0.15969627,held_fold
ISIC_0443266,0,0.0033075067,held_fold
ISIC_0444347,0,0.18582654,held_fold
ISIC_0445396,0,0.46989486,held_fold
ISIC_0452388,0,0.03418397,held_fold
ISIC_0460833,0,0.10900871,held_fold
ISIC_0461085,0,0.0103009865,held_fold
ISIC_0463621,0,0.02225826,held_fold
ISIC_0467100,0,0.02270559,held_fold
ISIC_0470433,0,0.013268336,held_fold
ISIC_0473135,0,0.2103002,held_fold
ISIC_0475718,0,0.022114588,held_fold
ISIC_0476670,0,0.473127,held_fold
ISIC_0478571,0,0.1900686,held_fold
ISIC_0479264,0,0.006590939,held_fold
ISIC_0481425,0,0.06861202,held_fold
ISIC_0481652,0,0.049734674,held_fold
ISIC_0481910,0,0.0072673447,held_fold
ISIC_0482297,0,0.010420624,held_fold
ISIC_0483469,0,0.0007408052,held_fold
ISIC_0484568,0,0.019929668,held_fold
ISIC_0485881,0,0.0798149,held_fold
ISIC_0490442,0,0.002995368,held_fold
ISIC_0491818,0,0.055223055,held_fold
ISIC_0493653,0,0.11328525,held_fold
ISIC_0494046,0,0.009139268,held_fold
ISIC_0494257,0,0.032977756,held_fold
ISIC_0494263,0,0.024514973,held_fold
ISIC_0494383,0,0.030573232,held_fold
ISIC_0497390,0,0.08983241,held_fold
ISIC_0499554,0,0.07379644,held_fold
ISIC_0500526,0,0.023131544,held_fold
ISIC_0502016,0,0.039340943,held_fold
ISIC_0502419,0,0.015879648,held_fold
ISIC_0506617,0,0.024823306,held_fold
ISIC_0511782,0,0.007840681,held_fold
ISIC_0512155,0,0.029554322,held_fold
ISIC_0513488,0,0.09602696,held_fold
ISIC_0514672,0,0.010204975,held_fold
ISIC_0516337,0,0.027922705,held_fold
ISIC_0516982,0,0.039980814,held_fold
ISIC_0518459,0,0.05594482,held_fold
ISIC_0519719,0,0.3078708,held_fold
ISIC_0519765,0,0.16235837,held_fold
ISIC_0522865,0,0.27910772,held_fold
ISIC_0523125,0,0.008816208,held_fold
ISIC_0526904,0,0.002105042,held_fold
ISIC_0527166,0,0.00468228,held_fold
ISIC_0527170,0,0.11040896,held_fold
ISIC_0527350,0,0.009032384,held_fold
ISIC_0527593,0,0.15377946,held_fold
ISIC_0529784,0,0.013459287,held_fold
ISIC_0534529,0,0.00174165,held_fold
ISIC_0534674,0,0.061891846,held_fold
ISIC_0538688,0,0.058737665,held_fold
ISIC_0539380,0,0.06490471,held_fold
ISIC_0543132,0,0.2310142,held_fold
ISIC_0545237,0,0.0024872962,held_fold
ISIC_0545322,0,0.03134509,held_fold
ISIC_0545838,0,0.018030472,held_fold
ISIC_0547769,0,0.5751195,held_fold
ISIC_0547934,0,0.009809799,held_fold
ISIC_0548904,0,0.0090477755,held_fold
ISIC_0549163,0,0.0025316724,held_fold
ISIC_0549791,0,0.18249619,held_fold
ISIC_0551392,0,0.51587373,held_fold
ISIC_0552911,0,0.08049199,held_fold
ISIC_0554499,0,0.013012629,held_fold
ISIC_0557109,0,0.07710223,held_fold
ISIC_0558046,0,0.016888823,held_fold
ISIC_0559481,0,0.012202562,held_fold
ISIC_0559566,0,0.47810823,held_fold
ISIC_0561295,0,0.0055440515,held_fold
ISIC_0563533,0,0.01962055,held_fold
ISIC_0563705,0,0.026069058,held_fold
ISIC_0566530,0,0.22299391,held_fold
ISIC_0567142,0,0.104225144,held_fold
ISIC_0570393,0,0.011667739,held_fold
ISIC_0570742,0,0.08502104,held_fold
ISIC_0571560,0,0.16432841,held_fold
ISIC_0572205,1,0.16149378,held_fold
ISIC_0572450,0,0.042580597,held_fold
ISIC_0574880,0,0.44513604,held_fold
ISIC_0576265,0,0.025199326,held_fold
ISIC_0576455,0,0.0074916636,held_fold
ISIC_0578534,0,0.12136791,held_fold
ISIC_0584130,0,0.09595765,held_fold
ISIC_0586053,0,0.037769828,held_fold
ISIC_0586680,0,0.028773984,held_fold
ISIC_0588322,0,0.013644085,held_fold
ISIC_0588855,0,0.011399618,held_fold
ISIC_0589744,0,0.046193633,held_fold
ISIC_0590790,0,0.009283574,held_fold
ISIC_0591226,0,0.03456485,held_fold
ISIC_0592068,0,0.10513897,held_fold
ISIC_0593756,0,0.16362485,held_fold
ISIC_0595018,0,0.0056169704,held_fold
ISIC_0595199,0,0.03261833,held_fold
ISIC_0595676,0,0.020032272,held_fold
ISIC_0597581,0,0.4892747,held_fold
ISIC_0599918,0,0.045367375,held_fold
ISIC_0600789,0,0.08259982,held_fold
ISIC_0600866,0,0.08646868,held_fold
ISIC_0601107,0,0.1814237,held_fold
ISIC_0602697,0,0.007001428,held_fold
ISIC_0605145,0,0.11727946,held_fold
ISIC_0607852,0,0.2300542,held_fold
ISIC_0611629,0,0.039305486,held_fold
ISIC_0612080,0,0.04119109,held_fold
ISIC_0612624,0,0.3220392,held_fold
ISIC_0615335,0,0.011848541,held_fold
ISIC_0617442,0,0.0030522647,held_fold
ISIC_0617767,0,0.0043631135,held_fold
ISIC_0619244,0,0.0061536343,held_fold
ISIC_0619848,0,0.17969051,held_fold
ISIC_0621550,0,0.23921806,held_fold
ISIC_0622084,0,0.011498553,held_fold
ISIC_0622112,0,0.019845767,held_fold
ISIC_0623386,0,0.006833718,held_fold
ISIC_0623857,0,0.16738477,held_fold
ISIC_0623875,0,0.31923074,held_fold
ISIC_0624783,0,0.19833766,held_fold
ISIC_0630780,0,0.036192082,held_fold
ISIC_0632876,0,0.10467627,held_fold
ISIC_0637043,0,0.016637206,held_fold
ISIC_0637539,0,0.11428494,held_fold
ISIC_0638652,0,0.44482553,held_fold
ISIC_0638857,0,0.04703818,held_fold
ISIC_0641173,0,0.016264617,held_fold
ISIC_0642200,0,0.005156948,held_fold
ISIC_0645116,0,0.02645675,held_fold
ISIC_0645454,1,0.6038855,held_fold
ISIC_0648752,0,0.0065271235,held_fold
ISIC_0649544,0,0.049861986,held_fold
ISIC_0650027,0,0.16212995,held_fold
ISIC_0653308,0,0.21260937,held_fold
ISIC_0653456,0,0.2900295,held_fold
ISIC_0654104,0,0.30511704,held_fold
ISIC_0654636,0,0.007268449,held_fold
ISIC_0658225,0,0.007366457,held_fold
ISIC_0659540,0,0.024159275,held_fold
ISIC_0660770,0,0.014296488,held_fold
ISIC_0661120,0,0.020367008,held_fold
ISIC_0664031,0,0.068369456,held_fold
ISIC_0666641,0,0.058453646,held_fold
ISIC_0667136,0,0.37374568,held_fold
ISIC_0667315,0,0.0021328998,held_fold
ISIC_0668739,0,0.04758654,held_fold
ISIC_0668772,0,0.012024928,held_fold
ISIC_0668969,0,0.64601284,held_fold
ISIC_0669605,0,0.00883469,held_fold
ISIC_0671251,0,0.042702463,held_fold
ISIC_0675972,0,0.07051864,held_fold
ISIC_0678196,0,0.103547476,held_fold
ISIC_0679359,0,0.26701018,held_fold
ISIC_0679494,0,0.049650308,held_fold
ISIC_0679553,0,0.04028243,held_fold
ISIC_0680210,0,0.0657523,held_fold
ISIC_0682255,0,0.021036683,held_fold
ISIC_0683259,0,0.0020493458,held_fold
ISIC_0686839,0,0.26455024,held_fold
ISIC_0687823,0,0.12420007,held_fold
ISIC_0690237,0,0.4291209,held_fold
ISIC_0690734,0,0.0064737406,held_fold
ISIC_0691454,0,0.005538898,held_fold
ISIC_0694033,0,0.48510626,held_fold
ISIC_0694924,0,0.2722882,held_fold
ISIC_0695428,0,0.04213981,held_fold
ISIC_0697953,0,0.11643814,held_fold
ISIC_0700870,0,0.20886144,held_fold
ISIC_0701455,0,0.031979714,held_fold
ISIC_0702042,0,0.004999278,held_fold
ISIC_0702174,0,0.004866607,held_fold
ISIC_0708542,0,0.16668256,held_fold
ISIC_0709699,0,0.00058258814,held_fold
ISIC_0712615,0,0.040920664,held_fold
ISIC_0715115,0,0.050015055,held_fold
ISIC_0715869,0,0.0050041904,held_fold
ISIC_0716541,0,0.010558153,held_fold
ISIC_0716674,0,0.50148547,held_fold
ISIC_0718834,0,0.049674816,held_fold
ISIC_0719631,0,0.009409358,held_fold
ISIC_0721010,0,0.31012762,held_fold
ISIC_0721819,0,0.015044466,held_fold
ISIC_0726170,0,0.01852907,held_fold
ISIC_0727322,0,0.4824323,held_fold
ISIC_0727489,0,0.009983768,held_fold
ISIC_0734540,0,0.33817336,held_fold
ISIC_0737125,0,0.2914878,held_fold
ISIC_0737399,0,0.039316427,held_fold
ISIC_0737883,0,0.011126425,held_fold
ISIC_0738587,0,0.79589415,held_fold
ISIC_0743096,0,0.16856672,held_fold
ISIC_0744013,1,0.12865399,held_fold
ISIC_0744177,0,0.060615078,held_fold
ISIC_0744553,0,0.028941205,held_fold
ISIC_0745718,0,0.012561365,held_fold
ISIC_0745721,0,0.009553816,held_fold
ISIC_0746397,0,0.2695073,held_fold
ISIC_0747101,0,0.08145599,held_fold
ISIC_0749089,0,0.3745794,held_fold
ISIC_0749263,0,0.0020700612,held_fold
ISIC_0751219,0,0.005705169,held_fold
ISIC_0752546,0,0.19587727,held_fold
ISIC_0754156,0,0.13284238,held_fold
ISIC_0754561,0,0.03253512,held_fold
ISIC_0755565,0,0.023316989,held_fold
ISIC_0760168,0,0.009123003,held_fold
ISIC_0763140,0,0.0296035,held_fold
ISIC_0764975,0,0.03180487,held_fold
ISIC_0765632,0,0.024196561,held_fold
ISIC_0769854,0,0.009100986,held_fold
ISIC_0770861,0,0.09220835,held_fold
ISIC_0771151,0,0.003934398,held_fold
ISIC_0771537,0,0.033727955,held_fold
ISIC_0772836,0,0.30858156,held_fold
ISIC_0772957,0,0.011979241,held_fold
ISIC_0786170,0,0.0018399076,held_fold
ISIC_0786233,0,0.012604524,held_fold
ISIC_0787585,0,0.03795548,held_fold
ISIC_0792805,0,0.0030256594,held_fold
ISIC_0793501,0,0.07937493,held_fold
ISIC_0796325,0,0.22509864,held_fold
ISIC_0800269,0,0.009639891,held_fold
ISIC_0809173,0,0.003807179,held_fold
ISIC_0809241,0,0.013735749,held_fold
ISIC_0816917,0,0.041001774,held_fold
ISIC_0818621,0,0.012188574,held_fold
ISIC_0821520,0,0.17892163,held_fold
ISIC_0822656,0,0.11057857,held_fold
ISIC_0826834,0,0.0034298922,held_fold
ISIC_0828069,0,0.31230792,held_fold
ISIC_0830131,0,0.17255157,held_fold
ISIC_0830217,0,0.010722141,held_fold
ISIC_0830876,0,0.3212776,held_fold
ISIC_0834775,0,0.073165,held_fold
ISIC_0836546,0,0.0347801,held_fold
ISIC_0843662,0,0.16686466,held_fold
ISIC_0844312,1,0.28185016,held_fold
ISIC_0846482,0,0.26122025,held_fold
ISIC_0846915,0,0.02338373,held_fold
ISIC_0847420,0,0.024247877,held_fold
ISIC_0849702,0,0.008746798,held_fold
ISIC_0851556,0,0.6288046,held_fold
ISIC_0852790,0,0.6310729,held_fold
ISIC_0853825,0,0.03652214,held_fold
ISIC_0854335,0,0.028565345,held_fold
ISIC_0854601,0,0.20115092,held_fold
ISIC_0859438,0,0.05604082,held_fold
ISIC_0861128,0,0.040508356,held_fold
ISIC_0862063,0,0.1463265,held_fold
ISIC_0864226,0,0.0076744286,held_fold
ISIC_0864527,0,0.040267084,held_fold
ISIC_0867503,0,0.2949707,held_fold
ISIC_0869142,0,0.08800225,held_fold
ISIC_0870696,0,0.015623741,held_fold
ISIC_0873044,0,0.10110728,held_fold
ISIC_0873923,0,0.13805167,held_fold
ISIC_0877543,0,0.018814178,held_fold
ISIC_0878530,0,0.1790453,held_fold
ISIC_0879962,0,0.013936059,held_fold
ISIC_0882619,0,0.42487642,held_fold
ISIC_0884463,0,0.019173343,held_fold
ISIC_0884576,0,0.03664321,held_fold
ISIC_0885048,0,0.012031467,held_fold
ISIC_0886205,0,0.052581064,held_fold
ISIC_0886853,0,0.090790264,held_fold
ISIC_0890364,0,0.03140125,held_fold
ISIC_0892089,0,0.002904751,held_fold
ISIC_0892980,0,0.02647982,held_fold
ISIC_0894057,0,0.07005424,held_fold
ISIC_0896635,0,0.27750757,held_fold
ISIC_0897459,0,0.029792074,held_fold
ISIC_0899891,0,0.28147647,held_fold
ISIC_0899961,0,0.029624432,held_fold
ISIC_0901403,0,0.10212309,held_fold
ISIC_0902830,0,0.01042658,held_fold
ISIC_0903020,0,0.10272205,held_fold
ISIC_0903175,0,0.024286384,held_fold
ISIC_0903330,0,0.07535357,held_fold
ISIC_0903548,0,0.06451578,held_fold
ISIC_0904214,0,0.03501254,held_fold
ISIC_0905000,0,0.072298944,held_fold
ISIC_0906639,0,0.004732922,held_fold
ISIC_0909206,0,0.0325102,held_fold
ISIC_0911783,0,0.009908878,held_fold
ISIC_0912196,0,0.048314337,held_fold
ISIC_0914700,0,0.08032366,held_fold
ISIC_0915750,0,0.10913563,held_fold
ISIC_0917416,0,0.06433433,held_fold
ISIC_0918831,0,0.3869944,held_fold
ISIC_0919271,0,0.020215945,held_fold
ISIC_0920000,0,0.174999,held_fold
ISIC_0920968,0,0.043192044,held_fold
ISIC_0924724,0,0.49007443,held_fold
ISIC_0925758,0,0.017920418,held_fold
ISIC_0928604,0,0.14662184,held_fold
ISIC_0931725,0,0.5335836,held_fold
ISIC_0932862,0,0.1788629,held_fold
ISIC_0937378,0,0.28640166,held_fold
ISIC_0940385,0,0.088970214,held_fold
ISIC_0941085,0,0.030071404,held_fold
ISIC_0942654,0,0.009649074,held_fold
ISIC_0944103,0,0.5737681,held_fold
ISIC_0944753,0,0.0031278788,held_fold
ISIC_0951377,0,0.06151983,held_fold
ISIC_0951438,0,0.15717453,held_fold
ISIC_0952472,1,0.5350004,held_fold
ISIC_0953133,0,0.3951321,held_fold
ISIC_0953500,0,0.10892438,held_fold
ISIC_0953675,0,0.19120787,held_fold
ISIC_0954841,0,0.26259068,held_fold
ISIC_0958328,0,0.05990497,held_fold
ISIC_0959863,0,0.02003786,held_fold
ISIC_0960741,0,0.0048406636,held_fold
ISIC_0962601,0,0.0042194026,held_fold
ISIC_0963117,0,0.0066771554,held_fold
ISIC_0963460,0,0.18808348,held_fold
ISIC_0965224,0,0.010245753,held_fold
ISIC_0966987,0,0.018150434,held_fold
ISIC_0974159,0,0.2835897,held_fold
ISIC_0977333,0,0.075942196,held_fold
ISIC_0978977,0,0.07255876,held_fold
ISIC_0980012,0,0.025138127,held_fold
ISIC_0980513,0,0.09776649,held_fold
ISIC_0981661,0,0.44251958,held_fold
ISIC_0981883,0,0.025062308,held_fold
ISIC_0982855,0,0.004205152,held_fold
ISIC_0983360,0,0.31397578,held_fold
ISIC_0985052,0,0.015685441,held_fold
ISIC_0985863,0,0.13416311,held_fold
ISIC_0987176,0,0.03366597,held_fold
ISIC_0987757,0,0.27750796,held_fold
ISIC_0988665,0,0.18104397,held_fold
ISIC_0991133,0,0.077808544,held_fold
ISIC_0994556,0,0.051568456,held_fold
ISIC_0998408,0,0.00736661,held_fold
ISIC_0998651,0,0.013656739,held_fold
ISIC_1001348,0,0.33366317,held_fold
ISIC_1001562,0,0.8236077,held_fold
ISIC_1002107,0,0.11176585,held_fold
ISIC_1003703,0,0.010583263,held_fold
ISIC_1004225,0,0.21905652,held_fold
ISIC_1006632,0,0.022077901,held_fold
ISIC_1008321,0,0.3355678,held_fold
ISIC_1008609,0,0.028205208,held_fold
ISIC_1010416,0,0.005691072,held_fold
ISIC_1010991,0,0.10405832,held_fold
ISIC_1011089,0,0.05142943,held_fold
ISIC_1013648,0,0.002783317,held_fold
ISIC_1015264,0,0.033160206,held_fold
ISIC_1015644,0,0.107167535,held_fold
ISIC_1020809,0,0.02671369,held_fold
ISIC_1022653,0,0.005335056,held_fold
ISIC_1023685,0,0.23280105,held_fold
ISIC_1024569,0,0.026619498,held_fold
ISIC_1025009,0,0.30162564,held_fold
ISIC_1025192,0,0.008564641,held_fold
ISIC_1029536,0,0.095460184,held_fold
ISIC_1031166,0,0.45249718,held_fold
ISIC_1031178,0,0.012812502,held_fold
ISIC_1039970,0,0.3425319,held_fold
ISIC_1041406,0,0.0013828112,held_fold
ISIC_1042588,0,0.09965878,held_fold
ISIC_1046786,0,0.05581315,held_fold
ISIC_1048741,0,0.011629979,held_fold
ISIC_1048856,0,0.029339701,held_fold
ISIC_1048895,0,0.24430543,held_fold
ISIC_1050000,0,0.21950297,held_fold
ISIC_1060448,0,0.1936616,held_fold
ISIC_1064163,0,0.17606418,held_fold
ISIC_1066052,0,0.24070722,held_fold
ISIC_1067985,0,0.25794458,held_fold
ISIC_1069960,0,0.0013180489,held_fold
ISIC_1070864,0,0.0011651852,held_fold
ISIC_1070883,0,0.014833321,held_fold
ISIC_1072321,0,0.053073805,held_fold
ISIC_1073233,0,0.13034776,held_fold
ISIC_1073350,0,0.00801019,held_fold
ISIC_1074551,0,0.07264784,held_fold
ISIC_1075968,0,0.39617077,held_fold
ISIC_1077911,0,0.17400792,held_fold
ISIC_1078563,0,0.0051399157,held_fold
ISIC_1080647,0,0.05317126,held_fold
ISIC_1082020,0,0.02282605,held_fold
ISIC_1082748,0,0.06509914,held_fold
ISIC_1084154,0,0.03735458,held_fold
ISIC_1084452,0,0.2082046,held_fold
ISIC_1085285,0,0.28055713,held_fold
ISIC_1087705,0,0.012256165,held_fold
ISIC_1088190,0,0.21966097,held_fold
ISIC_1096503,0,0.08320562,held_fold
ISIC_1101631,0,0.007739045,held_fold
ISIC_1106211,0,0.07763438,held_fold
ISIC_1107820,0,0.012829528,held_fold
ISIC_1108178,0,0.004404935,held_fold
ISIC_1108204,0,0.47514364,held_fold
ISIC_1109485,0,0.06290154,held_fold
ISIC_1109641,0,0.008467097,held_fold
ISIC_1111050,0,0.04884351,held_fold
ISIC_1112803,0,0.010826605,held_fold
ISIC_1114860,0,0.82442915,held_fold
ISIC_1115013,0,0.053518195,held_fold
ISIC_1115266,0,0.07706574,held_fold
ISIC_1115695,0,0.016465534,held_fold
ISIC_1116483,1,0.53733385,held_fold
ISIC_1117976,0,0.0028175241,held_fold
ISIC_1122023,0,0.11958993,held_fold
ISIC_1122524,0,0.013145986,held_fold
ISIC_1124434,1,0.057543054,held_fold
ISIC_1124744,0,0.09899803,held_fold
ISIC_1126202,0,0.1713671,held_fold
ISIC_1126306,0,0.13128728,held_fold
ISIC_1129508,0,0.018186474,held_fold
ISIC_1130830,0,0.43950072,held_fold
ISIC_1130888,0,0.07699029,held_fold
ISIC_1134319,0,0.0058772033,held_fold
ISIC_1134437,0,0.10031487,held_fold
ISIC_1134882,0,0.007973464,held_fold
ISIC_1140717,0,0.013461744,held_fold
ISIC_1141666,0,0.21430148,held_fold
ISIC_1143655,0,0.004497013,held_fold
ISIC_1144466,0,0.029905345,held_fold
ISIC_1144769,0,0.115676194,held_fold
ISIC_1147442,0,0.009785932,held_fold
ISIC_1147795,0,0.043145385,held_fold
ISIC_1148932,0,0.06155245,held_fold
ISIC_1149693,0,0.025422262,held_fold
ISIC_1151910,0,0.2470405,held_fold
ISIC_1153106,0,0.007819783,held_fold
ISIC_1153940,0,0.035031907,held_fold
ISIC_1154072,0,0.015092675,held_fold
ISIC_1159773,0,0.105518155,held_fold
ISIC_1160040,0,0.17763408,held_fold
ISIC_1162156,0,0.019101316,held_fold
ISIC_1163624,0,0.028232377,held_fold
ISIC_1164612,0,0.07712309,held_fold
ISIC_1166337,0,0.033989187,held_fold
ISIC_1166522,0,0.048844907,held_fold
ISIC_1166678,0,0.0039306157,held_fold
ISIC_1167108,0,0.0014011527,held_fold
ISIC_1170134,0,0.014374645,held_fold
ISIC_1171646,0,0.055191297,held_fold
ISIC_1171655,0,0.07803354,held_fold
ISIC_1172955,0,0.05050117,held_fold
ISIC_1176970,0,0.003322388,held_fold
ISIC_1177505,1,0.18617816,held_fold
ISIC_1178491,0,0.018180298,held_fold
ISIC_1181483,0,0.096599735,held_fold
ISIC_1182612,0,0.0856344,held_fold
ISIC_1183565,0,0.09659505,held_fold
ISIC_1184373,0,0.09204358,held_fold
ISIC_1185468,0,0.15212497,held_fold
ISIC_1186495,0,0.5339956,held_fold
ISIC_1188141,0,0.0035323615,held_fold
ISIC_1190567,0,0.10374468,held_fold
ISIC_1190994,0,0.07422079,held_fold
ISIC_1194944,0,0.047643974,held_fold
ISIC_1195254,0,0.02335964,held_fold
ISIC_1195563,0,0.1845154,held_fold
ISIC_1198047,0,0.033143193,held_fold
ISIC_1198929,0,0.010018318,held_fold
ISIC_1202355,0,0.00916993,held_fold
ISIC_1202976,0,0.0072655394,held_fold
ISIC_1203254,0,0.053805582,held_fold
ISIC_1204286,0,0.056675784,held_fold
ISIC_1206571,0,0.060612485,held_fold
ISIC_1207652,0,0.35055226,held_fold
ISIC_1209492,0,0.10790773,held_fold
ISIC_1210011,1,0.81558055,held_fold
ISIC_1219427,0,0.03691151,held_fold
ISIC_1219783,0,0.21139205,held_fold
ISIC_1222905,0,0.37074453,held_fold
ISIC_1224295,0,0.041410103,held_fold
ISIC_1224329,0,0.0919591,held_fold
ISIC_1224650,0,0.580012,held_fold
ISIC_1225511,0,0.07036173,held_fold
ISIC_1226868,0,0.04259656,held_fold
ISIC_1226882,0,0.0045911013,held_fold
ISIC_1227931,0,0.16474845,held_fold
ISIC_1228845,0,0.32051423,held_fold
ISIC_1233068,0,0.18912472,held_fold
ISIC_1233830,0,0.013836783,held_fold
ISIC_1235053,0,0.0048345183,held_fold
ISIC_1242176,0,0.00063061004,held_fold
ISIC_1242992,0,0.01278583,held_fold
ISIC_1246630,0,0.005365357,held_fold
ISIC_1248073,0,0.0051754466,held_fold
ISIC_1248372,0,0.009378958,held_fold
ISIC_1248876,0,0.009052607,held_fold
ISIC_1250861,0,0.007601235,held_fold
ISIC_1251364,0,0.2363239,held_fold
ISIC_1251721,0,0.009020475,held_fold
ISIC_1257045,0,0.52791905,held_fold
ISIC_1258127,0,0.05541378,held_fold
ISIC_1258763,0,0.023406124,held_fold
ISIC_1259465,0,0.029464023,held_fold
ISIC_1260198,0,0.0045642112,held_fold
ISIC_1261530,0,0.07262049,held_fold
ISIC_1264725,0,0.020660982,held_fold
ISIC_1265427,0,0.09168974,held_fold
ISIC_1265609,0,0.07171066,held_fold
ISIC_1265653,0,0.2537381,held_fold
ISIC_1266707,0,0.11931847,held_fold
ISIC_1269461,0,0.0049102167,held_fold
ISIC_1270305,0,0.005413358,held_fold
ISIC_1270307,0,0.005840348,held_fold
ISIC_1272233,0,0.016899038,held_fold
ISIC_1274851,0,0.004933716,held_fold
ISIC_1276037,0,0.030826878,held_fold
ISIC_1281431,0,0.34192264,held_fold
ISIC_1283518,0,0.06010634,held_fold
ISIC_1283950,0,0.005307543,held_fold
ISIC_1284397,0,0.06327533,held_fold
ISIC_1284496,0,0.011717688,held_fold
ISIC_1285997,0,0.18906085,held_fold
ISIC_1287050,0,0.015127041,held_fold
ISIC_1287370,0,0.10796933,held_fold
ISIC_1292006,0,0.27886105,held_fold
ISIC_1292165,0,0.0033835403,held_fold
ISIC_1292607,0,0.4872161,held_fold
ISIC_1292799,0,0.03691167,held_fold
ISIC_1296490,0,0.4352036,held_fold
ISIC_1298253,0,0.03909087,held_fold
ISIC_1300318,0,0.000997619,held_fold
ISIC_1300967,0,0.02772811,held_fold
ISIC_1301544,0,0.008344663,held_fold
ISIC_1301591,0,0.057809882,held_fold
ISIC_1307134,0,0.071078464,held_fold
ISIC_1307396,0,0.026669776,held_fold
ISIC_1307419,0,0.012162039,held_fold
ISIC_1309015,0,0.007599775,held_fold
ISIC_1309130,0,0.16286929,held_fold
ISIC_1313105,0,0.0044034566,held_fold
ISIC_1318137,0,0.08068072,held_fold
ISIC_1318781,0,0.04337039,held_fold
ISIC_1322621,0,0.46974087,held_fold
ISIC_1326295,0,0.07369104,held_fold
ISIC_1326483,0,0.023413733,held_fold
ISIC_1328417,0,0.28967565,held_fold
ISIC_1330242,0,0.021050239,held_fold
ISIC_1333230,0,0.0064388565,held_fold
ISIC_1336519,0,0.19077623,held_fold
ISIC_1336572,0,0.46332785,held_fold
ISIC_1337144,0,0.0018887934,held_fold
ISIC_1338069,0,0.18362243,held_fold
ISIC_1341106,0,0.116893925,held_fold
ISIC_1341586,0,0.19901305,held_fold
ISIC_1342117,0,0.064803176,held_fold
ISIC_1342739,0,0.0056613176,held_fold
ISIC_1344537,0,0.05866635,held_fold
ISIC_1344757,0,0.0026977255,held_fold
ISIC_1346695,0,0.012406136,held_fold
ISIC_1347099,0,0.009667925,held_fold
ISIC_1348254,0,0.6120345,held_fold
ISIC_1348539,0,0.0108151315,held_fold
ISIC_1348843,0,0.00873879,held_fold
ISIC_1350519,0,0.023318646,held_fold
ISIC_1350659,0,0.012158264,held_fold
ISIC_1351604,0,0.12520711,held_fold
ISIC_1352841,0,0.5519168,held_fold
ISIC_1352911,0,0.21595861,held_fold
ISIC_1353532,0,0.03778815,held_fold
ISIC_1353653,0,0.012030724,held_fold
ISIC_1355104,0,0.27591625,held_fold
ISIC_1355722,0,0.026390217,held_fold
ISIC_1358348,0,0.06295,held_fold
ISIC_1358527,0,0.061539922,held_fold
ISIC_1358757,0,0.025332637,held_fold
ISIC_1360595,0,0.10603791,held_fold
ISIC_1363718,0,0.055207532,held_fold
ISIC_1364848,0,0.0017895204,held_fold
ISIC_1365434,0,0.044609394,held_fold
ISIC_1366993,0,0.19590369,held_fold
ISIC_1370034,0,0.0030715493,held_fold
ISIC_1373468,0,0.02135405,held_fold
ISIC_1376528,0,0.036007836,held_fold
ISIC_1377409,0,0.016329823,held_fold
ISIC_1384413,0,0.00625358,held_fold
ISIC_1384527,0,0.009714553,held_fold
ISIC_1387456,0,0.59352666,held_fold
ISIC_1388230,0,0.055184256,held_fold
ISIC_1388984,0,0.046947077,held_fold
ISIC_1389620,0,0.554159,held_fold
ISIC_1390308,0,0.0132164955,held_fold
ISIC_1392776,0,0.013523018,held_fold
ISIC_1394786,0,0.021472475,held_fold
ISIC_1396573,0,0.0150254015,held_fold
ISIC_1396857,0,0.11741354,held_fold
ISIC_1401235,0,0.09651502,held_fold
ISIC_1403974,0,0.047817137,held_fold
ISIC_1405391,0,0.19254732,held_fold
ISIC_1410153,0,0.075406365,held_fold
ISIC_1411384,0,0.13967288,held_fold
ISIC_1412620,0,0.066522524,held_fold
ISIC_1412843,1,0.19675776,held_fold
ISIC_1413366,0,0.008723317,held_fold
ISIC_1416869,0,0.14430237,held_fold
ISIC_1416995,0,0.054421164,held_fold
ISIC_1418788,0,0.13595736,held_fold
ISIC_1421644,0,0.08768378,held_fold
ISIC_1422217,0,0.053424753,held_fold
ISIC_1422429,0,0.017534092,held_fold
ISIC_1424529,0,0.06272125,held_fold
ISIC_1424655,0,0.0144329155,held_fold
ISIC_1425404,0,0.06643051,held_fold
ISIC_1429437,0,0.36720833,held_fold
ISIC_1429954,0,0.15043162,held_fold
ISIC_1431332,0,0.049629673,held_fold
ISIC_1432485,0,0.116884425,held_fold
ISIC_1433739,0,0.052656572,held_fold
ISIC_1434244,0,0.018760517,held_fold
ISIC_1434340,0,0.035709906,held_fold
ISIC_1436124,0,0.027066175,held_fold
ISIC_1436341,0,0.019074291,held_fold
ISIC_1437529,0,0.17318897,held_fold
ISIC_1438382,0,0.005636871,held_fold
ISIC_1438584,0,0.2073494,held_fold
ISIC_1438669,0,0.08938227,held_fold
ISIC_1440033,0,0.053558186,held_fold
ISIC_1442186,0,0.03315791,held_fold
ISIC_1444573,0,0.10893193,held_fold
ISIC_1446344,0,0.027735157,held_fold
ISIC_1447118,0,0.0049195383,held_fold
ISIC_1447559,0,0.4447654,held_fold
ISIC_1448526,0,0.061312217,held_fold
ISIC_1449910,0,0.22280824,held_fold
ISIC_1450745,0,0.038071662,held_fold
ISIC_1451092,0,0.015397203,held_fold
ISIC_1452412,0,0.0087802755,held_fold
ISIC_1456444,0,0.010875971,held_fold
ISIC_1457263,0,0.022206515,held_fold
ISIC_1458551,0,0.01674343,held_fold
ISIC_1459948,0,0.49342704,held_fold
ISIC_1461419,0,0.0095221475,held_fold
ISIC_1462268,0,0.0515843,held_fold
ISIC_1463838,0,0.32781518,held_fold
ISIC_1466584,0,0.24525467,held_fold
ISIC_1467552,0,0.0043888097,held_fold
ISIC_1467583,0,0.582987,held_fold
ISIC_1470522,0,0.027234,held_fold
ISIC_1471649,0,0.09478232,held_fold
ISIC_1472731,0,0.13520192,held_fold
ISIC_1473522,1,0.41665244,held_fold
ISIC_1476176,0,0.02555827,held_fold
ISIC_1477664,0,0.023519915,held_fold
ISIC_1478794,0,0.006771932,held_fold
ISIC_1479729,0,0.63865983,held_fold
ISIC_1479891,0,0.0031206582,held_fold
ISIC_1483952,0,0.013990064,held_fold
ISIC_1485132,0,0.027098734,held_fold
ISIC_1485969,0,0.018508663,held_fold
ISIC_1486589,0,0.0293219,held_fold
ISIC_1490161,0,0.1944636,held_fold
ISIC_1492055,0,0.024583234,held_fold
ISIC_1493314,0,0.033895783,held_fold
ISIC_1493565,0,0.0038936203,held_fold
ISIC_1497992,0,0.06898915,held_fold
ISIC_1500815,0,0.08321366,held_fold
ISIC_1500843,0,0.0043480857,held_fold
ISIC_1501034,0,0.05069085,held_fold
ISIC_1502140,0,0.3260861,held_fold
ISIC_1502309,0,0.57397723,held_fold
ISIC_1503020,0,0.07519132,held_fold
ISIC_1505951,0,0.03391481,held_fold
ISIC_1506794,0,0.057060722,held_fold
ISIC_1506912,0,0.030227423,held_fold
ISIC_1506954,0,0.013628967,held_fold
ISIC_1507090,0,0.11982009,held_fold
ISIC_1508810,0,0.03913659,held_fold
ISIC_1510504,0,0.018563163,held_fold
ISIC_1511227,0,0.13639554,held_fold
ISIC_1511536,0,0.097732745,held_fold
ISIC_1513720,0,0.19458695,held_fold
ISIC_1514117,0,0.0030314745,held_fold
ISIC_1514364,0,0.03535576,held_fold
ISIC_1514401,0,0.12416861,held_fold
ISIC_1519645,0,0.055760466,held_fold
ISIC_1519891,0,0.017333461,held_fold
ISIC_1520897,0,0.15824643,held_fold
ISIC_1528994,0,0.045117363,held_fold
ISIC_1529534,0,0.28320187,held_fold
ISIC_1531548,0,0.15022692,held_fold
ISIC_1532403,0,0.013562385,held_fold
ISIC_1534800,0,0.13149145,held_fold
ISIC_1537566,0,0.019108815,held_fold
ISIC_1537779,0,0.0061281947,held_fold
ISIC_1541817,0,0.049629234,held_fold
ISIC_1542389,0,0.15147816,held_fold
ISIC_1543862,0,0.013995866,held_fold
ISIC_1544093,0,0.038827058,held_fold
ISIC_1545489,0,0.008829906,held_fold
ISIC_1545675,0,0.005320589,held_fold
ISIC_1545851,0,0.1750739,held_fold
ISIC_1548638,0,0.028361794,held_fold
ISIC_1549857,0,0.040363785,held_fold
ISIC_1550349,0,0.07050453,held_fold
ISIC_1550785,0,0.051039197,held_fold
ISIC_1552127,0,0.19788533,held_fold
ISIC_1552570,0,0.1533947,held_fold
ISIC_1554843,0,0.007747237,held_fold
ISIC_1556209,0,0.064624764,held_fold
ISIC_1556765,0,0.06759387,held_fold
ISIC_1558731,0,0.009781733,held_fold
ISIC_1561177,0,0.09257673,held_fold
ISIC_1566312,0,0.0090527525,held_fold
ISIC_1566381,0,0.19957541,held_fold
ISIC_1568752,0,0.014849844,held_fold
ISIC_1570838,0,0.07142391,held_fold
ISIC_1573974,0,0.20840575,held_fold
ISIC_1574123,0,0.21848139,held_fold
ISIC_1575396,0,0.0044641714,held_fold
ISIC_1578194,0,0.63441616,held_fold
ISIC_1578811,0,0.085051596,held_fold
ISIC_1579463,0,0.14061399,held_fold
ISIC_1579497,0,0.02248621,held_fold
ISIC_1580068,0,0.07153495,held_fold
ISIC_1584543,0,0.062999845,held_fold
ISIC_1585511,0,0.07019436,held_fold
ISIC_1588382,0,0.17427023,held_fold
ISIC_1589136,0,0.2538671,held_fold
ISIC_1589997,1,0.4662581,held_fold
ISIC_1590829,0,0.024630895,held_fold
ISIC_1593175,0,0.2895592,held_fold
ISIC_1593638,0,0.07139318,held_fold
ISIC_1594422,0,0.0071997913,held_fold
ISIC_1595157,0,0.049763378,held_fold
ISIC_1595325,0,0.013365852,held_fold
ISIC_1597414,0,0.021878196,held_fold
ISIC_1599163,0,0.002831128,held_fold
ISIC_1601244,0,0.06343426,held_fold
ISIC_1603509,0,0.017987048,held_fold
ISIC_1604935,0,0.012128468,held_fold
ISIC_1605988,0,0.004328184,held_fold
ISIC_1608192,0,0.086662725,held_fold
ISIC_1608727,0,0.008257735,held_fold
ISIC_1610092,0,0.015354964,held_fold
ISIC_1611600,0,0.011639475,held_fold
ISIC_1617282,0,0.058190484,held_fold
ISIC_1617896,0,0.018372541,held_fold
ISIC_1618730,0,0.030317146,held_fold
ISIC_1624873,0,0.024483554,held_fold
ISIC_1631125,0,0.07343296,held_fold
ISIC_1631397,0,0.020227376,held_fold
ISIC_1633463,0,0.058267612,held_fold
ISIC_1635633,0,0.034001097,held_fold
ISIC_1636849,0,0.009375338,held_fold
ISIC_1637536,0,0.3631427,held_fold
ISIC_1637588,0,0.011866795,held_fold
ISIC_1638436,0,0.019342566,held_fold
ISIC_1639011,0,0.011853149,held_fold
ISIC_1639765,0,0.0029108727,held_fold
ISIC_1640426,0,0.0094369985,held_fold
ISIC_1641301,0,0.030605681,held_fold
ISIC_1641839,0,0.05474794,held_fold
ISIC_1646084,0,0.08799097,held_fold
ISIC_1648233,0,0.0022780763,held_fold
ISIC_1650523,0,0.11645704,held_fold
ISIC_1652008,0,0.031220092,held_fold
ISIC_1654183,0,0.073569596,held_fold
ISIC_1654342,1,0.54739046,held_fold
ISIC_1655513,0,0.004756186,held_fold
ISIC_1656186,0,0.13277954,held_fold
ISIC_1656452,0,0.13129328,held_fold
ISIC_1664534,0,0.020826124,held_fold
ISIC_1665248,0,0.26564738,held_fold
ISIC_1674776,0,0.04616711,held_fold
ISIC_1675814,0,0.056894377,held_fold
ISIC_1676261,0,0.0018276315,held_fold
ISIC_1676826,0,0.024011718,held_fold
ISIC_1681627,0,0.01218742,held_fold
ISIC_1682693,0,0.008593927,held_fold
ISIC_1684067,0,0.0030419219,held_fold
ISIC_1684127,1,0.16707464,held_fold
ISIC_1684948,0,0.18288782,held_fold
ISIC_1685833,0,0.5545341,held_fold
ISIC_1687584,0,0.014493768,held_fold
ISIC_1688160,0,0.42974597,held_fold
ISIC_1689686,0,0.005407136,held_fold
ISIC_1690499,0,0.013562915,held_fold
ISIC_1690909,0,0.00834816,held_fold
ISIC_1691676,0,0.043936014,held_fold
ISIC_1692144,0,0.07504938,held_fold
ISIC_1693686,0,0.039043326,held_fold
ISIC_1693912,0,0.0055261822,held_fold
ISIC_1695724,0,0.05066284,held_fold
ISIC_1698119,0,0.0030629423,held_fold
ISIC_1700513,0,0.07797884,held_fold
ISIC_1704026,0,0.12100728,held_fold
ISIC_1708068,0,0.011638396,held_fold
ISIC_1710179,0,0.018600816,held_fold
ISIC_1715406,0,0.4980811,held_fold
ISIC_1718418,0,0.001995534,held_fold
ISIC_1718707,0,0.24911137,held_fold
ISIC_1719236,0,0.01324954,held_fold
ISIC_1720840,0,0.08785851,held_fold
ISIC_1723279,0,0.21664657,held_fold
ISIC_1724802,0,0.0015673895,held_fold
ISIC_1725961,0,0.116620764,held_fold
ISIC_1725997,0,0.0081404485,held_fold
ISIC_1727369,0,0.014840124,held_fold
ISIC_1728767,0,0.114082456,held_fold
ISIC_1729465,0,0.24970709,held_fold
ISIC_1732965,0,0.12591106,held_fold
ISIC_1736706,0,0.0086043505,held_fold
ISIC_1738348,0,0.029508246,held_fold
ISIC_1740379,0,0.0091503635,held_fold
ISIC_1743974,0,0.07879102,held_fold
ISIC_1744704,0,0.028817711,held_fold
ISIC_1744817,0,0.008834038,held_fold
ISIC_1745458,0,0.419035,held_fold
ISIC_1745477,0,0.043161433,held_fold
ISIC_1747417,0,0.106602326,held_fold
ISIC_1749857,0,0.025690315,held_fold
ISIC_1750674,0,0.014170807,held_fold
ISIC_1752306,0,0.0010963399,held_fold
ISIC_1755832,0,0.69281375,held_fold
ISIC_1756265,0,0.08105968,held_fold
ISIC_1757212,0,0.026839979,held_fold
ISIC_1758149,0,0.0033672336,held_fold
ISIC_1758558,0,0.10887214,held_fold
ISIC_1761138,0,0.16815074,held_fold
ISIC_1766601,0,0.17297372,held_fold
ISIC_1768217,0,0.020730391,held_fold
ISIC_1769724,0,0.07992943,held_fold
ISIC_1772523,0,0.06960049,held_fold
ISIC_1772784,0,0.023800367,held_fold
ISIC_1777398,0,0.29730642,held_fold
ISIC_1779061,0,0.19826864,held_fold
ISIC_1779443,0,0.5019023,held_fold
ISIC_1780675,0,0.019619515,held_fold
ISIC_1782911,0,0.18646877,held_fold
ISIC_1783021,0,0.06744246,held_fold
ISIC_1786025,0,0.032738447,held_fold
ISIC_1786309,0,0.5400332,held_fold
ISIC_1788314,0,0.06311593,held_fold
ISIC_1788671,0,0.019415263,held_fold
ISIC_1788875,0,0.19136877,held_fold
ISIC_1795959,0,0.084755026,held_fold
ISIC_1800066,0,0.0689625,held_fold
ISIC_1802793,0,0.16443734,held_fold
ISIC_1806497,0,0.033338808,held_fold
ISIC_1807638,0,0.053056408,held_fold
ISIC_1809912,0,0.02660722,held_fold
ISIC_1810207,0,0.13885862,held_fold
ISIC_1810790,0,0.20326838,held_fold
ISIC_1813911,0,0.19129518,held_fold
ISIC_1817714,0,0.10632741,held_fold
ISIC_1819358,0,0.023705827,held_fold
ISIC_1820193,0,0.48733598,held_fold
ISIC_1820389,0,0.34732065,held_fold
ISIC_1825131,0,0.10191219,held_fold
ISIC_1828652,0,0.16029134,held_fold
ISIC_1829378,0,0.2482449,held_fold
ISIC_1830017,0,0.012032992,held_fold
ISIC_1831304,0,0.4281918,held_fold
ISIC_1832582,0,0.012394246,held_fold
ISIC_1833138,0,0.014521304,held_fold
ISIC_1835426,0,0.22798453,held_fold
ISIC_1835970,0,0.5491088,held_fold
ISIC_1837402,0,0.014791771,held_fold
ISIC_1837609,0,0.16031659,held_fold
ISIC_1838888,0,0.022426423,held_fold
ISIC_1838904,0,0.20879683,held_fold
ISIC_1840418,0,0.008997925,held_fold
ISIC_1841825,0,0.13195552,held_fold
ISIC_1841949,0,0.021272758,held_fold
ISIC_1844824,0,0.005343999,held_fold
ISIC_1845271,0,0.022399994,held_fold
ISIC_1845580,0,0.0056271586,held_fold
ISIC_1846528,0,0.007386913,held_fold
ISIC_1847200,0,0.013469029,held_fold
ISIC_1847516,0,0.062324446,held_fold
ISIC_1847684,0,0.02083981,held_fold
ISIC_1848300,0,0.0033904342,held_fold
ISIC_1849151,0,0.10107783,held_fold
ISIC_1849227,0,0.0026723973,held_fold
ISIC_1849442,0,0.018310493,held_fold
ISIC_1850122,0,0.10337931,held_fold
ISIC_1850388,0,0.074008375,held_fold
ISIC_1852500,0,0.58768785,held_fold
ISIC_1852987,0,0.38991225,held_fold
ISIC_1857587,0,0.0682912,held_fold
ISIC_1858123,0,0.21350999,held_fold
ISIC_1858237,0,0.025018979,held_fold
ISIC_1859531,0,0.018692646,held_fold
ISIC_1859923,0,0.20497243,held_fold
ISIC_1861580,0,0.14065574,held_fold
ISIC_1863917,0,0.051985133,held_fold
ISIC_1864109,0,0.0038873283,held_fold
ISIC_1864210,0,0.026734972,held_fold
ISIC_1865060,0,0.021428185,held_fold
ISIC_1865170,0,0.0069550886,held_fold
ISIC_1867577,0,0.038509857,held_fold
ISIC_1870517,0,0.030658718,held_fold
ISIC_1873035,0,0.0068452074,held_fold
ISIC_1875086,0,0.06792031,held_fold
ISIC_1876799,0,0.022026183,held_fold
ISIC_1878972,0,0.21624885,held_fold
ISIC_1880540,0,0.08694334,held_fold
ISIC_1881268,0,0.08708164,held_fold
ISIC_1883184,0,0.035406586,held_fold
ISIC_1883330,0,0.0015857794,held_fold
ISIC_1884256,0,0.08205208,held_fold
ISIC_1886719,0,0.12112012,held_fold
ISIC_1886756,0,0.08310628,held_fold
ISIC_1887768,0,0.26081082,held_fold
ISIC_1888148,0,0.021129673,held_fold
ISIC_1890263,0,0.13808896,held_fold
ISIC_1892887,0,0.3734277,held_fold
ISIC_1896350,0,0.04078592,held_fold
ISIC_1897312,0,0.0124937175,held_fold
ISIC_1897327,0,0.0034420565,held_fold
ISIC_1900721,0,0.027382966,held_fold
ISIC_1901204,0,0.0125844395,held_fold
ISIC_1901829,0,0.07637464,held_fold
ISIC_1903698,0,0.118791,held_fold
ISIC_1904002,0,0.0069321324,held_fold
ISIC_1910458,0,0.04042294,held_fold
ISIC_1911714,0,0.13781933,held_fold
ISIC_1912184,0,0.015117907,held_fold
ISIC_1912589,0,0.017921189,held_fold
ISIC_1915989,0,0.21756598,held_fold
ISIC_1917554,0,0.16213305,held_fold
ISIC_1917856,0,0.0037252163,held_fold
ISIC_1919196,0,0.043776594,held_fold
ISIC_1919324,0,0.1362347,held_fold
ISIC_1919829,0,0.5267751,held_fold
ISIC_1920685,0,0.01374821,held_fold
ISIC_1921387,0,0.06641466,held_fold
ISIC_1921636,0,0.024480926,held_fold
ISIC_1922234,0,0.43514425,held_fold
ISIC_1922568,0,0.015249424,held_fold
ISIC_1924949,0,0.0033203647,held_fold
ISIC_1925412,0,0.21552481,held_fold
ISIC_1926530,0,0.04039956,held_fold
ISIC_1927858,0,0.15336959,held_fold
ISIC_1930598,0,0.046002075,held_fold
ISIC_1930877,0,0.020168565,held_fold
ISIC_1931408,0,0.018775498,held_fold
ISIC_1932632,0,0.014152122,held_fold
ISIC_1932947,0,0.021269023,held_fold
ISIC_1933026,0,0.040101115,held_fold
ISIC_1934097,0,0.15538579,held_fold
ISIC_1937955,0,0.34314644,held_fold
ISIC_1943439,0,0.6715282,held_fold
ISIC_1943654,0,0.079727486,held_fold
ISIC_1944865,0,0.025406344,held_fold
ISIC_1945381,0,0.06777213,held_fold
ISIC_1947992,0,0.054926522,held_fold
ISIC_1948751,0,0.017189246,held_fold
ISIC_1950616,0,0.58460903,held_fold
ISIC_1951928,0,0.06824526,held_fold
ISIC_1953808,0,0.00876099,held_fold
ISIC_1954547,0,0.020171983,held_fold
ISIC_1957587,0,0.025699835,held_fold
ISIC_1958003,0,0.008563454,held_fold
ISIC_1958612,0,0.16907822,held_fold
ISIC_1959078,0,0.08654864,held_fold
ISIC_1959939,1,0.2812602,held_fold
ISIC_1964334,0,0.057263292,held_fold
ISIC_1966916,0,0.067155465,held_fold
ISIC_1970027,0,0.021592835,held_fold
ISIC_1973320,0,0.008179252,held_fold
ISIC_1974281,0,0.009420355,held_fold
ISIC_1974530,0,0.017308732,held_fold
ISIC_1975941,0,0.324019,held_fold
ISIC_1977265,0,0.5008353,held_fold
ISIC_1977916,0,0.049973134,held_fold
ISIC_1978228,0,0.00968785,held_fold
ISIC_1978426,0,0.02946009,held_fold
ISIC_1979473,0,0.49248746,held_fold
ISIC_1981133,0,0.09635687,held_fold
ISIC_1982295,0,0.016567202,held_fold
ISIC_1983516,0,0.049619,held_fold
ISIC_1985244,0,0.03165211,held_fold
ISIC_1985984,0,0.031047124,held_fold
ISIC_1988336,0,0.057758722,held_fold
ISIC_1990520,0,0.012393814,held_fold
ISIC_1991054,0,0.03694394,held_fold
ISIC_1991528,0,0.23863842,held_fold
ISIC_1998849,0,0.32365403,held_fold
ISIC_2000184,0,0.28491694,held_fold
ISIC_2001492,0,0.012928752,held_fold
ISIC_2003272,0,0.2707254,held_fold
ISIC_2006783,0,0.16821852,held_fold
ISIC_2009055,0,0.07831593,held_fold
ISIC_2009167,0,0.010818979,held_fold
ISIC_2010841,0,0.027104951,held_fold
ISIC_2011145,0,0.28591084,held_fold
ISIC_2011758,0,0.027183773,held_fold
ISIC_2011893,0,0.029215101,held_fold
ISIC_2014399,0,0.013328352,held_fold
ISIC_2015441,0,0.028440617,held_fold
ISIC_2016546,0,0.033128206,held_fold
ISIC_2019110,0,0.017938098,held_fold
ISIC_2027392,0,0.06399913,held_fold
ISIC_2027490,0,0.32354796,held_fold
ISIC_2027705,0,0.024838129,held_fold
ISIC_2031177,0,0.13503635,held_fold
ISIC_2035097,0,0.0053214473,held_fold
ISIC_2037324,0,0.004504219,held_fold
ISIC_2041726,0,0.011918329,held_fold
ISIC_2045595,0,0.022351565,held_fold
ISIC_2046079,0,0.08265991,held_fold
ISIC_2048638,0,0.12869336,held_fold
ISIC_2049818,0,0.0060445103,held_fold
ISIC_2049836,0,0.0061507476,held_fold
ISIC_2053045,0,0.55986565,held_fold
ISIC_2056104,0,0.1103488,held_fold
ISIC_2057606,0,0.0833649,held_fold
ISIC_2059085,0,0.07153203,held_fold
ISIC_2059481,0,0.012161505,held_fold
ISIC_2060078,0,0.0334112,held_fold
ISIC_2061063,0,0.15464981,held_fold
ISIC_2066127,0,0.171503,held_fold
ISIC_2066146,0,0.21915303,held_fold
ISIC_2066654,0,0.009166001,held_fold
ISIC_2067576,0,0.12477946,held_fold
ISIC_2068866,0,0.0779912,held_fold
ISIC_2069039,0,0.012066636,held_fold
ISIC_2069765,0,0.054321796,held_fold
ISIC_2070718,0,0.23707862,held_fold
ISIC_2070726,0,0.0074854717,held_fold
ISIC_2071317,0,0.023787385,held_fold
ISIC_2073994,0,0.23254292,held_fold
ISIC_2074396,0,0.018210044,held_fold
ISIC_2074764,0,0.006850017,held_fold
ISIC_2077460,0,0.13628684,held_fold
ISIC_2078053,0,0.0007881386,held_fold
ISIC_2079078,0,0.020709908,held_fold
ISIC_2079121,0,0.02006561,held_fold
ISIC_2079417,0,0.018059533,held_fold
ISIC_2080351,0,0.0048034275,held_fold
ISIC_2081142,0,0.058234785,held_fold
ISIC_2081489,0,0.11558375,held_fold
ISIC_2087446,0,0.40191916,held_fold
ISIC_2092879,0,0.21154208,held_fold
ISIC_2094429,0,0.36535692,held_fold
ISIC_2095347,0,0.0031398123,held_fold
ISIC_2099776,0,0.013353118,held_fold
ISIC_2101624,1,0.925274,held_fold
ISIC_2102371,0,0.39345497,held_fold
ISIC_2102551,0,0.09497097,held_fold
ISIC_2104487,0,0.016069071,held_fold
ISIC_2108787,0,0.15839633,held_fold
ISIC_2109563,0,0.0044916226,held_fold
ISIC_2120508,0,0.02299271,held_fold
ISIC_2121292,0,0.079608195,held_fold
ISIC_2122087,0,0.007883234,held_fold
ISIC_2123159,0,0.0205475,held_fold
ISIC_2123488,0,0.0048784376,held_fold
ISIC_2125450,0,0.21491589,held_fold
ISIC_2126248,0,0.009240501,held_fold
ISIC_2126316,0,0.018242437,held_fold
ISIC_2127685,0,0.010583852,held_fold
ISIC_2127820,0,0.036516044,held_fold
ISIC_2129226,0,0.015824296,held_fold
ISIC_2129541,0,0.003307362,held_fold
ISIC_2130800,0,0.012692927,held_fold
ISIC_2131707,0,0.0007708086,held_fold
ISIC_2134858,0,0.0022932126,held_fold
ISIC_2137041,0,0.26269072,held_fold
ISIC_2140115,0,0.19275005,held_fold
ISIC_2142072,0,0.008714032,held_fold
ISIC_2142232,0,0.02061439,held_fold
ISIC_2142639,0,0.0029692578,held_fold
ISIC_2148350,0,0.3089516,held_fold
ISIC_2149030,0,0.078173704,held_fold
ISIC_2150031,0,0.0057307165,held_fold
ISIC_2151459,0,0.0077877073,held_fold
ISIC_2152051,0,0.054541316,held_fold
ISIC_2152755,0,0.7149673,held_fold
ISIC_2153201,0,0.01828692,held_fold
ISIC_2153401,1,0.7199297,held_fold
ISIC_2153879,0,0.15861616,held_fold
ISIC_2155898,0,0.13958678,held_fold
ISIC_2159914,0,0.003525894,held_fold
ISIC_2161864,0,0.10146441,held_fold
ISIC_2161930,0,0.059296228,held_fold
ISIC_2168257,0,0.040771652,held_fold
ISIC_2168953,0,0.07469564,held_fold
ISIC_2170531,0,0.08625475,held_fold
ISIC_2172377,0,0.09599759,held_fold
ISIC_2174204,0,0.055718996,held_fold
ISIC_2175855,0,0.5871045,held_fold
ISIC_2176370,0,0.0029347718,held_fold
ISIC_2179001,0,0.0042443695,held_fold
ISIC_2180439,0,0.02189867,held_fold
ISIC_2185831,0,0.009324519,held_fold
ISIC_2186496,0,0.025752489,held_fold
ISIC_2186828,0,0.006965751,held_fold
ISIC_2188465,0,0.02931236,held_fold
ISIC_2192666,0,0.0068846243,held_fold
ISIC_2193761,0,0.010473687,held_fold
ISIC_2194968,0,0.06846762,held_fold
ISIC_2199969,0,0.68072766,held_fold
ISIC_2200426,0,0.05431718,held_fold
ISIC_2203306,0,0.2888395,held_fold
ISIC_2205780,0,0.004812314,held_fold
ISIC_2208668,0,0.29756537,held_fold
ISIC_2211136,0,0.6918595,held_fold
ISIC_2212473,1,0.20354012,held_fold
ISIC_2215830,0,0.47457293,held_fold
ISIC_2216526,0,0.30250522,held_fold
ISIC_2217550,0,0.031249858,held_fold
ISIC_2219050,0,0.081305206,held_fold
ISIC_2219235,0,0.29130432,held_fold
ISIC_2220508,0,0.015492176,held_fold
ISIC_2222264,0,0.47396553,held_fold
ISIC_2222489,0,0.10842429,held_fold
ISIC_2227830,0,0.1265194,held_fold
ISIC_2228270,0,0.026116773,held_fold
ISIC_2229251,0,0.013014529,held_fold
ISIC_2234023,0,0.17397676,held_fold
ISIC_2241173,0,0.05510356,held_fold
ISIC_2241975,0,0.026827086,held_fold
ISIC_2243353,0,0.033519976,held_fold
ISIC_2243954,0,0.046003558,held_fold
ISIC_2244742,0,0.019037457,held_fold
ISIC_2245695,0,0.01070911,held_fold
ISIC_2248305,0,0.14391296,held_fold
ISIC_2248956,0,0.03820871,held_fold
ISIC_2255492,0,0.10350663,held_fold
ISIC_2262530,0,0.040088452,held_fold
ISIC_2263311,0,0.033621725,held_fold
ISIC_2265410,0,0.0049712025,held_fold
ISIC_2266011,0,0.06762865,held_fold
ISIC_2266857,0,0.35468787,held_fold
ISIC_2269849,0,0.42309943,held_fold
ISIC_2274871,0,0.029711371,held_fold
ISIC_2275181,0,0.07709308,held_fold
ISIC_2275624,0,0.027986651,held_fold
ISIC_2275821,0,0.09734814,held_fold
ISIC_2276141,0,0.3606951,held_fold
ISIC_2280085,0,0.035216603,held_fold
ISIC_2281048,0,0.029836306,held_fold
ISIC_2282086,0,0.114872895,held_fold
ISIC_2282330,0,0.0023830705,held_fold
ISIC_2282522,0,0.04707702,held_fold
ISIC_2283628,0,0.11205817,held_fold
ISIC_2284502,0,0.010468,held_fold
ISIC_2284633,0,0.031539142,held_fold
ISIC_2295998,0,0.009815687,held_fold
ISIC_2297858,0,0.008345918,held_fold
ISIC_2313297,0,0.23999679,held_fold
ISIC_2316159,0,0.01834593,held_fold
ISIC_2316827,0,0.21236509,held_fold
ISIC_2317156,0,0.028329829,held_fold
ISIC_2318657,0,0.024029396,held_fold
ISIC_2318906,0,0.11956901,held_fold
ISIC_2319122,0,0.019063527,held_fold
ISIC_2321619,0,0.016256232,held_fold
ISIC_2321671,0,0.04029823,held_fold
ISIC_2326984,0,0.08983873,held_fold
ISIC_2328299,0,0.040001675,held_fold
ISIC_2329701,0,0.022040905,held_fold
ISIC_2337650,0,0.16637969,held_fold
ISIC_2337786,0,0.33965346,held_fold
ISIC_2339522,0,0.0360034,held_fold
ISIC_2347774,0,0.012133657,held_fold
ISIC_2348481,0,0.4252299,held_fold
ISIC_2349386,0,0.008808232,held_fold
ISIC_2349743,0,0.0050973534,held_fold
ISIC_2355513,0,0.01515431,held_fold
ISIC_2356841,0,0.0038767587,held_fold
ISIC_2357022,0,0.12796564,held_fold
ISIC_2357307,0,0.010418859,held_fold
ISIC_2364189,0,0.39422682,held_fold
ISIC_2365588,0,0.045164812,held_fold
ISIC_2366196,0,0.19542979,held_fold
ISIC_2367392,0,0.10160428,held_fold
ISIC_2370650,0,0.053847566,held_fold
ISIC_2371734,0,0.3776879,held_fold
ISIC_2373071,0,0.089561895,held_fold
ISIC_2374446,0,0.078571685,held_fold
ISIC_2378303,0,0.06235763,held_fold
ISIC_2378495,0,0.014247269,held_fold
ISIC_2382078,0,0.10927759,held_fold
ISIC_2382323,0,0.08794549,held_fold
ISIC_2383335,0,0.23124468,held_fold
ISIC_2383571,0,0.050202098,held_fold
ISIC_2386668,0,0.25805584,held_fold
ISIC_2387403,0,0.00896813,held_fold
ISIC_2387634,0,0.056885093,held_fold
ISIC_2394780,0,0.1155649,held_fold
ISIC_2394894,0,0.1200453,held_fold
ISIC_2396480,0,0.004757694,held_fold
ISIC_2396791,0,0.052240264,held_fold
ISIC_2397307,0,0.0062984917,held_fold
ISIC_2398131,0,0.0070959753,held_fold
ISIC_2399130,0,0.013510639,held_fold
ISIC_2400177,0,0.0358669,held_fold
ISIC_2401705,0,0.034715086,held_fold
ISIC_2402717,0,0.014943497,held_fold
ISIC_2406580,0,0.010809884,held_fold
ISIC_2406848,0,0.03650859,held_fold
ISIC_2407132,0,0.0089477245,held_fold
ISIC_2407914,0,0.16946316,held_fold
ISIC_2408815,1,0.026306618,held_fold
ISIC_2410842,0,0.15137957,held_fold
ISIC_2412426,0,0.16970092,held_fold
ISIC_2413429,0,0.07199238,held_fold
ISIC_2415030,0,0.15906991,held_fold
ISIC_2416792,0,0.11459654,held_fold
ISIC_2417638,0,0.12982674,held_fold
ISIC_2418848,0,0.024375742,held_fold
ISIC_2418954,0,0.17940082,held_fold
ISIC_2419593,0,0.010531536,held_fold
ISIC_2420042,0,0.13138588,held_fold
ISIC_2421521,0,0.027787218,held_fold
ISIC_2425013,0,0.056490477,held_fold
ISIC_2427137,0,0.036973845,held_fold
ISIC_2428554,0,0.6358795,held_fold
ISIC_2430137,0,0.1129699,held_fold
ISIC_2432058,0,0.29638907,held_fold
ISIC_2434382,0,0.009524865,held_fold
ISIC_2437188,0,0.043887455,held_fold
ISIC_2438067,0,0.018514212,held_fold
ISIC_2448123,1,0.1574491,held_fold
ISIC_2448210,0,0.008927455,held_fold
ISIC_2452083,0,0.081988476,held_fold
ISIC_2452931,0,0.010232378,held_fold
ISIC_2454475,0,0.3755006,held_fold
ISIC_2457132,0,0.022720182,held_fold
ISIC_2457369,0,0.017187227,held_fold
ISIC_2459772,0,0.02084635,held_fold
ISIC_2462485,0,0.033374477,held_fold
ISIC_2467125,0,0.06207714,held_fold
ISIC_2468975,0,0.0096263075,held_fold
ISIC_2470542,0,0.024259107,held_fold
ISIC_2476876,0,0.05108803,held_fold
ISIC_2477888,0,0.053085167,held_fold
ISIC_2478012,0,0.06607533,held_fold
ISIC_2480608,0,0.542676,held_fold
ISIC_2480615,0,0.03148909,held_fold
ISIC_2481230,0,0.13856113,held_fold
ISIC_2482427,0,0.11921063,held_fold
ISIC_2482653,0,0.4326712,held_fold
ISIC_2482687,0,0.017864218,held_fold
ISIC_2484586,0,0.08453042,held_fold
ISIC_2487061,0,0.09673098,held_fold
ISIC_2489471,0,0.109856606,held_fold
ISIC_2490493,0,0.057181984,held_fold
ISIC_2493432,0,0.058235433,held_fold
ISIC_2494956,0,0.001981913,held_fold
ISIC_2495303,0,0.03323397,held_fold
ISIC_2496053,0,0.008929759,held_fold
ISIC_2496374,0,0.0040454366,held_fold
ISIC_2499559,0,0.012744031,held_fold
ISIC_2499678,0,0.043340653,held_fold
ISIC_2500087,0,0.03925593,held_fold
ISIC_2502405,0,0.03634989,held_fold
ISIC_2502558,0,0.020866707,held_fold
ISIC_2502855,0,0.025073906,held_fold
ISIC_2508032,0,0.16491221,held_fold
ISIC_2509736,0,0.0074945283,held_fold
ISIC_2514994,0,0.1497789,held_fold
ISIC_2515324,0,0.06315998,held_fold
ISIC_2518672,0,0.11311089,held_fold
ISIC_2520419,0,0.0022228602,held_fold
ISIC_2521947,0,0.0061916932,held_fold
ISIC_2523922,0,0.057677384,held_fold
ISIC_2524005,0,0.21044485,held_fold
ISIC_2525084,1,0.4037896,held_fold
ISIC_2527238,0,0.41498056,held_fold
ISIC_2527485,0,0.04125654,held_fold
ISIC_2533114,0,0.25534132,held_fold
ISIC_2535541,1,0.570993,held_fold
ISIC_2536728,0,0.08663028,held_fold
ISIC_2538378,0,0.017938493,held_fold
ISIC_2538571,0,0.08949336,held_fold
ISIC_2539861,0,0.28457502,held_fold
ISIC_2540408,0,0.30260867,held_fold
ISIC_2541562,0,0.022768242,held_fold
ISIC_2546094,0,0.08576854,held_fold
ISIC_2550872,0,0.0884439,held_fold
ISIC_2553784,0,0.24061224,held_fold
ISIC_2553976,0,0.00962193,held_fold
ISIC_2555243,0,0.046686795,held_fold
ISIC_2555358,0,0.056078687,held_fold
ISIC_2555494,0,0.009319429,held_fold
ISIC_2558189,0,0.0035668246,held_fold
ISIC_2558439,0,0.39799696,held_fold
ISIC_2559074,0,0.017152568,held_fold
ISIC_2559472,0,0.041734137,held_fold
ISIC_2560645,0,0.0054465514,held_fold
ISIC_2563840,0,0.030250046,held_fold
ISIC_2565512,0,0.03061775,held_fold
ISIC_2565986,0,0.019986063,held_fold
ISIC_2566365,0,0.06503703,held_fold
ISIC_2570708,0,0.6254668,held_fold
ISIC_2571614,0,0.056575604,held_fold
ISIC_2572530,0,0.030451423,held_fold
ISIC_2574197,0,0.003757307,held_fold
ISIC_2574344,0,0.03865128,held_fold
ISIC_2574351,0,0.0028206096,held_fold
ISIC_2579390,0,0.12340526,held_fold
ISIC_2585066,0,0.12435762,held_fold
ISIC_2586708,0,0.033220667,held_fold
ISIC_2587955,0,0.026037175,held_fold
ISIC_2594290,0,0.02597269,held_fold
ISIC_2595590,0,0.020751707,held_fold
ISIC_2596574,0,0.06449795,held_fold
ISIC_2597342,0,0.10826753,held_fold
ISIC_2597975,0,0.10541001,held_fold
ISIC_2598702,0,0.06712547,held_fold
ISIC_2600276,0,0.037600346,held_fold
ISIC_2601156,0,0.017182175,held_fold
ISIC_2603420,0,0.1258225,held_fold
ISIC_2605567,0,0.13437645,held_fold
ISIC_2606194,0,0.02959271,held_fold
ISIC_2607010,0,0.18988852,held_fold
ISIC_2608471,0,0.0051481198,held_fold
ISIC_2613405,0,0.066805355,held_fold
ISIC_2616788,0,0.044095937,held_fold
ISIC_2618092,0,0.13165988,held_fold
ISIC_2620159,0,0.10050262,held_fold
ISIC_2621121,0,0.01457353,held_fold
ISIC_2621493,0,0.11892368,held_fold
ISIC_2623707,0,0.83236724,held_fold
ISIC_2624189,0,0.059670534,held_fold
ISIC_2625884,0,0.40001702,held_fold
ISIC_2626310,0,0.006297262,held_fold
ISIC_2629998,0,0.03712986,held_fold
ISIC_2632471,0,0.07044328,held_fold
ISIC_2636012,0,0.030875437,held_fold
ISIC_2637014,0,0.027143823,held_fold
ISIC_2641186,0,0.040821202,held_fold
ISIC_2645314,0,0.0030553045,held_fold
ISIC_2645615,0,0.33153546,held_fold
ISIC_2647070,0,0.0014431133,held_fold
ISIC_2649999,0,0.13961524,held_fold
ISIC_2652721,0,0.007042596,held_fold
ISIC_2653098,0,0.012758413,held_fold
ISIC_2653824,0,0.10855212,held_fold
ISIC_2654412,0,0.12496992,held_fold
ISIC_2658858,0,0.22874765,held_fold
ISIC_2659107,0,0.0015117769,held_fold
ISIC_2664973,0,0.10294584,held_fold
ISIC_2665039,0,0.47960797,held_fold
ISIC_2665487,0,0.0663558,held_fold
ISIC_2667784,0,0.1721871,held_fold
ISIC_2667921,0,0.09494456,held_fold
ISIC_2671038,0,0.02639171,held_fold
ISIC_2671727,0,0.20095962,held_fold
ISIC_2672001,0,0.05334223,held_fold
ISIC_2672379,0,0.010005363,held_fold
ISIC_2672587,0,0.18291414,held_fold
ISIC_2673586,0,0.0069751344,held_fold
ISIC_2676784,0,0.20796643,held_fold
ISIC_2680842,0,0.06878015,held_fold
ISIC_2682861,0,0.012227525,held_fold
ISIC_2683125,0,0.006276843,held_fold
ISIC_2684374,0,0.0030515695,held_fold
ISIC_2690733,0,0.03509523,held_fold
ISIC_2691211,0,0.15980837,held_fold
ISIC_2700320,1,0.14640956,held_fold
ISIC_2700731,0,0.057089347,held_fold
ISIC_2703447,0,0.02598034,held_fold
ISIC_2704072,0,0.26702887,held_fold
ISIC_2705052,0,0.02580795,held_fold
ISIC_2707664,0,0.008734354,held_fold
ISIC_2709109,0,0.07249946,held_fold
ISIC_2709809,0,0.018895328,held_fold
ISIC_2710887,0,0.7369987,held_fold
ISIC_2711946,0,0.004132647,held_fold
ISIC_2716284,0,0.23413616,held_fold
ISIC_2716925,0,0.0045533464,held_fold
ISIC_2717587,0,0.11709717,held_fold
ISIC_2718135,0,0.020243987,held_fold
ISIC_2718199,0,0.05455055,held_fold
ISIC_2719558,0,0.036872033,held_fold
ISIC_2720231,0,0.01513372,held_fold
ISIC_2721543,0,0.39040503,held_fold
ISIC_2722070,0,0.037952453,held_fold
ISIC_2729893,0,0.010725823,held_fold
ISIC_2731386,0,0.032217924,held_fold
ISIC_2732573,0,0.015532239,held_fold
ISIC_2732720,0,0.00775844,held_fold
ISIC_2733043,0,0.013493217,held_fold
ISIC_2734817,0,0.4783682,held_fold
ISIC_2735051,0,0.11986246,held_fold
ISIC_2735720,0,0.04554986,held_fold
ISIC_2735846,0,0.32583535,held_fold
ISIC_2736793,0,0.73013586,held_fold
ISIC_2738454,0,0.830416,held_fold
ISIC_2740815,0,0.029780604,held_fold
ISIC_2741984,0,0.13402702,held_fold
ISIC_2742870,0,0.0043185716,held_fold
ISIC_2746191,0,0.088203005,held_fold
ISIC_2746282,0,0.006939574,held_fold
ISIC_2746974,0,0.008388284,held_fold
ISIC_2747749,0,0.06463888,held_fold
ISIC_2748148,0,0.023032902,held_fold
ISIC_2748736,0,0.049983706,held_fold
ISIC_2751781,0,0.0046705483,held_fold
ISIC_2751896,0,0.16205941,held_fold
ISIC_2752297,0,0.027561482,held_fold
ISIC_2753908,0,0.1489421,held_fold
ISIC_2754170,0,0.19275413,held_fold
ISIC_2754186,0,0.20986311,held_fold
ISIC_2754616,0,0.018011622,held_fold
ISIC_2755502,0,0.09923623,held_fold
ISIC_2757414,0,0.0120496005,held_fold
ISIC_2757957,0,0.051904462,held_fold
ISIC_2763060,0,0.014832918,held_fold
ISIC_2769292,0,0.0074881436,held_fold
ISIC_2772581,0,0.04391596,held_fold
ISIC_2773044,0,0.04275101,held_fold
ISIC_2773261,0,0.45008343,held_fold
ISIC_2773596,0,0.11528245,held_fold
ISIC_2775157,0,0.34907922,held_fold
ISIC_2775638,0,0.3717679,held_fold
ISIC_2776906,1,0.8899242,held_fold
ISIC_2776986,0,0.32719636,held_fold
ISIC_2777137,0,0.01214697,held_fold
ISIC_2786246,0,0.03003376,held_fold
ISIC_2790561,0,0.36578214,held_fold
ISIC_2793903,0,0.0059150015,held_fold
ISIC_2793989,0,0.049369648,held_fold
ISIC_2795397,0,0.047515836,held_fold
ISIC_2797898,0,0.0014214781,held_fold
ISIC_2799701,0,0.008856483,held_fold
ISIC_2800198,0,0.16153929,held_fold
ISIC_2803212,0,0.03616967,held_fold
ISIC_2803733,0,0.007822459,held_fold
ISIC_2805634,0,0.011870939,held_fold
ISIC_2808187,0,0.02294861,held_fold
ISIC_2810793,0,0.10169511,held_fold
ISIC_2811847,0,0.0026494144,held_fold
ISIC_2814675,0,0.0150627205,held_fold
ISIC_2817348,0,0.011006939,held_fold
ISIC_2818530,0,0.040385142,held_fold
ISIC_2819721,0,0.0024900367,held_fold
ISIC_2820050,0,0.004146253,held_fold
ISIC_2821172,0,0.0047615115,held_fold
ISIC_2822622,0,0.14970045,held_fold
ISIC_2823287,1,0.3759296,held_fold
ISIC_2824679,0,0.0060295374,held_fold
ISIC_2829088,0,0.43297333,held_fold
ISIC_2832507,0,0.2617458,held_fold
ISIC_2834175,0,0.0082087265,held_fold
ISIC_2836038,0,0.023314461,held_fold
ISIC_2837876,0,0.24092808,held_fold
ISIC_2838960,0,0.15034264,held_fold
ISIC_2839053,0,0.10350488,held_fold
ISIC_2840136,0,0.23737493,held_fold
ISIC_2840727,0,0.029528925,held_fold
ISIC_2841630,0,0.034627356,held_fold
ISIC_2844085,0,0.120093256,held_fold
ISIC_2845237,0,0.07703524,held_fold
ISIC_2845758,0,0.002731889,held_fold
ISIC_2847358,0,0.024381183,held_fold
ISIC_2849717,0,0.006556135,held_fold
ISIC_2850155,0,0.012726247,held_fold
ISIC_2852497,0,0.23260358,held_fold
ISIC_2853981,0,0.3044594,held_fold
ISIC_2855191,0,0.10370651,held_fold
ISIC_2858035,0,0.1418635,held_fold
ISIC_2858419,0,0.00918252,held_fold
ISIC_2859012,0,0.019527787,held_fold
ISIC_2860230,0,0.10953198,held_fold
ISIC_2867740,0,0.07386757,held_fold
ISIC_2871437,0,0.09917764,held_fold
ISIC_2872201,0,0.0036874886,held_fold
ISIC_2875622,0,0.024649763,held_fold
ISIC_2879257,0,0.02870581,held_fold
ISIC_2879512,0,0.04628608,held_fold
ISIC_2887690,0,0.016468523,held_fold
ISIC_2889208,0,0.16147672,held_fold
ISIC_2889670,0,0.025311235,held_fold
ISIC_2889981,0,0.13828398,held_fold
ISIC_2894223,0,0.020815566,held_fold
ISIC_2896341,0,0.088667765,held_fold
ISIC_2898780,0,0.004676863,held_fold
ISIC_2898886,0,0.25773373,held_fold
ISIC_2899829,0,0.012004313,held_fold
ISIC_2901944,0,0.379021,held_fold
ISIC_2912335,0,0.463437,held_fold
ISIC_2914304,0,0.0010230416,held_fold
ISIC_2914353,0,0.31543082,held_fold
ISIC_2915930,0,0.16544648,held_fold
ISIC_2917372,0,0.0064464197,held_fold
ISIC_2921679,0,0.0065017156,held_fold
ISIC_2922270,0,0.0037687942,held_fold
ISIC_2922381,0,0.06379628,held_fold
ISIC_2924281,0,0.3344623,held_fold
ISIC_2924418,0,0.05073582,held_fold
ISIC_2924748,0,0.09969547,held_fold
ISIC_2924968,0,0.09290408,held_fold
ISIC_2927587,0,0.011723881,held_fold
ISIC_2928278,0,0.004532991,held_fold
ISIC_2932418,0,0.2813504,held_fold
ISIC_2935987,0,0.0060433876,held_fold
ISIC_2938284,0,0.04963948,held_fold
ISIC_2939330,0,0.05795534,held_fold
ISIC_2939734,0,0.003606352,held_fold
ISIC_2942057,0,0.08453794,held_fold
ISIC_2945310,0,0.009826385,held_fold
ISIC_2946999,0,0.049701314,held_fold
ISIC_2947038,0,0.15171078,held_fold
ISIC_2949980,0,0.022108119,held_fold
ISIC_2951741,0,0.037423875,held_fold
ISIC_2952684,0,0.004589119,held_fold
ISIC_2954294,0,0.022078972,held_fold
ISIC_2955499,0,0.10425752,held_fold
ISIC_2955610,0,0.40278938,held_fold
ISIC_2958240,0,0.03143163,held_fold
ISIC_2961666,0,0.087030835,held_fold
ISIC_2962753,0,0.0058085895,held_fold
ISIC_2963478,0,0.3160246,held_fold
ISIC_2964397,0,0.021963926,held_fold
ISIC_2968272,0,0.0031979748,held_fold
ISIC_2969055,0,0.009551109,held_fold
ISIC_2969301,0,0.007466093,held_fold
ISIC_2969373,0,0.6809628,held_fold
ISIC_2970632,0,0.3179186,held_fold
ISIC_2974884,0,0.013667533,held_fold
ISIC_2977336,0,0.05110102,held_fold
ISIC_2979268,1,0.018652644,held_fold
ISIC_2980633,0,0.06816086,held_fold
ISIC_2982357,0,0.004065329,held_fold
ISIC_2982883,0,0.006777646,held_fold
ISIC_2984214,0,0.3894154,held_fold
ISIC_2984437,0,0.15388146,held_fold
ISIC_2984737,0,0.2680842,held_fold
ISIC_2985322,0,0.10609854,held_fold
ISIC_2985753,0,0.10177401,held_fold
ISIC_2985966,0,0.0152304815,held_fold
ISIC_2986014,0,0.0035550082,held_fold
ISIC_2989425,0,0.0059014913,held_fold
ISIC_2990228,0,0.1394143,held_fold
ISIC_2996391,0,0.16249973,held_fold
ISIC_2996668,0,0.04166677,held_fold
ISIC_2998411,0,0.0028661976,held_fold
ISIC_2999582,0,0.08198876,held_fold
ISIC_3003273,0,0.023877123,held_fold
ISIC_3003513,0,0.019837374,held_fold
ISIC_3007232,0,0.03879907,held_fold
ISIC_3008419,0,0.10985065,held_fold
ISIC_3009930,0,0.0033707987,held_fold
ISIC_3010487,0,0.11327355,held_fold
ISIC_3016696,0,0.065868214,held_fold
ISIC_3016754,0,0.16643852,held_fold
ISIC_3017950,0,0.008647868,held_fold
ISIC_3021188,0,0.09338551,held_fold
ISIC_3023901,0,0.09819846,held_fold
ISIC_3024600,0,0.03729926,held_fold
ISIC_3033120,0,0.042257465,held_fold
ISIC_3038950,0,0.13453782,held_fold
ISIC_3042091,0,0.033396736,held_fold
ISIC_3042182,0,0.061759297,held_fold
ISIC_3042558,0,0.023148078,held_fold
ISIC_3043105,0,0.32769594,held_fold
ISIC_3046710,0,0.06648383,held_fold
ISIC_3052675,0,0.01766647,held_fold
ISIC_3054523,0,0.17867824,held_fold
ISIC_3058625,0,0.033505913,held_fold
ISIC_3060248,0,0.099549994,held_fold
ISIC_3062820,0,0.07823195,held_fold
ISIC_3063260,0,0.073830575,held_fold
ISIC_3063649,0,0.0019058108,held_fold
ISIC_3063923,0,0.4209829,held_fold
ISIC_3065254,0,0.07167515,held_fold
ISIC_3067522,0,0.010416913,held_fold
ISIC_3070142,0,0.063837424,held_fold
ISIC_3072143,0,0.0053385086,held_fold
ISIC_3072382,0,0.04748257,held_fold
ISIC_3077866,0,0.565038,held_fold
ISIC_3078678,0,0.004140115,held_fold
ISIC_3079729,0,0.011911631,held_fold
ISIC_3080307,0,0.060901362,held_fold
ISIC_3082841,0,0.44733593,held_fold
ISIC_3084791,0,0.20141843,held_fold
ISIC_3088518,0,0.67825776,held_fold
ISIC_3089388,0,0.009606707,held_fold
ISIC_3090417,0,0.059771433,held_fold
ISIC_3090572,0,0.0031845944,held_fold
ISIC_3090792,0,0.07070624,held_fold
ISIC_3091420,0,0.067991436,held_fold
ISIC_3092441,0,0.018218234,held_fold
ISIC_3093025,0,0.21799563,held_fold
ISIC_3093069,0,0.020519521,held_fold
ISIC_3093810,0,0.012307753,held_fold
ISIC_3096269,0,0.11970596,held_fold
ISIC_3097899,0,0.015307784,held_fold
ISIC_3097976,0,0.6203538,held_fold
ISIC_3098299,0,0.15736349,held_fold
ISIC_3098342,0,0.015776658,held_fold
ISIC_3102011,0,0.0047611184,held_fold
ISIC_3105314,0,0.61774045,held_fold
ISIC_3110425,0,0.013746657,held_fold
ISIC_3110946,0,0.065865204,held_fold
ISIC_3111635,0,0.046629276,held_fold
ISIC_3114066,0,0.035328165,held_fold
ISIC_3115568,0,0.048534892,held_fold
ISIC_3117977,0,0.14382997,held_fold
ISIC_3123718,0,0.091691494,held_fold
ISIC_3123835,0,0.05126726,held_fold
ISIC_3125078,0,0.3189322,held_fold
ISIC_3125318,0,0.0019186293,held_fold
ISIC_3126161,0,0.09788597,held_fold
ISIC_3126619,0,0.08178535,held_fold
ISIC_3127347,0,0.008830248,held_fold
ISIC_3131821,0,0.05812461,held_fold
ISIC_3133127,0,0.006637103,held_fold
ISIC_3134556,0,0.057176396,held_fold
ISIC_3135594,0,0.0029632188,held_fold
ISIC_3136263,0,0.0075926143,held_fold
ISIC_3136818,0,0.5327341,held_fold
ISIC_3137003,0,0.016248198,held_fold
ISIC_3143604,0,0.003567338,held_fold
ISIC_3145458,0,0.058930457,held_fold
ISIC_3146074,0,0.058082994,held_fold
ISIC_3147179,0,0.06577689,held_fold
ISIC_3149717,0,0.25046116,held_fold
ISIC_3152572,0,0.06544386,held_fold
ISIC_3154716,0,0.34164083,held_fold
ISIC_3157046,0,0.01684132,held_fold
ISIC_3157385,0,0.28229558,held_fold
ISIC_3157921,0,0.0118619045,held_fold
ISIC_3160147,0,0.24426395,held_fold
ISIC_3160224,0,0.0024274278,held_fold
ISIC_3161358,0,0.1677885,held_fold
ISIC_3161477,0,0.085640945,held_fold
ISIC_3163216,0,0.017722024,held_fold
ISIC_3165198,0,0.08824157,held_fold
ISIC_3166276,0,0.024141727,held_fold
ISIC_3172196,0,0.06215425,held_fold
ISIC_3172815,0,0.31310025,held_fold
ISIC_3173007,0,0.21896301,held_fold
ISIC_3175723,0,0.03882604,held_fold
ISIC_3176296,0,0.011221855,held_fold
ISIC_3176566,0,0.3283296,held_fold
ISIC_3180108,0,0.12277315,held_fold
ISIC_3180138,0,0.008461771,held_fold
ISIC_3181358,0,0.15169902,held_fold
ISIC_3182075,0,0.09245074,held_fold
ISIC_3183653,0,0.276943,held_fold
ISIC_3185524,0,0.015658334,held_fold
ISIC_3186625,0,0.35313764,held_fold
ISIC_3187746,0,0.018193284,held_fold
ISIC_3188758,0,0.021724196,held_fold
ISIC_3189075,0,0.011735201,held_fold
ISIC_3190790,0,0.033611964,held_fold
ISIC_3191602,0,0.053366624,held_fold
ISIC_3191646,0,0.10386998,held_fold
ISIC_3196630,0,0.30076036,held_fold
ISIC_3199821,0,0.14640856,held_fold
ISIC_3202724,0,0.00590317,held_fold
ISIC_3203303,0,0.07541819,held_fold
ISIC_3204621,0,0.55883133,held_fold
ISIC_3206207,0,0.092303716,held_fold
ISIC_3209363,0,0.0015801259,held_fold
ISIC_3209456,0,0.14177357,held_fold
ISIC_3211631,0,0.07612151,held_fold
ISIC_3211915,0,0.008008277,held_fold
ISIC_3212050,0,0.033892255,held_fold
ISIC_3215397,0,0.3205988,held_fold
ISIC_3217658,0,0.063921496,held_fold
ISIC_3218245,0,0.1491794,held_fold
ISIC_3220970,0,0.013196177,held_fold
ISIC_3223762,0,0.011869742,held_fold
ISIC_3224181,0,0.0978159,held_fold
ISIC_3224643,0,0.0045396057,held_fold
ISIC_3224794,0,0.03820197,held_fold
ISIC_3225754,0,0.115149125,held_fold
ISIC_3226667,0,0.08729535,held_fold
ISIC_3228015,0,0.31316876,held_fold
ISIC_3229171,0,0.003921773,held_fold
ISIC_3229755,0,0.022116775,held_fold
ISIC_3230630,0,0.006124319,held_fold
ISIC_3232329,0,0.2947676,held_fold
ISIC_3235868,0,0.018248662,held_fold
ISIC_3236964,0,0.09348188,held_fold
ISIC_3242282,0,0.0050067645,held_fold
ISIC_3244067,1,0.2682558,held_fold
ISIC_3246752,0,0.027690457,held_fold
ISIC_3250584,0,0.60797995,held_fold
ISIC_3251421,0,0.016436702,held_fold
ISIC_3251951,0,0.097283326,held_fold
ISIC_3252522,0,0.8023607,held_fold
ISIC_3253484,1,0.78216547,held_fold
ISIC_3256966,0,0.33238503,held_fold
ISIC_3258598,0,0.0683328,held_fold
ISIC_3259494,0,0.049657013,held_fold
ISIC_3260068,0,0.0076876804,held_fold
ISIC_3260211,0,0.018585851,held_fold
ISIC_3260549,0,0.1155995,held_fold
ISIC_3260571,0,0.03046638,held_fold
ISIC_3260649,0,0.092397064,held_fold
ISIC_3262153,0,0.7544934,held_fold
ISIC_3264124,0,0.16486461,held_fold
ISIC_3266797,0,0.13191669,held_fold
ISIC_3267259,0,0.004338275,held_fold
ISIC_3269018,0,0.24494655,held_fold
ISIC_3270588,0,0.16335562,held_fold
ISIC_3272470,0,0.010584732,held_fold
ISIC_3273115,0,0.49544656,held_fold
ISIC_3277722,0,0.09956809,held_fold
ISIC_3279911,0,0.010211854,held_fold
ISIC_3287807,0,0.02290016,held_fold
ISIC_3288342,0,0.04171702,held_fold
ISIC_3292915,0,0.011396339,held_fold
ISIC_3296079,0,0.0715768,held_fold
ISIC_3298596,0,0.004503499,held_fold
ISIC_3299433,0,0.056298435,held_fold
ISIC_3300710,0,0.25375313,held_fold
ISIC_3301164,0,0.29819003,held_fold
ISIC_3302126,0,0.014081423,held_fold
ISIC_3305468,0,0.14349186,held_fold
ISIC_3308635,0,0.014223169,held_fold
ISIC_3310625,0,0.0052710506,held_fold
ISIC_3310739,0,0.034082957,held_fold
ISIC_3314853,0,0.049158853,held_fold
ISIC_3315713,0,0.10928075,held_fold
ISIC_3316641,0,0.13832009,held_fold
ISIC_3316688,0,0.02395645,held_fold
ISIC_3318860,0,0.35595647,held_fold
ISIC_3324479,0,0.11930425,held_fold
ISIC_3326704,0,0.055117592,held_fold
ISIC_3331533,0,0.036548793,held_fold
ISIC_3332207,0,0.45557737,held_fold
ISIC_3332756,0,0.034856446,held_fold
ISIC_3341471,0,0.014807423,held_fold
ISIC_3341710,1,0.92905897,held_fold
ISIC_3341994,0,0.18323939,held_fold
ISIC_3342067,0,0.33650678,held_fold
ISIC_3342276,0,0.092994824,held_fold
ISIC_3345230,0,0.12056427,held_fold
ISIC_3348086,0,0.057250824,held_fold
ISIC_3348306,0,0.004990202,held_fold
ISIC_3349107,0,0.04203792,held_fold
ISIC_3350052,0,0.17120391,held_fold
ISIC_3351880,0,0.061388142,held_fold
ISIC_3354831,0,0.044773724,held_fold
ISIC_3358896,0,0.01690762,held_fold
ISIC_3361126,0,0.15998934,held_fold
ISIC_3361690,0,0.06282158,held_fold
ISIC_3365320,0,0.036167998,held_fold
ISIC_3365692,0,0.009568962,held_fold
ISIC_3370255,0,0.0073870574,held_fold
ISIC_3375921,0,0.07329881,held_fold
ISIC_3377082,0,0.011935198,held_fold
ISIC_3377282,0,0.024357978,held_fold
ISIC_3378194,0,0.15777504,held_fold
ISIC_3380212,0,0.44326445,held_fold
ISIC_3382231,0,0.43431652,held_fold
ISIC_3383330,0,0.26059875,held_fold
ISIC_3389740,0,0.037480585,held_fold
ISIC_3395488,0,0.09415423,held_fold
ISIC_3397583,0,0.41881567,held_fold
ISIC_3397764,0,0.11188558,held_fold
ISIC_3399603,0,0.08449045,held_fold
ISIC_3403144,0,0.022321293,held_fold
ISIC_3406319,0,0.04138246,held_fold
ISIC_3407960,0,0.13854682,held_fold
ISIC_3408080,0,0.18457417,held_fold
ISIC_3408231,1,0.100378014,held_fold
ISIC_3408383,0,0.0029337895,held_fold
ISIC_3410530,0,0.01639904,held_fold
ISIC_3413657,0,0.071827024,held_fold
ISIC_3415967,0,0.12323239,held_fold
ISIC_3416107,1,0.5139341,held_fold
ISIC_3416130,0,0.007712525,held_fold
ISIC_3420287,0,0.03346255,held_fold
ISIC_3420831,0,0.20563851,held_fold
ISIC_3424154,0,0.08172439,held_fold
ISIC_3424207,0,0.07608177,held_fold
ISIC_3424634,0,0.0049020387,held_fold
ISIC_3425388,0,0.05139959,held_fold
ISIC_3425896,0,0.06985184,held_fold
ISIC_3426857,0,0.013461966,held_fold
ISIC_3428559,0,0.080806576,held_fold
ISIC_3428894,0,0.0037773133,held_fold
ISIC_3429014,0,0.071494065,held_fold
ISIC_3429552,0,0.11319399,held_fold
ISIC_3429860,0,0.051584236,held_fold
ISIC_3431064,0,0.13771863,held_fold
ISIC_3432318,0,0.09036447,held_fold
ISIC_3434670,0,0.020274097,held_fold
ISIC_3435747,0,0.02928479,held_fold
ISIC_3440002,0,0.024834609,held_fold
ISIC_3441196,0,0.01501999,held_fold
ISIC_3441698,0,0.09805585,held_fold
ISIC_3443898,0,0.027717996,held_fold
ISIC_3444221,0,0.006949927,held_fold
ISIC_3446591,0,0.027187297,held_fold
ISIC_3448409,0,0.18584508,held_fold
ISIC_3449079,0,0.005687247,held_fold
ISIC_3453060,0,0.007673776,held_fold
ISIC_3456094,0,0.24395567,held_fold
ISIC_3464226,0,0.07402978,held_fold
ISIC_3469260,0,0.053439055,held_fold
ISIC_3469442,0,0.08296955,held_fold
ISIC_3470824,0,0.16828875,held_fold
ISIC_3474609,0,0.123199925,held_fold
ISIC_3479948,0,0.020661209,held_fold
ISIC_3481509,0,0.06511476,held_fold
ISIC_3484722,0,0.031724233,held_fold
ISIC_3485300,0,0.08440173,held_fold
ISIC_3485482,0,0.23852843,held_fold
ISIC_3485557,0,0.008550469,held_fold
ISIC_3488556,0,0.21177672,held_fold
ISIC_3489630,0,0.05712594,held_fold
ISIC_3492490,0,0.47995442,held_fold
ISIC_3493050,0,0.044474665,held_fold
ISIC_3496369,0,0.19581267,held_fold
ISIC_3497346,0,0.25535113,held_fold
ISIC_3498983,0,0.050107792,held_fold
ISIC_3499071,0,0.07308329,held_fold
ISIC_3501271,0,0.0068716747,held_fold
ISIC_3502577,0,0.014685822,held_fold
ISIC_3507444,0,0.31212166,held_fold
ISIC_3507446,0,0.04264693,held_fold
ISIC_3508192,0,0.047072474,held_fold
ISIC_3509250,0,0.0019101141,held_fold
ISIC_3509838,0,0.12808649,held_fold
ISIC_3510941,0,0.1590681,held_fold
ISIC_3513367,0,0.10522506,held_fold
ISIC_3520591,0,0.16730687,held_fold
ISIC_3521736,0,0.029565295,held_fold
ISIC_3521744,0,0.29854223,held_fold
ISIC_3522342,0,0.006960374,held_fold
ISIC_3523476,0,0.010136496,held_fold
ISIC_3524546,0,0.0018720324,held_fold
ISIC_3526017,0,0.0022445556,held_fold
ISIC_3526122,0,0.164536,held_fold
ISIC_3529572,0,0.24068943,held_fold
ISIC_3529778,0,0.0149870785,held_fold
ISIC_3529922,0,0.08571199,held_fold
ISIC_3530337,0,0.16606537,held_fold
ISIC_3534633,0,0.047696017,held_fold
ISIC_3535007,0,0.058145214,held_fold
ISIC_3536858,0,0.061326288,held_fold
ISIC_3537768,0,0.02005104,held_fold
ISIC_3543244,0,0.029809138,held_fold
ISIC_3548927,0,0.4325347,held_fold
ISIC_3549384,0,0.008365143,held_fold
ISIC_3549984,0,0.02737977,held_fold
ISIC_3550939,0,0.023013001,held_fold
ISIC_3552245,0,0.10786349,held_fold
ISIC_3556190,0,0.42071232,held_fold
ISIC_3556200,0,0.011007578,held_fold
ISIC_3556980,0,0.007032663,held_fold
ISIC_3558634,0,0.03921851,held_fold
ISIC_3559222,0,0.023534298,held_fold
ISIC_3560466,0,0.27786237,held_fold
ISIC_3561065,1,0.24873064,held_fold
ISIC_3561857,0,0.0061404663,held_fold
ISIC_3563234,0,0.07653732,held_fold
ISIC_3564263,0,0.031070605,held_fold
ISIC_3564897,0,0.16115466,held_fold
ISIC_3567352,0,0.066571675,held_fold
ISIC_3569794,0,0.030176308,held_fold
ISIC_3571523,0,0.010132234,held_fold
ISIC_3575777,0,0.13052814,held_fold
ISIC_3578186,0,0.070394166,held_fold
ISIC_3579477,0,0.0042958087,held_fold
ISIC_3579853,0,0.047000106,held_fold
ISIC_3586480,0,0.033562686,held_fold
ISIC_3586824,0,0.07663055,held_fold
ISIC_3590167,1,0.21523887,held_fold
ISIC_3592731,0,0.07462554,held_fold
ISIC_3593240,0,0.016103268,held_fold
ISIC_3593382,0,0.037360717,held_fold
ISIC_3593988,0,0.021429773,held_fold
ISIC_3594764,0,0.014427735,held_fold
ISIC_3594774,0,0.0786116,held_fold
ISIC_3595825,0,0.107440956,held_fold
ISIC_3595918,0,0.005336056,held_fold
ISIC_3596219,0,0.030060185,held_fold
ISIC_3597277,0,0.044105235,held_fold
ISIC_3597812,0,0.01774263,held_fold
ISIC_3597870,0,0.37298006,held_fold
ISIC_3598604,0,0.052548904,held_fold
ISIC_3599489,0,0.034626096,held_fold
ISIC_3599724,0,0.104934216,held_fold
ISIC_3601052,0,0.05255913,held_fold
ISIC_3601493,0,0.13199776,held_fold
ISIC_3603228,0,0.008531345,held_fold
ISIC_3603704,0,0.014889436,held_fold
ISIC_3604100,0,0.0064672795,held_fold
ISIC_3604975,0,0.014796213,held_fold
ISIC_3608670,0,0.27319688,held_fold
ISIC_3609265,0,0.16259535,held_fold
ISIC_3609379,0,0.097991236,held_fold
ISIC_3613012,0,0.0074122874,held_fold
ISIC_3621887,0,0.11509094,held_fold
ISIC_3622949,0,0.46370444,held_fold
ISIC_3623868,0,0.071539745,held_fold
ISIC_3624069,0,0.02465571,held_fold
ISIC_3627732,0,0.0628359,held_fold
ISIC_3628451,0,0.32405293,held_fold
ISIC_3628831,0,0.15222405,held_fold
ISIC_3631165,0,0.006233294,held_fold
ISIC_3633227,0,0.0019391534,held_fold
ISIC_3633306,0,0.07382795,held_fold
ISIC_3633436,0,0.0074335216,held_fold
ISIC_3633707,0,0.4143372,held_fold
ISIC_3635014,0,0.011707539,held_fold
ISIC_3635280,0,0.036019728,held_fold
ISIC_3642011,0,0.01827021,held_fold
ISIC_3646670,0,0.014180508,held_fold
ISIC_3649632,0,0.015988443,held_fold
ISIC_3650533,0,0.03164355,held_fold
ISIC_3651451,0,0.009163594,held_fold
ISIC_3652884,0,0.0047861054,held_fold
ISIC_3653733,0,0.07496416,held_fold
ISIC_3657135,0,0.06623985,held_fold
ISIC_3657386,0,0.012325868,held_fold
ISIC_3658449,0,0.051020168,held_fold
ISIC_3659906,0,0.0023753445,held_fold
ISIC_3662678,0,0.013920708,held_fold
ISIC_3665298,0,0.010826397,held_fold
ISIC_3669736,0,0.052612107,held_fold
ISIC_3670261,0,0.17264327,held_fold
ISIC_3671169,0,0.06800706,held_fold
ISIC_3671274,0,0.09332624,held_fold
ISIC_3673517,0,0.32046378,held_fold
ISIC_3678586,0,0.13504677,held_fold
ISIC_3678595,0,0.056244306,held_fold
ISIC_3682700,0,0.002969146,held_fold
ISIC_3686179,0,0.53352606,held_fold
ISIC_3686815,0,0.021561755,held_fold
ISIC_3687263,0,0.008029943,held_fold
ISIC_3688362,0,0.06320258,held_fold
ISIC_3688410,0,0.09532929,held_fold
ISIC_3691714,0,0.09786431,held_fold
ISIC_3692092,0,0.0976758,held_fold
ISIC_3692753,0,0.0064413794,held_fold
ISIC_3692776,0,0.067606,held_fold
ISIC_3692952,0,0.06863662,held_fold
ISIC_3693018,0,0.0025330032,held_fold
ISIC_3693367,0,0.058284353,held_fold
ISIC_3693934,0,0.0062300754,held_fold
ISIC_3694619,0,0.16385612,held_fold
ISIC_3695635,0,0.044760235,held_fold
ISIC_3700360,0,0.4593388,held_fold
ISIC_3700928,0,0.32344803,held_fold
ISIC_3701887,0,0.004064312,held_fold
ISIC_3702454,0,0.011253885,held_fold
ISIC_3702724,0,0.28266025,held_fold
ISIC_3706973,0,0.08266818,held_fold
ISIC_3709724,0,0.14085352,held_fold
ISIC_3716384,0,0.06557951,held_fold
ISIC_3716504,0,0.057064068,held_fold
ISIC_3717769,0,0.18009885,held_fold
ISIC_3720117,0,0.0020269358,held_fold
ISIC_3721600,0,0.025334409,held_fold
ISIC_3723065,0,0.018931936,held_fold
ISIC_3724089,0,0.10127264,held_fold
ISIC_3724491,0,0.13472082,held_fold
ISIC_3727856,0,0.013055902,held_fold
ISIC_3729749,0,0.00849903,held_fold
ISIC_3729849,0,0.008899364,held_fold
ISIC_3730507,0,0.5375628,held_fold
ISIC_3734724,0,0.16338871,held_fold
ISIC_3734966,0,0.33843493,held_fold
ISIC_3735143,0,0.0021267051,held_fold
ISIC_3737739,0,0.08333696,held_fold
ISIC_3738157,0,0.076189026,held_fold
ISIC_3740449,0,0.0024171658,held_fold
ISIC_3740798,0,0.24029899,held_fold
ISIC_3742028,0,0.040605035,held_fold
ISIC_3742633,0,0.010752074,held_fold
ISIC_3746471,0,0.016943045,held_fold
ISIC_3746922,0,0.01692782,held_fold
ISIC_3747575,0,0.0077983807,held_fold
ISIC_3749320,0,0.017979179,held_fold
ISIC_3753216,0,0.08726639,held_fold
ISIC_3754247,0,0.09624724,held_fold
ISIC_3754466,0,0.003960026,held_fold
ISIC_3757400,0,0.04765352,held_fold
ISIC_3760018,0,0.13895464,held_fold
ISIC_3760156,0,0.73677933,held_fold
ISIC_3760796,0,0.36036065,held_fold
ISIC_3761071,0,0.025985656,held_fold
ISIC_3762459,0,0.004023554,held_fold
ISIC_3768097,0,0.018530892,held_fold
ISIC_3769071,0,0.054487355,held_fold
ISIC_3770380,0,0.006468664,held_fold
ISIC_3772941,0,0.032799628,held_fold
ISIC_3777026,0,0.006232591,held_fold
ISIC_3779093,0,0.003729255,held_fold
ISIC_3779424,0,0.004155995,held_fold
ISIC_3782451,0,0.0080949245,held_fold
ISIC_3783241,0,0.28245714,held_fold
ISIC_3783898,0,0.22604951,held_fold
ISIC_3784838,0,0.040130988,held_fold
ISIC_3786438,0,0.031049004,held_fold
ISIC_3789405,0,0.025639297,held_fold
ISIC_3791435,0,0.070053466,held_fold
ISIC_3796594,0,0.013249983,held_fold
ISIC_3797073,0,0.0117599685,held_fold
ISIC_3797573,0,0.19240913,held_fold
ISIC_3800435,0,0.005848408,held_fold
ISIC_3800470,0,0.012231604,held_fold
ISIC_3807708,0,0.21379082,held_fold
ISIC_3808007,0,0.07560223,held_fold
ISIC_3809013,0,0.009662986,held_fold
ISIC_3810274,0,0.20403278,held_fold
ISIC_3814474,0,0.060941618,held_fold
ISIC_3814807,0,0.012635254,held_fold
ISIC_3816423,0,0.099426016,held_fold
ISIC_3817719,1,0.3546515,held_fold
ISIC_3820232,0,0.14413889,held_fold
ISIC_3820533,0,0.06212036,held_fold
ISIC_3821242,1,0.12909955,held_fold
ISIC_3824206,1,0.20213063,held_fold
ISIC_3825762,0,0.03247927,held_fold
ISIC_3826602,0,0.015987603,held_fold
ISIC_3828561,0,0.19086646,held_fold
ISIC_3830701,0,0.026863912,held_fold
ISIC_3831858,0,0.37255177,held_fold
ISIC_3832462,0,0.6381589,held_fold
ISIC_3833013,0,0.29380143,held_fold
ISIC_3834379,0,0.019117218,held_fold
ISIC_3835100,0,0.011711457,held_fold
ISIC_3836174,0,0.3605469,held_fold
ISIC_3844080,0,0.0025386226,held_fold
ISIC_3844151,0,0.006440516,held_fold
ISIC_3844983,0,0.0078638345,held_fold
ISIC_3846648,0,0.08054448,held_fold
ISIC_3846727,0,0.04841392,held_fold
ISIC_3849316,0,0.01525609,held_fold
ISIC_3852802,0,0.049546707,held_fold
ISIC_3856233,0,0.07653267,held_fold
ISIC_3856926,0,0.008913611,held_fold
ISIC_3858113,0,0.0073824115,held_fold
ISIC_3858798,0,0.014559183,held_fold
ISIC_3859068,0,0.23586059,held_fold
ISIC_3863610,0,0.008352943,held_fold
ISIC_3864842,0,0.007022032,held_fold
ISIC_3865993,0,0.08520366,held_fold
ISIC_3866054,0,0.10736201,held_fold
ISIC_3866641,0,0.0067746327,held_fold
ISIC_3866946,0,0.013858682,held_fold
ISIC_3871230,0,0.054842822,held_fold
ISIC_3871414,0,0.504514,held_fold
ISIC_3871468,0,0.32500228,held_fold
ISIC_3872019,0,0.18085839,held_fold
ISIC_3877974,0,0.00097630854,held_fold
ISIC_3878213,0,0.33144575,held_fold
ISIC_3880459,0,0.010965321,held_fold
ISIC_3881573,0,0.04593737,held_fold
ISIC_3882374,0,0.021157544,held_fold
ISIC_3882400,0,0.0043778513,held_fold
ISIC_3884285,0,0.0053921677,held_fold
ISIC_3884719,0,0.21338178,held_fold
ISIC_3887465,0,0.11726285,held_fold
ISIC_3888054,0,0.0068283128,held_fold
ISIC_3888070,0,0.0059695765,held_fold
ISIC_3888550,0,0.019785598,held_fold
ISIC_3888713,0,0.05035374,held_fold
ISIC_3892185,0,0.040192224,held_fold
ISIC_3894224,0,0.17940749,held_fold
ISIC_3906303,0,0.0420684,held_fold
ISIC_3911901,0,0.26292527,held_fold
ISIC_3913561,0,0.03526709,held_fold
ISIC_3915289,0,0.039947864,held_fold
ISIC_3916565,0,0.300793,held_fold
ISIC_3919752,0,0.004518887,held_fold
ISIC_3931132,0,0.072118714,held_fold
ISIC_3933658,0,0.012277629,held_fold
ISIC_3942947,0,0.044802926,held_fold
ISIC_3945469,0,0.018818017,held_fold
ISIC_3945984,0,0.07360866,held_fold
ISIC_3946914,0,0.0922326,held_fold
ISIC_3948041,0,0.02856118,held_fold
ISIC_3948221,0,0.024715576,held_fold
ISIC_3948344,0,0.035461098,held_fold
ISIC_3950408,0,0.012726045,held_fold
ISIC_3950474,0,0.15680614,held_fold
ISIC_3950753,0,0.006993761,held_fold
ISIC_3951677,0,0.4348559,held_fold
ISIC_3951907,0,0.20123205,held_fold
ISIC_3952030,0,0.115947865,held_fold
ISIC_3952709,0,0.03207718,held_fold
ISIC_3956335,0,0.024955675,held_fold
ISIC_3956570,0,0.08046963,held_fold
ISIC_3957475,0,0.027251912,held_fold
ISIC_3958111,0,0.010889779,held_fold
ISIC_3959262,0,0.020856012,held_fold
ISIC_3959888,0,0.25014776,held_fold
ISIC_3961101,0,0.034950703,held_fold
ISIC_3963183,1,0.55330986,held_fold
ISIC_3965872,0,0.027016457,held_fold
ISIC_3966717,0,0.16395321,held_fold
ISIC_3971712,0,0.0036780036,held_fold
ISIC_3971920,0,0.048625156,held_fold
ISIC_3972249,0,0.6319692,held_fold
ISIC_3972569,0,0.022883922,held_fold
ISIC_3975133,0,0.1149512,held_fold
ISIC_3975143,0,0.2649256,held_fold
ISIC_3975294,0,0.019911176,held_fold
ISIC_3975427,0,0.03251722,held_fold
ISIC_3975743,0,0.04771183,held_fold
ISIC_3976718,0,0.014102868,held_fold
ISIC_3978040,0,0.115861855,held_fold
ISIC_3978732,0,0.013133997,held_fold
ISIC_3979323,0,0.09304408,held_fold
ISIC_3981900,0,0.0066961576,held_fold
ISIC_3985273,0,0.026143458,held_fold
ISIC_3990092,0,0.08674356,held_fold
ISIC_3990124,0,0.25700888,held_fold
ISIC_3992201,0,0.20943397,held_fold
ISIC_3997331,0,0.09214732,held_fold
ISIC_3998204,0,0.116800964,held_fold
ISIC_3998579,0,0.10881731,held_fold
ISIC_4003877,0,0.15757336,held_fold
ISIC_4015361,0,0.007804814,held_fold
ISIC_4015764,0,0.022868441,held_fold
ISIC_4022642,0,0.27558136,held_fold
ISIC_4024333,0,0.040443484,held_fold
ISIC_4026943,0,0.06364346,held_fold
ISIC_4032638,0,0.012027551,held_fold
ISIC_4039290,0,0.17072265,held_fold
ISIC_4042947,0,0.15126888,held_fold
ISIC_4043580,0,0.061604492,held_fold
ISIC_4045231,0,0.038004912,held_fold
ISIC_4046045,0,0.060816333,held_fold
ISIC_4047707,0,0.10186958,held_fold
ISIC_4048449,0,0.010935358,held_fold
ISIC_4048509,0,0.00716054,held_fold
ISIC_4049598,0,0.089982666,held_fold
ISIC_4049855,0,0.02708942,held_fold
ISIC_4050422,0,0.005937024,held_fold
ISIC_4052597,0,0.35084257,held_fold
ISIC_4052659,0,0.054345418,held_fold
ISIC_4053220,0,0.007549342,held_fold
ISIC_4056017,0,0.051723298,held_fold
ISIC_4056158,0,0.0053443555,held_fold
ISIC_4057501,0,0.012439609,held_fold
ISIC_4057921,0,0.015186047,held_fold
ISIC_4063097,0,0.05166242,held_fold
ISIC_4063390,0,0.10403171,held_fold
ISIC_4064041,0,0.018961048,held_fold
ISIC_4065034,0,0.0339917,held_fold
ISIC_4065779,0,0.13192269,held_fold
ISIC_4066013,0,0.032392908,held_fold
ISIC_4066094,0,0.1575221,held_fold
ISIC_4066314,0,0.20665216,held_fold
ISIC_4071099,0,0.044787116,held_fold
ISIC_4072073,0,0.007797056,held_fold
ISIC_4074537,0,0.0075718467,held_fold
ISIC_4076162,0,0.05797878,held_fold
ISIC_4077664,0,0.022122003,held_fold
ISIC_4082318,0,0.24866249,held_fold
ISIC_4082515,0,0.053248394,held_fold
ISIC_4084359,0,0.0031670083,held_fold
ISIC_4084878,0,0.075231336,held_fold
ISIC_4086323,0,0.16142339,held_fold
ISIC_4086529,0,0.042846248,held_fold
ISIC_4090161,0,0.025815893,held_fold
ISIC_4090811,0,0.00798679,held_fold
ISIC_4092249,0,0.3074599,held_fold
ISIC_4092478,0,0.082077235,held_fold
ISIC_4093484,0,0.01147004,held_fold
ISIC_4094763,0,0.049089115,held_fold
ISIC_4095559,0,0.3886423,held_fold
ISIC_4098925,0,0.3584261,held_fold
ISIC_4099428,0,0.07056935,held_fold
ISIC_4100970,0,0.0043404587,held_fold
ISIC_4102250,0,0.02266037,held_fold
ISIC_4103653,0,0.005239105,held_fold
ISIC_4104378,0,0.17024824,held_fold
ISIC_4109725,0,0.43755344,held_fold
ISIC_4110997,0,0.04542076,held_fold
ISIC_4112392,0,0.04396244,held_fold
ISIC_4112409,0,0.053605843,held_fold
ISIC_4113246,0,0.0114233345,held_fold
ISIC_4116553,0,0.2582471,held_fold
ISIC_4118525,0,0.13541545,held_fold
ISIC_4120704,0,0.18962608,held_fold
ISIC_4123007,0,0.02191982,held_fold
ISIC_4124060,0,0.02123949,held_fold
ISIC_4127016,0,0.010298041,held_fold
ISIC_4127065,0,0.06503311,held_fold
ISIC_4129321,0,0.1780883,held_fold
ISIC_4129443,0,0.08296151,held_fold
ISIC_4129493,0,0.0347876,held_fold
ISIC_4135058,0,0.01493785,held_fold
ISIC_4136663,0,0.013649213,held_fold
ISIC_4137198,0,0.44395834,held_fold
ISIC_4140008,0,0.007938951,held_fold
ISIC_4141898,0,0.006899511,held_fold
ISIC_4142019,0,0.008201482,held_fold
ISIC_4143831,0,0.47794676,held_fold
ISIC_4145671,0,0.18558569,held_fold
ISIC_4147166,0,0.15623726,held_fold
ISIC_4147328,0,0.03307862,held_fold
ISIC_4150885,0,0.008760154,held_fold
ISIC_4152689,0,0.043427955,held_fold
ISIC_4155471,0,0.046284292,held_fold
ISIC_4156010,0,0.023568582,held_fold
ISIC_4157955,0,0.13091338,held_fold
ISIC_4158555,0,0.084919326,held_fold
ISIC_4159272,0,0.013299204,held_fold
ISIC_4160773,0,0.43888018,held_fold
ISIC_4163930,0,0.0061539724,held_fold
ISIC_4164955,0,0.26303905,held_fold
ISIC_4166364,0,0.026233042,held_fold
ISIC_4167053,0,0.08510102,held_fold
ISIC_4170698,1,0.17672372,held_fold
ISIC_4172470,0,0.018639993,held_fold
ISIC_4174479,0,0.0102812005,held_fold
ISIC_4174614,0,0.14224787,held_fold
ISIC_4174983,0,0.046857975,held_fold
ISIC_4181595,0,0.04564142,held_fold
ISIC_4181628,0,0.22900738,held_fold
ISIC_4187393,0,0.13189416,held_fold
ISIC_4187485,0,0.25948483,held_fold
ISIC_4190595,0,0.021171868,held_fold
ISIC_4190900,0,0.22668326,held_fold
ISIC_4191094,0,0.30151865,held_fold
ISIC_4191215,0,0.030210918,held_fold
ISIC_4191363,0,0.04577037,held_fold
ISIC_4192383,0,0.049804367,held_fold
ISIC_4195837,0,0.0074084573,held_fold
ISIC_4196596,0,0.008343318,held_fold
ISIC_4200081,0,0.024599029,held_fold
ISIC_4205242,0,0.39754537,held_fold
ISIC_4209411,0,0.001235419,held_fold
ISIC_4210857,0,0.024749989,held_fold
ISIC_4211868,0,0.009340637,held_fold
ISIC_4212259,0,0.012255732,held_fold
ISIC_4216169,0,0.047297876,held_fold
ISIC_4220279,0,0.42803475,held_fold
ISIC_4220326,0,0.005225303,held_fold
ISIC_4222616,0,0.025378287,held_fold
ISIC_4223575,0,0.21005604,held_fold
ISIC_4227209,0,0.0038693321,held_fold
ISIC_4227377,0,0.037113957,held_fold
ISIC_4228971,0,0.029342672,held_fold
ISIC_4231346,0,0.030973386,held_fold
ISIC_4232172,0,0.03343918,held_fold
ISIC_4237064,0,0.0070025884,held_fold
ISIC_4237725,0,0.006491104,held_fold
ISIC_4241286,0,0.16336615,held_fold
ISIC_4243470,0,0.111197114,held_fold
ISIC_4243801,0,0.014306423,held_fold
ISIC_4245634,0,0.1614029,held_fold
ISIC_4247917,0,0.5519184,held_fold
ISIC_4248187,0,0.004715788,held_fold
ISIC_4249243,0,0.008217785,held_fold
ISIC_4253348,0,0.015458967,held_fold
ISIC_4254687,0,0.0128342565,held_fold
ISIC_4255013,0,0.019053757,held_fold
ISIC_4257634,0,0.04923897,held_fold
ISIC_4259290,0,0.32260147,held_fold
ISIC_4262670,0,0.0049575386,held_fold
ISIC_4264422,0,0.015603059,held_fold
ISIC_4265307,0,0.22108305,held_fold
ISIC_4266533,1,0.11277327,held_fold
ISIC_4270163,0,0.012560536,held_fold
ISIC_4271110,0,0.012469731,held_fold
ISIC_4277163,0,0.0032756296,held_fold
ISIC_4281745,0,0.4373356,held_fold
ISIC_4282783,0,0.03149342,held_fold
ISIC_4285297,0,0.1294213,held_fold
ISIC_4287463,0,0.008087845,held_fold
ISIC_4288709,0,0.016097918,held_fold
ISIC_4289345,0,0.03938263,held_fold
ISIC_4289906,0,0.010034273,held_fold
ISIC_4294705,0,0.0021052293,held_fold
ISIC_4300983,0,0.08139953,held_fold
ISIC_4301050,0,0.15833394,held_fold
ISIC_4301302,0,0.02092907,held_fold
ISIC_4301919,0,0.030510014,held_fold
ISIC_4303228,0,0.026645876,held_fold
ISIC_4304068,0,0.050216854,held_fold
ISIC_4309183,0,0.006456879,held_fold
ISIC_4310834,0,0.028477065,held_fold
ISIC_4311544,0,0.4729018,held_fold
ISIC_4311592,0,0.2831105,held_fold
ISIC_4312470,0,0.11869728,held_fold
ISIC_4312804,0,0.026554298,held_fold
ISIC_4314577,0,0.07977282,held_fold
ISIC_4316501,0,0.0267202,held_fold
ISIC_4319859,0,0.0039852764,held_fold
ISIC_4319945,0,0.01993691,held_fold
ISIC_4320200,0,0.0019459308,held_fold
ISIC_4321815,0,0.008447863,held_fold
ISIC_4322822,0,0.0049057524,held_fold
ISIC_4323160,0,0.051710952,held_fold
ISIC_4323391,0,0.0032742491,held_fold
ISIC_4325003,0,0.0019816565,held_fold
ISIC_4327046,0,0.29778266,held_fold
ISIC_4327358,0,0.013210509,held_fold
ISIC_4327535,0,0.0052167764,held_fold
ISIC_4329598,0,0.18927637,held_fold
ISIC_4330796,0,0.012293622,held_fold
ISIC_4331481,0,0.6101881,held_fold
ISIC_4331936,0,0.01050789,held_fold
ISIC_4332771,0,0.2834959,held_fold
ISIC_4335758,0,0.15185113,held_fold
ISIC_4336409,0,0.4269735,held_fold
ISIC_4338927,0,0.13647512,held_fold
ISIC_4340139,0,0.06201676,held_fold
ISIC_4340509,0,0.23193045,held_fold
ISIC_4341875,0,0.049382586,held_fold
ISIC_4342416,0,0.2339097,held_fold
ISIC_4343129,0,0.034967102,held_fold
ISIC_4343552,0,0.004673437,held_fold
ISIC_4343836,0,0.008835642,held_fold
ISIC_4344540,0,0.05197891,held_fold
ISIC_4345015,0,0.05876496,held_fold
ISIC_4347590,0,0.0036461568,held_fold
ISIC_4348896,0,0.04429865,held_fold
ISIC_4349418,0,0.06115739,held_fold
ISIC_4350924,0,0.048822824,held_fold
ISIC_4351077,0,0.12506212,held_fold
ISIC_4351248,0,0.1856508,held_fold
ISIC_4351814,0,0.08415743,held_fold
ISIC_4352700,0,0.6040675,held_fold
ISIC_4355518,0,0.13077472,held_fold
ISIC_4357596,0,0.39719823,held_fold
ISIC_4358017,0,0.017122217,held_fold
ISIC_4360127,0,0.045902252,held_fold
ISIC_4363398,0,0.006760325,held_fold
ISIC_4364788,0,0.0069131874,held_fold
ISIC_4365093,0,0.056633502,held_fold
ISIC_4366175,0,0.010177249,held_fold
ISIC_4366213,0,0.008400777,held_fold
ISIC_4369035,0,0.021350471,held_fold
ISIC_4369062,0,0.024583947,held_fold
ISIC_4373563,0,0.003373656,held_fold
ISIC_4375524,0,0.06454551,held_fold
ISIC_4377193,0,0.120540425,held_fold
ISIC_4378851,0,0.25780267,held_fold
ISIC_4379502,0,0.1619611,held_fold
ISIC_4380268,0,0.011786437,held_fold
ISIC_4381427,0,0.012150884,held_fold
ISIC_4389708,0,0.0027523492,held_fold
ISIC_4391894,0,0.13878885,held_fold
ISIC_4393704,0,0.02042601,held_fold
ISIC_4393733,0,0.23198836,held_fold
ISIC_4397068,0,0.0007715689,held_fold
ISIC_4397755,0,0.022573445,held_fold
ISIC_4400140,0,0.040711746,held_fold
ISIC_4404036,0,0.037556678,held_fold
ISIC_4405986,0,0.009565673,held_fold
ISIC_4409067,0,0.07329474,held_fold
ISIC_4410725,0,0.22925101,held_fold
ISIC_4412821,0,0.025921382,held_fold
ISIC_4415049,0,0.1407687,held_fold
ISIC_4417295,0,0.04013323,held_fold
ISIC_4419522,0,0.06186844,held_fold
ISIC_4419720,0,0.27434382,held_fold
ISIC_4420727,0,0.020035032,held_fold
ISIC_4420952,0,0.12418376,held_fold
ISIC_4422476,0,0.05250756,held_fold
ISIC_4422580,0,0.02713635,held_fold
ISIC_4425604,0,0.010863549,held_fold
ISIC_4428649,0,0.0062762043,held_fold
ISIC_4428769,0,0.16500404,held_fold
ISIC_4431715,0,0.04557356,held_fold
ISIC_4434221,0,0.04154417,held_fold
ISIC_4435262,0,0.09449859,held_fold
ISIC_4436649,0,0.11442492,held_fold
ISIC_4438311,0,0.1427777,held_fold
ISIC_4439054,1,0.5313151,held_fold
ISIC_4441648,0,0.16701128,held_fold
ISIC_4442506,0,0.16272475,held_fold
ISIC_4445501,0,0.23657514,held_fold
ISIC_4448257,0,0.0331851,held_fold
ISIC_4448341,0,0.09062915,held_fold
ISIC_4451735,0,0.048783343,held_fold
ISIC_4457552,0,0.027144514,held_fold
ISIC_4459125,0,0.0052981316,held_fold
ISIC_4462476,0,0.28190497,held_fold
ISIC_4462621,0,0.1381299,held_fold
ISIC_4464311,0,0.093338385,held_fold
ISIC_4464702,0,0.01440898,held_fold
ISIC_4468474,0,0.07321633,held_fold
ISIC_4470574,0,0.010328465,held_fold
ISIC_4473124,0,0.016964756,held_fold
ISIC_4474170,0,0.036615342,held_fold
ISIC_4474341,0,0.0206832,held_fold
ISIC_4474899,0,0.046190366,held_fold
ISIC_4477916,0,0.010904951,held_fold
ISIC_4478276,0,0.29803082,held_fold
ISIC_4481362,0,0.020590032,held_fold
ISIC_4481684,0,0.16486467,held_fold
ISIC_4485854,0,0.039489146,held_fold
ISIC_4487036,0,0.026794966,held_fold
ISIC_4487743,0,0.061095133,held_fold
ISIC_4488579,0,0.03159557,held_fold
ISIC_4494516,0,0.009045868,held_fold
ISIC_4495092,0,0.023672175,held_fold
ISIC_4496665,0,0.011366933,held_fold
ISIC_4497373,0,0.1538993,held_fold
ISIC_4500503,0,0.15073764,held_fold
ISIC_4501838,0,0.050858296,held_fold
ISIC_4502420,0,0.08164202,held_fold
ISIC_4505178,0,0.23233774,held_fold
ISIC_4508878,1,0.5164883,held_fold
ISIC_4509525,0,0.010068819,held_fold
ISIC_4510342,0,0.016033294,held_fold
ISIC_4513934,0,0.003440956,held_fold
ISIC_4516137,0,0.017517721,held_fold
ISIC_4516437,0,0.013194872,held_fold
ISIC_4516835,0,0.21222326,held_fold
ISIC_4517595,0,0.4093092,held_fold
ISIC_4517738,1,0.20397757,held_fold
ISIC_4518003,0,0.032007508,held_fold
ISIC_4518384,0,0.4544267,held_fold
ISIC_4520704,0,0.33932313,held_fold
ISIC_4521482,0,0.045143135,held_fold
ISIC_4523565,0,0.03565732,held_fold
ISIC_4523750,0,0.06645874,held_fold
ISIC_4524900,0,0.06460208,held_fold
ISIC_4525463,0,0.02747101,held_fold
ISIC_4525721,0,0.03357633,held_fold
ISIC_4527661,0,0.0023365237,held_fold
ISIC_4528140,0,0.004059667,held_fold
ISIC_4529168,0,0.041513536,held_fold
ISIC_4530249,0,0.06977021,held_fold
ISIC_4530871,0,0.00543291,held_fold
ISIC_4531585,0,0.06162019,held_fold
ISIC_4532667,0,0.013331688,held_fold
ISIC_4533487,0,0.0053005493,held_fold
ISIC_4535125,0,0.011304098,held_fold
ISIC_4536154,0,0.012859783,held_fold
ISIC_4536635,0,0.063184485,held_fold
ISIC_4536982,0,0.023383943,held_fold
ISIC_4538661,0,0.008461391,held_fold
ISIC_4539674,0,0.043233868,held_fold
ISIC_4543944,0,0.15438749,held_fold
ISIC_4545112,0,0.27933723,held_fold
ISIC_4547141,0,0.104488775,held_fold
ISIC_4549059,0,0.07869408,held_fold
ISIC_4551082,0,0.16643497,held_fold
ISIC_4553390,0,0.02448832,held_fold
ISIC_4559397,0,0.39338148,held_fold
ISIC_4560585,0,0.35378653,held_fold
ISIC_4561874,0,0.086142465,held_fold
ISIC_4567730,0,0.013379932,held_fold
ISIC_4568022,0,0.029586991,held_fold
ISIC_4568565,0,0.061146136,held_fold
ISIC_4570724,0,0.029027168,held_fold
ISIC_4571687,0,0.026878878,held_fold
ISIC_4573256,0,0.5688692,held_fold
ISIC_4576725,0,0.04199968,held_fold
ISIC_4577414,0,0.03807608,held_fold
ISIC_4578194,0,0.012655426,held_fold
ISIC_4580458,0,0.008858848,held_fold
ISIC_4580926,0,0.0059978417,held_fold
ISIC_4582670,0,0.0994541,held_fold
ISIC_4583929,0,0.011132408,held_fold
ISIC_4584265,1,0.11255332,held_fold
ISIC_4584794,0,0.41855884,held_fold
ISIC_4588129,0,0.0049282573,held_fold
ISIC_4589123,0,0.00783989,held_fold
ISIC_4589609,0,0.1367529,held_fold
ISIC_4591316,0,0.040383738,held_fold
ISIC_4594982,0,0.095768236,held_fold
ISIC_4595856,0,0.02437075,held_fold
ISIC_4600505,0,0.018961025,held_fold
ISIC_4600831,0,0.09052423,held_fold
ISIC_4601297,0,0.019300286,held_fold
ISIC_4601757,0,0.010872561,held_fold
ISIC_4603706,0,0.06797222,held_fold
ISIC_4603987,0,0.026495147,held_fold
ISIC_4606646,0,0.006456533,held_fold
ISIC_4607215,0,0.010530999,held_fold
ISIC_4608846,0,0.044257328,held_fold
ISIC_4610868,0,0.023642585,held_fold
ISIC_4612180,0,0.005811559,held_fold
ISIC_4620053,0,0.11557027,held_fold
ISIC_4622069,0,0.006942776,held_fold
ISIC_4622159,0,0.09160103,held_fold
ISIC_4623037,0,0.0050775623,held_fold
ISIC_4626633,0,0.013889944,held_fold
ISIC_4631698,0,0.13313574,held_fold
ISIC_4635765,0,0.13382238,held_fold
ISIC_4637454,0,0.021052293,held_fold
ISIC_4639468,0,0.006918974,held_fold
ISIC_4641968,0,0.0141969295,held_fold
ISIC_4644299,0,0.021765491,held_fold
ISIC_4645788,0,0.13315131,held_fold
ISIC_4645995,0,0.38131395,held_fold
ISIC_4646413,0,0.22347128,held_fold
ISIC_4647349,0,0.1819378,held_fold
ISIC_4653073,0,0.23144029,held_fold
ISIC_4654965,0,0.026118094,held_fold
ISIC_4656184,0,0.012313446,held_fold
ISIC_4657078,0,0.07127207,held_fold
ISIC_4658144,0,0.19803515,held_fold
ISIC_4663008,0,0.020205012,held_fold
ISIC_4667223,0,0.022157025,held_fold
ISIC_4669149,0,0.08498512,held_fold
ISIC_4669803,0,0.027559673,held_fold
ISIC_4670089,0,0.14086936,held_fold
ISIC_4671039,0,0.025912378,held_fold
ISIC_4671324,0,0.04829324,held_fold
ISIC_4675065,0,0.23590499,held_fold
ISIC_4675269,0,0.0653472,held_fold
ISIC_4679605,0,0.09016895,held_fold
ISIC_4682498,0,0.025158992,held_fold
ISIC_4684100,0,0.06893484,held_fold
ISIC_4686274,0,0.06589944,held_fold
ISIC_4686662,0,0.036717884,held_fold
ISIC_4686690,0,0.00988884,held_fold
ISIC_4687418,0,0.012070117,held_fold
ISIC_4690030,0,0.02637864,held_fold
ISIC_4692454,0,0.30097237,held_fold
ISIC_4695396,0,0.0069691227,held_fold
ISIC_4695702,0,0.5462631,held_fold
ISIC_4695815,0,0.0113120675,held_fold
ISIC_4696783,0,0.47397217,held_fold
ISIC_4700970,0,0.054665532,held_fold
ISIC_4701889,0,0.017738344,held_fold
ISIC_4705662,0,0.026287887,held_fold
ISIC_4709512,0,0.12551218,held_fold
ISIC_4710645,0,0.019863617,held_fold
ISIC_4715366,0,0.06748688,held_fold
ISIC_4718313,0,0.0075429133,held_fold
ISIC_4719895,0,0.001272867,held_fold
ISIC_4721434,0,0.09277405,held_fold
ISIC_4722119,0,0.007983843,held_fold
ISIC_4723603,0,0.57584965,held_fold
ISIC_4725089,0,0.079804614,held_fold
ISIC_4732584,0,0.026782347,held_fold
ISIC_4735106,0,0.538057,held_fold
ISIC_4737689,0,0.010870181,held_fold
ISIC_4738525,0,0.0480322,held_fold
ISIC_4740278,0,0.011270126,held_fold
ISIC_4745004,0,0.024333417,held_fold
ISIC_4745037,0,0.7080758,held_fold
ISIC_4745658,0,0.005327261,held_fold
ISIC_4746361,0,0.05967681,held_fold
ISIC_4747355,0,0.11577919,held_fold
ISIC_4748031,0,0.016423995,held_fold
ISIC_4748977,0,0.0038936369,held_fold
ISIC_4749005,0,0.0043628993,held_fold
ISIC_4751140,0,0.3847223,held_fold
ISIC_4752151,0,0.00680945,held_fold
ISIC_4755931,0,0.3177757,held_fold
ISIC_4756595,0,0.50533867,held_fold
ISIC_4758961,0,0.1968273,held_fold
ISIC_4761075,0,0.0023848824,held_fold
ISIC_4762598,0,0.042520728,held_fold
ISIC_4763007,0,0.18424523,held_fold
ISIC_4765023,0,0.029517679,held_fold
ISIC_4766046,0,0.016591668,held_fold
ISIC_4771769,0,0.012008154,held_fold
ISIC_4775964,0,0.0030638583,held_fold
ISIC_4776213,0,0.10407624,held_fold
ISIC_4781927,0,0.026165927,held_fold
ISIC_4782134,0,0.26996684,held_fold
ISIC_4785487,0,0.03398804,held_fold
ISIC_4788195,0,0.043455366,held_fold
ISIC_4788652,0,0.014912919,held_fold
ISIC_4789784,0,0.022498291,held_fold
ISIC_4790259,0,0.07161693,held_fold
ISIC_4791461,0,0.05034263,held_fold
ISIC_4791893,0,0.11271247,held_fold
ISIC_4792338,0,0.076637775,held_fold
ISIC_4794573,0,0.02552604,held_fold
ISIC_4794860,0,0.40122083,held_fold
ISIC_4800695,0,0.030431338,held_fold
ISIC_4801737,0,0.0068029133,held_fold
ISIC_4803755,0,0.04635309,held_fold
ISIC_4808108,0,0.121267155,held_fold
ISIC_4811593,0,0.1434393,held_fold
ISIC_4813932,0,0.18598776,held_fold
ISIC_4817121,0,0.43691376,held_fold
ISIC_4818460,0,0.012262765,held_fold
ISIC_4820993,0,0.01064381,held_fold
ISIC_4821309,0,0.004649195,held_fold
ISIC_4827825,0,0.1777161,held_fold
ISIC_4828265,0,0.009938018,held_fold
ISIC_4828943,0,0.3001926,held_fold
ISIC_4833737,0,0.0077621476,held_fold
ISIC_4837536,0,0.004568355,held_fold
ISIC_4839421,0,0.1802702,held_fold
ISIC_4840686,0,0.04615958,held_fold
ISIC_4845540,0,0.026319848,held_fold
ISIC_4846741,0,0.24555849,held_fold
ISIC_4847584,0,0.0042784684,held_fold
ISIC_4848986,0,0.18101053,held_fold
ISIC_4850844,0,0.00041690184,held_fold
ISIC_4851437,0,0.28566292,held_fold
ISIC_4851979,0,0.043014087,held_fold
ISIC_4854091,0,0.03850396,held_fold
ISIC_4855628,0,0.1701695,held_fold
ISIC_4856908,0,0.12854338,held_fold
ISIC_4857994,0,0.039494745,held_fold
ISIC_4860223,0,0.54369324,held_fold
ISIC_4863236,0,0.026952924,held_fold
ISIC_4863375,0,0.034567688,held_fold
ISIC_4866649,0,0.007421116,held_fold
ISIC_4869901,0,0.10740271,held_fold
ISIC_4870936,0,0.0067827194,held_fold
ISIC_4871936,0,0.31145725,held_fold
ISIC_4875370,0,0.13967235,held_fold
ISIC_4879144,0,0.007074016,held_fold
ISIC_4879187,0,0.09254237,held_fold
ISIC_4880652,0,0.082346655,held_fold
ISIC_4881109,0,0.44142663,held_fold
ISIC_4882333,0,0.053804703,held_fold
ISIC_4884712,0,0.040710043,held_fold
ISIC_4886493,0,0.010234425,held_fold
ISIC_4887874,0,0.44336522,held_fold
ISIC_4892083,0,0.0010786729,held_fold
ISIC_4894806,0,0.09335255,held_fold
ISIC_4897171,0,0.062297866,held_fold
ISIC_4897852,0,0.00525379,held_fold
ISIC_4900077,0,0.11161228,held_fold
ISIC_4900923,0,0.0066948766,held_fold
ISIC_4902829,0,0.014080941,held_fold
ISIC_4904317,0,0.020918071,held_fold
ISIC_4906026,0,0.057506755,held_fold
ISIC_4906385,0,0.15413041,held_fold
ISIC_4907595,0,0.1601193,held_fold
ISIC_4909154,0,0.012143829,held_fold
ISIC_4912127,0,0.025552042,held_fold
ISIC_4915889,0,0.07695828,held_fold
ISIC_4915897,0,0.014036493,held_fold
ISIC_4918571,0,0.017296502,held_fold
ISIC_4920166,0,0.061604884,held_fold
ISIC_4922965,0,0.7621347,held_fold
ISIC_4923457,0,0.011110115,held_fold
ISIC_4924365,0,0.033397336,held_fold
ISIC_4929865,0,0.0658578,held_fold
ISIC_4932000,0,0.17343242,held_fold
ISIC_4935711,0,0.028880328,held_fold
ISIC_4937725,0,0.16464722,held_fold
ISIC_4938376,0,0.0015088961,held_fold
ISIC_4938388,0,0.39355287,held_fold
ISIC_4938791,0,0.0067238393,held_fold
ISIC_4941125,0,0.001323734,held_fold
ISIC_4945233,0,0.011043912,held_fold
ISIC_4946006,0,0.028921109,held_fold
ISIC_4947778,0,0.405831,held_fold
ISIC_4948642,0,0.3883129,held_fold
ISIC_4950151,0,0.0069232094,held_fold
ISIC_4952040,0,0.06463704,held_fold
ISIC_4954282,0,0.082475245,held_fold
ISIC_4954719,0,0.011675483,held_fold
ISIC_4954740,0,0.17485985,held_fold
ISIC_4955740,0,0.07990499,held_fold
ISIC_4956352,0,0.10187451,held_fold
ISIC_4956965,0,0.097590856,held_fold
ISIC_4957730,0,0.0048150825,held_fold
ISIC_4958861,0,0.063756,held_fold
ISIC_4961292,0,0.26634064,held_fold
ISIC_4963410,0,0.0080699,held_fold
ISIC_4964644,0,0.018531354,held_fold
ISIC_4965160,0,0.08443138,held_fold
ISIC_4965526,0,0.03177499,held_fold
ISIC_4965850,0,0.017692482,held_fold
ISIC_4966496,0,0.19203857,held_fold
ISIC_4967639,0,0.08610034,held_fold
ISIC_4967755,0,0.033210672,held_fold
ISIC_4968536,0,0.13918632,held_fold
ISIC_4969660,0,0.008726655,held_fold
ISIC_4969996,0,0.022911366,held_fold
ISIC_4973809,0,0.005682492,held_fold
ISIC_4975848,0,0.0072045033,held_fold
ISIC_4975949,0,0.15753782,held_fold
ISIC_4976189,0,0.013407076,held_fold
ISIC_4977415,0,0.09895862,held_fold
ISIC_4978474,0,0.25154442,held_fold
ISIC_4978697,0,0.031843808,held_fold
ISIC_4979071,0,0.0058254497,held_fold
ISIC_4981135,0,0.0047796723,held_fold
ISIC_4983237,0,0.45898157,held_fold
ISIC_4986879,0,0.012075632,held_fold
ISIC_4994695,0,0.0775658,held_fold
ISIC_4996867,0,0.078195065,held_fold
ISIC_5000592,0,0.00684057,held_fold
ISIC_5002041,0,0.007530149,held_fold
ISIC_5005065,0,0.25990242,held_fold
ISIC_5005747,0,0.006094179,held_fold
ISIC_5006020,0,0.0038102618,held_fold
ISIC_5009935,0,0.031258672,held_fold
ISIC_5010197,0,0.038347542,held_fold
ISIC_5013376,0,0.023099748,held_fold
ISIC_5021038,0,0.006618612,held_fold
ISIC_5022555,0,0.016459668,held_fold
ISIC_5028203,0,0.01951755,held_fold
ISIC_5029146,0,0.033747133,held_fold
ISIC_5030416,0,0.01665066,held_fold
ISIC_5031549,0,0.050491627,held_fold
ISIC_5041059,0,0.019712452,held_fold
ISIC_5042497,0,0.01311382,held_fold
ISIC_5043429,0,0.093389116,held_fold
ISIC_5048571,0,0.017042818,held_fold
ISIC_5049137,0,0.008669905,held_fold
ISIC_5049365,0,0.08573269,held_fold
ISIC_5050669,0,0.032369263,held_fold
ISIC_5051449,0,0.07753055,held_fold
ISIC_5054877,0,0.26931906,held_fold
ISIC_5056768,0,0.0419819,held_fold
ISIC_5059195,0,0.13533436,held_fold
ISIC_5059375,0,0.2453715,held_fold
ISIC_5060252,0,0.008512453,held_fold
ISIC_5060576,0,0.29078516,held_fold
ISIC_5066448,0,0.037094187,held_fold
ISIC_5066548,0,0.34245536,held_fold
ISIC_5070849,0,0.067139074,held_fold
ISIC_5072761,0,0.002619103,held_fold
ISIC_5074228,0,0.13190849,held_fold
ISIC_5075202,0,0.13377827,held_fold
ISIC_5075261,0,0.09247554,held_fold
ISIC_5081644,0,0.012320888,held_fold
ISIC_5084175,0,0.039931946,held_fold
ISIC_5084661,0,0.020003974,held_fold
ISIC_5088967,0,0.012417861,held_fold
ISIC_5090146,0,0.032706175,held_fold
ISIC_5090739,0,0.30949867,held_fold
ISIC_5091950,0,0.2769964,held_fold
ISIC_5093799,0,0.022515869,held_fold
ISIC_5095848,0,0.01117332,held_fold
ISIC_5096227,0,0.014016149,held_fold
ISIC_5097785,0,0.022355499,held_fold
ISIC_5097807,0,0.022820665,held_fold
ISIC_5097947,0,0.09834674,held_fold
ISIC_5098492,0,0.025427816,held_fold
ISIC_5098663,0,0.044460278,held_fold
ISIC_5099193,0,0.15077308,held_fold
ISIC_5099324,0,0.003699726,held_fold
ISIC_5102846,0,0.02135247,held_fold
ISIC_5103657,0,0.025045332,held_fold
ISIC_5104921,0,0.27100545,held_fold
ISIC_5105824,0,0.18495718,held_fold
ISIC_5106239,0,0.07763794,held_fold
ISIC_5107195,0,0.0068363016,held_fold
ISIC_5108076,0,0.020218194,held_fold
ISIC_5108538,0,0.024690047,held_fold
ISIC_5110696,0,0.09492713,held_fold
ISIC_5112744,0,0.0060843755,held_fold
ISIC_5113530,0,0.02262833,held_fold
ISIC_5122091,0,0.00986303,held_fold
ISIC_5123813,0,0.10907239,held_fold
ISIC_5123979,0,0.80374753,held_fold
ISIC_5127944,0,0.029287592,held_fold
ISIC_5128793,0,0.13226515,held_fold
ISIC_5130558,0,0.009315485,held_fold
ISIC_5131914,0,0.0017359233,held_fold
ISIC_5132536,0,0.012797554,held_fold
ISIC_5135143,0,0.034570497,held_fold
ISIC_5135700,0,0.011986658,held_fold
ISIC_5136151,0,0.024668848,held_fold
ISIC_5136370,0,0.25370407,held_fold
ISIC_5137061,0,0.0046425443,held_fold
ISIC_5142275,0,0.43725502,held_fold
ISIC_5142479,0,0.010082987,held_fold
ISIC_5142496,0,0.031823024,held_fold
ISIC_5142743,0,0.05230565,held_fold
ISIC_5144373,0,0.02133372,held_fold
ISIC_5145347,0,0.10950839,held_fold
ISIC_5147263,0,0.031601522,held_fold
ISIC_5149397,0,0.14326389,held_fold
ISIC_5149730,0,0.004305545,held_fold
ISIC_5153075,0,0.027315844,held_fold
ISIC_5158305,0,0.07348301,held_fold
ISIC_5165522,0,0.01002197,held_fold
ISIC_5165620,0,0.022031037,held_fold
ISIC_5166636,0,0.18933773,held_fold
ISIC_5166956,0,0.10024912,held_fold
ISIC_5167001,0,0.005017352,held_fold
ISIC_5169434,0,0.15984976,held_fold
ISIC_5169967,0,0.047547508,held_fold
ISIC_5173486,0,0.038349688,held_fold
ISIC_5174617,0,0.047531918,held_fold
ISIC_5176105,0,0.03876543,held_fold
ISIC_5176419,0,0.04609219,held_fold
ISIC_5178216,0,0.018175991,held_fold
ISIC_5178977,0,0.028890753,held_fold
ISIC_5181340,0,0.024950426,held_fold
ISIC_5182725,0,0.06273849,held_fold
ISIC_5182820,0,0.23340346,held_fold
ISIC_5184722,0,0.07195992,held_fold
ISIC_5190920,0,0.1880571,held_fold
ISIC_5191344,1,0.51016146,held_fold
ISIC_5192527,0,0.010602424,held_fold
ISIC_5194331,0,0.3316226,held_fold
ISIC_5195381,0,0.51098406,held_fold
ISIC_5196781,0,0.02080224,held_fold
ISIC_5198439,0,0.014410964,held_fold
ISIC_5199342,0,0.10616183,held_fold
ISIC_5199497,0,0.014208159,held_fold
ISIC_5201151,0,0.30849192,held_fold
ISIC_5202074,0,0.13114832,held_fold
ISIC_5203137,0,0.11696515,held_fold
ISIC_5207136,0,0.0034610527,held_fold
ISIC_5208357,0,0.09360178,held_fold
ISIC_5208613,0,0.40606427,held_fold
ISIC_5209007,0,0.26591852,held_fold
ISIC_5210016,0,0.012056817,held_fold
ISIC_5211080,0,0.43131715,held_fold
ISIC_5213224,0,0.53393835,held_fold
ISIC_5213829,0,0.0008052978,held_fold
ISIC_5215191,0,0.3881199,held_fold
ISIC_5216675,0,0.034909375,held_fold
ISIC_5223101,0,0.009610714,held_fold
ISIC_5224107,0,0.055783354,held_fold
ISIC_5227635,0,0.105521284,held_fold
ISIC_5230497,0,0.003151677,held_fold
ISIC_5231616,0,0.032237187,held_fold
ISIC_5233226,0,0.0076614395,held_fold
ISIC_5233994,0,0.0020595482,held_fold
ISIC_5235200,0,0.04141154,held_fold
ISIC_5235229,0,0.17589162,held_fold
ISIC_5238649,0,0.014347991,held_fold
ISIC_5244188,0,0.022126157,held_fold
ISIC_5245212,0,0.01012695,held_fold
ISIC_5247383,0,0.05054183,held_fold
ISIC_5249665,0,0.11246744,held_fold
ISIC_5254803,0,0.01800707,held_fold
ISIC_5254982,0,0.20147058,held_fold
ISIC_5258352,0,0.24249354,held_fold
ISIC_5259414,0,0.048603583,held_fold
ISIC_5259518,0,0.016294839,held_fold
ISIC_5259582,0,0.37413806,held_fold
ISIC_5261146,0,0.0011989453,held_fold
ISIC_5261384,0,0.0022712583,held_fold
ISIC_5261611,0,0.038476873,held_fold
ISIC_5265873,0,0.003341106,held_fold
ISIC_5266696,0,0.0084021725,held_fold
ISIC_5266861,0,0.018351244,held_fold
ISIC_5267251,0,0.025020093,held_fold
ISIC_5269341,0,0.03893525,held_fold
ISIC_5272223,1,0.37463853,held_fold
ISIC_5280019,0,0.039988417,held_fold
ISIC_5280199,0,0.09235147,held_fold
ISIC_5281514,0,0.0032415835,held_fold
ISIC_5281576,0,0.054484125,held_fold
ISIC_5282642,0,0.08756234,held_fold
ISIC_5286021,0,0.4095947,held_fold
ISIC_5289599,0,0.001968342,held_fold
ISIC_5290569,0,0.004313539,held_fold
ISIC_5292859,0,0.0012533618,held_fold
ISIC_5293624,0,0.006750928,held_fold
ISIC_5294689,0,0.116764,held_fold
ISIC_5295497,0,0.012158419,held_fold
ISIC_5296443,0,0.0167724,held_fold
ISIC_5297111,0,0.042829797,held_fold
ISIC_5298608,0,0.2837625,held_fold
ISIC_5301131,0,0.017791295,held_fold
ISIC_5302229,0,0.17991994,held_fold
ISIC_5303641,0,0.036250453,held_fold
ISIC_5305288,0,0.010273217,held_fold
ISIC_5305787,0,0.14361085,held_fold
ISIC_5306427,0,0.002263063,held_fold
ISIC_5307086,0,0.16601594,held_fold
ISIC_5309572,0,0.023306306,held_fold
ISIC_5310011,0,0.020852463,held_fold
ISIC_5310880,0,0.03490374,held_fold
ISIC_5312003,0,0.0035455986,held_fold
ISIC_5312834,0,0.03654466,held_fold
ISIC_5313087,0,0.040990993,held_fold
ISIC_5314855,0,0.004757315,held_fold
ISIC_5315062,1,0.16183077,held_fold
ISIC_5315486,0,0.031673964,held_fold
ISIC_5316258,0,0.0137304915,held_fold
ISIC_5317348,0,0.019201983,held_fold
ISIC_5318506,0,0.034246832,held_fold
ISIC_5320886,0,0.17140384,held_fold
ISIC_5321219,0,0.016264845,held_fold
ISIC_5321221,0,0.077212535,held_fold
ISIC_5322011,0,0.08102701,held_fold
ISIC_5322232,0,0.24880837,held_fold
ISIC_5323944,0,0.0907601,held_fold
ISIC_5324178,0,0.021779558,held_fold
ISIC_5325281,0,0.04258295,held_fold
ISIC_5325805,0,0.08575974,held_fold
ISIC_5326225,0,0.0012806772,held_fold
ISIC_5327000,0,0.12162196,held_fold
ISIC_5327271,0,0.008698764,held_fold
ISIC_5331089,0,0.230394,held_fold
ISIC_5333549,0,0.01144471,held_fold
ISIC_5336007,0,0.036146358,held_fold
ISIC_5340305,0,0.4413546,held_fold
ISIC_5342109,0,0.037618827,held_fold
ISIC_5346591,0,0.0101758465,held_fold
ISIC_5349612,0,0.124021344,held_fold
ISIC_5350269,0,0.0024307058,held_fold
ISIC_5353241,0,0.07954371,held_fold
ISIC_5354607,0,0.038253855,held_fold
ISIC_5357288,0,0.19119093,held_fold
ISIC_5358234,0,0.0048085293,held_fold
ISIC_5359123,0,0.013197971,held_fold
ISIC_5359253,0,0.010941031,held_fold
ISIC_5360921,0,0.022127248,held_fold
ISIC_5361778,0,0.01024437,held_fold
ISIC_5361965,0,0.008105057,held_fold
ISIC_5362038,0,0.0046649165,held_fold
ISIC_5362869,0,0.124926865,held_fold
ISIC_5362925,0,0.032631543,held_fold
ISIC_5363229,0,0.038620185,held_fold
ISIC_5364841,0,0.15601692,held_fold
ISIC_5365537,0,0.01632764,held_fold
ISIC_5365919,0,0.22362718,held_fold
ISIC_5366635,0,0.012252274,held_fold
ISIC_5366657,0,0.47253716,held_fold
ISIC_5368272,0,0.32359147,held_fold
ISIC_5368668,0,0.057616573,held_fold
ISIC_5377237,0,0.045932584,held_fold
ISIC_5379122,0,0.027280862,held_fold
ISIC_5380827,0,0.0054600616,held_fold
ISIC_5382691,0,0.013975206,held_fold
ISIC_5383356,0,0.04974496,held_fold
ISIC_5385299,0,0.012986353,held_fold
ISIC_5387348,0,0.03219713,held_fold
ISIC_5388184,1,0.59487724,held_fold
ISIC_5392958,0,0.037719093,held_fold
ISIC_5393017,0,0.014038907,held_fold
ISIC_5393132,0,0.3393061,held_fold
ISIC_5393557,0,0.0068644253,held_fold
ISIC_5393919,0,0.039719667,held_fold
ISIC_5396394,0,0.20763816,held_fold
ISIC_5397818,0,0.006381433,held_fold
ISIC_5399929,0,0.16494718,held_fold
ISIC_5400113,0,0.12565337,held_fold
ISIC_5400342,0,0.0063999514,held_fold
ISIC_5402327,0,0.049680494,held_fold
ISIC_5403296,0,0.0018433005,held_fold
ISIC_5405456,0,0.6128648,held_fold
ISIC_5406752,0,0.15081784,held_fold
ISIC_5407343,0,0.0083646495,held_fold
ISIC_5407436,0,0.021539614,held_fold
ISIC_5408967,0,0.60466456,held_fold
ISIC_5409137,0,0.16569935,held_fold
ISIC_5409681,0,0.14759825,held_fold
ISIC_5413136,0,0.07142894,held_fold
ISIC_5415761,1,0.08692674,held_fold
ISIC_5415781,0,0.0352917,held_fold
ISIC_5416978,0,0.03383902,held_fold
ISIC_5422432,0,0.05593072,held_fold
ISIC_5423896,0,0.010294892,held_fold
ISIC_5424547,0,0.18810461,held_fold
ISIC_5428274,0,0.106398866,held_fold
ISIC_5432603,0,0.4664401,held_fold
ISIC_5433553,0,0.0040925215,held_fold
ISIC_5434055,0,0.03498289,held_fold
ISIC_5434070,0,0.11876989,held_fold
ISIC_5435291,0,0.027701752,held_fold
ISIC_5435863,0,0.01822293,held_fold
ISIC_5437356,0,0.114586025,held_fold
ISIC_5438431,0,0.17675398,held_fold
ISIC_5441132,0,0.002742852,held_fold
ISIC_5443525,0,0.18858841,held_fold
ISIC_5443689,0,0.07702678,held_fold
ISIC_5445188,0,0.008672566,held_fold
ISIC_5446127,0,0.0054180943,held_fold
ISIC_5446470,0,0.0026400564,held_fold
ISIC_5451336,0,0.0033093113,held_fold
ISIC_5451400,0,0.015117013,held_fold
ISIC_5454321,0,0.14683643,held_fold
ISIC_5455568,0,0.21005055,held_fold
ISIC_5457246,0,0.028290194,held_fold
ISIC_5457974,0,0.033840224,held_fold
ISIC_5464942,0,0.04237883,held_fold
ISIC_5469457,0,0.77859026,held_fold
ISIC_5469999,0,0.051599614,held_fold
ISIC_5475423,0,0.12878045,held_fold
ISIC_5477838,0,0.112584285,held_fold
ISIC_5478846,0,0.3955716,held_fold
ISIC_5481211,0,0.014016207,held_fold
ISIC_5481242,0,0.04449587,held_fold
ISIC_5481673,0,0.26284388,held_fold
ISIC_5484086,0,0.017220538,held_fold
ISIC_5485254,0,0.22228421,held_fold
ISIC_5485279,0,0.32080978,held_fold
ISIC_5486725,0,0.009850183,held_fold
ISIC_5487058,0,0.16471161,held_fold
ISIC_5488046,0,0.0076044374,held_fold
ISIC_5488065,0,0.074135646,held_fold
ISIC_5488188,0,0.007159799,held_fold
ISIC_5491443,0,0.17044452,held_fold
ISIC_5492778,0,0.013256598,held_fold
ISIC_5495452,0,0.028733348,held_fold
ISIC_5496214,0,0.03703841,held_fold
ISIC_5496810,0,0.6931451,held_fold
ISIC_5497526,0,0.0006339188,held_fold
ISIC_5497851,0,0.026581673,held_fold
ISIC_5500256,0,0.045890704,held_fold
ISIC_5501375,0,0.06280881,held_fold
ISIC_5502229,0,0.24643534,held_fold
ISIC_5503634,0,0.06865513,held_fold
ISIC_5506059,0,0.024452027,held_fold
ISIC_5508542,0,0.167521,held_fold
ISIC_5510604,0,0.0007538516,held_fold
ISIC_5517594,0,0.01845433,held_fold
ISIC_5518025,0,0.06101378,held_fold
ISIC_5518934,0,0.02055335,held_fold
ISIC_5519289,0,0.07682767,held_fold
ISIC_5521974,0,0.13749953,held_fold
ISIC_5523221,0,0.018195897,held_fold
ISIC_5524682,0,0.006357805,held_fold
ISIC_5524986,0,0.03270317,held_fold
ISIC_5525877,0,0.051640913,held_fold
ISIC_5526503,0,0.004832241,held_fold
ISIC_5528990,0,0.046789173,held_fold
ISIC_5529201,0,0.038184304,held_fold
ISIC_5529924,0,0.061543606,held_fold
ISIC_5535143,0,0.03900159,held_fold
ISIC_5536429,0,0.05070767,held_fold
ISIC_5537771,0,0.1632287,held_fold
ISIC_5538778,0,0.53643066,held_fold
ISIC_5539077,0,0.08975568,held_fold
ISIC_5540840,0,0.16259824,held_fold
ISIC_5541028,0,0.05936447,held_fold
ISIC_5541999,0,0.010055088,held_fold
ISIC_5542716,0,0.07161651,held_fold
ISIC_5543178,0,0.019752383,held_fold
ISIC_5545410,0,0.29672876,held_fold
ISIC_5547116,0,0.03586309,held_fold
ISIC_5548717,0,0.053115744,held_fold
ISIC_5549768,0,0.29300404,held_fold
ISIC_5552041,0,0.7277303,held_fold
ISIC_5552066,0,0.16703157,held_fold
ISIC_5552335,0,0.008412102,held_fold
ISIC_5555505,0,0.004050106,held_fold
ISIC_5558729,0,0.14323583,held_fold
ISIC_5559188,0,0.018743807,held_fold
ISIC_5560538,0,0.03794347,held_fold
ISIC_5561003,1,0.5694532,held_fold
ISIC_5563553,0,0.19921368,held_fold
ISIC_5567663,0,0.014178104,held_fold
ISIC_5568346,0,0.53240377,held_fold
ISIC_5568834,0,0.013090773,held_fold
ISIC_5569091,0,0.061062086,held_fold
ISIC_5569936,0,0.08894591,held_fold
ISIC_5570430,0,0.2191883,held_fold
ISIC_5573340,0,0.08376816,held_fold
ISIC_5573679,0,0.005005437,held_fold
ISIC_5573733,0,0.17139578,held_fold
ISIC_5574940,0,0.005669524,held_fold
ISIC_5575449,0,0.02617819,held_fold
ISIC_5576250,0,0.0071633006,held_fold
ISIC_5576986,0,0.051323827,held_fold
ISIC_5581931,1,0.10410919,held_fold
ISIC_5583016,0,0.009885795,held_fold
ISIC_5583139,0,0.1635756,held_fold
ISIC_5584185,0,0.13106076,held_fold
ISIC_5584859,0,0.013653347,held_fold
ISIC_5585279,0,0.012114586,held_fold
ISIC_5587216,0,0.014408234,held_fold
ISIC_5587291,0,0.033765003,held_fold
ISIC_5588302,0,0.2695374,held_fold
ISIC_5592192,0,0.023792718,held_fold
ISIC_5592257,0,0.016339462,held_fold
ISIC_5592951,0,0.07372458,held_fold
ISIC_5597530,0,0.05826421,held_fold
ISIC_5599298,0,0.22045214,held_fold
ISIC_5601326,0,0.1379027,held_fold
ISIC_5603773,0,0.028917562,held_fold
ISIC_5604025,0,0.0035337529,held_fold
ISIC_5605246,0,0.007817837,held_fold
ISIC_5609883,0,0.057832245,held_fold
ISIC_5610178,0,0.0787265,held_fold
ISIC_5611010,0,0.11800432,held_fold
ISIC_5611529,0,0.037575193,held_fold
ISIC_5612452,0,0.026139693,held_fold
ISIC_5613199,0,0.5931877,held_fold
ISIC_5615676,0,0.021857832,held_fold
ISIC_5617952,0,0.2435924,held_fold
ISIC_5619062,0,0.002239439,held_fold
ISIC_5620520,0,0.015795663,held_fold
ISIC_5621310,0,0.0064180302,held_fold
ISIC_5623327,0,0.13115443,held_fold
ISIC_5623973,0,0.433478,held_fold
ISIC_5625774,0,0.03004333,held_fold
ISIC_5625980,0,0.0999466,held_fold
ISIC_5632533,0,0.015981624,held_fold
ISIC_5634181,0,0.16004626,held_fold
ISIC_5635940,0,0.06340698,held_fold
ISIC_5636247,0,0.3125695,held_fold
ISIC_5636983,0,0.2219772,held_fold
ISIC_5637105,0,0.025608376,held_fold
ISIC_5648111,0,0.0048367283,held_fold
ISIC_5650272,0,0.027219148,held_fold
ISIC_5650747,0,0.01999306,held_fold
ISIC_5652519,0,0.20917547,held_fold
ISIC_5654651,0,0.23645863,held_fold
ISIC_5654818,0,0.25188956,held_fold
ISIC_5657535,0,0.007961999,held_fold
ISIC_5658900,0,0.27106002,held_fold
ISIC_5659240,0,0.0064515406,held_fold
ISIC_5659295,0,0.15107645,held_fold
ISIC_5660360,0,0.021993805,held_fold
ISIC_5664966,0,0.09657677,held_fold
ISIC_5665011,0,0.007935415,held_fold
ISIC_5665277,0,0.05461162,held_fold
ISIC_5667461,1,0.2185525,held_fold
ISIC_5667519,0,0.01666244,held_fold
ISIC_5667935,0,0.20982237,held_fold
ISIC_5676027,0,0.18076019,held_fold
ISIC_5678933,0,0.013443539,held_fold
ISIC_5679708,0,0.008402352,held_fold
ISIC_5679942,0,0.06394838,held_fold
ISIC_5681025,0,0.49228173,held_fold
ISIC_5681794,0,0.041109324,held_fold
ISIC_5686768,0,0.0043422724,held_fold
ISIC_5686868,0,0.26492783,held_fold
ISIC_5688051,0,0.21403769,held_fold
ISIC_5688657,0,0.037745245,held_fold
ISIC_5688720,0,0.13257904,held_fold
ISIC_5688950,0,0.011216725,held_fold
ISIC_5689986,0,0.0072182706,held_fold
ISIC_5692481,0,0.00084435905,held_fold
ISIC_5692863,0,0.0834562,held_fold
ISIC_5694393,0,0.03367261,held_fold
ISIC_5696540,0,0.006652002,held_fold
ISIC_5697228,0,0.13352709,held_fold
ISIC_5699175,0,0.034403816,held_fold
ISIC_5700599,0,0.0062836404,held_fold
ISIC_5702549,0,0.03298725,held_fold
ISIC_5702591,0,0.67246044,held_fold
ISIC_5705413,0,0.040032357,held_fold
ISIC_5705973,0,0.01751713,held_fold
ISIC_5708288,0,0.0025442154,held_fold
ISIC_5709170,0,0.084470645,held_fold
ISIC_5712029,0,0.022185428,held_fold
ISIC_5713588,0,0.12834467,held_fold
ISIC_5714201,0,0.12530068,held_fold
ISIC_5718343,0,0.0063274554,held_fold
ISIC_5720694,0,0.06926975,held_fold
ISIC_5721677,0,0.014871919,held_fold
ISIC_5722194,0,0.029275302,held_fold
ISIC_5722211,0,0.117346615,held_fold
ISIC_5723510,0,0.012523415,held_fold
ISIC_5727083,0,0.43669924,held_fold
ISIC_5730636,0,0.17221603,held_fold
ISIC_5733557,0,0.009408117,held_fold
ISIC_5733748,1,0.03876911,held_fold
ISIC_5735592,0,0.1683743,held_fold
ISIC_5736023,0,0.07306162,held_fold
ISIC_5736126,0,0.03091258,held_fold
ISIC_5736595,0,0.0057540913,held_fold
ISIC_5736966,0,0.16612099,held_fold
ISIC_5736979,0,0.019381069,held_fold
ISIC_5737191,0,0.11407502,held_fold
ISIC_5737704,0,0.038117256,held_fold
ISIC_5738103,0,0.11816211,held_fold
ISIC_5738587,0,0.0047527994,held_fold
ISIC_5739570,0,0.013582073,held_fold
ISIC_5743012,0,0.050743584,held_fold
ISIC_5745349,0,0.003161283,held_fold
ISIC_5745941,0,0.018719014,held_fold
ISIC_5746706,0,0.050948262,held_fold
ISIC_5747367,0,0.16589838,held_fold
ISIC_5747486,1,0.09738774,held_fold
ISIC_5747681,0,0.08895362,held_fold
ISIC_5748751,0,0.0066330996,held_fold
ISIC_5748858,0,0.2984734,held_fold
ISIC_5749706,0,0.0084852185,held_fold
ISIC_5750242,0,0.6433701,held_fold
ISIC_5754233,0,0.06277407,held_fold
ISIC_5755210,0,0.06956214,held_fold
ISIC_5755836,0,0.0865333,held_fold
ISIC_5757336,0,0.37204036,held_fold
ISIC_5760948,0,0.29362524,held_fold
ISIC_5763398,0,0.7664912,held_fold
ISIC_5766141,0,0.044551287,held_fold
ISIC_5766923,0,0.013103814,held_fold
ISIC_5767976,0,0.009339852,held_fold
ISIC_5768602,0,0.24181579,held_fold
ISIC_5771106,0,0.026518162,held_fold
ISIC_5773967,0,0.006142099,held_fold
ISIC_5778330,0,0.021145545,held_fold
ISIC_5778476,0,0.004236837,held_fold
ISIC_5779688,0,0.17951573,held_fold
ISIC_5782816,0,0.032145295,held_fold
ISIC_5783685,0,0.010931139,held_fold
ISIC_5784362,0,0.023906939,held_fold
ISIC_5787517,0,0.020758906,held_fold
ISIC_5788057,0,0.004693558,held_fold
ISIC_5789052,0,0.41768897,held_fold
ISIC_5790458,0,0.020971222,held_fold
ISIC_5790534,0,0.0078218,held_fold
ISIC_5797220,0,0.0071090963,held_fold
ISIC_5797942,0,0.0019965703,held_fold
ISIC_5798539,0,0.09459883,held_fold
ISIC_5800113,0,0.070278436,held_fold
ISIC_5804606,0,0.020987062,held_fold
ISIC_5805349,0,0.008444109,held_fold
ISIC_5807112,0,0.10890374,held_fold
ISIC_5810736,0,0.005274514,held_fold
ISIC_5816788,0,0.056412008,held_fold
ISIC_5819754,0,0.3930342,held_fold
ISIC_5821292,0,0.05274982,held_fold
ISIC_5822691,0,0.21332823,held_fold
ISIC_5823076,0,0.19174084,held_fold
ISIC_5823292,0,0.09413926,held_fold
ISIC_5824656,0,0.031302374,held_fold
ISIC_5824730,0,0.022047604,held_fold
ISIC_5825647,0,0.5475421,held_fold
ISIC_5827217,0,0.0054011303,held_fold
ISIC_5828787,0,0.127887,held_fold
ISIC_5831201,0,0.003158474,held_fold
ISIC_5831880,0,0.0031674614,held_fold
ISIC_5832440,0,0.053880885,held_fold
ISIC_5832623,0,0.01461039,held_fold
ISIC_5833015,0,0.066473775,held_fold
ISIC_5837974,0,0.010405442,held_fold
ISIC_5843515,0,0.30377108,held_fold
ISIC_5846233,0,0.004862793,held_fold
ISIC_5849178,0,0.022379128,held_fold
ISIC_5849715,0,0.020566441,held_fold
ISIC_5850699,0,0.03140912,held_fold
ISIC_5852061,0,0.08590725,held_fold
ISIC_5853048,0,0.0035089783,held_fold
ISIC_5854870,0,0.03164075,held_fold
ISIC_5855400,0,0.029379955,held_fold
ISIC_5855700,0,0.039883167,held_fold
ISIC_5855835,0,0.06496999,held_fold
ISIC_5857155,0,0.17282647,held_fold
ISIC_5857239,0,0.0472721,held_fold
ISIC_5859895,0,0.086880945,held_fold
ISIC_5860849,0,0.2691269,held_fold
ISIC_5864067,0,0.02840087,held_fold
ISIC_5865142,0,0.010863538,held_fold
ISIC_5865828,0,0.011303459,held_fold
ISIC_5866381,0,0.8829418,held_fold
ISIC_5867862,0,0.018311221,held_fold
ISIC_5868291,1,0.7846758,held_fold
ISIC_5870406,0,0.034752425,held_fold
ISIC_5873539,0,0.073952004,held_fold
ISIC_5876289,0,0.038999375,held_fold
ISIC_5881363,0,0.13211606,held_fold
ISIC_5882254,0,0.017976057,held_fold
ISIC_5882629,0,0.04012682,held_fold
ISIC_5883505,0,0.446777,held_fold
ISIC_5885421,0,0.036250696,held_fold
ISIC_5885837,0,0.0018666213,held_fold
ISIC_5886168,0,0.0631702,held_fold
ISIC_5888460,0,0.01519659,held_fold
ISIC_5888672,0,0.005762303,held_fold
ISIC_5889246,0,0.044578753,held_fold
ISIC_5892920,0,0.031026924,held_fold
ISIC_5894246,0,0.016553774,held_fold
ISIC_5899228,0,0.1163357,held_fold
ISIC_5900141,0,0.18718034,held_fold
ISIC_5901919,0,0.06289802,held_fold
ISIC_5902175,0,0.05798167,held_fold
ISIC_5903054,0,0.019701166,held_fold
ISIC_5904214,0,0.18181226,held_fold
ISIC_5908780,0,0.070466064,held_fold
ISIC_5909403,0,0.121485464,held_fold
ISIC_5910514,0,0.15512206,held_fold
ISIC_5910595,0,0.0043644123,held_fold
ISIC_5910975,0,0.26131883,held_fold
ISIC_5912392,0,0.2498807,held_fold
ISIC_5917004,0,0.0022918994,held_fold
ISIC_5917605,0,0.355126,held_fold
ISIC_5917755,0,0.012468539,held_fold
ISIC_5918756,0,0.06208996,held_fold
ISIC_5920471,0,0.0069821207,held_fold
ISIC_5921734,0,0.006069891,held_fold
ISIC_5923430,0,0.0041169655,held_fold
ISIC_5924459,0,0.04651585,held_fold
ISIC_5930509,0,0.033343334,held_fold
ISIC_5932996,0,0.05568614,held_fold
ISIC_5934104,0,0.006473811,held_fold
ISIC_5934319,0,0.14060183,held_fold
ISIC_5935362,0,0.05185253,held_fold
ISIC_5941271,0,0.45624855,held_fold
ISIC_5941314,0,0.009377787,held_fold
ISIC_5942073,0,0.045080338,held_fold
ISIC_5942312,0,0.0046010013,held_fold
ISIC_5942756,0,0.38263884,held_fold
ISIC_5943355,0,0.025550956,held_fold
ISIC_5944524,0,0.09378769,held_fold
ISIC_5945822,0,0.015600585,held_fold
ISIC_5950144,0,0.10821093,held_fold
ISIC_5950453,0,0.022286149,held_fold
ISIC_5952026,0,0.075219646,held_fold
ISIC_5952650,0,0.0696413,held_fold
ISIC_5953416,0,0.0071867285,held_fold
ISIC_5955314,0,0.026362995,held_fold
ISIC_5958657,0,0.7131522,held_fold
ISIC_5960183,0,0.011882428,held_fold
ISIC_5960641,0,0.0066736145,held_fold
ISIC_5961421,0,0.423496,held_fold
ISIC_5961544,0,0.14411215,held_fold
ISIC_5962268,0,0.0020697657,held_fold
ISIC_5962462,0,0.30098,held_fold
ISIC_5963113,0,0.028107736,held_fold
ISIC_5963344,0,0.02070688,held_fold
ISIC_5963491,0,0.018812722,held_fold
ISIC_5971574,0,0.005655002,held_fold
ISIC_5973717,0,0.19627891,held_fold
ISIC_5974286,0,0.004283776,held_fold
ISIC_5976373,0,0.0026543809,held_fold
ISIC_5979771,0,0.07827121,held_fold
ISIC_5979783,0,0.005865119,held_fold
ISIC_5981150,0,0.041187596,held_fold
ISIC_5983942,0,0.035136465,held_fold
ISIC_5985961,0,0.46395218,held_fold
ISIC_5990428,0,0.33216932,held_fold
ISIC_5997133,0,0.04467865,held_fold
ISIC_6000048,0,0.008031679,held_fold
ISIC_6000142,0,0.024017591,held_fold
ISIC_6000889,0,0.46318886,held_fold
ISIC_6002622,0,0.27155465,held_fold
ISIC_6003494,0,0.0033941353,held_fold
ISIC_6004540,0,0.023540935,held_fold
ISIC_6006795,0,0.0042126547,held_fold
ISIC_6013568,0,0.05581418,held_fold
ISIC_6016197,0,0.10369889,held_fold
ISIC_6016330,0,0.19439209,held_fold
ISIC_6017897,0,0.005474127,held_fold
ISIC_6019322,0,0.0037693777,held_fold
ISIC_6019374,0,0.32724446,held_fold
ISIC_6019516,0,0.0034543388,held_fold
ISIC_6020615,0,0.036636785,held_fold
ISIC_6020636,0,0.076977216,held_fold
ISIC_6022423,0,0.046558786,held_fold
ISIC_6023504,0,0.5095572,held_fold
ISIC_6023518,0,0.06851648,held_fold
ISIC_6024691,0,0.48525998,held_fold
ISIC_6025224,0,0.016666057,held_fold
ISIC_6028622,0,0.048426695,held_fold
ISIC_6030901,0,0.24554326,held_fold
ISIC_6033222,0,0.016792692,held_fold
ISIC_6035362,0,0.0045988355,held_fold
ISIC_6041346,0,0.2813839,held_fold
ISIC_6041880,0,0.01496178,held_fold
ISIC_6043051,0,0.0034972278,held_fold
ISIC_6047070,0,0.18377955,held_fold
ISIC_6049499,0,0.13919486,held_fold
ISIC_6050281,0,0.029213073,held_fold
ISIC_6051598,0,0.016969593,held_fold
ISIC_6052702,0,0.0056888647,held_fold
ISIC_6052995,0,0.005936464,held_fold
ISIC_6053980,0,0.059721813,held_fold
ISIC_6054420,0,0.13825415,held_fold
ISIC_6057455,0,0.002498214,held_fold
ISIC_6058822,0,0.55964136,held_fold
ISIC_6062638,0,0.35242763,held_fold
ISIC_6062657,0,0.029322045,held_fold
ISIC_6063007,0,0.15359992,held_fold
ISIC_6065618,0,0.17239882,held_fold
ISIC_6067058,0,0.024823764,held_fold
ISIC_6072001,0,0.0073669725,held_fold
ISIC_6076242,0,0.0010800805,held_fold
ISIC_6078211,0,0.35883722,held_fold
ISIC_6081091,0,0.09283539,held_fold
ISIC_6081985,0,0.025019407,held_fold
ISIC_6089318,1,0.81249094,held_fold
ISIC_6090848,0,0.3015408,held_fold
ISIC_6092849,0,0.15128669,held_fold
ISIC_6092911,0,0.19315627,held_fold
ISIC_6093728,0,0.12526596,held_fold
ISIC_6096306,0,0.0015586399,held_fold
ISIC_6096541,0,0.13701186,held_fold
ISIC_6096598,0,0.10228928,held_fold
ISIC_6099309,0,0.05270803,held_fold
ISIC_6100064,0,0.036604326,held_fold
ISIC_6101341,0,0.015925182,held_fold
ISIC_6107273,0,0.06070037,held_fold
ISIC_6110788,0,0.08706597,held_fold
ISIC_6111078,0,0.119452685,held_fold
ISIC_6113524,0,0.12576716,held_fold
ISIC_6116536,0,0.03715847,held_fold
ISIC_6121393,0,0.002665049,held_fold
ISIC_6124127,0,0.026849402,held_fold
ISIC_6124481,1,0.12198389,held_fold
ISIC_6125014,0,0.07936387,held_fold
ISIC_6125652,1,0.73346645,held_fold
ISIC_6127074,0,0.5950877,held_fold
ISIC_6127167,0,0.003024683,held_fold
ISIC_6127495,0,0.54127187,held_fold
ISIC_6131501,0,0.05700729,held_fold
ISIC_6132976,0,0.28229755,held_fold
ISIC_6133418,0,0.029047428,held_fold
ISIC_6133988,0,0.014591646,held_fold
ISIC_6138246,0,0.043161254,held_fold
ISIC_6141422,0,0.01427527,held_fold
ISIC_6142525,0,0.006177725,held_fold
ISIC_6144716,0,0.003743469,held_fold
ISIC_6151555,0,0.004754828,held_fold
ISIC_6153134,0,0.21349466,held_fold
ISIC_6153728,0,0.19249299,held_fold
ISIC_6153896,0,0.010250388,held_fold
ISIC_6155782,0,0.025905201,held_fold
ISIC_6155981,0,0.0009254188,held_fold
ISIC_6158021,0,0.08318075,held_fold
ISIC_6161876,0,0.032409277,held_fold
ISIC_6162609,0,0.04129939,held_fold
ISIC_6162663,0,0.010431335,held_fold
ISIC_6162711,0,0.0047463956,held_fold
ISIC_6163926,0,0.04893242,held_fold
ISIC_6165627,0,0.03971326,held_fold
ISIC_6166247,0,0.029268818,held_fold
ISIC_6167855,0,0.2990891,held_fold
ISIC_6168754,0,0.023196304,held_fold
ISIC_6173977,0,0.26770636,held_fold
ISIC_6174735,0,0.0709516,held_fold
ISIC_6174933,0,0.26010877,held_fold
ISIC_6176182,0,0.04543148,held_fold
ISIC_6176518,0,0.20829159,held_fold
ISIC_6178088,0,0.012470636,held_fold
ISIC_6178350,0,0.10925706,held_fold
ISIC_6180030,0,0.07046732,held_fold
ISIC_6182833,0,0.15694398,held_fold
ISIC_6184190,0,0.048960194,held_fold
ISIC_6186813,0,0.0124133695,held_fold
ISIC_6188916,0,0.010373232,held_fold
ISIC_6189075,0,0.1000203,held_fold
ISIC_6189375,0,0.28892055,held_fold
ISIC_6192108,0,0.39597505,held_fold
ISIC_6197608,0,0.008213522,held_fold
ISIC_6205288,0,0.0150443185,held_fold
ISIC_6208762,0,0.027319126,held_fold
ISIC_6208775,0,0.3572218,held_fold
ISIC_6210500,0,0.028921789,held_fold
ISIC_6216261,0,0.08295687,held_fold
ISIC_6217184,0,0.03624044,held_fold
ISIC_6224828,0,0.21147454,held_fold
ISIC_6225107,0,0.44397926,held_fold
ISIC_6225303,0,0.10912772,held_fold
ISIC_6225409,0,0.17137244,held_fold
ISIC_6231450,0,0.060015313,held_fold
ISIC_6242842,0,0.012327475,held_fold
ISIC_6243238,0,0.030347379,held_fold
ISIC_6245809,0,0.04005426,held_fold
ISIC_6247314,0,0.00755075,held_fold
ISIC_6248789,0,0.056140635,held_fold
ISIC_6254324,0,0.5309526,held_fold
ISIC_6255494,0,0.014252078,held_fold
ISIC_6255613,0,0.010275049,held_fold
ISIC_6256797,0,0.0064950692,held_fold
ISIC_6257804,0,0.06493699,held_fold
ISIC_6257952,0,0.013160718,held_fold
ISIC_6258246,0,0.09830336,held_fold
ISIC_6260485,0,0.004156966,held_fold
ISIC_6264379,0,0.037306186,held_fold
ISIC_6265284,0,0.0020076565,held_fold
ISIC_6267455,0,0.05195714,held_fold
ISIC_6267562,0,0.056856167,held_fold
ISIC_6268546,0,0.011000574,held_fold
ISIC_6269166,1,0.34817156,held_fold
ISIC_6269414,0,0.19876334,held_fold
ISIC_6269556,0,0.01893508,held_fold
ISIC_6273566,0,0.13735595,held_fold
ISIC_6274020,0,0.5532519,held_fold
ISIC_6278584,0,0.1553951,held_fold
ISIC_6279017,0,0.044908173,held_fold
ISIC_6281419,0,0.01552847,held_fold
ISIC_6284704,0,0.00976033,held_fold
ISIC_6287575,0,0.02987952,held_fold
ISIC_6287803,0,0.010375748,held_fold
ISIC_6291051,0,0.021828815,held_fold
ISIC_6292209,0,0.19301172,held_fold
ISIC_6293132,0,0.0056974865,held_fold
ISIC_6293829,0,0.00849472,held_fold
ISIC_6297408,0,0.008150379,held_fold
ISIC_6303154,0,0.28072128,held_fold
ISIC_6304007,0,0.008502346,held_fold
ISIC_6304412,0,0.028811868,held_fold
ISIC_6310591,0,0.014428705,held_fold
ISIC_6312590,0,0.016381565,held_fold
ISIC_6313487,1,0.6103058,held_fold
ISIC_6315037,0,0.04095122,held_fold
ISIC_6316410,0,0.26867303,held_fold
ISIC_6321119,0,0.033202928,held_fold
ISIC_6322191,0,0.0016946717,held_fold
ISIC_6323199,0,0.08756597,held_fold
ISIC_6323489,0,0.060291763,held_fold
ISIC_6324832,0,0.0054452033,held_fold
ISIC_6328526,0,0.12526159,held_fold
ISIC_6328606,0,0.0072786473,held_fold
ISIC_6330808,0,0.22611336,held_fold
ISIC_6335490,0,0.46527496,held_fold
ISIC_6336141,0,0.23787935,held_fold
ISIC_6339509,0,0.16544792,held_fold
ISIC_6340018,0,0.07711905,held_fold
ISIC_6340529,0,0.007872472,held_fold
ISIC_6341685,0,0.2084375,held_fold
ISIC_6343199,0,0.011256682,held_fold
ISIC_6344114,0,0.7592447,held_fold
ISIC_6344673,0,0.06866285,held_fold
ISIC_6345354,0,0.010032051,held_fold
ISIC_6347269,0,0.047389552,held_fold
ISIC_6352726,0,0.09221027,held_fold
ISIC_6352730,0,0.0025255904,held_fold
ISIC_6353527,0,0.24537432,held_fold
ISIC_6355245,0,0.029370185,held_fold
ISIC_6355353,1,0.18528785,held_fold
ISIC_6357644,0,0.011202913,held_fold
ISIC_6358383,0,0.6219287,held_fold
ISIC_6363862,0,0.0405045,held_fold
ISIC_6364051,0,0.16088963,held_fold
ISIC_6371233,0,0.24664496,held_fold
ISIC_6373500,0,0.08402127,held_fold
ISIC_6376959,0,0.028512731,held_fold
ISIC_6377578,0,0.0073059932,held_fold
ISIC_6379690,0,0.015871534,held_fold
ISIC_6380662,0,0.013150986,held_fold
ISIC_6383193,0,0.101287134,held_fold
ISIC_6383486,0,0.25370014,held_fold
ISIC_6383922,0,0.01996378,held_fold
ISIC_6384559,0,0.082192846,held_fold
ISIC_6384997,0,0.021616831,held_fold
ISIC_6385074,0,0.028716858,held_fold
ISIC_6385374,0,0.013612362,held_fold
ISIC_6390738,0,0.01016127,held_fold
ISIC_6391835,0,0.4408876,held_fold
ISIC_6392461,1,0.16821635,held_fold
ISIC_6393699,0,0.0026475892,held_fold
ISIC_6394612,0,0.008471274,held_fold
ISIC_6396565,0,0.030048296,held_fold
ISIC_6398669,1,0.3696913,held_fold
ISIC_6399275,0,0.010835469,held_fold
ISIC_6399303,0,0.0026235261,held_fold
ISIC_6400815,0,0.7570308,held_fold
ISIC_6401355,0,0.020033231,held_fold
ISIC_6402680,0,0.061014276,held_fold
ISIC_6403268,0,0.01155346,held_fold
ISIC_6404238,0,0.007349371,held_fold
ISIC_6405298,0,0.4280429,held_fold
ISIC_6405981,0,0.05656056,held_fold
ISIC_6407004,0,0.022327518,held_fold
ISIC_6407230,0,0.01025568,held_fold
ISIC_6408480,0,0.07867639,held_fold
ISIC_6409296,0,0.39561665,held_fold
ISIC_6411466,0,0.0010374087,held_fold
ISIC_6412486,0,0.11733518,held_fold
ISIC_6413382,0,0.12610686,held_fold
ISIC_6415466,0,0.03617972,held_fold
ISIC_6420431,0,0.05135718,held_fold
ISIC_6422862,0,0.003294213,held_fold
ISIC_6423301,0,0.009278812,held_fold
ISIC_6423914,0,0.022896022,held_fold
ISIC_6425807,0,0.01897449,held_fold
ISIC_6425888,0,0.48807788,held_fold
ISIC_6432495,0,0.02027884,held_fold
ISIC_6433551,0,0.13479519,held_fold
ISIC_6434605,0,0.03357154,held_fold
ISIC_6435644,0,0.007781567,held_fold
ISIC_6438174,0,0.11504214,held_fold
ISIC_6438355,0,0.026426723,held_fold
ISIC_6440753,0,0.012689921,held_fold
ISIC_6444653,0,0.043508302,held_fold
ISIC_6446616,0,0.007104658,held_fold
ISIC_6447071,0,0.23592323,held_fold
ISIC_6447681,0,0.12460571,held_fold
ISIC_6448063,0,0.49786335,held_fold
ISIC_6449939,0,0.008412612,held_fold
ISIC_6450517,0,0.011490457,held_fold
ISIC_6450756,0,0.25536162,held_fold
ISIC_6451230,0,0.03162019,held_fold
ISIC_6453506,0,0.0028625152,held_fold
ISIC_6455702,0,0.003981587,held_fold
ISIC_6457849,0,0.027814802,held_fold
ISIC_6459796,0,0.08126557,held_fold
ISIC_6460696,0,0.0117611885,held_fold
ISIC_6464177,0,0.08745568,held_fold
ISIC_6464905,0,0.21331196,held_fold
ISIC_6466611,0,0.008768927,held_fold
ISIC_6467876,0,0.03259405,held_fold
ISIC_6470697,0,0.0121383555,held_fold
ISIC_6477782,0,0.029651487,held_fold
ISIC_6479999,0,0.0028447162,held_fold
ISIC_6480784,0,0.07126945,held_fold
ISIC_6482239,0,0.0069691027,held_fold
ISIC_6484136,0,0.6622673,held_fold
ISIC_6485050,0,0.05643517,held_fold
ISIC_6486815,0,0.034955744,held_fold
ISIC_6486856,0,0.046725616,held_fold
ISIC_6487809,0,0.0045898464,held_fold
ISIC_6490895,0,0.04991926,held_fold
ISIC_6496927,0,0.02991392,held_fold
ISIC_6497797,0,0.021090677,held_fold
ISIC_6498670,0,0.050310653,held_fold
ISIC_6500094,0,0.5002254,held_fold
ISIC_6500700,0,0.208351,held_fold
ISIC_6506429,0,0.17910437,held_fold
ISIC_6506481,0,0.013415114,held_fold
ISIC_6507412,0,0.021205926,held_fold
ISIC_6507640,0,0.009340963,held_fold
ISIC_6509682,1,0.23880053,held_fold
ISIC_6510403,0,0.03939351,held_fold
ISIC_6512878,0,0.35695365,held_fold
ISIC_6513575,0,0.0009403963,held_fold
ISIC_6513977,0,0.0075508775,held_fold
ISIC_6515221,0,0.16655394,held_fold
ISIC_6515241,0,0.0011830899,held_fold
ISIC_6524052,0,0.004464419,held_fold
ISIC_6524810,0,0.06533846,held_fold
ISIC_6527464,0,0.015019587,held_fold
ISIC_6528080,0,0.39628005,held_fold
ISIC_6528650,0,0.36712995,held_fold
ISIC_6529773,0,0.0069526923,held_fold
ISIC_6530659,0,0.017035542,held_fold
ISIC_6533307,0,0.05154125,held_fold
ISIC_6534346,0,0.037426718,held_fold
ISIC_6538955,0,0.09266356,held_fold
ISIC_6539116,0,0.04680781,held_fold
ISIC_6540624,0,0.15932027,held_fold
ISIC_6543121,0,0.014400456,held_fold
ISIC_6543564,0,0.003654691,held_fold
ISIC_6544548,0,0.024744187,held_fold
ISIC_6545051,0,0.0051981066,held_fold
ISIC_6547083,0,0.12653734,held_fold
ISIC_6547379,0,0.33831832,held_fold
ISIC_6547605,0,0.06962459,held_fold
ISIC_6547878,0,0.067883916,held_fold
ISIC_6549908,0,0.25955853,held_fold
ISIC_6550427,0,0.0101176,held_fold
ISIC_6551532,0,0.0077051898,held_fold
ISIC_6553389,0,0.08123092,held_fold
ISIC_6553768,0,0.007785812,held_fold
ISIC_6556473,0,0.01880316,held_fold
ISIC_6559979,0,0.003488266,held_fold
ISIC_6561787,0,0.4232875,held_fold
ISIC_6563211,0,0.046647325,held_fold
ISIC_6563761,0,0.42104518,held_fold
ISIC_6564034,0,0.15338802,held_fold
ISIC_6564818,0,0.062565714,held_fold
ISIC_6565709,0,0.042456243,held_fold
ISIC_6567382,0,0.0599783,held_fold
ISIC_6568247,0,0.06345426,held_fold
ISIC_6570611,0,0.043790456,held_fold
ISIC_6571305,0,0.0195791,held_fold
ISIC_6571335,0,0.086368985,held_fold
ISIC_6571459,0,0.10281348,held_fold
ISIC_6571597,0,0.02637526,held_fold
ISIC_6572463,0,0.14051044,held_fold
ISIC_6572646,0,0.0050287,held_fold
ISIC_6576397,0,0.020623857,held_fold
ISIC_6576549,0,0.07487545,held_fold
ISIC_6581665,0,0.044850018,held_fold
ISIC_6582783,0,0.018051745,held_fold
ISIC_6584847,0,0.010557724,held_fold
ISIC_6586052,0,0.010099135,held_fold
ISIC_6588756,0,0.10785303,held_fold
ISIC_6588853,0,0.06071596,held_fold
ISIC_6593826,0,0.019721068,held_fold
ISIC_6594273,0,0.053589523,held_fold
ISIC_6602724,0,0.022071427,held_fold
ISIC_6607895,0,0.029574214,held_fold
ISIC_6608281,0,0.02514026,held_fold
ISIC_6608507,0,0.54348963,held_fold
ISIC_6608618,0,0.0017487212,held_fold
ISIC_6609931,0,0.009337862,held_fold
ISIC_6610645,0,0.0011435254,held_fold
ISIC_6613228,0,0.12887374,held_fold
ISIC_6615566,0,0.44555187,held_fold
ISIC_6616174,0,0.08231345,held_fold
ISIC_6617840,0,0.0735754,held_fold
ISIC_6618652,0,0.011042277,held_fold
ISIC_6619970,0,0.015681848,held_fold
ISIC_6622594,0,0.0064150565,held_fold
ISIC_6622892,0,0.059305403,held_fold
ISIC_6627142,0,0.10353896,held_fold
ISIC_6627659,0,0.059816666,held_fold
ISIC_6628544,0,0.007721185,held_fold
ISIC_6632997,0,0.54808694,held_fold
ISIC_6636275,0,0.004665787,held_fold
ISIC_6636720,0,0.040328946,held_fold
ISIC_6637323,0,0.006816639,held_fold
ISIC_6638892,0,0.010920942,held_fold
ISIC_6640753,0,0.015213111,held_fold
ISIC_6644265,0,0.0044458695,held_fold
ISIC_6646410,0,0.019579725,held_fold
ISIC_6646749,0,0.009553843,held_fold
ISIC_6651931,0,0.016957577,held_fold
ISIC_6652211,0,0.02190532,held_fold
ISIC_6653311,0,0.27902642,held_fold
ISIC_6653456,0,0.10460186,held_fold
ISIC_6660516,0,0.3120102,held_fold
ISIC_6661691,0,0.024941875,held_fold
ISIC_6661904,0,0.25747123,held_fold
ISIC_6661910,0,0.09123884,held_fold
ISIC_6664275,0,0.1443238,held_fold
ISIC_6665380,0,0.38561857,held_fold
ISIC_6665515,0,0.0017986873,held_fold
ISIC_6668604,0,0.23843308,held_fold
ISIC_6668859,0,0.16184698,held_fold
ISIC_6673875,0,0.3120504,held_fold
ISIC_6674202,0,0.015942879,held_fold
ISIC_6676568,0,0.04991635,held_fold
ISIC_6676705,0,0.16935469,held_fold
ISIC_6680873,0,0.010753997,held_fold
ISIC_6681346,0,0.05358511,held_fold
ISIC_6683756,0,0.0026264552,held_fold
ISIC_6686144,0,0.0042062444,held_fold
ISIC_6687927,0,0.010738352,held_fold
ISIC_6688311,0,0.008829865,held_fold
ISIC_6689593,0,0.10606818,held_fold
ISIC_6689717,0,0.0048650084,held_fold
ISIC_6690049,0,0.037154425,held_fold
ISIC_6691092,0,0.0052846787,held_fold
ISIC_6696515,0,0.066999406,held_fold
ISIC_6696536,0,0.016979706,held_fold
ISIC_6698186,0,0.042914346,held_fold
ISIC_6701139,0,0.002935115,held_fold
ISIC_6702684,0,0.05619605,held_fold
ISIC_6703021,0,0.0014542,held_fold
ISIC_6703027,0,0.4517696,held_fold
ISIC_6704036,0,0.0072530173,held_fold
ISIC_6704130,0,0.0036939408,held_fold
ISIC_6706289,0,0.055040512,held_fold
ISIC_6706678,0,0.0842089,held_fold
ISIC_6708968,0,0.56745476,held_fold
ISIC_6709052,0,0.040182743,held_fold
ISIC_6712470,0,0.09800521,held_fold
ISIC_6713062,0,0.055818476,held_fold
ISIC_6716036,0,0.017113592,held_fold
ISIC_6721304,0,0.08193435,held_fold
ISIC_6723937,0,0.08308277,held_fold
ISIC_6725390,0,0.009638798,held_fold
ISIC_6725760,0,0.02862147,held_fold
ISIC_6725828,0,0.03360101,held_fold
ISIC_6726495,0,0.3600708,held_fold
ISIC_6727495,0,0.10781258,held_fold
ISIC_6729594,0,0.3048779,held_fold
ISIC_6731796,0,0.255755,held_fold
ISIC_6735970,0,0.32158196,held_fold
ISIC_6738013,0,0.015284571,held_fold
ISIC_6747026,0,0.009095371,held_fold
ISIC_6749688,0,0.010663623,held_fold
ISIC_6753364,0,0.03251327,held_fold
ISIC_6753425,0,0.08083619,held_fold
ISIC_6754034,0,0.45450476,held_fold
ISIC_6754749,0,0.011741618,held_fold
ISIC_6756517,0,0.11549366,held_fold
ISIC_6758042,0,0.05531505,held_fold
ISIC_6759319,0,0.080869325,held_fold
ISIC_6761980,0,0.10645407,held_fold
ISIC_6764541,0,0.022984046,held_fold
ISIC_6767017,0,0.011901191,held_fold
ISIC_6772067,0,0.036803927,held_fold
ISIC_6774796,0,0.011029038,held_fold
ISIC_6778483,0,0.34355226,held_fold
ISIC_6778756,0,0.04225384,held_fold
ISIC_6779354,0,0.037801784,held_fold
ISIC_6781075,0,0.009231472,held_fold
ISIC_6781637,0,0.007709449,held_fold
ISIC_6781665,0,0.14568236,held_fold
ISIC_6784722,0,0.12163885,held_fold
ISIC_6787097,0,0.05072861,held_fold
ISIC_6789876,0,0.024094157,held_fold
ISIC_6790949,0,0.009212015,held_fold
ISIC_6792155,0,0.115155496,held_fold
ISIC_6794321,0,0.011682032,held_fold
ISIC_6794899,0,0.47951326,held_fold
ISIC_6795009,0,0.009030391,held_fold
ISIC_6798880,0,0.004707103,held_fold
ISIC_6804665,0,0.016677367,held_fold
ISIC_6814478,0,0.5680712,held_fold
ISIC_6815524,0,0.016155586,held_fold
ISIC_6815672,0,0.12977356,held_fold
ISIC_6817651,0,0.016243717,held_fold
ISIC_6826081,0,0.0012864708,held_fold
ISIC_6827929,0,0.23700674,held_fold
ISIC_6828587,0,0.22839193,held_fold
ISIC_6831482,0,0.08109173,held_fold
ISIC_6841294,1,0.32705766,held_fold
ISIC_6841752,0,0.0071960664,held_fold
ISIC_6844282,0,0.11219737,held_fold
ISIC_6845907,0,0.31921026,held_fold
ISIC_6847317,0,0.009652072,held_fold
ISIC_6848560,0,0.24430475,held_fold
ISIC_6852275,0,0.23781477,held_fold
ISIC_6852281,0,0.0373718,held_fold
ISIC_6853087,0,0.047369853,held_fold
ISIC_6853657,0,0.007288094,held_fold
ISIC_6853786,0,0.0654098,held_fold
ISIC_6854940,0,0.041471276,held_fold
ISIC_6855125,0,0.0062601594,held_fold
ISIC_6857334,0,0.027949201,held_fold
ISIC_6858074,0,0.34207007,held_fold
ISIC_6858892,0,0.005207545,held_fold
ISIC_6859159,0,0.19484349,held_fold
ISIC_6866526,0,0.0076712705,held_fold
ISIC_6872792,0,0.41635728,held_fold
ISIC_6873669,0,0.0664625,held_fold
ISIC_6874316,0,0.009592019,held_fold
ISIC_6876297,0,0.06533898,held_fold
ISIC_6876309,0,0.020707766,held_fold
ISIC_6876820,0,0.046011858,held_fold
ISIC_6878588,0,0.61159587,held_fold
ISIC_6879085,0,0.06764438,held_fold
ISIC_6880164,0,0.008950956,held_fold
ISIC_6882582,0,0.011971832,held_fold
ISIC_6888012,0,0.02365696,held_fold
ISIC_6888353,0,0.20188013,held_fold
ISIC_6889965,0,0.007905728,held_fold
ISIC_6890820,0,0.06770564,held_fold
ISIC_6893552,0,0.33973044,held_fold
ISIC_6896427,0,0.01602793,held_fold
ISIC_6898059,0,0.19690703,held_fold
ISIC_6898841,0,0.00050470914,held_fold
ISIC_6899551,0,0.07489928,held_fold
ISIC_6900579,0,0.1694051,held_fold
ISIC_6901340,0,0.11405363,held_fold
ISIC_6901681,0,0.062492326,held_fold
ISIC_6903643,0,0.03722067,held_fold
ISIC_6904082,1,0.20800276,held_fold
ISIC_6904410,0,0.0039597154,held_fold
ISIC_6905594,0,0.024995992,held_fold
ISIC_6906203,0,0.089423105,held_fold
ISIC_6908286,0,0.006568464,held_fold
ISIC_6915759,0,0.48372495,held_fold
ISIC_6916987,0,0.115303434,held_fold
ISIC_6928607,0,0.02299226,held_fold
ISIC_6930690,0,0.1951541,held_fold
ISIC_6930828,0,0.31661293,held_fold
ISIC_6933471,0,0.010862519,held_fold
ISIC_6933978,0,0.0065855305,held_fold
ISIC_6934211,0,0.029847022,held_fold
ISIC_6938489,0,0.005859297,held_fold
ISIC_6938905,0,0.57531965,held_fold
ISIC_6940677,0,0.053650178,held_fold
ISIC_6941441,0,0.008023838,held_fold
ISIC_6943717,0,0.19957507,held_fold
ISIC_6944466,0,0.2691842,held_fold
ISIC_6944481,0,0.007206846,held_fold
ISIC_6945725,0,0.120204076,held_fold
ISIC_6946260,0,0.09645022,held_fold
ISIC_6947870,0,0.00505536,held_fold
ISIC_6949941,0,0.058056194,held_fold
ISIC_6952773,0,0.048496608,held_fold
ISIC_6954577,0,0.014122055,held_fold
ISIC_6955095,0,0.017803831,held_fold
ISIC_6955799,0,0.013223513,held_fold
ISIC_6959018,0,0.031957358,held_fold
ISIC_6963252,0,0.09488363,held_fold
ISIC_6967033,0,0.05147879,held_fold
ISIC_6968422,0,0.0501672,held_fold
ISIC_6968972,0,0.21296157,held_fold
ISIC_6968982,0,0.11993017,held_fold
ISIC_6970181,0,0.06947388,held_fold
ISIC_6970271,0,0.044660218,held_fold
ISIC_6973257,0,0.26405016,held_fold
ISIC_6974005,0,0.14233086,held_fold
ISIC_6974286,0,0.02593634,held_fold
ISIC_6977097,0,0.4692517,held_fold
ISIC_6977581,0,0.26597434,held_fold
ISIC_6986010,0,0.28632307,held_fold
ISIC_6991849,0,0.09974475,held_fold
ISIC_6992267,0,0.47102067,held_fold
ISIC_6992709,0,0.016192265,held_fold
ISIC_6997349,0,0.024546728,held_fold
ISIC_7002323,0,0.015131843,held_fold
ISIC_7006312,0,0.013049285,held_fold
ISIC_7009273,0,0.012299837,held_fold
ISIC_7011753,0,0.011452438,held_fold
ISIC_7012881,0,0.015707446,held_fold
ISIC_7013418,0,0.0017484848,held_fold
ISIC_7013991,0,0.005230456,held_fold
ISIC_7015694,0,0.121478505,held_fold
ISIC_7016839,0,0.008422924,held_fold
ISIC_7020708,0,0.2815213,held_fold
ISIC_7024662,0,0.13084018,held_fold
ISIC_7024807,0,0.2425467,held_fold
ISIC_7027424,0,0.25643992,held_fold
ISIC_7027536,0,0.059519414,held_fold
ISIC_7028320,0,0.35313824,held_fold
ISIC_7030974,0,0.0040372107,held_fold
ISIC_7032085,0,0.23324153,held_fold
ISIC_7032787,0,0.0377301,held_fold
ISIC_7033912,0,0.032416906,held_fold
ISIC_7035517,0,0.5575091,held_fold
ISIC_7038586,0,0.014718507,held_fold
ISIC_7041484,0,0.10201943,held_fold
ISIC_7041558,0,0.007339581,held_fold
ISIC_7043443,0,0.17302212,held_fold
ISIC_7044173,0,0.004665712,held_fold
ISIC_7046324,0,0.047551055,held_fold
ISIC_7051167,0,0.0010836667,held_fold
ISIC_7052158,0,0.0823396,held_fold
ISIC_7054108,0,0.0063824067,held_fold
ISIC_7056776,0,0.033756636,held_fold
ISIC_7056918,0,0.28385141,held_fold
ISIC_7058883,0,0.026295332,held_fold
ISIC_7064137,0,0.009485009,held_fold
ISIC_7066320,0,0.024196146,held_fold
ISIC_7066695,0,0.04389298,held_fold
ISIC_7066945,0,0.19104715,held_fold
ISIC_7067750,0,0.008577493,held_fold
ISIC_7068021,0,0.03179326,held_fold
ISIC_7069404,0,0.011274835,held_fold
ISIC_7069423,0,0.025954561,held_fold
ISIC_7069853,0,0.23492637,held_fold
ISIC_7071213,0,0.33513197,held_fold
ISIC_7073263,0,0.13656764,held_fold
ISIC_7079714,0,0.03886118,held_fold
ISIC_7080584,0,0.01681613,held_fold
ISIC_7082703,0,0.04327281,held_fold
ISIC_7083307,0,0.1964624,held_fold
ISIC_7084197,0,0.21142738,held_fold
ISIC_7091750,0,0.041087903,held_fold
ISIC_7095245,0,0.07228286,held_fold
ISIC_7096946,0,0.0056099617,held_fold
ISIC_7097343,0,0.00370732,held_fold
ISIC_7100755,1,0.38190827,held_fold
ISIC_7104307,0,0.086939916,held_fold
ISIC_7105639,0,0.0051402915,held_fold
ISIC_7105681,0,0.002683311,held_fold
ISIC_7107371,0,0.12285595,held_fold
ISIC_7115605,0,0.36128435,held_fold
ISIC_7116781,0,0.015593321,held_fold
ISIC_7117338,0,0.18203859,held_fold
ISIC_7119225,0,0.010882256,held_fold
ISIC_7121198,0,0.28511485,held_fold
ISIC_7121344,0,0.036159463,held_fold
ISIC_7124408,0,0.048844654,held_fold
ISIC_7125023,0,0.011279536,held_fold
ISIC_7125512,0,0.2376936,held_fold
ISIC_7125703,0,0.022025697,held_fold
ISIC_7126877,0,0.0016276195,held_fold
ISIC_7128233,0,0.040652886,held_fold
ISIC_7128674,0,0.050378412,held_fold
ISIC_7129085,0,0.096087575,held_fold
ISIC_7135134,0,0.00809045,held_fold
ISIC_7136995,0,0.0036730098,held_fold
ISIC_7137773,0,0.25251946,held_fold
ISIC_7139484,0,0.0017057193,held_fold
ISIC_7140636,0,0.8620911,held_fold
ISIC_7140783,0,0.00584749,held_fold
ISIC_7143388,0,0.043167725,held_fold
ISIC_7144795,0,0.0018896079,held_fold
ISIC_7145266,0,0.16435094,held_fold
ISIC_7145969,0,0.1819165,held_fold
ISIC_7148656,0,0.32318994,held_fold
ISIC_7150966,0,0.48833027,held_fold
ISIC_7152347,0,0.035098743,held_fold
ISIC_7153240,0,0.102593064,held_fold
ISIC_7155873,0,0.005611364,held_fold
ISIC_7156715,0,0.01819464,held_fold
ISIC_7161002,0,0.0063390024,held_fold
ISIC_7161069,0,0.011239594,held_fold
ISIC_7162343,0,0.18345399,held_fold
ISIC_7162711,0,0.51999384,held_fold
ISIC_7164076,0,0.020309087,held_fold
ISIC_7167473,0,0.0066271694,held_fold
ISIC_7168604,0,0.036230918,held_fold
ISIC_7170391,0,0.008912457,held_fold
ISIC_7170431,0,0.004468539,held_fold
ISIC_7171799,0,0.17291407,held_fold
ISIC_7173520,0,0.310614,held_fold
ISIC_7173850,0,0.028160539,held_fold
ISIC_7175127,0,0.012687509,held_fold
ISIC_7179067,0,0.0013606708,held_fold
ISIC_7180332,0,0.076398164,held_fold
ISIC_7181396,0,0.24728829,held_fold
ISIC_7182677,0,0.086081,held_fold
ISIC_7183212,1,0.18879837,held_fold
ISIC_7183931,0,0.0025358156,held_fold
ISIC_7185157,0,0.014078372,held_fold
ISIC_7187577,0,0.33460006,held_fold
ISIC_7188330,0,0.35547647,held_fold
ISIC_7192331,0,0.313514,held_fold
ISIC_7194695,0,0.81638557,held_fold
ISIC_7195168,0,0.12250209,held_fold
ISIC_7199167,0,0.18488702,held_fold
ISIC_7204331,0,0.39058703,held_fold
ISIC_7205039,0,0.3745834,held_fold
ISIC_7205863,0,0.026115693,held_fold
ISIC_7207496,0,0.14473137,held_fold
ISIC_7207715,0,0.010066229,held_fold
ISIC_7210752,0,0.014213149,held_fold
ISIC_7212312,0,0.08216799,held_fold
ISIC_7212966,0,0.18857597,held_fold
ISIC_7216772,0,0.045342475,held_fold
ISIC_7219262,0,0.004950407,held_fold
ISIC_7220538,0,0.014003092,held_fold
ISIC_7226381,0,0.0147697525,held_fold
ISIC_7227599,0,0.0027984884,held_fold
ISIC_7230027,0,0.019110557,held_fold
ISIC_7230304,0,0.08722537,held_fold
ISIC_7231735,0,0.6448591,held_fold
ISIC_7232375,0,0.04845971,held_fold
ISIC_7236143,0,0.16644648,held_fold
ISIC_7238139,0,0.063441396,held_fold
ISIC_7240224,0,0.027485287,held_fold
ISIC_7240424,0,0.028263327,held_fold
ISIC_7240915,0,0.028950261,held_fold
ISIC_7243256,0,0.12692566,held_fold
ISIC_7243593,0,0.007531524,held_fold
ISIC_7244323,0,0.011370576,held_fold
ISIC_7246096,0,0.06789536,held_fold
ISIC_7248532,0,0.0011981165,held_fold
ISIC_7248566,0,0.0072967517,held_fold
ISIC_7250813,0,0.007979131,held_fold
ISIC_7259980,0,0.03289732,held_fold
ISIC_7260013,0,0.28171828,held_fold
ISIC_7260492,0,0.008639819,held_fold
ISIC_7266940,0,0.0070134853,held_fold
ISIC_7268804,0,0.02208765,held_fold
ISIC_7270858,0,0.04052252,held_fold
ISIC_7272509,0,0.22087267,held_fold
ISIC_7273853,0,0.17878209,held_fold
ISIC_7279098,0,0.2865353,held_fold
ISIC_7281014,0,0.007709902,held_fold
ISIC_7286958,0,0.6556406,held_fold
ISIC_7287053,0,0.010160853,held_fold
ISIC_7287161,0,0.020566607,held_fold
ISIC_7287338,0,0.02190245,held_fold
ISIC_7288627,0,0.019185292,held_fold
ISIC_7288949,0,0.5502393,held_fold
ISIC_7292533,0,0.011848251,held_fold
ISIC_7294446,0,0.064136565,held_fold
ISIC_7298784,0,0.14492567,held_fold
ISIC_7301029,0,0.092233226,held_fold
ISIC_7302456,0,0.04318757,held_fold
ISIC_7309600,0,0.01764219,held_fold
ISIC_7312781,0,0.013014873,held_fold
ISIC_7313390,0,0.0039285906,held_fold
ISIC_7313923,0,0.037598222,held_fold
ISIC_7315641,0,0.4215924,held_fold
ISIC_7316364,0,0.0069348314,held_fold
ISIC_7316871,0,0.15603042,held_fold
ISIC_7319707,0,0.10025119,held_fold
ISIC_7321132,0,0.016419105,held_fold
ISIC_7322169,0,0.026291305,held_fold
ISIC_7324228,0,0.0024240043,held_fold
ISIC_7324840,0,0.35007477,held_fold
ISIC_7326713,0,0.20609675,held_fold
ISIC_7327087,0,0.12352428,held_fold
ISIC_7332657,0,0.18155731,held_fold
ISIC_7334875,0,0.15881315,held_fold
ISIC_7335785,0,0.0072561796,held_fold
ISIC_7337194,0,0.014289273,held_fold
ISIC_7338634,0,0.027227376,held_fold
ISIC_7338760,0,0.5955754,held_fold
ISIC_7338843,0,0.0045764805,held_fold
ISIC_7342741,0,0.07850446,held_fold
ISIC_7344014,0,0.0075000683,held_fold
ISIC_7345367,0,0.043000747,held_fold
ISIC_7345709,0,0.053179465,held_fold
ISIC_7346739,1,0.49949554,held_fold
ISIC_7351007,0,0.026016366,held_fold
ISIC_7353070,0,0.009643334,held_fold
ISIC_7356472,0,0.01981897,held_fold
ISIC_7356589,0,0.028440733,held_fold
ISIC_7357474,0,0.019817455,held_fold
ISIC_7358425,0,0.003318016,held_fold
ISIC_7358848,0,0.06778136,held_fold
ISIC_7358998,0,0.045885462,held_fold
ISIC_7360101,0,0.085020944,held_fold
ISIC_7364411,0,0.169402,held_fold
ISIC_7365445,0,0.02499997,held_fold
ISIC_7367323,0,0.04187221,held_fold
ISIC_7368046,0,0.025137782,held_fold
ISIC_7369843,0,0.095482655,held_fold
ISIC_7370756,0,0.028950762,held_fold
ISIC_7372459,0,0.024754971,held_fold
ISIC_7380364,0,0.014797352,held_fold
ISIC_7382594,0,0.29827136,held_fold
ISIC_7383044,0,0.02197947,held_fold
ISIC_7383585,0,0.16182302,held_fold
ISIC_7384638,0,0.6388706,held_fold
ISIC_7389320,0,0.009669573,held_fold
ISIC_7394756,0,0.09096307,held_fold
ISIC_7394834,0,0.067926064,held_fold
ISIC_7394897,0,0.052875157,held_fold
ISIC_7395166,0,0.38684565,held_fold
ISIC_7399970,0,0.103806876,held_fold
ISIC_7401893,0,0.0023179573,held_fold
ISIC_7402256,0,0.03849734,held_fold
ISIC_7404937,0,0.010562915,held_fold
ISIC_7409797,0,0.010013699,held_fold
ISIC_7410598,0,0.01856717,held_fold
ISIC_7410677,0,0.033717386,held_fold
ISIC_7413098,0,0.026747482,held_fold
ISIC_7413468,0,0.21896604,held_fold
ISIC_7414124,0,0.02995916,held_fold
ISIC_7416797,0,0.09801207,held_fold
ISIC_7418760,0,0.46239197,held_fold
ISIC_7422026,0,0.012988034,held_fold
ISIC_7423788,0,0.044235338,held_fold
ISIC_7424320,0,0.06041692,held_fold
ISIC_7430481,0,0.12090261,held_fold
ISIC_7431480,0,0.14497669,held_fold
ISIC_7434918,0,0.015875125,held_fold
ISIC_7436377,0,0.038639776,held_fold
ISIC_7438913,0,0.008069602,held_fold
ISIC_7439160,0,0.023510521,held_fold
ISIC_7441917,0,0.00811998,held_fold
ISIC_7445800,0,0.21194418,held_fold
ISIC_7446443,0,0.028736537,held_fold
ISIC_7452503,0,0.015147642,held_fold
ISIC_7452767,0,0.017177522,held_fold
ISIC_7453902,0,0.20125528,held_fold
ISIC_7456769,0,0.024197267,held_fold
ISIC_7458272,0,0.00846877,held_fold
ISIC_7459066,0,0.069678396,held_fold
ISIC_7459410,0,0.1154768,held_fold
ISIC_7460111,0,0.40330148,held_fold
ISIC_7460444,0,0.16623855,held_fold
ISIC_7461086,0,0.013457655,held_fold
ISIC_7462746,0,0.090673074,held_fold
ISIC_7465209,0,0.23680921,held_fold
ISIC_7465753,0,0.040119354,held_fold
ISIC_7466101,0,0.31973302,held_fold
ISIC_7468182,0,0.0060377964,held_fold
ISIC_7468407,0,0.19051313,held_fold
ISIC_7468410,0,0.0026855106,held_fold
ISIC_7471517,0,0.25599375,held_fold
ISIC_7474949,0,0.017997807,held_fold
ISIC_7474994,0,0.22681594,held_fold
ISIC_7477006,0,0.1701806,held_fold
ISIC_7477754,0,0.05140457,held_fold
ISIC_7477771,0,0.03914013,held_fold
ISIC_7480166,0,0.007249886,held_fold
ISIC_7481978,0,0.008571636,held_fold
ISIC_7482149,0,0.042018976,held_fold
ISIC_7484011,0,0.0070981993,held_fold
ISIC_7484618,0,0.004080974,held_fold
ISIC_7489895,0,0.014501064,held_fold
ISIC_7491217,0,0.1608129,held_fold
ISIC_7495148,0,0.13032115,held_fold
ISIC_7495157,0,0.03883152,held_fold
ISIC_7495971,0,0.21535046,held_fold
ISIC_7496225,0,0.03993852,held_fold
ISIC_7496511,0,0.1181209,held_fold
ISIC_7498132,0,0.0032674477,held_fold
ISIC_7498716,0,0.19900563,held_fold
ISIC_7499769,0,0.08081555,held_fold
ISIC_7503521,0,0.14444485,held_fold
ISIC_7503950,1,0.21701969,held_fold
ISIC_7504741,0,0.018575417,held_fold
ISIC_7505533,0,0.1781607,held_fold
ISIC_7505675,0,0.004535677,held_fold
ISIC_7507065,0,0.030931711,held_fold
ISIC_7507286,0,0.047075715,held_fold
ISIC_7507808,0,0.036242254,held_fold
ISIC_7508320,0,0.1412127,held_fold
ISIC_7509837,0,0.053883918,held_fold
ISIC_7511557,0,0.03242755,held_fold
ISIC_7513139,0,0.011105447,held_fold
ISIC_7513677,0,0.19974233,held_fold
ISIC_7514840,0,0.010224884,held_fold
ISIC_7517099,0,0.21674767,held_fold
ISIC_7519274,0,0.0124073615,held_fold
ISIC_7522199,0,0.15231545,held_fold
ISIC_7523330,0,0.16920772,held_fold
ISIC_7524426,0,0.002108633,held_fold
ISIC_7527413,0,0.31946886,held_fold
ISIC_7533216,0,0.14927705,held_fold
ISIC_7536704,1,0.06054896,held_fold
ISIC_7539588,0,0.009949853,held_fold
ISIC_7540824,0,0.0049355677,held_fold
ISIC_7543874,0,0.062866405,held_fold
ISIC_7544251,0,0.004371566,held_fold
ISIC_7546192,0,0.0229469,held_fold
ISIC_7547609,0,0.1233076,held_fold
ISIC_7548405,0,0.52990025,held_fold
ISIC_7548923,0,0.07727283,held_fold
ISIC_7549398,0,0.061146908,held_fold
ISIC_7552521,0,0.023624694,held_fold
ISIC_7555016,0,0.09144129,held_fold
ISIC_7559435,0,0.16347973,held_fold
ISIC_7560157,0,0.49701688,held_fold
ISIC_7561521,0,0.03994481,held_fold
ISIC_7562175,0,0.10422332,held_fold
ISIC_7564040,0,0.038194053,held_fold
ISIC_7566403,0,0.017381372,held_fold
ISIC_7567374,0,0.19887544,held_fold
ISIC_7570834,0,0.07786335,held_fold
ISIC_7571957,0,0.05146676,held_fold
ISIC_7572137,0,0.11514194,held_fold
ISIC_7574666,0,0.17216632,held_fold
ISIC_7575131,0,0.0049227835,held_fold
ISIC_7575246,0,0.11267049,held_fold
ISIC_7575644,0,0.21947353,held_fold
ISIC_7575815,0,0.010407729,held_fold
ISIC_7576735,0,0.044215903,held_fold
ISIC_7582764,0,0.012702307,held_fold
ISIC_7583644,0,0.024803149,held_fold
ISIC_7583922,0,0.0061599854,held_fold
ISIC_7585280,0,0.01032808,held_fold
ISIC_7585550,0,0.004668219,held_fold
ISIC_7585924,0,0.04170902,held_fold
ISIC_7586566,0,0.4722818,held_fold
ISIC_7587006,0,0.07979341,held_fold
ISIC_7589802,0,0.034826204,held_fold
ISIC_7593561,0,0.029570574,held_fold
ISIC_7594124,0,0.011791942,held_fold
ISIC_7594625,0,0.4125611,held_fold
ISIC_7595826,0,0.0160831,held_fold
ISIC_7596866,0,0.12262803,held_fold
ISIC_7598658,0,0.019070037,held_fold
ISIC_7600348,0,0.045980565,held_fold
ISIC_7601364,0,0.006184884,held_fold
ISIC_7602656,0,0.099489115,held_fold
ISIC_7603831,0,0.40487185,held_fold
ISIC_7604870,0,0.019551754,held_fold
ISIC_7607101,0,0.048042238,held_fold
ISIC_7607107,0,0.05647132,held_fold
ISIC_7607335,0,0.0139405215,held_fold
ISIC_7609643,0,0.05794314,held_fold
ISIC_7612427,0,0.3256999,held_fold
ISIC_7612589,0,0.22765322,held_fold
ISIC_7615896,0,0.038383905,held_fold
ISIC_7617445,0,0.0083463965,held_fold
ISIC_7619041,0,0.24552117,held_fold
ISIC_7619234,0,0.020625742,held_fold
ISIC_7620347,0,0.09210527,held_fold
ISIC_7622520,0,0.0153117385,held_fold
ISIC_7626632,0,0.04536023,held_fold
ISIC_7628175,0,0.0138129955,held_fold
ISIC_7629264,0,0.0035998141,held_fold
ISIC_7632525,0,0.18470563,held_fold
ISIC_7634151,0,0.10371992,held_fold
ISIC_7634281,0,0.007672781,held_fold
ISIC_7635056,0,0.08788842,held_fold
ISIC_7637091,0,0.25186536,held_fold
ISIC_7637801,0,0.012973702,held_fold
ISIC_7638574,0,0.043766025,held_fold
ISIC_7642500,0,0.05365275,held_fold
ISIC_7643396,0,0.32379702,held_fold
ISIC_7643603,0,0.011830445,held_fold
ISIC_7644571,0,0.026375456,held_fold
ISIC_7646866,0,0.0042526782,held_fold
ISIC_7647201,0,0.009011285,held_fold
ISIC_7649562,0,0.26650065,held_fold
ISIC_7649781,0,0.030649342,held_fold
ISIC_7650216,0,0.13033392,held_fold
ISIC_7650369,0,0.041443657,held_fold
ISIC_7652615,0,0.09162161,held_fold
ISIC_7653121,0,0.010446821,held_fold
ISIC_7656935,0,0.061409023,held_fold
ISIC_7657085,0,0.5190283,held_fold
ISIC_7658006,0,0.22353388,held_fold
ISIC_7661657,0,0.0468365,held_fold
ISIC_7665526,0,0.36618102,held_fold
ISIC_7665645,0,0.04874039,held_fold
ISIC_7668206,0,0.038354505,held_fold
ISIC_7670149,0,0.29250425,held_fold
ISIC_7671589,0,0.024974687,held_fold
ISIC_7671776,0,0.05327223,held_fold
ISIC_7671972,0,0.032483317,held_fold
ISIC_7672895,0,0.19482507,held_fold
ISIC_7677461,0,0.039960932,held_fold
ISIC_7677876,0,0.047435857,held_fold
ISIC_7683437,0,0.019704806,held_fold
ISIC_7685761,0,0.19395374,held_fold
ISIC_7686795,0,0.00987372,held_fold
ISIC_7687686,0,0.013446947,held_fold
ISIC_7690228,0,0.055051424,held_fold
ISIC_7691262,0,0.16916196,held_fold
ISIC_7693995,0,0.025400205,held_fold
ISIC_7694028,0,0.06392175,held_fold
ISIC_7694184,0,0.00926909,held_fold
ISIC_7694877,0,0.013993016,held_fold
ISIC_7697022,0,0.022898635,held_fold
ISIC_7697445,0,0.009671185,held_fold
ISIC_7701105,0,0.019212196,held_fold
ISIC_7702225,0,0.007515217,held_fold
ISIC_7704533,0,0.034417972,held_fold
ISIC_7705876,0,0.11044259,held_fold
ISIC_7706215,0,0.11549644,held_fold
ISIC_7709419,0,0.007043797,held_fold
ISIC_7709611,0,0.024355745,held_fold
ISIC_7710816,0,0.0746357,held_fold
ISIC_7711688,0,0.05927874,held_fold
ISIC_7711947,0,0.08144258,held_fold
ISIC_7712138,0,0.15023416,held_fold
ISIC_7712996,0,0.17546204,held_fold
ISIC_7713180,0,0.32317546,held_fold
ISIC_7714981,0,0.27305117,held_fold
ISIC_7715315,0,0.16445486,held_fold
ISIC_7723150,0,0.009054143,held_fold
ISIC_7724906,0,0.4779037,held_fold
ISIC_7727347,0,0.02630687,held_fold
ISIC_7727960,0,0.054149263,held_fold
ISIC_7728520,0,0.023636159,held_fold
ISIC_7729573,0,0.09083654,held_fold
ISIC_7737437,0,0.05896467,held_fold
ISIC_7738923,0,0.027581958,held_fold
ISIC_7744571,0,0.00410587,held_fold
ISIC_7745175,0,0.007755973,held_fold
ISIC_7750508,0,0.00736841,held_fold
ISIC_7750544,0,0.33906487,held_fold
ISIC_7753375,0,0.093176916,held_fold
ISIC_7753753,0,0.01849714,held_fold
ISIC_7754416,0,0.03402464,held_fold
ISIC_7756791,0,0.046899483,held_fold
ISIC_7759376,0,0.10408908,held_fold
ISIC_7759630,0,0.01718546,held_fold
ISIC_7760219,0,0.04392614,held_fold
ISIC_7760920,0,0.015311638,held_fold
ISIC_7760948,0,0.1273937,held_fold
ISIC_7761884,0,0.03010203,held_fold
ISIC_7762499,0,0.10240554,held_fold
ISIC_7763701,0,0.004427825,held_fold
ISIC_7764481,0,0.76975554,held_fold
ISIC_7767350,0,0.039788675,held_fold
ISIC_7767423,0,0.12368011,held_fold
ISIC_7769639,0,0.0068057906,held_fold
ISIC_7769827,0,0.07270979,held_fold
ISIC_7771615,0,0.028513324,held_fold
ISIC_7775535,0,0.02543255,held_fold
ISIC_7777873,0,0.026789533,held_fold
ISIC_7779225,0,0.00791335,held_fold
ISIC_7779685,0,0.0038754886,held_fold
ISIC_7780704,0,0.017664593,held_fold
ISIC_7783914,0,0.0134859765,held_fold
ISIC_7784796,0,0.013655038,held_fold
ISIC_7791478,0,0.015720412,held_fold
ISIC_7792073,0,0.032863084,held_fold
ISIC_7796174,0,0.018305,held_fold
ISIC_7797745,0,0.11061197,held_fold
ISIC_7798403,0,0.26727474,held_fold
ISIC_7800170,0,0.0143935075,held_fold
ISIC_7800415,0,0.2242574,held_fold
ISIC_7801815,0,0.14827114,held_fold
ISIC_7803010,0,0.03570679,held_fold
ISIC_7803118,0,0.00980314,held_fold
ISIC_7803496,0,0.078646995,held_fold
ISIC_7804919,0,0.0025155176,held_fold
ISIC_7806040,0,0.0048556686,held_fold
ISIC_7806612,0,0.05133904,held_fold
ISIC_7806765,0,0.0070414855,held_fold
ISIC_7807235,0,0.15352683,held_fold
ISIC_7808132,0,0.027352465,held_fold
ISIC_7809643,0,0.072329566,held_fold
ISIC_7811951,0,0.053143777,held_fold
ISIC_7814144,0,0.113401964,held_fold
ISIC_7815762,0,0.00499428,held_fold
ISIC_7816367,0,0.011374866,held_fold
ISIC_7818429,0,0.054062344,held_fold
ISIC_7819084,0,0.009221002,held_fold
ISIC_7821676,0,0.014186777,held_fold
ISIC_7823773,0,0.014533727,held_fold
ISIC_7824206,0,0.1268422,held_fold
ISIC_7824250,0,0.18010731,held_fold
ISIC_7824420,0,0.12889332,held_fold
ISIC_7824688,0,0.013722397,held_fold
ISIC_7826983,0,0.0016484775,held_fold
ISIC_7827067,0,0.0492646,held_fold
ISIC_7828320,0,0.026327278,held_fold
ISIC_7830937,0,0.063153684,held_fold
ISIC_7832323,0,0.0006417625,held_fold
ISIC_7833195,0,0.007149711,held_fold
ISIC_7836872,0,0.07821778,held_fold
ISIC_7839220,0,0.03734198,held_fold
ISIC_7841085,0,0.010688105,held_fold
ISIC_7841317,0,0.0126678115,held_fold
ISIC_7842567,0,0.013179693,held_fold
ISIC_7843406,0,0.037338696,held_fold
ISIC_7844276,0,0.25511587,held_fold
ISIC_7845281,0,0.12786411,held_fold
ISIC_7847294,0,0.18673685,held_fold
ISIC_7850058,0,0.0036017357,held_fold
ISIC_7850191,0,0.014998178,held_fold
ISIC_7850786,0,0.0071282117,held_fold
ISIC_7850884,0,0.05338665,held_fold
ISIC_7851399,0,0.0042469637,held_fold
ISIC_7852508,0,0.6057313,held_fold
ISIC_7852759,0,0.012480952,held_fold
ISIC_7853136,0,0.015192382,held_fold
ISIC_7857144,0,0.008511886,held_fold
ISIC_7859801,0,0.44559333,held_fold
ISIC_7867320,0,0.29278988,held_fold
ISIC_7868525,0,0.010674152,held_fold
ISIC_7868855,0,0.051982783,held_fold
ISIC_7869953,0,0.09766708,held_fold
ISIC_7873885,0,0.025591597,held_fold
ISIC_7875959,0,0.08876067,held_fold
ISIC_7876620,0,0.07972702,held_fold
ISIC_7879597,0,0.0060562617,held_fold
ISIC_7880046,0,0.018901287,held_fold
ISIC_7880706,0,0.016072804,held_fold
ISIC_7881514,0,0.06721608,held_fold
ISIC_7882053,0,0.023930524,held_fold
ISIC_7885531,0,0.12808603,held_fold
ISIC_7888672,0,0.0076665427,held_fold
ISIC_7890383,0,0.55887973,held_fold
ISIC_7891992,0,0.1348055,held_fold
ISIC_7892276,0,0.12550478,held_fold
ISIC_7895093,0,0.013167928,held_fold
ISIC_7896667,0,0.00245487,held_fold
ISIC_7897374,0,0.028087346,held_fold
ISIC_7897626,0,0.09652626,held_fold
ISIC_7900295,0,0.0073839976,held_fold
ISIC_7901662,0,0.27594355,held_fold
ISIC_7901891,0,0.1353023,held_fold
ISIC_7903213,0,0.09834984,held_fold
ISIC_7903561,0,0.0854179,held_fold
ISIC_7903873,0,0.015187367,held_fold
ISIC_7904191,0,0.018392615,held_fold
ISIC_7905714,0,0.04048363,held_fold
ISIC_7907113,0,0.021094035,held_fold
ISIC_7907304,0,0.046114463,held_fold
ISIC_7907808,0,0.10670784,held_fold
ISIC_7908575,0,0.30633664,held_fold
ISIC_7911353,0,0.0041819364,held_fold
ISIC_7912183,0,0.06813393,held_fold
ISIC_7915094,0,0.010185101,held_fold
ISIC_7915366,0,0.0074294633,held_fold
ISIC_7917961,0,0.030942969,held_fold
ISIC_7920705,0,0.03447001,held_fold
ISIC_7924119,0,0.012787913,held_fold
ISIC_7929089,0,0.07170427,held_fold
ISIC_7929649,0,0.15510231,held_fold
ISIC_7932466,0,0.19172257,held_fold
ISIC_7932658,0,0.038508985,held_fold
ISIC_7933565,0,0.18241358,held_fold
ISIC_7935007,0,0.0499075,held_fold
ISIC_7936798,0,0.019816143,held_fold
ISIC_7937728,0,0.0056331977,held_fold
ISIC_7940137,0,0.03196118,held_fold
ISIC_7940744,0,0.011944941,held_fold
ISIC_7942323,0,0.07857221,held_fold
ISIC_7947847,0,0.016920965,held_fold
ISIC_7948290,1,0.015835617,held_fold
ISIC_7949832,0,0.07854602,held_fold
ISIC_7950240,0,0.012135658,held_fold
ISIC_7956925,0,0.054429583,held_fold
ISIC_7957630,0,0.04020399,held_fold
ISIC_7958439,0,0.05453752,held_fold
ISIC_7960251,0,0.04237575,held_fold
ISIC_7960953,0,0.2909883,held_fold
ISIC_7966295,0,0.017670063,held_fold
ISIC_7967586,0,0.092221804,held_fold
ISIC_7968733,0,0.009162728,held_fold
ISIC_7969673,0,0.016165823,held_fold
ISIC_7970478,0,0.011378985,held_fold
ISIC_7972675,0,0.009767485,held_fold
ISIC_7972756,0,0.087725475,held_fold
ISIC_7974409,0,0.08325707,held_fold
ISIC_7975613,0,0.041094966,held_fold
ISIC_7976463,0,0.16378336,held_fold
ISIC_7976522,0,0.0496872,held_fold
ISIC_7977871,0,0.31952733,held_fold
ISIC_7978358,0,0.24025403,held_fold
ISIC_7984985,0,0.17744827,held_fold
ISIC_7985659,0,0.26897988,held_fold
ISIC_7987407,0,0.22611625,held_fold
ISIC_7988726,0,0.018006094,held_fold
ISIC_7989119,0,0.0064815753,held_fold
ISIC_7989205,0,0.03368734,held_fold
ISIC_7991159,0,0.018272646,held_fold
ISIC_7991305,0,0.07092171,held_fold
ISIC_7991424,0,0.09162178,held_fold
ISIC_7991740,0,0.04490085,held_fold
ISIC_7991932,0,0.027299713,held_fold
ISIC_7993653,0,0.012062754,held_fold
ISIC_7996054,0,0.014324261,held_fold
ISIC_7997461,0,0.09630109,held_fold
ISIC_8000880,0,0.018287018,held_fold
ISIC_8001757,0,0.049207743,held_fold
ISIC_8002875,1,0.7905918,held_fold
ISIC_8004811,0,0.029208193,held_fold
ISIC_8008356,0,0.12012275,held_fold
ISIC_8008932,0,0.63822436,held_fold
ISIC_8009201,0,0.01417541,held_fold
ISIC_8011058,1,0.4023474,held_fold
ISIC_8011403,0,0.119744636,held_fold
ISIC_8012279,0,0.007852801,held_fold
ISIC_8013946,0,0.018022276,held_fold
ISIC_8015990,0,0.0073818625,held_fold
ISIC_8017829,0,0.03479651,held_fold
ISIC_8024647,0,0.022827007,held_fold
ISIC_8025243,0,0.023134215,held_fold
ISIC_8025644,0,0.01812042,held_fold
ISIC_8026249,0,0.2389342,held_fold
ISIC_8028126,0,0.024249312,held_fold
ISIC_8029954,0,0.014040194,held_fold
ISIC_8030063,0,0.12544326,held_fold
ISIC_8031776,0,0.48150164,held_fold
ISIC_8032520,0,0.28161684,held_fold
ISIC_8033131,0,0.041423373,held_fold
ISIC_8034738,0,0.074737735,held_fold
ISIC_8034792,0,0.14966762,held_fold
ISIC_8035790,0,0.2654011,held_fold
ISIC_8036544,0,0.16555697,held_fold
ISIC_8038427,0,0.20185414,held_fold
ISIC_8039056,0,0.037733294,held_fold
ISIC_8041078,0,0.3309849,held_fold
ISIC_8041953,0,0.06344182,held_fold
ISIC_8042423,0,0.2930635,held_fold
ISIC_8043887,0,0.038411293,held_fold
ISIC_8044526,0,0.013429696,held_fold
ISIC_8045105,0,0.05385487,held_fold
ISIC_8045277,0,0.18040664,held_fold
ISIC_8049738,0,0.50065017,held_fold
ISIC_8049923,0,0.009793309,held_fold
ISIC_8050763,0,0.49214676,held_fold
ISIC_8051015,0,0.008238042,held_fold
ISIC_8051579,0,0.106600754,held_fold
ISIC_8052769,1,0.3023833,held_fold
ISIC_8053432,0,0.004640152,held_fold
ISIC_8053864,0,0.015287923,held_fold
ISIC_8055525,0,0.040008176,held_fold
ISIC_8055992,0,0.04464326,held_fold
ISIC_8059246,0,0.02633767,held_fold
ISIC_8064759,0,0.032774508,held_fold
ISIC_8066191,0,0.01250682,held_fold
ISIC_8066391,0,0.0040692585,held_fold
ISIC_8066487,0,0.05198032,held_fold
ISIC_8069416,0,0.3506315,held_fold
ISIC_8071131,0,0.14751792,held_fold
ISIC_8073568,0,0.1674522,held_fold
ISIC_8075868,0,0.14302795,held_fold
ISIC_8089289,0,0.024037387,held_fold
ISIC_8090739,0,0.2155435,held_fold
ISIC_8094432,0,0.19786502,held_fold
ISIC_8095966,0,0.003710902,held_fold
ISIC_8096904,0,0.008919596,held_fold
ISIC_8097600,0,0.0068900133,held_fold
ISIC_8099296,0,0.051849347,held_fold
ISIC_8099354,0,0.1248462,held_fold
ISIC_8101117,0,0.14601697,held_fold
ISIC_8102580,0,0.3265851,held_fold
ISIC_8105845,0,0.11238429,held_fold
ISIC_8108090,0,0.0049722497,held_fold
ISIC_8108870,0,0.04619604,held_fold
ISIC_8109433,0,0.011727467,held_fold
ISIC_8112306,0,0.011065317,held_fold
ISIC_8114321,0,0.07410948,held_fold
ISIC_8116363,0,0.13812931,held_fold
ISIC_8116716,0,0.011052478,held_fold
ISIC_8118312,0,0.00461847,held_fold
ISIC_8119105,0,0.114148535,held_fold
ISIC_8119115,0,0.027196778,held_fold
ISIC_8121679,0,0.39008754,held_fold
ISIC_8123257,0,0.0059417193,held_fold
ISIC_8124459,0,0.009776898,held_fold
ISIC_8125621,0,0.135825,held_fold
ISIC_8127242,0,0.049006723,held_fold
ISIC_8129907,0,0.03280179,held_fold
ISIC_8130007,0,0.11566374,held_fold
ISIC_8132874,0,0.024030454,held_fold
ISIC_8140229,0,0.008369194,held_fold
ISIC_8142461,0,0.15440178,held_fold
ISIC_8145260,0,0.01240942,held_fold
ISIC_8147189,0,0.018007914,held_fold
ISIC_8148300,0,0.013870162,held_fold
ISIC_8150300,0,0.012618311,held_fold
ISIC_8150469,0,0.0034633232,held_fold
ISIC_8151437,0,0.1949696,held_fold
ISIC_8151700,0,0.078342155,held_fold
ISIC_8151991,0,0.47209367,held_fold
ISIC_8153237,0,0.027921023,held_fold
ISIC_8154358,0,0.23020971,held_fold
ISIC_8155634,0,0.050908674,held_fold
ISIC_8157303,0,0.10653447,held_fold
ISIC_8157405,0,0.108697765,held_fold
ISIC_8157972,0,0.019612687,held_fold
ISIC_8158542,0,0.039366994,held_fold
ISIC_8159779,0,0.031391583,held_fold
ISIC_8160979,0,0.046202585,held_fold
ISIC_8163269,0,0.062203515,held_fold
ISIC_8164676,0,0.015173893,held_fold
ISIC_8165434,0,0.20293997,held_fold
ISIC_8166690,0,0.1514014,held_fold
ISIC_8167062,0,0.017044088,held_fold
ISIC_8168507,0,0.020471718,held_fold
ISIC_8170115,0,0.0064419284,held_fold
ISIC_8172795,0,0.04075556,held_fold
ISIC_8174925,0,0.21749184,held_fold
ISIC_8177108,0,0.02357018,held_fold
ISIC_8184471,0,0.22643659,held_fold
ISIC_8187997,0,0.0067407037,held_fold
ISIC_8188597,0,0.29222807,held_fold
ISIC_8189863,0,0.06254454,held_fold
ISIC_8190321,0,0.2256804,held_fold
ISIC_8190660,0,0.08717323,held_fold
ISIC_8191809,0,0.019312257,held_fold
ISIC_8194465,0,0.37191203,held_fold
ISIC_8195062,0,0.28747535,held_fold
ISIC_8195528,0,0.046053097,held_fold
ISIC_8196859,0,0.0073058237,held_fold
ISIC_8199467,0,0.024706105,held_fold
ISIC_8200593,0,0.010471374,held_fold
ISIC_8200928,0,0.01056836,held_fold
ISIC_8202573,0,0.01140446,held_fold
ISIC_8206290,0,0.25581908,held_fold
ISIC_8206577,0,0.23271808,held_fold
ISIC_8207162,0,0.0062743933,held_fold
ISIC_8208962,0,0.09765002,held_fold
ISIC_8212536,0,0.063422754,held_fold
ISIC_8212937,0,0.50293696,held_fold
ISIC_8215842,0,0.02284137,held_fold
ISIC_8218058,0,0.18225053,held_fold
ISIC_8222134,0,0.009158936,held_fold
ISIC_8222678,0,0.2130349,held_fold
ISIC_8223051,0,0.1229337,held_fold
ISIC_8225018,0,0.13548732,held_fold
ISIC_8228595,0,0.0016679268,held_fold
ISIC_8228671,0,0.046913464,held_fold
ISIC_8229770,0,0.023599591,held_fold
ISIC_8229833,0,0.111608796,held_fold
ISIC_8230318,1,0.38241675,held_fold
ISIC_8231594,0,0.030243406,held_fold
ISIC_8231949,0,0.12197779,held_fold
ISIC_8231999,1,0.48775107,held_fold
ISIC_8233378,0,0.016444791,held_fold
ISIC_8233560,0,0.12758102,held_fold
ISIC_8235969,0,0.0013651319,held_fold
ISIC_8236604,0,0.006458788,held_fold
ISIC_8238508,0,0.12640344,held_fold
ISIC_8239034,0,0.32329786,held_fold
ISIC_8241770,0,0.03471932,held_fold
ISIC_8242918,0,0.022216769,held_fold
ISIC_8243312,0,0.0062481333,held_fold
ISIC_8243893,0,0.085568674,held_fold
ISIC_8246858,0,0.09367962,held_fold
ISIC_8247847,0,0.005257811,held_fold
ISIC_8248941,0,0.0019722362,held_fold
ISIC_8249743,0,0.009837521,held_fold
ISIC_8249766,0,0.12070302,held_fold
ISIC_8250729,0,0.0030584536,held_fold
ISIC_8251042,0,0.0050143106,held_fold
ISIC_8258795,0,0.010437355,held_fold
ISIC_8260720,0,0.0053901677,held_fold
ISIC_8262345,0,0.0049525187,held_fold
ISIC_8263741,0,0.0019394718,held_fold
ISIC_8265045,0,0.08663231,held_fold
ISIC_8266469,0,0.7213115,held_fold
ISIC_8267758,0,0.07984473,held_fold
ISIC_8267961,0,0.056228515,held_fold
ISIC_8270195,0,0.021784823,held_fold
ISIC_8272138,0,0.008114555,held_fold
ISIC_8275353,0,0.033710286,held_fold
ISIC_8276583,0,0.054997604,held_fold
ISIC_8277987,0,0.069628075,held_fold
ISIC_8278517,0,0.013554202,held_fold
ISIC_8278742,0,0.16320702,held_fold
ISIC_8278912,0,0.099842094,held_fold
ISIC_8278996,0,0.023040447,held_fold
ISIC_8280581,0,0.006470488,held_fold
ISIC_8283033,0,0.20740332,held_fold
ISIC_8284404,0,0.008344505,held_fold
ISIC_8284602,0,0.006309559,held_fold
ISIC_8284685,0,0.039436277,held_fold
ISIC_8287528,0,0.27544338,held_fold
ISIC_8291368,0,0.012020509,held_fold
ISIC_8292122,0,0.007587485,held_fold
ISIC_8293201,0,0.012656849,held_fold
ISIC_8293930,0,0.014808973,held_fold
ISIC_8294905,0,0.01794129,held_fold
ISIC_8297517,0,0.068104446,held_fold
ISIC_8297563,0,0.06872722,held_fold
ISIC_8300858,0,0.033425625,held_fold
ISIC_8304346,0,0.052632324,held_fold
ISIC_8310944,0,0.0019149138,held_fold
ISIC_8313202,0,0.055354793,held_fold
ISIC_8314055,0,0.43365616,held_fold
ISIC_8314115,0,0.06567775,held_fold
ISIC_8314759,0,0.010957598,held_fold
ISIC_8315128,0,0.61594474,held_fold
ISIC_8316125,0,0.009415502,held_fold
ISIC_8316885,0,0.1112079,held_fold
ISIC_8318077,0,0.011578624,held_fold
ISIC_8319058,0,0.0021585482,held_fold
ISIC_8319586,0,0.011990455,held_fold
ISIC_8321678,0,0.019872136,held_fold
ISIC_8322239,0,0.044614963,held_fold
ISIC_8323234,0,0.0057374993,held_fold
ISIC_8323829,0,0.04859164,held_fold
ISIC_8324271,0,0.07077931,held_fold
ISIC_8324371,0,0.16284783,held_fold
ISIC_8324681,0,0.029939061,held_fold
ISIC_8324870,0,0.029992687,held_fold
ISIC_8324895,0,0.006521764,held_fold
ISIC_8325107,0,0.0055949553,held_fold
ISIC_8325198,0,0.13045646,held_fold
ISIC_8325260,0,0.16249512,held_fold
ISIC_8326957,0,0.0554986,held_fold
ISIC_8327302,0,0.40553793,held_fold
ISIC_8327352,0,0.095503464,held_fold
ISIC_8327455,0,0.14557824,held_fold
ISIC_8327485,0,0.03896015,held_fold
ISIC_8333087,0,0.041841578,held_fold
ISIC_8334115,0,0.15630725,held_fold
ISIC_8335489,0,0.34117013,held_fold
ISIC_8335722,0,0.015962949,held_fold
ISIC_8336956,0,0.15163478,held_fold
ISIC_8341144,0,0.010013037,held_fold
ISIC_8342761,0,0.694053,held_fold
ISIC_8343285,0,0.019726567,held_fold
ISIC_8343678,0,0.033957586,held_fold
ISIC_8344124,0,0.007424302,held_fold
ISIC_8345964,0,0.0041908617,held_fold
ISIC_8347165,0,0.050642572,held_fold
ISIC_8347675,0,0.12365376,held_fold
ISIC_8349600,0,0.07615229,held_fold
ISIC_8353156,0,0.021980958,held_fold
ISIC_8354409,0,0.1847285,held_fold
ISIC_8356805,0,0.31652218,held_fold
ISIC_8362113,0,0.06533545,held_fold
ISIC_8363791,0,0.0029392515,held_fold
ISIC_8366005,0,0.009014433,held_fold
ISIC_8368870,0,0.17645904,held_fold
ISIC_8373218,0,0.32614216,held_fold
ISIC_8374044,0,0.0011800735,held_fold
ISIC_8374497,0,0.022432439,held_fold
ISIC_8376027,0,0.014960733,held_fold
ISIC_8378094,0,0.03761901,held_fold
ISIC_8378321,0,0.006231389,held_fold
ISIC_8378790,0,0.0049152076,held_fold
ISIC_8379890,0,0.005885483,held_fold
ISIC_8379956,1,0.27338174,held_fold
ISIC_8380527,0,0.185801,held_fold
ISIC_8380605,0,0.073321864,held_fold
ISIC_8380904,0,0.109134234,held_fold
ISIC_8381608,0,0.021112587,held_fold
ISIC_8381673,0,0.0071860035,held_fold
ISIC_8383915,0,0.016965026,held_fold
ISIC_8386146,0,0.0069101835,held_fold
ISIC_8387437,0,0.0031263938,held_fold
ISIC_8388593,0,0.40951115,held_fold
ISIC_8393181,0,0.1541121,held_fold
ISIC_8397698,0,0.01785878,held_fold
ISIC_8400393,0,0.23698352,held_fold
ISIC_8406777,0,0.016635116,held_fold
ISIC_8409053,0,0.0021888032,held_fold
ISIC_8409475,0,0.31624103,held_fold
ISIC_8414396,0,0.05169673,held_fold
ISIC_8416554,0,0.014979719,held_fold
ISIC_8418506,0,0.1915159,held_fold
ISIC_8418610,0,0.07164493,held_fold
ISIC_8419036,0,0.21512288,held_fold
ISIC_8419663,0,0.0059946245,held_fold
ISIC_8420148,0,0.007847342,held_fold
ISIC_8421394,0,0.026956638,held_fold
ISIC_8422703,0,0.262431,held_fold
ISIC_8423312,0,0.00815442,held_fold
ISIC_8423604,0,0.036742277,held_fold
ISIC_8424599,0,0.078913026,held_fold
ISIC_8424785,0,0.054229792,held_fold
ISIC_8425338,0,0.08914877,held_fold
ISIC_8425541,0,0.1920931,held_fold
ISIC_8429099,0,0.16034645,held_fold
ISIC_8429564,0,0.005113894,held_fold
ISIC_8429722,0,0.00087870617,held_fold
ISIC_8430749,0,0.13668014,held_fold
ISIC_8432001,0,0.25996718,held_fold
ISIC_8434081,0,0.013265552,held_fold
ISIC_8435651,0,0.23166825,held_fold
ISIC_8436590,0,0.0657765,held_fold
ISIC_8438071,0,0.3611451,held_fold
ISIC_8440070,0,0.012859783,held_fold
ISIC_8442933,0,0.30067548,held_fold
ISIC_8444072,0,0.007021267,held_fold
ISIC_8445041,0,0.042253003,held_fold
ISIC_8445238,0,0.025613254,held_fold
ISIC_8446043,0,0.10240887,held_fold
ISIC_8449514,0,0.16494924,held_fold
ISIC_8450723,0,0.028366912,held_fold
ISIC_8451130,0,0.101068,held_fold
ISIC_8451869,0,0.031300213,held_fold
ISIC_8458149,0,0.010037305,held_fold
ISIC_8460669,0,0.09945877,held_fold
ISIC_8462445,0,0.02665331,held_fold
ISIC_8463146,0,0.009151389,held_fold
ISIC_8467665,0,0.020182915,held_fold
ISIC_8468957,0,0.047158062,held_fold
ISIC_8469765,0,0.01725157,held_fold
ISIC_8474660,0,0.17610736,held_fold
ISIC_8475681,0,0.0778027,held_fold
ISIC_8479104,0,0.064785175,held_fold
ISIC_8479651,0,0.0063601197,held_fold
ISIC_8480329,0,0.0038054015,held_fold
ISIC_8481822,0,0.07676152,held_fold
ISIC_8484660,0,0.003132189,held_fold
ISIC_8492463,0,0.016660016,held_fold
ISIC_8495497,0,0.034599554,held_fold
ISIC_8495875,0,0.06410131,held_fold
ISIC_8496646,0,0.0055006305,held_fold
ISIC_8497457,1,0.4856639,held_fold
ISIC_8502248,0,0.028250983,held_fold
ISIC_8502341,0,0.020782242,held_fold
ISIC_8504450,0,0.22493541,held_fold
ISIC_8504479,0,0.008987896,held_fold
ISIC_8504517,0,0.17552817,held_fold
ISIC_8506003,0,0.05496895,held_fold
ISIC_8506618,0,0.43404442,held_fold
ISIC_8509430,0,0.07435497,held_fold
ISIC_8510975,0,0.041101735,held_fold
ISIC_8515165,0,0.022153726,held_fold
ISIC_8518406,0,0.081582345,held_fold
ISIC_8519931,0,0.0057749217,held_fold
ISIC_8525314,0,0.04629128,held_fold
ISIC_8526729,0,0.54985833,held_fold
ISIC_8526902,0,0.020307308,held_fold
ISIC_8526982,0,0.25653175,held_fold
ISIC_8527330,0,0.010624305,held_fold
ISIC_8528486,0,0.005291087,held_fold
ISIC_8528824,0,0.04859937,held_fold
ISIC_8533045,0,0.03870928,held_fold
ISIC_8534863,0,0.00989698,held_fold
ISIC_8535943,0,0.040906332,held_fold
ISIC_8536138,0,0.020819854,held_fold
ISIC_8539990,0,0.014377922,held_fold
ISIC_8541038,0,0.06374957,held_fold
ISIC_8546213,0,0.019133478,held_fold
ISIC_8546378,0,0.036911603,held_fold
ISIC_8551624,0,0.2584634,held_fold
ISIC_8554450,0,0.012170049,held_fold
ISIC_8555960,0,0.003163381,held_fold
ISIC_8556519,0,0.1133495,held_fold
ISIC_8561070,0,0.18537708,held_fold
ISIC_8561963,0,0.118267186,held_fold
ISIC_8564527,0,0.117463395,held_fold
ISIC_8564636,0,0.0016331817,held_fold
ISIC_8566184,0,0.0073369863,held_fold
ISIC_8566203,0,0.08611822,held_fold
ISIC_8567027,0,0.03474557,held_fold
ISIC_8567199,0,0.039779264,held_fold
ISIC_8569148,0,0.009455702,held_fold
ISIC_8570817,0,0.016612392,held_fold
ISIC_8571262,0,0.033344947,held_fold
ISIC_8573647,0,0.68331504,held_fold
ISIC_8576068,0,0.005910472,held_fold
ISIC_8578732,0,0.068228565,held_fold
ISIC_8584089,0,0.04218144,held_fold
ISIC_8584585,0,0.0033171014,held_fold
ISIC_8585685,0,0.015319396,held_fold
ISIC_8591003,0,0.19058308,held_fold
ISIC_8596724,0,0.13740633,held_fold
ISIC_8597354,0,0.036439724,held_fold
ISIC_8599384,0,0.032059453,held_fold
ISIC_8600358,0,0.19972704,held_fold
ISIC_8602467,0,0.26252604,held_fold
ISIC_8603124,0,0.10060113,held_fold
ISIC_8603396,0,0.02931898,held_fold
ISIC_8605422,0,0.00911728,held_fold
ISIC_8608894,0,0.09120398,held_fold
ISIC_8614359,0,0.014615841,held_fold
ISIC_8614778,0,0.055615306,held_fold
ISIC_8618266,0,0.015178946,held_fold
ISIC_8624063,0,0.056982405,held_fold
ISIC_8624123,0,0.02515392,held_fold
ISIC_8626941,0,0.0023543998,held_fold
ISIC_8629973,0,0.06479046,held_fold
ISIC_8630818,0,0.008794975,held_fold
ISIC_8631846,0,0.0170494,held_fold
ISIC_8633719,0,0.14455274,held_fold
ISIC_8633889,0,0.22704667,held_fold
ISIC_8634356,0,0.010206525,held_fold
ISIC_8635903,0,0.039308213,held_fold
ISIC_8638021,0,0.013293863,held_fold
ISIC_8638173,0,0.0024663236,held_fold
ISIC_8639771,0,0.03899073,held_fold
ISIC_8645104,0,0.024629299,held_fold
ISIC_8646276,0,0.041121468,held_fold
ISIC_8647900,0,0.015952414,held_fold
ISIC_8648090,0,0.010240997,held_fold
ISIC_8649055,0,0.005927986,held_fold
ISIC_8651476,0,0.12072833,held_fold
ISIC_8657079,0,0.021081608,held_fold
ISIC_8658037,0,0.22316661,held_fold
ISIC_8658889,0,0.009620273,held_fold
ISIC_8659694,0,0.003670611,held_fold
ISIC_8661226,0,0.056353014,held_fold
ISIC_8663971,0,0.07186593,held_fold
ISIC_8664315,0,0.009236411,held_fold
ISIC_8664819,0,0.012075928,held_fold
ISIC_8666405,0,0.35131094,held_fold
ISIC_8666637,0,0.02402979,held_fold
ISIC_8668448,0,0.016144728,held_fold
ISIC_8668530,0,0.0083337445,held_fold
ISIC_8669314,0,0.2925598,held_fold
ISIC_8670684,0,0.020693764,held_fold
ISIC_8672185,0,0.6347325,held_fold
ISIC_8677110,0,0.39879754,held_fold
ISIC_8679149,0,0.0012714578,held_fold
ISIC_8680421,0,0.33920518,held_fold
ISIC_8680948,0,0.5032148,held_fold
ISIC_8681290,0,0.026091825,held_fold
ISIC_8681917,0,0.17539723,held_fold
ISIC_8691091,0,0.056747414,held_fold
ISIC_8691163,0,0.058715858,held_fold
ISIC_8692950,0,0.018782757,held_fold
ISIC_8694888,0,0.11225636,held_fold
ISIC_8695109,0,0.065743096,held_fold
ISIC_8695317,0,0.20888762,held_fold
ISIC_8699205,0,0.02343006,held_fold
ISIC_8699453,0,0.15847567,held_fold
ISIC_8700403,0,0.05619196,held_fold
ISIC_8701975,0,0.15171362,held_fold
ISIC_8702706,0,0.021708237,held_fold
ISIC_8703209,0,0.014670359,held_fold
ISIC_8704004,0,0.009329974,held_fold
ISIC_8705626,0,0.056818932,held_fold
ISIC_8707606,0,0.032733146,held_fold
ISIC_8715792,0,0.1830228,held_fold
ISIC_8716235,0,0.03033399,held_fold
ISIC_8716644,0,0.013180345,held_fold
ISIC_8717336,0,0.14711557,held_fold
ISIC_8723815,0,0.2384736,held_fold
ISIC_8727731,0,0.009690627,held_fold
ISIC_8729091,0,0.055209447,held_fold
ISIC_8739046,0,0.015127439,held_fold
ISIC_8739533,0,0.10483437,held_fold
ISIC_8742875,0,0.06439676,held_fold
ISIC_8747095,0,0.3687393,held_fold
ISIC_8748689,0,0.0072095627,held_fold
ISIC_8750055,0,0.11279331,held_fold
ISIC_8751393,0,0.121853426,held_fold
ISIC_8754461,0,0.2854406,held_fold
ISIC_8755163,0,0.003644148,held_fold
ISIC_8755714,0,0.06920215,held_fold
ISIC_8757664,0,0.012372446,held_fold
ISIC_8759073,0,0.24526088,held_fold
ISIC_8759726,0,0.052014045,held_fold
ISIC_8759744,0,0.02324474,held_fold
ISIC_8759813,0,0.32774645,held_fold
ISIC_8760029,0,0.01134201,held_fold
ISIC_8760380,0,0.45477468,held_fold
ISIC_8762437,0,0.011786443,held_fold
ISIC_8764927,0,0.64600664,held_fold
ISIC_8770401,0,0.058601364,held_fold
ISIC_8773685,0,0.006258786,held_fold
ISIC_8774880,0,0.041059148,held_fold
ISIC_8776363,0,0.015436787,held_fold
ISIC_8776661,0,0.8052968,held_fold
ISIC_8777622,0,0.013709301,held_fold
ISIC_8777866,0,0.1009186,held_fold
ISIC_8778648,0,0.035003528,held_fold
ISIC_8780547,0,0.10139603,held_fold
ISIC_8781451,0,0.0892698,held_fold
ISIC_8781751,0,0.017674996,held_fold
ISIC_8783667,0,0.15946922,held_fold
ISIC_8786606,0,0.0071912315,held_fold
ISIC_8789673,0,0.09061178,held_fold
ISIC_8790198,0,0.026982397,held_fold
ISIC_8791729,0,0.27309948,held_fold
ISIC_8799089,0,0.17508754,held_fold
ISIC_8802047,0,0.006352834,held_fold
ISIC_8804704,0,0.004644867,held_fold
ISIC_8805000,0,0.08779857,held_fold
ISIC_8808756,0,0.089723624,held_fold
ISIC_8812739,0,0.02525796,held_fold
ISIC_8812781,0,0.04600262,held_fold
ISIC_8812830,0,0.13678476,held_fold
ISIC_8813303,0,0.020679032,held_fold
ISIC_8813306,0,0.21414977,held_fold
ISIC_8813415,0,0.19087137,held_fold
ISIC_8813838,0,0.0053404514,held_fold
ISIC_8814843,0,0.0035359769,held_fold
ISIC_8816154,0,0.1287838,held_fold
ISIC_8816494,0,0.044945784,held_fold
ISIC_8821137,0,0.023379456,held_fold
ISIC_8826643,0,0.028386194,held_fold
ISIC_8831176,0,0.0024004986,held_fold
ISIC_8831631,0,0.19277124,held_fold
ISIC_8834606,0,0.09265765,held_fold
ISIC_8835154,0,0.67695147,held_fold
ISIC_8837100,0,0.46617675,held_fold
ISIC_8837792,0,0.38139668,held_fold
ISIC_8838232,0,0.0076004476,held_fold
ISIC_8840271,0,0.018658798,held_fold
ISIC_8841738,0,0.02445093,held_fold
ISIC_8841886,0,0.3069206,held_fold
ISIC_8842295,0,0.0077913105,held_fold
ISIC_8842646,0,0.1586175,held_fold
ISIC_8844233,0,0.03327556,held_fold
ISIC_8845891,0,0.06445321,held_fold
ISIC_8846654,0,0.027706703,held_fold
ISIC_8847321,0,0.051866263,held_fold
ISIC_8847503,0,0.051824335,held_fold
ISIC_8848134,0,0.33912876,held_fold
ISIC_8848327,0,0.0752466,held_fold
ISIC_8849117,0,0.035476454,held_fold
ISIC_8849466,0,0.3577974,held_fold
ISIC_8850826,0,0.2842829,held_fold
ISIC_8853902,0,0.022243757,held_fold
ISIC_8853995,0,0.023612874,held_fold
ISIC_8854196,0,0.11725072,held_fold
ISIC_8858877,0,0.14091821,held_fold
ISIC_8862107,0,0.5626091,held_fold
ISIC_8866651,1,0.38303763,held_fold
ISIC_8867555,0,0.02410005,held_fold
ISIC_8867565,0,0.0025955958,held_fold
ISIC_8869249,0,0.05388604,held_fold
ISIC_8872158,1,0.59817755,held_fold
ISIC_8878967,0,0.42391458,held_fold
ISIC_8882801,0,0.088759236,held_fold
ISIC_8883212,0,0.015042982,held_fold
ISIC_8887095,0,0.13804643,held_fold
ISIC_8887170,0,0.26799783,held_fold
ISIC_8887405,0,0.009420012,held_fold
ISIC_8889010,0,0.028378336,held_fold
ISIC_8890072,0,0.033820126,held_fold
ISIC_8891234,0,0.39900115,held_fold
ISIC_8893724,0,0.15128106,held_fold
ISIC_8896223,0,0.0025731018,held_fold
ISIC_8898680,0,0.035253666,held_fold
ISIC_8900012,0,0.049771532,held_fold
ISIC_8901419,0,0.3872292,held_fold
ISIC_8902080,0,0.10498809,held_fold
ISIC_8904256,0,0.21640018,held_fold
ISIC_8905349,0,0.10077226,held_fold
ISIC_8910635,0,0.016739452,held_fold
ISIC_8911740,0,0.06381339,held_fold
ISIC_8917078,0,0.12223696,held_fold
ISIC_8917755,0,0.2482617,held_fold
ISIC_8920064,0,0.008875192,held_fold
ISIC_8921327,0,0.0076868283,held_fold
ISIC_8921647,0,0.27536443,held_fold
ISIC_8923673,0,0.08039252,held_fold
ISIC_8924292,0,0.018462045,held_fold
ISIC_8924426,0,0.15896912,held_fold
ISIC_8924853,0,0.002767484,held_fold
ISIC_8926341,0,0.0666931,held_fold
ISIC_8926892,0,0.24120344,held_fold
ISIC_8926980,0,0.2335691,held_fold
ISIC_8927825,0,0.057560533,held_fold
ISIC_8933744,0,0.010384408,held_fold
ISIC_8935984,0,0.0788469,held_fold
ISIC_8936977,0,0.08391481,held_fold
ISIC_8937646,0,0.12730709,held_fold
ISIC_8938681,0,0.01329507,held_fold
ISIC_8938776,0,0.0055072443,held_fold
ISIC_8941586,0,0.0123881195,held_fold
ISIC_8944892,0,0.049767405,held_fold
ISIC_8951449,0,0.027648957,held_fold
ISIC_8952288,0,0.5070396,held_fold
ISIC_8953242,0,0.04611015,held_fold
ISIC_8956001,0,0.013282253,held_fold
ISIC_8957426,0,0.02882933,held_fold
ISIC_8960763,0,0.7329801,held_fold
ISIC_8965285,0,0.25983018,held_fold
ISIC_8966170,0,0.5440551,held_fold
ISIC_8967404,0,0.20158827,held_fold
ISIC_8967818,0,0.035950426,held_fold
ISIC_8970333,0,0.0065508606,held_fold
ISIC_8970499,0,0.03689823,held_fold
ISIC_8972403,0,0.031756718,held_fold
ISIC_8977933,0,0.20692706,held_fold
ISIC_8980801,0,0.003059361,held_fold
ISIC_8981700,0,0.32694495,held_fold
ISIC_8981851,0,0.011453788,held_fold
ISIC_8985109,1,0.15267396,held_fold
ISIC_8986997,0,0.0871934,held_fold
ISIC_8987085,0,0.02927477,held_fold
ISIC_8989572,0,0.004859582,held_fold
ISIC_8991530,0,0.23550107,held_fold
ISIC_8991672,0,0.05116438,held_fold
ISIC_8992925,0,0.13072029,held_fold
ISIC_8996902,0,0.0030028138,held_fold
ISIC_8997109,0,0.064235285,held_fold
ISIC_9000030,0,0.013956294,held_fold
ISIC_9000226,0,0.051443364,held_fold
ISIC_9000824,1,0.44077948,held_fold
ISIC_9001948,1,0.18789479,held_fold
ISIC_9004995,0,0.04171447,held_fold
ISIC_9008026,0,0.02576641,held_fold
ISIC_9011777,0,0.005616672,held_fold
ISIC_9012721,0,0.003627687,held_fold
ISIC_9013045,0,0.2064719,held_fold
ISIC_9014036,0,0.042958766,held_fold
ISIC_9014786,0,0.0038847253,held_fold
ISIC_9015818,0,0.04327736,held_fold
ISIC_9021889,0,0.13477205,held_fold
ISIC_9022054,0,0.23185365,held_fold
ISIC_9023603,0,0.09144355,held_fold
ISIC_9023945,0,0.2024922,held_fold
ISIC_9024038,0,0.19063142,held_fold
ISIC_9024245,0,0.0037577176,held_fold
ISIC_9028177,0,0.09801343,held_fold
ISIC_9028997,0,0.26621556,held_fold
ISIC_9029328,0,0.017952284,held_fold
ISIC_9037248,0,0.011123628,held_fold
ISIC_9037301,0,0.02006591,held_fold
ISIC_9037423,0,0.28289562,held_fold
ISIC_9037453,0,0.1285796,held_fold
ISIC_9041509,0,0.006275404,held_fold
ISIC_9041897,0,0.008321372,held_fold
ISIC_9043344,0,0.20997418,held_fold
ISIC_9043908,0,0.042194754,held_fold
ISIC_9050608,0,0.004481029,held_fold
ISIC_9051057,0,0.014387703,held_fold
ISIC_9051287,0,0.11814121,held_fold
ISIC_9052594,0,0.006521585,held_fold
ISIC_9053619,0,0.023460709,held_fold
ISIC_9053699,0,0.123009235,held_fold
ISIC_9053788,0,0.4784156,held_fold
ISIC_9054920,0,0.2836722,held_fold
ISIC_9055357,0,0.29358074,held_fold
ISIC_9059086,0,0.011952463,held_fold
ISIC_9059296,0,0.07281733,held_fold
ISIC_9059686,0,0.18877292,held_fold
ISIC_9060377,0,0.15485018,held_fold
ISIC_9064053,0,0.23317602,held_fold
ISIC_9066883,0,0.03561263,held_fold
ISIC_9069800,0,0.012754882,held_fold
ISIC_9071758,0,0.1487214,held_fold
ISIC_9072309,0,0.027360184,held_fold
ISIC_9072567,0,0.02681383,held_fold
ISIC_9076034,0,0.5981436,held_fold
ISIC_9077709,0,0.16896984,held_fold
ISIC_9078100,0,0.003988611,held_fold
ISIC_9079223,0,0.007139642,held_fold
ISIC_9079489,0,0.012433881,held_fold
ISIC_9080743,0,0.024629982,held_fold
ISIC_9080990,0,0.2531315,held_fold
ISIC_9082440,0,0.07486373,held_fold
ISIC_9083592,0,0.02556971,held_fold
ISIC_9084483,0,0.021312281,held_fold
ISIC_9085473,0,0.065053076,held_fold
ISIC_9087581,0,0.017298993,held_fold
ISIC_9087655,0,0.007780293,held_fold
ISIC_9089575,0,0.022202943,held_fold
ISIC_9089987,0,0.004550004,held_fold
ISIC_9091415,0,0.13712361,held_fold
ISIC_9091954,0,0.05438427,held_fold
ISIC_9092759,0,0.13604742,held_fold
ISIC_9094201,0,0.0090510165,held_fold
ISIC_9099529,0,0.072831854,held_fold
ISIC_9102834,0,0.024016457,held_fold
ISIC_9103422,0,0.09640153,held_fold
ISIC_9103556,0,0.053685743,held_fold
ISIC_9105740,0,0.02854183,held_fold
ISIC_9107811,0,0.011243092,held_fold
ISIC_9109515,0,0.034638952,held_fold
ISIC_9109847,0,0.01594463,held_fold
ISIC_9112443,0,0.00219649,held_fold
ISIC_9114776,0,0.033243697,held_fold
ISIC_9115001,0,0.011439139,held_fold
ISIC_9115256,0,0.22604421,held_fold
ISIC_9117456,0,0.23039187,held_fold
ISIC_9118842,0,0.021609439,held_fold
ISIC_9119271,0,0.1675291,held_fold
ISIC_9122329,0,0.0029910624,held_fold
ISIC_9127934,0,0.08926331,held_fold
ISIC_9128304,0,0.27719167,held_fold
ISIC_9134100,0,0.0056352913,held_fold
ISIC_9135390,0,0.09040216,held_fold
ISIC_9138647,0,0.08267619,held_fold
ISIC_9143795,0,0.03520584,held_fold
ISIC_9146648,0,0.011216227,held_fold
ISIC_9150050,0,0.033645328,held_fold
ISIC_9151409,0,0.1130835,held_fold
ISIC_9153636,0,0.21107873,held_fold
ISIC_9154282,0,0.059724085,held_fold
ISIC_9159739,0,0.055775084,held_fold
ISIC_9160772,0,0.14446492,held_fold
ISIC_9161341,0,0.095087074,held_fold
ISIC_9162451,0,0.005258502,held_fold
ISIC_9162798,0,0.04502193,held_fold
ISIC_9163905,0,0.035737537,held_fold
ISIC_9165807,0,0.030695897,held_fold
ISIC_9167285,0,0.007215299,held_fold
ISIC_9167290,0,0.012005535,held_fold
ISIC_9168779,0,0.46809042,held_fold
ISIC_9169000,0,0.5768416,held_fold
ISIC_9169586,0,0.012555688,held_fold
ISIC_9172605,0,0.005351925,held_fold
ISIC_9174306,1,0.1391948,held_fold
ISIC_9174347,0,0.710822,held_fold
ISIC_9174412,0,0.01877011,held_fold
ISIC_9174830,0,0.11707108,held_fold
ISIC_9177813,0,0.0028400642,held_fold
ISIC_9182285,0,0.008101044,held_fold
ISIC_9187978,0,0.04141995,held_fold
ISIC_9190018,0,0.02219371,held_fold
ISIC_9190784,0,0.016868504,held_fold
ISIC_9193127,1,0.0529303,held_fold
ISIC_9196819,0,0.014476858,held_fold
ISIC_9199229,0,0.009131202,held_fold
ISIC_9202278,0,0.044719305,held_fold
ISIC_9206499,0,0.07121741,held_fold
ISIC_9207137,0,0.1327366,held_fold
ISIC_9208006,0,0.22765857,held_fold
ISIC_9209515,0,0.03756421,held_fold
ISIC_9210825,0,0.017868191,held_fold
ISIC_9211989,0,0.40810505,held_fold
ISIC_9215836,0,0.32932562,held_fold
ISIC_9216989,0,0.062034186,held_fold
ISIC_9217340,0,0.045234464,held_fold
ISIC_9223481,0,0.049038105,held_fold
ISIC_9225184,0,0.015292684,held_fold
ISIC_9225210,0,0.12622167,held_fold
ISIC_9226193,0,0.022650829,held_fold
ISIC_9228224,0,0.03570936,held_fold
ISIC_9229525,0,0.08108725,held_fold
ISIC_9230826,0,0.030328358,held_fold
ISIC_9231263,0,0.083186194,held_fold
ISIC_9233009,0,0.006406722,held_fold
ISIC_9235975,0,0.013816894,held_fold
ISIC_9237244,0,0.19147007,held_fold
ISIC_9237341,0,0.38774854,held_fold
ISIC_9239339,0,0.04731169,held_fold
ISIC_9241093,0,0.007867891,held_fold
ISIC_9241222,0,0.23638527,held_fold
ISIC_9241497,0,0.004079465,held_fold
ISIC_9241722,0,0.0025585785,held_fold
ISIC_9243440,0,0.07766118,held_fold
ISIC_9244634,0,0.6380294,held_fold
ISIC_9244659,0,0.2952804,held_fold
ISIC_9246022,0,0.016817903,held_fold
ISIC_9247687,0,0.19777676,held_fold
ISIC_9249257,0,0.26169187,held_fold
ISIC_9250898,0,0.005201496,held_fold
ISIC_9252800,0,0.114621654,held_fold
ISIC_9254433,0,0.10267587,held_fold
ISIC_9255522,0,0.017935008,held_fold
ISIC_9258027,0,0.29273102,held_fold
ISIC_9259697,0,0.013402304,held_fold
ISIC_9259892,0,0.18838212,held_fold
ISIC_9262162,0,0.0050322944,held_fold
ISIC_9264993,0,0.008838235,held_fold
ISIC_9265406,0,0.032597683,held_fold
ISIC_9267058,0,0.03538855,held_fold
ISIC_9268137,0,0.009293798,held_fold
ISIC_9270335,0,0.029060267,held_fold
ISIC_9270418,0,0.060317636,held_fold
ISIC_9271416,0,0.12241472,held_fold
ISIC_9271800,0,0.020756237,held_fold
ISIC_9272770,0,0.013209458,held_fold
ISIC_9273465,0,0.08887688,held_fold
ISIC_9276442,0,0.17327817,held_fold
ISIC_9276931,0,0.006471468,held_fold
ISIC_9279329,0,0.11901549,held_fold
ISIC_9280210,0,0.12788115,held_fold
ISIC_9283427,0,0.053371593,held_fold
ISIC_9283914,0,0.0028369818,held_fold
ISIC_9285635,0,0.023917345,held_fold
ISIC_9290617,0,0.054466672,held_fold
ISIC_9290968,0,0.0554973,held_fold
ISIC_9293970,0,0.15495244,held_fold
ISIC_9294326,0,0.009068384,held_fold
ISIC_9294593,0,0.006495186,held_fold
ISIC_9295267,0,0.025761463,held_fold
ISIC_9296537,0,0.016645072,held_fold
ISIC_9297472,0,0.024808932,held_fold
ISIC_9299721,0,0.03223714,held_fold
ISIC_9300579,0,0.016219053,held_fold
ISIC_9301333,0,0.040856242,held_fold
ISIC_9303849,0,0.0068020597,held_fold
ISIC_9305788,0,0.0027569144,held_fold
ISIC_9307584,0,0.0067847087,held_fold
ISIC_9307997,0,0.007564777,held_fold
ISIC_9309245,0,0.13086553,held_fold
ISIC_9310101,0,0.09193793,held_fold
ISIC_9310178,0,0.03075264,held_fold
ISIC_9310505,0,0.18071185,held_fold
ISIC_9312099,0,0.0316273,held_fold
ISIC_9312164,1,0.11804877,held_fold
ISIC_9314144,0,0.5034229,held_fold
ISIC_9316994,0,0.007276284,held_fold
ISIC_9317894,0,0.33626613,held_fold
ISIC_9323095,0,0.0076244096,held_fold
ISIC_9323283,0,0.071689904,held_fold
ISIC_9325254,0,0.103450365,held_fold
ISIC_9328589,0,0.14365608,held_fold
ISIC_9331684,0,0.16439644,held_fold
ISIC_9332795,0,0.34373054,held_fold
ISIC_9333245,0,0.00991002,held_fold
ISIC_9333842,0,0.112394504,held_fold
ISIC_9334956,0,0.0815527,held_fold
ISIC_9335977,0,0.053779222,held_fold
ISIC_9338267,0,0.42098996,held_fold
ISIC_9339096,0,0.10040937,held_fold
ISIC_9339713,0,0.04695762,held_fold
ISIC_9340122,0,0.066854894,held_fold
ISIC_9340334,0,0.46073633,held_fold
ISIC_9340659,0,0.6915104,held_fold
ISIC_9342053,0,0.14053074,held_fold
ISIC_9344253,0,0.0075793103,held_fold
ISIC_9344352,0,0.089083776,held_fold
ISIC_9344664,0,0.06562973,held_fold
ISIC_9349327,0,0.24049886,held_fold
ISIC_9350197,0,0.01934509,held_fold
ISIC_9351189,0,0.13761424,held_fold
ISIC_9353514,0,0.08326153,held_fold
ISIC_9356306,0,0.017819162,held_fold
ISIC_9356313,0,0.32278958,held_fold
ISIC_9356630,0,0.06712978,held_fold
ISIC_9361625,0,0.05691164,held_fold
ISIC_9362964,0,0.10134538,held_fold
ISIC_9363106,0,0.048427828,held_fold
ISIC_9364690,0,0.0026646103,held_fold
ISIC_9365475,0,0.020404264,held_fold
ISIC_9366873,0,0.027085023,held_fold
ISIC_9367353,0,0.18117315,held_fold
ISIC_9368534,0,0.0071831155,held_fold
ISIC_9371867,0,0.0047565205,held_fold
ISIC_9371926,0,0.022416819,held_fold
ISIC_9374061,0,0.0963743,held_fold
ISIC_9375086,0,0.009819637,held_fold
ISIC_9378153,0,0.06019438,held_fold
ISIC_9378883,0,0.07699768,held_fold
ISIC_9379477,0,0.01083798,held_fold
ISIC_9379917,0,0.009187099,held_fold
ISIC_9385014,0,0.030047197,held_fold
ISIC_9386541,0,0.0016825468,held_fold
ISIC_9387488,0,0.06954648,held_fold
ISIC_9389584,0,0.021353452,held_fold
ISIC_9390305,0,0.022730809,held_fold
ISIC_9393022,0,0.037472844,held_fold
ISIC_9394148,0,0.012605663,held_fold
ISIC_9395144,0,0.12564316,held_fold
ISIC_9395519,0,0.02073424,held_fold
ISIC_9396628,0,0.011965894,held_fold
ISIC_9398499,0,0.013540471,held_fold
ISIC_9398989,0,0.006702644,held_fold
ISIC_9399365,0,0.015864499,held_fold
ISIC_9399686,0,0.20873791,held_fold
ISIC_9402324,1,0.18860699,held_fold
ISIC_9403241,0,0.027425941,held_fold
ISIC_9404190,0,0.020485574,held_fold
ISIC_9405403,0,0.0058328365,held_fold
ISIC_9406299,0,0.049268473,held_fold
ISIC_9406568,0,0.3767212,held_fold
ISIC_9407543,0,0.009556551,held_fold
ISIC_9407667,0,0.34855372,held_fold
ISIC_9407690,0,0.042608775,held_fold
ISIC_9407781,0,0.504734,held_fold
ISIC_9408359,0,0.21560998,held_fold
ISIC_9414126,0,0.11155672,held_fold
ISIC_9414574,0,0.049885668,held_fold
ISIC_9414904,0,0.02703339,held_fold
ISIC_9416183,0,0.028955502,held_fold
ISIC_9416765,0,0.0042118644,held_fold
ISIC_9418745,0,0.05825362,held_fold
ISIC_9419454,0,0.07487506,held_fold
ISIC_9422298,0,0.0055590067,held_fold
ISIC_9424706,0,0.0655145,held_fold
ISIC_9424787,0,0.07900227,held_fold
ISIC_9426433,0,0.008107193,held_fold
ISIC_9431739,0,0.021765552,held_fold
ISIC_9437390,0,0.047470007,held_fold
ISIC_9437975,0,0.18729004,held_fold
ISIC_9438178,0,0.112678915,held_fold
ISIC_9443041,0,0.007761887,held_fold
ISIC_9445196,0,0.011115171,held_fold
ISIC_9447286,0,0.17572415,held_fold
ISIC_9455994,0,0.042639412,held_fold
ISIC_9458746,0,0.028140139,held_fold
ISIC_9460379,0,0.08054528,held_fold
ISIC_9466416,0,0.010899202,held_fold
ISIC_9466790,0,0.13237281,held_fold
ISIC_9466794,0,0.112722486,held_fold
ISIC_9467082,0,0.024668735,held_fold
ISIC_9467292,0,0.18902886,held_fold
ISIC_9469650,0,0.008079612,held_fold
ISIC_9471383,0,0.16153793,held_fold
ISIC_9473134,0,0.0059777647,held_fold
ISIC_9473731,0,0.13052209,held_fold
ISIC_9475559,0,0.0045874724,held_fold
ISIC_9475941,0,0.017371554,held_fold
ISIC_9476904,0,0.14554754,held_fold
ISIC_9478109,0,0.17979906,held_fold
ISIC_9478930,0,0.45242578,held_fold
ISIC_9479161,0,0.57576287,held_fold
ISIC_9483417,0,0.07311317,held_fold
ISIC_9483894,0,0.053289298,held_fold
ISIC_9484538,0,0.14119646,held_fold
ISIC_9485536,0,0.42959866,held_fold
ISIC_9485901,0,0.0047119088,held_fold
ISIC_9489738,0,0.15577188,held_fold
ISIC_9491630,0,0.01783122,held_fold
ISIC_9493710,0,0.19283594,held_fold
ISIC_9497062,0,0.040169157,held_fold
ISIC_9498448,0,0.036943514,held_fold
ISIC_9498942,0,0.054510172,held_fold
ISIC_9500701,0,0.08586869,held_fold
ISIC_9502241,0,0.2668951,held_fold
ISIC_9505595,0,0.00270984,held_fold
ISIC_9509360,0,0.31072453,held_fold
ISIC_9511888,0,0.05361949,held_fold
ISIC_9513808,0,0.07089044,held_fold
ISIC_9514450,0,0.5535778,held_fold
ISIC_9517456,0,0.027055234,held_fold
ISIC_9519906,0,0.2380269,held_fold
ISIC_9522628,0,0.07713539,held_fold
ISIC_9525136,0,0.030946067,held_fold
ISIC_9526877,0,0.42544863,held_fold
ISIC_9528732,0,0.077647686,held_fold
ISIC_9529297,0,0.02565719,held_fold
ISIC_9531527,0,0.3254666,held_fold
ISIC_9535114,0,0.23443352,held_fold
ISIC_9540598,0,0.052169267,held_fold
ISIC_9540703,0,0.032894988,held_fold
ISIC_9542037,0,0.049222372,held_fold
ISIC_9542791,0,0.004924597,held_fold
ISIC_9543841,0,0.07022897,held_fold
ISIC_9544059,0,0.0026953418,held_fold
ISIC_9544832,1,0.34193292,held_fold
ISIC_9546197,0,0.313499,held_fold
ISIC_9546876,0,0.08215197,held_fold
ISIC_9548821,1,0.09729832,held_fold
ISIC_9549857,0,0.05018931,held_fold
ISIC_9550834,0,0.07171108,held_fold
ISIC_9551111,0,0.0825345,held_fold
ISIC_9551360,0,0.010042746,held_fold
ISIC_9551406,0,0.06405795,held_fold
ISIC_9551696,0,0.014880066,held_fold
ISIC_9553125,0,0.0030960478,held_fold
ISIC_9556334,1,0.38740224,held_fold
ISIC_9559293,0,0.36844894,held_fold
ISIC_9560390,0,0.33466443,held_fold
ISIC_9560694,0,0.00507729,held_fold
ISIC_9561954,0,0.0029886984,held_fold
ISIC_9562292,0,0.12729892,held_fold
ISIC_9562442,0,0.011816772,held_fold
ISIC_9562731,0,0.003752238,held_fold
ISIC_9563514,0,0.016059153,held_fold
ISIC_9564379,0,0.012902454,held_fold
ISIC_9564875,0,0.022300936,held_fold
ISIC_9566964,0,0.003227733,held_fold
ISIC_9568868,0,0.016785702,held_fold
ISIC_9569891,0,0.020235367,held_fold
ISIC_9571044,0,0.003224861,held_fold
ISIC_9571107,0,0.077141054,held_fold
ISIC_9571685,0,0.07023768,held_fold
ISIC_9573024,0,0.071015075,held_fold
ISIC_9573267,0,0.63840777,held_fold
ISIC_9573538,0,0.023572013,held_fold
ISIC_9574237,0,0.085103296,held_fold
ISIC_9574819,0,0.011715862,held_fold
ISIC_9578109,0,0.29678965,held_fold
ISIC_9578603,0,0.0071596727,held_fold
ISIC_9578777,0,0.026853045,held_fold
ISIC_9579506,0,0.014075143,held_fold
ISIC_9580101,0,0.008868081,held_fold
ISIC_9580143,0,0.18186054,held_fold
ISIC_9580344,0,0.019916514,held_fold
ISIC_9581761,0,0.10115094,held_fold
ISIC_9582535,0,0.012177098,held_fold
ISIC_9587745,0,0.005455946,held_fold
ISIC_9589883,0,0.5763451,held_fold
ISIC_9590586,0,0.061478864,held_fold
ISIC_9590644,0,0.006120489,held_fold
ISIC_9590727,0,0.06968548,held_fold
ISIC_9590964,0,0.017561886,held_fold
ISIC_9596685,0,0.00268886,held_fold
ISIC_9596955,0,0.14091796,held_fold
ISIC_9597731,0,0.16359317,held_fold
ISIC_9598426,0,0.027940324,held_fold
ISIC_9600205,0,0.012318533,held_fold
ISIC_9601132,0,0.007781287,held_fold
ISIC_9606109,0,0.008778155,held_fold
ISIC_9606139,0,0.032774378,held_fold
ISIC_9607252,0,0.5417314,held_fold
ISIC_9608191,0,0.11537542,held_fold
ISIC_9609865,0,0.7412096,held_fold
ISIC_9612481,1,0.3437819,held_fold
ISIC_9613570,0,0.001413293,held_fold
ISIC_9616024,0,0.022770649,held_fold
ISIC_9622274,0,0.058174767,held_fold
ISIC_9627148,0,0.005859661,held_fold
ISIC_9628600,0,0.0072810147,held_fold
ISIC_9629757,0,0.030814836,held_fold
ISIC_9632819,0,0.03088695,held_fold
ISIC_9636293,0,0.14145392,held_fold
ISIC_9636881,0,0.08448042,held_fold
ISIC_9637180,0,0.020388186,held_fold
ISIC_9637306,0,0.07940285,held_fold
ISIC_9637932,0,0.45454332,held_fold
ISIC_9637941,0,0.19969805,held_fold
ISIC_9638088,0,0.048018947,held_fold
ISIC_9640145,0,0.24599077,held_fold
ISIC_9640847,0,0.59514076,held_fold
ISIC_9642671,0,0.011578011,held_fold
ISIC_9643846,0,0.060264733,held_fold
ISIC_9644412,0,0.23509224,held_fold
ISIC_9647024,0,0.017405277,held_fold
ISIC_9647502,0,0.02034815,held_fold
ISIC_9648563,0,0.21267176,held_fold
ISIC_9648904,0,0.109193206,held_fold
ISIC_9649253,0,0.079206586,held_fold
ISIC_9657852,0,0.088570386,held_fold
ISIC_9659443,0,0.003702687,held_fold
ISIC_9660528,0,0.13223334,held_fold
ISIC_9660555,0,0.018524688,held_fold
ISIC_9665206,0,0.018664232,held_fold
ISIC_9666709,0,0.06243469,held_fold
ISIC_9671143,0,0.22986533,held_fold
ISIC_9671443,0,0.19566777,held_fold
ISIC_9676233,0,0.4832561,held_fold
ISIC_9677250,0,0.032730594,held_fold
ISIC_9679700,0,0.031221151,held_fold
ISIC_9681146,0,0.21358654,held_fold
ISIC_9681655,0,0.0045884307,held_fold
ISIC_9682473,0,0.21355331,held_fold
ISIC_9685344,0,0.0074585215,held_fold
ISIC_9686581,0,0.035981078,held_fold
ISIC_9687369,0,0.01584858,held_fold
ISIC_9687776,0,0.48220965,held_fold
ISIC_9688617,0,0.24470903,held_fold
ISIC_9690422,0,0.5722361,held_fold
ISIC_9693103,0,0.0022529585,held_fold
ISIC_9693759,0,0.009299705,held_fold
ISIC_9694198,0,0.0670002,held_fold
ISIC_9694275,0,0.0037360392,held_fold
ISIC_9694867,0,0.040573496,held_fold
ISIC_9695501,0,0.2440286,held_fold
ISIC_9695809,0,0.6324836,held_fold
ISIC_9698774,0,0.0060770414,held_fold
ISIC_9698786,0,0.18271986,held_fold
ISIC_9699238,0,0.040589444,held_fold
ISIC_9699728,0,0.01237603,held_fold
ISIC_9700920,0,0.010298425,held_fold
ISIC_9701912,0,0.049658738,held_fold
ISIC_9704788,0,0.01515712,held_fold
ISIC_9705832,0,0.07236164,held_fold
ISIC_9706034,0,0.0067464653,held_fold
ISIC_9706318,0,0.0015340875,held_fold
ISIC_9710168,0,0.056872685,held_fold
ISIC_9711252,0,0.2602772,held_fold
ISIC_9713363,0,0.012496442,held_fold
ISIC_9713897,0,0.09471212,held_fold
ISIC_9714255,0,0.0061727585,held_fold
ISIC_9720044,0,0.008427266,held_fold
ISIC_9720518,0,0.057742935,held_fold
ISIC_9723594,0,0.092719905,held_fold
ISIC_9725043,0,0.042371944,held_fold
ISIC_9725205,0,0.005803118,held_fold
ISIC_9728805,0,0.3323707,held_fold
ISIC_9730889,0,0.12120554,held_fold
ISIC_9731788,0,0.0064567258,held_fold
ISIC_9732811,0,0.035215687,held_fold
ISIC_9733758,0,0.1327833,held_fold
ISIC_9736710,0,0.2662726,held_fold
ISIC_9738306,0,0.034969933,held_fold
ISIC_9742891,0,0.10973365,held_fold
ISIC_9743014,0,0.15768372,held_fold
ISIC_9743638,0,0.019004226,held_fold
ISIC_9744206,0,0.41695884,held_fold
ISIC_9744723,0,0.012203584,held_fold
ISIC_9745492,0,0.016497906,held_fold
ISIC_9745942,0,0.09500453,held_fold
ISIC_9746246,0,0.015033236,held_fold
ISIC_9746861,0,0.042065635,held_fold
ISIC_9749009,0,0.04784336,held_fold
ISIC_9749497,0,0.08497441,held_fold
ISIC_9749852,0,0.053591397,held_fold
ISIC_9756215,0,0.024545176,held_fold
ISIC_9758444,0,0.1370524,held_fold
ISIC_9759505,0,0.03409478,held_fold
ISIC_9761658,0,0.009166876,held_fold
ISIC_9765760,0,0.029401703,held_fold
ISIC_9766574,0,0.015080147,held_fold
ISIC_9767292,0,0.038387727,held_fold
ISIC_9767883,0,0.34280616,held_fold
ISIC_9768834,0,0.06799443,held_fold
ISIC_9770536,0,0.005625179,held_fold
ISIC_9770765,0,0.0019334962,held_fold
ISIC_9773002,0,0.1301589,held_fold
ISIC_9776242,0,0.07226357,held_fold
ISIC_9778389,0,0.0015550805,held_fold
ISIC_9783456,0,0.11019266,held_fold
ISIC_9785970,0,0.056465223,held_fold
ISIC_9787058,0,0.011060732,held_fold
ISIC_9787633,0,0.035526887,held_fold
ISIC_9788591,0,0.27719742,held_fold
ISIC_9788987,0,0.058290757,held_fold
ISIC_9791586,0,0.06828505,held_fold
ISIC_9794738,0,0.024038356,held_fold
ISIC_9795608,0,0.0954438,held_fold
ISIC_9796680,0,0.006709164,held_fold
ISIC_9797914,0,0.029481243,held_fold
ISIC_9800787,0,0.03336496,held_fold
ISIC_9810276,0,0.1976066,held_fold
ISIC_9811939,0,0.012607843,held_fold
ISIC_9812330,0,0.38012508,held_fold
ISIC_9816307,0,0.046382647,held_fold
ISIC_9818733,0,0.12033714,held_fold
ISIC_9822350,0,0.054141257,held_fold
ISIC_9824129,0,0.01382689,held_fold
ISIC_9825491,0,0.06821217,held_fold
ISIC_9825604,0,0.093052916,held_fold
ISIC_9825836,0,0.062161043,held_fold
ISIC_9826904,0,0.032799732,held_fold
ISIC_9829655,0,0.007656257,held_fold
ISIC_9829667,0,0.25600564,held_fold
ISIC_9829781,0,0.18679632,held_fold
ISIC_9833462,0,0.024695812,held_fold
ISIC_9834469,0,0.07877087,held_fold
ISIC_9834664,0,0.22648524,held_fold
ISIC_9842000,0,0.33303958,held_fold
ISIC_9842269,0,0.00852703,held_fold
ISIC_9847262,0,0.15346804,held_fold
ISIC_9847284,0,0.02443224,held_fold
ISIC_9847972,0,0.009221276,held_fold
ISIC_9851993,0,0.069804475,held_fold
ISIC_9852341,0,0.011322617,held_fold
ISIC_9854912,0,0.003594557,held_fold
ISIC_9855719,0,0.35082656,held_fold
ISIC_9859594,0,0.048490036,held_fold
ISIC_9859708,0,0.012096585,held_fold
ISIC_9860895,0,0.015182817,held_fold
ISIC_9863059,0,0.008265893,held_fold
ISIC_9864416,0,0.35831922,held_fold
ISIC_9865814,0,0.01021144,held_fold
ISIC_9866375,0,0.100626305,held_fold
ISIC_9866767,0,0.030385828,held_fold
ISIC_9869789,0,0.06767593,held_fold
ISIC_9871571,0,0.08484902,held_fold
ISIC_9877164,0,0.09796146,held_fold
ISIC_9878424,0,0.03246709,held_fold
ISIC_9879041,0,0.029618166,held_fold
ISIC_9879347,0,0.006804157,held_fold
ISIC_9880854,0,0.48207608,held_fold
ISIC_9883092,0,0.067485645,held_fold
ISIC_9883380,0,0.017029058,held_fold
ISIC_9885210,0,0.16623713,held_fold
ISIC_9886540,0,0.088113025,held_fold
ISIC_9887282,0,0.010368812,held_fold
ISIC_9888213,0,0.06428661,held_fold
ISIC_9889001,0,0.022716884,held_fold
ISIC_9889470,0,0.00794003,held_fold
ISIC_9889687,0,0.2991151,held_fold
ISIC_9892275,0,0.080390036,held_fold
ISIC_9894283,0,0.001593246,held_fold
ISIC_9899140,0,0.41586503,held_fold
ISIC_9899644,0,0.006945926,held_fold
ISIC_9900623,0,0.16649228,held_fold
ISIC_9901871,0,0.06666482,held_fold
ISIC_9907793,0,0.23161551,held_fold
ISIC_9907938,0,0.0011260991,held_fold
ISIC_9908982,0,0.34495693,held_fold
ISIC_9909173,0,0.04792721,held_fold
ISIC_9913091,0,0.08583839,held_fold
ISIC_9915927,0,0.021516241,held_fold
ISIC_9916907,0,0.030897457,held_fold
ISIC_9919255,0,0.358404,held_fold
ISIC_9919374,0,0.008634875,held_fold
ISIC_9920161,0,0.064330265,held_fold
ISIC_9921831,0,0.028878728,held_fold
ISIC_9926111,0,0.026033765,held_fold
ISIC_9927490,0,0.8461841,held_fold
ISIC_9928774,0,0.1007892,held_fold
ISIC_9929556,0,0.008915886,held_fold
ISIC_9932789,0,0.2212027,held_fold
ISIC_9933119,0,0.004201911,held_fold
ISIC_9934553,0,0.2574021,held_fold
ISIC_9936188,0,0.06854573,held_fold
ISIC_9939963,0,0.025905887,held_fold
ISIC_9942347,0,0.21349813,held_fold
ISIC_9943579,0,0.014626539,held_fold
ISIC_9944803,0,0.02252666,held_fold
ISIC_9945083,0,0.21863174,held_fold
ISIC_9946557,0,0.0075476556,held_fold
ISIC_9946910,0,0.0065842485,held_fold
ISIC_9948815,0,0.008448299,held_fold
ISIC_9954582,0,0.0054097804,held_fold
ISIC_9955092,0,0.09928288,held_fold
ISIC_9956957,0,0.054943047,held_fold
ISIC_9960855,0,0.34085673,held_fold
ISIC_9962720,0,0.11102491,held_fold
ISIC_9963177,1,0.16584207,held_fold
ISIC_9971202,0,0.06441532,held_fold
ISIC_9973015,0,0.036748663,held_fold
ISIC_9973459,0,0.04547927,held_fold
ISIC_9974860,0,0.07135226,held_fold
ISIC_9975260,0,0.15574962,held_fold
ISIC_9975974,0,0.2812841,held_fold
ISIC_9978498,0,0.07085601,held_fold
ISIC_9979438,0,0.010279813,held_fold
ISIC_9980068,0,0.006654291,held_fold
ISIC_9981394,0,0.13870892,held_fold
ISIC_9981925,0,0.19660641,held_fold
ISIC_9982953,0,0.03880842,held_fold
ISIC_9985141,0,0.014835146,held_fold
ISIC_9991451,0,0.43555772,held_fold
ISIC_9995837,0,0.026450722,held_fold
ISIC_9998152,0,0.005064412,held_fold
ISIC_9998682,1,0.52525246,held_fold
