image_name,target,prob,split
ISIC_0074311,0,0.00017515836,inner_val
ISIC_0076545,0,0.045262042,inner_val
ISIC_0076742,0,4.5786866e-05,inner_val
ISIC_0081956,0,1.867567e-05,inner_val
ISIC_0082348,0,4.2033622e-05,inner_val
ISIC_0085718,0,0.0001769804,inner_val
ISIC_0087290,0,0.0002728324,inner_val
ISIC_0087297,0,6.174928e-05,inner_val
ISIC_0089401,0,0.00013380183,inner_val
ISIC_0089738,0,0.0009669311,inner_val
ISIC_0094775,0,0.00013022799,inner_val
ISIC_0096201,0,0.00038463037,inner_val
ISIC_0096227,0,0.0001804401,inner_val
ISIC_0106091,0,0.00043713706,inner_val
ISIC_0125706,0,0.015808307,inner_val
ISIC_0147817,0,4.993119e-05,inner_val
ISIC_0153589,0,0.0011491259,inner_val
ISIC_0163463,0,0.0007034903,inner_val
ISIC_0165903,0,0.00031831104,inner_val
ISIC_0166988,0,0.004649012,inner_val
ISIC_0170101,0,0.0040672976,inner_val
ISIC_0170583,0,0.0022203329,inner_val
ISIC_0170960,0,0.00083096785,inner_val
ISIC_0172865,0,0.0011998924,inner_val
ISIC_0175486,0,0.00017230437,inner_val
ISIC_0176781,0,0.0015783485,inner_val
ISIC_0180510,0,8.218144e-05,inner_val
ISIC_0181059,0,2.0948008e-05,inner_val
ISIC_0181678,0,0.0019940455,inner_val
ISIC_0183290,0,0.00030643702,inner_val
ISIC_0186161,0,0.026227126,inner_val
ISIC_0186437,0,0.00032534153,inner_val
ISIC_0186820,0,0.010822159,inner_val
ISIC_0189336,0,0.00039125813,inner_val
ISIC_0192596,0,0.00012229907,inner_val
ISIC_0192701,0,0.00030297716,inner_val
ISIC_0195699,0,0.00010921836,inner_val
ISIC_0195972,0,0.0036149344,inner_val
ISIC_0196559,0,9.720277e-05,inner_val
ISIC_0196945,0,1.3675107e-05,inner_val
ISIC_0198861,0,0.00012846576,inner_val
ISIC_0200174,0,0.0002025734,inner_val
ISIC_0200611,0,0.025389064,inner_val
ISIC_0205127,0,0.00030020764,inner_val
ISIC_0205926,0,0.0029952573,inner_val
ISIC_0207341,0,0.0012253919,inner_val
ISIC_0207349,0,0.00031447483,inner_val
ISIC_0210282,0,0.0005777205,inner_val
ISIC_0214037,0,0.005673189,inner_val
ISIC_0216689,0,0.021914776,inner_val
ISIC_0217057,0,0.00026975496,inner_val
ISIC_0217111,0,6.302116e-05,inner_val
ISIC_0221351,0,0.0013468766,inner_val
ISIC_0222117,0,0.0050608963,inner_val
ISIC_0226137,0,0.000641653,inner_val
ISIC_0228497,0,0.00030197532,inner_val
ISIC_0228718,0,4.223698e-05,inner_val
ISIC_0230332,0,0.004268173,inner_val
ISIC_0231828,0,0.00020329184,inner_val
ISIC_0234894,0,1.721559e-05,inner_val
ISIC_0237636,0,0.058678266,inner_val
ISIC_0238570,0,0.0071615037,inner_val
ISIC_0240365,0,0.00027294847,inner_val
ISIC_0240778,0,0.21427642,inner_val
ISIC_0242433,0,0.0030544929,inner_val
ISIC_0242646,0,0.00020796359,inner_val
ISIC_0243235,0,0.009292845,inner_val
ISIC_0244197,0,0.00017479432,inner_val
ISIC_0247541,0,0.0001792659,inner_val
ISIC_0248114,0,0.073119305,inner_val
ISIC_0249269,0,0.0004373655,inner_val
ISIC_0250455,0,0.012712481,inner_val
ISIC_0255796,0,2.7790105e-05,inner_val
ISIC_0257447,0,0.0015928753,inner_val
ISIC_0261781,0,0.0007230413,inner_val
ISIC_0263522,0,0.00039293827,inner_val
ISIC_0270101,0,0.00037324973,inner_val
ISIC_0271922,0,0.004227806,inner_val
ISIC_0274625,0,0.013535504,inner_val
ISIC_0275693,0,0.044364132,inner_val
ISIC_0277727,0,0.00053873664,inner_val
ISIC_0278346,0,0.001651416,inner_val
ISIC_0280208,0,0.0013535087,inner_val
ISIC_0280943,0,0.003459198,inner_val
ISIC_0282166,0,0.0020009656,inner_val
ISIC_0282321,0,0.0025909424,inner_val
ISIC_0282681,0,0.00027624087,inner_val
ISIC_0284664,0,0.00053667167,inner_val
ISIC_0285095,0,0.0049704784,inner_val
ISIC_0287784,0,2.5898928e-05,inner_val
ISIC_0290785,0,0.00032857485,inner_val
ISIC_0290881,0,0.006763611,inner_val
ISIC_0294733,0,6.2810446e-05,inner_val
ISIC_0294910,0,7.504541e-05,inner_val
ISIC_0295104,0,0.00032255703,inner_val
ISIC_0295178,0,0.0007415913,inner_val
ISIC_0296109,0,0.0056526703,inner_val
ISIC_0297558,0,6.81967e-05,inner_val
ISIC_0297795,0,0.0008967321,inner_val
ISIC_0299504,0,0.006018528,inner_val
ISIC_0301931,0,0.005458912,inner_val
ISIC_0304019,0,0.0024535367,inner_val
ISIC_0304649,0,0.00011793831,inner_val
ISIC_0307909,0,0.0010605383,inner_val
ISIC_0308888,0,7.768257e-05,inner_val
ISIC_0309642,0,0.0028405627,inner_val
ISIC_0309912,0,0.0012686019,inner_val
ISIC_0311783,0,0.0008547682,inner_val
ISIC_0313507,0,5.9127182e-05,inner_val
ISIC_0313653,0,0.00066791865,inner_val
ISIC_0313924,0,5.6178214e-05,inner_val
ISIC_0316656,0,0.027208114,inner_val
ISIC_0316933,0,4.9611957e-05,inner_val
ISIC_0320227,0,0.00010181122,inner_val
ISIC_0322637,0,0.00021116796,inner_val
ISIC_0323792,0,8.5576066e-05,inner_val
ISIC_0325664,0,0.0041072858,inner_val
ISIC_0327225,0,2.7470594e-05,inner_val
ISIC_0327406,1,0.0031590057,inner_val
ISIC_0329458,0,0.00010869834,inner_val
ISIC_0332865,0,1.4331038e-05,inner_val
ISIC_0333736,0,6.5761466e-05,inner_val
ISIC_0337921,0,0.0007550105,inner_val
ISIC_0339099,0,0.0002268458,inner_val
ISIC_0339930,0,5.5658834e-06,inner_val
ISIC_0342869,0,0.00014277261,inner_val
ISIC_0345845,0,0.0020147401,inner_val
ISIC_0347795,0,0.0006993448,inner_val
ISIC_0347984,0,0.07692026,inner_val
ISIC_0349484,0,0.001137119,inner_val
ISIC_0354635,0,0.00058761047,inner_val
ISIC_0357525,0,0.00017243093,inner_val
ISIC_0361914,0,0.00020971525,inner_val
ISIC_0362853,0,0.0015806006,inner_val
ISIC_0363161,0,0.009677457,inner_val
ISIC_0363251,0,8.327482e-05,inner_val
ISIC_0364641,0,0.00024000724,inner_val
ISIC_0367913,0,0.016112713,inner_val
ISIC_0369831,1,0.29608384,inner_val
ISIC_0371038,0,0.00024612513,inner_val
ISIC_0372318,0,0.00019601906,inner_val
ISIC_0377184,0,0.0010675433,inner_val
ISIC_0377420,0,0.00033847906,inner_val
ISIC_0378399,0,0.13861708,inner_val
ISIC_0379931,0,0.00025757015,inner_val
ISIC_0380622,0,0.00022640046,inner_val
ISIC_0381051,0,0.0013326857,inner_val
ISIC_0383524,0,0.0018711488,inner_val
ISIC_0383804,0,0.11848951,inner_val
ISIC_0384407,0,0.00011140774,inner_val
ISIC_0401401,0,0.00031569417,inner_val
ISIC_0402533,0,0.0013469125,inner_val
ISIC_0402674,0,0.000388884,inner_val
ISIC_0404568,0,0.00082111073,inner_val
ISIC_0404809,0,0.0011675585,inner_val
ISIC_0404840,0,0.005317784,inner_val
ISIC_0409172,0,0.028365245,inner_val
ISIC_0410165,0,0.00016481837,inner_val
ISIC_0420249,0,0.00015804225,inner_val
ISIC_0420381,0,0.0043755304,inner_val
ISIC_0420477,0,0.006055581,inner_val
ISIC_0420624,0,0.0002672646,inner_val
ISIC_0421558,0,0.0011863213,inner_val
ISIC_0428383,0,0.00035459653,inner_val
ISIC_0429932,0,0.0032202841,inner_val
ISIC_0432484,0,0.0010481062,inner_val
ISIC_0433142,0,0.021148585,inner_val
ISIC_0436161,0,0.008438554,inner_val
ISIC_0442425,0,0.0009393781,inner_val
ISIC_0445189,0,0.00227296,inner_val
ISIC_0448050,0,0.004302927,inner_val
ISIC_0450295,0,0.0054643927,inner_val
ISIC_0452379,0,0.00033946984,inner_val
ISIC_0454594,0,0.0002441478,inner_val
ISIC_0456090,0,0.008282722,inner_val
ISIC_0460240,0,0.00015456368,inner_val
ISIC_0460608,0,0.00016726696,inner_val
ISIC_0460815,0,0.00018558762,inner_val
ISIC_0461128,0,0.0012729488,inner_val
ISIC_0461706,0,0.062493876,inner_val
ISIC_0463755,0,0.00056543655,inner_val
ISIC_0465938,0,0.007832536,inner_val
ISIC_0468433,0,0.0002070722,inner_val
ISIC_0470210,0,0.0009419831,inner_val
ISIC_0470224,0,0.44588456,inner_val
ISIC_0474481,0,0.0005150901,inner_val
ISIC_0474975,0,0.00021758984,inner_val
ISIC_0477898,0,0.000184799,inner_val
ISIC_0481453,0,6.331476e-05,inner_val
ISIC_0483872,0,0.0003769583,inner_val
ISIC_0484171,0,6.546639e-05,inner_val
ISIC_0485417,0,0.0013542752,inner_val
ISIC_0488192,0,0.00021780364,inner_val
ISIC_0489611,0,6.12252e-05,inner_val
ISIC_0496209,0,0.0038145795,inner_val
ISIC_0498374,0,0.00026317706,inner_val
ISIC_0499971,0,0.0029958524,inner_val
ISIC_0501506,0,0.00069659203,inner_val
ISIC_0504868,0,0.00905537,inner_val
ISIC_0506901,0,0.016390312,inner_val
ISIC_0507787,0,0.0026757875,inner_val
ISIC_0508284,0,9.342819e-05,inner_val
ISIC_0515794,0,0.00048933487,inner_val
ISIC_0517121,0,0.0028919424,inner_val
ISIC_0518352,0,8.435428e-05,inner_val
ISIC_0520584,0,0.00087165425,inner_val
ISIC_0523031,0,0.0007189555,inner_val
ISIC_0523251,0,0.0004196555,inner_val
ISIC_0525318,0,0.001244417,inner_val
ISIC_0525554,0,0.007917765,inner_val
ISIC_0526861,0,0.0020274352,inner_val
ISIC_0528044,1,0.42472503,inner_val
ISIC_0528380,0,0.0068821213,inner_val
ISIC_0528495,0,0.07803991,inner_val
ISIC_0533986,0,0.009267413,inner_val
ISIC_0534191,0,0.09354345,inner_val
ISIC_0535416,0,0.0005040013,inner_val
ISIC_0535843,0,0.00020617011,inner_val
ISIC_0536321,0,0.00028479882,inner_val
ISIC_0536454,0,0.16539535,inner_val
ISIC_0536865,0,0.00011276726,inner_val
ISIC_0539604,0,0.0012367377,inner_val
ISIC_0542222,0,0.0013082885,inner_val
ISIC_0543351,0,0.00012190948,inner_val
ISIC_0549531,0,0.00056374195,inner_val
ISIC_0550051,0,0.030707551,inner_val
ISIC_0550406,0,0.020610355,inner_val
ISIC_0551684,0,0.05885056,inner_val
ISIC_0553164,0,8.983083e-05,inner_val
ISIC_0553509,0,0.0017378632,inner_val
ISIC_0555529,0,0.0064362152,inner_val
ISIC_0560916,0,1.2366964e-05,inner_val
ISIC_0561873,0,0.009955873,inner_val
ISIC_0565120,0,0.00018221365,inner_val
ISIC_0566527,0,0.0056206062,inner_val
ISIC_0569360,0,0.0008881819,inner_val
ISIC_0570690,0,0.00014580542,inner_val
ISIC_0573518,0,0.00688953,inner_val
ISIC_0573656,0,0.000106534055,inner_val
ISIC_0573934,0,0.00036811066,inner_val
ISIC_0574925,0,0.0033355418,inner_val
ISIC_0580054,0,7.121336e-05,inner_val
ISIC_0583827,0,0.00058072543,inner_val
ISIC_0584978,0,0.00020924567,inner_val
ISIC_0586396,0,0.015088345,inner_val
ISIC_0589461,0,0.050583173,inner_val
ISIC_0591097,0,0.005765358,inner_val
ISIC_0595080,0,0.00028292308,inner_val
ISIC_0596607,0,2.4282472e-05,inner_val
ISIC_0602494,0,0.00046980538,inner_val
ISIC_0602889,0,0.0016817125,inner_val
ISIC_0605128,0,0.05156708,inner_val
ISIC_0605180,0,0.0008249564,inner_val
ISIC_0606583,0,1.0239238e-05,inner_val
ISIC_0608613,0,0.0015230414,inner_val
ISIC_0610477,0,0.0007895853,inner_val
ISIC_0610849,0,0.00054419145,inner_val
ISIC_0612291,0,4.7376383e-05,inner_val
ISIC_0615782,0,0.022182668,inner_val
ISIC_0616348,0,0.00019913643,inner_val
ISIC_0625629,0,0.0005868157,inner_val
ISIC_0633259,0,0.00021658781,inner_val
ISIC_0634028,0,0.00051024335,inner_val
ISIC_0641330,0,0.008019099,inner_val
ISIC_0644590,0,0.004945207,inner_val
ISIC_0644970,0,9.438653e-05,inner_val
ISIC_0645462,0,0.0047744997,inner_val
ISIC_0645777,0,0.00028846585,inner_val
ISIC_0650126,0,0.0006209524,inner_val
ISIC_0650784,0,0.0042754877,inner_val
ISIC_0651166,0,0.00033529068,inner_val
ISIC_0662911,0,0.105797656,inner_val
ISIC_0663631,0,0.00013250615,inner_val
ISIC_0668165,0,0.00011831838,inner_val
ISIC_0674629,0,0.000119212935,inner_val
ISIC_0676126,0,0.0062381634,inner_val
ISIC_0680023,0,0.0016325589,inner_val
ISIC_0682403,0,0.0018203702,inner_val
ISIC_0683389,0,0.00012590086,inner_val
ISIC_0684995,0,0.0030028624,inner_val
ISIC_0687455,0,0.00488958,inner_val
ISIC_0687593,0,1.2353681e-05,inner_val
ISIC_0687788,0,0.004249538,inner_val
ISIC_0688622,0,0.00055758294,inner_val
ISIC_0689091,0,0.008648722,inner_val
ISIC_0690822,0,0.00016177115,inner_val
ISIC_0694037,0,0.01983147,inner_val
ISIC_0694381,0,0.00012074828,inner_val
ISIC_0694559,0,3.6435566e-05,inner_val
ISIC_0696027,0,0.000341622,inner_val
ISIC_0696408,0,0.003023445,inner_val
ISIC_0697138,0,0.0011558743,inner_val
ISIC_0699098,0,0.0019588133,inner_val
ISIC_0704859,0,0.0012835359,inner_val
ISIC_0705641,0,0.007484055,inner_val
ISIC_0707619,0,0.002058355,inner_val
ISIC_0707824,0,0.0019004055,inner_val
ISIC_0716858,0,0.04409487,inner_val
ISIC_0720013,0,0.0001236312,inner_val
ISIC_0720915,0,0.000114321825,inner_val
ISIC_0723780,0,0.00020437475,inner_val
ISIC_0728868,0,0.00038237576,inner_val
ISIC_0732636,0,0.0074914726,inner_val
ISIC_0740001,0,0.0010180232,inner_val
ISIC_0740449,0,0.00016372395,inner_val
ISIC_0748377,0,0.0031816715,inner_val
ISIC_0750683,0,0.029630601,inner_val
ISIC_0753250,0,0.00013832978,inner_val
ISIC_0754049,0,0.00013002525,inner_val
ISIC_0754789,0,0.0060200766,inner_val
ISIC_0755778,0,0.00016376705,inner_val
ISIC_0758729,0,0.0014839626,inner_val
ISIC_0759561,0,0.00010770568,inner_val
ISIC_0759612,0,0.0012675443,inner_val
ISIC_0760892,0,0.0037551424,inner_val
ISIC_0761158,0,0.0028314267,inner_val
ISIC_0765397,0,7.5407725e-06,inner_val
ISIC_0766328,0,0.0010504148,inner_val
ISIC_0767028,0,0.001371925,inner_val
ISIC_0769159,0,0.00013412476,inner_val
ISIC_0770772,0,5.559815e-06,inner_val
ISIC_0773096,0,0.00074739696,inner_val
ISIC_0773907,0,0.0013184218,inner_val
ISIC_0786366,0,0.00011559845,inner_val
ISIC_0786913,0,0.0008689264,inner_val
ISIC_0787851,0,0.04765099,inner_val
ISIC_0790942,0,0.0013391855,inner_val
ISIC_0792879,0,0.0009946191,inner_val
ISIC_0795514,0,0.00017314761,inner_val
ISIC_0796345,0,2.899214e-05,inner_val
ISIC_0798355,0,0.0063569075,inner_val
ISIC_0803154,0,2.1361648e-05,inner_val
ISIC_0803667,0,0.018863674,inner_val
ISIC_0803691,0,5.628085e-05,inner_val
ISIC_0804420,0,0.0021373793,inner_val
ISIC_0808309,0,0.0100721605,inner_val
ISIC_0809112,0,0.0057342933,inner_val
ISIC_0812959,0,0.0034499725,inner_val
ISIC_0813485,0,0.002218217,inner_val
ISIC_0814097,0,0.0032442685,inner_val
ISIC_0817172,0,0.025293518,inner_val
ISIC_0819357,0,0.0016000522,inner_val
ISIC_0822842,0,0.0031906248,inner_val
ISIC_0826710,0,0.0117613375,inner_val
ISIC_0826998,0,0.0022282656,inner_val
ISIC_0828310,0,0.00075014913,inner_val
ISIC_0833889,1,0.0006034045,inner_val
ISIC_0839323,0,0.021108717,inner_val
ISIC_0839367,0,0.031982422,inner_val
ISIC_0840730,0,0.000155937,inner_val
ISIC_0842999,0,0.0035790321,inner_val
ISIC_0845275,0,0.0008369504,inner_val
ISIC_0848126,0,0.010155944,inner_val
ISIC_0850065,0,0.00014737976,inner_val
ISIC_0853280,0,0.0036484823,inner_val
ISIC_0854727,0,0.00012708628,inner_val
ISIC_0856856,0,0.00031334776,inner_val
ISIC_0857978,0,0.012519063,inner_val
ISIC_0860320,0,0.00074748317,inner_val
ISIC_0860622,0,0.00012015344,inner_val
ISIC_0861066,0,0.17414756,inner_val
ISIC_0861322,0,0.00096487714,inner_val
ISIC_0862797,0,0.0038760887,inner_val
ISIC_0863691,0,0.004119402,inner_val
ISIC_0865443,0,0.00033512164,inner_val
ISIC_0869231,0,0.0033071323,inner_val
ISIC_0871035,0,0.0072635445,inner_val
ISIC_0871853,0,0.00038019556,inner_val
ISIC_0875971,0,0.0007092265,inner_val
ISIC_0879635,0,0.034986325,inner_val
ISIC_0880061,0,0.00037957574,inner_val
ISIC_0880095,0,0.0007809329,inner_val
ISIC_0885785,0,0.00015273251,inner_val
ISIC_0886519,0,0.0011822135,inner_val
ISIC_0889483,0,0.03732819,inner_val
ISIC_0889988,0,0.13915543,inner_val
ISIC_0893996,0,0.00065013615,inner_val
ISIC_0900210,0,0.00026024846,inner_val
ISIC_0900216,0,0.0035007892,inner_val
ISIC_0900349,0,9.428164e-05,inner_val
ISIC_0901864,0,0.00081349333,inner_val
ISIC_0904712,0,0.010262362,inner_val
ISIC_0906613,0,0.00088622567,inner_val
ISIC_0911989,0,0.00015394329,inner_val
ISIC_0915311,0,6.697942e-05,inner_val
ISIC_0918078,0,0.00022161427,inner_val
ISIC_0924427,1,0.030077465,inner_val
ISIC_0927854,0,0.0013169918,inner_val
ISIC_0928581,0,0.0008132972,inner_val
ISIC_0930135,0,0.00012242615,inner_val
ISIC_0931218,0,0.00020704773,inner_val
ISIC_0934367,0,0.00011324917,inner_val
ISIC_0935859,0,5.741157e-05,inner_val
ISIC_0939558,0,4.3366035e-05,inner_val
ISIC_0941302,0,4.3068187e-05,inner_val
ISIC_0942056,0,0.00015320568,inner_val
ISIC_0943089,0,0.00014168886,inner_val
ISIC_0945844,0,0.00011313476,inner_val
ISIC_0947525,0,0.0019556996,inner_val
ISIC_0951915,0,0.0038586922,inner_val
ISIC_0952665,0,0.02956378,inner_val
ISIC_0953709,0,0.022857228,inner_val
ISIC_0956562,0,6.7658606e-05,inner_val
ISIC_0960088,0,7.773252e-05,inner_val
ISIC_0965652,0,0.0013761276,inner_val
ISIC_0970616,0,0.0040986873,inner_val
ISIC_0973856,0,0.0056468463,inner_val
ISIC_0981775,0,0.00020922413,inner_val
ISIC_0984825,0,2.5157888e-05,inner_val
ISIC_0987749,0,0.0002364724,inner_val
ISIC_0987830,0,0.00039490772,inner_val
ISIC_0988712,0,1.7106759e-05,inner_val
ISIC_0990942,0,0.01075106,inner_val
ISIC_0996501,0,0.16419595,inner_val
ISIC_1000648,0,0.00012859114,inner_val
ISIC_1001477,0,0.0004456734,inner_val
ISIC_1005038,0,0.00070577743,inner_val
ISIC_1005544,0,0.00022073259,inner_val
ISIC_1007838,0,0.0011434169,inner_val
ISIC_1010525,0,0.00020346772,inner_val
ISIC_1013796,0,0.00014718356,inner_val
ISIC_1015191,0,5.026006e-05,inner_val
ISIC_1020208,0,0.0016869338,inner_val
ISIC_1020369,0,0.0005095583,inner_val
ISIC_1020405,0,0.0001988791,inner_val
ISIC_1023010,0,0.001487696,inner_val
ISIC_1023339,0,0.0012361853,inner_val
ISIC_1023810,0,0.00025873876,inner_val
ISIC_1026770,0,0.000116134324,inner_val
ISIC_1027512,0,0.00024213515,inner_val
ISIC_1028550,0,0.0011937944,inner_val
ISIC_1029700,0,0.00044243076,inner_val
ISIC_1034397,0,0.014338952,inner_val
ISIC_1034411,0,0.0073579084,inner_val
ISIC_1037947,0,0.00029205732,inner_val
ISIC_1040841,0,0.00021781879,inner_val
ISIC_1044758,0,5.258689e-05,inner_val
ISIC_1045252,0,0.0022268868,inner_val
ISIC_1051595,0,5.0004414e-06,inner_val
ISIC_1052148,0,0.006970925,inner_val
ISIC_1052782,0,0.00448586,inner_val
ISIC_1058326,0,0.00019745859,inner_val
ISIC_1071458,0,0.00066156505,inner_val
ISIC_1074629,0,0.00022048692,inner_val
ISIC_1075605,0,0.0009141629,inner_val
ISIC_1076339,0,0.00013311414,inner_val
ISIC_1078854,0,0.00024155456,inner_val
ISIC_1081510,0,7.802721e-05,inner_val
ISIC_1083681,0,0.00025199083,inner_val
ISIC_1089746,0,0.000111838184,inner_val
ISIC_1090562,0,0.00088479347,inner_val
ISIC_1093647,0,0.0006182934,inner_val
ISIC_1093722,0,0.007530213,inner_val
ISIC_1101667,0,0.0030349875,inner_val
ISIC_1103365,0,0.0015456106,inner_val
ISIC_1104762,0,8.271765e-05,inner_val
ISIC_1105059,0,0.0003235577,inner_val
ISIC_1106860,0,0.0018285651,inner_val
ISIC_1110949,0,0.005706153,inner_val
ISIC_1111173,0,0.00037622775,inner_val
ISIC_1111313,0,0.00016854295,inner_val
ISIC_1113271,0,0.004530147,inner_val
ISIC_1113490,1,0.014229895,inner_val
ISIC_1116037,0,0.003141853,inner_val
ISIC_1117214,0,0.15516455,inner_val
ISIC_1117369,0,0.0035824957,inner_val
ISIC_1120654,0,0.0022001506,inner_val
ISIC_1121740,0,0.0022578388,inner_val
ISIC_1127430,0,0.014204881,inner_val
ISIC_1127653,0,0.000145114,inner_val
ISIC_1128371,0,0.002093652,inner_val
ISIC_1137178,0,0.0026414995,inner_val
ISIC_1138232,0,0.00029629195,inner_val
ISIC_1140410,0,0.0021153158,inner_val
ISIC_1145706,0,0.000109807326,inner_val
ISIC_1146341,0,0.00027072272,inner_val
ISIC_1147733,0,0.00041583355,inner_val
ISIC_1149469,0,0.04896254,inner_val
ISIC_1151929,0,0.0150236,inner_val
ISIC_1152559,0,0.00016208134,inner_val
ISIC_1152648,0,0.00034742596,inner_val
ISIC_1157007,0,0.00076019997,inner_val
ISIC_1157790,0,0.005114918,inner_val
ISIC_1163258,0,2.9787798e-05,inner_val
ISIC_1163426,0,0.009275052,inner_val
ISIC_1166446,0,0.0016077415,inner_val
ISIC_1169095,0,0.00015724587,inner_val
ISIC_1176575,0,0.00013489793,inner_val
ISIC_1176987,0,0.009962229,inner_val
ISIC_1179160,0,7.773289e-05,inner_val
ISIC_1192974,0,5.1776882e-05,inner_val
ISIC_1194836,0,0.00033768002,inner_val
ISIC_1196660,0,0.020798288,inner_val
ISIC_1197692,0,0.22918136,inner_val
ISIC_1198405,0,0.00045698654,inner_val
ISIC_1201523,0,0.0009520666,inner_val
ISIC_1201873,0,0.00011024589,inner_val
ISIC_1207789,0,0.0023241465,inner_val
ISIC_1211024,0,0.010286699,inner_val
ISIC_1215482,0,7.1273964e-05,inner_val
ISIC_1218358,0,0.004316878,inner_val
ISIC_1219894,0,0.16831943,inner_val
ISIC_1221691,0,0.00019126893,inner_val
ISIC_1222640,0,0.00014842761,inner_val
ISIC_1225412,0,3.996978e-05,inner_val
ISIC_1228927,0,0.0008508295,inner_val
ISIC_1233389,0,0.00019257348,inner_val
ISIC_1237271,0,0.00013941481,inner_val
ISIC_1237500,0,8.147798e-05,inner_val
ISIC_1239373,0,6.938454e-05,inner_val
ISIC_1239785,0,9.976892e-05,inner_val
ISIC_1241304,0,0.00040894034,inner_val
ISIC_1241645,0,0.000104636136,inner_val
ISIC_1241817,1,0.07178163,inner_val
ISIC_1247037,0,0.00010798456,inner_val
ISIC_1247284,0,0.00013404447,inner_val
ISIC_1248275,0,0.0013023925,inner_val
ISIC_1256143,0,0.0009620673,inner_val
ISIC_1258986,0,0.011147519,inner_val
ISIC_1260515,0,0.0021656011,inner_val
ISIC_1268027,0,0.00020496802,inner_val
ISIC_1272071,0,0.001989028,inner_val
ISIC_1272768,0,0.00069842703,inner_val
ISIC_1274220,0,0.0021777072,inner_val
ISIC_1280112,0,4.0755203e-05,inner_val
ISIC_1280780,0,0.00083057355,inner_val
ISIC_1282063,0,0.00022036607,inner_val
ISIC_1285870,0,0.00016336124,inner_val
ISIC_1286298,0,0.009749077,inner_val
ISIC_1287495,0,4.6502817e-05,inner_val
ISIC_1289608,0,0.0006187485,inner_val
ISIC_1290920,0,0.006929172,inner_val
ISIC_1296817,0,0.00014673012,inner_val
ISIC_1304291,0,5.5896173e-05,inner_val
ISIC_1306020,0,0.0002486489,inner_val
ISIC_1306050,0,0.005618387,inner_val
ISIC_1307651,0,6.113943e-05,inner_val
ISIC_1308081,0,3.483037e-05,inner_val
ISIC_1308938,0,0.0010523058,inner_val
ISIC_1323471,0,0.0002027912,inner_val
ISIC_1324618,0,0.0003282289,inner_val
ISIC_1328868,0,0.09152404,inner_val
ISIC_1346562,0,5.6654986e-05,inner_val
ISIC_1348050,0,0.0001883898,inner_val
ISIC_1349042,0,0.037570134,inner_val
ISIC_1349213,0,0.005840152,inner_val
ISIC_1349353,0,0.0005597339,inner_val
ISIC_1351965,0,0.0010023701,inner_val
ISIC_1353094,0,0.0003181757,inner_val
ISIC_1353530,0,0.0009532115,inner_val
ISIC_1353668,0,0.012753417,inner_val
ISIC_1355890,0,0.003879898,inner_val
ISIC_1359533,0,6.8660454e-05,inner_val
ISIC_1361124,0,0.012430328,inner_val
ISIC_1362234,0,0.014630269,inner_val
ISIC_1367387,0,0.00026757107,inner_val
ISIC_1368367,0,0.0027565474,inner_val
ISIC_1368549,0,3.6989317e-05,inner_val
ISIC_1373573,0,3.7363556e-05,inner_val
ISIC_1383347,0,0.0038999876,inner_val
ISIC_1386612,0,0.0062241266,inner_val
ISIC_1388650,0,0.006308279,inner_val
ISIC_1393528,0,0.00018796546,inner_val
ISIC_1393849,0,0.00023208262,inner_val
ISIC_1394746,0,0.00044842353,inner_val
ISIC_1397669,0,0.003372042,inner_val
ISIC_1400825,0,7.804849e-05,inner_val
ISIC_1401396,0,0.00022882674,inner_val
ISIC_1402407,0,0.0020990996,inner_val
ISIC_1402840,0,6.0484534e-05,inner_val
ISIC_1414751,0,0.0012252225,inner_val
ISIC_1414967,0,0.0017412008,inner_val
ISIC_1425961,0,0.00013683057,inner_val
ISIC_1426781,0,0.005645628,inner_val
ISIC_1428473,0,0.017412495,inner_val
ISIC_1429608,0,0.0007039768,inner_val
ISIC_1433921,0,0.0037762746,inner_val
ISIC_1435946,0,1.2920204e-05,inner_val
ISIC_1437974,0,0.0013886429,inner_val
ISIC_1438269,0,7.585621e-05,inner_val
ISIC_1440985,1,0.11517136,inner_val
ISIC_1441260,0,3.4237164e-05,inner_val
ISIC_1443134,0,0.07749099,inner_val
ISIC_1445790,0,0.0003584288,inner_val
ISIC_1451530,0,0.00013718905,inner_val
ISIC_1452314,0,0.0011024153,inner_val
ISIC_1452626,0,0.00022678613,inner_val
ISIC_1453787,0,9.3375995e-05,inner_val
ISIC_1454004,0,0.00055751833,inner_val
ISIC_1456390,0,7.607215e-05,inner_val
ISIC_1457687,0,0.013460288,inner_val
ISIC_1467006,0,7.7298464e-05,inner_val
ISIC_1467289,0,0.00041710734,inner_val
ISIC_1467430,0,0.00048206333,inner_val
ISIC_1470271,0,0.0003295791,inner_val
ISIC_1476281,0,0.0013677061,inner_val
ISIC_1477076,0,8.0569596e-05,inner_val
ISIC_1477615,0,0.00014249842,inner_val
ISIC_1479183,0,0.0042874245,inner_val
ISIC_1480119,0,0.076462194,inner_val
ISIC_1481965,0,7.412224e-05,inner_val
ISIC_1483503,0,5.5673536e-05,inner_val
ISIC_1487510,0,0.0008781796,inner_val
ISIC_1487856,0,0.029162358,inner_val
ISIC_1488047,0,0.00034397794,inner_val
ISIC_1488727,0,0.00012962589,inner_val
ISIC_1496194,0,6.443993e-05,inner_val
ISIC_1497121,0,0.003958121,inner_val
ISIC_1501483,0,0.0025515517,inner_val
ISIC_1502460,0,0.006384191,inner_val
ISIC_1504257,0,0.00024966846,inner_val
ISIC_1505069,0,0.0011847307,inner_val
ISIC_1507583,0,0.0015306446,inner_val
ISIC_1508162,0,0.025129931,inner_val
ISIC_1509056,0,0.00018770236,inner_val
ISIC_1509417,0,0.045962505,inner_val
ISIC_1509635,0,0.00014697025,inner_val
ISIC_1511109,0,0.082770914,inner_val
ISIC_1511613,0,0.004943264,inner_val
ISIC_1511661,0,0.0011477361,inner_val
ISIC_1515413,0,0.00038823852,inner_val
ISIC_1517730,0,6.889447e-05,inner_val
ISIC_1519429,0,1.2173307e-05,inner_val
ISIC_1519698,0,0.00370853,inner_val
ISIC_1533383,0,0.00011150509,inner_val
ISIC_1536177,0,0.00013722503,inner_val
ISIC_1537939,0,0.0008850755,inner_val
ISIC_1537958,0,0.0012027199,inner_val
ISIC_1543544,0,0.00014543788,inner_val
ISIC_1545213,0,0.0016205844,inner_val
ISIC_1546149,0,0.00013965991,inner_val
ISIC_1546958,0,0.000641266,inner_val
ISIC_1549005,0,0.0011375383,inner_val
ISIC_1557225,0,0.0018027965,inner_val
ISIC_1561068,0,0.0014720752,inner_val
ISIC_1566931,0,0.0008924957,inner_val
ISIC_1568268,0,0.00023185281,inner_val
ISIC_1569775,0,0.000108840126,inner_val
ISIC_1571860,0,0.00019879949,inner_val
ISIC_1574020,0,5.9989787e-05,inner_val
ISIC_1576437,0,0.004193937,inner_val
ISIC_1578507,0,0.003674125,inner_val
ISIC_1579745,0,0.002443001,inner_val
ISIC_1580034,0,0.00019825848,inner_val
ISIC_1583201,0,0.0028227495,inner_val
ISIC_1584693,0,0.0020673089,inner_val
ISIC_1584861,0,0.00030293988,inner_val
ISIC_1585370,0,0.00026816406,inner_val
ISIC_1590814,0,0.00016500044,inner_val
ISIC_1591010,0,0.002071851,inner_val
ISIC_1595496,0,7.2372466e-05,inner_val
ISIC_1597566,0,0.017183175,inner_val
ISIC_1598039,0,0.00012683483,inner_val
ISIC_1600554,0,0.00014951371,inner_val
ISIC_1604307,0,8.436763e-05,inner_val
ISIC_1611703,0,0.00030103192,inner_val
ISIC_1612236,0,0.0057451613,inner_val
ISIC_1613328,0,0.00030236426,inner_val
ISIC_1617888,0,7.5689572e-06,inner_val
ISIC_1618302,0,0.006558546,inner_val
ISIC_1621479,0,6.6134584e-05,inner_val
ISIC_1621961,0,0.00034388748,inner_val
ISIC_1624520,0,0.0055478467,inner_val
ISIC_1626359,0,0.00021924799,inner_val
ISIC_1627111,0,0.000739084,inner_val
ISIC_1629539,0,0.0046645007,inner_val
ISIC_1631649,0,0.00922363,inner_val
ISIC_1632009,0,5.69514e-05,inner_val
ISIC_1632313,0,0.07391382,inner_val
ISIC_1632655,0,0.00020139878,inner_val
ISIC_1632949,0,0.03065617,inner_val
ISIC_1633816,0,0.0073936754,inner_val
ISIC_1636399,0,0.00031233492,inner_val
ISIC_1637401,0,0.00012802052,inner_val
ISIC_1640614,0,0.00025662887,inner_val
ISIC_1640666,0,0.00027715863,inner_val
ISIC_1641823,0,6.137502e-05,inner_val
ISIC_1643979,0,0.0024401927,inner_val
ISIC_1645535,0,0.00022224337,inner_val
ISIC_1645738,0,0.00020577986,inner_val
ISIC_1657007,0,0.005024374,inner_val
ISIC_1658978,0,0.00031359043,inner_val
ISIC_1659656,0,0.0035894816,inner_val
ISIC_1659777,0,0.045021784,inner_val
ISIC_1660143,0,7.6624456e-05,inner_val
ISIC_1660279,0,0.00016684628,inner_val
ISIC_1660316,0,0.055691138,inner_val
ISIC_1660565,0,0.00022423007,inner_val
ISIC_1662872,0,0.0015023442,inner_val
ISIC_1665153,0,0.0018469028,inner_val
ISIC_1670106,0,8.592163e-05,inner_val
ISIC_1671282,0,0.00019612412,inner_val
ISIC_1672688,0,0.004654138,inner_val
ISIC_1676353,0,0.0005679038,inner_val
ISIC_1677092,0,1.964027e-05,inner_val
ISIC_1680153,0,0.0014593112,inner_val
ISIC_1684829,0,2.7710843e-05,inner_val
ISIC_1694480,0,0.00010705709,inner_val
ISIC_1695065,0,0.00023205209,inner_val
ISIC_1696070,0,0.01389289,inner_val
ISIC_1698302,0,0.0005921185,inner_val
ISIC_1698805,0,0.008891121,inner_val
ISIC_1700029,0,0.00021771436,inner_val
ISIC_1700928,0,0.0053085606,inner_val
ISIC_1707324,0,0.0032427332,inner_val
ISIC_1712329,0,2.5429757e-05,inner_val
ISIC_1713413,0,5.0494884e-05,inner_val
ISIC_1719433,0,0.0024017023,inner_val
ISIC_1722494,0,0.0062069427,inner_val
ISIC_1727499,0,0.008372314,inner_val
ISIC_1729039,0,0.02486122,inner_val
ISIC_1729351,0,0.00071972975,inner_val
ISIC_1730495,0,0.0034902222,inner_val
ISIC_1731230,0,0.006018459,inner_val
ISIC_1731411,0,0.00084282574,inner_val
ISIC_1736914,0,0.0010031823,inner_val
ISIC_1737276,0,5.127242e-05,inner_val
ISIC_1737600,0,0.0011495233,inner_val
ISIC_1738117,0,0.004002543,inner_val
ISIC_1740186,0,0.00021405217,inner_val
ISIC_1740430,0,0.0022053786,inner_val
ISIC_1741747,0,0.00187953,inner_val
ISIC_1746070,0,0.00025111952,inner_val
ISIC_1746717,0,0.02553036,inner_val
ISIC_1750235,0,0.057374086,inner_val
ISIC_1753360,0,0.001495859,inner_val
ISIC_1756631,0,0.0040762094,inner_val
ISIC_1763577,0,0.005130026,inner_val
ISIC_1768325,0,0.08410124,inner_val
ISIC_1777292,0,0.00020439892,inner_val
ISIC_1777763,0,0.017418483,inner_val
ISIC_1778400,0,0.00014188977,inner_val
ISIC_1781273,0,0.008478787,inner_val
ISIC_1782545,0,0.011190513,inner_val
ISIC_1784340,0,0.035819925,inner_val
ISIC_1785671,0,0.000712392,inner_val
ISIC_1787444,0,0.00026071287,inner_val
ISIC_1790549,0,7.4939715e-05,inner_val
ISIC_1790960,0,0.0010403745,inner_val
ISIC_1792867,0,0.00037718457,inner_val
ISIC_1793624,0,0.0041874126,inner_val
ISIC_1795529,0,0.0012055219,inner_val
ISIC_1797104,0,0.00033627744,inner_val
ISIC_1798800,0,0.0084040165,inner_val
ISIC_1799849,0,0.0002011186,inner_val
ISIC_1801631,0,0.00016226551,inner_val
ISIC_1801687,0,0.0015337938,inner_val
ISIC_1803252,0,0.0013775318,inner_val
ISIC_1805163,0,0.00022467285,inner_val
ISIC_1805602,0,0.0003115676,inner_val
ISIC_1806179,0,0.009838469,inner_val
ISIC_1806761,0,0.005763221,inner_val
ISIC_1811256,0,0.25233603,inner_val
ISIC_1821825,0,0.00046069545,inner_val
ISIC_1826803,0,0.008942742,inner_val
ISIC_1832110,0,0.00025901076,inner_val
ISIC_1833337,0,0.0019040195,inner_val
ISIC_1833947,0,0.0060770414,inner_val
ISIC_1836985,0,0.00037957993,inner_val
ISIC_1844585,0,3.1133994e-05,inner_val
ISIC_1845926,0,0.00030764303,inner_val
ISIC_1850790,0,0.0005136242,inner_val
ISIC_1850815,0,0.00031077935,inner_val
ISIC_1851112,0,5.2856427e-05,inner_val
ISIC_1851709,0,0.00011320102,inner_val
ISIC_1851985,0,0.00018539342,inner_val
ISIC_1854582,0,0.0021863282,inner_val
ISIC_1860049,0,0.00016622047,inner_val
ISIC_1865347,0,0.007696211,inner_val
ISIC_1866770,1,0.0035299417,inner_val
ISIC_1872534,0,4.9529706e-05,inner_val
ISIC_1874480,0,0.0010224335,inner_val
ISIC_1874969,0,0.00024606832,inner_val
ISIC_1875729,0,0.00043363293,inner_val
ISIC_1877216,0,0.00031360268,inner_val
ISIC_1878443,0,0.0007070636,inner_val
ISIC_1878481,0,0.0027250345,inner_val
ISIC_1880716,0,0.0030621574,inner_val
ISIC_1885174,0,0.017184004,inner_val
ISIC_1886413,0,0.025804684,inner_val
ISIC_1886480,0,0.00019421446,inner_val
ISIC_1887093,0,0.00016144387,inner_val
ISIC_1887647,0,0.00022086754,inner_val
ISIC_1890558,0,0.00818635,inner_val
ISIC_1891515,0,0.025585676,inner_val
ISIC_1891539,0,0.000188551,inner_val
ISIC_1892011,0,0.0047552246,inner_val
ISIC_1894141,0,0.39211476,inner_val
ISIC_1897994,0,0.08391875,inner_val
ISIC_1900433,0,0.0011845637,inner_val
ISIC_1904481,0,0.00020356299,inner_val
ISIC_1908424,0,0.008892451,inner_val
ISIC_1911390,0,0.0003835484,inner_val
ISIC_1918027,0,0.0018938998,inner_val
ISIC_1919114,0,0.023211395,inner_val
ISIC_1922657,0,0.00022850864,inner_val
ISIC_1924232,0,0.00022396982,inner_val
ISIC_1925533,0,6.301887e-05,inner_val
ISIC_1926499,0,0.0014888678,inner_val
ISIC_1929654,0,0.07581309,inner_val
ISIC_1932586,0,0.000469407,inner_val
ISIC_1933891,0,0.014931571,inner_val
ISIC_1935204,0,0.00848505,inner_val
ISIC_1935643,0,0.00019097734,inner_val
ISIC_1936882,0,6.79039e-05,inner_val
ISIC_1937197,0,0.0010624592,inner_val
ISIC_1939931,0,0.00058214157,inner_val
ISIC_1940615,0,0.0014350893,inner_val
ISIC_1944712,0,0.00057731016,inner_val
ISIC_1944752,0,0.00029786414,inner_val
ISIC_1949047,0,0.00014234889,inner_val
ISIC_1950282,0,0.0004910174,inner_val
ISIC_1950569,0,0.0013467009,inner_val
ISIC_1950847,0,0.0007428079,inner_val
ISIC_1952298,0,7.324751e-05,inner_val
ISIC_1957488,0,2.4641511e-05,inner_val
ISIC_1957685,0,2.1972362e-05,inner_val
ISIC_1959715,0,0.00017269715,inner_val
ISIC_1960446,0,0.00017206171,inner_val
ISIC_1967651,0,7.1294555e-05,inner_val
ISIC_1968499,0,0.00029594274,inner_val
ISIC_1970368,0,0.00017806252,inner_val
ISIC_1970738,0,0.0017997306,inner_val
ISIC_1973151,0,0.00019048105,inner_val
ISIC_1976571,0,0.0016199233,inner_val
ISIC_1979996,0,0.0051849075,inner_val
ISIC_1988080,0,0.00014739297,inner_val
ISIC_1988596,0,0.008847856,inner_val
ISIC_1988777,0,0.0024657394,inner_val
ISIC_1990046,0,0.0030165063,inner_val
ISIC_1990651,0,0.000760334,inner_val
ISIC_1993529,0,3.5953515e-05,inner_val
ISIC_1994455,0,0.013221328,inner_val
ISIC_1995882,0,0.00017007532,inner_val
ISIC_2000000,0,0.00020685868,inner_val
ISIC_2000319,0,9.038893e-05,inner_val
ISIC_2001699,0,0.00013241253,inner_val
ISIC_2011408,0,0.00069037697,inner_val
ISIC_2012245,0,0.0022020275,inner_val
ISIC_2012388,0,0.003718568,inner_val
ISIC_2012967,0,0.0003764636,inner_val
ISIC_2013664,0,0.0001617926,inner_val
ISIC_2019386,0,5.260861e-05,inner_val
ISIC_2024062,0,0.0003627344,inner_val
ISIC_2027733,0,0.00021848464,inner_val
ISIC_2028658,0,0.007958034,inner_val
ISIC_2029418,0,1.02273525e-05,inner_val
ISIC_2030101,0,0.0070387493,inner_val
ISIC_2030997,0,0.00013535845,inner_val
ISIC_2031360,0,0.00018549844,inner_val
ISIC_2032658,0,0.0030565409,inner_val
ISIC_2038024,0,0.00025088497,inner_val
ISIC_2047791,0,0.0010214453,inner_val
ISIC_2049142,0,0.021823833,inner_val
ISIC_2052192,0,0.01099804,inner_val
ISIC_2052529,0,0.00011749235,inner_val
ISIC_2054066,0,0.0032970682,inner_val
ISIC_2054436,0,0.0009798057,inner_val
ISIC_2056468,0,0.0013170758,inner_val
ISIC_2058516,0,0.0013967128,inner_val
ISIC_2060846,0,0.000660602,inner_val
ISIC_2061854,0,0.000582614,inner_val
ISIC_2061933,0,0.00010583924,inner_val
ISIC_2069179,0,0.0002692883,inner_val
ISIC_2072219,1,0.081393816,inner_val
ISIC_2077116,1,0.003469546,inner_val
ISIC_2079300,0,0.0009386458,inner_val
ISIC_2079758,0,0.003178408,inner_val
ISIC_2082721,0,0.003363363,inner_val
ISIC_2083499,0,0.0009129099,inner_val
ISIC_2087826,0,0.0001854134,inner_val
ISIC_2087913,0,0.0018649802,inner_val
ISIC_2088750,0,0.00034950653,inner_val
ISIC_2097198,0,0.00073652825,inner_val
ISIC_2098084,0,0.0004213226,inner_val
ISIC_2098959,0,0.0004403474,inner_val
ISIC_2102228,0,6.541528e-05,inner_val
ISIC_2104267,0,0.0010939607,inner_val
ISIC_2105563,1,0.016036604,inner_val
ISIC_2106041,0,0.000106722364,inner_val
ISIC_2106823,0,0.00018714015,inner_val
ISIC_2109766,0,0.006354056,inner_val
ISIC_2123846,0,6.76161e-05,inner_val
ISIC_2124213,0,7.938928e-05,inner_val
ISIC_2127185,0,8.190394e-05,inner_val
ISIC_2129292,0,0.0021215535,inner_val
ISIC_2131962,0,0.00010324527,inner_val
ISIC_2133980,0,0.007850431,inner_val
ISIC_2134267,0,8.7866894e-05,inner_val
ISIC_2137735,0,0.03300008,inner_val
ISIC_2139752,0,0.00015775739,inner_val
ISIC_2143557,0,0.0012995277,inner_val
ISIC_2147549,0,0.0048367535,inner_val
ISIC_2149531,0,0.00011318526,inner_val
ISIC_2150221,0,0.08392531,inner_val
ISIC_2156526,0,0.0003093011,inner_val
ISIC_2157630,0,0.0027554987,inner_val
ISIC_2157951,0,0.008682078,inner_val
ISIC_2158377,0,0.00020085761,inner_val
ISIC_2158871,0,0.0030555557,inner_val
ISIC_2159982,0,0.0018640822,inner_val
ISIC_2160139,0,0.0026871867,inner_val
ISIC_2161444,0,0.00034950793,inner_val
ISIC_2162728,0,0.0017113195,inner_val
ISIC_2165840,0,4.0868847e-05,inner_val
ISIC_2169275,0,0.00033992747,inner_val
ISIC_2169311,0,0.002363983,inner_val
ISIC_2170086,0,0.00013345768,inner_val
ISIC_2171940,0,0.00010747032,inner_val
ISIC_2172329,0,0.00014300273,inner_val
ISIC_2172532,0,0.0007150808,inner_val
ISIC_2174927,0,0.0017716349,inner_val
ISIC_2175722,0,0.005788177,inner_val
ISIC_2176112,1,0.0014775671,inner_val
ISIC_2176462,0,3.7805192e-05,inner_val
ISIC_2178689,0,0.0007331361,inner_val
ISIC_2178817,0,0.009268408,inner_val
ISIC_2178834,0,0.0031321323,inner_val
ISIC_2186853,0,0.00040221348,inner_val
ISIC_2188566,0,0.00033441087,inner_val
ISIC_2189699,0,0.00079338654,inner_val
ISIC_2191924,0,0.0005853154,inner_val
ISIC_2193223,0,0.0072816247,inner_val
ISIC_2194762,0,0.00021916436,inner_val
ISIC_2198244,0,0.00026911125,inner_val
ISIC_2198278,0,0.00015103517,inner_val
ISIC_2199155,0,0.005822242,inner_val
ISIC_2204100,0,0.0071523855,inner_val
ISIC_2210565,0,0.0010372867,inner_val
ISIC_2211337,0,0.00029792805,inner_val
ISIC_2211403,0,0.0002487499,inner_val
ISIC_2212100,0,0.0003017946,inner_val
ISIC_2221993,0,0.0009349136,inner_val
ISIC_2222349,0,7.619819e-05,inner_val
ISIC_2226341,0,0.0027220605,inner_val
ISIC_2232546,0,6.139627e-05,inner_val
ISIC_2234076,0,0.00012244668,inner_val
ISIC_2236668,0,0.006216913,inner_val
ISIC_2237868,0,0.00020264274,inner_val
ISIC_2239134,0,0.00015659172,inner_val
ISIC_2243372,0,7.98925e-05,inner_val
ISIC_2243924,0,0.00045178522,inner_val
ISIC_2249623,0,0.0020738787,inner_val
ISIC_2250871,0,0.0009948347,inner_val
ISIC_2251480,0,0.00024431245,inner_val
ISIC_2252958,0,0.00028037984,inner_val
ISIC_2255966,0,0.00034174224,inner_val
ISIC_2258612,0,0.0060265143,inner_val
ISIC_2263504,0,1.2689559e-05,inner_val
ISIC_2265409,0,0.0053715715,inner_val
ISIC_2266290,0,0.0002277417,inner_val
ISIC_2266369,0,0.021204576,inner_val
ISIC_2273556,0,0.00024906127,inner_val
ISIC_2273860,0,0.0006157042,inner_val
ISIC_2277876,0,8.26835e-05,inner_val
ISIC_2278042,0,0.0001861111,inner_val
ISIC_2279329,0,8.035966e-05,inner_val
ISIC_2281984,0,0.0012381296,inner_val
ISIC_2283702,0,8.596064e-05,inner_val
ISIC_2284769,0,0.0041241874,inner_val
ISIC_2286375,0,0.011365695,inner_val
ISIC_2288861,0,0.0003186979,inner_val
ISIC_2289462,0,0.00014831897,inner_val
ISIC_2293230,0,0.00016280051,inner_val
ISIC_2293255,0,0.039232105,inner_val
ISIC_2298329,0,0.011236368,inner_val
ISIC_2301843,0,0.0013764114,inner_val
ISIC_2302257,0,0.00027084406,inner_val
ISIC_2306653,0,0.0027258664,inner_val
ISIC_2307760,0,0.00014814567,inner_val
ISIC_2309744,1,0.055376504,inner_val
ISIC_2314289,0,0.009760228,inner_val
ISIC_2319929,0,0.00014353004,inner_val
ISIC_2320823,0,0.0010112793,inner_val
ISIC_2321940,0,0.00041781153,inner_val
ISIC_2323049,0,0.00022102322,inner_val
ISIC_2323082,0,8.086454e-05,inner_val
ISIC_2324440,0,4.654696e-05,inner_val
ISIC_2327393,0,0.012247267,inner_val
ISIC_2329722,0,0.06968672,inner_val
ISIC_2334224,0,0.0001922695,inner_val
ISIC_2334595,0,0.0002361858,inner_val
ISIC_2336763,0,0.101394385,inner_val
ISIC_2337907,1,0.12522128,inner_val
ISIC_2339849,0,0.0001855165,inner_val
ISIC_2340635,0,0.0003410122,inner_val
ISIC_2342769,1,0.011669877,inner_val
ISIC_2344492,0,0.0019458819,inner_val
ISIC_2347821,0,0.00010248585,inner_val
ISIC_2348336,0,0.0005116274,inner_val
ISIC_2351776,0,0.0001211025,inner_val
ISIC_2354258,0,0.0005936363,inner_val
ISIC_2355662,0,0.0013550124,inner_val
ISIC_2357010,0,0.00020816852,inner_val
ISIC_2357533,0,0.09482454,inner_val
ISIC_2358170,0,0.0020420398,inner_val
ISIC_2358454,1,0.00031137458,inner_val
ISIC_2359366,0,0.00035095666,inner_val
ISIC_2365225,0,0.0003206649,inner_val
ISIC_2374436,0,0.009319481,inner_val
ISIC_2376380,0,0.0007564462,inner_val
ISIC_2379024,0,0.00017975699,inner_val
ISIC_2379778,0,0.005801842,inner_val
ISIC_2380421,0,0.00065802166,inner_val
ISIC_2385649,0,1.5418655e-05,inner_val
ISIC_2389688,0,0.0023322352,inner_val
ISIC_2391542,0,0.00019897318,inner_val
ISIC_2391627,0,0.00029506595,inner_val
ISIC_2397455,0,0.0054590413,inner_val
ISIC_2399253,0,0.0001457961,inner_val
ISIC_2400515,0,0.13704461,inner_val
ISIC_2403471,0,0.00034044735,inner_val
ISIC_2404635,0,1.0300077e-05,inner_val
ISIC_2404691,0,0.000100971134,inner_val
ISIC_2404756,0,0.0058592604,inner_val
ISIC_2404779,0,0.00020124024,inner_val
ISIC_2406445,0,0.003531984,inner_val
ISIC_2408442,0,0.0003534982,inner_val
ISIC_2410265,0,0.002916149,inner_val
ISIC_2414199,0,0.000113259965,inner_val
ISIC_2414367,0,8.429244e-05,inner_val
ISIC_2414373,0,0.0002299404,inner_val
ISIC_2420067,0,0.00016412362,inner_val
ISIC_2423162,0,0.0005177921,inner_val
ISIC_2428829,0,0.0007567803,inner_val
ISIC_2429824,0,0.0005016678,inner_val
ISIC_2430937,0,0.00012446012,inner_val
ISIC_2431696,0,0.00014815542,inner_val
ISIC_2433960,0,0.00087768683,inner_val
ISIC_2435789,0,0.0028173258,inner_val
ISIC_2438935,0,0.00016683848,inner_val
ISIC_2440407,0,9.496035e-05,inner_val
ISIC_2441954,0,0.00012346955,inner_val
ISIC_2443396,0,8.4029605e-05,inner_val
ISIC_2444344,0,0.0010861031,inner_val
ISIC_2448820,0,8.783791e-05,inner_val
ISIC_2450662,0,0.0018631597,inner_val
ISIC_2450785,0,0.000250328,inner_val
ISIC_2451671,0,0.0013182492,inner_val
ISIC_2452729,0,0.0005003552,inner_val
ISIC_2454898,0,3.955804e-05,inner_val
ISIC_2456960,0,0.00033348153,inner_val
ISIC_2457024,0,0.00033186655,inner_val
ISIC_2459724,0,0.00019759983,inner_val
ISIC_2463014,0,0.00018940799,inner_val
ISIC_2467153,0,5.43451e-05,inner_val
ISIC_2468540,0,0.004661099,inner_val
ISIC_2470795,0,0.00021103531,inner_val
ISIC_2476092,0,0.00014657559,inner_val
ISIC_2479346,0,0.014486952,inner_val
ISIC_2481408,0,0.0002983456,inner_val
ISIC_2482667,0,0.021160878,inner_val
ISIC_2484404,0,0.016626537,inner_val
ISIC_2485946,0,0.0019363562,inner_val
ISIC_2487716,0,0.0022780846,inner_val
ISIC_2489146,0,0.0014518123,inner_val
ISIC_2489834,0,7.807752e-05,inner_val
ISIC_2490175,0,0.001432508,inner_val
ISIC_2491020,0,0.007314301,inner_val
ISIC_2492245,0,0.023707332,inner_val
ISIC_2494060,0,9.209492e-05,inner_val
ISIC_2496831,0,0.0002450695,inner_val
ISIC_2506200,0,0.00032708465,inner_val
ISIC_2507096,0,0.0005782362,inner_val
ISIC_2507340,0,0.00025066212,inner_val
ISIC_2507701,0,0.0003539872,inner_val
ISIC_2507944,0,0.00026133677,inner_val
ISIC_2509850,0,0.0003519784,inner_val
ISIC_2511249,0,0.00033351078,inner_val
ISIC_2513343,0,7.1597606e-05,inner_val
ISIC_2517258,0,0.00075631065,inner_val
ISIC_2520713,0,0.0035530038,inner_val
ISIC_2520736,0,9.326049e-05,inner_val
ISIC_2523685,0,0.00018288971,inner_val
ISIC_2524113,0,0.00018260567,inner_val
ISIC_2524743,0,0.00027802246,inner_val
ISIC_2527281,0,0.05038251,inner_val
ISIC_2537540,0,4.0235416e-05,inner_val
ISIC_2539017,0,0.008379031,inner_val
ISIC_2539218,0,0.0021499812,inner_val
ISIC_2541375,0,9.0765076e-05,inner_val
ISIC_2541969,0,0.00018021434,inner_val
ISIC_2543280,0,0.0026997877,inner_val
ISIC_2546644,0,0.00027082986,inner_val
ISIC_2549331,0,0.00040770255,inner_val
ISIC_2549673,0,0.00024513144,inner_val
ISIC_2555904,0,0.0017099873,inner_val
ISIC_2560287,0,0.0007619424,inner_val
ISIC_2560301,0,0.0009243578,inner_val
ISIC_2567644,0,0.0020864825,inner_val
ISIC_2568485,0,0.00050227717,inner_val
ISIC_2570413,0,3.4246994e-05,inner_val
ISIC_2575536,0,0.07085011,inner_val
ISIC_2577881,0,0.00015572482,inner_val
ISIC_2577938,0,0.00029314889,inner_val
ISIC_2580891,0,0.00034131765,inner_val
ISIC_2581307,0,0.00019896314,inner_val
ISIC_2581480,0,9.1252725e-05,inner_val
ISIC_2581592,0,0.00012423436,inner_val
ISIC_2582493,0,0.17152834,inner_val
ISIC_2586269,0,0.0058251265,inner_val
ISIC_2588167,0,0.0031134186,inner_val
ISIC_2592814,0,0.0022611239,inner_val
ISIC_2592956,0,0.0016770484,inner_val
ISIC_2594901,0,0.00026328675,inner_val
ISIC_2601166,0,7.8701996e-05,inner_val
ISIC_2601537,0,0.00032741664,inner_val
ISIC_2606024,0,0.00014141378,inner_val
ISIC_2611118,0,6.333094e-05,inner_val
ISIC_2613002,0,0.0008497187,inner_val
ISIC_2616327,0,0.00072745467,inner_val
ISIC_2616343,0,9.146346e-05,inner_val
ISIC_2618635,0,0.00799596,inner_val
ISIC_2618859,0,0.0009424445,inner_val
ISIC_2619698,0,0.0012906404,inner_val
ISIC_2623538,0,0.0008607239,inner_val
ISIC_2631643,0,0.0011442652,inner_val
ISIC_2632587,0,0.0011969529,inner_val
ISIC_2636747,0,0.002427042,inner_val
ISIC_2637608,1,0.1854041,inner_val
ISIC_2637968,0,0.1060743,inner_val
ISIC_2639079,0,0.0018572615,inner_val
ISIC_2639144,0,0.0031234869,inner_val
ISIC_2645655,0,0.00017615207,inner_val
ISIC_2648261,0,0.00047847012,inner_val
ISIC_2650571,0,0.0056299954,inner_val
ISIC_2652786,0,7.0544076e-05,inner_val
ISIC_2653214,0,0.00012485262,inner_val
ISIC_2654197,0,0.00014979884,inner_val
ISIC_2654417,0,0.00022589353,inner_val
ISIC_2657843,0,0.041419823,inner_val
ISIC_2657946,0,7.9419115e-05,inner_val
ISIC_2659591,0,0.0029193882,inner_val
ISIC_2660535,0,0.008403368,inner_val
ISIC_2665498,0,0.002978617,inner_val
ISIC_2670475,0,0.00015490259,inner_val
ISIC_2673871,0,0.00016474293,inner_val
ISIC_2674517,0,5.7649944e-05,inner_val
ISIC_2679295,0,0.0019521995,inner_val
ISIC_2680640,0,0.00030426323,inner_val
ISIC_2681497,0,0.00831046,inner_val
ISIC_2685523,0,8.8651286e-05,inner_val
ISIC_2687068,0,0.0023565723,inner_val
ISIC_2687164,0,0.012329776,inner_val
ISIC_2688897,0,0.00021194376,inner_val
ISIC_2693412,0,0.00029330348,inner_val
ISIC_2696344,0,0.0014367043,inner_val
ISIC_2699336,0,7.4750365e-05,inner_val
ISIC_2700545,0,6.624346e-05,inner_val
ISIC_2700802,0,5.443794e-05,inner_val
ISIC_2703816,0,0.015359088,inner_val
ISIC_2706378,0,0.00036976495,inner_val
ISIC_2711084,0,9.5176656e-05,inner_val
ISIC_2714572,0,0.008266112,inner_val
ISIC_2716425,0,0.0017548557,inner_val
ISIC_2724529,1,0.00348426,inner_val
ISIC_2726326,0,9.098294e-05,inner_val
ISIC_2726665,0,0.0013060576,inner_val
ISIC_2727016,0,0.11842391,inner_val
ISIC_2730948,0,8.551603e-05,inner_val
ISIC_2731847,0,0.0042336755,inner_val
ISIC_2732429,0,0.0011856982,inner_val
ISIC_2739481,0,0.0035301247,inner_val
ISIC_2740756,0,0.0002007481,inner_val
ISIC_2744153,0,0.00031013825,inner_val
ISIC_2747650,0,0.00014713375,inner_val
ISIC_2749240,0,0.001985215,inner_val
ISIC_2750991,0,0.00129734,inner_val
ISIC_2752919,0,0.02100468,inner_val
ISIC_2755667,0,0.001489938,inner_val
ISIC_2761440,0,0.01908405,inner_val
ISIC_2764032,0,0.00011683231,inner_val
ISIC_2765253,0,0.036076114,inner_val
ISIC_2772616,0,8.8132656e-05,inner_val
ISIC_2780122,0,0.003255642,inner_val
ISIC_2781254,0,0.0036605333,inner_val
ISIC_2782870,0,3.844888e-05,inner_val
ISIC_2784686,0,0.0002579936,inner_val
ISIC_2786383,0,0.0031323023,inner_val
ISIC_2788026,0,0.0013146927,inner_val
ISIC_2788933,0,6.0212045e-05,inner_val
ISIC_2794624,0,0.022197602,inner_val
ISIC_2795016,0,0.006207225,inner_val
ISIC_2798939,0,0.0025168017,inner_val
ISIC_2799242,0,0.001005746,inner_val
ISIC_2799787,0,0.00062052824,inner_val
ISIC_2799892,0,0.00086721085,inner_val
ISIC_2800015,0,0.004840804,inner_val
ISIC_2801042,0,0.00017272845,inner_val
ISIC_2807121,0,0.00067669,inner_val
ISIC_2808622,0,0.0029924873,inner_val
ISIC_2809103,0,0.09356726,inner_val
ISIC_2815040,0,0.05617205,inner_val
ISIC_2817878,0,8.495787e-05,inner_val
ISIC_2819603,0,0.0002941834,inner_val
ISIC_2826618,0,6.443281e-05,inner_val
ISIC_2829017,0,7.811073e-05,inner_val
ISIC_2829107,0,0.009440414,inner_val
ISIC_2834840,0,0.0030076199,inner_val
ISIC_2838426,0,0.00041239397,inner_val
ISIC_2842532,0,0.00019685552,inner_val
ISIC_2843206,0,0.00054001267,inner_val
ISIC_2843245,0,0.014218174,inner_val
ISIC_2845856,0,7.8615136e-05,inner_val
ISIC_2855626,0,0.001320418,inner_val
ISIC_2861317,0,0.079667926,inner_val
ISIC_2861546,0,8.794275e-05,inner_val
ISIC_2863809,0,0.11620893,inner_val
ISIC_2869310,0,0.0002128648,inner_val
ISIC_2871070,0,0.00050477765,inner_val
ISIC_2873294,0,0.00085681246,inner_val
ISIC_2874203,0,0.00049194245,inner_val
ISIC_2874706,0,0.0028741183,inner_val
ISIC_2877029,0,0.00022151225,inner_val
ISIC_2878344,0,0.00042546494,inner_val
ISIC_2881128,0,0.0015092359,inner_val
ISIC_2881263,0,0.05896537,inner_val
ISIC_2882129,0,0.00011384381,inner_val
ISIC_2887033,0,0.0055486932,inner_val
ISIC_2888272,0,0.00022174111,inner_val
ISIC_2892382,0,0.0009709551,inner_val
ISIC_2893823,0,3.5588004e-05,inner_val
ISIC_2894185,0,0.0009783813,inner_val
ISIC_2903423,0,0.0030134362,inner_val
ISIC_2903941,0,0.0002051647,inner_val
ISIC_2904884,0,4.7252393e-05,inner_val
ISIC_2907527,0,0.0034057477,inner_val
ISIC_2911251,0,0.00014719325,inner_val
ISIC_2914880,0,0.00026234685,inner_val
ISIC_2915747,0,0.00021643279,inner_val
ISIC_2916248,0,0.0005309998,inner_val
ISIC_2916510,0,0.00020492073,inner_val
ISIC_2917378,0,9.0090165e-05,inner_val
ISIC_2919360,0,0.025514824,inner_val
ISIC_2921549,0,0.012683418,inner_val
ISIC_2921933,0,0.0001070672,inner_val
ISIC_2923483,0,7.906563e-05,inner_val
ISIC_2924066,0,0.00050173403,inner_val
ISIC_2925891,0,0.14590971,inner_val
ISIC_2927205,0,0.0006093279,inner_val
ISIC_2927289,0,0.00016062896,inner_val
ISIC_2927891,0,0.00012596643,inner_val
ISIC_2930522,0,0.0015771061,inner_val
ISIC_2941560,0,0.00041584705,inner_val
ISIC_2943284,0,0.002766897,inner_val
ISIC_2944480,0,0.00039702383,inner_val
ISIC_2945324,0,0.000803886,inner_val
ISIC_2946577,0,0.0001540665,inner_val
ISIC_2946626,0,0.00021184092,inner_val
ISIC_2950632,0,0.00048347976,inner_val
ISIC_2952446,0,0.008811571,inner_val
ISIC_2953742,0,0.002004945,inner_val
ISIC_2953962,0,0.003529568,inner_val
ISIC_2956763,0,0.00014308239,inner_val
ISIC_2956783,0,0.40812618,inner_val
ISIC_2957102,0,0.015345594,inner_val
ISIC_2960377,0,0.17324713,inner_val
ISIC_2960995,0,0.061353732,inner_val
ISIC_2963146,0,0.024555858,inner_val
ISIC_2963464,0,0.010694989,inner_val
ISIC_2966043,0,0.00020320345,inner_val
ISIC_2967024,1,0.0053043724,inner_val
ISIC_2968243,0,0.0050722756,inner_val
ISIC_2975603,0,0.0031408975,inner_val
ISIC_2975904,0,0.0005562161,inner_val
ISIC_2977985,0,0.002152528,inner_val
ISIC_2978327,0,9.887071e-05,inner_val
ISIC_2978682,0,0.0065434263,inner_val
ISIC_2981762,0,0.003430659,inner_val
ISIC_2981912,0,0.005423241,inner_val
ISIC_2982945,0,4.0062125e-05,inner_val
ISIC_2986186,0,0.0003205405,inner_val
ISIC_2986565,0,7.7366894e-05,inner_val
ISIC_2990722,0,0.0015791729,inner_val
ISIC_2991680,0,0.00483464,inner_val
ISIC_2991936,0,0.001417821,inner_val
ISIC_2993517,0,0.0005504805,inner_val
ISIC_2994772,0,0.00021115688,inner_val
ISIC_2996791,0,0.00052423176,inner_val
ISIC_3001380,0,0.0010127298,inner_val
ISIC_3003666,0,0.00058584614,inner_val
ISIC_3003779,0,0.02108902,inner_val
ISIC_3005396,0,0.0010428111,inner_val
ISIC_3006507,0,7.804611e-05,inner_val
ISIC_3010550,0,0.00028450112,inner_val
ISIC_3010582,0,0.00039570624,inner_val
ISIC_3011638,0,0.0019292195,inner_val
ISIC_3011836,0,0.0006002843,inner_val
ISIC_3012699,0,0.00010881823,inner_val
ISIC_3014965,0,0.0015444094,inner_val
ISIC_3016859,0,0.001741699,inner_val
ISIC_3018550,0,0.0025879855,inner_val
ISIC_3020913,0,5.128533e-05,inner_val
ISIC_3022527,0,0.00020649766,inner_val
ISIC_3026934,0,0.00040289003,inner_val
ISIC_3029937,0,0.00011809351,inner_val
ISIC_3039519,0,0.0008646062,inner_val
ISIC_3043346,0,0.00015145108,inner_val
ISIC_3043475,0,0.00018188072,inner_val
ISIC_3049301,0,0.0023368595,inner_val
ISIC_3056425,0,0.00023123599,inner_val
ISIC_3059347,0,0.001121864,inner_val
ISIC_3059967,0,3.3296714e-05,inner_val
ISIC_3062773,0,9.780032e-05,inner_val
ISIC_3069054,0,0.0010780859,inner_val
ISIC_3070178,0,0.047362838,inner_val
ISIC_3073605,0,0.006657197,inner_val
ISIC_3084312,1,0.008780889,inner_val
ISIC_3084862,0,0.00021170823,inner_val
ISIC_3086038,0,0.00023409472,inner_val
ISIC_3087371,0,0.00032654565,inner_val
ISIC_3087402,0,0.00013591458,inner_val
ISIC_3088019,0,0.00019860396,inner_val
ISIC_3089729,0,0.13782616,inner_val
ISIC_3091757,0,9.14673e-05,inner_val
ISIC_3095600,0,0.055053513,inner_val
ISIC_3097419,0,0.00022694228,inner_val
ISIC_3097424,0,0.0016475518,inner_val
ISIC_3100594,0,0.00039083985,inner_val
ISIC_3105703,0,0.014640159,inner_val
ISIC_3105924,0,9.483799e-05,inner_val
ISIC_3110196,0,0.0002673946,inner_val
ISIC_3112783,0,0.0022252123,inner_val
ISIC_3113485,0,1.8131599e-05,inner_val
ISIC_3114020,0,0.00016581887,inner_val
ISIC_3114110,0,3.724889e-05,inner_val
ISIC_3116288,0,0.036232684,inner_val
ISIC_3116777,0,0.00125639,inner_val
ISIC_3118576,0,0.00021478921,inner_val
ISIC_3120665,0,0.0005727715,inner_val
ISIC_3123377,0,0.0147797605,inner_val
ISIC_3125030,0,0.00017171916,inner_val
ISIC_3126652,0,0.0002495835,inner_val
ISIC_3128414,0,0.0003051583,inner_val
ISIC_3134259,0,0.00045643753,inner_val
ISIC_3134745,0,0.0019278161,inner_val
ISIC_3139994,0,0.008945564,inner_val
ISIC_3140246,0,5.4721142e-05,inner_val
ISIC_3142775,0,0.004841969,inner_val
ISIC_3143650,0,0.081322215,inner_val
ISIC_3148048,0,0.007991993,inner_val
ISIC_3154122,0,6.653761e-05,inner_val
ISIC_3154509,0,0.0003620069,inner_val
ISIC_3155020,0,1.505932e-05,inner_val
ISIC_3156139,0,5.6161767e-05,inner_val
ISIC_3159130,0,0.00021746125,inner_val
ISIC_3159924,1,0.009510058,inner_val
ISIC_3161186,0,0.0052516046,inner_val
ISIC_3162794,0,3.0038946e-05,inner_val
ISIC_3171104,0,0.001024444,inner_val
ISIC_3175350,0,0.002755251,inner_val
ISIC_3177916,0,0.08907509,inner_val
ISIC_3183548,0,0.010023398,inner_val
ISIC_3183794,0,0.00074965466,inner_val
ISIC_3185336,0,0.001384949,inner_val
ISIC_3197712,0,9.096324e-05,inner_val
ISIC_3198731,0,0.0002839938,inner_val
ISIC_3202358,0,0.00041775062,inner_val
ISIC_3203435,0,3.547605e-05,inner_val
ISIC_3206957,0,0.03887995,inner_val
ISIC_3209024,0,0.0005209471,inner_val
ISIC_3209856,0,0.0012734606,inner_val
ISIC_3211897,0,0.004550594,inner_val
ISIC_3215136,0,0.00012273801,inner_val
ISIC_3217061,0,0.000346002,inner_val
ISIC_3218135,0,0.00012512578,inner_val
ISIC_3218403,0,0.00020414375,inner_val
ISIC_3220423,0,0.002038396,inner_val
ISIC_3222214,0,0.0009937146,inner_val
ISIC_3227705,0,0.00014486487,inner_val
ISIC_3230164,0,0.04168451,inner_val
ISIC_3232712,0,0.00029806473,inner_val
ISIC_3234899,0,0.00020985809,inner_val
ISIC_3237364,0,0.00115488,inner_val
ISIC_3237861,0,0.012538867,inner_val
ISIC_3238687,0,4.2533582e-05,inner_val
ISIC_3246376,0,0.00096347905,inner_val
ISIC_3249704,0,0.00016437327,inner_val
ISIC_3249783,0,0.0007980901,inner_val
ISIC_3249936,0,0.00871257,inner_val
ISIC_3249958,0,0.000113149974,inner_val
ISIC_3251275,0,0.0070730797,inner_val
ISIC_3260746,0,0.0002896343,inner_val
ISIC_3260974,0,0.0017082202,inner_val
ISIC_3261511,0,0.00032151776,inner_val
ISIC_3264992,0,0.008067846,inner_val
ISIC_3265470,0,8.016243e-05,inner_val
ISIC_3267196,0,0.00044443944,inner_val
ISIC_3267817,0,4.8249705e-05,inner_val
ISIC_3274493,0,0.00096535345,inner_val
ISIC_3276395,0,0.007243094,inner_val
ISIC_3280963,0,0.0055951783,inner_val
ISIC_3281252,0,0.0008990891,inner_val
ISIC_3283934,0,0.00012403775,inner_val
ISIC_3286597,0,0.015024215,inner_val
ISIC_3289651,0,0.0033760155,inner_val
ISIC_3290678,0,0.002365917,inner_val
ISIC_3296136,0,0.0017539371,inner_val
ISIC_3296152,0,0.000171011,inner_val
ISIC_3297631,0,4.6596215e-05,inner_val
ISIC_3299783,0,0.00019359028,inner_val
ISIC_3300386,0,0.00031656065,inner_val
ISIC_3301263,0,0.005537239,inner_val
ISIC_3302025,0,0.0005462283,inner_val
ISIC_3304982,0,0.0039804624,inner_val
ISIC_3310849,0,0.14486942,inner_val
ISIC_3311662,0,0.0019917728,inner_val
ISIC_3312201,0,0.0014616464,inner_val
ISIC_3313317,0,0.0002145585,inner_val
ISIC_3316232,0,0.0023151515,inner_val
ISIC_3319163,0,0.0058394847,inner_val
ISIC_3319229,1,0.0113755725,inner_val
ISIC_3319361,0,0.000116494004,inner_val
ISIC_3328612,0,0.00025214153,inner_val
ISIC_3328736,0,0.00015934327,inner_val
ISIC_3331853,0,0.0076620854,inner_val
ISIC_3335955,0,0.007233048,inner_val
ISIC_3340180,0,0.00049673766,inner_val
ISIC_3340346,0,0.0010396596,inner_val
ISIC_3345065,0,0.00039365044,inner_val
ISIC_3346045,0,0.00011743488,inner_val
ISIC_3352700,0,0.001341816,inner_val
ISIC_3356316,0,0.00026213133,inner_val
ISIC_3356497,0,0.00018159238,inner_val
ISIC_3356671,0,0.0026935644,inner_val
ISIC_3361955,0,3.473103e-05,inner_val
ISIC_3367944,0,0.0027760337,inner_val
ISIC_3373004,0,0.0060382825,inner_val
ISIC_3373578,0,0.00042498022,inner_val
ISIC_3376991,0,4.389511e-05,inner_val
ISIC_3378691,0,0.0004933809,inner_val
ISIC_3380009,0,0.1013989,inner_val
ISIC_3383093,0,0.000252803,inner_val
ISIC_3384989,0,0.015253312,inner_val
ISIC_3385071,0,4.2169406e-05,inner_val
ISIC_3387713,0,0.003269037,inner_val
ISIC_3389461,0,8.625987e-05,inner_val
ISIC_3397468,0,0.00097104494,inner_val
ISIC_3401240,0,0.0007401479,inner_val
ISIC_3401631,0,0.0035493085,inner_val
ISIC_3401780,0,0.00031059334,inner_val
ISIC_3402149,0,0.00036813662,inner_val
ISIC_3403778,0,0.0043836245,inner_val
ISIC_3408742,0,0.00018717155,inner_val
ISIC_3412216,0,0.00019844402,inner_val
ISIC_3412637,0,0.00031659834,inner_val
ISIC_3413036,0,0.00020866294,inner_val
ISIC_3415223,0,0.0015387762,inner_val
ISIC_3417390,0,0.003940354,inner_val
ISIC_3418447,0,0.0011593064,inner_val
ISIC_3421141,0,0.008460035,inner_val
ISIC_3424667,0,0.123495996,inner_val
ISIC_3426701,0,0.0001716815,inner_val
ISIC_3435535,0,0.015758522,inner_val
ISIC_3437734,0,5.3774933e-05,inner_val
ISIC_3440813,0,0.0050186776,inner_val
ISIC_3441198,0,0.029227257,inner_val
ISIC_3443234,0,0.009006194,inner_val
ISIC_3444192,0,0.00906446,inner_val
ISIC_3445468,0,0.11121376,inner_val
ISIC_3447765,0,0.012900899,inner_val
ISIC_3448630,0,0.0034654497,inner_val
ISIC_3449290,0,0.00057959574,inner_val
ISIC_3449292,0,0.00028443738,inner_val
ISIC_3455311,0,0.0036897648,inner_val
ISIC_3458811,0,0.00015265039,inner_val
ISIC_3461869,0,0.0024018837,inner_val
ISIC_3463384,0,0.00061192823,inner_val
ISIC_3465385,0,0.00035455904,inner_val
ISIC_3474681,0,3.5003955e-05,inner_val
ISIC_3475660,1,0.09913794,inner_val
ISIC_3477566,0,0.0018395213,inner_val
ISIC_3477896,0,0.00093402097,inner_val
ISIC_3478437,0,0.0001300002,inner_val
ISIC_3481768,0,0.22130515,inner_val
ISIC_3482676,0,0.0005817242,inner_val
ISIC_3487151,0,0.0013766342,inner_val
ISIC_3487632,0,0.01729114,inner_val
ISIC_3495799,0,9.050864e-05,inner_val
ISIC_3499803,0,0.00014051588,inner_val
ISIC_3500137,0,0.0019925523,inner_val
ISIC_3500673,0,9.6479525e-05,inner_val
ISIC_3501997,0,0.0014686931,inner_val
ISIC_3505327,0,0.0018560225,inner_val
ISIC_3505339,0,0.00022920973,inner_val
ISIC_3510004,0,0.0003142788,inner_val
ISIC_3510802,0,0.00142394,inner_val
ISIC_3511854,0,0.00020985567,inner_val
ISIC_3512019,0,0.00017515587,inner_val
ISIC_3513288,0,0.00021327192,inner_val
ISIC_3521671,0,0.00035966054,inner_val
ISIC_3524429,0,0.0002292602,inner_val
ISIC_3526799,0,0.0010662813,inner_val
ISIC_3528120,0,0.13054782,inner_val
ISIC_3528295,0,0.00067177514,inner_val
ISIC_3531360,0,0.0002006457,inner_val
ISIC_3535289,0,2.6298461e-05,inner_val
ISIC_3536436,0,0.0001129515,inner_val
ISIC_3537089,0,0.01149601,inner_val
ISIC_3544168,0,0.000112096335,inner_val
ISIC_3548393,0,9.8887385e-06,inner_val
ISIC_3550844,0,0.0050292825,inner_val
ISIC_3552318,0,3.7778518e-05,inner_val
ISIC_3552860,0,0.0003929677,inner_val
ISIC_3555847,0,8.100015e-05,inner_val
ISIC_3556857,0,2.1008307e-05,inner_val
ISIC_3559215,0,0.0011466498,inner_val
ISIC_3562294,0,0.011275968,inner_val
ISIC_3562660,0,0.00016750765,inner_val
ISIC_3563518,0,0.00019476467,inner_val
ISIC_3573323,0,0.00023913718,inner_val
ISIC_3575305,0,0.023965359,inner_val
ISIC_3575814,0,0.10692746,inner_val
ISIC_3578203,0,4.3499324e-05,inner_val
ISIC_3579044,0,0.00043539205,inner_val
ISIC_3581871,0,0.0011249288,inner_val
ISIC_3585381,0,0.00023246995,inner_val
ISIC_3586461,0,0.00025968382,inner_val
ISIC_3586611,0,0.00025950515,inner_val
ISIC_3587744,0,0.119119935,inner_val
ISIC_3588908,0,0.0029152036,inner_val
ISIC_3589310,0,0.001429424,inner_val
ISIC_3591686,0,0.0008089164,inner_val
ISIC_3598244,0,0.00013456249,inner_val
ISIC_3599125,0,0.0005189958,inner_val
ISIC_3600802,0,0.00078158395,inner_val
ISIC_3601224,0,0.0050263866,inner_val
ISIC_3605210,0,0.0008833122,inner_val
ISIC_3605747,0,0.00038508605,inner_val
ISIC_3609716,0,2.6792191e-05,inner_val
ISIC_3612211,0,0.00064835534,inner_val
ISIC_3612285,0,0.0061511933,inner_val
ISIC_3616107,0,0.0473265,inner_val
ISIC_3621391,0,0.0024360581,inner_val
ISIC_3622085,0,0.004672568,inner_val
ISIC_3628925,0,0.00072684104,inner_val
ISIC_3629614,0,0.0016170072,inner_val
ISIC_3640401,0,7.2152776e-05,inner_val
ISIC_3642241,0,0.001116206,inner_val
ISIC_3645705,0,0.0018466368,inner_val
ISIC_3646643,0,0.02688958,inner_val
ISIC_3648961,0,0.00019614582,inner_val
ISIC_3650598,0,0.02964282,inner_val
ISIC_3654373,0,0.0011138635,inner_val
ISIC_3654454,0,0.00246611,inner_val
ISIC_3657408,0,0.009529598,inner_val
ISIC_3657663,0,0.00063459796,inner_val
ISIC_3659682,0,0.005657354,inner_val
ISIC_3662337,0,0.027541582,inner_val
ISIC_3663705,0,0.00011407636,inner_val
ISIC_3667693,0,0.00029881703,inner_val
ISIC_3667705,0,0.0019427708,inner_val
ISIC_3668644,0,0.031942327,inner_val
ISIC_3671955,0,0.1865115,inner_val
ISIC_3673090,0,0.00097129523,inner_val
ISIC_3673482,0,0.01852916,inner_val
ISIC_3676639,0,0.014805238,inner_val
ISIC_3676643,0,0.0002832907,inner_val
ISIC_3677742,0,0.0019001415,inner_val
ISIC_3677905,0,0.0011060386,inner_val
ISIC_3677945,0,0.0010455203,inner_val
ISIC_3679271,0,0.00013299347,inner_val
ISIC_3683263,0,0.00021709086,inner_val
ISIC_3683402,0,0.00058153074,inner_val
ISIC_3683530,0,0.00043897776,inner_val
ISIC_3684488,1,0.077717416,inner_val
ISIC_3685448,0,0.00066454866,inner_val
ISIC_3687259,0,0.00012407915,inner_val
ISIC_3689907,0,0.0032385066,inner_val
ISIC_3696726,0,0.00137469,inner_val
ISIC_3700351,0,2.8668319e-05,inner_val
ISIC_3701563,0,0.0001036341,inner_val
ISIC_3703408,0,0.0011056914,inner_val
ISIC_3705852,0,0.00010561361,inner_val
ISIC_3707360,0,0.0026063754,inner_val
ISIC_3707770,0,0.00021918798,inner_val
ISIC_3715736,0,0.0003297642,inner_val
ISIC_3716147,0,0.002497014,inner_val
ISIC_3716686,0,0.001175905,inner_val
ISIC_3718717,0,0.00011067332,inner_val
ISIC_3727292,0,0.00016925317,inner_val
ISIC_3730172,0,0.00014755764,inner_val
ISIC_3730238,0,0.0072571863,inner_val
ISIC_3731040,0,0.0002450917,inner_val
ISIC_3731815,0,0.0001548503,inner_val
ISIC_3734766,0,0.0019777685,inner_val
ISIC_3735337,0,0.00020031042,inner_val
ISIC_3737487,0,0.0040573175,inner_val
ISIC_3740201,0,0.000105334104,inner_val
ISIC_3742431,0,0.0009353105,inner_val
ISIC_3744835,0,0.003023777,inner_val
ISIC_3745639,0,0.0004288557,inner_val
ISIC_3746410,0,5.14457e-05,inner_val
ISIC_3749028,0,0.011036708,inner_val
ISIC_3751001,0,0.01180108,inner_val
ISIC_3761634,0,0.0004762584,inner_val
ISIC_3762853,0,0.0022824025,inner_val
ISIC_3763248,0,0.0042527993,inner_val
ISIC_3766837,0,0.0018938457,inner_val
ISIC_3773860,0,4.0557003e-05,inner_val
ISIC_3774190,0,0.010022391,inner_val
ISIC_3779051,0,0.00015224193,inner_val
ISIC_3782372,0,0.0010062308,inner_val
ISIC_3783114,0,0.00045121557,inner_val
ISIC_3787994,0,0.0051778383,inner_val
ISIC_3788678,0,0.00033969324,inner_val
ISIC_3788873,0,7.1249975e-05,inner_val
ISIC_3789929,0,0.19371815,inner_val
ISIC_3792450,0,0.00040819118,inner_val
ISIC_3793261,0,0.087566085,inner_val
ISIC_3800974,0,0.0019172739,inner_val
ISIC_3801932,0,0.0015134894,inner_val
ISIC_3802785,0,0.00043598888,inner_val
ISIC_3802812,0,0.0035758705,inner_val
ISIC_3803947,0,0.0037543576,inner_val
ISIC_3806211,0,0.009115902,inner_val
ISIC_3806554,0,5.132794e-05,inner_val
ISIC_3808474,0,0.01399467,inner_val
ISIC_3812918,0,6.238965e-05,inner_val
ISIC_3816122,0,0.0012177147,inner_val
ISIC_3816833,0,0.00010999345,inner_val
ISIC_3817292,0,0.00013102619,inner_val
ISIC_3818234,0,0.00015173541,inner_val
ISIC_3820602,0,0.0009215499,inner_val
ISIC_3821027,0,0.003240177,inner_val
ISIC_3822815,0,0.0017130442,inner_val
ISIC_3822864,0,7.987864e-05,inner_val
ISIC_3825739,0,0.001548321,inner_val
ISIC_3826102,0,0.0011415863,inner_val
ISIC_3828455,0,0.00028608087,inner_val
ISIC_3835276,0,0.00011081462,inner_val
ISIC_3836023,0,0.0032101655,inner_val
ISIC_3838310,0,0.00037474008,inner_val
ISIC_3841073,0,0.0010698094,inner_val
ISIC_3843634,0,0.00016609389,inner_val
ISIC_3844484,0,0.0027734623,inner_val
ISIC_3846236,0,9.2157556e-05,inner_val
ISIC_3850432,0,0.00086452824,inner_val
ISIC_3854190,0,0.008322277,inner_val
ISIC_3854989,0,0.00041015842,inner_val
ISIC_3856662,0,0.0041106343,inner_val
ISIC_3858405,0,0.03382034,inner_val
ISIC_3862917,0,0.0013814187,inner_val
ISIC_3863508,0,0.05318247,inner_val
ISIC_3868370,0,0.00063748675,inner_val
ISIC_3872560,0,7.2577175e-05,inner_val
ISIC_3875267,0,0.0001359829,inner_val
ISIC_3875681,0,0.010451066,inner_val
ISIC_3877413,0,0.0007504491,inner_val
ISIC_3877643,0,9.46963e-05,inner_val
ISIC_3877981,0,0.017184624,inner_val
ISIC_3878174,0,0.00015982412,inner_val
ISIC_3879564,0,0.007631163,inner_val
ISIC_3881897,0,0.00031092128,inner_val
ISIC_3884221,0,0.14810878,inner_val
ISIC_3886001,0,0.0002893153,inner_val
ISIC_3889671,0,0.12881482,inner_val
ISIC_3896737,0,0.0056012357,inner_val
ISIC_3898513,0,9.0577974e-05,inner_val
ISIC_3900327,0,8.904237e-05,inner_val
ISIC_3904628,0,0.00020131913,inner_val
ISIC_3910037,0,0.00021002423,inner_val
ISIC_3913441,0,0.008296003,inner_val
ISIC_3913709,0,9.040815e-05,inner_val
ISIC_3914743,0,0.0013422039,inner_val
ISIC_3916064,0,0.00022028183,inner_val
ISIC_3916830,0,0.0028515875,inner_val
ISIC_3917306,0,0.00019236008,inner_val
ISIC_3919496,0,0.00024479209,inner_val
ISIC_3921769,0,0.0005757921,inner_val
ISIC_3924772,0,0.00034751638,inner_val
ISIC_3925125,0,0.0014382984,inner_val
ISIC_3925208,0,0.015268935,inner_val
ISIC_3926972,0,0.0040373965,inner_val
ISIC_3931484,0,0.000488677,inner_val
ISIC_3932232,0,0.000105320745,inner_val
ISIC_3936041,0,0.00017829526,inner_val
ISIC_3942075,0,0.024719568,inner_val
ISIC_3943136,0,0.0002431473,inner_val
ISIC_3944634,1,0.002590552,inner_val
ISIC_3946019,0,0.00020642995,inner_val
ISIC_3948560,0,0.0019785734,inner_val
ISIC_3948588,0,0.00057419454,inner_val
ISIC_3952070,0,0.0020924928,inner_val
ISIC_3952513,0,0.00041415874,inner_val
ISIC_3955302,0,0.000224266,inner_val
ISIC_3955539,0,3.8945e-05,inner_val
ISIC_3957077,0,6.539887e-05,inner_val
ISIC_3964848,0,0.015436092,inner_val
ISIC_3967213,0,0.00023131979,inner_val
ISIC_3967953,0,6.788836e-05,inner_val
ISIC_3968367,0,0.0043480983,inner_val
ISIC_3969181,0,0.004024989,inner_val
ISIC_3969867,0,0.0031425464,inner_val
ISIC_3970105,0,0.00021981605,inner_val
ISIC_3971174,0,2.1380258e-05,inner_val
ISIC_3971625,0,0.0010965285,inner_val
ISIC_3974064,0,0.0005563998,inner_val
ISIC_3979225,0,0.0001659522,inner_val
ISIC_3980606,0,0.0007879546,inner_val
ISIC_3984167,0,0.00022029357,inner_val
ISIC_3984393,0,0.00014737385,inner_val
ISIC_3985104,0,0.04861688,inner_val
ISIC_3994250,0,0.00039740384,inner_val
ISIC_3995579,0,0.0014802424,inner_val
ISIC_4004088,0,4.4346867e-05,inner_val
ISIC_4005585,0,0.012100796,inner_val
ISIC_4005830,0,0.0038210496,inner_val
ISIC_4006060,0,0.0005671938,inner_val
ISIC_4007918,0,0.0001862421,inner_val
ISIC_4015288,0,0.004307039,inner_val
ISIC_4015349,0,0.0003108626,inner_val
ISIC_4017765,0,0.054961726,inner_val
ISIC_4020689,0,0.10698293,inner_val
ISIC_4021456,0,0.009121262,inner_val
ISIC_4021645,0,0.13786744,inner_val
ISIC_4022621,0,0.003592027,inner_val
ISIC_4023618,0,0.00083772186,inner_val
ISIC_4023645,0,0.014155726,inner_val
ISIC_4024269,0,0.00016237897,inner_val
ISIC_4026806,0,0.00027636808,inner_val
ISIC_4028402,0,0.0008889481,inner_val
ISIC_4029055,0,0.00016924622,inner_val
ISIC_4030935,0,0.021697508,inner_val
ISIC_4032170,0,0.00015683692,inner_val
ISIC_4034244,0,0.0007966647,inner_val
ISIC_4043423,0,0.0034833432,inner_val
ISIC_4044272,0,9.818054e-05,inner_val
ISIC_4051128,0,0.0032687325,inner_val
ISIC_4052701,0,0.0364208,inner_val
ISIC_4061316,0,0.0002133533,inner_val
ISIC_4063720,0,0.004516331,inner_val
ISIC_4067686,0,0.0011162445,inner_val
ISIC_4068365,0,0.017741052,inner_val
ISIC_4068608,0,0.021779561,inner_val
ISIC_4068690,0,4.6785717e-05,inner_val
ISIC_4073074,0,0.0004868618,inner_val
ISIC_4074472,0,0.0009291043,inner_val
ISIC_4077798,0,0.00017054233,inner_val
ISIC_4079345,0,0.00017923224,inner_val
ISIC_4081632,0,0.012600933,inner_val
ISIC_4083200,0,3.439251e-05,inner_val
ISIC_4083947,0,0.00068567594,inner_val
ISIC_4085552,0,0.10447213,inner_val
ISIC_4086375,0,0.00079540856,inner_val
ISIC_4088252,0,0.00067946815,inner_val
ISIC_4090494,0,0.0017625272,inner_val
ISIC_4090714,0,0.04193278,inner_val
ISIC_4091981,0,0.0001658459,inner_val
ISIC_4094925,0,0.0019838363,inner_val
ISIC_4096361,0,0.0027977445,inner_val
ISIC_4100400,0,9.398659e-05,inner_val
ISIC_4102922,0,0.0001257799,inner_val
ISIC_4108397,0,0.00012146032,inner_val
ISIC_4108630,0,0.025372975,inner_val
ISIC_4111600,0,0.00066290994,inner_val
ISIC_4114060,0,0.026049457,inner_val
ISIC_4114269,0,0.014436199,inner_val
ISIC_4115135,0,0.0015343766,inner_val
ISIC_4122125,0,6.480754e-05,inner_val
ISIC_4127690,0,0.00019065785,inner_val
ISIC_4130478,0,0.0002679765,inner_val
ISIC_4131810,0,0.025957538,inner_val
ISIC_4137694,0,0.00029465638,inner_val
ISIC_4142024,0,0.0019147898,inner_val
ISIC_4144198,0,0.00011717884,inner_val
ISIC_4146342,0,0.0023300603,inner_val
ISIC_4148681,0,0.0019905905,inner_val
ISIC_4153687,0,2.5317748e-05,inner_val
ISIC_4159420,0,0.0005902304,inner_val
ISIC_4159742,0,0.0005495593,inner_val
ISIC_4160574,0,0.00035407144,inner_val
ISIC_4161113,0,0.0006380052,inner_val
ISIC_4162354,0,9.656954e-05,inner_val
ISIC_4162828,0,0.1400836,inner_val
ISIC_4163686,1,0.004691171,inner_val
ISIC_4163881,0,0.041019056,inner_val
ISIC_4164426,0,7.8621284e-05,inner_val
ISIC_4165214,0,0.0002261004,inner_val
ISIC_4167654,0,0.00016174169,inner_val
ISIC_4176809,0,0.0006315179,inner_val
ISIC_4176815,0,0.0017709065,inner_val
ISIC_4186524,0,0.019854464,inner_val
ISIC_4189633,0,0.010755229,inner_val
ISIC_4190706,0,0.0002542601,inner_val
ISIC_4193775,0,0.009260061,inner_val
ISIC_4198421,0,0.016997153,inner_val
ISIC_4200486,0,0.011717043,inner_val
ISIC_4201327,0,0.002937459,inner_val
ISIC_4201571,0,0.0004146982,inner_val
ISIC_4207851,0,0.00047343242,inner_val
ISIC_4208361,0,0.0022546183,inner_val
ISIC_4210002,0,0.011209333,inner_val
ISIC_4221778,0,0.00010907349,inner_val
ISIC_4221820,0,8.349763e-05,inner_val
ISIC_4227455,0,0.0030606382,inner_val
ISIC_4232726,0,0.0016837006,inner_val
ISIC_4232756,0,0.00047096045,inner_val
ISIC_4238548,0,5.2147287e-05,inner_val
ISIC_4241347,0,0.00022180603,inner_val
ISIC_4241907,0,0.00015911432,inner_val
ISIC_4247550,0,4.89709e-05,inner_val
ISIC_4248273,0,0.00026113627,inner_val
ISIC_4249893,0,0.0010302294,inner_val
ISIC_4252547,0,0.0012349691,inner_val
ISIC_4253581,0,0.00041587002,inner_val
ISIC_4253846,0,0.0011676358,inner_val
ISIC_4254754,0,6.624334e-05,inner_val
ISIC_4254809,0,0.00014653926,inner_val
ISIC_4257799,0,0.0046643345,inner_val
ISIC_4262925,0,0.0005281209,inner_val
ISIC_4265726,0,0.002216919,inner_val
ISIC_4266157,0,0.0027112397,inner_val
ISIC_4267177,0,0.020447895,inner_val
ISIC_4270126,0,0.041546926,inner_val
ISIC_4271140,0,0.000499975,inner_val
ISIC_4274519,0,7.337957e-05,inner_val
ISIC_4276255,1,0.0031460286,inner_val
ISIC_4276933,0,0.00017137434,inner_val
ISIC_4278569,0,0.0007736886,inner_val
ISIC_4278981,0,4.8100486e-05,inner_val
ISIC_4282719,0,0.23316653,inner_val
ISIC_4283351,0,0.00011632739,inner_val
ISIC_4288307,0,4.9460035e-05,inner_val
ISIC_4289873,0,0.0011211113,inner_val
ISIC_4293419,0,9.594584e-05,inner_val
ISIC_4298761,0,0.05596974,inner_val
ISIC_4299282,0,0.00092664966,inner_val
ISIC_4299647,0,0.00020231126,inner_val
ISIC_4300657,0,0.0001952386,inner_val
ISIC_4307205,0,0.0001588572,inner_val
ISIC_4307344,0,0.0012898073,inner_val
ISIC_4311436,0,0.0011464865,inner_val
ISIC_4312841,0,0.001435053,inner_val
ISIC_4313352,0,0.00013438349,inner_val
ISIC_4314003,0,0.00013221371,inner_val
ISIC_4314417,0,0.00019032584,inner_val
ISIC_4315107,0,0.00012334128,inner_val
ISIC_4317478,0,0.010741697,inner_val
ISIC_4322954,0,0.004137226,inner_val
ISIC_4324163,0,0.0035563752,inner_val
ISIC_4327247,0,0.0076462296,inner_val
ISIC_4327726,0,0.000987194,inner_val
ISIC_4332846,0,0.00038817842,inner_val
ISIC_4334767,0,0.0049777,inner_val
ISIC_4335080,0,0.0034028906,inner_val
ISIC_4337318,0,0.004097498,inner_val
ISIC_4348579,0,0.00011420294,inner_val
ISIC_4350874,0,0.0007471631,inner_val
ISIC_4352854,0,0.00050902716,inner_val
ISIC_4354896,0,0.14276838,inner_val
ISIC_4359340,0,0.00075523974,inner_val
ISIC_4361405,0,0.11730841,inner_val
ISIC_4364397,0,0.0040523605,inner_val
ISIC_4366055,0,0.0008173263,inner_val
ISIC_4367917,0,6.9343136e-05,inner_val
ISIC_4368411,0,1.522967e-05,inner_val
ISIC_4368478,0,0.0001096918,inner_val
ISIC_4370751,0,0.00021627167,inner_val
ISIC_4373429,0,0.24421673,inner_val
ISIC_4373835,0,0.00012344812,inner_val
ISIC_4374944,0,0.016544927,inner_val
ISIC_4384016,0,8.97358e-05,inner_val
ISIC_4384341,0,0.0029727153,inner_val
ISIC_4384861,0,0.00012216817,inner_val
ISIC_4385893,0,0.0030559667,inner_val
ISIC_4386659,0,0.00048828166,inner_val
ISIC_4388706,0,0.007921567,inner_val
ISIC_4391942,0,0.00014406329,inner_val
ISIC_4392384,0,0.00012335893,inner_val
ISIC_4393209,0,0.0028887265,inner_val
ISIC_4394837,0,0.072235264,inner_val
ISIC_4399411,0,5.675643e-05,inner_val
ISIC_4407024,0,0.00027275074,inner_val
ISIC_4415203,0,0.0019730201,inner_val
ISIC_4418259,0,0.0003290752,inner_val
ISIC_4418458,0,0.00016077024,inner_val
ISIC_4419280,0,0.00012640825,inner_val
ISIC_4423793,0,0.013106373,inner_val
ISIC_4426345,0,0.00019253272,inner_val
ISIC_4427596,0,0.0004850524,inner_val
ISIC_4431858,0,0.0033618899,inner_val
ISIC_4432898,0,0.046313778,inner_val
ISIC_4433514,0,0.0016213122,inner_val
ISIC_4434040,0,0.0067329053,inner_val
ISIC_4438597,0,0.00032778236,inner_val
ISIC_4442490,0,0.00021094175,inner_val
ISIC_4443373,0,0.009924473,inner_val
ISIC_4447973,0,4.9816757e-05,inner_val
ISIC_4452233,0,0.0009877919,inner_val
ISIC_4454485,0,0.014106403,inner_val
ISIC_4456975,0,3.5789657e-05,inner_val
ISIC_4457207,0,0.0002711784,inner_val
ISIC_4462870,0,0.008930781,inner_val
ISIC_4463126,0,0.00012690053,inner_val
ISIC_4471367,0,0.00019253475,inner_val
ISIC_4478364,0,0.00026100958,inner_val
ISIC_4480504,0,0.0010883954,inner_val
ISIC_4489229,0,0.00022131212,inner_val
ISIC_4489943,0,0.0008085974,inner_val
ISIC_4490077,0,0.001068887,inner_val
ISIC_4490903,0,0.00010240966,inner_val
ISIC_4495210,0,0.0028511023,inner_val
ISIC_4496457,0,0.00013317863,inner_val
ISIC_4497120,0,0.00074241444,inner_val
ISIC_4498012,0,0.00083398534,inner_val
ISIC_4498746,0,0.0008071302,inner_val
ISIC_4499109,0,0.0061093494,inner_val
ISIC_4499380,0,0.00031742916,inner_val
ISIC_4506406,0,0.0011620268,inner_val
ISIC_4506518,0,0.0007751572,inner_val
ISIC_4506930,0,0.0006155484,inner_val
ISIC_4507193,0,0.00011368044,inner_val
ISIC_4511841,0,0.0007363366,inner_val
ISIC_4513493,0,0.00021961035,inner_val
ISIC_4513843,0,0.00014217553,inner_val
ISIC_4524422,0,0.00024022521,inner_val
ISIC_4524493,0,4.913378e-05,inner_val
ISIC_4525143,0,0.020706607,inner_val
ISIC_4527758,0,0.0020944693,inner_val
ISIC_4529363,0,0.0008161682,inner_val
ISIC_4532303,0,0.08226496,inner_val
ISIC_4536709,0,0.0055219335,inner_val
ISIC_4544879,0,0.010660641,inner_val
ISIC_4545717,0,0.000908301,inner_val
ISIC_4546136,0,0.00021480047,inner_val
ISIC_4547887,0,8.079749e-05,inner_val
ISIC_4548356,0,0.0005097475,inner_val
ISIC_4548483,0,0.01250768,inner_val
ISIC_4551517,0,9.151267e-05,inner_val
ISIC_4556455,0,0.00019779966,inner_val
ISIC_4561410,0,0.048907362,inner_val
ISIC_4562352,0,0.0049004224,inner_val
ISIC_4563146,0,0.00035861318,inner_val
ISIC_4564048,0,4.303805e-05,inner_val
ISIC_4564960,0,0.13399653,inner_val
ISIC_4568084,0,0.0011725746,inner_val
ISIC_4569383,0,4.655517e-05,inner_val
ISIC_4571395,0,0.00041486745,inner_val
ISIC_4572286,0,2.4906494e-05,inner_val
ISIC_4575112,0,5.6634137e-05,inner_val
ISIC_4581029,0,0.026875814,inner_val
ISIC_4581058,0,0.0004924398,inner_val
ISIC_4585372,0,0.00021060293,inner_val
ISIC_4586133,0,0.0018185128,inner_val
ISIC_4587506,0,4.5786386e-05,inner_val
ISIC_4591099,0,0.0020710544,inner_val
ISIC_4593224,0,0.00033009262,inner_val
ISIC_4593940,0,4.5712175e-05,inner_val
ISIC_4597598,0,0.005572654,inner_val
ISIC_4600666,0,0.0045657237,inner_val
ISIC_4601046,0,0.00084477715,inner_val
ISIC_4601418,0,8.309397e-05,inner_val
ISIC_4602667,0,0.00022671303,inner_val
ISIC_4602983,0,0.00039178008,inner_val
ISIC_4605737,0,0.00026259435,inner_val
ISIC_4606283,0,0.003049084,inner_val
ISIC_4610204,0,0.006189892,inner_val
ISIC_4612015,0,0.008652644,inner_val
ISIC_4612744,0,0.00014719943,inner_val
ISIC_4618932,0,0.2797435,inner_val
ISIC_4620192,0,6.453433e-05,inner_val
ISIC_4620387,0,5.9781567e-05,inner_val
ISIC_4624536,0,0.0006377341,inner_val
ISIC_4624753,0,0.002599334,inner_val
ISIC_4629184,0,0.0002054266,inner_val
ISIC_4629472,0,8.5506166e-05,inner_val
ISIC_4629476,0,0.00010804194,inner_val
ISIC_4630926,0,0.011285381,inner_val
ISIC_4631509,0,0.016957952,inner_val
ISIC_4632059,0,0.00022514569,inner_val
ISIC_4633003,0,0.0006052309,inner_val
ISIC_4634479,0,0.00015141066,inner_val
ISIC_4639099,0,0.0044121216,inner_val
ISIC_4640293,0,0.00037710764,inner_val
ISIC_4643939,0,0.000541662,inner_val
ISIC_4647398,0,6.699411e-05,inner_val
ISIC_4647804,0,0.0003238879,inner_val
ISIC_4653363,0,0.0064296834,inner_val
ISIC_4654225,0,0.0002526271,inner_val
ISIC_4655338,0,0.0021661888,inner_val
ISIC_4658487,0,0.0002806037,inner_val
ISIC_4658681,0,0.0036490872,inner_val
ISIC_4663404,0,0.00023735246,inner_val
ISIC_4669366,0,0.00012707707,inner_val
ISIC_4671738,0,0.00015886205,inner_val
ISIC_4677514,0,0.012654925,inner_val
ISIC_4678416,0,0.0005008691,inner_val
ISIC_4679428,0,0.0036985907,inner_val
ISIC_4680417,0,0.003080166,inner_val
ISIC_4682438,0,5.463636e-05,inner_val
ISIC_4682923,0,0.0008861988,inner_val
ISIC_4684171,0,0.00032734452,inner_val
ISIC_4691440,0,0.0011794171,inner_val
ISIC_4691883,0,0.1270886,inner_val
ISIC_4693693,0,0.4019284,inner_val
ISIC_4698457,0,0.00010006563,inner_val
ISIC_4707552,0,0.0086477045,inner_val
ISIC_4708642,0,0.00011745762,inner_val
ISIC_4716997,0,0.00083592825,inner_val
ISIC_4718884,0,0.015506326,inner_val
ISIC_4719181,0,0.0002508943,inner_val
ISIC_4719620,0,0.0024375208,inner_val
ISIC_4724943,0,0.016496072,inner_val
ISIC_4726431,0,0.00046076044,inner_val
ISIC_4728589,0,4.6485522e-05,inner_val
ISIC_4730066,1,0.015431557,inner_val
ISIC_4730074,0,0.00049711566,inner_val
ISIC_4732241,0,0.00026672595,inner_val
ISIC_4732460,0,0.00019265266,inner_val
ISIC_4732985,0,0.004003722,inner_val
ISIC_4735699,0,0.00053984585,inner_val
ISIC_4735706,0,0.00672283,inner_val
ISIC_4737109,0,0.005398078,inner_val
ISIC_4742252,0,0.0036389215,inner_val
ISIC_4742488,0,9.898173e-06,inner_val
ISIC_4744272,0,0.0026458194,inner_val
ISIC_4749897,0,0.00011611748,inner_val
ISIC_4750973,0,0.00043903798,inner_val
ISIC_4752084,0,0.0015880467,inner_val
ISIC_4752144,0,0.00015763681,inner_val
ISIC_4758757,0,0.0011835345,inner_val
ISIC_4760061,0,0.0189637,inner_val
ISIC_4762702,0,3.9010494e-05,inner_val
ISIC_4763436,0,0.0006076553,inner_val
ISIC_4763943,0,0.0005919918,inner_val
ISIC_4764292,0,0.00024878548,inner_val
ISIC_4764568,0,0.00078653713,inner_val
ISIC_4765961,0,0.0002677007,inner_val
ISIC_4768021,0,4.762752e-05,inner_val
ISIC_4780541,0,0.0001633656,inner_val
ISIC_4780793,0,0.0030659067,inner_val
ISIC_4781140,0,0.00029562096,inner_val
ISIC_4782254,0,0.0012445772,inner_val
ISIC_4782878,0,0.001457156,inner_val
ISIC_4783933,0,0.001599929,inner_val
ISIC_4784925,0,0.003927559,inner_val
ISIC_4785358,0,0.00013826622,inner_val
ISIC_4786018,0,0.03362268,inner_val
ISIC_4786942,0,0.00022990991,inner_val
ISIC_4788878,0,0.00026911535,inner_val
ISIC_4796189,0,0.0003296913,inner_val
ISIC_4797654,0,0.010210881,inner_val
ISIC_4800314,0,0.00023774384,inner_val
ISIC_4805419,0,3.1988126e-05,inner_val
ISIC_4807196,0,0.052815072,inner_val
ISIC_4808930,0,0.0022671106,inner_val
ISIC_4809078,0,0.068687595,inner_val
ISIC_4809996,0,0.0006143478,inner_val
ISIC_4812480,0,0.00028604953,inner_val
ISIC_4812508,0,0.00010148128,inner_val
ISIC_4817112,0,0.0016534618,inner_val
ISIC_4822306,0,0.00039259213,inner_val
ISIC_4824153,0,0.00023678693,inner_val
ISIC_4826024,0,0.00033628353,inner_val
ISIC_4826449,0,0.0012031139,inner_val
ISIC_4826839,0,0.0003311302,inner_val
ISIC_4827954,0,0.00053881726,inner_val
ISIC_4832697,0,0.04895415,inner_val
ISIC_4833252,0,0.00010254627,inner_val
ISIC_4833303,0,0.00016501462,inner_val
ISIC_4836873,0,3.0141502e-05,inner_val
ISIC_4840770,0,0.00013437054,inner_val
ISIC_4841705,0,0.0010443765,inner_val
ISIC_4844937,0,0.0018228674,inner_val
ISIC_4846287,0,0.0020732868,inner_val
ISIC_4847287,0,6.774015e-05,inner_val
ISIC_4848047,0,0.0010296485,inner_val
ISIC_4848484,0,0.00033006555,inner_val
ISIC_4851366,1,0.11411534,inner_val
ISIC_4859011,0,0.0020467024,inner_val
ISIC_4861267,0,3.3627468e-05,inner_val
ISIC_4862692,0,0.0006396978,inner_val
ISIC_4868982,0,0.00069955713,inner_val
ISIC_4870813,0,0.0007736834,inner_val
ISIC_4872791,0,0.00086307887,inner_val
ISIC_4873009,0,0.00020272663,inner_val
ISIC_4877995,0,0.0001959189,inner_val
ISIC_4879050,0,0.0016749501,inner_val
ISIC_4883688,0,0.00017686872,inner_val
ISIC_4884803,0,5.8716443e-05,inner_val
ISIC_4884879,0,0.007851925,inner_val
ISIC_4886992,0,0.0022892382,inner_val
ISIC_4889196,0,0.002110765,inner_val
ISIC_4890201,0,0.00018318745,inner_val
ISIC_4891057,0,0.00017827844,inner_val
ISIC_4894602,0,0.030251676,inner_val
ISIC_4896088,0,0.012611575,inner_val
ISIC_4901330,0,0.016412336,inner_val
ISIC_4903900,0,0.007631481,inner_val
ISIC_4904364,0,0.06260499,inner_val
ISIC_4905331,0,0.0005214752,inner_val
ISIC_4909229,0,3.588723e-05,inner_val
ISIC_4910683,0,0.028017713,inner_val
ISIC_4917748,0,9.986553e-05,inner_val
ISIC_4919503,0,0.071509756,inner_val
ISIC_4920181,0,0.08476717,inner_val
ISIC_4921130,0,0.0006689296,inner_val
ISIC_4922651,0,0.00026997135,inner_val
ISIC_4925442,0,0.0016999819,inner_val
ISIC_4925631,0,3.9933355e-05,inner_val
ISIC_4927573,0,0.00013808675,inner_val
ISIC_4929101,0,0.00014276321,inner_val
ISIC_4930632,0,6.8508656e-05,inner_val
ISIC_4931777,0,0.00020121664,inner_val
ISIC_4934323,0,4.1246643e-05,inner_val
ISIC_4936662,1,0.006416498,inner_val
ISIC_4936702,0,0.000212695,inner_val
ISIC_4946953,0,0.0005351989,inner_val
ISIC_4947726,0,0.00017561257,inner_val
ISIC_4950948,0,0.008243833,inner_val
ISIC_4956766,0,0.00020981487,inner_val
ISIC_4957315,0,0.00018897397,inner_val
ISIC_4965795,0,0.07870981,inner_val
ISIC_4967586,1,0.00084197294,inner_val
ISIC_4971047,0,0.0042295163,inner_val
ISIC_4972972,0,0.0010874771,inner_val
ISIC_4979624,0,0.0013449731,inner_val
ISIC_4980328,0,0.0006854855,inner_val
ISIC_4981344,0,0.00026538054,inner_val
ISIC_4984992,0,1.2533116e-05,inner_val
ISIC_4985369,0,0.0022744006,inner_val
ISIC_4988671,0,0.00020377875,inner_val
ISIC_4992702,0,0.0015387535,inner_val
ISIC_4993417,0,0.00022430684,inner_val
ISIC_4994445,0,0.009099919,inner_val
ISIC_5000359,0,0.0026568132,inner_val
ISIC_5000531,0,0.00072638434,inner_val
ISIC_5001317,0,0.00025470316,inner_val
ISIC_5003226,0,1.079876e-05,inner_val
ISIC_5003751,0,0.020334005,inner_val
ISIC_5004291,0,0.00048460028,inner_val
ISIC_5005961,0,0.0003391108,inner_val
ISIC_5006135,0,0.00016153116,inner_val
ISIC_5008602,0,0.015462006,inner_val
ISIC_5011331,0,0.012585916,inner_val
ISIC_5011531,0,0.00012897822,inner_val
ISIC_5011583,0,8.1820406e-05,inner_val
ISIC_5013602,0,2.7735272e-05,inner_val
ISIC_5017874,0,0.0070040314,inner_val
ISIC_5022895,0,0.0023499003,inner_val
ISIC_5026709,0,0.0001504602,inner_val
ISIC_5028612,0,0.0050084186,inner_val
ISIC_5028878,0,0.0003184513,inner_val
ISIC_5029636,0,7.712205e-05,inner_val
ISIC_5032047,0,1.6990056e-05,inner_val
ISIC_5032464,0,0.00064846163,inner_val
ISIC_5037784,1,0.10437008,inner_val
ISIC_5037796,0,0.00092018995,inner_val
ISIC_5042524,0,0.00019088431,inner_val
ISIC_5044766,0,0.013643084,inner_val
ISIC_5046340,0,0.00034836258,inner_val
ISIC_5052760,0,0.0007703141,inner_val
ISIC_5053869,0,0.00036110208,inner_val
ISIC_5053904,0,0.001683683,inner_val
ISIC_5057875,0,5.305863e-05,inner_val
ISIC_5064969,0,0.003637846,inner_val
ISIC_5069292,0,1.895909e-05,inner_val
ISIC_5069412,0,0.00021495945,inner_val
ISIC_5069715,0,0.0054505253,inner_val
ISIC_5073160,0,0.011731768,inner_val
ISIC_5074129,0,0.00053428404,inner_val
ISIC_5084682,0,0.00028525674,inner_val
ISIC_5086349,1,0.0061214347,inner_val
ISIC_5086403,0,0.00011415907,inner_val
ISIC_5093070,0,0.009654716,inner_val
ISIC_5099569,0,0.00014490161,inner_val
ISIC_5101218,0,5.0654668e-05,inner_val
ISIC_5103658,0,0.00034218494,inner_val
ISIC_5103854,0,0.0015291112,inner_val
ISIC_5104241,0,0.00051818596,inner_val
ISIC_5106545,0,7.896723e-05,inner_val
ISIC_5111439,0,0.00069349236,inner_val
ISIC_5112908,0,0.0005451958,inner_val
ISIC_5118951,0,4.711264e-05,inner_val
ISIC_5120553,0,0.13423485,inner_val
ISIC_5122173,0,0.00090007734,inner_val
ISIC_5122220,0,0.00016885292,inner_val
ISIC_5123366,0,0.00013302277,inner_val
ISIC_5123817,0,0.00095354585,inner_val
ISIC_5128589,0,0.000473413,inner_val
ISIC_5130418,0,0.0025005438,inner_val
ISIC_5130916,0,0.0032429672,inner_val
ISIC_5131198,0,0.0008585917,inner_val
ISIC_5131821,0,0.00012889449,inner_val
ISIC_5133396,0,0.0065098247,inner_val
ISIC_5135858,0,0.00030583344,inner_val
ISIC_5138032,0,0.0007987063,inner_val
ISIC_5138700,0,0.00043922427,inner_val
ISIC_5140952,1,0.026884915,inner_val
ISIC_5141844,0,0.012406007,inner_val
ISIC_5142088,0,2.4455654e-05,inner_val
ISIC_5143697,0,0.001235159,inner_val
ISIC_5143786,0,0.06914607,inner_val
ISIC_5144730,0,0.0021251177,inner_val
ISIC_5146245,0,0.0007736009,inner_val
ISIC_5148474,0,0.0016959864,inner_val
ISIC_5148638,0,0.0005175627,inner_val
ISIC_5150671,0,3.5926027e-05,inner_val
ISIC_5151428,0,0.0016483896,inner_val
ISIC_5152859,0,0.00092643255,inner_val
ISIC_5161114,0,0.05442974,inner_val
ISIC_5162699,0,5.5828143e-05,inner_val
ISIC_5163976,0,0.0070184353,inner_val
ISIC_5164045,0,7.510204e-05,inner_val
ISIC_5165286,0,0.00020979086,inner_val
ISIC_5165544,0,0.00021341455,inner_val
ISIC_5168662,0,0.00055277394,inner_val
ISIC_5170821,0,0.006951711,inner_val
ISIC_5173742,0,0.032814216,inner_val
ISIC_5176297,0,0.0063094753,inner_val
ISIC_5182841,0,0.0015731457,inner_val
ISIC_5186059,0,0.00022081868,inner_val
ISIC_5187819,0,0.00026293355,inner_val
ISIC_5190484,0,4.1720054e-05,inner_val
ISIC_5192051,0,6.0530983e-05,inner_val
ISIC_5193810,0,0.000857302,inner_val
ISIC_5194345,0,0.003006732,inner_val
ISIC_5194874,0,0.005125404,inner_val
ISIC_5196052,0,0.0012249249,inner_val
ISIC_5204029,0,0.000104392464,inner_val
ISIC_5204245,0,8.9361434e-05,inner_val
ISIC_5204408,0,0.00011550073,inner_val
ISIC_5205426,0,0.0008631064,inner_val
ISIC_5207738,0,0.0067245527,inner_val
ISIC_5209031,0,8.580275e-05,inner_val
ISIC_5209265,0,0.000111613386,inner_val
ISIC_5209769,0,0.010891412,inner_val
ISIC_5210063,0,0.004100837,inner_val
ISIC_5213792,0,0.00073133927,inner_val
ISIC_5214247,0,0.011436589,inner_val
ISIC_5216654,0,0.00018608483,inner_val
ISIC_5218739,0,0.0032523463,inner_val
ISIC_5220580,0,0.000391042,inner_val
ISIC_5225355,0,0.05158135,inner_val
ISIC_5226018,0,0.0001845669,inner_val
ISIC_5226371,0,0.00012366562,inner_val
ISIC_5230345,0,0.0024706044,inner_val
ISIC_5234605,0,0.012421778,inner_val
ISIC_5234835,0,0.0002904869,inner_val
ISIC_5236367,0,0.0009236936,inner_val
ISIC_5237723,0,0.000858213,inner_val
ISIC_5238111,0,2.5850244e-05,inner_val
ISIC_5239796,0,0.00044126005,inner_val
ISIC_5240387,0,0.00064194907,inner_val
ISIC_5246130,0,0.0020537896,inner_val
ISIC_5247102,0,0.021608967,inner_val
ISIC_5248304,0,0.00047113575,inner_val
ISIC_5251194,0,0.00020955394,inner_val
ISIC_5252709,0,0.00042849607,inner_val
ISIC_5253149,0,0.00019613683,inner_val
ISIC_5255299,0,0.00013186118,inner_val
ISIC_5255922,0,8.295019e-05,inner_val
ISIC_5256697,0,0.0045808055,inner_val
ISIC_5259313,0,0.009763894,inner_val
ISIC_5264912,0,0.00023071318,inner_val
ISIC_5268507,0,0.00017098474,inner_val
ISIC_5271496,0,0.0005281085,inner_val
ISIC_5272602,0,3.736933e-05,inner_val
ISIC_5272953,0,6.3963496e-05,inner_val
ISIC_5273029,0,0.00078030577,inner_val
ISIC_5274992,0,3.398532e-05,inner_val
ISIC_5275267,0,0.03373719,inner_val
ISIC_5278307,0,0.0578199,inner_val
ISIC_5284504,0,0.00025312766,inner_val
ISIC_5284935,0,0.0032497442,inner_val
ISIC_5289926,0,0.0025081413,inner_val
ISIC_5292936,0,0.0035987678,inner_val
ISIC_5297101,0,0.0060740523,inner_val
ISIC_5300453,0,4.7583304e-05,inner_val
ISIC_5300455,0,0.0020977107,inner_val
ISIC_5300964,0,0.004244589,inner_val
ISIC_5302286,0,0.0010151264,inner_val
ISIC_5303069,0,0.07986264,inner_val
ISIC_5303717,0,1.7613993e-05,inner_val
ISIC_5307210,0,0.000332544,inner_val
ISIC_5308066,0,0.00012713452,inner_val
ISIC_5308859,0,0.00016711089,inner_val
ISIC_5309561,0,3.767203e-05,inner_val
ISIC_5311458,0,0.004555679,inner_val
ISIC_5312909,0,0.000102558,inner_val
ISIC_5314534,0,0.008578288,inner_val
ISIC_5317565,0,5.2369996e-05,inner_val
ISIC_5318217,0,0.00025313295,inner_val
ISIC_5318659,0,0.0012735832,inner_val
ISIC_5321144,0,0.0002275034,inner_val
ISIC_5321852,0,0.00029928458,inner_val
ISIC_5325356,0,0.005707111,inner_val
ISIC_5327976,0,0.0035683447,inner_val
ISIC_5333356,0,0.00017737673,inner_val
ISIC_5334995,0,0.005233387,inner_val
ISIC_5338510,0,0.0007967329,inner_val
ISIC_5339620,0,0.00014473397,inner_val
ISIC_5341021,0,0.08637902,inner_val
ISIC_5341267,0,0.01857117,inner_val
ISIC_5342103,0,0.0016676942,inner_val
ISIC_5346135,0,0.00011734657,inner_val
ISIC_5346504,0,1.9679212e-05,inner_val
ISIC_5346936,0,0.14530788,inner_val
ISIC_5347806,0,0.00040138728,inner_val
ISIC_5351167,0,7.3945885e-05,inner_val
ISIC_5351443,0,0.0062917415,inner_val
ISIC_5355196,0,0.00067985937,inner_val
ISIC_5357781,0,0.0026547266,inner_val
ISIC_5358421,0,0.00089834066,inner_val
ISIC_5359621,0,0.0007754915,inner_val
ISIC_5360253,0,2.8072398e-05,inner_val
ISIC_5365015,0,0.003560849,inner_val
ISIC_5368880,0,0.055935323,inner_val
ISIC_5372911,0,0.00047678486,inner_val
ISIC_5376036,0,0.00014580514,inner_val
ISIC_5378379,0,0.00023459682,inner_val
ISIC_5380145,0,0.0041754954,inner_val
ISIC_5381033,0,0.002728368,inner_val
ISIC_5381502,0,0.00028649357,inner_val
ISIC_5383252,0,8.956405e-05,inner_val
ISIC_5386739,0,0.0006014145,inner_val
ISIC_5388485,0,0.0030053372,inner_val
ISIC_5389652,0,0.00011748092,inner_val
ISIC_5396264,0,0.008497025,inner_val
ISIC_5396459,0,0.00025223024,inner_val
ISIC_5397058,0,0.0008738301,inner_val
ISIC_5400609,0,0.0864968,inner_val
ISIC_5400911,0,0.0004960024,inner_val
ISIC_5401671,0,0.00022022806,inner_val
ISIC_5402119,0,0.027391693,inner_val
ISIC_5402787,0,0.00058905105,inner_val
ISIC_5405889,0,1.0189267e-05,inner_val
ISIC_5407063,0,0.002066815,inner_val
ISIC_5407191,0,0.0009853772,inner_val
ISIC_5407653,0,0.0028727602,inner_val
ISIC_5409902,0,0.00017454798,inner_val
ISIC_5412095,0,0.00018587823,inner_val
ISIC_5413630,0,4.3981803e-05,inner_val
ISIC_5414133,0,0.0012477,inner_val
ISIC_5416567,0,0.0031033235,inner_val
ISIC_5422123,0,0.00020345257,inner_val
ISIC_5425366,0,0.0017509992,inner_val
ISIC_5434275,0,0.023410808,inner_val
ISIC_5437785,0,0.0028263745,inner_val
ISIC_5440296,0,4.302369e-05,inner_val
ISIC_5440360,0,0.00026935534,inner_val
ISIC_5441247,0,0.0004886914,inner_val
ISIC_5441597,0,0.0031099543,inner_val
ISIC_5442452,0,0.0014399786,inner_val
ISIC_5444991,0,0.022730878,inner_val
ISIC_5446957,0,0.0012378661,inner_val
ISIC_5449908,0,4.1308525e-05,inner_val
ISIC_5457442,0,0.006322607,inner_val
ISIC_5457625,0,0.0002300417,inner_val
ISIC_5457826,0,0.0073205186,inner_val
ISIC_5458290,0,0.00021842963,inner_val
ISIC_5459997,0,0.03111613,inner_val
ISIC_5464911,0,0.006427954,inner_val
ISIC_5465724,0,0.005698948,inner_val
ISIC_5470000,0,9.0051515e-05,inner_val
ISIC_5470594,0,0.00012643683,inner_val
ISIC_5476277,0,0.0008462523,inner_val
ISIC_5479774,0,0.0003060239,inner_val
ISIC_5485524,0,0.030240566,inner_val
ISIC_5490251,0,0.013116043,inner_val
ISIC_5493359,0,0.00065961527,inner_val
ISIC_5496602,0,0.00017066093,inner_val
ISIC_5498059,0,0.00051331805,inner_val
ISIC_5508662,0,0.00027342458,inner_val
ISIC_5513509,0,0.00022696263,inner_val
ISIC_5516082,0,0.00010194821,inner_val
ISIC_5516462,0,0.00025084693,inner_val
ISIC_5518595,0,0.00086653186,inner_val
ISIC_5519357,0,0.00010885548,inner_val
ISIC_5523196,0,0.0016836172,inner_val
ISIC_5523637,0,0.0011099397,inner_val
ISIC_5524048,0,0.00011772483,inner_val
ISIC_5525765,0,9.871197e-05,inner_val
ISIC_5526879,0,0.00061933935,inner_val
ISIC_5532680,0,0.00027726567,inner_val
ISIC_5534167,0,0.00017088093,inner_val
ISIC_5536600,0,0.00014235705,inner_val
ISIC_5539001,0,0.00070205465,inner_val
ISIC_5540631,0,0.0014321207,inner_val
ISIC_5546806,0,0.008972296,inner_val
ISIC_5547318,0,0.0038676746,inner_val
ISIC_5552666,0,9.651578e-05,inner_val
ISIC_5553495,0,0.0053112553,inner_val
ISIC_5555096,0,0.0052731405,inner_val
ISIC_5556498,0,0.012620303,inner_val
ISIC_5557548,0,0.00028564426,inner_val
ISIC_5557806,0,0.0020289342,inner_val
ISIC_5558657,0,0.00052648137,inner_val
ISIC_5565279,0,0.00084846304,inner_val
ISIC_5565349,0,0.002299085,inner_val
ISIC_5565696,0,0.0005780317,inner_val
ISIC_5567545,0,2.1917864e-05,inner_val
ISIC_5569205,0,0.0410622,inner_val
ISIC_5569766,0,0.0001938511,inner_val
ISIC_5573695,0,0.006828639,inner_val
ISIC_5576241,0,0.00851832,inner_val
ISIC_5578239,0,0.00063808303,inner_val
ISIC_5580000,0,0.00034330145,inner_val
ISIC_5580730,0,0.00014532365,inner_val
ISIC_5584181,0,0.0063460832,inner_val
ISIC_5588968,0,0.000114926246,inner_val
ISIC_5589724,0,0.00014895647,inner_val
ISIC_5591515,0,0.00017578495,inner_val
ISIC_5592633,0,0.0037107486,inner_val
ISIC_5601024,0,4.482118e-05,inner_val
ISIC_5602528,0,0.002609214,inner_val
ISIC_5604110,0,0.00050785195,inner_val
ISIC_5605916,0,0.017487956,inner_val
ISIC_5606099,0,0.0027269542,inner_val
ISIC_5607148,0,0.0028910416,inner_val
ISIC_5607702,0,5.5284203e-05,inner_val
ISIC_5609541,0,0.026096769,inner_val
ISIC_5609848,0,0.0005530055,inner_val
ISIC_5618239,0,0.00051660946,inner_val
ISIC_5621546,0,0.0002947061,inner_val
ISIC_5622348,0,2.0284475e-05,inner_val
ISIC_5623579,0,0.0013444684,inner_val
ISIC_5624273,0,0.00038920145,inner_val
ISIC_5624548,0,0.00043605437,inner_val
ISIC_5627269,0,0.003038569,inner_val
ISIC_5628322,0,0.005539408,inner_val
ISIC_5629390,0,0.06384355,inner_val
ISIC_5632905,0,0.0008472859,inner_val
ISIC_5638873,0,0.0003376366,inner_val
ISIC_5639070,0,0.00019575568,inner_val
ISIC_5639154,0,0.00017692352,inner_val
ISIC_5644039,0,0.001240871,inner_val
ISIC_5644242,0,0.00021057221,inner_val
ISIC_5644962,0,4.4320528e-05,inner_val
ISIC_5647697,0,0.027576242,inner_val
ISIC_5650568,0,0.0387536,inner_val
ISIC_5654704,0,0.0019470248,inner_val
ISIC_5654839,0,8.980325e-05,inner_val
ISIC_5657661,0,0.0001596007,inner_val
ISIC_5660325,0,0.0019456029,inner_val
ISIC_5661100,0,0.0011305619,inner_val
ISIC_5674396,0,0.0003349057,inner_val
ISIC_5675298,0,0.0034457797,inner_val
ISIC_5678560,0,0.0006631665,inner_val
ISIC_5678799,0,0.0015698068,inner_val
ISIC_5683747,0,0.00091181666,inner_val
ISIC_5691568,0,0.0011127219,inner_val
ISIC_5691740,0,0.022201397,inner_val
ISIC_5695927,0,6.35271e-05,inner_val
ISIC_5696315,0,0.0018350064,inner_val
ISIC_5696426,0,2.3735303e-05,inner_val
ISIC_5701526,0,2.6142432e-05,inner_val
ISIC_5702748,0,0.006679619,inner_val
ISIC_5703274,0,0.00060511124,inner_val
ISIC_5703639,0,0.00044429288,inner_val
ISIC_5705734,0,0.00094701885,inner_val
ISIC_5707762,0,0.003976428,inner_val
ISIC_5709247,0,0.00018759124,inner_val
ISIC_5714411,1,0.02837774,inner_val
ISIC_5717081,0,0.0014557788,inner_val
ISIC_5717763,0,0.00095561356,inner_val
ISIC_5719183,0,0.27028143,inner_val
ISIC_5721195,0,0.0007015193,inner_val
ISIC_5723974,0,0.0014034002,inner_val
ISIC_5726007,0,0.00057975866,inner_val
ISIC_5728988,0,5.493357e-05,inner_val
ISIC_5729266,0,0.008636209,inner_val
ISIC_5731061,0,0.00051767816,inner_val
ISIC_5734915,0,0.0008327656,inner_val
ISIC_5736292,0,3.8289898e-05,inner_val
ISIC_5736346,0,5.4925564e-05,inner_val
ISIC_5742875,0,0.00013446642,inner_val
ISIC_5753709,0,0.0049365466,inner_val
ISIC_5759054,0,0.00018048329,inner_val
ISIC_5759754,0,0.0072145304,inner_val
ISIC_5760047,0,1.7987653e-05,inner_val
ISIC_5760868,0,4.1704065e-05,inner_val
ISIC_5777169,0,0.0004895714,inner_val
ISIC_5777181,0,0.00090308575,inner_val
ISIC_5777548,0,0.12059412,inner_val
ISIC_5777697,0,0.002799131,inner_val
ISIC_5780633,0,0.0012921029,inner_val
ISIC_5781089,0,3.995137e-05,inner_val
ISIC_5784090,0,0.003728233,inner_val
ISIC_5785399,0,0.008688697,inner_val
ISIC_5789575,0,0.00048941444,inner_val
ISIC_5789952,0,0.017641257,inner_val
ISIC_5789994,0,0.00019852236,inner_val
ISIC_5790319,0,0.029736765,inner_val
ISIC_5790865,0,0.0002998561,inner_val
ISIC_5792189,0,0.0020942779,inner_val
ISIC_5799433,0,0.00438248,inner_val
ISIC_5802232,0,0.0015222512,inner_val
ISIC_5802768,0,0.0030364548,inner_val
ISIC_5803620,0,0.004335796,inner_val
ISIC_5810306,0,0.00024460262,inner_val
ISIC_5814641,0,0.001741744,inner_val
ISIC_5819133,0,0.00026462888,inner_val
ISIC_5821737,0,0.0035903018,inner_val
ISIC_5821806,0,0.0004994727,inner_val
ISIC_5826063,0,0.0008829882,inner_val
ISIC_5828564,0,0.00046570777,inner_val
ISIC_5829938,1,0.063228376,inner_val
ISIC_5831205,0,0.030922404,inner_val
ISIC_5833689,0,0.00049113494,inner_val
ISIC_5833957,0,0.0001918106,inner_val
ISIC_5836421,0,0.004196414,inner_val
ISIC_5840614,0,8.023401e-05,inner_val
ISIC_5841774,0,0.0014435669,inner_val
ISIC_5849517,0,0.0087515125,inner_val
ISIC_5851248,0,0.005510651,inner_val
ISIC_5852396,0,0.0014789602,inner_val
ISIC_5855918,0,0.0062602125,inner_val
ISIC_5857303,0,4.8957176e-05,inner_val
ISIC_5857823,0,3.182625e-05,inner_val
ISIC_5863672,0,0.00085174775,inner_val
ISIC_5866419,0,0.0014794674,inner_val
ISIC_5869480,1,0.07024221,inner_val
ISIC_5872498,0,0.0014641016,inner_val
ISIC_5877211,0,2.5990423e-05,inner_val
ISIC_5879789,0,0.00010686473,inner_val
ISIC_5883331,0,0.0033347984,inner_val
ISIC_5885403,0,0.0013930087,inner_val
ISIC_5886468,0,0.00019485549,inner_val
ISIC_5888971,0,0.0028783192,inner_val
ISIC_5889790,0,0.013092362,inner_val
ISIC_5890896,0,0.008078347,inner_val
ISIC_5891384,1,0.0015240773,inner_val
ISIC_5891461,0,0.0034632473,inner_val
ISIC_5893544,0,0.00024352848,inner_val
ISIC_5894728,0,0.0018804749,inner_val
ISIC_5894764,0,0.0001556077,inner_val
ISIC_5899408,0,0.00030048282,inner_val
ISIC_5900283,0,0.0002041753,inner_val
ISIC_5910413,0,9.8713856e-05,inner_val
ISIC_5910518,0,0.00070691097,inner_val
ISIC_5912560,0,0.004290715,inner_val
ISIC_5920680,0,0.019570367,inner_val
ISIC_5924487,0,0.0008416605,inner_val
ISIC_5925557,0,0.0017403242,inner_val
ISIC_5934696,0,0.0030974199,inner_val
ISIC_5937990,0,0.00056586677,inner_val
ISIC_5938708,0,0.000121009005,inner_val
ISIC_5942564,0,0.00010383668,inner_val
ISIC_5945155,0,0.00010544887,inner_val
ISIC_5946750,0,0.0034238996,inner_val
ISIC_5948901,0,0.00043749224,inner_val
ISIC_5950041,0,0.0001839222,inner_val
ISIC_5954790,0,0.0017976236,inner_val
ISIC_5957086,0,1.7913118e-05,inner_val
ISIC_5960534,0,0.0010528659,inner_val
ISIC_5960765,0,0.00028961943,inner_val
ISIC_5961333,0,0.03859963,inner_val
ISIC_5961619,0,0.009582529,inner_val
ISIC_5963015,0,0.09285365,inner_val
ISIC_5964381,0,0.0021181835,inner_val
ISIC_5970338,0,0.0013134736,inner_val
ISIC_5971915,0,0.0012522789,inner_val
ISIC_5972490,0,0.0005805345,inner_val
ISIC_5976532,0,0.0002752959,inner_val
ISIC_5976594,0,0.00035521097,inner_val
ISIC_5977230,0,0.0025330875,inner_val
ISIC_5978705,0,0.0018569997,inner_val
ISIC_5980439,0,0.00034307374,inner_val
ISIC_5983581,0,0.0012488592,inner_val
ISIC_5983666,0,0.00011842978,inner_val
ISIC_5988963,0,0.0001891423,inner_val
ISIC_5991112,0,7.3801544e-05,inner_val
ISIC_5994390,0,0.00013324418,inner_val
ISIC_5996708,0,0.00014684978,inner_val
ISIC_5997381,0,0.0049447375,inner_val
ISIC_5997901,0,0.006083649,inner_val
ISIC_5999028,0,0.0033247846,inner_val
ISIC_5999832,0,0.0013254674,inner_val
ISIC_6003124,0,2.3281715e-05,inner_val
ISIC_6005045,0,0.0024895214,inner_val
ISIC_6006658,0,0.032870114,inner_val
ISIC_6007360,0,0.00016605952,inner_val
ISIC_6007760,0,0.00016711041,inner_val
ISIC_6014025,0,0.00028561353,inner_val
ISIC_6019539,0,0.09365809,inner_val
ISIC_6020102,0,0.00016899128,inner_val
ISIC_6021556,0,3.758297e-05,inner_val
ISIC_6023585,0,0.00057638675,inner_val
ISIC_6025721,0,0.00012175347,inner_val
ISIC_6028510,0,0.028430065,inner_val
ISIC_6029052,0,0.11364064,inner_val
ISIC_6029508,0,4.56774e-05,inner_val
ISIC_6033220,0,2.8456327e-05,inner_val
ISIC_6034721,0,0.0032492853,inner_val
ISIC_6039067,0,9.465206e-05,inner_val
ISIC_6044518,0,0.00070925493,inner_val
ISIC_6045560,0,0.025983358,inner_val
ISIC_6046442,0,0.0001069673,inner_val
ISIC_6048088,0,0.0025090098,inner_val
ISIC_6050515,0,0.000116934396,inner_val
ISIC_6056295,0,0.00027855844,inner_val
ISIC_6056692,0,0.00017072067,inner_val
ISIC_6064946,0,0.00038556688,inner_val
ISIC_6069236,0,0.00021156739,inner_val
ISIC_6073559,0,2.9533454e-05,inner_val
ISIC_6074454,0,0.08148275,inner_val
ISIC_6075066,0,0.013605322,inner_val
ISIC_6081901,0,0.009447988,inner_val
ISIC_6084191,0,0.0028221095,inner_val
ISIC_6085739,0,0.0036590467,inner_val
ISIC_6087652,0,0.0007071775,inner_val
ISIC_6088525,0,0.00015713405,inner_val
ISIC_6088974,0,0.00026685212,inner_val
ISIC_6089210,0,0.0003710314,inner_val
ISIC_6089817,0,0.00030440165,inner_val
ISIC_6091348,0,0.0006132381,inner_val
ISIC_6094946,0,0.0004089953,inner_val
ISIC_6096163,0,0.00017753696,inner_val
ISIC_6096693,0,0.008778051,inner_val
ISIC_6097000,0,0.0013312509,inner_val
ISIC_6097644,0,0.003034035,inner_val
ISIC_6098768,0,0.0004128113,inner_val
ISIC_6099698,0,0.004584321,inner_val
ISIC_6101007,0,0.0008830092,inner_val
ISIC_6104053,0,5.662939e-05,inner_val
ISIC_6110309,0,0.030503174,inner_val
ISIC_6110590,0,0.032722495,inner_val
ISIC_6110888,1,0.059551105,inner_val
ISIC_6111487,0,0.00013757366,inner_val
ISIC_6112879,0,0.002732323,inner_val
ISIC_6113248,0,0.01139156,inner_val
ISIC_6114646,0,2.6206357e-05,inner_val
ISIC_6117532,0,0.00023339696,inner_val
ISIC_6118204,0,0.00010157674,inner_val
ISIC_6119830,0,9.428227e-05,inner_val
ISIC_6122473,0,0.012192289,inner_val
ISIC_6123672,0,0.007876911,inner_val
ISIC_6124241,0,0.001956408,inner_val
ISIC_6126598,0,0.0028892772,inner_val
ISIC_6126775,0,6.0494975e-05,inner_val
ISIC_6128108,0,0.0009861571,inner_val
ISIC_6129538,0,0.007861313,inner_val
ISIC_6133780,0,3.6294598e-05,inner_val
ISIC_6136948,0,0.00023903394,inner_val
ISIC_6137928,0,0.0027517816,inner_val
ISIC_6138576,0,0.00019755766,inner_val
ISIC_6140723,0,0.000104825776,inner_val
ISIC_6144433,0,0.00363412,inner_val
ISIC_6145764,0,0.000571013,inner_val
ISIC_6150014,0,4.4202472e-05,inner_val
ISIC_6151703,0,0.045322087,inner_val
ISIC_6151842,0,0.0033239962,inner_val
ISIC_6155423,0,0.042874683,inner_val
ISIC_6162308,0,0.00024218459,inner_val
ISIC_6164642,0,0.0052160686,inner_val
ISIC_6165499,0,0.000111197165,inner_val
ISIC_6166308,0,0.00011976475,inner_val
ISIC_6168551,0,8.2350176e-05,inner_val
ISIC_6172538,0,0.00013157856,inner_val
ISIC_6172565,0,0.00066413864,inner_val
ISIC_6177670,0,0.0028086235,inner_val
ISIC_6178149,0,6.708067e-05,inner_val
ISIC_6180870,0,0.00021952222,inner_val
ISIC_6180938,0,0.035178527,inner_val
ISIC_6187697,0,0.008300311,inner_val
ISIC_6193134,0,0.0012482521,inner_val
ISIC_6195257,0,0.026740447,inner_val
ISIC_6200040,0,0.003703938,inner_val
ISIC_6200373,0,0.00016497528,inner_val
ISIC_6200688,0,9.940968e-05,inner_val
ISIC_6202554,0,0.0001448784,inner_val
ISIC_6204305,0,0.0002465535,inner_val
ISIC_6204970,0,0.002337867,inner_val
ISIC_6207535,0,0.00024366226,inner_val
ISIC_6208107,0,0.0013145537,inner_val
ISIC_6208222,0,0.0009396712,inner_val
ISIC_6209119,0,0.0003370005,inner_val
ISIC_6209322,0,0.0007017429,inner_val
ISIC_6211483,0,0.00020246161,inner_val
ISIC_6216671,0,0.015710277,inner_val
ISIC_6222431,0,0.0023078872,inner_val
ISIC_6222956,0,0.08562154,inner_val
ISIC_6223183,0,0.0002494667,inner_val
ISIC_6225557,0,0.00023138817,inner_val
ISIC_6227942,0,0.00044431727,inner_val
ISIC_6228827,0,0.0002493611,inner_val
ISIC_6236396,0,0.00035545134,inner_val
ISIC_6237799,0,0.0015500468,inner_val
ISIC_6238016,0,0.0022262046,inner_val
ISIC_6239663,0,0.00043838643,inner_val
ISIC_6243521,0,0.00012731554,inner_val
ISIC_6244896,0,0.03338821,inner_val
ISIC_6250703,0,0.0027921228,inner_val
ISIC_6250970,0,0.0018121835,inner_val
ISIC_6251471,0,0.00010216815,inner_val
ISIC_6253292,0,8.330557e-05,inner_val
ISIC_6254005,0,0.007833262,inner_val
ISIC_6254283,0,5.5130946e-05,inner_val
ISIC_6256314,0,0.0002019191,inner_val
ISIC_6260432,0,0.00024890387,inner_val
ISIC_6260673,0,3.74306e-05,inner_val
ISIC_6261648,0,0.00025302437,inner_val
ISIC_6263662,0,6.517847e-05,inner_val
ISIC_6264165,0,0.0006118262,inner_val
ISIC_6265319,0,0.00027823885,inner_val
ISIC_6265890,0,0.008708985,inner_val
ISIC_6269503,0,0.00016146341,inner_val
ISIC_6270437,0,0.00063663186,inner_val
ISIC_6270513,0,0.00017888803,inner_val
ISIC_6270846,0,1.4637442e-05,inner_val
ISIC_6271218,0,0.00030263246,inner_val
ISIC_6272501,0,3.959114e-05,inner_val
ISIC_6273964,0,0.00039558727,inner_val
ISIC_6288696,0,0.0022987318,inner_val
ISIC_6289346,0,0.00046680958,inner_val
ISIC_6293227,0,0.11914726,inner_val
ISIC_6296088,0,0.000101983394,inner_val
ISIC_6296099,0,0.0022979653,inner_val
ISIC_6298726,0,0.008449177,inner_val
ISIC_6299609,0,0.025217595,inner_val
ISIC_6302291,0,0.00033483707,inner_val
ISIC_6305442,0,0.0035140805,inner_val
ISIC_6306333,0,0.00016420393,inner_val
ISIC_6306477,0,0.0029415283,inner_val
ISIC_6315192,0,0.0070090704,inner_val
ISIC_6316043,0,0.0456156,inner_val
ISIC_6317597,0,0.00015479836,inner_val
ISIC_6320717,0,0.0034563388,inner_val
ISIC_6320876,0,0.0064553465,inner_val
ISIC_6323420,0,0.007710587,inner_val
ISIC_6323573,0,0.00036708807,inner_val
ISIC_6325673,0,0.000104795596,inner_val
ISIC_6325797,0,0.00028278932,inner_val
ISIC_6326389,0,0.042043302,inner_val
ISIC_6329930,0,0.0008241491,inner_val
ISIC_6331731,0,0.094520316,inner_val
ISIC_6332780,0,0.003100394,inner_val
ISIC_6334015,0,0.00021804239,inner_val
ISIC_6339062,0,0.00026717744,inner_val
ISIC_6341033,0,0.0014038052,inner_val
ISIC_6342533,0,4.764538e-05,inner_val
ISIC_6342641,0,0.15260775,inner_val
ISIC_6353336,0,0.00032265854,inner_val
ISIC_6364958,0,0.0003339521,inner_val
ISIC_6365318,0,0.0010208975,inner_val
ISIC_6366677,0,0.1468673,inner_val
ISIC_6370597,0,6.1046616e-05,inner_val
ISIC_6370792,0,0.011212261,inner_val
ISIC_6371078,0,1.5069592e-05,inner_val
ISIC_6373689,0,0.00041172322,inner_val
ISIC_6375797,0,0.0042742514,inner_val
ISIC_6378798,0,8.267901e-05,inner_val
ISIC_6381090,0,0.0009476551,inner_val
ISIC_6381197,0,0.0017390761,inner_val
ISIC_6381236,0,0.00379427,inner_val
ISIC_6384274,0,5.248539e-05,inner_val
ISIC_6385627,0,0.0001237286,inner_val
ISIC_6388531,0,0.0007553066,inner_val
ISIC_6388815,0,7.423372e-05,inner_val
ISIC_6388940,0,0.0006625793,inner_val
ISIC_6391839,0,0.0034539597,inner_val
ISIC_6395861,0,0.027322263,inner_val
ISIC_6397631,0,0.015761385,inner_val
ISIC_6400714,0,0.00013531612,inner_val
ISIC_6403592,0,0.005795035,inner_val
ISIC_6407190,0,0.00014764644,inner_val
ISIC_6410765,0,8.9238136e-05,inner_val
ISIC_6411966,0,0.0011033908,inner_val
ISIC_6413346,0,0.0022686569,inner_val
ISIC_6416533,0,0.07218952,inner_val
ISIC_6416889,0,0.008899245,inner_val
ISIC_6418410,0,0.00079241756,inner_val
ISIC_6418515,0,0.0004144842,inner_val
ISIC_6419239,0,0.0011146432,inner_val
ISIC_6422703,0,6.0505827e-05,inner_val
ISIC_6422791,0,0.09721011,inner_val
ISIC_6430088,0,0.00042457,inner_val
ISIC_6430210,0,0.0016794852,inner_val
ISIC_6430323,0,0.0062261736,inner_val
ISIC_6432413,0,0.07008269,inner_val
ISIC_6433084,0,0.24551405,inner_val
ISIC_6433744,0,7.257469e-05,inner_val
ISIC_6436107,0,2.4309025e-05,inner_val
ISIC_6436998,0,0.0004171664,inner_val
ISIC_6437676,0,0.00010019099,inner_val
ISIC_6439380,0,0.0013949145,inner_val
ISIC_6440229,0,0.0034882494,inner_val
ISIC_6441261,0,0.0020311493,inner_val
ISIC_6443984,0,0.0026483473,inner_val
ISIC_6444694,0,0.00024867116,inner_val
ISIC_6445453,0,0.0009738931,inner_val
ISIC_6450123,0,0.0027302837,inner_val
ISIC_6450541,0,0.00030326645,inner_val
ISIC_6452498,0,0.0068146246,inner_val
ISIC_6455034,0,0.00011105538,inner_val
ISIC_6455160,0,0.002475491,inner_val
ISIC_6455907,0,0.0013675842,inner_val
ISIC_6455934,0,0.00030544298,inner_val
ISIC_6467369,0,0.06729692,inner_val
ISIC_6468817,0,0.00048279428,inner_val
ISIC_6469202,0,0.000101299716,inner_val
ISIC_6471878,0,0.00014198369,inner_val
ISIC_6472901,0,0.00031239388,inner_val
ISIC_6473446,0,0.00020279002,inner_val
ISIC_6473449,0,0.16687536,inner_val
ISIC_6473876,0,0.0018581375,inner_val
ISIC_6473894,0,0.09523119,inner_val
ISIC_6474368,0,0.0001348632,inner_val
ISIC_6476351,0,0.0022202865,inner_val
ISIC_6476964,0,0.00035008183,inner_val
ISIC_6481852,0,0.0005453871,inner_val
ISIC_6482425,0,0.00021989486,inner_val
ISIC_6487069,0,0.006521547,inner_val
ISIC_6488089,0,0.0011930225,inner_val
ISIC_6488658,0,0.0007214455,inner_val
ISIC_6491919,0,0.0032289592,inner_val
ISIC_6494965,0,5.980238e-05,inner_val
ISIC_6496251,1,0.009615053,inner_val
ISIC_6498790,0,0.0025476182,inner_val
ISIC_6499329,0,0.0036109318,inner_val
ISIC_6501973,0,0.025915988,inner_val
ISIC_6502825,0,5.1261268e-05,inner_val
ISIC_6505551,0,0.00045398367,inner_val
ISIC_6507492,0,5.301614e-05,inner_val
ISIC_6511284,0,0.0009006135,inner_val
ISIC_6520237,0,0.00012959202,inner_val
ISIC_6521444,0,0.04904136,inner_val
ISIC_6522126,0,0.0013050764,inner_val
ISIC_6522713,0,0.0014498698,inner_val
ISIC_6524119,0,8.1242586e-05,inner_val
ISIC_6526150,0,0.0012029685,inner_val
ISIC_6531410,0,0.00030337487,inner_val
ISIC_6532137,0,0.000131237,inner_val
ISIC_6535558,1,0.0456737,inner_val
ISIC_6535961,0,0.00070245756,inner_val
ISIC_6544804,0,0.0018784694,inner_val
ISIC_6546981,0,0.00046032696,inner_val
ISIC_6547275,0,0.00010279396,inner_val
ISIC_6550761,0,0.006245315,inner_val
ISIC_6551980,0,0.0014374864,inner_val
ISIC_6552421,0,0.003261133,inner_val
ISIC_6555618,0,0.004941187,inner_val
ISIC_6560677,0,0.00016986851,inner_val
ISIC_6563695,0,0.0027601924,inner_val
ISIC_6564920,0,0.0001182613,inner_val
ISIC_6572571,0,0.0005286043,inner_val
ISIC_6575298,0,0.0012836398,inner_val
ISIC_6577745,0,0.00079334807,inner_val
ISIC_6578862,0,0.00013201113,inner_val
ISIC_6581411,1,0.28311664,inner_val
ISIC_6582297,0,0.00021247102,inner_val
ISIC_6585659,0,0.0024364477,inner_val
ISIC_6590191,0,0.00015368235,inner_val
ISIC_6590303,0,0.00052947196,inner_val
ISIC_6590554,0,0.0007968446,inner_val
ISIC_6592334,0,0.0011518663,inner_val
ISIC_6595273,0,0.008249745,inner_val
ISIC_6598889,0,0.0004709299,inner_val
ISIC_6603703,0,0.00018249672,inner_val
ISIC_6605912,0,0.004220569,inner_val
ISIC_6606131,0,0.00019426261,inner_val
ISIC_6607633,0,0.00026290948,inner_val
ISIC_6610220,0,0.007983473,inner_val
ISIC_6610700,0,0.0015200988,inner_val
ISIC_6612188,0,0.0018293277,inner_val
ISIC_6613239,0,0.0018518877,inner_val
ISIC_6613992,0,0.00016761373,inner_val
ISIC_6616081,0,0.00029990383,inner_val
ISIC_6618140,0,0.0002478692,inner_val
ISIC_6618799,0,0.0010113553,inner_val
ISIC_6620035,0,0.002334684,inner_val
ISIC_6620273,0,0.0001532482,inner_val
ISIC_6625189,0,2.4372233e-05,inner_val
ISIC_6625253,0,0.0071013384,inner_val
ISIC_6625344,0,0.0001503403,inner_val
ISIC_6628607,0,0.0005127266,inner_val
ISIC_6628829,0,0.04164424,inner_val
ISIC_6630610,0,0.007680692,inner_val
ISIC_6634914,0,5.0766717e-05,inner_val
ISIC_6638065,0,0.0012231044,inner_val
ISIC_6639985,0,0.0058115977,inner_val
ISIC_6641378,0,0.09938759,inner_val
ISIC_6642886,0,0.0035650744,inner_val
ISIC_6645328,0,4.9669707e-05,inner_val
ISIC_6650581,0,0.00016323262,inner_val
ISIC_6652978,0,0.0016279147,inner_val
ISIC_6654619,0,0.00011368694,inner_val
ISIC_6665312,0,0.00030068256,inner_val
ISIC_6665401,0,0.00013455852,inner_val
ISIC_6665667,0,0.00028214863,inner_val
ISIC_6666623,0,0.00022128955,inner_val
ISIC_6668197,0,0.00020692397,inner_val
ISIC_6673669,0,0.00034602577,inner_val
ISIC_6673956,0,0.0019666597,inner_val
ISIC_6674653,0,0.0048754825,inner_val
ISIC_6674739,0,0.0060385833,inner_val
ISIC_6675773,0,0.00032084656,inner_val
ISIC_6680634,0,0.00012083259,inner_val
ISIC_6681802,0,0.00023688514,inner_val
ISIC_6687327,0,8.054456e-05,inner_val
ISIC_6689146,0,0.00012914719,inner_val
ISIC_6698114,0,0.0021485945,inner_val
ISIC_6700235,0,9.705533e-05,inner_val
ISIC_6704623,0,0.0003989633,inner_val
ISIC_6707991,0,0.00026804622,inner_val
ISIC_6708310,0,0.0021346451,inner_val
ISIC_6712655,0,0.0001288956,inner_val
ISIC_6713263,0,0.00018218516,inner_val
ISIC_6715731,0,0.000118446056,inner_val
ISIC_6717452,0,0.0010653477,inner_val
ISIC_6722005,0,0.0003460597,inner_val
ISIC_6722934,0,0.0030286412,inner_val
ISIC_6725045,0,0.00050441985,inner_val
ISIC_6728496,0,0.000108995715,inner_val
ISIC_6739204,0,0.0001202433,inner_val
ISIC_6739241,0,0.02445307,inner_val
ISIC_6742185,0,0.0028715557,inner_val
ISIC_6743860,0,0.00031887478,inner_val
ISIC_6745062,0,0.0041834377,inner_val
ISIC_6753831,0,4.303875e-05,inner_val
ISIC_6756474,0,0.0033263287,inner_val
ISIC_6757533,0,0.011865537,inner_val
ISIC_6757674,0,0.00020301096,inner_val
ISIC_6757682,0,0.00015570714,inner_val
ISIC_6759615,0,0.0010133653,inner_val
ISIC_6760984,0,0.0006463653,inner_val
ISIC_6760986,0,7.087827e-05,inner_val
ISIC_6762833,0,0.00025269,inner_val
ISIC_6763221,0,0.0006100874,inner_val
ISIC_6765909,0,0.0004929084,inner_val
ISIC_6767038,0,8.3613566e-05,inner_val
ISIC_6767379,0,0.0008211519,inner_val
ISIC_6769445,0,0.00035651337,inner_val
ISIC_6778515,0,0.00011102361,inner_val
ISIC_6778936,0,0.00025481466,inner_val
ISIC_6780841,0,0.19167723,inner_val
ISIC_6783285,0,0.00015254736,inner_val
ISIC_6786974,0,0.0010260341,inner_val
ISIC_6787039,0,0.00022557242,inner_val
ISIC_6800044,0,0.00026702724,inner_val
ISIC_6800115,0,0.014537198,inner_val
ISIC_6808543,0,0.0045653293,inner_val
ISIC_6809329,0,0.021464014,inner_val
ISIC_6810183,0,0.04736156,inner_val
ISIC_6810607,0,7.586988e-05,inner_val
ISIC_6815451,0,4.3039858e-05,inner_val
ISIC_6815964,0,0.00019889238,inner_val
ISIC_6820289,0,0.000108185755,inner_val
ISIC_6821459,0,0.005857711,inner_val
ISIC_6822870,0,1.3326747e-05,inner_val
ISIC_6822917,0,0.00010145458,inner_val
ISIC_6828892,0,0.00038438663,inner_val
ISIC_6829008,1,0.0023773625,inner_val
ISIC_6837656,0,0.00015132246,inner_val
ISIC_6839272,0,0.0013974927,inner_val
ISIC_6844752,0,0.000108315806,inner_val
ISIC_6846376,0,7.8747784e-05,inner_val
ISIC_6847618,0,0.040289953,inner_val
ISIC_6851073,0,0.0034697722,inner_val
ISIC_6851122,0,0.00013849688,inner_val
ISIC_6862411,0,0.00016216513,inner_val
ISIC_6863391,0,0.025573293,inner_val
ISIC_6864484,0,4.3591346e-05,inner_val
ISIC_6867543,0,0.00075059646,inner_val
ISIC_6872685,0,0.004214675,inner_val
ISIC_6873847,0,0.00091250206,inner_val
ISIC_6876281,0,0.000117330346,inner_val
ISIC_6878417,0,0.000120349745,inner_val
ISIC_6884378,0,0.008186233,inner_val
ISIC_6891226,0,3.4178574e-05,inner_val
ISIC_6898502,0,0.00026548278,inner_val
ISIC_6899397,0,0.0004577394,inner_val
ISIC_6900559,0,7.2449526e-05,inner_val
ISIC_6902487,0,0.007956961,inner_val
ISIC_6906953,0,0.00060913165,inner_val
ISIC_6910922,0,0.00017377677,inner_val
ISIC_6910956,0,0.00056416873,inner_val
ISIC_6911252,0,0.0047022044,inner_val
ISIC_6918302,0,0.00098055,inner_val
ISIC_6918981,0,0.0008462068,inner_val
ISIC_6926090,0,0.0004590879,inner_val
ISIC_6928990,0,0.0018586409,inner_val
ISIC_6932951,0,0.0038912871,inner_val
ISIC_6933296,0,0.004173963,inner_val
ISIC_6933350,0,0.00027615184,inner_val
ISIC_6938682,0,0.00033787006,inner_val
ISIC_6943610,0,0.0008302326,inner_val
ISIC_6948462,0,0.00016896646,inner_val
ISIC_6953334,0,0.0059165074,inner_val
ISIC_6954994,0,0.005010624,inner_val
ISIC_6961503,1,0.039402504,inner_val
ISIC_6962990,0,0.00022519637,inner_val
ISIC_6963318,0,0.0004206941,inner_val
ISIC_6965417,0,0.0014337084,inner_val
ISIC_6968124,0,1.9726638e-05,inner_val
ISIC_6969393,0,5.5868142e-05,inner_val
ISIC_6971473,0,0.0045443443,inner_val
ISIC_6971579,0,0.011309269,inner_val
ISIC_6971970,0,0.00022635797,inner_val
ISIC_6974830,0,0.008769052,inner_val
ISIC_6976494,0,0.04531563,inner_val
ISIC_6977092,0,0.00028887318,inner_val
ISIC_6982406,0,0.00052266556,inner_val
ISIC_6983347,0,0.000458029,inner_val
ISIC_6985114,0,0.00022154626,inner_val
ISIC_6985988,0,0.002350882,inner_val
ISIC_6985996,0,0.00017245492,inner_val
ISIC_6987824,0,0.00605456,inner_val
ISIC_6989592,0,0.04552758,inner_val
ISIC_6993690,0,0.00024780375,inner_val
ISIC_6993830,0,0.001725607,inner_val
ISIC_6994237,0,0.0036806224,inner_val
ISIC_6996606,0,0.00014096922,inner_val
ISIC_6997436,0,0.0010341086,inner_val
ISIC_7001063,0,0.0017767096,inner_val
ISIC_7001584,0,0.00069506315,inner_val
ISIC_7002496,0,8.2610284e-05,inner_val
ISIC_7004652,0,0.029124195,inner_val
ISIC_7004857,0,0.0007206952,inner_val
ISIC_7011793,0,0.0010946748,inner_val
ISIC_7012349,0,0.0026384625,inner_val
ISIC_7016255,0,0.010004721,inner_val
ISIC_7017547,0,0.0016850035,inner_val
ISIC_7017711,0,0.0005493868,inner_val
ISIC_7019211,0,0.003459704,inner_val
ISIC_7020578,0,0.0006134175,inner_val
ISIC_7030461,0,0.00013207056,inner_val
ISIC_7031550,0,0.00061419705,inner_val
ISIC_7035368,0,0.12196968,inner_val
ISIC_7038742,0,0.00013947187,inner_val
ISIC_7044032,0,0.006597877,inner_val
ISIC_7044840,0,5.3271517e-05,inner_val
ISIC_7049442,0,0.00012444588,inner_val
ISIC_7054053,0,6.75208e-05,inner_val
ISIC_7057515,0,5.1765084e-05,inner_val
ISIC_7059794,0,5.886075e-05,inner_val
ISIC_7061003,0,0.0043739,inner_val
ISIC_7065522,0,2.5677762e-05,inner_val
ISIC_7066393,0,0.00030195978,inner_val
ISIC_7068674,0,0.00017660313,inner_val
ISIC_7070020,1,0.19315773,inner_val
ISIC_7070384,0,0.00023045903,inner_val
ISIC_7073270,0,0.00032297304,inner_val
ISIC_7074763,0,6.174221e-05,inner_val
ISIC_7077029,0,0.000259422,inner_val
ISIC_7078487,0,0.011202084,inner_val
ISIC_7079349,1,0.120302655,inner_val
ISIC_7088774,0,0.0004885796,inner_val
ISIC_7089788,0,0.00015510863,inner_val
ISIC_7097507,0,0.00023164025,inner_val
ISIC_7098141,1,0.0068934266,inner_val
ISIC_7107910,0,0.0005808012,inner_val
ISIC_7108277,0,1.074698e-05,inner_val
ISIC_7109582,0,0.013162959,inner_val
ISIC_7110699,0,9.49321e-05,inner_val
ISIC_7110889,0,0.0007700088,inner_val
ISIC_7115931,0,0.14613956,inner_val
ISIC_7117554,0,0.0006965515,inner_val
ISIC_7119992,0,0.00039011752,inner_val
ISIC_7124160,0,0.0012385225,inner_val
ISIC_7124623,0,0.018810345,inner_val
ISIC_7124766,0,0.0027189855,inner_val
ISIC_7125870,0,0.00037521284,inner_val
ISIC_7126274,0,0.0047758566,inner_val
ISIC_7128535,0,0.2884717,inner_val
ISIC_7129134,0,1.8567747e-05,inner_val
ISIC_7129509,0,0.0001521727,inner_val
ISIC_7129901,0,0.00011513543,inner_val
ISIC_7132222,0,0.011137495,inner_val
ISIC_7133051,0,6.580011e-05,inner_val
ISIC_7134476,0,0.015606838,inner_val
ISIC_7135859,0,0.0010262815,inner_val
ISIC_7139532,0,0.0005785603,inner_val
ISIC_7139908,0,0.0008235203,inner_val
ISIC_7141361,0,0.00025154508,inner_val
ISIC_7141965,0,0.002521713,inner_val
ISIC_7143533,0,0.00020664737,inner_val
ISIC_7146904,0,0.0010343627,inner_val
ISIC_7148289,0,0.00021473617,inner_val
ISIC_7149484,0,2.2313558e-05,inner_val
ISIC_7151508,0,0.00055728725,inner_val
ISIC_7153718,0,0.0006778761,inner_val
ISIC_7155505,0,0.0008787045,inner_val
ISIC_7164970,0,0.00026541192,inner_val
ISIC_7166676,0,0.012042172,inner_val
ISIC_7168151,0,0.00017407446,inner_val
ISIC_7173639,0,0.0002937193,inner_val
ISIC_7175873,0,0.01059286,inner_val
ISIC_7178155,0,0.0054556043,inner_val
ISIC_7182917,0,8.25476e-05,inner_val
ISIC_7184491,0,0.00045808035,inner_val
ISIC_7185036,0,0.00069893006,inner_val
ISIC_7186410,0,0.000107249805,inner_val
ISIC_7186503,0,0.034439698,inner_val
ISIC_7187713,0,0.001466994,inner_val
ISIC_7189073,0,0.000535438,inner_val
ISIC_7190175,0,0.011721483,inner_val
ISIC_7192157,0,0.0015760761,inner_val
ISIC_7194377,0,0.00057473005,inner_val
ISIC_7194569,0,0.009572858,inner_val
ISIC_7198492,0,0.0002569486,inner_val
ISIC_7200497,0,5.9482732e-05,inner_val
ISIC_7201222,0,0.0007021139,inner_val
ISIC_7204370,0,0.00010790716,inner_val
ISIC_7205745,1,0.003390336,inner_val
ISIC_7207080,0,0.00017658055,inner_val
ISIC_7211590,0,8.2362196e-05,inner_val
ISIC_7212975,0,9.5748226e-05,inner_val
ISIC_7213231,0,0.005103986,inner_val
ISIC_7215208,0,0.00016632226,inner_val
ISIC_7215375,0,3.314844e-05,inner_val
ISIC_7215643,0,0.00027706695,inner_val
ISIC_7216585,0,0.011523862,inner_val
ISIC_7222438,0,0.03425927,inner_val
ISIC_7223327,0,0.0015584766,inner_val
ISIC_7226974,0,0.00021768716,inner_val
ISIC_7228822,0,0.0038099978,inner_val
ISIC_7229357,0,0.0021631431,inner_val
ISIC_7230898,0,0.00021653104,inner_val
ISIC_7231369,0,0.0010148088,inner_val
ISIC_7246852,0,0.001243053,inner_val
ISIC_7254249,0,0.009419834,inner_val
ISIC_7255445,0,0.010583128,inner_val
ISIC_7255891,0,0.00013255226,inner_val
ISIC_7257380,0,0.0019008766,inner_val
ISIC_7259400,0,3.887509e-05,inner_val
ISIC_7260977,0,9.8845354e-05,inner_val
ISIC_7261681,0,0.00020394301,inner_val
ISIC_7264231,0,0.122061566,inner_val
ISIC_7268592,0,0.0009166826,inner_val
ISIC_7270233,0,0.078382984,inner_val
ISIC_7271718,0,0.00028974316,inner_val
ISIC_7276864,0,0.039796527,inner_val
ISIC_7278885,0,0.00018933284,inner_val
ISIC_7282415,0,0.00065667287,inner_val
ISIC_7282441,0,0.03834204,inner_val
ISIC_7284377,0,0.0019736493,inner_val
ISIC_7291453,0,4.8910882e-05,inner_val
ISIC_7296462,0,0.0024688588,inner_val
ISIC_7299025,0,0.004210585,inner_val
ISIC_7301963,0,0.00013101118,inner_val
ISIC_7304480,0,0.0007547476,inner_val
ISIC_7307860,0,5.2886422e-05,inner_val
ISIC_7310249,0,0.0017221441,inner_val
ISIC_7311624,0,0.0039582,inner_val
ISIC_7313348,0,0.00032603423,inner_val
ISIC_7315468,0,0.0010916558,inner_val
ISIC_7317646,0,0.00022860715,inner_val
ISIC_7323761,0,0.00014042533,inner_val
ISIC_7327423,1,0.18218526,inner_val
ISIC_7330564,0,0.0006743177,inner_val
ISIC_7331098,0,0.0010448174,inner_val
ISIC_7331382,0,0.0025683076,inner_val
ISIC_7333167,0,0.00026962487,inner_val
ISIC_7333928,0,9.219605e-05,inner_val
ISIC_7334758,0,0.0065151593,inner_val
ISIC_7334783,0,0.0004998992,inner_val
ISIC_7335659,0,6.6370056e-05,inner_val
ISIC_7339138,0,8.695525e-05,inner_val
ISIC_7342914,0,0.11557542,inner_val
ISIC_7352175,0,0.00092154817,inner_val
ISIC_7352886,0,0.001556116,inner_val
ISIC_7353097,0,0.00014499394,inner_val
ISIC_7357436,0,0.017283032,inner_val
ISIC_7358625,0,0.0027330439,inner_val
ISIC_7359014,0,0.00015390114,inner_val
ISIC_7365523,0,9.7019234e-05,inner_val
ISIC_7366144,0,0.00023296432,inner_val
ISIC_7368544,0,0.0012538066,inner_val
ISIC_7369690,0,0.11929765,inner_val
ISIC_7372081,0,0.00045082046,inner_val
ISIC_7375240,0,0.0030244242,inner_val
ISIC_7376243,0,9.6138265e-06,inner_val
ISIC_7383521,0,0.003194116,inner_val
ISIC_7385430,0,0.0034906003,inner_val
ISIC_7386566,0,2.8114537e-05,inner_val
ISIC_7386891,0,9.8612065e-05,inner_val
ISIC_7391160,0,0.005375843,inner_val
ISIC_7397129,0,0.0018336514,inner_val
ISIC_7402440,0,2.8707389e-05,inner_val
ISIC_7404638,0,0.005200159,inner_val
ISIC_7407847,0,0.00017495506,inner_val
ISIC_7412559,0,3.8175778e-05,inner_val
ISIC_7413149,0,0.0010984009,inner_val
ISIC_7416702,0,0.00014876925,inner_val
ISIC_7416783,0,0.004067048,inner_val
ISIC_7417678,0,0.0031666248,inner_val
ISIC_7430054,0,0.0032808834,inner_val
ISIC_7433711,0,0.12818024,inner_val
ISIC_7438675,0,0.00094844913,inner_val
ISIC_7441957,0,0.104713544,inner_val
ISIC_7443928,0,0.00011506364,inner_val
ISIC_7447716,0,0.0027158596,inner_val
ISIC_7450481,0,0.00047376443,inner_val
ISIC_7452348,0,0.012349267,inner_val
ISIC_7452871,0,0.010537262,inner_val
ISIC_7453895,0,0.002345018,inner_val
ISIC_7454487,0,0.0002634462,inner_val
ISIC_7456891,0,7.2877614e-05,inner_val
ISIC_7457488,0,0.002176522,inner_val
ISIC_7457750,0,0.09066169,inner_val
ISIC_7460887,1,0.018767554,inner_val
ISIC_7462628,0,0.00030951586,inner_val
ISIC_7465237,0,0.00016794233,inner_val
ISIC_7465944,0,0.0008740091,inner_val
ISIC_7465990,0,0.000359726,inner_val
ISIC_7473338,0,0.00010784184,inner_val
ISIC_7473469,0,0.00014313671,inner_val
ISIC_7474655,0,0.00029083304,inner_val
ISIC_7476849,0,0.014672194,inner_val
ISIC_7478024,0,0.00023231663,inner_val
ISIC_7478847,0,3.772675e-05,inner_val
ISIC_7479548,0,0.106026836,inner_val
ISIC_7483552,0,0.15406777,inner_val
ISIC_7486266,0,0.162572,inner_val
ISIC_7490776,0,0.00017282531,inner_val
ISIC_7492374,0,0.0004509911,inner_val
ISIC_7497699,0,0.0005529059,inner_val
ISIC_7500238,0,0.0013289953,inner_val
ISIC_7504276,0,0.00013478426,inner_val
ISIC_7509284,0,0.008773397,inner_val
ISIC_7511365,0,0.00019280701,inner_val
ISIC_7514830,0,0.0062306304,inner_val
ISIC_7515463,0,0.0010385836,inner_val
ISIC_7519627,0,0.003302824,inner_val
ISIC_7520058,0,0.00017786465,inner_val
ISIC_7521457,0,0.008315774,inner_val
ISIC_7523226,0,6.589467e-05,inner_val
ISIC_7525320,0,5.138578e-05,inner_val
ISIC_7526548,0,0.00023741538,inner_val
ISIC_7529513,0,0.006336072,inner_val
ISIC_7529560,0,0.00011494093,inner_val
ISIC_7531073,0,9.151023e-05,inner_val
ISIC_7533116,0,6.0281334e-05,inner_val
ISIC_7540354,0,0.0001261489,inner_val
ISIC_7542722,0,0.0012166608,inner_val
ISIC_7544537,0,7.75668e-05,inner_val
ISIC_7545549,0,0.020721428,inner_val
ISIC_7547058,0,0.0012684743,inner_val
ISIC_7547714,0,0.0066315816,inner_val
ISIC_7550917,0,5.5444918e-05,inner_val
ISIC_7558912,0,0.00025991272,inner_val
ISIC_7560495,0,0.008503492,inner_val
ISIC_7560723,0,0.0002698607,inner_val
ISIC_7563371,0,0.00018262483,inner_val
ISIC_7567699,0,0.00528996,inner_val
ISIC_7570495,0,0.00029598418,inner_val
ISIC_7573559,0,0.00013053435,inner_val
ISIC_7574101,0,0.044912003,inner_val
ISIC_7577197,0,0.00031314944,inner_val
ISIC_7581388,0,0.0012072283,inner_val
ISIC_7582315,0,0.0023344462,inner_val
ISIC_7582765,0,7.625983e-05,inner_val
ISIC_7583768,0,0.000289602,inner_val
ISIC_7587078,0,0.0031770638,inner_val
ISIC_7587513,0,0.00034557213,inner_val
ISIC_7588132,0,0.028570715,inner_val
ISIC_7589004,0,0.00028963046,inner_val
ISIC_7589300,0,7.403358e-05,inner_val
ISIC_7592406,0,2.943086e-05,inner_val
ISIC_7595351,0,0.00029483958,inner_val
ISIC_7596526,0,0.00020576928,inner_val
ISIC_7599973,0,0.0004854572,inner_val
ISIC_7600279,0,0.00017591087,inner_val
ISIC_7601936,0,0.00065922434,inner_val
ISIC_7603320,0,3.0420688e-05,inner_val
ISIC_7604178,0,4.820932e-05,inner_val
ISIC_7616427,0,1.1774746e-05,inner_val
ISIC_7618103,0,0.00019986495,inner_val
ISIC_7619467,0,0.00043905978,inner_val
ISIC_7619491,0,0.000104212646,inner_val
ISIC_7626256,1,0.11820804,inner_val
ISIC_7628328,0,0.0007216147,inner_val
ISIC_7630208,0,0.002825281,inner_val
ISIC_7630831,0,9.214209e-05,inner_val
ISIC_7633322,0,5.0441267e-05,inner_val
ISIC_7636321,0,0.0035549018,inner_val
ISIC_7640835,0,9.5537645e-05,inner_val
ISIC_7641231,0,8.827749e-05,inner_val
ISIC_7641956,0,0.0016117848,inner_val
ISIC_7642991,0,0.0014726599,inner_val
ISIC_7643966,0,0.0012786667,inner_val
ISIC_7644093,0,0.0037749542,inner_val
ISIC_7646954,0,0.00029570863,inner_val
ISIC_7648111,0,6.112346e-05,inner_val
ISIC_7649708,0,4.65435e-05,inner_val
ISIC_7649986,0,0.0014095294,inner_val
ISIC_7652731,0,0.0016670115,inner_val
ISIC_7654071,0,0.00010480179,inner_val
ISIC_7654211,0,9.0984584e-05,inner_val
ISIC_7659833,0,0.0004466135,inner_val
ISIC_7661559,0,0.033948485,inner_val
ISIC_7662910,1,0.34597385,inner_val
ISIC_7663033,0,0.019010587,inner_val
ISIC_7663719,0,9.477128e-05,inner_val
ISIC_7667157,0,0.00029566634,inner_val
ISIC_7668749,0,0.0002803991,inner_val
ISIC_7670304,0,0.027175697,inner_val
ISIC_7671802,0,0.00026737803,inner_val
ISIC_7676485,0,0.005853029,inner_val
ISIC_7680333,0,0.0015066364,inner_val
ISIC_7682984,0,0.00093666156,inner_val
ISIC_7685853,0,6.925419e-05,inner_val
ISIC_7687367,0,0.05065713,inner_val
ISIC_7687848,0,5.768613e-05,inner_val
ISIC_7693611,1,0.045501284,inner_val
ISIC_7696732,0,0.0004961972,inner_val
ISIC_7697366,0,0.00029272717,inner_val
ISIC_7699392,0,0.0005857378,inner_val
ISIC_7700463,0,0.00026175845,inner_val
ISIC_7705867,0,0.00012775273,inner_val
ISIC_7707720,0,0.005983494,inner_val
ISIC_7715260,0,0.0024240527,inner_val
ISIC_7716088,0,5.5230244e-05,inner_val
ISIC_7716168,0,0.0006045273,inner_val
ISIC_7717552,0,0.0014076929,inner_val
ISIC_7717907,0,0.00010416048,inner_val
ISIC_7720684,0,0.020169476,inner_val
ISIC_7722716,0,0.0056867944,inner_val
ISIC_7725971,0,0.0001517587,inner_val
ISIC_7727908,0,5.2412714e-05,inner_val
ISIC_7730443,0,0.15073517,inner_val
ISIC_7731447,0,0.012209185,inner_val
ISIC_7731786,0,0.0023342108,inner_val
ISIC_7733890,0,0.00019444828,inner_val
ISIC_7736423,0,0.0010497781,inner_val
ISIC_7738065,0,0.004767035,inner_val
ISIC_7738761,0,9.823195e-05,inner_val
ISIC_7740004,0,0.0015815867,inner_val
ISIC_7744262,0,0.00029617132,inner_val
ISIC_7746409,0,0.00039378292,inner_val
ISIC_7748144,0,0.0002082952,inner_val
ISIC_7748899,0,0.003419966,inner_val
ISIC_7755875,0,0.0012347485,inner_val
ISIC_7756006,0,0.013583235,inner_val
ISIC_7756373,0,0.0013671988,inner_val
ISIC_7757763,0,0.00011659614,inner_val
ISIC_7764021,0,0.042172052,inner_val
ISIC_7764847,0,0.0014477092,inner_val
ISIC_7765038,0,9.076802e-05,inner_val
ISIC_7765193,0,0.0011736741,inner_val
ISIC_7766704,0,0.0011369025,inner_val
ISIC_7770394,0,9.6696705e-05,inner_val
ISIC_7776593,0,0.0040035113,inner_val
ISIC_7777176,0,7.557066e-05,inner_val
ISIC_7780098,0,0.0020419357,inner_val
ISIC_7782274,0,0.01856766,inner_val
ISIC_7783346,0,0.003239541,inner_val
ISIC_7788567,0,0.0008409286,inner_val
ISIC_7788814,0,0.0015511321,inner_val
ISIC_7789537,0,0.47970143,inner_val
ISIC_7796822,0,0.00021373465,inner_val
ISIC_7799968,0,0.00016086317,inner_val
ISIC_7800750,1,0.17576836,inner_val
ISIC_7806381,0,0.0001639061,inner_val
ISIC_7807526,0,0.0010304957,inner_val
ISIC_7818740,0,0.008881952,inner_val
ISIC_7818763,0,3.4949186e-05,inner_val
ISIC_7818799,0,0.001876207,inner_val
ISIC_7819707,0,0.0052065267,inner_val
ISIC_7822178,0,0.00033713353,inner_val
ISIC_7831645,0,0.0005385376,inner_val
ISIC_7834075,0,8.8519766e-05,inner_val
ISIC_7835537,0,0.0019424232,inner_val
ISIC_7838524,0,0.00095052796,inner_val
ISIC_7840165,0,0.00085600826,inner_val
ISIC_7841993,0,0.00097224105,inner_val
ISIC_7844565,0,0.00058156013,inner_val
ISIC_7845702,0,0.0038792787,inner_val
ISIC_7847667,0,0.0003020214,inner_val
ISIC_7850134,0,0.00077555544,inner_val
ISIC_7852280,0,0.00035308363,inner_val
ISIC_7852465,0,0.002524501,inner_val
ISIC_7852855,0,7.433487e-05,inner_val
ISIC_7854663,0,0.0027892457,inner_val
ISIC_7855286,0,0.0020693492,inner_val
ISIC_7859098,0,7.468588e-05,inner_val
ISIC_7860012,0,4.2822954e-05,inner_val
ISIC_7861718,0,6.552785e-05,inner_val
ISIC_7861911,0,0.00021294806,inner_val
ISIC_7861942,0,0.00018427255,inner_val
ISIC_7862068,0,0.00012174487,inner_val
ISIC_7872595,1,0.029771483,inner_val
ISIC_7875088,0,0.0013835705,inner_val
ISIC_7876737,0,0.013819064,inner_val
ISIC_7877034,0,0.00018127976,inner_val
ISIC_7877488,0,0.005762822,inner_val
ISIC_7882022,0,0.0010629345,inner_val
ISIC_7886188,0,0.00016370944,inner_val
ISIC_7887321,0,0.00014378717,inner_val
ISIC_7889838,0,0.0014804213,inner_val
ISIC_7894744,0,0.00015496729,inner_val
ISIC_7897484,0,0.0007842018,inner_val
ISIC_7902978,0,8.684488e-05,inner_val
ISIC_7904250,0,0.00082189194,inner_val
ISIC_7904411,0,0.00037643686,inner_val
ISIC_7907665,0,0.00015621963,inner_val
ISIC_7914631,1,0.029283267,inner_val
ISIC_7915595,0,0.067128845,inner_val
ISIC_7923745,0,0.003192113,inner_val
ISIC_7928614,0,0.00019583186,inner_val
ISIC_7929919,0,0.00028347605,inner_val
ISIC_7933774,0,0.0054522473,inner_val
ISIC_7935528,0,0.00041601574,inner_val
ISIC_7936149,0,0.0011306949,inner_val
ISIC_7936559,0,0.004916523,inner_val
ISIC_7948461,0,0.00021252898,inner_val
ISIC_7948728,0,0.00013362538,inner_val
ISIC_7948999,0,0.09263834,inner_val
ISIC_7950729,0,0.0029373765,inner_val
ISIC_7951186,0,0.00015983569,inner_val
ISIC_7951857,0,5.110303e-05,inner_val
ISIC_7951995,0,0.024655892,inner_val
ISIC_7954325,0,0.00011340976,inner_val
ISIC_7959202,0,0.00027672906,inner_val
ISIC_7959339,0,0.008225833,inner_val
ISIC_7960920,0,0.0019700553,inner_val
ISIC_7961805,0,0.0052085724,inner_val
ISIC_7964757,0,0.00032055975,inner_val
ISIC_7964819,0,5.8409503e-05,inner_val
ISIC_7973296,0,0.00027446827,inner_val
ISIC_7973340,0,3.2015683e-05,inner_val
ISIC_7973500,0,0.0002598738,inner_val
ISIC_7973564,0,0.03229661,inner_val
ISIC_7975420,0,0.0066010472,inner_val
ISIC_7975678,0,0.001563371,inner_val
ISIC_7980482,0,0.00027042086,inner_val
ISIC_7982020,0,0.0040536006,inner_val
ISIC_7983553,0,0.031344973,inner_val
ISIC_7988517,0,2.2643073e-05,inner_val
ISIC_7990641,0,0.002889034,inner_val
ISIC_7992584,0,0.09544489,inner_val
ISIC_7994337,0,0.00043493242,inner_val
ISIC_7997132,0,7.4031545e-05,inner_val
ISIC_7997639,0,0.0010398465,inner_val
ISIC_8002456,0,0.0012304292,inner_val
ISIC_8004013,0,0.00021218455,inner_val
ISIC_8010381,0,4.93051e-05,inner_val
ISIC_8011253,0,0.002938402,inner_val
ISIC_8012737,0,0.0026253622,inner_val
ISIC_8013179,0,0.006671566,inner_val
ISIC_8014513,0,0.0003637433,inner_val
ISIC_8015441,0,7.9864236e-05,inner_val
ISIC_8019487,0,0.004778557,inner_val
ISIC_8021960,0,0.00012623577,inner_val
ISIC_8023338,0,0.00034444034,inner_val
ISIC_8023705,0,0.0016738565,inner_val
ISIC_8023823,0,5.819568e-05,inner_val
ISIC_8025011,0,0.00031985366,inner_val
ISIC_8025852,0,3.348267e-05,inner_val
ISIC_8027491,0,0.0013097435,inner_val
ISIC_8028682,0,0.0004874706,inner_val
ISIC_8029120,0,0.006301229,inner_val
ISIC_8033373,0,0.00041341933,inner_val
ISIC_8034587,0,0.0022103966,inner_val
ISIC_8035608,0,0.0023345884,inner_val
ISIC_8036363,0,0.0022175226,inner_val
ISIC_8044983,0,0.055933192,inner_val
ISIC_8047080,0,0.00030907738,inner_val
ISIC_8047129,0,0.0010115403,inner_val
ISIC_8047316,0,0.0018892915,inner_val
ISIC_8051628,0,0.0006748803,inner_val
ISIC_8051791,0,0.1128422,inner_val
ISIC_8052559,0,0.0026217974,inner_val
ISIC_8052877,0,4.752907e-05,inner_val
ISIC_8054626,0,0.00985114,inner_val
ISIC_8054710,0,0.009117823,inner_val
ISIC_8056974,0,0.000106169275,inner_val
ISIC_8063080,0,2.9311455e-05,inner_val
ISIC_8064866,0,0.00038388095,inner_val
ISIC_8065001,0,7.853527e-05,inner_val
ISIC_8065633,0,0.0059712688,inner_val
ISIC_8066110,1,0.001325223,inner_val
ISIC_8066994,0,0.00020064591,inner_val
ISIC_8070074,0,0.0065162578,inner_val
ISIC_8070555,0,0.004197043,inner_val
ISIC_8073036,0,0.007768316,inner_val
ISIC_8076451,0,0.00010149309,inner_val
ISIC_8078525,0,8.339196e-05,inner_val
ISIC_8078589,0,0.0037802125,inner_val
ISIC_8079008,0,0.1745937,inner_val
ISIC_8081676,0,3.5010195e-05,inner_val
ISIC_8083174,0,0.00018378509,inner_val
ISIC_8086919,0,0.010610165,inner_val
ISIC_8092018,0,6.84903e-05,inner_val
ISIC_8095877,0,0.0031188517,inner_val
ISIC_8096541,0,0.029727258,inner_val
ISIC_8097610,0,0.0067735096,inner_val
ISIC_8100185,0,0.0025832804,inner_val
ISIC_8102676,0,0.00031523698,inner_val
ISIC_8106591,0,0.0015062892,inner_val
ISIC_8108046,0,0.0038923405,inner_val
ISIC_8108720,0,9.5468604e-05,inner_val
ISIC_8116421,0,0.001146372,inner_val
ISIC_8117468,0,0.00033940515,inner_val
ISIC_8124436,0,0.003221953,inner_val
ISIC_8124482,0,0.007860461,inner_val
ISIC_8125684,0,0.00016871531,inner_val
ISIC_8126172,0,0.000913629,inner_val
ISIC_8128927,0,0.00012587901,inner_val
ISIC_8129362,0,0.04380157,inner_val
ISIC_8130596,0,0.0031145287,inner_val
ISIC_8132196,0,0.0007563035,inner_val
ISIC_8133350,1,0.18311886,inner_val
ISIC_8141348,0,5.536334e-05,inner_val
ISIC_8145195,0,0.0001681641,inner_val
ISIC_8146629,0,0.0025678228,inner_val
ISIC_8148759,0,0.0071844053,inner_val
ISIC_8153123,0,0.00052007986,inner_val
ISIC_8158285,0,0.0067564454,inner_val
ISIC_8160576,0,0.0048355395,inner_val
ISIC_8161933,0,0.0010057291,inner_val
ISIC_8165293,0,0.0059531424,inner_val
ISIC_8170665,0,0.00020770378,inner_val
ISIC_8172170,0,0.01980078,inner_val
ISIC_8174981,0,2.5699052e-05,inner_val
ISIC_8189028,0,7.209301e-05,inner_val
ISIC_8190308,0,0.0002280744,inner_val
ISIC_8190603,0,0.002301484,inner_val
ISIC_8191639,0,0.0025028703,inner_val
ISIC_8191696,0,0.00010243544,inner_val
ISIC_8191985,0,0.00070558477,inner_val
ISIC_8194835,1,0.019283397,inner_val
ISIC_8195729,0,0.00030115247,inner_val
ISIC_8196660,0,0.060467053,inner_val
ISIC_8199947,0,0.001991303,inner_val
ISIC_8202184,0,4.9305945e-05,inner_val
ISIC_8202586,0,0.0023162146,inner_val
ISIC_8206400,0,0.00048446748,inner_val
ISIC_8214071,0,0.00016800126,inner_val
ISIC_8217328,0,3.401152e-05,inner_val
ISIC_8219342,0,0.0045681014,inner_val
ISIC_8222181,0,0.0030665102,inner_val
ISIC_8228433,0,0.00094952603,inner_val
ISIC_8231704,0,0.029937766,inner_val
ISIC_8233211,0,0.037770867,inner_val
ISIC_8235663,0,0.0007734074,inner_val
ISIC_8239309,0,0.017749049,inner_val
ISIC_8241422,0,0.0003888132,inner_val
ISIC_8247499,0,0.019221356,inner_val
ISIC_8247802,0,0.0058877855,inner_val
ISIC_8248109,0,0.00013718278,inner_val
ISIC_8248707,0,0.00026872277,inner_val
ISIC_8249834,0,0.08853463,inner_val
ISIC_8249854,1,0.034140874,inner_val
ISIC_8252406,1,0.05667406,inner_val
ISIC_8252558,0,0.00083686353,inner_val
ISIC_8252886,0,0.00027175478,inner_val
ISIC_8253317,0,0.0023169243,inner_val
ISIC_8255176,0,0.011943996,inner_val
ISIC_8258907,0,0.00027500527,inner_val
ISIC_8269660,0,0.00025832566,inner_val
ISIC_8270254,0,2.9858273e-05,inner_val
ISIC_8270405,0,0.21284911,inner_val
ISIC_8276053,0,0.0014609318,inner_val
ISIC_8277845,0,0.0013058697,inner_val
ISIC_8278308,0,0.07373314,inner_val
ISIC_8282954,0,3.34774e-05,inner_val
ISIC_8286826,0,3.1964886e-05,inner_val
ISIC_8288656,0,0.022087784,inner_val
ISIC_8289518,0,8.427838e-05,inner_val
ISIC_8293834,0,0.003327396,inner_val
ISIC_8295152,0,0.0022417083,inner_val
ISIC_8296246,0,0.00047548185,inner_val
ISIC_8296881,0,0.00057472754,inner_val
ISIC_8299820,0,0.00011978393,inner_val
ISIC_8305581,0,0.00021605301,inner_val
ISIC_8311165,0,0.0022519876,inner_val
ISIC_8311363,0,0.0012717067,inner_val
ISIC_8322005,0,0.0013888871,inner_val
ISIC_8324787,0,0.002251362,inner_val
ISIC_8325569,0,0.23326327,inner_val
ISIC_8329292,0,0.0049089426,inner_val
ISIC_8329709,0,0.00094994315,inner_val
ISIC_8331313,0,0.0077952566,inner_val
ISIC_8332339,0,9.0000685e-05,inner_val
ISIC_8332695,0,0.00028759235,inner_val
ISIC_8333592,0,0.0005327942,inner_val
ISIC_8337820,0,0.0012378402,inner_val
ISIC_8338141,0,8.029409e-05,inner_val
ISIC_8338775,0,0.002270919,inner_val
ISIC_8342541,0,0.0014308896,inner_val
ISIC_8344196,0,3.675201e-05,inner_val
ISIC_8344948,0,4.2696873e-05,inner_val
ISIC_8347739,0,0.00031771316,inner_val
ISIC_8356904,0,0.0019828472,inner_val
ISIC_8357133,0,0.25572088,inner_val
ISIC_8357415,0,0.00041729925,inner_val
ISIC_8359258,0,0.0031557488,inner_val
ISIC_8366327,0,0.002023522,inner_val
ISIC_8366553,0,5.0862032e-05,inner_val
ISIC_8370239,0,5.4851178e-05,inner_val
ISIC_8372381,0,0.0003733823,inner_val
ISIC_8375021,0,0.00012752159,inner_val
ISIC_8375123,0,0.00027855442,inner_val
ISIC_8375699,0,0.033921175,inner_val
ISIC_8375982,0,0.007450083,inner_val
ISIC_8378029,0,0.00012649942,inner_val
ISIC_8378376,0,0.0010814427,inner_val
ISIC_8380039,0,0.004316694,inner_val
ISIC_8380676,0,0.00023596839,inner_val
ISIC_8380874,0,0.0018186297,inner_val
ISIC_8391394,0,0.0018033715,inner_val
ISIC_8392065,0,0.005546902,inner_val
ISIC_8394030,0,7.1043716e-05,inner_val
ISIC_8395701,0,0.00010234884,inner_val
ISIC_8403824,0,0.00019564615,inner_val
ISIC_8404470,0,0.0029020647,inner_val
ISIC_8404950,0,0.00027810546,inner_val
ISIC_8405555,0,0.0031690246,inner_val
ISIC_8407218,0,0.0015076625,inner_val
ISIC_8409421,0,0.0023885213,inner_val
ISIC_8409850,0,0.0054106833,inner_val
ISIC_8409977,0,0.022696456,inner_val
ISIC_8412401,0,5.347853e-05,inner_val
ISIC_8413593,0,5.875363e-05,inner_val
ISIC_8413760,0,0.12424033,inner_val
ISIC_8414421,0,9.555058e-05,inner_val
ISIC_8420927,0,0.028996238,inner_val
ISIC_8421033,0,0.0016437671,inner_val
ISIC_8431681,0,5.183671e-05,inner_val
ISIC_8433108,0,0.00025170724,inner_val
ISIC_8435125,0,5.0192048e-05,inner_val
ISIC_8435736,0,1.7385493e-05,inner_val
ISIC_8437480,0,0.00014075378,inner_val
ISIC_8437493,1,0.5399573,inner_val
ISIC_8438802,0,0.03628463,inner_val
ISIC_8439307,0,0.16367804,inner_val
ISIC_8441293,0,0.006042886,inner_val
ISIC_8441905,0,0.00081574445,inner_val
ISIC_8443984,0,0.00029040466,inner_val
ISIC_8444919,0,0.001618798,inner_val
ISIC_8447315,0,0.007319424,inner_val
ISIC_8447658,0,4.777769e-05,inner_val
ISIC_8448473,0,0.003648054,inner_val
ISIC_8449660,0,0.00019542186,inner_val
ISIC_8452718,0,0.0022506304,inner_val
ISIC_8455853,0,0.0009456326,inner_val
ISIC_8455866,0,0.0001473081,inner_val
ISIC_8458440,0,0.00078995974,inner_val
ISIC_8458843,0,0.017137462,inner_val
ISIC_8460093,0,0.00011889506,inner_val
ISIC_8465152,0,0.005018473,inner_val
ISIC_8466745,0,0.00096464047,inner_val
ISIC_8466805,0,0.0002112481,inner_val
ISIC_8467834,0,0.025690846,inner_val
ISIC_8468512,0,0.0010058446,inner_val
ISIC_8475324,0,0.0002778632,inner_val
ISIC_8483799,0,0.0016773655,inner_val
ISIC_8484867,0,6.3256695e-05,inner_val
ISIC_8487959,0,0.0011416863,inner_val
ISIC_8488204,0,0.00028380816,inner_val
ISIC_8492731,0,0.00022020622,inner_val
ISIC_8493108,1,0.0032530278,inner_val
ISIC_8493313,0,4.520403e-05,inner_val
ISIC_8493401,0,0.0005080231,inner_val
ISIC_8496245,0,0.00067245285,inner_val
ISIC_8498454,0,0.009811554,inner_val
ISIC_8498777,0,0.00034271384,inner_val
ISIC_8500876,0,0.0008633096,inner_val
ISIC_8501248,0,0.045528658,inner_val
ISIC_8503192,0,0.15738739,inner_val
ISIC_8503961,0,0.00024688826,inner_val
ISIC_8505098,0,0.00012193285,inner_val
ISIC_8507809,0,0.000114532944,inner_val
ISIC_8510644,0,0.00023729136,inner_val
ISIC_8512716,0,0.00011620786,inner_val
ISIC_8513112,0,0.0006530661,inner_val
ISIC_8513649,0,0.00075149426,inner_val
ISIC_8515281,0,8.566392e-05,inner_val
ISIC_8516631,0,0.00093978137,inner_val
ISIC_8521162,0,0.003382984,inner_val
ISIC_8523143,0,0.00010592789,inner_val
ISIC_8523423,0,0.0009330835,inner_val
ISIC_8524137,0,0.00013837569,inner_val
ISIC_8524457,0,0.0019243567,inner_val
ISIC_8526513,0,0.0010830062,inner_val
ISIC_8527092,1,0.003203036,inner_val
ISIC_8531541,0,0.0004555195,inner_val
ISIC_8536913,0,0.00011622327,inner_val
ISIC_8540111,0,0.0013126582,inner_val
ISIC_8545949,1,0.017575007,inner_val
ISIC_8547536,0,0.0002600436,inner_val
ISIC_8554535,0,0.00018227985,inner_val
ISIC_8555379,0,0.0070341076,inner_val
ISIC_8555610,0,0.00012886303,inner_val
ISIC_8556629,0,0.001697614,inner_val
ISIC_8557006,0,4.699947e-05,inner_val
ISIC_8557624,0,0.00069918454,inner_val
ISIC_8559778,0,0.004000831,inner_val
ISIC_8561864,0,0.00042572382,inner_val
ISIC_8566006,1,0.21026228,inner_val
ISIC_8568520,0,0.0019642473,inner_val
ISIC_8570402,0,0.0010485876,inner_val
ISIC_8570917,0,0.0006582879,inner_val
ISIC_8571168,0,0.00029149035,inner_val
ISIC_8574363,0,0.00035844225,inner_val
ISIC_8574407,0,0.0051467763,inner_val
ISIC_8577523,0,0.00014496353,inner_val
ISIC_8577970,0,2.0508041e-05,inner_val
ISIC_8580692,0,9.3471856e-05,inner_val
ISIC_8582918,0,0.023688048,inner_val
ISIC_8583462,0,9.430592e-05,inner_val
ISIC_8587556,0,0.0012315623,inner_val
ISIC_8587822,0,0.008943625,inner_val
ISIC_8592827,0,0.096548796,inner_val
ISIC_8595133,0,0.00014551777,inner_val
ISIC_8597158,0,0.00036160072,inner_val
ISIC_8603493,0,0.00037412468,inner_val
ISIC_8609756,1,0.057353366,inner_val
ISIC_8612113,0,0.0002125849,inner_val
ISIC_8612828,0,7.684602e-05,inner_val
ISIC_8617145,0,4.228925e-05,inner_val
ISIC_8620064,0,0.000268405,inner_val
ISIC_8621723,0,7.8954574e-05,inner_val
ISIC_8622941,0,0.00050981186,inner_val
ISIC_8623291,0,0.045382846,inner_val
ISIC_8623743,0,1.1680486e-05,inner_val
ISIC_8624230,0,0.0033365502,inner_val
ISIC_8628723,0,0.06284871,inner_val
ISIC_8629084,0,0.00026598596,inner_val
ISIC_8629308,0,0.0033498213,inner_val
ISIC_8630963,0,7.365368e-05,inner_val
ISIC_8631304,0,0.0012478771,inner_val
ISIC_8632929,0,0.000104280625,inner_val
ISIC_8633512,0,0.0237174,inner_val
ISIC_8634670,0,0.0003669091,inner_val
ISIC_8635849,0,0.00364041,inner_val
ISIC_8639128,0,0.00019581654,inner_val
ISIC_8641048,0,0.00019506332,inner_val
ISIC_8643675,0,0.00016428897,inner_val
ISIC_8644092,0,0.00010739113,inner_val
ISIC_8649251,0,0.00015325156,inner_val
ISIC_8651541,0,0.003702309,inner_val
ISIC_8651863,0,2.1873515e-05,inner_val
ISIC_8653009,0,4.581438e-05,inner_val
ISIC_8655487,0,0.00022783011,inner_val
ISIC_8657381,0,0.002452111,inner_val
ISIC_8657895,0,0.001192643,inner_val
ISIC_8658618,0,9.651209e-05,inner_val
ISIC_8663291,0,0.10244856,inner_val
ISIC_8663353,0,0.00063814473,inner_val
ISIC_8664196,0,0.0062181535,inner_val
ISIC_8667319,0,6.298132e-05,inner_val
ISIC_8675105,0,0.00042692068,inner_val
ISIC_8685259,0,0.00021623354,inner_val
ISIC_8689284,0,0.0060912482,inner_val
ISIC_8692006,0,0.00011991159,inner_val
ISIC_8693823,0,0.010226035,inner_val
ISIC_8698452,0,0.008450815,inner_val
ISIC_8698578,0,4.9461305e-05,inner_val
ISIC_8699796,0,0.00021525439,inner_val
ISIC_8700156,0,5.7547997e-05,inner_val
ISIC_8700706,0,0.00029862393,inner_val
ISIC_8700740,0,0.0007310915,inner_val
ISIC_8703375,0,0.005369303,inner_val
ISIC_8706667,0,0.0022320342,inner_val
ISIC_8711983,0,1.6430175e-05,inner_val
ISIC_8712028,0,0.00033645218,inner_val
ISIC_8715507,0,0.0025412873,inner_val
ISIC_8716533,0,0.00030618793,inner_val
ISIC_8719134,0,0.00016873784,inner_val
ISIC_8723397,0,0.0042044395,inner_val
ISIC_8724944,1,0.017431432,inner_val
ISIC_8725334,0,0.0028394489,inner_val
ISIC_8726948,0,0.00015198445,inner_val
ISIC_8731219,0,0.00010040131,inner_val
ISIC_8738797,0,0.000311325,inner_val
ISIC_8742034,0,0.002210976,inner_val
ISIC_8742277,0,0.00023542657,inner_val
ISIC_8742972,0,0.00032363727,inner_val
ISIC_8745884,0,0.00029865466,inner_val
ISIC_8748253,0,0.001728802,inner_val
ISIC_8751106,0,0.0016342644,inner_val
ISIC_8755239,0,0.00010725287,inner_val
ISIC_8756011,0,7.117242e-05,inner_val
ISIC_8760731,0,7.968949e-05,inner_val
ISIC_8761972,0,0.0045987614,inner_val
ISIC_8769391,0,0.00026311938,inner_val
ISIC_8772241,0,0.00023713891,inner_val
ISIC_8773568,0,8.525434e-05,inner_val
ISIC_8779013,0,0.0007116307,inner_val
ISIC_8779202,0,4.746013e-05,inner_val
ISIC_8783000,0,0.002737792,inner_val
ISIC_8783066,0,0.0007742838,inner_val
ISIC_8790885,0,0.0024008832,inner_val
ISIC_8795968,0,0.08994671,inner_val
ISIC_8803537,0,0.0017001,inner_val
ISIC_8806180,0,0.00018983141,inner_val
ISIC_8806647,0,0.028500667,inner_val
ISIC_8806941,0,7.8965866e-05,inner_val
ISIC_8808909,0,9.974496e-05,inner_val
ISIC_8809821,0,0.0048330114,inner_val
ISIC_8813078,0,0.0004168214,inner_val
ISIC_8818102,0,0.007533335,inner_val
ISIC_8819163,0,0.0021858383,inner_val
ISIC_8819519,0,0.00018219139,inner_val
ISIC_8820527,0,0.0008472351,inner_val
ISIC_8820668,0,0.0007370751,inner_val
ISIC_8821017,0,0.0019890128,inner_val
ISIC_8821259,0,0.00012092561,inner_val
ISIC_8822331,0,0.00032640435,inner_val
ISIC_8822738,0,1.6984257e-05,inner_val
ISIC_8823875,0,0.0075279926,inner_val
ISIC_8825731,0,0.0015607415,inner_val
ISIC_8827745,0,0.0002447482,inner_val
ISIC_8828327,0,0.0010894741,inner_val
ISIC_8828770,0,0.0005992788,inner_val
ISIC_8829480,0,0.0083381,inner_val
ISIC_8832449,0,5.1651325e-05,inner_val
ISIC_8834282,0,0.0005600434,inner_val
ISIC_8838213,0,5.1449428e-05,inner_val
ISIC_8841384,0,0.0007706441,inner_val
ISIC_8845339,0,0.000459166,inner_val
ISIC_8847638,0,0.00010816966,inner_val
ISIC_8849458,0,0.0002449123,inner_val
ISIC_8851036,0,0.00019338477,inner_val
ISIC_8853249,0,0.0016343063,inner_val
ISIC_8855790,0,0.0208409,inner_val
ISIC_8862118,0,0.013330289,inner_val
ISIC_8862858,0,0.0009575936,inner_val
ISIC_8862911,0,0.000293756,inner_val
ISIC_8862967,0,0.017260402,inner_val
ISIC_8864811,0,6.779165e-05,inner_val
ISIC_8867127,0,0.00022843895,inner_val
ISIC_8868978,0,0.00037694644,inner_val
ISIC_8871092,0,0.0006406802,inner_val
ISIC_8872422,0,0.0010943557,inner_val
ISIC_8873823,0,0.0016262564,inner_val
ISIC_8873943,0,0.015421179,inner_val
ISIC_8875702,0,0.004206586,inner_val
ISIC_8875762,0,5.9960385e-05,inner_val
ISIC_8876880,0,0.0019556102,inner_val
ISIC_8883577,0,0.0037023057,inner_val
ISIC_8887142,0,0.0016153967,inner_val
ISIC_8888087,0,0.00018058364,inner_val
ISIC_8889199,0,0.0035429476,inner_val
ISIC_8889425,0,0.0012451783,inner_val
ISIC_8889856,0,9.52719e-05,inner_val
ISIC_8892663,0,0.00034786412,inner_val
ISIC_8892766,0,0.0019355513,inner_val
ISIC_8893030,0,0.00012638367,inner_val
ISIC_8893501,0,0.0020889621,inner_val
ISIC_8894305,0,0.00014875561,inner_val
ISIC_8898552,0,0.0024631992,inner_val
ISIC_8901371,0,0.0005466377,inner_val
ISIC_8903932,0,0.002840545,inner_val
ISIC_8904326,0,0.018417085,inner_val
ISIC_8905157,0,0.008379546,inner_val
ISIC_8906583,0,0.00029889026,inner_val
ISIC_8908280,0,0.0047585703,inner_val
ISIC_8909618,0,0.011722759,inner_val
ISIC_8909957,0,0.000233342,inner_val
ISIC_8913074,0,0.0012921588,inner_val
ISIC_8913166,0,0.00025577392,inner_val
ISIC_8914978,0,0.0025193705,inner_val
ISIC_8922111,0,0.0012050892,inner_val
ISIC_8923393,0,0.0004476113,inner_val
ISIC_8925378,0,0.017362392,inner_val
ISIC_8928166,0,0.0006031639,inner_val
ISIC_8931012,0,0.00019103636,inner_val
ISIC_8940715,0,0.0045869285,inner_val
ISIC_8942401,0,6.6862434e-05,inner_val
ISIC_8943344,0,0.00042202038,inner_val
ISIC_8943855,0,3.8346647e-05,inner_val
ISIC_8943906,0,0.00016710977,inner_val
ISIC_8944716,0,0.0035535644,inner_val
ISIC_8956614,0,0.04331878,inner_val
ISIC_8957490,0,0.00023494803,inner_val
ISIC_8957886,0,0.0016394244,inner_val
ISIC_8958656,0,0.003493001,inner_val
ISIC_8959928,0,0.0002590357,inner_val
ISIC_8961663,0,0.0077974214,inner_val
ISIC_8962375,0,0.0005253126,inner_val
ISIC_8963614,0,0.00019677352,inner_val
ISIC_8965320,0,0.0057318495,inner_val
ISIC_8966567,0,0.0006610665,inner_val
ISIC_8966915,0,0.00057779375,inner_val
ISIC_8977878,0,0.0005818867,inner_val
ISIC_8981166,0,0.00021774156,inner_val
ISIC_8981301,0,0.00017103284,inner_val
ISIC_8986785,0,0.00020969244,inner_val
ISIC_8993666,0,0.0001352996,inner_val
ISIC_8994153,0,0.0001640224,inner_val
ISIC_8996654,0,3.1379193e-05,inner_val
ISIC_8998017,0,1.947766e-05,inner_val
ISIC_8998190,0,0.00032542282,inner_val
ISIC_9000901,0,0.00050467905,inner_val
ISIC_9003062,0,0.002679572,inner_val
ISIC_9004374,0,0.0018052523,inner_val
ISIC_9008095,0,0.00017553572,inner_val
ISIC_9009242,0,4.285404e-05,inner_val
ISIC_9010907,0,0.001024771,inner_val
ISIC_9012536,0,0.00016546097,inner_val
ISIC_9012868,0,4.5521207e-05,inner_val
ISIC_9013023,0,0.000110396526,inner_val
ISIC_9013554,0,0.00042937972,inner_val
ISIC_9014098,0,0.0001966561,inner_val
ISIC_9016601,0,0.00011571669,inner_val
ISIC_9018338,0,0.000800439,inner_val
ISIC_9025263,0,0.03946581,inner_val
ISIC_9030482,0,0.0008538353,inner_val
ISIC_9031637,0,0.0014351973,inner_val
ISIC_9032302,0,0.00038613006,inner_val
ISIC_9034411,0,0.0045189816,inner_val
ISIC_9035181,0,1.7737586e-05,inner_val
ISIC_9037499,0,0.0024140934,inner_val
ISIC_9046478,0,0.00013606553,inner_val
ISIC_9047184,0,0.00019252153,inner_val
ISIC_9051856,0,0.00021879669,inner_val
ISIC_9054603,0,0.0008644039,inner_val
ISIC_9056246,0,5.1355062e-05,inner_val
ISIC_9056422,0,0.0351414,inner_val
ISIC_9056577,0,5.411363e-05,inner_val
ISIC_9056935,0,0.0065465737,inner_val
ISIC_9057417,0,0.0028444242,inner_val
ISIC_9059632,0,0.00024385353,inner_val
ISIC_9062530,0,0.00011997609,inner_val
ISIC_9063429,0,0.00015964698,inner_val
ISIC_9064668,0,0.0008707971,inner_val
ISIC_9066066,0,0.00019730048,inner_val
ISIC_9069537,0,8.7233064e-05,inner_val
ISIC_9081595,0,2.6207304e-05,inner_val
ISIC_9081663,0,0.0007353686,inner_val
ISIC_9081853,0,0.0022037402,inner_val
ISIC_9085719,0,0.0004270438,inner_val
ISIC_9086288,0,0.00071389606,inner_val
ISIC_9088656,0,0.00031193052,inner_val
ISIC_9093183,0,6.78712e-05,inner_val
ISIC_9096001,0,0.00012747795,inner_val
ISIC_9099430,0,0.041087892,inner_val
ISIC_9100353,0,4.8720576e-05,inner_val
ISIC_9101055,0,3.4114848e-05,inner_val
ISIC_9101441,0,0.03555748,inner_val
ISIC_9102352,0,0.0002591486,inner_val
ISIC_9105258,0,0.014120694,inner_val
ISIC_9105994,0,0.041179974,inner_val
ISIC_9111229,0,0.00019208094,inner_val
ISIC_9111388,0,0.04535807,inner_val
ISIC_9115855,0,0.00030313432,inner_val
ISIC_9116179,0,0.002209939,inner_val
ISIC_9119549,0,0.00021862173,inner_val
ISIC_9122215,0,0.0015905875,inner_val
ISIC_9125216,0,0.00038092714,inner_val
ISIC_9126992,0,0.00031079032,inner_val
ISIC_9130157,1,0.010937812,inner_val
ISIC_9130704,0,6.6228116e-05,inner_val
ISIC_9133087,0,0.000117389325,inner_val
ISIC_9134566,0,0.03499558,inner_val
ISIC_9140119,0,0.043191087,inner_val
ISIC_9140498,0,0.00014539046,inner_val
ISIC_9141282,0,0.0047522197,inner_val
ISIC_9141379,0,0.00022823169,inner_val
ISIC_9141416,0,0.0026502206,inner_val
ISIC_9141613,0,0.00073478854,inner_val
ISIC_9143077,0,0.0008866958,inner_val
ISIC_9143744,0,4.529309e-05,inner_val
ISIC_9144961,0,0.013143474,inner_val
ISIC_9147785,0,0.0018069922,inner_val
ISIC_9157619,0,2.5782441e-05,inner_val
ISIC_9157809,0,0.0021468103,inner_val
ISIC_9163684,0,0.00013882795,inner_val
ISIC_9165815,0,0.00050776143,inner_val
ISIC_9174092,0,0.00017333147,inner_val
ISIC_9176138,0,0.000113913855,inner_val
ISIC_9176281,0,0.0029764827,inner_val
ISIC_9176472,0,0.0001504665,inner_val
ISIC_9181399,0,4.4171833e-05,inner_val
ISIC_9189319,0,0.0008273232,inner_val
ISIC_9191270,0,0.013221696,inner_val
ISIC_9192632,0,0.0001689568,inner_val
ISIC_9194082,0,0.00010887292,inner_val
ISIC_9196424,0,0.00073639664,inner_val
ISIC_9198021,0,0.00028608032,inner_val
ISIC_9199429,1,0.06418204,inner_val
ISIC_9203914,0,0.0020112207,inner_val
ISIC_9204678,0,0.00012886622,inner_val
ISIC_9204688,0,0.003154483,inner_val
ISIC_9205063,0,0.0007808182,inner_val
ISIC_9211175,0,0.0021244101,inner_val
ISIC_9212054,0,0.045450766,inner_val
ISIC_9214172,0,7.60958e-05,inner_val
ISIC_9214601,0,0.00020099056,inner_val
ISIC_9217405,0,0.0005157952,inner_val
ISIC_9219421,0,0.004764224,inner_val
ISIC_9221004,0,0.03781383,inner_val
ISIC_9221435,0,0.002443304,inner_val
ISIC_9223108,0,0.000114812545,inner_val
ISIC_9227253,0,0.00011452203,inner_val
ISIC_9229373,0,0.03533461,inner_val
ISIC_9230976,0,0.022478804,inner_val
ISIC_9231079,0,0.0013228517,inner_val
ISIC_9232587,0,5.6802568e-05,inner_val
ISIC_9232615,0,0.00046908,inner_val
ISIC_9236241,0,0.00017462423,inner_val
ISIC_9236253,0,0.0010849212,inner_val
ISIC_9239632,0,0.0012401284,inner_val
ISIC_9241732,0,0.0044227955,inner_val
ISIC_9242891,0,0.0013008936,inner_val
ISIC_9245101,0,0.0015963985,inner_val
ISIC_9245680,0,8.2732004e-05,inner_val
ISIC_9246565,0,0.010256465,inner_val
ISIC_9246908,0,0.0002107723,inner_val
ISIC_9252956,0,0.00020666549,inner_val
ISIC_9257356,0,9.082101e-05,inner_val
ISIC_9259384,0,0.00042629743,inner_val
ISIC_9260499,0,0.00018293034,inner_val
ISIC_9263896,0,0.0051027103,inner_val
ISIC_9263990,0,0.0010358411,inner_val
ISIC_9264072,0,0.006307771,inner_val
ISIC_9266841,0,0.0006236932,inner_val
ISIC_9272859,0,0.0001454186,inner_val
ISIC_9273568,0,0.00059386546,inner_val
ISIC_9276066,0,0.0027365999,inner_val
ISIC_9276479,0,0.0021591042,inner_val
ISIC_9277695,0,0.0009908358,inner_val
ISIC_9277774,0,8.672082e-05,inner_val
ISIC_9280358,0,0.0034397235,inner_val
ISIC_9281339,0,0.046432182,inner_val
ISIC_9285033,0,7.5800024e-05,inner_val
ISIC_9286929,0,0.0044684624,inner_val
ISIC_9288490,0,0.07743298,inner_val
ISIC_9288923,0,0.00010432997,inner_val
ISIC_9293571,0,0.001477264,inner_val
ISIC_9293624,0,0.0001070864,inner_val
ISIC_9297537,0,0.002638583,inner_val
ISIC_9298545,0,0.0054708337,inner_val
ISIC_9302653,0,0.00014034822,inner_val
ISIC_9304022,0,0.00021746955,inner_val
ISIC_9305113,0,0.0053917686,inner_val
ISIC_9305323,0,0.00013282505,inner_val
ISIC_9308275,0,8.026722e-05,inner_val
ISIC_9310210,0,0.00039601984,inner_val
ISIC_9311196,0,0.00010033288,inner_val
ISIC_9313377,0,0.006106513,inner_val
ISIC_9314646,0,0.005569138,inner_val
ISIC_9317483,1,0.014917914,inner_val
ISIC_9318528,0,0.00016378907,inner_val
ISIC_9320258,0,0.0004285651,inner_val
ISIC_9321537,0,8.182025e-05,inner_val
ISIC_9321837,0,2.443346e-05,inner_val
ISIC_9328242,0,0.17744796,inner_val
ISIC_9330103,0,0.008742569,inner_val
ISIC_9333546,0,0.025331836,inner_val
ISIC_9333906,0,0.014952962,inner_val
ISIC_9334145,0,0.00028246542,inner_val
ISIC_9339525,0,0.0007968317,inner_val
ISIC_9345294,0,0.00010782097,inner_val
ISIC_9349930,0,0.00025779495,inner_val
ISIC_9350507,0,0.00031410326,inner_val
ISIC_9353895,0,0.0006048351,inner_val
ISIC_9354604,0,0.0032861128,inner_val
ISIC_9355671,0,0.00012770826,inner_val
ISIC_9356120,0,8.242316e-05,inner_val
ISIC_9356222,0,0.00011466331,inner_val
ISIC_9358532,0,0.00012230981,inner_val
ISIC_9361217,0,6.980444e-05,inner_val
ISIC_9367832,0,0.00025532075,inner_val
ISIC_9374187,0,0.00037360823,inner_val
ISIC_9374598,0,0.00040324545,inner_val
ISIC_9375426,0,5.2520787e-05,inner_val
ISIC_9375930,0,0.0017275885,inner_val
ISIC_9379545,0,0.0014233231,inner_val
ISIC_9379816,0,0.00022824475,inner_val
ISIC_9380275,0,0.005086956,inner_val
ISIC_9383204,0,0.0003499033,inner_val
ISIC_9395707,0,0.00015511662,inner_val
ISIC_9399475,0,0.00055321533,inner_val
ISIC_9401543,0,0.00026304892,inner_val
ISIC_9407448,0,0.0013446003,inner_val
ISIC_9410044,0,0.00021158111,inner_val
ISIC_9411337,0,0.00015141931,inner_val
ISIC_9416538,0,0.00026681827,inner_val
ISIC_9418224,0,0.0023549653,inner_val
ISIC_9424172,0,0.011410203,inner_val
ISIC_9426618,0,0.04362174,inner_val
ISIC_9433523,0,4.8581904e-05,inner_val
ISIC_9437380,0,0.00045383547,inner_val
ISIC_9437417,0,0.0009409448,inner_val
ISIC_9438607,0,0.0025051201,inner_val
ISIC_9440565,0,0.013352395,inner_val
ISIC_9443820,0,0.0007220718,inner_val
ISIC_9448629,0,0.051603094,inner_val
ISIC_9451910,0,0.0014588305,inner_val
ISIC_9453392,0,0.0009458758,inner_val
ISIC_9453737,0,0.0015612543,inner_val
ISIC_9454024,0,0.0003534723,inner_val
ISIC_9456752,0,0.03808132,inner_val
ISIC_9461940,0,0.002013609,inner_val
ISIC_9461953,0,2.7391825e-05,inner_val
ISIC_9462738,0,0.0009340361,inner_val
ISIC_9463691,0,0.00011772147,inner_val
ISIC_9463865,0,0.00011827585,inner_val
ISIC_9464203,0,0.100126855,inner_val
ISIC_9466320,0,0.00017418721,inner_val
ISIC_9467125,0,0.006364644,inner_val
ISIC_9469079,0,0.08323991,inner_val
ISIC_9470922,0,0.0016206664,inner_val
ISIC_9472193,0,0.002374336,inner_val
ISIC_9472725,0,0.0010058441,inner_val
ISIC_9475217,0,0.00019875325,inner_val
ISIC_9476273,0,0.00042044657,inner_val
ISIC_9477362,0,0.00017218711,inner_val
ISIC_9477825,0,0.002864797,inner_val
ISIC_9478317,0,0.00034111072,inner_val
ISIC_9480417,0,0.0031758014,inner_val
ISIC_9482165,0,0.004359595,inner_val
ISIC_9483306,0,0.00027525917,inner_val
ISIC_9485883,0,0.0027010373,inner_val
ISIC_9486917,0,0.00019725102,inner_val
ISIC_9487585,0,0.0013767626,inner_val
ISIC_9489128,0,0.008526744,inner_val
ISIC_9489813,0,0.0011635498,inner_val
ISIC_9492000,0,0.04931228,inner_val
ISIC_9492750,0,8.605791e-05,inner_val
ISIC_9492873,0,0.00056747877,inner_val
ISIC_9496098,0,0.00023089298,inner_val
ISIC_9496738,0,0.0004388593,inner_val
ISIC_9497587,0,0.00026989184,inner_val
ISIC_9498714,0,0.24504013,inner_val
ISIC_9502555,0,0.005780981,inner_val
ISIC_9505910,0,0.00010730484,inner_val
ISIC_9508560,0,0.0011679183,inner_val
ISIC_9509345,0,0.0016505333,inner_val
ISIC_9511832,0,0.00015652274,inner_val
ISIC_9513953,0,6.4349486e-05,inner_val
ISIC_9516140,0,0.0001731813,inner_val
ISIC_9516457,0,0.00016306322,inner_val
ISIC_9528709,0,0.044449836,inner_val
ISIC_9531403,0,0.000105063256,inner_val
ISIC_9533977,0,0.00075888657,inner_val
ISIC_9537698,0,3.2934302e-05,inner_val
ISIC_9538004,0,0.003140954,inner_val
ISIC_9538621,0,0.0003158567,inner_val
ISIC_9542764,0,0.01933184,inner_val
ISIC_9542960,0,0.00021289404,inner_val
ISIC_9543982,0,0.0010367197,inner_val
ISIC_9547089,0,0.00013255353,inner_val
ISIC_9547725,1,0.0618686,inner_val
ISIC_9551134,0,0.00012961477,inner_val
ISIC_9552235,0,0.0072672213,inner_val
ISIC_9553830,0,0.023225764,inner_val
ISIC_9555044,0,5.007931e-05,inner_val
ISIC_9560298,0,0.0016330882,inner_val
ISIC_9560639,0,0.00014310805,inner_val
ISIC_9560804,0,0.21024598,inner_val
ISIC_9565194,0,0.0058080857,inner_val
ISIC_9574051,0,0.00017957146,inner_val
ISIC_9574591,0,0.29895714,inner_val
ISIC_9585329,1,0.016677054,inner_val
ISIC_9585534,0,0.0004633355,inner_val
ISIC_9590673,0,0.00067278865,inner_val
ISIC_9593796,0,0.0007605649,inner_val
ISIC_9593940,1,0.1040711,inner_val
ISIC_9595201,0,0.00011943584,inner_val
ISIC_9595988,0,0.00021827764,inner_val
ISIC_9596837,0,0.0027186933,inner_val
ISIC_9597728,0,0.00012186056,inner_val
ISIC_9598453,0,0.0044633914,inner_val
ISIC_9603637,0,0.0005935336,inner_val
ISIC_9608861,0,0.0014972228,inner_val
ISIC_9610311,0,0.00075813127,inner_val
ISIC_9611250,0,0.012110576,inner_val
ISIC_9615579,0,0.00044556928,inner_val
ISIC_9621586,0,7.218361e-05,inner_val
ISIC_9625160,0,0.001174391,inner_val
ISIC_9625269,0,0.00020288963,inner_val
ISIC_9625875,0,0.00016780756,inner_val
ISIC_9626843,1,0.0011679356,inner_val
ISIC_9627139,0,0.02840254,inner_val
ISIC_9629024,0,0.0012779721,inner_val
ISIC_9631792,0,0.00019779814,inner_val
ISIC_9632917,0,0.0025373294,inner_val
ISIC_9633789,0,4.52014e-05,inner_val
ISIC_9634018,0,0.00010614194,inner_val
ISIC_9636849,0,0.0011086003,inner_val
ISIC_9639931,0,0.00019384352,inner_val
ISIC_9641092,0,0.00013401572,inner_val
ISIC_9648696,0,0.0001432857,inner_val
ISIC_9649028,0,0.023398547,inner_val
ISIC_9650774,0,0.0030587541,inner_val
ISIC_9651698,0,0.00045592934,inner_val
ISIC_9654537,0,0.00015475511,inner_val
ISIC_9657153,0,0.00016024482,inner_val
ISIC_9659306,0,0.055519752,inner_val
ISIC_9660409,0,9.297874e-05,inner_val
ISIC_9662367,0,0.00023861996,inner_val
ISIC_9668646,0,0.00029733471,inner_val
ISIC_9669830,0,0.0011252895,inner_val
ISIC_9672482,0,0.00096569385,inner_val
ISIC_9672734,0,0.00028504495,inner_val
ISIC_9680071,0,4.4865184e-05,inner_val
ISIC_9680365,0,0.024403794,inner_val
ISIC_9680911,0,0.0020829302,inner_val
ISIC_9684010,0,0.00033276255,inner_val
ISIC_9686296,0,0.0009278972,inner_val
ISIC_9690239,0,0.00016344334,inner_val
ISIC_9690256,0,0.026601823,inner_val
ISIC_9690371,0,0.0011690826,inner_val
ISIC_9691287,0,0.002385949,inner_val
ISIC_9691303,0,0.00020065987,inner_val
ISIC_9691372,0,0.00031918197,inner_val
ISIC_9694663,0,0.08502697,inner_val
ISIC_9696502,0,0.011922889,inner_val
ISIC_9698498,0,0.008407065,inner_val
ISIC_9712479,0,0.00089183217,inner_val
ISIC_9712963,0,0.010532131,inner_val
ISIC_9713959,0,4.1205796e-05,inner_val
ISIC_9714746,0,3.9394774e-05,inner_val
ISIC_9716031,0,0.001068182,inner_val
ISIC_9716059,0,0.0045830435,inner_val
ISIC_9719576,0,0.016948512,inner_val
ISIC_9719922,0,0.00015110374,inner_val
ISIC_9721056,0,0.012948379,inner_val
ISIC_9721312,0,3.4684694e-05,inner_val
ISIC_9722385,0,0.00014268605,inner_val
ISIC_9724550,0,4.5969307e-05,inner_val
ISIC_9724720,0,0.013032819,inner_val
ISIC_9725585,0,0.00028867964,inner_val
ISIC_9731969,0,6.824744e-05,inner_val
ISIC_9733592,0,0.0005650133,inner_val
ISIC_9739610,0,3.6001307e-05,inner_val
ISIC_9739881,0,0.0014784406,inner_val
ISIC_9743002,0,0.0023607432,inner_val
ISIC_9744755,0,0.00025360932,inner_val
ISIC_9748173,0,0.0009109847,inner_val
ISIC_9748543,0,6.680642e-05,inner_val
ISIC_9748845,0,0.019537522,inner_val
ISIC_9752880,0,0.00033144068,inner_val
ISIC_9753415,0,0.00040300546,inner_val
ISIC_9755946,0,1.32062005e-05,inner_val
ISIC_9756791,0,0.016421376,inner_val
ISIC_9757654,0,0.0001545326,inner_val
ISIC_9762609,0,0.0007410668,inner_val
ISIC_9764024,0,0.0036532555,inner_val
ISIC_9769827,0,0.00019407857,inner_val
ISIC_9772383,0,0.00015905971,inner_val
ISIC_9772465,0,0.013420178,inner_val
ISIC_9773404,0,0.037008286,inner_val
ISIC_9776245,0,0.00057432865,inner_val
ISIC_9776851,0,0.0005373066,inner_val
ISIC_9777543,0,7.467207e-05,inner_val
ISIC_9778786,0,0.00029812215,inner_val
ISIC_9781112,0,0.0033734604,inner_val
ISIC_9782539,0,0.00018033243,inner_val
ISIC_9786943,0,0.0024830147,inner_val
ISIC_9787802,0,8.055e-05,inner_val
ISIC_9788174,0,0.0055896575,inner_val
ISIC_9788341,0,5.116125e-05,inner_val
ISIC_9788537,0,0.001926323,inner_val
ISIC_9790808,0,0.00071657205,inner_val
ISIC_9791133,0,0.00012710811,inner_val
ISIC_9791811,0,0.001312312,inner_val
ISIC_9792253,0,0.0006318571,inner_val
ISIC_9794538,0,0.001955063,inner_val
ISIC_9794659,0,0.0038597758,inner_val
ISIC_9797003,0,0.00021094539,inner_val
ISIC_9801917,0,0.0008090618,inner_val
ISIC_9806131,0,0.0068838103,inner_val
ISIC_9806768,0,0.003966177,inner_val
ISIC_9808161,0,0.00019505291,inner_val
ISIC_9810417,0,0.0022611239,inner_val
ISIC_9810847,0,3.5734854e-05,inner_val
ISIC_9815806,0,0.0016470044,inner_val
ISIC_9816203,0,0.0055592125,inner_val
ISIC_9821002,1,0.031406485,inner_val
ISIC_9821398,0,0.0008924536,inner_val
ISIC_9821756,0,0.00026615945,inner_val
ISIC_9823162,0,0.00045970184,inner_val
ISIC_9824967,0,0.0010959072,inner_val
ISIC_9826482,0,0.0031153045,inner_val
ISIC_9828060,0,0.015224875,inner_val
ISIC_9829605,0,0.00016251279,inner_val
ISIC_9830963,0,0.022008216,inner_val
ISIC_9831378,0,0.04968154,inner_val
ISIC_9832775,0,0.0005326696,inner_val
ISIC_9834369,0,0.0019513394,inner_val
ISIC_9837063,0,5.260294e-05,inner_val
ISIC_9837324,0,0.00028948608,inner_val
ISIC_9838270,0,0.001540254,inner_val
ISIC_9839042,0,0.34612766,inner_val
ISIC_9839324,0,0.0703826,inner_val
ISIC_9839867,0,0.002980004,inner_val
ISIC_9841563,0,0.0073108296,inner_val
ISIC_9846081,0,0.00046998414,inner_val
ISIC_9848607,0,0.00026010457,inner_val
ISIC_9848675,0,0.012413861,inner_val
ISIC_9848953,0,0.00027595263,inner_val
ISIC_9853087,0,0.000168724,inner_val
ISIC_9861225,0,0.00029664213,inner_val
ISIC_9865913,0,0.0026825836,inner_val
ISIC_9867539,0,0.00017606476,inner_val
ISIC_9868319,0,7.944912e-05,inner_val
ISIC_9868388,0,0.0005762604,inner_val
ISIC_9870313,0,0.0018192078,inner_val
ISIC_9871124,0,0.0008842187,inner_val
ISIC_9872751,0,0.0044015585,inner_val
ISIC_9878449,0,1.939266e-05,inner_val
ISIC_9883879,0,0.001581138,inner_val
ISIC_9888203,0,0.00010931317,inner_val
ISIC_9889373,0,0.0010702249,inner_val
ISIC_9890873,0,0.00089119683,inner_val
ISIC_9892318,0,0.0001220898,inner_val
ISIC_9893641,0,0.000974585,inner_val
ISIC_9893956,0,0.00015800037,inner_val
ISIC_9894782,0,3.5766694e-05,inner_val
ISIC_9895220,0,0.00015247437,inner_val
ISIC_9895582,0,0.06768669,inner_val
ISIC_9896192,0,0.0008430828,inner_val
ISIC_9898107,0,0.00065753737,inner_val
ISIC_9898447,0,0.027931435,inner_val
ISIC_9900262,0,0.005461367,inner_val
ISIC_9906799,0,0.0013336525,inner_val
ISIC_9907084,0,0.0015506056,inner_val
ISIC_9910791,1,0.031404395,inner_val
ISIC_9913573,0,0.00075860246,inner_val
ISIC_9915649,0,0.00036083232,inner_val
ISIC_9916654,0,7.526867e-05,inner_val
ISIC_9918598,0,0.0011841124,inner_val
ISIC_9918806,0,0.060782004,inner_val
ISIC_9924303,0,0.06523016,inner_val
ISIC_9927221,0,0.00012820805,inner_val
ISIC_9931733,0,0.0018065624,inner_val
ISIC_9933406,0,0.024914293,inner_val
ISIC_9938316,0,0.00017725279,inner_val
ISIC_9939653,0,0.0001606265,inner_val
ISIC_9940802,0,0.00019141196,inner_val
ISIC_9945620,0,0.00010779022,inner_val
ISIC_9945993,0,8.558358e-05,inner_val
ISIC_9951949,0,0.0012870077,inner_val
ISIC_9952872,0,0.0010908315,inner_val
ISIC_9955255,0,3.7201924e-05,inner_val
ISIC_9956374,0,1.9320283e-05,inner_val
ISIC_9957107,0,0.001432362,inner_val
ISIC_9958346,0,0.04059274,inner_val
ISIC_9959011,0,0.000248086,inner_val
ISIC_9959813,0,0.17140698,inner_val
ISIC_9960578,0,0.0010307417,inner_val
ISIC_9960584,0,0.00034998788,inner_val
ISIC_9962329,0,0.00013157983,inner_val
ISIC_9964362,0,0.0046461704,inner_val
ISIC_9969263,0,6.625004e-05,inner_val
ISIC_9969907,0,0.00027453055,inner_val
ISIC_9970004,0,0.0014375506,inner_val
ISIC_9972518,0,0.00028580226,inner_val
ISIC_9973322,0,0.0018543486,inner_val
ISIC_9973894,0,0.00051562145,inner_val
ISIC_9974613,0,0.00023580552,inner_val
ISIC_9978107,1,0.0053533795,inner_val
ISIC_9979765,0,0.00011291888,inner_val
ISIC_9980055,0,0.015121828,inner_val
ISIC_9982060,0,4.4818105e-05,inner_val
ISIC_9982091,0,3.785166e-05,inner_val
ISIC_9986333,0,0.000104490064,inner_val
ISIC_9989082,0,0.0021007692,inner_val
ISIC_9989680,0,0.00021632138,inner_val
ISIC_9991492,0,9.440093e-05,inner_val
ISIC_9994390,0,0.00022400441,inner_val
ISIC_9996128,0,6.782404e-05,inner_val
ISIC_9996662,0,0.0001949328,inner_val
ISIC_9998937,0,0.0067587304,inner_val
ISIC_9999127,0,8.6031905e-05,inner_val
ISIC_9999666,0,0.046842914,inner_val
ISIC_0074268,0,1.59479e-05,held_fold
ISIC_0074542,0,0.000112570015,held_fold
ISIC_0075914,0,0.0003133167,held_fold
ISIC_0083035,0,0.00014222354,held_fold
ISIC_0091559,0,0.0002860836,held_fold
ISIC_0095805,0,0.00030386265,held_fold
ISIC_0096328,0,0.0022538817,held_fold
ISIC_0109568,0,0.00049687026,held_fold
ISIC_0112097,0,5.903298e-05,held_fold
ISIC_0114225,0,0.0008180513,held_fold
ISIC_0148751,0,4.312112e-05,held_fold
ISIC_0148783,0,0.0003446653,held_fold
ISIC_0153265,0,0.0068793553,held_fold
ISIC_0154338,0,0.00066132296,held_fold
ISIC_0154872,0,0.00149957,held_fold
ISIC_0155173,0,0.004679963,held_fold
ISIC_0155273,0,0.0047824434,held_fold
ISIC_0155473,0,9.421118e-05,held_fold
ISIC_0157530,0,0.00018484941,held_fold
ISIC_0159782,0,0.0028395867,held_fold
ISIC_0166935,0,0.0010267504,held_fold
ISIC_0170285,0,0.0070300694,held_fold
ISIC_0174527,0,0.0013768374,held_fold
ISIC_0175837,0,0.00082765945,held_fold
ISIC_0179104,0,0.00070522475,held_fold
ISIC_0180660,0,0.00027027036,held_fold
ISIC_0185135,0,6.308574e-05,held_fold
ISIC_0185547,0,9.554438e-05,held_fold
ISIC_0186501,0,0.00064581324,held_fold
ISIC_0189059,0,0.05292137,held_fold
ISIC_0189694,0,0.0009996122,held_fold
ISIC_0190725,0,0.0005009825,held_fold
ISIC_0191366,0,5.159486e-05,held_fold
ISIC_0192490,0,0.000114771174,held_fold
ISIC_0194550,0,3.6250214e-05,held_fold
ISIC_0194914,0,0.00016443426,held_fold
ISIC_0196399,0,0.010901597,held_fold
ISIC_0199116,0,0.00423123,held_fold
ISIC_0199494,0,0.0014699182,held_fold
ISIC_0200153,0,0.00022605859,held_fold
ISIC_0202023,0,0.0001262773,held_fold
ISIC_0202576,0,0.00015627088,held_fold
ISIC_0202680,0,0.008328064,held_fold
ISIC_0203016,0,0.00060674496,held_fold
ISIC_0203233,0,0.000949835,held_fold
ISIC_0204275,0,0.00012698575,held_fold
ISIC_0206442,0,0.000289959,held_fold
ISIC_0207209,0,0.00013726704,held_fold
ISIC_0209871,0,0.00020974444,held_fold
ISIC_0210308,0,2.5862595e-05,held_fold
ISIC_0210423,0,0.0060216268,held_fold
ISIC_0210830,0,0.0050598662,held_fold
ISIC_0213336,0,9.41011e-05,held_fold
ISIC_0214335,0,0.0005612182,held_fold
ISIC_0220649,0,0.016887175,held_fold
ISIC_0224678,0,0.0004543824,held_fold
ISIC_0224681,0,6.4666965e-05,held_fold
ISIC_0225245,0,1.913419e-05,held_fold
ISIC_0227038,0,0.06917127,held_fold
ISIC_0227532,0,9.05481e-05,held_fold
ISIC_0229680,0,0.00030049085,held_fold
ISIC_0232785,0,0.0022443314,held_fold
ISIC_0234049,0,0.00010913726,held_fold
ISIC_0235728,0,0.010384457,held_fold
ISIC_0236237,0,0.0005713225,held_fold
ISIC_0237862,0,0.00017710024,held_fold
ISIC_0238002,0,0.000118528755,held_fold
ISIC_0238118,0,0.00013040197,held_fold
ISIC_0238711,0,8.784578e-05,held_fold
ISIC_0239178,0,0.0022374974,held_fold
ISIC_0239843,0,0.043010864,held_fold
ISIC_0247330,1,0.00010176812,held_fold
ISIC_0250069,0,3.475442e-05,held_fold
ISIC_0252649,0,0.00094106985,held_fold
ISIC_0253516,0,0.00078251027,held_fold
ISIC_0254686,0,6.373636e-06,held_fold
ISIC_0254698,0,0.00041159985,held_fold
ISIC_0257755,0,0.00032081536,held_fold
ISIC_0258065,0,3.8703376e-05,held_fold
ISIC_0260475,0,0.021117147,held_fold
ISIC_0263916,0,0.004281466,held_fold
ISIC_0264941,0,0.0002581361,held_fold
ISIC_0268187,0,0.00014844601,held_fold
ISIC_0270289,0,5.3870965e-05,held_fold
ISIC_0271408,0,0.0004740427,held_fold
ISIC_0273222,0,0.003257736,held_fold
ISIC_0275661,0,0.0003180435,held_fold
ISIC_0275984,0,0.1310952,held_fold
ISIC_0276435,0,0.00026346906,held_fold
ISIC_0277164,0,5.4943317e-05,held_fold
ISIC_0278021,0,6.556785e-05,held_fold
ISIC_0278130,0,7.127212e-05,held_fold
ISIC_0280603,0,8.749483e-05,held_fold
ISIC_0281286,0,0.000102695405,held_fold
ISIC_0281658,0,0.0024131162,held_fold
ISIC_0282422,0,0.00021570742,held_fold
ISIC_0283511,0,0.000109598215,held_fold
ISIC_0285157,0,3.7269358e-05,held_fold
ISIC_0291277,0,0.0057481993,held_fold
ISIC_0291282,0,0.0001684337,held_fold
ISIC_0291882,0,6.3936546e-05,held_fold
ISIC_0292349,0,0.00026883735,held_fold
ISIC_0294170,0,0.0030992725,held_fold
ISIC_0294687,0,0.0004232151,held_fold
ISIC_0295507,0,0.0005727696,held_fold
ISIC_0295820,0,0.00107399,held_fold
ISIC_0302441,0,0.00018030251,held_fold
ISIC_0305842,0,4.907937e-05,held_fold
ISIC_0308127,0,8.9700545e-05,held_fold
ISIC_0310231,0,7.4718504e-05,held_fold
ISIC_0311853,0,0.0010518974,held_fold
ISIC_0313067,0,0.083590925,held_fold
ISIC_0315631,0,8.576887e-05,held_fold
ISIC_0316025,0,2.0012743e-05,held_fold
ISIC_0319715,0,0.00038636645,held_fold
ISIC_0319928,0,0.00031806657,held_fold
ISIC_0324255,0,0.00029111432,held_fold
ISIC_0325771,0,0.00075656304,held_fold
ISIC_0326523,0,0.00088102336,held_fold
ISIC_0326608,0,0.0003318071,held_fold
ISIC_0338377,0,0.00054710056,held_fold
ISIC_0340995,0,0.00021447506,held_fold
ISIC_0341262,0,0.0004661166,held_fold
ISIC_0341298,0,0.00018062945,held_fold
ISIC_0342608,0,0.00043310536,held_fold
ISIC_0344052,0,0.040291317,held_fold
ISIC_0345499,0,2.685591e-05,held_fold
ISIC_0347263,0,0.00016826001,held_fold
ISIC_0348633,0,0.00013567957,held_fold
ISIC_0350472,0,1.90905e-05,held_fold
ISIC_0354589,0,0.0003853273,held_fold
ISIC_0356611,0,0.00019059605,held_fold
ISIC_0358326,0,0.00069382624,held_fold
ISIC_0358490,0,0.00023506072,held_fold
ISIC_0361034,0,6.4601874e-05,held_fold
ISIC_0362190,0,0.0040921234,held_fold
ISIC_0363130,0,0.00014120547,held_fold
ISIC_0364478,0,0.03233699,held_fold
ISIC_0365410,0,0.0010691716,held_fold
ISIC_0370132,0,0.000403396,held_fold
ISIC_0372376,0,0.000134747,held_fold
ISIC_0372902,0,0.0016536777,held_fold
ISIC_0375073,0,0.0037333427,held_fold
ISIC_0379979,0,0.00079144223,held_fold
ISIC_0381169,0,0.009111638,held_fold
ISIC_0381342,0,0.000976916,held_fold
ISIC_0385609,0,0.00013139652,held_fold
ISIC_0385633,0,0.00016250908,held_fold
ISIC_0389629,0,0.0007113866,held_fold
ISIC_0392334,0,0.0005063332,held_fold
ISIC_0392966,0,0.28069833,held_fold
ISIC_0398005,0,0.0055629145,held_fold
ISIC_0398069,0,0.0003374046,held_fold
ISIC_0398140,0,0.00033755097,held_fold
ISIC_0399416,0,0.02151721,held_fold
ISIC_0400685,0,0.00017699355,held_fold
ISIC_0401078,0,0.123884894,held_fold
ISIC_0401116,0,0.00017801957,held_fold
ISIC_0407005,0,0.0006000252,held_fold
ISIC_0407040,0,0.039145455,held_fold
ISIC_0407905,0,0.005012279,held_fold
ISIC_0409276,0,0.000110135974,held_fold
ISIC_0410824,0,0.0049170735,held_fold
ISIC_0413111,0,0.0005998079,held_fold
ISIC_0413372,0,0.010398727,held_fold
ISIC_0413715,0,0.002030274,held_fold
ISIC_0413804,0,0.0036757505,held_fold
ISIC_0419212,0,1.09079765e-05,held_fold
ISIC_0422139,0,0.00015880133,held_fold
ISIC_0422225,0,0.0032930328,held_fold
ISIC_0423312,0,0.0009630706,held_fold
ISIC_0423395,0,0.010937854,held_fold
ISIC_0423722,0,0.00039388466,held_fold
ISIC_0424784,0,0.00011198234,held_fold
ISIC_0426487,0,0.00012295612,held_fold
ISIC_0427760,0,5.6435307e-05,held_fold
ISIC_0428656,0,0.008604407,held_fold
ISIC_0430356,0,0.00089539686,held_fold
ISIC_0430837,0,0.0020420474,held_fold
ISIC_0430904,0,0.0007646271,held_fold
ISIC_0432077,0,0.001041451,held_fold
ISIC_0434114,0,0.0013834671,held_fold
ISIC_0435434,0,0.093806356,held_fold
ISIC_0437593,0,0.00038281162,held_fold
ISIC_0437828,0,0.00053069665,held_fold
ISIC_0439040,0,3.4581943e-05,held_fold
ISIC_0439839,0,0.00096889085,held_fold
ISIC_0440584,0,0.000112620255,held_fold
ISIC_0442290,0,0.0014819765,held_fold
ISIC_0443266,0,0.0001924995,held_fold
ISIC_0444347,0,0.0153784985,held_fold
ISIC_0445396,0,0.072474025,held_fold
ISIC_0452388,0,8.222926e-05,held_fold
ISIC_0460833,0,0.03853364,held_fold
ISIC_0461085,0,0.00012232427,held_fold
ISIC_0463621,0,0.00095866167,held_fold
ISIC_0467100,0,7.1176764e-05,held_fold
ISIC_0470433,0,0.0005494082,held_fold
ISIC_0473135,0,0.0031718323,held_fold
ISIC_0475718,0,0.00013808756,held_fold
ISIC_0476670,0,0.0007122182,held_fold
ISIC_0478571,0,0.0071132006,held_fold
ISIC_0479264,0,9.807182e-05,held_fold
ISIC_0481425,0,0.00029184629,held_fold
ISIC_0481652,0,2.9934767e-05,held_fold
ISIC_0481910,0,9.82892e-05,held_fold
ISIC_0482297,0,0.00028677395,held_fold
ISIC_0483469,0,0.00013460395,held_fold
ISIC_0484568,0,0.00049636204,held_fold
ISIC_0485881,0,7.5255026e-05,held_fold
ISIC_0490442,0,0.00019133861,held_fold
ISIC_0491818,0,0.00078441366,held_fold
ISIC_0493653,0,0.0039264974,held_fold
ISIC_0494046,0,5.0079114e-05,held_fold
ISIC_0494257,0,0.0013446612,held_fold
ISIC_0494263,0,0.00017111555,held_fold
ISIC_0494383,0,0.005442077,held_fold
ISIC_0497390,0,0.03989516,held_fold
ISIC_0499554,0,0.0013285865,held_fold
ISIC_0500526,0,0.003686611,held_fold
ISIC_0502016,0,0.0004293593,held_fold
ISIC_0502419,0,0.001112637,held_fold
ISIC_0506617,0,0.00017504767,held_fold
ISIC_0511782,0,1.9155988e-05,held_fold
ISIC_0512155,0,0.00012160554,held_fold
ISIC_0513488,0,0.0029508488,held_fold
ISIC_0514672,0,0.00025700644,held_fold
ISIC_0516337,0,0.0007935351,held_fold
ISIC_0516982,0,0.00059644505,held_fold
ISIC_0518459,0,0.00021994542,held_fold
ISIC_0519719,0,0.16643132,held_fold
ISIC_0519765,0,0.0036176627,held_fold
ISIC_0522865,0,0.003850351,held_fold
ISIC_0523125,0,0.00041938815,held_fold
ISIC_0526904,0,0.00010822455,held_fold
ISIC_0527166,0,0.000111129535,held_fold
ISIC_0527170,0,0.0020561346,held_fold
ISIC_0527350,0,8.612597e-05,held_fold
ISIC_0527593,0,0.000884761,held_fold
ISIC_0529784,0,0.00034116115,held_fold
ISIC_0534529,0,6.152057e-05,held_fold
ISIC_0534674,0,0.00065799314,held_fold
ISIC_0538688,0,0.00081110233,held_fold
ISIC_0539380,0,0.0020708356,held_fold
ISIC_0543132,0,0.020871188,held_fold
ISIC_0545237,0,6.871771e-05,held_fold
ISIC_0545322,0,0.0008344408,held_fold
ISIC_0545838,0,0.0009376741,held_fold
ISIC_0547769,0,0.101990715,held_fold
ISIC_0547934,0,8.318134e-05,held_fold
ISIC_0548904,0,0.00021713349,held_fold
ISIC_0549163,0,0.00021652649,held_fold
ISIC_0549791,0,0.0041394527,held_fold
ISIC_0551392,0,0.06498267,held_fold
ISIC_0552911,0,0.004019165,held_fold
ISIC_0554499,0,0.00024919474,held_fold
ISIC_0557109,0,0.00043924668,held_fold
ISIC_0558046,0,0.00019694808,held_fold
ISIC_0559481,0,0.0001108867,held_fold
ISIC_0559566,0,0.027211007,held_fold
ISIC_0561295,0,9.4075804e-05,held_fold
ISIC_0563533,0,4.6340876e-05,held_fold
ISIC_0563705,0,4.999294e-05,held_fold
ISIC_0566530,0,0.0016351824,held_fold
ISIC_0567142,0,0.0010080516,held_fold
ISIC_0570393,0,0.00029225726,held_fold
ISIC_0570742,0,0.0015217091,held_fold
ISIC_0571560,0,0.00082972954,held_fold
ISIC_0572205,1,0.0022927981,held_fold
ISIC_0572450,0,0.00042305174,held_fold
ISIC_0574880,0,0.038376447,held_fold
ISIC_0576265,0,0.00017185135,held_fold
ISIC_0576455,0,0.00022125854,held_fold
ISIC_0578534,0,0.00039127585,held_fold
ISIC_0584130,0,0.00033777184,held_fold
ISIC_0586053,0,0.001147541,held_fold
ISIC_0586680,0,0.00028937543,held_fold
ISIC_0588322,0,0.00051136635,held_fold
ISIC_0588855,0,6.174739e-05,held_fold
ISIC_0589744,0,0.0029297755,held_fold
ISIC_0590790,0,0.00033170273,held_fold
ISIC_0591226,0,0.0001423056,held_fold
ISIC_0592068,0,0.01136217,held_fold
ISIC_0593756,0,0.054774594,held_fold
ISIC_0595018,0,0.00052754604,held_fold
ISIC_0595199,0,0.00080374075,held_fold
ISIC_0595676,0,0.00041240087,held_fold
ISIC_0597581,0,0.037765305,held_fold
ISIC_0599918,0,5.4711592e-05,held_fold
ISIC_0600789,0,4.58129e-05,held_fold
ISIC_0600866,0,4.8104343e-05,held_fold
ISIC_0601107,0,0.004636489,held_fold
ISIC_0602697,0,0.00034499014,held_fold
ISIC_0605145,0,0.005672788,held_fold
ISIC_0607852,0,0.0005893147,held_fold
ISIC_0611629,0,0.0003093324,held_fold
ISIC_0612080,0,0.00013684048,held_fold
ISIC_0612624,0,0.030115828,held_fold
ISIC_0615335,0,0.000104132174,held_fold
ISIC_0617442,0,7.8670935e-05,held_fold
ISIC_0617767,0,9.399259e-05,held_fold
ISIC_0619244,0,5.2818126e-05,held_fold
ISIC_0619848,0,0.0033006433,held_fold
ISIC_0621550,0,0.006568831,held_fold
ISIC_0622084,0,0.0034873197,held_fold
ISIC_0622112,0,0.0048193205,held_fold
ISIC_0623386,0,8.220362e-05,held_fold
ISIC_0623857,0,0.00091293507,held_fold
ISIC_0623875,0,0.0016550826,held_fold
ISIC_0624783,0,0.027192986,held_fold
ISIC_0630780,0,0.0072420654,held_fold
ISIC_0632876,0,0.0011668869,held_fold
ISIC_0637043,0,5.8372756e-05,held_fold
ISIC_0637539,0,0.00014746438,held_fold
ISIC_0638652,0,0.0041063284,held_fold
ISIC_0638857,0,3.4643304e-05,held_fold
ISIC_0641173,0,0.00010655864,held_fold
ISIC_0642200,0,0.00012918057,held_fold
ISIC_0645116,0,0.0001284883,held_fold
ISIC_0645454,1,0.0072830175,held_fold
ISIC_0648752,0,3.171103e-05,held_fold
ISIC_0649544,0,0.0026904356,held_fold
ISIC_0650027,0,0.0054269843,held_fold
ISIC_0653308,0,0.013947373,held_fold
ISIC_0653456,0,0.04808222,held_fold
ISIC_0654104,0,0.084570095,held_fold
ISIC_0654636,0,7.074112e-05,held_fold
ISIC_0658225,0,0.00018901215,held_fold
ISIC_0659540,0,0.00015896479,held_fold
ISIC_0660770,0,0.0001971604,held_fold
ISIC_0661120,0,0.0003256652,held_fold
ISIC_0664031,0,0.00049237616,held_fold
ISIC_0666641,0,0.0002295487,held_fold
ISIC_0667136,0,0.00534111,held_fold
ISIC_0667315,0,0.00014276948,held_fold
ISIC_0668739,0,0.0017774242,held_fold
ISIC_0668772,0,0.0002339165,held_fold
ISIC_0668969,0,0.054386638,held_fold
ISIC_0669605,0,0.0041596913,held_fold
ISIC_0671251,0,0.0016778127,held_fold
ISIC_0675972,0,2.202149e-05,held_fold
ISIC_0678196,0,0.00038078282,held_fold
ISIC_0679359,0,0.016258575,held_fold
ISIC_0679494,0,0.00048910175,held_fold
ISIC_0679553,0,6.6081695e-05,held_fold
ISIC_0680210,0,0.00014161052,held_fold
ISIC_0682255,0,0.00013073078,held_fold
ISIC_0683259,0,4.8275895e-05,held_fold
ISIC_0686839,0,0.0113056125,held_fold
ISIC_0687823,0,0.0005916892,held_fold
ISIC_0690237,0,0.005061309,held_fold
ISIC_0690734,0,0.0003984098,held_fold
ISIC_0691454,0,0.00030906766,held_fold
ISIC_0694033,0,0.056759246,held_fold
ISIC_0694924,0,0.011108721,held_fold
ISIC_0695428,0,0.0001348506,held_fold
ISIC_0697953,0,0.00022599543,held_fold
ISIC_0700870,0,0.006494208,held_fold
ISIC_0701455,0,0.00047039578,held_fold
ISIC_0702042,0,0.00018406042,held_fold
ISIC_0702174,0,0.0007657034,held_fold
ISIC_0708542,0,0.00044426898,held_fold
ISIC_0709699,0,0.00012798916,held_fold
ISIC_0712615,0,0.00016524749,held_fold
ISIC_0715115,0,0.00037318427,held_fold
ISIC_0715869,0,0.00018801905,held_fold
ISIC_0716541,0,0.0002911454,held_fold
ISIC_0716674,0,0.0015527377,held_fold
ISIC_0718834,0,0.0010151578,held_fold
ISIC_0719631,0,0.00038252215,held_fold
ISIC_0721010,0,0.0027586992,held_fold
ISIC_0721819,0,0.0002541273,held_fold
ISIC_0726170,0,0.0001122035,held_fold
ISIC_0727322,0,0.02051303,held_fold
ISIC_0727489,0,0.0001709044,held_fold
ISIC_0734540,0,0.004486195,held_fold
ISIC_0737125,0,0.0013951388,held_fold
ISIC_0737399,0,0.0010629462,held_fold
ISIC_0737883,0,4.8304948e-05,held_fold
ISIC_0738587,0,0.13605303,held_fold
ISIC_0743096,0,0.0048035732,held_fold
ISIC_0744013,1,0.007778449,held_fold
ISIC_0744177,0,0.00025749134,held_fold
ISIC_0744553,0,8.947996e-05,held_fold
ISIC_0745718,0,0.00030332658,held_fold
ISIC_0745721,0,9.180338e-05,held_fold
ISIC_0746397,0,0.002099914,held_fold
ISIC_0747101,0,0.000858476,held_fold
ISIC_0749089,0,0.004964075,held_fold
ISIC_0749263,0,0.0002943259,held_fold
ISIC_0751219,0,0.0003603909,held_fold
ISIC_0752546,0,0.001405033,held_fold
ISIC_0754156,0,0.000503873,held_fold
ISIC_0754561,0,0.00019540622,held_fold
ISIC_0755565,0,0.00012449977,held_fold
ISIC_0760168,0,0.0013309846,held_fold
ISIC_0763140,0,0.00023537,held_fold
ISIC_0764975,0,0.0005195403,held_fold
ISIC_0765632,0,8.0778074e-05,held_fold
ISIC_0769854,0,0.00022293163,held_fold
ISIC_0770861,0,0.00012119712,held_fold
ISIC_0771151,0,8.183672e-05,held_fold
ISIC_0771537,0,0.00040357947,held_fold
ISIC_0772836,0,0.0036449635,held_fold
ISIC_0772957,0,5.549591e-05,held_fold
ISIC_0786170,0,3.116138e-05,held_fold
ISIC_0786233,0,0.0007394087,held_fold
ISIC_0787585,0,7.3172734e-05,held_fold
ISIC_0792805,0,0.00013922046,held_fold
ISIC_0793501,0,0.00022873469,held_fold
ISIC_0796325,0,0.0024333552,held_fold
ISIC_0800269,0,0.00028222235,held_fold
ISIC_0809173,0,0.00011097196,held_fold
ISIC_0809241,0,0.0014832154,held_fold
ISIC_0816917,0,0.00041209842,held_fold
ISIC_0818621,0,0.00030014524,held_fold
ISIC_0821520,0,0.0007378531,held_fold
ISIC_0822656,0,2.32098e-05,held_fold
ISIC_0826834,0,5.285199e-05,held_fold
ISIC_0828069,0,0.0019798488,held_fold
ISIC_0830131,0,0.0010789313,held_fold
ISIC_0830217,0,0.00030569994,held_fold
ISIC_0830876,0,0.061736416,held_fold
ISIC_0834775,0,0.00018344352,held_fold
ISIC_0836546,0,0.00039204163,held_fold
ISIC_0843662,0,0.00046230693,held_fold
ISIC_0844312,1,0.1176924,held_fold
ISIC_0846482,0,0.0005679154,held_fold
ISIC_0846915,0,0.00021640866,held_fold
ISIC_0847420,0,0.0020466556,held_fold
ISIC_0849702,0,6.438643e-05,held_fold
ISIC_0851556,0,0.21371952,held_fold
ISIC_0852790,0,0.03281216,held_fold
ISIC_0853825,0,0.001117413,held_fold
ISIC_0854335,0,8.089062e-05,held_fold
ISIC_0854601,0,0.0031762242,held_fold
ISIC_0859438,0,0.00033567366,held_fold
ISIC_0861128,0,0.00017394804,held_fold
ISIC_0862063,0,0.0012957557,held_fold
ISIC_0864226,0,0.00091759313,held_fold
ISIC_0864527,0,0.036393933,held_fold
ISIC_0867503,0,0.0012388545,held_fold
ISIC_0869142,0,0.0011480389,held_fold
ISIC_0870696,0,0.00020146428,held_fold
ISIC_0873044,0,0.000417896,held_fold
ISIC_0873923,0,0.009202172,held_fold
ISIC_0877543,0,8.897879e-05,held_fold
ISIC_0878530,0,0.00024004297,held_fold
ISIC_0879962,0,0.00021695386,held_fold
ISIC_0882619,0,0.0023521092,held_fold
ISIC_0884463,0,0.00011269975,held_fold
ISIC_0884576,0,9.546588e-05,held_fold
ISIC_0885048,0,0.00041391817,held_fold
ISIC_0886205,0,0.00037349339,held_fold
ISIC_0886853,0,0.00079285796,held_fold
ISIC_0890364,0,0.00030511757,held_fold
ISIC_0892089,0,3.099795e-05,held_fold
ISIC_0892980,0,2.0810003e-05,held_fold
ISIC_0894057,0,3.116899e-05,held_fold
ISIC_0896635,0,0.004687016,held_fold
ISIC_0897459,0,0.0011406558,held_fold
ISIC_0899891,0,0.0023574042,held_fold
ISIC_0899961,0,0.00040445896,held_fold
ISIC_0901403,0,0.00026037678,held_fold
ISIC_0902830,0,0.000118949036,held_fold
ISIC_0903020,0,0.0006289818,held_fold
ISIC_0903175,0,0.00036753595,held_fold
ISIC_0903330,0,0.00036115095,held_fold
ISIC_0903548,0,0.00033827583,held_fold
ISIC_0904214,0,8.715848e-05,held_fold
ISIC_0905000,0,0.00032997743,held_fold
ISIC_0906639,0,0.00020936602,held_fold
ISIC_0909206,0,0.0001388384,held_fold
ISIC_0911783,0,0.00068027,held_fold
ISIC_0912196,0,0.00048357795,held_fold
ISIC_0914700,0,0.00012172422,held_fold
ISIC_0915750,0,0.0002653378,held_fold
ISIC_0917416,0,0.00080504775,held_fold
ISIC_0918831,0,0.0023554917,held_fold
ISIC_0919271,0,0.00021378092,held_fold
ISIC_0920000,0,0.0006059007,held_fold
ISIC_0920968,0,0.00049728696,held_fold
ISIC_0924724,0,0.006816125,held_fold
ISIC_0925758,0,6.944491e-05,held_fold
ISIC_0928604,0,0.0018018357,held_fold
ISIC_0931725,0,0.09839285,held_fold
ISIC_0932862,0,0.022987457,held_fold
ISIC_0937378,0,0.0011923301,held_fold
ISIC_0940385,0,0.001096321,held_fold
ISIC_0941085,0,0.00019584603,held_fold
ISIC_0942654,0,9.869908e-05,held_fold
ISIC_0944103,0,0.16314347,held_fold
ISIC_0944753,0,9.142204e-05,held_fold
ISIC_0951377,0,0.0006197489,held_fold
ISIC_0951438,0,0.0011332894,held_fold
ISIC_0952472,1,0.2001035,held_fold
ISIC_0953133,0,0.009675383,held_fold
ISIC_0953500,0,0.00023978036,held_fold
ISIC_0953675,0,0.033548713,held_fold
ISIC_0954841,0,0.0026513187,held_fold
ISIC_0958328,0,0.00033494816,held_fold
ISIC_0959863,0,0.00015289761,held_fold
ISIC_0960741,0,0.0001781459,held_fold
ISIC_0962601,0,0.00025012784,held_fold
ISIC_0963117,0,0.00015801785,held_fold
ISIC_0963460,0,0.0005781579,held_fold
ISIC_0965224,0,0.00013162098,held_fold
ISIC_0966987,0,0.0024021857,held_fold
ISIC_0974159,0,0.0013733734,held_fold
ISIC_0977333,0,0.005672363,held_fold
ISIC_0978977,0,1.6437052e-05,held_fold
ISIC_0980012,0,0.0001786482,held_fold
ISIC_0980513,0,6.578674e-05,held_fold
ISIC_0981661,0,0.015647395,held_fold
ISIC_0981883,0,0.0006207728,held_fold
ISIC_0982855,0,0.00024311275,held_fold
ISIC_0983360,0,0.011169886,held_fold
ISIC_0985052,0,0.0014188003,held_fold
ISIC_0985863,0,0.0024797018,held_fold
ISIC_0987176,0,7.665179e-05,held_fold
ISIC_0987757,0,0.022755994,held_fold
ISIC_0988665,0,0.0032853743,held_fold
ISIC_0991133,0,0.00015092517,held_fold
ISIC_0994556,0,0.00045096103,held_fold
ISIC_0998408,0,0.00022354868,held_fold
ISIC_0998651,0,0.00013334102,held_fold
ISIC_1001348,0,0.049966715,held_fold
ISIC_1001562,0,0.0978232,held_fold
ISIC_1002107,0,0.00073315453,held_fold
ISIC_1003703,0,0.00014933076,held_fold
ISIC_1004225,0,0.00050381175,held_fold
ISIC_1006632,0,0.00015779199,held_fold
ISIC_1008321,0,0.0067518163,held_fold
ISIC_1008609,0,6.029824e-05,held_fold
ISIC_1010416,0,0.00013424785,held_fold
ISIC_1010991,0,0.00032416405,held_fold
ISIC_1011089,0,0.00039648107,held_fold
ISIC_1013648,0,7.6390985e-05,held_fold
ISIC_1015264,0,6.687385e-05,held_fold
ISIC_1015644,0,0.00038348202,held_fold
ISIC_1020809,0,3.9080125e-05,held_fold
ISIC_1022653,0,3.1146796e-05,held_fold
ISIC_1023685,0,0.00021522197,held_fold
ISIC_1024569,0,0.00029112154,held_fold
ISIC_1025009,0,0.0016117815,held_fold
ISIC_1025192,0,0.00047440748,held_fold
ISIC_1029536,0,0.024466608,held_fold
ISIC_1031166,0,0.005311412,held_fold
ISIC_1031178,0,0.000105464555,held_fold
ISIC_1039970,0,0.0074747805,held_fold
ISIC_1041406,0,0.000107617794,held_fold
ISIC_1042588,0,0.0001039992,held_fold
ISIC_1046786,0,0.0010433374,held_fold
ISIC_1048741,0,0.000111088426,held_fold
ISIC_1048856,0,0.0014383607,held_fold
ISIC_1048895,0,0.012776577,held_fold
ISIC_1050000,0,0.0051791477,held_fold
ISIC_1060448,0,0.0021056712,held_fold
ISIC_1064163,0,0.01661434,held_fold
ISIC_1066052,0,0.08077244,held_fold
ISIC_1067985,0,0.009035756,held_fold
ISIC_1069960,0,0.0002502557,held_fold
ISIC_1070864,0,3.6294907e-05,held_fold
ISIC_1070883,0,4.8351685e-05,held_fold
ISIC_1072321,0,0.00018287874,held_fold
ISIC_1073233,0,0.01591816,held_fold
ISIC_1073350,0,4.0795334e-05,held_fold
ISIC_1074551,0,7.332417e-05,held_fold
ISIC_1075968,0,0.0937616,held_fold
ISIC_1077911,0,0.00073632784,held_fold
ISIC_1078563,0,0.00094048993,held_fold
ISIC_1080647,0,0.009046236,held_fold
ISIC_1082020,0,0.00019071858,held_fold
ISIC_1082748,0,0.0026183769,held_fold
ISIC_1084154,0,0.0002753807,held_fold
ISIC_1084452,0,0.0003339578,held_fold
ISIC_1085285,0,0.04700191,held_fold
ISIC_1087705,0,0.00028092705,held_fold
ISIC_1088190,0,0.022276131,held_fold
ISIC_1096503,0,0.00043324535,held_fold
ISIC_1101631,0,0.0003400218,held_fold
ISIC_1106211,0,0.020191353,held_fold
ISIC_1107820,0,0.0003359765,held_fold
ISIC_1108178,0,3.7763755e-05,held_fold
ISIC_1108204,0,0.019946458,held_fold
ISIC_1109485,0,0.0045938287,held_fold
ISIC_1109641,0,0.0006231418,held_fold
ISIC_1111050,0,6.2281935e-05,held_fold
ISIC_1112803,0,0.0003358385,held_fold
ISIC_1114860,0,0.23284014,held_fold
ISIC_1115013,0,0.0007616941,held_fold
ISIC_1115266,0,0.001224466,held_fold
ISIC_1115695,0,0.00022082352,held_fold
ISIC_1116483,1,0.0070297895,held_fold
ISIC_1117976,0,0.00015883357,held_fold
ISIC_1122023,0,0.0009997921,held_fold
ISIC_1122524,0,8.600984e-05,held_fold
ISIC_1124434,1,0.013164187,held_fold
ISIC_1124744,0,0.00070757116,held_fold
ISIC_1126202,0,0.00022827956,held_fold
ISIC_1126306,0,0.0028292574,held_fold
ISIC_1129508,0,0.0010920381,held_fold
ISIC_1130830,0,0.0036335813,held_fold
ISIC_1130888,0,0.0056076883,held_fold
ISIC_1134319,0,0.0002883138,held_fold
ISIC_1134437,0,0.001990276,held_fold
ISIC_1134882,0,0.0010289375,held_fold
ISIC_1140717,0,5.0897885e-05,held_fold
ISIC_1141666,0,0.0023619193,held_fold
ISIC_1143655,0,0.00044230066,held_fold
ISIC_1144466,0,0.00012225022,held_fold
ISIC_1144769,0,0.0022508553,held_fold
ISIC_1147442,0,0.00014409776,held_fold
ISIC_1147795,0,0.00023126685,held_fold
ISIC_1148932,0,0.0009816885,held_fold
ISIC_1149693,0,0.0012253952,held_fold
ISIC_1151910,0,0.018315565,held_fold
ISIC_1153106,0,0.00026726563,held_fold
ISIC_1153940,0,0.0005393251,held_fold
ISIC_1154072,0,0.000358959,held_fold
ISIC_1159773,0,0.0053142183,held_fold
ISIC_1160040,0,0.0056938436,held_fold
ISIC_1162156,0,7.2716284e-05,held_fold
ISIC_1163624,0,0.0003007075,held_fold
ISIC_1164612,0,0.0027509572,held_fold
ISIC_1166337,0,4.558489e-05,held_fold
ISIC_1166522,0,0.0008795232,held_fold
ISIC_1166678,0,0.0001936405,held_fold
ISIC_1167108,0,0.000109917535,held_fold
ISIC_1170134,0,0.00067820307,held_fold
ISIC_1171646,0,0.0001472595,held_fold
ISIC_1171655,0,2.2880326e-05,held_fold
ISIC_1172955,0,5.440318e-05,held_fold
ISIC_1176970,0,8.64829e-05,held_fold
ISIC_1177505,1,0.019703325,held_fold
ISIC_1178491,0,0.00019201887,held_fold
ISIC_1181483,0,0.0052928943,held_fold
ISIC_1182612,0,0.00061950885,held_fold
ISIC_1183565,0,0.00051939295,held_fold
ISIC_1184373,0,0.008402646,held_fold
ISIC_1185468,0,0.006700231,held_fold
ISIC_1186495,0,0.114207484,held_fold
ISIC_1188141,0,0.00019029644,held_fold
ISIC_1190567,0,0.00012718473,held_fold
ISIC_1190994,0,0.0025971234,held_fold
ISIC_1194944,0,0.0026411614,held_fold
ISIC_1195254,0,0.00017655177,held_fold
ISIC_1195563,0,0.0013380833,held_fold
ISIC_1198047,0,0.00047291914,held_fold
ISIC_1198929,0,0.00010428102,held_fold
ISIC_1202355,0,0.000112441056,held_fold
ISIC_1202976,0,0.00048428876,held_fold
ISIC_1203254,0,0.001969594,held_fold
ISIC_1204286,0,0.00014904357,held_fold
ISIC_1206571,0,0.001314833,held_fold
ISIC_1207652,0,0.0025203007,held_fold
ISIC_1209492,0,0.0005721007,held_fold
ISIC_1210011,1,0.21162601,held_fold
ISIC_1219427,0,0.00022007778,held_fold
ISIC_1219783,0,0.0006984111,held_fold
ISIC_1222905,0,0.009052077,held_fold
ISIC_1224295,0,0.00330773,held_fold
ISIC_1224329,0,0.0031218866,held_fold
ISIC_1224650,0,0.0024824704,held_fold
ISIC_1225511,0,0.0005690861,held_fold
ISIC_1226868,0,2.7046519e-05,held_fold
ISIC_1226882,0,0.000911825,held_fold
ISIC_1227931,0,0.00059503806,held_fold
ISIC_1228845,0,0.001760417,held_fold
ISIC_1233068,0,0.004122122,held_fold
ISIC_1233830,0,0.00017529204,held_fold
ISIC_1235053,0,0.00013429036,held_fold
ISIC_1242176,0,0.0002841609,held_fold
ISIC_1242992,0,0.00021923291,held_fold
ISIC_1246630,0,0.00014355428,held_fold
ISIC_1248073,0,0.0010748059,held_fold
ISIC_1248372,0,0.0005506465,held_fold
ISIC_1248876,0,5.7726527e-05,held_fold
ISIC_1250861,0,0.0010826323,held_fold
ISIC_1251364,0,0.0028665059,held_fold
ISIC_1251721,0,0.000859619,held_fold
ISIC_1257045,0,0.13841774,held_fold
ISIC_1258127,0,0.00061153644,held_fold
ISIC_1258763,0,6.652169e-05,held_fold
ISIC_1259465,0,5.2362408e-05,held_fold
ISIC_1260198,0,0.00047380466,held_fold
ISIC_1261530,0,0.0009351109,held_fold
ISIC_1264725,0,0.00026366455,held_fold
ISIC_1265427,0,9.7677956e-05,held_fold
ISIC_1265609,0,0.0002657862,held_fold
ISIC_1265653,0,0.04252849,held_fold
ISIC_1266707,0,0.0011103626,held_fold
ISIC_1269461,0,0.00024835343,held_fold
ISIC_1270305,0,6.22972e-05,held_fold
ISIC_1270307,0,0.00020023271,held_fold
ISIC_1272233,0,3.1410116e-05,held_fold
ISIC_1274851,0,7.5986165e-05,held_fold
ISIC_1276037,0,0.00049764354,held_fold
ISIC_1281431,0,0.0069854734,held_fold
ISIC_1283518,0,0.0018612241,held_fold
ISIC_1283950,0,0.00040958603,held_fold
ISIC_1284397,0,0.0024385764,held_fold
ISIC_1284496,0,0.00016057353,held_fold
ISIC_1285997,0,0.011570534,held_fold
ISIC_1287050,0,4.087602e-05,held_fold
ISIC_1287370,0,0.00043066032,held_fold
ISIC_1292006,0,0.014130278,held_fold
ISIC_1292165,0,0.0004160048,held_fold
ISIC_1292607,0,0.024430873,held_fold
ISIC_1292799,0,0.0007590291,held_fold
ISIC_1296490,0,0.011074129,held_fold
ISIC_1298253,0,0.00082237064,held_fold
ISIC_1300318,0,0.00015857814,held_fold
ISIC_1300967,0,0.0026469636,held_fold
ISIC_1301544,0,0.00015557135,held_fold
ISIC_1301591,0,0.00028845927,held_fold
ISIC_1307134,0,0.0023800826,held_fold
ISIC_1307396,0,0.0005652598,held_fold
ISIC_1307419,0,0.0001917724,held_fold
ISIC_1309015,0,0.00011486862,held_fold
ISIC_1309130,0,0.00063224236,held_fold
ISIC_1313105,0,0.00013134566,held_fold
ISIC_1318137,0,0.0005210566,held_fold
ISIC_1318781,0,0.0014748164,held_fold
ISIC_1322621,0,0.03677601,held_fold
ISIC_1326295,0,0.02820607,held_fold
ISIC_1326483,0,4.5620287e-05,held_fold
ISIC_1328417,0,0.00093603623,held_fold
ISIC_1330242,0,1.0777833e-05,held_fold
ISIC_1333230,0,0.00035421003,held_fold
ISIC_1336519,0,0.0040859506,held_fold
ISIC_1336572,0,0.04278166,held_fold
ISIC_1337144,0,0.0005399493,held_fold
ISIC_1338069,0,0.0038306746,held_fold
ISIC_1341106,0,0.0069687003,held_fold
ISIC_1341586,0,0.0019459847,held_fold
ISIC_1342117,0,0.00053030526,held_fold
ISIC_1342739,0,7.3334806e-05,held_fold
ISIC_1344537,0,0.0012222538,held_fold
ISIC_1344757,0,0.000551559,held_fold
ISIC_1346695,0,7.232073e-05,held_fold
ISIC_1347099,0,0.0001435993,held_fold
ISIC_1348254,0,0.07649682,held_fold
ISIC_1348539,0,0.00018992502,held_fold
ISIC_1348843,0,3.8985614e-05,held_fold
ISIC_1350519,0,8.621044e-05,held_fold
ISIC_1350659,0,5.150107e-05,held_fold
ISIC_1351604,0,0.002530561,held_fold
ISIC_1352841,0,0.100593925,held_fold
ISIC_1352911,0,0.0018747787,held_fold
ISIC_1353532,0,0.0004412003,held_fold
ISIC_1353653,0,0.0029974596,held_fold
ISIC_1355104,0,3.0374014e-05,held_fold
ISIC_1355722,0,0.00016621524,held_fold
ISIC_1358348,0,0.0006227055,held_fold
ISIC_1358527,0,9.9883924e-05,held_fold
ISIC_1358757,0,5.1672218e-05,held_fold
ISIC_1360595,0,0.0028098149,held_fold
ISIC_1363718,0,0.0026173985,held_fold
ISIC_1364848,0,0.00014005385,held_fold
ISIC_1365434,0,0.000112800175,held_fold
ISIC_1366993,0,0.025964376,held_fold
ISIC_1370034,0,0.0002492551,held_fold
ISIC_1373468,0,0.0003802677,held_fold
ISIC_1376528,0,0.00044621265,held_fold
ISIC_1377409,0,9.431968e-05,held_fold
ISIC_1384413,0,0.0004736863,held_fold
ISIC_1384527,0,0.00010307804,held_fold
ISIC_1387456,0,0.0020024946,held_fold
ISIC_1388230,0,0.00028427175,held_fold
ISIC_1388984,0,0.0006358166,held_fold
ISIC_1389620,0,0.16862012,held_fold
ISIC_1390308,0,0.0002474517,held_fold
ISIC_1392776,0,0.0005173104,held_fold
ISIC_1394786,0,7.403775e-05,held_fold
ISIC_1396573,0,0.0005546327,held_fold
ISIC_1396857,0,0.0031921114,held_fold
ISIC_1401235,0,0.002690909,held_fold
ISIC_1403974,0,0.00026315023,held_fold
ISIC_1405391,0,0.02679112,held_fold
ISIC_1410153,0,0.0005262245,held_fold
ISIC_1411384,0,0.001171269,held_fold
ISIC_1412620,0,0.00023065336,held_fold
ISIC_1412843,1,0.010057078,held_fold
ISIC_1413366,0,0.00029996902,held_fold
ISIC_1416869,0,0.0017669658,held_fold
ISIC_1416995,0,0.006851126,held_fold
ISIC_1418788,0,0.0076674023,held_fold
ISIC_1421644,0,0.00017343262,held_fold
ISIC_1422217,0,0.00029724685,held_fold
ISIC_1422429,0,0.0013185085,held_fold
ISIC_1424529,0,0.00072726916,held_fold
ISIC_1424655,0,1.6437321e-05,held_fold
ISIC_1425404,0,0.00090375677,held_fold
ISIC_1429437,0,0.004332487,held_fold
ISIC_1429954,0,0.004048948,held_fold
ISIC_1431332,0,0.00049885083,held_fold
ISIC_1432485,0,0.001046997,held_fold
ISIC_1433739,0,0.00058718724,held_fold
ISIC_1434244,0,0.00011770586,held_fold
ISIC_1434340,0,0.0016375342,held_fold
ISIC_1436124,0,0.0008615608,held_fold
ISIC_1436341,0,0.00012617103,held_fold
ISIC_1437529,0,0.0050139343,held_fold
ISIC_1438382,0,5.4904507e-05,held_fold
ISIC_1438584,0,0.0012041464,held_fold
ISIC_1438669,0,3.4578217e-05,held_fold
ISIC_1440033,0,0.00021925861,held_fold
ISIC_1442186,0,0.044053406,held_fold
ISIC_1444573,0,0.002675468,held_fold
ISIC_1446344,0,0.0017187095,held_fold
ISIC_1447118,0,8.490984e-05,held_fold
ISIC_1447559,0,0.004937069,held_fold
ISIC_1448526,0,0.0002810235,held_fold
ISIC_1449910,0,0.0046912488,held_fold
ISIC_1450745,0,0.00020539822,held_fold
ISIC_1451092,0,5.77121e-05,held_fold
ISIC_1452412,0,7.374301e-05,held_fold
ISIC_1456444,0,6.666234e-05,held_fold
ISIC_1457263,0,0.0001786562,held_fold
ISIC_1458551,0,5.9764694e-05,held_fold
ISIC_1459948,0,0.01712468,held_fold
ISIC_1461419,0,9.312198e-06,held_fold
ISIC_1462268,0,0.00017642169,held_fold
ISIC_1463838,0,0.08032808,held_fold
ISIC_1466584,0,0.0005607011,held_fold
ISIC_1467552,0,0.00038593978,held_fold
ISIC_1467583,0,0.09771706,held_fold
ISIC_1470522,0,3.863693e-05,held_fold
ISIC_1471649,0,0.0013074422,held_fold
ISIC_1472731,0,0.0010742019,held_fold
ISIC_1473522,1,0.032423817,held_fold
ISIC_1476176,0,0.00018315112,held_fold
ISIC_1477664,0,0.000942338,held_fold
ISIC_1478794,0,9.400075e-05,held_fold
ISIC_1479729,0,0.0008577793,held_fold
ISIC_1479891,0,0.00014725643,held_fold
ISIC_1483952,0,0.0011676364,held_fold
ISIC_1485132,0,5.7940837e-05,held_fold
ISIC_1485969,0,0.00012885025,held_fold
ISIC_1486589,0,0.00033139737,held_fold
ISIC_1490161,0,0.0025415544,held_fold
ISIC_1492055,0,0.00027189864,held_fold
ISIC_1493314,0,0.00043039373,held_fold
ISIC_1493565,0,0.000119106124,held_fold
ISIC_1497992,0,0.00010488999,held_fold
ISIC_1500815,0,0.00027835532,held_fold
ISIC_1500843,0,0.00026840044,held_fold
ISIC_1501034,0,7.080308e-05,held_fold
ISIC_1502140,0,0.0011009288,held_fold
ISIC_1502309,0,0.045567337,held_fold
ISIC_1503020,0,0.0002713716,held_fold
ISIC_1505951,0,0.00037590633,held_fold
ISIC_1506794,0,0.00043034332,held_fold
ISIC_1506912,0,0.00012546127,held_fold
ISIC_1506954,0,0.0007207079,held_fold
ISIC_1507090,0,0.0018793717,held_fold
ISIC_1508810,0,0.00053036696,held_fold
ISIC_1510504,0,0.0012309093,held_fold
ISIC_1511227,0,0.0006608882,held_fold
ISIC_1511536,0,0.0018975693,held_fold
ISIC_1513720,0,0.006972576,held_fold
ISIC_1514117,0,0.00042964384,held_fold
ISIC_1514364,0,6.2577696e-05,held_fold
ISIC_1514401,0,0.0022892787,held_fold
ISIC_1519645,0,0.00096948305,held_fold
ISIC_1519891,0,0.00020226538,held_fold
ISIC_1520897,0,0.0007838951,held_fold
ISIC_1528994,0,0.0014360449,held_fold
ISIC_1529534,0,0.015835311,held_fold
ISIC_1531548,0,0.05391586,held_fold
ISIC_1532403,0,5.8920832e-05,held_fold
ISIC_1534800,0,0.0040381234,held_fold
ISIC_1537566,0,0.00025590125,held_fold
ISIC_1537779,0,0.0003987128,held_fold
ISIC_1541817,0,7.794399e-05,held_fold
ISIC_1542389,0,0.00084757176,held_fold
ISIC_1543862,0,0.00020121451,held_fold
ISIC_1544093,0,0.00010357462,held_fold
ISIC_1545489,0,0.00020246353,held_fold
ISIC_1545675,0,0.00030157252,held_fold
ISIC_1545851,0,0.00082287274,held_fold
ISIC_1548638,0,0.00018875244,held_fold
ISIC_1549857,0,0.0031229272,held_fold
ISIC_1550349,0,0.012006338,held_fold
ISIC_1550785,0,2.7868156e-05,held_fold
ISIC_1552127,0,0.035787195,held_fold
ISIC_1552570,0,0.021675223,held_fold
ISIC_1554843,0,0.00018727437,held_fold
ISIC_1556209,0,0.0007048384,held_fold
ISIC_1556765,0,0.0004321618,held_fold
ISIC_1558731,0,0.00016713416,held_fold
ISIC_1561177,0,0.0020802855,held_fold
ISIC_1566312,0,0.00020700351,held_fold
ISIC_1566381,0,0.003986621,held_fold
ISIC_1568752,0,0.0006223186,held_fold
ISIC_1570838,0,3.8100454e-05,held_fold
ISIC_1573974,0,0.005218657,held_fold
ISIC_1574123,0,0.055789568,held_fold
ISIC_1575396,0,7.994334e-05,held_fold
ISIC_1578194,0,0.020625645,held_fold
ISIC_1578811,0,0.00026566914,held_fold
ISIC_1579463,0,0.0012932972,held_fold
ISIC_1579497,0,0.00021616963,held_fold
ISIC_1580068,0,0.0017754423,held_fold
ISIC_1584543,0,0.0011429138,held_fold
ISIC_1585511,0,0.0016586699,held_fold
ISIC_1588382,0,0.0010524447,held_fold
ISIC_1589136,0,0.012561802,held_fold
ISIC_1589997,1,0.42980912,held_fold
ISIC_1590829,0,0.00014287408,held_fold
ISIC_1593175,0,7.188576e-05,held_fold
ISIC_1593638,0,0.003736375,held_fold
ISIC_1594422,0,9.661882e-05,held_fold
ISIC_1595157,0,0.0005815967,held_fold
ISIC_1595325,0,6.315273e-05,held_fold
ISIC_1597414,0,0.00011589248,held_fold
ISIC_1599163,0,0.000112448564,held_fold
ISIC_1601244,0,0.00013676548,held_fold
ISIC_1603509,0,7.7736e-05,held_fold
ISIC_1604935,0,2.4172587e-05,held_fold
ISIC_1605988,0,0.00014425642,held_fold
ISIC_1608192,0,0.009329023,held_fold
ISIC_1608727,0,8.0711245e-05,held_fold
ISIC_1610092,0,2.955791e-05,held_fold
ISIC_1611600,0,0.00018184829,held_fold
ISIC_1617282,0,0.0006251697,held_fold
ISIC_1617896,0,0.00014487536,held_fold
ISIC_1618730,0,0.00012793607,held_fold
ISIC_1624873,0,0.0022248798,held_fold
ISIC_1631125,0,0.0005977688,held_fold
ISIC_1631397,0,7.006326e-05,held_fold
ISIC_1633463,0,8.696902e-05,held_fold
ISIC_1635633,0,8.9435256e-05,held_fold
ISIC_1636849,0,6.7333116e-05,held_fold
ISIC_1637536,0,0.055590816,held_fold
ISIC_1637588,0,0.00016315124,held_fold
ISIC_1638436,0,0.002360187,held_fold
ISIC_1639011,0,0.00018052185,held_fold
ISIC_1639765,0,0.00014923753,held_fold
ISIC_1640426,0,0.0004876681,held_fold
ISIC_1641301,0,9.378059e-05,held_fold
ISIC_1641839,0,0.0007055424,held_fold
ISIC_1646084,0,0.00020603037,held_fold
ISIC_1648233,0,1.6160759e-05,held_fold
ISIC_1650523,0,0.0003873679,held_fold
ISIC_1652008,0,0.00025337754,held_fold
ISIC_1654183,0,0.00015273338,held_fold
ISIC_1654342,1,0.23747961,held_fold
ISIC_1655513,0,6.3281914e-05,held_fold
ISIC_1656186,0,5.0915853e-05,held_fold
ISIC_1656452,0,0.0045049465,held_fold
ISIC_1664534,0,0.0025159314,held_fold
ISIC_1665248,0,0.002490789,held_fold
ISIC_1674776,0,0.0020821772,held_fold
ISIC_1675814,0,0.00013688172,held_fold
ISIC_1676261,0,0.0001229281,held_fold
ISIC_1676826,0,4.2481086e-05,held_fold
ISIC_1681627,0,0.0001529199,held_fold
ISIC_1682693,0,0.00037165373,held_fold
ISIC_1684067,0,6.810877e-05,held_fold
ISIC_1684127,1,0.004167855,held_fold
ISIC_1684948,0,0.0002789866,held_fold
ISIC_1685833,0,0.07331538,held_fold
ISIC_1687584,0,0.00011246764,held_fold
ISIC_1688160,0,0.07598211,held_fold
ISIC_1689686,0,0.00013689973,held_fold
ISIC_1690499,0,0.015813567,held_fold
ISIC_1690909,0,0.000167682,held_fold
ISIC_1691676,0,0.0003384468,held_fold
ISIC_1692144,0,0.0027680434,held_fold
ISIC_1693686,0,0.0005397594,held_fold
ISIC_1693912,0,0.00018387413,held_fold
ISIC_1695724,0,0.0016025162,held_fold
ISIC_1698119,0,0.00012029089,held_fold
ISIC_1700513,0,9.606219e-05,held_fold
ISIC_1704026,0,0.0016724882,held_fold
ISIC_1708068,0,0.00020156786,held_fold
ISIC_1710179,0,0.00036317558,held_fold
ISIC_1715406,0,0.0034004753,held_fold
ISIC_1718418,0,0.00014870684,held_fold
ISIC_1718707,0,0.0017175579,held_fold
ISIC_1719236,0,9.134754e-05,held_fold
ISIC_1720840,0,0.00037284946,held_fold
ISIC_1723279,0,0.0034094558,held_fold
ISIC_1724802,0,2.8130387e-05,held_fold
ISIC_1725961,0,4.5969133e-05,held_fold
ISIC_1725997,0,4.2415748e-05,held_fold
ISIC_1727369,0,0.00010046528,held_fold
ISIC_1728767,0,7.6685195e-05,held_fold
ISIC_1729465,0,0.0062559275,held_fold
ISIC_1732965,0,0.00014799276,held_fold
ISIC_1736706,0,7.00932e-05,held_fold
ISIC_1738348,0,0.0008765779,held_fold
ISIC_1740379,0,0.0001769539,held_fold
ISIC_1743974,0,0.0003979349,held_fold
ISIC_1744704,0,9.701434e-05,held_fold
ISIC_1744817,0,0.00019968742,held_fold
ISIC_1745458,0,0.007008294,held_fold
ISIC_1745477,0,0.0014212731,held_fold
ISIC_1747417,0,0.007218203,held_fold
ISIC_1749857,0,1.4095154e-05,held_fold
ISIC_1750674,0,0.0003645263,held_fold
ISIC_1752306,0,0.000119454846,held_fold
ISIC_1755832,0,0.024997845,held_fold
ISIC_1756265,0,0.0010031578,held_fold
ISIC_1757212,0,0.04545391,held_fold
ISIC_1758149,0,9.684251e-05,held_fold
ISIC_1758558,0,0.030322077,held_fold
ISIC_1761138,0,0.00046837048,held_fold
ISIC_1766601,0,0.0006265002,held_fold
ISIC_1768217,0,0.00029380893,held_fold
ISIC_1769724,0,5.7049787e-05,held_fold
ISIC_1772523,0,0.001701345,held_fold
ISIC_1772784,0,0.0007171739,held_fold
ISIC_1777398,0,0.009594248,held_fold
ISIC_1779061,0,0.06871209,held_fold
ISIC_1779443,0,0.13418932,held_fold
ISIC_1780675,0,0.00029972548,held_fold
ISIC_1782911,0,0.0024971256,held_fold
ISIC_1783021,0,0.00016316306,held_fold
ISIC_1786025,0,0.0009001915,held_fold
ISIC_1786309,0,0.07288526,held_fold
ISIC_1788314,0,0.00271731,held_fold
ISIC_1788671,0,0.00027085256,held_fold
ISIC_1788875,0,0.0012196881,held_fold
ISIC_1795959,0,0.007978791,held_fold
ISIC_1800066,0,0.0039021978,held_fold
ISIC_1802793,0,4.189296e-05,held_fold
ISIC_1806497,0,0.0039775386,held_fold
ISIC_1807638,0,0.0006246917,held_fold
ISIC_1809912,0,0.0001912897,held_fold
ISIC_1810207,0,0.018733371,held_fold
ISIC_1810790,0,0.0029366508,held_fold
ISIC_1813911,0,0.00091992965,held_fold
ISIC_1817714,0,0.0015871223,held_fold
ISIC_1819358,0,0.00034670995,held_fold
ISIC_1820193,0,0.011798435,held_fold
ISIC_1820389,0,0.005706781,held_fold
ISIC_1825131,0,0.0009287888,held_fold
ISIC_1828652,0,0.007179944,held_fold
ISIC_1829378,0,0.009123167,held_fold
ISIC_1830017,0,3.9762504e-05,held_fold
ISIC_1831304,0,0.0043092403,held_fold
ISIC_1832582,0,7.638144e-05,held_fold
ISIC_1833138,0,0.000117691045,held_fold
ISIC_1835426,0,0.0048324014,held_fold
ISIC_1835970,0,0.0040940302,held_fold
ISIC_1837402,0,5.075074e-05,held_fold
ISIC_1837609,0,0.003652237,held_fold
ISIC_1838888,0,0.00040944899,held_fold
ISIC_1838904,0,0.023521354,held_fold
ISIC_1840418,0,0.00021680167,held_fold
ISIC_1841825,0,0.0020953424,held_fold
ISIC_1841949,0,0.004008585,held_fold
ISIC_1844824,0,7.4028714e-05,held_fold
ISIC_1845271,0,0.0008293098,held_fold
ISIC_1845580,0,0.000106587104,held_fold
ISIC_1846528,0,0.00016458718,held_fold
ISIC_1847200,0,0.00021884008,held_fold
ISIC_1847516,0,0.0008112647,held_fold
ISIC_1847684,0,0.00014699856,held_fold
ISIC_1848300,0,0.00011974681,held_fold
ISIC_1849151,0,0.0025890712,held_fold
ISIC_1849227,0,0.00012381145,held_fold
ISIC_1849442,0,0.000669951,held_fold
ISIC_1850122,0,0.00030558452,held_fold
ISIC_1850388,0,0.00015318903,held_fold
ISIC_1852500,0,0.071813405,held_fold
ISIC_1852987,0,0.004835099,held_fold
ISIC_1857587,0,0.0001503489,held_fold
ISIC_1858123,0,0.0037432967,held_fold
ISIC_1858237,0,0.00082622096,held_fold
ISIC_1859531,0,0.0002302991,held_fold
ISIC_1859923,0,0.0057904217,held_fold
ISIC_1861580,0,0.0064401897,held_fold
ISIC_1863917,0,0.0016609643,held_fold
ISIC_1864109,0,0.00028130953,held_fold
ISIC_1864210,0,0.00044975014,held_fold
ISIC_1865060,0,0.0008241208,held_fold
ISIC_1865170,0,0.00020886854,held_fold
ISIC_1867577,0,0.0012342064,held_fold
ISIC_1870517,0,0.0007736857,held_fold
ISIC_1873035,0,0.0016944709,held_fold
ISIC_1875086,0,0.0009317314,held_fold
ISIC_1876799,0,0.00012957164,held_fold
ISIC_1878972,0,0.0013687185,held_fold
ISIC_1880540,0,0.2065148,held_fold
ISIC_1881268,0,0.012575158,held_fold
ISIC_1883184,0,0.00026092672,held_fold
ISIC_1883330,0,0.00051427947,held_fold
ISIC_1884256,0,0.00025265795,held_fold
ISIC_1886719,0,0.001990579,held_fold
ISIC_1886756,0,9.497248e-05,held_fold
ISIC_1887768,0,0.0017287551,held_fold
ISIC_1888148,0,0.00022415849,held_fold
ISIC_1890263,0,0.00082854676,held_fold
ISIC_1892887,0,0.5329098,held_fold
ISIC_1896350,0,0.0002527847,held_fold
ISIC_1897312,0,0.0008325446,held_fold
ISIC_1897327,0,7.073681e-05,held_fold
ISIC_1900721,0,0.00012542479,held_fold
ISIC_1901204,0,0.00016029051,held_fold
ISIC_1901829,0,0.0019798526,held_fold
ISIC_1903698,0,0.0002671622,held_fold
ISIC_1904002,0,0.00014740197,held_fold
ISIC_1910458,0,0.00022128806,held_fold
ISIC_1911714,0,0.00045160195,held_fold
ISIC_1912184,0,3.0732925e-05,held_fold
ISIC_1912589,0,7.8785575e-05,held_fold
ISIC_1915989,0,0.012050639,held_fold
ISIC_1917554,0,0.008946812,held_fold
ISIC_1917856,0,0.00028212578,held_fold
ISIC_1919196,0,0.004656133,held_fold
ISIC_1919324,0,0.0005314114,held_fold
ISIC_1919829,0,0.048124537,held_fold
ISIC_1920685,0,0.00015234662,held_fold
ISIC_1921387,0,0.0015706156,held_fold
ISIC_1921636,0,0.00081553496,held_fold
ISIC_1922234,0,0.0040310454,held_fold
ISIC_1922568,0,0.00016373942,held_fold
ISIC_1924949,0,8.126793e-05,held_fold
ISIC_1925412,0,0.009734771,held_fold
ISIC_1926530,0,0.0001293514,held_fold
ISIC_1927858,0,0.0002983169,held_fold
ISIC_1930598,0,0.0015900544,held_fold
ISIC_1930877,0,0.0015384891,held_fold
ISIC_1931408,0,3.1869557e-05,held_fold
ISIC_1932632,0,4.3580992e-05,held_fold
ISIC_1932947,0,0.00014732707,held_fold
ISIC_1933026,0,1.6744081e-05,held_fold
ISIC_1934097,0,0.00019656892,held_fold
ISIC_1937955,0,0.0040603746,held_fold
ISIC_1943439,0,0.065032035,held_fold
ISIC_1943654,0,0.0021835587,held_fold
ISIC_1944865,0,0.00033944982,held_fold
ISIC_1945381,0,0.00017198823,held_fold
ISIC_1947992,0,0.0001835555,held_fold
ISIC_1948751,0,0.0016991128,held_fold
ISIC_1950616,0,0.082580075,held_fold
ISIC_1951928,0,0.00018762596,held_fold
ISIC_1953808,0,0.00022452702,held_fold
ISIC_1954547,0,7.962585e-05,held_fold
ISIC_1957587,0,2.9551229e-05,held_fold
ISIC_1958003,0,4.9527483e-05,held_fold
ISIC_1958612,0,0.001668965,held_fold
ISIC_1959078,0,9.065929e-05,held_fold
ISIC_1959939,1,0.06879068,held_fold
ISIC_1964334,0,0.0023195634,held_fold
ISIC_1966916,0,0.0015761228,held_fold
ISIC_1970027,0,0.0002490268,held_fold
ISIC_1973320,0,0.00028582543,held_fold
ISIC_1974281,0,0.00039753944,held_fold
ISIC_1974530,0,0.000561154,held_fold
ISIC_1975941,0,0.013826611,held_fold
ISIC_1977265,0,0.009240544,held_fold
ISIC_1977916,0,0.00018092094,held_fold
ISIC_1978228,0,3.9691582e-05,held_fold
ISIC_1978426,0,0.00010308256,held_fold
ISIC_1979473,0,0.059629306,held_fold
ISIC_1981133,0,3.2393524e-05,held_fold
ISIC_1982295,0,1.6986718e-05,held_fold
ISIC_1983516,0,0.0011093192,held_fold
ISIC_1985244,0,0.00046263708,held_fold
ISIC_1985984,0,0.00016842117,held_fold
ISIC_1988336,0,0.0008666293,held_fold
ISIC_1990520,0,0.0011438706,held_fold
ISIC_1991054,0,6.9196554e-05,held_fold
ISIC_1991528,0,0.0027724667,held_fold
ISIC_1998849,0,0.008626127,held_fold
ISIC_2000184,0,0.009530674,held_fold
ISIC_2001492,0,0.0014287184,held_fold
ISIC_2003272,0,0.008881103,held_fold
ISIC_2006783,0,0.014470799,held_fold
ISIC_2009055,0,0.0011215567,held_fold
ISIC_2009167,0,4.5812765e-05,held_fold
ISIC_2010841,0,0.0014330442,held_fold
ISIC_2011145,0,0.009190502,held_fold
ISIC_2011758,0,0.0013771193,held_fold
ISIC_2011893,0,0.00014267748,held_fold
ISIC_2014399,0,5.1282586e-05,held_fold
ISIC_2015441,0,0.00033172106,held_fold
ISIC_2016546,0,0.0004055821,held_fold
ISIC_2019110,0,0.000111396264,held_fold
ISIC_2027392,0,0.00015658872,held_fold
ISIC_2027490,0,0.00023202797,held_fold
ISIC_2027705,0,0.0014320756,held_fold
ISIC_2031177,0,0.0036642952,held_fold
ISIC_2035097,0,4.9938717e-05,held_fold
ISIC_2037324,0,0.001996041,held_fold
ISIC_2041726,0,5.0943338e-05,held_fold
ISIC_2045595,0,0.00014651718,held_fold
ISIC_2046079,0,0.0030753973,held_fold
ISIC_2048638,0,0.00113636,held_fold
ISIC_2049818,0,0.00013975316,held_fold
ISIC_2049836,0,0.0005808505,held_fold
ISIC_2053045,0,0.007923618,held_fold
ISIC_2056104,0,0.00045840794,held_fold
ISIC_2057606,0,0.0029417705,held_fold
ISIC_2059085,0,0.00199263,held_fold
ISIC_2059481,0,0.00029480163,held_fold
ISIC_2060078,0,0.0016376934,held_fold
ISIC_2061063,0,0.001950011,held_fold
ISIC_2066127,0,0.0005178247,held_fold
ISIC_2066146,0,0.0026733924,held_fold
ISIC_2066654,0,0.000100501115,held_fold
ISIC_2067576,0,0.0001301725,held_fold
ISIC_2068866,0,0.00036504166,held_fold
ISIC_2069039,0,0.0017698008,held_fold
ISIC_2069765,0,0.003103939,held_fold
ISIC_2070718,0,0.0016283962,held_fold
ISIC_2070726,0,0.00012883697,held_fold
ISIC_2071317,0,0.00019754842,held_fold
ISIC_2073994,0,0.003780126,held_fold
ISIC_2074396,0,0.00029742546,held_fold
ISIC_2074764,0,0.00027667524,held_fold
ISIC_2077460,0,0.0012307803,held_fold
ISIC_2078053,0,0.00014985484,held_fold
ISIC_2079078,0,0.00065336487,held_fold
ISIC_2079121,0,0.0002765389,held_fold
ISIC_2079417,0,0.00010701076,held_fold
ISIC_2080351,0,0.00014998706,held_fold
ISIC_2081142,0,0.0039345347,held_fold
ISIC_2081489,0,0.0010257927,held_fold
ISIC_2087446,0,0.043077882,held_fold
ISIC_2092879,0,0.0006204466,held_fold
ISIC_2094429,0,0.02692673,held_fold
ISIC_2095347,0,0.00021820274,held_fold
ISIC_2099776,0,0.0001606265,held_fold
ISIC_2101624,1,0.2780278,held_fold
ISIC_2102371,0,0.087280914,held_fold
ISIC_2102551,0,0.0007383708,held_fold
ISIC_2104487,0,0.00067784474,held_fold
ISIC_2108787,0,0.0020969063,held_fold
ISIC_2109563,0,6.003173e-05,held_fold
ISIC_2120508,0,8.964308e-05,held_fold
ISIC_2121292,0,0.00032398582,held_fold
ISIC_2122087,0,0.00031478022,held_fold
ISIC_2123159,0,0.00065353554,held_fold
ISIC_2123488,0,0.00044478214,held_fold
ISIC_2125450,0,0.01501044,held_fold
ISIC_2126248,0,9.751132e-06,held_fold
ISIC_2126316,0,0.00015692879,held_fold
ISIC_2127685,0,0.00012517639,held_fold
ISIC_2127820,0,0.00016794555,held_fold
ISIC_2129226,0,0.00020955574,held_fold
ISIC_2129541,0,0.00040111414,held_fold
ISIC_2130800,0,0.0056405044,held_fold
ISIC_2131707,0,6.4189466e-05,held_fold
ISIC_2134858,0,0.00070172624,held_fold
ISIC_2137041,0,0.0014841548,held_fold
ISIC_2140115,0,0.0028238895,held_fold
ISIC_2142072,0,0.00026012913,held_fold
ISIC_2142232,0,0.0001689995,held_fold
ISIC_2142639,0,0.00016284412,held_fold
ISIC_2148350,0,0.03247314,held_fold
ISIC_2149030,0,0.00071523886,held_fold
ISIC_2150031,0,0.00035525026,held_fold
ISIC_2151459,0,0.0001914408,held_fold
ISIC_2152051,0,0.0011442908,held_fold
ISIC_2152755,0,0.32090366,held_fold
ISIC_2153201,0,8.113257e-05,held_fold
ISIC_2153401,1,0.036820456,held_fold
ISIC_2153879,0,0.0055430843,held_fold
ISIC_2155898,0,0.007507596,held_fold
ISIC_2159914,0,5.3966654e-05,held_fold
ISIC_2161864,0,0.000104513376,held_fold
ISIC_2161930,0,0.005033515,held_fold
ISIC_2168257,0,8.4626365e-05,held_fold
ISIC_2168953,0,0.003423561,held_fold
ISIC_2170531,0,0.00021423757,held_fold
ISIC_2172377,0,0.0012485975,held_fold
ISIC_2174204,0,0.0011685949,held_fold
ISIC_2175855,0,0.0013900414,held_fold
ISIC_2176370,0,5.848743e-05,held_fold
ISIC_2179001,0,0.00010556336,held_fold
ISIC_2180439,0,0.00042191258,held_fold
ISIC_2185831,0,0.0007324405,held_fold
ISIC_2186496,0,0.0012309169,held_fold
ISIC_2186828,0,0.0001499619,held_fold
ISIC_2188465,0,0.00025246892,held_fold
ISIC_2192666,0,7.236639e-05,held_fold
ISIC_2193761,0,9.460747e-05,held_fold
ISIC_2194968,0,0.0040983367,held_fold
ISIC_2199969,0,0.08662569,held_fold
ISIC_2200426,0,0.00023058696,held_fold
ISIC_2203306,0,0.10162,held_fold
ISIC_2205780,0,0.00015834712,held_fold
ISIC_2208668,0,0.0007737425,held_fold
ISIC_2211136,0,0.02097776,held_fold
ISIC_2212473,1,0.0037896784,held_fold
ISIC_2215830,0,0.031596128,held_fold
ISIC_2216526,0,0.00048742993,held_fold
ISIC_2217550,0,0.00036896757,held_fold
ISIC_2219050,0,0.001826994,held_fold
ISIC_2219235,0,0.001461336,held_fold
ISIC_2220508,0,0.00013937162,held_fold
ISIC_2222264,0,0.23135422,held_fold
ISIC_2222489,0,0.0031828496,held_fold
ISIC_2227830,0,0.005182318,held_fold
ISIC_2228270,0,0.00032437616,held_fold
ISIC_2229251,0,1.9096746e-05,held_fold
ISIC_2234023,0,0.0026422972,held_fold
ISIC_2241173,0,0.004582874,held_fold
ISIC_2241975,0,2.0445143e-05,held_fold
ISIC_2243353,0,6.416522e-05,held_fold
ISIC_2243954,0,0.0003457458,held_fold
ISIC_2244742,0,0.0012848098,held_fold
ISIC_2245695,0,7.054334e-05,held_fold
ISIC_2248305,0,0.0032658256,held_fold
ISIC_2248956,0,0.00026638998,held_fold
ISIC_2255492,0,0.022860743,held_fold
ISIC_2262530,0,0.002030558,held_fold
ISIC_2263311,0,0.00019221597,held_fold
ISIC_2265410,0,0.000109391585,held_fold
ISIC_2266011,0,0.00217233,held_fold
ISIC_2266857,0,0.0017551148,held_fold
ISIC_2269849,0,0.0143627385,held_fold
ISIC_2274871,0,0.008924639,held_fold
ISIC_2275181,0,2.9477123e-05,held_fold
ISIC_2275624,0,0.00053730427,held_fold
ISIC_2275821,0,3.6005014e-05,held_fold
ISIC_2276141,0,0.0064719925,held_fold
ISIC_2280085,0,0.0010276419,held_fold
ISIC_2281048,0,0.0007183032,held_fold
ISIC_2282086,0,0.004516541,held_fold
ISIC_2282330,0,0.0001229308,held_fold
ISIC_2282522,0,5.2790838e-05,held_fold
ISIC_2283628,0,0.00021941443,held_fold
ISIC_2284502,0,0.00020968966,held_fold
ISIC_2284633,0,0.0020866403,held_fold
ISIC_2295998,0,0.0010667127,held_fold
ISIC_2297858,0,0.0002518657,held_fold
ISIC_2313297,0,0.0027239525,held_fold
ISIC_2316159,0,9.2040835e-05,held_fold
ISIC_2316827,0,0.009169336,held_fold
ISIC_2317156,0,0.00028731307,held_fold
ISIC_2318657,0,0.00013502187,held_fold
ISIC_2318906,0,8.50082e-05,held_fold
ISIC_2319122,0,0.00011769486,held_fold
ISIC_2321619,0,0.0008544539,held_fold
ISIC_2321671,0,0.00053699914,held_fold
ISIC_2326984,0,0.0038705585,held_fold
ISIC_2328299,0,8.972373e-05,held_fold
ISIC_2329701,0,3.541615e-05,held_fold
ISIC_2337650,0,0.008841331,held_fold
ISIC_2337786,0,0.008183408,held_fold
ISIC_2339522,0,0.0010509028,held_fold
ISIC_2347774,0,0.00020109599,held_fold
ISIC_2348481,0,0.09281365,held_fold
ISIC_2349386,0,8.55175e-05,held_fold
ISIC_2349743,0,0.00016341545,held_fold
ISIC_2355513,0,0.0019257108,held_fold
ISIC_2356841,0,0.00020832616,held_fold
ISIC_2357022,0,0.0067822766,held_fold
ISIC_2357307,0,0.000363601,held_fold
ISIC_2364189,0,0.0006956841,held_fold
ISIC_2365588,0,0.0019816803,held_fold
ISIC_2366196,0,0.005477376,held_fold
ISIC_2367392,0,0.0013219808,held_fold
ISIC_2370650,0,0.010698299,held_fold
ISIC_2371734,0,0.048890617,held_fold
ISIC_2373071,0,0.0030883204,held_fold
ISIC_2374446,0,0.0023973202,held_fold
ISIC_2378303,0,0.008555151,held_fold
ISIC_2378495,0,0.0001772293,held_fold
ISIC_2382078,0,0.0021271938,held_fold
ISIC_2382323,0,0.00070252514,held_fold
ISIC_2383335,0,0.055305667,held_fold
ISIC_2383571,0,0.0067525357,held_fold
ISIC_2386668,0,0.0014256916,held_fold
ISIC_2387403,0,0.0017744057,held_fold
ISIC_2387634,0,0.00047290654,held_fold
ISIC_2394780,0,0.0012480048,held_fold
ISIC_2394894,0,0.0020100742,held_fold
ISIC_2396480,0,0.0001537237,held_fold
ISIC_2396791,0,0.0014924627,held_fold
ISIC_2397307,0,0.00017571425,held_fold
ISIC_2398131,0,8.769605e-05,held_fold
ISIC_2399130,0,9.322982e-05,held_fold
ISIC_2400177,0,0.0011402844,held_fold
ISIC_2401705,0,0.00020812088,held_fold
ISIC_2402717,0,0.00053807255,held_fold
ISIC_2406580,0,0.00036086325,held_fold
ISIC_2406848,0,0.00029530912,held_fold
ISIC_2407132,0,9.833552e-05,held_fold
ISIC_2407914,0,0.0002217629,held_fold
ISIC_2408815,1,0.00046553978,held_fold
ISIC_2410842,0,0.004816445,held_fold
ISIC_2412426,0,0.014110157,held_fold
ISIC_2413429,0,0.000635823,held_fold
ISIC_2415030,0,5.191205e-05,held_fold
ISIC_2416792,0,0.004346934,held_fold
ISIC_2417638,0,0.0010006964,held_fold
ISIC_2418848,0,8.90012e-05,held_fold
ISIC_2418954,0,0.0015400003,held_fold
ISIC_2419593,0,0.0005168681,held_fold
ISIC_2420042,0,0.00042934655,held_fold
ISIC_2421521,0,0.00036502723,held_fold
ISIC_2425013,0,0.0010434188,held_fold
ISIC_2427137,0,0.00029060408,held_fold
ISIC_2428554,0,0.07444554,held_fold
ISIC_2430137,0,0.002226251,held_fold
ISIC_2432058,0,0.0107293,held_fold
ISIC_2434382,0,0.0005069335,held_fold
ISIC_2437188,0,0.0009867249,held_fold
ISIC_2438067,0,0.0002553049,held_fold
ISIC_2448123,1,0.0005664636,held_fold
ISIC_2448210,0,0.00036553948,held_fold
ISIC_2452083,0,0.0024527898,held_fold
ISIC_2452931,0,3.2662436e-05,held_fold
ISIC_2454475,0,0.041448496,held_fold
ISIC_2457132,0,0.0005087439,held_fold
ISIC_2457369,0,5.3656855e-05,held_fold
ISIC_2459772,0,0.0001366832,held_fold
ISIC_2462485,0,8.561035e-05,held_fold
ISIC_2467125,0,0.00014805896,held_fold
ISIC_2468975,0,5.9120983e-05,held_fold
ISIC_2470542,0,0.00030077,held_fold
ISIC_2476876,0,0.0011178246,held_fold
ISIC_2477888,0,8.186958e-05,held_fold
ISIC_2478012,0,8.210749e-05,held_fold
ISIC_2480608,0,0.06011664,held_fold
ISIC_2480615,0,0.0002480004,held_fold
ISIC_2481230,0,0.00048364064,held_fold
ISIC_2482427,0,0.0002883886,held_fold
ISIC_2482653,0,0.012876397,held_fold
ISIC_2482687,0,0.0017011538,held_fold
ISIC_2484586,0,0.008927983,held_fold
ISIC_2487061,0,0.008067671,held_fold
ISIC_2489471,0,0.00074241584,held_fold
ISIC_2490493,0,0.0004083169,held_fold
ISIC_2493432,0,0.00021959568,held_fold
ISIC_2494956,0,0.00028892167,held_fold
ISIC_2495303,0,7.957089e-05,held_fold
ISIC_2496053,0,0.0010854758,held_fold
ISIC_2496374,0,0.00057943584,held_fold
ISIC_2499559,0,0.0003521578,held_fold
ISIC_2499678,0,0.00038218696,held_fold
ISIC_2500087,0,0.00016042293,held_fold
ISIC_2502405,0,0.0017349758,held_fold
ISIC_2502558,0,3.199349e-05,held_fold
ISIC_2502855,0,0.00037158572,held_fold
ISIC_2508032,0,0.005190646,held_fold
ISIC_2509736,0,0.00024435975,held_fold
ISIC_2514994,0,0.0018440448,held_fold
ISIC_2515324,0,0.0012792307,held_fold
ISIC_2518672,0,0.0011571336,held_fold
ISIC_2520419,0,0.00012241644,held_fold
ISIC_2521947,0,0.00012672556,held_fold
ISIC_2523922,0,0.00018524587,held_fold
ISIC_2524005,0,0.001664829,held_fold
ISIC_2525084,1,0.035339266,held_fold
ISIC_2527238,0,0.4543152,held_fold
ISIC_2527485,0,0.0001850531,held_fold
ISIC_2533114,0,0.018521056,held_fold
ISIC_2535541,1,0.23304252,held_fold
ISIC_2536728,0,0.006665198,held_fold
ISIC_2538378,0,0.00092358264,held_fold
ISIC_2538571,0,0.0024673445,held_fold
ISIC_2539861,0,2.9441697e-05,held_fold
ISIC_2540408,0,0.0029835976,held_fold
ISIC_2541562,0,3.176754e-05,held_fold
ISIC_2546094,0,0.00146365,held_fold
ISIC_2550872,0,0.017701939,held_fold
ISIC_2553784,0,0.005155063,held_fold
ISIC_2553976,0,0.0005512875,held_fold
ISIC_2555243,0,0.00021995045,held_fold
ISIC_2555358,0,7.6739256e-05,held_fold
ISIC_2555494,0,0.000105525214,held_fold
ISIC_2558189,0,0.0002746468,held_fold
ISIC_2558439,0,0.07203669,held_fold
ISIC_2559074,0,2.8755667e-05,held_fold
ISIC_2559472,0,0.007674037,held_fold
ISIC_2560645,0,0.0006596549,held_fold
ISIC_2563840,0,0.00013215358,held_fold
ISIC_2565512,0,0.00023113635,held_fold
ISIC_2565986,0,9.873975e-05,held_fold
ISIC_2566365,0,0.0039493158,held_fold
ISIC_2570708,0,0.0055905324,held_fold
ISIC_2571614,0,0.0005634562,held_fold
ISIC_2572530,0,0.00028589222,held_fold
ISIC_2574197,0,0.00019905213,held_fold
ISIC_2574344,0,5.245542e-05,held_fold
ISIC_2574351,0,0.00017617694,held_fold
ISIC_2579390,0,0.002271334,held_fold
ISIC_2585066,0,0.0086983945,held_fold
ISIC_2586708,0,0.00015781909,held_fold
ISIC_2587955,0,0.0008473074,held_fold
ISIC_2594290,0,0.00013302811,held_fold
ISIC_2595590,0,0.0010027197,held_fold
ISIC_2596574,0,0.00024078172,held_fold
ISIC_2597342,0,0.0004103082,held_fold
ISIC_2597975,0,0.00053700525,held_fold
ISIC_2598702,0,0.00070053857,held_fold
ISIC_2600276,0,0.00068066973,held_fold
ISIC_2601156,0,0.00031891916,held_fold
ISIC_2603420,0,0.0007771697,held_fold
ISIC_2605567,0,0.0010276366,held_fold
ISIC_2606194,0,0.01178721,held_fold
ISIC_2607010,0,0.0038169282,held_fold
ISIC_2608471,0,0.00014400273,held_fold
ISIC_2613405,0,0.0010745247,held_fold
ISIC_2616788,0,0.0036166608,held_fold
ISIC_2618092,0,0.0014933341,held_fold
ISIC_2620159,0,0.0045656934,held_fold
ISIC_2621121,0,0.00012702135,held_fold
ISIC_2621493,0,0.006805852,held_fold
ISIC_2623707,0,0.022909945,held_fold
ISIC_2624189,0,0.0008999415,held_fold
ISIC_2625884,0,0.0014206392,held_fold
ISIC_2626310,0,0.000120483644,held_fold
ISIC_2629998,0,0.00045198592,held_fold
ISIC_2632471,0,9.137141e-05,held_fold
ISIC_2636012,0,0.00015405209,held_fold
ISIC_2637014,0,0.00050297566,held_fold
ISIC_2641186,0,0.00010081884,held_fold
ISIC_2645314,0,0.00017670149,held_fold
ISIC_2645615,0,0.0023709114,held_fold
ISIC_2647070,0,3.2287244e-05,held_fold
ISIC_2649999,0,0.025665542,held_fold
ISIC_2652721,0,0.00018638707,held_fold
ISIC_2653098,0,5.9190024e-05,held_fold
ISIC_2653824,0,0.0016147125,held_fold
ISIC_2654412,0,0.0020234182,held_fold
ISIC_2658858,0,0.003634522,held_fold
ISIC_2659107,0,0.00016355436,held_fold
ISIC_2664973,0,0.0050741644,held_fold
ISIC_2665039,0,0.0061679427,held_fold
ISIC_2665487,0,0.000328263,held_fold
ISIC_2667784,0,3.9645394e-05,held_fold
ISIC_2667921,0,0.0003206227,held_fold
ISIC_2671038,0,4.586951e-05,held_fold
ISIC_2671727,0,0.0056645502,held_fold
ISIC_2672001,0,0.0019347259,held_fold
ISIC_2672379,0,0.00023032392,held_fold
ISIC_2672587,0,0.0014908363,held_fold
ISIC_2673586,0,0.00019607139,held_fold
ISIC_2676784,0,0.006804772,held_fold
ISIC_2680842,0,0.0018299128,held_fold
ISIC_2682861,0,0.00021915685,held_fold
ISIC_2683125,0,2.5183597e-05,held_fold
ISIC_2684374,0,6.948028e-05,held_fold
ISIC_2690733,0,0.0005256474,held_fold
ISIC_2691211,0,0.0017856582,held_fold
ISIC_2700320,1,0.005249927,held_fold
ISIC_2700731,0,0.0032598488,held_fold
ISIC_2703447,0,0.0010099082,held_fold
ISIC_2704072,0,0.0041814893,held_fold
ISIC_2705052,0,0.0026751806,held_fold
ISIC_2707664,0,3.465388e-05,held_fold
ISIC_2709109,0,0.00024083637,held_fold
ISIC_2709809,0,0.00021876977,held_fold
ISIC_2710887,0,0.040221915,held_fold
ISIC_2711946,0,0.0016279147,held_fold
ISIC_2716284,0,0.0014377431,held_fold
ISIC_2716925,0,0.00022130451,held_fold
ISIC_2717587,0,0.000321144,held_fold
ISIC_2718135,0,6.299364e-05,held_fold
ISIC_2718199,0,6.3078514e-05,held_fold
ISIC_2719558,0,0.00022627511,held_fold
ISIC_2720231,0,6.641868e-05,held_fold
ISIC_2721543,0,0.01458175,held_fold
ISIC_2722070,0,0.00016044466,held_fold
ISIC_2729893,0,0.00045483958,held_fold
ISIC_2731386,0,0.000109497414,held_fold
ISIC_2732573,0,0.00023270903,held_fold
ISIC_2732720,0,0.00083033775,held_fold
ISIC_2733043,0,0.0010017204,held_fold
ISIC_2734817,0,0.07432101,held_fold
ISIC_2735051,0,0.00064430584,held_fold
ISIC_2735720,0,6.30339e-05,held_fold
ISIC_2735846,0,0.011629436,held_fold
ISIC_2736793,0,0.00091266807,held_fold
ISIC_2738454,0,0.036850344,held_fold
ISIC_2740815,0,9.0198126e-05,held_fold
ISIC_2741984,0,0.0013538335,held_fold
ISIC_2742870,0,0.00011057921,held_fold
ISIC_2746191,0,0.0015265043,held_fold
ISIC_2746282,0,0.00016222792,held_fold
ISIC_2746974,0,0.00018030767,held_fold
ISIC_2747749,0,0.00059157755,held_fold
ISIC_2748148,0,2.526124e-05,held_fold
ISIC_2748736,0,0.00024437933,held_fold
ISIC_2751781,0,0.000593526,held_fold
ISIC_2751896,0,0.0014619192,held_fold
ISIC_2752297,0,0.0004733376,held_fold
ISIC_2753908,0,0.0008052672,held_fold
ISIC_2754170,0,0.0064681186,held_fold
ISIC_2754186,0,0.0004539934,held_fold
ISIC_2754616,0,0.00036974752,held_fold
ISIC_2755502,0,0.0011527797,held_fold
ISIC_2757414,0,9.913297e-05,held_fold
ISIC_2757957,0,0.0004331886,held_fold
ISIC_2763060,0,0.00017008586,held_fold
ISIC_2769292,0,0.00014281932,held_fold
ISIC_2772581,0,0.00051134784,held_fold
ISIC_2773044,0,0.00045749886,held_fold
ISIC_2773261,0,0.009810067,held_fold
ISIC_2773596,0,6.006999e-05,held_fold
ISIC_2775157,0,0.0033101833,held_fold
ISIC_2775638,0,0.003467684,held_fold
ISIC_2776906,1,0.10382458,held_fold
ISIC_2776986,0,0.015583552,held_fold
ISIC_2777137,0,0.0002438617,held_fold
ISIC_2786246,0,0.0035196603,held_fold
ISIC_2790561,0,0.009987977,held_fold
ISIC_2793903,0,0.00027782188,held_fold
ISIC_2793989,0,0.0017900169,held_fold
ISIC_2795397,0,0.0056416783,held_fold
ISIC_2797898,0,5.9626305e-05,held_fold
ISIC_2799701,0,6.4065316e-05,held_fold
ISIC_2800198,0,0.009934969,held_fold
ISIC_2803212,0,0.00019537752,held_fold
ISIC_2803733,0,0.00014771784,held_fold
ISIC_2805634,0,6.0675586e-05,held_fold
ISIC_2808187,0,0.0005759793,held_fold
ISIC_2810793,0,0.0072151483,held_fold
ISIC_2811847,0,0.00011806604,held_fold
ISIC_2814675,0,1.7678412e-05,held_fold
ISIC_2817348,0,0.00024667813,held_fold
ISIC_2818530,0,0.00067928334,held_fold
ISIC_2819721,0,5.937444e-05,held_fold
ISIC_2820050,0,0.00021563708,held_fold
ISIC_2821172,0,0.00010370448,held_fold
ISIC_2822622,0,0.00071434723,held_fold
ISIC_2823287,1,0.17030716,held_fold
ISIC_2824679,0,0.00011202795,held_fold
ISIC_2829088,0,0.0030428912,held_fold
ISIC_2832507,0,0.0268176,held_fold
ISIC_2834175,0,0.00021980808,held_fold
ISIC_2836038,0,0.0002348927,held_fold
ISIC_2837876,0,0.005953086,held_fold
ISIC_2838960,0,0.0030886184,held_fold
ISIC_2839053,0,0.0038461813,held_fold
ISIC_2840136,0,0.011226984,held_fold
ISIC_2840727,0,0.0006853375,held_fold
ISIC_2841630,0,9.855894e-05,held_fold
ISIC_2844085,0,0.0011827417,held_fold
ISIC_2845237,0,0.0026086844,held_fold
ISIC_2845758,0,0.000180511,held_fold
ISIC_2847358,0,9.781209e-05,held_fold
ISIC_2849717,0,0.00020639117,held_fold
ISIC_2850155,0,0.0002263312,held_fold
ISIC_2852497,0,0.005425955,held_fold
ISIC_2853981,0,0.0011000617,held_fold
ISIC_2855191,0,0.00079506676,held_fold
ISIC_2858035,0,0.0007189777,held_fold
ISIC_2858419,0,0.00029661783,held_fold
ISIC_2859012,0,0.00031028877,held_fold
ISIC_2860230,0,0.0022195387,held_fold
ISIC_2867740,0,6.7549074e-05,held_fold
ISIC_2871437,0,0.0081497785,held_fold
ISIC_2872201,0,0.00010734864,held_fold
ISIC_2875622,0,9.6569875e-06,held_fold
ISIC_2879257,0,8.306608e-05,held_fold
ISIC_2879512,0,7.7178775e-05,held_fold
ISIC_2887690,0,0.00013663669,held_fold
ISIC_2889208,0,0.002823085,held_fold
ISIC_2889670,0,0.00017766228,held_fold
ISIC_2889981,0,0.0011962281,held_fold
ISIC_2894223,0,0.00015400098,held_fold
ISIC_2896341,0,5.052889e-05,held_fold
ISIC_2898780,0,0.00020213657,held_fold
ISIC_2898886,0,0.009161014,held_fold
ISIC_2899829,0,9.283105e-05,held_fold
ISIC_2901944,0,0.0030433352,held_fold
ISIC_2912335,0,0.09024833,held_fold
ISIC_2914304,0,0.00024052453,held_fold
ISIC_2914353,0,0.0016154927,held_fold
ISIC_2915930,0,0.0061274488,held_fold
ISIC_2917372,0,0.00024693555,held_fold
ISIC_2921679,0,0.001534655,held_fold
ISIC_2922270,0,0.0007166222,held_fold
ISIC_2922381,0,0.005259867,held_fold
ISIC_2924281,0,0.007887547,held_fold
ISIC_2924418,0,0.0007776179,held_fold
ISIC_2924748,0,0.00228649,held_fold
ISIC_2924968,0,0.0012735382,held_fold
ISIC_2927587,0,9.8175304e-05,held_fold
ISIC_2928278,0,0.000109424764,held_fold
ISIC_2932418,0,4.128883e-05,held_fold
ISIC_2935987,0,0.00013575282,held_fold
ISIC_2938284,0,0.0009424225,held_fold
ISIC_2939330,0,0.00040990632,held_fold
ISIC_2939734,0,0.00026342587,held_fold
ISIC_2942057,0,0.004318502,held_fold
ISIC_2945310,0,9.302725e-05,held_fold
ISIC_2946999,0,0.0007993928,held_fold
ISIC_2947038,0,0.0014745095,held_fold
ISIC_2949980,0,0.0003275796,held_fold
ISIC_2951741,0,0.0005862204,held_fold
ISIC_2952684,0,2.5755235e-05,held_fold
ISIC_2954294,0,0.00027581793,held_fold
ISIC_2955499,0,0.006825222,held_fold
ISIC_2955610,0,0.007225916,held_fold
ISIC_2958240,0,0.00041464128,held_fold
ISIC_2961666,0,0.002782765,held_fold
ISIC_2962753,0,8.100208e-05,held_fold
ISIC_2963478,0,0.0043376572,held_fold
ISIC_2964397,0,9.997978e-05,held_fold
ISIC_2968272,0,0.00012798891,held_fold
ISIC_2969055,0,0.00027762118,held_fold
ISIC_2969301,0,0.00054137316,held_fold
ISIC_2969373,0,0.008116578,held_fold
ISIC_2970632,0,0.18955138,held_fold
ISIC_2974884,0,0.00010811212,held_fold
ISIC_2977336,0,0.0005811119,held_fold
ISIC_2979268,1,0.00014772249,held_fold
ISIC_2980633,0,0.0016642682,held_fold
ISIC_2982357,0,4.750994e-05,held_fold
ISIC_2982883,0,0.0024621203,held_fold
ISIC_2984214,0,0.0024617373,held_fold
ISIC_2984437,0,0.0011242138,held_fold
ISIC_2984737,0,0.01904264,held_fold
ISIC_2985322,0,0.0019473021,held_fold
ISIC_2985753,0,0.00078052626,held_fold
ISIC_2985966,0,7.989875e-05,held_fold
ISIC_2986014,0,0.00022499998,held_fold
ISIC_2989425,0,6.435894e-05,held_fold
ISIC_2990228,0,0.0010876397,held_fold
ISIC_2996391,0,0.0048248745,held_fold
ISIC_2996668,0,0.002957378,held_fold
ISIC_2998411,0,3.0316602e-05,held_fold
ISIC_2999582,0,0.00060580194,held_fold
ISIC_3003273,0,8.395199e-05,held_fold
ISIC_3003513,0,0.00020022508,held_fold
ISIC_3007232,0,0.0010192775,held_fold
ISIC_3008419,0,0.004018077,held_fold
ISIC_3009930,0,0.0001728995,held_fold
ISIC_3010487,0,0.0007452857,held_fold
ISIC_3016696,0,0.00012119908,held_fold
ISIC_3016754,0,0.03469479,held_fold
ISIC_3017950,0,3.204204e-05,held_fold
ISIC_3021188,0,0.001217862,held_fold
ISIC_3023901,0,0.0003712316,held_fold
ISIC_3024600,0,9.63294e-05,held_fold
ISIC_3033120,0,1.891279e-05,held_fold
ISIC_3038950,0,0.0004755256,held_fold
ISIC_3042091,0,0.0001552631,held_fold
ISIC_3042182,0,0.00061909325,held_fold
ISIC_3042558,0,0.0009426461,held_fold
ISIC_3043105,0,0.0038444828,held_fold
ISIC_3046710,0,0.0010022909,held_fold
ISIC_3052675,0,0.00018758769,held_fold
ISIC_3054523,0,0.00034107076,held_fold
ISIC_3058625,0,5.9635688e-05,held_fold
ISIC_3060248,0,0.0010309215,held_fold
ISIC_3062820,0,0.00042744353,held_fold
ISIC_3063260,0,0.0011519815,held_fold
ISIC_3063649,0,9.6024276e-05,held_fold
ISIC_3063923,0,0.033269424,held_fold
ISIC_3065254,0,0.00015599113,held_fold
ISIC_3067522,0,0.00029843723,held_fold
ISIC_3070142,0,0.00034082404,held_fold
ISIC_3072143,0,0.00016321208,held_fold
ISIC_3072382,0,0.00085599726,held_fold
ISIC_3077866,0,0.033174507,held_fold
ISIC_3078678,0,4.1325067e-05,held_fold
ISIC_3079729,0,8.7164466e-05,held_fold
ISIC_3080307,0,0.0016363645,held_fold
ISIC_3082841,0,0.017996363,held_fold
ISIC_3084791,0,0.010296671,held_fold
ISIC_3088518,0,0.1631142,held_fold
ISIC_3089388,0,4.6717932e-06,held_fold
ISIC_3090417,0,9.868798e-05,held_fold
ISIC_3090572,0,0.00012250333,held_fold
ISIC_3090792,0,0.0010825683,held_fold
ISIC_3091420,0,0.0064388714,held_fold
ISIC_3092441,0,0.0024187453,held_fold
ISIC_3093025,0,0.008262809,held_fold
ISIC_3093069,0,0.00012130429,held_fold
ISIC_3093810,0,0.00020471078,held_fold
ISIC_3096269,0,0.00036079445,held_fold
ISIC_3097899,0,0.004655154,held_fold
ISIC_3097976,0,0.0331434,held_fold
ISIC_3098299,0,0.0009149196,held_fold
ISIC_3098342,0,0.0001224934,held_fold
ISIC_3102011,0,0.00010530046,held_fold
ISIC_3105314,0,0.017447643,held_fold
ISIC_3110425,0,2.0097124e-05,held_fold
ISIC_3110946,0,0.0032749057,held_fold
ISIC_3111635,0,0.0004280658,held_fold
ISIC_3114066,0,0.003321343,held_fold
ISIC_3115568,0,0.000534636,held_fold
ISIC_3117977,0,8.969977e-05,held_fold
ISIC_3123718,0,0.00014055715,held_fold
ISIC_3123835,0,5.5118173e-05,held_fold
ISIC_3125078,0,9.354604e-05,held_fold
ISIC_3125318,0,3.289033e-05,held_fold
ISIC_3126161,0,0.0026151463,held_fold
ISIC_3126619,0,0.0011726901,held_fold
ISIC_3127347,0,0.000233941,held_fold
ISIC_3131821,0,7.087496e-05,held_fold
ISIC_3133127,0,9.745336e-05,held_fold
ISIC_3134556,0,0.00012039462,held_fold
ISIC_3135594,0,0.00026423633,held_fold
ISIC_3136263,0,5.965799e-05,held_fold
ISIC_3136818,0,0.0019572228,held_fold
ISIC_3137003,0,0.0033381777,held_fold
ISIC_3143604,0,4.4870743e-05,held_fold
ISIC_3145458,0,0.006794542,held_fold
ISIC_3146074,0,0.00016007485,held_fold
ISIC_3147179,0,0.003691234,held_fold
ISIC_3149717,0,0.0038262445,held_fold
ISIC_3152572,0,5.5941917e-05,held_fold
ISIC_3154716,0,0.005382249,held_fold
ISIC_3157046,0,0.0005783624,held_fold
ISIC_3157385,0,0.0027167469,held_fold
ISIC_3157921,0,0.00019820008,held_fold
ISIC_3160147,0,0.0024900804,held_fold
ISIC_3160224,0,0.0001843882,held_fold
ISIC_3161358,0,0.016482702,held_fold
ISIC_3161477,0,0.0022244786,held_fold
ISIC_3163216,0,0.00040185955,held_fold
ISIC_3165198,0,0.0012534962,held_fold
ISIC_3166276,0,0.0017698178,held_fold
ISIC_3172196,0,0.00085245166,held_fold
ISIC_3172815,0,0.2286407,held_fold
ISIC_3173007,0,0.00011042485,held_fold
ISIC_3175723,0,0.00015813239,held_fold
ISIC_3176296,0,0.00041838188,held_fold
ISIC_3176566,0,0.00030388607,held_fold
ISIC_3180108,0,0.00057789317,held_fold
ISIC_3180138,0,0.0001815671,held_fold
ISIC_3181358,0,0.00034535737,held_fold
ISIC_3182075,0,0.00093027577,held_fold
ISIC_3183653,0,0.016316362,held_fold
ISIC_3185524,0,0.005052387,held_fold
ISIC_3186625,0,0.01026276,held_fold
ISIC_3187746,0,5.5254743e-05,held_fold
ISIC_3188758,0,0.00012011964,held_fold
ISIC_3189075,0,3.0020445e-05,held_fold
ISIC_3190790,0,0.0003892755,held_fold
ISIC_3191602,0,0.00016043655,held_fold
ISIC_3191646,0,0.001616666,held_fold
ISIC_3196630,0,0.018973209,held_fold
ISIC_3199821,0,0.0027683473,held_fold
ISIC_3202724,0,0.00034349068,held_fold
ISIC_3203303,0,0.003051651,held_fold
ISIC_3204621,0,0.017918697,held_fold
ISIC_3206207,0,0.0015202565,held_fold
ISIC_3209363,0,5.7544155e-05,held_fold
ISIC_3209456,0,6.749917e-05,held_fold
ISIC_3211631,0,0.00019882413,held_fold
ISIC_3211915,0,2.0595808e-05,held_fold
ISIC_3212050,0,0.0031634474,held_fold
ISIC_3215397,0,0.0010811517,held_fold
ISIC_3217658,0,0.010239807,held_fold
ISIC_3218245,0,0.004672444,held_fold
ISIC_3220970,0,0.0001426258,held_fold
ISIC_3223762,0,0.00032634274,held_fold
ISIC_3224181,0,0.00015145671,held_fold
ISIC_3224643,0,0.0005877516,held_fold
ISIC_3224794,0,4.0627532e-05,held_fold
ISIC_3225754,0,0.00048513408,held_fold
ISIC_3226667,0,0.0070277196,held_fold
ISIC_3228015,0,0.009223621,held_fold
ISIC_3229171,0,3.6692163e-05,held_fold
ISIC_3229755,0,0.0018988177,held_fold
ISIC_3230630,0,8.243669e-05,held_fold
ISIC_3232329,0,0.0027411284,held_fold
ISIC_3235868,0,0.00023712807,held_fold
ISIC_3236964,0,0.00017575982,held_fold
ISIC_3242282,0,0.00025028625,held_fold
ISIC_3244067,1,0.012491935,held_fold
ISIC_3246752,0,0.0001280011,held_fold
ISIC_3250584,0,0.018229946,held_fold
ISIC_3251421,0,5.589725e-06,held_fold
ISIC_3251951,0,0.00023497111,held_fold
ISIC_3252522,0,0.07242573,held_fold
ISIC_3253484,1,0.17932543,held_fold
ISIC_3256966,0,0.004247532,held_fold
ISIC_3258598,0,0.0009445808,held_fold
ISIC_3259494,0,0.0018897778,held_fold
ISIC_3260068,0,0.00011426198,held_fold
ISIC_3260211,0,0.0009561467,held_fold
ISIC_3260549,0,0.00017617155,held_fold
ISIC_3260571,0,6.7948786e-05,held_fold
ISIC_3260649,0,0.0020167734,held_fold
ISIC_3262153,0,0.079052046,held_fold
ISIC_3264124,0,0.0014078807,held_fold
ISIC_3266797,0,0.0013722517,held_fold
ISIC_3267259,0,0.00027898714,held_fold
ISIC_3269018,0,0.0050227037,held_fold
ISIC_3270588,0,0.0102837235,held_fold
ISIC_3272470,0,0.00020631425,held_fold
ISIC_3273115,0,0.042510632,held_fold
ISIC_3277722,0,0.0017335996,held_fold
ISIC_3279911,0,9.325257e-05,held_fold
ISIC_3287807,0,7.026432e-05,held_fold
ISIC_3288342,0,0.0001335538,held_fold
ISIC_3292915,0,0.00041157354,held_fold
ISIC_3296079,0,0.00013037598,held_fold
ISIC_3298596,0,0.00017240857,held_fold
ISIC_3299433,0,0.00027023972,held_fold
ISIC_3300710,0,0.011773076,held_fold
ISIC_3301164,0,0.0077265506,held_fold
ISIC_3302126,0,0.00012732779,held_fold
ISIC_3305468,0,0.0020090598,held_fold
ISIC_3308635,0,0.00017818157,held_fold
ISIC_3310625,0,7.9997095e-05,held_fold
ISIC_3310739,0,0.00016844785,held_fold
ISIC_3314853,0,0.00016766154,held_fold
ISIC_3315713,0,0.0014185827,held_fold
ISIC_3316641,0,0.014762803,held_fold
ISIC_3316688,0,0.0010634545,held_fold
ISIC_3318860,0,0.0032074158,held_fold
ISIC_3324479,0,0.00014935456,held_fold
ISIC_3326704,0,0.0043591587,held_fold
ISIC_3331533,0,0.002613847,held_fold
ISIC_3332207,0,0.039573327,held_fold
ISIC_3332756,0,0.0018193403,held_fold
ISIC_3341471,0,0.0016002024,held_fold
ISIC_3341710,1,0.34174544,held_fold
ISIC_3341994,0,0.03541033,held_fold
ISIC_3342067,0,0.004132239,held_fold
ISIC_3342276,0,0.0021795055,held_fold
ISIC_3345230,0,0.00023488757,held_fold
ISIC_3348086,0,0.0016812433,held_fold
ISIC_3348306,0,0.00026470431,held_fold
ISIC_3349107,0,9.481792e-05,held_fold
ISIC_3350052,0,0.0019360101,held_fold
ISIC_3351880,0,0.00021618654,held_fold
ISIC_3354831,0,0.00058043655,held_fold
ISIC_3358896,0,0.000108235494,held_fold
ISIC_3361126,0,0.0014674461,held_fold
ISIC_3361690,0,3.1242616e-05,held_fold
ISIC_3365320,0,0.0024074912,held_fold
ISIC_3365692,0,0.00014982097,held_fold
ISIC_3370255,0,0.00015697113,held_fold
ISIC_3375921,0,0.0011953488,held_fold
ISIC_3377082,0,0.0001613689,held_fold
ISIC_3377282,0,0.00038816358,held_fold
ISIC_3378194,0,1.5937167e-05,held_fold
ISIC_3380212,0,0.015069081,held_fold
ISIC_3382231,0,0.0047157793,held_fold
ISIC_3383330,0,0.004293776,held_fold
ISIC_3389740,0,0.00016525647,held_fold
ISIC_3395488,0,0.0013884578,held_fold
ISIC_3397583,0,0.007581355,held_fold
ISIC_3397764,0,0.0053540803,held_fold
ISIC_3399603,0,0.0015474042,held_fold
ISIC_3403144,0,0.00025332032,held_fold
ISIC_3406319,0,6.212711e-05,held_fold
ISIC_3407960,0,0.0036004882,held_fold
ISIC_3408080,0,0.004389841,held_fold
ISIC_3408231,1,0.0020717897,held_fold
ISIC_3408383,0,0.00010356336,held_fold
ISIC_3410530,0,0.001954703,held_fold
ISIC_3413657,0,0.0008623037,held_fold
ISIC_3415967,0,2.3293263e-05,held_fold
ISIC_3416107,1,0.088845626,held_fold
ISIC_3416130,0,0.00011794709,held_fold
ISIC_3420287,0,0.0003395446,held_fold
ISIC_3420831,0,0.007682483,held_fold
ISIC_3424154,0,0.0010135802,held_fold
ISIC_3424207,0,0.006240091,held_fold
ISIC_3424634,0,4.558811e-05,held_fold
ISIC_3425388,0,0.00038496143,held_fold
ISIC_3425896,0,0.00054899626,held_fold
ISIC_3426857,0,0.0015889481,held_fold
ISIC_3428559,0,0.0023616867,held_fold
ISIC_3428894,0,0.00018936319,held_fold
ISIC_3429014,0,9.840868e-05,held_fold
ISIC_3429552,0,0.02219027,held_fold
ISIC_3429860,0,0.0022346207,held_fold
ISIC_3431064,0,0.0011684046,held_fold
ISIC_3432318,0,0.002051416,held_fold
ISIC_3434670,0,0.000277855,held_fold
ISIC_3435747,0,4.430768e-05,held_fold
ISIC_3440002,0,3.604562e-05,held_fold
ISIC_3441196,0,0.0001599467,held_fold
ISIC_3441698,0,0.0007205581,held_fold
ISIC_3443898,0,5.2576608e-05,held_fold
ISIC_3444221,0,0.00041380338,held_fold
ISIC_3446591,0,0.0003060493,held_fold
ISIC_3448409,0,0.0013970461,held_fold
ISIC_3449079,0,4.1701558e-05,held_fold
ISIC_3453060,0,0.00022346302,held_fold
ISIC_3456094,0,0.0033962654,held_fold
ISIC_3464226,0,0.001831497,held_fold
ISIC_3469260,0,0.001893424,held_fold
ISIC_3469442,0,0.00013157731,held_fold
ISIC_3470824,0,0.015045194,held_fold
ISIC_3474609,0,4.654998e-05,held_fold
ISIC_3479948,0,0.00045683078,held_fold
ISIC_3481509,0,0.0016173751,held_fold
ISIC_3484722,0,0.0004195121,held_fold
ISIC_3485300,0,0.00016117822,held_fold
ISIC_3485482,0,0.0010885928,held_fold
ISIC_3485557,0,0.0004411524,held_fold
ISIC_3488556,0,2.6104217e-05,held_fold
ISIC_3489630,0,0.0024175567,held_fold
ISIC_3492490,0,0.01277203,held_fold
ISIC_3493050,0,0.00013606099,held_fold
ISIC_3496369,0,0.0020370472,held_fold
ISIC_3497346,0,0.00088447065,held_fold
ISIC_3498983,0,0.001993478,held_fold
ISIC_3499071,0,0.007222428,held_fold
ISIC_3501271,0,0.00010201852,held_fold
ISIC_3502577,0,0.00011495738,held_fold
ISIC_3507444,0,0.026475511,held_fold
ISIC_3507446,0,0.00042509483,held_fold
ISIC_3508192,0,0.00037768023,held_fold
ISIC_3509250,0,0.000106908556,held_fold
ISIC_3509838,0,0.0027720672,held_fold
ISIC_3510941,0,0.010669057,held_fold
ISIC_3513367,0,0.004207519,held_fold
ISIC_3520591,0,0.0034704464,held_fold
ISIC_3521736,0,0.00029988127,held_fold
ISIC_3521744,0,0.028895998,held_fold
ISIC_3522342,0,0.00012594576,held_fold
ISIC_3523476,0,0.00012301873,held_fold
ISIC_3524546,0,0.0002560086,held_fold
ISIC_3526017,0,0.0003373319,held_fold
ISIC_3526122,0,0.0015248669,held_fold
ISIC_3529572,0,0.4477341,held_fold
ISIC_3529778,0,0.00039498418,held_fold
ISIC_3529922,0,0.0015469277,held_fold
ISIC_3530337,0,0.0019344792,held_fold
ISIC_3534633,0,0.005752076,held_fold
ISIC_3535007,0,0.0020091494,held_fold
ISIC_3536858,0,3.478642e-05,held_fold
ISIC_3537768,0,0.00011001318,held_fold
ISIC_3543244,0,0.00034064346,held_fold
ISIC_3548927,0,0.1086576,held_fold
ISIC_3549384,0,8.3614286e-05,held_fold
ISIC_3549984,0,0.0025184387,held_fold
ISIC_3550939,0,0.00035811405,held_fold
ISIC_3552245,0,0.017037913,held_fold
ISIC_3556190,0,0.08391556,held_fold
ISIC_3556200,0,1.1313003e-05,held_fold
ISIC_3556980,0,0.0003296498,held_fold
ISIC_3558634,0,0.0002654519,held_fold
ISIC_3559222,0,0.00033660876,held_fold
ISIC_3560466,0,0.0043234173,held_fold
ISIC_3561065,1,0.06722105,held_fold
ISIC_3561857,0,0.0002520228,held_fold
ISIC_3563234,0,0.00025214802,held_fold
ISIC_3564263,0,0.0021182308,held_fold
ISIC_3564897,0,0.0010436474,held_fold
ISIC_3567352,0,0.00177032,held_fold
ISIC_3569794,0,0.00016658795,held_fold
ISIC_3571523,0,2.9476027e-05,held_fold
ISIC_3575777,0,0.008856286,held_fold
ISIC_3578186,0,0.0015426618,held_fold
ISIC_3579477,0,0.00018052614,held_fold
ISIC_3579853,0,3.4280652e-05,held_fold
ISIC_3586480,0,6.384454e-05,held_fold
ISIC_3586824,0,2.9563716e-05,held_fold
ISIC_3590167,1,0.00074121833,held_fold
ISIC_3592731,0,0.0010616023,held_fold
ISIC_3593240,0,0.00019432523,held_fold
ISIC_3593382,0,0.0005936824,held_fold
ISIC_3593988,0,0.00021674669,held_fold
ISIC_3594764,0,0.00039372777,held_fold
ISIC_3594774,0,0.0022737547,held_fold
ISIC_3595825,0,0.0012778649,held_fold
ISIC_3595918,0,6.62009e-05,held_fold
ISIC_3596219,0,0.0005637801,held_fold
ISIC_3597277,0,2.8645529e-05,held_fold
ISIC_3597812,0,0.00026543494,held_fold
ISIC_3597870,0,0.027168585,held_fold
ISIC_3598604,0,5.3420834e-05,held_fold
ISIC_3599489,0,0.00229311,held_fold
ISIC_3599724,0,0.0017375437,held_fold
ISIC_3601052,0,6.3631196e-05,held_fold
ISIC_3601493,0,0.00034946357,held_fold
ISIC_3603228,0,0.00044160848,held_fold
ISIC_3603704,0,0.00011065411,held_fold
ISIC_3604100,0,5.038728e-05,held_fold
ISIC_3604975,0,9.467651e-06,held_fold
ISIC_3608670,0,0.010269252,held_fold
ISIC_3609265,0,0.0009378479,held_fold
ISIC_3609379,0,0.0033228053,held_fold
ISIC_3613012,0,0.00018775534,held_fold
ISIC_3621887,0,0.004876482,held_fold
ISIC_3622949,0,0.052593015,held_fold
ISIC_3623868,0,0.043553818,held_fold
ISIC_3624069,0,3.222628e-05,held_fold
ISIC_3627732,0,0.00027961397,held_fold
ISIC_3628451,0,0.020678766,held_fold
ISIC_3628831,0,0.0028598104,held_fold
ISIC_3631165,0,0.00017463806,held_fold
ISIC_3633227,0,9.416053e-05,held_fold
ISIC_3633306,0,0.00092824997,held_fold
ISIC_3633436,0,0.00014227751,held_fold
ISIC_3633707,0,0.0027622944,held_fold
ISIC_3635014,0,0.00039289801,held_fold
ISIC_3635280,0,0.0001991554,held_fold
ISIC_3642011,0,0.0016972334,held_fold
ISIC_3646670,0,0.00017669375,held_fold
ISIC_3649632,0,9.4489194e-05,held_fold
ISIC_3650533,0,0.0012509533,held_fold
ISIC_3651451,0,6.904173e-05,held_fold
ISIC_3652884,0,8.993608e-05,held_fold
ISIC_3653733,0,0.0028182233,held_fold
ISIC_3657135,0,0.0008823431,held_fold
ISIC_3657386,0,0.00010201025,held_fold
ISIC_3658449,0,1.6711729e-05,held_fold
ISIC_3659906,0,0.00033197415,held_fold
ISIC_3662678,0,0.00012339986,held_fold
ISIC_3665298,0,8.093537e-05,held_fold
ISIC_3669736,0,0.00092240557,held_fold
ISIC_3670261,0,0.0009925243,held_fold
ISIC_3671169,0,7.346877e-05,held_fold
ISIC_3671274,0,0.0028475174,held_fold
ISIC_3673517,0,0.014680468,held_fold
ISIC_3678586,0,0.00013730946,held_fold
ISIC_3678595,0,0.009470353,held_fold
ISIC_3682700,0,0.00012441087,held_fold
ISIC_3686179,0,0.0016399034,held_fold
ISIC_3686815,0,0.00022022765,held_fold
ISIC_3687263,0,5.438149e-05,held_fold
ISIC_3688362,0,0.0001412087,held_fold
ISIC_3688410,0,0.0025314966,held_fold
ISIC_3691714,0,0.0048764218,held_fold
ISIC_3692092,0,0.0069141667,held_fold
ISIC_3692753,0,0.00011229469,held_fold
ISIC_3692776,0,0.09238591,held_fold
ISIC_3692952,0,0.0009218539,held_fold
ISIC_3693018,0,0.0033953662,held_fold
ISIC_3693367,0,0.0013095002,held_fold
ISIC_3693934,0,8.212167e-05,held_fold
ISIC_3694619,0,0.0042464333,held_fold
ISIC_3695635,0,8.7154156e-05,held_fold
ISIC_3700360,0,0.061211348,held_fold
ISIC_3700928,0,0.004557016,held_fold
ISIC_3701887,0,0.00029837465,held_fold
ISIC_3702454,0,2.706236e-05,held_fold
ISIC_3702724,0,0.0105191795,held_fold
ISIC_3706973,0,0.0009966495,held_fold
ISIC_3709724,0,0.0039618732,held_fold
ISIC_3716384,0,0.0006946566,held_fold
ISIC_3716504,0,0.0010135073,held_fold
ISIC_3717769,0,0.023590012,held_fold
ISIC_3720117,0,0.00021338137,held_fold
ISIC_3721600,0,0.00012747587,held_fold
ISIC_3723065,0,0.0033854411,held_fold
ISIC_3724089,0,0.0003034203,held_fold
ISIC_3724491,0,0.0025172075,held_fold
ISIC_3727856,0,0.0003589388,held_fold
ISIC_3729749,0,0.0002468108,held_fold
ISIC_3729849,0,0.0002922411,held_fold
ISIC_3730507,0,0.031721305,held_fold
ISIC_3734724,0,0.0030124437,held_fold
ISIC_3734966,0,0.0032477907,held_fold
ISIC_3735143,0,0.00056508736,held_fold
ISIC_3737739,0,0.00017344339,held_fold
ISIC_3738157,0,0.007206216,held_fold
ISIC_3740449,0,3.0419846e-05,held_fold
ISIC_3740798,0,0.035105545,held_fold
ISIC_3742028,0,0.00062283187,held_fold
ISIC_3742633,0,0.00014034421,held_fold
ISIC_3746471,0,0.00015902119,held_fold
ISIC_3746922,0,0.00014447283,held_fold
ISIC_3747575,0,5.643542e-05,held_fold
ISIC_3749320,0,0.0013376004,held_fold
ISIC_3753216,0,0.0026274757,held_fold
ISIC_3754247,0,0.0006889195,held_fold
ISIC_3754466,0,3.8591043e-05,held_fold
ISIC_3757400,0,0.0005440183,held_fold
ISIC_3760018,0,0.0016414719,held_fold
ISIC_3760156,0,0.21727358,held_fold
ISIC_3760796,0,0.035514373,held_fold
ISIC_3761071,0,0.00010907983,held_fold
ISIC_3762459,0,0.00024468196,held_fold
ISIC_3768097,0,0.00011057501,held_fold
ISIC_3769071,0,0.00037568045,held_fold
ISIC_3770380,0,0.0001516884,held_fold
ISIC_3772941,0,0.00013715269,held_fold
ISIC_3777026,0,0.00036560587,held_fold
ISIC_3779093,0,3.603875e-05,held_fold
ISIC_3779424,0,9.0760324e-05,held_fold
ISIC_3782451,0,0.0004234334,held_fold
ISIC_3783241,0,0.032997843,held_fold
ISIC_3783898,0,0.00038447496,held_fold
ISIC_3784838,0,0.000157687,held_fold
ISIC_3786438,0,0.00021627931,held_fold
ISIC_3789405,0,0.0007351731,held_fold
ISIC_3791435,0,5.863676e-05,held_fold
ISIC_3796594,0,0.00010801032,held_fold
ISIC_3797073,0,0.00011594885,held_fold
ISIC_3797573,0,0.029406944,held_fold
ISIC_3800435,0,0.0007416507,held_fold
ISIC_3800470,0,0.0012347567,held_fold
ISIC_3807708,0,0.00079727976,held_fold
ISIC_3808007,0,0.001432349,held_fold
ISIC_3809013,0,0.00011304352,held_fold
ISIC_3810274,0,0.0013289119,held_fold
ISIC_3814474,0,0.00736319,held_fold
ISIC_3814807,0,0.00025124307,held_fold
ISIC_3816423,0,0.009475763,held_fold
ISIC_3817719,1,0.16811092,held_fold
ISIC_3820232,0,0.0011038418,held_fold
ISIC_3820533,0,0.000828655,held_fold
ISIC_3821242,1,0.55053025,held_fold
ISIC_3824206,1,0.010087405,held_fold
ISIC_3825762,0,5.3694683e-05,held_fold
ISIC_3826602,0,7.039765e-05,held_fold
ISIC_3828561,0,0.00021279661,held_fold
ISIC_3830701,0,0.00018956987,held_fold
ISIC_3831858,0,0.0024816284,held_fold
ISIC_3832462,0,0.02475755,held_fold
ISIC_3833013,0,0.014791861,held_fold
ISIC_3834379,0,0.0027273148,held_fold
ISIC_3835100,0,0.0002025898,held_fold
ISIC_3836174,0,0.005341125,held_fold
ISIC_3844080,0,0.00021238798,held_fold
ISIC_3844151,0,5.7568148e-05,held_fold
ISIC_3844983,0,1.7731987e-05,held_fold
ISIC_3846648,0,0.0001917711,held_fold
ISIC_3846727,0,0.00060392835,held_fold
ISIC_3849316,0,0.00095224666,held_fold
ISIC_3852802,0,0.0009822152,held_fold
ISIC_3856233,0,0.00081789156,held_fold
ISIC_3856926,0,7.710411e-05,held_fold
ISIC_3858113,0,0.00021475562,held_fold
ISIC_3858798,0,0.00057544647,held_fold
ISIC_3859068,0,0.002801617,held_fold
ISIC_3863610,0,1.32171e-05,held_fold
ISIC_3864842,0,0.00015755506,held_fold
ISIC_3865993,0,0.0013623331,held_fold
ISIC_3866054,0,0.00013932234,held_fold
ISIC_3866641,0,0.0002420133,held_fold
ISIC_3866946,0,0.0005489748,held_fold
ISIC_3871230,0,6.911208e-05,held_fold
ISIC_3871414,0,0.011405955,held_fold
ISIC_3871468,0,0.18907411,held_fold
ISIC_3872019,0,0.005132309,held_fold
ISIC_3877974,0,3.3239197e-05,held_fold
ISIC_3878213,0,0.0036280802,held_fold
ISIC_3880459,0,0.00018593266,held_fold
ISIC_3881573,0,0.0006314056,held_fold
ISIC_3882374,0,0.00010822971,held_fold
ISIC_3882400,0,0.0001216952,held_fold
ISIC_3884285,0,0.00033721712,held_fold
ISIC_3884719,0,0.0024367743,held_fold
ISIC_3887465,0,0.0012460266,held_fold
ISIC_3888054,0,0.00020934205,held_fold
ISIC_3888070,0,0.00015961121,held_fold
ISIC_3888550,0,0.00092146563,held_fold
ISIC_3888713,0,0.00065812544,held_fold
ISIC_3892185,0,0.0016901924,held_fold
ISIC_3894224,0,0.016705932,held_fold
ISIC_3906303,0,0.0019043747,held_fold
ISIC_3911901,0,0.02093562,held_fold
ISIC_3913561,0,0.000108977,held_fold
ISIC_3915289,0,0.00013522015,held_fold
ISIC_3916565,0,0.00021616841,held_fold
ISIC_3919752,0,0.00010283711,held_fold
ISIC_3931132,0,0.002235131,held_fold
ISIC_3933658,0,0.00055274996,held_fold
ISIC_3942947,0,0.00173899,held_fold
ISIC_3945469,0,0.00015634212,held_fold
ISIC_3945984,0,0.002504129,held_fold
ISIC_3946914,0,0.00089198723,held_fold
ISIC_3948041,0,2.611049e-05,held_fold
ISIC_3948221,0,0.001204614,held_fold
ISIC_3948344,0,0.00016830077,held_fold
ISIC_3950408,0,7.0747283e-06,held_fold
ISIC_3950474,0,0.003636517,held_fold
ISIC_3950753,0,0.00017283652,held_fold
ISIC_3951677,0,0.07479228,held_fold
ISIC_3951907,0,0.045185484,held_fold
ISIC_3952030,0,0.0032753507,held_fold
ISIC_3952709,0,0.00016914895,held_fold
ISIC_3956335,0,0.00013272188,held_fold
ISIC_3956570,0,0.000785053,held_fold
ISIC_3957475,0,0.00039221282,held_fold
ISIC_3958111,0,9.2497125e-05,held_fold
ISIC_3959262,0,0.002598958,held_fold
ISIC_3959888,0,0.00015626953,held_fold
ISIC_3961101,0,0.00022917062,held_fold
ISIC_3963183,1,0.15413588,held_fold
ISIC_3965872,0,0.00015916029,held_fold
ISIC_3966717,0,0.002732211,held_fold
ISIC_3971712,0,7.806971e-05,held_fold
ISIC_3971920,0,0.00012686738,held_fold
ISIC_3972249,0,0.034969807,held_fold
ISIC_3972569,0,0.0001037864,held_fold
ISIC_3975133,0,0.0004097059,held_fold
ISIC_3975143,0,0.007538524,held_fold
ISIC_3975294,0,0.0010801381,held_fold
ISIC_3975427,0,4.0081308e-05,held_fold
ISIC_3975743,0,0.005192207,held_fold
ISIC_3976718,0,4.9887025e-05,held_fold
ISIC_3978040,0,5.4528868e-05,held_fold
ISIC_3978732,0,6.3669926e-05,held_fold
ISIC_3979323,0,0.0025427712,held_fold
ISIC_3981900,0,0.000112312046,held_fold
ISIC_3985273,0,7.210574e-05,held_fold
ISIC_3990092,0,9.2100185e-05,held_fold
ISIC_3990124,0,0.0018089372,held_fold
ISIC_3992201,0,0.011502259,held_fold
ISIC_3997331,0,0.0017303465,held_fold
ISIC_3998204,0,0.0030714718,held_fold
ISIC_3998579,0,0.008583533,held_fold
ISIC_4003877,0,0.00043230847,held_fold
ISIC_4015361,0,0.00012587012,held_fold
ISIC_4015764,0,8.169583e-05,held_fold
ISIC_4022642,0,0.0013424559,held_fold
ISIC_4024333,0,9.007877e-06,held_fold
ISIC_4026943,0,0.00024986255,held_fold
ISIC_4032638,0,0.0002140728,held_fold
ISIC_4039290,0,0.00011503392,held_fold
ISIC_4042947,0,0.022624807,held_fold
ISIC_4043580,0,0.00011097006,held_fold
ISIC_4045231,0,0.0032877782,held_fold
ISIC_4046045,0,0.000119679,held_fold
ISIC_4047707,0,0.08720769,held_fold
ISIC_4048449,0,0.0001642232,held_fold
ISIC_4048509,0,8.592081e-05,held_fold
ISIC_4049598,0,2.389788e-05,held_fold
ISIC_4049855,0,0.00013755281,held_fold
ISIC_4050422,0,0.00036414544,held_fold
ISIC_4052597,0,0.002977312,held_fold
ISIC_4052659,0,0.00042787162,held_fold
ISIC_4053220,0,0.00013234135,held_fold
ISIC_4056017,0,0.00043607704,held_fold
ISIC_4056158,0,7.97424e-05,held_fold
ISIC_4057501,0,5.7303103e-05,held_fold
ISIC_4057921,0,0.0072670733,held_fold
ISIC_4063097,0,0.00021967631,held_fold
ISIC_4063390,0,0.0010838406,held_fold
ISIC_4064041,0,3.9482744e-05,held_fold
ISIC_4065034,0,0.0007782755,held_fold
ISIC_4065779,0,0.00030277905,held_fold
ISIC_4066013,0,0.00023048936,held_fold
ISIC_4066094,0,0.0013881887,held_fold
ISIC_4066314,0,0.0019296134,held_fold
ISIC_4071099,0,0.00036266146,held_fold
ISIC_4072073,0,0.00010752342,held_fold
ISIC_4074537,0,0.00042295476,held_fold
ISIC_4076162,0,0.00017494522,held_fold
ISIC_4077664,0,5.771078e-05,held_fold
ISIC_4082318,0,0.0018843237,held_fold
ISIC_4082515,0,0.0015305418,held_fold
ISIC_4084359,0,0.00026544835,held_fold
ISIC_4084878,0,0.00010563426,held_fold
ISIC_4086323,0,0.0011878025,held_fold
ISIC_4086529,0,0.0011230246,held_fold
ISIC_4090161,0,0.00042605918,held_fold
ISIC_4090811,0,0.00019374503,held_fold
ISIC_4092249,0,0.0016331683,held_fold
ISIC_4092478,0,7.019494e-05,held_fold
ISIC_4093484,0,0.00020907118,held_fold
ISIC_4094763,0,0.00014622996,held_fold
ISIC_4095559,0,0.0014154345,held_fold
ISIC_4098925,0,0.00016359193,held_fold
ISIC_4099428,0,0.0024549214,held_fold
ISIC_4100970,0,0.0002086902,held_fold
ISIC_4102250,0,5.211497e-05,held_fold
ISIC_4103653,0,9.412983e-05,held_fold
ISIC_4104378,0,0.0029508518,held_fold
ISIC_4109725,0,0.0067827133,held_fold
ISIC_4110997,0,0.00022683392,held_fold
ISIC_4112392,0,5.0701936e-05,held_fold
ISIC_4112409,0,0.00021006027,held_fold
ISIC_4113246,0,0.0037316636,held_fold
ISIC_4116553,0,0.007929719,held_fold
ISIC_4118525,0,0.0075682714,held_fold
ISIC_4120704,0,0.007164484,held_fold
ISIC_4123007,0,0.000119359196,held_fold
ISIC_4124060,0,0.0005564659,held_fold
ISIC_4127016,0,0.00015206607,held_fold
ISIC_4127065,0,8.243362e-05,held_fold
ISIC_4129321,0,0.0016633018,held_fold
ISIC_4129443,0,0.0060898885,held_fold
ISIC_4129493,0,0.0002601336,held_fold
ISIC_4135058,0,0.00021857483,held_fold
ISIC_4136663,0,0.0001868971,held_fold
ISIC_4137198,0,0.03481092,held_fold
ISIC_4140008,0,0.00040289445,held_fold
ISIC_4141898,0,0.00026923363,held_fold
ISIC_4142019,0,5.315323e-05,held_fold
ISIC_4143831,0,0.010217641,held_fold
ISIC_4145671,0,0.0022589099,held_fold
ISIC_4147166,0,0.0020626471,held_fold
ISIC_4147328,0,0.00012704654,held_fold
ISIC_4150885,0,0.0002124917,held_fold
ISIC_4152689,0,0.00015926581,held_fold
ISIC_4155471,0,0.00028027777,held_fold
ISIC_4156010,0,5.4799366e-05,held_fold
ISIC_4157955,0,0.000660507,held_fold
ISIC_4158555,0,0.00037128312,held_fold
ISIC_4159272,0,0.00063519966,held_fold
ISIC_4160773,0,0.0015293777,held_fold
ISIC_4163930,0,0.00015069165,held_fold
ISIC_4164955,0,0.033858325,held_fold
ISIC_4166364,0,7.776395e-05,held_fold
ISIC_4167053,0,0.0010930466,held_fold
ISIC_4170698,1,0.0014826815,held_fold
ISIC_4172470,0,0.00019550891,held_fold
ISIC_4174479,0,0.0007082822,held_fold
ISIC_4174614,0,0.00076041557,held_fold
ISIC_4174983,0,0.0033885124,held_fold
ISIC_4181595,0,0.00050968555,held_fold
ISIC_4181628,0,0.0034510235,held_fold
ISIC_4187393,0,0.001036455,held_fold
ISIC_4187485,0,0.0063016764,held_fold
ISIC_4190595,0,0.00053785334,held_fold
ISIC_4190900,0,0.011577533,held_fold
ISIC_4191094,0,0.021255143,held_fold
ISIC_4191215,0,0.0016575301,held_fold
ISIC_4191363,0,0.00033964854,held_fold
ISIC_4192383,0,2.7757234e-05,held_fold
ISIC_4195837,0,0.00020852729,held_fold
ISIC_4196596,0,0.00013055923,held_fold
ISIC_4200081,0,6.010866e-05,held_fold
ISIC_4205242,0,0.0072539025,held_fold
ISIC_4209411,0,5.2520587e-05,held_fold
ISIC_4210857,0,0.0002526671,held_fold
ISIC_4211868,0,0.00014495192,held_fold
ISIC_4212259,0,0.00034532152,held_fold
ISIC_4216169,0,0.00085169374,held_fold
ISIC_4220279,0,0.13426317,held_fold
ISIC_4220326,0,4.42576e-05,held_fold
ISIC_4222616,0,0.000111815025,held_fold
ISIC_4223575,0,0.0071066734,held_fold
ISIC_4227209,0,7.141309e-05,held_fold
ISIC_4227377,0,0.00043337487,held_fold
ISIC_4228971,0,0.00012745072,held_fold
ISIC_4231346,0,0.0010129585,held_fold
ISIC_4232172,0,9.8215e-05,held_fold
ISIC_4237064,0,9.526817e-05,held_fold
ISIC_4237725,0,0.00013920826,held_fold
ISIC_4241286,0,0.0019990175,held_fold
ISIC_4243470,0,0.0021692994,held_fold
ISIC_4243801,0,5.570758e-05,held_fold
ISIC_4245634,0,0.0006596017,held_fold
ISIC_4247917,0,0.028734,held_fold
ISIC_4248187,0,8.606989e-05,held_fold
ISIC_4249243,0,0.0002712596,held_fold
ISIC_4253348,0,4.3176173e-05,held_fold
ISIC_4254687,0,0.00036341697,held_fold
ISIC_4255013,0,9.817933e-05,held_fold
ISIC_4257634,0,0.0014317326,held_fold
ISIC_4259290,0,0.36150712,held_fold
ISIC_4262670,0,0.00026853633,held_fold
ISIC_4264422,0,0.00012670924,held_fold
ISIC_4265307,0,0.008630022,held_fold
ISIC_4266533,1,0.0682025,held_fold
ISIC_4270163,0,0.00023320479,held_fold
ISIC_4271110,0,0.00047422506,held_fold
ISIC_4277163,0,6.427687e-05,held_fold
ISIC_4281745,0,0.025331087,held_fold
ISIC_4282783,0,1.2163258e-05,held_fold
ISIC_4285297,0,0.0003475735,held_fold
ISIC_4287463,0,0.000332179,held_fold
ISIC_4288709,0,8.875389e-05,held_fold
ISIC_4289345,0,0.0014177657,held_fold
ISIC_4289906,0,8.756585e-05,held_fold
ISIC_4294705,0,0.0002367797,held_fold
ISIC_4300983,0,0.0012952146,held_fold
ISIC_4301050,0,0.00036599644,held_fold
ISIC_4301302,0,0.0006225031,held_fold
ISIC_4301919,0,0.00018063358,held_fold
ISIC_4303228,0,0.00013396014,held_fold
ISIC_4304068,0,0.000313005,held_fold
ISIC_4309183,0,0.00021191829,held_fold
ISIC_4310834,0,0.00026650785,held_fold
ISIC_4311544,0,0.028716931,held_fold
ISIC_4311592,0,0.007220671,held_fold
ISIC_4312470,0,0.000712864,held_fold
ISIC_4312804,0,0.002177071,held_fold
ISIC_4314577,0,0.0010446502,held_fold
ISIC_4316501,0,3.2451037e-05,held_fold
ISIC_4319859,0,7.359429e-05,held_fold
ISIC_4319945,0,0.0007317502,held_fold
ISIC_4320200,0,0.00026697962,held_fold
ISIC_4321815,0,6.307551e-05,held_fold
ISIC_4322822,0,7.818794e-05,held_fold
ISIC_4323160,0,0.0018162896,held_fold
ISIC_4323391,0,6.322956e-05,held_fold
ISIC_4325003,0,4.0582425e-05,held_fold
ISIC_4327046,0,0.015298099,held_fold
ISIC_4327358,0,0.00013437259,held_fold
ISIC_4327535,0,4.0001578e-05,held_fold
ISIC_4329598,0,0.00089286355,held_fold
ISIC_4330796,0,0.0001826776,held_fold
ISIC_4331481,0,0.032689814,held_fold
ISIC_4331936,0,2.0920377e-05,held_fold
ISIC_4332771,0,0.0041598473,held_fold
ISIC_4335758,0,0.0014554018,held_fold
ISIC_4336409,0,0.008438482,held_fold
ISIC_4338927,0,0.012244325,held_fold
ISIC_4340139,0,0.00037917504,held_fold
ISIC_4340509,0,0.0028181002,held_fold
ISIC_4341875,0,0.0007334823,held_fold
ISIC_4342416,0,0.010203231,held_fold
ISIC_4343129,0,0.0011785945,held_fold
ISIC_4343552,0,0.00016801218,held_fold
ISIC_4343836,0,0.00015034001,held_fold
ISIC_4344540,0,0.00090867013,held_fold
ISIC_4345015,0,0.00010695414,held_fold
ISIC_4347590,0,0.00015403358,held_fold
ISIC_4348896,0,0.00016710977,held_fold
ISIC_4349418,0,0.005983327,held_fold
ISIC_4350924,0,0.000429923,held_fold
ISIC_4351077,0,0.010157728,held_fold
ISIC_4351248,0,0.029689364,held_fold
ISIC_4351814,0,0.021934757,held_fold
ISIC_4352700,0,0.013005026,held_fold
ISIC_4355518,0,0.004814205,held_fold
ISIC_4357596,0,0.0017587836,held_fold
ISIC_4358017,0,0.006785428,held_fold
ISIC_4360127,0,0.0004687649,held_fold
ISIC_4363398,0,7.517992e-05,held_fold
ISIC_4364788,0,0.00014154665,held_fold
ISIC_4365093,0,0.022712285,held_fold
ISIC_4366175,0,0.00015779334,held_fold
ISIC_4366213,0,0.0001260628,held_fold
ISIC_4369035,0,0.00012478883,held_fold
ISIC_4369062,0,4.1010215e-05,held_fold
ISIC_4373563,0,8.141049e-05,held_fold
ISIC_4375524,0,0.00032672597,held_fold
ISIC_4377193,0,0.002079197,held_fold
ISIC_4378851,0,0.007587018,held_fold
ISIC_4379502,0,0.0020758,held_fold
ISIC_4380268,0,9.6822565e-05,held_fold
ISIC_4381427,0,5.804924e-05,held_fold
ISIC_4389708,0,0.00010707016,held_fold
ISIC_4391894,0,0.00029782014,held_fold
ISIC_4393704,0,0.00042018888,held_fold
ISIC_4393733,0,0.06497181,held_fold
ISIC_4397068,0,6.06007e-05,held_fold
ISIC_4397755,0,6.8222e-05,held_fold
ISIC_4400140,0,0.0006383592,held_fold
ISIC_4404036,0,0.0011482681,held_fold
ISIC_4405986,0,0.00056565966,held_fold
ISIC_4409067,0,0.00042138,held_fold
ISIC_4410725,0,0.002245252,held_fold
ISIC_4412821,0,0.0013526832,held_fold
ISIC_4415049,0,0.03089679,held_fold
ISIC_4417295,0,0.0017130784,held_fold
ISIC_4419522,0,0.0010746641,held_fold
ISIC_4419720,0,0.15389128,held_fold
ISIC_4420727,0,0.00041019853,held_fold
ISIC_4420952,0,0.0066973,held_fold
ISIC_4422476,0,0.0007953873,held_fold
ISIC_4422580,0,3.7129055e-05,held_fold
ISIC_4425604,0,0.00010441476,held_fold
ISIC_4428649,0,5.3190706e-05,held_fold
ISIC_4428769,0,0.031862564,held_fold
ISIC_4431715,0,6.850402e-05,held_fold
ISIC_4434221,0,0.00011743994,held_fold
ISIC_4435262,0,0.0024525474,held_fold
ISIC_4436649,0,0.11279758,held_fold
ISIC_4438311,0,0.0013070655,held_fold
ISIC_4439054,1,0.51099265,held_fold
ISIC_4441648,0,0.0028434938,held_fold
ISIC_4442506,0,3.15452e-05,held_fold
ISIC_4445501,0,0.0010283848,held_fold
ISIC_4448257,0,5.0234903e-05,held_fold
ISIC_4448341,0,0.00022089346,held_fold
ISIC_4451735,0,0.00036064125,held_fold
ISIC_4457552,0,0.0008777116,held_fold
ISIC_4459125,0,0.00017234514,held_fold
ISIC_4462476,0,0.009937549,held_fold
ISIC_4462621,0,0.0010520087,held_fold
ISIC_4464311,0,0.0016083386,held_fold
ISIC_4464702,0,8.393959e-05,held_fold
ISIC_4468474,0,0.02433946,held_fold
ISIC_4470574,0,0.0001681176,held_fold
ISIC_4473124,0,0.00011554655,held_fold
ISIC_4474170,0,0.0014411919,held_fold
ISIC_4474341,0,0.00023403115,held_fold
ISIC_4474899,0,0.00025988,held_fold
ISIC_4477916,0,3.9348703e-05,held_fold
ISIC_4478276,0,0.016208742,held_fold
ISIC_4481362,0,0.00028051302,held_fold
ISIC_4481684,0,0.019826213,held_fold
ISIC_4485854,0,0.00051898794,held_fold
ISIC_4487036,0,0.0005989459,held_fold
ISIC_4487743,0,0.017386667,held_fold
ISIC_4488579,0,0.0021070743,held_fold
ISIC_4494516,0,0.000104257866,held_fold
ISIC_4495092,0,0.00021259059,held_fold
ISIC_4496665,0,6.283968e-05,held_fold
ISIC_4497373,0,0.0005212953,held_fold
ISIC_4500503,0,0.007775271,held_fold
ISIC_4501838,0,0.0005423731,held_fold
ISIC_4502420,0,0.009538118,held_fold
ISIC_4505178,0,0.06964162,held_fold
ISIC_4508878,1,0.4718046,held_fold
ISIC_4509525,0,0.00013360984,held_fold
ISIC_4510342,0,0.0009776759,held_fold
ISIC_4513934,0,0.0001354757,held_fold
ISIC_4516137,0,0.0008372746,held_fold
ISIC_4516437,0,6.8526104e-05,held_fold
ISIC_4516835,0,0.0024546972,held_fold
ISIC_4517595,0,0.0006575643,held_fold
ISIC_4517738,1,0.042373557,held_fold
ISIC_4518003,0,0.0020440298,held_fold
ISIC_4518384,0,0.0037582715,held_fold
ISIC_4520704,0,0.036515955,held_fold
ISIC_4521482,0,0.00079610304,held_fold
ISIC_4523565,0,0.0025110908,held_fold
ISIC_4523750,0,0.00014051388,held_fold
ISIC_4524900,0,0.037644964,held_fold
ISIC_4525463,0,0.0023421329,held_fold
ISIC_4525721,0,9.298327e-05,held_fold
ISIC_4527661,0,8.252368e-05,held_fold
ISIC_4528140,0,0.00012919916,held_fold
ISIC_4529168,0,7.2894436e-05,held_fold
ISIC_4530249,0,5.8922975e-05,held_fold
ISIC_4530871,0,0.00014153101,held_fold
ISIC_4531585,0,0.0005067625,held_fold
ISIC_4532667,0,0.00011034116,held_fold
ISIC_4533487,0,0.00015936393,held_fold
ISIC_4535125,0,3.6110065e-05,held_fold
ISIC_4536154,0,0.00036514955,held_fold
ISIC_4536635,0,0.000948479,held_fold
ISIC_4536982,0,0.00032105218,held_fold
ISIC_4538661,0,0.00013432482,held_fold
ISIC_4539674,0,0.00044677532,held_fold
ISIC_4543944,0,0.0007189634,held_fold
ISIC_4545112,0,0.011168974,held_fold
ISIC_4547141,0,0.00019917134,held_fold
ISIC_4549059,0,0.00024025864,held_fold
ISIC_4551082,0,0.000893329,held_fold
ISIC_4553390,0,2.4121304e-05,held_fold
ISIC_4559397,0,0.13368379,held_fold
ISIC_4560585,0,0.057900526,held_fold
ISIC_4561874,0,6.119589e-05,held_fold
ISIC_4567730,0,0.00012197612,held_fold
ISIC_4568022,0,0.0005104233,held_fold
ISIC_4568565,0,0.00046114187,held_fold
ISIC_4570724,0,0.001794728,held_fold
ISIC_4571687,0,0.0007785406,held_fold
ISIC_4573256,0,0.22128318,held_fold
ISIC_4576725,0,0.0012872675,held_fold
ISIC_4577414,0,7.787987e-05,held_fold
ISIC_4578194,0,9.741081e-05,held_fold
ISIC_4580458,0,1.9810248e-05,held_fold
ISIC_4580926,0,0.00017874414,held_fold
ISIC_4582670,0,0.00032898673,held_fold
ISIC_4583929,0,7.5703225e-05,held_fold
ISIC_4584265,1,0.0025500425,held_fold
ISIC_4584794,0,0.0132351285,held_fold
ISIC_4588129,0,3.5187295e-05,held_fold
ISIC_4589123,0,0.00011775369,held_fold
ISIC_4589609,0,0.032886036,held_fold
ISIC_4591316,0,9.519226e-05,held_fold
ISIC_4594982,0,0.0072621144,held_fold
ISIC_4595856,0,9.602766e-05,held_fold
ISIC_4600505,0,0.0001232121,held_fold
ISIC_4600831,0,0.0001551107,held_fold
ISIC_4601297,0,4.4723532e-05,held_fold
ISIC_4601757,0,0.00010395518,held_fold
ISIC_4603706,0,0.00013699976,held_fold
ISIC_4603987,0,0.0002810026,held_fold
ISIC_4606646,0,0.00010067242,held_fold
ISIC_4607215,0,0.00022600795,held_fold
ISIC_4608846,0,0.0011326494,held_fold
ISIC_4610868,0,4.8328635e-05,held_fold
ISIC_4612180,0,0.0004734265,held_fold
ISIC_4620053,0,0.0022142702,held_fold
ISIC_4622069,0,0.0001285871,held_fold
ISIC_4622159,0,0.0031399182,held_fold
ISIC_4623037,0,0.00061035174,held_fold
ISIC_4626633,0,0.0012083431,held_fold
ISIC_4631698,0,0.00048866513,held_fold
ISIC_4635765,0,0.0019767664,held_fold
ISIC_4637454,0,4.2119413e-05,held_fold
ISIC_4639468,0,5.510567e-05,held_fold
ISIC_4641968,0,0.00020175974,held_fold
ISIC_4644299,0,0.0005642392,held_fold
ISIC_4645788,0,0.0006570134,held_fold
ISIC_4645995,0,0.0004273531,held_fold
ISIC_4646413,0,0.00063859107,held_fold
ISIC_4647349,0,0.029073799,held_fold
ISIC_4653073,0,0.0018124112,held_fold
ISIC_4654965,0,0.00067246176,held_fold
ISIC_4656184,0,6.754682e-05,held_fold
ISIC_4657078,0,0.0015480306,held_fold
ISIC_4658144,0,0.0031490088,held_fold
ISIC_4663008,0,0.00012641079,held_fold
ISIC_4667223,0,2.4123307e-05,held_fold
ISIC_4669149,0,6.471632e-05,held_fold
ISIC_4669803,0,0.00018520649,held_fold
ISIC_4670089,0,0.00013286191,held_fold
ISIC_4671039,0,2.0842335e-05,held_fold
ISIC_4671324,0,0.00033957537,held_fold
ISIC_4675065,0,0.011740218,held_fold
ISIC_4675269,0,1.9367748e-05,held_fold
ISIC_4679605,0,0.007993357,held_fold
ISIC_4682498,0,0.000396568,held_fold
ISIC_4684100,0,0.03306348,held_fold
ISIC_4686274,0,0.004625672,held_fold
ISIC_4686662,0,0.00040569407,held_fold
ISIC_4686690,0,0.00015259189,held_fold
ISIC_4687418,0,9.876517e-05,held_fold
ISIC_4690030,0,0.00054558075,held_fold
ISIC_4692454,0,0.0004540274,held_fold
ISIC_4695396,0,0.00015437692,held_fold
ISIC_4695702,0,0.013584848,held_fold
ISIC_4695815,0,0.00031955403,held_fold
ISIC_4696783,0,0.011295847,held_fold
ISIC_4700970,0,0.000107288775,held_fold
ISIC_4701889,0,0.00053301465,held_fold
ISIC_4705662,0,0.00010774788,held_fold
ISIC_4709512,0,0.07411037,held_fold
ISIC_4710645,0,0.00033946952,held_fold
ISIC_4715366,0,0.015518866,held_fold
ISIC_4718313,0,0.00012364604,held_fold
ISIC_4719895,0,0.00012911517,held_fold
ISIC_4721434,0,2.1361977e-05,held_fold
ISIC_4722119,0,0.0007279911,held_fold
ISIC_4723603,0,1.3901614e-05,held_fold
ISIC_4725089,0,0.00010309032,held_fold
ISIC_4732584,0,0.0020396807,held_fold
ISIC_4735106,0,0.015161279,held_fold
ISIC_4737689,0,4.7540758e-05,held_fold
ISIC_4738525,0,9.65852e-05,held_fold
ISIC_4740278,0,3.7742728e-05,held_fold
ISIC_4745004,0,4.8211805e-05,held_fold
ISIC_4745037,0,0.05331368,held_fold
ISIC_4745658,0,6.916291e-05,held_fold
ISIC_4746361,0,0.0015040877,held_fold
ISIC_4747355,0,0.0056937495,held_fold
ISIC_4748031,0,3.5049045e-05,held_fold
ISIC_4748977,0,0.0001196685,held_fold
ISIC_4749005,0,0.00018935038,held_fold
ISIC_4751140,0,0.0040123295,held_fold
ISIC_4752151,0,0.00019064112,held_fold
ISIC_4755931,0,0.0009026729,held_fold
ISIC_4756595,0,0.0025912,held_fold
ISIC_4758961,0,0.006209458,held_fold
ISIC_4761075,0,0.00010922648,held_fold
ISIC_4762598,0,0.008137199,held_fold
ISIC_4763007,0,0.0021585503,held_fold
ISIC_4765023,0,9.009677e-05,held_fold
ISIC_4766046,0,5.9490052e-05,held_fold
ISIC_4771769,0,0.00018834688,held_fold
ISIC_4775964,0,0.00014765827,held_fold
ISIC_4776213,0,0.00051413855,held_fold
ISIC_4781927,0,9.057245e-05,held_fold
ISIC_4782134,0,0.0010853786,held_fold
ISIC_4785487,0,0.00040650045,held_fold
ISIC_4788195,0,0.00021773971,held_fold
ISIC_4788652,0,0.00026300552,held_fold
ISIC_4789784,0,0.0007702722,held_fold
ISIC_4790259,0,0.00058724656,held_fold
ISIC_4791461,0,0.00053785363,held_fold
ISIC_4791893,0,0.008214264,held_fold
ISIC_4792338,0,0.0004560448,held_fold
ISIC_4794573,0,3.223181e-05,held_fold
ISIC_4794860,0,0.0015808203,held_fold
ISIC_4800695,0,0.00017213589,held_fold
ISIC_4801737,0,9.8669625e-05,held_fold
ISIC_4803755,0,0.0052964278,held_fold
ISIC_4808108,0,0.00822907,held_fold
ISIC_4811593,0,0.00015706995,held_fold
ISIC_4813932,0,0.001251175,held_fold
ISIC_4817121,0,0.009486945,held_fold
ISIC_4818460,0,9.338116e-05,held_fold
ISIC_4820993,0,0.0002149078,held_fold
ISIC_4821309,0,4.4665776e-05,held_fold
ISIC_4827825,0,0.0007295565,held_fold
ISIC_4828265,0,9.3664225e-05,held_fold
ISIC_4828943,0,0.0061900173,held_fold
ISIC_4833737,0,1.1212213e-05,held_fold
ISIC_4837536,0,8.87616e-05,held_fold
ISIC_4839421,0,0.0016397863,held_fold
ISIC_4840686,0,0.00092871574,held_fold
ISIC_4845540,0,0.0031579998,held_fold
ISIC_4846741,0,0.0033899683,held_fold
ISIC_4847584,0,0.00044755236,held_fold
ISIC_4848986,0,0.017956689,held_fold
ISIC_4850844,0,0.00018832137,held_fold
ISIC_4851437,0,0.0061912797,held_fold
ISIC_4851979,0,0.00037991913,held_fold
ISIC_4854091,0,0.0011416277,held_fold
ISIC_4855628,0,0.0032255598,held_fold
ISIC_4856908,0,0.0050856164,held_fold
ISIC_4857994,0,0.001084837,held_fold
ISIC_4860223,0,0.0052648536,held_fold
ISIC_4863236,0,0.009388448,held_fold
ISIC_4863375,0,0.00027279288,held_fold
ISIC_4866649,0,0.00032142334,held_fold
ISIC_4869901,0,0.0015217186,held_fold
ISIC_4870936,0,0.00010494541,held_fold
ISIC_4871936,0,0.0008898726,held_fold
ISIC_4875370,0,0.015361914,held_fold
ISIC_4879144,0,0.00027789688,held_fold
ISIC_4879187,0,0.0011319962,held_fold
ISIC_4880652,0,9.3440845e-05,held_fold
ISIC_4881109,0,0.0727355,held_fold
ISIC_4882333,0,0.006604738,held_fold
ISIC_4884712,0,0.00018548324,held_fold
ISIC_4886493,0,9.74489e-05,held_fold
ISIC_4887874,0,0.0016481566,held_fold
ISIC_4892083,0,6.642711e-05,held_fold
ISIC_4894806,0,0.0007224613,held_fold
ISIC_4897171,0,0.006686248,held_fold
ISIC_4897852,0,0.00018857258,held_fold
ISIC_4900077,0,0.0010178549,held_fold
ISIC_4900923,0,9.4480005e-05,held_fold
ISIC_4902829,0,0.00058011,held_fold
ISIC_4904317,0,0.00010372585,held_fold
ISIC_4906026,0,5.9269947e-05,held_fold
ISIC_4906385,0,0.0032241896,held_fold
ISIC_4907595,0,0.00039517734,held_fold
ISIC_4909154,0,0.00034924995,held_fold
ISIC_4912127,0,0.00045084453,held_fold
ISIC_4915889,0,0.00054577005,held_fold
ISIC_4915897,0,3.3901615e-05,held_fold
ISIC_4918571,0,0.00015417862,held_fold
ISIC_4920166,0,0.0026259278,held_fold
ISIC_4922965,0,0.16090374,held_fold
ISIC_4923457,0,0.00031325634,held_fold
ISIC_4924365,0,0.0011811688,held_fold
ISIC_4929865,0,0.0018527606,held_fold
ISIC_4932000,0,0.004735016,held_fold
ISIC_4935711,0,0.00030223888,held_fold
ISIC_4937725,0,0.0011404933,held_fold
ISIC_4938376,0,0.00020162051,held_fold
ISIC_4938388,0,0.0005979229,held_fold
ISIC_4938791,0,9.11448e-05,held_fold
ISIC_4941125,0,0.00022919006,held_fold
ISIC_4945233,0,0.0002072733,held_fold
ISIC_4946006,0,3.779474e-05,held_fold
ISIC_4947778,0,0.058433745,held_fold
ISIC_4948642,0,0.0026384927,held_fold
ISIC_4950151,0,6.32099e-05,held_fold
ISIC_4952040,0,0.00012885321,held_fold
ISIC_4954282,0,0.00014996575,held_fold
ISIC_4954719,0,0.0001076297,held_fold
ISIC_4954740,0,0.00062073494,held_fold
ISIC_4955740,0,0.00017959869,held_fold
ISIC_4956352,0,0.0007813609,held_fold
ISIC_4956965,0,0.011161457,held_fold
ISIC_4957730,0,0.00010138958,held_fold
ISIC_4958861,0,6.355321e-05,held_fold
ISIC_4961292,0,0.0050591175,held_fold
ISIC_4963410,0,0.00012271739,held_fold
ISIC_4964644,0,6.35703e-05,held_fold
ISIC_4965160,0,0.0010260567,held_fold
ISIC_4965526,0,0.0012533851,held_fold
ISIC_4965850,0,2.936831e-05,held_fold
ISIC_4966496,0,0.00010167812,held_fold
ISIC_4967639,0,0.0006849725,held_fold
ISIC_4967755,0,3.833875e-05,held_fold
ISIC_4968536,0,0.00485366,held_fold
ISIC_4969660,0,0.00028534813,held_fold
ISIC_4969996,0,0.00011522769,held_fold
ISIC_4973809,0,0.0005493611,held_fold
ISIC_4975848,0,0.00016090398,held_fold
ISIC_4975949,0,0.0020788999,held_fold
ISIC_4976189,0,3.4401397e-05,held_fold
ISIC_4977415,0,0.0010294272,held_fold
ISIC_4978474,0,0.00029250843,held_fold
ISIC_4978697,0,0.00032772485,held_fold
ISIC_4979071,0,0.00016822568,held_fold
ISIC_4981135,0,0.0001302131,held_fold
ISIC_4983237,0,0.03914206,held_fold
ISIC_4986879,0,1.510058e-05,held_fold
ISIC_4994695,0,0.00026950872,held_fold
ISIC_4996867,0,0.0420484,held_fold
ISIC_5000592,0,0.00047402125,held_fold
ISIC_5002041,0,0.00024832052,held_fold
ISIC_5005065,0,0.013983699,held_fold
ISIC_5005747,0,0.00013735738,held_fold
ISIC_5006020,0,0.00019370051,held_fold
ISIC_5009935,0,0.0040574446,held_fold
ISIC_5010197,0,0.00017387274,held_fold
ISIC_5013376,0,3.6237565e-05,held_fold
ISIC_5021038,0,0.00016761087,held_fold
ISIC_5022555,0,0.0017004496,held_fold
ISIC_5028203,0,0.00014686435,held_fold
ISIC_5029146,0,0.00025914266,held_fold
ISIC_5030416,0,8.879317e-05,held_fold
ISIC_5031549,0,0.0003518699,held_fold
ISIC_5041059,0,0.0010469606,held_fold
ISIC_5042497,0,0.00050313846,held_fold
ISIC_5043429,0,7.9175785e-05,held_fold
ISIC_5048571,0,5.1932304e-05,held_fold
ISIC_5049137,0,0.0007698606,held_fold
ISIC_5049365,0,0.0014637078,held_fold
ISIC_5050669,0,0.0002725597,held_fold
ISIC_5051449,0,0.0144262165,held_fold
ISIC_5054877,0,0.02599465,held_fold
ISIC_5056768,0,0.0003571177,held_fold
ISIC_5059195,0,0.108329125,held_fold
ISIC_5059375,0,0.0022198323,held_fold
ISIC_5060252,0,0.00015780222,held_fold
ISIC_5060576,0,0.009944932,held_fold
ISIC_5066448,0,3.579447e-05,held_fold
ISIC_5066548,0,0.00718878,held_fold
ISIC_5070849,0,0.0024561756,held_fold
ISIC_5072761,0,0.00025532025,held_fold
ISIC_5074228,0,0.0011873133,held_fold
ISIC_5075202,0,0.0047457153,held_fold
ISIC_5075261,0,0.0128698945,held_fold
ISIC_5081644,0,0.0001349893,held_fold
ISIC_5084175,0,0.00087647425,held_fold
ISIC_5084661,0,0.0002049516,held_fold
ISIC_5088967,0,0.00025179295,held_fold
ISIC_5090146,0,3.985506e-05,held_fold
ISIC_5090739,0,0.004260678,held_fold
ISIC_5091950,0,0.0009757827,held_fold
ISIC_5093799,0,7.987963e-05,held_fold
ISIC_5095848,0,2.8355364e-05,held_fold
ISIC_5096227,0,8.055753e-05,held_fold
ISIC_5097785,0,0.00019823921,held_fold
ISIC_5097807,0,0.00015262156,held_fold
ISIC_5097947,0,0.0014565276,held_fold
ISIC_5098492,0,0.0015530289,held_fold
ISIC_5098663,0,0.00013487299,held_fold
ISIC_5099193,0,0.0001780841,held_fold
ISIC_5099324,0,3.5883433e-05,held_fold
ISIC_5102846,0,0.00083174295,held_fold
ISIC_5103657,0,0.00027952789,held_fold
ISIC_5104921,0,0.117819,held_fold
ISIC_5105824,0,0.022356134,held_fold
ISIC_5106239,0,0.0017529656,held_fold
ISIC_5107195,0,3.9261668e-05,held_fold
ISIC_5108076,0,0.0005282666,held_fold
ISIC_5108538,0,5.247053e-05,held_fold
ISIC_5110696,0,0.00025790287,held_fold
ISIC_5112744,0,5.527166e-05,held_fold
ISIC_5113530,0,0.00040934517,held_fold
ISIC_5122091,0,0.00017657265,held_fold
ISIC_5123813,0,0.0034328667,held_fold
ISIC_5123979,0,0.06493087,held_fold
ISIC_5127944,0,0.00027997728,held_fold
ISIC_5128793,0,0.0011433897,held_fold
ISIC_5130558,0,1.4525238e-05,held_fold
ISIC_5131914,0,4.4769364e-05,held_fold
ISIC_5132536,0,0.0001380973,held_fold
ISIC_5135143,0,0.00071888114,held_fold
ISIC_5135700,0,0.00053645304,held_fold
ISIC_5136151,0,0.007931452,held_fold
ISIC_5136370,0,0.0031588825,held_fold
ISIC_5137061,0,0.00035428753,held_fold
ISIC_5142275,0,0.018322123,held_fold
ISIC_5142479,0,0.00021122595,held_fold
ISIC_5142496,0,6.715606e-05,held_fold
ISIC_5142743,0,0.004033813,held_fold
ISIC_5144373,0,0.0004344184,held_fold
ISIC_5145347,0,0.0014933457,held_fold
ISIC_5147263,0,5.4237156e-05,held_fold
ISIC_5149397,0,0.000694319,held_fold
ISIC_5149730,0,3.6343812e-05,held_fold
ISIC_5153075,0,3.4887315e-05,held_fold
ISIC_5158305,0,0.0012922019,held_fold
ISIC_5165522,0,0.00016549868,held_fold
ISIC_5165620,0,0.00010807543,held_fold
ISIC_5166636,0,0.0018001795,held_fold
ISIC_5166956,0,0.0060074325,held_fold
ISIC_5167001,0,0.0012015976,held_fold
ISIC_5169434,0,0.00093681365,held_fold
ISIC_5169967,0,0.00071111816,held_fold
ISIC_5173486,0,0.00010332179,held_fold
ISIC_5174617,0,0.0040693893,held_fold
ISIC_5176105,0,0.00025360158,held_fold
ISIC_5176419,0,0.00042092532,held_fold
ISIC_5178216,0,0.00010643028,held_fold
ISIC_5178977,0,0.00036773973,held_fold
ISIC_5181340,0,0.000122407,held_fold
ISIC_5182725,0,0.0015921899,held_fold
ISIC_5182820,0,0.004988886,held_fold
ISIC_5184722,0,0.0024011366,held_fold
ISIC_5190920,0,0.103499226,held_fold
ISIC_5191344,1,0.0031105266,held_fold
ISIC_5192527,0,0.0006428019,held_fold
ISIC_5194331,0,0.020736234,held_fold
ISIC_5195381,0,0.0022456418,held_fold
ISIC_5196781,0,0.00021755417,held_fold
ISIC_5198439,0,5.4477416e-05,held_fold
ISIC_5199342,0,0.0009395522,held_fold
ISIC_5199497,0,0.0002002182,held_fold
ISIC_5201151,0,0.0010019004,held_fold
ISIC_5202074,0,0.009935758,held_fold
ISIC_5203137,0,0.0012400014,held_fold
ISIC_5207136,0,7.29422e-05,held_fold
ISIC_5208357,0,0.0017300302,held_fold
ISIC_5208613,0,0.09442845,held_fold
ISIC_5209007,0,0.004075588,held_fold
ISIC_5210016,0,5.2381834e-05,held_fold
ISIC_5211080,0,0.004661272,held_fold
ISIC_5213224,0,0.0020070262,held_fold
ISIC_5213829,0,0.00014321876,held_fold
ISIC_5215191,0,0.00617098,held_fold
ISIC_5216675,0,1.971259e-05,held_fold
ISIC_5223101,0,0.00014076129,held_fold
ISIC_5224107,0,0.005169413,held_fold
ISIC_5227635,0,9.1130205e-05,held_fold
ISIC_5230497,0,6.3531275e-05,held_fold
ISIC_5231616,0,0.0006058337,held_fold
ISIC_5233226,0,0.00020521675,held_fold
ISIC_5233994,0,0.00017311625,held_fold
ISIC_5235200,0,6.6324814e-05,held_fold
ISIC_5235229,0,0.0021566942,held_fold
ISIC_5238649,0,6.223842e-05,held_fold
ISIC_5244188,0,0.00017953191,held_fold
ISIC_5245212,0,2.3381976e-05,held_fold
ISIC_5247383,0,0.0060761133,held_fold
ISIC_5249665,0,0.033010688,held_fold
ISIC_5254803,0,1.6669741e-05,held_fold
ISIC_5254982,0,0.0016275181,held_fold
ISIC_5258352,0,0.0067779026,held_fold
ISIC_5259414,0,0.00078305893,held_fold
ISIC_5259518,0,0.00032346454,held_fold
ISIC_5259582,0,0.0049806414,held_fold
ISIC_5261146,0,0.002119021,held_fold
ISIC_5261384,0,0.00010060142,held_fold
ISIC_5261611,0,0.00015531227,held_fold
ISIC_5265873,0,0.00015645889,held_fold
ISIC_5266696,0,0.0032900025,held_fold
ISIC_5266861,0,0.00016351289,held_fold
ISIC_5267251,0,0.000555129,held_fold
ISIC_5269341,0,0.0012707792,held_fold
ISIC_5272223,1,0.0010691391,held_fold
ISIC_5280019,0,0.0006998296,held_fold
ISIC_5280199,0,0.00184915,held_fold
ISIC_5281514,0,0.00015108199,held_fold
ISIC_5281576,0,5.3765703e-05,held_fold
ISIC_5282642,0,0.0011787771,held_fold
ISIC_5286021,0,0.047117233,held_fold
ISIC_5289599,0,0.00046606685,held_fold
ISIC_5290569,0,0.00018284106,held_fold
ISIC_5292859,0,4.6991136e-05,held_fold
ISIC_5293624,0,0.0006333001,held_fold
ISIC_5294689,0,0.0140301585,held_fold
ISIC_5295497,0,2.8382039e-05,held_fold
ISIC_5296443,0,0.0002855566,held_fold
ISIC_5297111,0,0.00018539926,held_fold
ISIC_5298608,0,0.002539643,held_fold
ISIC_5301131,0,0.0002656813,held_fold
ISIC_5302229,0,0.0011353575,held_fold
ISIC_5303641,0,0.00012922651,held_fold
ISIC_5305288,0,0.00016502185,held_fold
ISIC_5305787,0,0.0014668683,held_fold
ISIC_5306427,0,0.0001660516,held_fold
ISIC_5307086,0,0.04443722,held_fold
ISIC_5309572,0,0.00018257138,held_fold
ISIC_5310011,0,0.00012422737,held_fold
ISIC_5310880,0,0.0001344618,held_fold
ISIC_5312003,0,1.3101745e-05,held_fold
ISIC_5312834,0,0.00013203757,held_fold
ISIC_5313087,0,3.890858e-05,held_fold
ISIC_5314855,0,6.0280872e-05,held_fold
ISIC_5315062,1,0.058572575,held_fold
ISIC_5315486,0,0.0004804284,held_fold
ISIC_5316258,0,6.186869e-05,held_fold
ISIC_5317348,0,0.0009972873,held_fold
ISIC_5318506,0,0.00013923043,held_fold
ISIC_5320886,0,0.0012682882,held_fold
ISIC_5321219,0,0.0014256564,held_fold
ISIC_5321221,0,0.010633076,held_fold
ISIC_5322011,0,7.861491e-05,held_fold
ISIC_5322232,0,0.0053664437,held_fold
ISIC_5323944,0,9.214815e-05,held_fold
ISIC_5324178,0,0.000889043,held_fold
ISIC_5325281,0,0.0006917419,held_fold
ISIC_5325805,0,0.020744208,held_fold
ISIC_5326225,0,0.00016573492,held_fold
ISIC_5327000,0,0.00011085573,held_fold
ISIC_5327271,0,0.000697312,held_fold
ISIC_5331089,0,0.0038323451,held_fold
ISIC_5333549,0,0.00073413865,held_fold
ISIC_5336007,0,9.0121e-05,held_fold
ISIC_5340305,0,0.05138116,held_fold
ISIC_5342109,0,0.0018751232,held_fold
ISIC_5346591,0,0.00024437232,held_fold
ISIC_5349612,0,0.0025360747,held_fold
ISIC_5350269,0,0.00017003412,held_fold
ISIC_5353241,0,0.0050712577,held_fold
ISIC_5354607,0,8.253958e-05,held_fold
ISIC_5357288,0,0.00105114,held_fold
ISIC_5358234,0,0.00022480292,held_fold
ISIC_5359123,0,0.0001626756,held_fold
ISIC_5359253,0,4.8384987e-05,held_fold
ISIC_5360921,0,0.0026142695,held_fold
ISIC_5361778,0,9.8671415e-05,held_fold
ISIC_5361965,0,0.0001551601,held_fold
ISIC_5362038,0,0.00017289026,held_fold
ISIC_5362869,0,0.0011600334,held_fold
ISIC_5362925,0,0.00030776506,held_fold
ISIC_5363229,0,0.0017659536,held_fold
ISIC_5364841,0,0.02011072,held_fold
ISIC_5365537,0,0.00013096572,held_fold
ISIC_5365919,0,0.00034832105,held_fold
ISIC_5366635,0,5.3844e-05,held_fold
ISIC_5366657,0,0.00061714684,held_fold
ISIC_5368272,0,0.048425708,held_fold
ISIC_5368668,0,8.129141e-05,held_fold
ISIC_5377237,0,0.0041758344,held_fold
ISIC_5379122,0,0.00011163872,held_fold
ISIC_5380827,0,6.318833e-05,held_fold
ISIC_5382691,0,0.0001238365,held_fold
ISIC_5383356,0,0.0001950637,held_fold
ISIC_5385299,0,0.00010366444,held_fold
ISIC_5387348,0,0.00077694166,held_fold
ISIC_5388184,1,0.26888385,held_fold
ISIC_5392958,0,0.00011794091,held_fold
ISIC_5393017,0,0.0005229187,held_fold
ISIC_5393132,0,0.0029808285,held_fold
ISIC_5393557,0,0.00017969185,held_fold
ISIC_5393919,0,0.00074518594,held_fold
ISIC_5396394,0,0.0010402472,held_fold
ISIC_5397818,0,0.00015933947,held_fold
ISIC_5399929,0,0.0025642738,held_fold
ISIC_5400113,0,0.0014926234,held_fold
ISIC_5400342,0,3.9752722e-05,held_fold
ISIC_5402327,0,0.0009409837,held_fold
ISIC_5403296,0,0.00028056465,held_fold
ISIC_5405456,0,0.05600674,held_fold
ISIC_5406752,0,0.006198736,held_fold
ISIC_5407343,0,0.00016617136,held_fold
ISIC_5407436,0,0.0020345584,held_fold
ISIC_5408967,0,0.027531866,held_fold
ISIC_5409137,0,0.0031180037,held_fold
ISIC_5409681,0,0.0008958269,held_fold
ISIC_5413136,0,0.00021036793,held_fold
ISIC_5415761,1,0.007878179,held_fold
ISIC_5415781,0,0.0035977096,held_fold
ISIC_5416978,0,0.00015297532,held_fold
ISIC_5422432,0,0.003749907,held_fold
ISIC_5423896,0,0.00012129538,held_fold
ISIC_5424547,0,0.010870801,held_fold
ISIC_5428274,0,0.025524337,held_fold
ISIC_5432603,0,0.023383623,held_fold
ISIC_5433553,0,0.00016256161,held_fold
ISIC_5434055,0,0.00060393615,held_fold
ISIC_5434070,0,0.0013437631,held_fold
ISIC_5435291,0,0.0007019342,held_fold
ISIC_5435863,0,0.00020942152,held_fold
ISIC_5437356,0,0.013255464,held_fold
ISIC_5438431,0,0.0064678276,held_fold
ISIC_5441132,0,0.0001142633,held_fold
ISIC_5443525,0,0.0012673863,held_fold
ISIC_5443689,0,0.0016457291,held_fold
ISIC_5445188,0,0.00013191852,held_fold
ISIC_5446127,0,4.6535468e-05,held_fold
ISIC_5446470,0,3.8128186e-05,held_fold
ISIC_5451336,0,0.00011524098,held_fold
ISIC_5451400,0,0.00033272192,held_fold
ISIC_5454321,0,0.0032698915,held_fold
ISIC_5455568,0,0.004932698,held_fold
ISIC_5457246,0,0.0001152445,held_fold
ISIC_5457974,0,0.00143622,held_fold
ISIC_5464942,0,7.657989e-05,held_fold
ISIC_5469457,0,0.0701999,held_fold
ISIC_5469999,0,0.0015712663,held_fold
ISIC_5475423,0,0.0013916085,held_fold
ISIC_5477838,0,0.0008822977,held_fold
ISIC_5478846,0,0.009836403,held_fold
ISIC_5481211,0,0.00012969573,held_fold
ISIC_5481242,0,0.0003836475,held_fold
ISIC_5481673,0,0.0022958901,held_fold
ISIC_5484086,0,6.9636095e-05,held_fold
ISIC_5485254,0,0.013364331,held_fold
ISIC_5485279,0,0.004392862,held_fold
ISIC_5486725,0,6.978527e-05,held_fold
ISIC_5487058,0,0.021149414,held_fold
ISIC_5488046,0,0.00023107423,held_fold
ISIC_5488065,0,0.008659043,held_fold
ISIC_5488188,0,0.0003869728,held_fold
ISIC_5491443,0,0.035465658,held_fold
ISIC_5492778,0,4.611851e-05,held_fold
ISIC_5495452,0,0.0017240242,held_fold
ISIC_5496214,0,0.0006508392,held_fold
ISIC_5496810,0,0.015410431,held_fold
ISIC_5497526,0,4.9518414e-05,held_fold
ISIC_5497851,0,0.00014366917,held_fold
ISIC_5500256,0,8.613033e-05,held_fold
ISIC_5501375,0,0.00035319186,held_fold
ISIC_5502229,0,0.0035453006,held_fold
ISIC_5503634,0,0.0015690164,held_fold
ISIC_5506059,0,0.00018264781,held_fold
ISIC_5508542,0,0.0018564616,held_fold
ISIC_5510604,0,7.438189e-05,held_fold
ISIC_5517594,0,0.00030854184,held_fold
ISIC_5518025,0,0.0012240153,held_fold
ISIC_5518934,0,0.0008196282,held_fold
ISIC_5519289,0,0.00062295987,held_fold
ISIC_5521974,0,0.028842684,held_fold
ISIC_5523221,0,0.0014011414,held_fold
ISIC_5524682,0,0.0001496328,held_fold
ISIC_5524986,0,0.0019215809,held_fold
ISIC_5525877,0,0.002039343,held_fold
ISIC_5526503,0,2.6958114e-05,held_fold
ISIC_5528990,0,0.0026256745,held_fold
ISIC_5529201,0,0.00047151002,held_fold
ISIC_5529924,0,0.001546591,held_fold
ISIC_5535143,0,0.00044713574,held_fold
ISIC_5536429,0,0.00054756406,held_fold
ISIC_5537771,0,0.0015840599,held_fold
ISIC_5538778,0,0.0024848627,held_fold
ISIC_5539077,0,0.072390296,held_fold
ISIC_5540840,0,0.00065452914,held_fold
ISIC_5541028,0,0.04606237,held_fold
ISIC_5541999,0,0.00070308807,held_fold
ISIC_5542716,0,0.00026811808,held_fold
ISIC_5543178,0,5.4929693e-05,held_fold
ISIC_5545410,0,0.020691182,held_fold
ISIC_5547116,0,0.00084711803,held_fold
ISIC_5548717,0,0.0027522265,held_fold
ISIC_5549768,0,0.0007352877,held_fold
ISIC_5552041,0,0.032123547,held_fold
ISIC_5552066,0,0.001180648,held_fold
ISIC_5552335,0,8.964847e-05,held_fold
ISIC_5555505,0,6.2132625e-05,held_fold
ISIC_5558729,0,0.0028146664,held_fold
ISIC_5559188,0,7.789674e-05,held_fold
ISIC_5560538,0,0.008027231,held_fold
ISIC_5561003,1,0.1956752,held_fold
ISIC_5563553,0,0.0013893057,held_fold
ISIC_5567663,0,0.0017175808,held_fold
ISIC_5568346,0,0.15956439,held_fold
ISIC_5568834,0,0.00029263788,held_fold
ISIC_5569091,0,0.00033867982,held_fold
ISIC_5569936,0,0.009949868,held_fold
ISIC_5570430,0,0.035292294,held_fold
ISIC_5573340,0,0.0019110744,held_fold
ISIC_5573679,0,3.7342717e-05,held_fold
ISIC_5573733,0,0.09799828,held_fold
ISIC_5574940,0,0.0014447474,held_fold
ISIC_5575449,0,0.000220452,held_fold
ISIC_5576250,0,1.9986308e-05,held_fold
ISIC_5576986,0,0.0005643129,held_fold
ISIC_5581931,1,0.17084958,held_fold
ISIC_5583016,0,0.00015371197,held_fold
ISIC_5583139,0,0.001321284,held_fold
ISIC_5584185,0,0.0013377322,held_fold
ISIC_5584859,0,0.0001955973,held_fold
ISIC_5585279,0,0.000643478,held_fold
ISIC_5587216,0,6.90206e-05,held_fold
ISIC_5587291,0,0.0009817156,held_fold
ISIC_5588302,0,0.003433984,held_fold
ISIC_5592192,0,2.3336619e-05,held_fold
ISIC_5592257,0,4.065327e-05,held_fold
ISIC_5592951,0,0.0038675591,held_fold
ISIC_5597530,0,0.001180882,held_fold
ISIC_5599298,0,0.00035858294,held_fold
ISIC_5601326,0,0.0019910396,held_fold
ISIC_5603773,0,0.0004750392,held_fold
ISIC_5604025,0,0.00014693635,held_fold
ISIC_5605246,0,7.427026e-05,held_fold
ISIC_5609883,0,0.0019829737,held_fold
ISIC_5610178,0,0.0076023573,held_fold
ISIC_5611010,0,8.58828e-05,held_fold
ISIC_5611529,0,0.008130386,held_fold
ISIC_5612452,0,0.0012476905,held_fold
ISIC_5613199,0,0.023583926,held_fold
ISIC_5615676,0,0.00018619363,held_fold
ISIC_5617952,0,0.0034607612,held_fold
ISIC_5619062,0,0.00043792638,held_fold
ISIC_5620520,0,0.00012221327,held_fold
ISIC_5621310,0,0.0004277982,held_fold
ISIC_5623327,0,0.00253027,held_fold
ISIC_5623973,0,0.0027376644,held_fold
ISIC_5625774,0,0.00013133514,held_fold
ISIC_5625980,0,0.00095385837,held_fold
ISIC_5632533,0,0.00026621937,held_fold
ISIC_5634181,0,3.3805984e-05,held_fold
ISIC_5635940,0,0.015239615,held_fold
ISIC_5636247,0,0.0034424295,held_fold
ISIC_5636983,0,2.7396789e-05,held_fold
ISIC_5637105,0,0.00043044324,held_fold
ISIC_5648111,0,4.4341497e-05,held_fold
ISIC_5650272,0,0.00040957297,held_fold
ISIC_5650747,0,0.00021441883,held_fold
ISIC_5652519,0,0.0022543352,held_fold
ISIC_5654651,0,0.0036985134,held_fold
ISIC_5654818,0,0.004701189,held_fold
ISIC_5657535,0,0.00017501546,held_fold
ISIC_5658900,0,0.0046530934,held_fold
ISIC_5659240,0,0.0002808336,held_fold
ISIC_5659295,0,0.002904254,held_fold
ISIC_5660360,0,0.00023889335,held_fold
ISIC_5664966,0,0.00056199945,held_fold
ISIC_5665011,0,0.00010059489,held_fold
ISIC_5665277,0,0.00064217026,held_fold
ISIC_5667461,1,0.0020560122,held_fold
ISIC_5667519,0,0.0004264566,held_fold
ISIC_5667935,0,0.0017301373,held_fold
ISIC_5676027,0,0.0009463973,held_fold
ISIC_5678933,0,0.00015068761,held_fold
ISIC_5679708,0,0.00012650678,held_fold
ISIC_5679942,0,0.00067970034,held_fold
ISIC_5681025,0,0.057928313,held_fold
ISIC_5681794,0,3.865727e-05,held_fold
ISIC_5686768,0,0.00072216126,held_fold
ISIC_5686868,0,0.00075506116,held_fold
ISIC_5688051,0,0.0025013802,held_fold
ISIC_5688657,0,7.647991e-05,held_fold
ISIC_5688720,0,0.005870351,held_fold
ISIC_5688950,0,6.78916e-05,held_fold
ISIC_5689986,0,8.8127446e-05,held_fold
ISIC_5692481,0,0.00022942683,held_fold
ISIC_5692863,0,0.0002490926,held_fold
ISIC_5694393,0,0.0013153144,held_fold
ISIC_5696540,0,2.6684178e-05,held_fold
ISIC_5697228,0,0.0049569597,held_fold
ISIC_5699175,0,0.00024789188,held_fold
ISIC_5700599,0,4.8041264e-05,held_fold
ISIC_5702549,0,0.00029041353,held_fold
ISIC_5702591,0,0.040300924,held_fold
ISIC_5705413,0,0.00030432592,held_fold
ISIC_5705973,0,0.00012225861,held_fold
ISIC_5708288,0,3.2867287e-05,held_fold
ISIC_5709170,0,0.0006097601,held_fold
ISIC_5712029,0,0.0015735413,held_fold
ISIC_5713588,0,0.00044047672,held_fold
ISIC_5714201,0,0.04441776,held_fold
ISIC_5718343,0,0.00013152212,held_fold
ISIC_5720694,0,0.0028150505,held_fold
ISIC_5721677,0,0.00011057817,held_fold
ISIC_5722194,0,0.0006589656,held_fold
ISIC_5722211,0,0.0026045758,held_fold
ISIC_5723510,0,7.610996e-05,held_fold
ISIC_5727083,0,0.0037681784,held_fold
ISIC_5730636,0,0.0410032,held_fold
ISIC_5733557,0,0.0003321394,held_fold
ISIC_5733748,1,0.0002831001,held_fold
ISIC_5735592,0,0.024123775,held_fold
ISIC_5736023,0,0.000106860854,held_fold
ISIC_5736126,0,0.0012099313,held_fold
ISIC_5736595,0,0.00012170204,held_fold
ISIC_5736966,0,0.0053778146,held_fold
ISIC_5736979,0,0.00012498663,held_fold
ISIC_5737191,0,0.00019408709,held_fold
ISIC_5737704,0,0.0008500463,held_fold
ISIC_5738103,0,0.0024028472,held_fold
ISIC_5738587,0,0.00025863762,held_fold
ISIC_5739570,0,0.0004977631,held_fold
ISIC_5743012,0,0.0011519854,held_fold
ISIC_5745349,0,0.00015507845,held_fold
ISIC_5745941,0,4.9325463e-05,held_fold
ISIC_5746706,0,0.026908958,held_fold
ISIC_5747367,0,0.0017616953,held_fold
ISIC_5747486,1,0.0033878235,held_fold
ISIC_5747681,0,0.0014358766,held_fold
ISIC_5748751,0,0.00018358053,held_fold
ISIC_5748858,0,0.005548562,held_fold
ISIC_5749706,0,0.00023207797,held_fold
ISIC_5750242,0,0.16706593,held_fold
ISIC_5754233,0,0.0043878783,held_fold
ISIC_5755210,0,0.0008747064,held_fold
ISIC_5755836,0,3.9719303e-05,held_fold
ISIC_5757336,0,0.002606798,held_fold
ISIC_5760948,0,0.0020025729,held_fold
ISIC_5763398,0,0.021354463,held_fold
ISIC_5766141,0,0.00032759836,held_fold
ISIC_5766923,0,0.00034835658,held_fold
ISIC_5767976,0,0.00020234523,held_fold
ISIC_5768602,0,0.0061494997,held_fold
ISIC_5771106,0,8.248505e-05,held_fold
ISIC_5773967,0,0.00035485695,held_fold
ISIC_5778330,0,4.2078864e-05,held_fold
ISIC_5778476,0,0.00012208549,held_fold
ISIC_5779688,0,0.00030423916,held_fold
ISIC_5782816,0,0.0003678758,held_fold
ISIC_5783685,0,4.9607366e-05,held_fold
ISIC_5784362,0,0.00016453353,held_fold
ISIC_5787517,0,7.241541e-05,held_fold
ISIC_5788057,0,7.783028e-05,held_fold
ISIC_5789052,0,0.024299687,held_fold
ISIC_5790458,0,0.00019017456,held_fold
ISIC_5790534,0,8.542491e-05,held_fold
ISIC_5797220,0,0.00016846486,held_fold
ISIC_5797942,0,2.9400368e-05,held_fold
ISIC_5798539,0,0.019056104,held_fold
ISIC_5800113,0,0.0025787265,held_fold
ISIC_5804606,0,0.0006469551,held_fold
ISIC_5805349,0,0.0011382082,held_fold
ISIC_5807112,0,0.0002465429,held_fold
ISIC_5810736,0,3.6361664e-05,held_fold
ISIC_5816788,0,9.141917e-05,held_fold
ISIC_5819754,0,0.02203534,held_fold
ISIC_5821292,0,0.00070040766,held_fold
ISIC_5822691,0,0.0038589365,held_fold
ISIC_5823076,0,0.0024110738,held_fold
ISIC_5823292,0,6.432776e-05,held_fold
ISIC_5824656,0,0.00023543397,held_fold
ISIC_5824730,0,6.0724087e-05,held_fold
ISIC_5825647,0,0.16278793,held_fold
ISIC_5827217,0,0.0001880576,held_fold
ISIC_5828787,0,0.0036540802,held_fold
ISIC_5831201,0,0.0006293272,held_fold
ISIC_5831880,0,0.0001248481,held_fold
ISIC_5832440,0,0.036075532,held_fold
ISIC_5832623,0,3.213409e-05,held_fold
ISIC_5833015,0,0.0012163827,held_fold
ISIC_5837974,0,0.00017934594,held_fold
ISIC_5843515,0,0.029901247,held_fold
ISIC_5846233,0,8.256122e-05,held_fold
ISIC_5849178,0,0.00016590979,held_fold
ISIC_5849715,0,0.00045063742,held_fold
ISIC_5850699,0,0.00010864362,held_fold
ISIC_5852061,0,0.00020578125,held_fold
ISIC_5853048,0,4.6423505e-05,held_fold
ISIC_5854870,0,0.0001337419,held_fold
ISIC_5855400,0,0.00043988635,held_fold
ISIC_5855700,0,5.1582858e-05,held_fold
ISIC_5855835,0,0.013894969,held_fold
ISIC_5857155,0,0.00074950466,held_fold
ISIC_5857239,0,0.013154749,held_fold
ISIC_5859895,0,0.00024603668,held_fold
ISIC_5860849,0,0.018809227,held_fold
ISIC_5864067,0,0.00018341484,held_fold
ISIC_5865142,0,0.00018291517,held_fold
ISIC_5865828,0,0.0004562609,held_fold
ISIC_5866381,0,0.2296638,held_fold
ISIC_5867862,0,0.0015387705,held_fold
ISIC_5868291,1,0.018270282,held_fold
ISIC_5870406,0,0.0007912857,held_fold
ISIC_5873539,0,0.0005025165,held_fold
ISIC_5876289,0,0.00014352977,held_fold
ISIC_5881363,0,0.0014298327,held_fold
ISIC_5882254,0,4.634976e-05,held_fold
ISIC_5882629,0,0.026322823,held_fold
ISIC_5883505,0,0.13253053,held_fold
ISIC_5885421,0,0.000120691526,held_fold
ISIC_5885837,0,5.1750867e-05,held_fold
ISIC_5886168,0,0.00011952436,held_fold
ISIC_5888460,0,0.00015623943,held_fold
ISIC_5888672,0,0.00019446535,held_fold
ISIC_5889246,0,0.0004989433,held_fold
ISIC_5892920,0,0.00017331609,held_fold
ISIC_5894246,0,5.6521374e-05,held_fold
ISIC_5899228,0,0.0019938669,held_fold
ISIC_5900141,0,0.006744494,held_fold
ISIC_5901919,0,0.000120289515,held_fold
ISIC_5902175,0,0.0003583068,held_fold
ISIC_5903054,0,0.00039200127,held_fold
ISIC_5904214,0,0.01109169,held_fold
ISIC_5908780,0,0.005206994,held_fold
ISIC_5909403,0,0.000826651,held_fold
ISIC_5910514,0,0.038711533,held_fold
ISIC_5910595,0,3.375618e-05,held_fold
ISIC_5910975,0,0.0011658459,held_fold
ISIC_5912392,0,0.0010018479,held_fold
ISIC_5917004,0,5.542726e-05,held_fold
ISIC_5917605,0,0.0012348366,held_fold
ISIC_5917755,0,0.00016602105,held_fold
ISIC_5918756,0,0.00021495845,held_fold
ISIC_5920471,0,3.6490892e-05,held_fold
ISIC_5921734,0,0.0018704258,held_fold
ISIC_5923430,0,3.2000236e-05,held_fold
ISIC_5924459,0,0.0025781621,held_fold
ISIC_5930509,0,0.0015883764,held_fold
ISIC_5932996,0,0.0008351121,held_fold
ISIC_5934104,0,3.9541148e-05,held_fold
ISIC_5934319,0,0.017906642,held_fold
ISIC_5935362,0,0.00024145577,held_fold
ISIC_5941271,0,0.0020888199,held_fold
ISIC_5941314,0,9.1969414e-05,held_fold
ISIC_5942073,0,0.016603515,held_fold
ISIC_5942312,0,8.251203e-05,held_fold
ISIC_5942756,0,0.009295159,held_fold
ISIC_5943355,0,0.00017458579,held_fold
ISIC_5944524,0,0.00040497555,held_fold
ISIC_5945822,0,7.120473e-05,held_fold
ISIC_5950144,0,0.01076726,held_fold
ISIC_5950453,0,0.00014813834,held_fold
ISIC_5952026,0,0.0020349554,held_fold
ISIC_5952650,0,0.0004468051,held_fold
ISIC_5953416,0,0.00085429626,held_fold
ISIC_5955314,0,0.0010467152,held_fold
ISIC_5958657,0,0.11445194,held_fold
ISIC_5960183,0,7.514617e-05,held_fold
ISIC_5960641,0,0.000120096156,held_fold
ISIC_5961421,0,0.009779945,held_fold
ISIC_5961544,0,0.022218192,held_fold
ISIC_5962268,0,6.859116e-05,held_fold
ISIC_5962462,0,0.010423802,held_fold
ISIC_5963113,0,0.00011139361,held_fold
ISIC_5963344,0,2.770413e-05,held_fold
ISIC_5963491,0,0.00015277081,held_fold
ISIC_5971574,0,0.00021145567,held_fold
ISIC_5973717,0,0.0029847692,held_fold
ISIC_5974286,0,0.00022297435,held_fold
ISIC_5976373,0,0.000119892495,held_fold
ISIC_5979771,0,0.0011726052,held_fold
ISIC_5979783,0,0.00021901878,held_fold
ISIC_5981150,0,0.00018597735,held_fold
ISIC_5983942,0,0.00018816057,held_fold
ISIC_5985961,0,0.008583529,held_fold
ISIC_5990428,0,0.0052312477,held_fold
ISIC_5997133,0,0.002909817,held_fold
ISIC_6000048,0,0.0001402614,held_fold
ISIC_6000142,0,0.0018667537,held_fold
ISIC_6000889,0,0.098453276,held_fold
ISIC_6002622,0,0.021951914,held_fold
ISIC_6003494,0,0.00026451258,held_fold
ISIC_6004540,0,0.00035084895,held_fold
ISIC_6006795,0,0.00011848299,held_fold
ISIC_6013568,0,0.0005363423,held_fold
ISIC_6016197,0,0.0024737113,held_fold
ISIC_6016330,0,0.0001383712,held_fold
ISIC_6017897,0,2.6436963e-05,held_fold
ISIC_6019322,0,2.91158e-05,held_fold
ISIC_6019374,0,0.0018382093,held_fold
ISIC_6019516,0,6.10723e-05,held_fold
ISIC_6020615,0,0.000912605,held_fold
ISIC_6020636,0,0.0014892479,held_fold
ISIC_6022423,0,0.00012680338,held_fold
ISIC_6023504,0,0.042203255,held_fold
ISIC_6023518,0,0.00040317513,held_fold
ISIC_6024691,0,0.005187589,held_fold
ISIC_6025224,0,0.0004325857,held_fold
ISIC_6028622,0,0.0011750646,held_fold
ISIC_6030901,0,0.0004025215,held_fold
ISIC_6033222,0,0.00045851737,held_fold
ISIC_6035362,0,0.0012155105,held_fold
ISIC_6041346,0,0.00079692167,held_fold
ISIC_6041880,0,0.00033236115,held_fold
ISIC_6043051,0,3.5174846e-05,held_fold
ISIC_6047070,0,0.0017598128,held_fold
ISIC_6049499,0,0.0030903867,held_fold
ISIC_6050281,0,0.00054666685,held_fold
ISIC_6051598,0,0.00024798643,held_fold
ISIC_6052702,0,0.000105793224,held_fold
ISIC_6052995,0,0.00018275878,held_fold
ISIC_6053980,0,0.0014937615,held_fold
ISIC_6054420,0,0.041562364,held_fold
ISIC_6057455,0,0.00014468291,held_fold
ISIC_6058822,0,0.0072748377,held_fold
ISIC_6062638,0,0.0008608338,held_fold
ISIC_6062657,0,0.0002203314,held_fold
ISIC_6063007,0,0.0004093407,held_fold
ISIC_6065618,0,0.00020117924,held_fold
ISIC_6067058,0,0.00020524414,held_fold
ISIC_6072001,0,0.00012301463,held_fold
ISIC_6076242,0,4.2521777e-05,held_fold
ISIC_6078211,0,0.005305087,held_fold
ISIC_6081091,0,8.767088e-05,held_fold
ISIC_6081985,0,0.00015844105,held_fold
ISIC_6089318,1,0.27172887,held_fold
ISIC_6090848,0,0.0011129503,held_fold
ISIC_6092849,0,0.00550585,held_fold
ISIC_6092911,0,0.0047949986,held_fold
ISIC_6093728,0,0.0031321044,held_fold
ISIC_6096306,0,2.1783646e-05,held_fold
ISIC_6096541,0,0.0009839367,held_fold
ISIC_6096598,0,0.0013204137,held_fold
ISIC_6099309,0,0.0007302879,held_fold
ISIC_6100064,0,0.0005982071,held_fold
ISIC_6101341,0,0.00020694312,held_fold
ISIC_6107273,0,0.00062124454,held_fold
ISIC_6110788,0,0.009383704,held_fold
ISIC_6111078,0,0.0021033487,held_fold
ISIC_6113524,0,0.0007591752,held_fold
ISIC_6116536,0,0.00018334891,held_fold
ISIC_6121393,0,7.420781e-05,held_fold
ISIC_6124127,0,0.0001194994,held_fold
ISIC_6124481,1,0.01225276,held_fold
ISIC_6125014,0,0.052264526,held_fold
ISIC_6125652,1,0.16169558,held_fold
ISIC_6127074,0,0.0055884225,held_fold
ISIC_6127167,0,0.0006165683,held_fold
ISIC_6127495,0,0.01692275,held_fold
ISIC_6131501,0,7.325149e-05,held_fold
ISIC_6132976,0,0.0011184643,held_fold
ISIC_6133418,0,0.0008315865,held_fold
ISIC_6133988,0,6.952648e-05,held_fold
ISIC_6138246,0,0.00054257683,held_fold
ISIC_6141422,0,0.00015910355,held_fold
ISIC_6142525,0,0.00015845147,held_fold
ISIC_6144716,0,7.3748706e-05,held_fold
ISIC_6151555,0,3.1570333e-05,held_fold
ISIC_6153134,0,0.0010111015,held_fold
ISIC_6153728,0,0.004473552,held_fold
ISIC_6153896,0,0.0001294226,held_fold
ISIC_6155782,0,0.0003555623,held_fold
ISIC_6155981,0,0.0002485889,held_fold
ISIC_6158021,0,0.0016126028,held_fold
ISIC_6161876,0,8.358001e-05,held_fold
ISIC_6162609,0,0.00011856334,held_fold
ISIC_6162663,0,0.000114748625,held_fold
ISIC_6162711,0,0.0026576042,held_fold
ISIC_6163926,0,0.001807111,held_fold
ISIC_6165627,0,0.00011179615,held_fold
ISIC_6166247,0,0.000107784064,held_fold
ISIC_6167855,0,0.048207633,held_fold
ISIC_6168754,0,0.00016939749,held_fold
ISIC_6173977,0,5.193077e-05,held_fold
ISIC_6174735,0,0.0001916788,held_fold
ISIC_6174933,0,0.0009860229,held_fold
ISIC_6176182,0,5.3458338e-05,held_fold
ISIC_6176518,0,0.010256214,held_fold
ISIC_6178088,0,0.0001382806,held_fold
ISIC_6178350,0,0.028460592,held_fold
ISIC_6180030,0,0.0007889054,held_fold
ISIC_6182833,0,0.0002751857,held_fold
ISIC_6184190,0,0.00046362708,held_fold
ISIC_6186813,0,4.7637426e-05,held_fold
ISIC_6188916,0,7.366506e-05,held_fold
ISIC_6189075,0,0.00027754813,held_fold
ISIC_6189375,0,0.0014992545,held_fold
ISIC_6192108,0,0.0015162715,held_fold
ISIC_6197608,0,0.00020461925,held_fold
ISIC_6205288,0,0.00023831986,held_fold
ISIC_6208762,0,0.000124225,held_fold
ISIC_6208775,0,0.0011093525,held_fold
ISIC_6210500,0,0.0003639412,held_fold
ISIC_6216261,0,0.0004659502,held_fold
ISIC_6217184,0,0.0061157634,held_fold
ISIC_6224828,0,0.00035824653,held_fold
ISIC_6225107,0,0.0005682235,held_fold
ISIC_6225303,0,0.00022601095,held_fold
ISIC_6225409,0,0.011301935,held_fold
ISIC_6231450,0,0.0009162967,held_fold
ISIC_6242842,0,5.042357e-05,held_fold
ISIC_6243238,0,0.000675981,held_fold
ISIC_6245809,0,0.00066933164,held_fold
ISIC_6247314,0,0.00035107628,held_fold
ISIC_6248789,0,0.002458787,held_fold
ISIC_6254324,0,0.0074581266,held_fold
ISIC_6255494,0,0.0002245814,held_fold
ISIC_6255613,0,9.1826136e-05,held_fold
ISIC_6256797,0,0.00025108934,held_fold
ISIC_6257804,0,0.0010620392,held_fold
ISIC_6257952,0,0.00011470432,held_fold
ISIC_6258246,0,0.0059103235,held_fold
ISIC_6260485,0,0.00014010888,held_fold
ISIC_6264379,0,0.003125061,held_fold
ISIC_6265284,0,0.00017175847,held_fold
ISIC_6267455,0,0.00037499913,held_fold
ISIC_6267562,0,0.0016481385,held_fold
ISIC_6268546,0,0.000112729744,held_fold
ISIC_6269166,1,0.01900596,held_fold
ISIC_6269414,0,0.0010282942,held_fold
ISIC_6269556,0,0.0009698656,held_fold
ISIC_6273566,0,0.0007271216,held_fold
ISIC_6274020,0,0.106803104,held_fold
ISIC_6278584,0,0.00043738072,held_fold
ISIC_6279017,0,0.0018933592,held_fold
ISIC_6281419,0,0.00013599315,held_fold
ISIC_6284704,0,0.00016003518,held_fold
ISIC_6287575,0,0.0048091295,held_fold
ISIC_6287803,0,0.0096867485,held_fold
ISIC_6291051,0,0.00023209037,held_fold
ISIC_6292209,0,0.00074212305,held_fold
ISIC_6293132,0,7.404333e-05,held_fold
ISIC_6293829,0,2.3892388e-05,held_fold
ISIC_6297408,0,0.00010115685,held_fold
ISIC_6303154,0,0.002600803,held_fold
ISIC_6304007,0,0.00023442866,held_fold
ISIC_6304412,0,0.0026620163,held_fold
ISIC_6310591,0,0.0018123793,held_fold
ISIC_6312590,0,9.424794e-05,held_fold
ISIC_6313487,1,0.07737824,held_fold
ISIC_6315037,0,0.0004846347,held_fold
ISIC_6316410,0,0.0040017203,held_fold
ISIC_6321119,0,0.00021798813,held_fold
ISIC_6322191,0,0.00017776531,held_fold
ISIC_6323199,0,0.0007376851,held_fold
ISIC_6323489,0,0.001802213,held_fold
ISIC_6324832,0,0.00013302354,held_fold
ISIC_6328526,0,0.0023897376,held_fold
ISIC_6328606,0,0.00021752472,held_fold
ISIC_6330808,0,0.0020693867,held_fold
ISIC_6335490,0,0.005954901,held_fold
ISIC_6336141,0,0.0019897912,held_fold
ISIC_6339509,0,0.059687626,held_fold
ISIC_6340018,0,0.0003490374,held_fold
ISIC_6340529,0,0.00017862249,held_fold
ISIC_6341685,0,0.009221534,held_fold
ISIC_6343199,0,0.00037766146,held_fold
ISIC_6344114,0,0.20456706,held_fold
ISIC_6344673,0,0.000291357,held_fold
ISIC_6345354,0,0.00016877582,held_fold
ISIC_6347269,0,0.0015839308,held_fold
ISIC_6352726,0,0.00011256249,held_fold
ISIC_6352730,0,5.8920385e-05,held_fold
ISIC_6353527,0,0.0011579738,held_fold
ISIC_6355245,0,0.00018923612,held_fold
ISIC_6355353,1,0.003118195,held_fold
ISIC_6357644,0,1.387699e-05,held_fold
ISIC_6358383,0,0.0030690415,held_fold
ISIC_6363862,0,0.0011697526,held_fold
ISIC_6364051,0,0.00014095739,held_fold
ISIC_6371233,0,0.0032619613,held_fold
ISIC_6373500,0,0.000665129,held_fold
ISIC_6376959,0,0.00010042984,held_fold
ISIC_6377578,0,7.5381e-05,held_fold
ISIC_6379690,0,2.1576012e-05,held_fold
ISIC_6380662,0,9.538708e-05,held_fold
ISIC_6383193,0,0.00074132707,held_fold
ISIC_6383486,0,0.010719213,held_fold
ISIC_6383922,0,4.4021544e-05,held_fold
ISIC_6384559,0,0.003477102,held_fold
ISIC_6384997,0,0.00010711203,held_fold
ISIC_6385074,0,0.00012600175,held_fold
ISIC_6385374,0,0.00024454086,held_fold
ISIC_6390738,0,0.00011675768,held_fold
ISIC_6391835,0,2.5997117e-05,held_fold
ISIC_6392461,1,0.031619996,held_fold
ISIC_6393699,0,0.00020362744,held_fold
ISIC_6394612,0,7.921921e-05,held_fold
ISIC_6396565,0,0.00012391126,held_fold
ISIC_6398669,1,0.049134288,held_fold
ISIC_6399275,0,9.3562456e-05,held_fold
ISIC_6399303,0,0.00030356005,held_fold
ISIC_6400815,0,0.10002549,held_fold
ISIC_6401355,0,3.799197e-05,held_fold
ISIC_6402680,0,0.0026292584,held_fold
ISIC_6403268,0,0.00016741184,held_fold
ISIC_6404238,0,0.00025298385,held_fold
ISIC_6405298,0,0.00217214,held_fold
ISIC_6405981,0,0.0012692297,held_fold
ISIC_6407004,0,0.0008763791,held_fold
ISIC_6407230,0,4.3382166e-05,held_fold
ISIC_6408480,0,0.0004108503,held_fold
ISIC_6409296,0,0.034942757,held_fold
ISIC_6411466,0,0.00010110844,held_fold
ISIC_6412486,0,0.0010643582,held_fold
ISIC_6413382,0,0.00305289,held_fold
ISIC_6415466,0,0.00017604361,held_fold
ISIC_6420431,0,1.8950072e-05,held_fold
ISIC_6422862,0,0.00014175913,held_fold
ISIC_6423301,0,0.000101996724,held_fold
ISIC_6423914,0,0.000121051824,held_fold
ISIC_6425807,0,0.0001415387,held_fold
ISIC_6425888,0,0.02028261,held_fold
ISIC_6432495,0,6.8530484e-05,held_fold
ISIC_6433551,0,0.0030893555,held_fold
ISIC_6434605,0,3.2864933e-05,held_fold
ISIC_6435644,0,0.0013138339,held_fold
ISIC_6438174,0,0.002550523,held_fold
ISIC_6438355,0,0.0006735977,held_fold
ISIC_6440753,0,7.892574e-05,held_fold
ISIC_6444653,0,0.08607903,held_fold
ISIC_6446616,0,0.000117586496,held_fold
ISIC_6447071,0,0.0016171872,held_fold
ISIC_6447681,0,0.0040709362,held_fold
ISIC_6448063,0,0.022223992,held_fold
ISIC_6449939,0,0.0005145033,held_fold
ISIC_6450517,0,0.00028448214,held_fold
ISIC_6450756,0,0.006410995,held_fold
ISIC_6451230,0,0.00013613066,held_fold
ISIC_6453506,0,5.9473834e-05,held_fold
ISIC_6455702,0,0.00014578554,held_fold
ISIC_6457849,0,0.0007019627,held_fold
ISIC_6459796,0,0.002902116,held_fold
ISIC_6460696,0,0.00015396779,held_fold
ISIC_6464177,0,0.0020413643,held_fold
ISIC_6464905,0,0.0033033264,held_fold
ISIC_6466611,0,0.00016601075,held_fold
ISIC_6467876,0,0.0007253636,held_fold
ISIC_6470697,0,0.00016354484,held_fold
ISIC_6477782,0,0.0002086339,held_fold
ISIC_6479999,0,9.482859e-05,held_fold
ISIC_6480784,0,0.0002015081,held_fold
ISIC_6482239,0,0.00012454715,held_fold
ISIC_6484136,0,0.24121207,held_fold
ISIC_6485050,0,0.0019633314,held_fold
ISIC_6486815,0,0.00024664096,held_fold
ISIC_6486856,0,0.000948309,held_fold
ISIC_6487809,0,1.7251697e-05,held_fold
ISIC_6490895,0,8.4566745e-05,held_fold
ISIC_6496927,0,0.0047404305,held_fold
ISIC_6497797,0,3.3345364e-05,held_fold
ISIC_6498670,0,3.684434e-05,held_fold
ISIC_6500094,0,0.0038638443,held_fold
ISIC_6500700,0,0.003135344,held_fold
ISIC_6506429,0,0.0033142068,held_fold
ISIC_6506481,0,8.596949e-05,held_fold
ISIC_6507412,0,5.6686928e-05,held_fold
ISIC_6507640,0,0.00026611835,held_fold
ISIC_6509682,1,0.010374249,held_fold
ISIC_6510403,0,0.0004532585,held_fold
ISIC_6512878,0,0.13626918,held_fold
ISIC_6513575,0,0.00013845647,held_fold
ISIC_6513977,0,0.00022225842,held_fold
ISIC_6515221,0,0.15168855,held_fold
ISIC_6515241,0,7.272585e-05,held_fold
ISIC_6524052,0,0.0011996444,held_fold
ISIC_6524810,0,0.0011630001,held_fold
ISIC_6527464,0,0.0003121825,held_fold
ISIC_6528080,0,0.001149455,held_fold
ISIC_6528650,0,0.0075510065,held_fold
ISIC_6529773,0,0.00046374422,held_fold
ISIC_6530659,0,0.0009267892,held_fold
ISIC_6533307,0,0.00010746438,held_fold
ISIC_6534346,0,0.00097380404,held_fold
ISIC_6538955,0,0.002076979,held_fold
ISIC_6539116,0,0.00015764688,held_fold
ISIC_6540624,0,0.00095334684,held_fold
ISIC_6543121,0,0.000103362,held_fold
ISIC_6543564,0,9.696023e-05,held_fold
ISIC_6544548,0,0.00015145166,held_fold
ISIC_6545051,0,0.00016107007,held_fold
ISIC_6547083,0,0.00064377557,held_fold
ISIC_6547379,0,0.0036916886,held_fold
ISIC_6547605,0,0.00052519474,held_fold
ISIC_6547878,0,0.00014742966,held_fold
ISIC_6549908,0,0.0056426497,held_fold
ISIC_6550427,0,0.00061455223,held_fold
ISIC_6551532,0,6.0040205e-05,held_fold
ISIC_6553389,0,0.0010163065,held_fold
ISIC_6553768,0,9.848115e-05,held_fold
ISIC_6556473,0,0.00020089839,held_fold
ISIC_6559979,0,3.643397e-05,held_fold
ISIC_6561787,0,0.03361947,held_fold
ISIC_6563211,0,0.00031696257,held_fold
ISIC_6563761,0,0.0106977895,held_fold
ISIC_6564034,0,0.0031146707,held_fold
ISIC_6564818,0,8.101405e-05,held_fold
ISIC_6565709,0,0.0001113198,held_fold
ISIC_6567382,0,0.00034993948,held_fold
ISIC_6568247,0,0.0014672916,held_fold
ISIC_6570611,0,0.0044435486,held_fold
ISIC_6571305,0,0.00022440117,held_fold
ISIC_6571335,0,0.0006623776,held_fold
ISIC_6571459,0,0.00070860836,held_fold
ISIC_6571597,0,0.00056508393,held_fold
ISIC_6572463,0,0.00093023723,held_fold
ISIC_6572646,0,0.00013545928,held_fold
ISIC_6576397,0,5.0696228e-05,held_fold
ISIC_6576549,0,0.0004580375,held_fold
ISIC_6581665,0,0.00010687553,held_fold
ISIC_6582783,0,0.0015512826,held_fold
ISIC_6584847,0,0.00011511226,held_fold
ISIC_6586052,0,0.000231882,held_fold
ISIC_6588756,0,0.0008538589,held_fold
ISIC_6588853,0,0.0004556359,held_fold
ISIC_6593826,0,0.00018186911,held_fold
ISIC_6594273,0,0.00083241967,held_fold
ISIC_6602724,0,7.162834e-05,held_fold
ISIC_6607895,0,0.0006323351,held_fold
ISIC_6608281,0,0.0001139509,held_fold
ISIC_6608507,0,0.084506884,held_fold
ISIC_6608618,0,0.00012763985,held_fold
ISIC_6609931,0,0.00015283827,held_fold
ISIC_6610645,0,6.3176645e-05,held_fold
ISIC_6613228,0,0.00022979682,held_fold
ISIC_6615566,0,0.024456095,held_fold
ISIC_6616174,0,0.0035639973,held_fold
ISIC_6617840,0,0.00028341362,held_fold
ISIC_6618652,0,0.00015060863,held_fold
ISIC_6619970,0,0.00081366085,held_fold
ISIC_6622594,0,0.00012292739,held_fold
ISIC_6622892,0,0.00074024446,held_fold
ISIC_6627142,0,0.008903163,held_fold
ISIC_6627659,0,0.0009251358,held_fold
ISIC_6628544,0,8.394295e-05,held_fold
ISIC_6632997,0,0.0056228535,held_fold
ISIC_6636275,0,0.00014070654,held_fold
ISIC_6636720,0,0.0068134074,held_fold
ISIC_6637323,0,0.00018476095,held_fold
ISIC_6638892,0,0.000111885,held_fold
ISIC_6640753,0,8.2974715e-05,held_fold
ISIC_6644265,0,0.00011040096,held_fold
ISIC_6646410,0,0.00065622205,held_fold
ISIC_6646749,0,9.6615506e-05,held_fold
ISIC_6651931,0,0.00021547492,held_fold
ISIC_6652211,0,0.00012607938,held_fold
ISIC_6653311,0,0.010198864,held_fold
ISIC_6653456,0,0.0028981406,held_fold
ISIC_6660516,0,0.0062357844,held_fold
ISIC_6661691,0,0.0013287434,held_fold
ISIC_6661904,0,0.05463951,held_fold
ISIC_6661910,0,0.0048554773,held_fold
ISIC_6664275,0,0.026145283,held_fold
ISIC_6665380,0,0.0027337861,held_fold
ISIC_6665515,0,0.00040050017,held_fold
ISIC_6668604,0,0.0018975567,held_fold
ISIC_6668859,0,0.00080343377,held_fold
ISIC_6673875,0,0.004527845,held_fold
ISIC_6674202,0,0.003648747,held_fold
ISIC_6676568,0,0.0009840403,held_fold
ISIC_6676705,0,0.0037783792,held_fold
ISIC_6680873,0,0.00039374182,held_fold
ISIC_6681346,0,0.00055107864,held_fold
ISIC_6683756,0,0.00012063043,held_fold
ISIC_6686144,0,0.0005765642,held_fold
ISIC_6687927,0,0.00039470787,held_fold
ISIC_6688311,0,0.00042295497,held_fold
ISIC_6689593,0,6.3001324e-05,held_fold
ISIC_6689717,0,8.27238e-05,held_fold
ISIC_6690049,0,0.00022688083,held_fold
ISIC_6691092,0,0.00016565231,held_fold
ISIC_6696515,0,0.0010378145,held_fold
ISIC_6696536,0,8.188293e-05,held_fold
ISIC_6698186,0,0.00012661068,held_fold
ISIC_6701139,0,0.0001921947,held_fold
ISIC_6702684,0,0.00019531866,held_fold
ISIC_6703021,0,6.92421e-05,held_fold
ISIC_6703027,0,0.051192682,held_fold
ISIC_6704036,0,0.00023690594,held_fold
ISIC_6704130,0,8.731113e-05,held_fold
ISIC_6706289,0,0.00011328568,held_fold
ISIC_6706678,0,0.0020411974,held_fold
ISIC_6708968,0,0.007974912,held_fold
ISIC_6709052,0,2.6919837e-05,held_fold
ISIC_6712470,0,0.028589651,held_fold
ISIC_6713062,0,0.0010824575,held_fold
ISIC_6716036,0,0.00016932274,held_fold
ISIC_6721304,0,0.00043552244,held_fold
ISIC_6723937,0,0.0016233433,held_fold
ISIC_6725390,0,9.234008e-05,held_fold
ISIC_6725760,0,0.00033218914,held_fold
ISIC_6725828,0,0.0010414004,held_fold
ISIC_6726495,0,0.010227308,held_fold
ISIC_6727495,0,6.963025e-05,held_fold
ISIC_6729594,0,0.005037313,held_fold
ISIC_6731796,0,0.0014191604,held_fold
ISIC_6735970,0,0.002385006,held_fold
ISIC_6738013,0,0.0014864574,held_fold
ISIC_6747026,0,0.0003366014,held_fold
ISIC_6749688,0,4.642988e-05,held_fold
ISIC_6753364,0,0.001792527,held_fold
ISIC_6753425,0,0.0006232449,held_fold
ISIC_6754034,0,0.110890545,held_fold
ISIC_6754749,0,9.724152e-05,held_fold
ISIC_6756517,0,0.0018752784,held_fold
ISIC_6758042,0,0.0009857805,held_fold
ISIC_6759319,0,0.00025169624,held_fold
ISIC_6761980,0,7.9215664e-05,held_fold
ISIC_6764541,0,0.00023086017,held_fold
ISIC_6767017,0,4.4511384e-05,held_fold
ISIC_6772067,0,0.001129932,held_fold
ISIC_6774796,0,0.0021848828,held_fold
ISIC_6778483,0,0.005002021,held_fold
ISIC_6778756,0,9.047508e-05,held_fold
ISIC_6779354,0,0.0032311021,held_fold
ISIC_6781075,0,0.0003136682,held_fold
ISIC_6781637,0,5.3883094e-05,held_fold
ISIC_6781665,0,0.0009929158,held_fold
ISIC_6784722,0,0.019643445,held_fold
ISIC_6787097,0,0.0007262961,held_fold
ISIC_6789876,0,0.00024729274,held_fold
ISIC_6790949,0,0.00050365785,held_fold
ISIC_6792155,0,0.0026084918,held_fold
ISIC_6794321,0,0.00010486077,held_fold
ISIC_6794899,0,0.030763691,held_fold
ISIC_6795009,0,6.855917e-05,held_fold
ISIC_6798880,0,0.00010168015,held_fold
ISIC_6804665,0,0.005847901,held_fold
ISIC_6814478,0,0.017103681,held_fold
ISIC_6815524,0,8.366692e-05,held_fold
ISIC_6815672,0,0.00312417,held_fold
ISIC_6817651,0,0.002359399,held_fold
ISIC_6826081,0,0.00010309003,held_fold
ISIC_6827929,0,0.0009786736,held_fold
ISIC_6828587,0,0.018558364,held_fold
ISIC_6831482,0,0.02549898,held_fold
ISIC_6841294,1,0.2171302,held_fold
ISIC_6841752,0,0.00019541555,held_fold
ISIC_6844282,0,0.0051274197,held_fold
ISIC_6845907,0,0.012845076,held_fold
ISIC_6847317,0,0.00012376306,held_fold
ISIC_6848560,0,0.003224116,held_fold
ISIC_6852275,0,0.0009932787,held_fold
ISIC_6852281,0,0.0027261283,held_fold
ISIC_6853087,0,0.0057214485,held_fold
ISIC_6853657,0,0.000105793624,held_fold
ISIC_6853786,0,0.00050277676,held_fold
ISIC_6854940,0,0.00014264077,held_fold
ISIC_6855125,0,0.0001535933,held_fold
ISIC_6857334,0,4.8933183e-05,held_fold
ISIC_6858074,0,0.001021487,held_fold
ISIC_6858892,0,1.6613274e-05,held_fold
ISIC_6859159,0,0.012453547,held_fold
ISIC_6866526,0,0.00084734365,held_fold
ISIC_6872792,0,0.011081652,held_fold
ISIC_6873669,0,0.0010975683,held_fold
ISIC_6874316,0,0.0025478653,held_fold
ISIC_6876297,0,0.0005617643,held_fold
ISIC_6876309,0,0.0006850489,held_fold
ISIC_6876820,0,0.0016898899,held_fold
ISIC_6878588,0,0.18781051,held_fold
ISIC_6879085,0,3.042794e-05,held_fold
ISIC_6880164,0,0.0002153053,held_fold
ISIC_6882582,0,0.0025005473,held_fold
ISIC_6888012,0,0.000106721964,held_fold
ISIC_6888353,0,3.1327465e-05,held_fold
ISIC_6889965,0,2.1308748e-05,held_fold
ISIC_6890820,0,0.00045155204,held_fold
ISIC_6893552,0,0.011612485,held_fold
ISIC_6896427,0,0.0001598127,held_fold
ISIC_6898059,0,0.003405809,held_fold
ISIC_6898841,0,0.00019559076,held_fold
ISIC_6899551,0,0.00037670918,held_fold
ISIC_6900579,0,0.0011073349,held_fold
ISIC_6901340,0,1.8029094e-05,held_fold
ISIC_6901681,0,0.004230696,held_fold
ISIC_6903643,0,0.0005722176,held_fold
ISIC_6904082,1,0.007263139,held_fold
ISIC_6904410,0,0.00014655407,held_fold
ISIC_6905594,0,0.0004542451,held_fold
ISIC_6906203,0,9.496424e-05,held_fold
ISIC_6908286,0,7.110662e-05,held_fold
ISIC_6915759,0,0.08817779,held_fold
ISIC_6916987,0,0.014709369,held_fold
ISIC_6928607,0,0.001840653,held_fold
ISIC_6930690,0,0.057637848,held_fold
ISIC_6930828,0,0.0035323093,held_fold
ISIC_6933471,0,2.6198111e-05,held_fold
ISIC_6933978,0,0.00012319471,held_fold
ISIC_6934211,0,0.00017460792,held_fold
ISIC_6938489,0,0.0002847323,held_fold
ISIC_6938905,0,0.02259924,held_fold
ISIC_6940677,0,0.0002567544,held_fold
ISIC_6941441,0,0.00022858143,held_fold
ISIC_6943717,0,0.0021131358,held_fold
ISIC_6944466,0,0.009734597,held_fold
ISIC_6944481,0,0.00052951585,held_fold
ISIC_6945725,0,0.0013245057,held_fold
ISIC_6946260,0,0.0014294732,held_fold
ISIC_6947870,0,0.00036036185,held_fold
ISIC_6949941,0,0.00029468728,held_fold
ISIC_6952773,0,5.4710235e-05,held_fold
ISIC_6954577,0,0.000164775,held_fold
ISIC_6955095,0,0.0004018649,held_fold
ISIC_6955799,0,0.00028812146,held_fold
ISIC_6959018,0,0.0033479037,held_fold
ISIC_6963252,0,0.0017735823,held_fold
ISIC_6967033,0,0.002319664,held_fold
ISIC_6968422,0,5.8279762e-05,held_fold
ISIC_6968972,0,0.0014743445,held_fold
ISIC_6968982,0,0.0012276653,held_fold
ISIC_6970181,0,0.00018588053,held_fold
ISIC_6970271,0,0.00018269416,held_fold
ISIC_6973257,0,0.0011605325,held_fold
ISIC_6974005,0,0.0014505065,held_fold
ISIC_6974286,0,8.7264176e-05,held_fold
ISIC_6977097,0,0.0038667948,held_fold
ISIC_6977581,0,0.012472262,held_fold
ISIC_6986010,0,0.0058412314,held_fold
ISIC_6991849,0,0.00057489,held_fold
ISIC_6992267,0,0.0010779409,held_fold
ISIC_6992709,0,0.00021145405,held_fold
ISIC_6997349,0,0.000147216,held_fold
ISIC_7002323,0,0.0001811429,held_fold
ISIC_7006312,0,8.390486e-05,held_fold
ISIC_7009273,0,0.00033054926,held_fold
ISIC_7011753,0,0.0004398561,held_fold
ISIC_7012881,0,0.00045495384,held_fold
ISIC_7013418,0,0.00025829658,held_fold
ISIC_7013991,0,0.0001560947,held_fold
ISIC_7015694,0,0.00048225364,held_fold
ISIC_7016839,0,0.0002467313,held_fold
ISIC_7020708,0,0.008142955,held_fold
ISIC_7024662,0,0.0026442886,held_fold
ISIC_7024807,0,0.017727336,held_fold
ISIC_7027424,0,0.017740462,held_fold
ISIC_7027536,0,0.0004763083,held_fold
ISIC_7028320,0,0.30279484,held_fold
ISIC_7030974,0,0.00015083568,held_fold
ISIC_7032085,0,0.0006235606,held_fold
ISIC_7032787,0,0.00011318333,held_fold
ISIC_7033912,0,0.00047952618,held_fold
ISIC_7035517,0,0.02447953,held_fold
ISIC_7038586,0,2.798761e-05,held_fold
ISIC_7041484,0,6.134014e-05,held_fold
ISIC_7041558,0,9.181047e-05,held_fold
ISIC_7043443,0,0.0023820593,held_fold
ISIC_7044173,0,0.00014047301,held_fold
ISIC_7046324,0,0.00013737193,held_fold
ISIC_7051167,0,2.1377404e-05,held_fold
ISIC_7052158,0,0.0025645043,held_fold
ISIC_7054108,0,0.00021831303,held_fold
ISIC_7056776,0,0.0014221342,held_fold
ISIC_7056918,0,0.013240833,held_fold
ISIC_7058883,0,0.00010855818,held_fold
ISIC_7064137,0,5.7956375e-05,held_fold
ISIC_7066320,0,0.00011934328,held_fold
ISIC_7066695,0,0.00016052944,held_fold
ISIC_7066945,0,0.0059401146,held_fold
ISIC_7067750,0,4.334011e-05,held_fold
ISIC_7068021,0,0.00019207963,held_fold
ISIC_7069404,0,0.00025831483,held_fold
ISIC_7069423,0,0.00010827606,held_fold
ISIC_7069853,0,0.006362181,held_fold
ISIC_7071213,0,0.0067473184,held_fold
ISIC_7073263,0,4.2787808e-05,held_fold
ISIC_7079714,0,0.00067228876,held_fold
ISIC_7080584,0,0.0003608003,held_fold
ISIC_7082703,0,0.004880806,held_fold
ISIC_7083307,0,0.0018615626,held_fold
ISIC_7084197,0,0.00041672323,held_fold
ISIC_7091750,0,0.000113179114,held_fold
ISIC_7095245,0,0.0015094092,held_fold
ISIC_7096946,0,6.7042165e-05,held_fold
ISIC_7097343,0,3.4065404e-05,held_fold
ISIC_7100755,1,0.046561126,held_fold
ISIC_7104307,0,0.00026253727,held_fold
ISIC_7105639,0,5.8180918e-05,held_fold
ISIC_7105681,0,4.3862852e-05,held_fold
ISIC_7107371,0,0.0009899677,held_fold
ISIC_7115605,0,0.27694908,held_fold
ISIC_7116781,0,0.0023139843,held_fold
ISIC_7117338,0,0.008033157,held_fold
ISIC_7119225,0,0.00025110872,held_fold
ISIC_7121198,0,0.0020978185,held_fold
ISIC_7121344,0,0.00012910816,held_fold
ISIC_7124408,0,0.00047264874,held_fold
ISIC_7125023,0,1.27193525e-05,held_fold
ISIC_7125512,0,0.012942768,held_fold
ISIC_7125703,0,4.681245e-05,held_fold
ISIC_7126877,0,0.00013657013,held_fold
ISIC_7128233,0,0.00028273862,held_fold
ISIC_7128674,0,0.0020156836,held_fold
ISIC_7129085,0,0.0051128776,held_fold
ISIC_7135134,0,0.0003591428,held_fold
ISIC_7136995,0,5.5517616e-05,held_fold
ISIC_7137773,0,0.009097928,held_fold
ISIC_7139484,0,0.00016355747,held_fold
ISIC_7140636,0,0.16925658,held_fold
ISIC_7140783,0,0.00020808239,held_fold
ISIC_7143388,0,0.009927744,held_fold
ISIC_7144795,0,0.00014587872,held_fold
ISIC_7145266,0,0.0017475521,held_fold
ISIC_7145969,0,0.0012094665,held_fold
ISIC_7148656,0,0.16051058,held_fold
ISIC_7150966,0,0.025110194,held_fold
ISIC_7152347,0,0.0009995903,held_fold
ISIC_7153240,0,0.00011476132,held_fold
ISIC_7155873,0,0.00035391806,held_fold
ISIC_7156715,0,0.00043758692,held_fold
ISIC_7161002,0,1.552825e-05,held_fold
ISIC_7161069,0,0.00034036295,held_fold
ISIC_7162343,0,0.006367009,held_fold
ISIC_7162711,0,0.0060720146,held_fold
ISIC_7164076,0,0.000100596226,held_fold
ISIC_7167473,0,0.00013894927,held_fold
ISIC_7168604,0,0.00095198175,held_fold
ISIC_7170391,0,0.00031962537,held_fold
ISIC_7170431,0,0.00010590557,held_fold
ISIC_7171799,0,0.0017183167,held_fold
ISIC_7173520,0,0.0005989162,held_fold
ISIC_7173850,0,0.00031654915,held_fold
ISIC_7175127,0,0.00028946897,held_fold
ISIC_7179067,0,1.8201417e-05,held_fold
ISIC_7180332,0,0.0030842288,held_fold
ISIC_7181396,0,0.002393774,held_fold
ISIC_7182677,0,0.0013834158,held_fold
ISIC_7183212,1,0.006400667,held_fold
ISIC_7183931,0,0.00014727876,held_fold
ISIC_7185157,0,0.00020554985,held_fold
ISIC_7187577,0,0.0045882566,held_fold
ISIC_7188330,0,0.019887865,held_fold
ISIC_7192331,0,0.0033944275,held_fold
ISIC_7194695,0,0.1454101,held_fold
ISIC_7195168,0,0.00065548264,held_fold
ISIC_7199167,0,0.0021479996,held_fold
ISIC_7204331,0,0.02848508,held_fold
ISIC_7205039,0,0.0073976624,held_fold
ISIC_7205863,0,0.00011485831,held_fold
ISIC_7207496,0,0.002032124,held_fold
ISIC_7207715,0,0.00014932052,held_fold
ISIC_7210752,0,2.8971494e-05,held_fold
ISIC_7212312,0,0.0018711035,held_fold
ISIC_7212966,0,0.028221717,held_fold
ISIC_7216772,0,0.0010726041,held_fold
ISIC_7219262,0,7.305881e-05,held_fold
ISIC_7220538,0,0.00050425594,held_fold
ISIC_7226381,0,0.00019984628,held_fold
ISIC_7227599,0,8.691721e-05,held_fold
ISIC_7230027,0,0.00096731074,held_fold
ISIC_7230304,0,3.3549983e-05,held_fold
ISIC_7231735,0,0.011365186,held_fold
ISIC_7232375,0,0.00020731836,held_fold
ISIC_7236143,0,0.050145034,held_fold
ISIC_7238139,0,0.00043216118,held_fold
ISIC_7240224,0,0.0070001553,held_fold
ISIC_7240424,0,0.00015453435,held_fold
ISIC_7240915,0,0.0014206188,held_fold
ISIC_7243256,0,0.00091567397,held_fold
ISIC_7243593,0,0.000119200195,held_fold
ISIC_7244323,0,0.0001223623,held_fold
ISIC_7246096,0,0.0017433033,held_fold
ISIC_7248532,0,0.00038238155,held_fold
ISIC_7248566,0,0.00019434188,held_fold
ISIC_7250813,0,5.968052e-05,held_fold
ISIC_7259980,0,0.00017231227,held_fold
ISIC_7260013,0,0.0055541163,held_fold
ISIC_7260492,0,5.6271187e-05,held_fold
ISIC_7266940,0,0.0015668098,held_fold
ISIC_7268804,0,0.0010422624,held_fold
ISIC_7270858,0,5.8421767e-05,held_fold
ISIC_7272509,0,0.03129226,held_fold
ISIC_7273853,0,8.792011e-05,held_fold
ISIC_7279098,0,0.001391635,held_fold
ISIC_7281014,0,0.000158653,held_fold
ISIC_7286958,0,0.21562594,held_fold
ISIC_7287053,0,0.0002916741,held_fold
ISIC_7287161,0,8.9420166e-05,held_fold
ISIC_7287338,0,0.0007228215,held_fold
ISIC_7288627,0,0.00022558104,held_fold
ISIC_7288949,0,0.014292477,held_fold
ISIC_7292533,0,0.00015458683,held_fold
ISIC_7294446,0,0.006153377,held_fold
ISIC_7298784,0,0.00035240804,held_fold
ISIC_7301029,0,0.0032776962,held_fold
ISIC_7302456,0,5.927939e-05,held_fold
ISIC_7309600,0,0.0006452396,held_fold
ISIC_7312781,0,0.00021527616,held_fold
ISIC_7313390,0,0.00013980248,held_fold
ISIC_7313923,0,0.0014526767,held_fold
ISIC_7315641,0,0.025460305,held_fold
ISIC_7316364,0,0.0005058947,held_fold
ISIC_7316871,0,0.002376252,held_fold
ISIC_7319707,0,0.004193059,held_fold
ISIC_7321132,0,0.00021358531,held_fold
ISIC_7322169,0,0.00013759283,held_fold
ISIC_7324228,0,0.00019277172,held_fold
ISIC_7324840,0,0.013666647,held_fold
ISIC_7326713,0,0.0010372684,held_fold
ISIC_7327087,0,0.00018729438,held_fold
ISIC_7332657,0,0.0010903634,held_fold
ISIC_7334875,0,0.004511726,held_fold
ISIC_7335785,0,0.00016081716,held_fold
ISIC_7337194,0,3.048949e-05,held_fold
ISIC_7338634,0,6.246835e-05,held_fold
ISIC_7338760,0,0.024369609,held_fold
ISIC_7338843,0,9.0305446e-05,held_fold
ISIC_7342741,0,0.0014710719,held_fold
ISIC_7344014,0,0.00018427063,held_fold
ISIC_7345367,0,0.0003392007,held_fold
ISIC_7345709,0,0.00011941134,held_fold
ISIC_7346739,1,0.0703865,held_fold
ISIC_7351007,0,0.00018351631,held_fold
ISIC_7353070,0,0.00018634139,held_fold
ISIC_7356472,0,0.00024744723,held_fold
ISIC_7356589,0,0.00056627387,held_fold
ISIC_7357474,0,7.42653e-05,held_fold
ISIC_7358425,0,0.00025070706,held_fold
ISIC_7358848,0,0.058898717,held_fold
ISIC_7358998,0,0.0048618284,held_fold
ISIC_7360101,0,0.00072571356,held_fold
ISIC_7364411,0,0.0029114694,held_fold
ISIC_7365445,0,9.107044e-05,held_fold
ISIC_7367323,0,0.00027961025,held_fold
ISIC_7368046,0,0.0002858726,held_fold
ISIC_7369843,0,0.00044783507,held_fold
ISIC_7370756,0,4.3406915e-05,held_fold
ISIC_7372459,0,0.0007581171,held_fold
ISIC_7380364,0,0.00035006812,held_fold
ISIC_7382594,0,0.0040720343,held_fold
ISIC_7383044,0,2.744836e-05,held_fold
ISIC_7383585,0,0.0016701149,held_fold
ISIC_7384638,0,0.064087965,held_fold
ISIC_7389320,0,0.00032224873,held_fold
ISIC_7394756,0,0.0016338255,held_fold
ISIC_7394834,0,0.00026744304,held_fold
ISIC_7394897,0,0.00076984224,held_fold
ISIC_7395166,0,0.0020579014,held_fold
ISIC_7399970,0,0.00093062327,held_fold
ISIC_7401893,0,0.00012086036,held_fold
ISIC_7402256,0,0.00075586326,held_fold
ISIC_7404937,0,0.0005220576,held_fold
ISIC_7409797,0,6.745631e-05,held_fold
ISIC_7410598,0,6.357376e-05,held_fold
ISIC_7410677,0,0.0018677304,held_fold
ISIC_7413098,0,0.0006248457,held_fold
ISIC_7413468,0,0.0016019975,held_fold
ISIC_7414124,0,0.0002544932,held_fold
ISIC_7416797,0,0.0008457759,held_fold
ISIC_7418760,0,0.0015798452,held_fold
ISIC_7422026,0,9.018264e-05,held_fold
ISIC_7423788,0,0.0004333916,held_fold
ISIC_7424320,0,0.0029668927,held_fold
ISIC_7430481,0,0.0342706,held_fold
ISIC_7431480,0,7.364266e-06,held_fold
ISIC_7434918,0,9.64718e-05,held_fold
ISIC_7436377,0,3.132663e-05,held_fold
ISIC_7438913,0,0.0010404389,held_fold
ISIC_7439160,0,0.00010116621,held_fold
ISIC_7441917,0,0.0010079291,held_fold
ISIC_7445800,0,0.00018658905,held_fold
ISIC_7446443,0,0.0009656423,held_fold
ISIC_7452503,0,0.0005431781,held_fold
ISIC_7452767,0,0.00020596832,held_fold
ISIC_7453902,0,0.005171549,held_fold
ISIC_7456769,0,0.00014596079,held_fold
ISIC_7458272,0,6.252288e-05,held_fold
ISIC_7459066,0,0.00021602993,held_fold
ISIC_7459410,0,0.00037394068,held_fold
ISIC_7460111,0,0.0020910972,held_fold
ISIC_7460444,0,0.0043080766,held_fold
ISIC_7461086,0,6.787354e-05,held_fold
ISIC_7462746,0,0.0016019813,held_fold
ISIC_7465209,0,0.009198051,held_fold
ISIC_7465753,0,0.00088850904,held_fold
ISIC_7466101,0,5.104259e-05,held_fold
ISIC_7468182,0,0.00013590214,held_fold
ISIC_7468407,0,0.05914197,held_fold
ISIC_7468410,0,0.00012666224,held_fold
ISIC_7471517,0,0.0027603367,held_fold
ISIC_7474949,0,0.00015334744,held_fold
ISIC_7474994,0,0.003758391,held_fold
ISIC_7477006,0,0.0012546465,held_fold
ISIC_7477754,0,0.00042692313,held_fold
ISIC_7477771,0,0.0020103678,held_fold
ISIC_7480166,0,3.349854e-05,held_fold
ISIC_7481978,0,8.3132014e-05,held_fold
ISIC_7482149,0,0.0012327696,held_fold
ISIC_7484011,0,0.00024672798,held_fold
ISIC_7484618,0,0.00018084193,held_fold
ISIC_7489895,0,4.2777687e-05,held_fold
ISIC_7491217,0,0.028850019,held_fold
ISIC_7495148,0,0.0048102317,held_fold
ISIC_7495157,0,0.00051234773,held_fold
ISIC_7495971,0,0.0069504105,held_fold
ISIC_7496225,0,0.00012489619,held_fold
ISIC_7496511,0,0.003293876,held_fold
ISIC_7498132,0,8.1571816e-05,held_fold
ISIC_7498716,0,0.034374464,held_fold
ISIC_7499769,0,0.0036753037,held_fold
ISIC_7503521,0,0.0030926852,held_fold
ISIC_7503950,1,0.020956647,held_fold
ISIC_7504741,0,0.00010722813,held_fold
ISIC_7505533,0,0.022100342,held_fold
ISIC_7505675,0,0.00017434207,held_fold
ISIC_7507065,0,0.00036343583,held_fold
ISIC_7507286,0,0.0016458537,held_fold
ISIC_7507808,0,0.00068298273,held_fold
ISIC_7508320,0,0.0012627863,held_fold
ISIC_7509837,0,0.001084713,held_fold
ISIC_7511557,0,5.8143814e-05,held_fold
ISIC_7513139,0,2.4846404e-05,held_fold
ISIC_7513677,0,0.0017924733,held_fold
ISIC_7514840,0,0.00013450335,held_fold
ISIC_7517099,0,0.0010034284,held_fold
ISIC_7519274,0,1.6308271e-05,held_fold
ISIC_7522199,0,0.009132677,held_fold
ISIC_7523330,0,0.0003993423,held_fold
ISIC_7524426,0,0.00033721165,held_fold
ISIC_7527413,0,0.01420709,held_fold
ISIC_7533216,0,0.001092047,held_fold
ISIC_7536704,1,0.050264467,held_fold
ISIC_7539588,0,4.0094114e-05,held_fold
ISIC_7540824,0,0.00020352496,held_fold
ISIC_7543874,0,0.0015229965,held_fold
ISIC_7544251,0,9.480418e-05,held_fold
ISIC_7546192,0,9.708735e-05,held_fold
ISIC_7547609,0,0.020859128,held_fold
ISIC_7548405,0,0.0047368635,held_fold
ISIC_7548923,0,0.0014448356,held_fold
ISIC_7549398,0,0.00019545392,held_fold
ISIC_7552521,0,4.624279e-05,held_fold
ISIC_7555016,0,0.0036989423,held_fold
ISIC_7559435,0,0.00085024396,held_fold
ISIC_7560157,0,0.1666734,held_fold
ISIC_7561521,0,0.00022219379,held_fold
ISIC_7562175,0,0.00015616258,held_fold
ISIC_7564040,0,0.0015528299,held_fold
ISIC_7566403,0,5.2420062e-05,held_fold
ISIC_7567374,0,0.00036313853,held_fold
ISIC_7570834,0,9.944087e-05,held_fold
ISIC_7571957,0,0.004727274,held_fold
ISIC_7572137,0,0.00059157953,held_fold
ISIC_7574666,0,0.062719695,held_fold
ISIC_7575131,0,0.0002564535,held_fold
ISIC_7575246,0,0.0029680154,held_fold
ISIC_7575644,0,0.0067630787,held_fold
ISIC_7575815,0,3.4511475e-05,held_fold
ISIC_7576735,0,0.00022358747,held_fold
ISIC_7582764,0,6.844016e-05,held_fold
ISIC_7583644,0,0.00011548355,held_fold
ISIC_7583922,0,0.0010931789,held_fold
ISIC_7585280,0,6.649511e-05,held_fold
ISIC_7585550,0,5.5541972e-05,held_fold
ISIC_7585924,0,0.000101410275,held_fold
ISIC_7586566,0,0.045126084,held_fold
ISIC_7587006,0,0.0013371208,held_fold
ISIC_7589802,0,3.096247e-05,held_fold
ISIC_7593561,0,0.00010065534,held_fold
ISIC_7594124,0,0.00085546396,held_fold
ISIC_7594625,0,0.027165761,held_fold
ISIC_7595826,0,0.00010689847,held_fold
ISIC_7596866,0,0.0024827786,held_fold
ISIC_7598658,0,0.00011393156,held_fold
ISIC_7600348,0,0.00017790994,held_fold
ISIC_7601364,0,0.0002339138,held_fold
ISIC_7602656,0,0.0019643437,held_fold
ISIC_7603831,0,0.046016946,held_fold
ISIC_7604870,0,0.0004202402,held_fold
ISIC_7607101,0,9.61179e-05,held_fold
ISIC_7607107,0,3.723614e-05,held_fold
ISIC_7607335,0,0.00024733614,held_fold
ISIC_7609643,0,0.0008060041,held_fold
ISIC_7612427,0,0.0074419426,held_fold
ISIC_7612589,0,0.007395838,held_fold
ISIC_7615896,0,0.004729312,held_fold
ISIC_7617445,0,0.00079347804,held_fold
ISIC_7619041,0,0.006269623,held_fold
ISIC_7619234,0,6.8319394e-05,held_fold
ISIC_7620347,0,0.023876011,held_fold
ISIC_7622520,0,0.0002489677,held_fold
ISIC_7626632,0,0.0020702514,held_fold
ISIC_7628175,0,0.00011504115,held_fold
ISIC_7629264,0,2.2234368e-05,held_fold
ISIC_7632525,0,0.0037488989,held_fold
ISIC_7634151,0,0.008067297,held_fold
ISIC_7634281,0,2.1589798e-05,held_fold
ISIC_7635056,0,0.0027253754,held_fold
ISIC_7637091,0,0.00048608464,held_fold
ISIC_7637801,0,0.00027412962,held_fold
ISIC_7638574,0,0.00021035229,held_fold
ISIC_7642500,0,0.001195687,held_fold
ISIC_7643396,0,9.1455004e-05,held_fold
ISIC_7643603,0,7.4738884e-05,held_fold
ISIC_7644571,0,7.4749296e-05,held_fold
ISIC_7646866,0,0.0003631839,held_fold
ISIC_7647201,0,0.0008740591,held_fold
ISIC_7649562,0,0.00842531,held_fold
ISIC_7649781,0,0.002300479,held_fold
ISIC_7650216,0,0.0016199813,held_fold
ISIC_7650369,0,0.0002058046,held_fold
ISIC_7652615,0,0.0020498994,held_fold
ISIC_7653121,0,0.00049778586,held_fold
ISIC_7656935,0,0.0008312252,held_fold
ISIC_7657085,0,0.0056821206,held_fold
ISIC_7658006,0,0.0016234678,held_fold
ISIC_7661657,0,4.649182e-05,held_fold
ISIC_7665526,0,0.0028703054,held_fold
ISIC_7665645,0,0.00044606437,held_fold
ISIC_7668206,0,0.00013410149,held_fold
ISIC_7670149,0,0.0038796568,held_fold
ISIC_7671589,0,0.00028304826,held_fold
ISIC_7671776,0,0.00042609574,held_fold
ISIC_7671972,0,0.00029722528,held_fold
ISIC_7672895,0,0.007855908,held_fold
ISIC_7677461,0,0.00018259838,held_fold
ISIC_7677876,0,0.000104892075,held_fold
ISIC_7683437,0,3.355424e-05,held_fold
ISIC_7685761,0,0.011440962,held_fold
ISIC_7686795,0,8.0827616e-05,held_fold
ISIC_7687686,0,0.00016489445,held_fold
ISIC_7690228,0,0.0007267832,held_fold
ISIC_7691262,0,0.00041247005,held_fold
ISIC_7693995,0,8.041316e-05,held_fold
ISIC_7694028,0,0.0021518848,held_fold
ISIC_7694184,0,6.2671876e-05,held_fold
ISIC_7694877,0,0.00038372248,held_fold
ISIC_7697022,0,0.00013441233,held_fold
ISIC_7697445,0,0.0009729406,held_fold
ISIC_7701105,0,0.00010762118,held_fold
ISIC_7702225,0,0.00025323892,held_fold
ISIC_7704533,0,0.00055646984,held_fold
ISIC_7705876,0,0.0014052873,held_fold
ISIC_7706215,0,0.019939953,held_fold
ISIC_7709419,0,6.276195e-05,held_fold
ISIC_7709611,0,4.2056075e-05,held_fold
ISIC_7710816,0,0.00014989928,held_fold
ISIC_7711688,0,0.00082723645,held_fold
ISIC_7711947,0,0.002050207,held_fold
ISIC_7712138,0,0.0010678509,held_fold
ISIC_7712996,0,0.0011685387,held_fold
ISIC_7713180,0,0.0011485388,held_fold
ISIC_7714981,0,0.00029352895,held_fold
ISIC_7715315,0,0.00017364793,held_fold
ISIC_7723150,0,0.00030728834,held_fold
ISIC_7724906,0,0.0049555795,held_fold
ISIC_7727347,0,0.0011332412,held_fold
ISIC_7727960,0,0.0017338026,held_fold
ISIC_7728520,0,0.002477029,held_fold
ISIC_7729573,0,0.0014448011,held_fold
ISIC_7737437,0,0.0004928051,held_fold
ISIC_7738923,0,0.0005095694,held_fold
ISIC_7744571,0,0.0002357381,held_fold
ISIC_7745175,0,0.00026163846,held_fold
ISIC_7750508,0,0.00010127045,held_fold
ISIC_7750544,0,0.014123841,held_fold
ISIC_7753375,0,0.002094585,held_fold
ISIC_7753753,0,9.018931e-06,held_fold
ISIC_7754416,0,0.00014019896,held_fold
ISIC_7756791,0,0.0006369571,held_fold
ISIC_7759376,0,0.0004808811,held_fold
ISIC_7759630,0,0.00017425531,held_fold
ISIC_7760219,0,0.00058761047,held_fold
ISIC_7760920,0,4.031638e-05,held_fold
ISIC_7760948,0,0.0028546317,held_fold
ISIC_7761884,0,0.00082679116,held_fold
ISIC_7762499,0,2.0600502e-05,held_fold
ISIC_7763701,0,0.0002727882,held_fold
ISIC_7764481,0,0.0091202445,held_fold
ISIC_7767350,0,0.000125254,held_fold
ISIC_7767423,0,0.0011863738,held_fold
ISIC_7769639,0,0.00020058316,held_fold
ISIC_7769827,0,0.0034576256,held_fold
ISIC_7771615,0,0.00024277596,held_fold
ISIC_7775535,0,0.00034934166,held_fold
ISIC_7777873,0,6.20834e-05,held_fold
ISIC_7779225,0,7.4977674e-05,held_fold
ISIC_7779685,0,0.00013348376,held_fold
ISIC_7780704,0,0.00047554894,held_fold
ISIC_7783914,0,0.00051952444,held_fold
ISIC_7784796,0,3.0597992e-05,held_fold
ISIC_7791478,0,0.0003354539,held_fold
ISIC_7792073,0,0.00054475846,held_fold
ISIC_7796174,0,8.8096356e-05,held_fold
ISIC_7797745,0,0.000113632756,held_fold
ISIC_7798403,0,0.0061601168,held_fold
ISIC_7800170,0,0.00041752643,held_fold
ISIC_7800415,0,0.099767104,held_fold
ISIC_7801815,0,0.0029919497,held_fold
ISIC_7803010,0,9.3879e-05,held_fold
ISIC_7803118,0,9.9283956e-05,held_fold
ISIC_7803496,0,0.0014051588,held_fold
ISIC_7804919,0,0.00013201013,held_fold
ISIC_7806040,0,6.4691514e-05,held_fold
ISIC_7806612,0,0.001090954,held_fold
ISIC_7806765,0,5.3995995e-05,held_fold
ISIC_7807235,0,0.0016225057,held_fold
ISIC_7808132,0,0.00025354937,held_fold
ISIC_7809643,0,6.5421205e-05,held_fold
ISIC_7811951,0,0.0006840455,held_fold
ISIC_7814144,0,0.0023615977,held_fold
ISIC_7815762,0,2.4051818e-05,held_fold
ISIC_7816367,0,5.6346038e-05,held_fold
ISIC_7818429,0,0.0009835524,held_fold
ISIC_7819084,0,0.0004088842,held_fold
ISIC_7821676,0,7.0378584e-05,held_fold
ISIC_7823773,0,0.0010339874,held_fold
ISIC_7824206,0,0.00034461936,held_fold
ISIC_7824250,0,0.05139776,held_fold
ISIC_7824420,0,0.005529356,held_fold
ISIC_7824688,0,0.00018828563,held_fold
ISIC_7826983,0,0.0001655773,held_fold
ISIC_7827067,0,0.00035994884,held_fold
ISIC_7828320,0,0.00023006296,held_fold
ISIC_7830937,0,0.0003773427,held_fold
ISIC_7832323,0,0.0005652285,held_fold
ISIC_7833195,0,0.00010974202,held_fold
ISIC_7836872,0,0.0005538532,held_fold
ISIC_7839220,0,0.00018344089,held_fold
ISIC_7841085,0,2.854651e-05,held_fold
ISIC_7841317,0,0.0007619057,held_fold
ISIC_7842567,0,0.00049090065,held_fold
ISIC_7843406,0,0.008059654,held_fold
ISIC_7844276,0,0.0012833562,held_fold
ISIC_7845281,0,0.0051499954,held_fold
ISIC_7847294,0,0.01715153,held_fold
ISIC_7850058,0,7.816468e-05,held_fold
ISIC_7850191,0,2.1496486e-05,held_fold
ISIC_7850786,0,0.00019602278,held_fold
ISIC_7850884,0,0.003979234,held_fold
ISIC_7851399,0,0.00010495321,held_fold
ISIC_7852508,0,0.04672341,held_fold
ISIC_7852759,0,0.00017124074,held_fold
ISIC_7853136,0,9.941963e-05,held_fold
ISIC_7857144,0,0.0001603052,held_fold
ISIC_7859801,0,0.0010812434,held_fold
ISIC_7867320,0,0.033057272,held_fold
ISIC_7868525,0,2.3832106e-05,held_fold
ISIC_7868855,0,0.00047600176,held_fold
ISIC_7869953,0,0.0009270475,held_fold
ISIC_7873885,0,5.9232716e-05,held_fold
ISIC_7875959,0,0.0037268093,held_fold
ISIC_7876620,0,0.00035391113,held_fold
ISIC_7879597,0,0.00030752106,held_fold
ISIC_7880046,0,0.00022700115,held_fold
ISIC_7880706,0,9.105393e-05,held_fold
ISIC_7881514,0,0.00069963484,held_fold
ISIC_7882053,0,0.00012871221,held_fold
ISIC_7885531,0,0.0009744411,held_fold
ISIC_7888672,0,0.000118300086,held_fold
ISIC_7890383,0,0.1322119,held_fold
ISIC_7891992,0,0.00013214666,held_fold
ISIC_7892276,0,0.0007130519,held_fold
ISIC_7895093,0,0.0010911525,held_fold
ISIC_7896667,0,7.2235256e-05,held_fold
ISIC_7897374,0,0.00014267191,held_fold
ISIC_7897626,0,0.007952562,held_fold
ISIC_7900295,0,0.00033546763,held_fold
ISIC_7901662,0,0.0061041345,held_fold
ISIC_7901891,0,0.0059037968,held_fold
ISIC_7903213,0,0.00013231309,held_fold
ISIC_7903561,0,0.0010198215,held_fold
ISIC_7903873,0,5.2731215e-05,held_fold
ISIC_7904191,0,0.00012889571,held_fold
ISIC_7905714,0,0.00015970027,held_fold
ISIC_7907113,0,0.00026127676,held_fold
ISIC_7907304,0,0.0003139524,held_fold
ISIC_7907808,0,0.0015455283,held_fold
ISIC_7908575,0,0.13351704,held_fold
ISIC_7911353,0,0.0005256387,held_fold
ISIC_7912183,0,0.0001994317,held_fold
ISIC_7915094,0,4.637253e-05,held_fold
ISIC_7915366,0,2.8725353e-05,held_fold
ISIC_7917961,0,7.031285e-05,held_fold
ISIC_7920705,0,0.0007803939,held_fold
ISIC_7924119,0,0.00016300818,held_fold
ISIC_7929089,0,0.00021790856,held_fold
ISIC_7929649,0,0.0007817005,held_fold
ISIC_7932466,0,0.016603725,held_fold
ISIC_7932658,0,0.00039349173,held_fold
ISIC_7933565,0,0.0012066489,held_fold
ISIC_7935007,0,0.00022543997,held_fold
ISIC_7936798,0,0.00010163817,held_fold
ISIC_7937728,0,1.8152014e-05,held_fold
ISIC_7940137,0,0.000906023,held_fold
ISIC_7940744,0,0.0004037971,held_fold
ISIC_7942323,0,9.799292e-05,held_fold
ISIC_7947847,0,0.00013814734,held_fold
ISIC_7948290,1,0.0004752673,held_fold
ISIC_7949832,0,0.00023655224,held_fold
ISIC_7950240,0,0.0004722853,held_fold
ISIC_7956925,0,0.024895683,held_fold
ISIC_7957630,0,0.0002676494,held_fold
ISIC_7958439,0,0.00019224035,held_fold
ISIC_7960251,0,0.00062655925,held_fold
ISIC_7960953,0,0.0095368475,held_fold
ISIC_7966295,0,0.00015158429,held_fold
ISIC_7967586,0,9.593385e-05,held_fold
ISIC_7968733,0,6.746944e-05,held_fold
ISIC_7969673,0,8.182423e-05,held_fold
ISIC_7970478,0,4.568324e-05,held_fold
ISIC_7972675,0,0.0001953954,held_fold
ISIC_7972756,0,0.015319806,held_fold
ISIC_7974409,0,9.1383175e-05,held_fold
ISIC_7975613,0,0.00055503537,held_fold
ISIC_7976463,0,0.000102142236,held_fold
ISIC_7976522,0,0.0050140223,held_fold
ISIC_7977871,0,0.0028772014,held_fold
ISIC_7978358,0,0.0124211535,held_fold
ISIC_7984985,0,0.02380672,held_fold
ISIC_7985659,0,0.054167204,held_fold
ISIC_7987407,0,0.0010180527,held_fold
ISIC_7988726,0,0.0001763198,held_fold
ISIC_7989119,0,7.073566e-05,held_fold
ISIC_7989205,0,0.00013797752,held_fold
ISIC_7991159,0,8.520467e-05,held_fold
ISIC_7991305,0,0.00067645404,held_fold
ISIC_7991424,0,0.0061269207,held_fold
ISIC_7991740,0,0.0046694935,held_fold
ISIC_7991932,0,0.00027325726,held_fold
ISIC_7993653,0,0.0005617137,held_fold
ISIC_7996054,0,0.000108437554,held_fold
ISIC_7997461,0,0.0012075446,held_fold
ISIC_8000880,0,5.028091e-05,held_fold
ISIC_8001757,0,0.00033664535,held_fold
ISIC_8002875,1,0.19630073,held_fold
ISIC_8004811,0,0.00015549424,held_fold
ISIC_8008356,0,0.04669069,held_fold
ISIC_8008932,0,0.013385203,held_fold
ISIC_8009201,0,0.00013118118,held_fold
ISIC_8011058,1,0.007344519,held_fold
ISIC_8011403,0,0.08393543,held_fold
ISIC_8012279,0,0.00010239384,held_fold
ISIC_8013946,0,0.00031207237,held_fold
ISIC_8015990,0,0.00011448873,held_fold
ISIC_8017829,0,0.0006569896,held_fold
ISIC_8024647,0,0.00026471494,held_fold
ISIC_8025243,0,0.00011571978,held_fold
ISIC_8025644,0,0.00022720644,held_fold
ISIC_8026249,0,0.053609315,held_fold
ISIC_8028126,0,0.0005105496,held_fold
ISIC_8029954,0,0.00013940125,held_fold
ISIC_8030063,0,0.0034783152,held_fold
ISIC_8031776,0,0.0046107844,held_fold
ISIC_8032520,0,0.0034325111,held_fold
ISIC_8033131,0,0.00030114703,held_fold
ISIC_8034738,0,0.0026711747,held_fold
ISIC_8034792,0,0.002797819,held_fold
ISIC_8035790,0,0.0011541531,held_fold
ISIC_8036544,0,0.00056527596,held_fold
ISIC_8038427,0,0.005550267,held_fold
ISIC_8039056,0,5.5237197e-05,held_fold
ISIC_8041078,0,0.00693877,held_fold
ISIC_8041953,0,0.002855369,held_fold
ISIC_8042423,0,0.0029082112,held_fold
ISIC_8043887,0,0.00023140183,held_fold
ISIC_8044526,0,8.943117e-05,held_fold
ISIC_8045105,0,0.0002820053,held_fold
ISIC_8045277,0,0.07759195,held_fold
ISIC_8049738,0,0.0018685164,held_fold
ISIC_8049923,0,0.00019080333,held_fold
ISIC_8050763,0,0.0017137569,held_fold
ISIC_8051015,0,0.00012768489,held_fold
ISIC_8051579,0,0.0013884697,held_fold
ISIC_8052769,1,0.00423177,held_fold
ISIC_8053432,0,0.00029508115,held_fold
ISIC_8053864,0,8.991945e-05,held_fold
ISIC_8055525,0,0.0017122305,held_fold
ISIC_8055992,0,0.00010838069,held_fold
ISIC_8059246,0,0.00026598925,held_fold
ISIC_8064759,0,0.00014228212,held_fold
ISIC_8066191,0,0.00040289373,held_fold
ISIC_8066391,0,5.9346927e-05,held_fold
ISIC_8066487,0,6.4731255e-05,held_fold
ISIC_8069416,0,0.0030412897,held_fold
ISIC_8071131,0,0.00022946423,held_fold
ISIC_8073568,0,0.0007287688,held_fold
ISIC_8075868,0,0.00019948855,held_fold
ISIC_8089289,0,9.166682e-05,held_fold
ISIC_8090739,0,0.0012084421,held_fold
ISIC_8094432,0,0.0009941028,held_fold
ISIC_8095966,0,0.00029563534,held_fold
ISIC_8096904,0,0.0002417725,held_fold
ISIC_8097600,0,0.0006030891,held_fold
ISIC_8099296,0,0.00058548665,held_fold
ISIC_8099354,0,0.0036466348,held_fold
ISIC_8101117,0,0.0011996444,held_fold
ISIC_8102580,0,0.0035782496,held_fold
ISIC_8105845,0,8.992974e-05,held_fold
ISIC_8108090,0,0.0002809185,held_fold
ISIC_8108870,0,0.0012155991,held_fold
ISIC_8109433,0,7.430398e-05,held_fold
ISIC_8112306,0,0.00028968955,held_fold
ISIC_8114321,0,0.0029366896,held_fold
ISIC_8116363,0,0.00015697832,held_fold
ISIC_8116716,0,0.0001543101,held_fold
ISIC_8118312,0,0.00010620035,held_fold
ISIC_8119105,0,3.4901823e-05,held_fold
ISIC_8119115,0,1.0414913e-05,held_fold
ISIC_8121679,0,0.0016657059,held_fold
ISIC_8123257,0,0.00015592482,held_fold
ISIC_8124459,0,0.0001273556,held_fold
ISIC_8125621,0,0.00010772262,held_fold
ISIC_8127242,0,0.0009261973,held_fold
ISIC_8129907,0,6.0012967e-06,held_fold
ISIC_8130007,0,0.00086527783,held_fold
ISIC_8132874,0,0.00055698666,held_fold
ISIC_8140229,0,0.00010057264,held_fold
ISIC_8142461,0,0.0025151228,held_fold
ISIC_8145260,0,0.00045200228,held_fold
ISIC_8147189,0,4.0527775e-05,held_fold
ISIC_8148300,0,0.00011478846,held_fold
ISIC_8150300,0,0.00028113014,held_fold
ISIC_8150469,0,9.517202e-05,held_fold
ISIC_8151437,0,0.0017806971,held_fold
ISIC_8151700,0,0.0010692104,held_fold
ISIC_8151991,0,0.014478778,held_fold
ISIC_8153237,0,0.0003613042,held_fold
ISIC_8154358,0,0.00016245904,held_fold
ISIC_8155634,0,0.0006738886,held_fold
ISIC_8157303,0,6.5543216e-05,held_fold
ISIC_8157405,0,0.014715452,held_fold
ISIC_8157972,0,0.00051354733,held_fold
ISIC_8158542,0,0.0022578,held_fold
ISIC_8159779,0,0.0001646613,held_fold
ISIC_8160979,0,0.0010049859,held_fold
ISIC_8163269,0,8.34416e-05,held_fold
ISIC_8164676,0,4.3330812e-05,held_fold
ISIC_8165434,0,0.0013680278,held_fold
ISIC_8166690,0,0.0051490157,held_fold
ISIC_8167062,0,6.308357e-05,held_fold
ISIC_8168507,0,0.0003396764,held_fold
ISIC_8170115,0,0.00027575193,held_fold
ISIC_8172795,0,0.00012793789,held_fold
ISIC_8174925,0,0.00011645503,held_fold
ISIC_8177108,0,5.7444864e-05,held_fold
ISIC_8184471,0,0.01881987,held_fold
ISIC_8187997,0,0.00013581665,held_fold
ISIC_8188597,0,0.0071451874,held_fold
ISIC_8189863,0,0.00057987915,held_fold
ISIC_8190321,0,0.24917637,held_fold
ISIC_8190660,0,0.016214628,held_fold
ISIC_8191809,0,0.0011110832,held_fold
ISIC_8194465,0,0.016000135,held_fold
ISIC_8195062,0,0.0063872286,held_fold
ISIC_8195528,0,0.00018884066,held_fold
ISIC_8196859,0,0.0001474596,held_fold
ISIC_8199467,0,0.0002958877,held_fold
ISIC_8200593,0,0.00014193996,held_fold
ISIC_8200928,0,0.00013112441,held_fold
ISIC_8202573,0,7.86975e-05,held_fold
ISIC_8206290,0,0.0039070905,held_fold
ISIC_8206577,0,0.00036329107,held_fold
ISIC_8207162,0,0.00014187164,held_fold
ISIC_8208962,0,0.01282699,held_fold
ISIC_8212536,0,0.00036132213,held_fold
ISIC_8212937,0,0.069288485,held_fold
ISIC_8215842,0,0.00019709366,held_fold
ISIC_8218058,0,0.0048784628,held_fold
ISIC_8222134,0,7.084684e-05,held_fold
ISIC_8222678,0,0.2548923,held_fold
ISIC_8223051,0,0.0036094375,held_fold
ISIC_8225018,0,0.0010590103,held_fold
ISIC_8228595,0,0.00011863571,held_fold
ISIC_8228671,0,0.00064447225,held_fold
ISIC_8229770,0,0.00014697811,held_fold
ISIC_8229833,0,0.00032262868,held_fold
ISIC_8230318,1,0.059126955,held_fold
ISIC_8231594,0,0.0019815934,held_fold
ISIC_8231949,0,0.0015880112,held_fold
ISIC_8231999,1,0.027940894,held_fold
ISIC_8233378,0,0.00032330854,held_fold
ISIC_8233560,0,0.001368491,held_fold
ISIC_8235969,0,0.00022079889,held_fold
ISIC_8236604,0,0.0005420798,held_fold
ISIC_8238508,0,9.214016e-05,held_fold
ISIC_8239034,0,0.00086564233,held_fold
ISIC_8241770,0,0.00010345282,held_fold
ISIC_8242918,0,0.003914063,held_fold
ISIC_8243312,0,0.00073965895,held_fold
ISIC_8243893,0,0.0013299919,held_fold
ISIC_8246858,0,0.004791068,held_fold
ISIC_8247847,0,0.00011548652,held_fold
ISIC_8248941,0,0.00018773225,held_fold
ISIC_8249743,0,0.00021705731,held_fold
ISIC_8249766,0,0.00089999934,held_fold
ISIC_8250729,0,0.00013607799,held_fold
ISIC_8251042,0,0.00016684772,held_fold
ISIC_8258795,0,0.00012591683,held_fold
ISIC_8260720,0,0.0001790027,held_fold
ISIC_8262345,0,0.00013379597,held_fold
ISIC_8263741,0,9.527917e-05,held_fold
ISIC_8265045,0,0.0002795111,held_fold
ISIC_8266469,0,0.023010701,held_fold
ISIC_8267758,0,0.0024929247,held_fold
ISIC_8267961,0,0.00056381663,held_fold
ISIC_8270195,0,5.063578e-05,held_fold
ISIC_8272138,0,6.396777e-05,held_fold
ISIC_8275353,0,0.00057949685,held_fold
ISIC_8276583,0,0.00096544164,held_fold
ISIC_8277987,0,0.005282328,held_fold
ISIC_8278517,0,4.5609548e-05,held_fold
ISIC_8278742,0,0.0017955551,held_fold
ISIC_8278912,0,0.00075387064,held_fold
ISIC_8278996,0,0.0013836096,held_fold
ISIC_8280581,0,6.536807e-05,held_fold
ISIC_8283033,0,0.022188729,held_fold
ISIC_8284404,0,7.135149e-05,held_fold
ISIC_8284602,0,6.635936e-05,held_fold
ISIC_8284685,0,0.000108125925,held_fold
ISIC_8287528,0,0.11453743,held_fold
ISIC_8291368,0,0.000110113295,held_fold
ISIC_8292122,0,0.00020316588,held_fold
ISIC_8293201,0,0.00012394872,held_fold
ISIC_8293930,0,0.0004281825,held_fold
ISIC_8294905,0,0.00078512036,held_fold
ISIC_8297517,0,0.00047716926,held_fold
ISIC_8297563,0,0.0013277435,held_fold
ISIC_8300858,0,0.00019467609,held_fold
ISIC_8304346,0,0.00017547382,held_fold
ISIC_8310944,0,7.867814e-05,held_fold
ISIC_8313202,0,0.001110589,held_fold
ISIC_8314055,0,0.00050467526,held_fold
ISIC_8314115,0,0.0004323116,held_fold
ISIC_8314759,0,0.00044033123,held_fold
ISIC_8315128,0,0.048868217,held_fold
ISIC_8316125,0,0.00043285958,held_fold
ISIC_8316885,0,0.00037901694,held_fold
ISIC_8318077,0,0.0004568665,held_fold
ISIC_8319058,0,4.8816473e-05,held_fold
ISIC_8319586,0,0.0004367949,held_fold
ISIC_8321678,0,6.921405e-05,held_fold
ISIC_8322239,0,0.060530912,held_fold
ISIC_8323234,0,0.00017383447,held_fold
ISIC_8323829,0,5.511134e-05,held_fold
ISIC_8324271,0,0.008043754,held_fold
ISIC_8324371,0,0.012746977,held_fold
ISIC_8324681,0,4.927149e-05,held_fold
ISIC_8324870,0,0.0011070368,held_fold
ISIC_8324895,0,0.00016840591,held_fold
ISIC_8325107,0,0.00013544185,held_fold
ISIC_8325198,0,0.0005045514,held_fold
ISIC_8325260,0,0.0020137948,held_fold
ISIC_8326957,0,0.0014764476,held_fold
ISIC_8327302,0,0.07699656,held_fold
ISIC_8327352,0,9.441641e-05,held_fold
ISIC_8327455,0,0.0032871969,held_fold
ISIC_8327485,0,0.0013902395,held_fold
ISIC_8333087,0,9.961901e-05,held_fold
ISIC_8334115,0,0.00419161,held_fold
ISIC_8335489,0,0.024936602,held_fold
ISIC_8335722,0,5.775075e-05,held_fold
ISIC_8336956,0,0.0020104884,held_fold
ISIC_8341144,0,0.00015109191,held_fold
ISIC_8342761,0,0.029477967,held_fold
ISIC_8343285,0,0.00016963591,held_fold
ISIC_8343678,0,0.00021247972,held_fold
ISIC_8344124,0,0.00018522557,held_fold
ISIC_8345964,0,5.953046e-05,held_fold
ISIC_8347165,0,0.006426151,held_fold
ISIC_8347675,0,0.009738721,held_fold
ISIC_8349600,0,0.0015109299,held_fold
ISIC_8353156,0,9.13695e-05,held_fold
ISIC_8354409,0,0.0033983786,held_fold
ISIC_8356805,0,0.002432715,held_fold
ISIC_8362113,0,0.0002643331,held_fold
ISIC_8363791,0,1.4025402e-05,held_fold
ISIC_8366005,0,8.075012e-05,held_fold
ISIC_8368870,0,0.0028539833,held_fold
ISIC_8373218,0,0.011324448,held_fold
ISIC_8374044,0,9.208974e-05,held_fold
ISIC_8374497,0,0.00052539323,held_fold
ISIC_8376027,0,0.00028445313,held_fold
ISIC_8378094,0,0.0002145035,held_fold
ISIC_8378321,0,0.00015519206,held_fold
ISIC_8378790,0,0.00015121327,held_fold
ISIC_8379890,0,0.00011260501,held_fold
ISIC_8379956,1,0.18281597,held_fold
ISIC_8380527,0,0.0016389842,held_fold
ISIC_8380605,0,0.00042241262,held_fold
ISIC_8380904,0,0.0058615226,held_fold
ISIC_8381608,0,0.00027118772,held_fold
ISIC_8381673,0,0.00016351006,held_fold
ISIC_8383915,0,0.00016019365,held_fold
ISIC_8386146,0,0.00021450329,held_fold
ISIC_8387437,0,0.00039000818,held_fold
ISIC_8388593,0,0.0032359739,held_fold
ISIC_8393181,0,0.0027310601,held_fold
ISIC_8397698,0,0.0004721183,held_fold
ISIC_8400393,0,0.005694044,held_fold
ISIC_8406777,0,0.00018329333,held_fold
ISIC_8409053,0,7.213008e-05,held_fold
ISIC_8409475,0,0.001753939,held_fold
ISIC_8414396,0,0.00058892893,held_fold
ISIC_8416554,0,6.279499e-05,held_fold
ISIC_8418506,0,0.0015539046,held_fold
ISIC_8418610,0,0.014017848,held_fold
ISIC_8419036,0,0.00077097834,held_fold
ISIC_8419663,0,8.909571e-05,held_fold
ISIC_8420148,0,7.549704e-05,held_fold
ISIC_8421394,0,0.0002859849,held_fold
ISIC_8422703,0,0.002761014,held_fold
ISIC_8423312,0,0.00010795883,held_fold
ISIC_8423604,0,0.0010806775,held_fold
ISIC_8424599,0,0.0040201577,held_fold
ISIC_8424785,0,0.00014875832,held_fold
ISIC_8425338,0,0.0010365424,held_fold
ISIC_8425541,0,0.022483988,held_fold
ISIC_8429099,0,0.096274,held_fold
ISIC_8429564,0,0.00040682708,held_fold
ISIC_8429722,0,0.0002052015,held_fold
ISIC_8430749,0,0.0011084124,held_fold
ISIC_8432001,0,0.00095801614,held_fold
ISIC_8434081,0,0.00035621712,held_fold
ISIC_8435651,0,0.0014874657,held_fold
ISIC_8436590,0,0.0056922454,held_fold
ISIC_8438071,0,0.009817787,held_fold
ISIC_8440070,0,0.00010212139,held_fold
ISIC_8442933,0,0.010259961,held_fold
ISIC_8444072,0,0.00029419013,held_fold
ISIC_8445041,0,0.00074336916,held_fold
ISIC_8445238,0,0.001987552,held_fold
ISIC_8446043,0,0.0011323064,held_fold
ISIC_8449514,0,0.0053807837,held_fold
ISIC_8450723,0,0.0004838908,held_fold
ISIC_8451130,0,0.0050270683,held_fold
ISIC_8451869,0,0.00015507948,held_fold
ISIC_8458149,0,0.00011605218,held_fold
ISIC_8460669,0,0.008095775,held_fold
ISIC_8462445,0,0.00013995479,held_fold
ISIC_8463146,0,0.00044482242,held_fold
ISIC_8467665,0,4.6677113e-05,held_fold
ISIC_8468957,0,7.73273e-05,held_fold
ISIC_8469765,0,2.535607e-05,held_fold
ISIC_8474660,0,0.0032362153,held_fold
ISIC_8475681,0,0.0007635233,held_fold
ISIC_8479104,0,0.00030121626,held_fold
ISIC_8479651,0,0.0001333624,held_fold
ISIC_8480329,0,7.047966e-05,held_fold
ISIC_8481822,0,0.0016528952,held_fold
ISIC_8484660,0,7.0841175e-05,held_fold
ISIC_8492463,0,7.7960416e-05,held_fold
ISIC_8495497,0,0.0002912698,held_fold
ISIC_8495875,0,0.0015159963,held_fold
ISIC_8496646,0,0.00024610423,held_fold
ISIC_8497457,1,0.12405654,held_fold
ISIC_8502248,0,8.716862e-05,held_fold
ISIC_8502341,0,9.1113434e-05,held_fold
ISIC_8504450,0,0.033128805,held_fold
ISIC_8504479,0,8.300352e-05,held_fold
ISIC_8504517,0,0.0014968023,held_fold
ISIC_8506003,0,6.7092114e-05,held_fold
ISIC_8506618,0,0.0028814822,held_fold
ISIC_8509430,0,0.0016937266,held_fold
ISIC_8510975,0,0.0031721054,held_fold
ISIC_8515165,0,0.0001576744,held_fold
ISIC_8518406,0,0.00060641405,held_fold
ISIC_8519931,0,0.00020100934,held_fold
ISIC_8525314,0,0.00052148866,held_fold
ISIC_8526729,0,0.036097154,held_fold
ISIC_8526902,0,4.519028e-05,held_fold
ISIC_8526982,0,0.00051978196,held_fold
ISIC_8527330,0,9.597319e-05,held_fold
ISIC_8528486,0,6.3180987e-06,held_fold
ISIC_8528824,0,6.124318e-05,held_fold
ISIC_8533045,0,0.00020351021,held_fold
ISIC_8534863,0,2.4018265e-05,held_fold
ISIC_8535943,0,0.00013425297,held_fold
ISIC_8536138,0,4.3686894e-05,held_fold
ISIC_8539990,0,0.00011970514,held_fold
ISIC_8541038,0,0.0042015114,held_fold
ISIC_8546213,0,5.393244e-05,held_fold
ISIC_8546378,0,0.0006451375,held_fold
ISIC_8551624,0,0.004060089,held_fold
ISIC_8554450,0,0.00012286282,held_fold
ISIC_8555960,0,4.4325938e-05,held_fold
ISIC_8556519,0,0.007577636,held_fold
ISIC_8561070,0,0.033050705,held_fold
ISIC_8561963,0,0.0020129192,held_fold
ISIC_8564527,0,0.0014585304,held_fold
ISIC_8564636,0,0.00063327816,held_fold
ISIC_8566184,0,6.831516e-05,held_fold
ISIC_8566203,0,0.0023124812,held_fold
ISIC_8567027,0,0.0022273487,held_fold
ISIC_8567199,0,0.0002189743,held_fold
ISIC_8569148,0,0.0003545306,held_fold
ISIC_8570817,0,0.00016812563,held_fold
ISIC_8571262,0,0.00021700474,held_fold
ISIC_8573647,0,0.0046365815,held_fold
ISIC_8576068,0,9.644144e-05,held_fold
ISIC_8578732,0,0.0031415813,held_fold
ISIC_8584089,0,0.0011620546,held_fold
ISIC_8584585,0,0.00019917022,held_fold
ISIC_8585685,0,0.0013368559,held_fold
ISIC_8591003,0,0.019195564,held_fold
ISIC_8596724,0,0.022426773,held_fold
ISIC_8597354,0,5.6102726e-05,held_fold
ISIC_8599384,0,0.0005477815,held_fold
ISIC_8600358,0,0.0010033036,held_fold
ISIC_8602467,0,0.010055112,held_fold
ISIC_8603124,0,0.00054094946,held_fold
ISIC_8603396,0,0.0030014736,held_fold
ISIC_8605422,0,0.0005000915,held_fold
ISIC_8608894,0,0.0020121299,held_fold
ISIC_8614359,0,0.00014261139,held_fold
ISIC_8614778,0,0.0007092036,held_fold
ISIC_8618266,0,1.1969389e-05,held_fold
ISIC_8624063,0,0.0017465474,held_fold
ISIC_8624123,0,9.579326e-05,held_fold
ISIC_8626941,0,0.00013989782,held_fold
ISIC_8629973,0,0.00083861366,held_fold
ISIC_8630818,0,0.00040283665,held_fold
ISIC_8631846,0,0.00011945713,held_fold
ISIC_8633719,0,0.0006335268,held_fold
ISIC_8633889,0,0.013651512,held_fold
ISIC_8634356,0,0.00022092737,held_fold
ISIC_8635903,0,0.0006582136,held_fold
ISIC_8638021,0,0.0003179986,held_fold
ISIC_8638173,0,8.644547e-05,held_fold
ISIC_8639771,0,0.00024296467,held_fold
ISIC_8645104,0,0.0052284743,held_fold
ISIC_8646276,0,0.007834314,held_fold
ISIC_8647900,0,8.349747e-05,held_fold
ISIC_8648090,0,0.00027403215,held_fold
ISIC_8649055,0,1.933147e-05,held_fold
ISIC_8651476,0,0.0010401208,held_fold
ISIC_8657079,0,0.00038862534,held_fold
ISIC_8658037,0,0.0008687749,held_fold
ISIC_8658889,0,0.000120676916,held_fold
ISIC_8659694,0,7.809502e-05,held_fold
ISIC_8661226,0,0.012995921,held_fold
ISIC_8663971,0,0.0024019296,held_fold
ISIC_8664315,0,0.0003192757,held_fold
ISIC_8664819,0,0.00017665769,held_fold
ISIC_8666405,0,0.0050098114,held_fold
ISIC_8666637,0,0.00010990895,held_fold
ISIC_8668448,0,9.0495865e-05,held_fold
ISIC_8668530,0,0.0003091584,held_fold
ISIC_8669314,0,0.005021743,held_fold
ISIC_8670684,0,0.00020965487,held_fold
ISIC_8672185,0,0.09463459,held_fold
ISIC_8677110,0,0.0032708459,held_fold
ISIC_8679149,0,0.00022663004,held_fold
ISIC_8680421,0,0.0015350532,held_fold
ISIC_8680948,0,0.0013660867,held_fold
ISIC_8681290,0,0.0012829016,held_fold
ISIC_8681917,0,0.07900965,held_fold
ISIC_8691091,0,0.0003977527,held_fold
ISIC_8691163,0,0.00023661382,held_fold
ISIC_8692950,0,0.00037238837,held_fold
ISIC_8694888,0,0.0018709956,held_fold
ISIC_8695109,0,5.443358e-05,held_fold
ISIC_8695317,0,0.08522484,held_fold
ISIC_8699205,0,0.00037069106,held_fold
ISIC_8699453,0,0.048414446,held_fold
ISIC_8700403,0,0.0032482322,held_fold
ISIC_8701975,0,0.0034197583,held_fold
ISIC_8702706,0,0.00023724927,held_fold
ISIC_8703209,0,0.00088230957,held_fold
ISIC_8704004,0,0.00014326464,held_fold
ISIC_8705626,0,0.0037968662,held_fold
ISIC_8707606,0,0.0014419223,held_fold
ISIC_8715792,0,0.0026682345,held_fold
ISIC_8716235,0,0.0033098308,held_fold
ISIC_8716644,0,0.00013763481,held_fold
ISIC_8717336,0,0.0007680978,held_fold
ISIC_8723815,0,0.0013401812,held_fold
ISIC_8727731,0,3.756158e-05,held_fold
ISIC_8729091,0,0.000144945,held_fold
ISIC_8739046,0,0.00017145347,held_fold
ISIC_8739533,0,0.00059758825,held_fold
ISIC_8742875,0,0.0002739125,held_fold
ISIC_8747095,0,0.010713596,held_fold
ISIC_8748689,0,0.0007146039,held_fold
ISIC_8750055,0,0.024592618,held_fold
ISIC_8751393,0,0.016980335,held_fold
ISIC_8754461,0,0.00021220256,held_fold
ISIC_8755163,0,7.043667e-05,held_fold
ISIC_8755714,0,0.0033448946,held_fold
ISIC_8757664,0,0.0021959634,held_fold
ISIC_8759073,0,0.0019263544,held_fold
ISIC_8759726,0,0.00044643748,held_fold
ISIC_8759744,0,0.0001240154,held_fold
ISIC_8759813,0,0.013580425,held_fold
ISIC_8760029,0,0.000113846414,held_fold
ISIC_8760380,0,0.028844086,held_fold
ISIC_8762437,0,0.00044745827,held_fold
ISIC_8764927,0,0.02052741,held_fold
ISIC_8770401,0,0.00034288407,held_fold
ISIC_8773685,0,6.252694e-05,held_fold
ISIC_8774880,0,6.4952124e-05,held_fold
ISIC_8776363,0,0.00014924764,held_fold
ISIC_8776661,0,0.0263333,held_fold
ISIC_8777622,0,0.00017644238,held_fold
ISIC_8777866,0,0.00015279689,held_fold
ISIC_8778648,0,0.000124337,held_fold
ISIC_8780547,0,0.0036837256,held_fold
ISIC_8781451,0,0.001163736,held_fold
ISIC_8781751,0,0.00030558917,held_fold
ISIC_8783667,0,0.0026718862,held_fold
ISIC_8786606,0,9.954561e-05,held_fold
ISIC_8789673,0,0.0006762401,held_fold
ISIC_8790198,0,0.00025548413,held_fold
ISIC_8791729,0,0.0143696815,held_fold
ISIC_8799089,0,0.000826251,held_fold
ISIC_8802047,0,0.00035491548,held_fold
ISIC_8804704,0,8.037192e-05,held_fold
ISIC_8805000,0,0.00021253445,held_fold
ISIC_8808756,0,0.00036941137,held_fold
ISIC_8812739,0,0.0005879525,held_fold
ISIC_8812781,0,0.0011989783,held_fold
ISIC_8812830,0,0.002391525,held_fold
ISIC_8813303,0,0.00015697771,held_fold
ISIC_8813306,0,0.003458136,held_fold
ISIC_8813415,0,0.0007278097,held_fold
ISIC_8813838,0,9.551286e-05,held_fold
ISIC_8814843,0,0.00010157365,held_fold
ISIC_8816154,0,0.015080311,held_fold
ISIC_8816494,0,0.00040296454,held_fold
ISIC_8821137,0,0.0001112502,held_fold
ISIC_8826643,0,3.98236e-05,held_fold
ISIC_8831176,0,0.000381873,held_fold
ISIC_8831631,0,0.032086782,held_fold
ISIC_8834606,0,0.0010563522,held_fold
ISIC_8835154,0,0.023878014,held_fold
ISIC_8837100,0,0.0041929833,held_fold
ISIC_8837792,0,0.010785706,held_fold
ISIC_8838232,0,0.00028003042,held_fold
ISIC_8840271,0,0.00022565071,held_fold
ISIC_8841738,0,5.5807544e-05,held_fold
ISIC_8841886,0,0.07417294,held_fold
ISIC_8842295,0,0.00013704994,held_fold
ISIC_8842646,0,0.0049921223,held_fold
ISIC_8844233,0,2.6878844e-05,held_fold
ISIC_8845891,0,0.0020495183,held_fold
ISIC_8846654,0,0.00029672924,held_fold
ISIC_8847321,0,0.0028962148,held_fold
ISIC_8847503,0,0.056283742,held_fold
ISIC_8848134,0,0.0049337763,held_fold
ISIC_8848327,0,0.0008874526,held_fold
ISIC_8849117,0,0.0001286066,held_fold
ISIC_8849466,0,0.0013609086,held_fold
ISIC_8850826,0,0.006516755,held_fold
ISIC_8853902,0,3.5823807e-05,held_fold
ISIC_8853995,0,0.00040851976,held_fold
ISIC_8854196,0,0.00072440685,held_fold
ISIC_8858877,0,0.009982534,held_fold
ISIC_8862107,0,0.007911823,held_fold
ISIC_8866651,1,0.14174612,held_fold
ISIC_8867555,0,0.002716154,held_fold
ISIC_8867565,0,0.00012957126,held_fold
ISIC_8869249,0,0.0016606625,held_fold
ISIC_8872158,1,0.12180636,held_fold
ISIC_8878967,0,0.0021558837,held_fold
ISIC_8882801,0,0.0019363933,held_fold
ISIC_8883212,0,0.00019224163,held_fold
ISIC_8887095,0,0.0014321895,held_fold
ISIC_8887170,0,0.006388878,held_fold
ISIC_8887405,0,0.001139775,held_fold
ISIC_8889010,0,0.00032555312,held_fold
ISIC_8890072,0,1.4619584e-05,held_fold
ISIC_8891234,0,0.006097163,held_fold
ISIC_8893724,0,0.025554027,held_fold
ISIC_8896223,0,6.676107e-05,held_fold
ISIC_8898680,0,0.00039379776,held_fold
ISIC_8900012,0,0.0017138859,held_fold
ISIC_8901419,0,0.011326882,held_fold
ISIC_8902080,0,0.00018890729,held_fold
ISIC_8904256,0,0.0019775783,held_fold
ISIC_8905349,0,0.0025557566,held_fold
ISIC_8910635,0,0.00027152713,held_fold
ISIC_8911740,0,0.0008617427,held_fold
ISIC_8917078,0,0.0015573041,held_fold
ISIC_8917755,0,0.049686965,held_fold
ISIC_8920064,0,0.0007269747,held_fold
ISIC_8921327,0,0.00035122607,held_fold
ISIC_8921647,0,0.00017995077,held_fold
ISIC_8923673,0,0.00047736807,held_fold
ISIC_8924292,0,0.00015365702,held_fold
ISIC_8924426,0,0.075463206,held_fold
ISIC_8924853,0,0.0003910458,held_fold
ISIC_8926341,0,0.0009942775,held_fold
ISIC_8926892,0,0.0038452041,held_fold
ISIC_8926980,0,0.000742186,held_fold
ISIC_8927825,0,0.0005133178,held_fold
ISIC_8933744,0,5.0294482e-05,held_fold
ISIC_8935984,0,0.0006731312,held_fold
ISIC_8936977,0,0.0013850649,held_fold
ISIC_8937646,0,0.0007493954,held_fold
ISIC_8938681,0,8.778892e-05,held_fold
ISIC_8938776,0,5.892792e-05,held_fold
ISIC_8941586,0,0.00074127835,held_fold
ISIC_8944892,0,0.00020227135,held_fold
ISIC_8951449,0,9.6289725e-05,held_fold
ISIC_8952288,0,0.052367013,held_fold
ISIC_8953242,0,0.00052061357,held_fold
ISIC_8956001,0,0.00013119595,held_fold
ISIC_8957426,0,3.6854635e-05,held_fold
ISIC_8960763,0,0.06396062,held_fold
ISIC_8965285,0,0.0053648427,held_fold
ISIC_8966170,0,0.0069332356,held_fold
ISIC_8967404,0,0.027741013,held_fold
ISIC_8967818,0,3.7266193e-05,held_fold
ISIC_8970333,0,0.00015984272,held_fold
ISIC_8970499,0,0.00020348381,held_fold
ISIC_8972403,0,0.000111189736,held_fold
ISIC_8977933,0,0.0018484112,held_fold
ISIC_8980801,0,0.00035973167,held_fold
ISIC_8981700,0,0.0005123834,held_fold
ISIC_8981851,0,0.00022995705,held_fold
ISIC_8985109,1,0.032587927,held_fold
ISIC_8986997,0,8.6011474e-05,held_fold
ISIC_8987085,0,0.00027902704,held_fold
ISIC_8989572,0,3.0097039e-05,held_fold
ISIC_8991530,0,0.051603317,held_fold
ISIC_8991672,0,0.0012223416,held_fold
ISIC_8992925,0,0.0032555598,held_fold
ISIC_8996902,0,0.00067188527,held_fold
ISIC_8997109,0,2.8035958e-05,held_fold
ISIC_9000030,0,0.00014715311,held_fold
ISIC_9000226,0,0.0004362096,held_fold
ISIC_9000824,1,0.011684416,held_fold
ISIC_9001948,1,0.005103964,held_fold
ISIC_9004995,0,0.0019324658,held_fold
ISIC_9008026,0,9.425575e-05,held_fold
ISIC_9011777,0,0.00016853653,held_fold
ISIC_9012721,0,0.00035874892,held_fold
ISIC_9013045,0,0.0063768844,held_fold
ISIC_9014036,0,0.0013910494,held_fold
ISIC_9014786,0,5.1546813e-05,held_fold
ISIC_9015818,0,0.00014180077,held_fold
ISIC_9021889,0,0.0017616584,held_fold
ISIC_9022054,0,0.012865159,held_fold
ISIC_9023603,0,0.0026585902,held_fold
ISIC_9023945,0,0.0013483936,held_fold
ISIC_9024038,0,0.015467533,held_fold
ISIC_9024245,0,0.000119157696,held_fold
ISIC_9028177,0,6.921662e-05,held_fold
ISIC_9028997,0,0.03552557,held_fold
ISIC_9029328,0,0.000286419,held_fold
ISIC_9037248,0,0.00059836905,held_fold
ISIC_9037301,0,0.00040847555,held_fold
ISIC_9037423,0,0.0010818673,held_fold
ISIC_9037453,0,0.0011540167,held_fold
ISIC_9041509,0,7.8845624e-05,held_fold
ISIC_9041897,0,5.512317e-05,held_fold
ISIC_9043344,0,0.015110278,held_fold
ISIC_9043908,0,0.00048388826,held_fold
ISIC_9050608,0,0.00014024603,held_fold
ISIC_9051057,0,0.0001730839,held_fold
ISIC_9051287,0,0.039030593,held_fold
ISIC_9052594,0,0.00014860279,held_fold
ISIC_9053619,0,0.00031776133,held_fold
ISIC_9053699,0,0.0077922554,held_fold
ISIC_9053788,0,0.016867924,held_fold
ISIC_9054920,0,0.06563275,held_fold
ISIC_9055357,0,0.004186184,held_fold
ISIC_9059086,0,8.696329e-05,held_fold
ISIC_9059296,0,0.00014571383,held_fold
ISIC_9059686,0,0.06058648,held_fold
ISIC_9060377,0,0.0329863,held_fold
ISIC_9064053,0,0.00018851181,held_fold
ISIC_9066883,0,4.9924052e-05,held_fold
ISIC_9069800,0,0.00014064457,held_fold
ISIC_9071758,0,0.0015459992,held_fold
ISIC_9072309,0,4.329554e-05,held_fold
ISIC_9072567,0,0.0038560356,held_fold
ISIC_9076034,0,0.10699914,held_fold
ISIC_9077709,0,0.0038392874,held_fold
ISIC_9078100,0,0.00010672521,held_fold
ISIC_9079223,0,0.00051804987,held_fold
ISIC_9079489,0,8.1350576e-05,held_fold
ISIC_9080743,0,0.00012280708,held_fold
ISIC_9080990,0,0.0077768927,held_fold
ISIC_9082440,0,0.001031707,held_fold
ISIC_9083592,0,7.4171876e-05,held_fold
ISIC_9084483,0,0.0006682491,held_fold
ISIC_9085473,0,0.00044691353,held_fold
ISIC_9087581,0,0.0017809133,held_fold
ISIC_9087655,0,0.0010359989,held_fold
ISIC_9089575,0,0.000600735,held_fold
ISIC_9089987,0,0.00038776864,held_fold
ISIC_9091415,0,0.0019650243,held_fold
ISIC_9091954,0,0.00043637058,held_fold
ISIC_9092759,0,0.06334792,held_fold
ISIC_9094201,0,8.220378e-05,held_fold
ISIC_9099529,0,0.0021608542,held_fold
ISIC_9102834,0,9.981774e-05,held_fold
ISIC_9103422,0,0.0005059827,held_fold
ISIC_9103556,0,0.00013939143,held_fold
ISIC_9105740,0,0.00075826206,held_fold
ISIC_9107811,0,6.742261e-05,held_fold
ISIC_9109515,0,0.00017914647,held_fold
ISIC_9109847,0,4.541965e-05,held_fold
ISIC_9112443,0,0.00016630703,held_fold
ISIC_9114776,0,9.649931e-05,held_fold
ISIC_9115001,0,2.5095373e-05,held_fold
ISIC_9115256,0,0.0028187432,held_fold
ISIC_9117456,0,0.0019923607,held_fold
ISIC_9118842,0,0.011422807,held_fold
ISIC_9119271,0,0.009797342,held_fold
ISIC_9122329,0,7.001149e-05,held_fold
ISIC_9127934,0,0.0022160735,held_fold
ISIC_9128304,0,0.0021337809,held_fold
ISIC_9134100,0,0.000101142185,held_fold
ISIC_9135390,0,0.00018464559,held_fold
ISIC_9138647,0,0.0025423865,held_fold
ISIC_9143795,0,0.00039780617,held_fold
ISIC_9146648,0,0.00016887594,held_fold
ISIC_9150050,0,5.385561e-05,held_fold
ISIC_9151409,0,0.0006785784,held_fold
ISIC_9153636,0,0.002207453,held_fold
ISIC_9154282,0,0.0021659085,held_fold
ISIC_9159739,0,0.00028963212,held_fold
ISIC_9160772,0,0.008690553,held_fold
ISIC_9161341,0,0.0006360472,held_fold
ISIC_9162451,0,0.00028718545,held_fold
ISIC_9162798,0,0.000314301,held_fold
ISIC_9163905,0,4.3278946e-05,held_fold
ISIC_9165807,0,0.0008296149,held_fold
ISIC_9167285,0,0.00037202507,held_fold
ISIC_9167290,0,0.00020636912,held_fold
ISIC_9168779,0,0.0010122095,held_fold
ISIC_9169000,0,0.2266348,held_fold
ISIC_9169586,0,0.00025666752,held_fold
ISIC_9172605,0,0.002083778,held_fold
ISIC_9174306,1,0.03391874,held_fold
ISIC_9174347,0,0.05173478,held_fold
ISIC_9174412,0,0.0009334587,held_fold
ISIC_9174830,0,0.054430623,held_fold
ISIC_9177813,0,7.1295515e-05,held_fold
ISIC_9182285,0,0.00015143867,held_fold
ISIC_9187978,0,0.002622093,held_fold
ISIC_9190018,0,0.00013032564,held_fold
ISIC_9190784,0,6.948896e-05,held_fold
ISIC_9193127,1,0.006032212,held_fold
ISIC_9196819,0,4.2221316e-05,held_fold
ISIC_9199229,0,0.0001936815,held_fold
ISIC_9202278,0,0.00049789005,held_fold
ISIC_9206499,0,0.00031548744,held_fold
ISIC_9207137,0,0.0005451987,held_fold
ISIC_9208006,0,0.2794788,held_fold
ISIC_9209515,0,0.00019193135,held_fold
ISIC_9210825,0,4.7478785e-05,held_fold
ISIC_9211989,0,0.06216439,held_fold
ISIC_9215836,0,0.008657042,held_fold
ISIC_9216989,0,0.0011809994,held_fold
ISIC_9217340,0,0.0020036488,held_fold
ISIC_9223481,0,0.0006356987,held_fold
ISIC_9225184,0,0.0003232549,held_fold
ISIC_9225210,0,0.010516624,held_fold
ISIC_9226193,0,0.00030272626,held_fold
ISIC_9228224,0,0.00026028618,held_fold
ISIC_9229525,0,0.00015242292,held_fold
ISIC_9230826,0,0.00022782771,held_fold
ISIC_9231263,0,0.005257093,held_fold
ISIC_9233009,0,2.3199907e-05,held_fold
ISIC_9235975,0,0.0008232386,held_fold
ISIC_9237244,0,0.026199901,held_fold
ISIC_9237341,0,0.04140399,held_fold
ISIC_9239339,0,0.00034696158,held_fold
ISIC_9241093,0,0.00016933065,held_fold
ISIC_9241222,0,0.0011879564,held_fold
ISIC_9241497,0,4.4494576e-05,held_fold
ISIC_9241722,0,0.00014678048,held_fold
ISIC_9243440,0,0.00038619043,held_fold
ISIC_9244634,0,0.06372,held_fold
ISIC_9244659,0,0.03502165,held_fold
ISIC_9246022,0,0.00030687204,held_fold
ISIC_9247687,0,0.06079161,held_fold
ISIC_9249257,0,0.008111523,held_fold
ISIC_9250898,0,0.0027564778,held_fold
ISIC_9252800,0,0.0047757844,held_fold
ISIC_9254433,0,0.00016668679,held_fold
ISIC_9255522,0,0.00039420172,held_fold
ISIC_9258027,0,0.0032527356,held_fold
ISIC_9259697,0,0.00053129287,held_fold
ISIC_9259892,0,0.001484991,held_fold
ISIC_9262162,0,8.585775e-05,held_fold
ISIC_9264993,0,0.00021609585,held_fold
ISIC_9265406,0,0.00013001285,held_fold
ISIC_9267058,0,4.547235e-05,held_fold
ISIC_9268137,0,7.8645135e-05,held_fold
ISIC_9270335,0,0.00021330854,held_fold
ISIC_9270418,0,9.7173026e-05,held_fold
ISIC_9271416,0,0.0004980547,held_fold
ISIC_9271800,0,0.0003132952,held_fold
ISIC_9272770,0,6.398174e-05,held_fold
ISIC_9273465,0,0.0035071643,held_fold
ISIC_9276442,0,0.033577293,held_fold
ISIC_9276931,0,0.00011806457,held_fold
ISIC_9279329,0,0.00064065395,held_fold
ISIC_9280210,0,0.0011902194,held_fold
ISIC_9283427,0,6.732213e-05,held_fold
ISIC_9283914,0,0.00013389118,held_fold
ISIC_9285635,0,4.3854692e-05,held_fold
ISIC_9290617,0,0.00017738384,held_fold
ISIC_9290968,0,0.0007013739,held_fold
ISIC_9293970,0,0.0014316809,held_fold
ISIC_9294326,0,9.355407e-05,held_fold
ISIC_9294593,0,3.8684302e-05,held_fold
ISIC_9295267,0,5.4357024e-05,held_fold
ISIC_9296537,0,2.484773e-05,held_fold
ISIC_9297472,0,0.00012961871,held_fold
ISIC_9299721,0,0.00014856369,held_fold
ISIC_9300579,0,0.00030770287,held_fold
ISIC_9301333,0,0.0039202473,held_fold
ISIC_9303849,0,0.00024731067,held_fold
ISIC_9305788,0,3.4210956e-05,held_fold
ISIC_9307584,0,0.000109418084,held_fold
ISIC_9307997,0,2.0742498e-05,held_fold
ISIC_9309245,0,0.001938443,held_fold
ISIC_9310101,0,6.292111e-05,held_fold
ISIC_9310178,0,0.0002425543,held_fold
ISIC_9310505,0,0.0078023043,held_fold
ISIC_9312099,0,0.0011086779,held_fold
ISIC_9312164,1,0.01410509,held_fold
ISIC_9314144,0,0.07031283,held_fold
ISIC_9316994,0,0.0005590663,held_fold
ISIC_9317894,0,0.014936621,held_fold
ISIC_9323095,0,1.6525164e-05,held_fold
ISIC_9323283,0,0.010761206,held_fold
ISIC_9325254,0,0.0036026682,held_fold
ISIC_9328589,0,0.02041686,held_fold
ISIC_9331684,0,0.013920164,held_fold
ISIC_9332795,0,0.012242146,held_fold
ISIC_9333245,0,0.001342452,held_fold
ISIC_9333842,0,0.012945522,held_fold
ISIC_9334956,0,0.0005507715,held_fold
ISIC_9335977,0,0.00016946568,held_fold
ISIC_9338267,0,0.053123683,held_fold
ISIC_9339096,0,0.004823526,held_fold
ISIC_9339713,0,0.0027676695,held_fold
ISIC_9340122,0,0.000986643,held_fold
ISIC_9340334,0,0.014136615,held_fold
ISIC_9340659,0,0.20229189,held_fold
ISIC_9342053,0,0.001055112,held_fold
ISIC_9344253,0,8.064423e-05,held_fold
ISIC_9344352,0,0.07211572,held_fold
ISIC_9344664,0,7.9557e-05,held_fold
ISIC_9349327,0,0.0003513507,held_fold
ISIC_9350197,0,6.745162e-05,held_fold
ISIC_9351189,0,0.00079845294,held_fold
ISIC_9353514,0,0.0020658122,held_fold
ISIC_9356306,0,0.0047065495,held_fold
ISIC_9356313,0,0.0027403438,held_fold
ISIC_9356630,0,0.0025586088,held_fold
ISIC_9361625,0,0.000103635284,held_fold
ISIC_9362964,0,0.001903581,held_fold
ISIC_9363106,0,0.0009153185,held_fold
ISIC_9364690,0,0.00010981037,held_fold
ISIC_9365475,0,0.00014733382,held_fold
ISIC_9366873,0,0.00026297892,held_fold
ISIC_9367353,0,0.00020822568,held_fold
ISIC_9368534,0,0.0013748078,held_fold
ISIC_9371867,0,0.00023486158,held_fold
ISIC_9371926,0,3.0117997e-05,held_fold
ISIC_9374061,0,0.001425188,held_fold
ISIC_9375086,0,8.5213214e-05,held_fold
ISIC_9378153,0,2.8008084e-05,held_fold
ISIC_9378883,0,0.0028416433,held_fold
ISIC_9379477,0,7.021555e-05,held_fold
ISIC_9379917,0,5.696786e-05,held_fold
ISIC_9385014,0,0.00034352703,held_fold
ISIC_9386541,0,4.592479e-05,held_fold
ISIC_9387488,0,0.00042219966,held_fold
ISIC_9389584,0,0.0002976728,held_fold
ISIC_9390305,0,4.4347755e-05,held_fold
ISIC_9393022,0,0.00022479048,held_fold
ISIC_9394148,0,0.00015941395,held_fold
ISIC_9395144,0,0.015368581,held_fold
ISIC_9395519,0,0.0010708715,held_fold
ISIC_9396628,0,0.00075376575,held_fold
ISIC_9398499,0,0.00014462002,held_fold
ISIC_9398989,0,9.7156066e-05,held_fold
ISIC_9399365,0,0.00036424943,held_fold
ISIC_9399686,0,0.014905334,held_fold
ISIC_9402324,1,0.0009493917,held_fold
ISIC_9403241,0,0.0007564595,held_fold
ISIC_9404190,0,5.4156993e-05,held_fold
ISIC_9405403,0,0.0010862775,held_fold
ISIC_9406299,0,0.00027031364,held_fold
ISIC_9406568,0,0.021797642,held_fold
ISIC_9407543,0,0.00012902779,held_fold
ISIC_9407667,0,0.005670672,held_fold
ISIC_9407690,0,0.00063823507,held_fold
ISIC_9407781,0,0.0013724641,held_fold
ISIC_9408359,0,0.0016350804,held_fold
ISIC_9414126,0,0.0014168391,held_fold
ISIC_9414574,0,0.004071145,held_fold
ISIC_9414904,0,0.00040557125,held_fold
ISIC_9416183,0,6.42735e-05,held_fold
ISIC_9416765,0,8.12973e-05,held_fold
ISIC_9418745,0,0.0005875758,held_fold
ISIC_9419454,0,0.0113591375,held_fold
ISIC_9422298,0,9.645413e-05,held_fold
ISIC_9424706,0,0.0030975908,held_fold
ISIC_9424787,0,0.00087376515,held_fold
ISIC_9426433,0,7.8047895e-05,held_fold
ISIC_9431739,0,0.00052837515,held_fold
ISIC_9437390,0,0.0010352648,held_fold
ISIC_9437975,0,0.010443445,held_fold
ISIC_9438178,0,0.0004009666,held_fold
ISIC_9443041,0,7.042975e-05,held_fold
ISIC_9445196,0,0.000199152,held_fold
ISIC_9447286,0,0.021351134,held_fold
ISIC_9455994,0,0.00046104123,held_fold
ISIC_9458746,0,6.764518e-05,held_fold
ISIC_9460379,0,0.0002804122,held_fold
ISIC_9466416,0,0.00016692776,held_fold
ISIC_9466790,0,0.0044633322,held_fold
ISIC_9466794,0,0.0053931572,held_fold
ISIC_9467082,0,0.0006148553,held_fold
ISIC_9467292,0,0.0005528224,held_fold
ISIC_9469650,0,3.9580118e-05,held_fold
ISIC_9471383,0,0.015551945,held_fold
ISIC_9473134,0,6.880623e-05,held_fold
ISIC_9473731,0,0.0004240688,held_fold
ISIC_9475559,0,9.474056e-05,held_fold
ISIC_9475941,0,0.00017902386,held_fold
ISIC_9476904,0,6.6290355e-05,held_fold
ISIC_9478109,0,0.012009563,held_fold
ISIC_9478930,0,0.015136116,held_fold
ISIC_9479161,0,0.026686762,held_fold
ISIC_9483417,0,0.0007401412,held_fold
ISIC_9483894,0,0.0013653231,held_fold
ISIC_9484538,0,0.0010309332,held_fold
ISIC_9485536,0,0.0056323796,held_fold
ISIC_9485901,0,0.0003466848,held_fold
ISIC_9489738,0,0.0010301714,held_fold
ISIC_9491630,0,0.00016887885,held_fold
ISIC_9493710,0,0.0008708432,held_fold
ISIC_9497062,0,0.0010488599,held_fold
ISIC_9498448,0,0.00055908127,held_fold
ISIC_9498942,0,0.00077434065,held_fold
ISIC_9500701,0,0.0013372393,held_fold
ISIC_9502241,0,0.0030623437,held_fold
ISIC_9505595,0,0.0003067106,held_fold
ISIC_9509360,0,0.015440319,held_fold
ISIC_9511888,0,0.0003090361,held_fold
ISIC_9513808,0,0.00043096772,held_fold
ISIC_9514450,0,0.035055578,held_fold
ISIC_9517456,0,0.00035312586,held_fold
ISIC_9519906,0,0.01740698,held_fold
ISIC_9522628,0,0.00073706324,held_fold
ISIC_9525136,0,0.00014121516,held_fold
ISIC_9526877,0,0.032569103,held_fold
ISIC_9528732,0,2.912999e-05,held_fold
ISIC_9529297,0,0.000561838,held_fold
ISIC_9531527,0,0.07154104,held_fold
ISIC_9535114,0,0.026546637,held_fold
ISIC_9540598,0,0.0015260356,held_fold
ISIC_9540703,0,0.0002104849,held_fold
ISIC_9542037,0,0.0041769645,held_fold
ISIC_9542791,0,6.6042194e-05,held_fold
ISIC_9543841,0,0.00016547137,held_fold
ISIC_9544059,0,3.094691e-05,held_fold
ISIC_9544832,1,0.015330643,held_fold
ISIC_9546197,0,0.018909276,held_fold
ISIC_9546876,0,0.0007412,held_fold
ISIC_9548821,1,0.12531024,held_fold
ISIC_9549857,0,0.0030975407,held_fold
ISIC_9550834,0,0.00067451637,held_fold
ISIC_9551111,0,0.00024944294,held_fold
ISIC_9551360,0,0.0001711552,held_fold
ISIC_9551406,0,0.00012752817,held_fold
ISIC_9551696,0,2.4439845e-05,held_fold
ISIC_9553125,0,0.00021528763,held_fold
ISIC_9556334,1,0.0717975,held_fold
ISIC_9559293,0,0.0052786665,held_fold
ISIC_9560390,0,0.03517962,held_fold
ISIC_9560694,0,0.00010290027,held_fold
ISIC_9561954,0,9.79109e-05,held_fold
ISIC_9562292,0,0.0012891797,held_fold
ISIC_9562442,0,9.830026e-05,held_fold
ISIC_9562731,0,9.799217e-05,held_fold
ISIC_9563514,0,0.0003743628,held_fold
ISIC_9564379,0,5.910531e-05,held_fold
ISIC_9564875,0,0.00034341766,held_fold
ISIC_9566964,0,8.316952e-06,held_fold
ISIC_9568868,0,0.00015262506,held_fold
ISIC_9569891,0,6.192512e-05,held_fold
ISIC_9571044,0,0.0003197857,held_fold
ISIC_9571107,0,0.011343747,held_fold
ISIC_9571685,0,0.00049791066,held_fold
ISIC_9573024,0,0.0005930236,held_fold
ISIC_9573267,0,0.016293129,held_fold
ISIC_9573538,0,0.00010468153,held_fold
ISIC_9574237,0,0.00015601197,held_fold
ISIC_9574819,0,0.00070063904,held_fold
ISIC_9578109,0,0.18205962,held_fold
ISIC_9578603,0,6.9817754e-05,held_fold
ISIC_9578777,0,0.00011652789,held_fold
ISIC_9579506,0,3.6661175e-05,held_fold
ISIC_9580101,0,0.0009837924,held_fold
ISIC_9580143,0,0.00022932056,held_fold
ISIC_9580344,0,0.00028964234,held_fold
ISIC_9581761,0,0.0035079464,held_fold
ISIC_9582535,0,0.000614515,held_fold
ISIC_9587745,0,0.0059845806,held_fold
ISIC_9589883,0,0.013605277,held_fold
ISIC_9590586,0,8.8267894e-05,held_fold
ISIC_9590644,0,0.00020098021,held_fold
ISIC_9590727,0,0.0001238483,held_fold
ISIC_9590964,0,0.000115205155,held_fold
ISIC_9596685,0,9.8716024e-05,held_fold
ISIC_9596955,0,0.0013281526,held_fold
ISIC_9597731,0,0.008260825,held_fold
ISIC_9598426,0,0.000288052,held_fold
ISIC_9600205,0,0.00015256599,held_fold
ISIC_9601132,0,0.00017495139,held_fold
ISIC_9606109,0,3.9491777e-05,held_fold
ISIC_9606139,0,0.0010944507,held_fold
ISIC_9607252,0,0.00745663,held_fold
ISIC_9608191,0,0.00023770622,held_fold
ISIC_9609865,0,0.044485316,held_fold
ISIC_9612481,1,0.03283152,held_fold
ISIC_9613570,0,0.00015110115,held_fold
ISIC_9616024,0,7.6371754e-05,held_fold
ISIC_9622274,0,0.0057822308,held_fold
ISIC_9627148,0,0.00015662098,held_fold
ISIC_9628600,0,0.00012101431,held_fold
ISIC_9629757,0,0.00032113455,held_fold
ISIC_9632819,0,9.7497235e-05,held_fold
ISIC_9636293,0,0.01996286,held_fold
ISIC_9636881,0,0.07538469,held_fold
ISIC_9637180,0,0.0003260352,held_fold
ISIC_9637306,0,0.0015328681,held_fold
ISIC_9637932,0,0.0028844047,held_fold
ISIC_9637941,0,0.00554193,held_fold
ISIC_9638088,0,0.00012207642,held_fold
ISIC_9640145,0,0.0020597754,held_fold
ISIC_9640847,0,0.01662186,held_fold
ISIC_9642671,0,0.00022137248,held_fold
ISIC_9643846,0,0.0004248178,held_fold
ISIC_9644412,0,0.005690918,held_fold
ISIC_9647024,0,0.0001365092,held_fold
ISIC_9647502,0,0.0010277786,held_fold
ISIC_9648563,0,0.003767212,held_fold
ISIC_9648904,0,0.0004749095,held_fold
ISIC_9649253,0,0.0013985743,held_fold
ISIC_9657852,0,0.011071592,held_fold
ISIC_9659443,0,0.00018578202,held_fold
ISIC_9660528,0,0.008718102,held_fold
ISIC_9660555,0,0.00022814376,held_fold
ISIC_9665206,0,8.054363e-05,held_fold
ISIC_9666709,0,0.0037949749,held_fold
ISIC_9671143,0,0.00079084426,held_fold
ISIC_9671443,0,0.0014720431,held_fold
ISIC_9676233,0,0.009492486,held_fold
ISIC_9677250,0,0.00069060636,held_fold
ISIC_9679700,0,5.94108e-05,held_fold
ISIC_9681146,0,0.011011877,held_fold
ISIC_9681655,0,0.00010248507,held_fold
ISIC_9682473,0,0.0054261605,held_fold
ISIC_9685344,0,0.00018889972,held_fold
ISIC_9686581,0,0.0009572415,held_fold
ISIC_9687369,0,0.000103164566,held_fold
ISIC_9687776,0,0.06722514,held_fold
ISIC_9688617,0,0.025576312,held_fold
ISIC_9690422,0,0.23702812,held_fold
ISIC_9693103,0,8.086779e-05,held_fold
ISIC_9693759,0,0.00018891593,held_fold
ISIC_9694198,0,0.0008055239,held_fold
ISIC_9694275,0,0.00015807511,held_fold
ISIC_9694867,0,0.0001298201,held_fold
ISIC_9695501,0,0.03844605,held_fold
ISIC_9695809,0,0.030238895,held_fold
ISIC_9698774,0,0.00030359245,held_fold
ISIC_9698786,0,0.002876374,held_fold
ISIC_9699238,0,0.0001293952,held_fold
ISIC_9699728,0,0.0002250882,held_fold
ISIC_9700920,0,0.000121239544,held_fold
ISIC_9701912,0,0.0002009599,held_fold
ISIC_9704788,0,0.0001306818,held_fold
ISIC_9705832,0,0.00046881114,held_fold
ISIC_9706034,0,0.00038238012,held_fold
ISIC_9706318,0,5.471264e-05,held_fold
ISIC_9710168,0,2.4555842e-05,held_fold
ISIC_9711252,0,0.012434631,held_fold
ISIC_9713363,0,9.243373e-05,held_fold
ISIC_9713897,0,0.0021006374,held_fold
ISIC_9714255,0,2.8750293e-05,held_fold
ISIC_9720044,0,0.00018663175,held_fold
ISIC_9720518,0,0.0069110636,held_fold
ISIC_9723594,0,0.00045501263,held_fold
ISIC_9725043,0,0.00046393016,held_fold
ISIC_9725205,0,9.3239505e-05,held_fold
ISIC_9728805,0,0.23473601,held_fold
ISIC_9730889,0,0.0069249016,held_fold
ISIC_9731788,0,8.775611e-05,held_fold
ISIC_9732811,0,0.00020807327,held_fold
ISIC_9733758,0,0.0022231785,held_fold
ISIC_9736710,0,0.026202865,held_fold
ISIC_9738306,0,0.0005134272,held_fold
ISIC_9742891,0,0.0031266138,held_fold
ISIC_9743014,0,0.100591116,held_fold
ISIC_9743638,0,0.046185464,held_fold
ISIC_9744206,0,0.004526622,held_fold
ISIC_9744723,0,0.0012087282,held_fold
ISIC_9745492,0,0.000108038534,held_fold
ISIC_9745942,0,0.00016166028,held_fold
ISIC_9746246,0,0.00022434854,held_fold
ISIC_9746861,0,0.00066175865,held_fold
ISIC_9749009,0,0.02217424,held_fold
ISIC_9749497,0,0.010827439,held_fold
ISIC_9749852,0,0.00046328228,held_fold
ISIC_9756215,0,0.0011495819,held_fold
ISIC_9758444,0,0.001014712,held_fold
ISIC_9759505,0,5.845364e-05,held_fold
ISIC_9761658,0,4.5092605e-05,held_fold
ISIC_9765760,0,0.00033311103,held_fold
ISIC_9766574,0,0.00078819226,held_fold
ISIC_9767292,0,0.00031981952,held_fold
ISIC_9767883,0,0.0014674552,held_fold
ISIC_9768834,0,0.0010327008,held_fold
ISIC_9770536,0,0.00022821254,held_fold
ISIC_9770765,0,0.00021684758,held_fold
ISIC_9773002,0,0.0006542441,held_fold
ISIC_9776242,0,0.00442615,held_fold
ISIC_9778389,0,5.332951e-05,held_fold
ISIC_9783456,0,8.3771105e-05,held_fold
ISIC_9785970,0,0.0012884997,held_fold
ISIC_9787058,0,0.00017537044,held_fold
ISIC_9787633,0,0.00033457126,held_fold
ISIC_9788591,0,0.007479084,held_fold
ISIC_9788987,0,0.0015644521,held_fold
ISIC_9791586,0,0.00039002934,held_fold
ISIC_9794738,0,3.6616555e-05,held_fold
ISIC_9795608,0,0.0015237652,held_fold
ISIC_9796680,0,0.0003824886,held_fold
ISIC_9797914,0,0.00016144077,held_fold
ISIC_9800787,0,0.0001578278,held_fold
ISIC_9810276,0,0.009286451,held_fold
ISIC_9811939,0,0.000114590955,held_fold
ISIC_9812330,0,0.0155245345,held_fold
ISIC_9816307,0,0.00012790642,held_fold
ISIC_9818733,0,0.0009414466,held_fold
ISIC_9822350,0,0.00069477677,held_fold
ISIC_9824129,0,5.8355505e-05,held_fold
ISIC_9825491,0,4.0842937e-05,held_fold
ISIC_9825604,0,0.0017373603,held_fold
ISIC_9825836,0,0.0001289155,held_fold
ISIC_9826904,0,0.0024629917,held_fold
ISIC_9829655,0,0.0003003691,held_fold
ISIC_9829667,0,0.00222116,held_fold
ISIC_9829781,0,0.0058401492,held_fold
ISIC_9833462,0,0.00026438956,held_fold
ISIC_9834469,0,0.00022269857,held_fold
ISIC_9834664,0,0.0026849934,held_fold
ISIC_9842000,0,0.0043425364,held_fold
ISIC_9842269,0,0.00014039695,held_fold
ISIC_9847262,0,0.0010270963,held_fold
ISIC_9847284,0,0.00064870145,held_fold
ISIC_9847972,0,4.206558e-05,held_fold
ISIC_9851993,0,0.0006898255,held_fold
ISIC_9852341,0,4.1417432e-05,held_fold
ISIC_9854912,0,0.00072818744,held_fold
ISIC_9855719,0,0.008614509,held_fold
ISIC_9859594,0,0.0015040641,held_fold
ISIC_9859708,0,1.758234e-05,held_fold
ISIC_9860895,0,0.00030109735,held_fold
ISIC_9863059,0,0.00024994093,held_fold
ISIC_9864416,0,0.00064514024,held_fold
ISIC_9865814,0,0.00042215618,held_fold
ISIC_9866375,0,0.00036355804,held_fold
ISIC_9866767,0,0.0005352921,held_fold
ISIC_9869789,0,0.00046214563,held_fold
ISIC_9871571,0,0.0019352508,held_fold
ISIC_9877164,0,0.0015593391,held_fold
ISIC_9878424,0,0.00057107175,held_fold
ISIC_9879041,0,0.00012423651,held_fold
ISIC_9879347,0,0.00025501783,held_fold
ISIC_9880854,0,0.0010068009,held_fold
ISIC_9883092,0,9.055724e-05,held_fold
ISIC_9883380,0,0.00030003826,held_fold
ISIC_9885210,0,0.0022393398,held_fold
ISIC_9886540,0,0.003016485,held_fold
ISIC_9887282,0,0.00010352279,held_fold
ISIC_9888213,0,0.00094104477,held_fold
ISIC_9889001,0,0.0020289652,held_fold
ISIC_9889470,0,0.0003644233,held_fold
ISIC_9889687,0,0.009103223,held_fold
ISIC_9892275,0,0.0010279607,held_fold
ISIC_9894283,0,0.0007520388,held_fold
ISIC_9899140,0,0.051116377,held_fold
ISIC_9899644,0,7.746981e-05,held_fold
ISIC_9900623,0,0.0029167635,held_fold
ISIC_9901871,0,0.00014003662,held_fold
ISIC_9907793,0,0.0028766626,held_fold
ISIC_9907938,0,5.0817234e-05,held_fold
ISIC_9908982,0,0.005929655,held_fold
ISIC_9909173,0,6.1518585e-05,held_fold
ISIC_9913091,0,0.000634467,held_fold
ISIC_9915927,0,0.000105454,held_fold
ISIC_9916907,0,7.2010494e-05,held_fold
ISIC_9919255,0,0.0041368254,held_fold
ISIC_9919374,0,9.524782e-05,held_fold
ISIC_9920161,0,0.00032593042,held_fold
ISIC_9921831,0,0.00016177409,held_fold
ISIC_9926111,0,0.0012203436,held_fold
ISIC_9927490,0,0.006910524,held_fold
ISIC_9928774,0,0.00028394884,held_fold
ISIC_9929556,0,0.00020232168,held_fold
ISIC_9932789,0,0.007585755,held_fold
ISIC_9933119,0,0.000100670215,held_fold
ISIC_9934553,0,0.0009847657,held_fold
ISIC_9936188,0,0.003027658,held_fold
ISIC_9939963,0,0.00010113476,held_fold
ISIC_9942347,0,0.0027787823,held_fold
ISIC_9943579,0,0.0036420757,held_fold
ISIC_9944803,0,0.00020332866,held_fold
ISIC_9945083,0,0.0015768877,held_fold
ISIC_9946557,0,0.00029996046,held_fold
ISIC_9946910,0,0.000410327,held_fold
ISIC_9948815,0,6.356079e-05,held_fold
ISIC_9954582,0,7.6397104e-05,held_fold
ISIC_9955092,0,0.00043638036,held_fold
ISIC_9956957,0,0.00034534853,held_fold
ISIC_9960855,0,0.001666261,held_fold
ISIC_9962720,0,0.0047171824,held_fold
ISIC_9963177,1,0.00070199947,held_fold
ISIC_9971202,0,0.0026092315,held_fold
ISIC_9973015,0,0.00025674733,held_fold
ISIC_9973459,0,0.0016095879,held_fold
ISIC_9974860,0,0.00027980466,held_fold
ISIC_9975260,0,0.014592269,held_fold
ISIC_9975974,0,0.025835244,held_fold
ISIC_9978498,0,0.00030105747,held_fold
ISIC_9979438,0,0.00013524207,held_fold
ISIC_9980068,0,0.000115222305,held_fold
ISIC_9981394,0,0.004156313,held_fold
ISIC_9981925,0,0.025589617,held_fold
ISIC_9982953,0,0.0018622732,held_fold
ISIC_9985141,0,0.00021628015,held_fold
ISIC_9991451,0,0.012372662,held_fold
ISIC_9995837,0,0.00090669666,held_fold
ISIC_9998152,0,0.00018064288,held_fold
ISIC_9998682,1,0.0026211406,held_fold
