image_name,target,prob,split
ISIC_0074311,0,0.00031753693,inner_val
ISIC_0076545,0,0.061615612,inner_val
ISIC_0076742,0,0.0019517135,inner_val
ISIC_0081956,0,0.0005054469,inner_val
ISIC_0082348,0,0.00085884164,inner_val
ISIC_0085718,0,0.00040838754,inner_val
ISIC_0087290,0,0.00038307736,inner_val
ISIC_0087297,0,0.00059935474,inner_val
ISIC_0089401,0,0.0003877871,inner_val
ISIC_0089738,0,0.0159871,inner_val
ISIC_0094775,0,0.000463962,inner_val
ISIC_0096201,0,0.002029789,inner_val
ISIC_0096227,0,0.0003149579,inner_val
ISIC_0106091,0,0.001638704,inner_val
ISIC_0125706,0,0.016351683,inner_val
ISIC_0147817,0,0.00021825601,inner_val
ISIC_0153589,0,0.0016234191,inner_val
ISIC_0163463,0,0.0016105024,inner_val
ISIC_0165903,0,0.0008251215,inner_val
ISIC_0166988,0,0.0053945105,inner_val
ISIC_0170101,0,0.012677245,inner_val
ISIC_0170583,0,0.010654863,inner_val
ISIC_0170960,0,0.008871141,inner_val
ISIC_0172865,0,0.0040324987,inner_val
ISIC_0175486,0,0.0003551612,inner_val
ISIC_0176781,0,0.0015732485,inner_val
ISIC_0180510,0,0.00090782857,inner_val
ISIC_0181059,0,0.00088747,inner_val
ISIC_0181678,0,0.007150418,inner_val
ISIC_0183290,0,0.0027986867,inner_val
ISIC_0186161,0,0.122446515,inner_val
ISIC_0186437,0,0.0005548489,inner_val
ISIC_0186820,0,0.026479026,inner_val
ISIC_0189336,0,0.00067809,inner_val
ISIC_0192596,0,0.00040437526,inner_val
ISIC_0192701,0,0.00048173306,inner_val
ISIC_0195699,0,0.00033214924,inner_val
ISIC_0195972,0,0.021548208,inner_val
ISIC_0196559,0,0.0011441752,inner_val
ISIC_0196945,0,0.00039903444,inner_val
ISIC_0198861,0,0.002581217,inner_val
ISIC_0200174,0,0.0009809607,inner_val
ISIC_0200611,0,0.1312044,inner_val
ISIC_0205127,0,0.0021319645,inner_val
ISIC_0205926,0,0.0038091382,inner_val
ISIC_0207341,0,0.0011221007,inner_val
ISIC_0207349,0,0.005240134,inner_val
ISIC_0210282,0,0.0018595364,inner_val
ISIC_0214037,0,0.016604168,inner_val
ISIC_0216689,0,0.12579289,inner_val
ISIC_0217057,0,0.0015809694,inner_val
ISIC_0217111,0,0.0014469808,inner_val
ISIC_0221351,0,0.021254135,inner_val
ISIC_0222117,0,0.014153997,inner_val
ISIC_0226137,0,0.00014717164,inner_val
ISIC_0228497,0,0.00074380386,inner_val
ISIC_0228718,0,0.00020415973,inner_val
ISIC_0230332,0,0.055352647,inner_val
ISIC_0231828,0,0.00058207585,inner_val
ISIC_0234894,0,0.00082342763,inner_val
ISIC_0237636,0,0.11651138,inner_val
ISIC_0238570,0,0.028354213,inner_val
ISIC_0240365,0,0.0005471386,inner_val
ISIC_0240778,0,0.07303055,inner_val
ISIC_0242433,0,0.009686583,inner_val
ISIC_0242646,0,0.000561165,inner_val
ISIC_0243235,0,0.012478742,inner_val
ISIC_0244197,0,0.00062726275,inner_val
ISIC_0247541,0,0.0006187901,inner_val
ISIC_0248114,0,0.20018503,inner_val
ISIC_0249269,0,0.00068427366,inner_val
ISIC_0250455,0,0.026478352,inner_val
ISIC_0255796,0,0.0014398017,inner_val
ISIC_0257447,0,0.00826209,inner_val
ISIC_0261781,0,0.0009163216,inner_val
ISIC_0263522,0,0.0018975713,inner_val
ISIC_0270101,0,0.0009796931,inner_val
ISIC_0271922,0,0.0565643,inner_val
ISIC_0274625,0,0.020919416,inner_val
ISIC_0275693,0,0.056192543,inner_val
ISIC_0277727,0,0.0011000544,inner_val
ISIC_0278346,0,0.0015740448,inner_val
ISIC_0280208,0,0.0030842095,inner_val
ISIC_0280943,0,0.028203415,inner_val
ISIC_0282166,0,0.013435041,inner_val
ISIC_0282321,0,0.006444215,inner_val
ISIC_0282681,0,0.0030026224,inner_val
ISIC_0284664,0,0.015180735,inner_val
ISIC_0285095,0,0.010246605,inner_val
ISIC_0287784,0,0.00012630994,inner_val
ISIC_0290785,0,0.0030981735,inner_val
ISIC_0290881,0,0.023216743,inner_val
ISIC_0294733,0,0.0013040737,inner_val
ISIC_0294910,0,0.000807214,inner_val
ISIC_0295104,0,0.0006286926,inner_val
ISIC_0295178,0,0.0015985493,inner_val
ISIC_0296109,0,0.0057079773,inner_val
ISIC_0297558,0,0.00030377833,inner_val
ISIC_0297795,0,0.0028580923,inner_val
ISIC_0299504,0,0.017748557,inner_val
ISIC_0301931,0,0.037269957,inner_val
ISIC_0304019,0,0.012257724,inner_val
ISIC_0304649,0,0.0006433413,inner_val
ISIC_0307909,0,0.009982368,inner_val
ISIC_0308888,0,0.00064995897,inner_val
ISIC_0309642,0,0.010452013,inner_val
ISIC_0309912,0,0.007473232,inner_val
ISIC_0311783,0,0.0031999575,inner_val
ISIC_0313507,0,0.0018750823,inner_val
ISIC_0313653,0,0.0011833018,inner_val
ISIC_0313924,0,0.00047196352,inner_val
ISIC_0316656,0,0.020889126,inner_val
ISIC_0316933,0,0.0021912896,inner_val
ISIC_0320227,0,0.0011695292,inner_val
ISIC_0322637,0,0.00058170204,inner_val
ISIC_0323792,0,0.0009362289,inner_val
ISIC_0325664,0,0.060177717,inner_val
ISIC_0327225,0,0.00058819575,inner_val
ISIC_0327406,1,0.01835974,inner_val
ISIC_0329458,0,0.0009032759,inner_val
ISIC_0332865,0,0.0005512347,inner_val
ISIC_0333736,0,0.00032632626,inner_val
ISIC_0337921,0,0.0013284778,inner_val
ISIC_0339099,0,0.00028137417,inner_val
ISIC_0339930,0,0.00027690746,inner_val
ISIC_0342869,0,0.0004081904,inner_val
ISIC_0345845,0,0.006260936,inner_val
ISIC_0347795,0,0.037875246,inner_val
ISIC_0347984,0,0.13027918,inner_val
ISIC_0349484,0,0.0027446384,inner_val
ISIC_0354635,0,0.0007115181,inner_val
ISIC_0357525,0,0.0009658898,inner_val
ISIC_0361914,0,0.0006356342,inner_val
ISIC_0362853,0,0.03611792,inner_val
ISIC_0363161,0,0.01956162,inner_val
ISIC_0363251,0,0.00063187885,inner_val
ISIC_0364641,0,0.0007201243,inner_val
ISIC_0367913,0,0.009855346,inner_val
ISIC_0369831,1,0.35988474,inner_val
ISIC_0371038,0,0.00070139096,inner_val
ISIC_0372318,0,0.00068637903,inner_val
ISIC_0377184,0,0.007021051,inner_val
ISIC_0377420,0,0.001159935,inner_val
ISIC_0378399,0,0.053889465,inner_val
ISIC_0379931,0,0.00051511714,inner_val
ISIC_0380622,0,0.0011468803,inner_val
ISIC_0381051,0,0.0047207433,inner_val
ISIC_0383524,0,0.0026002936,inner_val
ISIC_0383804,0,0.23958096,inner_val
ISIC_0384407,0,0.00047943206,inner_val
ISIC_0401401,0,0.0010112859,inner_val
ISIC_0402533,0,0.012147049,inner_val
ISIC_0402674,0,0.00091985817,inner_val
ISIC_0404568,0,0.0049536945,inner_val
ISIC_0404809,0,0.004914767,inner_val
ISIC_0404840,0,0.096784614,inner_val
ISIC_0409172,0,0.17266923,inner_val
ISIC_0410165,0,0.0012040994,inner_val
ISIC_0420249,0,0.0038775508,inner_val
ISIC_0420381,0,0.006711278,inner_val
ISIC_0420477,0,0.030841008,inner_val
ISIC_0420624,0,0.0012680315,inner_val
ISIC_0421558,0,0.0016469329,inner_val
ISIC_0428383,0,0.0008633524,inner_val
ISIC_0429932,0,0.09496048,inner_val
ISIC_0432484,0,0.005001876,inner_val
ISIC_0433142,0,0.030786172,inner_val
ISIC_0436161,0,0.0054612323,inner_val
ISIC_0442425,0,0.0036802273,inner_val
ISIC_0445189,0,0.011053849,inner_val
ISIC_0448050,0,0.004792191,inner_val
ISIC_0450295,0,0.01378182,inner_val
ISIC_0452379,0,0.0021124461,inner_val
ISIC_0454594,0,0.007222267,inner_val
ISIC_0456090,0,0.029210618,inner_val
ISIC_0460240,0,0.00070265174,inner_val
ISIC_0460608,0,0.00039013277,inner_val
ISIC_0460815,0,0.003143018,inner_val
ISIC_0461128,0,0.06305426,inner_val
ISIC_0461706,0,0.060733322,inner_val
ISIC_0463755,0,0.0048953234,inner_val
ISIC_0465938,0,0.08916838,inner_val
ISIC_0468433,0,0.00042287353,inner_val
ISIC_0470210,0,0.011249742,inner_val
ISIC_0470224,0,0.21774474,inner_val
ISIC_0474481,0,0.0043306076,inner_val
ISIC_0474975,0,0.0008630818,inner_val
ISIC_0477898,0,0.0006961245,inner_val
ISIC_0481453,0,0.02099398,inner_val
ISIC_0483872,0,0.0010383575,inner_val
ISIC_0484171,0,0.0017366523,inner_val
ISIC_0485417,0,0.016255815,inner_val
ISIC_0488192,0,0.0027923377,inner_val
ISIC_0489611,0,0.00083519175,inner_val
ISIC_0496209,0,0.011354127,inner_val
ISIC_0498374,0,0.0005036723,inner_val
ISIC_0499971,0,0.011704857,inner_val
ISIC_0501506,0,0.0022690606,inner_val
ISIC_0504868,0,0.011528471,inner_val
ISIC_0506901,0,0.06605332,inner_val
ISIC_0507787,0,0.008426238,inner_val
ISIC_0508284,0,0.0009508432,inner_val
ISIC_0515794,0,0.0011773462,inner_val
ISIC_0517121,0,0.06222745,inner_val
ISIC_0518352,0,0.0011697371,inner_val
ISIC_0520584,0,0.012647514,inner_val
ISIC_0523031,0,0.009334763,inner_val
ISIC_0523251,0,0.0019732418,inner_val
ISIC_0525318,0,0.004392299,inner_val
ISIC_0525554,0,0.010012408,inner_val
ISIC_0526861,0,0.0281741,inner_val
ISIC_0528044,1,0.36211026,inner_val
ISIC_0528380,0,0.013044631,inner_val
ISIC_0528495,0,0.024374135,inner_val
ISIC_0533986,0,0.008351429,inner_val
ISIC_0534191,0,0.10900779,inner_val
ISIC_0535416,0,0.0008057684,inner_val
ISIC_0535843,0,0.0018612976,inner_val
ISIC_0536321,0,0.00052095705,inner_val
ISIC_0536454,0,0.019760875,inner_val
ISIC_0536865,0,0.0006227547,inner_val
ISIC_0539604,0,0.0054345075,inner_val
ISIC_0542222,0,0.010607282,inner_val
ISIC_0543351,0,0.0008781821,inner_val
ISIC_0549531,0,0.0035586366,inner_val
ISIC_0550051,0,0.12330183,inner_val
ISIC_0550406,0,0.019581245,inner_val
ISIC_0551684,0,0.13679712,inner_val
ISIC_0553164,0,0.00040999835,inner_val
ISIC_0553509,0,0.007360643,inner_val
ISIC_0555529,0,0.020698505,inner_val
ISIC_0560916,0,0.00043021984,inner_val
ISIC_0561873,0,0.0117204,inner_val
ISIC_0565120,0,0.00020228022,inner_val
ISIC_0566527,0,0.01388839,inner_val
ISIC_0569360,0,0.008009849,inner_val
ISIC_0570690,0,0.0008017302,inner_val
ISIC_0573518,0,0.0117783155,inner_val
ISIC_0573656,0,0.0010389196,inner_val
ISIC_0573934,0,0.010736905,inner_val
ISIC_0574925,0,0.0024137867,inner_val
ISIC_0580054,0,0.00029834875,inner_val
ISIC_0583827,0,0.0012595647,inner_val
ISIC_0584978,0,0.0021858395,inner_val
ISIC_0586396,0,0.029822743,inner_val
ISIC_0589461,0,0.18972541,inner_val
ISIC_0591097,0,0.038042877,inner_val
ISIC_0595080,0,0.0006992722,inner_val
ISIC_0596607,0,0.0009910053,inner_val
ISIC_0602494,0,0.0006421519,inner_val
ISIC_0602889,0,0.00482702,inner_val
ISIC_0605128,0,0.009747103,inner_val
ISIC_0605180,0,0.00729917,inner_val
ISIC_0606583,0,0.00033867304,inner_val
ISIC_0608613,0,0.015767502,inner_val
ISIC_0610477,0,0.002489762,inner_val
ISIC_0610849,0,0.01045004,inner_val
ISIC_0612291,0,0.00038466227,inner_val
ISIC_0615782,0,0.09245188,inner_val
ISIC_0616348,0,0.0017160802,inner_val
ISIC_0625629,0,0.009119305,inner_val
ISIC_0633259,0,0.000356865,inner_val
ISIC_0634028,0,0.011517477,inner_val
ISIC_0641330,0,0.0072634616,inner_val
ISIC_0644590,0,0.023230724,inner_val
ISIC_0644970,0,0.00028442897,inner_val
ISIC_0645462,0,0.014446725,inner_val
ISIC_0645777,0,0.007373042,inner_val
ISIC_0650126,0,0.0013662805,inner_val
ISIC_0650784,0,0.010707887,inner_val
ISIC_0651166,0,0.000508749,inner_val
ISIC_0662911,0,0.02543431,inner_val
ISIC_0663631,0,0.0020701864,inner_val
ISIC_0668165,0,0.0002165135,inner_val
ISIC_0674629,0,0.00032664373,inner_val
ISIC_0676126,0,0.027921667,inner_val
ISIC_0680023,0,0.004714812,inner_val
ISIC_0682403,0,0.02748317,inner_val
ISIC_0683389,0,0.0010125336,inner_val
ISIC_0684995,0,0.020331968,inner_val
ISIC_0687455,0,0.016059259,inner_val
ISIC_0687593,0,0.0012536227,inner_val
ISIC_0687788,0,0.009805742,inner_val
ISIC_0688622,0,0.02454058,inner_val
ISIC_0689091,0,0.020651665,inner_val
ISIC_0690822,0,0.00043792446,inner_val
ISIC_0694037,0,0.04597377,inner_val
ISIC_0694381,0,0.00055112597,inner_val
ISIC_0694559,0,0.00045745587,inner_val
ISIC_0696027,0,0.0005581338,inner_val
ISIC_0696408,0,0.0070243534,inner_val
ISIC_0697138,0,0.019856496,inner_val
ISIC_0699098,0,0.01304826,inner_val
ISIC_0704859,0,0.0081289485,inner_val
ISIC_0705641,0,0.025622198,inner_val
ISIC_0707619,0,0.010065075,inner_val
ISIC_0707824,0,0.027915094,inner_val
ISIC_0716858,0,0.09239814,inner_val
ISIC_0720013,0,0.00060376496,inner_val
ISIC_0720915,0,0.0005011079,inner_val
ISIC_0723780,0,0.000548754,inner_val
ISIC_0728868,0,0.00086089486,inner_val
ISIC_0732636,0,0.044122916,inner_val
ISIC_0740001,0,0.0014455374,inner_val
ISIC_0740449,0,0.00048933283,inner_val
ISIC_0748377,0,0.032823246,inner_val
ISIC_0750683,0,0.21648307,inner_val
ISIC_0753250,0,0.00084141106,inner_val
ISIC_0754049,0,0.00031666082,inner_val
ISIC_0754789,0,0.03265845,inner_val
ISIC_0755778,0,0.0010165952,inner_val
ISIC_0758729,0,0.00247724,inner_val
ISIC_0759561,0,0.0020811884,inner_val
ISIC_0759612,0,0.004399852,inner_val
ISIC_0760892,0,0.013224557,inner_val
ISIC_0761158,0,0.026389297,inner_val
ISIC_0765397,0,0.00019626068,inner_val
ISIC_0766328,0,0.0046820915,inner_val
ISIC_0767028,0,0.0039304383,inner_val
ISIC_0769159,0,0.0005811551,inner_val
ISIC_0770772,0,0.0006319348,inner_val
ISIC_0773096,0,0.0068837674,inner_val
ISIC_0773907,0,0.00068830955,inner_val
ISIC_0786366,0,0.00078286714,inner_val
ISIC_0786913,0,0.016689258,inner_val
ISIC_0787851,0,0.016137118,inner_val
ISIC_0790942,0,0.004748622,inner_val
ISIC_0792879,0,0.003635448,inner_val
ISIC_0795514,0,0.0021772915,inner_val
ISIC_0796345,0,0.0005827525,inner_val
ISIC_0798355,0,0.019223759,inner_val
ISIC_0803154,0,0.0007336645,inner_val
ISIC_0803667,0,0.026802529,inner_val
ISIC_0803691,0,0.00096370664,inner_val
ISIC_0804420,0,0.0030376085,inner_val
ISIC_0808309,0,0.03175522,inner_val
ISIC_0809112,0,0.039159082,inner_val
ISIC_0812959,0,0.012288938,inner_val
ISIC_0813485,0,0.0047798334,inner_val
ISIC_0814097,0,0.0066256505,inner_val
ISIC_0817172,0,0.020456353,inner_val
ISIC_0819357,0,0.022069147,inner_val
ISIC_0822842,0,0.011575469,inner_val
ISIC_0826710,0,0.032232895,inner_val
ISIC_0826998,0,0.023498021,inner_val
ISIC_0828310,0,0.0048291394,inner_val
ISIC_0833889,1,0.0042368528,inner_val
ISIC_0839323,0,0.2035465,inner_val
ISIC_0839367,0,0.024607232,inner_val
ISIC_0840730,0,0.0024374095,inner_val
ISIC_0842999,0,0.00764916,inner_val
ISIC_0845275,0,0.002638799,inner_val
ISIC_0848126,0,0.18241782,inner_val
ISIC_0850065,0,0.0037351644,inner_val
ISIC_0853280,0,0.0147364,inner_val
ISIC_0854727,0,0.0016939789,inner_val
ISIC_0856856,0,0.0009291109,inner_val
ISIC_0857978,0,0.041809347,inner_val
ISIC_0860320,0,0.002722739,inner_val
ISIC_0860622,0,0.00060838665,inner_val
ISIC_0861066,0,0.18624742,inner_val
ISIC_0861322,0,0.0008230763,inner_val
ISIC_0862797,0,0.011809414,inner_val
ISIC_0863691,0,0.0023802344,inner_val
ISIC_0865443,0,0.00058477727,inner_val
ISIC_0869231,0,0.005208046,inner_val
ISIC_0871035,0,0.017500635,inner_val
ISIC_0871853,0,0.0008735696,inner_val
ISIC_0875971,0,0.0011899219,inner_val
ISIC_0879635,0,0.07463713,inner_val
ISIC_0880061,0,0.0013433383,inner_val
ISIC_0880095,0,0.0034707831,inner_val
ISIC_0885785,0,0.0005209213,inner_val
ISIC_0886519,0,0.0017488452,inner_val
ISIC_0889483,0,0.03738813,inner_val
ISIC_0889988,0,0.22858085,inner_val
ISIC_0893996,0,0.004995008,inner_val
ISIC_0900210,0,0.0015694228,inner_val
ISIC_0900216,0,0.0500571,inner_val
ISIC_0900349,0,0.0017857584,inner_val
ISIC_0901864,0,0.00055416947,inner_val
ISIC_0904712,0,0.044914328,inner_val
ISIC_0906613,0,0.0072569326,inner_val
ISIC_0911989,0,0.00045482593,inner_val
ISIC_0915311,0,0.0007828272,inner_val
ISIC_0918078,0,0.00089310174,inner_val
ISIC_0924427,1,0.08213357,inner_val
ISIC_0927854,0,0.0063088387,inner_val
ISIC_0928581,0,0.003523773,inner_val
ISIC_0930135,0,0.00035637204,inner_val
ISIC_0931218,0,0.00046635215,inner_val
ISIC_0934367,0,0.00025300196,inner_val
ISIC_0935859,0,0.00037245726,inner_val
ISIC_0939558,0,0.00038061733,inner_val
ISIC_0941302,0,0.0020840107,inner_val
ISIC_0942056,0,0.0013576748,inner_val
ISIC_0943089,0,0.0012093702,inner_val
ISIC_0945844,0,0.0011327782,inner_val
ISIC_0947525,0,0.012346859,inner_val
ISIC_0951915,0,0.006146901,inner_val
ISIC_0952665,0,0.011852925,inner_val
ISIC_0953709,0,0.045226257,inner_val
ISIC_0956562,0,0.0003291276,inner_val
ISIC_0960088,0,0.0009946082,inner_val
ISIC_0965652,0,0.004898439,inner_val
ISIC_0970616,0,0.01404438,inner_val
ISIC_0973856,0,0.014637373,inner_val
ISIC_0981775,0,0.002569637,inner_val
ISIC_0984825,0,0.0010020608,inner_val
ISIC_0987749,0,0.0009458258,inner_val
ISIC_0987830,0,0.00047085606,inner_val
ISIC_0988712,0,0.0006072836,inner_val
ISIC_0990942,0,0.008697506,inner_val
ISIC_0996501,0,0.074936986,inner_val
ISIC_1000648,0,0.00047898074,inner_val
ISIC_1001477,0,0.033418663,inner_val
ISIC_1005038,0,0.0023556342,inner_val
ISIC_1005544,0,0.0018738046,inner_val
ISIC_1007838,0,0.018118354,inner_val
ISIC_1010525,0,0.00031753874,inner_val
ISIC_1013796,0,0.0006792742,inner_val
ISIC_1015191,0,0.0004560665,inner_val
ISIC_1020208,0,0.002993455,inner_val
ISIC_1020369,0,0.0018504092,inner_val
ISIC_1020405,0,0.00068799965,inner_val
ISIC_1023010,0,0.015891492,inner_val
ISIC_1023339,0,0.0052948804,inner_val
ISIC_1023810,0,0.0057001747,inner_val
ISIC_1026770,0,0.00019703899,inner_val
ISIC_1027512,0,0.0022700895,inner_val
ISIC_1028550,0,0.0054350565,inner_val
ISIC_1029700,0,0.0027900496,inner_val
ISIC_1034397,0,0.03428464,inner_val
ISIC_1034411,0,0.03240889,inner_val
ISIC_1037947,0,0.00151974,inner_val
ISIC_1040841,0,0.00037481205,inner_val
ISIC_1044758,0,0.00031676682,inner_val
ISIC_1045252,0,0.0064036665,inner_val
ISIC_1051595,0,0.0003837071,inner_val
ISIC_1052148,0,0.008576139,inner_val
ISIC_1052782,0,0.04954786,inner_val
ISIC_1058326,0,0.00037889282,inner_val
ISIC_1071458,0,0.0033468918,inner_val
ISIC_1074629,0,0.004310083,inner_val
ISIC_1075605,0,0.0019544864,inner_val
ISIC_1076339,0,0.0003997087,inner_val
ISIC_1078854,0,0.0005093463,inner_val
ISIC_1081510,0,0.000474188,inner_val
ISIC_1083681,0,0.00250055,inner_val
ISIC_1089746,0,0.001399038,inner_val
ISIC_1090562,0,0.02221092,inner_val
ISIC_1093647,0,0.0022468956,inner_val
ISIC_1093722,0,0.04804571,inner_val
ISIC_1101667,0,0.013696588,inner_val
ISIC_1103365,0,0.0066598468,inner_val
ISIC_1104762,0,0.00031490746,inner_val
ISIC_1105059,0,0.0038945375,inner_val
ISIC_1106860,0,0.012349202,inner_val
ISIC_1110949,0,0.0149323,inner_val
ISIC_1111173,0,0.00071714655,inner_val
ISIC_1111313,0,0.00072476594,inner_val
ISIC_1113271,0,0.10026851,inner_val
ISIC_1113490,1,0.019623721,inner_val
ISIC_1116037,0,0.014724871,inner_val
ISIC_1117214,0,0.12278554,inner_val
ISIC_1117369,0,0.0040105768,inner_val
ISIC_1120654,0,0.007454858,inner_val
ISIC_1121740,0,0.0150851775,inner_val
ISIC_1127430,0,0.027962634,inner_val
ISIC_1127653,0,0.00077166,inner_val
ISIC_1128371,0,0.017418647,inner_val
ISIC_1137178,0,0.008885957,inner_val
ISIC_1138232,0,0.0010454706,inner_val
ISIC_1140410,0,0.008142146,inner_val
ISIC_1145706,0,0.00067764067,inner_val
ISIC_1146341,0,0.0024117334,inner_val
ISIC_1147733,0,0.00038652832,inner_val
ISIC_1149469,0,0.08361301,inner_val
ISIC_1151929,0,0.013095331,inner_val
ISIC_1152559,0,0.0015576985,inner_val
ISIC_1152648,0,0.0003838141,inner_val
ISIC_1157007,0,0.0035012017,inner_val
ISIC_1157790,0,0.019407565,inner_val
ISIC_1163258,0,0.0004438169,inner_val
ISIC_1163426,0,0.01621716,inner_val
ISIC_1166446,0,0.007717223,inner_val
ISIC_1169095,0,0.00082060153,inner_val
ISIC_1176575,0,0.00056776276,inner_val
ISIC_1176987,0,0.014658592,inner_val
ISIC_1179160,0,0.00050336536,inner_val
ISIC_1192974,0,0.00054415234,inner_val
ISIC_1194836,0,0.0014500362,inner_val
ISIC_1196660,0,0.07650464,inner_val
ISIC_1197692,0,0.22354844,inner_val
ISIC_1198405,0,0.00044573031,inner_val
ISIC_1201523,0,0.0028848024,inner_val
ISIC_1201873,0,0.0005225014,inner_val
ISIC_1207789,0,0.004449786,inner_val
ISIC_1211024,0,0.033684928,inner_val
ISIC_1215482,0,0.0004603219,inner_val
ISIC_1218358,0,0.012983524,inner_val
ISIC_1219894,0,0.07659475,inner_val
ISIC_1221691,0,0.0004018417,inner_val
ISIC_1222640,0,0.0007747437,inner_val
ISIC_1225412,0,0.00020298676,inner_val
ISIC_1228927,0,0.0038738872,inner_val
ISIC_1233389,0,0.00059527345,inner_val
ISIC_1237271,0,0.0014025772,inner_val
ISIC_1237500,0,0.0014688295,inner_val
ISIC_1239373,0,0.00043271063,inner_val
ISIC_1239785,0,0.0005406649,inner_val
ISIC_1241304,0,0.0007466502,inner_val
ISIC_1241645,0,0.0012456101,inner_val
ISIC_1241817,1,0.13816515,inner_val
ISIC_1247037,0,0.00051983405,inner_val
ISIC_1247284,0,0.00046639633,inner_val
ISIC_1248275,0,0.003618574,inner_val
ISIC_1256143,0,0.0015300027,inner_val
ISIC_1258986,0,0.023744913,inner_val
ISIC_1260515,0,0.041348666,inner_val
ISIC_1268027,0,0.0003422081,inner_val
ISIC_1272071,0,0.029002706,inner_val
ISIC_1272768,0,0.000509877,inner_val
ISIC_1274220,0,0.01400744,inner_val
ISIC_1280112,0,0.0009526564,inner_val
ISIC_1280780,0,0.0024259996,inner_val
ISIC_1282063,0,0.0005479617,inner_val
ISIC_1285870,0,0.00045310668,inner_val
ISIC_1286298,0,0.09302445,inner_val
ISIC_1287495,0,0.0006986867,inner_val
ISIC_1289608,0,0.00081323914,inner_val
ISIC_1290920,0,0.014378471,inner_val
ISIC_1296817,0,0.001499887,inner_val
ISIC_1304291,0,0.000561227,inner_val
ISIC_1306020,0,0.00074782374,inner_val
ISIC_1306050,0,0.018380411,inner_val
ISIC_1307651,0,0.0008044036,inner_val
ISIC_1308081,0,0.0016720814,inner_val
ISIC_1308938,0,0.002911785,inner_val
ISIC_1323471,0,0.00039332727,inner_val
ISIC_1324618,0,0.00068149157,inner_val
ISIC_1328868,0,0.11562109,inner_val
ISIC_1346562,0,0.0013277542,inner_val
ISIC_1348050,0,0.0005245321,inner_val
ISIC_1349042,0,0.06435001,inner_val
ISIC_1349213,0,0.051872592,inner_val
ISIC_1349353,0,0.0017262446,inner_val
ISIC_1351965,0,0.006110861,inner_val
ISIC_1353094,0,0.010156846,inner_val
ISIC_1353530,0,0.005194454,inner_val
ISIC_1353668,0,0.014456077,inner_val
ISIC_1355890,0,0.07189859,inner_val
ISIC_1359533,0,0.00049161806,inner_val
ISIC_1361124,0,0.11316815,inner_val
ISIC_1362234,0,0.008571397,inner_val
ISIC_1367387,0,0.0027999775,inner_val
ISIC_1368367,0,0.016569098,inner_val
ISIC_1368549,0,0.0006324925,inner_val
ISIC_1373573,0,0.0005132053,inner_val
ISIC_1383347,0,0.04082235,inner_val
ISIC_1386612,0,0.013651673,inner_val
ISIC_1388650,0,0.0073843054,inner_val
ISIC_1393528,0,0.0012697895,inner_val
ISIC_1393849,0,0.0005806709,inner_val
ISIC_1394746,0,0.00047501773,inner_val
ISIC_1397669,0,0.012447812,inner_val
ISIC_1400825,0,0.001669359,inner_val
ISIC_1401396,0,0.00036461977,inner_val
ISIC_1402407,0,0.010824835,inner_val
ISIC_1402840,0,0.0014358261,inner_val
ISIC_1414751,0,0.0026820505,inner_val
ISIC_1414967,0,0.0054589147,inner_val
ISIC_1425961,0,0.0004820362,inner_val
ISIC_1426781,0,0.02387922,inner_val
ISIC_1428473,0,0.11442241,inner_val
ISIC_1429608,0,0.001223887,inner_val
ISIC_1433921,0,0.0109022,inner_val
ISIC_1435946,0,0.0031600238,inner_val
ISIC_1437974,0,0.10022436,inner_val
ISIC_1438269,0,0.0004134026,inner_val
ISIC_1440985,1,0.0066856174,inner_val
ISIC_1441260,0,0.00059785455,inner_val
ISIC_1443134,0,0.039169487,inner_val
ISIC_1445790,0,0.0003467858,inner_val
ISIC_1451530,0,0.00031701816,inner_val
ISIC_1452314,0,0.003890522,inner_val
ISIC_1452626,0,0.00042820908,inner_val
ISIC_1453787,0,0.0013460777,inner_val
ISIC_1454004,0,0.0008319907,inner_val
ISIC_1456390,0,0.0009761066,inner_val
ISIC_1457687,0,0.028848287,inner_val
ISIC_1467006,0,0.0005866944,inner_val
ISIC_1467289,0,0.0017291255,inner_val
ISIC_1467430,0,0.0009811396,inner_val
ISIC_1470271,0,0.0005637245,inner_val
ISIC_1476281,0,0.006046542,inner_val
ISIC_1477076,0,0.0002545104,inner_val
ISIC_1477615,0,0.0010943277,inner_val
ISIC_1479183,0,0.083599634,inner_val
ISIC_1480119,0,0.065655336,inner_val
ISIC_1481965,0,0.0003752763,inner_val
ISIC_1483503,0,0.00081187254,inner_val
ISIC_1487510,0,0.010343639,inner_val
ISIC_1487856,0,0.04036336,inner_val
ISIC_1488047,0,0.0014442516,inner_val
ISIC_1488727,0,0.00043262632,inner_val
ISIC_1496194,0,0.0005241568,inner_val
ISIC_1497121,0,0.011756722,inner_val
ISIC_1501483,0,0.0068266275,inner_val
ISIC_1502460,0,0.016324563,inner_val
ISIC_1504257,0,0.00023995782,inner_val
ISIC_1505069,0,0.0026060357,inner_val
ISIC_1507583,0,0.0017263801,inner_val
ISIC_1508162,0,0.03250258,inner_val
ISIC_1509056,0,0.0029762054,inner_val
ISIC_1509417,0,0.023569113,inner_val
ISIC_1509635,0,0.002049137,inner_val
ISIC_1511109,0,0.030905608,inner_val
ISIC_1511613,0,0.011445714,inner_val
ISIC_1511661,0,0.0068335664,inner_val
ISIC_1515413,0,0.0055895173,inner_val
ISIC_1517730,0,0.00026105836,inner_val
ISIC_1519429,0,0.00239039,inner_val
ISIC_1519698,0,0.0076019973,inner_val
ISIC_1533383,0,0.00041166658,inner_val
ISIC_1536177,0,0.0008312842,inner_val
ISIC_1537939,0,0.007099019,inner_val
ISIC_1537958,0,0.0021067755,inner_val
ISIC_1543544,0,0.0015105932,inner_val
ISIC_1545213,0,0.008794417,inner_val
ISIC_1546149,0,0.0020629398,inner_val
ISIC_1546958,0,0.004918908,inner_val
ISIC_1549005,0,0.002966193,inner_val
ISIC_1557225,0,0.004668848,inner_val
ISIC_1561068,0,0.0060788644,inner_val
ISIC_1566931,0,0.011935783,inner_val
ISIC_1568268,0,0.008151085,inner_val
ISIC_1569775,0,0.00023983112,inner_val
ISIC_1571860,0,0.0025936263,inner_val
ISIC_1574020,0,0.0007695767,inner_val
ISIC_1576437,0,0.017728109,inner_val
ISIC_1578507,0,0.011203489,inner_val
ISIC_1579745,0,0.012717636,inner_val
ISIC_1580034,0,0.000560741,inner_val
ISIC_1583201,0,0.006001866,inner_val
ISIC_1584693,0,0.01703202,inner_val
ISIC_1584861,0,0.0016782847,inner_val
ISIC_1585370,0,0.00032283482,inner_val
ISIC_1590814,0,0.00065767154,inner_val
ISIC_1591010,0,0.0063179377,inner_val
ISIC_1595496,0,0.00015683439,inner_val
ISIC_1597566,0,0.07193235,inner_val
ISIC_1598039,0,0.0004765461,inner_val
ISIC_1600554,0,0.00042101243,inner_val
ISIC_1604307,0,0.00060771324,inner_val
ISIC_1611703,0,0.0005643355,inner_val
ISIC_1612236,0,0.010972532,inner_val
ISIC_1613328,0,0.0011383437,inner_val
ISIC_1617888,0,0.00037606922,inner_val
ISIC_1618302,0,0.028260292,inner_val
ISIC_1621479,0,0.00064538134,inner_val
ISIC_1621961,0,0.0006132699,inner_val
ISIC_1624520,0,0.04108116,inner_val
ISIC_1626359,0,0.00081936666,inner_val
ISIC_1627111,0,0.004592069,inner_val
ISIC_1629539,0,0.008528781,inner_val
ISIC_1631649,0,0.039830223,inner_val
ISIC_1632009,0,0.002371155,inner_val
ISIC_1632313,0,0.08279953,inner_val
ISIC_1632655,0,0.0016195363,inner_val
ISIC_1632949,0,0.031294104,inner_val
ISIC_1633816,0,0.013444708,inner_val
ISIC_1636399,0,0.00059104635,inner_val
ISIC_1637401,0,0.00044289642,inner_val
ISIC_1640614,0,0.0008401613,inner_val
ISIC_1640666,0,0.00252554,inner_val
ISIC_1641823,0,0.00042679007,inner_val
ISIC_1643979,0,0.006218837,inner_val
ISIC_1645535,0,0.0006945682,inner_val
ISIC_1645738,0,0.00030765944,inner_val
ISIC_1657007,0,0.015034945,inner_val
ISIC_1658978,0,0.00039613238,inner_val
ISIC_1659656,0,0.028451746,inner_val
ISIC_1659777,0,0.0586409,inner_val
ISIC_1660143,0,0.0004843442,inner_val
ISIC_1660279,0,0.003623701,inner_val
ISIC_1660316,0,0.13988666,inner_val
ISIC_1660565,0,0.0015135687,inner_val
ISIC_1662872,0,0.0041882,inner_val
ISIC_1665153,0,0.0024624437,inner_val
ISIC_1670106,0,0.00031705052,inner_val
ISIC_1671282,0,0.0002601723,inner_val
ISIC_1672688,0,0.0043438934,inner_val
ISIC_1676353,0,0.0016142252,inner_val
ISIC_1677092,0,0.001236024,inner_val
ISIC_1680153,0,0.001517669,inner_val
ISIC_1684829,0,0.00021747866,inner_val
ISIC_1694480,0,0.00022205825,inner_val
ISIC_1695065,0,0.00059197855,inner_val
ISIC_1696070,0,0.012605437,inner_val
ISIC_1698302,0,0.006442249,inner_val
ISIC_1698805,0,0.009431767,inner_val
ISIC_1700029,0,0.0005584443,inner_val
ISIC_1700928,0,0.012736066,inner_val
ISIC_1707324,0,0.10285367,inner_val
ISIC_1712329,0,0.00095818995,inner_val
ISIC_1713413,0,0.0011022316,inner_val
ISIC_1719433,0,0.0023603546,inner_val
ISIC_1722494,0,0.013559681,inner_val
ISIC_1727499,0,0.008853139,inner_val
ISIC_1729039,0,0.15365787,inner_val
ISIC_1729351,0,0.011029339,inner_val
ISIC_1730495,0,0.002980745,inner_val
ISIC_1731230,0,0.033474557,inner_val
ISIC_1731411,0,0.011294595,inner_val
ISIC_1736914,0,0.0032640018,inner_val
ISIC_1737276,0,0.00088572095,inner_val
ISIC_1737600,0,0.011302808,inner_val
ISIC_1738117,0,0.032029692,inner_val
ISIC_1740186,0,0.0006925796,inner_val
ISIC_1740430,0,0.044667263,inner_val
ISIC_1741747,0,0.019208563,inner_val
ISIC_1746070,0,0.0019531157,inner_val
ISIC_1746717,0,0.25865704,inner_val
ISIC_1750235,0,0.023508336,inner_val
ISIC_1753360,0,0.0153987855,inner_val
ISIC_1756631,0,0.07264616,inner_val
ISIC_1763577,0,0.003199378,inner_val
ISIC_1768325,0,0.049248777,inner_val
ISIC_1777292,0,0.0005167326,inner_val
ISIC_1777763,0,0.018334284,inner_val
ISIC_1778400,0,0.0013865088,inner_val
ISIC_1781273,0,0.006925761,inner_val
ISIC_1782545,0,0.016448293,inner_val
ISIC_1784340,0,0.0501502,inner_val
ISIC_1785671,0,0.0239318,inner_val
ISIC_1787444,0,0.0038322103,inner_val
ISIC_1790549,0,0.00026771217,inner_val
ISIC_1790960,0,0.0031271009,inner_val
ISIC_1792867,0,0.00024936587,inner_val
ISIC_1793624,0,0.015359045,inner_val
ISIC_1795529,0,0.0039803525,inner_val
ISIC_1797104,0,0.00067797524,inner_val
ISIC_1798800,0,0.009224475,inner_val
ISIC_1799849,0,0.00045952707,inner_val
ISIC_1801631,0,0.00070371956,inner_val
ISIC_1801687,0,0.0064846775,inner_val
ISIC_1803252,0,0.0046671554,inner_val
ISIC_1805163,0,0.00080989907,inner_val
ISIC_1805602,0,0.0012985305,inner_val
ISIC_1806179,0,0.0446795,inner_val
ISIC_1806761,0,0.00788921,inner_val
ISIC_1811256,0,0.1716236,inner_val
ISIC_1821825,0,0.0007213132,inner_val
ISIC_1826803,0,0.027740551,inner_val
ISIC_1832110,0,0.00084690255,inner_val
ISIC_1833337,0,0.0034640504,inner_val
ISIC_1833947,0,0.03204742,inner_val
ISIC_1836985,0,0.0010036908,inner_val
ISIC_1844585,0,0.00036525435,inner_val
ISIC_1845926,0,0.0004674784,inner_val
ISIC_1850790,0,0.0049956623,inner_val
ISIC_1850815,0,0.0008458654,inner_val
ISIC_1851112,0,0.0005938839,inner_val
ISIC_1851709,0,0.00046321342,inner_val
ISIC_1851985,0,0.00038862237,inner_val
ISIC_1854582,0,0.0044300053,inner_val
ISIC_1860049,0,0.0005261046,inner_val
ISIC_1865347,0,0.11684407,inner_val
ISIC_1866770,1,0.17324805,inner_val
ISIC_1872534,0,0.0002910688,inner_val
ISIC_1874480,0,0.004004266,inner_val
ISIC_1874969,0,0.0005275199,inner_val
ISIC_1875729,0,0.0019296729,inner_val
ISIC_1877216,0,0.00091809954,inner_val
ISIC_1878443,0,0.005974904,inner_val
ISIC_1878481,0,0.013888084,inner_val
ISIC_1880716,0,0.01490927,inner_val
ISIC_1885174,0,0.028837483,inner_val
ISIC_1886413,0,0.07284095,inner_val
ISIC_1886480,0,0.00042215458,inner_val
ISIC_1887093,0,0.0006517286,inner_val
ISIC_1887647,0,0.00089445664,inner_val
ISIC_1890558,0,0.01947848,inner_val
ISIC_1891515,0,0.058306776,inner_val
ISIC_1891539,0,0.0017611879,inner_val
ISIC_1892011,0,0.008672455,inner_val
ISIC_1894141,0,0.25763705,inner_val
ISIC_1897994,0,0.036286607,inner_val
ISIC_1900433,0,0.0021356398,inner_val
ISIC_1904481,0,0.00032175847,inner_val
ISIC_1908424,0,0.015651619,inner_val
ISIC_1911390,0,0.0006271471,inner_val
ISIC_1918027,0,0.016992342,inner_val
ISIC_1919114,0,0.011552116,inner_val
ISIC_1922657,0,0.00058938435,inner_val
ISIC_1924232,0,0.0002636178,inner_val
ISIC_1925533,0,0.00080726785,inner_val
ISIC_1926499,0,0.006507728,inner_val
ISIC_1929654,0,0.17666662,inner_val
ISIC_1932586,0,0.0056680725,inner_val
ISIC_1933891,0,0.07352271,inner_val
ISIC_1935204,0,0.012193363,inner_val
ISIC_1935643,0,0.000433442,inner_val
ISIC_1936882,0,0.0008851755,inner_val
ISIC_1937197,0,0.001758047,inner_val
ISIC_1939931,0,0.0009340045,inner_val
ISIC_1940615,0,0.025738494,inner_val
ISIC_1944712,0,0.015199274,inner_val
ISIC_1944752,0,0.0026386357,inner_val
ISIC_1949047,0,0.00048945926,inner_val
ISIC_1950282,0,0.00085353834,inner_val
ISIC_1950569,0,0.0075536445,inner_val
ISIC_1950847,0,0.00716633,inner_val
ISIC_1952298,0,0.000872893,inner_val
ISIC_1957488,0,0.0003609591,inner_val
ISIC_1957685,0,0.0007784075,inner_val
ISIC_1959715,0,0.00058106065,inner_val
ISIC_1960446,0,0.00046808016,inner_val
ISIC_1967651,0,0.001028353,inner_val
ISIC_1968499,0,0.001688932,inner_val
ISIC_1970368,0,0.0006030112,inner_val
ISIC_1970738,0,0.015968185,inner_val
ISIC_1973151,0,0.0031794899,inner_val
ISIC_1976571,0,0.010597184,inner_val
ISIC_1979996,0,0.0058388705,inner_val
ISIC_1988080,0,0.0041330354,inner_val
ISIC_1988596,0,0.036740635,inner_val
ISIC_1988777,0,0.021951474,inner_val
ISIC_1990046,0,0.008705757,inner_val
ISIC_1990651,0,0.00081888266,inner_val
ISIC_1993529,0,0.0005713225,inner_val
ISIC_1994455,0,0.020747649,inner_val
ISIC_1995882,0,0.0012394092,inner_val
ISIC_2000000,0,0.0014776946,inner_val
ISIC_2000319,0,0.0006079079,inner_val
ISIC_2001699,0,0.0005773363,inner_val
ISIC_2011408,0,0.006982524,inner_val
ISIC_2012245,0,0.011402386,inner_val
ISIC_2012388,0,0.017269924,inner_val
ISIC_2012967,0,0.0024999564,inner_val
ISIC_2013664,0,0.00045442831,inner_val
ISIC_2019386,0,0.0013002031,inner_val
ISIC_2024062,0,0.00073403376,inner_val
ISIC_2027733,0,0.00022717353,inner_val
ISIC_2028658,0,0.011863514,inner_val
ISIC_2029418,0,0.00028395103,inner_val
ISIC_2030101,0,0.07326628,inner_val
ISIC_2030997,0,0.0007805538,inner_val
ISIC_2031360,0,0.00075365044,inner_val
ISIC_2032658,0,0.054043934,inner_val
ISIC_2038024,0,0.0010674843,inner_val
ISIC_2047791,0,0.003874274,inner_val
ISIC_2049142,0,0.037982106,inner_val
ISIC_2052192,0,0.14670359,inner_val
ISIC_2052529,0,0.0016051029,inner_val
ISIC_2054066,0,0.021527316,inner_val
ISIC_2054436,0,0.03152612,inner_val
ISIC_2056468,0,0.007083773,inner_val
ISIC_2058516,0,0.016424527,inner_val
ISIC_2060846,0,0.00078770047,inner_val
ISIC_2061854,0,0.003232835,inner_val
ISIC_2061933,0,0.0006434314,inner_val
ISIC_2069179,0,0.0055948603,inner_val
ISIC_2072219,1,0.045051575,inner_val
ISIC_2077116,1,0.01129386,inner_val
ISIC_2079300,0,0.017998885,inner_val
ISIC_2079758,0,0.006449783,inner_val
ISIC_2082721,0,0.0041899523,inner_val
ISIC_2083499,0,0.01142466,inner_val
ISIC_2087826,0,0.00083289616,inner_val
ISIC_2087913,0,0.013129807,inner_val
ISIC_2088750,0,0.0019461939,inner_val
ISIC_2097198,0,0.002876512,inner_val
ISIC_2098084,0,0.0007337777,inner_val
ISIC_2098959,0,0.010042461,inner_val
ISIC_2102228,0,0.00068123115,inner_val
ISIC_2104267,0,0.006460388,inner_val
ISIC_2105563,1,0.028558822,inner_val
ISIC_2106041,0,0.0025245214,inner_val
ISIC_2106823,0,0.00048987835,inner_val
ISIC_2109766,0,0.019561935,inner_val
ISIC_2123846,0,0.0010609896,inner_val
ISIC_2124213,0,0.00084180164,inner_val
ISIC_2127185,0,0.00034935898,inner_val
ISIC_2129292,0,0.009432631,inner_val
ISIC_2131962,0,0.0005621934,inner_val
ISIC_2133980,0,0.15580025,inner_val
ISIC_2134267,0,0.00094106176,inner_val
ISIC_2137735,0,0.028792074,inner_val
ISIC_2139752,0,0.0005260843,inner_val
ISIC_2143557,0,0.0013286107,inner_val
ISIC_2147549,0,0.018764548,inner_val
ISIC_2149531,0,0.00068268145,inner_val
ISIC_2150221,0,0.32927918,inner_val
ISIC_2156526,0,0.0021006214,inner_val
ISIC_2157630,0,0.007504414,inner_val
ISIC_2157951,0,0.02455776,inner_val
ISIC_2158377,0,0.0003658592,inner_val
ISIC_2158871,0,0.0065433085,inner_val
ISIC_2159982,0,0.014944861,inner_val
ISIC_2160139,0,0.12013018,inner_val
ISIC_2161444,0,0.00054859347,inner_val
ISIC_2162728,0,0.0072881705,inner_val
ISIC_2165840,0,0.00025617637,inner_val
ISIC_2169275,0,0.0014822918,inner_val
ISIC_2169311,0,0.009935231,inner_val
ISIC_2170086,0,0.001061488,inner_val
ISIC_2171940,0,0.0005332878,inner_val
ISIC_2172329,0,0.00060527393,inner_val
ISIC_2172532,0,0.0028409045,inner_val
ISIC_2174927,0,0.0042758426,inner_val
ISIC_2175722,0,0.0127541125,inner_val
ISIC_2176112,1,0.05107341,inner_val
ISIC_2176462,0,0.0004203367,inner_val
ISIC_2178689,0,0.0033023625,inner_val
ISIC_2178817,0,0.09685387,inner_val
ISIC_2178834,0,0.009072528,inner_val
ISIC_2186853,0,0.00020701891,inner_val
ISIC_2188566,0,0.006987687,inner_val
ISIC_2189699,0,0.007643313,inner_val
ISIC_2191924,0,0.03820871,inner_val
ISIC_2193223,0,0.00722064,inner_val
ISIC_2194762,0,0.00061593746,inner_val
ISIC_2198244,0,0.0006138181,inner_val
ISIC_2198278,0,0.0003703686,inner_val
ISIC_2199155,0,0.0067853895,inner_val
ISIC_2204100,0,0.027302392,inner_val
ISIC_2210565,0,0.010506491,inner_val
ISIC_2211337,0,0.0016011487,inner_val
ISIC_2211403,0,0.0007690401,inner_val
ISIC_2212100,0,0.0014560492,inner_val
ISIC_2221993,0,0.021917,inner_val
ISIC_2222349,0,0.00047624574,inner_val
ISIC_2226341,0,0.011456931,inner_val
ISIC_2232546,0,0.007929681,inner_val
ISIC_2234076,0,0.00066297,inner_val
ISIC_2236668,0,0.03303409,inner_val
ISIC_2237868,0,0.0005632116,inner_val
ISIC_2239134,0,0.0005309886,inner_val
ISIC_2243372,0,0.0009126694,inner_val
ISIC_2243924,0,0.00047907294,inner_val
ISIC_2249623,0,0.00595463,inner_val
ISIC_2250871,0,0.001008004,inner_val
ISIC_2251480,0,0.0021686452,inner_val
ISIC_2252958,0,0.00048300857,inner_val
ISIC_2255966,0,0.0024206352,inner_val
ISIC_2258612,0,0.027200608,inner_val
ISIC_2263504,0,0.0007713248,inner_val
ISIC_2265409,0,0.117053494,inner_val
ISIC_2266290,0,0.00040263394,inner_val
ISIC_2266369,0,0.03900676,inner_val
ISIC_2273556,0,0.00086017296,inner_val
ISIC_2273860,0,0.0065528597,inner_val
ISIC_2277876,0,0.00042849654,inner_val
ISIC_2278042,0,0.0002855664,inner_val
ISIC_2279329,0,0.00035204372,inner_val
ISIC_2281984,0,0.005410237,inner_val
ISIC_2283702,0,0.00075951027,inner_val
ISIC_2284769,0,0.026866892,inner_val
ISIC_2286375,0,0.029778453,inner_val
ISIC_2288861,0,0.00053907436,inner_val
ISIC_2289462,0,0.0031218182,inner_val
ISIC_2293230,0,0.00036594935,inner_val
ISIC_2293255,0,0.2297474,inner_val
ISIC_2298329,0,0.017244214,inner_val
ISIC_2301843,0,0.011737789,inner_val
ISIC_2302257,0,0.004243392,inner_val
ISIC_2306653,0,0.036773056,inner_val
ISIC_2307760,0,0.00040850553,inner_val
ISIC_2309744,1,0.09993607,inner_val
ISIC_2314289,0,0.040407967,inner_val
ISIC_2319929,0,0.00046569956,inner_val
ISIC_2320823,0,0.0016483855,inner_val
ISIC_2321940,0,0.00083636085,inner_val
ISIC_2323049,0,0.000535013,inner_val
ISIC_2323082,0,0.0006732412,inner_val
ISIC_2324440,0,0.0007074882,inner_val
ISIC_2327393,0,0.0068729697,inner_val
ISIC_2329722,0,0.13478333,inner_val
ISIC_2334224,0,0.0006256746,inner_val
ISIC_2334595,0,0.00044794695,inner_val
ISIC_2336763,0,0.37833917,inner_val
ISIC_2337907,1,0.28519136,inner_val
ISIC_2339849,0,0.0016900548,inner_val
ISIC_2340635,0,0.0005743456,inner_val
ISIC_2342769,1,0.038349207,inner_val
ISIC_2344492,0,0.008931363,inner_val
ISIC_2347821,0,0.0005602866,inner_val
ISIC_2348336,0,0.0026281655,inner_val
ISIC_2351776,0,0.00091808295,inner_val
ISIC_2354258,0,0.0012744945,inner_val
ISIC_2355662,0,0.011232432,inner_val
ISIC_2357010,0,0.0003835729,inner_val
ISIC_2357533,0,0.09956242,inner_val
ISIC_2358170,0,0.0011851223,inner_val
ISIC_2358454,1,0.0015046579,inner_val
ISIC_2359366,0,0.00072143663,inner_val
ISIC_2365225,0,0.0007211369,inner_val
ISIC_2374436,0,0.017947206,inner_val
ISIC_2376380,0,0.014540642,inner_val
ISIC_2379024,0,0.0005672768,inner_val
ISIC_2379778,0,0.019003253,inner_val
ISIC_2380421,0,0.0025618358,inner_val
ISIC_2385649,0,0.00030509927,inner_val
ISIC_2389688,0,0.0026281255,inner_val
ISIC_2391542,0,0.00057615415,inner_val
ISIC_2391627,0,0.002425454,inner_val
ISIC_2397455,0,0.022169488,inner_val
ISIC_2399253,0,0.0016211654,inner_val
ISIC_2400515,0,0.04865711,inner_val
ISIC_2403471,0,0.0038956052,inner_val
ISIC_2404635,0,0.0005077418,inner_val
ISIC_2404691,0,0.00035651543,inner_val
ISIC_2404756,0,0.015435397,inner_val
ISIC_2404779,0,0.0012194244,inner_val
ISIC_2406445,0,0.0064708344,inner_val
ISIC_2408442,0,0.0033170967,inner_val
ISIC_2410265,0,0.015756221,inner_val
ISIC_2414199,0,0.0012667979,inner_val
ISIC_2414367,0,0.0003172888,inner_val
ISIC_2414373,0,0.00031561888,inner_val
ISIC_2420067,0,0.0025227137,inner_val
ISIC_2423162,0,0.0021714475,inner_val
ISIC_2428829,0,0.0011669347,inner_val
ISIC_2429824,0,0.0008990686,inner_val
ISIC_2430937,0,0.0023267362,inner_val
ISIC_2431696,0,0.0009198437,inner_val
ISIC_2433960,0,0.0035075997,inner_val
ISIC_2435789,0,0.004481131,inner_val
ISIC_2438935,0,0.0008328973,inner_val
ISIC_2440407,0,0.000393367,inner_val
ISIC_2441954,0,0.00045005124,inner_val
ISIC_2443396,0,0.00061427493,inner_val
ISIC_2444344,0,0.014561476,inner_val
ISIC_2448820,0,0.0005753866,inner_val
ISIC_2450662,0,0.021876803,inner_val
ISIC_2450785,0,0.0020785003,inner_val
ISIC_2451671,0,0.0074681863,inner_val
ISIC_2452729,0,0.0051677725,inner_val
ISIC_2454898,0,0.0002257822,inner_val
ISIC_2456960,0,0.00063907687,inner_val
ISIC_2457024,0,0.0039265035,inner_val
ISIC_2459724,0,0.0006613157,inner_val
ISIC_2463014,0,0.0003969398,inner_val
ISIC_2467153,0,0.00056192285,inner_val
ISIC_2468540,0,0.0026732984,inner_val
ISIC_2470795,0,0.00038264997,inner_val
ISIC_2476092,0,0.0006658695,inner_val
ISIC_2479346,0,0.041273903,inner_val
ISIC_2481408,0,0.00015918625,inner_val
ISIC_2482667,0,0.037088893,inner_val
ISIC_2484404,0,0.08813333,inner_val
ISIC_2485946,0,0.026083866,inner_val
ISIC_2487716,0,0.0103648985,inner_val
ISIC_2489146,0,0.008072779,inner_val
ISIC_2489834,0,0.00038141914,inner_val
ISIC_2490175,0,0.014157804,inner_val
ISIC_2491020,0,0.0040832073,inner_val
ISIC_2492245,0,0.014455363,inner_val
ISIC_2494060,0,0.00041654095,inner_val
ISIC_2496831,0,0.00041533515,inner_val
ISIC_2506200,0,0.0007186261,inner_val
ISIC_2507096,0,0.0022793978,inner_val
ISIC_2507340,0,0.00073295686,inner_val
ISIC_2507701,0,0.0012309719,inner_val
ISIC_2507944,0,0.00070414046,inner_val
ISIC_2509850,0,0.002289589,inner_val
ISIC_2511249,0,0.0008514325,inner_val
ISIC_2513343,0,0.0012118449,inner_val
ISIC_2517258,0,0.005196002,inner_val
ISIC_2520713,0,0.0076985424,inner_val
ISIC_2520736,0,0.00062997505,inner_val
ISIC_2523685,0,0.00073911354,inner_val
ISIC_2524113,0,0.0003303174,inner_val
ISIC_2524743,0,0.0005069306,inner_val
ISIC_2527281,0,0.05377597,inner_val
ISIC_2537540,0,0.0012517346,inner_val
ISIC_2539017,0,0.03501584,inner_val
ISIC_2539218,0,0.0030577222,inner_val
ISIC_2541375,0,0.00037642682,inner_val
ISIC_2541969,0,0.0003980656,inner_val
ISIC_2543280,0,0.007625153,inner_val
ISIC_2546644,0,0.0008251463,inner_val
ISIC_2549331,0,0.0015238458,inner_val
ISIC_2549673,0,0.00038471617,inner_val
ISIC_2555904,0,0.006942385,inner_val
ISIC_2560287,0,0.0012953411,inner_val
ISIC_2560301,0,0.008765115,inner_val
ISIC_2567644,0,0.017191375,inner_val
ISIC_2568485,0,0.00154665,inner_val
ISIC_2570413,0,0.00034106718,inner_val
ISIC_2575536,0,0.062263418,inner_val
ISIC_2577881,0,0.000873426,inner_val
ISIC_2577938,0,0.0003506,inner_val
ISIC_2580891,0,0.0019275391,inner_val
ISIC_2581307,0,0.00044907306,inner_val
ISIC_2581480,0,0.00039559198,inner_val
ISIC_2581592,0,0.00042060163,inner_val
ISIC_2582493,0,0.20119113,inner_val
ISIC_2586269,0,0.017706119,inner_val
ISIC_2588167,0,0.008316691,inner_val
ISIC_2592814,0,0.0036066656,inner_val
ISIC_2592956,0,0.021671215,inner_val
ISIC_2594901,0,0.0003720802,inner_val
ISIC_2601166,0,0.00032319667,inner_val
ISIC_2601537,0,0.00039432084,inner_val
ISIC_2606024,0,0.0011029684,inner_val
ISIC_2611118,0,0.0006542444,inner_val
ISIC_2613002,0,0.00076478085,inner_val
ISIC_2616327,0,0.0076555437,inner_val
ISIC_2616343,0,0.0002631776,inner_val
ISIC_2618635,0,0.049644686,inner_val
ISIC_2618859,0,0.02957973,inner_val
ISIC_2619698,0,0.011567104,inner_val
ISIC_2623538,0,0.0015086822,inner_val
ISIC_2631643,0,0.01009291,inner_val
ISIC_2632587,0,0.009963648,inner_val
ISIC_2636747,0,0.009276121,inner_val
ISIC_2637608,1,0.08366905,inner_val
ISIC_2637968,0,0.19403873,inner_val
ISIC_2639079,0,0.007788654,inner_val
ISIC_2639144,0,0.004533204,inner_val
ISIC_2645655,0,0.00053836394,inner_val
ISIC_2648261,0,0.001268112,inner_val
ISIC_2650571,0,0.3427151,inner_val
ISIC_2652786,0,0.00025085986,inner_val
ISIC_2653214,0,0.00032649087,inner_val
ISIC_2654197,0,0.0038516934,inner_val
ISIC_2654417,0,0.00038866772,inner_val
ISIC_2657843,0,0.014515389,inner_val
ISIC_2657946,0,0.0021660405,inner_val
ISIC_2659591,0,0.01614001,inner_val
ISIC_2660535,0,0.012317295,inner_val
ISIC_2665498,0,0.023707919,inner_val
ISIC_2670475,0,0.0015927722,inner_val
ISIC_2673871,0,0.0005050034,inner_val
ISIC_2674517,0,6.0803068e-05,inner_val
ISIC_2679295,0,0.01378578,inner_val
ISIC_2680640,0,0.0005124965,inner_val
ISIC_2681497,0,0.011536602,inner_val
ISIC_2685523,0,0.0007948099,inner_val
ISIC_2687068,0,0.04158265,inner_val
ISIC_2687164,0,0.012140198,inner_val
ISIC_2688897,0,0.00076589966,inner_val
ISIC_2693412,0,0.0005242397,inner_val
ISIC_2696344,0,0.0073691877,inner_val
ISIC_2699336,0,0.0010566169,inner_val
ISIC_2700545,0,0.00058229343,inner_val
ISIC_2700802,0,0.00065263483,inner_val
ISIC_2703816,0,0.06985434,inner_val
ISIC_2706378,0,0.00043055648,inner_val
ISIC_2711084,0,0.0017416434,inner_val
ISIC_2714572,0,0.011245122,inner_val
ISIC_2716425,0,0.008096555,inner_val
ISIC_2724529,1,0.011052936,inner_val
ISIC_2726326,0,0.00031474358,inner_val
ISIC_2726665,0,0.009275437,inner_val
ISIC_2727016,0,0.10548809,inner_val
ISIC_2730948,0,0.00070822146,inner_val
ISIC_2731847,0,0.019459927,inner_val
ISIC_2732429,0,0.006868333,inner_val
ISIC_2739481,0,0.0066835852,inner_val
ISIC_2740756,0,0.0010052703,inner_val
ISIC_2744153,0,0.0029723577,inner_val
ISIC_2747650,0,0.00060387974,inner_val
ISIC_2749240,0,0.010272596,inner_val
ISIC_2750991,0,0.005213625,inner_val
ISIC_2752919,0,0.045039713,inner_val
ISIC_2755667,0,0.011886644,inner_val
ISIC_2761440,0,0.021499993,inner_val
ISIC_2764032,0,0.0013984399,inner_val
ISIC_2765253,0,0.062395733,inner_val
ISIC_2772616,0,0.00044244996,inner_val
ISIC_2780122,0,0.014337292,inner_val
ISIC_2781254,0,0.01973509,inner_val
ISIC_2782870,0,0.00021910336,inner_val
ISIC_2784686,0,0.00039062268,inner_val
ISIC_2786383,0,0.03823364,inner_val
ISIC_2788026,0,0.0064264345,inner_val
ISIC_2788933,0,0.00063624786,inner_val
ISIC_2794624,0,0.2024025,inner_val
ISIC_2795016,0,0.011924311,inner_val
ISIC_2798939,0,0.0037645376,inner_val
ISIC_2799242,0,0.012622364,inner_val
ISIC_2799787,0,0.003005463,inner_val
ISIC_2799892,0,0.003162228,inner_val
ISIC_2800015,0,0.029721448,inner_val
ISIC_2801042,0,0.0014520128,inner_val
ISIC_2807121,0,0.014051328,inner_val
ISIC_2808622,0,0.011110288,inner_val
ISIC_2809103,0,0.073355645,inner_val
ISIC_2815040,0,0.26787356,inner_val
ISIC_2817878,0,0.00021640783,inner_val
ISIC_2819603,0,0.0006952553,inner_val
ISIC_2826618,0,0.000388198,inner_val
ISIC_2829017,0,0.00040639663,inner_val
ISIC_2829107,0,0.039126404,inner_val
ISIC_2834840,0,0.050092664,inner_val
ISIC_2838426,0,0.0014249668,inner_val
ISIC_2842532,0,0.00026583739,inner_val
ISIC_2843206,0,0.0021572588,inner_val
ISIC_2843245,0,0.016887262,inner_val
ISIC_2845856,0,0.00050784275,inner_val
ISIC_2855626,0,0.02216004,inner_val
ISIC_2861317,0,0.124619454,inner_val
ISIC_2861546,0,0.00063901115,inner_val
ISIC_2863809,0,0.116507486,inner_val
ISIC_2869310,0,0.0031611687,inner_val
ISIC_2871070,0,0.0060961233,inner_val
ISIC_2873294,0,0.007982132,inner_val
ISIC_2874203,0,0.000811226,inner_val
ISIC_2874706,0,0.02415932,inner_val
ISIC_2877029,0,0.00046199636,inner_val
ISIC_2878344,0,0.0005849467,inner_val
ISIC_2881128,0,0.004479862,inner_val
ISIC_2881263,0,0.037930015,inner_val
ISIC_2882129,0,0.0018045342,inner_val
ISIC_2887033,0,0.0123043675,inner_val
ISIC_2888272,0,0.0004300249,inner_val
ISIC_2892382,0,0.0019437843,inner_val
ISIC_2893823,0,0.00052539626,inner_val
ISIC_2894185,0,0.0022707959,inner_val
ISIC_2903423,0,0.016679212,inner_val
ISIC_2903941,0,0.00020640652,inner_val
ISIC_2904884,0,0.0010030369,inner_val
ISIC_2907527,0,0.0019197125,inner_val
ISIC_2911251,0,0.0005663389,inner_val
ISIC_2914880,0,0.00040426044,inner_val
ISIC_2915747,0,0.0006921405,inner_val
ISIC_2916248,0,0.002181702,inner_val
ISIC_2916510,0,0.000941748,inner_val
ISIC_2917378,0,0.00041652189,inner_val
ISIC_2919360,0,0.044226527,inner_val
ISIC_2921549,0,0.007813501,inner_val
ISIC_2921933,0,0.001000634,inner_val
ISIC_2923483,0,0.0005363669,inner_val
ISIC_2924066,0,0.0029247426,inner_val
ISIC_2925891,0,0.18727691,inner_val
ISIC_2927205,0,0.006331,inner_val
ISIC_2927289,0,0.0023679887,inner_val
ISIC_2927891,0,0.00059395155,inner_val
ISIC_2930522,0,0.011115208,inner_val
ISIC_2941560,0,0.0030516828,inner_val
ISIC_2943284,0,0.023011705,inner_val
ISIC_2944480,0,0.0016944442,inner_val
ISIC_2945324,0,0.0028290153,inner_val
ISIC_2946577,0,0.000280715,inner_val
ISIC_2946626,0,0.00041817874,inner_val
ISIC_2950632,0,0.0035541956,inner_val
ISIC_2952446,0,0.1982207,inner_val
ISIC_2953742,0,0.024837194,inner_val
ISIC_2953962,0,0.020088982,inner_val
ISIC_2956763,0,0.0010922914,inner_val
ISIC_2956783,0,0.34710607,inner_val
ISIC_2957102,0,0.011449016,inner_val
ISIC_2960377,0,0.10595551,inner_val
ISIC_2960995,0,0.056695584,inner_val
ISIC_2963146,0,0.023326647,inner_val
ISIC_2963464,0,0.07295224,inner_val
ISIC_2966043,0,0.0029721854,inner_val
ISIC_2967024,1,0.04046788,inner_val
ISIC_2968243,0,0.014294217,inner_val
ISIC_2975603,0,0.0082575865,inner_val
ISIC_2975904,0,0.010021984,inner_val
ISIC_2977985,0,0.0072135776,inner_val
ISIC_2978327,0,0.00041178233,inner_val
ISIC_2978682,0,0.0109865945,inner_val
ISIC_2981762,0,0.012055993,inner_val
ISIC_2981912,0,0.006362781,inner_val
ISIC_2982945,0,0.00085331476,inner_val
ISIC_2986186,0,0.00036900662,inner_val
ISIC_2986565,0,0.0007503147,inner_val
ISIC_2990722,0,0.002429322,inner_val
ISIC_2991680,0,0.0068327477,inner_val
ISIC_2991936,0,0.002846464,inner_val
ISIC_2993517,0,0.00089206034,inner_val
ISIC_2994772,0,0.00034881468,inner_val
ISIC_2996791,0,0.0012474112,inner_val
ISIC_3001380,0,0.0051665716,inner_val
ISIC_3003666,0,0.0015091951,inner_val
ISIC_3003779,0,0.006847545,inner_val
ISIC_3005396,0,0.011673183,inner_val
ISIC_3006507,0,0.00026280124,inner_val
ISIC_3010550,0,0.0003869636,inner_val
ISIC_3010582,0,0.0019345713,inner_val
ISIC_3011638,0,0.003284801,inner_val
ISIC_3011836,0,0.0032199689,inner_val
ISIC_3012699,0,0.0007500827,inner_val
ISIC_3014965,0,0.0064710514,inner_val
ISIC_3016859,0,0.026706833,inner_val
ISIC_3018550,0,0.008870747,inner_val
ISIC_3020913,0,0.0002271488,inner_val
ISIC_3022527,0,0.0005388216,inner_val
ISIC_3026934,0,0.00068435946,inner_val
ISIC_3029937,0,0.00038769728,inner_val
ISIC_3039519,0,0.0017452154,inner_val
ISIC_3043346,0,0.0004078164,inner_val
ISIC_3043475,0,0.0006253115,inner_val
ISIC_3049301,0,0.0050502974,inner_val
ISIC_3056425,0,0.0015615753,inner_val
ISIC_3059347,0,0.0069435425,inner_val
ISIC_3059967,0,0.0007165157,inner_val
ISIC_3062773,0,0.0004888894,inner_val
ISIC_3069054,0,0.0050307806,inner_val
ISIC_3070178,0,0.025691355,inner_val
ISIC_3073605,0,0.07061977,inner_val
ISIC_3084312,1,0.02928696,inner_val
ISIC_3084862,0,0.0020170691,inner_val
ISIC_3086038,0,0.0007315142,inner_val
ISIC_3087371,0,0.0023994253,inner_val
ISIC_3087402,0,0.00031309514,inner_val
ISIC_3088019,0,0.0009974616,inner_val
ISIC_3089729,0,0.2631357,inner_val
ISIC_3091757,0,0.000987297,inner_val
ISIC_3095600,0,0.03274942,inner_val
ISIC_3097419,0,0.000863224,inner_val
ISIC_3097424,0,0.030555265,inner_val
ISIC_3100594,0,0.0008400668,inner_val
ISIC_3105703,0,0.071381025,inner_val
ISIC_3105924,0,0.002133656,inner_val
ISIC_3110196,0,0.00034486846,inner_val
ISIC_3112783,0,0.043544203,inner_val
ISIC_3113485,0,0.0028096389,inner_val
ISIC_3114020,0,0.0004138393,inner_val
ISIC_3114110,0,0.0009753575,inner_val
ISIC_3116288,0,0.02841447,inner_val
ISIC_3116777,0,0.010024595,inner_val
ISIC_3118576,0,0.00035124953,inner_val
ISIC_3120665,0,0.005753595,inner_val
ISIC_3123377,0,0.004943527,inner_val
ISIC_3125030,0,0.00046161158,inner_val
ISIC_3126652,0,0.0011996741,inner_val
ISIC_3128414,0,0.00035229148,inner_val
ISIC_3134259,0,0.0016253539,inner_val
ISIC_3134745,0,0.004625499,inner_val
ISIC_3139994,0,0.060217824,inner_val
ISIC_3140246,0,0.00054938125,inner_val
ISIC_3142775,0,0.030170523,inner_val
ISIC_3143650,0,0.10600116,inner_val
ISIC_3148048,0,0.08253507,inner_val
ISIC_3154122,0,0.0008418614,inner_val
ISIC_3154509,0,0.00045754484,inner_val
ISIC_3155020,0,0.0016315979,inner_val
ISIC_3156139,0,0.00021327416,inner_val
ISIC_3159130,0,0.00080522115,inner_val
ISIC_3159924,1,0.118852064,inner_val
ISIC_3161186,0,0.020183075,inner_val
ISIC_3162794,0,0.00064995553,inner_val
ISIC_3171104,0,0.0050215526,inner_val
ISIC_3175350,0,0.01643974,inner_val
ISIC_3177916,0,0.07997271,inner_val
ISIC_3183548,0,0.047780924,inner_val
ISIC_3183794,0,0.0039028602,inner_val
ISIC_3185336,0,0.008721293,inner_val
ISIC_3197712,0,0.002665769,inner_val
ISIC_3198731,0,0.000493197,inner_val
ISIC_3202358,0,0.00073550275,inner_val
ISIC_3203435,0,0.0014921182,inner_val
ISIC_3206957,0,0.06276653,inner_val
ISIC_3209024,0,0.0039729304,inner_val
ISIC_3209856,0,0.0031064705,inner_val
ISIC_3211897,0,0.011070536,inner_val
ISIC_3215136,0,0.002721864,inner_val
ISIC_3217061,0,0.00045195146,inner_val
ISIC_3218135,0,0.0003149705,inner_val
ISIC_3218403,0,0.0019330519,inner_val
ISIC_3220423,0,0.008066824,inner_val
ISIC_3222214,0,0.01874469,inner_val
ISIC_3227705,0,0.00064853637,inner_val
ISIC_3230164,0,0.0783613,inner_val
ISIC_3232712,0,0.0013321845,inner_val
ISIC_3234899,0,0.0021680798,inner_val
ISIC_3237364,0,0.0031150028,inner_val
ISIC_3237861,0,0.060185924,inner_val
ISIC_3238687,0,0.00021480171,inner_val
ISIC_3246376,0,0.0050108572,inner_val
ISIC_3249704,0,0.0018378786,inner_val
ISIC_3249783,0,0.0008108558,inner_val
ISIC_3249936,0,0.007267455,inner_val
ISIC_3249958,0,0.0004582727,inner_val
ISIC_3251275,0,0.08413615,inner_val
ISIC_3260746,0,0.001374538,inner_val
ISIC_3260974,0,0.0046557416,inner_val
ISIC_3261511,0,0.0017409895,inner_val
ISIC_3264992,0,0.004742464,inner_val
ISIC_3265470,0,0.00048730357,inner_val
ISIC_3267196,0,0.000911148,inner_val
ISIC_3267817,0,0.0017034011,inner_val
ISIC_3274493,0,0.0019159857,inner_val
ISIC_3276395,0,0.07634719,inner_val
ISIC_3280963,0,0.008677015,inner_val
ISIC_3281252,0,0.001145551,inner_val
ISIC_3283934,0,0.0003152938,inner_val
ISIC_3286597,0,0.023487609,inner_val
ISIC_3289651,0,0.01173925,inner_val
ISIC_3290678,0,0.014833348,inner_val
ISIC_3296136,0,0.023833442,inner_val
ISIC_3296152,0,0.0008176803,inner_val
ISIC_3297631,0,0.00050383457,inner_val
ISIC_3299783,0,0.00033661356,inner_val
ISIC_3300386,0,0.0005726648,inner_val
ISIC_3301263,0,0.05065993,inner_val
ISIC_3302025,0,0.003737529,inner_val
ISIC_3304982,0,0.02888414,inner_val
ISIC_3310849,0,0.10673511,inner_val
ISIC_3311662,0,0.0030224696,inner_val
ISIC_3312201,0,0.009577398,inner_val
ISIC_3313317,0,0.0003415214,inner_val
ISIC_3316232,0,0.0054873065,inner_val
ISIC_3319163,0,0.005567992,inner_val
ISIC_3319229,1,0.025074916,inner_val
ISIC_3319361,0,0.00038597916,inner_val
ISIC_3328612,0,0.0018049516,inner_val
ISIC_3328736,0,0.0016545437,inner_val
ISIC_3331853,0,0.060203526,inner_val
ISIC_3335955,0,0.024277763,inner_val
ISIC_3340180,0,0.00047037943,inner_val
ISIC_3340346,0,0.0072986865,inner_val
ISIC_3345065,0,0.00027458186,inner_val
ISIC_3346045,0,0.001164474,inner_val
ISIC_3352700,0,0.011677365,inner_val
ISIC_3356316,0,0.000920742,inner_val
ISIC_3356497,0,0.0003581352,inner_val
ISIC_3356671,0,0.009663626,inner_val
ISIC_3361955,0,0.0007999921,inner_val
ISIC_3367944,0,0.014440622,inner_val
ISIC_3373004,0,0.040006813,inner_val
ISIC_3373578,0,0.005232588,inner_val
ISIC_3376991,0,0.00057619804,inner_val
ISIC_3378691,0,0.0032615068,inner_val
ISIC_3380009,0,0.08316929,inner_val
ISIC_3383093,0,0.0010783164,inner_val
ISIC_3384989,0,0.02545217,inner_val
ISIC_3385071,0,0.00032189133,inner_val
ISIC_3387713,0,0.010923636,inner_val
ISIC_3389461,0,0.0018493833,inner_val
ISIC_3397468,0,0.008261215,inner_val
ISIC_3401240,0,0.0015054811,inner_val
ISIC_3401631,0,0.028082201,inner_val
ISIC_3401780,0,0.0005708552,inner_val
ISIC_3402149,0,0.0006257697,inner_val
ISIC_3403778,0,0.015750736,inner_val
ISIC_3408742,0,0.0006585242,inner_val
ISIC_3412216,0,0.0005569065,inner_val
ISIC_3412637,0,0.0014579097,inner_val
ISIC_3413036,0,0.0008521625,inner_val
ISIC_3415223,0,0.00738784,inner_val
ISIC_3417390,0,0.020043736,inner_val
ISIC_3418447,0,0.001522647,inner_val
ISIC_3421141,0,0.019962521,inner_val
ISIC_3424667,0,0.02470226,inner_val
ISIC_3426701,0,0.0002256092,inner_val
ISIC_3435535,0,0.060105897,inner_val
ISIC_3437734,0,0.0010126887,inner_val
ISIC_3440813,0,0.021024678,inner_val
ISIC_3441198,0,0.06071666,inner_val
ISIC_3443234,0,0.027080577,inner_val
ISIC_3444192,0,0.040549893,inner_val
ISIC_3445468,0,0.4073527,inner_val
ISIC_3447765,0,0.030602042,inner_val
ISIC_3448630,0,0.004542171,inner_val
ISIC_3449290,0,0.003257569,inner_val
ISIC_3449292,0,0.0015358574,inner_val
ISIC_3455311,0,0.02356048,inner_val
ISIC_3458811,0,0.005751217,inner_val
ISIC_3461869,0,0.03788171,inner_val
ISIC_3463384,0,0.0018884015,inner_val
ISIC_3465385,0,0.0034570291,inner_val
ISIC_3474681,0,0.0017523702,inner_val
ISIC_3475660,1,0.064641476,inner_val
ISIC_3477566,0,0.010469659,inner_val
ISIC_3477896,0,0.0039611375,inner_val
ISIC_3478437,0,0.0007566862,inner_val
ISIC_3481768,0,0.0743681,inner_val
ISIC_3482676,0,0.0053310264,inner_val
ISIC_3487151,0,0.008005111,inner_val
ISIC_3487632,0,0.0057122577,inner_val
ISIC_3495799,0,0.0005490117,inner_val
ISIC_3499803,0,0.00034052815,inner_val
ISIC_3500137,0,0.021971375,inner_val
ISIC_3500673,0,0.0049018716,inner_val
ISIC_3501997,0,0.0081693055,inner_val
ISIC_3505327,0,0.009625162,inner_val
ISIC_3505339,0,0.00045806938,inner_val
ISIC_3510004,0,0.0024323866,inner_val
ISIC_3510802,0,0.039431836,inner_val
ISIC_3511854,0,0.0009059716,inner_val
ISIC_3512019,0,0.00035232306,inner_val
ISIC_3513288,0,0.00042455015,inner_val
ISIC_3521671,0,0.0005117811,inner_val
ISIC_3524429,0,0.0035717068,inner_val
ISIC_3526799,0,0.009855849,inner_val
ISIC_3528120,0,0.16269721,inner_val
ISIC_3528295,0,0.0037688497,inner_val
ISIC_3531360,0,0.0003724612,inner_val
ISIC_3535289,0,0.0007768643,inner_val
ISIC_3536436,0,0.0002795119,inner_val
ISIC_3537089,0,0.06570721,inner_val
ISIC_3544168,0,0.0005907583,inner_val
ISIC_3548393,0,0.0009378287,inner_val
ISIC_3550844,0,0.021919943,inner_val
ISIC_3552318,0,0.0002820034,inner_val
ISIC_3552860,0,0.0018353121,inner_val
ISIC_3555847,0,0.00082449464,inner_val
ISIC_3556857,0,0.0011460531,inner_val
ISIC_3559215,0,0.003235325,inner_val
ISIC_3562294,0,0.121034645,inner_val
ISIC_3562660,0,0.0020080465,inner_val
ISIC_3563518,0,0.00058228226,inner_val
ISIC_3573323,0,0.00018535859,inner_val
ISIC_3575305,0,0.022897579,inner_val
ISIC_3575814,0,0.14848301,inner_val
ISIC_3578203,0,0.00041134327,inner_val
ISIC_3579044,0,0.0011934788,inner_val
ISIC_3581871,0,0.006791608,inner_val
ISIC_3585381,0,0.00045213223,inner_val
ISIC_3586461,0,0.0007455524,inner_val
ISIC_3586611,0,0.0014656481,inner_val
ISIC_3587744,0,0.0797542,inner_val
ISIC_3588908,0,0.023415735,inner_val
ISIC_3589310,0,0.0023851015,inner_val
ISIC_3591686,0,0.004112639,inner_val
ISIC_3598244,0,0.00028155933,inner_val
ISIC_3599125,0,0.0005899253,inner_val
ISIC_3600802,0,0.0023856394,inner_val
ISIC_3601224,0,0.026997862,inner_val
ISIC_3605210,0,0.0021632905,inner_val
ISIC_3605747,0,0.0023823776,inner_val
ISIC_3609716,0,0.0015668597,inner_val
ISIC_3612211,0,0.0033198376,inner_val
ISIC_3612285,0,0.013323173,inner_val
ISIC_3616107,0,0.085967146,inner_val
ISIC_3621391,0,0.008629238,inner_val
ISIC_3622085,0,0.041751735,inner_val
ISIC_3628925,0,0.0009532115,inner_val
ISIC_3629614,0,0.005264269,inner_val
ISIC_3640401,0,0.0011938598,inner_val
ISIC_3642241,0,0.004471009,inner_val
ISIC_3645705,0,0.01220616,inner_val
ISIC_3646643,0,0.07851175,inner_val
ISIC_3648961,0,0.0005823289,inner_val
ISIC_3650598,0,0.06682396,inner_val
ISIC_3654373,0,0.0019471963,inner_val
ISIC_3654454,0,0.012129153,inner_val
ISIC_3657408,0,0.054299194,inner_val
ISIC_3657663,0,0.008938246,inner_val
ISIC_3659682,0,0.020320442,inner_val
ISIC_3662337,0,0.016384479,inner_val
ISIC_3663705,0,0.009923691,inner_val
ISIC_3667693,0,0.006936812,inner_val
ISIC_3667705,0,0.0019823753,inner_val
ISIC_3668644,0,0.023128415,inner_val
ISIC_3671955,0,0.3559587,inner_val
ISIC_3673090,0,0.0093493825,inner_val
ISIC_3673482,0,0.082291484,inner_val
ISIC_3676639,0,0.020896934,inner_val
ISIC_3676643,0,0.0028878215,inner_val
ISIC_3677742,0,0.007823595,inner_val
ISIC_3677905,0,0.0115909735,inner_val
ISIC_3677945,0,0.0075076954,inner_val
ISIC_3679271,0,0.00047111243,inner_val
ISIC_3683263,0,0.0011302038,inner_val
ISIC_3683402,0,0.0028556269,inner_val
ISIC_3683530,0,0.0011738362,inner_val
ISIC_3684488,1,0.21336673,inner_val
ISIC_3685448,0,0.0006335259,inner_val
ISIC_3687259,0,0.00050107203,inner_val
ISIC_3689907,0,0.00535011,inner_val
ISIC_3696726,0,0.0010622992,inner_val
ISIC_3700351,0,0.00046252023,inner_val
ISIC_3701563,0,0.0013717767,inner_val
ISIC_3703408,0,0.027137125,inner_val
ISIC_3705852,0,0.0007640954,inner_val
ISIC_3707360,0,0.029637137,inner_val
ISIC_3707770,0,0.0007596594,inner_val
ISIC_3715736,0,0.0023997687,inner_val
ISIC_3716147,0,0.0034455261,inner_val
ISIC_3716686,0,0.005819286,inner_val
ISIC_3718717,0,0.00074673136,inner_val
ISIC_3727292,0,0.00039138255,inner_val
ISIC_3730172,0,0.00036696176,inner_val
ISIC_3730238,0,0.040592603,inner_val
ISIC_3731040,0,0.0015808556,inner_val
ISIC_3731815,0,0.00047793312,inner_val
ISIC_3734766,0,0.026656669,inner_val
ISIC_3735337,0,0.0007104103,inner_val
ISIC_3737487,0,0.053883314,inner_val
ISIC_3740201,0,0.0009860237,inner_val
ISIC_3742431,0,0.009527065,inner_val
ISIC_3744835,0,0.013927202,inner_val
ISIC_3745639,0,0.00752033,inner_val
ISIC_3746410,0,0.00041793485,inner_val
ISIC_3749028,0,0.028979966,inner_val
ISIC_3751001,0,0.0477125,inner_val
ISIC_3761634,0,0.0027233919,inner_val
ISIC_3762853,0,0.0255076,inner_val
ISIC_3763248,0,0.012591308,inner_val
ISIC_3766837,0,0.007972107,inner_val
ISIC_3773860,0,0.00048560995,inner_val
ISIC_3774190,0,0.10313177,inner_val
ISIC_3779051,0,0.0004126586,inner_val
ISIC_3782372,0,0.0067388816,inner_val
ISIC_3783114,0,0.0023920985,inner_val
ISIC_3787994,0,0.10509115,inner_val
ISIC_3788678,0,0.00247287,inner_val
ISIC_3788873,0,0.00029115815,inner_val
ISIC_3789929,0,0.15338922,inner_val
ISIC_3792450,0,0.0022593958,inner_val
ISIC_3793261,0,0.21553312,inner_val
ISIC_3800974,0,0.0047320104,inner_val
ISIC_3801932,0,0.0031112882,inner_val
ISIC_3802785,0,0.007146567,inner_val
ISIC_3802812,0,0.017654153,inner_val
ISIC_3803947,0,0.005880352,inner_val
ISIC_3806211,0,0.04122915,inner_val
ISIC_3806554,0,0.00028685352,inner_val
ISIC_3808474,0,0.017624704,inner_val
ISIC_3812918,0,0.000636654,inner_val
ISIC_3816122,0,0.006424196,inner_val
ISIC_3816833,0,0.00035160698,inner_val
ISIC_3817292,0,0.0007512251,inner_val
ISIC_3818234,0,0.0002842205,inner_val
ISIC_3820602,0,0.0045362543,inner_val
ISIC_3821027,0,0.06736028,inner_val
ISIC_3822815,0,0.025845716,inner_val
ISIC_3822864,0,0.00073815905,inner_val
ISIC_3825739,0,0.024525205,inner_val
ISIC_3826102,0,0.0038055787,inner_val
ISIC_3828455,0,0.00048878364,inner_val
ISIC_3835276,0,0.001569251,inner_val
ISIC_3836023,0,0.06613497,inner_val
ISIC_3838310,0,0.00046034998,inner_val
ISIC_3841073,0,0.004621847,inner_val
ISIC_3843634,0,0.00043697248,inner_val
ISIC_3844484,0,0.021197448,inner_val
ISIC_3846236,0,0.0003249048,inner_val
ISIC_3850432,0,0.002888423,inner_val
ISIC_3854190,0,0.017034575,inner_val
ISIC_3854989,0,0.00068617606,inner_val
ISIC_3856662,0,0.008631369,inner_val
ISIC_3858405,0,0.13382488,inner_val
ISIC_3862917,0,0.010835004,inner_val
ISIC_3863508,0,0.08406416,inner_val
ISIC_3868370,0,0.0026584386,inner_val
ISIC_3872560,0,0.0002122568,inner_val
ISIC_3875267,0,0.00048705726,inner_val
ISIC_3875681,0,0.018711906,inner_val
ISIC_3877413,0,0.006011973,inner_val
ISIC_3877643,0,0.002808171,inner_val
ISIC_3877981,0,0.053886358,inner_val
ISIC_3878174,0,0.00043838643,inner_val
ISIC_3879564,0,0.010233382,inner_val
ISIC_3881897,0,0.00084893446,inner_val
ISIC_3884221,0,0.1896226,inner_val
ISIC_3886001,0,0.001270484,inner_val
ISIC_3889671,0,0.11330221,inner_val
ISIC_3896737,0,0.014820276,inner_val
ISIC_3898513,0,0.0019075692,inner_val
ISIC_3900327,0,0.0008512431,inner_val
ISIC_3904628,0,0.0006260522,inner_val
ISIC_3910037,0,0.00043272492,inner_val
ISIC_3913441,0,0.07097304,inner_val
ISIC_3913709,0,0.00052377494,inner_val
ISIC_3914743,0,0.0080810385,inner_val
ISIC_3916064,0,0.0005333674,inner_val
ISIC_3916830,0,0.045295086,inner_val
ISIC_3917306,0,0.00023490525,inner_val
ISIC_3919496,0,0.0008831944,inner_val
ISIC_3921769,0,0.0057376595,inner_val
ISIC_3924772,0,0.00077745423,inner_val
ISIC_3925125,0,0.002290319,inner_val
ISIC_3925208,0,0.01771599,inner_val
ISIC_3926972,0,0.007957533,inner_val
ISIC_3931484,0,0.014401815,inner_val
ISIC_3932232,0,0.0006569712,inner_val
ISIC_3936041,0,0.0006476081,inner_val
ISIC_3942075,0,0.031687085,inner_val
ISIC_3943136,0,0.00051631534,inner_val
ISIC_3944634,1,0.026584834,inner_val
ISIC_3946019,0,0.0026403177,inner_val
ISIC_3948560,0,0.012590792,inner_val
ISIC_3948588,0,0.00089147326,inner_val
ISIC_3952070,0,0.0059493682,inner_val
ISIC_3952513,0,0.0030300193,inner_val
ISIC_3955302,0,0.0036785176,inner_val
ISIC_3955539,0,0.00063231675,inner_val
ISIC_3957077,0,0.0008308221,inner_val
ISIC_3964848,0,0.023490528,inner_val
ISIC_3967213,0,0.00030603702,inner_val
ISIC_3967953,0,0.00059305213,inner_val
ISIC_3968367,0,0.052018236,inner_val
ISIC_3969181,0,0.0135932835,inner_val
ISIC_3969867,0,0.013548791,inner_val
ISIC_3970105,0,0.00059145543,inner_val
ISIC_3971174,0,0.0003383997,inner_val
ISIC_3971625,0,0.003124262,inner_val
ISIC_3974064,0,0.000586801,inner_val
ISIC_3979225,0,0.0012077672,inner_val
ISIC_3980606,0,0.0017703031,inner_val
ISIC_3984167,0,0.0027265174,inner_val
ISIC_3984393,0,0.00037130702,inner_val
ISIC_3985104,0,0.037158504,inner_val
ISIC_3994250,0,0.0008576526,inner_val
ISIC_3995579,0,0.009311376,inner_val
ISIC_4004088,0,0.00033317838,inner_val
ISIC_4005585,0,0.016113425,inner_val
ISIC_4005830,0,0.006143674,inner_val
ISIC_4006060,0,0.004269057,inner_val
ISIC_4007918,0,0.00034955988,inner_val
ISIC_4015288,0,0.009307625,inner_val
ISIC_4015349,0,0.0005157662,inner_val
ISIC_4017765,0,0.15625797,inner_val
ISIC_4020689,0,0.08494086,inner_val
ISIC_4021456,0,0.0121983895,inner_val
ISIC_4021645,0,0.49961644,inner_val
ISIC_4022621,0,0.06538159,inner_val
ISIC_4023618,0,0.000915907,inner_val
ISIC_4023645,0,0.010173912,inner_val
ISIC_4024269,0,0.0002964711,inner_val
ISIC_4026806,0,0.0002738796,inner_val
ISIC_4028402,0,0.009901785,inner_val
ISIC_4029055,0,0.00028567668,inner_val
ISIC_4030935,0,0.008900315,inner_val
ISIC_4032170,0,0.000390026,inner_val
ISIC_4034244,0,0.0024464026,inner_val
ISIC_4043423,0,0.041450977,inner_val
ISIC_4044272,0,0.0013815279,inner_val
ISIC_4051128,0,0.025654724,inner_val
ISIC_4052701,0,0.049774878,inner_val
ISIC_4061316,0,0.0005473071,inner_val
ISIC_4063720,0,0.017499233,inner_val
ISIC_4067686,0,0.004071555,inner_val
ISIC_4068365,0,0.017513955,inner_val
ISIC_4068608,0,0.019704869,inner_val
ISIC_4068690,0,0.00053481414,inner_val
ISIC_4073074,0,0.01914608,inner_val
ISIC_4074472,0,0.012826756,inner_val
ISIC_4077798,0,0.000800825,inner_val
ISIC_4079345,0,0.00077681796,inner_val
ISIC_4081632,0,0.055467714,inner_val
ISIC_4083200,0,0.0011980992,inner_val
ISIC_4083947,0,0.0014728107,inner_val
ISIC_4085552,0,0.34268516,inner_val
ISIC_4086375,0,0.0018717919,inner_val
ISIC_4088252,0,0.0038031768,inner_val
ISIC_4090494,0,0.072063066,inner_val
ISIC_4090714,0,0.07900461,inner_val
ISIC_4091981,0,0.0007965181,inner_val
ISIC_4094925,0,0.012277272,inner_val
ISIC_4096361,0,0.0015491283,inner_val
ISIC_4100400,0,0.00018263841,inner_val
ISIC_4102922,0,0.0008745531,inner_val
ISIC_4108397,0,0.00024158818,inner_val
ISIC_4108630,0,0.10650318,inner_val
ISIC_4111600,0,0.003861307,inner_val
ISIC_4114060,0,0.10977997,inner_val
ISIC_4114269,0,0.021101061,inner_val
ISIC_4115135,0,0.008508728,inner_val
ISIC_4122125,0,0.0009841336,inner_val
ISIC_4127690,0,0.0058813114,inner_val
ISIC_4130478,0,0.0013159867,inner_val
ISIC_4131810,0,0.02009702,inner_val
ISIC_4137694,0,0.0005950908,inner_val
ISIC_4142024,0,0.0065109134,inner_val
ISIC_4144198,0,0.0003232321,inner_val
ISIC_4146342,0,0.014846335,inner_val
ISIC_4148681,0,0.05454354,inner_val
ISIC_4153687,0,0.0002897824,inner_val
ISIC_4159420,0,0.009049194,inner_val
ISIC_4159742,0,0.0046565044,inner_val
ISIC_4160574,0,0.00046948282,inner_val
ISIC_4161113,0,0.00096648803,inner_val
ISIC_4162354,0,0.0029654526,inner_val
ISIC_4162828,0,0.24031958,inner_val
ISIC_4163686,1,0.010782262,inner_val
ISIC_4163881,0,0.05343278,inner_val
ISIC_4164426,0,0.0020965093,inner_val
ISIC_4165214,0,0.00034273017,inner_val
ISIC_4167654,0,0.0007562152,inner_val
ISIC_4176809,0,0.0006079658,inner_val
ISIC_4176815,0,0.021040661,inner_val
ISIC_4186524,0,0.009595988,inner_val
ISIC_4189633,0,0.018006338,inner_val
ISIC_4190706,0,0.0003277558,inner_val
ISIC_4193775,0,0.030154068,inner_val
ISIC_4198421,0,0.093829915,inner_val
ISIC_4200486,0,0.009280039,inner_val
ISIC_4201327,0,0.06607971,inner_val
ISIC_4201571,0,0.0020207355,inner_val
ISIC_4207851,0,0.011144681,inner_val
ISIC_4208361,0,0.008085255,inner_val
ISIC_4210002,0,0.021226319,inner_val
ISIC_4221778,0,0.0014394885,inner_val
ISIC_4221820,0,0.00045556464,inner_val
ISIC_4227455,0,0.027344722,inner_val
ISIC_4232726,0,0.029249419,inner_val
ISIC_4232756,0,0.0008625737,inner_val
ISIC_4238548,0,0.0011822077,inner_val
ISIC_4241347,0,0.0004512607,inner_val
ISIC_4241907,0,0.0005167895,inner_val
ISIC_4247550,0,0.00041782667,inner_val
ISIC_4248273,0,0.0015493216,inner_val
ISIC_4249893,0,0.005807441,inner_val
ISIC_4252547,0,0.0050246315,inner_val
ISIC_4253581,0,0.00247567,inner_val
ISIC_4253846,0,0.025157593,inner_val
ISIC_4254754,0,0.0010551643,inner_val
ISIC_4254809,0,0.001545526,inner_val
ISIC_4257799,0,0.010098425,inner_val
ISIC_4262925,0,0.0010480983,inner_val
ISIC_4265726,0,0.012152247,inner_val
ISIC_4266157,0,0.009335485,inner_val
ISIC_4267177,0,0.09369516,inner_val
ISIC_4270126,0,0.25360247,inner_val
ISIC_4271140,0,0.002132843,inner_val
ISIC_4274519,0,0.0005987341,inner_val
ISIC_4276255,1,0.017342487,inner_val
ISIC_4276933,0,0.000551779,inner_val
ISIC_4278569,0,0.0056887898,inner_val
ISIC_4278981,0,0.00035943292,inner_val
ISIC_4282719,0,0.3665884,inner_val
ISIC_4283351,0,0.00057459855,inner_val
ISIC_4288307,0,0.0005981732,inner_val
ISIC_4289873,0,0.003440055,inner_val
ISIC_4293419,0,0.0018522753,inner_val
ISIC_4298761,0,0.02688174,inner_val
ISIC_4299282,0,0.0068969075,inner_val
ISIC_4299647,0,0.0026968727,inner_val
ISIC_4300657,0,0.0004656643,inner_val
ISIC_4307205,0,0.0007556745,inner_val
ISIC_4307344,0,0.0059553273,inner_val
ISIC_4311436,0,0.009850507,inner_val
ISIC_4312841,0,0.004276756,inner_val
ISIC_4313352,0,0.00063665066,inner_val
ISIC_4314003,0,0.0007412886,inner_val
ISIC_4314417,0,0.0010426348,inner_val
ISIC_4315107,0,0.003113812,inner_val
ISIC_4317478,0,0.01514982,inner_val
ISIC_4322954,0,0.048937958,inner_val
ISIC_4324163,0,0.0070199175,inner_val
ISIC_4327247,0,0.050370317,inner_val
ISIC_4327726,0,0.0024711615,inner_val
ISIC_4332846,0,0.0009624881,inner_val
ISIC_4334767,0,0.024186196,inner_val
ISIC_4335080,0,0.0062443004,inner_val
ISIC_4337318,0,0.049951658,inner_val
ISIC_4348579,0,0.0021250572,inner_val
ISIC_4350874,0,0.0054580215,inner_val
ISIC_4352854,0,0.010428677,inner_val
ISIC_4354896,0,0.033553645,inner_val
ISIC_4359340,0,0.0058344123,inner_val
ISIC_4361405,0,0.08790654,inner_val
ISIC_4364397,0,0.031168036,inner_val
ISIC_4366055,0,0.0032169307,inner_val
ISIC_4367917,0,0.0006626339,inner_val
ISIC_4368411,0,0.0006709833,inner_val
ISIC_4368478,0,0.0004403615,inner_val
ISIC_4370751,0,0.00052205985,inner_val
ISIC_4373429,0,0.1404596,inner_val
ISIC_4373835,0,0.00022491785,inner_val
ISIC_4374944,0,0.04591775,inner_val
ISIC_4384016,0,0.0016777831,inner_val
ISIC_4384341,0,0.018445376,inner_val
ISIC_4384861,0,0.0009347652,inner_val
ISIC_4385893,0,0.006235394,inner_val
ISIC_4386659,0,0.0010415844,inner_val
ISIC_4388706,0,0.02487285,inner_val
ISIC_4391942,0,0.0008550419,inner_val
ISIC_4392384,0,0.00047306519,inner_val
ISIC_4393209,0,0.01000525,inner_val
ISIC_4394837,0,0.031619344,inner_val
ISIC_4399411,0,0.00055773626,inner_val
ISIC_4407024,0,0.0013044669,inner_val
ISIC_4415203,0,0.008751467,inner_val
ISIC_4418259,0,0.006678813,inner_val
ISIC_4418458,0,0.0012577346,inner_val
ISIC_4419280,0,0.0006359508,inner_val
ISIC_4423793,0,0.014775554,inner_val
ISIC_4426345,0,0.001563639,inner_val
ISIC_4427596,0,0.002560117,inner_val
ISIC_4431858,0,0.004735823,inner_val
ISIC_4432898,0,0.17890285,inner_val
ISIC_4433514,0,0.03290369,inner_val
ISIC_4434040,0,0.0030309008,inner_val
ISIC_4438597,0,0.00068708364,inner_val
ISIC_4442490,0,0.0005474417,inner_val
ISIC_4443373,0,0.03771719,inner_val
ISIC_4447973,0,0.0006119428,inner_val
ISIC_4452233,0,0.0033116748,inner_val
ISIC_4454485,0,0.021975027,inner_val
ISIC_4456975,0,0.0020619545,inner_val
ISIC_4457207,0,0.0009492686,inner_val
ISIC_4462870,0,0.015064226,inner_val
ISIC_4463126,0,0.002710647,inner_val
ISIC_4471367,0,0.00038313217,inner_val
ISIC_4478364,0,0.0006078879,inner_val
ISIC_4480504,0,0.0041337344,inner_val
ISIC_4489229,0,0.0005320236,inner_val
ISIC_4489943,0,0.0008506694,inner_val
ISIC_4490077,0,0.012345975,inner_val
ISIC_4490903,0,0.0014503773,inner_val
ISIC_4495210,0,0.041898727,inner_val
ISIC_4496457,0,0.0003794164,inner_val
ISIC_4497120,0,0.00078322756,inner_val
ISIC_4498012,0,0.0017787386,inner_val
ISIC_4498746,0,0.003137024,inner_val
ISIC_4499109,0,0.037409022,inner_val
ISIC_4499380,0,0.0004137574,inner_val
ISIC_4506406,0,0.004731262,inner_val
ISIC_4506518,0,0.0011532536,inner_val
ISIC_4506930,0,0.008330045,inner_val
ISIC_4507193,0,0.0004441059,inner_val
ISIC_4511841,0,0.008781371,inner_val
ISIC_4513493,0,0.0006786165,inner_val
ISIC_4513843,0,0.00072950096,inner_val
ISIC_4524422,0,0.0041823927,inner_val
ISIC_4524493,0,0.00057727686,inner_val
ISIC_4525143,0,0.0025727004,inner_val
ISIC_4527758,0,0.014342928,inner_val
ISIC_4529363,0,0.0014389546,inner_val
ISIC_4532303,0,0.42571497,inner_val
ISIC_4536709,0,0.019959526,inner_val
ISIC_4544879,0,0.012599481,inner_val
ISIC_4545717,0,0.0100072995,inner_val
ISIC_4546136,0,0.0010017281,inner_val
ISIC_4547887,0,0.00023969577,inner_val
ISIC_4548356,0,0.0022196337,inner_val
ISIC_4548483,0,0.03361714,inner_val
ISIC_4551517,0,0.00077018456,inner_val
ISIC_4556455,0,0.0003109889,inner_val
ISIC_4561410,0,0.11214554,inner_val
ISIC_4562352,0,0.024771415,inner_val
ISIC_4563146,0,0.0011801651,inner_val
ISIC_4564048,0,0.0006730728,inner_val
ISIC_4564960,0,0.40725857,inner_val
ISIC_4568084,0,0.0029321944,inner_val
ISIC_4569383,0,0.0015662557,inner_val
ISIC_4571395,0,0.002009117,inner_val
ISIC_4572286,0,0.0010957238,inner_val
ISIC_4575112,0,0.00044872367,inner_val
ISIC_4581029,0,0.02691758,inner_val
ISIC_4581058,0,0.01753627,inner_val
ISIC_4585372,0,0.0012565814,inner_val
ISIC_4586133,0,0.008060882,inner_val
ISIC_4587506,0,0.00095336686,inner_val
ISIC_4591099,0,0.0028016798,inner_val
ISIC_4593224,0,0.0005488293,inner_val
ISIC_4593940,0,0.0026297509,inner_val
ISIC_4597598,0,0.015093872,inner_val
ISIC_4600666,0,0.0490306,inner_val
ISIC_4601046,0,0.004695207,inner_val
ISIC_4601418,0,0.0003943282,inner_val
ISIC_4602667,0,0.00039097737,inner_val
ISIC_4602983,0,0.00049348717,inner_val
ISIC_4605737,0,0.0052133673,inner_val
ISIC_4606283,0,0.026339663,inner_val
ISIC_4610204,0,0.003814137,inner_val
ISIC_4612015,0,0.15312324,inner_val
ISIC_4612744,0,0.00025587832,inner_val
ISIC_4618932,0,0.152105,inner_val
ISIC_4620192,0,0.0032961017,inner_val
ISIC_4620387,0,0.00037730092,inner_val
ISIC_4624536,0,0.014169761,inner_val
ISIC_4624753,0,0.0031105697,inner_val
ISIC_4629184,0,0.0003386256,inner_val
ISIC_4629472,0,0.005150528,inner_val
ISIC_4629476,0,0.0003792766,inner_val
ISIC_4630926,0,0.07501678,inner_val
ISIC_4631509,0,0.08133146,inner_val
ISIC_4632059,0,0.001095451,inner_val
ISIC_4633003,0,0.00438981,inner_val
ISIC_4634479,0,0.00070165965,inner_val
ISIC_4639099,0,0.012013021,inner_val
ISIC_4640293,0,0.0041443477,inner_val
ISIC_4643939,0,0.002617437,inner_val
ISIC_4647398,0,0.0014711665,inner_val
ISIC_4647804,0,0.0005725163,inner_val
ISIC_4653363,0,0.08153635,inner_val
ISIC_4654225,0,0.00065163895,inner_val
ISIC_4655338,0,0.005695242,inner_val
ISIC_4658487,0,0.00046834192,inner_val
ISIC_4658681,0,0.012934175,inner_val
ISIC_4663404,0,0.0003031508,inner_val
ISIC_4669366,0,0.0011268266,inner_val
ISIC_4671738,0,0.00044863662,inner_val
ISIC_4677514,0,0.029909404,inner_val
ISIC_4678416,0,0.00081912306,inner_val
ISIC_4679428,0,0.010232667,inner_val
ISIC_4680417,0,0.0051709116,inner_val
ISIC_4682438,0,0.00055104244,inner_val
ISIC_4682923,0,0.0025990051,inner_val
ISIC_4684171,0,0.0033272048,inner_val
ISIC_4691440,0,0.00448655,inner_val
ISIC_4691883,0,0.02984747,inner_val
ISIC_4693693,0,0.6064069,inner_val
ISIC_4698457,0,0.0010809993,inner_val
ISIC_4707552,0,0.004423306,inner_val
ISIC_4708642,0,0.00033217677,inner_val
ISIC_4716997,0,0.005072961,inner_val
ISIC_4718884,0,0.013588719,inner_val
ISIC_4719181,0,0.00033923367,inner_val
ISIC_4719620,0,0.0038779855,inner_val
ISIC_4724943,0,0.05771977,inner_val
ISIC_4726431,0,0.0020164934,inner_val
ISIC_4728589,0,0.0009445498,inner_val
ISIC_4730066,1,0.026399018,inner_val
ISIC_4730074,0,0.001768058,inner_val
ISIC_4732241,0,0.00057993334,inner_val
ISIC_4732460,0,0.001205979,inner_val
ISIC_4732985,0,0.04475992,inner_val
ISIC_4735699,0,0.0021594204,inner_val
ISIC_4735706,0,0.013744976,inner_val
ISIC_4737109,0,0.0070496355,inner_val
ISIC_4742252,0,0.003595447,inner_val
ISIC_4742488,0,0.00033855744,inner_val
ISIC_4744272,0,0.011567032,inner_val
ISIC_4749897,0,0.0007510491,inner_val
ISIC_4750973,0,0.00041891128,inner_val
ISIC_4752084,0,0.050318807,inner_val
ISIC_4752144,0,0.002145898,inner_val
ISIC_4758757,0,0.003823016,inner_val
ISIC_4760061,0,0.054677956,inner_val
ISIC_4762702,0,0.00091429346,inner_val
ISIC_4763436,0,0.00856007,inner_val
ISIC_4763943,0,0.00896643,inner_val
ISIC_4764292,0,0.0003436751,inner_val
ISIC_4764568,0,0.00070391205,inner_val
ISIC_4765961,0,0.0013492787,inner_val
ISIC_4768021,0,0.00049576885,inner_val
ISIC_4780541,0,0.0009869095,inner_val
ISIC_4780793,0,0.010806417,inner_val
ISIC_4781140,0,0.0055619497,inner_val
ISIC_4782254,0,0.01613605,inner_val
ISIC_4782878,0,0.013133472,inner_val
ISIC_4783933,0,0.009617728,inner_val
ISIC_4784925,0,0.0119383745,inner_val
ISIC_4785358,0,0.0020162843,inner_val
ISIC_4786018,0,0.032731265,inner_val
ISIC_4786942,0,0.0019632594,inner_val
ISIC_4788878,0,0.0006130058,inner_val
ISIC_4796189,0,0.0064238776,inner_val
ISIC_4797654,0,0.015544939,inner_val
ISIC_4800314,0,0.001185569,inner_val
ISIC_4805419,0,0.001775002,inner_val
ISIC_4807196,0,0.01345673,inner_val
ISIC_4808930,0,0.018412175,inner_val
ISIC_4809078,0,0.31543887,inner_val
ISIC_4809996,0,0.0050330563,inner_val
ISIC_4812480,0,0.0012707103,inner_val
ISIC_4812508,0,0.0011046297,inner_val
ISIC_4817112,0,0.007610564,inner_val
ISIC_4822306,0,0.0009811022,inner_val
ISIC_4824153,0,0.00043701916,inner_val
ISIC_4826024,0,0.0025605408,inner_val
ISIC_4826449,0,0.0033281615,inner_val
ISIC_4826839,0,0.00087259867,inner_val
ISIC_4827954,0,0.00035756684,inner_val
ISIC_4832697,0,0.06403963,inner_val
ISIC_4833252,0,0.00024863987,inner_val
ISIC_4833303,0,0.0010738601,inner_val
ISIC_4836873,0,0.00061813166,inner_val
ISIC_4840770,0,0.00045768113,inner_val
ISIC_4841705,0,0.025899941,inner_val
ISIC_4844937,0,0.0068170396,inner_val
ISIC_4846287,0,0.005983259,inner_val
ISIC_4847287,0,0.0004851151,inner_val
ISIC_4848047,0,0.0030418525,inner_val
ISIC_4848484,0,0.00068751955,inner_val
ISIC_4851366,1,0.16952188,inner_val
ISIC_4859011,0,0.008401243,inner_val
ISIC_4861267,0,0.0020622704,inner_val
ISIC_4862692,0,0.004086831,inner_val
ISIC_4868982,0,0.00208879,inner_val
ISIC_4870813,0,0.0036111048,inner_val
ISIC_4872791,0,0.006604459,inner_val
ISIC_4873009,0,0.00038485043,inner_val
ISIC_4877995,0,0.00057981396,inner_val
ISIC_4879050,0,0.011416681,inner_val
ISIC_4883688,0,0.00060756097,inner_val
ISIC_4884803,0,0.00043859376,inner_val
ISIC_4884879,0,0.018509014,inner_val
ISIC_4886992,0,0.012391743,inner_val
ISIC_4889196,0,0.00572793,inner_val
ISIC_4890201,0,0.0031727448,inner_val
ISIC_4891057,0,0.0017497912,inner_val
ISIC_4894602,0,0.15415984,inner_val
ISIC_4896088,0,0.02956384,inner_val
ISIC_4901330,0,0.01802255,inner_val
ISIC_4903900,0,0.028158944,inner_val
ISIC_4904364,0,0.24277335,inner_val
ISIC_4905331,0,0.0017246979,inner_val
ISIC_4909229,0,0.0002552331,inner_val
ISIC_4910683,0,0.016490325,inner_val
ISIC_4917748,0,0.00068142405,inner_val
ISIC_4919503,0,0.14690982,inner_val
ISIC_4920181,0,0.06473764,inner_val
ISIC_4921130,0,0.0036549477,inner_val
ISIC_4922651,0,0.00077641546,inner_val
ISIC_4925442,0,0.014844838,inner_val
ISIC_4925631,0,0.0003259236,inner_val
ISIC_4927573,0,0.00026845722,inner_val
ISIC_4929101,0,0.00066255656,inner_val
ISIC_4930632,0,0.00029382852,inner_val
ISIC_4931777,0,0.0038613346,inner_val
ISIC_4934323,0,0.0012870211,inner_val
ISIC_4936662,1,0.016039386,inner_val
ISIC_4936702,0,0.0019232798,inner_val
ISIC_4946953,0,0.0036057436,inner_val
ISIC_4947726,0,0.0003676607,inner_val
ISIC_4950948,0,0.012367133,inner_val
ISIC_4956766,0,0.00067697285,inner_val
ISIC_4957315,0,0.0010256662,inner_val
ISIC_4965795,0,0.027604941,inner_val
ISIC_4967586,1,0.017252922,inner_val
ISIC_4971047,0,0.009501627,inner_val
ISIC_4972972,0,0.005035476,inner_val
ISIC_4979624,0,0.00552148,inner_val
ISIC_4980328,0,0.0048584016,inner_val
ISIC_4981344,0,0.002802166,inner_val
ISIC_4984992,0,0.00114152,inner_val
ISIC_4985369,0,0.0060993806,inner_val
ISIC_4988671,0,0.00026454034,inner_val
ISIC_4992702,0,0.0061434936,inner_val
ISIC_4993417,0,0.0022568249,inner_val
ISIC_4994445,0,0.0641408,inner_val
ISIC_5000359,0,0.015144143,inner_val
ISIC_5000531,0,0.0043168827,inner_val
ISIC_5001317,0,0.0014232796,inner_val
ISIC_5003226,0,0.00040593874,inner_val
ISIC_5003751,0,0.06231364,inner_val
ISIC_5004291,0,0.0016917717,inner_val
ISIC_5005961,0,0.00055262825,inner_val
ISIC_5006135,0,0.00094902085,inner_val
ISIC_5008602,0,0.024828581,inner_val
ISIC_5011331,0,0.040309,inner_val
ISIC_5011531,0,0.0016230288,inner_val
ISIC_5011583,0,0.0009394044,inner_val
ISIC_5013602,0,0.00033311424,inner_val
ISIC_5017874,0,0.048167378,inner_val
ISIC_5022895,0,0.015967444,inner_val
ISIC_5026709,0,0.0009107661,inner_val
ISIC_5028612,0,0.008908103,inner_val
ISIC_5028878,0,0.00073095004,inner_val
ISIC_5029636,0,0.0013963957,inner_val
ISIC_5032047,0,0.00035372123,inner_val
ISIC_5032464,0,0.006241339,inner_val
ISIC_5037784,1,0.22252305,inner_val
ISIC_5037796,0,0.0058170105,inner_val
ISIC_5042524,0,0.00092644396,inner_val
ISIC_5044766,0,0.023201121,inner_val
ISIC_5046340,0,0.002737262,inner_val
ISIC_5052760,0,0.012082553,inner_val
ISIC_5053869,0,0.00070218043,inner_val
ISIC_5053904,0,0.022601068,inner_val
ISIC_5057875,0,0.0005899933,inner_val
ISIC_5064969,0,0.05926264,inner_val
ISIC_5069292,0,0.00083076034,inner_val
ISIC_5069412,0,0.0028738026,inner_val
ISIC_5069715,0,0.059671376,inner_val
ISIC_5073160,0,0.18832788,inner_val
ISIC_5074129,0,0.0006922955,inner_val
ISIC_5084682,0,0.0011126604,inner_val
ISIC_5086349,1,0.048625886,inner_val
ISIC_5086403,0,0.00058305694,inner_val
ISIC_5093070,0,0.009198095,inner_val
ISIC_5099569,0,0.00044397643,inner_val
ISIC_5101218,0,0.001159142,inner_val
ISIC_5103658,0,0.0004814053,inner_val
ISIC_5103854,0,0.06828558,inner_val
ISIC_5104241,0,0.0021231228,inner_val
ISIC_5106545,0,0.0005984158,inner_val
ISIC_5111439,0,0.0044750944,inner_val
ISIC_5112908,0,0.0015003112,inner_val
ISIC_5118951,0,0.0010860261,inner_val
ISIC_5120553,0,0.026680361,inner_val
ISIC_5122173,0,0.004808386,inner_val
ISIC_5122220,0,0.00038831425,inner_val
ISIC_5123366,0,0.0019959812,inner_val
ISIC_5123817,0,0.0033706916,inner_val
ISIC_5128589,0,0.0024744822,inner_val
ISIC_5130418,0,0.010057679,inner_val
ISIC_5130916,0,0.008000341,inner_val
ISIC_5131198,0,0.002202216,inner_val
ISIC_5131821,0,0.0017300079,inner_val
ISIC_5133396,0,0.027709534,inner_val
ISIC_5135858,0,0.0011785008,inner_val
ISIC_5138032,0,0.0041254666,inner_val
ISIC_5138700,0,0.0034287125,inner_val
ISIC_5140952,1,0.040536463,inner_val
ISIC_5141844,0,0.014484066,inner_val
ISIC_5142088,0,0.0022508223,inner_val
ISIC_5143697,0,0.02662588,inner_val
ISIC_5143786,0,0.036497295,inner_val
ISIC_5144730,0,0.015951425,inner_val
ISIC_5146245,0,0.004526923,inner_val
ISIC_5148474,0,0.0047909818,inner_val
ISIC_5148638,0,0.0034605262,inner_val
ISIC_5150671,0,0.00049724267,inner_val
ISIC_5151428,0,0.012800814,inner_val
ISIC_5152859,0,0.0013195146,inner_val
ISIC_5161114,0,0.07977734,inner_val
ISIC_5162699,0,0.0020654565,inner_val
ISIC_5163976,0,0.09122344,inner_val
ISIC_5164045,0,0.00052932964,inner_val
ISIC_5165286,0,0.00033860037,inner_val
ISIC_5165544,0,0.0009655323,inner_val
ISIC_5168662,0,0.0023079664,inner_val
ISIC_5170821,0,0.026646532,inner_val
ISIC_5173742,0,0.055160422,inner_val
ISIC_5176297,0,0.011663988,inner_val
ISIC_5182841,0,0.003006902,inner_val
ISIC_5186059,0,0.0005471772,inner_val
ISIC_5187819,0,0.0004326453,inner_val
ISIC_5190484,0,0.0004800359,inner_val
ISIC_5192051,0,0.00020837187,inner_val
ISIC_5193810,0,0.0016910777,inner_val
ISIC_5194345,0,0.010424658,inner_val
ISIC_5194874,0,0.012611078,inner_val
ISIC_5196052,0,0.010196312,inner_val
ISIC_5204029,0,0.0004642892,inner_val
ISIC_5204245,0,0.0017393079,inner_val
ISIC_5204408,0,0.0024115122,inner_val
ISIC_5205426,0,0.0059768897,inner_val
ISIC_5207738,0,0.012534682,inner_val
ISIC_5209031,0,0.0026264552,inner_val
ISIC_5209265,0,0.00074157724,inner_val
ISIC_5209769,0,0.064610526,inner_val
ISIC_5210063,0,0.042421423,inner_val
ISIC_5213792,0,0.004775311,inner_val
ISIC_5214247,0,0.048249625,inner_val
ISIC_5216654,0,0.00135306,inner_val
ISIC_5218739,0,0.012781857,inner_val
ISIC_5220580,0,0.0003872555,inner_val
ISIC_5225355,0,0.023818979,inner_val
ISIC_5226018,0,0.00031232327,inner_val
ISIC_5226371,0,0.00041826905,inner_val
ISIC_5230345,0,0.015219677,inner_val
ISIC_5234605,0,0.049161464,inner_val
ISIC_5234835,0,0.00080981496,inner_val
ISIC_5236367,0,0.001187815,inner_val
ISIC_5237723,0,0.0019524929,inner_val
ISIC_5238111,0,0.00074082747,inner_val
ISIC_5239796,0,0.007361298,inner_val
ISIC_5240387,0,0.0043919403,inner_val
ISIC_5246130,0,0.0035492207,inner_val
ISIC_5247102,0,0.029912991,inner_val
ISIC_5248304,0,0.001587405,inner_val
ISIC_5251194,0,0.00047173613,inner_val
ISIC_5252709,0,0.0021235126,inner_val
ISIC_5253149,0,0.00037395812,inner_val
ISIC_5255299,0,0.0008547706,inner_val
ISIC_5255922,0,0.00044911547,inner_val
ISIC_5256697,0,0.010940556,inner_val
ISIC_5259313,0,0.03850735,inner_val
ISIC_5264912,0,0.0007787658,inner_val
ISIC_5268507,0,0.00035478556,inner_val
ISIC_5271496,0,0.0039832005,inner_val
ISIC_5272602,0,0.0016491415,inner_val
ISIC_5272953,0,0.00044513567,inner_val
ISIC_5273029,0,0.001958902,inner_val
ISIC_5274992,0,0.001359926,inner_val
ISIC_5275267,0,0.04076107,inner_val
ISIC_5278307,0,0.1477266,inner_val
ISIC_5284504,0,0.00087424315,inner_val
ISIC_5284935,0,0.019154057,inner_val
ISIC_5289926,0,0.0129279485,inner_val
ISIC_5292936,0,0.0072072903,inner_val
ISIC_5297101,0,0.013417356,inner_val
ISIC_5300453,0,0.00037286885,inner_val
ISIC_5300455,0,0.01193986,inner_val
ISIC_5300964,0,0.016513063,inner_val
ISIC_5302286,0,0.003836961,inner_val
ISIC_5303069,0,0.03542571,inner_val
ISIC_5303717,0,0.0019149547,inner_val
ISIC_5307210,0,0.001337936,inner_val
ISIC_5308066,0,0.0008493755,inner_val
ISIC_5308859,0,0.0003074454,inner_val
ISIC_5309561,0,0.0005643169,inner_val
ISIC_5311458,0,0.023725644,inner_val
ISIC_5312909,0,0.00094140606,inner_val
ISIC_5314534,0,0.015806956,inner_val
ISIC_5317565,0,0.000577158,inner_val
ISIC_5318217,0,0.00028204022,inner_val
ISIC_5318659,0,0.043446016,inner_val
ISIC_5321144,0,0.0015734477,inner_val
ISIC_5321852,0,0.00041486687,inner_val
ISIC_5325356,0,0.04774876,inner_val
ISIC_5327976,0,0.0072807223,inner_val
ISIC_5333356,0,0.0005354423,inner_val
ISIC_5334995,0,0.015601462,inner_val
ISIC_5338510,0,0.005939884,inner_val
ISIC_5339620,0,0.00023834233,inner_val
ISIC_5341021,0,0.27423158,inner_val
ISIC_5341267,0,0.025704667,inner_val
ISIC_5342103,0,0.0032474617,inner_val
ISIC_5346135,0,0.00071414164,inner_val
ISIC_5346504,0,0.0006106296,inner_val
ISIC_5346936,0,0.12367742,inner_val
ISIC_5347806,0,0.0053353575,inner_val
ISIC_5351167,0,0.00071062567,inner_val
ISIC_5351443,0,0.015458154,inner_val
ISIC_5355196,0,0.008044442,inner_val
ISIC_5357781,0,0.01232628,inner_val
ISIC_5358421,0,0.0015993562,inner_val
ISIC_5359621,0,0.0047572744,inner_val
ISIC_5360253,0,0.0005292529,inner_val
ISIC_5365015,0,0.044390947,inner_val
ISIC_5368880,0,0.03565871,inner_val
ISIC_5372911,0,0.0063883965,inner_val
ISIC_5376036,0,0.0008155425,inner_val
ISIC_5378379,0,0.006421239,inner_val
ISIC_5380145,0,0.029402433,inner_val
ISIC_5381033,0,0.0022295425,inner_val
ISIC_5381502,0,0.0033244449,inner_val
ISIC_5383252,0,0.0016099068,inner_val
ISIC_5386739,0,0.0046884688,inner_val
ISIC_5388485,0,0.060511958,inner_val
ISIC_5389652,0,0.0006331981,inner_val
ISIC_5396264,0,0.06478477,inner_val
ISIC_5396459,0,0.0008753534,inner_val
ISIC_5397058,0,0.004230354,inner_val
ISIC_5400609,0,0.030432828,inner_val
ISIC_5400911,0,0.0013261429,inner_val
ISIC_5401671,0,0.0005141645,inner_val
ISIC_5402119,0,0.04805844,inner_val
ISIC_5402787,0,0.0014077962,inner_val
ISIC_5405889,0,0.00015397865,inner_val
ISIC_5407063,0,0.013220613,inner_val
ISIC_5407191,0,0.004160213,inner_val
ISIC_5407653,0,0.003814782,inner_val
ISIC_5409902,0,0.00051768904,inner_val
ISIC_5412095,0,0.00081140967,inner_val
ISIC_5413630,0,0.0027743329,inner_val
ISIC_5414133,0,0.0031389631,inner_val
ISIC_5416567,0,0.062158242,inner_val
ISIC_5422123,0,0.0007992564,inner_val
ISIC_5425366,0,0.019459145,inner_val
ISIC_5434275,0,0.031430855,inner_val
ISIC_5437785,0,0.021314584,inner_val
ISIC_5440296,0,0.00090334046,inner_val
ISIC_5440360,0,0.006835421,inner_val
ISIC_5441247,0,0.00094397314,inner_val
ISIC_5441597,0,0.008429251,inner_val
ISIC_5442452,0,0.007708778,inner_val
ISIC_5444991,0,0.094983086,inner_val
ISIC_5446957,0,0.011758705,inner_val
ISIC_5449908,0,0.00053743954,inner_val
ISIC_5457442,0,0.1015915,inner_val
ISIC_5457625,0,0.0011734203,inner_val
ISIC_5457826,0,0.02493746,inner_val
ISIC_5458290,0,0.00029201107,inner_val
ISIC_5459997,0,0.12680167,inner_val
ISIC_5464911,0,0.19426629,inner_val
ISIC_5465724,0,0.016792849,inner_val
ISIC_5470000,0,0.00052019145,inner_val
ISIC_5470594,0,0.0005758063,inner_val
ISIC_5476277,0,0.002907379,inner_val
ISIC_5479774,0,0.0052333083,inner_val
ISIC_5485524,0,0.060046338,inner_val
ISIC_5490251,0,0.04124838,inner_val
ISIC_5493359,0,0.002028331,inner_val
ISIC_5496602,0,0.00035496385,inner_val
ISIC_5498059,0,0.0026561588,inner_val
ISIC_5508662,0,0.00040117462,inner_val
ISIC_5513509,0,0.00083850574,inner_val
ISIC_5516082,0,0.0009959333,inner_val
ISIC_5516462,0,0.0004970036,inner_val
ISIC_5518595,0,0.004820851,inner_val
ISIC_5519357,0,0.001004825,inner_val
ISIC_5523196,0,0.012914983,inner_val
ISIC_5523637,0,0.007726258,inner_val
ISIC_5524048,0,0.001391256,inner_val
ISIC_5525765,0,0.000107128064,inner_val
ISIC_5526879,0,0.002062983,inner_val
ISIC_5532680,0,0.0011305322,inner_val
ISIC_5534167,0,0.00147281,inner_val
ISIC_5536600,0,0.00043278225,inner_val
ISIC_5539001,0,0.0049414025,inner_val
ISIC_5540631,0,0.011349957,inner_val
ISIC_5546806,0,0.016948542,inner_val
ISIC_5547318,0,0.002594205,inner_val
ISIC_5552666,0,0.0005840999,inner_val
ISIC_5553495,0,0.008379807,inner_val
ISIC_5555096,0,0.013667899,inner_val
ISIC_5556498,0,0.0046702796,inner_val
ISIC_5557548,0,0.0006034517,inner_val
ISIC_5557806,0,0.0042624623,inner_val
ISIC_5558657,0,0.002960279,inner_val
ISIC_5565279,0,0.002008386,inner_val
ISIC_5565349,0,0.00636304,inner_val
ISIC_5565696,0,0.0010583134,inner_val
ISIC_5567545,0,0.001085813,inner_val
ISIC_5569205,0,0.034540877,inner_val
ISIC_5569766,0,0.0007015524,inner_val
ISIC_5573695,0,0.009056061,inner_val
ISIC_5576241,0,0.129872,inner_val
ISIC_5578239,0,0.0012447456,inner_val
ISIC_5580000,0,0.0024970116,inner_val
ISIC_5580730,0,0.0003804307,inner_val
ISIC_5584181,0,0.013120469,inner_val
ISIC_5588968,0,0.00250553,inner_val
ISIC_5589724,0,0.0022966976,inner_val
ISIC_5591515,0,0.00026350224,inner_val
ISIC_5592633,0,0.007880381,inner_val
ISIC_5601024,0,0.0003385978,inner_val
ISIC_5602528,0,0.022449983,inner_val
ISIC_5604110,0,0.0098856,inner_val
ISIC_5605916,0,0.047770925,inner_val
ISIC_5606099,0,0.004749392,inner_val
ISIC_5607148,0,0.0061160675,inner_val
ISIC_5607702,0,0.0004885256,inner_val
ISIC_5609541,0,0.02117551,inner_val
ISIC_5609848,0,0.0015128,inner_val
ISIC_5618239,0,0.0028216438,inner_val
ISIC_5621546,0,0.0013401066,inner_val
ISIC_5622348,0,0.00053798023,inner_val
ISIC_5623579,0,0.004097724,inner_val
ISIC_5624273,0,0.00077241566,inner_val
ISIC_5624548,0,0.00048793337,inner_val
ISIC_5627269,0,0.0035507288,inner_val
ISIC_5628322,0,0.037804283,inner_val
ISIC_5629390,0,0.13230182,inner_val
ISIC_5632905,0,0.037049294,inner_val
ISIC_5638873,0,0.0007917809,inner_val
ISIC_5639070,0,0.00030759786,inner_val
ISIC_5639154,0,0.00069905166,inner_val
ISIC_5644039,0,0.051091395,inner_val
ISIC_5644242,0,0.0019707447,inner_val
ISIC_5644962,0,0.00048256078,inner_val
ISIC_5647697,0,0.03531401,inner_val
ISIC_5650568,0,0.028981589,inner_val
ISIC_5654704,0,0.0032266702,inner_val
ISIC_5654839,0,0.00045674611,inner_val
ISIC_5657661,0,0.002219116,inner_val
ISIC_5660325,0,0.015874902,inner_val
ISIC_5661100,0,0.0010911308,inner_val
ISIC_5674396,0,0.0003777173,inner_val
ISIC_5675298,0,0.0073815384,inner_val
ISIC_5678560,0,0.004260589,inner_val
ISIC_5678799,0,0.010230851,inner_val
ISIC_5683747,0,0.0060111783,inner_val
ISIC_5691568,0,0.0084841475,inner_val
ISIC_5691740,0,0.10120107,inner_val
ISIC_5695927,0,0.001424559,inner_val
ISIC_5696315,0,0.0052948254,inner_val
ISIC_5696426,0,0.0011230021,inner_val
ISIC_5701526,0,0.0006668081,inner_val
ISIC_5702748,0,0.0090210335,inner_val
ISIC_5703274,0,0.00070179044,inner_val
ISIC_5703639,0,0.00046056331,inner_val
ISIC_5705734,0,0.0026263602,inner_val
ISIC_5707762,0,0.017137077,inner_val
ISIC_5709247,0,0.00044600893,inner_val
ISIC_5714411,1,0.041828856,inner_val
ISIC_5717081,0,0.010790454,inner_val
ISIC_5717763,0,0.009641439,inner_val
ISIC_5719183,0,0.15172063,inner_val
ISIC_5721195,0,0.011430612,inner_val
ISIC_5723974,0,0.0049380367,inner_val
ISIC_5726007,0,0.00049807446,inner_val
ISIC_5728988,0,0.0013407405,inner_val
ISIC_5729266,0,0.015132696,inner_val
ISIC_5731061,0,0.0023968653,inner_val
ISIC_5734915,0,0.004411345,inner_val
ISIC_5736292,0,0.0009822227,inner_val
ISIC_5736346,0,0.00034493848,inner_val
ISIC_5742875,0,0.0007455055,inner_val
ISIC_5753709,0,0.007834951,inner_val
ISIC_5759054,0,0.0015006384,inner_val
ISIC_5759754,0,0.013058686,inner_val
ISIC_5760047,0,0.0004351518,inner_val
ISIC_5760868,0,0.0007496614,inner_val
ISIC_5777169,0,0.011740135,inner_val
ISIC_5777181,0,0.0040596304,inner_val
ISIC_5777548,0,0.3259246,inner_val
ISIC_5777697,0,0.023859698,inner_val
ISIC_5780633,0,0.0054840366,inner_val
ISIC_5781089,0,0.0010295989,inner_val
ISIC_5784090,0,0.016701186,inner_val
ISIC_5785399,0,0.08488509,inner_val
ISIC_5789575,0,0.00041706883,inner_val
ISIC_5789952,0,0.029200008,inner_val
ISIC_5789994,0,0.00065308093,inner_val
ISIC_5790319,0,0.025551973,inner_val
ISIC_5790865,0,0.00317511,inner_val
ISIC_5792189,0,0.009744792,inner_val
ISIC_5799433,0,0.008362494,inner_val
ISIC_5802232,0,0.0041168206,inner_val
ISIC_5802768,0,0.036405183,inner_val
ISIC_5803620,0,0.026221303,inner_val
ISIC_5810306,0,0.0011240897,inner_val
ISIC_5814641,0,0.009287183,inner_val
ISIC_5819133,0,0.0005407445,inner_val
ISIC_5821737,0,0.059807565,inner_val
ISIC_5821806,0,0.0018780269,inner_val
ISIC_5826063,0,0.004716681,inner_val
ISIC_5828564,0,0.00079274195,inner_val
ISIC_5829938,1,0.09499346,inner_val
ISIC_5831205,0,0.050671488,inner_val
ISIC_5833689,0,0.0015737736,inner_val
ISIC_5833957,0,0.00068285747,inner_val
ISIC_5836421,0,0.056527697,inner_val
ISIC_5840614,0,0.00048067624,inner_val
ISIC_5841774,0,0.015964229,inner_val
ISIC_5849517,0,0.03754127,inner_val
ISIC_5851248,0,0.017210606,inner_val
ISIC_5852396,0,0.018073982,inner_val
ISIC_5855918,0,0.07364338,inner_val
ISIC_5857303,0,0.0003497347,inner_val
ISIC_5857823,0,0.00095111056,inner_val
ISIC_5863672,0,0.0108472705,inner_val
ISIC_5866419,0,0.013949524,inner_val
ISIC_5869480,1,0.17798992,inner_val
ISIC_5872498,0,0.007855819,inner_val
ISIC_5877211,0,0.0007511661,inner_val
ISIC_5879789,0,0.00064525096,inner_val
ISIC_5883331,0,0.017545564,inner_val
ISIC_5885403,0,0.008526841,inner_val
ISIC_5886468,0,0.00034703582,inner_val
ISIC_5888971,0,0.045203518,inner_val
ISIC_5889790,0,0.024765514,inner_val
ISIC_5890896,0,0.007631012,inner_val
ISIC_5891384,1,0.008741611,inner_val
ISIC_5891461,0,0.016720934,inner_val
ISIC_5893544,0,0.00052553497,inner_val
ISIC_5894728,0,0.00883042,inner_val
ISIC_5894764,0,0.0006242754,inner_val
ISIC_5899408,0,0.00065788307,inner_val
ISIC_5900283,0,0.00046093995,inner_val
ISIC_5910413,0,0.00066286227,inner_val
ISIC_5910518,0,0.0017315568,inner_val
ISIC_5912560,0,0.016848523,inner_val
ISIC_5920680,0,0.033769786,inner_val
ISIC_5924487,0,0.0032732019,inner_val
ISIC_5925557,0,0.005154987,inner_val
ISIC_5934696,0,0.04958488,inner_val
ISIC_5937990,0,0.0036326472,inner_val
ISIC_5938708,0,0.0005706379,inner_val
ISIC_5942564,0,0.00029323864,inner_val
ISIC_5945155,0,0.0005137584,inner_val
ISIC_5946750,0,0.021079438,inner_val
ISIC_5948901,0,0.0017264205,inner_val
ISIC_5950041,0,0.00023233723,inner_val
ISIC_5954790,0,0.004772035,inner_val
ISIC_5957086,0,0.00048744507,inner_val
ISIC_5960534,0,0.003432198,inner_val
ISIC_5960765,0,0.0021129658,inner_val
ISIC_5961333,0,0.0563009,inner_val
ISIC_5961619,0,0.014923878,inner_val
ISIC_5963015,0,0.11714106,inner_val
ISIC_5964381,0,0.004878269,inner_val
ISIC_5970338,0,0.0049350057,inner_val
ISIC_5971915,0,0.00069086597,inner_val
ISIC_5972490,0,0.006684234,inner_val
ISIC_5976532,0,0.00045744018,inner_val
ISIC_5976594,0,0.000638473,inner_val
ISIC_5977230,0,0.0042066197,inner_val
ISIC_5978705,0,0.010840341,inner_val
ISIC_5980439,0,0.0011635798,inner_val
ISIC_5983581,0,0.016551407,inner_val
ISIC_5983666,0,0.00040451565,inner_val
ISIC_5988963,0,0.00044392736,inner_val
ISIC_5991112,0,0.0004494281,inner_val
ISIC_5994390,0,0.0037664927,inner_val
ISIC_5996708,0,0.000391993,inner_val
ISIC_5997381,0,0.026689606,inner_val
ISIC_5997901,0,0.05687888,inner_val
ISIC_5999028,0,0.011776361,inner_val
ISIC_5999832,0,0.055728856,inner_val
ISIC_6003124,0,0.0013464034,inner_val
ISIC_6005045,0,0.013372255,inner_val
ISIC_6006658,0,0.38935065,inner_val
ISIC_6007360,0,0.000497621,inner_val
ISIC_6007760,0,0.0017710144,inner_val
ISIC_6014025,0,0.0015347471,inner_val
ISIC_6019539,0,0.0953346,inner_val
ISIC_6020102,0,0.00018360346,inner_val
ISIC_6021556,0,0.0013834869,inner_val
ISIC_6023585,0,0.003090798,inner_val
ISIC_6025721,0,0.0003004619,inner_val
ISIC_6028510,0,0.03670461,inner_val
ISIC_6029052,0,0.15977402,inner_val
ISIC_6029508,0,0.00038916583,inner_val
ISIC_6033220,0,0.00026138735,inner_val
ISIC_6034721,0,0.019374186,inner_val
ISIC_6039067,0,0.00039521977,inner_val
ISIC_6044518,0,0.0063523105,inner_val
ISIC_6045560,0,0.028492928,inner_val
ISIC_6046442,0,0.0011071359,inner_val
ISIC_6048088,0,0.005375724,inner_val
ISIC_6050515,0,0.00042385887,inner_val
ISIC_6056295,0,0.011549594,inner_val
ISIC_6056692,0,0.0020605568,inner_val
ISIC_6064946,0,0.0009960652,inner_val
ISIC_6069236,0,0.0010358568,inner_val
ISIC_6073559,0,0.0006942337,inner_val
ISIC_6074454,0,0.078528695,inner_val
ISIC_6075066,0,0.02688841,inner_val
ISIC_6081901,0,0.029201983,inner_val
ISIC_6084191,0,0.014057764,inner_val
ISIC_6085739,0,0.051684655,inner_val
ISIC_6087652,0,0.009225701,inner_val
ISIC_6088525,0,0.00032005712,inner_val
ISIC_6088974,0,0.00040084487,inner_val
ISIC_6089210,0,0.00928428,inner_val
ISIC_6089817,0,0.0009986456,inner_val
ISIC_6091348,0,0.0076360144,inner_val
ISIC_6094946,0,0.000568561,inner_val
ISIC_6096163,0,0.0008438339,inner_val
ISIC_6096693,0,0.0052833706,inner_val
ISIC_6097000,0,0.005370968,inner_val
ISIC_6097644,0,0.0031434873,inner_val
ISIC_6098768,0,0.0008379905,inner_val
ISIC_6099698,0,0.019444248,inner_val
ISIC_6101007,0,0.010375881,inner_val
ISIC_6104053,0,0.0005616425,inner_val
ISIC_6110309,0,0.03560456,inner_val
ISIC_6110590,0,0.11339914,inner_val
ISIC_6110888,1,0.17533854,inner_val
ISIC_6111487,0,0.0011479269,inner_val
ISIC_6112879,0,0.0057984926,inner_val
ISIC_6113248,0,0.048703905,inner_val
ISIC_6114646,0,0.00061698805,inner_val
ISIC_6117532,0,0.00080974086,inner_val
ISIC_6118204,0,0.00038319954,inner_val
ISIC_6119830,0,0.0008966765,inner_val
ISIC_6122473,0,0.07425392,inner_val
ISIC_6123672,0,0.0533309,inner_val
ISIC_6124241,0,0.009676653,inner_val
ISIC_6126598,0,0.0054140254,inner_val
ISIC_6126775,0,0.00078263885,inner_val
ISIC_6128108,0,0.0022734238,inner_val
ISIC_6129538,0,0.034789015,inner_val
ISIC_6133780,0,0.00054822554,inner_val
ISIC_6136948,0,0.0014251046,inner_val
ISIC_6137928,0,0.009408371,inner_val
ISIC_6138576,0,0.00045367065,inner_val
ISIC_6140723,0,0.0003312047,inner_val
ISIC_6144433,0,0.0044724736,inner_val
ISIC_6145764,0,0.001590655,inner_val
ISIC_6150014,0,0.00038695123,inner_val
ISIC_6151703,0,0.074776925,inner_val
ISIC_6151842,0,0.0046684803,inner_val
ISIC_6155423,0,0.123799026,inner_val
ISIC_6162308,0,0.001915651,inner_val
ISIC_6164642,0,0.01144579,inner_val
ISIC_6165499,0,0.0035709029,inner_val
ISIC_6166308,0,0.0017006083,inner_val
ISIC_6168551,0,7.9468366e-05,inner_val
ISIC_6172538,0,0.00038795054,inner_val
ISIC_6172565,0,0.0005412432,inner_val
ISIC_6177670,0,0.0714992,inner_val
ISIC_6178149,0,0.00037433053,inner_val
ISIC_6180870,0,0.00037258654,inner_val
ISIC_6180938,0,0.013362494,inner_val
ISIC_6187697,0,0.03195221,inner_val
ISIC_6193134,0,0.0034560994,inner_val
ISIC_6195257,0,0.020927645,inner_val
ISIC_6200040,0,0.014140272,inner_val
ISIC_6200373,0,0.0002990325,inner_val
ISIC_6200688,0,0.0006552993,inner_val
ISIC_6202554,0,0.001569428,inner_val
ISIC_6204305,0,0.0019432508,inner_val
ISIC_6204970,0,0.007465592,inner_val
ISIC_6207535,0,0.0031410048,inner_val
ISIC_6208107,0,0.0030080557,inner_val
ISIC_6208222,0,0.0056220484,inner_val
ISIC_6209119,0,0.0006034778,inner_val
ISIC_6209322,0,0.00093462283,inner_val
ISIC_6211483,0,0.0013646667,inner_val
ISIC_6216671,0,0.079616934,inner_val
ISIC_6222431,0,0.0013339383,inner_val
ISIC_6222956,0,0.19858888,inner_val
ISIC_6223183,0,0.0005057817,inner_val
ISIC_6225557,0,0.0057563153,inner_val
ISIC_6227942,0,0.0014342408,inner_val
ISIC_6228827,0,0.0045489953,inner_val
ISIC_6236396,0,0.00050032925,inner_val
ISIC_6237799,0,0.010989192,inner_val
ISIC_6238016,0,0.004969287,inner_val
ISIC_6239663,0,0.002552955,inner_val
ISIC_6243521,0,0.0030735414,inner_val
ISIC_6244896,0,0.04305567,inner_val
ISIC_6250703,0,0.047411036,inner_val
ISIC_6250970,0,0.014448762,inner_val
ISIC_6251471,0,0.005037229,inner_val
ISIC_6253292,0,0.0005480541,inner_val
ISIC_6254005,0,0.0060840873,inner_val
ISIC_6254283,0,0.0005549883,inner_val
ISIC_6256314,0,0.003456336,inner_val
ISIC_6260432,0,0.0014661569,inner_val
ISIC_6260673,0,0.0009132914,inner_val
ISIC_6261648,0,0.00092862686,inner_val
ISIC_6263662,0,0.00039251673,inner_val
ISIC_6264165,0,0.005614398,inner_val
ISIC_6265319,0,0.00035872636,inner_val
ISIC_6265890,0,0.1851564,inner_val
ISIC_6269503,0,0.001076046,inner_val
ISIC_6270437,0,0.0023804496,inner_val
ISIC_6270513,0,0.0016587094,inner_val
ISIC_6270846,0,0.0005938066,inner_val
ISIC_6271218,0,0.00045773265,inner_val
ISIC_6272501,0,0.00024856284,inner_val
ISIC_6273964,0,0.003095015,inner_val
ISIC_6288696,0,0.03467737,inner_val
ISIC_6289346,0,0.0007700183,inner_val
ISIC_6293227,0,0.3409131,inner_val
ISIC_6296088,0,0.0021533945,inner_val
ISIC_6296099,0,0.00828197,inner_val
ISIC_6298726,0,0.039786287,inner_val
ISIC_6299609,0,0.07514481,inner_val
ISIC_6302291,0,0.0004613406,inner_val
ISIC_6305442,0,0.19573809,inner_val
ISIC_6306333,0,0.00056957046,inner_val
ISIC_6306477,0,0.0045498703,inner_val
ISIC_6315192,0,0.04684601,inner_val
ISIC_6316043,0,0.047266115,inner_val
ISIC_6317597,0,0.00031631594,inner_val
ISIC_6320717,0,0.041427974,inner_val
ISIC_6320876,0,0.041256923,inner_val
ISIC_6323420,0,0.008737323,inner_val
ISIC_6323573,0,0.0007124623,inner_val
ISIC_6325673,0,0.00029317487,inner_val
ISIC_6325797,0,0.00088143646,inner_val
ISIC_6326389,0,0.070357084,inner_val
ISIC_6329930,0,0.018210666,inner_val
ISIC_6331731,0,0.08921377,inner_val
ISIC_6332780,0,0.0077601466,inner_val
ISIC_6334015,0,0.002324802,inner_val
ISIC_6339062,0,0.00043559363,inner_val
ISIC_6341033,0,0.012335246,inner_val
ISIC_6342533,0,0.0010084794,inner_val
ISIC_6342641,0,0.08615151,inner_val
ISIC_6353336,0,0.0019426597,inner_val
ISIC_6364958,0,0.0054348633,inner_val
ISIC_6365318,0,0.0036575536,inner_val
ISIC_6366677,0,0.14017473,inner_val
ISIC_6370597,0,0.00025765217,inner_val
ISIC_6370792,0,0.0095104445,inner_val
ISIC_6371078,0,0.00020543621,inner_val
ISIC_6373689,0,0.00071219925,inner_val
ISIC_6375797,0,0.0151153095,inner_val
ISIC_6378798,0,0.0014678633,inner_val
ISIC_6381090,0,0.0007375677,inner_val
ISIC_6381197,0,0.0038791094,inner_val
ISIC_6381236,0,0.012701809,inner_val
ISIC_6384274,0,0.00071756565,inner_val
ISIC_6385627,0,0.0007961956,inner_val
ISIC_6388531,0,0.03245476,inner_val
ISIC_6388815,0,0.00032381905,inner_val
ISIC_6388940,0,0.006959286,inner_val
ISIC_6391839,0,0.0014564493,inner_val
ISIC_6395861,0,0.15473412,inner_val
ISIC_6397631,0,0.008845172,inner_val
ISIC_6400714,0,0.00026653302,inner_val
ISIC_6403592,0,0.013770314,inner_val
ISIC_6407190,0,0.010108674,inner_val
ISIC_6410765,0,0.0005706112,inner_val
ISIC_6411966,0,0.0028782233,inner_val
ISIC_6413346,0,0.008834335,inner_val
ISIC_6416533,0,0.07448364,inner_val
ISIC_6416889,0,0.02866109,inner_val
ISIC_6418410,0,0.0040249852,inner_val
ISIC_6418515,0,0.005505468,inner_val
ISIC_6419239,0,0.0021908872,inner_val
ISIC_6422703,0,0.00086830975,inner_val
ISIC_6422791,0,0.04134695,inner_val
ISIC_6430088,0,0.002040743,inner_val
ISIC_6430210,0,0.0054772557,inner_val
ISIC_6430323,0,0.034078658,inner_val
ISIC_6432413,0,0.2775265,inner_val
ISIC_6433084,0,0.26229653,inner_val
ISIC_6433744,0,0.0011264489,inner_val
ISIC_6436107,0,0.00082335074,inner_val
ISIC_6436998,0,0.00033947083,inner_val
ISIC_6437676,0,0.000305727,inner_val
ISIC_6439380,0,0.07055223,inner_val
ISIC_6440229,0,0.0013553951,inner_val
ISIC_6441261,0,0.00356355,inner_val
ISIC_6443984,0,0.023172092,inner_val
ISIC_6444694,0,0.00054003886,inner_val
ISIC_6445453,0,0.005235329,inner_val
ISIC_6450123,0,0.01332546,inner_val
ISIC_6450541,0,0.0006111524,inner_val
ISIC_6452498,0,0.01554205,inner_val
ISIC_6455034,0,0.00035767697,inner_val
ISIC_6455160,0,0.023111334,inner_val
ISIC_6455907,0,0.018444305,inner_val
ISIC_6455934,0,0.0011155312,inner_val
ISIC_6467369,0,0.1160866,inner_val
ISIC_6468817,0,0.0023699088,inner_val
ISIC_6469202,0,0.00063958694,inner_val
ISIC_6471878,0,0.0010125712,inner_val
ISIC_6472901,0,0.0016560142,inner_val
ISIC_6473446,0,0.002702831,inner_val
ISIC_6473449,0,0.13016906,inner_val
ISIC_6473876,0,0.011218025,inner_val
ISIC_6473894,0,0.06624532,inner_val
ISIC_6474368,0,0.00045218997,inner_val
ISIC_6476351,0,0.032130014,inner_val
ISIC_6476964,0,0.0030437706,inner_val
ISIC_6481852,0,0.0019848759,inner_val
ISIC_6482425,0,0.0034601465,inner_val
ISIC_6487069,0,0.010152393,inner_val
ISIC_6488089,0,0.023974467,inner_val
ISIC_6488658,0,0.013683601,inner_val
ISIC_6491919,0,0.005847876,inner_val
ISIC_6494965,0,0.00027234643,inner_val
ISIC_6496251,1,0.029035445,inner_val
ISIC_6498790,0,0.016134197,inner_val
ISIC_6499329,0,0.020723317,inner_val
ISIC_6501973,0,0.19089097,inner_val
ISIC_6502825,0,0.0016135535,inner_val
ISIC_6505551,0,0.0009022481,inner_val
ISIC_6507492,0,0.00077038864,inner_val
ISIC_6511284,0,0.006537955,inner_val
ISIC_6520237,0,0.0013103948,inner_val
ISIC_6521444,0,0.040486727,inner_val
ISIC_6522126,0,0.009533875,inner_val
ISIC_6522713,0,0.0052403575,inner_val
ISIC_6524119,0,0.000569553,inner_val
ISIC_6526150,0,0.005467656,inner_val
ISIC_6531410,0,0.00040674058,inner_val
ISIC_6532137,0,0.0008869649,inner_val
ISIC_6535558,1,0.22256391,inner_val
ISIC_6535961,0,0.0025124634,inner_val
ISIC_6544804,0,0.005466523,inner_val
ISIC_6546981,0,0.0013018065,inner_val
ISIC_6547275,0,0.0005174458,inner_val
ISIC_6550761,0,0.00800814,inner_val
ISIC_6551980,0,0.0013062062,inner_val
ISIC_6552421,0,0.0057105864,inner_val
ISIC_6555618,0,0.024312159,inner_val
ISIC_6560677,0,0.0046093883,inner_val
ISIC_6563695,0,0.0036850788,inner_val
ISIC_6564920,0,0.0011810687,inner_val
ISIC_6572571,0,0.0021614423,inner_val
ISIC_6575298,0,0.0061642574,inner_val
ISIC_6577745,0,0.0031999438,inner_val
ISIC_6578862,0,0.0017031173,inner_val
ISIC_6581411,1,0.057435956,inner_val
ISIC_6582297,0,0.0003481348,inner_val
ISIC_6585659,0,0.0034776342,inner_val
ISIC_6590191,0,0.00017695373,inner_val
ISIC_6590303,0,0.008716298,inner_val
ISIC_6590554,0,0.0017084903,inner_val
ISIC_6592334,0,0.003165386,inner_val
ISIC_6595273,0,0.011718357,inner_val
ISIC_6598889,0,0.0007906928,inner_val
ISIC_6603703,0,0.00062266807,inner_val
ISIC_6605912,0,0.016296873,inner_val
ISIC_6606131,0,0.0004141927,inner_val
ISIC_6607633,0,0.0009899607,inner_val
ISIC_6610220,0,0.090517305,inner_val
ISIC_6610700,0,0.0059378063,inner_val
ISIC_6612188,0,0.01333389,inner_val
ISIC_6613239,0,0.002176982,inner_val
ISIC_6613992,0,0.0005057486,inner_val
ISIC_6616081,0,0.0056094215,inner_val
ISIC_6618140,0,0.00069532223,inner_val
ISIC_6618799,0,0.013534237,inner_val
ISIC_6620035,0,0.0033148432,inner_val
ISIC_6620273,0,0.0012698337,inner_val
ISIC_6625189,0,0.00045912905,inner_val
ISIC_6625253,0,0.02075566,inner_val
ISIC_6625344,0,0.00039833458,inner_val
ISIC_6628607,0,0.0013839013,inner_val
ISIC_6628829,0,0.06897436,inner_val
ISIC_6630610,0,0.0044422387,inner_val
ISIC_6634914,0,0.00022252812,inner_val
ISIC_6638065,0,0.0020378751,inner_val
ISIC_6639985,0,0.0069679646,inner_val
ISIC_6641378,0,0.13721621,inner_val
ISIC_6642886,0,0.00586968,inner_val
ISIC_6645328,0,0.00031233818,inner_val
ISIC_6650581,0,0.00040679486,inner_val
ISIC_6652978,0,0.016230471,inner_val
ISIC_6654619,0,0.00029704062,inner_val
ISIC_6665312,0,0.003619346,inner_val
ISIC_6665401,0,0.000885753,inner_val
ISIC_6665667,0,0.0027737352,inner_val
ISIC_6666623,0,0.00061838946,inner_val
ISIC_6668197,0,0.0002950854,inner_val
ISIC_6673669,0,0.00076705666,inner_val
ISIC_6673956,0,0.034931567,inner_val
ISIC_6674653,0,0.008847162,inner_val
ISIC_6674739,0,0.03457913,inner_val
ISIC_6675773,0,0.0011028254,inner_val
ISIC_6680634,0,0.0003473435,inner_val
ISIC_6681802,0,0.001587962,inner_val
ISIC_6687327,0,0.002899414,inner_val
ISIC_6689146,0,0.00079083,inner_val
ISIC_6698114,0,0.005938752,inner_val
ISIC_6700235,0,0.00017598152,inner_val
ISIC_6704623,0,0.00045898746,inner_val
ISIC_6707991,0,0.0012469996,inner_val
ISIC_6708310,0,0.015102566,inner_val
ISIC_6712655,0,0.00029364316,inner_val
ISIC_6713263,0,0.00040811978,inner_val
ISIC_6715731,0,0.0005072675,inner_val
ISIC_6717452,0,0.0026785221,inner_val
ISIC_6722005,0,0.00055222755,inner_val
ISIC_6722934,0,0.0027918785,inner_val
ISIC_6725045,0,0.008836544,inner_val
ISIC_6728496,0,0.00037990537,inner_val
ISIC_6739204,0,0.001445989,inner_val
ISIC_6739241,0,0.0647225,inner_val
ISIC_6742185,0,0.016571024,inner_val
ISIC_6743860,0,0.000509132,inner_val
ISIC_6745062,0,0.008144962,inner_val
ISIC_6753831,0,0.00018656522,inner_val
ISIC_6756474,0,0.049627703,inner_val
ISIC_6757533,0,0.2834542,inner_val
ISIC_6757674,0,0.00078567787,inner_val
ISIC_6757682,0,0.0010621232,inner_val
ISIC_6759615,0,0.0010479204,inner_val
ISIC_6760984,0,0.0011944058,inner_val
ISIC_6760986,0,0.0005902368,inner_val
ISIC_6762833,0,0.0007423374,inner_val
ISIC_6763221,0,0.0010162977,inner_val
ISIC_6765909,0,0.000894845,inner_val
ISIC_6767038,0,0.00019233933,inner_val
ISIC_6767379,0,0.000793745,inner_val
ISIC_6769445,0,0.0013572907,inner_val
ISIC_6778515,0,0.0014097831,inner_val
ISIC_6778936,0,0.0008398464,inner_val
ISIC_6780841,0,0.18730704,inner_val
ISIC_6783285,0,0.00051006436,inner_val
ISIC_6786974,0,0.0061567524,inner_val
ISIC_6787039,0,0.00043480392,inner_val
ISIC_6800044,0,0.00041950887,inner_val
ISIC_6800115,0,0.053187966,inner_val
ISIC_6808543,0,0.018056659,inner_val
ISIC_6809329,0,0.053500906,inner_val
ISIC_6810183,0,0.08250982,inner_val
ISIC_6810607,0,0.0017304023,inner_val
ISIC_6815451,0,0.0014279485,inner_val
ISIC_6815964,0,0.00030755825,inner_val
ISIC_6820289,0,0.00070813316,inner_val
ISIC_6821459,0,0.0095774615,inner_val
ISIC_6822870,0,0.00027480265,inner_val
ISIC_6822917,0,0.0003876714,inner_val
ISIC_6828892,0,0.0009022725,inner_val
ISIC_6829008,1,0.017946577,inner_val
ISIC_6837656,0,0.0002771441,inner_val
ISIC_6839272,0,0.030870812,inner_val
ISIC_6844752,0,0.00037457145,inner_val
ISIC_6846376,0,0.0007822687,inner_val
ISIC_6847618,0,0.031975243,inner_val
ISIC_6851073,0,0.013168244,inner_val
ISIC_6851122,0,0.00032870582,inner_val
ISIC_6862411,0,0.00041159923,inner_val
ISIC_6863391,0,0.013793069,inner_val
ISIC_6864484,0,0.0010829433,inner_val
ISIC_6867543,0,0.0036520688,inner_val
ISIC_6872685,0,0.032259475,inner_val
ISIC_6873847,0,0.006422946,inner_val
ISIC_6876281,0,0.0002898893,inner_val
ISIC_6878417,0,0.0010456463,inner_val
ISIC_6884378,0,0.3442967,inner_val
ISIC_6891226,0,0.00029813804,inner_val
ISIC_6898502,0,0.00081924285,inner_val
ISIC_6899397,0,0.0020272,inner_val
ISIC_6900559,0,0.0014349512,inner_val
ISIC_6902487,0,0.02634781,inner_val
ISIC_6906953,0,0.012274998,inner_val
ISIC_6910922,0,0.00058598636,inner_val
ISIC_6910956,0,0.0036003513,inner_val
ISIC_6911252,0,0.007630484,inner_val
ISIC_6918302,0,0.019920835,inner_val
ISIC_6918981,0,0.0042902054,inner_val
ISIC_6926090,0,0.0067174733,inner_val
ISIC_6928990,0,0.004357356,inner_val
ISIC_6932951,0,0.009044244,inner_val
ISIC_6933296,0,0.045518056,inner_val
ISIC_6933350,0,0.00072230236,inner_val
ISIC_6938682,0,0.0011730018,inner_val
ISIC_6943610,0,0.004750459,inner_val
ISIC_6948462,0,0.000795269,inner_val
ISIC_6953334,0,0.012058521,inner_val
ISIC_6954994,0,0.0064914487,inner_val
ISIC_6961503,1,0.06562161,inner_val
ISIC_6962990,0,0.0052206977,inner_val
ISIC_6963318,0,0.0005000608,inner_val
ISIC_6965417,0,0.010246411,inner_val
ISIC_6968124,0,0.0009439515,inner_val
ISIC_6969393,0,0.00041327512,inner_val
ISIC_6971473,0,0.013797934,inner_val
ISIC_6971579,0,0.016417941,inner_val
ISIC_6971970,0,0.0018840384,inner_val
ISIC_6974830,0,0.040127076,inner_val
ISIC_6976494,0,0.050866984,inner_val
ISIC_6977092,0,0.0017533278,inner_val
ISIC_6982406,0,0.025259225,inner_val
ISIC_6983347,0,0.0011466902,inner_val
ISIC_6985114,0,0.0036424757,inner_val
ISIC_6985988,0,0.008301378,inner_val
ISIC_6985996,0,0.00048192736,inner_val
ISIC_6987824,0,0.02401829,inner_val
ISIC_6989592,0,0.030578153,inner_val
ISIC_6993690,0,0.00085981237,inner_val
ISIC_6993830,0,0.006652264,inner_val
ISIC_6994237,0,0.005503313,inner_val
ISIC_6996606,0,0.0017730116,inner_val
ISIC_6997436,0,0.0077528954,inner_val
ISIC_7001063,0,0.01018726,inner_val
ISIC_7001584,0,0.0032424864,inner_val
ISIC_7002496,0,0.0007189897,inner_val
ISIC_7004652,0,0.07418962,inner_val
ISIC_7004857,0,0.009924173,inner_val
ISIC_7011793,0,0.008855667,inner_val
ISIC_7012349,0,0.014977608,inner_val
ISIC_7016255,0,0.02873816,inner_val
ISIC_7017547,0,0.020928329,inner_val
ISIC_7017711,0,0.0024924313,inner_val
ISIC_7019211,0,0.021755258,inner_val
ISIC_7020578,0,0.001979831,inner_val
ISIC_7030461,0,0.00040539773,inner_val
ISIC_7031550,0,0.004985242,inner_val
ISIC_7035368,0,0.027661253,inner_val
ISIC_7038742,0,0.0019977174,inner_val
ISIC_7044032,0,0.23862916,inner_val
ISIC_7044840,0,0.000197552,inner_val
ISIC_7049442,0,0.00031790344,inner_val
ISIC_7054053,0,0.0011827997,inner_val
ISIC_7057515,0,0.00073587813,inner_val
ISIC_7059794,0,0.00020276605,inner_val
ISIC_7061003,0,0.022860803,inner_val
ISIC_7065522,0,0.0013464892,inner_val
ISIC_7066393,0,0.0013889935,inner_val
ISIC_7068674,0,0.0006255351,inner_val
ISIC_7070020,1,0.3183414,inner_val
ISIC_7070384,0,0.00025461477,inner_val
ISIC_7073270,0,0.0004029945,inner_val
ISIC_7074763,0,0.00032359533,inner_val
ISIC_7077029,0,0.0003127291,inner_val
ISIC_7078487,0,0.026576726,inner_val
ISIC_7079349,1,0.12743384,inner_val
ISIC_7088774,0,0.00079058134,inner_val
ISIC_7089788,0,0.00031059777,inner_val
ISIC_7097507,0,0.0011317795,inner_val
ISIC_7098141,1,0.021066293,inner_val
ISIC_7107910,0,0.0029751444,inner_val
ISIC_7108277,0,0.0018276733,inner_val
ISIC_7109582,0,0.13106902,inner_val
ISIC_7110699,0,0.0008872721,inner_val
ISIC_7110889,0,0.0027523362,inner_val
ISIC_7115931,0,0.16097912,inner_val
ISIC_7117554,0,0.0063501466,inner_val
ISIC_7119992,0,0.00039306618,inner_val
ISIC_7124160,0,0.009372814,inner_val
ISIC_7124623,0,0.015541014,inner_val
ISIC_7124766,0,0.0069910986,inner_val
ISIC_7125870,0,0.006289649,inner_val
ISIC_7126274,0,0.0134168435,inner_val
ISIC_7128535,0,0.23739982,inner_val
ISIC_7129134,0,0.0008101595,inner_val
ISIC_7129509,0,0.00023331688,inner_val
ISIC_7129901,0,0.00066789024,inner_val
ISIC_7132222,0,0.011206474,inner_val
ISIC_7133051,0,0.00037920286,inner_val
ISIC_7134476,0,0.041394282,inner_val
ISIC_7135859,0,0.0055755856,inner_val
ISIC_7139532,0,0.0014461591,inner_val
ISIC_7139908,0,0.0068327477,inner_val
ISIC_7141361,0,0.00071371574,inner_val
ISIC_7141965,0,0.0026960687,inner_val
ISIC_7143533,0,0.0015736583,inner_val
ISIC_7146904,0,0.014317548,inner_val
ISIC_7148289,0,0.0015389294,inner_val
ISIC_7149484,0,0.00022315088,inner_val
ISIC_7151508,0,0.003494836,inner_val
ISIC_7153718,0,0.001283646,inner_val
ISIC_7155505,0,0.0043724007,inner_val
ISIC_7164970,0,0.002335017,inner_val
ISIC_7166676,0,0.06451847,inner_val
ISIC_7168151,0,0.0005123221,inner_val
ISIC_7173639,0,0.00043222486,inner_val
ISIC_7175873,0,0.08407999,inner_val
ISIC_7178155,0,0.113623545,inner_val
ISIC_7182917,0,0.0007404813,inner_val
ISIC_7184491,0,0.0023426719,inner_val
ISIC_7185036,0,0.001269515,inner_val
ISIC_7186410,0,0.0005337748,inner_val
ISIC_7186503,0,0.14314821,inner_val
ISIC_7187713,0,0.010588453,inner_val
ISIC_7189073,0,0.004102619,inner_val
ISIC_7190175,0,0.011632232,inner_val
ISIC_7192157,0,0.011392462,inner_val
ISIC_7194377,0,0.0014411748,inner_val
ISIC_7194569,0,0.014387521,inner_val
ISIC_7198492,0,0.00032095975,inner_val
ISIC_7200497,0,0.0017087497,inner_val
ISIC_7201222,0,0.0034240363,inner_val
ISIC_7204370,0,0.000537046,inner_val
ISIC_7205745,1,0.010648165,inner_val
ISIC_7207080,0,0.0004178699,inner_val
ISIC_7211590,0,0.00028392125,inner_val
ISIC_7212975,0,0.00097127206,inner_val
ISIC_7213231,0,0.012527815,inner_val
ISIC_7215208,0,0.0010384604,inner_val
ISIC_7215375,0,0.00042967,inner_val
ISIC_7215643,0,0.007016,inner_val
ISIC_7216585,0,0.030309387,inner_val
ISIC_7222438,0,0.12786312,inner_val
ISIC_7223327,0,0.0057611424,inner_val
ISIC_7226974,0,0.0010996342,inner_val
ISIC_7228822,0,0.004745864,inner_val
ISIC_7229357,0,0.007667453,inner_val
ISIC_7230898,0,0.0004689101,inner_val
ISIC_7231369,0,0.0014549341,inner_val
ISIC_7246852,0,0.023917299,inner_val
ISIC_7254249,0,0.0060019256,inner_val
ISIC_7255445,0,0.016137755,inner_val
ISIC_7255891,0,0.0005131811,inner_val
ISIC_7257380,0,0.0024000898,inner_val
ISIC_7259400,0,0.00041741264,inner_val
ISIC_7260977,0,0.0005317316,inner_val
ISIC_7261681,0,0.0006387746,inner_val
ISIC_7264231,0,0.12468145,inner_val
ISIC_7268592,0,0.005664518,inner_val
ISIC_7270233,0,0.024139456,inner_val
ISIC_7271718,0,0.00020217262,inner_val
ISIC_7276864,0,0.07243715,inner_val
ISIC_7278885,0,0.001607625,inner_val
ISIC_7282415,0,0.015214205,inner_val
ISIC_7282441,0,0.019811537,inner_val
ISIC_7284377,0,0.011560138,inner_val
ISIC_7291453,0,0.0003540853,inner_val
ISIC_7296462,0,0.013268517,inner_val
ISIC_7299025,0,0.0047669197,inner_val
ISIC_7301963,0,0.00026825716,inner_val
ISIC_7304480,0,0.003025606,inner_val
ISIC_7307860,0,0.0007235562,inner_val
ISIC_7310249,0,0.00321876,inner_val
ISIC_7311624,0,0.00601327,inner_val
ISIC_7313348,0,0.0007159058,inner_val
ISIC_7315468,0,0.010671578,inner_val
ISIC_7317646,0,0.0011207226,inner_val
ISIC_7323761,0,0.001183857,inner_val
ISIC_7327423,1,0.22123186,inner_val
ISIC_7330564,0,0.0036933038,inner_val
ISIC_7331098,0,0.0007544409,inner_val
ISIC_7331382,0,0.006425825,inner_val
ISIC_7333167,0,0.0020393888,inner_val
ISIC_7333928,0,0.00035319323,inner_val
ISIC_7334758,0,0.016134582,inner_val
ISIC_7334783,0,0.0059644096,inner_val
ISIC_7335659,0,0.00033022228,inner_val
ISIC_7339138,0,0.0015499451,inner_val
ISIC_7342914,0,0.08471571,inner_val
ISIC_7352175,0,0.010032691,inner_val
ISIC_7352886,0,0.0063514644,inner_val
ISIC_7353097,0,0.0002955801,inner_val
ISIC_7357436,0,0.038969588,inner_val
ISIC_7358625,0,0.0062028733,inner_val
ISIC_7359014,0,0.00039975828,inner_val
ISIC_7365523,0,0.00057617086,inner_val
ISIC_7366144,0,0.0006448443,inner_val
ISIC_7368544,0,0.011011868,inner_val
ISIC_7369690,0,0.06613964,inner_val
ISIC_7372081,0,0.009414105,inner_val
ISIC_7375240,0,0.019881332,inner_val
ISIC_7376243,0,0.00024836833,inner_val
ISIC_7383521,0,0.027761528,inner_val
ISIC_7385430,0,0.007110331,inner_val
ISIC_7386566,0,0.00086009916,inner_val
ISIC_7386891,0,0.0023594429,inner_val
ISIC_7391160,0,0.009175269,inner_val
ISIC_7397129,0,0.009157673,inner_val
ISIC_7402440,0,0.00047818603,inner_val
ISIC_7404638,0,0.035808936,inner_val
ISIC_7407847,0,0.00047268567,inner_val
ISIC_7412559,0,0.0006604267,inner_val
ISIC_7413149,0,0.008380441,inner_val
ISIC_7416702,0,0.00044632875,inner_val
ISIC_7416783,0,0.015246151,inner_val
ISIC_7417678,0,0.014618842,inner_val
ISIC_7430054,0,0.030037053,inner_val
ISIC_7433711,0,0.27978864,inner_val
ISIC_7438675,0,0.0017111714,inner_val
ISIC_7441957,0,0.04331073,inner_val
ISIC_7443928,0,0.0006809676,inner_val
ISIC_7447716,0,0.026407,inner_val
ISIC_7450481,0,0.011678999,inner_val
ISIC_7452348,0,0.054946054,inner_val
ISIC_7452871,0,0.083340704,inner_val
ISIC_7453895,0,0.011094483,inner_val
ISIC_7454487,0,0.000649588,inner_val
ISIC_7456891,0,0.00063175656,inner_val
ISIC_7457488,0,0.005186127,inner_val
ISIC_7457750,0,0.20300865,inner_val
ISIC_7460887,1,0.1309503,inner_val
ISIC_7462628,0,0.0009514445,inner_val
ISIC_7465237,0,0.00065220025,inner_val
ISIC_7465944,0,0.00074954645,inner_val
ISIC_7465990,0,0.00651836,inner_val
ISIC_7473338,0,0.0008788702,inner_val
ISIC_7473469,0,0.0016493622,inner_val
ISIC_7474655,0,0.008681126,inner_val
ISIC_7476849,0,0.012952414,inner_val
ISIC_7478024,0,0.00072402874,inner_val
ISIC_7478847,0,0.00070022314,inner_val
ISIC_7479548,0,0.21881774,inner_val
ISIC_7483552,0,0.047130283,inner_val
ISIC_7486266,0,0.15785174,inner_val
ISIC_7490776,0,0.00062630104,inner_val
ISIC_7492374,0,0.0006576543,inner_val
ISIC_7497699,0,0.00073389517,inner_val
ISIC_7500238,0,0.0026271623,inner_val
ISIC_7504276,0,0.0021632656,inner_val
ISIC_7509284,0,0.0092489645,inner_val
ISIC_7511365,0,0.0005096948,inner_val
ISIC_7514830,0,0.03089994,inner_val
ISIC_7515463,0,0.00728788,inner_val
ISIC_7519627,0,0.011295361,inner_val
ISIC_7520058,0,0.00088289275,inner_val
ISIC_7521457,0,0.00417428,inner_val
ISIC_7523226,0,0.0005594965,inner_val
ISIC_7525320,0,0.0008812248,inner_val
ISIC_7526548,0,0.00027100652,inner_val
ISIC_7529513,0,0.008348737,inner_val
ISIC_7529560,0,0.000310119,inner_val
ISIC_7531073,0,0.00055237336,inner_val
ISIC_7533116,0,0.0015678634,inner_val
ISIC_7540354,0,0.00065278076,inner_val
ISIC_7542722,0,0.007474218,inner_val
ISIC_7544537,0,0.0010932949,inner_val
ISIC_7545549,0,0.22083141,inner_val
ISIC_7547058,0,0.001420063,inner_val
ISIC_7547714,0,0.15524183,inner_val
ISIC_7550917,0,0.0006766687,inner_val
ISIC_7558912,0,0.0005858584,inner_val
ISIC_7560495,0,0.026753614,inner_val
ISIC_7560723,0,0.0006716253,inner_val
ISIC_7563371,0,0.0006916845,inner_val
ISIC_7567699,0,0.012410658,inner_val
ISIC_7570495,0,0.008718795,inner_val
ISIC_7573559,0,0.0015285406,inner_val
ISIC_7574101,0,0.0922445,inner_val
ISIC_7577197,0,0.00073521544,inner_val
ISIC_7581388,0,0.013445581,inner_val
ISIC_7582315,0,0.02459253,inner_val
ISIC_7582765,0,0.00030137424,inner_val
ISIC_7583768,0,0.00036461005,inner_val
ISIC_7587078,0,0.0066121034,inner_val
ISIC_7587513,0,0.0007495479,inner_val
ISIC_7588132,0,0.07189209,inner_val
ISIC_7589004,0,0.0008059082,inner_val
ISIC_7589300,0,0.0005813701,inner_val
ISIC_7592406,0,0.00031967048,inner_val
ISIC_7595351,0,0.0014655363,inner_val
ISIC_7596526,0,0.0005165272,inner_val
ISIC_7599973,0,0.001688862,inner_val
ISIC_7600279,0,0.0040027318,inner_val
ISIC_7601936,0,0.003006159,inner_val
ISIC_7603320,0,0.00079504924,inner_val
ISIC_7604178,0,0.00021452722,inner_val
ISIC_7616427,0,0.0005052138,inner_val
ISIC_7618103,0,0.0013644522,inner_val
ISIC_7619467,0,0.0005622721,inner_val
ISIC_7619491,0,0.00071222504,inner_val
ISIC_7626256,1,0.09383993,inner_val
ISIC_7628328,0,0.0023635365,inner_val
ISIC_7630208,0,0.045859482,inner_val
ISIC_7630831,0,0.00033231964,inner_val
ISIC_7633322,0,0.0005440836,inner_val
ISIC_7636321,0,0.012694462,inner_val
ISIC_7640835,0,0.00073429605,inner_val
ISIC_7641231,0,0.0006867491,inner_val
ISIC_7641956,0,0.026035652,inner_val
ISIC_7642991,0,0.018950017,inner_val
ISIC_7643966,0,0.0066053416,inner_val
ISIC_7644093,0,0.012562547,inner_val
ISIC_7646954,0,0.0020485462,inner_val
ISIC_7648111,0,0.0008524553,inner_val
ISIC_7649708,0,0.00045082433,inner_val
ISIC_7649986,0,0.018436918,inner_val
ISIC_7652731,0,0.0079259155,inner_val
ISIC_7654071,0,0.00158281,inner_val
ISIC_7654211,0,0.00088370155,inner_val
ISIC_7659833,0,0.007241318,inner_val
ISIC_7661559,0,0.052901022,inner_val
ISIC_7662910,1,0.32276076,inner_val
ISIC_7663033,0,0.025420746,inner_val
ISIC_7663719,0,0.0010335303,inner_val
ISIC_7667157,0,0.0008341033,inner_val
ISIC_7668749,0,0.0035419248,inner_val
ISIC_7670304,0,0.09400139,inner_val
ISIC_7671802,0,0.0033598705,inner_val
ISIC_7676485,0,0.028015563,inner_val
ISIC_7680333,0,0.0020021878,inner_val
ISIC_7682984,0,0.005121075,inner_val
ISIC_7685853,0,0.00049852236,inner_val
ISIC_7687367,0,0.04229098,inner_val
ISIC_7687848,0,0.0005492182,inner_val
ISIC_7693611,1,0.124620475,inner_val
ISIC_7696732,0,0.0019368062,inner_val
ISIC_7697366,0,0.001228883,inner_val
ISIC_7699392,0,0.004382578,inner_val
ISIC_7700463,0,0.0057083885,inner_val
ISIC_7705867,0,0.0009255141,inner_val
ISIC_7707720,0,0.019110058,inner_val
ISIC_7715260,0,0.025149487,inner_val
ISIC_7716088,0,0.0006318261,inner_val
ISIC_7716168,0,0.0021456808,inner_val
ISIC_7717552,0,0.010807748,inner_val
ISIC_7717907,0,0.0007177031,inner_val
ISIC_7720684,0,0.035659272,inner_val
ISIC_7722716,0,0.014273779,inner_val
ISIC_7725971,0,0.0005848149,inner_val
ISIC_7727908,0,0.005881908,inner_val
ISIC_7730443,0,0.18274716,inner_val
ISIC_7731447,0,0.032435324,inner_val
ISIC_7731786,0,0.0096017,inner_val
ISIC_7733890,0,0.00031311662,inner_val
ISIC_7736423,0,0.008527168,inner_val
ISIC_7738065,0,0.02387224,inner_val
ISIC_7738761,0,0.0007675115,inner_val
ISIC_7740004,0,0.00840029,inner_val
ISIC_7744262,0,0.0006122829,inner_val
ISIC_7746409,0,0.013551124,inner_val
ISIC_7748144,0,0.00063363614,inner_val
ISIC_7748899,0,0.014571071,inner_val
ISIC_7755875,0,0.018902745,inner_val
ISIC_7756006,0,0.011804885,inner_val
ISIC_7756373,0,0.010670607,inner_val
ISIC_7757763,0,0.0004800764,inner_val
ISIC_7764021,0,0.049419098,inner_val
ISIC_7764847,0,0.012780124,inner_val
ISIC_7765038,0,0.0013135262,inner_val
ISIC_7765193,0,0.024388127,inner_val
ISIC_7766704,0,0.0065853433,inner_val
ISIC_7770394,0,0.00051013177,inner_val
ISIC_7776593,0,0.005366614,inner_val
ISIC_7777176,0,0.0003014869,inner_val
ISIC_7780098,0,0.02231582,inner_val
ISIC_7782274,0,0.12820213,inner_val
ISIC_7783346,0,0.01047421,inner_val
ISIC_7788567,0,0.004878972,inner_val
ISIC_7788814,0,0.024245018,inner_val
ISIC_7789537,0,0.5964513,inner_val
ISIC_7796822,0,0.00038911408,inner_val
ISIC_7799968,0,0.0015903512,inner_val
ISIC_7800750,1,0.032850474,inner_val
ISIC_7806381,0,0.0013939131,inner_val
ISIC_7807526,0,0.0066254213,inner_val
ISIC_7818740,0,0.083495595,inner_val
ISIC_7818763,0,0.0009952978,inner_val
ISIC_7818799,0,0.0090668285,inner_val
ISIC_7819707,0,0.009065774,inner_val
ISIC_7822178,0,0.0009933634,inner_val
ISIC_7831645,0,0.0017584923,inner_val
ISIC_7834075,0,0.000668516,inner_val
ISIC_7835537,0,0.0115420725,inner_val
ISIC_7838524,0,0.0011781944,inner_val
ISIC_7840165,0,0.005443153,inner_val
ISIC_7841993,0,0.011795494,inner_val
ISIC_7844565,0,0.0017073376,inner_val
ISIC_7845702,0,0.04159286,inner_val
ISIC_7847667,0,0.00033539184,inner_val
ISIC_7850134,0,0.0036727933,inner_val
ISIC_7852280,0,0.0006297109,inner_val
ISIC_7852465,0,0.023434404,inner_val
ISIC_7852855,0,0.00146698,inner_val
ISIC_7854663,0,0.0033120716,inner_val
ISIC_7855286,0,0.0073629566,inner_val
ISIC_7859098,0,0.0006321122,inner_val
ISIC_7860012,0,0.00026344246,inner_val
ISIC_7861718,0,0.0005282145,inner_val
ISIC_7861911,0,0.0011901327,inner_val
ISIC_7861942,0,0.00061319425,inner_val
ISIC_7862068,0,0.00043781556,inner_val
ISIC_7872595,1,0.02117166,inner_val
ISIC_7875088,0,0.017437737,inner_val
ISIC_7876737,0,0.07459558,inner_val
ISIC_7877034,0,0.002285708,inner_val
ISIC_7877488,0,0.04196562,inner_val
ISIC_7882022,0,0.0038942487,inner_val
ISIC_7886188,0,0.0003426263,inner_val
ISIC_7887321,0,0.015260648,inner_val
ISIC_7889838,0,0.0062244446,inner_val
ISIC_7894744,0,0.00041636033,inner_val
ISIC_7897484,0,0.008205804,inner_val
ISIC_7902978,0,0.00032442316,inner_val
ISIC_7904250,0,0.002937441,inner_val
ISIC_7904411,0,0.00063437264,inner_val
ISIC_7907665,0,0.000543334,inner_val
ISIC_7914631,1,0.05063138,inner_val
ISIC_7915595,0,0.035247706,inner_val
ISIC_7923745,0,0.02566325,inner_val
ISIC_7928614,0,0.0008168642,inner_val
ISIC_7929919,0,0.0006142307,inner_val
ISIC_7933774,0,0.045508258,inner_val
ISIC_7935528,0,0.0017078001,inner_val
ISIC_7936149,0,0.003560697,inner_val
ISIC_7936559,0,0.010519061,inner_val
ISIC_7948461,0,0.005112317,inner_val
ISIC_7948728,0,0.000722343,inner_val
ISIC_7948999,0,0.06442621,inner_val
ISIC_7950729,0,0.010853469,inner_val
ISIC_7951186,0,0.0016819575,inner_val
ISIC_7951857,0,0.00037648264,inner_val
ISIC_7951995,0,0.038656622,inner_val
ISIC_7954325,0,0.00042299935,inner_val
ISIC_7959202,0,0.0005267607,inner_val
ISIC_7959339,0,0.006490271,inner_val
ISIC_7960920,0,0.0086139515,inner_val
ISIC_7961805,0,0.033596247,inner_val
ISIC_7964757,0,0.00053159276,inner_val
ISIC_7964819,0,0.0010077673,inner_val
ISIC_7973296,0,0.00030181505,inner_val
ISIC_7973340,0,0.0008505855,inner_val
ISIC_7973500,0,0.0003733707,inner_val
ISIC_7973564,0,0.035244692,inner_val
ISIC_7975420,0,0.015355346,inner_val
ISIC_7975678,0,0.013813879,inner_val
ISIC_7980482,0,0.0016084104,inner_val
ISIC_7982020,0,0.012578942,inner_val
ISIC_7983553,0,0.051404115,inner_val
ISIC_7988517,0,0.00065743993,inner_val
ISIC_7990641,0,0.03866234,inner_val
ISIC_7992584,0,0.09855537,inner_val
ISIC_7994337,0,0.0004193861,inner_val
ISIC_7997132,0,0.0004423243,inner_val
ISIC_7997639,0,0.01063728,inner_val
ISIC_8002456,0,0.002838057,inner_val
ISIC_8004013,0,0.0010477823,inner_val
ISIC_8010381,0,0.0014428083,inner_val
ISIC_8011253,0,0.055476684,inner_val
ISIC_8012737,0,0.008349194,inner_val
ISIC_8013179,0,0.05310835,inner_val
ISIC_8014513,0,0.00060897,inner_val
ISIC_8015441,0,0.0004155241,inner_val
ISIC_8019487,0,0.017821783,inner_val
ISIC_8021960,0,0.0011247237,inner_val
ISIC_8023338,0,0.007331761,inner_val
ISIC_8023705,0,0.013682083,inner_val
ISIC_8023823,0,0.0006219815,inner_val
ISIC_8025011,0,0.00559128,inner_val
ISIC_8025852,0,0.0006206852,inner_val
ISIC_8027491,0,0.014160253,inner_val
ISIC_8028682,0,0.0014715189,inner_val
ISIC_8029120,0,0.010701645,inner_val
ISIC_8033373,0,0.0008073201,inner_val
ISIC_8034587,0,0.009955834,inner_val
ISIC_8035608,0,0.0042952583,inner_val
ISIC_8036363,0,0.012210461,inner_val
ISIC_8044983,0,0.07167804,inner_val
ISIC_8047080,0,0.0004785613,inner_val
ISIC_8047129,0,0.002068577,inner_val
ISIC_8047316,0,0.005374752,inner_val
ISIC_8051628,0,0.002292282,inner_val
ISIC_8051791,0,0.1522371,inner_val
ISIC_8052559,0,0.02110453,inner_val
ISIC_8052877,0,0.00041655006,inner_val
ISIC_8054626,0,0.006055894,inner_val
ISIC_8054710,0,0.027354348,inner_val
ISIC_8056974,0,0.0004389587,inner_val
ISIC_8063080,0,0.0012661091,inner_val
ISIC_8064866,0,0.0012890968,inner_val
ISIC_8065001,0,0.00042985828,inner_val
ISIC_8065633,0,0.016175166,inner_val
ISIC_8066110,1,0.012384245,inner_val
ISIC_8066994,0,0.0011659558,inner_val
ISIC_8070074,0,0.024413474,inner_val
ISIC_8070555,0,0.05664724,inner_val
ISIC_8073036,0,0.0069400445,inner_val
ISIC_8076451,0,0.0014517605,inner_val
ISIC_8078525,0,0.00161161,inner_val
ISIC_8078589,0,0.015612575,inner_val
ISIC_8079008,0,0.16360511,inner_val
ISIC_8081676,0,0.0003622259,inner_val
ISIC_8083174,0,0.00024515833,inner_val
ISIC_8086919,0,0.005837398,inner_val
ISIC_8092018,0,0.0005649442,inner_val
ISIC_8095877,0,0.06861801,inner_val
ISIC_8096541,0,0.153039,inner_val
ISIC_8097610,0,0.010011647,inner_val
ISIC_8100185,0,0.0069197384,inner_val
ISIC_8102676,0,0.00074395485,inner_val
ISIC_8106591,0,0.006241788,inner_val
ISIC_8108046,0,0.008714831,inner_val
ISIC_8108720,0,0.0017816876,inner_val
ISIC_8116421,0,0.0013433907,inner_val
ISIC_8117468,0,0.0033717584,inner_val
ISIC_8124436,0,0.10791313,inner_val
ISIC_8124482,0,0.011312127,inner_val
ISIC_8125684,0,0.0008183761,inner_val
ISIC_8126172,0,0.0059626284,inner_val
ISIC_8128927,0,0.0011634429,inner_val
ISIC_8129362,0,0.045525268,inner_val
ISIC_8130596,0,0.03238575,inner_val
ISIC_8132196,0,0.012486419,inner_val
ISIC_8133350,1,0.29039896,inner_val
ISIC_8141348,0,0.00055450236,inner_val
ISIC_8145195,0,0.0014862424,inner_val
ISIC_8146629,0,0.007978972,inner_val
ISIC_8148759,0,0.029540049,inner_val
ISIC_8153123,0,0.008452674,inner_val
ISIC_8158285,0,0.06504426,inner_val
ISIC_8160576,0,0.031929255,inner_val
ISIC_8161933,0,0.0063332533,inner_val
ISIC_8165293,0,0.28934717,inner_val
ISIC_8170665,0,0.0018139086,inner_val
ISIC_8172170,0,0.10062162,inner_val
ISIC_8174981,0,0.0005829548,inner_val
ISIC_8189028,0,0.0006639814,inner_val
ISIC_8190308,0,0.0010772403,inner_val
ISIC_8190603,0,0.009003863,inner_val
ISIC_8191639,0,0.021707226,inner_val
ISIC_8191696,0,0.00022992307,inner_val
ISIC_8191985,0,0.008279072,inner_val
ISIC_8194835,1,0.041142836,inner_val
ISIC_8195729,0,0.00057189073,inner_val
ISIC_8196660,0,0.09980681,inner_val
ISIC_8199947,0,0.0034166018,inner_val
ISIC_8202184,0,0.0031194836,inner_val
ISIC_8202586,0,0.012312464,inner_val
ISIC_8206400,0,0.00096342433,inner_val
ISIC_8214071,0,0.00061873434,inner_val
ISIC_8217328,0,0.000774134,inner_val
ISIC_8219342,0,0.024287084,inner_val
ISIC_8222181,0,0.01140409,inner_val
ISIC_8228433,0,0.0018318229,inner_val
ISIC_8231704,0,0.08869011,inner_val
ISIC_8233211,0,0.03811971,inner_val
ISIC_8235663,0,0.007408093,inner_val
ISIC_8239309,0,0.02459249,inner_val
ISIC_8241422,0,0.0005462684,inner_val
ISIC_8247499,0,0.040733952,inner_val
ISIC_8247802,0,0.009099546,inner_val
ISIC_8248109,0,0.0005519413,inner_val
ISIC_8248707,0,0.0042575533,inner_val
ISIC_8249834,0,0.06086122,inner_val
ISIC_8249854,1,0.03914136,inner_val
ISIC_8252406,1,0.097336866,inner_val
ISIC_8252558,0,0.0053140623,inner_val
ISIC_8252886,0,0.0008011655,inner_val
ISIC_8253317,0,0.015771063,inner_val
ISIC_8255176,0,0.03150443,inner_val
ISIC_8258907,0,0.00035306058,inner_val
ISIC_8269660,0,0.0004995367,inner_val
ISIC_8270254,0,0.00033772158,inner_val
ISIC_8270405,0,0.20880356,inner_val
ISIC_8276053,0,0.013554815,inner_val
ISIC_8277845,0,0.006965411,inner_val
ISIC_8278308,0,0.042421095,inner_val
ISIC_8282954,0,0.00041317428,inner_val
ISIC_8286826,0,0.00075019134,inner_val
ISIC_8288656,0,0.10244569,inner_val
ISIC_8289518,0,0.00043087057,inner_val
ISIC_8293834,0,0.0028786517,inner_val
ISIC_8295152,0,0.0075113033,inner_val
ISIC_8296246,0,0.0026616098,inner_val
ISIC_8296881,0,0.0012352249,inner_val
ISIC_8299820,0,0.00076744636,inner_val
ISIC_8305581,0,0.00079133885,inner_val
ISIC_8311165,0,0.0063884086,inner_val
ISIC_8311363,0,0.007224927,inner_val
ISIC_8322005,0,0.005983747,inner_val
ISIC_8324787,0,0.017256794,inner_val
ISIC_8325569,0,0.16966212,inner_val
ISIC_8329292,0,0.03403591,inner_val
ISIC_8329709,0,0.0065041776,inner_val
ISIC_8331313,0,0.08699211,inner_val
ISIC_8332339,0,0.00023824397,inner_val
ISIC_8332695,0,0.008911951,inner_val
ISIC_8333592,0,0.0018395975,inner_val
ISIC_8337820,0,0.0007447288,inner_val
ISIC_8338141,0,0.0003036307,inner_val
ISIC_8338775,0,0.011433323,inner_val
ISIC_8342541,0,0.0074361684,inner_val
ISIC_8344196,0,0.00024953522,inner_val
ISIC_8344948,0,0.00059971417,inner_val
ISIC_8347739,0,0.000594299,inner_val
ISIC_8356904,0,0.004183229,inner_val
ISIC_8357133,0,0.1520595,inner_val
ISIC_8357415,0,0.0060862447,inner_val
ISIC_8359258,0,0.014676317,inner_val
ISIC_8366327,0,0.013527916,inner_val
ISIC_8366553,0,0.0011825525,inner_val
ISIC_8370239,0,0.00064154173,inner_val
ISIC_8372381,0,0.0007043942,inner_val
ISIC_8375021,0,0.0004116877,inner_val
ISIC_8375123,0,0.0004914829,inner_val
ISIC_8375699,0,0.042901922,inner_val
ISIC_8375982,0,0.03623509,inner_val
ISIC_8378029,0,0.0007962199,inner_val
ISIC_8378376,0,0.0039991043,inner_val
ISIC_8380039,0,0.0111838775,inner_val
ISIC_8380676,0,0.00053955603,inner_val
ISIC_8380874,0,0.0077634,inner_val
ISIC_8391394,0,0.015277613,inner_val
ISIC_8392065,0,0.024464404,inner_val
ISIC_8394030,0,0.0014034798,inner_val
ISIC_8395701,0,0.001098986,inner_val
ISIC_8403824,0,0.0003563445,inner_val
ISIC_8404470,0,0.012008798,inner_val
ISIC_8404950,0,0.0005458065,inner_val
ISIC_8405555,0,0.008258391,inner_val
ISIC_8407218,0,0.0039709173,inner_val
ISIC_8409421,0,0.030819383,inner_val
ISIC_8409850,0,0.015422576,inner_val
ISIC_8409977,0,0.042859297,inner_val
ISIC_8412401,0,0.00038581635,inner_val
ISIC_8413593,0,0.00043539994,inner_val
ISIC_8413760,0,0.10375246,inner_val
ISIC_8414421,0,0.00094079145,inner_val
ISIC_8420927,0,0.025092045,inner_val
ISIC_8421033,0,0.00293551,inner_val
ISIC_8431681,0,0.002048515,inner_val
ISIC_8433108,0,0.00073375675,inner_val
ISIC_8435125,0,0.00014062741,inner_val
ISIC_8435736,0,0.0013558548,inner_val
ISIC_8437480,0,0.0006543526,inner_val
ISIC_8437493,1,0.5473604,inner_val
ISIC_8438802,0,0.06489467,inner_val
ISIC_8439307,0,0.13250849,inner_val
ISIC_8441293,0,0.0067105056,inner_val
ISIC_8441905,0,0.0042589465,inner_val
ISIC_8443984,0,0.0012838452,inner_val
ISIC_8444919,0,0.015942475,inner_val
ISIC_8447315,0,0.0076694083,inner_val
ISIC_8447658,0,0.00054357795,inner_val
ISIC_8448473,0,0.008727232,inner_val
ISIC_8449660,0,0.0003333474,inner_val
ISIC_8452718,0,0.044473935,inner_val
ISIC_8455853,0,0.0056027845,inner_val
ISIC_8455866,0,0.0012616491,inner_val
ISIC_8458440,0,0.0015850285,inner_val
ISIC_8458843,0,0.1267775,inner_val
ISIC_8460093,0,0.001319009,inner_val
ISIC_8465152,0,0.015595591,inner_val
ISIC_8466745,0,0.002650401,inner_val
ISIC_8466805,0,0.0003460396,inner_val
ISIC_8467834,0,0.06822887,inner_val
ISIC_8468512,0,0.02410862,inner_val
ISIC_8475324,0,0.010219395,inner_val
ISIC_8483799,0,0.05556092,inner_val
ISIC_8484867,0,0.005526384,inner_val
ISIC_8487959,0,0.007101904,inner_val
ISIC_8488204,0,0.00052799884,inner_val
ISIC_8492731,0,0.00064408785,inner_val
ISIC_8493108,1,0.020192917,inner_val
ISIC_8493313,0,0.0008275971,inner_val
ISIC_8493401,0,0.001885061,inner_val
ISIC_8496245,0,0.0011550209,inner_val
ISIC_8498454,0,0.01428746,inner_val
ISIC_8498777,0,0.000638644,inner_val
ISIC_8500876,0,0.016447706,inner_val
ISIC_8501248,0,0.027975228,inner_val
ISIC_8503192,0,0.12114927,inner_val
ISIC_8503961,0,0.0010932346,inner_val
ISIC_8505098,0,0.0013050237,inner_val
ISIC_8507809,0,0.00042211835,inner_val
ISIC_8510644,0,0.00081335497,inner_val
ISIC_8512716,0,0.0015051701,inner_val
ISIC_8513112,0,0.0009654473,inner_val
ISIC_8513649,0,0.014882715,inner_val
ISIC_8515281,0,0.0005785887,inner_val
ISIC_8516631,0,0.002795436,inner_val
ISIC_8521162,0,0.012748111,inner_val
ISIC_8523143,0,0.00040023186,inner_val
ISIC_8523423,0,0.003816504,inner_val
ISIC_8524137,0,0.0008682465,inner_val
ISIC_8524457,0,0.0008149985,inner_val
ISIC_8526513,0,0.003686033,inner_val
ISIC_8527092,1,0.3156921,inner_val
ISIC_8531541,0,0.0003820669,inner_val
ISIC_8536913,0,0.00044307992,inner_val
ISIC_8540111,0,0.0017666582,inner_val
ISIC_8545949,1,0.15075028,inner_val
ISIC_8547536,0,0.00080057664,inner_val
ISIC_8554535,0,0.0025438499,inner_val
ISIC_8555379,0,0.23559469,inner_val
ISIC_8555610,0,0.0012958298,inner_val
ISIC_8556629,0,0.017793128,inner_val
ISIC_8557006,0,0.0006053769,inner_val
ISIC_8557624,0,0.003914859,inner_val
ISIC_8559778,0,0.010424677,inner_val
ISIC_8561864,0,0.0010438329,inner_val
ISIC_8566006,1,0.21310031,inner_val
ISIC_8568520,0,0.032824907,inner_val
ISIC_8570402,0,0.005173259,inner_val
ISIC_8570917,0,0.00041159822,inner_val
ISIC_8571168,0,0.0010821915,inner_val
ISIC_8574363,0,0.0008438954,inner_val
ISIC_8574407,0,0.015598402,inner_val
ISIC_8577523,0,0.0003268166,inner_val
ISIC_8577970,0,0.0021746547,inner_val
ISIC_8580692,0,0.0007231088,inner_val
ISIC_8582918,0,0.10760748,inner_val
ISIC_8583462,0,0.00038279843,inner_val
ISIC_8587556,0,0.01297565,inner_val
ISIC_8587822,0,0.011221157,inner_val
ISIC_8592827,0,0.0829732,inner_val
ISIC_8595133,0,0.00086862844,inner_val
ISIC_8597158,0,0.0005075998,inner_val
ISIC_8603493,0,0.0009657453,inner_val
ISIC_8609756,1,0.084170714,inner_val
ISIC_8612113,0,0.00033122618,inner_val
ISIC_8612828,0,0.00043007938,inner_val
ISIC_8617145,0,0.0021933664,inner_val
ISIC_8620064,0,0.00035155856,inner_val
ISIC_8621723,0,0.000558245,inner_val
ISIC_8622941,0,0.0033663355,inner_val
ISIC_8623291,0,0.11495449,inner_val
ISIC_8623743,0,0.0007320024,inner_val
ISIC_8624230,0,0.0070695737,inner_val
ISIC_8628723,0,0.031272475,inner_val
ISIC_8629084,0,0.0022639688,inner_val
ISIC_8629308,0,0.009938942,inner_val
ISIC_8630963,0,0.00046319442,inner_val
ISIC_8631304,0,0.0059623034,inner_val
ISIC_8632929,0,0.00023458674,inner_val
ISIC_8633512,0,0.056662504,inner_val
ISIC_8634670,0,0.00044126742,inner_val
ISIC_8635849,0,0.0016733403,inner_val
ISIC_8639128,0,0.0006674245,inner_val
ISIC_8641048,0,0.002045394,inner_val
ISIC_8643675,0,0.00048837194,inner_val
ISIC_8644092,0,0.00017093096,inner_val
ISIC_8649251,0,0.00063979236,inner_val
ISIC_8651541,0,0.015098403,inner_val
ISIC_8651863,0,0.0008402053,inner_val
ISIC_8653009,0,0.00010266534,inner_val
ISIC_8655487,0,0.0009824577,inner_val
ISIC_8657381,0,0.015178602,inner_val
ISIC_8657895,0,0.0072343703,inner_val
ISIC_8658618,0,0.00077282754,inner_val
ISIC_8663291,0,0.05661048,inner_val
ISIC_8663353,0,0.006901151,inner_val
ISIC_8664196,0,0.014591125,inner_val
ISIC_8667319,0,0.0004821704,inner_val
ISIC_8675105,0,0.0008093795,inner_val
ISIC_8685259,0,0.003600514,inner_val
ISIC_8689284,0,0.024300516,inner_val
ISIC_8692006,0,0.0003063599,inner_val
ISIC_8693823,0,0.0321349,inner_val
ISIC_8698452,0,0.10248435,inner_val
ISIC_8698578,0,0.00038096326,inner_val
ISIC_8699796,0,0.0004786051,inner_val
ISIC_8700156,0,0.0005656743,inner_val
ISIC_8700706,0,0.00061866594,inner_val
ISIC_8700740,0,0.009326586,inner_val
ISIC_8703375,0,0.0040888074,inner_val
ISIC_8706667,0,0.0049496484,inner_val
ISIC_8711983,0,0.00020524238,inner_val
ISIC_8712028,0,0.00059815124,inner_val
ISIC_8715507,0,0.01090779,inner_val
ISIC_8716533,0,0.00027549992,inner_val
ISIC_8719134,0,0.0004015882,inner_val
ISIC_8723397,0,0.013291667,inner_val
ISIC_8724944,1,0.053642143,inner_val
ISIC_8725334,0,0.012282435,inner_val
ISIC_8726948,0,0.0009245674,inner_val
ISIC_8731219,0,0.0005478311,inner_val
ISIC_8738797,0,0.0009846091,inner_val
ISIC_8742034,0,0.0115078725,inner_val
ISIC_8742277,0,0.00092287845,inner_val
ISIC_8742972,0,0.004471461,inner_val
ISIC_8745884,0,0.00062362844,inner_val
ISIC_8748253,0,0.008418688,inner_val
ISIC_8751106,0,0.00267745,inner_val
ISIC_8755239,0,0.0012614202,inner_val
ISIC_8756011,0,0.0002993982,inner_val
ISIC_8760731,0,0.0007191004,inner_val
ISIC_8761972,0,0.008871015,inner_val
ISIC_8769391,0,0.0005039625,inner_val
ISIC_8772241,0,0.0018024807,inner_val
ISIC_8773568,0,0.0011437241,inner_val
ISIC_8779013,0,0.0017241505,inner_val
ISIC_8779202,0,0.00045762857,inner_val
ISIC_8783000,0,0.0071471557,inner_val
ISIC_8783066,0,0.0041785454,inner_val
ISIC_8790885,0,0.013185835,inner_val
ISIC_8795968,0,0.31568438,inner_val
ISIC_8803537,0,0.0049744444,inner_val
ISIC_8806180,0,0.0005184848,inner_val
ISIC_8806647,0,0.078168295,inner_val
ISIC_8806941,0,0.0002959746,inner_val
ISIC_8808909,0,0.0008241062,inner_val
ISIC_8809821,0,0.005725828,inner_val
ISIC_8813078,0,0.0057892967,inner_val
ISIC_8818102,0,0.016600065,inner_val
ISIC_8819163,0,0.0711001,inner_val
ISIC_8819519,0,0.00071474083,inner_val
ISIC_8820527,0,0.003379796,inner_val
ISIC_8820668,0,0.0028192338,inner_val
ISIC_8821017,0,0.027434247,inner_val
ISIC_8821259,0,0.004703432,inner_val
ISIC_8822331,0,0.003554049,inner_val
ISIC_8822738,0,0.0003525236,inner_val
ISIC_8823875,0,0.008111688,inner_val
ISIC_8825731,0,0.00938326,inner_val
ISIC_8827745,0,0.00035101906,inner_val
ISIC_8828327,0,0.008152581,inner_val
ISIC_8828770,0,0.0014303364,inner_val
ISIC_8829480,0,0.014800849,inner_val
ISIC_8832449,0,0.00031050423,inner_val
ISIC_8834282,0,0.024638722,inner_val
ISIC_8838213,0,0.0003345285,inner_val
ISIC_8841384,0,0.00051954726,inner_val
ISIC_8845339,0,0.0016845808,inner_val
ISIC_8847638,0,0.00033839064,inner_val
ISIC_8849458,0,0.000515834,inner_val
ISIC_8851036,0,0.000879062,inner_val
ISIC_8853249,0,0.015574478,inner_val
ISIC_8855790,0,0.040413193,inner_val
ISIC_8862118,0,0.012074824,inner_val
ISIC_8862858,0,0.0047733327,inner_val
ISIC_8862911,0,0.00028201658,inner_val
ISIC_8862967,0,0.015722213,inner_val
ISIC_8864811,0,0.00037872183,inner_val
ISIC_8867127,0,0.0010273649,inner_val
ISIC_8868978,0,0.004944876,inner_val
ISIC_8871092,0,0.010433751,inner_val
ISIC_8872422,0,0.007353682,inner_val
ISIC_8873823,0,0.008142538,inner_val
ISIC_8873943,0,0.02825049,inner_val
ISIC_8875702,0,0.0077074356,inner_val
ISIC_8875762,0,0.0017240915,inner_val
ISIC_8876880,0,0.0073451484,inner_val
ISIC_8883577,0,0.018189637,inner_val
ISIC_8887142,0,0.007638352,inner_val
ISIC_8888087,0,0.001557339,inner_val
ISIC_8889199,0,0.027392447,inner_val
ISIC_8889425,0,0.015539841,inner_val
ISIC_8889856,0,0.000255711,inner_val
ISIC_8892663,0,0.0033220472,inner_val
ISIC_8892766,0,0.0112398695,inner_val
ISIC_8893030,0,0.001064811,inner_val
ISIC_8893501,0,0.013034094,inner_val
ISIC_8894305,0,0.0003995152,inner_val
ISIC_8898552,0,0.010186784,inner_val
ISIC_8901371,0,0.015981678,inner_val
ISIC_8903932,0,0.002778243,inner_val
ISIC_8904326,0,0.016229207,inner_val
ISIC_8905157,0,0.04668288,inner_val
ISIC_8906583,0,0.00038602622,inner_val
ISIC_8908280,0,0.038721897,inner_val
ISIC_8909618,0,0.004994487,inner_val
ISIC_8909957,0,0.0009500975,inner_val
ISIC_8913074,0,0.007775016,inner_val
ISIC_8913166,0,0.00028145625,inner_val
ISIC_8914978,0,0.009937555,inner_val
ISIC_8922111,0,0.0018028127,inner_val
ISIC_8923393,0,0.0026174234,inner_val
ISIC_8925378,0,0.07313334,inner_val
ISIC_8928166,0,0.0026601027,inner_val
ISIC_8931012,0,0.0013984172,inner_val
ISIC_8940715,0,0.006307753,inner_val
ISIC_8942401,0,0.0012999201,inner_val
ISIC_8943344,0,0.00263877,inner_val
ISIC_8943855,0,0.0010455094,inner_val
ISIC_8943906,0,0.0016245942,inner_val
ISIC_8944716,0,0.04493977,inner_val
ISIC_8956614,0,0.05121754,inner_val
ISIC_8957490,0,0.0014427189,inner_val
ISIC_8957886,0,0.01867191,inner_val
ISIC_8958656,0,0.029032234,inner_val
ISIC_8959928,0,0.00032790893,inner_val
ISIC_8961663,0,0.03640521,inner_val
ISIC_8962375,0,0.0007674149,inner_val
ISIC_8963614,0,0.0013120058,inner_val
ISIC_8965320,0,0.020547342,inner_val
ISIC_8966567,0,0.0026312724,inner_val
ISIC_8966915,0,0.003005093,inner_val
ISIC_8977878,0,0.0018504143,inner_val
ISIC_8981166,0,0.0005508765,inner_val
ISIC_8981301,0,0.00087554444,inner_val
ISIC_8986785,0,0.0006760081,inner_val
ISIC_8993666,0,0.00033362306,inner_val
ISIC_8994153,0,0.003224928,inner_val
ISIC_8996654,0,0.00060683925,inner_val
ISIC_8998017,0,0.0009959742,inner_val
ISIC_8998190,0,0.0070333714,inner_val
ISIC_9000901,0,0.002878039,inner_val
ISIC_9003062,0,0.0037968738,inner_val
ISIC_9004374,0,0.01655896,inner_val
ISIC_9008095,0,0.00077321916,inner_val
ISIC_9009242,0,0.00037148705,inner_val
ISIC_9010907,0,0.0013336856,inner_val
ISIC_9012536,0,0.0003187216,inner_val
ISIC_9012868,0,0.00030183603,inner_val
ISIC_9013023,0,0.000295388,inner_val
ISIC_9013554,0,0.0005682698,inner_val
ISIC_9014098,0,0.0020505202,inner_val
ISIC_9016601,0,0.0004070191,inner_val
ISIC_9018338,0,0.0031719606,inner_val
ISIC_9025263,0,0.2677294,inner_val
ISIC_9030482,0,0.007984787,inner_val
ISIC_9031637,0,0.012682437,inner_val
ISIC_9032302,0,0.0006612719,inner_val
ISIC_9034411,0,0.050398767,inner_val
ISIC_9035181,0,0.0005506985,inner_val
ISIC_9037499,0,0.0013746232,inner_val
ISIC_9046478,0,0.00061576936,inner_val
ISIC_9047184,0,0.0016554829,inner_val
ISIC_9051856,0,0.0018772109,inner_val
ISIC_9054603,0,0.0014285783,inner_val
ISIC_9056246,0,0.00031810356,inner_val
ISIC_9056422,0,0.16414525,inner_val
ISIC_9056577,0,0.0014160586,inner_val
ISIC_9056935,0,0.0419141,inner_val
ISIC_9057417,0,0.013500213,inner_val
ISIC_9059632,0,0.0013651579,inner_val
ISIC_9062530,0,0.0008780378,inner_val
ISIC_9063429,0,0.00093150587,inner_val
ISIC_9064668,0,0.0057711666,inner_val
ISIC_9066066,0,0.0004398339,inner_val
ISIC_9069537,0,0.0002981426,inner_val
ISIC_9081595,0,0.00030226453,inner_val
ISIC_9081663,0,0.0018997237,inner_val
ISIC_9081853,0,0.06304193,inner_val
ISIC_9085719,0,0.0006208085,inner_val
ISIC_9086288,0,0.0023797115,inner_val
ISIC_9088656,0,0.00090602814,inner_val
ISIC_9093183,0,7.646182e-05,inner_val
ISIC_9096001,0,0.0004667907,inner_val
ISIC_9099430,0,0.15159844,inner_val
ISIC_9100353,0,0.0026092674,inner_val
ISIC_9101055,0,0.0015576942,inner_val
ISIC_9101441,0,0.16555235,inner_val
ISIC_9102352,0,0.00028537915,inner_val
ISIC_9105258,0,0.024330955,inner_val
ISIC_9105994,0,0.015250698,inner_val
ISIC_9111229,0,0.0012824765,inner_val
ISIC_9111388,0,0.02590035,inner_val
ISIC_9115855,0,0.0004129933,inner_val
ISIC_9116179,0,0.0067230654,inner_val
ISIC_9119549,0,0.00031233073,inner_val
ISIC_9122215,0,0.0050788512,inner_val
ISIC_9125216,0,0.009764875,inner_val
ISIC_9126992,0,0.0013419904,inner_val
ISIC_9130157,1,0.01317611,inner_val
ISIC_9130704,0,0.0015322975,inner_val
ISIC_9133087,0,0.0002763465,inner_val
ISIC_9134566,0,0.019114597,inner_val
ISIC_9140119,0,0.07810791,inner_val
ISIC_9140498,0,0.000790549,inner_val
ISIC_9141282,0,0.019134568,inner_val
ISIC_9141379,0,0.001317459,inner_val
ISIC_9141416,0,0.032906286,inner_val
ISIC_9141613,0,0.0021516555,inner_val
ISIC_9143077,0,0.0027407932,inner_val
ISIC_9143744,0,0.00044175307,inner_val
ISIC_9144961,0,0.018170232,inner_val
ISIC_9147785,0,0.0049140556,inner_val
ISIC_9157619,0,0.0015414996,inner_val
ISIC_9157809,0,0.02688287,inner_val
ISIC_9163684,0,0.0004729164,inner_val
ISIC_9165815,0,0.0033399388,inner_val
ISIC_9174092,0,0.00049104623,inner_val
ISIC_9176138,0,0.0013993431,inner_val
ISIC_9176281,0,0.0061660223,inner_val
ISIC_9176472,0,0.00093164877,inner_val
ISIC_9181399,0,0.00072076626,inner_val
ISIC_9189319,0,0.00062266213,inner_val
ISIC_9191270,0,0.02538366,inner_val
ISIC_9192632,0,0.004854742,inner_val
ISIC_9194082,0,0.0003765824,inner_val
ISIC_9196424,0,0.005652788,inner_val
ISIC_9198021,0,0.000538741,inner_val
ISIC_9199429,1,0.28190118,inner_val
ISIC_9203914,0,0.033846304,inner_val
ISIC_9204678,0,0.00033707375,inner_val
ISIC_9204688,0,0.009759768,inner_val
ISIC_9205063,0,0.0037689018,inner_val
ISIC_9211175,0,0.0051046326,inner_val
ISIC_9212054,0,0.08011088,inner_val
ISIC_9214172,0,0.0025420901,inner_val
ISIC_9214601,0,0.0022211825,inner_val
ISIC_9217405,0,0.00082902453,inner_val
ISIC_9219421,0,0.01649837,inner_val
ISIC_9221004,0,0.12663825,inner_val
ISIC_9221435,0,0.034209114,inner_val
ISIC_9223108,0,0.0016626115,inner_val
ISIC_9227253,0,0.00038637305,inner_val
ISIC_9229373,0,0.05852319,inner_val
ISIC_9230976,0,0.08821403,inner_val
ISIC_9231079,0,0.0054714927,inner_val
ISIC_9232587,0,0.0011149335,inner_val
ISIC_9232615,0,0.0015936474,inner_val
ISIC_9236241,0,0.0005923068,inner_val
ISIC_9236253,0,0.0023036068,inner_val
ISIC_9239632,0,0.02414289,inner_val
ISIC_9241732,0,0.004135578,inner_val
ISIC_9242891,0,0.028701207,inner_val
ISIC_9245101,0,0.003760355,inner_val
ISIC_9245680,0,0.00093861006,inner_val
ISIC_9246565,0,0.010939588,inner_val
ISIC_9246908,0,0.00050276355,inner_val
ISIC_9252956,0,0.0006981994,inner_val
ISIC_9257356,0,0.00020028619,inner_val
ISIC_9259384,0,0.0070224144,inner_val
ISIC_9260499,0,0.0003413456,inner_val
ISIC_9263896,0,0.006863726,inner_val
ISIC_9263990,0,0.07063902,inner_val
ISIC_9264072,0,0.025248105,inner_val
ISIC_9266841,0,0.004176594,inner_val
ISIC_9272859,0,0.0003939515,inner_val
ISIC_9273568,0,0.0023114977,inner_val
ISIC_9276066,0,0.0050533386,inner_val
ISIC_9276479,0,0.03214588,inner_val
ISIC_9277695,0,0.015645236,inner_val
ISIC_9277774,0,0.004493469,inner_val
ISIC_9280358,0,0.0032207526,inner_val
ISIC_9281339,0,0.096811734,inner_val
ISIC_9285033,0,0.0004059368,inner_val
ISIC_9286929,0,0.028705088,inner_val
ISIC_9288490,0,0.059660174,inner_val
ISIC_9288923,0,0.00032178333,inner_val
ISIC_9293571,0,0.0024651156,inner_val
ISIC_9293624,0,0.0011471983,inner_val
ISIC_9297537,0,0.00527781,inner_val
ISIC_9298545,0,0.019404799,inner_val
ISIC_9302653,0,0.0010390343,inner_val
ISIC_9304022,0,0.00039268084,inner_val
ISIC_9305113,0,0.007881168,inner_val
ISIC_9305323,0,0.0007675443,inner_val
ISIC_9308275,0,0.0002654271,inner_val
ISIC_9310210,0,0.0010321479,inner_val
ISIC_9311196,0,0.0003785547,inner_val
ISIC_9313377,0,0.014630766,inner_val
ISIC_9314646,0,0.006452109,inner_val
ISIC_9317483,1,0.023599865,inner_val
ISIC_9318528,0,0.00031279263,inner_val
ISIC_9320258,0,0.00047780375,inner_val
ISIC_9321537,0,0.00060172146,inner_val
ISIC_9321837,0,0.0016078271,inner_val
ISIC_9328242,0,0.11811824,inner_val
ISIC_9330103,0,0.030693913,inner_val
ISIC_9333546,0,0.0267491,inner_val
ISIC_9333906,0,0.3451993,inner_val
ISIC_9334145,0,0.0004433294,inner_val
ISIC_9339525,0,0.0024385587,inner_val
ISIC_9345294,0,0.00042620642,inner_val
ISIC_9349930,0,0.000522666,inner_val
ISIC_9350507,0,0.00075292075,inner_val
ISIC_9353895,0,0.0014864809,inner_val
ISIC_9354604,0,0.028319493,inner_val
ISIC_9355671,0,0.00029100722,inner_val
ISIC_9356120,0,0.00040090486,inner_val
ISIC_9356222,0,0.00040356544,inner_val
ISIC_9358532,0,0.00030817144,inner_val
ISIC_9361217,0,0.0015767397,inner_val
ISIC_9367832,0,0.0004220787,inner_val
ISIC_9374187,0,0.0024470473,inner_val
ISIC_9374598,0,0.0031763872,inner_val
ISIC_9375426,0,0.0009861379,inner_val
ISIC_9375930,0,0.007381367,inner_val
ISIC_9379545,0,0.0053327694,inner_val
ISIC_9379816,0,0.00084707927,inner_val
ISIC_9380275,0,0.014637077,inner_val
ISIC_9383204,0,0.0041431086,inner_val
ISIC_9395707,0,0.0006799864,inner_val
ISIC_9399475,0,0.0029443058,inner_val
ISIC_9401543,0,0.0014695164,inner_val
ISIC_9407448,0,0.024619533,inner_val
ISIC_9410044,0,0.00033588492,inner_val
ISIC_9411337,0,0.0001785605,inner_val
ISIC_9416538,0,0.0047992603,inner_val
ISIC_9418224,0,0.008444943,inner_val
ISIC_9424172,0,0.022902349,inner_val
ISIC_9426618,0,0.33481267,inner_val
ISIC_9433523,0,0.00035170873,inner_val
ISIC_9437380,0,0.0006480687,inner_val
ISIC_9437417,0,0.0019708166,inner_val
ISIC_9438607,0,0.012881168,inner_val
ISIC_9440565,0,0.1472891,inner_val
ISIC_9443820,0,0.00069258985,inner_val
ISIC_9448629,0,0.084764235,inner_val
ISIC_9451910,0,0.008828463,inner_val
ISIC_9453392,0,0.01088145,inner_val
ISIC_9453737,0,0.004401997,inner_val
ISIC_9454024,0,0.0003179574,inner_val
ISIC_9456752,0,0.13083807,inner_val
ISIC_9461940,0,0.00855808,inner_val
ISIC_9461953,0,0.00042743664,inner_val
ISIC_9462738,0,0.003187037,inner_val
ISIC_9463691,0,0.0011273571,inner_val
ISIC_9463865,0,0.0026917334,inner_val
ISIC_9464203,0,0.21167493,inner_val
ISIC_9466320,0,0.0012424754,inner_val
ISIC_9467125,0,0.057545144,inner_val
ISIC_9469079,0,0.018649023,inner_val
ISIC_9470922,0,0.019104498,inner_val
ISIC_9472193,0,0.0092167435,inner_val
ISIC_9472725,0,0.012522081,inner_val
ISIC_9475217,0,0.00065795955,inner_val
ISIC_9476273,0,0.0051135034,inner_val
ISIC_9477362,0,0.0042011426,inner_val
ISIC_9477825,0,0.0048233476,inner_val
ISIC_9478317,0,0.0027801807,inner_val
ISIC_9480417,0,0.008736683,inner_val
ISIC_9482165,0,0.0054347524,inner_val
ISIC_9483306,0,0.00043442607,inner_val
ISIC_9485883,0,0.010498028,inner_val
ISIC_9486917,0,0.00067241373,inner_val
ISIC_9487585,0,0.009832307,inner_val
ISIC_9489128,0,0.019011015,inner_val
ISIC_9489813,0,0.011504504,inner_val
ISIC_9492000,0,0.041772746,inner_val
ISIC_9492750,0,0.0008819002,inner_val
ISIC_9492873,0,0.00074776285,inner_val
ISIC_9496098,0,0.0004720211,inner_val
ISIC_9496738,0,0.0097440425,inner_val
ISIC_9497587,0,0.0010484868,inner_val
ISIC_9498714,0,0.28592098,inner_val
ISIC_9502555,0,0.013906355,inner_val
ISIC_9505910,0,0.0007596974,inner_val
ISIC_9508560,0,0.010247296,inner_val
ISIC_9509345,0,0.0059964694,inner_val
ISIC_9511832,0,0.0002623671,inner_val
ISIC_9513953,0,0.00026891477,inner_val
ISIC_9516140,0,0.0006644615,inner_val
ISIC_9516457,0,0.00076640747,inner_val
ISIC_9528709,0,0.06690144,inner_val
ISIC_9531403,0,0.0005288934,inner_val
ISIC_9533977,0,0.0017809015,inner_val
ISIC_9537698,0,0.00058731536,inner_val
ISIC_9538004,0,0.0028154082,inner_val
ISIC_9538621,0,0.00164251,inner_val
ISIC_9542764,0,0.099297084,inner_val
ISIC_9542960,0,0.00048080066,inner_val
ISIC_9543982,0,0.0063151517,inner_val
ISIC_9547089,0,0.0012997102,inner_val
ISIC_9547725,1,0.10904976,inner_val
ISIC_9551134,0,0.00049427897,inner_val
ISIC_9552235,0,0.01805206,inner_val
ISIC_9553830,0,0.12342697,inner_val
ISIC_9555044,0,0.0005331793,inner_val
ISIC_9560298,0,0.00847314,inner_val
ISIC_9560639,0,0.0008907176,inner_val
ISIC_9560804,0,0.088449456,inner_val
ISIC_9565194,0,0.009213731,inner_val
ISIC_9574051,0,0.0012973493,inner_val
ISIC_9574591,0,0.26658338,inner_val
ISIC_9585329,1,0.047344714,inner_val
ISIC_9585534,0,0.0006653373,inner_val
ISIC_9590673,0,0.00060371344,inner_val
ISIC_9593796,0,0.0028737616,inner_val
ISIC_9593940,1,0.10648882,inner_val
ISIC_9595201,0,0.00043324448,inner_val
ISIC_9595988,0,0.0005982749,inner_val
ISIC_9596837,0,0.016149744,inner_val
ISIC_9597728,0,0.00041771398,inner_val
ISIC_9598453,0,0.015586611,inner_val
ISIC_9603637,0,0.0036540418,inner_val
ISIC_9608861,0,0.0030031407,inner_val
ISIC_9610311,0,0.005546615,inner_val
ISIC_9611250,0,0.024244566,inner_val
ISIC_9615579,0,0.0013333999,inner_val
ISIC_9621586,0,0.00046843608,inner_val
ISIC_9625160,0,0.0031734023,inner_val
ISIC_9625269,0,0.0052090613,inner_val
ISIC_9625875,0,0.0004518821,inner_val
ISIC_9626843,1,0.0044093095,inner_val
ISIC_9627139,0,0.06343774,inner_val
ISIC_9629024,0,0.012476168,inner_val
ISIC_9631792,0,0.00028327125,inner_val
ISIC_9632917,0,0.013974352,inner_val
ISIC_9633789,0,0.0003963677,inner_val
ISIC_9634018,0,0.00042611317,inner_val
ISIC_9636849,0,0.0023032452,inner_val
ISIC_9639931,0,0.00023724884,inner_val
ISIC_9641092,0,0.007588196,inner_val
ISIC_9648696,0,0.0009021956,inner_val
ISIC_9649028,0,0.04923386,inner_val
ISIC_9650774,0,0.019664317,inner_val
ISIC_9651698,0,0.00057369185,inner_val
ISIC_9654537,0,0.00053598004,inner_val
ISIC_9657153,0,0.0007166188,inner_val
ISIC_9659306,0,0.12659793,inner_val
ISIC_9660409,0,0.00062227296,inner_val
ISIC_9662367,0,0.0011402952,inner_val
ISIC_9668646,0,0.0010057474,inner_val
ISIC_9669830,0,0.01917714,inner_val
ISIC_9672482,0,0.0043791686,inner_val
ISIC_9672734,0,0.0011480084,inner_val
ISIC_9680071,0,0.0005374628,inner_val
ISIC_9680365,0,0.0156165855,inner_val
ISIC_9680911,0,0.030705547,inner_val
ISIC_9684010,0,0.001413624,inner_val
ISIC_9686296,0,0.008265525,inner_val
ISIC_9690239,0,0.0009135633,inner_val
ISIC_9690256,0,0.046605494,inner_val
ISIC_9690371,0,0.009410011,inner_val
ISIC_9691287,0,0.008028553,inner_val
ISIC_9691303,0,0.00088462443,inner_val
ISIC_9691372,0,0.0004001132,inner_val
ISIC_9694663,0,0.1480894,inner_val
ISIC_9696502,0,0.04744758,inner_val
ISIC_9698498,0,0.015528945,inner_val
ISIC_9712479,0,0.0015253194,inner_val
ISIC_9712963,0,0.04266834,inner_val
ISIC_9713959,0,0.0015453958,inner_val
ISIC_9714746,0,0.00057628076,inner_val
ISIC_9716031,0,0.0063586845,inner_val
ISIC_9716059,0,0.017937317,inner_val
ISIC_9719576,0,0.15305571,inner_val
ISIC_9719922,0,0.0008009761,inner_val
ISIC_9721056,0,0.03379743,inner_val
ISIC_9721312,0,0.00045164893,inner_val
ISIC_9722385,0,0.0011495722,inner_val
ISIC_9724550,0,0.0007177824,inner_val
ISIC_9724720,0,0.08694001,inner_val
ISIC_9725585,0,0.0005253865,inner_val
ISIC_9731969,0,0.0003106869,inner_val
ISIC_9733592,0,0.0028348968,inner_val
ISIC_9739610,0,0.0048096157,inner_val
ISIC_9739881,0,0.010025443,inner_val
ISIC_9743002,0,0.012135486,inner_val
ISIC_9744755,0,0.0011288066,inner_val
ISIC_9748173,0,0.0038215872,inner_val
ISIC_9748543,0,0.0004992316,inner_val
ISIC_9748845,0,0.035759427,inner_val
ISIC_9752880,0,0.0027326334,inner_val
ISIC_9753415,0,0.0028582935,inner_val
ISIC_9755946,0,0.00088593364,inner_val
ISIC_9756791,0,0.07539541,inner_val
ISIC_9757654,0,0.00081088365,inner_val
ISIC_9762609,0,0.024660954,inner_val
ISIC_9764024,0,0.018398952,inner_val
ISIC_9769827,0,0.0007044778,inner_val
ISIC_9772383,0,0.00036120316,inner_val
ISIC_9772465,0,0.0743487,inner_val
ISIC_9773404,0,0.08868181,inner_val
ISIC_9776245,0,0.0016882198,inner_val
ISIC_9776851,0,0.00073987606,inner_val
ISIC_9777543,0,0.0006107518,inner_val
ISIC_9778786,0,0.0013543867,inner_val
ISIC_9781112,0,0.010386683,inner_val
ISIC_9782539,0,0.0006753204,inner_val
ISIC_9786943,0,0.020597514,inner_val
ISIC_9787802,0,0.00058815477,inner_val
ISIC_9788174,0,0.026072478,inner_val
ISIC_9788341,0,0.0017241652,inner_val
ISIC_9788537,0,0.0049365372,inner_val
ISIC_9790808,0,0.005281013,inner_val
ISIC_9791133,0,0.00099782,inner_val
ISIC_9791811,0,0.005932902,inner_val
ISIC_9792253,0,0.0036420883,inner_val
ISIC_9794538,0,0.008088487,inner_val
ISIC_9794659,0,0.007977923,inner_val
ISIC_9797003,0,0.0005439646,inner_val
ISIC_9801917,0,0.006150736,inner_val
ISIC_9806131,0,0.00835291,inner_val
ISIC_9806768,0,0.015494095,inner_val
ISIC_9808161,0,0.0061508175,inner_val
ISIC_9810417,0,0.028975617,inner_val
ISIC_9810847,0,0.0022238216,inner_val
ISIC_9815806,0,0.0025213656,inner_val
ISIC_9816203,0,0.044132404,inner_val
ISIC_9821002,1,0.04028982,inner_val
ISIC_9821398,0,0.0010827066,inner_val
ISIC_9821756,0,0.00049589033,inner_val
ISIC_9823162,0,0.0016993006,inner_val
ISIC_9824967,0,0.003300111,inner_val
ISIC_9826482,0,0.024480548,inner_val
ISIC_9828060,0,0.10041265,inner_val
ISIC_9829605,0,0.00028485694,inner_val
ISIC_9830963,0,0.031378478,inner_val
ISIC_9831378,0,0.012075723,inner_val
ISIC_9832775,0,0.0055114245,inner_val
ISIC_9834369,0,0.008050787,inner_val
ISIC_9837063,0,0.00035616994,inner_val
ISIC_9837324,0,0.0004932078,inner_val
ISIC_9838270,0,0.0091263745,inner_val
ISIC_9839042,0,0.30481157,inner_val
ISIC_9839324,0,0.09460575,inner_val
ISIC_9839867,0,0.010589202,inner_val
ISIC_9841563,0,0.032076485,inner_val
ISIC_9846081,0,0.004397987,inner_val
ISIC_9848607,0,0.0009320919,inner_val
ISIC_9848675,0,0.01697419,inner_val
ISIC_9848953,0,0.0012920431,inner_val
ISIC_9853087,0,0.00046946472,inner_val
ISIC_9861225,0,0.0038049985,inner_val
ISIC_9865913,0,0.0037690517,inner_val
ISIC_9867539,0,0.00042257557,inner_val
ISIC_9868319,0,0.0004269593,inner_val
ISIC_9868388,0,0.004373028,inner_val
ISIC_9870313,0,0.013886817,inner_val
ISIC_9871124,0,0.0037171836,inner_val
ISIC_9872751,0,0.017848037,inner_val
ISIC_9878449,0,0.0006424387,inner_val
ISIC_9883879,0,0.006446291,inner_val
ISIC_9888203,0,0.0002739624,inner_val
ISIC_9889373,0,0.0035832515,inner_val
ISIC_9890873,0,0.010896437,inner_val
ISIC_9892318,0,0.001532768,inner_val
ISIC_9893641,0,0.0042457622,inner_val
ISIC_9893956,0,0.0007895913,inner_val
ISIC_9894782,0,0.00021424248,inner_val
ISIC_9895220,0,0.001022621,inner_val
ISIC_9895582,0,0.037339207,inner_val
ISIC_9896192,0,0.0006244346,inner_val
ISIC_9898107,0,0.003356647,inner_val
ISIC_9898447,0,0.01221755,inner_val
ISIC_9900262,0,0.009055046,inner_val
ISIC_9906799,0,0.0042663785,inner_val
ISIC_9907084,0,0.0045053423,inner_val
ISIC_9910791,1,0.016633945,inner_val
ISIC_9913573,0,0.005202616,inner_val
ISIC_9915649,0,0.0006944858,inner_val
ISIC_9916654,0,0.0005147937,inner_val
ISIC_9918598,0,0.0037869774,inner_val
ISIC_9918806,0,0.0691426,inner_val
ISIC_9924303,0,0.115386285,inner_val
ISIC_9927221,0,0.00033544205,inner_val
ISIC_9931733,0,0.018538604,inner_val
ISIC_9933406,0,0.063726276,inner_val
ISIC_9938316,0,0.00031553526,inner_val
ISIC_9939653,0,0.00023496864,inner_val
ISIC_9940802,0,0.0007176471,inner_val
ISIC_9945620,0,0.00075240433,inner_val
ISIC_9945993,0,0.0005845961,inner_val
ISIC_9951949,0,0.0076487833,inner_val
ISIC_9952872,0,0.019020038,inner_val
ISIC_9955255,0,0.00026252025,inner_val
ISIC_9956374,0,0.00038827685,inner_val
ISIC_9957107,0,0.014488476,inner_val
ISIC_9958346,0,0.10140665,inner_val
ISIC_9959011,0,0.002513788,inner_val
ISIC_9959813,0,0.24405584,inner_val
ISIC_9960578,0,0.007851686,inner_val
ISIC_9960584,0,0.012429913,inner_val
ISIC_9962329,0,0.0012264953,inner_val
ISIC_9964362,0,0.017291043,inner_val
ISIC_9969263,0,0.0007375899,inner_val
ISIC_9969907,0,0.0005068571,inner_val
ISIC_9970004,0,0.003109224,inner_val
ISIC_9972518,0,0.0028027028,inner_val
ISIC_9973322,0,0.016211068,inner_val
ISIC_9973894,0,0.0020983876,inner_val
ISIC_9974613,0,0.00056461524,inner_val
ISIC_9978107,1,0.029843222,inner_val
ISIC_9979765,0,0.0015633003,inner_val
ISIC_9980055,0,0.027512616,inner_val
ISIC_9982060,0,0.0014553644,inner_val
ISIC_9982091,0,0.00034527574,inner_val
ISIC_9986333,0,0.00078598753,inner_val
ISIC_9989082,0,0.008649594,inner_val
ISIC_9989680,0,0.00024812456,inner_val
ISIC_9991492,0,0.00049631734,inner_val
ISIC_9994390,0,0.0003729769,inner_val
ISIC_9996128,0,0.00046805496,inner_val
ISIC_9996662,0,0.00032055547,inner_val
ISIC_9998937,0,0.091239676,inner_val
ISIC_9999127,0,0.00030162948,inner_val
ISIC_9999666,0,0.06361559,inner_val
ISIC_0074268,0,0.00029760925,held_fold
ISIC_0074542,0,0.0012157856,held_fold
ISIC_0075914,0,0.0005201398,held_fold
ISIC_0083035,0,0.0012911378,held_fold
ISIC_0091559,0,0.0006941516,held_fold
ISIC_0095805,0,0.0005609794,held_fold
ISIC_0096328,0,0.0016532958,held_fold
ISIC_0109568,0,0.0037008668,held_fold
ISIC_0112097,0,0.0004041541,held_fold
ISIC_0114225,0,0.0059896205,held_fold
ISIC_0148751,0,0.0006504696,held_fold
ISIC_0148783,0,0.00043856536,held_fold
ISIC_0153265,0,0.013677399,held_fold
ISIC_0154338,0,0.007938801,held_fold
ISIC_0154872,0,0.0049160616,held_fold
ISIC_0155173,0,0.030651297,held_fold
ISIC_0155273,0,0.009244832,held_fold
ISIC_0155473,0,0.0005382834,held_fold
ISIC_0157530,0,0.0011824713,held_fold
ISIC_0159782,0,0.0101189,held_fold
ISIC_0166935,0,0.039438557,held_fold
ISIC_0170285,0,0.04982905,held_fold
ISIC_0174527,0,0.0026682497,held_fold
ISIC_0175837,0,0.010546348,held_fold
ISIC_0179104,0,0.0009539138,held_fold
ISIC_0180660,0,0.00064348965,held_fold
ISIC_0185135,0,0.0002808451,held_fold
ISIC_0185547,0,0.0010234831,held_fold
ISIC_0186501,0,0.0028864047,held_fold
ISIC_0189059,0,0.26373518,held_fold
ISIC_0189694,0,0.0055064424,held_fold
ISIC_0190725,0,0.0033542549,held_fold
ISIC_0191366,0,0.00027037863,held_fold
ISIC_0192490,0,0.0014333786,held_fold
ISIC_0194550,0,0.00062747323,held_fold
ISIC_0194914,0,0.0008051962,held_fold
ISIC_0196399,0,0.0065277293,held_fold
ISIC_0199116,0,0.005207767,held_fold
ISIC_0199494,0,0.009637024,held_fold
ISIC_0200153,0,0.0008521788,held_fold
ISIC_0202023,0,0.0012258552,held_fold
ISIC_0202576,0,0.0005529673,held_fold
ISIC_0202680,0,0.03721983,held_fold
ISIC_0203016,0,0.006395429,held_fold
ISIC_0203233,0,0.0063348175,held_fold
ISIC_0204275,0,0.00038809405,held_fold
ISIC_0206442,0,0.0028954311,held_fold
ISIC_0207209,0,0.00095167034,held_fold
ISIC_0209871,0,0.0021629876,held_fold
ISIC_0210308,0,0.0040895185,held_fold
ISIC_0210423,0,0.030668195,held_fold
ISIC_0210830,0,0.010512392,held_fold
ISIC_0213336,0,0.0004718551,held_fold
ISIC_0214335,0,0.012842723,held_fold
ISIC_0220649,0,0.020516714,held_fold
ISIC_0224678,0,0.0014830711,held_fold
ISIC_0224681,0,0.0014509603,held_fold
ISIC_0225245,0,0.0015350678,held_fold
ISIC_0227038,0,0.13194264,held_fold
ISIC_0227532,0,0.00038570972,held_fold
ISIC_0229680,0,0.00083598634,held_fold
ISIC_0232785,0,0.013085105,held_fold
ISIC_0234049,0,0.00022599417,held_fold
ISIC_0235728,0,0.062470555,held_fold
ISIC_0236237,0,0.00077960116,held_fold
ISIC_0237862,0,0.00074745365,held_fold
ISIC_0238002,0,0.00071080687,held_fold
ISIC_0238118,0,0.00033226577,held_fold
ISIC_0238711,0,0.0003890297,held_fold
ISIC_0239178,0,0.0038118185,held_fold
ISIC_0239843,0,0.07453316,held_fold
ISIC_0247330,1,0.0014156058,held_fold
ISIC_0250069,0,0.00042779517,held_fold
ISIC_0252649,0,0.0035934418,held_fold
ISIC_0253516,0,0.0014430494,held_fold
ISIC_0254686,0,0.00025880145,held_fold
ISIC_0254698,0,0.0024349925,held_fold
ISIC_0257755,0,0.00050975743,held_fold
ISIC_0258065,0,0.00022543484,held_fold
ISIC_0260475,0,0.052348617,held_fold
ISIC_0263916,0,0.046438295,held_fold
ISIC_0264941,0,0.0013135868,held_fold
ISIC_0268187,0,0.00035828323,held_fold
ISIC_0270289,0,0.0003991113,held_fold
ISIC_0271408,0,0.0017486736,held_fold
ISIC_0273222,0,0.01544379,held_fold
ISIC_0275661,0,0.00037305246,held_fold
ISIC_0275984,0,0.08325275,held_fold
ISIC_0276435,0,0.0012782606,held_fold
ISIC_0277164,0,0.0009861608,held_fold
ISIC_0278021,0,0.0023923125,held_fold
ISIC_0278130,0,0.0006693926,held_fold
ISIC_0280603,0,0.010527983,held_fold
ISIC_0281286,0,0.00015781999,held_fold
ISIC_0281658,0,0.015601703,held_fold
ISIC_0282422,0,0.0005571072,held_fold
ISIC_0283511,0,0.00047824343,held_fold
ISIC_0285157,0,0.0003903063,held_fold
ISIC_0291277,0,0.015663134,held_fold
ISIC_0291282,0,0.0004612267,held_fold
ISIC_0291882,0,0.0005620637,held_fold
ISIC_0292349,0,0.00041564688,held_fold
ISIC_0294170,0,0.009150449,held_fold
ISIC_0294687,0,0.0003540333,held_fold
ISIC_0295507,0,0.008809801,held_fold
ISIC_0295820,0,0.0020360402,held_fold
ISIC_0302441,0,0.00038305798,held_fold
ISIC_0305842,0,0.001123413,held_fold
ISIC_0308127,0,0.00062337704,held_fold
ISIC_0310231,0,0.0005622606,held_fold
ISIC_0311853,0,0.0013890219,held_fold
ISIC_0313067,0,0.06593214,held_fold
ISIC_0315631,0,0.0013811587,held_fold
ISIC_0316025,0,0.0004485905,held_fold
ISIC_0319715,0,0.0012513078,held_fold
ISIC_0319928,0,0.00072157657,held_fold
ISIC_0324255,0,0.0008851548,held_fold
ISIC_0325771,0,0.0026759238,held_fold
ISIC_0326523,0,0.003612742,held_fold
ISIC_0326608,0,0.0044533513,held_fold
ISIC_0338377,0,0.0013668609,held_fold
ISIC_0340995,0,0.000627883,held_fold
ISIC_0341262,0,0.00058140716,held_fold
ISIC_0341298,0,0.0018550662,held_fold
ISIC_0342608,0,0.011406051,held_fold
ISIC_0344052,0,0.049063828,held_fold
ISIC_0345499,0,0.0004340862,held_fold
ISIC_0347263,0,0.0003021481,held_fold
ISIC_0348633,0,0.00030409187,held_fold
ISIC_0350472,0,0.00043805977,held_fold
ISIC_0354589,0,0.0011597726,held_fold
ISIC_0356611,0,0.0007938206,held_fold
ISIC_0358326,0,0.0021119064,held_fold
ISIC_0358490,0,0.004890274,held_fold
ISIC_0361034,0,0.0002405158,held_fold
ISIC_0362190,0,0.03881519,held_fold
ISIC_0363130,0,0.0012592353,held_fold
ISIC_0364478,0,0.017160382,held_fold
ISIC_0365410,0,0.0056919027,held_fold
ISIC_0370132,0,0.0067088497,held_fold
ISIC_0372376,0,0.00028332527,held_fold
ISIC_0372902,0,0.016854607,held_fold
ISIC_0375073,0,0.005572033,held_fold
ISIC_0379979,0,0.0015600862,held_fold
ISIC_0381169,0,0.06390017,held_fold
ISIC_0381342,0,0.0046198117,held_fold
ISIC_0385609,0,0.0007874063,held_fold
ISIC_0385633,0,0.0010604853,held_fold
ISIC_0389629,0,0.0007161628,held_fold
ISIC_0392334,0,0.0017009774,held_fold
ISIC_0392966,0,0.4055295,held_fold
ISIC_0398005,0,0.028992435,held_fold
ISIC_0398069,0,0.004293829,held_fold
ISIC_0398140,0,0.0058032502,held_fold
ISIC_0399416,0,0.03618989,held_fold
ISIC_0400685,0,0.00028417908,held_fold
ISIC_0401078,0,0.043727994,held_fold
ISIC_0401116,0,0.0012451569,held_fold
ISIC_0407005,0,0.004445397,held_fold
ISIC_0407040,0,0.09254174,held_fold
ISIC_0407905,0,0.025437232,held_fold
ISIC_0409276,0,0.0005246869,held_fold
ISIC_0410824,0,0.13548306,held_fold
ISIC_0413111,0,0.0042198417,held_fold
ISIC_0413372,0,0.046762552,held_fold
ISIC_0413715,0,0.020516828,held_fold
ISIC_0413804,0,0.015481494,held_fold
ISIC_0419212,0,0.0011624127,held_fold
ISIC_0422139,0,0.00058239436,held_fold
ISIC_0422225,0,0.05781414,held_fold
ISIC_0423312,0,0.0012289236,held_fold
ISIC_0423395,0,0.014627742,held_fold
ISIC_0423722,0,0.005258769,held_fold
ISIC_0424784,0,0.0004456084,held_fold
ISIC_0426487,0,0.00026244018,held_fold
ISIC_0427760,0,0.00029439607,held_fold
ISIC_0428656,0,0.09210973,held_fold
ISIC_0430356,0,0.0034444127,held_fold
ISIC_0430837,0,0.012009969,held_fold
ISIC_0430904,0,0.0019705072,held_fold
ISIC_0432077,0,0.008490359,held_fold
ISIC_0434114,0,0.010022145,held_fold
ISIC_0435434,0,0.08396185,held_fold
ISIC_0437593,0,0.002060701,held_fold
ISIC_0437828,0,0.0068210852,held_fold
ISIC_0439040,0,0.0009954486,held_fold
ISIC_0439839,0,0.01569676,held_fold
ISIC_0440584,0,0.0003805114,held_fold
ISIC_0442290,0,0.028161386,held_fold
ISIC_0443266,0,0.0003037013,held_fold
ISIC_0444347,0,0.017536655,held_fold
ISIC_0445396,0,0.024862435,held_fold
ISIC_0452388,0,0.0018097536,held_fold
ISIC_0460833,0,0.27559537,held_fold
ISIC_0461085,0,0.000805639,held_fold
ISIC_0463621,0,0.0025807433,held_fold
ISIC_0467100,0,0.0005061426,held_fold
ISIC_0470433,0,0.0018720628,held_fold
ISIC_0473135,0,0.0051884647,held_fold
ISIC_0475718,0,0.0005380413,held_fold
ISIC_0476670,0,0.010209676,held_fold
ISIC_0478571,0,0.013919975,held_fold
ISIC_0479264,0,0.00065953576,held_fold
ISIC_0481425,0,0.0071529853,held_fold
ISIC_0481652,0,0.0011210697,held_fold
ISIC_0481910,0,0.0009953006,held_fold
ISIC_0482297,0,0.0005265609,held_fold
ISIC_0483469,0,0.00048338436,held_fold
ISIC_0484568,0,0.009610932,held_fold
ISIC_0485881,0,0.0021258441,held_fold
ISIC_0490442,0,0.00037223383,held_fold
ISIC_0491818,0,0.0012310182,held_fold
ISIC_0493653,0,0.01367022,held_fold
ISIC_0494046,0,0.00031214408,held_fold
ISIC_0494257,0,0.00292998,held_fold
ISIC_0494263,0,0.00150611,held_fold
ISIC_0494383,0,0.004982492,held_fold
ISIC_0497390,0,0.16311306,held_fold
ISIC_0499554,0,0.005635118,held_fold
ISIC_0500526,0,0.03149433,held_fold
ISIC_0502016,0,0.00060967414,held_fold
ISIC_0502419,0,0.0017859498,held_fold
ISIC_0506617,0,0.0023663018,held_fold
ISIC_0511782,0,0.0010477523,held_fold
ISIC_0512155,0,0.0010758389,held_fold
ISIC_0513488,0,0.031082917,held_fold
ISIC_0514672,0,0.0006341708,held_fold
ISIC_0516337,0,0.0035389904,held_fold
ISIC_0516982,0,0.0012111524,held_fold
ISIC_0518459,0,0.0009414272,held_fold
ISIC_0519719,0,0.2807974,held_fold
ISIC_0519765,0,0.027028449,held_fold
ISIC_0522865,0,0.049076334,held_fold
ISIC_0523125,0,0.00046815045,held_fold
ISIC_0526904,0,0.00034020562,held_fold
ISIC_0527166,0,0.00020524394,held_fold
ISIC_0527170,0,0.0037716995,held_fold
ISIC_0527350,0,0.00037828903,held_fold
ISIC_0527593,0,0.0023909733,held_fold
ISIC_0529784,0,0.00793567,held_fold
ISIC_0534529,0,0.0004289923,held_fold
ISIC_0534674,0,0.019576073,held_fold
ISIC_0538688,0,0.0033080506,held_fold
ISIC_0539380,0,0.014866723,held_fold
ISIC_0543132,0,0.075466245,held_fold
ISIC_0545237,0,0.0010413796,held_fold
ISIC_0545322,0,0.013386696,held_fold
ISIC_0545838,0,0.006984739,held_fold
ISIC_0547769,0,0.029798718,held_fold
ISIC_0547934,0,0.0003355111,held_fold
ISIC_0548904,0,0.00055797043,held_fold
ISIC_0549163,0,0.00034245322,held_fold
ISIC_0549791,0,0.013063829,held_fold
ISIC_0551392,0,0.083789535,held_fold
ISIC_0552911,0,0.005105536,held_fold
ISIC_0554499,0,0.00024301588,held_fold
ISIC_0557109,0,0.002591561,held_fold
ISIC_0558046,0,0.0025732913,held_fold
ISIC_0559481,0,0.00061843696,held_fold
ISIC_0559566,0,0.021749105,held_fold
ISIC_0561295,0,0.0002493378,held_fold
ISIC_0563533,0,0.0009928789,held_fold
ISIC_0563705,0,0.00053317705,held_fold
ISIC_0566530,0,0.025175747,held_fold
ISIC_0567142,0,0.004248204,held_fold
ISIC_0570393,0,0.00056644337,held_fold
ISIC_0570742,0,0.0036864534,held_fold
ISIC_0571560,0,0.0063871136,held_fold
ISIC_0572205,1,0.0138258105,held_fold
ISIC_0572450,0,0.0008640601,held_fold
ISIC_0574880,0,0.0191988,held_fold
ISIC_0576265,0,0.0019085121,held_fold
ISIC_0576455,0,0.0002696269,held_fold
ISIC_0578534,0,0.0013524797,held_fold
ISIC_0584130,0,0.0034292242,held_fold
ISIC_0586053,0,0.0075121988,held_fold
ISIC_0586680,0,0.0013935268,held_fold
ISIC_0588322,0,0.0010457804,held_fold
ISIC_0588855,0,0.0005737159,held_fold
ISIC_0589744,0,0.0028527998,held_fold
ISIC_0590790,0,0.00068987417,held_fold
ISIC_0591226,0,0.00046999485,held_fold
ISIC_0592068,0,0.14866309,held_fold
ISIC_0593756,0,0.15537533,held_fold
ISIC_0595018,0,0.0007384746,held_fold
ISIC_0595199,0,0.014613794,held_fold
ISIC_0595676,0,0.0034651372,held_fold
ISIC_0597581,0,0.09075821,held_fold
ISIC_0599918,0,0.00061553024,held_fold
ISIC_0600789,0,0.008024062,held_fold
ISIC_0600866,0,0.00050231686,held_fold
ISIC_0601107,0,0.026032807,held_fold
ISIC_0602697,0,0.00051459006,held_fold
ISIC_0605145,0,0.0073276744,held_fold
ISIC_0607852,0,0.005068903,held_fold
ISIC_0611629,0,0.001345016,held_fold
ISIC_0612080,0,0.0009453178,held_fold
ISIC_0612624,0,0.20407802,held_fold
ISIC_0615335,0,0.0013763864,held_fold
ISIC_0617442,0,0.0006450536,held_fold
ISIC_0617767,0,0.0006506389,held_fold
ISIC_0619244,0,0.00070154667,held_fold
ISIC_0619848,0,0.026013725,held_fold
ISIC_0621550,0,0.03384671,held_fold
ISIC_0622084,0,0.0027486272,held_fold
ISIC_0622112,0,0.03686978,held_fold
ISIC_0623386,0,0.0004650774,held_fold
ISIC_0623857,0,0.0054401546,held_fold
ISIC_0623875,0,0.006635909,held_fold
ISIC_0624783,0,0.09355148,held_fold
ISIC_0630780,0,0.06134869,held_fold
ISIC_0632876,0,0.0027346665,held_fold
ISIC_0637043,0,0.00039478936,held_fold
ISIC_0637539,0,0.0004945255,held_fold
ISIC_0638652,0,0.011993662,held_fold
ISIC_0638857,0,0.0005305462,held_fold
ISIC_0641173,0,0.00018411413,held_fold
ISIC_0642200,0,0.0009623634,held_fold
ISIC_0645116,0,0.0006301864,held_fold
ISIC_0645454,1,0.020055067,held_fold
ISIC_0648752,0,0.00026622825,held_fold
ISIC_0649544,0,0.006513866,held_fold
ISIC_0650027,0,0.058277126,held_fold
ISIC_0653308,0,0.023351079,held_fold
ISIC_0653456,0,0.17385297,held_fold
ISIC_0654104,0,0.106421754,held_fold
ISIC_0654636,0,0.00032275668,held_fold
ISIC_0658225,0,0.00042369182,held_fold
ISIC_0659540,0,0.0006144061,held_fold
ISIC_0660770,0,0.0007683588,held_fold
ISIC_0661120,0,0.0007234969,held_fold
ISIC_0664031,0,0.0049806954,held_fold
ISIC_0666641,0,0.00074163877,held_fold
ISIC_0667136,0,0.025469203,held_fold
ISIC_0667315,0,0.0004090893,held_fold
ISIC_0668739,0,0.0006817981,held_fold
ISIC_0668772,0,0.0011401224,held_fold
ISIC_0668969,0,0.11219035,held_fold
ISIC_0669605,0,0.0057705264,held_fold
ISIC_0671251,0,0.0017518211,held_fold
ISIC_0675972,0,0.0084543405,held_fold
ISIC_0678196,0,0.0029216185,held_fold
ISIC_0679359,0,0.031684987,held_fold
ISIC_0679494,0,0.008666726,held_fold
ISIC_0679553,0,0.0020311803,held_fold
ISIC_0680210,0,0.0013547821,held_fold
ISIC_0682255,0,0.00038218734,held_fold
ISIC_0683259,0,0.00047181014,held_fold
ISIC_0686839,0,0.19560918,held_fold
ISIC_0687823,0,0.004107703,held_fold
ISIC_0690237,0,0.006337549,held_fold
ISIC_0690734,0,0.00039121427,held_fold
ISIC_0691454,0,0.00038961502,held_fold
ISIC_0694033,0,0.032630872,held_fold
ISIC_0694924,0,0.008735254,held_fold
ISIC_0695428,0,0.00091420376,held_fold
ISIC_0697953,0,0.0039976533,held_fold
ISIC_0700870,0,0.013809035,held_fold
ISIC_0701455,0,0.0038051032,held_fold
ISIC_0702042,0,0.00065240724,held_fold
ISIC_0702174,0,0.0132789165,held_fold
ISIC_0708542,0,0.0014968321,held_fold
ISIC_0709699,0,0.00039963768,held_fold
ISIC_0712615,0,0.00046635547,held_fold
ISIC_0715115,0,0.00083492754,held_fold
ISIC_0715869,0,0.0003153461,held_fold
ISIC_0716541,0,0.00090154336,held_fold
ISIC_0716674,0,0.016782649,held_fold
ISIC_0718834,0,0.0017111176,held_fold
ISIC_0719631,0,0.0007405183,held_fold
ISIC_0721010,0,0.01850291,held_fold
ISIC_0721819,0,0.0007444598,held_fold
ISIC_0726170,0,0.00050117454,held_fold
ISIC_0727322,0,0.0166779,held_fold
ISIC_0727489,0,0.00048277658,held_fold
ISIC_0734540,0,0.016362837,held_fold
ISIC_0737125,0,0.023950178,held_fold
ISIC_0737399,0,0.010804879,held_fold
ISIC_0737883,0,0.0008263651,held_fold
ISIC_0738587,0,0.25874802,held_fold
ISIC_0743096,0,0.028441157,held_fold
ISIC_0744013,1,0.047766738,held_fold
ISIC_0744177,0,0.003744346,held_fold
ISIC_0744553,0,0.0009748553,held_fold
ISIC_0745718,0,0.0005876091,held_fold
ISIC_0745721,0,0.00035990027,held_fold
ISIC_0746397,0,0.006596208,held_fold
ISIC_0747101,0,0.0019483708,held_fold
ISIC_0749089,0,0.0105424775,held_fold
ISIC_0749263,0,0.0010481043,held_fold
ISIC_0751219,0,0.0008085639,held_fold
ISIC_0752546,0,0.0063601946,held_fold
ISIC_0754156,0,0.004764165,held_fold
ISIC_0754561,0,0.001716855,held_fold
ISIC_0755565,0,0.0005830609,held_fold
ISIC_0760168,0,0.0025963343,held_fold
ISIC_0763140,0,0.00065904536,held_fold
ISIC_0764975,0,0.008119081,held_fold
ISIC_0765632,0,0.0009678464,held_fold
ISIC_0769854,0,0.000848992,held_fold
ISIC_0770861,0,0.0008370313,held_fold
ISIC_0771151,0,0.0014035659,held_fold
ISIC_0771537,0,0.00078155374,held_fold
ISIC_0772836,0,0.032184806,held_fold
ISIC_0772957,0,0.0005812825,held_fold
ISIC_0786170,0,0.0016280907,held_fold
ISIC_0786233,0,0.001457807,held_fold
ISIC_0787585,0,0.0011627127,held_fold
ISIC_0792805,0,0.00045871674,held_fold
ISIC_0793501,0,0.0021232762,held_fold
ISIC_0796325,0,0.008905359,held_fold
ISIC_0800269,0,0.0010226882,held_fold
ISIC_0809173,0,0.0007974435,held_fold
ISIC_0809241,0,0.0035939834,held_fold
ISIC_0816917,0,0.009322317,held_fold
ISIC_0818621,0,0.00073744124,held_fold
ISIC_0821520,0,0.0026190446,held_fold
ISIC_0822656,0,0.0036031238,held_fold
ISIC_0826834,0,0.0002374611,held_fold
ISIC_0828069,0,0.007985339,held_fold
ISIC_0830131,0,0.005659385,held_fold
ISIC_0830217,0,0.00068146,held_fold
ISIC_0830876,0,0.03722216,held_fold
ISIC_0834775,0,0.0005781686,held_fold
ISIC_0836546,0,0.00042824046,held_fold
ISIC_0843662,0,0.0021314998,held_fold
ISIC_0844312,1,0.11997021,held_fold
ISIC_0846482,0,0.0042281994,held_fold
ISIC_0846915,0,0.0011430945,held_fold
ISIC_0847420,0,0.004338856,held_fold
ISIC_0849702,0,0.0003228336,held_fold
ISIC_0851556,0,0.1805709,held_fold
ISIC_0852790,0,0.09905,held_fold
ISIC_0853825,0,0.010015211,held_fold
ISIC_0854335,0,0.00051544723,held_fold
ISIC_0854601,0,0.0035144077,held_fold
ISIC_0859438,0,0.0014384277,held_fold
ISIC_0861128,0,0.0013887236,held_fold
ISIC_0862063,0,0.004402392,held_fold
ISIC_0864226,0,0.0005639892,held_fold
ISIC_0864527,0,0.06594831,held_fold
ISIC_0867503,0,0.013068116,held_fold
ISIC_0869142,0,0.00089648605,held_fold
ISIC_0870696,0,0.0009472896,held_fold
ISIC_0873044,0,0.0038436577,held_fold
ISIC_0873923,0,0.014625685,held_fold
ISIC_0877543,0,0.00046974045,held_fold
ISIC_0878530,0,0.0013731563,held_fold
ISIC_0879962,0,0.00047853985,held_fold
ISIC_0882619,0,0.013168932,held_fold
ISIC_0884463,0,0.00038931816,held_fold
ISIC_0884576,0,0.0040484443,held_fold
ISIC_0885048,0,0.008690741,held_fold
ISIC_0886205,0,0.0011834585,held_fold
ISIC_0886853,0,0.01379611,held_fold
ISIC_0890364,0,0.0011829439,held_fold
ISIC_0892089,0,0.00034480405,held_fold
ISIC_0892980,0,0.0015653179,held_fold
ISIC_0894057,0,0.0012247232,held_fold
ISIC_0896635,0,0.011246082,held_fold
ISIC_0897459,0,0.012500825,held_fold
ISIC_0899891,0,0.01537636,held_fold
ISIC_0899961,0,0.0010524729,held_fold
ISIC_0901403,0,0.0022418832,held_fold
ISIC_0902830,0,0.0012421286,held_fold
ISIC_0903020,0,0.027524404,held_fold
ISIC_0903175,0,0.0026313222,held_fold
ISIC_0903330,0,0.0017257403,held_fold
ISIC_0903548,0,0.0008321976,held_fold
ISIC_0904214,0,0.00020268875,held_fold
ISIC_0905000,0,0.00046005123,held_fold
ISIC_0906639,0,0.00051323074,held_fold
ISIC_0909206,0,0.00097595784,held_fold
ISIC_0911783,0,0.00087703654,held_fold
ISIC_0912196,0,0.0037317649,held_fold
ISIC_0914700,0,0.0013108061,held_fold
ISIC_0915750,0,0.002840198,held_fold
ISIC_0917416,0,0.00258374,held_fold
ISIC_0918831,0,0.016523706,held_fold
ISIC_0919271,0,0.0025189896,held_fold
ISIC_0920000,0,0.011977424,held_fold
ISIC_0920968,0,0.0011821311,held_fold
ISIC_0924724,0,0.05192218,held_fold
ISIC_0925758,0,0.00028596146,held_fold
ISIC_0928604,0,0.020596657,held_fold
ISIC_0931725,0,0.08413321,held_fold
ISIC_0932862,0,0.043389216,held_fold
ISIC_0937378,0,0.011492727,held_fold
ISIC_0940385,0,0.026223144,held_fold
ISIC_0941085,0,0.0010940013,held_fold
ISIC_0942654,0,0.00036692765,held_fold
ISIC_0944103,0,0.20491202,held_fold
ISIC_0944753,0,0.0003333404,held_fold
ISIC_0951377,0,0.0018776711,held_fold
ISIC_0951438,0,0.005116122,held_fold
ISIC_0952472,1,0.11394246,held_fold
ISIC_0953133,0,0.01644945,held_fold
ISIC_0953500,0,0.0006984436,held_fold
ISIC_0953675,0,0.063563064,held_fold
ISIC_0954841,0,0.007751571,held_fold
ISIC_0958328,0,0.0007889351,held_fold
ISIC_0959863,0,0.0015899733,held_fold
ISIC_0960741,0,0.00034710814,held_fold
ISIC_0962601,0,0.00072967197,held_fold
ISIC_0963117,0,0.00036540255,held_fold
ISIC_0963460,0,0.0062213186,held_fold
ISIC_0965224,0,0.0020911947,held_fold
ISIC_0966987,0,0.04782734,held_fold
ISIC_0974159,0,0.002809142,held_fold
ISIC_0977333,0,0.0012325653,held_fold
ISIC_0978977,0,0.0006880587,held_fold
ISIC_0980012,0,0.00045729935,held_fold
ISIC_0980513,0,0.0006076791,held_fold
ISIC_0981661,0,0.05914644,held_fold
ISIC_0981883,0,0.001458632,held_fold
ISIC_0982855,0,0.00077367795,held_fold
ISIC_0983360,0,0.035245527,held_fold
ISIC_0985052,0,0.0029245995,held_fold
ISIC_0985863,0,0.010611791,held_fold
ISIC_0987176,0,0.00067781116,held_fold
ISIC_0987757,0,0.029447362,held_fold
ISIC_0988665,0,0.0047902544,held_fold
ISIC_0991133,0,0.00071086915,held_fold
ISIC_0994556,0,0.0018875019,held_fold
ISIC_0998408,0,0.0011772503,held_fold
ISIC_0998651,0,0.00052375894,held_fold
ISIC_1001348,0,0.158702,held_fold
ISIC_1001562,0,0.0567862,held_fold
ISIC_1002107,0,0.0039709415,held_fold
ISIC_1003703,0,0.00045972486,held_fold
ISIC_1004225,0,0.006701269,held_fold
ISIC_1006632,0,0.0011746892,held_fold
ISIC_1008321,0,0.025079526,held_fold
ISIC_1008609,0,0.0011973771,held_fold
ISIC_1010416,0,0.00043970355,held_fold
ISIC_1010991,0,0.007920739,held_fold
ISIC_1011089,0,0.0029528318,held_fold
ISIC_1013648,0,0.00031072187,held_fold
ISIC_1015264,0,0.0004901824,held_fold
ISIC_1015644,0,0.0011123614,held_fold
ISIC_1020809,0,0.0007279203,held_fold
ISIC_1022653,0,0.00055411406,held_fold
ISIC_1023685,0,0.00083404494,held_fold
ISIC_1024569,0,0.0014644607,held_fold
ISIC_1025009,0,0.004414177,held_fold
ISIC_1025192,0,0.0009055203,held_fold
ISIC_1029536,0,0.0098429015,held_fold
ISIC_1031166,0,0.015687259,held_fold
ISIC_1031178,0,0.00048695997,held_fold
ISIC_1039970,0,0.011264348,held_fold
ISIC_1041406,0,0.00038964974,held_fold
ISIC_1042588,0,0.0046627186,held_fold
ISIC_1046786,0,0.002044634,held_fold
ISIC_1048741,0,0.004027412,held_fold
ISIC_1048856,0,0.0023940268,held_fold
ISIC_1048895,0,0.036470946,held_fold
ISIC_1050000,0,0.021572009,held_fold
ISIC_1060448,0,0.0091449525,held_fold
ISIC_1064163,0,0.013091056,held_fold
ISIC_1066052,0,0.052629016,held_fold
ISIC_1067985,0,0.039018538,held_fold
ISIC_1069960,0,0.00071892777,held_fold
ISIC_1070864,0,0.00021743347,held_fold
ISIC_1070883,0,0.0004672975,held_fold
ISIC_1072321,0,0.00041212438,held_fold
ISIC_1073233,0,0.015323821,held_fold
ISIC_1073350,0,0.0003192812,held_fold
ISIC_1074551,0,0.0007287345,held_fold
ISIC_1075968,0,0.08560988,held_fold
ISIC_1077911,0,0.010488433,held_fold
ISIC_1078563,0,0.008857869,held_fold
ISIC_1080647,0,0.08198978,held_fold
ISIC_1082020,0,0.0015011994,held_fold
ISIC_1082748,0,0.011300059,held_fold
ISIC_1084154,0,0.0009095121,held_fold
ISIC_1084452,0,0.0025306141,held_fold
ISIC_1085285,0,0.2988277,held_fold
ISIC_1087705,0,0.0010593936,held_fold
ISIC_1088190,0,0.015810814,held_fold
ISIC_1096503,0,0.0020377792,held_fold
ISIC_1101631,0,0.0012135694,held_fold
ISIC_1106211,0,0.024741357,held_fold
ISIC_1107820,0,0.0045754057,held_fold
ISIC_1108178,0,0.0004567942,held_fold
ISIC_1108204,0,0.038334753,held_fold
ISIC_1109485,0,0.014631488,held_fold
ISIC_1109641,0,0.000895143,held_fold
ISIC_1111050,0,0.0017633034,held_fold
ISIC_1112803,0,0.00037319848,held_fold
ISIC_1114860,0,0.1382496,held_fold
ISIC_1115013,0,0.009617033,held_fold
ISIC_1115266,0,0.0054869847,held_fold
ISIC_1115695,0,0.0005127838,held_fold
ISIC_1116483,1,0.07751587,held_fold
ISIC_1117976,0,0.0016152292,held_fold
ISIC_1122023,0,0.008622021,held_fold
ISIC_1122524,0,0.0007690401,held_fold
ISIC_1124434,1,0.0302607,held_fold
ISIC_1124744,0,0.0052402234,held_fold
ISIC_1126202,0,0.009865937,held_fold
ISIC_1126306,0,0.0049998094,held_fold
ISIC_1129508,0,0.009537307,held_fold
ISIC_1130830,0,0.02277413,held_fold
ISIC_1130888,0,0.018268755,held_fold
ISIC_1134319,0,0.0008716816,held_fold
ISIC_1134437,0,0.011495002,held_fold
ISIC_1134882,0,0.0011569004,held_fold
ISIC_1140717,0,0.0005193368,held_fold
ISIC_1141666,0,0.012663483,held_fold
ISIC_1143655,0,0.001543509,held_fold
ISIC_1144466,0,0.00042050745,held_fold
ISIC_1144769,0,0.027189413,held_fold
ISIC_1147442,0,0.00056336384,held_fold
ISIC_1147795,0,0.0010061661,held_fold
ISIC_1148932,0,0.029199444,held_fold
ISIC_1149693,0,0.0018325921,held_fold
ISIC_1151910,0,0.04780333,held_fold
ISIC_1153106,0,0.00041823258,held_fold
ISIC_1153940,0,0.0018741542,held_fold
ISIC_1154072,0,0.0004951712,held_fold
ISIC_1159773,0,0.033896174,held_fold
ISIC_1160040,0,0.029303234,held_fold
ISIC_1162156,0,0.0005079967,held_fold
ISIC_1163624,0,0.0008883507,held_fold
ISIC_1164612,0,0.007400264,held_fold
ISIC_1166337,0,0.00023899612,held_fold
ISIC_1166522,0,0.007864683,held_fold
ISIC_1166678,0,0.0012539446,held_fold
ISIC_1167108,0,0.0006467452,held_fold
ISIC_1170134,0,0.0027855106,held_fold
ISIC_1171646,0,0.000361533,held_fold
ISIC_1171655,0,0.0013351318,held_fold
ISIC_1172955,0,0.000670693,held_fold
ISIC_1176970,0,0.00063582114,held_fold
ISIC_1177505,1,0.034286123,held_fold
ISIC_1178491,0,0.0011213474,held_fold
ISIC_1181483,0,0.07677457,held_fold
ISIC_1182612,0,0.0014868284,held_fold
ISIC_1183565,0,0.0019123345,held_fold
ISIC_1184373,0,0.012654102,held_fold
ISIC_1185468,0,0.021024259,held_fold
ISIC_1186495,0,0.1713825,held_fold
ISIC_1188141,0,0.0011664913,held_fold
ISIC_1190567,0,0.0014263605,held_fold
ISIC_1190994,0,0.012741415,held_fold
ISIC_1194944,0,0.0053724255,held_fold
ISIC_1195254,0,0.00055028975,held_fold
ISIC_1195563,0,0.023926804,held_fold
ISIC_1198047,0,0.0004661821,held_fold
ISIC_1198929,0,0.00028764526,held_fold
ISIC_1202355,0,0.0008359055,held_fold
ISIC_1202976,0,0.00042041528,held_fold
ISIC_1203254,0,0.013045115,held_fold
ISIC_1204286,0,0.002415011,held_fold
ISIC_1206571,0,0.0041361284,held_fold
ISIC_1207652,0,0.0040801815,held_fold
ISIC_1209492,0,0.0021599312,held_fold
ISIC_1210011,1,0.15367298,held_fold
ISIC_1219427,0,0.0033277029,held_fold
ISIC_1219783,0,0.010643158,held_fold
ISIC_1222905,0,0.05010023,held_fold
ISIC_1224295,0,0.058406964,held_fold
ISIC_1224329,0,0.02056379,held_fold
ISIC_1224650,0,0.053239066,held_fold
ISIC_1225511,0,0.0024915258,held_fold
ISIC_1226868,0,0.0012545974,held_fold
ISIC_1226882,0,0.00087113405,held_fold
ISIC_1227931,0,0.006857271,held_fold
ISIC_1228845,0,0.020416459,held_fold
ISIC_1233068,0,0.0054377895,held_fold
ISIC_1233830,0,0.00040620897,held_fold
ISIC_1235053,0,0.0005952045,held_fold
ISIC_1242176,0,0.0011226669,held_fold
ISIC_1242992,0,0.001691862,held_fold
ISIC_1246630,0,0.00037344618,held_fold
ISIC_1248073,0,0.0017007985,held_fold
ISIC_1248372,0,0.0007898973,held_fold
ISIC_1248876,0,0.00037219637,held_fold
ISIC_1250861,0,0.000665754,held_fold
ISIC_1251364,0,0.04732933,held_fold
ISIC_1251721,0,0.00061691867,held_fold
ISIC_1257045,0,0.07584391,held_fold
ISIC_1258127,0,0.0007078625,held_fold
ISIC_1258763,0,0.0006336938,held_fold
ISIC_1259465,0,0.0004558544,held_fold
ISIC_1260198,0,0.002050727,held_fold
ISIC_1261530,0,0.012931649,held_fold
ISIC_1264725,0,0.0018767454,held_fold
ISIC_1265427,0,0.0011880735,held_fold
ISIC_1265609,0,0.0009580773,held_fold
ISIC_1265653,0,0.0694235,held_fold
ISIC_1266707,0,0.008347229,held_fold
ISIC_1269461,0,0.00048200908,held_fold
ISIC_1270305,0,0.00048421512,held_fold
ISIC_1270307,0,0.00041932537,held_fold
ISIC_1272233,0,0.00044077073,held_fold
ISIC_1274851,0,0.00037167658,held_fold
ISIC_1276037,0,0.0016314596,held_fold
ISIC_1281431,0,0.013351052,held_fold
ISIC_1283518,0,0.011651073,held_fold
ISIC_1283950,0,0.000527197,held_fold
ISIC_1284397,0,0.0032348945,held_fold
ISIC_1284496,0,0.0012640721,held_fold
ISIC_1285997,0,0.039293073,held_fold
ISIC_1287050,0,0.0016612334,held_fold
ISIC_1287370,0,0.0033349933,held_fold
ISIC_1292006,0,0.032653194,held_fold
ISIC_1292165,0,0.0005739172,held_fold
ISIC_1292607,0,0.056057874,held_fold
ISIC_1292799,0,0.0017258846,held_fold
ISIC_1296490,0,0.03697201,held_fold
ISIC_1298253,0,0.003246965,held_fold
ISIC_1300318,0,0.0003968422,held_fold
ISIC_1300967,0,0.0035190012,held_fold
ISIC_1301544,0,0.00041261694,held_fold
ISIC_1301591,0,0.00097370474,held_fold
ISIC_1307134,0,0.018926483,held_fold
ISIC_1307396,0,0.006781692,held_fold
ISIC_1307419,0,0.0016164922,held_fold
ISIC_1309015,0,0.0007280958,held_fold
ISIC_1309130,0,0.009140278,held_fold
ISIC_1313105,0,0.00056542223,held_fold
ISIC_1318137,0,0.0024290483,held_fold
ISIC_1318781,0,0.0022076124,held_fold
ISIC_1322621,0,0.029944438,held_fold
ISIC_1326295,0,0.05217229,held_fold
ISIC_1326483,0,0.00025850328,held_fold
ISIC_1328417,0,0.027260622,held_fold
ISIC_1330242,0,0.0008044419,held_fold
ISIC_1333230,0,0.00440009,held_fold
ISIC_1336519,0,0.03365149,held_fold
ISIC_1336572,0,0.019734973,held_fold
ISIC_1337144,0,0.0008862747,held_fold
ISIC_1338069,0,0.03409866,held_fold
ISIC_1341106,0,0.0564941,held_fold
ISIC_1341586,0,0.044455722,held_fold
ISIC_1342117,0,0.002048083,held_fold
ISIC_1342739,0,0.00053080317,held_fold
ISIC_1344537,0,0.0102828555,held_fold
ISIC_1344757,0,0.0008349335,held_fold
ISIC_1346695,0,0.00047126805,held_fold
ISIC_1347099,0,0.00037599358,held_fold
ISIC_1348254,0,0.02678798,held_fold
ISIC_1348539,0,0.00064712093,held_fold
ISIC_1348843,0,0.00034048076,held_fold
ISIC_1350519,0,0.0014732953,held_fold
ISIC_1350659,0,0.0017383221,held_fold
ISIC_1351604,0,0.0091133695,held_fold
ISIC_1352841,0,0.063028164,held_fold
ISIC_1352911,0,0.009351617,held_fold
ISIC_1353532,0,0.00061960926,held_fold
ISIC_1353653,0,0.0050392277,held_fold
ISIC_1355104,0,0.0008371015,held_fold
ISIC_1355722,0,0.00066274323,held_fold
ISIC_1358348,0,0.0030039647,held_fold
ISIC_1358527,0,0.0022415356,held_fold
ISIC_1358757,0,0.00033967604,held_fold
ISIC_1360595,0,0.013817316,held_fold
ISIC_1363718,0,0.025204878,held_fold
ISIC_1364848,0,0.0005065326,held_fold
ISIC_1365434,0,0.0022671192,held_fold
ISIC_1366993,0,0.16146213,held_fold
ISIC_1370034,0,0.0014069866,held_fold
ISIC_1373468,0,0.0012582738,held_fold
ISIC_1376528,0,0.0015009114,held_fold
ISIC_1377409,0,0.0008846961,held_fold
ISIC_1384413,0,0.000559465,held_fold
ISIC_1384527,0,0.0012010112,held_fold
ISIC_1387456,0,0.019440094,held_fold
ISIC_1388230,0,0.0008672757,held_fold
ISIC_1388984,0,0.0011620794,held_fold
ISIC_1389620,0,0.2817447,held_fold
ISIC_1390308,0,0.00087053166,held_fold
ISIC_1392776,0,0.0006774201,held_fold
ISIC_1394786,0,0.0003193905,held_fold
ISIC_1396573,0,0.003794007,held_fold
ISIC_1396857,0,0.004616073,held_fold
ISIC_1401235,0,0.022768391,held_fold
ISIC_1403974,0,0.00047528226,held_fold
ISIC_1405391,0,0.067698054,held_fold
ISIC_1410153,0,0.0020254122,held_fold
ISIC_1411384,0,0.0047955806,held_fold
ISIC_1412620,0,0.0065184957,held_fold
ISIC_1412843,1,0.03757739,held_fold
ISIC_1413366,0,0.00079819805,held_fold
ISIC_1416869,0,0.0062466823,held_fold
ISIC_1416995,0,0.06155102,held_fold
ISIC_1418788,0,0.012240947,held_fold
ISIC_1421644,0,0.002664747,held_fold
ISIC_1422217,0,0.002085475,held_fold
ISIC_1422429,0,0.00417362,held_fold
ISIC_1424529,0,0.0017482535,held_fold
ISIC_1424655,0,0.00019801193,held_fold
ISIC_1425404,0,0.0052065514,held_fold
ISIC_1429437,0,0.011073597,held_fold
ISIC_1429954,0,0.03692842,held_fold
ISIC_1431332,0,0.0017687617,held_fold
ISIC_1432485,0,0.0029985397,held_fold
ISIC_1433739,0,0.0037867075,held_fold
ISIC_1434244,0,0.00036891658,held_fold
ISIC_1434340,0,0.014588383,held_fold
ISIC_1436124,0,0.0061776456,held_fold
ISIC_1436341,0,0.001288477,held_fold
ISIC_1437529,0,0.027230684,held_fold
ISIC_1438382,0,0.00015722339,held_fold
ISIC_1438584,0,0.008663342,held_fold
ISIC_1438669,0,0.014000118,held_fold
ISIC_1440033,0,0.001191949,held_fold
ISIC_1442186,0,0.23115201,held_fold
ISIC_1444573,0,0.007424907,held_fold
ISIC_1446344,0,0.0019664958,held_fold
ISIC_1447118,0,0.00064794207,held_fold
ISIC_1447559,0,0.012319113,held_fold
ISIC_1448526,0,0.013023829,held_fold
ISIC_1449910,0,0.0395752,held_fold
ISIC_1450745,0,0.00087918265,held_fold
ISIC_1451092,0,0.0011605141,held_fold
ISIC_1452412,0,0.0003397687,held_fold
ISIC_1456444,0,0.00031475286,held_fold
ISIC_1457263,0,0.002604809,held_fold
ISIC_1458551,0,0.00042279414,held_fold
ISIC_1459948,0,0.020003581,held_fold
ISIC_1461419,0,0.0003627709,held_fold
ISIC_1462268,0,0.00085696275,held_fold
ISIC_1463838,0,0.016849171,held_fold
ISIC_1466584,0,0.002047932,held_fold
ISIC_1467552,0,0.0007999769,held_fold
ISIC_1467583,0,0.13475256,held_fold
ISIC_1470522,0,0.0005100017,held_fold
ISIC_1471649,0,0.004910883,held_fold
ISIC_1472731,0,0.0071404553,held_fold
ISIC_1473522,1,0.15087438,held_fold
ISIC_1476176,0,0.000630729,held_fold
ISIC_1477664,0,0.0026031916,held_fold
ISIC_1478794,0,0.00049512496,held_fold
ISIC_1479729,0,0.0032084924,held_fold
ISIC_1479891,0,0.00046932424,held_fold
ISIC_1483952,0,0.0046571735,held_fold
ISIC_1485132,0,0.000495201,held_fold
ISIC_1485969,0,0.00046563763,held_fold
ISIC_1486589,0,0.0011570747,held_fold
ISIC_1490161,0,0.015091774,held_fold
ISIC_1492055,0,0.0023960206,held_fold
ISIC_1493314,0,0.003800443,held_fold
ISIC_1493565,0,0.0012940457,held_fold
ISIC_1497992,0,0.0015766668,held_fold
ISIC_1500815,0,0.0061658183,held_fold
ISIC_1500843,0,0.0003170073,held_fold
ISIC_1501034,0,0.0060553406,held_fold
ISIC_1502140,0,0.0036585405,held_fold
ISIC_1502309,0,0.12513053,held_fold
ISIC_1503020,0,0.0017763171,held_fold
ISIC_1505951,0,0.0023528342,held_fold
ISIC_1506794,0,0.0007253464,held_fold
ISIC_1506912,0,0.00033926248,held_fold
ISIC_1506954,0,0.0008768126,held_fold
ISIC_1507090,0,0.029502494,held_fold
ISIC_1508810,0,0.0014390964,held_fold
ISIC_1510504,0,0.010992722,held_fold
ISIC_1511227,0,0.0034481597,held_fold
ISIC_1511536,0,0.016269086,held_fold
ISIC_1513720,0,0.011624378,held_fold
ISIC_1514117,0,0.00074446836,held_fold
ISIC_1514364,0,0.0014129807,held_fold
ISIC_1514401,0,0.0038844761,held_fold
ISIC_1519645,0,0.0006323342,held_fold
ISIC_1519891,0,0.00057833426,held_fold
ISIC_1520897,0,0.025560189,held_fold
ISIC_1528994,0,0.010778602,held_fold
ISIC_1529534,0,0.025774697,held_fold
ISIC_1531548,0,0.058412813,held_fold
ISIC_1532403,0,0.00033469888,held_fold
ISIC_1534800,0,0.051515263,held_fold
ISIC_1537566,0,0.00042808862,held_fold
ISIC_1537779,0,0.0015346777,held_fold
ISIC_1541817,0,0.001877552,held_fold
ISIC_1542389,0,0.0016225153,held_fold
ISIC_1543862,0,0.00093011186,held_fold
ISIC_1544093,0,0.006718682,held_fold
ISIC_1545489,0,0.0010674589,held_fold
ISIC_1545675,0,0.00058599643,held_fold
ISIC_1545851,0,0.0071635037,held_fold
ISIC_1548638,0,0.0016567836,held_fold
ISIC_1549857,0,0.06566626,held_fold
ISIC_1550349,0,0.043061934,held_fold
ISIC_1550785,0,0.0001940105,held_fold
ISIC_1552127,0,0.027737021,held_fold
ISIC_1552570,0,0.102259636,held_fold
ISIC_1554843,0,0.0009054556,held_fold
ISIC_1556209,0,0.00298117,held_fold
ISIC_1556765,0,0.0014952517,held_fold
ISIC_1558731,0,0.00057294214,held_fold
ISIC_1561177,0,0.011353019,held_fold
ISIC_1566312,0,0.001102712,held_fold
ISIC_1566381,0,0.018722268,held_fold
ISIC_1568752,0,0.005970632,held_fold
ISIC_1570838,0,0.0007184846,held_fold
ISIC_1573974,0,0.075665034,held_fold
ISIC_1574123,0,0.27113083,held_fold
ISIC_1575396,0,0.0017897069,held_fold
ISIC_1578194,0,0.027360817,held_fold
ISIC_1578811,0,0.00084536505,held_fold
ISIC_1579463,0,0.005764451,held_fold
ISIC_1579497,0,0.0005813869,held_fold
ISIC_1580068,0,0.009350826,held_fold
ISIC_1584543,0,0.0014938561,held_fold
ISIC_1585511,0,0.0022721791,held_fold
ISIC_1588382,0,0.022498718,held_fold
ISIC_1589136,0,0.035581905,held_fold
ISIC_1589997,1,0.07552184,held_fold
ISIC_1590829,0,0.001126346,held_fold
ISIC_1593175,0,0.009329639,held_fold
ISIC_1593638,0,0.0304765,held_fold
ISIC_1594422,0,0.0006054701,held_fold
ISIC_1595157,0,0.0033345781,held_fold
ISIC_1595325,0,0.0012065881,held_fold
ISIC_1597414,0,0.00036779584,held_fold
ISIC_1599163,0,0.00043236904,held_fold
ISIC_1601244,0,0.0009294447,held_fold
ISIC_1603509,0,0.0034924021,held_fold
ISIC_1604935,0,0.0007719782,held_fold
ISIC_1605988,0,0.0004742226,held_fold
ISIC_1608192,0,0.014676254,held_fold
ISIC_1608727,0,0.0012705129,held_fold
ISIC_1610092,0,0.0007859673,held_fold
ISIC_1611600,0,0.00030694576,held_fold
ISIC_1617282,0,0.00382885,held_fold
ISIC_1617896,0,0.0009855495,held_fold
ISIC_1618730,0,0.0011040217,held_fold
ISIC_1624873,0,0.008785468,held_fold
ISIC_1631125,0,0.0026572733,held_fold
ISIC_1631397,0,0.00039561233,held_fold
ISIC_1633463,0,0.0013689975,held_fold
ISIC_1635633,0,0.00086034666,held_fold
ISIC_1636849,0,0.00042229463,held_fold
ISIC_1637536,0,0.09789013,held_fold
ISIC_1637588,0,0.0011778869,held_fold
ISIC_1638436,0,0.003333482,held_fold
ISIC_1639011,0,0.00021826934,held_fold
ISIC_1639765,0,0.0014840304,held_fold
ISIC_1640426,0,0.0012993607,held_fold
ISIC_1641301,0,0.0014901111,held_fold
ISIC_1641839,0,0.007868434,held_fold
ISIC_1646084,0,0.0007205863,held_fold
ISIC_1648233,0,0.00030068544,held_fold
ISIC_1650523,0,0.0032922032,held_fold
ISIC_1652008,0,0.0018871257,held_fold
ISIC_1654183,0,0.0045107496,held_fold
ISIC_1654342,1,0.13407995,held_fold
ISIC_1655513,0,0.00020144257,held_fold
ISIC_1656186,0,0.0044977944,held_fold
ISIC_1656452,0,0.006466608,held_fold
ISIC_1664534,0,0.016732508,held_fold
ISIC_1665248,0,0.0044373088,held_fold
ISIC_1674776,0,0.02134589,held_fold
ISIC_1675814,0,0.00018127628,held_fold
ISIC_1676261,0,0.00063268933,held_fold
ISIC_1676826,0,0.0010532,held_fold
ISIC_1681627,0,0.00052652654,held_fold
ISIC_1682693,0,0.00091897516,held_fold
ISIC_1684067,0,0.0007257166,held_fold
ISIC_1684127,1,0.017687693,held_fold
ISIC_1684948,0,0.00094341923,held_fold
ISIC_1685833,0,0.016749477,held_fold
ISIC_1687584,0,0.00091727584,held_fold
ISIC_1688160,0,0.042939313,held_fold
ISIC_1689686,0,0.000358307,held_fold
ISIC_1690499,0,0.048759863,held_fold
ISIC_1690909,0,0.000359423,held_fold
ISIC_1691676,0,0.0011079335,held_fold
ISIC_1692144,0,0.06993872,held_fold
ISIC_1693686,0,0.00136799,held_fold
ISIC_1693912,0,0.00052741583,held_fold
ISIC_1695724,0,0.0035686977,held_fold
ISIC_1698119,0,0.00094750803,held_fold
ISIC_1700513,0,0.00091737456,held_fold
ISIC_1704026,0,0.014078028,held_fold
ISIC_1708068,0,0.00076648523,held_fold
ISIC_1710179,0,0.0012447928,held_fold
ISIC_1715406,0,0.008575932,held_fold
ISIC_1718418,0,0.0002623721,held_fold
ISIC_1718707,0,0.029806554,held_fold
ISIC_1719236,0,0.00025757312,held_fold
ISIC_1720840,0,0.004226854,held_fold
ISIC_1723279,0,0.0036875918,held_fold
ISIC_1724802,0,0.00075128634,held_fold
ISIC_1725961,0,0.0009014136,held_fold
ISIC_1725997,0,0.0005748067,held_fold
ISIC_1727369,0,0.00023098392,held_fold
ISIC_1728767,0,0.0010073935,held_fold
ISIC_1729465,0,0.081092186,held_fold
ISIC_1732965,0,0.0027758977,held_fold
ISIC_1736706,0,0.00030107098,held_fold
ISIC_1738348,0,0.0013270676,held_fold
ISIC_1740379,0,0.00089465827,held_fold
ISIC_1743974,0,0.005478991,held_fold
ISIC_1744704,0,0.00050169794,held_fold
ISIC_1744817,0,0.00061035086,held_fold
ISIC_1745458,0,0.00903673,held_fold
ISIC_1745477,0,0.003193618,held_fold
ISIC_1747417,0,0.0074718697,held_fold
ISIC_1749857,0,0.00040951182,held_fold
ISIC_1750674,0,0.0006064314,held_fold
ISIC_1752306,0,0.00021851335,held_fold
ISIC_1755832,0,0.032190025,held_fold
ISIC_1756265,0,0.001607375,held_fold
ISIC_1757212,0,0.13784714,held_fold
ISIC_1758149,0,0.0002983422,held_fold
ISIC_1758558,0,0.08084549,held_fold
ISIC_1761138,0,0.0058219656,held_fold
ISIC_1766601,0,0.0014995941,held_fold
ISIC_1768217,0,0.0014816314,held_fold
ISIC_1769724,0,0.0036106468,held_fold
ISIC_1772523,0,0.01549347,held_fold
ISIC_1772784,0,0.0010789016,held_fold
ISIC_1777398,0,0.015255755,held_fold
ISIC_1779061,0,0.21440274,held_fold
ISIC_1779443,0,0.07365026,held_fold
ISIC_1780675,0,0.0004163365,held_fold
ISIC_1782911,0,0.019599782,held_fold
ISIC_1783021,0,0.0015101301,held_fold
ISIC_1786025,0,0.0041685854,held_fold
ISIC_1786309,0,0.06806948,held_fold
ISIC_1788314,0,0.004421469,held_fold
ISIC_1788671,0,0.0004355672,held_fold
ISIC_1788875,0,0.0037238789,held_fold
ISIC_1795959,0,0.017628971,held_fold
ISIC_1800066,0,0.048715834,held_fold
ISIC_1802793,0,0.0027270333,held_fold
ISIC_1806497,0,0.007329936,held_fold
ISIC_1807638,0,0.0008737718,held_fold
ISIC_1809912,0,0.0058937944,held_fold
ISIC_1810207,0,0.13973862,held_fold
ISIC_1810790,0,0.005721042,held_fold
ISIC_1813911,0,0.0018286644,held_fold
ISIC_1817714,0,0.005436714,held_fold
ISIC_1819358,0,0.0040351655,held_fold
ISIC_1820193,0,0.0074118944,held_fold
ISIC_1820389,0,0.008233585,held_fold
ISIC_1825131,0,0.0045500514,held_fold
ISIC_1828652,0,0.022545362,held_fold
ISIC_1829378,0,0.014962159,held_fold
ISIC_1830017,0,0.00035390657,held_fold
ISIC_1831304,0,0.023865264,held_fold
ISIC_1832582,0,0.0013510134,held_fold
ISIC_1833138,0,0.00059343176,held_fold
ISIC_1835426,0,0.012876281,held_fold
ISIC_1835970,0,0.00184433,held_fold
ISIC_1837402,0,0.00094109407,held_fold
ISIC_1837609,0,0.0066056605,held_fold
ISIC_1838888,0,0.00078163715,held_fold
ISIC_1838904,0,0.031086301,held_fold
ISIC_1840418,0,0.0005571372,held_fold
ISIC_1841825,0,0.007567104,held_fold
ISIC_1841949,0,0.011410693,held_fold
ISIC_1844824,0,0.0011341128,held_fold
ISIC_1845271,0,0.00065959455,held_fold
ISIC_1845580,0,0.00047534023,held_fold
ISIC_1846528,0,0.00042069287,held_fold
ISIC_1847200,0,0.0006436835,held_fold
ISIC_1847516,0,0.0012672921,held_fold
ISIC_1847684,0,0.0004891108,held_fold
ISIC_1848300,0,0.0003457916,held_fold
ISIC_1849151,0,0.007126356,held_fold
ISIC_1849227,0,0.00028800254,held_fold
ISIC_1849442,0,0.003205264,held_fold
ISIC_1850122,0,0.008503528,held_fold
ISIC_1850388,0,0.002499519,held_fold
ISIC_1852500,0,0.0420956,held_fold
ISIC_1852987,0,0.0110428035,held_fold
ISIC_1857587,0,0.00369776,held_fold
ISIC_1858123,0,0.019452067,held_fold
ISIC_1858237,0,0.0027019882,held_fold
ISIC_1859531,0,0.0005710163,held_fold
ISIC_1859923,0,0.008976156,held_fold
ISIC_1861580,0,0.013095505,held_fold
ISIC_1863917,0,0.004677418,held_fold
ISIC_1864109,0,0.0006600523,held_fold
ISIC_1864210,0,0.0043404507,held_fold
ISIC_1865060,0,0.007371123,held_fold
ISIC_1865170,0,0.0005554524,held_fold
ISIC_1867577,0,0.023852782,held_fold
ISIC_1870517,0,0.017932136,held_fold
ISIC_1873035,0,0.0024419832,held_fold
ISIC_1875086,0,0.00766008,held_fold
ISIC_1876799,0,0.00049896946,held_fold
ISIC_1878972,0,0.008328863,held_fold
ISIC_1880540,0,0.21644817,held_fold
ISIC_1881268,0,0.015360105,held_fold
ISIC_1883184,0,0.0043176734,held_fold
ISIC_1883330,0,0.0012827843,held_fold
ISIC_1884256,0,0.00081557233,held_fold
ISIC_1886719,0,0.022111004,held_fold
ISIC_1886756,0,0.0016943637,held_fold
ISIC_1887768,0,0.018564962,held_fold
ISIC_1888148,0,0.00041725952,held_fold
ISIC_1890263,0,0.0024538378,held_fold
ISIC_1892887,0,0.6977613,held_fold
ISIC_1896350,0,0.0031858603,held_fold
ISIC_1897312,0,0.001051079,held_fold
ISIC_1897327,0,0.0004022459,held_fold
ISIC_1900721,0,0.0022977816,held_fold
ISIC_1901204,0,0.00041974933,held_fold
ISIC_1901829,0,0.00813601,held_fold
ISIC_1903698,0,0.0045920867,held_fold
ISIC_1904002,0,0.0012315313,held_fold
ISIC_1910458,0,0.0006700845,held_fold
ISIC_1911714,0,0.0011496564,held_fold
ISIC_1912184,0,0.0009337362,held_fold
ISIC_1912589,0,0.000628903,held_fold
ISIC_1915989,0,0.013220078,held_fold
ISIC_1917554,0,0.058933277,held_fold
ISIC_1917856,0,0.0005413915,held_fold
ISIC_1919196,0,0.021176614,held_fold
ISIC_1919324,0,0.0010314102,held_fold
ISIC_1919829,0,0.11655574,held_fold
ISIC_1920685,0,0.0004285421,held_fold
ISIC_1921387,0,0.0013596034,held_fold
ISIC_1921636,0,0.008515166,held_fold
ISIC_1922234,0,0.020556921,held_fold
ISIC_1922568,0,0.00015293901,held_fold
ISIC_1924949,0,0.0002783564,held_fold
ISIC_1925412,0,0.024733016,held_fold
ISIC_1926530,0,0.002494667,held_fold
ISIC_1927858,0,0.0026482882,held_fold
ISIC_1930598,0,0.0051009916,held_fold
ISIC_1930877,0,0.0025434603,held_fold
ISIC_1931408,0,0.0005953211,held_fold
ISIC_1932632,0,0.00074562244,held_fold
ISIC_1932947,0,0.00026515973,held_fold
ISIC_1933026,0,0.00065567164,held_fold
ISIC_1934097,0,0.0063095316,held_fold
ISIC_1937955,0,0.02315889,held_fold
ISIC_1943439,0,0.06521808,held_fold
ISIC_1943654,0,0.034234248,held_fold
ISIC_1944865,0,0.0016847686,held_fold
ISIC_1945381,0,0.0050741336,held_fold
ISIC_1947992,0,0.0027759508,held_fold
ISIC_1948751,0,0.021483107,held_fold
ISIC_1950616,0,0.11493665,held_fold
ISIC_1951928,0,0.0010630965,held_fold
ISIC_1953808,0,0.0006445282,held_fold
ISIC_1954547,0,0.0012628795,held_fold
ISIC_1957587,0,0.00046325885,held_fold
ISIC_1958003,0,0.00018890874,held_fold
ISIC_1958612,0,0.02790472,held_fold
ISIC_1959078,0,0.0014454845,held_fold
ISIC_1959939,1,0.21510425,held_fold
ISIC_1964334,0,0.0035249908,held_fold
ISIC_1966916,0,0.003932571,held_fold
ISIC_1970027,0,0.0017860867,held_fold
ISIC_1973320,0,0.00099811,held_fold
ISIC_1974281,0,0.00049289153,held_fold
ISIC_1974530,0,0.0023698707,held_fold
ISIC_1975941,0,0.12085668,held_fold
ISIC_1977265,0,0.06234005,held_fold
ISIC_1977916,0,0.000901711,held_fold
ISIC_1978228,0,0.00027116417,held_fold
ISIC_1978426,0,0.0006729997,held_fold
ISIC_1979473,0,0.075305976,held_fold
ISIC_1981133,0,0.00197093,held_fold
ISIC_1982295,0,0.0013882179,held_fold
ISIC_1983516,0,0.0064967372,held_fold
ISIC_1985244,0,0.0041960427,held_fold
ISIC_1985984,0,0.0005335176,held_fold
ISIC_1988336,0,0.0046039745,held_fold
ISIC_1990520,0,0.0020818522,held_fold
ISIC_1991054,0,0.0012594081,held_fold
ISIC_1991528,0,0.040641565,held_fold
ISIC_1998849,0,0.09457145,held_fold
ISIC_2000184,0,0.024043117,held_fold
ISIC_2001492,0,0.014957733,held_fold
ISIC_2003272,0,0.010804583,held_fold
ISIC_2006783,0,0.01644482,held_fold
ISIC_2009055,0,0.00532675,held_fold
ISIC_2009167,0,0.0008657248,held_fold
ISIC_2010841,0,0.0042822203,held_fold
ISIC_2011145,0,0.054896433,held_fold
ISIC_2011758,0,0.0026675405,held_fold
ISIC_2011893,0,0.00086836435,held_fold
ISIC_2014399,0,0.00038825575,held_fold
ISIC_2015441,0,0.00157997,held_fold
ISIC_2016546,0,0.0005570621,held_fold
ISIC_2019110,0,0.0004497232,held_fold
ISIC_2027392,0,0.0006867138,held_fold
ISIC_2027490,0,0.00076011335,held_fold
ISIC_2027705,0,0.004926235,held_fold
ISIC_2031177,0,0.0053997017,held_fold
ISIC_2035097,0,0.0007797353,held_fold
ISIC_2037324,0,0.0018905957,held_fold
ISIC_2041726,0,0.00033275172,held_fold
ISIC_2045595,0,0.00057445787,held_fold
ISIC_2046079,0,0.025661495,held_fold
ISIC_2048638,0,0.012679029,held_fold
ISIC_2049818,0,0.0009486105,held_fold
ISIC_2049836,0,0.0006798905,held_fold
ISIC_2053045,0,0.024135845,held_fold
ISIC_2056104,0,0.0071173403,held_fold
ISIC_2057606,0,0.015194021,held_fold
ISIC_2059085,0,0.01115286,held_fold
ISIC_2059481,0,0.0010870959,held_fold
ISIC_2060078,0,0.03462217,held_fold
ISIC_2061063,0,0.002818407,held_fold
ISIC_2066127,0,0.003244472,held_fold
ISIC_2066146,0,0.003920486,held_fold
ISIC_2066654,0,0.0019399297,held_fold
ISIC_2067576,0,0.00141635,held_fold
ISIC_2068866,0,0.005122691,held_fold
ISIC_2069039,0,0.00756327,held_fold
ISIC_2069765,0,0.005820547,held_fold
ISIC_2070718,0,0.016148495,held_fold
ISIC_2070726,0,0.00056425156,held_fold
ISIC_2071317,0,0.0012712175,held_fold
ISIC_2073994,0,0.011298174,held_fold
ISIC_2074396,0,0.00063042936,held_fold
ISIC_2074764,0,0.00027177576,held_fold
ISIC_2077460,0,0.0066251047,held_fold
ISIC_2078053,0,0.00057745184,held_fold
ISIC_2079078,0,0.0027291868,held_fold
ISIC_2079121,0,0.001615346,held_fold
ISIC_2079417,0,0.0005933673,held_fold
ISIC_2080351,0,0.0006774159,held_fold
ISIC_2081142,0,0.003291856,held_fold
ISIC_2081489,0,0.0075046723,held_fold
ISIC_2087446,0,0.047745053,held_fold
ISIC_2092879,0,0.0014879062,held_fold
ISIC_2094429,0,0.023943178,held_fold
ISIC_2095347,0,0.00033000577,held_fold
ISIC_2099776,0,0.0004501029,held_fold
ISIC_2101624,1,0.27138174,held_fold
ISIC_2102371,0,0.07079836,held_fold
ISIC_2102551,0,0.0026191068,held_fold
ISIC_2104487,0,0.0008669441,held_fold
ISIC_2108787,0,0.019031394,held_fold
ISIC_2109563,0,0.00084009004,held_fold
ISIC_2120508,0,0.0017827335,held_fold
ISIC_2121292,0,0.0007702965,held_fold
ISIC_2122087,0,0.0006543601,held_fold
ISIC_2123159,0,0.0018430208,held_fold
ISIC_2123488,0,0.0006730202,held_fold
ISIC_2125450,0,0.019962903,held_fold
ISIC_2126248,0,0.00065965235,held_fold
ISIC_2126316,0,0.0009465967,held_fold
ISIC_2127685,0,0.00048126307,held_fold
ISIC_2127820,0,0.0013593729,held_fold
ISIC_2129226,0,0.00045552908,held_fold
ISIC_2129541,0,0.0022605709,held_fold
ISIC_2130800,0,0.004857733,held_fold
ISIC_2131707,0,0.00029441965,held_fold
ISIC_2134858,0,0.0026281918,held_fold
ISIC_2137041,0,0.0023548824,held_fold
ISIC_2140115,0,0.0331682,held_fold
ISIC_2142072,0,0.00074639585,held_fold
ISIC_2142232,0,0.00095112005,held_fold
ISIC_2142639,0,0.00063627335,held_fold
ISIC_2148350,0,0.005499251,held_fold
ISIC_2149030,0,0.001775128,held_fold
ISIC_2150031,0,0.00077904307,held_fold
ISIC_2151459,0,0.00042167093,held_fold
ISIC_2152051,0,0.005631387,held_fold
ISIC_2152755,0,0.56321067,held_fold
ISIC_2153201,0,0.0009820276,held_fold
ISIC_2153401,1,0.08909813,held_fold
ISIC_2153879,0,0.008508402,held_fold
ISIC_2155898,0,0.058656875,held_fold
ISIC_2159914,0,0.0004501995,held_fold
ISIC_2161864,0,0.0030774872,held_fold
ISIC_2161930,0,0.020629825,held_fold
ISIC_2168257,0,0.0007455972,held_fold
ISIC_2168953,0,0.0037824863,held_fold
ISIC_2170531,0,0.0031121164,held_fold
ISIC_2172377,0,0.014846435,held_fold
ISIC_2174204,0,0.0015570942,held_fold
ISIC_2175855,0,0.0053830915,held_fold
ISIC_2176370,0,0.00014758874,held_fold
ISIC_2179001,0,0.0005059492,held_fold
ISIC_2180439,0,0.0074865604,held_fold
ISIC_2185831,0,0.0021695471,held_fold
ISIC_2186496,0,0.014449203,held_fold
ISIC_2186828,0,0.0004238094,held_fold
ISIC_2188465,0,0.0011272797,held_fold
ISIC_2192666,0,0.0005485694,held_fold
ISIC_2193761,0,0.00052221614,held_fold
ISIC_2194968,0,0.033646032,held_fold
ISIC_2199969,0,0.054098267,held_fold
ISIC_2200426,0,0.00083133136,held_fold
ISIC_2203306,0,0.12936741,held_fold
ISIC_2205780,0,0.00050293776,held_fold
ISIC_2208668,0,0.0050274143,held_fold
ISIC_2211136,0,0.067982994,held_fold
ISIC_2212473,1,0.025212096,held_fold
ISIC_2215830,0,0.07534331,held_fold
ISIC_2216526,0,0.005471202,held_fold
ISIC_2217550,0,0.0006459382,held_fold
ISIC_2219050,0,0.0018694389,held_fold
ISIC_2219235,0,0.0021516164,held_fold
ISIC_2220508,0,0.0004726307,held_fold
ISIC_2222264,0,0.17076728,held_fold
ISIC_2222489,0,0.0052004745,held_fold
ISIC_2227830,0,0.00878732,held_fold
ISIC_2228270,0,0.0011236795,held_fold
ISIC_2229251,0,0.00035278656,held_fold
ISIC_2234023,0,0.0064795427,held_fold
ISIC_2241173,0,0.009908219,held_fold
ISIC_2241975,0,0.01015097,held_fold
ISIC_2243353,0,0.0002475527,held_fold
ISIC_2243954,0,0.0018374622,held_fold
ISIC_2244742,0,0.008829731,held_fold
ISIC_2245695,0,0.0006378937,held_fold
ISIC_2248305,0,0.01436467,held_fold
ISIC_2248956,0,0.0012370864,held_fold
ISIC_2255492,0,0.00675299,held_fold
ISIC_2262530,0,0.0038864366,held_fold
ISIC_2263311,0,0.00051019614,held_fold
ISIC_2265410,0,0.00033323685,held_fold
ISIC_2266011,0,0.005778843,held_fold
ISIC_2266857,0,0.004195485,held_fold
ISIC_2269849,0,0.05221213,held_fold
ISIC_2274871,0,0.019118594,held_fold
ISIC_2275181,0,0.00018447613,held_fold
ISIC_2275624,0,0.0021329853,held_fold
ISIC_2275821,0,0.00065260316,held_fold
ISIC_2276141,0,0.011521903,held_fold
ISIC_2280085,0,0.0067787506,held_fold
ISIC_2281048,0,0.02995577,held_fold
ISIC_2282086,0,0.03605628,held_fold
ISIC_2282330,0,0.0012085147,held_fold
ISIC_2282522,0,0.00050367246,held_fold
ISIC_2283628,0,0.0016152445,held_fold
ISIC_2284502,0,0.0011754832,held_fold
ISIC_2284633,0,0.007741543,held_fold
ISIC_2295998,0,0.001476681,held_fold
ISIC_2297858,0,0.00081670034,held_fold
ISIC_2313297,0,0.022455396,held_fold
ISIC_2316159,0,0.0002613602,held_fold
ISIC_2316827,0,0.02667895,held_fold
ISIC_2317156,0,0.00058647414,held_fold
ISIC_2318657,0,0.002261977,held_fold
ISIC_2318906,0,0.0018467271,held_fold
ISIC_2319122,0,0.00069538085,held_fold
ISIC_2321619,0,0.0011666158,held_fold
ISIC_2321671,0,0.002551479,held_fold
ISIC_2326984,0,0.0120420195,held_fold
ISIC_2328299,0,0.0011607142,held_fold
ISIC_2329701,0,0.0009994064,held_fold
ISIC_2337650,0,0.016490882,held_fold
ISIC_2337786,0,0.049764346,held_fold
ISIC_2339522,0,0.012645633,held_fold
ISIC_2347774,0,0.000808726,held_fold
ISIC_2348481,0,0.07047033,held_fold
ISIC_2349386,0,0.0009257248,held_fold
ISIC_2349743,0,0.0006945804,held_fold
ISIC_2355513,0,0.0026764288,held_fold
ISIC_2356841,0,0.00040327932,held_fold
ISIC_2357022,0,0.007660733,held_fold
ISIC_2357307,0,0.00056077674,held_fold
ISIC_2364189,0,0.010867254,held_fold
ISIC_2365588,0,0.01004009,held_fold
ISIC_2366196,0,0.038066674,held_fold
ISIC_2367392,0,0.005660185,held_fold
ISIC_2370650,0,0.0059402105,held_fold
ISIC_2371734,0,0.043861844,held_fold
ISIC_2373071,0,0.0044096694,held_fold
ISIC_2374446,0,0.010504498,held_fold
ISIC_2378303,0,0.051902723,held_fold
ISIC_2378495,0,0.0009595471,held_fold
ISIC_2382078,0,0.0056405123,held_fold
ISIC_2382323,0,0.0054604863,held_fold
ISIC_2383335,0,0.050643083,held_fold
ISIC_2383571,0,0.0033352058,held_fold
ISIC_2386668,0,0.010051439,held_fold
ISIC_2387403,0,0.0029321834,held_fold
ISIC_2387634,0,0.0017315494,held_fold
ISIC_2394780,0,0.0053680753,held_fold
ISIC_2394894,0,0.02035359,held_fold
ISIC_2396480,0,0.0005144501,held_fold
ISIC_2396791,0,0.0056845993,held_fold
ISIC_2397307,0,0.00019149228,held_fold
ISIC_2398131,0,0.0009443158,held_fold
ISIC_2399130,0,0.00036220535,held_fold
ISIC_2400177,0,0.007528474,held_fold
ISIC_2401705,0,0.0003318476,held_fold
ISIC_2402717,0,0.0012877826,held_fold
ISIC_2406580,0,0.0004442298,held_fold
ISIC_2406848,0,0.0012678934,held_fold
ISIC_2407132,0,0.0002772329,held_fold
ISIC_2407914,0,0.0012759609,held_fold
ISIC_2408815,1,0.007068148,held_fold
ISIC_2410842,0,0.06071386,held_fold
ISIC_2412426,0,0.07775649,held_fold
ISIC_2413429,0,0.0007563586,held_fold
ISIC_2415030,0,0.0015404425,held_fold
ISIC_2416792,0,0.0063737277,held_fold
ISIC_2417638,0,0.0013639643,held_fold
ISIC_2418848,0,0.0003895942,held_fold
ISIC_2418954,0,0.004951175,held_fold
ISIC_2419593,0,0.008559152,held_fold
ISIC_2420042,0,0.0012704864,held_fold
ISIC_2421521,0,0.0006120898,held_fold
ISIC_2425013,0,0.025349196,held_fold
ISIC_2427137,0,0.00066184695,held_fold
ISIC_2428554,0,0.07662432,held_fold
ISIC_2430137,0,0.020605635,held_fold
ISIC_2432058,0,0.051038954,held_fold
ISIC_2434382,0,0.0067070643,held_fold
ISIC_2437188,0,0.01986254,held_fold
ISIC_2438067,0,0.0003180356,held_fold
ISIC_2448123,1,0.003594154,held_fold
ISIC_2448210,0,0.0006782208,held_fold
ISIC_2452083,0,0.044812445,held_fold
ISIC_2452931,0,0.0011330012,held_fold
ISIC_2454475,0,0.112046674,held_fold
ISIC_2457132,0,0.0011341097,held_fold
ISIC_2457369,0,0.0011904456,held_fold
ISIC_2459772,0,0.00083954347,held_fold
ISIC_2462485,0,0.0015998465,held_fold
ISIC_2467125,0,0.00069185137,held_fold
ISIC_2468975,0,0.0003312401,held_fold
ISIC_2470542,0,0.004710288,held_fold
ISIC_2476876,0,0.0021651553,held_fold
ISIC_2477888,0,0.00074278034,held_fold
ISIC_2478012,0,0.0015532011,held_fold
ISIC_2480608,0,0.1173655,held_fold
ISIC_2480615,0,0.0039059026,held_fold
ISIC_2481230,0,0.0041778553,held_fold
ISIC_2482427,0,0.0024046768,held_fold
ISIC_2482653,0,0.085208215,held_fold
ISIC_2482687,0,0.0210717,held_fold
ISIC_2484586,0,0.015680015,held_fold
ISIC_2487061,0,0.14745322,held_fold
ISIC_2489471,0,0.0062437025,held_fold
ISIC_2490493,0,0.0034227036,held_fold
ISIC_2493432,0,0.00031236527,held_fold
ISIC_2494956,0,0.00032464933,held_fold
ISIC_2495303,0,0.00090651517,held_fold
ISIC_2496053,0,0.0018339115,held_fold
ISIC_2496374,0,0.00087177963,held_fold
ISIC_2499559,0,0.002489037,held_fold
ISIC_2499678,0,0.0038130356,held_fold
ISIC_2500087,0,0.0014866501,held_fold
ISIC_2502405,0,0.03429955,held_fold
ISIC_2502558,0,0.0008510663,held_fold
ISIC_2502855,0,0.002055041,held_fold
ISIC_2508032,0,0.0101579195,held_fold
ISIC_2509736,0,0.00091991597,held_fold
ISIC_2514994,0,0.0072034905,held_fold
ISIC_2515324,0,0.0020031226,held_fold
ISIC_2518672,0,0.035837676,held_fold
ISIC_2520419,0,0.00036760813,held_fold
ISIC_2521947,0,0.00080273283,held_fold
ISIC_2523922,0,0.002889537,held_fold
ISIC_2524005,0,0.0053773094,held_fold
ISIC_2525084,1,0.06592478,held_fold
ISIC_2527238,0,0.3770006,held_fold
ISIC_2527485,0,0.0006468975,held_fold
ISIC_2533114,0,0.06892225,held_fold
ISIC_2535541,1,0.124517374,held_fold
ISIC_2536728,0,0.038603593,held_fold
ISIC_2538378,0,0.0011253216,held_fold
ISIC_2538571,0,0.009458185,held_fold
ISIC_2539861,0,0.0019311605,held_fold
ISIC_2540408,0,0.037096046,held_fold
ISIC_2541562,0,0.000193122,held_fold
ISIC_2546094,0,0.03750772,held_fold
ISIC_2550872,0,0.014521386,held_fold
ISIC_2553784,0,0.015492073,held_fold
ISIC_2553976,0,0.0009955909,held_fold
ISIC_2555243,0,0.0008749598,held_fold
ISIC_2555358,0,0.0008980104,held_fold
ISIC_2555494,0,0.0010044388,held_fold
ISIC_2558189,0,0.00053050753,held_fold
ISIC_2558439,0,0.07467086,held_fold
ISIC_2559074,0,0.0009881486,held_fold
ISIC_2559472,0,0.07529275,held_fold
ISIC_2560645,0,0.0069693406,held_fold
ISIC_2563840,0,0.00066122215,held_fold
ISIC_2565512,0,0.0018427313,held_fold
ISIC_2565986,0,0.00055438717,held_fold
ISIC_2566365,0,0.02283707,held_fold
ISIC_2570708,0,0.011170091,held_fold
ISIC_2571614,0,0.0027014627,held_fold
ISIC_2572530,0,0.00088892604,held_fold
ISIC_2574197,0,0.0008544746,held_fold
ISIC_2574344,0,0.007765983,held_fold
ISIC_2574351,0,0.00038927753,held_fold
ISIC_2579390,0,0.024343142,held_fold
ISIC_2585066,0,0.04139749,held_fold
ISIC_2586708,0,0.001189727,held_fold
ISIC_2587955,0,0.0020257458,held_fold
ISIC_2594290,0,0.00032125544,held_fold
ISIC_2595590,0,0.002588143,held_fold
ISIC_2596574,0,0.0073975953,held_fold
ISIC_2597342,0,0.0016475861,held_fold
ISIC_2597975,0,0.0017049934,held_fold
ISIC_2598702,0,0.008272013,held_fold
ISIC_2600276,0,0.013128948,held_fold
ISIC_2601156,0,0.0036350128,held_fold
ISIC_2603420,0,0.0071514137,held_fold
ISIC_2605567,0,0.0040037395,held_fold
ISIC_2606194,0,0.011443428,held_fold
ISIC_2607010,0,0.01400707,held_fold
ISIC_2608471,0,0.0002774976,held_fold
ISIC_2613405,0,0.001465715,held_fold
ISIC_2616788,0,0.012478754,held_fold
ISIC_2618092,0,0.009947688,held_fold
ISIC_2620159,0,0.044368815,held_fold
ISIC_2621121,0,0.00034806877,held_fold
ISIC_2621493,0,0.019455416,held_fold
ISIC_2623707,0,0.02072109,held_fold
ISIC_2624189,0,0.001969014,held_fold
ISIC_2625884,0,0.011247334,held_fold
ISIC_2626310,0,0.0005793505,held_fold
ISIC_2629998,0,0.0030979058,held_fold
ISIC_2632471,0,0.00041159178,held_fold
ISIC_2636012,0,0.0020425003,held_fold
ISIC_2637014,0,0.0008160252,held_fold
ISIC_2641186,0,0.0013957695,held_fold
ISIC_2645314,0,0.0005158999,held_fold
ISIC_2645615,0,0.036255337,held_fold
ISIC_2647070,0,0.00024026324,held_fold
ISIC_2649999,0,0.036457844,held_fold
ISIC_2652721,0,0.0011427195,held_fold
ISIC_2653098,0,0.00041904845,held_fold
ISIC_2653824,0,0.011884516,held_fold
ISIC_2654412,0,0.009720481,held_fold
ISIC_2658858,0,0.004428649,held_fold
ISIC_2659107,0,0.00031971128,held_fold
ISIC_2664973,0,0.055702966,held_fold
ISIC_2665039,0,0.11057553,held_fold
ISIC_2665487,0,0.0023232552,held_fold
ISIC_2667784,0,0.0024080775,held_fold
ISIC_2667921,0,0.00056181784,held_fold
ISIC_2671038,0,0.00045191502,held_fold
ISIC_2671727,0,0.027308727,held_fold
ISIC_2672001,0,0.015601198,held_fold
ISIC_2672379,0,0.0006537274,held_fold
ISIC_2672587,0,0.00335189,held_fold
ISIC_2673586,0,0.00056658353,held_fold
ISIC_2676784,0,0.00507961,held_fold
ISIC_2680842,0,0.00216103,held_fold
ISIC_2682861,0,0.00058282143,held_fold
ISIC_2683125,0,0.0002540716,held_fold
ISIC_2684374,0,0.0002702232,held_fold
ISIC_2690733,0,0.0011533299,held_fold
ISIC_2691211,0,0.008088165,held_fold
ISIC_2700320,1,0.047114972,held_fold
ISIC_2700731,0,0.051680453,held_fold
ISIC_2703447,0,0.0054510757,held_fold
ISIC_2704072,0,0.03981012,held_fold
ISIC_2705052,0,0.0023408819,held_fold
ISIC_2707664,0,0.0002908785,held_fold
ISIC_2709109,0,0.0057293912,held_fold
ISIC_2709809,0,0.0005064534,held_fold
ISIC_2710887,0,0.07901412,held_fold
ISIC_2711946,0,0.0011242892,held_fold
ISIC_2716284,0,0.0074465545,held_fold
ISIC_2716925,0,0.00033166603,held_fold
ISIC_2717587,0,0.0036950589,held_fold
ISIC_2718135,0,0.0015831807,held_fold
ISIC_2718199,0,0.0008978538,held_fold
ISIC_2719558,0,0.014249782,held_fold
ISIC_2720231,0,0.00043620338,held_fold
ISIC_2721543,0,0.037300743,held_fold
ISIC_2722070,0,0.002339842,held_fold
ISIC_2729893,0,0.0012764242,held_fold
ISIC_2731386,0,0.00043197605,held_fold
ISIC_2732573,0,0.00034125842,held_fold
ISIC_2732720,0,0.0014043481,held_fold
ISIC_2733043,0,0.0019654592,held_fold
ISIC_2734817,0,0.046479188,held_fold
ISIC_2735051,0,0.0041145654,held_fold
ISIC_2735720,0,0.00021024822,held_fold
ISIC_2735846,0,0.02411966,held_fold
ISIC_2736793,0,0.0066928123,held_fold
ISIC_2738454,0,0.06718316,held_fold
ISIC_2740815,0,0.00063425844,held_fold
ISIC_2741984,0,0.008104222,held_fold
ISIC_2742870,0,0.00037859802,held_fold
ISIC_2746191,0,0.0137924645,held_fold
ISIC_2746282,0,0.0010498201,held_fold
ISIC_2746974,0,0.0022473126,held_fold
ISIC_2747749,0,0.0014084082,held_fold
ISIC_2748148,0,0.0014743964,held_fold
ISIC_2748736,0,0.00064539426,held_fold
ISIC_2751781,0,0.0007341568,held_fold
ISIC_2751896,0,0.012266178,held_fold
ISIC_2752297,0,0.0045920867,held_fold
ISIC_2753908,0,0.004981317,held_fold
ISIC_2754170,0,0.15703747,held_fold
ISIC_2754186,0,0.00089607097,held_fold
ISIC_2754616,0,0.0010492456,held_fold
ISIC_2755502,0,0.01876458,held_fold
ISIC_2757414,0,0.00052864663,held_fold
ISIC_2757957,0,0.0045359014,held_fold
ISIC_2763060,0,0.0014571394,held_fold
ISIC_2769292,0,0.0012205255,held_fold
ISIC_2772581,0,0.0011126853,held_fold
ISIC_2773044,0,0.0005734502,held_fold
ISIC_2773261,0,0.024008356,held_fold
ISIC_2773596,0,0.0002146813,held_fold
ISIC_2775157,0,0.018133314,held_fold
ISIC_2775638,0,0.035664584,held_fold
ISIC_2776906,1,0.105832465,held_fold
ISIC_2776986,0,0.06011142,held_fold
ISIC_2777137,0,0.00084849866,held_fold
ISIC_2786246,0,0.031571724,held_fold
ISIC_2790561,0,0.004583742,held_fold
ISIC_2793903,0,0.0005339096,held_fold
ISIC_2793989,0,0.017304702,held_fold
ISIC_2795397,0,0.019946175,held_fold
ISIC_2797898,0,0.00032991235,held_fold
ISIC_2799701,0,0.0009144773,held_fold
ISIC_2800198,0,0.06582869,held_fold
ISIC_2803212,0,0.00059219386,held_fold
ISIC_2803733,0,0.0009214525,held_fold
ISIC_2805634,0,0.00024787014,held_fold
ISIC_2808187,0,0.012510807,held_fold
ISIC_2810793,0,0.034822047,held_fold
ISIC_2811847,0,0.0014946986,held_fold
ISIC_2814675,0,0.001195646,held_fold
ISIC_2817348,0,0.0025847293,held_fold
ISIC_2818530,0,0.0018270749,held_fold
ISIC_2819721,0,0.0006577828,held_fold
ISIC_2820050,0,0.0002748375,held_fold
ISIC_2821172,0,0.0006497741,held_fold
ISIC_2822622,0,0.004142357,held_fold
ISIC_2823287,1,0.18614578,held_fold
ISIC_2824679,0,0.000569515,held_fold
ISIC_2829088,0,0.013446486,held_fold
ISIC_2832507,0,0.026375366,held_fold
ISIC_2834175,0,0.00046408587,held_fold
ISIC_2836038,0,0.0005076516,held_fold
ISIC_2837876,0,0.010898708,held_fold
ISIC_2838960,0,0.0060176034,held_fold
ISIC_2839053,0,0.027385408,held_fold
ISIC_2840136,0,0.013042698,held_fold
ISIC_2840727,0,0.001127073,held_fold
ISIC_2841630,0,0.00078563305,held_fold
ISIC_2844085,0,0.006033665,held_fold
ISIC_2845237,0,0.022329058,held_fold
ISIC_2845758,0,0.0005035016,held_fold
ISIC_2847358,0,0.00061562174,held_fold
ISIC_2849717,0,0.003972994,held_fold
ISIC_2850155,0,0.00052120385,held_fold
ISIC_2852497,0,0.108822055,held_fold
ISIC_2853981,0,0.025415512,held_fold
ISIC_2855191,0,0.0024362388,held_fold
ISIC_2858035,0,0.0045539797,held_fold
ISIC_2858419,0,0.0009873068,held_fold
ISIC_2859012,0,0.0007032245,held_fold
ISIC_2860230,0,0.007141278,held_fold
ISIC_2867740,0,0.0016715308,held_fold
ISIC_2871437,0,0.027108796,held_fold
ISIC_2872201,0,0.00036285596,held_fold
ISIC_2875622,0,0.00033510118,held_fold
ISIC_2879257,0,0.0006599127,held_fold
ISIC_2879512,0,0.00079279026,held_fold
ISIC_2887690,0,0.00051706913,held_fold
ISIC_2889208,0,0.052288402,held_fold
ISIC_2889670,0,0.0009580217,held_fold
ISIC_2889981,0,0.004075898,held_fold
ISIC_2894223,0,0.0002866531,held_fold
ISIC_2896341,0,0.0021116652,held_fold
ISIC_2898780,0,0.00039810696,held_fold
ISIC_2898886,0,0.01573519,held_fold
ISIC_2899829,0,0.0020705399,held_fold
ISIC_2901944,0,0.042988654,held_fold
ISIC_2912335,0,0.15982075,held_fold
ISIC_2914304,0,0.0014686743,held_fold
ISIC_2914353,0,0.0049609337,held_fold
ISIC_2915930,0,0.03395711,held_fold
ISIC_2917372,0,0.00032108402,held_fold
ISIC_2921679,0,0.042465493,held_fold
ISIC_2922270,0,0.00315685,held_fold
ISIC_2922381,0,0.017337335,held_fold
ISIC_2924281,0,0.07138826,held_fold
ISIC_2924418,0,0.0030023884,held_fold
ISIC_2924748,0,0.013323895,held_fold
ISIC_2924968,0,0.015094864,held_fold
ISIC_2927587,0,0.0003027225,held_fold
ISIC_2928278,0,0.00087250303,held_fold
ISIC_2932418,0,0.0014679513,held_fold
ISIC_2935987,0,0.00023663255,held_fold
ISIC_2938284,0,0.004647988,held_fold
ISIC_2939330,0,0.0049076383,held_fold
ISIC_2939734,0,0.00069251755,held_fold
ISIC_2942057,0,0.011346791,held_fold
ISIC_2945310,0,0.0004076839,held_fold
ISIC_2946999,0,0.005226763,held_fold
ISIC_2947038,0,0.008102287,held_fold
ISIC_2949980,0,0.0015815115,held_fold
ISIC_2951741,0,0.0013891059,held_fold
ISIC_2952684,0,0.00063992135,held_fold
ISIC_2954294,0,0.00057319447,held_fold
ISIC_2955499,0,0.08147269,held_fold
ISIC_2955610,0,0.008039528,held_fold
ISIC_2958240,0,0.0008454761,held_fold
ISIC_2961666,0,0.012225062,held_fold
ISIC_2962753,0,0.00040056396,held_fold
ISIC_2963478,0,0.014092518,held_fold
ISIC_2964397,0,0.0003513376,held_fold
ISIC_2968272,0,0.00034538537,held_fold
ISIC_2969055,0,0.0010133808,held_fold
ISIC_2969301,0,0.0007090478,held_fold
ISIC_2969373,0,0.019862702,held_fold
ISIC_2970632,0,0.48935926,held_fold
ISIC_2974884,0,0.00037412826,held_fold
ISIC_2977336,0,0.005040088,held_fold
ISIC_2979268,1,0.00062658224,held_fold
ISIC_2980633,0,0.009010502,held_fold
ISIC_2982357,0,0.00021505171,held_fold
ISIC_2982883,0,0.0050472673,held_fold
ISIC_2984214,0,0.0260832,held_fold
ISIC_2984437,0,0.0027609759,held_fold
ISIC_2984737,0,0.08310797,held_fold
ISIC_2985322,0,0.00208252,held_fold
ISIC_2985753,0,0.016572556,held_fold
ISIC_2985966,0,0.0010334689,held_fold
ISIC_2986014,0,0.00033352798,held_fold
ISIC_2989425,0,0.0005060505,held_fold
ISIC_2990228,0,0.010874432,held_fold
ISIC_2996391,0,0.0077759395,held_fold
ISIC_2996668,0,0.02360489,held_fold
ISIC_2998411,0,0.00019374577,held_fold
ISIC_2999582,0,0.012210301,held_fold
ISIC_3003273,0,0.00026241265,held_fold
ISIC_3003513,0,0.0011676885,held_fold
ISIC_3007232,0,0.0019079671,held_fold
ISIC_3008419,0,0.017077032,held_fold
ISIC_3009930,0,0.00035913457,held_fold
ISIC_3010487,0,0.009434306,held_fold
ISIC_3016696,0,0.00053020596,held_fold
ISIC_3016754,0,0.052720364,held_fold
ISIC_3017950,0,0.00069954584,held_fold
ISIC_3021188,0,0.0575196,held_fold
ISIC_3023901,0,0.0028855402,held_fold
ISIC_3024600,0,0.0013877763,held_fold
ISIC_3033120,0,0.0014020442,held_fold
ISIC_3038950,0,0.0048671635,held_fold
ISIC_3042091,0,0.00025820796,held_fold
ISIC_3042182,0,0.026861394,held_fold
ISIC_3042558,0,0.002596007,held_fold
ISIC_3043105,0,0.008291723,held_fold
ISIC_3046710,0,0.0024454799,held_fold
ISIC_3052675,0,0.00062396075,held_fold
ISIC_3054523,0,0.0034965135,held_fold
ISIC_3058625,0,0.0013948267,held_fold
ISIC_3060248,0,0.019713275,held_fold
ISIC_3062820,0,0.0030370555,held_fold
ISIC_3063260,0,0.0017734978,held_fold
ISIC_3063649,0,0.00026903246,held_fold
ISIC_3063923,0,0.041290246,held_fold
ISIC_3065254,0,0.001273776,held_fold
ISIC_3067522,0,0.00048413602,held_fold
ISIC_3070142,0,0.0053656287,held_fold
ISIC_3072143,0,0.00031764532,held_fold
ISIC_3072382,0,0.0077953306,held_fold
ISIC_3077866,0,0.030611115,held_fold
ISIC_3078678,0,0.00043430433,held_fold
ISIC_3079729,0,0.00038963507,held_fold
ISIC_3080307,0,0.009955138,held_fold
ISIC_3082841,0,0.031872544,held_fold
ISIC_3084791,0,0.041936893,held_fold
ISIC_3088518,0,0.12416932,held_fold
ISIC_3089388,0,0.00060272025,held_fold
ISIC_3090417,0,0.00092548586,held_fold
ISIC_3090572,0,0.0005249192,held_fold
ISIC_3090792,0,0.002319164,held_fold
ISIC_3091420,0,0.026934147,held_fold
ISIC_3092441,0,0.00638659,held_fold
ISIC_3093025,0,0.05920061,held_fold
ISIC_3093069,0,0.00026905222,held_fold
ISIC_3093810,0,0.0005897403,held_fold
ISIC_3096269,0,0.012780552,held_fold
ISIC_3097899,0,0.025966274,held_fold
ISIC_3097976,0,0.05459706,held_fold
ISIC_3098299,0,0.0031721145,held_fold
ISIC_3098342,0,0.00060179376,held_fold
ISIC_3102011,0,0.0007118593,held_fold
ISIC_3105314,0,0.020796102,held_fold
ISIC_3110425,0,0.00058218214,held_fold
ISIC_3110946,0,0.029412996,held_fold
ISIC_3111635,0,0.0011299374,held_fold
ISIC_3114066,0,0.005358201,held_fold
ISIC_3115568,0,0.0045697433,held_fold
ISIC_3117977,0,0.0032012628,held_fold
ISIC_3123718,0,0.0009956828,held_fold
ISIC_3123835,0,0.0014335007,held_fold
ISIC_3125078,0,0.002663489,held_fold
ISIC_3125318,0,0.00024839488,held_fold
ISIC_3126161,0,0.0054117073,held_fold
ISIC_3126619,0,0.006747382,held_fold
ISIC_3127347,0,0.00378923,held_fold
ISIC_3131821,0,0.0009840638,held_fold
ISIC_3133127,0,0.00039261606,held_fold
ISIC_3134556,0,0.00025598155,held_fold
ISIC_3135594,0,0.000628197,held_fold
ISIC_3136263,0,0.00034324123,held_fold
ISIC_3136818,0,0.0065695504,held_fold
ISIC_3137003,0,0.0033307679,held_fold
ISIC_3143604,0,0.0006843865,held_fold
ISIC_3145458,0,0.03418978,held_fold
ISIC_3146074,0,0.0008278077,held_fold
ISIC_3147179,0,0.028713373,held_fold
ISIC_3149717,0,0.016470987,held_fold
ISIC_3152572,0,0.00063389644,held_fold
ISIC_3154716,0,0.0118054245,held_fold
ISIC_3157046,0,0.0020731192,held_fold
ISIC_3157385,0,0.011712842,held_fold
ISIC_3157921,0,0.00037951514,held_fold
ISIC_3160147,0,0.02009977,held_fold
ISIC_3160224,0,0.00031965369,held_fold
ISIC_3161358,0,0.036991507,held_fold
ISIC_3161477,0,0.005753382,held_fold
ISIC_3163216,0,0.0010445118,held_fold
ISIC_3165198,0,0.014885065,held_fold
ISIC_3166276,0,0.026560571,held_fold
ISIC_3172196,0,0.009158409,held_fold
ISIC_3172815,0,0.43999147,held_fold
ISIC_3173007,0,0.0017272523,held_fold
ISIC_3175723,0,0.0009083465,held_fold
ISIC_3176296,0,0.0013618091,held_fold
ISIC_3176566,0,0.002668313,held_fold
ISIC_3180108,0,0.0029246078,held_fold
ISIC_3180138,0,0.00038838756,held_fold
ISIC_3181358,0,0.00095365616,held_fold
ISIC_3182075,0,0.0018355051,held_fold
ISIC_3183653,0,0.013340121,held_fold
ISIC_3185524,0,0.019514421,held_fold
ISIC_3186625,0,0.047080386,held_fold
ISIC_3187746,0,0.0006349809,held_fold
ISIC_3188758,0,0.00053296715,held_fold
ISIC_3189075,0,0.0006328588,held_fold
ISIC_3190790,0,0.0015843563,held_fold
ISIC_3191602,0,0.0009165578,held_fold
ISIC_3191646,0,0.01096803,held_fold
ISIC_3196630,0,0.08150218,held_fold
ISIC_3199821,0,0.01348408,held_fold
ISIC_3202724,0,0.00033590867,held_fold
ISIC_3203303,0,0.010452813,held_fold
ISIC_3204621,0,0.09850099,held_fold
ISIC_3206207,0,0.003775668,held_fold
ISIC_3209363,0,0.00018516535,held_fold
ISIC_3209456,0,0.000706979,held_fold
ISIC_3211631,0,0.0009493975,held_fold
ISIC_3211915,0,0.0010422305,held_fold
ISIC_3212050,0,0.003003392,held_fold
ISIC_3215397,0,0.0020321927,held_fold
ISIC_3217658,0,0.013168727,held_fold
ISIC_3218245,0,0.0105251875,held_fold
ISIC_3220970,0,0.00039192318,held_fold
ISIC_3223762,0,0.0010923945,held_fold
ISIC_3224181,0,0.0011791689,held_fold
ISIC_3224643,0,0.0016691786,held_fold
ISIC_3224794,0,0.00037373774,held_fold
ISIC_3225754,0,0.0018728114,held_fold
ISIC_3226667,0,0.071684435,held_fold
ISIC_3228015,0,0.013005088,held_fold
ISIC_3229171,0,0.00030209313,held_fold
ISIC_3229755,0,0.012369377,held_fold
ISIC_3230630,0,0.00044642983,held_fold
ISIC_3232329,0,0.010549688,held_fold
ISIC_3235868,0,0.0005778824,held_fold
ISIC_3236964,0,0.001306559,held_fold
ISIC_3242282,0,0.0012980712,held_fold
ISIC_3244067,1,0.03343468,held_fold
ISIC_3246752,0,0.00048414108,held_fold
ISIC_3250584,0,0.035926,held_fold
ISIC_3251421,0,0.00021426597,held_fold
ISIC_3251951,0,0.0014987733,held_fold
ISIC_3252522,0,0.09907867,held_fold
ISIC_3253484,1,0.18676938,held_fold
ISIC_3256966,0,0.023687387,held_fold
ISIC_3258598,0,0.0053985952,held_fold
ISIC_3259494,0,0.00792893,held_fold
ISIC_3260068,0,0.0013959821,held_fold
ISIC_3260211,0,0.009922239,held_fold
ISIC_3260549,0,0.01462616,held_fold
ISIC_3260571,0,0.00058377214,held_fold
ISIC_3260649,0,0.026746066,held_fold
ISIC_3262153,0,0.041963376,held_fold
ISIC_3264124,0,0.003650242,held_fold
ISIC_3266797,0,0.009726349,held_fold
ISIC_3267259,0,0.00027428777,held_fold
ISIC_3269018,0,0.0111365495,held_fold
ISIC_3270588,0,0.027429998,held_fold
ISIC_3272470,0,0.00056842284,held_fold
ISIC_3273115,0,0.061985224,held_fold
ISIC_3277722,0,0.022267101,held_fold
ISIC_3279911,0,0.00037230356,held_fold
ISIC_3287807,0,0.0014507938,held_fold
ISIC_3288342,0,0.0013274078,held_fold
ISIC_3292915,0,0.0006930332,held_fold
ISIC_3296079,0,0.0008046194,held_fold
ISIC_3298596,0,0.00025534045,held_fold
ISIC_3299433,0,0.00092808815,held_fold
ISIC_3300710,0,0.004296327,held_fold
ISIC_3301164,0,0.026297221,held_fold
ISIC_3302126,0,0.0007870263,held_fold
ISIC_3305468,0,0.006589032,held_fold
ISIC_3308635,0,0.001305082,held_fold
ISIC_3310625,0,0.0008908195,held_fold
ISIC_3310739,0,0.00046701587,held_fold
ISIC_3314853,0,0.0010098919,held_fold
ISIC_3315713,0,0.015914254,held_fold
ISIC_3316641,0,0.0147128515,held_fold
ISIC_3316688,0,0.0046826424,held_fold
ISIC_3318860,0,0.017563244,held_fold
ISIC_3324479,0,0.0010595027,held_fold
ISIC_3326704,0,0.087417915,held_fold
ISIC_3331533,0,0.0035669364,held_fold
ISIC_3332207,0,0.015027257,held_fold
ISIC_3332756,0,0.014676682,held_fold
ISIC_3341471,0,0.0016648339,held_fold
ISIC_3341710,1,0.47784668,held_fold
ISIC_3341994,0,0.086289674,held_fold
ISIC_3342067,0,0.0115622245,held_fold
ISIC_3342276,0,0.003907157,held_fold
ISIC_3345230,0,0.0019085321,held_fold
ISIC_3348086,0,0.007703637,held_fold
ISIC_3348306,0,0.00030258804,held_fold
ISIC_3349107,0,0.0014126094,held_fold
ISIC_3350052,0,0.0126061905,held_fold
ISIC_3351880,0,0.0011219804,held_fold
ISIC_3354831,0,0.0019126293,held_fold
ISIC_3358896,0,0.00030507162,held_fold
ISIC_3361126,0,0.0049712355,held_fold
ISIC_3361690,0,0.0012686423,held_fold
ISIC_3365320,0,0.0012640913,held_fold
ISIC_3365692,0,0.00036916914,held_fold
ISIC_3370255,0,0.0003992399,held_fold
ISIC_3375921,0,0.003371832,held_fold
ISIC_3377082,0,0.0009705829,held_fold
ISIC_3377282,0,0.0025801985,held_fold
ISIC_3378194,0,0.0012306203,held_fold
ISIC_3380212,0,0.02314424,held_fold
ISIC_3382231,0,0.016164495,held_fold
ISIC_3383330,0,0.0074966014,held_fold
ISIC_3389740,0,0.0033524188,held_fold
ISIC_3395488,0,0.0027903786,held_fold
ISIC_3397583,0,0.008694177,held_fold
ISIC_3397764,0,0.045059144,held_fold
ISIC_3399603,0,0.015395042,held_fold
ISIC_3403144,0,0.0016918716,held_fold
ISIC_3406319,0,0.0011234012,held_fold
ISIC_3407960,0,0.02112677,held_fold
ISIC_3408080,0,0.015694933,held_fold
ISIC_3408231,1,0.04426765,held_fold
ISIC_3408383,0,0.00046171388,held_fold
ISIC_3410530,0,0.0057064127,held_fold
ISIC_3413657,0,0.0032453896,held_fold
ISIC_3415967,0,0.0014716288,held_fold
ISIC_3416107,1,0.06921482,held_fold
ISIC_3416130,0,0.000484942,held_fold
ISIC_3420287,0,0.00095416966,held_fold
ISIC_3420831,0,0.05219321,held_fold
ISIC_3424154,0,0.0034724672,held_fold
ISIC_3424207,0,0.009526313,held_fold
ISIC_3424634,0,0.00022724761,held_fold
ISIC_3425388,0,0.002957305,held_fold
ISIC_3425896,0,0.0032262744,held_fold
ISIC_3426857,0,0.007007328,held_fold
ISIC_3428559,0,0.008988465,held_fold
ISIC_3428894,0,0.0010966779,held_fold
ISIC_3429014,0,0.00059614726,held_fold
ISIC_3429552,0,0.058644228,held_fold
ISIC_3429860,0,0.033449642,held_fold
ISIC_3431064,0,0.018786285,held_fold
ISIC_3432318,0,0.007264528,held_fold
ISIC_3434670,0,0.011816449,held_fold
ISIC_3435747,0,0.0002910699,held_fold
ISIC_3440002,0,0.00031701877,held_fold
ISIC_3441196,0,0.0009785113,held_fold
ISIC_3441698,0,0.0040877243,held_fold
ISIC_3443898,0,0.0010026539,held_fold
ISIC_3444221,0,0.002949111,held_fold
ISIC_3446591,0,0.00058484415,held_fold
ISIC_3448409,0,0.007864356,held_fold
ISIC_3449079,0,0.00078144355,held_fold
ISIC_3453060,0,0.00053666753,held_fold
ISIC_3456094,0,0.03090311,held_fold
ISIC_3464226,0,0.005856123,held_fold
ISIC_3469260,0,0.032786097,held_fold
ISIC_3469442,0,0.0006264455,held_fold
ISIC_3470824,0,0.019631548,held_fold
ISIC_3474609,0,0.0018511553,held_fold
ISIC_3479948,0,0.002040337,held_fold
ISIC_3481509,0,0.01912991,held_fold
ISIC_3484722,0,0.0011723434,held_fold
ISIC_3485300,0,0.0010849719,held_fold
ISIC_3485482,0,0.0050108237,held_fold
ISIC_3485557,0,0.0005924299,held_fold
ISIC_3488556,0,0.0023212128,held_fold
ISIC_3489630,0,0.004986453,held_fold
ISIC_3492490,0,0.02121539,held_fold
ISIC_3493050,0,0.0018424505,held_fold
ISIC_3496369,0,0.0080512175,held_fold
ISIC_3497346,0,0.0017957208,held_fold
ISIC_3498983,0,0.0076108417,held_fold
ISIC_3499071,0,0.011836711,held_fold
ISIC_3501271,0,0.000829575,held_fold
ISIC_3502577,0,0.0008094694,held_fold
ISIC_3507444,0,0.13029528,held_fold
ISIC_3507446,0,0.0024379338,held_fold
ISIC_3508192,0,0.0022295634,held_fold
ISIC_3509250,0,0.00042376394,held_fold
ISIC_3509838,0,0.0018442106,held_fold
ISIC_3510941,0,0.03226928,held_fold
ISIC_3513367,0,0.066116214,held_fold
ISIC_3520591,0,0.010637039,held_fold
ISIC_3521736,0,0.00071542605,held_fold
ISIC_3521744,0,0.014203719,held_fold
ISIC_3522342,0,0.00023205187,held_fold
ISIC_3523476,0,0.0003501831,held_fold
ISIC_3524546,0,0.00024491674,held_fold
ISIC_3526017,0,0.0004652696,held_fold
ISIC_3526122,0,0.045959037,held_fold
ISIC_3529572,0,0.7039099,held_fold
ISIC_3529778,0,0.0011429547,held_fold
ISIC_3529922,0,0.013065987,held_fold
ISIC_3530337,0,0.016633742,held_fold
ISIC_3534633,0,0.03474539,held_fold
ISIC_3535007,0,0.011710943,held_fold
ISIC_3536858,0,0.00087848475,held_fold
ISIC_3537768,0,0.0010273135,held_fold
ISIC_3543244,0,0.00080424955,held_fold
ISIC_3548927,0,0.048283555,held_fold
ISIC_3549384,0,0.00081231055,held_fold
ISIC_3549984,0,0.015095141,held_fold
ISIC_3550939,0,0.001983622,held_fold
ISIC_3552245,0,0.08167435,held_fold
ISIC_3556190,0,0.09575893,held_fold
ISIC_3556200,0,0.00032400773,held_fold
ISIC_3556980,0,0.0007525823,held_fold
ISIC_3558634,0,0.00053253805,held_fold
ISIC_3559222,0,0.0006683796,held_fold
ISIC_3560466,0,0.010053944,held_fold
ISIC_3561065,1,0.043445066,held_fold
ISIC_3561857,0,0.00042504136,held_fold
ISIC_3563234,0,0.0013249499,held_fold
ISIC_3564263,0,0.0054380186,held_fold
ISIC_3564897,0,0.0006385168,held_fold
ISIC_3567352,0,0.014318855,held_fold
ISIC_3569794,0,0.00049349654,held_fold
ISIC_3571523,0,0.0004227506,held_fold
ISIC_3575777,0,0.16793129,held_fold
ISIC_3578186,0,0.0104814675,held_fold
ISIC_3579477,0,0.001380306,held_fold
ISIC_3579853,0,0.00077656965,held_fold
ISIC_3586480,0,0.0009426043,held_fold
ISIC_3586824,0,0.00022114969,held_fold
ISIC_3590167,1,0.020224212,held_fold
ISIC_3592731,0,0.011159062,held_fold
ISIC_3593240,0,0.00029992213,held_fold
ISIC_3593382,0,0.010500019,held_fold
ISIC_3593988,0,0.00052480464,held_fold
ISIC_3594764,0,0.0008259825,held_fold
ISIC_3594774,0,0.01919547,held_fold
ISIC_3595825,0,0.020401996,held_fold
ISIC_3595918,0,0.00053960667,held_fold
ISIC_3596219,0,0.010967276,held_fold
ISIC_3597277,0,0.0005578673,held_fold
ISIC_3597812,0,0.00067551126,held_fold
ISIC_3597870,0,0.052221168,held_fold
ISIC_3598604,0,0.00020063271,held_fold
ISIC_3599489,0,0.016487325,held_fold
ISIC_3599724,0,0.0030540512,held_fold
ISIC_3601052,0,0.0008773696,held_fold
ISIC_3601493,0,0.0058471137,held_fold
ISIC_3603228,0,0.0009950281,held_fold
ISIC_3603704,0,0.0003749852,held_fold
ISIC_3604100,0,0.00026197967,held_fold
ISIC_3604975,0,0.00022079068,held_fold
ISIC_3608670,0,0.02519539,held_fold
ISIC_3609265,0,0.014412135,held_fold
ISIC_3609379,0,0.005832267,held_fold
ISIC_3613012,0,0.001047206,held_fold
ISIC_3621887,0,0.00811839,held_fold
ISIC_3622949,0,0.02738017,held_fold
ISIC_3623868,0,0.03219705,held_fold
ISIC_3624069,0,0.0009908576,held_fold
ISIC_3627732,0,0.001233792,held_fold
ISIC_3628451,0,0.04357493,held_fold
ISIC_3628831,0,0.025208406,held_fold
ISIC_3631165,0,0.0008352618,held_fold
ISIC_3633227,0,0.00024300428,held_fold
ISIC_3633306,0,0.0067664846,held_fold
ISIC_3633436,0,0.0005965832,held_fold
ISIC_3633707,0,0.02477744,held_fold
ISIC_3635014,0,0.003825423,held_fold
ISIC_3635280,0,0.0009270475,held_fold
ISIC_3642011,0,0.0011753921,held_fold
ISIC_3646670,0,0.0006044023,held_fold
ISIC_3649632,0,0.0009188591,held_fold
ISIC_3650533,0,0.002422023,held_fold
ISIC_3651451,0,0.0006523525,held_fold
ISIC_3652884,0,0.0006725579,held_fold
ISIC_3653733,0,0.010194451,held_fold
ISIC_3657135,0,0.001593407,held_fold
ISIC_3657386,0,0.00072374276,held_fold
ISIC_3658449,0,0.00029702758,held_fold
ISIC_3659906,0,0.00078521983,held_fold
ISIC_3662678,0,0.00088903157,held_fold
ISIC_3665298,0,0.00026506852,held_fold
ISIC_3669736,0,0.0033939418,held_fold
ISIC_3670261,0,0.01366193,held_fold
ISIC_3671169,0,0.0021239663,held_fold
ISIC_3671274,0,0.009547443,held_fold
ISIC_3673517,0,0.032151006,held_fold
ISIC_3678586,0,0.009627317,held_fold
ISIC_3678595,0,0.06521256,held_fold
ISIC_3682700,0,0.00039087952,held_fold
ISIC_3686179,0,0.016021883,held_fold
ISIC_3686815,0,0.00036664846,held_fold
ISIC_3687263,0,0.0005016503,held_fold
ISIC_3688362,0,0.0008058948,held_fold
ISIC_3688410,0,0.010692855,held_fold
ISIC_3691714,0,0.008962812,held_fold
ISIC_3692092,0,0.04623591,held_fold
ISIC_3692753,0,0.0005975902,held_fold
ISIC_3692776,0,0.20758975,held_fold
ISIC_3692952,0,0.01699368,held_fold
ISIC_3693018,0,0.0028179258,held_fold
ISIC_3693367,0,0.015375206,held_fold
ISIC_3693934,0,0.00019198902,held_fold
ISIC_3694619,0,0.02260909,held_fold
ISIC_3695635,0,0.0011285594,held_fold
ISIC_3700360,0,0.01419456,held_fold
ISIC_3700928,0,0.020842364,held_fold
ISIC_3701887,0,0.0009956643,held_fold
ISIC_3702454,0,0.00013629874,held_fold
ISIC_3702724,0,0.039652828,held_fold
ISIC_3706973,0,0.024488697,held_fold
ISIC_3709724,0,0.033641614,held_fold
ISIC_3716384,0,0.0033315876,held_fold
ISIC_3716504,0,0.0198214,held_fold
ISIC_3717769,0,0.014506652,held_fold
ISIC_3720117,0,0.00063372613,held_fold
ISIC_3721600,0,0.00049796386,held_fold
ISIC_3723065,0,0.0076851454,held_fold
ISIC_3724089,0,0.0014383977,held_fold
ISIC_3724491,0,0.06207614,held_fold
ISIC_3727856,0,0.0016592093,held_fold
ISIC_3729749,0,0.0021007792,held_fold
ISIC_3729849,0,0.0012099296,held_fold
ISIC_3730507,0,0.02663933,held_fold
ISIC_3734724,0,0.007105838,held_fold
ISIC_3734966,0,0.037142307,held_fold
ISIC_3735143,0,0.00044080077,held_fold
ISIC_3737739,0,0.0022896347,held_fold
ISIC_3738157,0,0.102579325,held_fold
ISIC_3740449,0,0.0005923711,held_fold
ISIC_3740798,0,0.046866875,held_fold
ISIC_3742028,0,0.0032947762,held_fold
ISIC_3742633,0,0.00027205577,held_fold
ISIC_3746471,0,0.00041439093,held_fold
ISIC_3746922,0,0.00046821113,held_fold
ISIC_3747575,0,0.00038439763,held_fold
ISIC_3749320,0,0.005485512,held_fold
ISIC_3753216,0,0.023046607,held_fold
ISIC_3754247,0,0.008145736,held_fold
ISIC_3754466,0,0.0005333819,held_fold
ISIC_3757400,0,0.0019226148,held_fold
ISIC_3760018,0,0.025289746,held_fold
ISIC_3760156,0,0.25714046,held_fold
ISIC_3760796,0,0.02491932,held_fold
ISIC_3761071,0,0.001283212,held_fold
ISIC_3762459,0,0.00023338739,held_fold
ISIC_3768097,0,0.0011186177,held_fold
ISIC_3769071,0,0.0033750932,held_fold
ISIC_3770380,0,0.00036980672,held_fold
ISIC_3772941,0,0.0013910506,held_fold
ISIC_3777026,0,0.0011905312,held_fold
ISIC_3779093,0,0.00020905244,held_fold
ISIC_3779424,0,0.000616976,held_fold
ISIC_3782451,0,0.000981536,held_fold
ISIC_3783241,0,0.050209966,held_fold
ISIC_3783898,0,0.0010552448,held_fold
ISIC_3784838,0,0.0019111517,held_fold
ISIC_3786438,0,0.00022948548,held_fold
ISIC_3789405,0,0.0013681725,held_fold
ISIC_3791435,0,0.007587012,held_fold
ISIC_3796594,0,0.00030714102,held_fold
ISIC_3797073,0,0.0017634864,held_fold
ISIC_3797573,0,0.02197846,held_fold
ISIC_3800435,0,0.0047542634,held_fold
ISIC_3800470,0,0.0017076642,held_fold
ISIC_3807708,0,0.0072603202,held_fold
ISIC_3808007,0,0.005777331,held_fold
ISIC_3809013,0,0.0014497095,held_fold
ISIC_3810274,0,0.004713933,held_fold
ISIC_3814474,0,0.00409779,held_fold
ISIC_3814807,0,0.0084680775,held_fold
ISIC_3816423,0,0.0091253435,held_fold
ISIC_3817719,1,0.21327974,held_fold
ISIC_3820232,0,0.0023154279,held_fold
ISIC_3820533,0,0.0036664407,held_fold
ISIC_3821242,1,0.34929815,held_fold
ISIC_3824206,1,0.107116126,held_fold
ISIC_3825762,0,0.0004543846,held_fold
ISIC_3826602,0,0.00072373037,held_fold
ISIC_3828561,0,0.0012970997,held_fold
ISIC_3830701,0,0.00055723864,held_fold
ISIC_3831858,0,0.005343958,held_fold
ISIC_3832462,0,0.12618408,held_fold
ISIC_3833013,0,0.0732612,held_fold
ISIC_3834379,0,0.0064972173,held_fold
ISIC_3835100,0,0.0006069734,held_fold
ISIC_3836174,0,0.0115479175,held_fold
ISIC_3844080,0,0.0019536493,held_fold
ISIC_3844151,0,0.0007541393,held_fold
ISIC_3844983,0,0.0003660022,held_fold
ISIC_3846648,0,0.011620319,held_fold
ISIC_3846727,0,0.0018952353,held_fold
ISIC_3849316,0,0.0023195678,held_fold
ISIC_3852802,0,0.002779144,held_fold
ISIC_3856233,0,0.0021472853,held_fold
ISIC_3856926,0,0.0006276342,held_fold
ISIC_3858113,0,0.00047981468,held_fold
ISIC_3858798,0,0.0057964916,held_fold
ISIC_3859068,0,0.0119599765,held_fold
ISIC_3863610,0,0.0010055599,held_fold
ISIC_3864842,0,0.0019450289,held_fold
ISIC_3865993,0,0.006943592,held_fold
ISIC_3866054,0,0.00040287813,held_fold
ISIC_3866641,0,0.0033280589,held_fold
ISIC_3866946,0,0.0008238346,held_fold
ISIC_3871230,0,0.007365049,held_fold
ISIC_3871414,0,0.020169703,held_fold
ISIC_3871468,0,0.21490833,held_fold
ISIC_3872019,0,0.00765608,held_fold
ISIC_3877974,0,0.00017467137,held_fold
ISIC_3878213,0,0.02667709,held_fold
ISIC_3880459,0,0.0009898018,held_fold
ISIC_3881573,0,0.008257274,held_fold
ISIC_3882374,0,0.00071382016,held_fold
ISIC_3882400,0,0.0003066334,held_fold
ISIC_3884285,0,0.000646919,held_fold
ISIC_3884719,0,0.016667712,held_fold
ISIC_3887465,0,0.010008789,held_fold
ISIC_3888054,0,0.0005255415,held_fold
ISIC_3888070,0,0.00042175676,held_fold
ISIC_3888550,0,0.00092346437,held_fold
ISIC_3888713,0,0.0022927565,held_fold
ISIC_3892185,0,0.0048869774,held_fold
ISIC_3894224,0,0.021283716,held_fold
ISIC_3906303,0,0.005063812,held_fold
ISIC_3911901,0,0.0126912715,held_fold
ISIC_3913561,0,0.0024835605,held_fold
ISIC_3915289,0,0.0007116484,held_fold
ISIC_3916565,0,0.0036115714,held_fold
ISIC_3919752,0,0.00048629084,held_fold
ISIC_3931132,0,0.006704482,held_fold
ISIC_3933658,0,0.007467433,held_fold
ISIC_3942947,0,0.0499433,held_fold
ISIC_3945469,0,0.00038794853,held_fold
ISIC_3945984,0,0.011184853,held_fold
ISIC_3946914,0,0.0040356405,held_fold
ISIC_3948041,0,0.0009372856,held_fold
ISIC_3948221,0,0.0030055072,held_fold
ISIC_3948344,0,0.0038942695,held_fold
ISIC_3950408,0,0.00061960594,held_fold
ISIC_3950474,0,0.027937412,held_fold
ISIC_3950753,0,0.000536417,held_fold
ISIC_3951677,0,0.050515953,held_fold
ISIC_3951907,0,0.15032105,held_fold
ISIC_3952030,0,0.009395048,held_fold
ISIC_3952709,0,0.00071754993,held_fold
ISIC_3956335,0,0.0041705887,held_fold
ISIC_3956570,0,0.008735304,held_fold
ISIC_3957475,0,0.0008383818,held_fold
ISIC_3958111,0,0.0012343694,held_fold
ISIC_3959262,0,0.0036354878,held_fold
ISIC_3959888,0,0.008058449,held_fold
ISIC_3961101,0,0.0026150555,held_fold
ISIC_3963183,1,0.2342409,held_fold
ISIC_3965872,0,0.001846459,held_fold
ISIC_3966717,0,0.011097601,held_fold
ISIC_3971712,0,0.0002041685,held_fold
ISIC_3971920,0,0.002996918,held_fold
ISIC_3972249,0,0.07653494,held_fold
ISIC_3972569,0,0.0007191964,held_fold
ISIC_3975133,0,0.0026558684,held_fold
ISIC_3975143,0,0.033347167,held_fold
ISIC_3975294,0,0.0030921458,held_fold
ISIC_3975427,0,0.00044949428,held_fold
ISIC_3975743,0,0.052726023,held_fold
ISIC_3976718,0,0.0002784939,held_fold
ISIC_3978040,0,0.00038999142,held_fold
ISIC_3978732,0,0.00044130592,held_fold
ISIC_3979323,0,0.03125474,held_fold
ISIC_3981900,0,0.0003492268,held_fold
ISIC_3985273,0,0.00043722417,held_fold
ISIC_3990092,0,0.0054136943,held_fold
ISIC_3990124,0,0.00820296,held_fold
ISIC_3992201,0,0.046125066,held_fold
ISIC_3997331,0,0.014783373,held_fold
ISIC_3998204,0,0.0049259616,held_fold
ISIC_3998579,0,0.037714463,held_fold
ISIC_4003877,0,0.00100113,held_fold
ISIC_4015361,0,0.00038023363,held_fold
ISIC_4015764,0,0.00077368494,held_fold
ISIC_4022642,0,0.0008228739,held_fold
ISIC_4024333,0,0.0025624218,held_fold
ISIC_4026943,0,0.009626235,held_fold
ISIC_4032638,0,0.0006557938,held_fold
ISIC_4039290,0,0.009085969,held_fold
ISIC_4042947,0,0.024308821,held_fold
ISIC_4043580,0,0.0014353825,held_fold
ISIC_4045231,0,0.0050288006,held_fold
ISIC_4046045,0,0.0033575853,held_fold
ISIC_4047707,0,0.16891593,held_fold
ISIC_4048449,0,0.00053729356,held_fold
ISIC_4048509,0,0.0009535686,held_fold
ISIC_4049598,0,0.0007584005,held_fold
ISIC_4049855,0,0.0014988483,held_fold
ISIC_4050422,0,0.0009987254,held_fold
ISIC_4052597,0,0.044760387,held_fold
ISIC_4052659,0,0.0024674817,held_fold
ISIC_4053220,0,0.00049159507,held_fold
ISIC_4056017,0,0.02511126,held_fold
ISIC_4056158,0,0.00032271422,held_fold
ISIC_4057501,0,0.0006963697,held_fold
ISIC_4057921,0,0.0046770186,held_fold
ISIC_4063097,0,0.0017629109,held_fold
ISIC_4063390,0,0.010493106,held_fold
ISIC_4064041,0,0.000653397,held_fold
ISIC_4065034,0,0.00644499,held_fold
ISIC_4065779,0,0.0010271663,held_fold
ISIC_4066013,0,0.0015969609,held_fold
ISIC_4066094,0,0.008736766,held_fold
ISIC_4066314,0,0.007968178,held_fold
ISIC_4071099,0,0.00066712435,held_fold
ISIC_4072073,0,0.00020786902,held_fold
ISIC_4074537,0,0.00045783972,held_fold
ISIC_4076162,0,0.0012348442,held_fold
ISIC_4077664,0,0.00081113906,held_fold
ISIC_4082318,0,0.0017873163,held_fold
ISIC_4082515,0,0.0076017315,held_fold
ISIC_4084359,0,0.0014789884,held_fold
ISIC_4084878,0,0.00086161343,held_fold
ISIC_4086323,0,0.0018142099,held_fold
ISIC_4086529,0,0.0013809885,held_fold
ISIC_4090161,0,0.0004689043,held_fold
ISIC_4090811,0,0.0003676812,held_fold
ISIC_4092249,0,0.009992227,held_fold
ISIC_4092478,0,0.0007954831,held_fold
ISIC_4093484,0,0.0005478964,held_fold
ISIC_4094763,0,0.0005752564,held_fold
ISIC_4095559,0,0.011892218,held_fold
ISIC_4098925,0,0.004084111,held_fold
ISIC_4099428,0,0.035123758,held_fold
ISIC_4100970,0,0.0012313342,held_fold
ISIC_4102250,0,0.00052763504,held_fold
ISIC_4103653,0,0.0006829362,held_fold
ISIC_4104378,0,0.009457989,held_fold
ISIC_4109725,0,0.030218074,held_fold
ISIC_4110997,0,0.0026096732,held_fold
ISIC_4112392,0,0.00070603203,held_fold
ISIC_4112409,0,0.0006433964,held_fold
ISIC_4113246,0,0.0033561701,held_fold
ISIC_4116553,0,0.033581004,held_fold
ISIC_4118525,0,0.01594179,held_fold
ISIC_4120704,0,0.0042366795,held_fold
ISIC_4123007,0,0.000681934,held_fold
ISIC_4124060,0,0.00070664193,held_fold
ISIC_4127016,0,0.0008865619,held_fold
ISIC_4127065,0,0.0042581316,held_fold
ISIC_4129321,0,0.003621696,held_fold
ISIC_4129443,0,0.0163181,held_fold
ISIC_4129493,0,0.0012915904,held_fold
ISIC_4135058,0,0.0005020306,held_fold
ISIC_4136663,0,0.0004966702,held_fold
ISIC_4137198,0,0.029923057,held_fold
ISIC_4140008,0,0.0006844521,held_fold
ISIC_4141898,0,0.0014727616,held_fold
ISIC_4142019,0,0.0007402456,held_fold
ISIC_4143831,0,0.09708625,held_fold
ISIC_4145671,0,0.013326834,held_fold
ISIC_4147166,0,0.010646442,held_fold
ISIC_4147328,0,0.00057701115,held_fold
ISIC_4150885,0,0.0007344668,held_fold
ISIC_4152689,0,0.0008906488,held_fold
ISIC_4155471,0,0.0008595666,held_fold
ISIC_4156010,0,0.00044102417,held_fold
ISIC_4157955,0,0.008170854,held_fold
ISIC_4158555,0,0.0032647962,held_fold
ISIC_4159272,0,0.0009577551,held_fold
ISIC_4160773,0,0.005369405,held_fold
ISIC_4163930,0,0.00041705786,held_fold
ISIC_4164955,0,0.03662108,held_fold
ISIC_4166364,0,0.0018433856,held_fold
ISIC_4167053,0,0.013226499,held_fold
ISIC_4170698,1,0.017439894,held_fold
ISIC_4172470,0,0.00066123565,held_fold
ISIC_4174479,0,0.0013560284,held_fold
ISIC_4174614,0,0.0027507283,held_fold
ISIC_4174983,0,0.0072740973,held_fold
ISIC_4181595,0,0.006889491,held_fold
ISIC_4181628,0,0.04281138,held_fold
ISIC_4187393,0,0.0062208534,held_fold
ISIC_4187485,0,0.015203764,held_fold
ISIC_4190595,0,0.00079110515,held_fold
ISIC_4190900,0,0.024170924,held_fold
ISIC_4191094,0,0.026664268,held_fold
ISIC_4191215,0,0.046080895,held_fold
ISIC_4191363,0,0.00072294,held_fold
ISIC_4192383,0,9.731211e-05,held_fold
ISIC_4195837,0,0.0006082617,held_fold
ISIC_4196596,0,0.00048463096,held_fold
ISIC_4200081,0,0.001015974,held_fold
ISIC_4205242,0,0.024697099,held_fold
ISIC_4209411,0,0.00015725517,held_fold
ISIC_4210857,0,0.0019264239,held_fold
ISIC_4211868,0,0.00045668342,held_fold
ISIC_4212259,0,0.0010675777,held_fold
ISIC_4216169,0,0.009561955,held_fold
ISIC_4220279,0,0.15853947,held_fold
ISIC_4220326,0,0.0007667131,held_fold
ISIC_4222616,0,0.0009888588,held_fold
ISIC_4223575,0,0.05699562,held_fold
ISIC_4227209,0,0.0007696016,held_fold
ISIC_4227377,0,0.0025446995,held_fold
ISIC_4228971,0,0.0009993417,held_fold
ISIC_4231346,0,0.0023734865,held_fold
ISIC_4232172,0,0.00051150506,held_fold
ISIC_4237064,0,0.00043245644,held_fold
ISIC_4237725,0,0.0005041665,held_fold
ISIC_4241286,0,0.025383925,held_fold
ISIC_4243470,0,0.0023657875,held_fold
ISIC_4243801,0,0.0019533108,held_fold
ISIC_4245634,0,0.004174799,held_fold
ISIC_4247917,0,0.025415702,held_fold
ISIC_4248187,0,0.0005129681,held_fold
ISIC_4249243,0,0.0011393608,held_fold
ISIC_4253348,0,0.00037512358,held_fold
ISIC_4254687,0,0.001192266,held_fold
ISIC_4255013,0,0.00064907,held_fold
ISIC_4257634,0,0.0014749848,held_fold
ISIC_4259290,0,0.24371591,held_fold
ISIC_4262670,0,0.00042302636,held_fold
ISIC_4264422,0,0.00032459362,held_fold
ISIC_4265307,0,0.08385823,held_fold
ISIC_4266533,1,0.0377741,held_fold
ISIC_4270163,0,0.0018121722,held_fold
ISIC_4271110,0,0.0015420471,held_fold
ISIC_4277163,0,0.00036316103,held_fold
ISIC_4281745,0,0.029337851,held_fold
ISIC_4282783,0,0.00042796746,held_fold
ISIC_4285297,0,0.0027097652,held_fold
ISIC_4287463,0,0.0005598118,held_fold
ISIC_4288709,0,0.00045115623,held_fold
ISIC_4289345,0,0.0072780303,held_fold
ISIC_4289906,0,0.0004942988,held_fold
ISIC_4294705,0,0.0009533777,held_fold
ISIC_4300983,0,0.0072842445,held_fold
ISIC_4301050,0,0.0043263948,held_fold
ISIC_4301302,0,0.0023967559,held_fold
ISIC_4301919,0,0.0014975029,held_fold
ISIC_4303228,0,0.0019905202,held_fold
ISIC_4304068,0,0.00043345024,held_fold
ISIC_4309183,0,0.001113488,held_fold
ISIC_4310834,0,0.0013770164,held_fold
ISIC_4311544,0,0.0066159973,held_fold
ISIC_4311592,0,0.057375126,held_fold
ISIC_4312470,0,0.0060342574,held_fold
ISIC_4312804,0,0.035312496,held_fold
ISIC_4314577,0,0.008631107,held_fold
ISIC_4316501,0,0.00041980256,held_fold
ISIC_4319859,0,0.0003824184,held_fold
ISIC_4319945,0,0.000571785,held_fold
ISIC_4320200,0,0.00036233247,held_fold
ISIC_4321815,0,0.0005460066,held_fold
ISIC_4322822,0,0.0003215475,held_fold
ISIC_4323160,0,0.013865004,held_fold
ISIC_4323391,0,0.00024261583,held_fold
ISIC_4325003,0,0.00020573709,held_fold
ISIC_4327046,0,0.029964475,held_fold
ISIC_4327358,0,0.0006125858,held_fold
ISIC_4327535,0,0.0007201278,held_fold
ISIC_4329598,0,0.033716694,held_fold
ISIC_4330796,0,0.0003579074,held_fold
ISIC_4331481,0,0.119329035,held_fold
ISIC_4331936,0,0.0007318335,held_fold
ISIC_4332771,0,0.052874383,held_fold
ISIC_4335758,0,0.010786795,held_fold
ISIC_4336409,0,0.021917522,held_fold
ISIC_4338927,0,0.01957321,held_fold
ISIC_4340139,0,0.0016509985,held_fold
ISIC_4340509,0,0.034108963,held_fold
ISIC_4341875,0,0.0037088578,held_fold
ISIC_4342416,0,0.04486591,held_fold
ISIC_4343129,0,0.009034685,held_fold
ISIC_4343552,0,0.0005915384,held_fold
ISIC_4343836,0,0.00052481116,held_fold
ISIC_4344540,0,0.0036939005,held_fold
ISIC_4345015,0,0.0010199809,held_fold
ISIC_4347590,0,0.00036236408,held_fold
ISIC_4348896,0,0.0029742038,held_fold
ISIC_4349418,0,0.032350443,held_fold
ISIC_4350924,0,0.0009279299,held_fold
ISIC_4351077,0,0.0070360396,held_fold
ISIC_4351248,0,0.109168254,held_fold
ISIC_4351814,0,0.021717297,held_fold
ISIC_4352700,0,0.023971444,held_fold
ISIC_4355518,0,0.017080963,held_fold
ISIC_4357596,0,0.0054398864,held_fold
ISIC_4358017,0,0.0066944268,held_fold
ISIC_4360127,0,0.00055435864,held_fold
ISIC_4363398,0,0.00034583843,held_fold
ISIC_4364788,0,0.0011126725,held_fold
ISIC_4365093,0,0.039437253,held_fold
ISIC_4366175,0,0.00054587726,held_fold
ISIC_4366213,0,0.0011217522,held_fold
ISIC_4369035,0,0.00038011113,held_fold
ISIC_4369062,0,0.00015411821,held_fold
ISIC_4373563,0,0.000572988,held_fold
ISIC_4375524,0,0.0019438927,held_fold
ISIC_4377193,0,0.030527538,held_fold
ISIC_4378851,0,0.019238308,held_fold
ISIC_4379502,0,0.008400238,held_fold
ISIC_4380268,0,0.0009971894,held_fold
ISIC_4381427,0,0.00059619045,held_fold
ISIC_4389708,0,0.0003846001,held_fold
ISIC_4391894,0,0.0030581946,held_fold
ISIC_4393704,0,0.005296287,held_fold
ISIC_4393733,0,0.017049512,held_fold
ISIC_4397068,0,0.00084518094,held_fold
ISIC_4397755,0,0.0004264887,held_fold
ISIC_4400140,0,0.01886653,held_fold
ISIC_4404036,0,0.025916452,held_fold
ISIC_4405986,0,0.00088709,held_fold
ISIC_4409067,0,0.0010410814,held_fold
ISIC_4410725,0,0.012264087,held_fold
ISIC_4412821,0,0.0045033772,held_fold
ISIC_4415049,0,0.30331704,held_fold
ISIC_4417295,0,0.008380307,held_fold
ISIC_4419522,0,0.009688779,held_fold
ISIC_4419720,0,0.17990449,held_fold
ISIC_4420727,0,0.0056584617,held_fold
ISIC_4420952,0,0.06662615,held_fold
ISIC_4422476,0,0.005837752,held_fold
ISIC_4422580,0,0.0034967542,held_fold
ISIC_4425604,0,0.00040688153,held_fold
ISIC_4428649,0,0.0009092842,held_fold
ISIC_4428769,0,0.05496661,held_fold
ISIC_4431715,0,0.0006344476,held_fold
ISIC_4434221,0,0.00076867815,held_fold
ISIC_4435262,0,0.013335853,held_fold
ISIC_4436649,0,0.12430981,held_fold
ISIC_4438311,0,0.008191837,held_fold
ISIC_4439054,1,0.49876377,held_fold
ISIC_4441648,0,0.010305426,held_fold
ISIC_4442506,0,0.0016097734,held_fold
ISIC_4445501,0,0.0140221,held_fold
ISIC_4448257,0,0.00029486686,held_fold
ISIC_4448341,0,0.0005934742,held_fold
ISIC_4451735,0,0.0055466047,held_fold
ISIC_4457552,0,0.004101807,held_fold
ISIC_4459125,0,0.00036612173,held_fold
ISIC_4462476,0,0.0155384615,held_fold
ISIC_4462621,0,0.0018924555,held_fold
ISIC_4464311,0,0.012734878,held_fold
ISIC_4464702,0,0.0007060798,held_fold
ISIC_4468474,0,0.022820042,held_fold
ISIC_4470574,0,0.0009776666,held_fold
ISIC_4473124,0,0.00041911576,held_fold
ISIC_4474170,0,0.02592182,held_fold
ISIC_4474341,0,0.00029311227,held_fold
ISIC_4474899,0,0.0010839986,held_fold
ISIC_4477916,0,0.00038528856,held_fold
ISIC_4478276,0,0.1269296,held_fold
ISIC_4481362,0,0.00069244957,held_fold
ISIC_4481684,0,0.052476622,held_fold
ISIC_4485854,0,0.0028401576,held_fold
ISIC_4487036,0,0.0049276026,held_fold
ISIC_4487743,0,0.017037403,held_fold
ISIC_4488579,0,0.13767818,held_fold
ISIC_4494516,0,0.0004961525,held_fold
ISIC_4495092,0,0.0002574231,held_fold
ISIC_4496665,0,0.00060363114,held_fold
ISIC_4497373,0,0.0055801556,held_fold
ISIC_4500503,0,0.0040758476,held_fold
ISIC_4501838,0,0.016158557,held_fold
ISIC_4502420,0,0.038331315,held_fold
ISIC_4505178,0,0.07592478,held_fold
ISIC_4508878,1,0.48409018,held_fold
ISIC_4509525,0,0.0003758223,held_fold
ISIC_4510342,0,0.0012722325,held_fold
ISIC_4513934,0,0.0006817897,held_fold
ISIC_4516137,0,0.00082471356,held_fold
ISIC_4516437,0,0.0003978247,held_fold
ISIC_4516835,0,0.0018250254,held_fold
ISIC_4517595,0,0.014123875,held_fold
ISIC_4517738,1,0.017777352,held_fold
ISIC_4518003,0,0.020140227,held_fold
ISIC_4518384,0,0.0076725045,held_fold
ISIC_4520704,0,0.026674267,held_fold
ISIC_4521482,0,0.00076908985,held_fold
ISIC_4523565,0,0.003870856,held_fold
ISIC_4523750,0,0.0017285632,held_fold
ISIC_4524900,0,0.063805126,held_fold
ISIC_4525463,0,0.012914897,held_fold
ISIC_4525721,0,0.0011195558,held_fold
ISIC_4527661,0,0.00033377606,held_fold
ISIC_4528140,0,0.00065999315,held_fold
ISIC_4529168,0,0.0008840893,held_fold
ISIC_4530249,0,0.00053944264,held_fold
ISIC_4530871,0,0.0009308064,held_fold
ISIC_4531585,0,0.0015521027,held_fold
ISIC_4532667,0,0.0010715415,held_fold
ISIC_4533487,0,0.00046876664,held_fold
ISIC_4535125,0,0.00025927564,held_fold
ISIC_4536154,0,0.00089239195,held_fold
ISIC_4536635,0,0.006296925,held_fold
ISIC_4536982,0,0.0011427788,held_fold
ISIC_4538661,0,0.0005020412,held_fold
ISIC_4539674,0,0.00039442483,held_fold
ISIC_4543944,0,0.005889298,held_fold
ISIC_4545112,0,0.015540692,held_fold
ISIC_4547141,0,0.002576358,held_fold
ISIC_4549059,0,0.0013293517,held_fold
ISIC_4551082,0,0.0020004534,held_fold
ISIC_4553390,0,0.0007194822,held_fold
ISIC_4559397,0,0.37549144,held_fold
ISIC_4560585,0,0.09205969,held_fold
ISIC_4561874,0,0.0010334821,held_fold
ISIC_4567730,0,0.0018676523,held_fold
ISIC_4568022,0,0.0031700283,held_fold
ISIC_4568565,0,0.0012119614,held_fold
ISIC_4570724,0,0.0062974975,held_fold
ISIC_4571687,0,0.0050902343,held_fold
ISIC_4573256,0,0.5820943,held_fold
ISIC_4576725,0,0.016001374,held_fold
ISIC_4577414,0,0.00024737293,held_fold
ISIC_4578194,0,0.00039947234,held_fold
ISIC_4580458,0,0.0008516021,held_fold
ISIC_4580926,0,0.00045398582,held_fold
ISIC_4582670,0,0.0058454005,held_fold
ISIC_4583929,0,0.00046203594,held_fold
ISIC_4584265,1,0.0034869898,held_fold
ISIC_4584794,0,0.08580866,held_fold
ISIC_4588129,0,0.00016930126,held_fold
ISIC_4589123,0,0.00035463207,held_fold
ISIC_4589609,0,0.042763587,held_fold
ISIC_4591316,0,0.00035263033,held_fold
ISIC_4594982,0,0.009788773,held_fold
ISIC_4595856,0,0.0005002398,held_fold
ISIC_4600505,0,0.0002862558,held_fold
ISIC_4600831,0,0.00091852207,held_fold
ISIC_4601297,0,0.00040098495,held_fold
ISIC_4601757,0,0.0008402205,held_fold
ISIC_4603706,0,0.0006343551,held_fold
ISIC_4603987,0,0.00036923165,held_fold
ISIC_4606646,0,0.0006026042,held_fold
ISIC_4607215,0,0.00092835433,held_fold
ISIC_4608846,0,0.006297862,held_fold
ISIC_4610868,0,0.0005671973,held_fold
ISIC_4612180,0,0.0017195228,held_fold
ISIC_4620053,0,0.010177451,held_fold
ISIC_4622069,0,0.00090738415,held_fold
ISIC_4622159,0,0.008697464,held_fold
ISIC_4623037,0,0.0030683987,held_fold
ISIC_4626633,0,0.0041978983,held_fold
ISIC_4631698,0,0.0038337822,held_fold
ISIC_4635765,0,0.005329323,held_fold
ISIC_4637454,0,0.0005082856,held_fold
ISIC_4639468,0,0.0008190126,held_fold
ISIC_4641968,0,0.00050372264,held_fold
ISIC_4644299,0,0.002299715,held_fold
ISIC_4645788,0,0.0038707256,held_fold
ISIC_4645995,0,0.00097449217,held_fold
ISIC_4646413,0,0.0023077333,held_fold
ISIC_4647349,0,0.027106479,held_fold
ISIC_4653073,0,0.0026769596,held_fold
ISIC_4654965,0,0.0023489895,held_fold
ISIC_4656184,0,0.00043968193,held_fold
ISIC_4657078,0,0.010697729,held_fold
ISIC_4658144,0,0.0362784,held_fold
ISIC_4663008,0,0.0015911016,held_fold
ISIC_4667223,0,0.0017992064,held_fold
ISIC_4669149,0,0.0010731576,held_fold
ISIC_4669803,0,0.0010272196,held_fold
ISIC_4670089,0,0.0046503204,held_fold
ISIC_4671039,0,0.00059737975,held_fold
ISIC_4671324,0,0.005755603,held_fold
ISIC_4675065,0,0.031232055,held_fold
ISIC_4675269,0,0.0019199776,held_fold
ISIC_4679605,0,0.051981658,held_fold
ISIC_4682498,0,0.0010480904,held_fold
ISIC_4684100,0,0.14352791,held_fold
ISIC_4686274,0,0.017584667,held_fold
ISIC_4686662,0,0.00068999844,held_fold
ISIC_4686690,0,0.0007768017,held_fold
ISIC_4687418,0,0.0014900869,held_fold
ISIC_4690030,0,0.0016842649,held_fold
ISIC_4692454,0,0.0020649415,held_fold
ISIC_4695396,0,0.000496048,held_fold
ISIC_4695702,0,0.021402594,held_fold
ISIC_4695815,0,0.004156074,held_fold
ISIC_4696783,0,0.20188574,held_fold
ISIC_4700970,0,0.002575265,held_fold
ISIC_4701889,0,0.0032006786,held_fold
ISIC_4705662,0,0.00064995897,held_fold
ISIC_4709512,0,0.09025599,held_fold
ISIC_4710645,0,0.0009613402,held_fold
ISIC_4715366,0,0.023997966,held_fold
ISIC_4718313,0,0.00021947615,held_fold
ISIC_4719895,0,0.00069970987,held_fold
ISIC_4721434,0,0.0004509017,held_fold
ISIC_4722119,0,0.004343023,held_fold
ISIC_4723603,0,0.0017852248,held_fold
ISIC_4725089,0,0.0008190782,held_fold
ISIC_4732584,0,0.0017063738,held_fold
ISIC_4735106,0,0.05283693,held_fold
ISIC_4737689,0,0.00083386776,held_fold
ISIC_4738525,0,0.0007060341,held_fold
ISIC_4740278,0,0.0002503817,held_fold
ISIC_4745004,0,0.00018081383,held_fold
ISIC_4745037,0,0.060186516,held_fold
ISIC_4745658,0,0.00058143213,held_fold
ISIC_4746361,0,0.00332822,held_fold
ISIC_4747355,0,0.010014791,held_fold
ISIC_4748031,0,0.0053749485,held_fold
ISIC_4748977,0,0.00034095437,held_fold
ISIC_4749005,0,0.00027161,held_fold
ISIC_4751140,0,0.0060124146,held_fold
ISIC_4752151,0,0.00042185062,held_fold
ISIC_4755931,0,0.0050327815,held_fold
ISIC_4756595,0,0.017160801,held_fold
ISIC_4758961,0,0.006474357,held_fold
ISIC_4761075,0,0.0004028194,held_fold
ISIC_4762598,0,0.0050053443,held_fold
ISIC_4763007,0,0.02010115,held_fold
ISIC_4765023,0,0.0008339448,held_fold
ISIC_4766046,0,0.0005726981,held_fold
ISIC_4771769,0,0.0010619112,held_fold
ISIC_4775964,0,0.0002841696,held_fold
ISIC_4776213,0,0.0020240461,held_fold
ISIC_4781927,0,0.0020551386,held_fold
ISIC_4782134,0,0.010206987,held_fold
ISIC_4785487,0,0.0034280708,held_fold
ISIC_4788195,0,0.0008652547,held_fold
ISIC_4788652,0,0.00065437757,held_fold
ISIC_4789784,0,0.000962191,held_fold
ISIC_4790259,0,0.002814819,held_fold
ISIC_4791461,0,0.00076156855,held_fold
ISIC_4791893,0,0.0069775335,held_fold
ISIC_4792338,0,0.0031122202,held_fold
ISIC_4794573,0,0.0018701232,held_fold
ISIC_4794860,0,0.002817031,held_fold
ISIC_4800695,0,0.0023508563,held_fold
ISIC_4801737,0,0.0004632019,held_fold
ISIC_4803755,0,0.10411497,held_fold
ISIC_4808108,0,0.022044633,held_fold
ISIC_4811593,0,0.0009393374,held_fold
ISIC_4813932,0,0.015103041,held_fold
ISIC_4817121,0,0.006786232,held_fold
ISIC_4818460,0,0.00042123202,held_fold
ISIC_4820993,0,0.0006508342,held_fold
ISIC_4821309,0,0.0005240818,held_fold
ISIC_4827825,0,0.0013092764,held_fold
ISIC_4828265,0,0.0011469579,held_fold
ISIC_4828943,0,0.008997071,held_fold
ISIC_4833737,0,0.00015037385,held_fold
ISIC_4837536,0,0.0007042865,held_fold
ISIC_4839421,0,0.023682494,held_fold
ISIC_4840686,0,0.00566512,held_fold
ISIC_4845540,0,0.003009608,held_fold
ISIC_4846741,0,0.008722728,held_fold
ISIC_4847584,0,0.0009151624,held_fold
ISIC_4848986,0,0.043578632,held_fold
ISIC_4850844,0,0.0005577381,held_fold
ISIC_4851437,0,0.010111532,held_fold
ISIC_4851979,0,0.010628261,held_fold
ISIC_4854091,0,0.0036984377,held_fold
ISIC_4855628,0,0.006967206,held_fold
ISIC_4856908,0,0.03977415,held_fold
ISIC_4857994,0,0.0034873977,held_fold
ISIC_4860223,0,0.059532057,held_fold
ISIC_4863236,0,0.14395964,held_fold
ISIC_4863375,0,0.001904614,held_fold
ISIC_4866649,0,0.0009923715,held_fold
ISIC_4869901,0,0.008888994,held_fold
ISIC_4870936,0,0.00064322905,held_fold
ISIC_4871936,0,0.007857618,held_fold
ISIC_4875370,0,0.033457004,held_fold
ISIC_4879144,0,0.0005342746,held_fold
ISIC_4879187,0,0.012047603,held_fold
ISIC_4880652,0,0.00086285564,held_fold
ISIC_4881109,0,0.31195265,held_fold
ISIC_4882333,0,0.028911483,held_fold
ISIC_4884712,0,0.0015821937,held_fold
ISIC_4886493,0,0.0003885616,held_fold
ISIC_4887874,0,0.004645443,held_fold
ISIC_4892083,0,0.00080367376,held_fold
ISIC_4894806,0,0.001816012,held_fold
ISIC_4897171,0,0.008020294,held_fold
ISIC_4897852,0,0.00036041235,held_fold
ISIC_4900077,0,0.015677558,held_fold
ISIC_4900923,0,0.00032373666,held_fold
ISIC_4902829,0,0.0016788065,held_fold
ISIC_4904317,0,0.00082257285,held_fold
ISIC_4906026,0,0.0007334858,held_fold
ISIC_4906385,0,0.030413557,held_fold
ISIC_4907595,0,0.0015633457,held_fold
ISIC_4909154,0,0.0014963519,held_fold
ISIC_4912127,0,0.008291767,held_fold
ISIC_4915889,0,0.0081830975,held_fold
ISIC_4915897,0,0.00063582236,held_fold
ISIC_4918571,0,0.0008058659,held_fold
ISIC_4920166,0,0.00334851,held_fold
ISIC_4922965,0,0.12350218,held_fold
ISIC_4923457,0,0.0004378168,held_fold
ISIC_4924365,0,0.0065262388,held_fold
ISIC_4929865,0,0.044539787,held_fold
ISIC_4932000,0,0.015679426,held_fold
ISIC_4935711,0,0.0035965454,held_fold
ISIC_4937725,0,0.0022657316,held_fold
ISIC_4938376,0,0.0005734543,held_fold
ISIC_4938388,0,0.0036410207,held_fold
ISIC_4938791,0,0.0003756006,held_fold
ISIC_4941125,0,0.00063492736,held_fold
ISIC_4945233,0,0.0007272394,held_fold
ISIC_4946006,0,0.001361114,held_fold
ISIC_4947778,0,0.036132388,held_fold
ISIC_4948642,0,0.011496585,held_fold
ISIC_4950151,0,0.0009119935,held_fold
ISIC_4952040,0,0.0009932858,held_fold
ISIC_4954282,0,0.000765718,held_fold
ISIC_4954719,0,0.0010447849,held_fold
ISIC_4954740,0,0.0035808214,held_fold
ISIC_4955740,0,0.0011950987,held_fold
ISIC_4956352,0,0.0036209424,held_fold
ISIC_4956965,0,0.017726524,held_fold
ISIC_4957730,0,0.0007099048,held_fold
ISIC_4958861,0,0.0008388814,held_fold
ISIC_4961292,0,0.0071298224,held_fold
ISIC_4963410,0,0.0005005644,held_fold
ISIC_4964644,0,0.00160543,held_fold
ISIC_4965160,0,0.011023141,held_fold
ISIC_4965526,0,0.0191792,held_fold
ISIC_4965850,0,0.000965272,held_fold
ISIC_4966496,0,0.00087974325,held_fold
ISIC_4967639,0,0.0079103485,held_fold
ISIC_4967755,0,0.0008008033,held_fold
ISIC_4968536,0,0.014761679,held_fold
ISIC_4969660,0,0.0006340155,held_fold
ISIC_4969996,0,0.0012264409,held_fold
ISIC_4973809,0,0.0018160699,held_fold
ISIC_4975848,0,0.0008878739,held_fold
ISIC_4975949,0,0.01013528,held_fold
ISIC_4976189,0,0.00074373937,held_fold
ISIC_4977415,0,0.014312906,held_fold
ISIC_4978474,0,0.0011566525,held_fold
ISIC_4978697,0,0.0033362964,held_fold
ISIC_4979071,0,0.0003737397,held_fold
ISIC_4981135,0,0.00044923794,held_fold
ISIC_4983237,0,0.01700689,held_fold
ISIC_4986879,0,0.00039780483,held_fold
ISIC_4994695,0,0.001284776,held_fold
ISIC_4996867,0,0.21022233,held_fold
ISIC_5000592,0,0.00076041836,held_fold
ISIC_5002041,0,0.0011868305,held_fold
ISIC_5005065,0,0.013352879,held_fold
ISIC_5005747,0,0.0003957255,held_fold
ISIC_5006020,0,0.00029334208,held_fold
ISIC_5009935,0,0.010290102,held_fold
ISIC_5010197,0,0.000732555,held_fold
ISIC_5013376,0,0.00030800048,held_fold
ISIC_5021038,0,0.00090457645,held_fold
ISIC_5022555,0,0.00401999,held_fold
ISIC_5028203,0,0.0005250739,held_fold
ISIC_5029146,0,0.0006994708,held_fold
ISIC_5030416,0,0.0013447335,held_fold
ISIC_5031549,0,0.0011424457,held_fold
ISIC_5041059,0,0.0040086177,held_fold
ISIC_5042497,0,0.0029750536,held_fold
ISIC_5043429,0,0.015885036,held_fold
ISIC_5048571,0,0.00052777765,held_fold
ISIC_5049137,0,0.0007854635,held_fold
ISIC_5049365,0,0.011744805,held_fold
ISIC_5050669,0,0.00085796113,held_fold
ISIC_5051449,0,0.15149054,held_fold
ISIC_5054877,0,0.026185835,held_fold
ISIC_5056768,0,0.00063150463,held_fold
ISIC_5059195,0,0.1508192,held_fold
ISIC_5059375,0,0.0034718418,held_fold
ISIC_5060252,0,0.00053836394,held_fold
ISIC_5060576,0,0.021324962,held_fold
ISIC_5066448,0,0.00042721402,held_fold
ISIC_5066548,0,0.012528126,held_fold
ISIC_5070849,0,0.048264407,held_fold
ISIC_5072761,0,0.0002943714,held_fold
ISIC_5074228,0,0.0037250908,held_fold
ISIC_5075202,0,0.0958573,held_fold
ISIC_5075261,0,0.10863749,held_fold
ISIC_5081644,0,0.0007948455,held_fold
ISIC_5084175,0,0.007359204,held_fold
ISIC_5084661,0,0.0007865577,held_fold
ISIC_5088967,0,0.0014647655,held_fold
ISIC_5090146,0,0.0005602148,held_fold
ISIC_5090739,0,0.014011246,held_fold
ISIC_5091950,0,0.012813997,held_fold
ISIC_5093799,0,0.00017293083,held_fold
ISIC_5095848,0,0.00062717136,held_fold
ISIC_5096227,0,0.0011201367,held_fold
ISIC_5097785,0,0.00041546524,held_fold
ISIC_5097807,0,0.0016821865,held_fold
ISIC_5097947,0,0.019913344,held_fold
ISIC_5098492,0,0.007016598,held_fold
ISIC_5098663,0,0.0008438922,held_fold
ISIC_5099193,0,0.0039018253,held_fold
ISIC_5099324,0,0.0028467202,held_fold
ISIC_5102846,0,0.00077472115,held_fold
ISIC_5103657,0,0.0017452128,held_fold
ISIC_5104921,0,0.047054876,held_fold
ISIC_5105824,0,0.055576127,held_fold
ISIC_5106239,0,0.06377577,held_fold
ISIC_5107195,0,0.00041318513,held_fold
ISIC_5108076,0,0.00082918967,held_fold
ISIC_5108538,0,0.00051017746,held_fold
ISIC_5110696,0,0.0053160437,held_fold
ISIC_5112744,0,0.00046407036,held_fold
ISIC_5113530,0,0.00092891353,held_fold
ISIC_5122091,0,0.00031972624,held_fold
ISIC_5123813,0,0.004505812,held_fold
ISIC_5123979,0,0.12286614,held_fold
ISIC_5127944,0,0.006841587,held_fold
ISIC_5128793,0,0.003034061,held_fold
ISIC_5130558,0,0.00030683575,held_fold
ISIC_5131914,0,0.0004203738,held_fold
ISIC_5132536,0,0.0011355863,held_fold
ISIC_5135143,0,0.017330285,held_fold
ISIC_5135700,0,0.004626854,held_fold
ISIC_5136151,0,0.11318851,held_fold
ISIC_5136370,0,0.050429355,held_fold
ISIC_5137061,0,0.0004731464,held_fold
ISIC_5142275,0,0.083101325,held_fold
ISIC_5142479,0,0.0004889754,held_fold
ISIC_5142496,0,0.0007662245,held_fold
ISIC_5142743,0,0.021559747,held_fold
ISIC_5144373,0,0.00094125594,held_fold
ISIC_5145347,0,0.0026108553,held_fold
ISIC_5147263,0,0.000116358904,held_fold
ISIC_5149397,0,0.0017310071,held_fold
ISIC_5149730,0,0.0006994079,held_fold
ISIC_5153075,0,0.00060780934,held_fold
ISIC_5158305,0,0.016494928,held_fold
ISIC_5165522,0,0.00036434355,held_fold
ISIC_5165620,0,0.0010485108,held_fold
ISIC_5166636,0,0.017888462,held_fold
ISIC_5166956,0,0.08756869,held_fold
ISIC_5167001,0,0.004103254,held_fold
ISIC_5169434,0,0.004100996,held_fold
ISIC_5169967,0,0.007114437,held_fold
ISIC_5173486,0,0.00087100995,held_fold
ISIC_5174617,0,0.002849213,held_fold
ISIC_5176105,0,0.0012984971,held_fold
ISIC_5176419,0,0.0011838586,held_fold
ISIC_5178216,0,0.00046986612,held_fold
ISIC_5178977,0,0.0007023334,held_fold
ISIC_5181340,0,0.0004787418,held_fold
ISIC_5182725,0,0.018965742,held_fold
ISIC_5182820,0,0.023235187,held_fold
ISIC_5184722,0,0.05073767,held_fold
ISIC_5190920,0,0.02977641,held_fold
ISIC_5191344,1,0.012694834,held_fold
ISIC_5192527,0,0.0007519481,held_fold
ISIC_5194331,0,0.16121276,held_fold
ISIC_5195381,0,0.007773673,held_fold
ISIC_5196781,0,0.00072891155,held_fold
ISIC_5198439,0,0.00043936665,held_fold
ISIC_5199342,0,0.0065206396,held_fold
ISIC_5199497,0,0.00041484804,held_fold
ISIC_5201151,0,0.0058220816,held_fold
ISIC_5202074,0,0.0192666,held_fold
ISIC_5203137,0,0.03824298,held_fold
ISIC_5207136,0,0.00027124383,held_fold
ISIC_5208357,0,0.011032055,held_fold
ISIC_5208613,0,0.056748718,held_fold
ISIC_5209007,0,0.010456245,held_fold
ISIC_5210016,0,0.00036792806,held_fold
ISIC_5211080,0,0.07372416,held_fold
ISIC_5213224,0,0.033051588,held_fold
ISIC_5213829,0,0.00024341936,held_fold
ISIC_5215191,0,0.019648448,held_fold
ISIC_5216675,0,0.0006172154,held_fold
ISIC_5223101,0,0.00090026093,held_fold
ISIC_5224107,0,0.020013109,held_fold
ISIC_5227635,0,0.0030322687,held_fold
ISIC_5230497,0,0.0007910848,held_fold
ISIC_5231616,0,0.0029514339,held_fold
ISIC_5233226,0,0.00036450112,held_fold
ISIC_5233994,0,0.0006192202,held_fold
ISIC_5235200,0,0.00054363697,held_fold
ISIC_5235229,0,0.025497787,held_fold
ISIC_5238649,0,0.000439267,held_fold
ISIC_5244188,0,0.0010210103,held_fold
ISIC_5245212,0,0.00068562565,held_fold
ISIC_5247383,0,0.016921092,held_fold
ISIC_5249665,0,0.018091591,held_fold
ISIC_5254803,0,0.0009136743,held_fold
ISIC_5254982,0,0.00832378,held_fold
ISIC_5258352,0,0.03755028,held_fold
ISIC_5259414,0,0.0040777777,held_fold
ISIC_5259518,0,0.001143795,held_fold
ISIC_5259582,0,0.016433025,held_fold
ISIC_5261146,0,0.004611531,held_fold
ISIC_5261384,0,0.00033755868,held_fold
ISIC_5261611,0,0.0061721094,held_fold
ISIC_5265873,0,0.00080706703,held_fold
ISIC_5266696,0,0.016531976,held_fold
ISIC_5266861,0,0.0023355014,held_fold
ISIC_5267251,0,0.0022143028,held_fold
ISIC_5269341,0,0.004034976,held_fold
ISIC_5272223,1,0.012036886,held_fold
ISIC_5280019,0,0.0005762598,held_fold
ISIC_5280199,0,0.012060647,held_fold
ISIC_5281514,0,0.00084833935,held_fold
ISIC_5281576,0,0.00093627296,held_fold
ISIC_5282642,0,0.005042935,held_fold
ISIC_5286021,0,0.025033148,held_fold
ISIC_5289599,0,0.0010679028,held_fold
ISIC_5290569,0,0.000356563,held_fold
ISIC_5292859,0,0.00032168085,held_fold
ISIC_5293624,0,0.0059894305,held_fold
ISIC_5294689,0,0.0113222115,held_fold
ISIC_5295497,0,0.0012446495,held_fold
ISIC_5296443,0,0.0009735799,held_fold
ISIC_5297111,0,0.004344958,held_fold
ISIC_5298608,0,0.015810339,held_fold
ISIC_5301131,0,0.0011359282,held_fold
ISIC_5302229,0,0.0027486975,held_fold
ISIC_5303641,0,0.0016695346,held_fold
ISIC_5305288,0,0.00045006088,held_fold
ISIC_5305787,0,0.004003779,held_fold
ISIC_5306427,0,0.00035908443,held_fold
ISIC_5307086,0,0.1392856,held_fold
ISIC_5309572,0,0.0009064616,held_fold
ISIC_5310011,0,0.001972701,held_fold
ISIC_5310880,0,0.0017135319,held_fold
ISIC_5312003,0,0.00043528827,held_fold
ISIC_5312834,0,0.00084269006,held_fold
ISIC_5313087,0,0.0011766276,held_fold
ISIC_5314855,0,0.00037530652,held_fold
ISIC_5315062,1,0.05832408,held_fold
ISIC_5315486,0,0.0011558926,held_fold
ISIC_5316258,0,0.0005659137,held_fold
ISIC_5317348,0,0.003704568,held_fold
ISIC_5318506,0,0.00072448456,held_fold
ISIC_5320886,0,0.03358707,held_fold
ISIC_5321219,0,0.0017163084,held_fold
ISIC_5321221,0,0.059645098,held_fold
ISIC_5322011,0,0.0037942394,held_fold
ISIC_5322232,0,0.019591382,held_fold
ISIC_5323944,0,0.0011151275,held_fold
ISIC_5324178,0,0.0013487918,held_fold
ISIC_5325281,0,0.008363882,held_fold
ISIC_5325805,0,0.08957285,held_fold
ISIC_5326225,0,0.00043699934,held_fold
ISIC_5327000,0,0.0014494405,held_fold
ISIC_5327271,0,0.0027117196,held_fold
ISIC_5331089,0,0.022464668,held_fold
ISIC_5333549,0,0.012302061,held_fold
ISIC_5336007,0,0.001690054,held_fold
ISIC_5340305,0,0.1813021,held_fold
ISIC_5342109,0,0.041418966,held_fold
ISIC_5346591,0,0.00039436185,held_fold
ISIC_5349612,0,0.00825065,held_fold
ISIC_5350269,0,0.00027343916,held_fold
ISIC_5353241,0,0.012617444,held_fold
ISIC_5354607,0,0.000622972,held_fold
ISIC_5357288,0,0.0064958325,held_fold
ISIC_5358234,0,0.0007059977,held_fold
ISIC_5359123,0,0.0007023839,held_fold
ISIC_5359253,0,0.0002494938,held_fold
ISIC_5360921,0,0.052234977,held_fold
ISIC_5361778,0,0.0002550813,held_fold
ISIC_5361965,0,0.0010953826,held_fold
ISIC_5362038,0,0.00038395447,held_fold
ISIC_5362869,0,0.016207997,held_fold
ISIC_5362925,0,0.00046940675,held_fold
ISIC_5363229,0,0.0072595705,held_fold
ISIC_5364841,0,0.031103706,held_fold
ISIC_5365537,0,0.00055744714,held_fold
ISIC_5365919,0,0.0029272037,held_fold
ISIC_5366635,0,0.00047516447,held_fold
ISIC_5366657,0,0.008769442,held_fold
ISIC_5368272,0,0.08461239,held_fold
ISIC_5368668,0,0.0008597743,held_fold
ISIC_5377237,0,0.011782362,held_fold
ISIC_5379122,0,0.00044254443,held_fold
ISIC_5380827,0,0.0004163857,held_fold
ISIC_5382691,0,0.00048690126,held_fold
ISIC_5383356,0,0.0032505346,held_fold
ISIC_5385299,0,0.00076158455,held_fold
ISIC_5387348,0,0.0011794386,held_fold
ISIC_5388184,1,0.35934478,held_fold
ISIC_5392958,0,0.001555556,held_fold
ISIC_5393017,0,0.0012888636,held_fold
ISIC_5393132,0,0.004689541,held_fold
ISIC_5393557,0,0.00043867907,held_fold
ISIC_5393919,0,0.0037441752,held_fold
ISIC_5396394,0,0.00665569,held_fold
ISIC_5397818,0,0.00029584795,held_fold
ISIC_5399929,0,0.005259567,held_fold
ISIC_5400113,0,0.0041834894,held_fold
ISIC_5400342,0,0.00054280495,held_fold
ISIC_5402327,0,0.0060952483,held_fold
ISIC_5403296,0,0.0009141633,held_fold
ISIC_5405456,0,0.08841013,held_fold
ISIC_5406752,0,0.025759669,held_fold
ISIC_5407343,0,0.0004458255,held_fold
ISIC_5407436,0,0.013135783,held_fold
ISIC_5408967,0,0.011112918,held_fold
ISIC_5409137,0,0.009970011,held_fold
ISIC_5409681,0,0.0010472025,held_fold
ISIC_5413136,0,0.0015213817,held_fold
ISIC_5415761,1,0.041022997,held_fold
ISIC_5415781,0,0.027399233,held_fold
ISIC_5416978,0,0.00074840337,held_fold
ISIC_5422432,0,0.020094601,held_fold
ISIC_5423896,0,0.0008731892,held_fold
ISIC_5424547,0,0.07691666,held_fold
ISIC_5428274,0,0.00740742,held_fold
ISIC_5432603,0,0.026398787,held_fold
ISIC_5433553,0,0.00042652283,held_fold
ISIC_5434055,0,0.013906799,held_fold
ISIC_5434070,0,0.013510282,held_fold
ISIC_5435291,0,0.0043660514,held_fold
ISIC_5435863,0,0.0004640916,held_fold
ISIC_5437356,0,0.17866576,held_fold
ISIC_5438431,0,0.051909417,held_fold
ISIC_5441132,0,0.00052671705,held_fold
ISIC_5443525,0,0.008091571,held_fold
ISIC_5443689,0,0.0052132863,held_fold
ISIC_5445188,0,0.0011078413,held_fold
ISIC_5446127,0,0.0006146989,held_fold
ISIC_5446470,0,0.0004918742,held_fold
ISIC_5451336,0,0.0002864029,held_fold
ISIC_5451400,0,0.0021336267,held_fold
ISIC_5454321,0,0.051440064,held_fold
ISIC_5455568,0,0.014790084,held_fold
ISIC_5457246,0,0.000994197,held_fold
ISIC_5457974,0,0.0013024396,held_fold
ISIC_5464942,0,0.000611484,held_fold
ISIC_5469457,0,0.06874574,held_fold
ISIC_5469999,0,0.0016962704,held_fold
ISIC_5475423,0,0.014252829,held_fold
ISIC_5477838,0,0.0020987971,held_fold
ISIC_5478846,0,0.034913626,held_fold
ISIC_5481211,0,0.00080076087,held_fold
ISIC_5481242,0,0.0027921095,held_fold
ISIC_5481673,0,0.005890677,held_fold
ISIC_5484086,0,0.00079109945,held_fold
ISIC_5485254,0,0.01610279,held_fold
ISIC_5485279,0,0.026439415,held_fold
ISIC_5486725,0,0.00195405,held_fold
ISIC_5487058,0,0.017604513,held_fold
ISIC_5488046,0,0.00034039284,held_fold
ISIC_5488065,0,0.01946152,held_fold
ISIC_5488188,0,0.0051988517,held_fold
ISIC_5491443,0,0.04240498,held_fold
ISIC_5492778,0,0.0004169219,held_fold
ISIC_5495452,0,0.0047851014,held_fold
ISIC_5496214,0,0.003815525,held_fold
ISIC_5496810,0,0.11605236,held_fold
ISIC_5497526,0,0.0003102707,held_fold
ISIC_5497851,0,0.00051646255,held_fold
ISIC_5500256,0,0.0006251587,held_fold
ISIC_5501375,0,0.0011896499,held_fold
ISIC_5502229,0,0.00663611,held_fold
ISIC_5503634,0,0.0050402177,held_fold
ISIC_5506059,0,0.0009081595,held_fold
ISIC_5508542,0,0.032667294,held_fold
ISIC_5510604,0,0.0007923779,held_fold
ISIC_5517594,0,0.0007875961,held_fold
ISIC_5518025,0,0.0044089328,held_fold
ISIC_5518934,0,0.010775613,held_fold
ISIC_5519289,0,0.0030864903,held_fold
ISIC_5521974,0,0.028481653,held_fold
ISIC_5523221,0,0.0025839452,held_fold
ISIC_5524682,0,0.0006145141,held_fold
ISIC_5524986,0,0.03911762,held_fold
ISIC_5525877,0,0.018159106,held_fold
ISIC_5526503,0,0.00027890256,held_fold
ISIC_5528990,0,0.009299889,held_fold
ISIC_5529201,0,0.0044399933,held_fold
ISIC_5529924,0,0.0035764414,held_fold
ISIC_5535143,0,0.0013991292,held_fold
ISIC_5536429,0,0.0015349772,held_fold
ISIC_5537771,0,0.029680248,held_fold
ISIC_5538778,0,0.020876851,held_fold
ISIC_5539077,0,0.13841172,held_fold
ISIC_5540840,0,0.001094752,held_fold
ISIC_5541028,0,0.025046414,held_fold
ISIC_5541999,0,0.0035193528,held_fold
ISIC_5542716,0,0.0021070463,held_fold
ISIC_5543178,0,7.440026e-05,held_fold
ISIC_5545410,0,0.029443514,held_fold
ISIC_5547116,0,0.010354324,held_fold
ISIC_5548717,0,0.005275788,held_fold
ISIC_5549768,0,0.0065157055,held_fold
ISIC_5552041,0,0.073544264,held_fold
ISIC_5552066,0,0.030600999,held_fold
ISIC_5552335,0,0.00040708442,held_fold
ISIC_5555505,0,0.0005097074,held_fold
ISIC_5558729,0,0.033276394,held_fold
ISIC_5559188,0,0.0007568979,held_fold
ISIC_5560538,0,0.007872337,held_fold
ISIC_5561003,1,0.13523796,held_fold
ISIC_5563553,0,0.0034637083,held_fold
ISIC_5567663,0,0.004963408,held_fold
ISIC_5568346,0,0.2446032,held_fold
ISIC_5568834,0,0.0022918405,held_fold
ISIC_5569091,0,0.0029249415,held_fold
ISIC_5569936,0,0.013623244,held_fold
ISIC_5570430,0,0.04721138,held_fold
ISIC_5573340,0,0.012772608,held_fold
ISIC_5573679,0,0.0001952777,held_fold
ISIC_5573733,0,0.025683954,held_fold
ISIC_5574940,0,0.016503174,held_fold
ISIC_5575449,0,0.0006022637,held_fold
ISIC_5576250,0,0.0004076106,held_fold
ISIC_5576986,0,0.0075862003,held_fold
ISIC_5581931,1,0.33992258,held_fold
ISIC_5583016,0,0.00052438414,held_fold
ISIC_5583139,0,0.0045678415,held_fold
ISIC_5584185,0,0.0023081913,held_fold
ISIC_5584859,0,0.0006965154,held_fold
ISIC_5585279,0,0.0025957366,held_fold
ISIC_5587216,0,0.0040687094,held_fold
ISIC_5587291,0,0.0073146857,held_fold
ISIC_5588302,0,0.024330975,held_fold
ISIC_5592192,0,0.000346864,held_fold
ISIC_5592257,0,0.0003012846,held_fold
ISIC_5592951,0,0.012810229,held_fold
ISIC_5597530,0,0.007868081,held_fold
ISIC_5599298,0,0.007611861,held_fold
ISIC_5601326,0,0.017205672,held_fold
ISIC_5603773,0,0.0052486267,held_fold
ISIC_5604025,0,0.0003269428,held_fold
ISIC_5605246,0,0.00015909185,held_fold
ISIC_5609883,0,0.01904768,held_fold
ISIC_5610178,0,0.017357111,held_fold
ISIC_5611010,0,0.00061465264,held_fold
ISIC_5611529,0,0.016596267,held_fold
ISIC_5612452,0,0.0066169566,held_fold
ISIC_5613199,0,0.0705146,held_fold
ISIC_5615676,0,0.000282037,held_fold
ISIC_5617952,0,0.028399952,held_fold
ISIC_5619062,0,0.0005296872,held_fold
ISIC_5620520,0,0.00088774954,held_fold
ISIC_5621310,0,0.008059532,held_fold
ISIC_5623327,0,0.0075427573,held_fold
ISIC_5623973,0,0.039675426,held_fold
ISIC_5625774,0,0.00040450718,held_fold
ISIC_5625980,0,0.0079584215,held_fold
ISIC_5632533,0,0.0006541789,held_fold
ISIC_5634181,0,0.0012887176,held_fold
ISIC_5635940,0,0.11641058,held_fold
ISIC_5636247,0,0.00573026,held_fold
ISIC_5636983,0,0.001307388,held_fold
ISIC_5637105,0,0.0071215066,held_fold
ISIC_5648111,0,0.00018826983,held_fold
ISIC_5650272,0,0.001292047,held_fold
ISIC_5650747,0,0.0010037721,held_fold
ISIC_5652519,0,0.0032550942,held_fold
ISIC_5654651,0,0.0043051215,held_fold
ISIC_5654818,0,0.027097214,held_fold
ISIC_5657535,0,0.0013052555,held_fold
ISIC_5658900,0,0.028864058,held_fold
ISIC_5659240,0,0.00069503667,held_fold
ISIC_5659295,0,0.019024322,held_fold
ISIC_5660360,0,0.0005827589,held_fold
ISIC_5664966,0,0.0012104304,held_fold
ISIC_5665011,0,0.0003891332,held_fold
ISIC_5665277,0,0.0058788667,held_fold
ISIC_5667461,1,0.0075797406,held_fold
ISIC_5667519,0,0.0030913563,held_fold
ISIC_5667935,0,0.0072151413,held_fold
ISIC_5676027,0,0.004088571,held_fold
ISIC_5678933,0,0.00038504478,held_fold
ISIC_5679708,0,0.00042606506,held_fold
ISIC_5679942,0,0.0020498235,held_fold
ISIC_5681025,0,0.044215135,held_fold
ISIC_5681794,0,0.0012177507,held_fold
ISIC_5686768,0,0.0008494604,held_fold
ISIC_5686868,0,0.029274868,held_fold
ISIC_5688051,0,0.01736725,held_fold
ISIC_5688657,0,0.0017555701,held_fold
ISIC_5688720,0,0.034879986,held_fold
ISIC_5688950,0,0.00039723865,held_fold
ISIC_5689986,0,0.00073325104,held_fold
ISIC_5692481,0,0.0009874997,held_fold
ISIC_5692863,0,0.00040601866,held_fold
ISIC_5694393,0,0.0033547843,held_fold
ISIC_5696540,0,0.0010165088,held_fold
ISIC_5697228,0,0.0029302782,held_fold
ISIC_5699175,0,0.0035104642,held_fold
ISIC_5700599,0,0.00082280097,held_fold
ISIC_5702549,0,0.0005863288,held_fold
ISIC_5702591,0,0.0394542,held_fold
ISIC_5705413,0,0.00034986576,held_fold
ISIC_5705973,0,0.0006517945,held_fold
ISIC_5708288,0,0.0008727458,held_fold
ISIC_5709170,0,0.006959042,held_fold
ISIC_5712029,0,0.013312802,held_fold
ISIC_5713588,0,0.0033087898,held_fold
ISIC_5714201,0,0.15719555,held_fold
ISIC_5718343,0,0.00092368305,held_fold
ISIC_5720694,0,0.006879749,held_fold
ISIC_5721677,0,0.00059546693,held_fold
ISIC_5722194,0,0.0020571551,held_fold
ISIC_5722211,0,0.049774088,held_fold
ISIC_5723510,0,0.0005404977,held_fold
ISIC_5727083,0,0.025417922,held_fold
ISIC_5730636,0,0.15772296,held_fold
ISIC_5733557,0,0.0009927234,held_fold
ISIC_5733748,1,0.005388241,held_fold
ISIC_5735592,0,0.01866548,held_fold
ISIC_5736023,0,0.00091237726,held_fold
ISIC_5736126,0,0.0057624667,held_fold
ISIC_5736595,0,0.0005166287,held_fold
ISIC_5736966,0,0.06389003,held_fold
ISIC_5736979,0,0.0013496411,held_fold
ISIC_5737191,0,0.0019611146,held_fold
ISIC_5737704,0,0.0022265583,held_fold
ISIC_5738103,0,0.0064798007,held_fold
ISIC_5738587,0,0.00048439385,held_fold
ISIC_5739570,0,0.0013875392,held_fold
ISIC_5743012,0,0.0029470662,held_fold
ISIC_5745349,0,0.0002818198,held_fold
ISIC_5745941,0,0.00036513075,held_fold
ISIC_5746706,0,0.053666823,held_fold
ISIC_5747367,0,0.0078112492,held_fold
ISIC_5747486,1,0.0052325977,held_fold
ISIC_5747681,0,0.0048161475,held_fold
ISIC_5748751,0,0.00030589406,held_fold
ISIC_5748858,0,0.01826176,held_fold
ISIC_5749706,0,0.00079623883,held_fold
ISIC_5750242,0,0.120934136,held_fold
ISIC_5754233,0,0.023765793,held_fold
ISIC_5755210,0,0.011445595,held_fold
ISIC_5755836,0,0.000816253,held_fold
ISIC_5757336,0,0.02115341,held_fold
ISIC_5760948,0,0.010882692,held_fold
ISIC_5763398,0,0.039703928,held_fold
ISIC_5766141,0,0.0060290406,held_fold
ISIC_5766923,0,0.0011374549,held_fold
ISIC_5767976,0,0.0006181069,held_fold
ISIC_5768602,0,0.06994381,held_fold
ISIC_5771106,0,0.0009548749,held_fold
ISIC_5773967,0,0.0008799855,held_fold
ISIC_5778330,0,0.00022200913,held_fold
ISIC_5778476,0,0.0003562886,held_fold
ISIC_5779688,0,0.015423443,held_fold
ISIC_5782816,0,0.0040638046,held_fold
ISIC_5783685,0,0.00022594699,held_fold
ISIC_5784362,0,0.0004393945,held_fold
ISIC_5787517,0,0.00027633147,held_fold
ISIC_5788057,0,0.00036822472,held_fold
ISIC_5789052,0,0.04024836,held_fold
ISIC_5790458,0,0.000820435,held_fold
ISIC_5790534,0,0.00046979013,held_fold
ISIC_5797220,0,0.00028080976,held_fold
ISIC_5797942,0,0.0003775382,held_fold
ISIC_5798539,0,0.12389671,held_fold
ISIC_5800113,0,0.0046528764,held_fold
ISIC_5804606,0,0.0023404488,held_fold
ISIC_5805349,0,0.003658918,held_fold
ISIC_5807112,0,0.0038136968,held_fold
ISIC_5810736,0,0.00012974732,held_fold
ISIC_5816788,0,0.0006829476,held_fold
ISIC_5819754,0,0.053754427,held_fold
ISIC_5821292,0,0.0024740759,held_fold
ISIC_5822691,0,0.010923698,held_fold
ISIC_5823076,0,0.005782477,held_fold
ISIC_5823292,0,0.0009958665,held_fold
ISIC_5824656,0,0.0013297664,held_fold
ISIC_5824730,0,0.00022199137,held_fold
ISIC_5825647,0,0.042104073,held_fold
ISIC_5827217,0,0.0014359724,held_fold
ISIC_5828787,0,0.008117948,held_fold
ISIC_5831201,0,0.0009784404,held_fold
ISIC_5831880,0,0.000393509,held_fold
ISIC_5832440,0,0.0137781,held_fold
ISIC_5832623,0,0.0004949466,held_fold
ISIC_5833015,0,0.0030369484,held_fold
ISIC_5837974,0,0.00043177966,held_fold
ISIC_5843515,0,0.07344887,held_fold
ISIC_5846233,0,0.00092259195,held_fold
ISIC_5849178,0,0.0008816767,held_fold
ISIC_5849715,0,0.001276764,held_fold
ISIC_5850699,0,0.00055704615,held_fold
ISIC_5852061,0,0.003470402,held_fold
ISIC_5853048,0,0.0011919229,held_fold
ISIC_5854870,0,0.009191431,held_fold
ISIC_5855400,0,0.00026777215,held_fold
ISIC_5855700,0,0.0009809621,held_fold
ISIC_5855835,0,0.01690102,held_fold
ISIC_5857155,0,0.0026976024,held_fold
ISIC_5857239,0,0.028554328,held_fold
ISIC_5859895,0,0.0005924705,held_fold
ISIC_5860849,0,0.07411325,held_fold
ISIC_5864067,0,0.0006948896,held_fold
ISIC_5865142,0,0.0005387189,held_fold
ISIC_5865828,0,0.00083827967,held_fold
ISIC_5866381,0,0.22123289,held_fold
ISIC_5867862,0,0.012995629,held_fold
ISIC_5868291,1,0.15700376,held_fold
ISIC_5870406,0,0.001084452,held_fold
ISIC_5873539,0,0.0013588415,held_fold
ISIC_5876289,0,0.0007129048,held_fold
ISIC_5881363,0,0.0026552356,held_fold
ISIC_5882254,0,0.00072689645,held_fold
ISIC_5882629,0,0.0635298,held_fold
ISIC_5883505,0,0.11898561,held_fold
ISIC_5885421,0,0.00068208016,held_fold
ISIC_5885837,0,0.00029808917,held_fold
ISIC_5886168,0,0.0032880313,held_fold
ISIC_5888460,0,0.0034761322,held_fold
ISIC_5888672,0,0.00031034797,held_fold
ISIC_5889246,0,0.006136731,held_fold
ISIC_5892920,0,0.0004456615,held_fold
ISIC_5894246,0,0.00041080918,held_fold
ISIC_5899228,0,0.039424628,held_fold
ISIC_5900141,0,0.025681173,held_fold
ISIC_5901919,0,0.0041140183,held_fold
ISIC_5902175,0,0.003829154,held_fold
ISIC_5903054,0,0.0021864073,held_fold
ISIC_5904214,0,0.050741516,held_fold
ISIC_5908780,0,0.008128825,held_fold
ISIC_5909403,0,0.007047413,held_fold
ISIC_5910514,0,0.019393846,held_fold
ISIC_5910595,0,0.0013368395,held_fold
ISIC_5910975,0,0.003996562,held_fold
ISIC_5912392,0,0.010935414,held_fold
ISIC_5917004,0,0.00043429353,held_fold
ISIC_5917605,0,0.018940406,held_fold
ISIC_5917755,0,0.00201643,held_fold
ISIC_5918756,0,0.0013492221,held_fold
ISIC_5920471,0,0.0029337464,held_fold
ISIC_5921734,0,0.000793849,held_fold
ISIC_5923430,0,0.0002514976,held_fold
ISIC_5924459,0,0.005652426,held_fold
ISIC_5930509,0,0.0020646153,held_fold
ISIC_5932996,0,0.0011710034,held_fold
ISIC_5934104,0,0.00029825405,held_fold
ISIC_5934319,0,0.15129238,held_fold
ISIC_5935362,0,0.00043927893,held_fold
ISIC_5941271,0,0.010800431,held_fold
ISIC_5941314,0,0.00069081655,held_fold
ISIC_5942073,0,0.0051085283,held_fold
ISIC_5942312,0,0.00027535367,held_fold
ISIC_5942756,0,0.10717399,held_fold
ISIC_5943355,0,0.00056432583,held_fold
ISIC_5944524,0,0.0025618917,held_fold
ISIC_5945822,0,0.0005278755,held_fold
ISIC_5950144,0,0.0033191403,held_fold
ISIC_5950453,0,0.0006038976,held_fold
ISIC_5952026,0,0.030841827,held_fold
ISIC_5952650,0,0.0020902706,held_fold
ISIC_5953416,0,0.0012176926,held_fold
ISIC_5955314,0,0.0021882828,held_fold
ISIC_5958657,0,0.082945056,held_fold
ISIC_5960183,0,0.00023994273,held_fold
ISIC_5960641,0,0.00074240315,held_fold
ISIC_5961421,0,0.035552073,held_fold
ISIC_5961544,0,0.094750926,held_fold
ISIC_5962268,0,0.00076906686,held_fold
ISIC_5962462,0,0.023419252,held_fold
ISIC_5963113,0,0.0003165528,held_fold
ISIC_5963344,0,0.00090363703,held_fold
ISIC_5963491,0,0.000367489,held_fold
ISIC_5971574,0,0.0006945884,held_fold
ISIC_5973717,0,0.007867125,held_fold
ISIC_5974286,0,0.0004081342,held_fold
ISIC_5976373,0,0.00033996796,held_fold
ISIC_5979771,0,0.0018164444,held_fold
ISIC_5979783,0,0.00041178704,held_fold
ISIC_5981150,0,0.0014919852,held_fold
ISIC_5983942,0,0.0017312956,held_fold
ISIC_5985961,0,0.02520297,held_fold
ISIC_5990428,0,0.009463933,held_fold
ISIC_5997133,0,0.006450776,held_fold
ISIC_6000048,0,0.00045042826,held_fold
ISIC_6000142,0,0.0052335383,held_fold
ISIC_6000889,0,0.1213245,held_fold
ISIC_6002622,0,0.17621067,held_fold
ISIC_6003494,0,0.0006006649,held_fold
ISIC_6004540,0,0.0014803114,held_fold
ISIC_6006795,0,0.00040243252,held_fold
ISIC_6013568,0,0.00058485195,held_fold
ISIC_6016197,0,0.00978668,held_fold
ISIC_6016330,0,0.0019740288,held_fold
ISIC_6017897,0,0.0012850062,held_fold
ISIC_6019322,0,0.0002925316,held_fold
ISIC_6019374,0,0.0090760095,held_fold
ISIC_6019516,0,0.00031431176,held_fold
ISIC_6020615,0,0.008191903,held_fold
ISIC_6020636,0,0.008028078,held_fold
ISIC_6022423,0,0.00088875205,held_fold
ISIC_6023504,0,0.021871932,held_fold
ISIC_6023518,0,0.0008512227,held_fold
ISIC_6024691,0,0.015082817,held_fold
ISIC_6025224,0,0.00061591755,held_fold
ISIC_6028622,0,0.0026904333,held_fold
ISIC_6030901,0,0.0014315173,held_fold
ISIC_6033222,0,0.000648077,held_fold
ISIC_6035362,0,0.0034856827,held_fold
ISIC_6041346,0,0.0188397,held_fold
ISIC_6041880,0,0.00054831954,held_fold
ISIC_6043051,0,0.00045161744,held_fold
ISIC_6047070,0,0.011232772,held_fold
ISIC_6049499,0,0.012167792,held_fold
ISIC_6050281,0,0.0009944665,held_fold
ISIC_6051598,0,0.00062515214,held_fold
ISIC_6052702,0,0.00024989853,held_fold
ISIC_6052995,0,0.00059274165,held_fold
ISIC_6053980,0,0.009201703,held_fold
ISIC_6054420,0,0.024619127,held_fold
ISIC_6057455,0,0.0009027356,held_fold
ISIC_6058822,0,0.028880252,held_fold
ISIC_6062638,0,0.0026760206,held_fold
ISIC_6062657,0,0.0011952752,held_fold
ISIC_6063007,0,0.0077964882,held_fold
ISIC_6065618,0,0.00912923,held_fold
ISIC_6067058,0,0.0028283347,held_fold
ISIC_6072001,0,0.00031964545,held_fold
ISIC_6076242,0,0.00027743357,held_fold
ISIC_6078211,0,0.02219193,held_fold
ISIC_6081091,0,0.0009767849,held_fold
ISIC_6081985,0,0.0034236424,held_fold
ISIC_6089318,1,0.24007966,held_fold
ISIC_6090848,0,0.00969634,held_fold
ISIC_6092849,0,0.007914305,held_fold
ISIC_6092911,0,0.04418732,held_fold
ISIC_6093728,0,0.03185877,held_fold
ISIC_6096306,0,0.00032110422,held_fold
ISIC_6096541,0,0.022213375,held_fold
ISIC_6096598,0,0.00043515282,held_fold
ISIC_6099309,0,0.008623856,held_fold
ISIC_6100064,0,0.0014233908,held_fold
ISIC_6101341,0,0.00047348475,held_fold
ISIC_6107273,0,0.011389874,held_fold
ISIC_6110788,0,0.04687383,held_fold
ISIC_6111078,0,0.0077431034,held_fold
ISIC_6113524,0,0.0037968373,held_fold
ISIC_6116536,0,0.0003699298,held_fold
ISIC_6121393,0,0.0020145501,held_fold
ISIC_6124127,0,0.00030124554,held_fold
ISIC_6124481,1,0.059481908,held_fold
ISIC_6125014,0,0.0082150325,held_fold
ISIC_6125652,1,0.44474107,held_fold
ISIC_6127074,0,0.013001673,held_fold
ISIC_6127167,0,0.0006991799,held_fold
ISIC_6127495,0,0.020806845,held_fold
ISIC_6131501,0,0.00092873164,held_fold
ISIC_6132976,0,0.007153445,held_fold
ISIC_6133418,0,0.00445868,held_fold
ISIC_6133988,0,0.0004344157,held_fold
ISIC_6138246,0,0.0029734997,held_fold
ISIC_6141422,0,0.0008473271,held_fold
ISIC_6142525,0,0.0005972164,held_fold
ISIC_6144716,0,0.00026914818,held_fold
ISIC_6151555,0,0.00027752965,held_fold
ISIC_6153134,0,0.0038315628,held_fold
ISIC_6153728,0,0.00568839,held_fold
ISIC_6153896,0,0.002317264,held_fold
ISIC_6155782,0,0.003024906,held_fold
ISIC_6155981,0,0.00041854146,held_fold
ISIC_6158021,0,0.0051614055,held_fold
ISIC_6161876,0,0.0006947029,held_fold
ISIC_6162609,0,0.0009434399,held_fold
ISIC_6162663,0,0.00043537753,held_fold
ISIC_6162711,0,0.003377776,held_fold
ISIC_6163926,0,0.01030298,held_fold
ISIC_6165627,0,0.00087691494,held_fold
ISIC_6166247,0,0.0005380264,held_fold
ISIC_6167855,0,0.06609301,held_fold
ISIC_6168754,0,0.0026386883,held_fold
ISIC_6173977,0,0.0028038304,held_fold
ISIC_6174735,0,0.0006683561,held_fold
ISIC_6174933,0,0.0024493935,held_fold
ISIC_6176182,0,0.00077283493,held_fold
ISIC_6176518,0,0.029270248,held_fold
ISIC_6178088,0,0.00031461398,held_fold
ISIC_6178350,0,0.0126404185,held_fold
ISIC_6180030,0,0.00400786,held_fold
ISIC_6182833,0,0.0042534214,held_fold
ISIC_6184190,0,0.0020785914,held_fold
ISIC_6186813,0,0.0006786178,held_fold
ISIC_6188916,0,0.00044535444,held_fold
ISIC_6189075,0,0.001283888,held_fold
ISIC_6189375,0,0.0114839645,held_fold
ISIC_6192108,0,0.0050854166,held_fold
ISIC_6197608,0,0.0006546127,held_fold
ISIC_6205288,0,0.0009846579,held_fold
ISIC_6208762,0,0.0003429678,held_fold
ISIC_6208775,0,0.003633659,held_fold
ISIC_6210500,0,0.0028971692,held_fold
ISIC_6216261,0,0.0061051296,held_fold
ISIC_6217184,0,0.007018771,held_fold
ISIC_6224828,0,0.0026635437,held_fold
ISIC_6225107,0,0.008585611,held_fold
ISIC_6225303,0,0.0012800382,held_fold
ISIC_6225409,0,0.013030157,held_fold
ISIC_6231450,0,0.0021247414,held_fold
ISIC_6242842,0,0.00037219038,held_fold
ISIC_6243238,0,0.0014233869,held_fold
ISIC_6245809,0,0.001289996,held_fold
ISIC_6247314,0,0.0017150147,held_fold
ISIC_6248789,0,0.015537177,held_fold
ISIC_6254324,0,0.05730929,held_fold
ISIC_6255494,0,0.00070359785,held_fold
ISIC_6255613,0,0.0007117344,held_fold
ISIC_6256797,0,0.00054602034,held_fold
ISIC_6257804,0,0.007716711,held_fold
ISIC_6257952,0,0.00093289424,held_fold
ISIC_6258246,0,0.009277156,held_fold
ISIC_6260485,0,0.00097619265,held_fold
ISIC_6264379,0,0.005458679,held_fold
ISIC_6265284,0,0.00044033688,held_fold
ISIC_6267455,0,0.002668765,held_fold
ISIC_6267562,0,0.003167978,held_fold
ISIC_6268546,0,0.00034671623,held_fold
ISIC_6269166,1,0.03185259,held_fold
ISIC_6269414,0,0.0066929623,held_fold
ISIC_6269556,0,0.0013657562,held_fold
ISIC_6273566,0,0.00310673,held_fold
ISIC_6274020,0,0.053616513,held_fold
ISIC_6278584,0,0.0032001522,held_fold
ISIC_6279017,0,0.03184059,held_fold
ISIC_6281419,0,0.00036291115,held_fold
ISIC_6284704,0,0.0017365325,held_fold
ISIC_6287575,0,0.007253889,held_fold
ISIC_6287803,0,0.0036892917,held_fold
ISIC_6291051,0,0.0007132772,held_fold
ISIC_6292209,0,0.008230231,held_fold
ISIC_6293132,0,0.00047552376,held_fold
ISIC_6293829,0,0.00061288546,held_fold
ISIC_6297408,0,0.0006319336,held_fold
ISIC_6303154,0,0.015586553,held_fold
ISIC_6304007,0,0.00065553107,held_fold
ISIC_6304412,0,0.0022273138,held_fold
ISIC_6310591,0,0.053935383,held_fold
ISIC_6312590,0,0.0025632312,held_fold
ISIC_6313487,1,0.04962245,held_fold
ISIC_6315037,0,0.0006373713,held_fold
ISIC_6316410,0,0.008612017,held_fold
ISIC_6321119,0,0.0007715512,held_fold
ISIC_6322191,0,0.00028134303,held_fold
ISIC_6323199,0,0.0005801462,held_fold
ISIC_6323489,0,0.012575548,held_fold
ISIC_6324832,0,0.0006345338,held_fold
ISIC_6328526,0,0.0032126189,held_fold
ISIC_6328606,0,0.00077539287,held_fold
ISIC_6330808,0,0.012287567,held_fold
ISIC_6335490,0,0.01669411,held_fold
ISIC_6336141,0,0.010395817,held_fold
ISIC_6339509,0,0.14078183,held_fold
ISIC_6340018,0,0.0025126834,held_fold
ISIC_6340529,0,0.00052035804,held_fold
ISIC_6341685,0,0.031640448,held_fold
ISIC_6343199,0,0.0006557526,held_fold
ISIC_6344114,0,0.3439017,held_fold
ISIC_6344673,0,0.0010478417,held_fold
ISIC_6345354,0,0.00035245926,held_fold
ISIC_6347269,0,0.015073173,held_fold
ISIC_6352726,0,0.0042520724,held_fold
ISIC_6352730,0,0.00025177278,held_fold
ISIC_6353527,0,0.023857156,held_fold
ISIC_6355245,0,0.0003418009,held_fold
ISIC_6355353,1,0.008149682,held_fold
ISIC_6357644,0,0.0005859715,held_fold
ISIC_6358383,0,0.012483855,held_fold
ISIC_6363862,0,0.0015778684,held_fold
ISIC_6364051,0,0.0046235956,held_fold
ISIC_6371233,0,0.009510112,held_fold
ISIC_6373500,0,0.0065546846,held_fold
ISIC_6376959,0,0.00032637635,held_fold
ISIC_6377578,0,0.00026726178,held_fold
ISIC_6379690,0,0.00030304937,held_fold
ISIC_6380662,0,0.0005507098,held_fold
ISIC_6383193,0,0.0043496653,held_fold
ISIC_6383486,0,0.01910909,held_fold
ISIC_6383922,0,0.0004698672,held_fold
ISIC_6384559,0,0.010161142,held_fold
ISIC_6384997,0,0.0007271472,held_fold
ISIC_6385074,0,0.000769818,held_fold
ISIC_6385374,0,0.0028367375,held_fold
ISIC_6390738,0,0.00047579626,held_fold
ISIC_6391835,0,0.0021004213,held_fold
ISIC_6392461,1,0.043614205,held_fold
ISIC_6393699,0,0.00031675262,held_fold
ISIC_6394612,0,0.0023442886,held_fold
ISIC_6396565,0,0.00038361055,held_fold
ISIC_6398669,1,0.026710972,held_fold
ISIC_6399275,0,0.00028502892,held_fold
ISIC_6399303,0,0.00074696547,held_fold
ISIC_6400815,0,0.06036992,held_fold
ISIC_6401355,0,0.0003598531,held_fold
ISIC_6402680,0,0.0092866095,held_fold
ISIC_6403268,0,0.00041019867,held_fold
ISIC_6404238,0,0.0005045944,held_fold
ISIC_6405298,0,0.020182155,held_fold
ISIC_6405981,0,0.007841278,held_fold
ISIC_6407004,0,0.0015580864,held_fold
ISIC_6407230,0,0.00025457036,held_fold
ISIC_6408480,0,0.016692575,held_fold
ISIC_6409296,0,0.118355684,held_fold
ISIC_6411466,0,0.00031650628,held_fold
ISIC_6412486,0,0.0011866394,held_fold
ISIC_6413382,0,0.00449291,held_fold
ISIC_6415466,0,0.00028641545,held_fold
ISIC_6420431,0,0.0008239245,held_fold
ISIC_6422862,0,0.0006742997,held_fold
ISIC_6423301,0,0.00080837816,held_fold
ISIC_6423914,0,0.00072904426,held_fold
ISIC_6425807,0,0.000321864,held_fold
ISIC_6425888,0,0.0060959184,held_fold
ISIC_6432495,0,0.0008008029,held_fold
ISIC_6433551,0,0.009367121,held_fold
ISIC_6434605,0,0.0018945517,held_fold
ISIC_6435644,0,0.010297701,held_fold
ISIC_6438174,0,0.007424042,held_fold
ISIC_6438355,0,0.0054462366,held_fold
ISIC_6440753,0,0.0005322666,held_fold
ISIC_6444653,0,0.05001083,held_fold
ISIC_6446616,0,0.00086980825,held_fold
ISIC_6447071,0,0.010826397,held_fold
ISIC_6447681,0,0.035295557,held_fold
ISIC_6448063,0,0.032496717,held_fold
ISIC_6449939,0,0.0005353448,held_fold
ISIC_6450517,0,0.00033770193,held_fold
ISIC_6450756,0,0.027396908,held_fold
ISIC_6451230,0,0.0016565352,held_fold
ISIC_6453506,0,0.0003820897,held_fold
ISIC_6455702,0,0.0003836484,held_fold
ISIC_6457849,0,0.0019841932,held_fold
ISIC_6459796,0,0.006889475,held_fold
ISIC_6460696,0,0.00033434996,held_fold
ISIC_6464177,0,0.022737695,held_fold
ISIC_6464905,0,0.025887879,held_fold
ISIC_6466611,0,0.0007159147,held_fold
ISIC_6467876,0,0.0015273526,held_fold
ISIC_6470697,0,0.00038224855,held_fold
ISIC_6477782,0,0.0007136525,held_fold
ISIC_6479999,0,0.0009515265,held_fold
ISIC_6480784,0,0.0014574252,held_fold
ISIC_6482239,0,0.00092661433,held_fold
ISIC_6484136,0,0.10604783,held_fold
ISIC_6485050,0,0.015726803,held_fold
ISIC_6486815,0,0.004587377,held_fold
ISIC_6486856,0,0.011849821,held_fold
ISIC_6487809,0,0.00029328474,held_fold
ISIC_6490895,0,0.00084310776,held_fold
ISIC_6496927,0,0.03760684,held_fold
ISIC_6497797,0,0.00042833888,held_fold
ISIC_6498670,0,0.0009710477,held_fold
ISIC_6500094,0,0.0946729,held_fold
ISIC_6500700,0,0.015268073,held_fold
ISIC_6506429,0,0.037845694,held_fold
ISIC_6506481,0,0.0009176622,held_fold
ISIC_6507412,0,0.00035960256,held_fold
ISIC_6507640,0,0.00069732097,held_fold
ISIC_6509682,1,0.046960894,held_fold
ISIC_6510403,0,0.0014999527,held_fold
ISIC_6512878,0,0.09033151,held_fold
ISIC_6513575,0,0.00044526617,held_fold
ISIC_6513977,0,0.0011015958,held_fold
ISIC_6515221,0,0.1828832,held_fold
ISIC_6515241,0,0.00044518124,held_fold
ISIC_6524052,0,0.0016199142,held_fold
ISIC_6524810,0,0.00706889,held_fold
ISIC_6527464,0,0.0021883075,held_fold
ISIC_6528080,0,0.0028443784,held_fold
ISIC_6528650,0,0.008877222,held_fold
ISIC_6529773,0,0.0009786423,held_fold
ISIC_6530659,0,0.003947414,held_fold
ISIC_6533307,0,0.0013348623,held_fold
ISIC_6534346,0,0.032533634,held_fold
ISIC_6538955,0,0.008029388,held_fold
ISIC_6539116,0,0.0005663322,held_fold
ISIC_6540624,0,0.005647446,held_fold
ISIC_6543121,0,0.0017902693,held_fold
ISIC_6543564,0,0.0005025379,held_fold
ISIC_6544548,0,0.0040751086,held_fold
ISIC_6545051,0,0.00047894445,held_fold
ISIC_6547083,0,0.002418239,held_fold
ISIC_6547379,0,0.01834323,held_fold
ISIC_6547605,0,0.002769556,held_fold
ISIC_6547878,0,0.0021043872,held_fold
ISIC_6549908,0,0.031593103,held_fold
ISIC_6550427,0,0.0011498305,held_fold
ISIC_6551532,0,0.0008794412,held_fold
ISIC_6553389,0,0.0021537184,held_fold
ISIC_6553768,0,0.0002839841,held_fold
ISIC_6556473,0,0.0035334877,held_fold
ISIC_6559979,0,0.00043528667,held_fold
ISIC_6561787,0,0.09601292,held_fold
ISIC_6563211,0,0.0035215404,held_fold
ISIC_6563761,0,0.027395966,held_fold
ISIC_6564034,0,0.020318877,held_fold
ISIC_6564818,0,0.00043222486,held_fold
ISIC_6565709,0,0.0002883372,held_fold
ISIC_6567382,0,0.0007953786,held_fold
ISIC_6568247,0,0.0069776513,held_fold
ISIC_6570611,0,0.00942048,held_fold
ISIC_6571305,0,0.002323104,held_fold
ISIC_6571335,0,0.0058273864,held_fold
ISIC_6571459,0,0.0058600833,held_fold
ISIC_6571597,0,0.0020287132,held_fold
ISIC_6572463,0,0.002170053,held_fold
ISIC_6572646,0,0.00047986524,held_fold
ISIC_6576397,0,0.00036100313,held_fold
ISIC_6576549,0,0.0010212477,held_fold
ISIC_6581665,0,0.00055216596,held_fold
ISIC_6582783,0,0.015749073,held_fold
ISIC_6584847,0,0.00042492792,held_fold
ISIC_6586052,0,0.001238739,held_fold
ISIC_6588756,0,0.0068634525,held_fold
ISIC_6588853,0,0.0038180288,held_fold
ISIC_6593826,0,0.0007675326,held_fold
ISIC_6594273,0,0.0054238685,held_fold
ISIC_6602724,0,0.00087065186,held_fold
ISIC_6607895,0,0.0022343933,held_fold
ISIC_6608281,0,0.00040535524,held_fold
ISIC_6608507,0,0.028835652,held_fold
ISIC_6608618,0,0.0011388047,held_fold
ISIC_6609931,0,0.0005438316,held_fold
ISIC_6610645,0,0.00019064476,held_fold
ISIC_6613228,0,0.0012925755,held_fold
ISIC_6615566,0,0.03517877,held_fold
ISIC_6616174,0,0.0115722995,held_fold
ISIC_6617840,0,0.0008381447,held_fold
ISIC_6618652,0,0.000855837,held_fold
ISIC_6619970,0,0.002618113,held_fold
ISIC_6622594,0,0.00050233817,held_fold
ISIC_6622892,0,0.004401214,held_fold
ISIC_6627142,0,0.0086058555,held_fold
ISIC_6627659,0,0.0031513176,held_fold
ISIC_6628544,0,0.00036893625,held_fold
ISIC_6632997,0,0.014905532,held_fold
ISIC_6636275,0,0.0003038832,held_fold
ISIC_6636720,0,0.008793831,held_fold
ISIC_6637323,0,0.0005418701,held_fold
ISIC_6638892,0,0.0012618774,held_fold
ISIC_6640753,0,0.0010542078,held_fold
ISIC_6644265,0,0.00037355072,held_fold
ISIC_6646410,0,0.004264236,held_fold
ISIC_6646749,0,0.0009218942,held_fold
ISIC_6651931,0,0.0023326902,held_fold
ISIC_6652211,0,0.00021415569,held_fold
ISIC_6653311,0,0.048920285,held_fold
ISIC_6653456,0,0.0342937,held_fold
ISIC_6660516,0,0.030734548,held_fold
ISIC_6661691,0,0.0049462207,held_fold
ISIC_6661904,0,0.15610354,held_fold
ISIC_6661910,0,0.056784894,held_fold
ISIC_6664275,0,0.054246716,held_fold
ISIC_6665380,0,0.004062616,held_fold
ISIC_6665515,0,0.00062728097,held_fold
ISIC_6668604,0,0.020950373,held_fold
ISIC_6668859,0,0.003939959,held_fold
ISIC_6673875,0,0.035706095,held_fold
ISIC_6674202,0,0.012713303,held_fold
ISIC_6676568,0,0.06387643,held_fold
ISIC_6676705,0,0.016642552,held_fold
ISIC_6680873,0,0.001993517,held_fold
ISIC_6681346,0,0.0015691522,held_fold
ISIC_6683756,0,0.00018515316,held_fold
ISIC_6686144,0,0.00063071575,held_fold
ISIC_6687927,0,0.0010639218,held_fold
ISIC_6688311,0,0.00078491314,held_fold
ISIC_6689593,0,0.00071935816,held_fold
ISIC_6689717,0,0.00036134844,held_fold
ISIC_6690049,0,0.0023833888,held_fold
ISIC_6691092,0,0.00066078873,held_fold
ISIC_6696515,0,0.027996162,held_fold
ISIC_6696536,0,0.00044516195,held_fold
ISIC_6698186,0,0.0014013529,held_fold
ISIC_6701139,0,0.00039064614,held_fold
ISIC_6702684,0,0.00083832274,held_fold
ISIC_6703021,0,0.00045338253,held_fold
ISIC_6703027,0,0.037008733,held_fold
ISIC_6704036,0,0.00070461305,held_fold
ISIC_6704130,0,0.00029901022,held_fold
ISIC_6706289,0,0.00072595914,held_fold
ISIC_6706678,0,0.016318016,held_fold
ISIC_6708968,0,0.018718999,held_fold
ISIC_6709052,0,0.0010305268,held_fold
ISIC_6712470,0,0.04166616,held_fold
ISIC_6713062,0,0.009589442,held_fold
ISIC_6716036,0,0.0008101067,held_fold
ISIC_6721304,0,0.00079698657,held_fold
ISIC_6723937,0,0.0038482447,held_fold
ISIC_6725390,0,0.00050404255,held_fold
ISIC_6725760,0,0.0023267437,held_fold
ISIC_6725828,0,0.009168955,held_fold
ISIC_6726495,0,0.090883695,held_fold
ISIC_6727495,0,0.0027292182,held_fold
ISIC_6729594,0,0.02451733,held_fold
ISIC_6731796,0,0.0065399804,held_fold
ISIC_6735970,0,0.010837908,held_fold
ISIC_6738013,0,0.0026672168,held_fold
ISIC_6747026,0,0.0011509998,held_fold
ISIC_6749688,0,0.0010506075,held_fold
ISIC_6753364,0,0.0076560588,held_fold
ISIC_6753425,0,0.0013665329,held_fold
ISIC_6754034,0,0.025213556,held_fold
ISIC_6754749,0,0.00021460927,held_fold
ISIC_6756517,0,0.007596287,held_fold
ISIC_6758042,0,0.0044721467,held_fold
ISIC_6759319,0,0.0031390735,held_fold
ISIC_6761980,0,0.001729569,held_fold
ISIC_6764541,0,0.0008902912,held_fold
ISIC_6767017,0,0.0005262518,held_fold
ISIC_6772067,0,0.009699037,held_fold
ISIC_6774796,0,0.0018555933,held_fold
ISIC_6778483,0,0.008433333,held_fold
ISIC_6778756,0,0.00077438494,held_fold
ISIC_6779354,0,0.0036228916,held_fold
ISIC_6781075,0,0.0015229442,held_fold
ISIC_6781637,0,0.0005131745,held_fold
ISIC_6781665,0,0.0076180594,held_fold
ISIC_6784722,0,0.110704914,held_fold
ISIC_6787097,0,0.0021161584,held_fold
ISIC_6789876,0,0.000625516,held_fold
ISIC_6790949,0,0.001601354,held_fold
ISIC_6792155,0,0.009613624,held_fold
ISIC_6794321,0,0.00037015593,held_fold
ISIC_6794899,0,0.045031767,held_fold
ISIC_6795009,0,0.002354143,held_fold
ISIC_6798880,0,0.0004905658,held_fold
ISIC_6804665,0,0.006950476,held_fold
ISIC_6814478,0,0.03505411,held_fold
ISIC_6815524,0,0.0006049668,held_fold
ISIC_6815672,0,0.029821998,held_fold
ISIC_6817651,0,0.0022556956,held_fold
ISIC_6826081,0,0.00033350446,held_fold
ISIC_6827929,0,0.007845853,held_fold
ISIC_6828587,0,0.0653697,held_fold
ISIC_6831482,0,0.028005345,held_fold
ISIC_6841294,1,0.34307766,held_fold
ISIC_6841752,0,0.0014772274,held_fold
ISIC_6844282,0,0.15063028,held_fold
ISIC_6845907,0,0.05750125,held_fold
ISIC_6847317,0,0.00034833033,held_fold
ISIC_6848560,0,0.009270076,held_fold
ISIC_6852275,0,0.017909251,held_fold
ISIC_6852281,0,0.0022279443,held_fold
ISIC_6853087,0,0.009196262,held_fold
ISIC_6853657,0,0.0008257763,held_fold
ISIC_6853786,0,0.002098792,held_fold
ISIC_6854940,0,0.0031408258,held_fold
ISIC_6855125,0,0.00033574054,held_fold
ISIC_6857334,0,0.0008549201,held_fold
ISIC_6858074,0,0.01037563,held_fold
ISIC_6858892,0,0.0005590466,held_fold
ISIC_6859159,0,0.023273323,held_fold
ISIC_6866526,0,0.0007111406,held_fold
ISIC_6872792,0,0.038233817,held_fold
ISIC_6873669,0,0.0032459577,held_fold
ISIC_6874316,0,0.006531924,held_fold
ISIC_6876297,0,0.004499403,held_fold
ISIC_6876309,0,0.0028687608,held_fold
ISIC_6876820,0,0.01670671,held_fold
ISIC_6878588,0,0.45887583,held_fold
ISIC_6879085,0,0.00061682257,held_fold
ISIC_6880164,0,0.00032818763,held_fold
ISIC_6882582,0,0.063635744,held_fold
ISIC_6888012,0,0.00042637406,held_fold
ISIC_6888353,0,0.0012869242,held_fold
ISIC_6889965,0,0.001093146,held_fold
ISIC_6890820,0,0.0038436193,held_fold
ISIC_6893552,0,0.012973866,held_fold
ISIC_6896427,0,0.001159523,held_fold
ISIC_6898059,0,0.008631332,held_fold
ISIC_6898841,0,0.00034447416,held_fold
ISIC_6899551,0,0.0010115915,held_fold
ISIC_6900579,0,0.009361106,held_fold
ISIC_6901340,0,0.001770496,held_fold
ISIC_6901681,0,0.041237425,held_fold
ISIC_6903643,0,0.0029293185,held_fold
ISIC_6904082,1,0.018006254,held_fold
ISIC_6904410,0,0.00042403687,held_fold
ISIC_6905594,0,0.00042982426,held_fold
ISIC_6906203,0,0.0019033499,held_fold
ISIC_6908286,0,0.00050914416,held_fold
ISIC_6915759,0,0.10938609,held_fold
ISIC_6916987,0,0.012722283,held_fold
ISIC_6928607,0,0.005945802,held_fold
ISIC_6930690,0,0.09605159,held_fold
ISIC_6930828,0,0.030141981,held_fold
ISIC_6933471,0,0.0022679705,held_fold
ISIC_6933978,0,0.0006256967,held_fold
ISIC_6934211,0,0.0012132314,held_fold
ISIC_6938489,0,0.0021025615,held_fold
ISIC_6938905,0,0.034881007,held_fold
ISIC_6940677,0,0.0034881614,held_fold
ISIC_6941441,0,0.0007414529,held_fold
ISIC_6943717,0,0.017930884,held_fold
ISIC_6944466,0,0.013535631,held_fold
ISIC_6944481,0,0.00097440765,held_fold
ISIC_6945725,0,0.013709257,held_fold
ISIC_6946260,0,0.0017689822,held_fold
ISIC_6947870,0,0.00036152886,held_fold
ISIC_6949941,0,0.013702689,held_fold
ISIC_6952773,0,0.00094982365,held_fold
ISIC_6954577,0,0.001937542,held_fold
ISIC_6955095,0,0.0032840786,held_fold
ISIC_6955799,0,0.0010536681,held_fold
ISIC_6959018,0,0.00515895,held_fold
ISIC_6963252,0,0.0028520704,held_fold
ISIC_6967033,0,0.007924198,held_fold
ISIC_6968422,0,0.0008228464,held_fold
ISIC_6968972,0,0.00636993,held_fold
ISIC_6968982,0,0.017589198,held_fold
ISIC_6970181,0,0.005855041,held_fold
ISIC_6970271,0,0.0022283078,held_fold
ISIC_6973257,0,0.009411198,held_fold
ISIC_6974005,0,0.0023069188,held_fold
ISIC_6974286,0,0.00022531793,held_fold
ISIC_6977097,0,0.039017744,held_fold
ISIC_6977581,0,0.06393014,held_fold
ISIC_6986010,0,0.0020695175,held_fold
ISIC_6991849,0,0.012989648,held_fold
ISIC_6992267,0,0.007423445,held_fold
ISIC_6992709,0,0.0007752045,held_fold
ISIC_6997349,0,0.0007767718,held_fold
ISIC_7002323,0,0.001161722,held_fold
ISIC_7006312,0,0.00023749848,held_fold
ISIC_7009273,0,0.0018793914,held_fold
ISIC_7011753,0,0.004938365,held_fold
ISIC_7012881,0,0.0010008609,held_fold
ISIC_7013418,0,0.0007589958,held_fold
ISIC_7013991,0,0.0004930609,held_fold
ISIC_7015694,0,0.005055547,held_fold
ISIC_7016839,0,0.000420943,held_fold
ISIC_7020708,0,0.030650394,held_fold
ISIC_7024662,0,0.055221982,held_fold
ISIC_7024807,0,0.044233643,held_fold
ISIC_7027424,0,0.018825663,held_fold
ISIC_7027536,0,0.0028695846,held_fold
ISIC_7028320,0,0.21175525,held_fold
ISIC_7030974,0,0.0006576029,held_fold
ISIC_7032085,0,0.0018430075,held_fold
ISIC_7032787,0,0.0024174144,held_fold
ISIC_7033912,0,0.007443245,held_fold
ISIC_7035517,0,0.030536572,held_fold
ISIC_7038586,0,0.0005924784,held_fold
ISIC_7041484,0,0.00047282313,held_fold
ISIC_7041558,0,0.0004499794,held_fold
ISIC_7043443,0,0.035922445,held_fold
ISIC_7044173,0,0.0008172055,held_fold
ISIC_7046324,0,0.0020483404,held_fold
ISIC_7051167,0,0.00023382796,held_fold
ISIC_7052158,0,0.06366174,held_fold
ISIC_7054108,0,0.0012860977,held_fold
ISIC_7056776,0,0.0013168996,held_fold
ISIC_7056918,0,0.09097163,held_fold
ISIC_7058883,0,0.0004975098,held_fold
ISIC_7064137,0,0.0006331022,held_fold
ISIC_7066320,0,0.0026550763,held_fold
ISIC_7066695,0,0.0026281395,held_fold
ISIC_7066945,0,0.013992083,held_fold
ISIC_7067750,0,0.0019550843,held_fold
ISIC_7068021,0,0.006716531,held_fold
ISIC_7069404,0,0.0003024767,held_fold
ISIC_7069423,0,0.0017046137,held_fold
ISIC_7069853,0,0.036605064,held_fold
ISIC_7071213,0,0.024385892,held_fold
ISIC_7073263,0,0.0023306068,held_fold
ISIC_7079714,0,0.0045535904,held_fold
ISIC_7080584,0,0.0015517429,held_fold
ISIC_7082703,0,0.07081487,held_fold
ISIC_7083307,0,0.025346356,held_fold
ISIC_7084197,0,0.002927038,held_fold
ISIC_7091750,0,0.0016192402,held_fold
ISIC_7095245,0,0.0012594843,held_fold
ISIC_7096946,0,0.0009379074,held_fold
ISIC_7097343,0,0.0002616841,held_fold
ISIC_7100755,1,0.03670116,held_fold
ISIC_7104307,0,0.0018981023,held_fold
ISIC_7105639,0,0.00036577566,held_fold
ISIC_7105681,0,0.00021283132,held_fold
ISIC_7107371,0,0.010735394,held_fold
ISIC_7115605,0,0.17220648,held_fold
ISIC_7116781,0,0.0034644455,held_fold
ISIC_7117338,0,0.02651135,held_fold
ISIC_7119225,0,0.00056670606,held_fold
ISIC_7121198,0,0.00996251,held_fold
ISIC_7121344,0,0.0030004021,held_fold
ISIC_7124408,0,0.0012989752,held_fold
ISIC_7125023,0,0.00041193978,held_fold
ISIC_7125512,0,0.05718069,held_fold
ISIC_7125703,0,0.00032743567,held_fold
ISIC_7126877,0,0.0004711351,held_fold
ISIC_7128233,0,0.0014775214,held_fold
ISIC_7128674,0,0.012533307,held_fold
ISIC_7129085,0,0.01663034,held_fold
ISIC_7135134,0,0.00037269434,held_fold
ISIC_7136995,0,0.0004826551,held_fold
ISIC_7137773,0,0.043070015,held_fold
ISIC_7139484,0,0.00044853936,held_fold
ISIC_7140636,0,0.13886942,held_fold
ISIC_7140783,0,0.00069693767,held_fold
ISIC_7143388,0,0.09785797,held_fold
ISIC_7144795,0,0.00050332956,held_fold
ISIC_7145266,0,0.009600023,held_fold
ISIC_7145969,0,0.0019100513,held_fold
ISIC_7148656,0,0.13934602,held_fold
ISIC_7150966,0,0.08029017,held_fold
ISIC_7152347,0,0.0026894878,held_fold
ISIC_7153240,0,0.0004008447,held_fold
ISIC_7155873,0,0.00035996202,held_fold
ISIC_7156715,0,0.001596973,held_fold
ISIC_7161002,0,0.00048131746,held_fold
ISIC_7161069,0,0.0011431207,held_fold
ISIC_7162343,0,0.025364256,held_fold
ISIC_7162711,0,0.020238454,held_fold
ISIC_7164076,0,0.0002731101,held_fold
ISIC_7167473,0,0.0003547636,held_fold
ISIC_7168604,0,0.0017939534,held_fold
ISIC_7170391,0,0.000515805,held_fold
ISIC_7170431,0,0.00047129003,held_fold
ISIC_7171799,0,0.009936888,held_fold
ISIC_7173520,0,0.006201974,held_fold
ISIC_7173850,0,0.0005432773,held_fold
ISIC_7175127,0,0.0025920146,held_fold
ISIC_7179067,0,0.00031706382,held_fold
ISIC_7180332,0,0.036655296,held_fold
ISIC_7181396,0,0.015510462,held_fold
ISIC_7182677,0,0.004384151,held_fold
ISIC_7183212,1,0.08450052,held_fold
ISIC_7183931,0,0.00029630918,held_fold
ISIC_7185157,0,0.0003630703,held_fold
ISIC_7187577,0,0.0131403515,held_fold
ISIC_7188330,0,0.037072923,held_fold
ISIC_7192331,0,0.026716368,held_fold
ISIC_7194695,0,0.40244862,held_fold
ISIC_7195168,0,0.0045919125,held_fold
ISIC_7199167,0,0.004467979,held_fold
ISIC_7204331,0,0.11888373,held_fold
ISIC_7205039,0,0.020155786,held_fold
ISIC_7205863,0,0.0010657397,held_fold
ISIC_7207496,0,0.040037178,held_fold
ISIC_7207715,0,0.000398011,held_fold
ISIC_7210752,0,0.00034646774,held_fold
ISIC_7212312,0,0.0152442325,held_fold
ISIC_7212966,0,0.12699054,held_fold
ISIC_7216772,0,0.027958874,held_fold
ISIC_7219262,0,0.00030775391,held_fold
ISIC_7220538,0,0.00075673097,held_fold
ISIC_7226381,0,0.00037525198,held_fold
ISIC_7227599,0,0.0004766131,held_fold
ISIC_7230027,0,0.0019496295,held_fold
ISIC_7230304,0,0.002756103,held_fold
ISIC_7231735,0,0.038241472,held_fold
ISIC_7232375,0,0.001847884,held_fold
ISIC_7236143,0,0.06271639,held_fold
ISIC_7238139,0,0.0012555753,held_fold
ISIC_7240224,0,0.008437839,held_fold
ISIC_7240424,0,0.0005431266,held_fold
ISIC_7240915,0,0.005886917,held_fold
ISIC_7243256,0,0.0024513577,held_fold
ISIC_7243593,0,0.00033832,held_fold
ISIC_7244323,0,0.00026860522,held_fold
ISIC_7246096,0,0.012603966,held_fold
ISIC_7248532,0,0.002011521,held_fold
ISIC_7248566,0,0.000404479,held_fold
ISIC_7250813,0,0.0002507078,held_fold
ISIC_7259980,0,0.0008462128,held_fold
ISIC_7260013,0,0.037804864,held_fold
ISIC_7260492,0,0.00057855475,held_fold
ISIC_7266940,0,0.054332457,held_fold
ISIC_7268804,0,0.006649378,held_fold
ISIC_7270858,0,0.00044830918,held_fold
ISIC_7272509,0,0.020182174,held_fold
ISIC_7273853,0,0.0009774794,held_fold
ISIC_7279098,0,0.01732198,held_fold
ISIC_7281014,0,0.00054034573,held_fold
ISIC_7286958,0,0.20033199,held_fold
ISIC_7287053,0,0.0009536049,held_fold
ISIC_7287161,0,0.00082155294,held_fold
ISIC_7287338,0,0.0022914917,held_fold
ISIC_7288627,0,0.0025017716,held_fold
ISIC_7288949,0,0.05000205,held_fold
ISIC_7292533,0,0.00040790119,held_fold
ISIC_7294446,0,0.006198448,held_fold
ISIC_7298784,0,0.0012670616,held_fold
ISIC_7301029,0,0.074905485,held_fold
ISIC_7302456,0,0.0007183946,held_fold
ISIC_7309600,0,0.004945437,held_fold
ISIC_7312781,0,0.00035897817,held_fold
ISIC_7313390,0,0.0003509356,held_fold
ISIC_7313923,0,0.013111759,held_fold
ISIC_7315641,0,0.023718704,held_fold
ISIC_7316364,0,0.0010676663,held_fold
ISIC_7316871,0,0.030622883,held_fold
ISIC_7319707,0,0.050160866,held_fold
ISIC_7321132,0,0.005509363,held_fold
ISIC_7322169,0,0.0010451888,held_fold
ISIC_7324228,0,0.00063555635,held_fold
ISIC_7324840,0,0.02329429,held_fold
ISIC_7326713,0,0.0036531147,held_fold
ISIC_7327087,0,0.002649462,held_fold
ISIC_7332657,0,0.00856086,held_fold
ISIC_7334875,0,0.023943445,held_fold
ISIC_7335785,0,0.00036707846,held_fold
ISIC_7337194,0,0.0003307598,held_fold
ISIC_7338634,0,0.00052448886,held_fold
ISIC_7338760,0,0.026559694,held_fold
ISIC_7338843,0,0.00023090949,held_fold
ISIC_7342741,0,0.018912425,held_fold
ISIC_7344014,0,0.0008189642,held_fold
ISIC_7345367,0,0.0009985642,held_fold
ISIC_7345709,0,0.0010240147,held_fold
ISIC_7346739,1,0.17104413,held_fold
ISIC_7351007,0,0.0003873506,held_fold
ISIC_7353070,0,0.0011131915,held_fold
ISIC_7356472,0,0.00038645172,held_fold
ISIC_7356589,0,0.0010985206,held_fold
ISIC_7357474,0,0.00054319936,held_fold
ISIC_7358425,0,0.00040289122,held_fold
ISIC_7358848,0,0.14766803,held_fold
ISIC_7358998,0,0.011288601,held_fold
ISIC_7360101,0,0.019645505,held_fold
ISIC_7364411,0,0.012863147,held_fold
ISIC_7365445,0,0.00035813285,held_fold
ISIC_7367323,0,0.0003606332,held_fold
ISIC_7368046,0,0.0017148424,held_fold
ISIC_7369843,0,0.013212653,held_fold
ISIC_7370756,0,0.0011040847,held_fold
ISIC_7372459,0,0.0032799058,held_fold
ISIC_7380364,0,0.0007504273,held_fold
ISIC_7382594,0,0.021081505,held_fold
ISIC_7383044,0,0.0002748988,held_fold
ISIC_7383585,0,0.025299625,held_fold
ISIC_7384638,0,0.03328653,held_fold
ISIC_7389320,0,0.00039319473,held_fold
ISIC_7394756,0,0.006320956,held_fold
ISIC_7394834,0,0.00086917065,held_fold
ISIC_7394897,0,0.0016280233,held_fold
ISIC_7395166,0,0.008804677,held_fold
ISIC_7399970,0,0.0075017465,held_fold
ISIC_7401893,0,0.0010343528,held_fold
ISIC_7402256,0,0.0015093387,held_fold
ISIC_7404937,0,0.00033857522,held_fold
ISIC_7409797,0,0.0004378231,held_fold
ISIC_7410598,0,0.00082614657,held_fold
ISIC_7410677,0,0.022889055,held_fold
ISIC_7413098,0,0.0011429867,held_fold
ISIC_7413468,0,0.008339054,held_fold
ISIC_7414124,0,0.0006581882,held_fold
ISIC_7416797,0,0.0045385156,held_fold
ISIC_7418760,0,0.009948985,held_fold
ISIC_7422026,0,0.0008022197,held_fold
ISIC_7423788,0,0.010553042,held_fold
ISIC_7424320,0,0.043004528,held_fold
ISIC_7430481,0,0.026279654,held_fold
ISIC_7431480,0,0.00047028033,held_fold
ISIC_7434918,0,0.0010307222,held_fold
ISIC_7436377,0,0.0003343267,held_fold
ISIC_7438913,0,0.0010037711,held_fold
ISIC_7439160,0,0.0008025289,held_fold
ISIC_7441917,0,0.000690709,held_fold
ISIC_7445800,0,0.0011888394,held_fold
ISIC_7446443,0,0.0026291718,held_fold
ISIC_7452503,0,0.004202072,held_fold
ISIC_7452767,0,0.00052767125,held_fold
ISIC_7453902,0,0.019291827,held_fold
ISIC_7456769,0,0.0009771879,held_fold
ISIC_7458272,0,0.00067148963,held_fold
ISIC_7459066,0,0.000398439,held_fold
ISIC_7459410,0,0.004800522,held_fold
ISIC_7460111,0,0.012935655,held_fold
ISIC_7460444,0,0.005409231,held_fold
ISIC_7461086,0,0.0011396913,held_fold
ISIC_7462746,0,0.005766405,held_fold
ISIC_7465209,0,0.03477336,held_fold
ISIC_7465753,0,0.01229979,held_fold
ISIC_7466101,0,0.006540575,held_fold
ISIC_7468182,0,0.00053010567,held_fold
ISIC_7468407,0,0.10938564,held_fold
ISIC_7468410,0,0.00022635149,held_fold
ISIC_7471517,0,0.02672637,held_fold
ISIC_7474949,0,0.0002618808,held_fold
ISIC_7474994,0,0.008644742,held_fold
ISIC_7477006,0,0.006783542,held_fold
ISIC_7477754,0,0.0025138764,held_fold
ISIC_7477771,0,0.0031029077,held_fold
ISIC_7480166,0,0.00018353431,held_fold
ISIC_7481978,0,0.00025802042,held_fold
ISIC_7482149,0,0.003626603,held_fold
ISIC_7484011,0,0.000662471,held_fold
ISIC_7484618,0,0.00050415064,held_fold
ISIC_7489895,0,0.0005091706,held_fold
ISIC_7491217,0,0.04216601,held_fold
ISIC_7495148,0,0.035797957,held_fold
ISIC_7495157,0,0.0026666664,held_fold
ISIC_7495971,0,0.0062726247,held_fold
ISIC_7496225,0,0.0069490317,held_fold
ISIC_7496511,0,0.02151721,held_fold
ISIC_7498132,0,0.0004499311,held_fold
ISIC_7498716,0,0.023131162,held_fold
ISIC_7499769,0,0.019600684,held_fold
ISIC_7503521,0,0.0038111703,held_fold
ISIC_7503950,1,0.040696174,held_fold
ISIC_7504741,0,0.0014644733,held_fold
ISIC_7505533,0,0.034799825,held_fold
ISIC_7505675,0,0.00029628375,held_fold
ISIC_7507065,0,0.0019359933,held_fold
ISIC_7507286,0,0.0067513976,held_fold
ISIC_7507808,0,0.006473915,held_fold
ISIC_7508320,0,0.008722983,held_fold
ISIC_7509837,0,0.0049960627,held_fold
ISIC_7511557,0,0.0013980238,held_fold
ISIC_7513139,0,0.0008910062,held_fold
ISIC_7513677,0,0.010303592,held_fold
ISIC_7514840,0,0.005004352,held_fold
ISIC_7517099,0,0.0061810366,held_fold
ISIC_7519274,0,0.002048754,held_fold
ISIC_7522199,0,0.068816096,held_fold
ISIC_7523330,0,0.00041000792,held_fold
ISIC_7524426,0,0.00067491696,held_fold
ISIC_7527413,0,0.11436484,held_fold
ISIC_7533216,0,0.0057159797,held_fold
ISIC_7536704,1,0.31196028,held_fold
ISIC_7539588,0,0.00039994065,held_fold
ISIC_7540824,0,0.0004233745,held_fold
ISIC_7543874,0,0.008594419,held_fold
ISIC_7544251,0,0.0013768217,held_fold
ISIC_7546192,0,0.0024224771,held_fold
ISIC_7547609,0,0.18128476,held_fold
ISIC_7548405,0,0.007825993,held_fold
ISIC_7548923,0,0.011934309,held_fold
ISIC_7549398,0,0.008263231,held_fold
ISIC_7552521,0,0.0020632087,held_fold
ISIC_7555016,0,0.005524846,held_fold
ISIC_7559435,0,0.0016952673,held_fold
ISIC_7560157,0,0.14241204,held_fold
ISIC_7561521,0,0.0007156136,held_fold
ISIC_7562175,0,0.0020249246,held_fold
ISIC_7564040,0,0.012527501,held_fold
ISIC_7566403,0,0.0016375444,held_fold
ISIC_7567374,0,0.00078149716,held_fold
ISIC_7570834,0,0.011387549,held_fold
ISIC_7571957,0,0.022000225,held_fold
ISIC_7572137,0,0.0033788611,held_fold
ISIC_7574666,0,0.252654,held_fold
ISIC_7575131,0,0.0006851439,held_fold
ISIC_7575246,0,0.027621204,held_fold
ISIC_7575644,0,0.031911343,held_fold
ISIC_7575815,0,0.00040113213,held_fold
ISIC_7576735,0,0.0003258357,held_fold
ISIC_7582764,0,0.00045453274,held_fold
ISIC_7583644,0,0.0014689945,held_fold
ISIC_7583922,0,0.009106763,held_fold
ISIC_7585280,0,0.0009334885,held_fold
ISIC_7585550,0,0.00023131052,held_fold
ISIC_7585924,0,0.0014206297,held_fold
ISIC_7586566,0,0.00838511,held_fold
ISIC_7587006,0,0.0020075832,held_fold
ISIC_7589802,0,0.0011689673,held_fold
ISIC_7593561,0,0.00034518293,held_fold
ISIC_7594124,0,0.0007734045,held_fold
ISIC_7594625,0,0.0666115,held_fold
ISIC_7595826,0,0.0012592024,held_fold
ISIC_7596866,0,0.0050433152,held_fold
ISIC_7598658,0,0.00074001704,held_fold
ISIC_7600348,0,0.00063897006,held_fold
ISIC_7601364,0,0.00035654329,held_fold
ISIC_7602656,0,0.0059951874,held_fold
ISIC_7603831,0,0.08888462,held_fold
ISIC_7604870,0,0.006215829,held_fold
ISIC_7607101,0,0.0008416785,held_fold
ISIC_7607107,0,0.0009341625,held_fold
ISIC_7607335,0,0.0009901546,held_fold
ISIC_7609643,0,0.004139773,held_fold
ISIC_7612427,0,0.009188982,held_fold
ISIC_7612589,0,0.029270248,held_fold
ISIC_7615896,0,0.0109176915,held_fold
ISIC_7617445,0,0.0010496775,held_fold
ISIC_7619041,0,0.035040386,held_fold
ISIC_7619234,0,0.0007352141,held_fold
ISIC_7620347,0,0.04433596,held_fold
ISIC_7622520,0,0.0014879927,held_fold
ISIC_7626632,0,0.003908616,held_fold
ISIC_7628175,0,0.0006211122,held_fold
ISIC_7629264,0,0.0002520377,held_fold
ISIC_7632525,0,0.04293112,held_fold
ISIC_7634151,0,0.11166016,held_fold
ISIC_7634281,0,0.00026931142,held_fold
ISIC_7635056,0,0.005687972,held_fold
ISIC_7637091,0,0.006768969,held_fold
ISIC_7637801,0,0.0005811789,held_fold
ISIC_7638574,0,0.002182623,held_fold
ISIC_7642500,0,0.002649699,held_fold
ISIC_7643396,0,0.016046243,held_fold
ISIC_7643603,0,0.00056306424,held_fold
ISIC_7644571,0,0.0002220428,held_fold
ISIC_7646866,0,0.00086254,held_fold
ISIC_7647201,0,0.004042491,held_fold
ISIC_7649562,0,0.010783855,held_fold
ISIC_7649781,0,0.034081396,held_fold
ISIC_7650216,0,0.02112824,held_fold
ISIC_7650369,0,0.0014456855,held_fold
ISIC_7652615,0,0.024359683,held_fold
ISIC_7653121,0,0.0026290307,held_fold
ISIC_7656935,0,0.002547234,held_fold
ISIC_7657085,0,0.017507598,held_fold
ISIC_7658006,0,0.008162891,held_fold
ISIC_7661657,0,0.000989428,held_fold
ISIC_7665526,0,0.012481598,held_fold
ISIC_7665645,0,0.026327321,held_fold
ISIC_7668206,0,0.0010946816,held_fold
ISIC_7670149,0,0.017153267,held_fold
ISIC_7671589,0,0.002222621,held_fold
ISIC_7671776,0,0.0014597094,held_fold
ISIC_7671972,0,0.003139142,held_fold
ISIC_7672895,0,0.011082739,held_fold
ISIC_7677461,0,0.0009986727,held_fold
ISIC_7677876,0,0.00074755086,held_fold
ISIC_7683437,0,0.0002493162,held_fold
ISIC_7685761,0,0.018885285,held_fold
ISIC_7686795,0,0.0004831278,held_fold
ISIC_7687686,0,0.0012660929,held_fold
ISIC_7690228,0,0.0027674183,held_fold
ISIC_7691262,0,0.0021445611,held_fold
ISIC_7693995,0,0.000672268,held_fold
ISIC_7694028,0,0.01839314,held_fold
ISIC_7694184,0,0.00032769237,held_fold
ISIC_7694877,0,0.0029230677,held_fold
ISIC_7697022,0,0.0004186947,held_fold
ISIC_7697445,0,0.0011351559,held_fold
ISIC_7701105,0,0.00046998568,held_fold
ISIC_7702225,0,0.0008849806,held_fold
ISIC_7704533,0,0.014841754,held_fold
ISIC_7705876,0,0.006494743,held_fold
ISIC_7706215,0,0.09236997,held_fold
ISIC_7709419,0,0.00022230377,held_fold
ISIC_7709611,0,0.001544805,held_fold
ISIC_7710816,0,0.0012050873,held_fold
ISIC_7711688,0,0.009235329,held_fold
ISIC_7711947,0,0.0032505488,held_fold
ISIC_7712138,0,0.0023079948,held_fold
ISIC_7712996,0,0.0046635154,held_fold
ISIC_7713180,0,0.006532809,held_fold
ISIC_7714981,0,0.002563836,held_fold
ISIC_7715315,0,0.0010579535,held_fold
ISIC_7723150,0,0.00087654067,held_fold
ISIC_7724906,0,0.02924384,held_fold
ISIC_7727347,0,0.023417268,held_fold
ISIC_7727960,0,0.001503167,held_fold
ISIC_7728520,0,0.006874929,held_fold
ISIC_7729573,0,0.0022755999,held_fold
ISIC_7737437,0,0.0065712305,held_fold
ISIC_7738923,0,0.016128786,held_fold
ISIC_7744571,0,0.00024509613,held_fold
ISIC_7745175,0,0.0005934799,held_fold
ISIC_7750508,0,0.00052005757,held_fold
ISIC_7750544,0,0.062272295,held_fold
ISIC_7753375,0,0.003723909,held_fold
ISIC_7753753,0,0.0003885307,held_fold
ISIC_7754416,0,0.00040164334,held_fold
ISIC_7756791,0,0.0010625443,held_fold
ISIC_7759376,0,0.008728362,held_fold
ISIC_7759630,0,0.0007843546,held_fold
ISIC_7760219,0,0.0024471076,held_fold
ISIC_7760920,0,0.003835303,held_fold
ISIC_7760948,0,0.019461565,held_fold
ISIC_7761884,0,0.013948199,held_fold
ISIC_7762499,0,0.0016008219,held_fold
ISIC_7763701,0,0.0010252666,held_fold
ISIC_7764481,0,0.022872468,held_fold
ISIC_7767350,0,0.00076544145,held_fold
ISIC_7767423,0,0.0065391622,held_fold
ISIC_7769639,0,0.00087617035,held_fold
ISIC_7769827,0,0.0035888234,held_fold
ISIC_7771615,0,0.0017331657,held_fold
ISIC_7775535,0,0.0020432519,held_fold
ISIC_7777873,0,0.0016596034,held_fold
ISIC_7779225,0,0.00039493295,held_fold
ISIC_7779685,0,0.0008443965,held_fold
ISIC_7780704,0,0.003681476,held_fold
ISIC_7783914,0,0.0015322537,held_fold
ISIC_7784796,0,0.00042141436,held_fold
ISIC_7791478,0,0.0006510352,held_fold
ISIC_7792073,0,0.0070777084,held_fold
ISIC_7796174,0,0.00088792166,held_fold
ISIC_7797745,0,0.0017564212,held_fold
ISIC_7798403,0,0.025202138,held_fold
ISIC_7800170,0,0.0003904261,held_fold
ISIC_7800415,0,0.031335827,held_fold
ISIC_7801815,0,0.010366078,held_fold
ISIC_7803010,0,0.000576537,held_fold
ISIC_7803118,0,0.0004382705,held_fold
ISIC_7803496,0,0.003055245,held_fold
ISIC_7804919,0,0.0005063047,held_fold
ISIC_7806040,0,0.00070522306,held_fold
ISIC_7806612,0,0.004779518,held_fold
ISIC_7806765,0,0.0004811764,held_fold
ISIC_7807235,0,0.014198352,held_fold
ISIC_7808132,0,0.0005069219,held_fold
ISIC_7809643,0,0.0011681792,held_fold
ISIC_7811951,0,0.0059040147,held_fold
ISIC_7814144,0,0.010569746,held_fold
ISIC_7815762,0,0.00032751996,held_fold
ISIC_7816367,0,0.0017413467,held_fold
ISIC_7818429,0,0.0051728445,held_fold
ISIC_7819084,0,0.00089833554,held_fold
ISIC_7821676,0,0.001346361,held_fold
ISIC_7823773,0,0.005042813,held_fold
ISIC_7824206,0,0.0018512585,held_fold
ISIC_7824250,0,0.055105872,held_fold
ISIC_7824420,0,0.00998119,held_fold
ISIC_7824688,0,0.00049097324,held_fold
ISIC_7826983,0,0.0004196593,held_fold
ISIC_7827067,0,0.0028658665,held_fold
ISIC_7828320,0,0.0015817628,held_fold
ISIC_7830937,0,0.0014340689,held_fold
ISIC_7832323,0,0.0006158938,held_fold
ISIC_7833195,0,0.0004041614,held_fold
ISIC_7836872,0,0.0015450572,held_fold
ISIC_7839220,0,0.0005526409,held_fold
ISIC_7841085,0,0.00019674501,held_fold
ISIC_7841317,0,0.001984811,held_fold
ISIC_7842567,0,0.0008973373,held_fold
ISIC_7843406,0,0.1023406,held_fold
ISIC_7844276,0,0.009384075,held_fold
ISIC_7845281,0,0.0255005,held_fold
ISIC_7847294,0,0.01928078,held_fold
ISIC_7850058,0,0.00026391103,held_fold
ISIC_7850191,0,0.0011805295,held_fold
ISIC_7850786,0,0.00026641894,held_fold
ISIC_7850884,0,0.0050697783,held_fold
ISIC_7851399,0,0.0002149412,held_fold
ISIC_7852508,0,0.07485168,held_fold
ISIC_7852759,0,0.0004069027,held_fold
ISIC_7853136,0,0.00045415416,held_fold
ISIC_7857144,0,0.0005004172,held_fold
ISIC_7859801,0,0.011199058,held_fold
ISIC_7867320,0,0.0657642,held_fold
ISIC_7868525,0,0.00072386727,held_fold
ISIC_7868855,0,0.003655759,held_fold
ISIC_7869953,0,0.012517772,held_fold
ISIC_7873885,0,0.00036843223,held_fold
ISIC_7875959,0,0.014676675,held_fold
ISIC_7876620,0,0.00095050083,held_fold
ISIC_7879597,0,0.0005208632,held_fold
ISIC_7880046,0,0.0007517307,held_fold
ISIC_7880706,0,0.00046594665,held_fold
ISIC_7881514,0,0.007856287,held_fold
ISIC_7882053,0,0.0009861806,held_fold
ISIC_7885531,0,0.0026259318,held_fold
ISIC_7888672,0,0.00019652733,held_fold
ISIC_7890383,0,0.16199437,held_fold
ISIC_7891992,0,0.001543204,held_fold
ISIC_7892276,0,0.00629891,held_fold
ISIC_7895093,0,0.0024777858,held_fold
ISIC_7896667,0,0.00036922743,held_fold
ISIC_7897374,0,0.002263649,held_fold
ISIC_7897626,0,0.0033507561,held_fold
ISIC_7900295,0,0.0003315756,held_fold
ISIC_7901662,0,0.00981444,held_fold
ISIC_7901891,0,0.07704104,held_fold
ISIC_7903213,0,0.0009552963,held_fold
ISIC_7903561,0,0.004214017,held_fold
ISIC_7903873,0,0.0002409087,held_fold
ISIC_7904191,0,0.0002588113,held_fold
ISIC_7905714,0,0.0026907146,held_fold
ISIC_7907113,0,0.0006340363,held_fold
ISIC_7907304,0,0.0012776885,held_fold
ISIC_7907808,0,0.0048612934,held_fold
ISIC_7908575,0,0.13364024,held_fold
ISIC_7911353,0,0.0007072718,held_fold
ISIC_7912183,0,0.0009479061,held_fold
ISIC_7915094,0,0.0005568946,held_fold
ISIC_7915366,0,0.00068446354,held_fold
ISIC_7917961,0,0.0011571506,held_fold
ISIC_7920705,0,0.003958811,held_fold
ISIC_7924119,0,0.0009938978,held_fold
ISIC_7929089,0,0.0013448372,held_fold
ISIC_7929649,0,0.0035324534,held_fold
ISIC_7932466,0,0.043729488,held_fold
ISIC_7932658,0,0.0006428769,held_fold
ISIC_7933565,0,0.00305971,held_fold
ISIC_7935007,0,0.0018555544,held_fold
ISIC_7936798,0,0.00057105144,held_fold
ISIC_7937728,0,0.00052221736,held_fold
ISIC_7940137,0,0.0025733968,held_fold
ISIC_7940744,0,0.0006437044,held_fold
ISIC_7942323,0,0.0006894345,held_fold
ISIC_7947847,0,0.00043755854,held_fold
ISIC_7948290,1,0.003189853,held_fold
ISIC_7949832,0,0.0010355243,held_fold
ISIC_7950240,0,0.0018551288,held_fold
ISIC_7956925,0,0.10866033,held_fold
ISIC_7957630,0,0.00052480766,held_fold
ISIC_7958439,0,0.00036399392,held_fold
ISIC_7960251,0,0.0055366084,held_fold
ISIC_7960953,0,0.06657359,held_fold
ISIC_7966295,0,0.00052727887,held_fold
ISIC_7967586,0,0.00078403176,held_fold
ISIC_7968733,0,0.0003677024,held_fold
ISIC_7969673,0,0.00032741352,held_fold
ISIC_7970478,0,0.00052972056,held_fold
ISIC_7972675,0,0.00093376206,held_fold
ISIC_7972756,0,0.21492551,held_fold
ISIC_7974409,0,0.001151054,held_fold
ISIC_7975613,0,0.005400157,held_fold
ISIC_7976463,0,0.00021065515,held_fold
ISIC_7976522,0,0.04131758,held_fold
ISIC_7977871,0,0.023148315,held_fold
ISIC_7978358,0,0.009905174,held_fold
ISIC_7984985,0,0.12057171,held_fold
ISIC_7985659,0,0.20608589,held_fold
ISIC_7987407,0,0.016599193,held_fold
ISIC_7988726,0,0.0010601741,held_fold
ISIC_7989119,0,0.00032913042,held_fold
ISIC_7989205,0,0.0005372149,held_fold
ISIC_7991159,0,0.00029288404,held_fold
ISIC_7991305,0,0.0025093176,held_fold
ISIC_7991424,0,0.07164435,held_fold
ISIC_7991740,0,0.007119126,held_fold
ISIC_7991932,0,0.001137494,held_fold
ISIC_7993653,0,0.0008481219,held_fold
ISIC_7996054,0,0.00040310633,held_fold
ISIC_7997461,0,0.012481244,held_fold
ISIC_8000880,0,0.00025661394,held_fold
ISIC_8001757,0,0.0012052085,held_fold
ISIC_8002875,1,0.362153,held_fold
ISIC_8004811,0,0.0068468773,held_fold
ISIC_8008356,0,0.07906059,held_fold
ISIC_8008932,0,0.03975118,held_fold
ISIC_8009201,0,0.0011203799,held_fold
ISIC_8011058,1,0.021580271,held_fold
ISIC_8011403,0,0.006581608,held_fold
ISIC_8012279,0,0.00043947602,held_fold
ISIC_8013946,0,0.0011052918,held_fold
ISIC_8015990,0,0.00024531543,held_fold
ISIC_8017829,0,0.0013438342,held_fold
ISIC_8024647,0,0.0009534178,held_fold
ISIC_8025243,0,0.0007366787,held_fold
ISIC_8025644,0,0.0006220808,held_fold
ISIC_8026249,0,0.18096523,held_fold
ISIC_8028126,0,0.0012230765,held_fold
ISIC_8029954,0,0.0005495179,held_fold
ISIC_8030063,0,0.027882272,held_fold
ISIC_8031776,0,0.007785076,held_fold
ISIC_8032520,0,0.010027341,held_fold
ISIC_8033131,0,0.0005344977,held_fold
ISIC_8034738,0,0.042130645,held_fold
ISIC_8034792,0,0.014676125,held_fold
ISIC_8035790,0,0.005791619,held_fold
ISIC_8036544,0,0.0016897998,held_fold
ISIC_8038427,0,0.036350016,held_fold
ISIC_8039056,0,0.00038883247,held_fold
ISIC_8041078,0,0.05474689,held_fold
ISIC_8041953,0,0.014531372,held_fold
ISIC_8042423,0,0.01214847,held_fold
ISIC_8043887,0,0.0003605624,held_fold
ISIC_8044526,0,0.0007477383,held_fold
ISIC_8045105,0,0.0012589248,held_fold
ISIC_8045277,0,0.08999023,held_fold
ISIC_8049738,0,0.019300174,held_fold
ISIC_8049923,0,0.0003387528,held_fold
ISIC_8050763,0,0.018178562,held_fold
ISIC_8051015,0,0.0028332423,held_fold
ISIC_8051579,0,0.004047276,held_fold
ISIC_8052769,1,0.008707082,held_fold
ISIC_8053432,0,0.00040223918,held_fold
ISIC_8053864,0,0.0014186983,held_fold
ISIC_8055525,0,0.0038630094,held_fold
ISIC_8055992,0,0.0011042642,held_fold
ISIC_8059246,0,0.0008240219,held_fold
ISIC_8064759,0,0.00027102436,held_fold
ISIC_8066191,0,0.0021298402,held_fold
ISIC_8066391,0,0.0012950222,held_fold
ISIC_8066487,0,0.00089189975,held_fold
ISIC_8069416,0,0.01225673,held_fold
ISIC_8071131,0,0.00045722572,held_fold
ISIC_8073568,0,0.01406987,held_fold
ISIC_8075868,0,0.0014689848,held_fold
ISIC_8089289,0,0.0003842075,held_fold
ISIC_8090739,0,0.045240622,held_fold
ISIC_8094432,0,0.0065590334,held_fold
ISIC_8095966,0,0.00064406515,held_fold
ISIC_8096904,0,0.0012429329,held_fold
ISIC_8097600,0,0.00070802076,held_fold
ISIC_8099296,0,0.008502467,held_fold
ISIC_8099354,0,0.005859317,held_fold
ISIC_8101117,0,0.0070139044,held_fold
ISIC_8102580,0,0.039782442,held_fold
ISIC_8105845,0,0.00044970753,held_fold
ISIC_8108090,0,0.0007526066,held_fold
ISIC_8108870,0,0.009256141,held_fold
ISIC_8109433,0,0.00045648147,held_fold
ISIC_8112306,0,0.0008337374,held_fold
ISIC_8114321,0,0.026354972,held_fold
ISIC_8116363,0,0.000756227,held_fold
ISIC_8116716,0,0.00042648893,held_fold
ISIC_8118312,0,0.00028610817,held_fold
ISIC_8119105,0,0.0023766095,held_fold
ISIC_8119115,0,0.0003298265,held_fold
ISIC_8121679,0,0.004575486,held_fold
ISIC_8123257,0,0.0007500434,held_fold
ISIC_8124459,0,0.0004175959,held_fold
ISIC_8125621,0,0.008565572,held_fold
ISIC_8127242,0,0.0023191134,held_fold
ISIC_8129907,0,6.3590196e-05,held_fold
ISIC_8130007,0,0.0073257117,held_fold
ISIC_8132874,0,0.0026097554,held_fold
ISIC_8140229,0,0.0004300718,held_fold
ISIC_8142461,0,0.012347399,held_fold
ISIC_8145260,0,0.0007432491,held_fold
ISIC_8147189,0,0.0007935313,held_fold
ISIC_8148300,0,0.00062525703,held_fold
ISIC_8150300,0,0.00040426065,held_fold
ISIC_8150469,0,0.0005207113,held_fold
ISIC_8151437,0,0.0495617,held_fold
ISIC_8151700,0,0.0042369915,held_fold
ISIC_8151991,0,0.06836052,held_fold
ISIC_8153237,0,0.0016368033,held_fold
ISIC_8154358,0,0.006532181,held_fold
ISIC_8155634,0,0.0012203768,held_fold
ISIC_8157303,0,0.0010638312,held_fold
ISIC_8157405,0,0.009876895,held_fold
ISIC_8157972,0,0.002247042,held_fold
ISIC_8158542,0,0.0066609564,held_fold
ISIC_8159779,0,0.001807147,held_fold
ISIC_8160979,0,0.002425999,held_fold
ISIC_8163269,0,0.0009466201,held_fold
ISIC_8164676,0,0.00017637359,held_fold
ISIC_8165434,0,0.009117353,held_fold
ISIC_8166690,0,0.017714854,held_fold
ISIC_8167062,0,0.0004341156,held_fold
ISIC_8168507,0,0.00051388086,held_fold
ISIC_8170115,0,0.0003138629,held_fold
ISIC_8172795,0,0.0013557714,held_fold
ISIC_8174925,0,0.0034703244,held_fold
ISIC_8177108,0,0.0013776349,held_fold
ISIC_8184471,0,0.06739272,held_fold
ISIC_8187997,0,0.00047433222,held_fold
ISIC_8188597,0,0.011515576,held_fold
ISIC_8189863,0,0.003980785,held_fold
ISIC_8190321,0,0.28979722,held_fold
ISIC_8190660,0,0.09016616,held_fold
ISIC_8191809,0,0.0038655458,held_fold
ISIC_8194465,0,0.046096206,held_fold
ISIC_8195062,0,0.020804849,held_fold
ISIC_8195528,0,0.0009890863,held_fold
ISIC_8196859,0,0.00026438298,held_fold
ISIC_8199467,0,0.0008374749,held_fold
ISIC_8200593,0,0.0005927088,held_fold
ISIC_8200928,0,0.00037165303,held_fold
ISIC_8202573,0,0.0009992237,held_fold
ISIC_8206290,0,0.027448788,held_fold
ISIC_8206577,0,0.0056455047,held_fold
ISIC_8207162,0,0.0012081998,held_fold
ISIC_8208962,0,0.016305344,held_fold
ISIC_8212536,0,0.0028748056,held_fold
ISIC_8212937,0,0.3476549,held_fold
ISIC_8215842,0,0.0012628959,held_fold
ISIC_8218058,0,0.008069641,held_fold
ISIC_8222134,0,0.00022600815,held_fold
ISIC_8222678,0,0.087298684,held_fold
ISIC_8223051,0,0.036988456,held_fold
ISIC_8225018,0,0.0052440874,held_fold
ISIC_8228595,0,0.0005005479,held_fold
ISIC_8228671,0,0.001755556,held_fold
ISIC_8229770,0,0.0008464132,held_fold
ISIC_8229833,0,0.0037535143,held_fold
ISIC_8230318,1,0.08385842,held_fold
ISIC_8231594,0,0.020735836,held_fold
ISIC_8231949,0,0.0104329055,held_fold
ISIC_8231999,1,0.05823012,held_fold
ISIC_8233378,0,0.00060067174,held_fold
ISIC_8233560,0,0.0041849553,held_fold
ISIC_8235969,0,0.0007826265,held_fold
ISIC_8236604,0,0.0006697314,held_fold
ISIC_8238508,0,0.00025183544,held_fold
ISIC_8239034,0,0.0030066562,held_fold
ISIC_8241770,0,0.00058167154,held_fold
ISIC_8242918,0,0.009787582,held_fold
ISIC_8243312,0,0.0010802823,held_fold
ISIC_8243893,0,0.001214292,held_fold
ISIC_8246858,0,0.009367653,held_fold
ISIC_8247847,0,0.00079366326,held_fold
ISIC_8248941,0,0.0005754563,held_fold
ISIC_8249743,0,0.00046739215,held_fold
ISIC_8249766,0,0.00922945,held_fold
ISIC_8250729,0,0.0003816907,held_fold
ISIC_8251042,0,0.0050457157,held_fold
ISIC_8258795,0,0.00045631436,held_fold
ISIC_8260720,0,0.000708011,held_fold
ISIC_8262345,0,0.0003663092,held_fold
ISIC_8263741,0,0.00067372294,held_fold
ISIC_8265045,0,0.004288998,held_fold
ISIC_8266469,0,0.0746762,held_fold
ISIC_8267758,0,0.004306577,held_fold
ISIC_8267961,0,0.0009828429,held_fold
ISIC_8270195,0,0.0010318834,held_fold
ISIC_8272138,0,0.0008751408,held_fold
ISIC_8275353,0,0.0008379331,held_fold
ISIC_8276583,0,0.0026475906,held_fold
ISIC_8277987,0,0.018787881,held_fold
ISIC_8278517,0,0.00025904088,held_fold
ISIC_8278742,0,0.021927286,held_fold
ISIC_8278912,0,0.00489077,held_fold
ISIC_8278996,0,0.0038073342,held_fold
ISIC_8280581,0,0.00030471786,held_fold
ISIC_8283033,0,0.10837324,held_fold
ISIC_8284404,0,0.0006325711,held_fold
ISIC_8284602,0,0.0004091911,held_fold
ISIC_8284685,0,0.0015455597,held_fold
ISIC_8287528,0,0.3435249,held_fold
ISIC_8291368,0,0.0014266709,held_fold
ISIC_8292122,0,0.00040627207,held_fold
ISIC_8293201,0,0.00036407687,held_fold
ISIC_8293930,0,0.00034658896,held_fold
ISIC_8294905,0,0.0020790037,held_fold
ISIC_8297517,0,0.0044111414,held_fold
ISIC_8297563,0,0.01368111,held_fold
ISIC_8300858,0,0.0011306637,held_fold
ISIC_8304346,0,0.00077595835,held_fold
ISIC_8310944,0,0.00032915926,held_fold
ISIC_8313202,0,0.0036437307,held_fold
ISIC_8314055,0,0.001924179,held_fold
ISIC_8314115,0,0.009523704,held_fold
ISIC_8314759,0,0.002642941,held_fold
ISIC_8315128,0,0.08303289,held_fold
ISIC_8316125,0,0.0007100672,held_fold
ISIC_8316885,0,0.008017267,held_fold
ISIC_8318077,0,0.0014745123,held_fold
ISIC_8319058,0,0.00020361462,held_fold
ISIC_8319586,0,0.00039182603,held_fold
ISIC_8321678,0,0.00035495675,held_fold
ISIC_8322239,0,0.023382954,held_fold
ISIC_8323234,0,0.00039861703,held_fold
ISIC_8323829,0,0.0018387389,held_fold
ISIC_8324271,0,0.008235229,held_fold
ISIC_8324371,0,0.08922236,held_fold
ISIC_8324681,0,0.00013172167,held_fold
ISIC_8324870,0,0.001643163,held_fold
ISIC_8324895,0,0.00046231705,held_fold
ISIC_8325107,0,0.00021903253,held_fold
ISIC_8325198,0,0.000870107,held_fold
ISIC_8325260,0,0.013466451,held_fold
ISIC_8326957,0,0.0054604243,held_fold
ISIC_8327302,0,0.07403928,held_fold
ISIC_8327352,0,0.0012777105,held_fold
ISIC_8327455,0,0.0128821,held_fold
ISIC_8327485,0,0.019414054,held_fold
ISIC_8333087,0,0.00093372865,held_fold
ISIC_8334115,0,0.08145856,held_fold
ISIC_8335489,0,0.12441936,held_fold
ISIC_8335722,0,0.00034547725,held_fold
ISIC_8336956,0,0.007944234,held_fold
ISIC_8341144,0,0.00036169088,held_fold
ISIC_8342761,0,0.039899528,held_fold
ISIC_8343285,0,0.0005404426,held_fold
ISIC_8343678,0,0.0044933003,held_fold
ISIC_8344124,0,0.0003818368,held_fold
ISIC_8345964,0,0.00047884334,held_fold
ISIC_8347165,0,0.03268817,held_fold
ISIC_8347675,0,0.04690042,held_fold
ISIC_8349600,0,0.0024914902,held_fold
ISIC_8353156,0,0.00034599475,held_fold
ISIC_8354409,0,0.117809825,held_fold
ISIC_8356805,0,0.023391034,held_fold
ISIC_8362113,0,0.0013237201,held_fold
ISIC_8363791,0,0.0003251812,held_fold
ISIC_8366005,0,0.00018082849,held_fold
ISIC_8368870,0,0.013685718,held_fold
ISIC_8373218,0,0.04083056,held_fold
ISIC_8374044,0,0.00031827643,held_fold
ISIC_8374497,0,0.00332753,held_fold
ISIC_8376027,0,0.0011863365,held_fold
ISIC_8378094,0,0.00086813024,held_fold
ISIC_8378321,0,0.0007580019,held_fold
ISIC_8378790,0,0.0009677376,held_fold
ISIC_8379890,0,0.00026297217,held_fold
ISIC_8379956,1,0.059517503,held_fold
ISIC_8380527,0,0.087723486,held_fold
ISIC_8380605,0,0.0020034066,held_fold
ISIC_8380904,0,0.032774992,held_fold
ISIC_8381608,0,0.0014818028,held_fold
ISIC_8381673,0,0.00037659335,held_fold
ISIC_8383915,0,0.0067717903,held_fold
ISIC_8386146,0,0.00079220353,held_fold
ISIC_8387437,0,0.000505934,held_fold
ISIC_8388593,0,0.03142399,held_fold
ISIC_8393181,0,0.012570671,held_fold
ISIC_8397698,0,0.004040408,held_fold
ISIC_8400393,0,0.026527772,held_fold
ISIC_8406777,0,0.0004354205,held_fold
ISIC_8409053,0,0.0002482637,held_fold
ISIC_8409475,0,0.011454501,held_fold
ISIC_8414396,0,0.0027703648,held_fold
ISIC_8416554,0,0.0023277723,held_fold
ISIC_8418506,0,0.009711302,held_fold
ISIC_8418610,0,0.041494027,held_fold
ISIC_8419036,0,0.0046256743,held_fold
ISIC_8419663,0,0.00063036,held_fold
ISIC_8420148,0,0.00047845,held_fold
ISIC_8421394,0,0.0004635829,held_fold
ISIC_8422703,0,0.017685572,held_fold
ISIC_8423312,0,0.0008420391,held_fold
ISIC_8423604,0,0.0053494503,held_fold
ISIC_8424599,0,0.028903909,held_fold
ISIC_8424785,0,0.0017626112,held_fold
ISIC_8425338,0,0.0077870027,held_fold
ISIC_8425541,0,0.02687298,held_fold
ISIC_8429099,0,0.031091426,held_fold
ISIC_8429564,0,0.0007440683,held_fold
ISIC_8429722,0,0.00021828327,held_fold
ISIC_8430749,0,0.009436357,held_fold
ISIC_8432001,0,0.0021911655,held_fold
ISIC_8434081,0,0.0012629542,held_fold
ISIC_8435651,0,0.012810506,held_fold
ISIC_8436590,0,0.012848177,held_fold
ISIC_8438071,0,0.05807495,held_fold
ISIC_8440070,0,0.0006215125,held_fold
ISIC_8442933,0,0.015326527,held_fold
ISIC_8444072,0,0.00083251006,held_fold
ISIC_8445041,0,0.0064305975,held_fold
ISIC_8445238,0,0.013090409,held_fold
ISIC_8446043,0,0.0066657504,held_fold
ISIC_8449514,0,0.019018654,held_fold
ISIC_8450723,0,0.0018899569,held_fold
ISIC_8451130,0,0.018660013,held_fold
ISIC_8451869,0,0.0010452135,held_fold
ISIC_8458149,0,0.0007471363,held_fold
ISIC_8460669,0,0.043949835,held_fold
ISIC_8462445,0,0.0013555991,held_fold
ISIC_8463146,0,0.0005199881,held_fold
ISIC_8467665,0,0.00032730834,held_fold
ISIC_8468957,0,0.0013169585,held_fold
ISIC_8469765,0,0.00047709967,held_fold
ISIC_8474660,0,0.00989165,held_fold
ISIC_8475681,0,0.0047466233,held_fold
ISIC_8479104,0,0.0010293404,held_fold
ISIC_8479651,0,0.0003127896,held_fold
ISIC_8480329,0,0.0002543479,held_fold
ISIC_8481822,0,0.01081221,held_fold
ISIC_8484660,0,0.0011558771,held_fold
ISIC_8492463,0,0.00071142695,held_fold
ISIC_8495497,0,0.004196214,held_fold
ISIC_8495875,0,0.007939451,held_fold
ISIC_8496646,0,0.00068172667,held_fold
ISIC_8497457,1,0.07455142,held_fold
ISIC_8502248,0,0.0009835163,held_fold
ISIC_8502341,0,0.000558915,held_fold
ISIC_8504450,0,0.036199838,held_fold
ISIC_8504479,0,0.00042806234,held_fold
ISIC_8504517,0,0.010135295,held_fold
ISIC_8506003,0,0.0026612848,held_fold
ISIC_8506618,0,0.03338227,held_fold
ISIC_8509430,0,0.0064314445,held_fold
ISIC_8510975,0,0.016737606,held_fold
ISIC_8515165,0,0.0021504406,held_fold
ISIC_8518406,0,0.0007191957,held_fold
ISIC_8519931,0,0.0006059891,held_fold
ISIC_8525314,0,0.007666281,held_fold
ISIC_8526729,0,0.11851687,held_fold
ISIC_8526902,0,0.0005249172,held_fold
ISIC_8526982,0,0.012209552,held_fold
ISIC_8527330,0,0.001014672,held_fold
ISIC_8528486,0,0.00063946535,held_fold
ISIC_8528824,0,0.00013747373,held_fold
ISIC_8533045,0,0.0015475603,held_fold
ISIC_8534863,0,0.00040609745,held_fold
ISIC_8535943,0,0.0006033013,held_fold
ISIC_8536138,0,0.00043999078,held_fold
ISIC_8539990,0,0.00049303763,held_fold
ISIC_8541038,0,0.007270307,held_fold
ISIC_8546213,0,0.00052533764,held_fold
ISIC_8546378,0,0.0062215608,held_fold
ISIC_8551624,0,0.012059169,held_fold
ISIC_8554450,0,0.00026707407,held_fold
ISIC_8555960,0,0.00016403788,held_fold
ISIC_8556519,0,0.018180545,held_fold
ISIC_8561070,0,0.23383527,held_fold
ISIC_8561963,0,0.020731997,held_fold
ISIC_8564527,0,0.010037902,held_fold
ISIC_8564636,0,0.00080703053,held_fold
ISIC_8566184,0,0.00090079807,held_fold
ISIC_8566203,0,0.0033663309,held_fold
ISIC_8567027,0,0.026958315,held_fold
ISIC_8567199,0,0.005120378,held_fold
ISIC_8569148,0,0.000705883,held_fold
ISIC_8570817,0,0.0006255956,held_fold
ISIC_8571262,0,0.0026829664,held_fold
ISIC_8573647,0,0.028016763,held_fold
ISIC_8576068,0,0.00020851774,held_fold
ISIC_8578732,0,0.0070701297,held_fold
ISIC_8584089,0,0.013779407,held_fold
ISIC_8584585,0,0.0011109203,held_fold
ISIC_8585685,0,0.007588268,held_fold
ISIC_8591003,0,0.024085896,held_fold
ISIC_8596724,0,0.092340514,held_fold
ISIC_8597354,0,0.00036349354,held_fold
ISIC_8599384,0,0.0025345748,held_fold
ISIC_8600358,0,0.008753159,held_fold
ISIC_8602467,0,0.04164267,held_fold
ISIC_8603124,0,0.0014128723,held_fold
ISIC_8603396,0,0.0029646396,held_fold
ISIC_8605422,0,0.00043730062,held_fold
ISIC_8608894,0,0.008311678,held_fold
ISIC_8614359,0,0.00047033417,held_fold
ISIC_8614778,0,0.0019012638,held_fold
ISIC_8618266,0,0.0023288557,held_fold
ISIC_8624063,0,0.001163643,held_fold
ISIC_8624123,0,0.009478923,held_fold
ISIC_8626941,0,0.0005797617,held_fold
ISIC_8629973,0,0.0016436911,held_fold
ISIC_8630818,0,0.0028259554,held_fold
ISIC_8631846,0,0.0001822352,held_fold
ISIC_8633719,0,0.0063876817,held_fold
ISIC_8633889,0,0.11888156,held_fold
ISIC_8634356,0,0.0006154176,held_fold
ISIC_8635903,0,0.005315777,held_fold
ISIC_8638021,0,0.0007191985,held_fold
ISIC_8638173,0,0.00045190964,held_fold
ISIC_8639771,0,0.0022686082,held_fold
ISIC_8645104,0,0.009896443,held_fold
ISIC_8646276,0,0.056122154,held_fold
ISIC_8647900,0,0.00029374677,held_fold
ISIC_8648090,0,0.0006012365,held_fold
ISIC_8649055,0,0.0005334139,held_fold
ISIC_8651476,0,0.0048188088,held_fold
ISIC_8657079,0,0.0026002242,held_fold
ISIC_8658037,0,0.0038588827,held_fold
ISIC_8658889,0,0.033222497,held_fold
ISIC_8659694,0,0.00042807293,held_fold
ISIC_8661226,0,0.016875066,held_fold
ISIC_8663971,0,0.009333783,held_fold
ISIC_8664315,0,0.0013208828,held_fold
ISIC_8664819,0,0.00045440148,held_fold
ISIC_8666405,0,0.014785373,held_fold
ISIC_8666637,0,0.0006895652,held_fold
ISIC_8668448,0,0.002699485,held_fold
ISIC_8668530,0,0.00030927753,held_fold
ISIC_8669314,0,0.040352464,held_fold
ISIC_8670684,0,0.0009707479,held_fold
ISIC_8672185,0,0.06688962,held_fold
ISIC_8677110,0,0.013556358,held_fold
ISIC_8679149,0,0.00019779248,held_fold
ISIC_8680421,0,0.006293104,held_fold
ISIC_8680948,0,0.0094371,held_fold
ISIC_8681290,0,0.0006918028,held_fold
ISIC_8681917,0,0.052180167,held_fold
ISIC_8691091,0,0.0028528734,held_fold
ISIC_8691163,0,0.0034902126,held_fold
ISIC_8692950,0,0.0007200951,held_fold
ISIC_8694888,0,0.0061891847,held_fold
ISIC_8695109,0,0.0003755626,held_fold
ISIC_8695317,0,0.032362565,held_fold
ISIC_8699205,0,0.0018758981,held_fold
ISIC_8699453,0,0.036355935,held_fold
ISIC_8700403,0,0.010489581,held_fold
ISIC_8701975,0,0.0033662445,held_fold
ISIC_8702706,0,0.0014903693,held_fold
ISIC_8703209,0,0.0014300334,held_fold
ISIC_8704004,0,0.000661023,held_fold
ISIC_8705626,0,0.030392453,held_fold
ISIC_8707606,0,0.0016047575,held_fold
ISIC_8715792,0,0.011459864,held_fold
ISIC_8716235,0,0.023544041,held_fold
ISIC_8716644,0,0.0007297359,held_fold
ISIC_8717336,0,0.007937765,held_fold
ISIC_8723815,0,0.009795603,held_fold
ISIC_8727731,0,0.0002034105,held_fold
ISIC_8729091,0,0.0021618353,held_fold
ISIC_8739046,0,0.0006918177,held_fold
ISIC_8739533,0,0.0033820611,held_fold
ISIC_8742875,0,0.003194207,held_fold
ISIC_8747095,0,0.039937064,held_fold
ISIC_8748689,0,0.0008584526,held_fold
ISIC_8750055,0,0.07731231,held_fold
ISIC_8751393,0,0.02576856,held_fold
ISIC_8754461,0,0.00042903642,held_fold
ISIC_8755163,0,0.0013077012,held_fold
ISIC_8755714,0,0.060719542,held_fold
ISIC_8757664,0,0.0025271848,held_fold
ISIC_8759073,0,0.004360779,held_fold
ISIC_8759726,0,0.0045162924,held_fold
ISIC_8759744,0,0.0017922925,held_fold
ISIC_8759813,0,0.016713182,held_fold
ISIC_8760029,0,0.00034235395,held_fold
ISIC_8760380,0,0.11694178,held_fold
ISIC_8762437,0,0.0006300639,held_fold
ISIC_8764927,0,0.06992129,held_fold
ISIC_8770401,0,0.0048875804,held_fold
ISIC_8773685,0,0.00053818285,held_fold
ISIC_8774880,0,0.00034528528,held_fold
ISIC_8776363,0,0.000862558,held_fold
ISIC_8776661,0,0.013400367,held_fold
ISIC_8777622,0,0.00084914407,held_fold
ISIC_8777866,0,0.0020279856,held_fold
ISIC_8778648,0,0.0004474711,held_fold
ISIC_8780547,0,0.0030962348,held_fold
ISIC_8781451,0,0.005564302,held_fold
ISIC_8781751,0,0.0007317596,held_fold
ISIC_8783667,0,0.02043795,held_fold
ISIC_8786606,0,0.0005535941,held_fold
ISIC_8789673,0,0.0014528567,held_fold
ISIC_8790198,0,0.0009036134,held_fold
ISIC_8791729,0,0.017669285,held_fold
ISIC_8799089,0,0.0075883362,held_fold
ISIC_8802047,0,0.0006477371,held_fold
ISIC_8804704,0,0.0013413478,held_fold
ISIC_8805000,0,0.00032947576,held_fold
ISIC_8808756,0,0.0010344229,held_fold
ISIC_8812739,0,0.002894428,held_fold
ISIC_8812781,0,0.010976061,held_fold
ISIC_8812830,0,0.021982012,held_fold
ISIC_8813303,0,0.0033985595,held_fold
ISIC_8813306,0,0.012707551,held_fold
ISIC_8813415,0,0.009137825,held_fold
ISIC_8813838,0,0.0002837229,held_fold
ISIC_8814843,0,0.00037912207,held_fold
ISIC_8816154,0,0.02546445,held_fold
ISIC_8816494,0,0.001118705,held_fold
ISIC_8821137,0,0.0020240173,held_fold
ISIC_8826643,0,0.0007108146,held_fold
ISIC_8831176,0,0.00039285308,held_fold
ISIC_8831631,0,0.02204014,held_fold
ISIC_8834606,0,0.0084052915,held_fold
ISIC_8835154,0,0.23462264,held_fold
ISIC_8837100,0,0.0108843455,held_fold
ISIC_8837792,0,0.009340497,held_fold
ISIC_8838232,0,0.00045449566,held_fold
ISIC_8840271,0,0.00067317835,held_fold
ISIC_8841738,0,0.0001956094,held_fold
ISIC_8841886,0,0.08433636,held_fold
ISIC_8842295,0,0.0010102133,held_fold
ISIC_8842646,0,0.01545171,held_fold
ISIC_8844233,0,0.0005510508,held_fold
ISIC_8845891,0,0.074775025,held_fold
ISIC_8846654,0,0.00082273514,held_fold
ISIC_8847321,0,0.011189468,held_fold
ISIC_8847503,0,0.05148196,held_fold
ISIC_8848134,0,0.011011877,held_fold
ISIC_8848327,0,0.0063766455,held_fold
ISIC_8849117,0,0.0010549267,held_fold
ISIC_8849466,0,0.010768961,held_fold
ISIC_8850826,0,0.054743428,held_fold
ISIC_8853902,0,0.00026094815,held_fold
ISIC_8853995,0,0.00119671,held_fold
ISIC_8854196,0,0.0043452177,held_fold
ISIC_8858877,0,0.08940302,held_fold
ISIC_8862107,0,0.014004713,held_fold
ISIC_8866651,1,0.4296401,held_fold
ISIC_8867555,0,0.010618167,held_fold
ISIC_8867565,0,0.00026076162,held_fold
ISIC_8869249,0,0.0015767419,held_fold
ISIC_8872158,1,0.052253194,held_fold
ISIC_8878967,0,0.009236598,held_fold
ISIC_8882801,0,0.0018738189,held_fold
ISIC_8883212,0,0.00075256353,held_fold
ISIC_8887095,0,0.003266299,held_fold
ISIC_8887170,0,0.037888464,held_fold
ISIC_8887405,0,0.001979082,held_fold
ISIC_8889010,0,0.0008851927,held_fold
ISIC_8890072,0,0.000753187,held_fold
ISIC_8891234,0,0.008022836,held_fold
ISIC_8893724,0,0.19860786,held_fold
ISIC_8896223,0,0.00061996747,held_fold
ISIC_8898680,0,0.00070840615,held_fold
ISIC_8900012,0,0.0016712769,held_fold
ISIC_8901419,0,0.03129518,held_fold
ISIC_8902080,0,0.00048478317,held_fold
ISIC_8904256,0,0.0119472435,held_fold
ISIC_8905349,0,0.007813711,held_fold
ISIC_8910635,0,0.0009919581,held_fold
ISIC_8911740,0,0.035258688,held_fold
ISIC_8917078,0,0.014837984,held_fold
ISIC_8917755,0,0.29485616,held_fold
ISIC_8920064,0,0.0040280507,held_fold
ISIC_8921327,0,0.0012207121,held_fold
ISIC_8921647,0,0.001833758,held_fold
ISIC_8923673,0,0.0014715476,held_fold
ISIC_8924292,0,0.00066405133,held_fold
ISIC_8924426,0,0.06618334,held_fold
ISIC_8924853,0,0.0012780853,held_fold
ISIC_8926341,0,0.022618208,held_fold
ISIC_8926892,0,0.0143995555,held_fold
ISIC_8926980,0,0.010297326,held_fold
ISIC_8927825,0,0.007061919,held_fold
ISIC_8933744,0,0.00036150403,held_fold
ISIC_8935984,0,0.0006288464,held_fold
ISIC_8936977,0,0.0153603135,held_fold
ISIC_8937646,0,0.0019511182,held_fold
ISIC_8938681,0,0.0002984065,held_fold
ISIC_8938776,0,0.0002780267,held_fold
ISIC_8941586,0,0.00092087855,held_fold
ISIC_8944892,0,0.0012648574,held_fold
ISIC_8951449,0,0.00040646034,held_fold
ISIC_8952288,0,0.08051683,held_fold
ISIC_8953242,0,0.0069715483,held_fold
ISIC_8956001,0,0.0007107997,held_fold
ISIC_8957426,0,0.0006557554,held_fold
ISIC_8960763,0,0.16063108,held_fold
ISIC_8965285,0,0.014343824,held_fold
ISIC_8966170,0,0.0090241125,held_fold
ISIC_8967404,0,0.020775372,held_fold
ISIC_8967818,0,0.00043612169,held_fold
ISIC_8970333,0,0.0005381608,held_fold
ISIC_8970499,0,0.0007104381,held_fold
ISIC_8972403,0,0.00039784538,held_fold
ISIC_8977933,0,0.004807747,held_fold
ISIC_8980801,0,0.00044100478,held_fold
ISIC_8981700,0,0.08909999,held_fold
ISIC_8981851,0,0.0016882834,held_fold
ISIC_8985109,1,0.06593445,held_fold
ISIC_8986997,0,0.00026957114,held_fold
ISIC_8987085,0,0.0007430663,held_fold
ISIC_8989572,0,0.00035539592,held_fold
ISIC_8991530,0,0.07446842,held_fold
ISIC_8991672,0,0.0045074103,held_fold
ISIC_8992925,0,0.039810203,held_fold
ISIC_8996902,0,0.0013620333,held_fold
ISIC_8997109,0,0.0019313653,held_fold
ISIC_9000030,0,0.0006623542,held_fold
ISIC_9000226,0,0.001812085,held_fold
ISIC_9000824,1,0.10462765,held_fold
ISIC_9001948,1,0.06984912,held_fold
ISIC_9004995,0,0.016828828,held_fold
ISIC_9008026,0,0.00050211797,held_fold
ISIC_9011777,0,0.00037956185,held_fold
ISIC_9012721,0,0.00045794016,held_fold
ISIC_9013045,0,0.038948514,held_fold
ISIC_9014036,0,0.0034669852,held_fold
ISIC_9014786,0,0.00073604163,held_fold
ISIC_9015818,0,0.0025582986,held_fold
ISIC_9021889,0,0.0059033483,held_fold
ISIC_9022054,0,0.030261854,held_fold
ISIC_9023603,0,0.01299657,held_fold
ISIC_9023945,0,0.0066717053,held_fold
ISIC_9024038,0,0.09930088,held_fold
ISIC_9024245,0,0.0004872274,held_fold
ISIC_9028177,0,0.0012766599,held_fold
ISIC_9028997,0,0.04740177,held_fold
ISIC_9029328,0,0.0025098429,held_fold
ISIC_9037248,0,0.007853544,held_fold
ISIC_9037301,0,0.0006411597,held_fold
ISIC_9037423,0,0.004039244,held_fold
ISIC_9037453,0,0.00530235,held_fold
ISIC_9041509,0,0.00032218822,held_fold
ISIC_9041897,0,0.00065281405,held_fold
ISIC_9043344,0,0.06949202,held_fold
ISIC_9043908,0,0.010041276,held_fold
ISIC_9050608,0,0.0003351638,held_fold
ISIC_9051057,0,0.00041982855,held_fold
ISIC_9051287,0,0.032072768,held_fold
ISIC_9052594,0,0.00075701915,held_fold
ISIC_9053619,0,0.002486758,held_fold
ISIC_9053699,0,0.010530557,held_fold
ISIC_9053788,0,0.008534266,held_fold
ISIC_9054920,0,0.031106703,held_fold
ISIC_9055357,0,0.0093260305,held_fold
ISIC_9059086,0,0.00069926586,held_fold
ISIC_9059296,0,0.0012547259,held_fold
ISIC_9059686,0,0.022457143,held_fold
ISIC_9060377,0,0.03872713,held_fold
ISIC_9064053,0,0.00043593027,held_fold
ISIC_9066883,0,0.0017062608,held_fold
ISIC_9069800,0,0.00053968636,held_fold
ISIC_9071758,0,0.0047585885,held_fold
ISIC_9072309,0,0.0007067496,held_fold
ISIC_9072567,0,0.006519367,held_fold
ISIC_9076034,0,0.40084392,held_fold
ISIC_9077709,0,0.035043363,held_fold
ISIC_9078100,0,0.00038890197,held_fold
ISIC_9079223,0,0.0055817007,held_fold
ISIC_9079489,0,0.000609877,held_fold
ISIC_9080743,0,0.0010765818,held_fold
ISIC_9080990,0,0.023595938,held_fold
ISIC_9082440,0,0.0036717083,held_fold
ISIC_9083592,0,0.00047546215,held_fold
ISIC_9084483,0,0.016126053,held_fold
ISIC_9085473,0,0.001930428,held_fold
ISIC_9087581,0,0.015544691,held_fold
ISIC_9087655,0,0.0036144229,held_fold
ISIC_9089575,0,0.0013675654,held_fold
ISIC_9089987,0,0.0011953242,held_fold
ISIC_9091415,0,0.0029815473,held_fold
ISIC_9091954,0,0.0010347313,held_fold
ISIC_9092759,0,0.11634287,held_fold
ISIC_9094201,0,0.0003526544,held_fold
ISIC_9099529,0,0.008756291,held_fold
ISIC_9102834,0,0.00038059047,held_fold
ISIC_9103422,0,0.0042748377,held_fold
ISIC_9103556,0,0.0051579317,held_fold
ISIC_9105740,0,0.019046245,held_fold
ISIC_9107811,0,0.00030840127,held_fold
ISIC_9109515,0,0.00047081747,held_fold
ISIC_9109847,0,0.0009095347,held_fold
ISIC_9112443,0,0.00020981586,held_fold
ISIC_9114776,0,0.0008171052,held_fold
ISIC_9115001,0,0.001169239,held_fold
ISIC_9115256,0,0.005138429,held_fold
ISIC_9117456,0,0.00813778,held_fold
ISIC_9118842,0,0.03490625,held_fold
ISIC_9119271,0,0.038050424,held_fold
ISIC_9122329,0,0.00013287674,held_fold
ISIC_9127934,0,0.0055182655,held_fold
ISIC_9128304,0,0.008033872,held_fold
ISIC_9134100,0,0.00034591823,held_fold
ISIC_9135390,0,0.0016876791,held_fold
ISIC_9138647,0,0.018207682,held_fold
ISIC_9143795,0,0.001541443,held_fold
ISIC_9146648,0,0.001641532,held_fold
ISIC_9150050,0,0.00046204566,held_fold
ISIC_9151409,0,0.006389919,held_fold
ISIC_9153636,0,0.033072654,held_fold
ISIC_9154282,0,0.0093819965,held_fold
ISIC_9159739,0,0.0055026133,held_fold
ISIC_9160772,0,0.0112998355,held_fold
ISIC_9161341,0,0.005255186,held_fold
ISIC_9162451,0,0.00068680436,held_fold
ISIC_9162798,0,0.0011326062,held_fold
ISIC_9163905,0,0.0014036167,held_fold
ISIC_9165807,0,0.0015827842,held_fold
ISIC_9167285,0,0.0004029565,held_fold
ISIC_9167290,0,0.0005399413,held_fold
ISIC_9168779,0,0.02034326,held_fold
ISIC_9169000,0,0.20433152,held_fold
ISIC_9169586,0,0.0010229328,held_fold
ISIC_9172605,0,0.0026175415,held_fold
ISIC_9174306,1,0.038375143,held_fold
ISIC_9174347,0,0.08807342,held_fold
ISIC_9174412,0,0.0036955047,held_fold
ISIC_9174830,0,0.09367835,held_fold
ISIC_9177813,0,0.0003185773,held_fold
ISIC_9182285,0,0.00070183695,held_fold
ISIC_9187978,0,0.02225459,held_fold
ISIC_9190018,0,0.0008640334,held_fold
ISIC_9190784,0,0.00043332795,held_fold
ISIC_9193127,1,0.03486672,held_fold
ISIC_9196819,0,0.00021482854,held_fold
ISIC_9199229,0,0.0011720055,held_fold
ISIC_9202278,0,0.0022547664,held_fold
ISIC_9206499,0,0.005848092,held_fold
ISIC_9207137,0,0.0015075046,held_fold
ISIC_9208006,0,0.3496659,held_fold
ISIC_9209515,0,0.00037332627,held_fold
ISIC_9210825,0,0.0007033508,held_fold
ISIC_9211989,0,0.057625003,held_fold
ISIC_9215836,0,0.021864373,held_fold
ISIC_9216989,0,0.007527473,held_fold
ISIC_9217340,0,0.028590146,held_fold
ISIC_9223481,0,0.0070207086,held_fold
ISIC_9225184,0,0.00092371076,held_fold
ISIC_9225210,0,0.015548341,held_fold
ISIC_9226193,0,0.003829754,held_fold
ISIC_9228224,0,0.0010920699,held_fold
ISIC_9229525,0,0.0008779859,held_fold
ISIC_9230826,0,0.0013764311,held_fold
ISIC_9231263,0,0.014475253,held_fold
ISIC_9233009,0,0.00013732648,held_fold
ISIC_9235975,0,0.0064180545,held_fold
ISIC_9237244,0,0.2078832,held_fold
ISIC_9237341,0,0.030606879,held_fold
ISIC_9239339,0,0.0030209923,held_fold
ISIC_9241093,0,0.00031520484,held_fold
ISIC_9241222,0,0.004702548,held_fold
ISIC_9241497,0,0.0009565696,held_fold
ISIC_9241722,0,0.00041296796,held_fold
ISIC_9243440,0,0.0012905685,held_fold
ISIC_9244634,0,0.10807661,held_fold
ISIC_9244659,0,0.022185257,held_fold
ISIC_9246022,0,0.0034751531,held_fold
ISIC_9247687,0,0.067035034,held_fold
ISIC_9249257,0,0.08228478,held_fold
ISIC_9250898,0,0.0026933902,held_fold
ISIC_9252800,0,0.025703127,held_fold
ISIC_9254433,0,0.0014296727,held_fold
ISIC_9255522,0,0.0013837413,held_fold
ISIC_9258027,0,0.015814934,held_fold
ISIC_9259697,0,0.0023810829,held_fold
ISIC_9259892,0,0.007909038,held_fold
ISIC_9262162,0,0.00036169848,held_fold
ISIC_9264993,0,0.00038107968,held_fold
ISIC_9265406,0,0.00058727956,held_fold
ISIC_9267058,0,0.0017965236,held_fold
ISIC_9268137,0,0.0016435907,held_fold
ISIC_9270335,0,0.0008360063,held_fold
ISIC_9270418,0,0.0013069323,held_fold
ISIC_9271416,0,0.0012154006,held_fold
ISIC_9271800,0,0.0034345733,held_fold
ISIC_9272770,0,0.00064978615,held_fold
ISIC_9273465,0,0.001691841,held_fold
ISIC_9276442,0,0.04085683,held_fold
ISIC_9276931,0,0.0004755269,held_fold
ISIC_9279329,0,0.005324164,held_fold
ISIC_9280210,0,0.008383481,held_fold
ISIC_9283427,0,7.043949e-05,held_fold
ISIC_9283914,0,0.00044148645,held_fold
ISIC_9285635,0,0.0028885354,held_fold
ISIC_9290617,0,0.0035135979,held_fold
ISIC_9290968,0,0.00087506155,held_fold
ISIC_9293970,0,0.0042845714,held_fold
ISIC_9294326,0,0.00023947786,held_fold
ISIC_9294593,0,0.00022169226,held_fold
ISIC_9295267,0,0.0009414775,held_fold
ISIC_9296537,0,0.00030662055,held_fold
ISIC_9297472,0,0.00089542835,held_fold
ISIC_9299721,0,0.0006640111,held_fold
ISIC_9300579,0,0.002875581,held_fold
ISIC_9301333,0,0.0028928046,held_fold
ISIC_9303849,0,0.00062344654,held_fold
ISIC_9305788,0,0.0016872952,held_fold
ISIC_9307584,0,0.0007694249,held_fold
ISIC_9307997,0,0.00024972702,held_fold
ISIC_9309245,0,0.007568719,held_fold
ISIC_9310101,0,0.00029580336,held_fold
ISIC_9310178,0,0.0017005078,held_fold
ISIC_9310505,0,0.02753509,held_fold
ISIC_9312099,0,0.004579995,held_fold
ISIC_9312164,1,0.013986163,held_fold
ISIC_9314144,0,0.06669595,held_fold
ISIC_9316994,0,0.004485829,held_fold
ISIC_9317894,0,0.045577243,held_fold
ISIC_9323095,0,0.00035608778,held_fold
ISIC_9323283,0,0.051674664,held_fold
ISIC_9325254,0,0.011277291,held_fold
ISIC_9328589,0,0.068254545,held_fold
ISIC_9331684,0,0.014458033,held_fold
ISIC_9332795,0,0.05542495,held_fold
ISIC_9333245,0,0.020119732,held_fold
ISIC_9333842,0,0.015937211,held_fold
ISIC_9334956,0,0.0012904013,held_fold
ISIC_9335977,0,0.00090327376,held_fold
ISIC_9338267,0,0.13708928,held_fold
ISIC_9339096,0,0.01451406,held_fold
ISIC_9339713,0,0.015322886,held_fold
ISIC_9340122,0,0.0047416203,held_fold
ISIC_9340334,0,0.027265629,held_fold
ISIC_9340659,0,0.17688337,held_fold
ISIC_9342053,0,0.0029382983,held_fold
ISIC_9344253,0,0.00082519423,held_fold
ISIC_9344352,0,0.15613319,held_fold
ISIC_9344664,0,0.00047312563,held_fold
ISIC_9349327,0,0.0021217,held_fold
ISIC_9350197,0,0.00013865001,held_fold
ISIC_9351189,0,0.0015867203,held_fold
ISIC_9353514,0,0.02022853,held_fold
ISIC_9356306,0,0.0028342179,held_fold
ISIC_9356313,0,0.012276565,held_fold
ISIC_9356630,0,0.011046632,held_fold
ISIC_9361625,0,0.0010907098,held_fold
ISIC_9362964,0,0.015299793,held_fold
ISIC_9363106,0,0.0054360386,held_fold
ISIC_9364690,0,0.0003944521,held_fold
ISIC_9365475,0,0.00086789497,held_fold
ISIC_9366873,0,0.006009888,held_fold
ISIC_9367353,0,0.0018957946,held_fold
ISIC_9368534,0,0.004662064,held_fold
ISIC_9371867,0,0.0005016886,held_fold
ISIC_9371926,0,0.0014098434,held_fold
ISIC_9374061,0,0.0055080648,held_fold
ISIC_9375086,0,0.0003611723,held_fold
ISIC_9378153,0,0.00068590924,held_fold
ISIC_9378883,0,0.0029846304,held_fold
ISIC_9379477,0,0.0006344682,held_fold
ISIC_9379917,0,0.0004534314,held_fold
ISIC_9385014,0,0.0010708297,held_fold
ISIC_9386541,0,0.0011577586,held_fold
ISIC_9387488,0,0.0044160215,held_fold
ISIC_9389584,0,0.00077972,held_fold
ISIC_9390305,0,0.00053111237,held_fold
ISIC_9393022,0,0.0029129607,held_fold
ISIC_9394148,0,0.000624047,held_fold
ISIC_9395144,0,0.015045505,held_fold
ISIC_9395519,0,0.0010293743,held_fold
ISIC_9396628,0,0.0007415815,held_fold
ISIC_9398499,0,0.00085182075,held_fold
ISIC_9398989,0,0.00023579608,held_fold
ISIC_9399365,0,0.00071513973,held_fold
ISIC_9399686,0,0.025216058,held_fold
ISIC_9402324,1,0.010997144,held_fold
ISIC_9403241,0,0.0028400344,held_fold
ISIC_9404190,0,0.0006577671,held_fold
ISIC_9405403,0,0.0011446452,held_fold
ISIC_9406299,0,0.0008033879,held_fold
ISIC_9406568,0,0.10587229,held_fold
ISIC_9407543,0,0.0012184829,held_fold
ISIC_9407667,0,0.008723754,held_fold
ISIC_9407690,0,0.0035869444,held_fold
ISIC_9407781,0,0.0073500103,held_fold
ISIC_9408359,0,0.008190904,held_fold
ISIC_9414126,0,0.008958565,held_fold
ISIC_9414574,0,0.011773743,held_fold
ISIC_9414904,0,0.0007253782,held_fold
ISIC_9416183,0,0.00054445583,held_fold
ISIC_9416765,0,0.0010557466,held_fold
ISIC_9418745,0,0.004524646,held_fold
ISIC_9419454,0,0.048557617,held_fold
ISIC_9422298,0,0.00056864065,held_fold
ISIC_9424706,0,0.005956603,held_fold
ISIC_9424787,0,0.005169582,held_fold
ISIC_9426433,0,0.000352179,held_fold
ISIC_9431739,0,0.012289009,held_fold
ISIC_9437390,0,0.004465036,held_fold
ISIC_9437975,0,0.02895322,held_fold
ISIC_9438178,0,0.0004764166,held_fold
ISIC_9443041,0,0.00029000017,held_fold
ISIC_9445196,0,0.00040900585,held_fold
ISIC_9447286,0,0.031090239,held_fold
ISIC_9455994,0,0.004501565,held_fold
ISIC_9458746,0,0.004308921,held_fold
ISIC_9460379,0,0.004511246,held_fold
ISIC_9466416,0,0.0006866221,held_fold
ISIC_9466790,0,0.022202453,held_fold
ISIC_9466794,0,0.020220622,held_fold
ISIC_9467082,0,0.0014518552,held_fold
ISIC_9467292,0,0.0020677124,held_fold
ISIC_9469650,0,0.0010794079,held_fold
ISIC_9471383,0,0.03463093,held_fold
ISIC_9473134,0,0.0005222114,held_fold
ISIC_9473731,0,0.015842892,held_fold
ISIC_9475559,0,0.00032575958,held_fold
ISIC_9475941,0,0.0004510298,held_fold
ISIC_9476904,0,0.0016106319,held_fold
ISIC_9478109,0,0.06075015,held_fold
ISIC_9478930,0,0.0164721,held_fold
ISIC_9479161,0,0.021552859,held_fold
ISIC_9483417,0,0.00305486,held_fold
ISIC_9483894,0,0.0088029,held_fold
ISIC_9484538,0,0.013092811,held_fold
ISIC_9485536,0,0.012630948,held_fold
ISIC_9485901,0,0.0004644089,held_fold
ISIC_9489738,0,0.0041409684,held_fold
ISIC_9491630,0,0.0004754367,held_fold
ISIC_9493710,0,0.00430993,held_fold
ISIC_9497062,0,0.0005059709,held_fold
ISIC_9498448,0,0.009892472,held_fold
ISIC_9498942,0,0.0072527835,held_fold
ISIC_9500701,0,0.0029669686,held_fold
ISIC_9502241,0,0.005168964,held_fold
ISIC_9505595,0,0.00024005804,held_fold
ISIC_9509360,0,0.0991889,held_fold
ISIC_9511888,0,0.0017427837,held_fold
ISIC_9513808,0,0.012053943,held_fold
ISIC_9514450,0,0.09618337,held_fold
ISIC_9517456,0,0.0018280047,held_fold
ISIC_9519906,0,0.016528511,held_fold
ISIC_9522628,0,0.011812273,held_fold
ISIC_9525136,0,0.0012565682,held_fold
ISIC_9526877,0,0.07933387,held_fold
ISIC_9528732,0,0.0005826831,held_fold
ISIC_9529297,0,0.01315509,held_fold
ISIC_9531527,0,0.033072304,held_fold
ISIC_9535114,0,0.13925341,held_fold
ISIC_9540598,0,0.005611971,held_fold
ISIC_9540703,0,0.0024230683,held_fold
ISIC_9542037,0,0.005716625,held_fold
ISIC_9542791,0,0.0007268625,held_fold
ISIC_9543841,0,0.0053292043,held_fold
ISIC_9544059,0,0.0001885866,held_fold
ISIC_9544832,1,0.056978017,held_fold
ISIC_9546197,0,0.027748313,held_fold
ISIC_9546876,0,0.014339275,held_fold
ISIC_9548821,1,0.06999408,held_fold
ISIC_9549857,0,0.0043636663,held_fold
ISIC_9550834,0,0.0072705415,held_fold
ISIC_9551111,0,0.001129046,held_fold
ISIC_9551360,0,0.00045972533,held_fold
ISIC_9551406,0,0.0009612794,held_fold
ISIC_9551696,0,0.0005092048,held_fold
ISIC_9553125,0,0.0021749486,held_fold
ISIC_9556334,1,0.13030638,held_fold
ISIC_9559293,0,0.004839157,held_fold
ISIC_9560390,0,0.042408485,held_fold
ISIC_9560694,0,0.00061457296,held_fold
ISIC_9561954,0,0.00041227802,held_fold
ISIC_9562292,0,0.010973122,held_fold
ISIC_9562442,0,0.001041134,held_fold
ISIC_9562731,0,0.00049817556,held_fold
ISIC_9563514,0,0.0008957057,held_fold
ISIC_9564379,0,0.0011705284,held_fold
ISIC_9564875,0,0.002799445,held_fold
ISIC_9566964,0,0.00016419469,held_fold
ISIC_9568868,0,0.0015002127,held_fold
ISIC_9569891,0,0.0008452603,held_fold
ISIC_9571044,0,0.00040969969,held_fold
ISIC_9571107,0,0.08557337,held_fold
ISIC_9571685,0,0.0014819094,held_fold
ISIC_9573024,0,0.0015367109,held_fold
ISIC_9573267,0,0.034005515,held_fold
ISIC_9573538,0,0.0015417294,held_fold
ISIC_9574237,0,0.0005027144,held_fold
ISIC_9574819,0,0.0012759805,held_fold
ISIC_9578109,0,0.26131725,held_fold
ISIC_9578603,0,0.00021723639,held_fold
ISIC_9578777,0,0.00211566,held_fold
ISIC_9579506,0,0.0007152978,held_fold
ISIC_9580101,0,0.00060707965,held_fold
ISIC_9580143,0,0.0017959824,held_fold
ISIC_9580344,0,0.00075863133,held_fold
ISIC_9581761,0,0.0055464893,held_fold
ISIC_9582535,0,0.0026399663,held_fold
ISIC_9587745,0,0.008095682,held_fold
ISIC_9589883,0,0.06284609,held_fold
ISIC_9590586,0,0.0004930732,held_fold
ISIC_9590644,0,0.0007800136,held_fold
ISIC_9590727,0,0.0036096792,held_fold
ISIC_9590964,0,0.0006290187,held_fold
ISIC_9596685,0,0.00041224065,held_fold
ISIC_9596955,0,0.01200903,held_fold
ISIC_9597731,0,0.014184316,held_fold
ISIC_9598426,0,0.00085087575,held_fold
ISIC_9600205,0,0.0014640397,held_fold
ISIC_9601132,0,0.0004444145,held_fold
ISIC_9606109,0,0.0003164683,held_fold
ISIC_9606139,0,0.0021180613,held_fold
ISIC_9607252,0,0.038469836,held_fold
ISIC_9608191,0,0.002756365,held_fold
ISIC_9609865,0,0.07607364,held_fold
ISIC_9612481,1,0.037975185,held_fold
ISIC_9613570,0,0.00032265793,held_fold
ISIC_9616024,0,0.00068655144,held_fold
ISIC_9622274,0,0.012289484,held_fold
ISIC_9627148,0,0.0005492789,held_fold
ISIC_9628600,0,0.0003554093,held_fold
ISIC_9629757,0,0.0017390614,held_fold
ISIC_9632819,0,0.0010612933,held_fold
ISIC_9636293,0,0.05876592,held_fold
ISIC_9636881,0,0.17847553,held_fold
ISIC_9637180,0,0.0010344017,held_fold
ISIC_9637306,0,0.011199065,held_fold
ISIC_9637932,0,0.025793176,held_fold
ISIC_9637941,0,0.038692407,held_fold
ISIC_9638088,0,0.001093903,held_fold
ISIC_9640145,0,0.0034589896,held_fold
ISIC_9640847,0,0.14360012,held_fold
ISIC_9642671,0,0.0011988715,held_fold
ISIC_9643846,0,0.0010594967,held_fold
ISIC_9644412,0,0.03143791,held_fold
ISIC_9647024,0,0.0050560003,held_fold
ISIC_9647502,0,0.0026065623,held_fold
ISIC_9648563,0,0.052209806,held_fold
ISIC_9648904,0,0.0019858568,held_fold
ISIC_9649253,0,0.0064300643,held_fold
ISIC_9657852,0,0.024375094,held_fold
ISIC_9659443,0,0.0006968367,held_fold
ISIC_9660528,0,0.025492422,held_fold
ISIC_9660555,0,0.0011091501,held_fold
ISIC_9665206,0,0.00041174502,held_fold
ISIC_9666709,0,0.026016457,held_fold
ISIC_9671143,0,0.047740996,held_fold
ISIC_9671443,0,0.006252534,held_fold
ISIC_9676233,0,0.027379893,held_fold
ISIC_9677250,0,0.012111786,held_fold
ISIC_9679700,0,0.0004843061,held_fold
ISIC_9681146,0,0.07353566,held_fold
ISIC_9681655,0,0.00054392056,held_fold
ISIC_9682473,0,0.009968717,held_fold
ISIC_9685344,0,0.0004511377,held_fold
ISIC_9686581,0,0.019883303,held_fold
ISIC_9687369,0,0.00040030127,held_fold
ISIC_9687776,0,0.03874754,held_fold
ISIC_9688617,0,0.110846505,held_fold
ISIC_9690422,0,0.17725317,held_fold
ISIC_9693103,0,0.0006223433,held_fold
ISIC_9693759,0,0.002037428,held_fold
ISIC_9694198,0,0.00504664,held_fold
ISIC_9694275,0,0.00054598943,held_fold
ISIC_9694867,0,0.0012344028,held_fold
ISIC_9695501,0,0.033615313,held_fold
ISIC_9695809,0,0.050103147,held_fold
ISIC_9698774,0,0.0012718806,held_fold
ISIC_9698786,0,0.016089937,held_fold
ISIC_9699238,0,0.0014252742,held_fold
ISIC_9699728,0,0.0006094252,held_fold
ISIC_9700920,0,0.00062691467,held_fold
ISIC_9701912,0,0.0009968636,held_fold
ISIC_9704788,0,0.00081550697,held_fold
ISIC_9705832,0,0.0009364715,held_fold
ISIC_9706034,0,0.0006293515,held_fold
ISIC_9706318,0,0.00045557422,held_fold
ISIC_9710168,0,0.0005786816,held_fold
ISIC_9711252,0,0.12961407,held_fold
ISIC_9713363,0,0.0006371029,held_fold
ISIC_9713897,0,0.007202791,held_fold
ISIC_9714255,0,0.0005501293,held_fold
ISIC_9720044,0,0.0003784109,held_fold
ISIC_9720518,0,0.004951943,held_fold
ISIC_9723594,0,0.0013903765,held_fold
ISIC_9725043,0,0.0007728983,held_fold
ISIC_9725205,0,0.0013233059,held_fold
ISIC_9728805,0,0.14140756,held_fold
ISIC_9730889,0,0.015944915,held_fold
ISIC_9731788,0,0.00038068191,held_fold
ISIC_9732811,0,0.00087393704,held_fold
ISIC_9733758,0,0.0065489835,held_fold
ISIC_9736710,0,0.018778551,held_fold
ISIC_9738306,0,0.0054692663,held_fold
ISIC_9742891,0,0.01324051,held_fold
ISIC_9743014,0,0.22213149,held_fold
ISIC_9743638,0,0.105421945,held_fold
ISIC_9744206,0,0.04032689,held_fold
ISIC_9744723,0,0.0018561787,held_fold
ISIC_9745492,0,0.0006928549,held_fold
ISIC_9745942,0,0.0035515893,held_fold
ISIC_9746246,0,0.0005871363,held_fold
ISIC_9746861,0,0.001182816,held_fold
ISIC_9749009,0,0.09196027,held_fold
ISIC_9749497,0,0.006229792,held_fold
ISIC_9749852,0,0.003444794,held_fold
ISIC_9756215,0,0.002030587,held_fold
ISIC_9758444,0,0.008828988,held_fold
ISIC_9759505,0,0.002150197,held_fold
ISIC_9761658,0,0.0007578918,held_fold
ISIC_9765760,0,0.0004799922,held_fold
ISIC_9766574,0,0.0011765285,held_fold
ISIC_9767292,0,0.0010962893,held_fold
ISIC_9767883,0,0.013804872,held_fold
ISIC_9768834,0,0.013869217,held_fold
ISIC_9770536,0,0.0014273829,held_fold
ISIC_9770765,0,0.0011654261,held_fold
ISIC_9773002,0,0.0056119966,held_fold
ISIC_9776242,0,0.013355254,held_fold
ISIC_9778389,0,0.00024096912,held_fold
ISIC_9783456,0,0.0013863503,held_fold
ISIC_9785970,0,0.016609052,held_fold
ISIC_9787058,0,0.00079494325,held_fold
ISIC_9787633,0,0.002171065,held_fold
ISIC_9788591,0,0.0098489355,held_fold
ISIC_9788987,0,0.0063295276,held_fold
ISIC_9791586,0,0.0011204397,held_fold
ISIC_9794738,0,0.000682233,held_fold
ISIC_9795608,0,0.00777343,held_fold
ISIC_9796680,0,0.0008679339,held_fold
ISIC_9797914,0,0.0011090148,held_fold
ISIC_9800787,0,0.00049202173,held_fold
ISIC_9810276,0,0.05203579,held_fold
ISIC_9811939,0,0.0010440979,held_fold
ISIC_9812330,0,0.19142479,held_fold
ISIC_9816307,0,0.0009430261,held_fold
ISIC_9818733,0,0.012810934,held_fold
ISIC_9822350,0,0.013611811,held_fold
ISIC_9824129,0,0.0003168825,held_fold
ISIC_9825491,0,0.00033876474,held_fold
ISIC_9825604,0,0.012649516,held_fold
ISIC_9825836,0,0.00048373328,held_fold
ISIC_9826904,0,0.050235167,held_fold
ISIC_9829655,0,0.00023980299,held_fold
ISIC_9829667,0,0.021626139,held_fold
ISIC_9829781,0,0.02103874,held_fold
ISIC_9833462,0,0.00039006135,held_fold
ISIC_9834469,0,0.0048928643,held_fold
ISIC_9834664,0,0.00468943,held_fold
ISIC_9842000,0,0.019244093,held_fold
ISIC_9842269,0,0.00063086033,held_fold
ISIC_9847262,0,0.010705331,held_fold
ISIC_9847284,0,0.0013107181,held_fold
ISIC_9847972,0,0.0005034745,held_fold
ISIC_9851993,0,0.0034384732,held_fold
ISIC_9852341,0,0.00072283467,held_fold
ISIC_9854912,0,0.0035921514,held_fold
ISIC_9855719,0,0.10701551,held_fold
ISIC_9859594,0,0.020852342,held_fold
ISIC_9859708,0,0.00029972318,held_fold
ISIC_9860895,0,0.002278988,held_fold
ISIC_9863059,0,0.0006527319,held_fold
ISIC_9864416,0,0.00460039,held_fold
ISIC_9865814,0,0.0008881218,held_fold
ISIC_9866375,0,0.0020262317,held_fold
ISIC_9866767,0,0.0018582969,held_fold
ISIC_9869789,0,0.006133457,held_fold
ISIC_9871571,0,0.005731418,held_fold
ISIC_9877164,0,0.0043856273,held_fold
ISIC_9878424,0,0.0016267993,held_fold
ISIC_9879041,0,0.00053467683,held_fold
ISIC_9879347,0,0.0010085006,held_fold
ISIC_9880854,0,0.008006118,held_fold
ISIC_9883092,0,0.0026730911,held_fold
ISIC_9883380,0,0.002450015,held_fold
ISIC_9885210,0,0.028303593,held_fold
ISIC_9886540,0,0.041224968,held_fold
ISIC_9887282,0,0.00048863736,held_fold
ISIC_9888213,0,0.021607563,held_fold
ISIC_9889001,0,0.0015462422,held_fold
ISIC_9889470,0,0.0015870038,held_fold
ISIC_9889687,0,0.045226883,held_fold
ISIC_9892275,0,0.0072803637,held_fold
ISIC_9894283,0,0.00061437156,held_fold
ISIC_9899140,0,0.05669453,held_fold
ISIC_9899644,0,0.00036539682,held_fold
ISIC_9900623,0,0.004182701,held_fold
ISIC_9901871,0,0.0010835293,held_fold
ISIC_9907793,0,0.023415685,held_fold
ISIC_9907938,0,0.0002860506,held_fold
ISIC_9908982,0,0.015055451,held_fold
ISIC_9909173,0,0.001379833,held_fold
ISIC_9913091,0,0.0024781325,held_fold
ISIC_9915927,0,0.0003831725,held_fold
ISIC_9916907,0,0.0010759291,held_fold
ISIC_9919255,0,0.023961766,held_fold
ISIC_9919374,0,0.0009718136,held_fold
ISIC_9920161,0,0.0007764391,held_fold
ISIC_9921831,0,0.0005924564,held_fold
ISIC_9926111,0,0.019055761,held_fold
ISIC_9927490,0,0.020574993,held_fold
ISIC_9928774,0,0.0025828395,held_fold
ISIC_9929556,0,0.00030956426,held_fold
ISIC_9932789,0,0.043652207,held_fold
ISIC_9933119,0,0.000398705,held_fold
ISIC_9934553,0,0.014316022,held_fold
ISIC_9936188,0,0.019989762,held_fold
ISIC_9939963,0,0.0006247835,held_fold
ISIC_9942347,0,0.12760773,held_fold
ISIC_9943579,0,0.013047229,held_fold
ISIC_9944803,0,0.0012553153,held_fold
ISIC_9945083,0,0.006089762,held_fold
ISIC_9946557,0,0.0017704918,held_fold
ISIC_9946910,0,0.000607737,held_fold
ISIC_9948815,0,0.00024411152,held_fold
ISIC_9954582,0,0.00026408597,held_fold
ISIC_9955092,0,0.0020284478,held_fold
ISIC_9956957,0,0.005790705,held_fold
ISIC_9960855,0,0.007157087,held_fold
ISIC_9962720,0,0.034583766,held_fold
ISIC_9963177,1,0.0019113517,held_fold
ISIC_9971202,0,0.007903405,held_fold
ISIC_9973015,0,0.0009994998,held_fold
ISIC_9973459,0,0.007482727,held_fold
ISIC_9974860,0,0.0023958897,held_fold
ISIC_9975260,0,0.07408393,held_fold
ISIC_9975974,0,0.069595665,held_fold
ISIC_9978498,0,0.008189916,held_fold
ISIC_9979438,0,0.00024926983,held_fold
ISIC_9980068,0,0.0004987008,held_fold
ISIC_9981394,0,0.009066044,held_fold
ISIC_9981925,0,0.057685506,held_fold
ISIC_9982953,0,0.0070281792,held_fold
ISIC_9985141,0,0.001454177,held_fold
ISIC_9991451,0,0.023572769,held_fold
ISIC_9995837,0,0.005151579,held_fold
ISIC_9998152,0,0.0004788716,held_fold
ISIC_9998682,1,0.02158901,held_fold
