image_name,target,prob,split
ISIC_0074311,0,0.00022511717,inner_val
ISIC_0076545,0,0.033899948,inner_val
ISIC_0076742,0,0.0023862885,inner_val
ISIC_0081956,0,0.0014266525,inner_val
ISIC_0082348,0,0.0015689095,inner_val
ISIC_0085718,0,0.00045747904,inner_val
ISIC_0087290,0,0.00014416855,inner_val
ISIC_0087297,0,0.0014823751,inner_val
ISIC_0089401,0,0.0006331245,inner_val
ISIC_0089738,0,0.036911033,inner_val
ISIC_0094775,0,0.00062989455,inner_val
ISIC_0096201,0,0.043632306,inner_val
ISIC_0096227,0,0.00012659174,inner_val
ISIC_0106091,0,0.0015109982,inner_val
ISIC_0125706,0,0.022917842,inner_val
ISIC_0147817,0,0.0006056213,inner_val
ISIC_0153589,0,0.007986555,inner_val
ISIC_0163463,0,0.0023053105,inner_val
ISIC_0165903,0,0.00064056786,inner_val
ISIC_0166988,0,0.024156606,inner_val
ISIC_0170101,0,0.008067156,inner_val
ISIC_0170583,0,0.0109703485,inner_val
ISIC_0170960,0,0.0062283217,inner_val
ISIC_0172865,0,0.0026615632,inner_val
ISIC_0175486,0,0.00016937214,inner_val
ISIC_0176781,0,0.0028077757,inner_val
ISIC_0180510,0,0.0047648726,inner_val
ISIC_0181059,0,0.0016637009,inner_val
ISIC_0181678,0,0.008137107,inner_val
ISIC_0183290,0,0.005375787,inner_val
ISIC_0186161,0,0.09724672,inner_val
ISIC_0186437,0,0.0003119974,inner_val
ISIC_0186820,0,0.05726121,inner_val
ISIC_0189336,0,0.00027531377,inner_val
ISIC_0192596,0,0.00017451888,inner_val
ISIC_0192701,0,0.00021916354,inner_val
ISIC_0195699,0,0.00014542081,inner_val
ISIC_0195972,0,0.00717484,inner_val
ISIC_0196559,0,0.0021425989,inner_val
ISIC_0196945,0,0.0017267007,inner_val
ISIC_0198861,0,0.0047626053,inner_val
ISIC_0200174,0,0.00066434534,inner_val
ISIC_0200611,0,0.060193356,inner_val
ISIC_0205127,0,0.0021077944,inner_val
ISIC_0205926,0,0.009788335,inner_val
ISIC_0207341,0,0.0012562536,inner_val
ISIC_0207349,0,0.0030313823,inner_val
ISIC_0210282,0,0.002517648,inner_val
ISIC_0214037,0,0.018044136,inner_val
ISIC_0216689,0,0.20608683,inner_val
ISIC_0217057,0,0.0010839156,inner_val
ISIC_0217111,0,0.0020324267,inner_val
ISIC_0221351,0,0.013345819,inner_val
ISIC_0222117,0,0.028391223,inner_val
ISIC_0226137,0,0.017874746,inner_val
ISIC_0228497,0,0.00025303377,inner_val
ISIC_0228718,0,0.0005123568,inner_val
ISIC_0230332,0,0.0557304,inner_val
ISIC_0231828,0,0.00034648657,inner_val
ISIC_0234894,0,0.0026770297,inner_val
ISIC_0237636,0,0.061752733,inner_val
ISIC_0238570,0,0.0044951886,inner_val
ISIC_0240365,0,0.00028226004,inner_val
ISIC_0240778,0,0.0769332,inner_val
ISIC_0242433,0,0.015575655,inner_val
ISIC_0242646,0,0.0015325382,inner_val
ISIC_0243235,0,0.08198123,inner_val
ISIC_0244197,0,0.00051102915,inner_val
ISIC_0247541,0,0.00015391363,inner_val
ISIC_0248114,0,0.04985628,inner_val
ISIC_0249269,0,0.0010891919,inner_val
ISIC_0250455,0,0.034851473,inner_val
ISIC_0255796,0,0.0040173195,inner_val
ISIC_0257447,0,0.00311424,inner_val
ISIC_0261781,0,0.0009504854,inner_val
ISIC_0263522,0,0.0016361341,inner_val
ISIC_0270101,0,0.0008607927,inner_val
ISIC_0271922,0,0.020241013,inner_val
ISIC_0274625,0,0.010501902,inner_val
ISIC_0275693,0,0.23904338,inner_val
ISIC_0277727,0,0.009130451,inner_val
ISIC_0278346,0,0.002908347,inner_val
ISIC_0280208,0,0.0051287995,inner_val
ISIC_0280943,0,0.029946063,inner_val
ISIC_0282166,0,0.016538816,inner_val
ISIC_0282321,0,0.0044694385,inner_val
ISIC_0282681,0,0.0072421823,inner_val
ISIC_0284664,0,0.007764304,inner_val
ISIC_0285095,0,0.009129833,inner_val
ISIC_0287784,0,0.0005239709,inner_val
ISIC_0290785,0,0.039855212,inner_val
ISIC_0290881,0,0.06344008,inner_val
ISIC_0294733,0,0.003033193,inner_val
ISIC_0294910,0,0.0008261659,inner_val
ISIC_0295104,0,0.00050473586,inner_val
ISIC_0295178,0,0.0027018443,inner_val
ISIC_0296109,0,0.004714922,inner_val
ISIC_0297558,0,0.00047527562,inner_val
ISIC_0297795,0,0.010523523,inner_val
ISIC_0299504,0,0.01148384,inner_val
ISIC_0301931,0,0.08566083,inner_val
ISIC_0304019,0,0.010571581,inner_val
ISIC_0304649,0,0.00013756371,inner_val
ISIC_0307909,0,0.0070772697,inner_val
ISIC_0308888,0,0.025541373,inner_val
ISIC_0309642,0,0.07046284,inner_val
ISIC_0309912,0,0.004288835,inner_val
ISIC_0311783,0,0.01505472,inner_val
ISIC_0313507,0,0.0034166863,inner_val
ISIC_0313653,0,0.0026952915,inner_val
ISIC_0313924,0,0.0018367734,inner_val
ISIC_0316656,0,0.01641701,inner_val
ISIC_0316933,0,0.008233897,inner_val
ISIC_0320227,0,0.0044355355,inner_val
ISIC_0322637,0,0.00037563834,inner_val
ISIC_0323792,0,0.0015725857,inner_val
ISIC_0325664,0,0.06499928,inner_val
ISIC_0327225,0,0.0009788213,inner_val
ISIC_0327406,1,0.060057357,inner_val
ISIC_0329458,0,0.0012935515,inner_val
ISIC_0332865,0,0.00060771004,inner_val
ISIC_0333736,0,0.00022965818,inner_val
ISIC_0337921,0,0.010578606,inner_val
ISIC_0339099,0,0.0005936224,inner_val
ISIC_0339930,0,0.0009694392,inner_val
ISIC_0342869,0,0.00024304951,inner_val
ISIC_0345845,0,0.0066722105,inner_val
ISIC_0347795,0,0.03615551,inner_val
ISIC_0347984,0,0.039810695,inner_val
ISIC_0349484,0,0.008275968,inner_val
ISIC_0354635,0,0.00022945966,inner_val
ISIC_0357525,0,0.0003992072,inner_val
ISIC_0361914,0,0.00029017965,inner_val
ISIC_0362853,0,0.025725788,inner_val
ISIC_0363161,0,0.036574785,inner_val
ISIC_0363251,0,0.00077639474,inner_val
ISIC_0364641,0,0.00074819085,inner_val
ISIC_0367913,0,0.055287164,inner_val
ISIC_0369831,1,0.24767578,inner_val
ISIC_0371038,0,0.00030817674,inner_val
ISIC_0372318,0,0.0010239542,inner_val
ISIC_0377184,0,0.0042998106,inner_val
ISIC_0377420,0,0.003499349,inner_val
ISIC_0378399,0,0.103969485,inner_val
ISIC_0379931,0,0.0006358945,inner_val
ISIC_0380622,0,0.015527538,inner_val
ISIC_0381051,0,0.08564628,inner_val
ISIC_0383524,0,0.0027312175,inner_val
ISIC_0383804,0,0.07764664,inner_val
ISIC_0384407,0,0.00032085544,inner_val
ISIC_0401401,0,0.003125162,inner_val
ISIC_0402533,0,0.035361007,inner_val
ISIC_0402674,0,0.001106164,inner_val
ISIC_0404568,0,0.0053321444,inner_val
ISIC_0404809,0,0.013305188,inner_val
ISIC_0404840,0,0.09488385,inner_val
ISIC_0409172,0,0.2122706,inner_val
ISIC_0410165,0,0.0008100936,inner_val
ISIC_0420249,0,0.0034200228,inner_val
ISIC_0420381,0,0.020198159,inner_val
ISIC_0420477,0,0.06274508,inner_val
ISIC_0420624,0,0.0035284092,inner_val
ISIC_0421558,0,0.0029071607,inner_val
ISIC_0428383,0,0.00050756545,inner_val
ISIC_0429932,0,0.12186899,inner_val
ISIC_0432484,0,0.0036353336,inner_val
ISIC_0433142,0,0.049367994,inner_val
ISIC_0436161,0,0.021458287,inner_val
ISIC_0442425,0,0.018138686,inner_val
ISIC_0445189,0,0.008905641,inner_val
ISIC_0448050,0,0.0035429313,inner_val
ISIC_0450295,0,0.010760964,inner_val
ISIC_0452379,0,0.0012612988,inner_val
ISIC_0454594,0,0.0026560728,inner_val
ISIC_0456090,0,0.032937158,inner_val
ISIC_0460240,0,0.0003337344,inner_val
ISIC_0460608,0,0.00043334987,inner_val
ISIC_0460815,0,0.0039697667,inner_val
ISIC_0461128,0,0.041836884,inner_val
ISIC_0461706,0,0.034406025,inner_val
ISIC_0463755,0,0.04084067,inner_val
ISIC_0465938,0,0.0678044,inner_val
ISIC_0468433,0,0.000985888,inner_val
ISIC_0470210,0,0.016313255,inner_val
ISIC_0470224,0,0.22818777,inner_val
ISIC_0474481,0,0.0018608592,inner_val
ISIC_0474975,0,0.001130927,inner_val
ISIC_0477898,0,0.012190187,inner_val
ISIC_0481453,0,0.010909076,inner_val
ISIC_0483872,0,0.0010335058,inner_val
ISIC_0484171,0,0.0065302844,inner_val
ISIC_0485417,0,0.060205247,inner_val
ISIC_0488192,0,0.0019522643,inner_val
ISIC_0489611,0,0.001697732,inner_val
ISIC_0496209,0,0.004666343,inner_val
ISIC_0498374,0,0.00020092254,inner_val
ISIC_0499971,0,0.02633414,inner_val
ISIC_0501506,0,0.0020212163,inner_val
ISIC_0504868,0,0.0034874638,inner_val
ISIC_0506901,0,0.04689312,inner_val
ISIC_0507787,0,0.005082315,inner_val
ISIC_0508284,0,0.00072467065,inner_val
ISIC_0515794,0,0.004113555,inner_val
ISIC_0517121,0,0.019570401,inner_val
ISIC_0518352,0,0.0010729961,inner_val
ISIC_0520584,0,0.019581323,inner_val
ISIC_0523031,0,0.055877592,inner_val
ISIC_0523251,0,0.0030819294,inner_val
ISIC_0525318,0,0.0035569512,inner_val
ISIC_0525554,0,0.014753711,inner_val
ISIC_0526861,0,0.012457012,inner_val
ISIC_0528044,1,0.19393425,inner_val
ISIC_0528380,0,0.013560057,inner_val
ISIC_0528495,0,0.03792366,inner_val
ISIC_0533986,0,0.005834919,inner_val
ISIC_0534191,0,0.0740247,inner_val
ISIC_0535416,0,0.004728903,inner_val
ISIC_0535843,0,0.0052669193,inner_val
ISIC_0536321,0,0.00055669475,inner_val
ISIC_0536454,0,0.021656377,inner_val
ISIC_0536865,0,0.0006711243,inner_val
ISIC_0539604,0,0.002282118,inner_val
ISIC_0542222,0,0.0072259223,inner_val
ISIC_0543351,0,0.010920731,inner_val
ISIC_0549531,0,0.030186618,inner_val
ISIC_0550051,0,0.09857086,inner_val
ISIC_0550406,0,0.011995997,inner_val
ISIC_0551684,0,0.10768653,inner_val
ISIC_0553164,0,0.00024498822,inner_val
ISIC_0553509,0,0.01832879,inner_val
ISIC_0555529,0,0.00921249,inner_val
ISIC_0560916,0,0.0009886982,inner_val
ISIC_0561873,0,0.014695374,inner_val
ISIC_0565120,0,0.00020510584,inner_val
ISIC_0566527,0,0.006894768,inner_val
ISIC_0569360,0,0.05143184,inner_val
ISIC_0570690,0,0.00070898054,inner_val
ISIC_0573518,0,0.021093385,inner_val
ISIC_0573656,0,0.0070131295,inner_val
ISIC_0573934,0,0.0054720477,inner_val
ISIC_0574925,0,0.007814798,inner_val
ISIC_0580054,0,0.00014374714,inner_val
ISIC_0583827,0,0.0019855609,inner_val
ISIC_0584978,0,0.00081864395,inner_val
ISIC_0586396,0,0.06580401,inner_val
ISIC_0589461,0,0.090029925,inner_val
ISIC_0591097,0,0.13369443,inner_val
ISIC_0595080,0,0.0021890355,inner_val
ISIC_0596607,0,0.0036917285,inner_val
ISIC_0602494,0,0.0002803117,inner_val
ISIC_0602889,0,0.005314998,inner_val
ISIC_0605128,0,0.0067555746,inner_val
ISIC_0605180,0,0.007329798,inner_val
ISIC_0606583,0,0.0010223015,inner_val
ISIC_0608613,0,0.050152496,inner_val
ISIC_0610477,0,0.0013228455,inner_val
ISIC_0610849,0,0.0059639486,inner_val
ISIC_0612291,0,0.0005533108,inner_val
ISIC_0615782,0,0.19743006,inner_val
ISIC_0616348,0,0.0021248935,inner_val
ISIC_0625629,0,0.0053184344,inner_val
ISIC_0633259,0,0.0005721328,inner_val
ISIC_0634028,0,0.006439933,inner_val
ISIC_0641330,0,0.015468679,inner_val
ISIC_0644590,0,0.03980283,inner_val
ISIC_0644970,0,0.0004018889,inner_val
ISIC_0645462,0,0.005360229,inner_val
ISIC_0645777,0,0.0059588454,inner_val
ISIC_0650126,0,0.0013432334,inner_val
ISIC_0650784,0,0.02282113,inner_val
ISIC_0651166,0,0.00024981968,inner_val
ISIC_0662911,0,0.038825978,inner_val
ISIC_0663631,0,0.0011351656,inner_val
ISIC_0668165,0,0.00033064064,inner_val
ISIC_0674629,0,0.00023500269,inner_val
ISIC_0676126,0,0.018240806,inner_val
ISIC_0680023,0,0.005479932,inner_val
ISIC_0682403,0,0.016479231,inner_val
ISIC_0683389,0,0.0011201516,inner_val
ISIC_0684995,0,0.012800981,inner_val
ISIC_0687455,0,0.009707715,inner_val
ISIC_0687593,0,0.005188627,inner_val
ISIC_0687788,0,0.011303768,inner_val
ISIC_0688622,0,0.014214071,inner_val
ISIC_0689091,0,0.01804042,inner_val
ISIC_0690822,0,0.00032709495,inner_val
ISIC_0694037,0,0.0691025,inner_val
ISIC_0694381,0,0.0004429076,inner_val
ISIC_0694559,0,0.0039749914,inner_val
ISIC_0696027,0,0.00024136741,inner_val
ISIC_0696408,0,0.011113468,inner_val
ISIC_0697138,0,0.027384553,inner_val
ISIC_0699098,0,0.010773168,inner_val
ISIC_0704859,0,0.014824265,inner_val
ISIC_0705641,0,0.01700332,inner_val
ISIC_0707619,0,0.028291065,inner_val
ISIC_0707824,0,0.0058327396,inner_val
ISIC_0716858,0,0.11555364,inner_val
ISIC_0720013,0,0.00065532303,inner_val
ISIC_0720915,0,0.00090991176,inner_val
ISIC_0723780,0,0.0017155658,inner_val
ISIC_0728868,0,0.00042735922,inner_val
ISIC_0732636,0,0.05042497,inner_val
ISIC_0740001,0,0.0047092573,inner_val
ISIC_0740449,0,0.00011620721,inner_val
ISIC_0748377,0,0.034951337,inner_val
ISIC_0750683,0,0.14765622,inner_val
ISIC_0753250,0,0.002616806,inner_val
ISIC_0754049,0,0.00014530563,inner_val
ISIC_0754789,0,0.046004407,inner_val
ISIC_0755778,0,0.00072992506,inner_val
ISIC_0758729,0,0.0020641761,inner_val
ISIC_0759561,0,0.010757872,inner_val
ISIC_0759612,0,0.0027290469,inner_val
ISIC_0760892,0,0.022547211,inner_val
ISIC_0761158,0,0.015986897,inner_val
ISIC_0765397,0,0.000694106,inner_val
ISIC_0766328,0,0.0040984657,inner_val
ISIC_0767028,0,0.002340197,inner_val
ISIC_0769159,0,0.0018235779,inner_val
ISIC_0770772,0,0.002071839,inner_val
ISIC_0773096,0,0.007836212,inner_val
ISIC_0773907,0,0.0006486789,inner_val
ISIC_0786366,0,0.0012877593,inner_val
ISIC_0786913,0,0.0045688977,inner_val
ISIC_0787851,0,0.057836782,inner_val
ISIC_0790942,0,0.0044614957,inner_val
ISIC_0792879,0,0.0025600123,inner_val
ISIC_0795514,0,0.0018292965,inner_val
ISIC_0796345,0,0.0014429332,inner_val
ISIC_0798355,0,0.008151513,inner_val
ISIC_0803154,0,0.0022573671,inner_val
ISIC_0803667,0,0.010032729,inner_val
ISIC_0803691,0,0.0071945367,inner_val
ISIC_0804420,0,0.0022040682,inner_val
ISIC_0808309,0,0.019498734,inner_val
ISIC_0809112,0,0.052754946,inner_val
ISIC_0812959,0,0.017994972,inner_val
ISIC_0813485,0,0.0032340488,inner_val
ISIC_0814097,0,0.008487947,inner_val
ISIC_0817172,0,0.038793996,inner_val
ISIC_0819357,0,0.02163304,inner_val
ISIC_0822842,0,0.0043360633,inner_val
ISIC_0826710,0,0.016055347,inner_val
ISIC_0826998,0,0.045537814,inner_val
ISIC_0828310,0,0.032615785,inner_val
ISIC_0833889,1,0.009447725,inner_val
ISIC_0839323,0,0.17302023,inner_val
ISIC_0839367,0,0.02096523,inner_val
ISIC_0840730,0,0.0047615836,inner_val
ISIC_0842999,0,0.00994149,inner_val
ISIC_0845275,0,0.002395615,inner_val
ISIC_0848126,0,0.18571493,inner_val
ISIC_0850065,0,0.0044488353,inner_val
ISIC_0853280,0,0.008561568,inner_val
ISIC_0854727,0,0.0020913512,inner_val
ISIC_0856856,0,0.0014750543,inner_val
ISIC_0857978,0,0.11118629,inner_val
ISIC_0860320,0,0.0026666769,inner_val
ISIC_0860622,0,0.0006517066,inner_val
ISIC_0861066,0,0.06962368,inner_val
ISIC_0861322,0,0.00108231,inner_val
ISIC_0862797,0,0.0047087837,inner_val
ISIC_0863691,0,0.0019610324,inner_val
ISIC_0865443,0,0.0003516228,inner_val
ISIC_0869231,0,0.0064832214,inner_val
ISIC_0871035,0,0.022213344,inner_val
ISIC_0871853,0,0.00061187224,inner_val
ISIC_0875971,0,0.0050807935,inner_val
ISIC_0879635,0,0.10665356,inner_val
ISIC_0880061,0,0.0013286992,inner_val
ISIC_0880095,0,0.0052572377,inner_val
ISIC_0885785,0,0.00097064255,inner_val
ISIC_0886519,0,0.00031989758,inner_val
ISIC_0889483,0,0.027278857,inner_val
ISIC_0889988,0,0.13988867,inner_val
ISIC_0893996,0,0.002095227,inner_val
ISIC_0900210,0,0.0013807332,inner_val
ISIC_0900216,0,0.026510557,inner_val
ISIC_0900349,0,0.0015573952,inner_val
ISIC_0901864,0,0.0005006424,inner_val
ISIC_0904712,0,0.07477004,inner_val
ISIC_0906613,0,0.003787715,inner_val
ISIC_0911989,0,0.0003606526,inner_val
ISIC_0915311,0,0.0016933219,inner_val
ISIC_0918078,0,0.0004229469,inner_val
ISIC_0924427,1,0.07968714,inner_val
ISIC_0927854,0,0.0060180314,inner_val
ISIC_0928581,0,0.004108226,inner_val
ISIC_0930135,0,0.0006283242,inner_val
ISIC_0931218,0,0.00012337434,inner_val
ISIC_0934367,0,0.00017409588,inner_val
ISIC_0935859,0,0.0010506936,inner_val
ISIC_0939558,0,0.00037805396,inner_val
ISIC_0941302,0,0.0014383675,inner_val
ISIC_0942056,0,0.004774359,inner_val
ISIC_0943089,0,0.0017731822,inner_val
ISIC_0945844,0,0.0026574908,inner_val
ISIC_0947525,0,0.042510554,inner_val
ISIC_0951915,0,0.020326361,inner_val
ISIC_0952665,0,0.0060777464,inner_val
ISIC_0953709,0,0.13563067,inner_val
ISIC_0956562,0,0.0009528973,inner_val
ISIC_0960088,0,0.0010088676,inner_val
ISIC_0965652,0,0.009241457,inner_val
ISIC_0970616,0,0.021712733,inner_val
ISIC_0973856,0,0.0081542665,inner_val
ISIC_0981775,0,0.006853696,inner_val
ISIC_0984825,0,0.0011863783,inner_val
ISIC_0987749,0,0.0022156844,inner_val
ISIC_0987830,0,0.00027819508,inner_val
ISIC_0988712,0,0.002009572,inner_val
ISIC_0990942,0,0.02355661,inner_val
ISIC_0996501,0,0.0651227,inner_val
ISIC_1000648,0,0.00057716266,inner_val
ISIC_1001477,0,0.03400461,inner_val
ISIC_1005038,0,0.0013653414,inner_val
ISIC_1005544,0,0.004761866,inner_val
ISIC_1007838,0,0.034576822,inner_val
ISIC_1010525,0,0.00020624325,inner_val
ISIC_1013796,0,0.0010133055,inner_val
ISIC_1015191,0,0.0015333463,inner_val
ISIC_1020208,0,0.0033192872,inner_val
ISIC_1020369,0,0.0020269773,inner_val
ISIC_1020405,0,0.0004559876,inner_val
ISIC_1023010,0,0.04103157,inner_val
ISIC_1023339,0,0.005950003,inner_val
ISIC_1023810,0,0.0033961637,inner_val
ISIC_1026770,0,0.00022295075,inner_val
ISIC_1027512,0,0.0029274581,inner_val
ISIC_1028550,0,0.0024352495,inner_val
ISIC_1029700,0,0.0018177511,inner_val
ISIC_1034397,0,0.06480381,inner_val
ISIC_1034411,0,0.021485634,inner_val
ISIC_1037947,0,0.00096722227,inner_val
ISIC_1040841,0,0.00039553296,inner_val
ISIC_1044758,0,0.00031582598,inner_val
ISIC_1045252,0,0.007708059,inner_val
ISIC_1051595,0,0.0033335448,inner_val
ISIC_1052148,0,0.006563335,inner_val
ISIC_1052782,0,0.0155959185,inner_val
ISIC_1058326,0,0.0011116443,inner_val
ISIC_1071458,0,0.0037358014,inner_val
ISIC_1074629,0,0.013858232,inner_val
ISIC_1075605,0,0.004565758,inner_val
ISIC_1076339,0,0.0007099643,inner_val
ISIC_1078854,0,0.00055474474,inner_val
ISIC_1081510,0,0.0005427248,inner_val
ISIC_1083681,0,0.0014085082,inner_val
ISIC_1089746,0,0.0064195446,inner_val
ISIC_1090562,0,0.008159563,inner_val
ISIC_1093647,0,0.0017613195,inner_val
ISIC_1093722,0,0.069480635,inner_val
ISIC_1101667,0,0.039204255,inner_val
ISIC_1103365,0,0.008059014,inner_val
ISIC_1104762,0,0.0006208435,inner_val
ISIC_1105059,0,0.015188722,inner_val
ISIC_1106860,0,0.012330675,inner_val
ISIC_1110949,0,0.0061775283,inner_val
ISIC_1111173,0,0.0016201115,inner_val
ISIC_1111313,0,0.0009274185,inner_val
ISIC_1113271,0,0.040690485,inner_val
ISIC_1113490,1,0.008309886,inner_val
ISIC_1116037,0,0.0064496635,inner_val
ISIC_1117214,0,0.07029481,inner_val
ISIC_1117369,0,0.005158725,inner_val
ISIC_1120654,0,0.008634573,inner_val
ISIC_1121740,0,0.010136988,inner_val
ISIC_1127430,0,0.047799055,inner_val
ISIC_1127653,0,0.0014971151,inner_val
ISIC_1128371,0,0.013180501,inner_val
ISIC_1137178,0,0.0060871937,inner_val
ISIC_1138232,0,0.0008798967,inner_val
ISIC_1140410,0,0.0056109377,inner_val
ISIC_1145706,0,0.0012190731,inner_val
ISIC_1146341,0,0.0038200007,inner_val
ISIC_1147733,0,0.00045304984,inner_val
ISIC_1149469,0,0.032350887,inner_val
ISIC_1151929,0,0.018883778,inner_val
ISIC_1152559,0,0.0044505657,inner_val
ISIC_1152648,0,0.00048542483,inner_val
ISIC_1157007,0,0.0045114434,inner_val
ISIC_1157790,0,0.061105955,inner_val
ISIC_1163258,0,0.00069133786,inner_val
ISIC_1163426,0,0.054809105,inner_val
ISIC_1166446,0,0.0074597043,inner_val
ISIC_1169095,0,0.00016897984,inner_val
ISIC_1176575,0,0.0013273219,inner_val
ISIC_1176987,0,0.03518035,inner_val
ISIC_1179160,0,0.001205971,inner_val
ISIC_1192974,0,0.0009968816,inner_val
ISIC_1194836,0,0.0022201426,inner_val
ISIC_1196660,0,0.08370353,inner_val
ISIC_1197692,0,0.17112193,inner_val
ISIC_1198405,0,0.00060039415,inner_val
ISIC_1201523,0,0.005824674,inner_val
ISIC_1201873,0,0.00092355895,inner_val
ISIC_1207789,0,0.007431932,inner_val
ISIC_1211024,0,0.07432852,inner_val
ISIC_1215482,0,0.00044527723,inner_val
ISIC_1218358,0,0.013690869,inner_val
ISIC_1219894,0,0.07570265,inner_val
ISIC_1221691,0,0.00034221495,inner_val
ISIC_1222640,0,0.0009371231,inner_val
ISIC_1225412,0,0.00025671846,inner_val
ISIC_1228927,0,0.031028518,inner_val
ISIC_1233389,0,0.0005985433,inner_val
ISIC_1237271,0,0.00057885674,inner_val
ISIC_1237500,0,0.004223213,inner_val
ISIC_1239373,0,0.00024756216,inner_val
ISIC_1239785,0,0.0011086405,inner_val
ISIC_1241304,0,0.0006754124,inner_val
ISIC_1241645,0,0.0012006926,inner_val
ISIC_1241817,1,0.036758836,inner_val
ISIC_1247037,0,0.00043363005,inner_val
ISIC_1247284,0,0.0005775377,inner_val
ISIC_1248275,0,0.020161534,inner_val
ISIC_1256143,0,0.007262204,inner_val
ISIC_1258986,0,0.011021894,inner_val
ISIC_1260515,0,0.11744882,inner_val
ISIC_1268027,0,0.00020713797,inner_val
ISIC_1272071,0,0.01160319,inner_val
ISIC_1272768,0,0.00039252854,inner_val
ISIC_1274220,0,0.02691434,inner_val
ISIC_1280112,0,0.002043951,inner_val
ISIC_1280780,0,0.0035941165,inner_val
ISIC_1282063,0,0.00464002,inner_val
ISIC_1285870,0,0.0015184481,inner_val
ISIC_1286298,0,0.11644379,inner_val
ISIC_1287495,0,0.0023170444,inner_val
ISIC_1289608,0,0.00047457303,inner_val
ISIC_1290920,0,0.011118416,inner_val
ISIC_1296817,0,0.002455984,inner_val
ISIC_1304291,0,0.003752958,inner_val
ISIC_1306020,0,0.0008191117,inner_val
ISIC_1306050,0,0.027581543,inner_val
ISIC_1307651,0,0.0014431621,inner_val
ISIC_1308081,0,0.0019553644,inner_val
ISIC_1308938,0,0.0020153432,inner_val
ISIC_1323471,0,0.00048574834,inner_val
ISIC_1324618,0,0.00038636054,inner_val
ISIC_1328868,0,0.09945348,inner_val
ISIC_1346562,0,0.029768538,inner_val
ISIC_1348050,0,0.00046052338,inner_val
ISIC_1349042,0,0.054937758,inner_val
ISIC_1349213,0,0.10172781,inner_val
ISIC_1349353,0,0.0015689873,inner_val
ISIC_1351965,0,0.0039285477,inner_val
ISIC_1353094,0,0.003754463,inner_val
ISIC_1353530,0,0.0028150587,inner_val
ISIC_1353668,0,0.017159723,inner_val
ISIC_1355890,0,0.1475846,inner_val
ISIC_1359533,0,0.003562304,inner_val
ISIC_1361124,0,0.16788095,inner_val
ISIC_1362234,0,0.017861675,inner_val
ISIC_1367387,0,0.0053737527,inner_val
ISIC_1368367,0,0.04390856,inner_val
ISIC_1368549,0,0.0011485897,inner_val
ISIC_1373573,0,0.015627885,inner_val
ISIC_1383347,0,0.034663606,inner_val
ISIC_1386612,0,0.04368066,inner_val
ISIC_1388650,0,0.0030185892,inner_val
ISIC_1393528,0,0.0013504609,inner_val
ISIC_1393849,0,0.0002806152,inner_val
ISIC_1394746,0,0.00033325495,inner_val
ISIC_1397669,0,0.021603316,inner_val
ISIC_1400825,0,0.005355294,inner_val
ISIC_1401396,0,0.00018032864,inner_val
ISIC_1402407,0,0.007739972,inner_val
ISIC_1402840,0,0.0015098656,inner_val
ISIC_1414751,0,0.021410923,inner_val
ISIC_1414967,0,0.0060410597,inner_val
ISIC_1425961,0,0.017366948,inner_val
ISIC_1426781,0,0.0377647,inner_val
ISIC_1428473,0,0.15328328,inner_val
ISIC_1429608,0,0.0011426362,inner_val
ISIC_1433921,0,0.06415495,inner_val
ISIC_1435946,0,0.0027748896,inner_val
ISIC_1437974,0,0.028356504,inner_val
ISIC_1438269,0,0.0007217856,inner_val
ISIC_1440985,1,0.020591917,inner_val
ISIC_1441260,0,0.003337562,inner_val
ISIC_1443134,0,0.020799156,inner_val
ISIC_1445790,0,0.00013621949,inner_val
ISIC_1451530,0,0.00025253152,inner_val
ISIC_1452314,0,0.001318825,inner_val
ISIC_1452626,0,0.0001605048,inner_val
ISIC_1453787,0,0.0051902765,inner_val
ISIC_1454004,0,0.00055644545,inner_val
ISIC_1456390,0,0.0022156823,inner_val
ISIC_1457687,0,0.029196182,inner_val
ISIC_1467006,0,0.002015649,inner_val
ISIC_1467289,0,0.027212244,inner_val
ISIC_1467430,0,0.0014433475,inner_val
ISIC_1470271,0,0.0024297382,inner_val
ISIC_1476281,0,0.0034642052,inner_val
ISIC_1477076,0,0.00011854333,inner_val
ISIC_1477615,0,0.0019846654,inner_val
ISIC_1479183,0,0.028531902,inner_val
ISIC_1480119,0,0.062209312,inner_val
ISIC_1481965,0,0.00082623365,inner_val
ISIC_1483503,0,0.0023201022,inner_val
ISIC_1487510,0,0.004787497,inner_val
ISIC_1487856,0,0.03876885,inner_val
ISIC_1488047,0,0.0042601014,inner_val
ISIC_1488727,0,0.0002698455,inner_val
ISIC_1496194,0,0.0012927313,inner_val
ISIC_1497121,0,0.0059017483,inner_val
ISIC_1501483,0,0.0074968557,inner_val
ISIC_1502460,0,0.015363978,inner_val
ISIC_1504257,0,0.00019947601,inner_val
ISIC_1505069,0,0.0036861205,inner_val
ISIC_1507583,0,0.0019369888,inner_val
ISIC_1508162,0,0.02745519,inner_val
ISIC_1509056,0,0.002680365,inner_val
ISIC_1509417,0,0.013501394,inner_val
ISIC_1509635,0,0.0034149366,inner_val
ISIC_1511109,0,0.014235548,inner_val
ISIC_1511613,0,0.048291147,inner_val
ISIC_1511661,0,0.025019769,inner_val
ISIC_1515413,0,0.0014520542,inner_val
ISIC_1517730,0,0.0007125567,inner_val
ISIC_1519429,0,0.0012918365,inner_val
ISIC_1519698,0,0.0031540706,inner_val
ISIC_1533383,0,0.0004594112,inner_val
ISIC_1536177,0,0.010770033,inner_val
ISIC_1537939,0,0.018539865,inner_val
ISIC_1537958,0,0.00091892475,inner_val
ISIC_1543544,0,0.0015030797,inner_val
ISIC_1545213,0,0.018826276,inner_val
ISIC_1546149,0,0.0027346276,inner_val
ISIC_1546958,0,0.0054138713,inner_val
ISIC_1549005,0,0.0021903994,inner_val
ISIC_1557225,0,0.0062176352,inner_val
ISIC_1561068,0,0.018242942,inner_val
ISIC_1566931,0,0.0028174368,inner_val
ISIC_1568268,0,0.016767329,inner_val
ISIC_1569775,0,0.0001597225,inner_val
ISIC_1571860,0,0.00045980027,inner_val
ISIC_1574020,0,0.00060264015,inner_val
ISIC_1576437,0,0.0134616755,inner_val
ISIC_1578507,0,0.018231645,inner_val
ISIC_1579745,0,0.0076315966,inner_val
ISIC_1580034,0,0.0005170144,inner_val
ISIC_1583201,0,0.004205701,inner_val
ISIC_1584693,0,0.010844263,inner_val
ISIC_1584861,0,0.005783708,inner_val
ISIC_1585370,0,0.0004415281,inner_val
ISIC_1590814,0,0.0003941457,inner_val
ISIC_1591010,0,0.00984345,inner_val
ISIC_1595496,0,0.000260829,inner_val
ISIC_1597566,0,0.09687591,inner_val
ISIC_1598039,0,0.00056142523,inner_val
ISIC_1600554,0,0.00015737713,inner_val
ISIC_1604307,0,0.0018829214,inner_val
ISIC_1611703,0,0.0003311318,inner_val
ISIC_1612236,0,0.019249747,inner_val
ISIC_1613328,0,0.00023667564,inner_val
ISIC_1617888,0,0.0012137954,inner_val
ISIC_1618302,0,0.064573,inner_val
ISIC_1621479,0,0.0024257563,inner_val
ISIC_1621961,0,0.0012228779,inner_val
ISIC_1624520,0,0.059275005,inner_val
ISIC_1626359,0,0.00028916722,inner_val
ISIC_1627111,0,0.003006519,inner_val
ISIC_1629539,0,0.0059236125,inner_val
ISIC_1631649,0,0.036796905,inner_val
ISIC_1632009,0,0.0021319594,inner_val
ISIC_1632313,0,0.19079447,inner_val
ISIC_1632655,0,0.0017822355,inner_val
ISIC_1632949,0,0.048212577,inner_val
ISIC_1633816,0,0.01906024,inner_val
ISIC_1636399,0,0.00051537843,inner_val
ISIC_1637401,0,0.00050624466,inner_val
ISIC_1640614,0,0.00022126593,inner_val
ISIC_1640666,0,0.0029891077,inner_val
ISIC_1641823,0,0.00030003968,inner_val
ISIC_1643979,0,0.013510319,inner_val
ISIC_1645535,0,0.0014177057,inner_val
ISIC_1645738,0,0.0003146566,inner_val
ISIC_1657007,0,0.012994184,inner_val
ISIC_1658978,0,0.00017180057,inner_val
ISIC_1659656,0,0.033162963,inner_val
ISIC_1659777,0,0.051215526,inner_val
ISIC_1660143,0,0.000638683,inner_val
ISIC_1660279,0,0.010281025,inner_val
ISIC_1660316,0,0.11456822,inner_val
ISIC_1660565,0,0.0011666669,inner_val
ISIC_1662872,0,0.014320874,inner_val
ISIC_1665153,0,0.007916454,inner_val
ISIC_1670106,0,0.0016177378,inner_val
ISIC_1671282,0,0.0017124849,inner_val
ISIC_1672688,0,0.0069966624,inner_val
ISIC_1676353,0,0.00035843492,inner_val
ISIC_1677092,0,0.0013686558,inner_val
ISIC_1680153,0,0.029369215,inner_val
ISIC_1684829,0,0.00054270204,inner_val
ISIC_1694480,0,0.00093349564,inner_val
ISIC_1695065,0,0.0005060418,inner_val
ISIC_1696070,0,0.01020326,inner_val
ISIC_1698302,0,0.0039270013,inner_val
ISIC_1698805,0,0.0075947666,inner_val
ISIC_1700029,0,0.00053268636,inner_val
ISIC_1700928,0,0.033971198,inner_val
ISIC_1707324,0,0.07080656,inner_val
ISIC_1712329,0,0.0010226337,inner_val
ISIC_1713413,0,0.0021459165,inner_val
ISIC_1719433,0,0.018501604,inner_val
ISIC_1722494,0,0.029809427,inner_val
ISIC_1727499,0,0.0072652637,inner_val
ISIC_1729039,0,0.24398766,inner_val
ISIC_1729351,0,0.0041742697,inner_val
ISIC_1730495,0,0.0034840582,inner_val
ISIC_1731230,0,0.013183086,inner_val
ISIC_1731411,0,0.01588565,inner_val
ISIC_1736914,0,0.0054543833,inner_val
ISIC_1737276,0,0.0019137859,inner_val
ISIC_1737600,0,0.010973111,inner_val
ISIC_1738117,0,0.05538308,inner_val
ISIC_1740186,0,0.0005676518,inner_val
ISIC_1740430,0,0.07348162,inner_val
ISIC_1741747,0,0.0140477605,inner_val
ISIC_1746070,0,0.010183804,inner_val
ISIC_1746717,0,0.25881794,inner_val
ISIC_1750235,0,0.038182013,inner_val
ISIC_1753360,0,0.0041016703,inner_val
ISIC_1756631,0,0.034711737,inner_val
ISIC_1763577,0,0.0056942296,inner_val
ISIC_1768325,0,0.0560884,inner_val
ISIC_1777292,0,0.0003891751,inner_val
ISIC_1777763,0,0.014783011,inner_val
ISIC_1778400,0,0.0011323134,inner_val
ISIC_1781273,0,0.013391203,inner_val
ISIC_1782545,0,0.050595697,inner_val
ISIC_1784340,0,0.058222808,inner_val
ISIC_1785671,0,0.023426691,inner_val
ISIC_1787444,0,0.007917154,inner_val
ISIC_1790549,0,0.0005323853,inner_val
ISIC_1790960,0,0.0025155926,inner_val
ISIC_1792867,0,0.0042081242,inner_val
ISIC_1793624,0,0.010716245,inner_val
ISIC_1795529,0,0.0054046614,inner_val
ISIC_1797104,0,0.00024194893,inner_val
ISIC_1798800,0,0.024853537,inner_val
ISIC_1799849,0,0.0003449888,inner_val
ISIC_1801631,0,0.0008510297,inner_val
ISIC_1801687,0,0.0054531186,inner_val
ISIC_1803252,0,0.003987452,inner_val
ISIC_1805163,0,0.0007248123,inner_val
ISIC_1805602,0,0.007135897,inner_val
ISIC_1806179,0,0.035475317,inner_val
ISIC_1806761,0,0.020775804,inner_val
ISIC_1811256,0,0.15637535,inner_val
ISIC_1821825,0,0.00060028944,inner_val
ISIC_1826803,0,0.14756022,inner_val
ISIC_1832110,0,0.0003275893,inner_val
ISIC_1833337,0,0.0068771304,inner_val
ISIC_1833947,0,0.032725167,inner_val
ISIC_1836985,0,0.0026725142,inner_val
ISIC_1844585,0,0.0008778232,inner_val
ISIC_1845926,0,0.0002844393,inner_val
ISIC_1850790,0,0.0035015277,inner_val
ISIC_1850815,0,0.0091697825,inner_val
ISIC_1851112,0,0.0016422479,inner_val
ISIC_1851709,0,0.0011958936,inner_val
ISIC_1851985,0,0.0002839126,inner_val
ISIC_1854582,0,0.0068947906,inner_val
ISIC_1860049,0,0.00026115845,inner_val
ISIC_1865347,0,0.118438676,inner_val
ISIC_1866770,1,0.10284283,inner_val
ISIC_1872534,0,0.00096015487,inner_val
ISIC_1874480,0,0.008408484,inner_val
ISIC_1874969,0,0.00017248931,inner_val
ISIC_1875729,0,0.0012745745,inner_val
ISIC_1877216,0,0.00031968416,inner_val
ISIC_1878443,0,0.0026327244,inner_val
ISIC_1878481,0,0.009667253,inner_val
ISIC_1880716,0,0.003601782,inner_val
ISIC_1885174,0,0.14316377,inner_val
ISIC_1886413,0,0.09804062,inner_val
ISIC_1886480,0,0.00012166654,inner_val
ISIC_1887093,0,0.0007032456,inner_val
ISIC_1887647,0,0.009887556,inner_val
ISIC_1890558,0,0.007635259,inner_val
ISIC_1891515,0,0.063284434,inner_val
ISIC_1891539,0,0.0012105043,inner_val
ISIC_1892011,0,0.014329277,inner_val
ISIC_1894141,0,0.14728117,inner_val
ISIC_1897994,0,0.018630814,inner_val
ISIC_1900433,0,0.017692192,inner_val
ISIC_1904481,0,0.000284706,inner_val
ISIC_1908424,0,0.014794793,inner_val
ISIC_1911390,0,0.0005679863,inner_val
ISIC_1918027,0,0.01705036,inner_val
ISIC_1919114,0,0.020873317,inner_val
ISIC_1922657,0,0.00036055414,inner_val
ISIC_1924232,0,0.00016337744,inner_val
ISIC_1925533,0,0.0018373077,inner_val
ISIC_1926499,0,0.006245928,inner_val
ISIC_1929654,0,0.18054128,inner_val
ISIC_1932586,0,0.016840879,inner_val
ISIC_1933891,0,0.11572021,inner_val
ISIC_1935204,0,0.04379805,inner_val
ISIC_1935643,0,0.00079982134,inner_val
ISIC_1936882,0,0.0021071227,inner_val
ISIC_1937197,0,0.0035579703,inner_val
ISIC_1939931,0,0.0018504929,inner_val
ISIC_1940615,0,0.04760749,inner_val
ISIC_1944712,0,0.05148868,inner_val
ISIC_1944752,0,0.0004437234,inner_val
ISIC_1949047,0,0.0034551749,inner_val
ISIC_1950282,0,0.00071670045,inner_val
ISIC_1950569,0,0.006267276,inner_val
ISIC_1950847,0,0.017705057,inner_val
ISIC_1952298,0,0.0022314684,inner_val
ISIC_1957488,0,0.001030622,inner_val
ISIC_1957685,0,0.0015729301,inner_val
ISIC_1959715,0,0.0022295383,inner_val
ISIC_1960446,0,0.00027058233,inner_val
ISIC_1967651,0,0.0012388988,inner_val
ISIC_1968499,0,0.0037047649,inner_val
ISIC_1970368,0,0.00080890756,inner_val
ISIC_1970738,0,0.035485353,inner_val
ISIC_1973151,0,0.0054577338,inner_val
ISIC_1976571,0,0.0046320106,inner_val
ISIC_1979996,0,0.012063078,inner_val
ISIC_1988080,0,0.012435298,inner_val
ISIC_1988596,0,0.05904265,inner_val
ISIC_1988777,0,0.07773892,inner_val
ISIC_1990046,0,0.008042174,inner_val
ISIC_1990651,0,0.001026392,inner_val
ISIC_1993529,0,0.0010068004,inner_val
ISIC_1994455,0,0.028319217,inner_val
ISIC_1995882,0,0.0010118528,inner_val
ISIC_2000000,0,0.0023558247,inner_val
ISIC_2000319,0,0.0006043444,inner_val
ISIC_2001699,0,0.0017791587,inner_val
ISIC_2011408,0,0.017194282,inner_val
ISIC_2012245,0,0.008624043,inner_val
ISIC_2012388,0,0.052279152,inner_val
ISIC_2012967,0,0.00436469,inner_val
ISIC_2013664,0,0.0013388003,inner_val
ISIC_2019386,0,0.0160219,inner_val
ISIC_2024062,0,0.0044007543,inner_val
ISIC_2027733,0,0.00012917822,inner_val
ISIC_2028658,0,0.0081896065,inner_val
ISIC_2029418,0,0.0016593941,inner_val
ISIC_2030101,0,0.091909595,inner_val
ISIC_2030997,0,0.0008950156,inner_val
ISIC_2031360,0,0.0009599888,inner_val
ISIC_2032658,0,0.05814751,inner_val
ISIC_2038024,0,0.0014303937,inner_val
ISIC_2047791,0,0.0027835828,inner_val
ISIC_2049142,0,0.02609179,inner_val
ISIC_2052192,0,0.13729827,inner_val
ISIC_2052529,0,0.0009496934,inner_val
ISIC_2054066,0,0.030362336,inner_val
ISIC_2054436,0,0.0077706804,inner_val
ISIC_2056468,0,0.017960683,inner_val
ISIC_2058516,0,0.018409878,inner_val
ISIC_2060846,0,0.00032267882,inner_val
ISIC_2061854,0,0.0030592503,inner_val
ISIC_2061933,0,0.0014819362,inner_val
ISIC_2069179,0,0.0034558,inner_val
ISIC_2072219,1,0.019862873,inner_val
ISIC_2077116,1,0.012271166,inner_val
ISIC_2079300,0,0.051338855,inner_val
ISIC_2079758,0,0.0083326455,inner_val
ISIC_2082721,0,0.0045691924,inner_val
ISIC_2083499,0,0.020752022,inner_val
ISIC_2087826,0,0.001010711,inner_val
ISIC_2087913,0,0.0072764354,inner_val
ISIC_2088750,0,0.0011778466,inner_val
ISIC_2097198,0,0.0035846583,inner_val
ISIC_2098084,0,0.0003315968,inner_val
ISIC_2098959,0,0.0061950474,inner_val
ISIC_2102228,0,0.0018746707,inner_val
ISIC_2104267,0,0.002903787,inner_val
ISIC_2105563,1,0.0091972435,inner_val
ISIC_2106041,0,0.004225779,inner_val
ISIC_2106823,0,0.00019118797,inner_val
ISIC_2109766,0,0.00748607,inner_val
ISIC_2123846,0,0.00723361,inner_val
ISIC_2124213,0,0.0007107127,inner_val
ISIC_2127185,0,0.00077638874,inner_val
ISIC_2129292,0,0.004721196,inner_val
ISIC_2131962,0,0.0012760132,inner_val
ISIC_2133980,0,0.02971318,inner_val
ISIC_2134267,0,0.0025562842,inner_val
ISIC_2137735,0,0.049304366,inner_val
ISIC_2139752,0,0.0011996261,inner_val
ISIC_2143557,0,0.0008541209,inner_val
ISIC_2147549,0,0.013374042,inner_val
ISIC_2149531,0,0.0020179967,inner_val
ISIC_2150221,0,0.25647226,inner_val
ISIC_2156526,0,0.0013379896,inner_val
ISIC_2157630,0,0.0036124676,inner_val
ISIC_2157951,0,0.038694687,inner_val
ISIC_2158377,0,0.00013881444,inner_val
ISIC_2158871,0,0.09313986,inner_val
ISIC_2159982,0,0.013360138,inner_val
ISIC_2160139,0,0.041096855,inner_val
ISIC_2161444,0,0.0003152905,inner_val
ISIC_2162728,0,0.0061114286,inner_val
ISIC_2165840,0,0.0004885363,inner_val
ISIC_2169275,0,0.0005841016,inner_val
ISIC_2169311,0,0.012593413,inner_val
ISIC_2170086,0,0.0016725662,inner_val
ISIC_2171940,0,0.0003028481,inner_val
ISIC_2172329,0,0.0006989597,inner_val
ISIC_2172532,0,0.0023970203,inner_val
ISIC_2174927,0,0.0014210147,inner_val
ISIC_2175722,0,0.0140377,inner_val
ISIC_2176112,1,0.04924275,inner_val
ISIC_2176462,0,0.00086492917,inner_val
ISIC_2178689,0,0.011136739,inner_val
ISIC_2178817,0,0.077576615,inner_val
ISIC_2178834,0,0.013706131,inner_val
ISIC_2186853,0,0.00022365763,inner_val
ISIC_2188566,0,0.024035482,inner_val
ISIC_2189699,0,0.006497999,inner_val
ISIC_2191924,0,0.011468239,inner_val
ISIC_2193223,0,0.009444704,inner_val
ISIC_2194762,0,0.07154873,inner_val
ISIC_2198244,0,0.00038238688,inner_val
ISIC_2198278,0,0.00028962633,inner_val
ISIC_2199155,0,0.011205671,inner_val
ISIC_2204100,0,0.11742827,inner_val
ISIC_2210565,0,0.020307066,inner_val
ISIC_2211337,0,0.004891397,inner_val
ISIC_2211403,0,0.00043854193,inner_val
ISIC_2212100,0,0.0062077576,inner_val
ISIC_2221993,0,0.0054871715,inner_val
ISIC_2222349,0,0.00085678225,inner_val
ISIC_2226341,0,0.005014039,inner_val
ISIC_2232546,0,0.008640734,inner_val
ISIC_2234076,0,0.00076799246,inner_val
ISIC_2236668,0,0.05314796,inner_val
ISIC_2237868,0,0.0002908372,inner_val
ISIC_2239134,0,0.010786668,inner_val
ISIC_2243372,0,0.0032373893,inner_val
ISIC_2243924,0,0.0006650735,inner_val
ISIC_2249623,0,0.003432632,inner_val
ISIC_2250871,0,0.00046939045,inner_val
ISIC_2251480,0,0.005469057,inner_val
ISIC_2252958,0,0.00049755623,inner_val
ISIC_2255966,0,0.03307654,inner_val
ISIC_2258612,0,0.009628908,inner_val
ISIC_2263504,0,0.0016706914,inner_val
ISIC_2265409,0,0.1000877,inner_val
ISIC_2266290,0,0.0001231024,inner_val
ISIC_2266369,0,0.020157823,inner_val
ISIC_2273556,0,0.0008793603,inner_val
ISIC_2273860,0,0.001566806,inner_val
ISIC_2277876,0,0.00071926217,inner_val
ISIC_2278042,0,0.0001679223,inner_val
ISIC_2279329,0,0.001715502,inner_val
ISIC_2281984,0,0.011057327,inner_val
ISIC_2283702,0,0.00089826965,inner_val
ISIC_2284769,0,0.042740747,inner_val
ISIC_2286375,0,0.01341538,inner_val
ISIC_2288861,0,0.00021226652,inner_val
ISIC_2289462,0,0.006560783,inner_val
ISIC_2293230,0,0.00029404234,inner_val
ISIC_2293255,0,0.100270346,inner_val
ISIC_2298329,0,0.011111937,inner_val
ISIC_2301843,0,0.018054446,inner_val
ISIC_2302257,0,0.016838953,inner_val
ISIC_2306653,0,0.039442305,inner_val
ISIC_2307760,0,0.00036034128,inner_val
ISIC_2309744,1,0.079027444,inner_val
ISIC_2314289,0,0.06720299,inner_val
ISIC_2319929,0,0.00026785006,inner_val
ISIC_2320823,0,0.0025999486,inner_val
ISIC_2321940,0,0.00088154775,inner_val
ISIC_2323049,0,0.0006387517,inner_val
ISIC_2323082,0,0.00087746116,inner_val
ISIC_2324440,0,0.0028795428,inner_val
ISIC_2327393,0,0.015789237,inner_val
ISIC_2329722,0,0.13746825,inner_val
ISIC_2334224,0,0.00017748652,inner_val
ISIC_2334595,0,0.00038374955,inner_val
ISIC_2336763,0,0.15919955,inner_val
ISIC_2337907,1,0.17382915,inner_val
ISIC_2339849,0,0.0036437411,inner_val
ISIC_2340635,0,0.0003336351,inner_val
ISIC_2342769,1,0.018140707,inner_val
ISIC_2344492,0,0.0068505257,inner_val
ISIC_2347821,0,0.0011712256,inner_val
ISIC_2348336,0,0.0016148285,inner_val
ISIC_2351776,0,0.0017246365,inner_val
ISIC_2354258,0,0.00095779705,inner_val
ISIC_2355662,0,0.006377606,inner_val
ISIC_2357010,0,0.000419072,inner_val
ISIC_2357533,0,0.09221496,inner_val
ISIC_2358170,0,0.00137836,inner_val
ISIC_2358454,1,0.006116253,inner_val
ISIC_2359366,0,0.0003544414,inner_val
ISIC_2365225,0,0.0026866486,inner_val
ISIC_2374436,0,0.0046814824,inner_val
ISIC_2376380,0,0.024369556,inner_val
ISIC_2379024,0,0.0002054131,inner_val
ISIC_2379778,0,0.023997558,inner_val
ISIC_2380421,0,0.0043075834,inner_val
ISIC_2385649,0,0.0012140342,inner_val
ISIC_2389688,0,0.004089763,inner_val
ISIC_2391542,0,0.00060839386,inner_val
ISIC_2391627,0,0.0013124181,inner_val
ISIC_2397455,0,0.028365599,inner_val
ISIC_2399253,0,0.00065448484,inner_val
ISIC_2400515,0,0.06729809,inner_val
ISIC_2403471,0,0.0026227764,inner_val
ISIC_2404635,0,0.0019731657,inner_val
ISIC_2404691,0,0.00074826,inner_val
ISIC_2404756,0,0.0108089,inner_val
ISIC_2404779,0,0.0015882297,inner_val
ISIC_2406445,0,0.008439556,inner_val
ISIC_2408442,0,0.004787179,inner_val
ISIC_2410265,0,0.026630996,inner_val
ISIC_2414199,0,0.0016529708,inner_val
ISIC_2414367,0,0.021175353,inner_val
ISIC_2414373,0,0.00019708202,inner_val
ISIC_2420067,0,0.0013483712,inner_val
ISIC_2423162,0,0.005418736,inner_val
ISIC_2428829,0,0.0019150977,inner_val
ISIC_2429824,0,0.002008116,inner_val
ISIC_2430937,0,0.0022536467,inner_val
ISIC_2431696,0,0.004920052,inner_val
ISIC_2433960,0,0.009579714,inner_val
ISIC_2435789,0,0.007932941,inner_val
ISIC_2438935,0,0.00034056875,inner_val
ISIC_2440407,0,0.0002230371,inner_val
ISIC_2441954,0,0.00049184024,inner_val
ISIC_2443396,0,0.0010669433,inner_val
ISIC_2444344,0,0.017106447,inner_val
ISIC_2448820,0,0.0010102874,inner_val
ISIC_2450662,0,0.029774085,inner_val
ISIC_2450785,0,0.0017687549,inner_val
ISIC_2451671,0,0.00846853,inner_val
ISIC_2452729,0,0.0073185787,inner_val
ISIC_2454898,0,0.00066080823,inner_val
ISIC_2456960,0,0.00064926647,inner_val
ISIC_2457024,0,0.025144726,inner_val
ISIC_2459724,0,0.0009919141,inner_val
ISIC_2463014,0,0.00025688126,inner_val
ISIC_2467153,0,0.00084855687,inner_val
ISIC_2468540,0,0.011322701,inner_val
ISIC_2470795,0,0.0002270059,inner_val
ISIC_2476092,0,0.00072414253,inner_val
ISIC_2479346,0,0.025747146,inner_val
ISIC_2481408,0,0.0005805616,inner_val
ISIC_2482667,0,0.013189347,inner_val
ISIC_2484404,0,0.14205281,inner_val
ISIC_2485946,0,0.007459164,inner_val
ISIC_2487716,0,0.006182296,inner_val
ISIC_2489146,0,0.0048527014,inner_val
ISIC_2489834,0,0.00068136683,inner_val
ISIC_2490175,0,0.00745747,inner_val
ISIC_2491020,0,0.007945729,inner_val
ISIC_2492245,0,0.007961626,inner_val
ISIC_2494060,0,0.0006967424,inner_val
ISIC_2496831,0,0.00021479472,inner_val
ISIC_2506200,0,0.0118354615,inner_val
ISIC_2507096,0,0.0035672886,inner_val
ISIC_2507340,0,0.00017575831,inner_val
ISIC_2507701,0,0.0007254104,inner_val
ISIC_2507944,0,0.0006496196,inner_val
ISIC_2509850,0,0.0016191787,inner_val
ISIC_2511249,0,0.00021706,inner_val
ISIC_2513343,0,0.002188795,inner_val
ISIC_2517258,0,0.00280442,inner_val
ISIC_2520713,0,0.007997379,inner_val
ISIC_2520736,0,0.0015448381,inner_val
ISIC_2523685,0,0.0015488754,inner_val
ISIC_2524113,0,0.00018838873,inner_val
ISIC_2524743,0,0.000332428,inner_val
ISIC_2527281,0,0.05197059,inner_val
ISIC_2537540,0,0.0036749854,inner_val
ISIC_2539017,0,0.059444904,inner_val
ISIC_2539218,0,0.0053950427,inner_val
ISIC_2541375,0,0.00069562974,inner_val
ISIC_2541969,0,0.0004815109,inner_val
ISIC_2543280,0,0.009573003,inner_val
ISIC_2546644,0,0.0014423158,inner_val
ISIC_2549331,0,0.0014709107,inner_val
ISIC_2549673,0,0.00021702191,inner_val
ISIC_2555904,0,0.004051026,inner_val
ISIC_2560287,0,0.002044158,inner_val
ISIC_2560301,0,0.005776586,inner_val
ISIC_2567644,0,0.058436185,inner_val
ISIC_2568485,0,0.0032094563,inner_val
ISIC_2570413,0,0.0013115915,inner_val
ISIC_2575536,0,0.019292671,inner_val
ISIC_2577881,0,0.001086455,inner_val
ISIC_2577938,0,0.00024330638,inner_val
ISIC_2580891,0,0.0035044528,inner_val
ISIC_2581307,0,0.00012331788,inner_val
ISIC_2581480,0,0.0002991605,inner_val
ISIC_2581592,0,0.00037891523,inner_val
ISIC_2582493,0,0.1145622,inner_val
ISIC_2586269,0,0.011140316,inner_val
ISIC_2588167,0,0.0053808633,inner_val
ISIC_2592814,0,0.0057051037,inner_val
ISIC_2592956,0,0.009443223,inner_val
ISIC_2594901,0,0.00029930257,inner_val
ISIC_2601166,0,0.0002892251,inner_val
ISIC_2601537,0,0.00044189335,inner_val
ISIC_2606024,0,0.0025474497,inner_val
ISIC_2611118,0,0.0016799185,inner_val
ISIC_2613002,0,0.0010596894,inner_val
ISIC_2616327,0,0.0070038983,inner_val
ISIC_2616343,0,0.00011662004,inner_val
ISIC_2618635,0,0.03828613,inner_val
ISIC_2618859,0,0.02345471,inner_val
ISIC_2619698,0,0.019873425,inner_val
ISIC_2623538,0,0.0016524964,inner_val
ISIC_2631643,0,0.017221548,inner_val
ISIC_2632587,0,0.03406868,inner_val
ISIC_2636747,0,0.0040588016,inner_val
ISIC_2637608,1,0.109877706,inner_val
ISIC_2637968,0,0.07207329,inner_val
ISIC_2639079,0,0.009203584,inner_val
ISIC_2639144,0,0.019249871,inner_val
ISIC_2645655,0,0.0005012565,inner_val
ISIC_2648261,0,0.0007573529,inner_val
ISIC_2650571,0,0.13382398,inner_val
ISIC_2652786,0,0.0006633934,inner_val
ISIC_2653214,0,0.00023134165,inner_val
ISIC_2654197,0,0.0023441592,inner_val
ISIC_2654417,0,0.0010941013,inner_val
ISIC_2657843,0,0.027005566,inner_val
ISIC_2657946,0,0.0044786157,inner_val
ISIC_2659591,0,0.01803542,inner_val
ISIC_2660535,0,0.005175049,inner_val
ISIC_2665498,0,0.0056904834,inner_val
ISIC_2670475,0,0.0036148024,inner_val
ISIC_2673871,0,0.00010321141,inner_val
ISIC_2674517,0,0.0009253413,inner_val
ISIC_2679295,0,0.011501798,inner_val
ISIC_2680640,0,0.00036927284,inner_val
ISIC_2681497,0,0.011889121,inner_val
ISIC_2685523,0,0.0015697388,inner_val
ISIC_2687068,0,0.014565945,inner_val
ISIC_2687164,0,0.017163448,inner_val
ISIC_2688897,0,0.00086387614,inner_val
ISIC_2693412,0,0.00030270373,inner_val
ISIC_2696344,0,0.0428241,inner_val
ISIC_2699336,0,0.0011562676,inner_val
ISIC_2700545,0,0.0010402685,inner_val
ISIC_2700802,0,0.00066731864,inner_val
ISIC_2703816,0,0.02589231,inner_val
ISIC_2706378,0,0.00021042852,inner_val
ISIC_2711084,0,0.0043901266,inner_val
ISIC_2714572,0,0.015772335,inner_val
ISIC_2716425,0,0.006945025,inner_val
ISIC_2724529,1,0.017312909,inner_val
ISIC_2726326,0,0.000117952484,inner_val
ISIC_2726665,0,0.0045415433,inner_val
ISIC_2727016,0,0.11233069,inner_val
ISIC_2730948,0,0.00069308345,inner_val
ISIC_2731847,0,0.012110205,inner_val
ISIC_2732429,0,0.05961138,inner_val
ISIC_2739481,0,0.0054810806,inner_val
ISIC_2740756,0,0.0009393065,inner_val
ISIC_2744153,0,0.0028689355,inner_val
ISIC_2747650,0,0.0014255742,inner_val
ISIC_2749240,0,0.0085372,inner_val
ISIC_2750991,0,0.0056224004,inner_val
ISIC_2752919,0,0.03817119,inner_val
ISIC_2755667,0,0.01747472,inner_val
ISIC_2761440,0,0.026121892,inner_val
ISIC_2764032,0,0.002077401,inner_val
ISIC_2765253,0,0.04259909,inner_val
ISIC_2772616,0,0.00055669877,inner_val
ISIC_2780122,0,0.01011612,inner_val
ISIC_2781254,0,0.050224688,inner_val
ISIC_2782870,0,0.00034936264,inner_val
ISIC_2784686,0,0.00040156336,inner_val
ISIC_2786383,0,0.07923057,inner_val
ISIC_2788026,0,0.008778889,inner_val
ISIC_2788933,0,0.0012850753,inner_val
ISIC_2794624,0,0.15527885,inner_val
ISIC_2795016,0,0.018939376,inner_val
ISIC_2798939,0,0.002411474,inner_val
ISIC_2799242,0,0.0035493793,inner_val
ISIC_2799787,0,0.0032800555,inner_val
ISIC_2799892,0,0.0018216816,inner_val
ISIC_2800015,0,0.070309825,inner_val
ISIC_2801042,0,0.0057597132,inner_val
ISIC_2807121,0,0.017960414,inner_val
ISIC_2808622,0,0.019736648,inner_val
ISIC_2809103,0,0.09831545,inner_val
ISIC_2815040,0,0.22500974,inner_val
ISIC_2817878,0,0.00053788227,inner_val
ISIC_2819603,0,0.00071870995,inner_val
ISIC_2826618,0,0.0005808173,inner_val
ISIC_2829017,0,0.0013967868,inner_val
ISIC_2829107,0,0.04056807,inner_val
ISIC_2834840,0,0.030967986,inner_val
ISIC_2838426,0,0.0067093777,inner_val
ISIC_2842532,0,0.00018913166,inner_val
ISIC_2843206,0,0.0017231865,inner_val
ISIC_2843245,0,0.007489196,inner_val
ISIC_2845856,0,0.0008250527,inner_val
ISIC_2855626,0,0.008100558,inner_val
ISIC_2861317,0,0.06689462,inner_val
ISIC_2861546,0,0.00078079256,inner_val
ISIC_2863809,0,0.08437146,inner_val
ISIC_2869310,0,0.0018598719,inner_val
ISIC_2871070,0,0.01570208,inner_val
ISIC_2873294,0,0.012827185,inner_val
ISIC_2874203,0,0.00045401868,inner_val
ISIC_2874706,0,0.0060350783,inner_val
ISIC_2877029,0,0.0023570613,inner_val
ISIC_2878344,0,0.0003173626,inner_val
ISIC_2881128,0,0.0110207815,inner_val
ISIC_2881263,0,0.027288657,inner_val
ISIC_2882129,0,0.0054816604,inner_val
ISIC_2887033,0,0.01040546,inner_val
ISIC_2888272,0,0.0004122847,inner_val
ISIC_2892382,0,0.0032151395,inner_val
ISIC_2893823,0,0.0016029181,inner_val
ISIC_2894185,0,0.0029391015,inner_val
ISIC_2903423,0,0.019455297,inner_val
ISIC_2903941,0,0.00024194385,inner_val
ISIC_2904884,0,0.002772547,inner_val
ISIC_2907527,0,0.010172322,inner_val
ISIC_2911251,0,0.00086887093,inner_val
ISIC_2914880,0,0.00028985972,inner_val
ISIC_2915747,0,0.0006865413,inner_val
ISIC_2916248,0,0.0025660414,inner_val
ISIC_2916510,0,0.0003566492,inner_val
ISIC_2917378,0,0.0013596817,inner_val
ISIC_2919360,0,0.05224684,inner_val
ISIC_2921549,0,0.009679212,inner_val
ISIC_2921933,0,0.0016737953,inner_val
ISIC_2923483,0,0.0011518943,inner_val
ISIC_2924066,0,0.0045696525,inner_val
ISIC_2925891,0,0.10282025,inner_val
ISIC_2927205,0,0.002790286,inner_val
ISIC_2927289,0,0.0013799762,inner_val
ISIC_2927891,0,0.0010728555,inner_val
ISIC_2930522,0,0.011812235,inner_val
ISIC_2941560,0,0.0020209497,inner_val
ISIC_2943284,0,0.047281675,inner_val
ISIC_2944480,0,0.001174141,inner_val
ISIC_2945324,0,0.0011404222,inner_val
ISIC_2946577,0,0.00014794564,inner_val
ISIC_2946626,0,0.00017834356,inner_val
ISIC_2950632,0,0.0033489543,inner_val
ISIC_2952446,0,0.11536426,inner_val
ISIC_2953742,0,0.093864456,inner_val
ISIC_2953962,0,0.02679839,inner_val
ISIC_2956763,0,0.0012984297,inner_val
ISIC_2956783,0,0.18443494,inner_val
ISIC_2957102,0,0.012912144,inner_val
ISIC_2960377,0,0.15785092,inner_val
ISIC_2960995,0,0.04974079,inner_val
ISIC_2963146,0,0.022915598,inner_val
ISIC_2963464,0,0.009898116,inner_val
ISIC_2966043,0,0.0016984481,inner_val
ISIC_2967024,1,0.024416981,inner_val
ISIC_2968243,0,0.016312812,inner_val
ISIC_2975603,0,0.006765078,inner_val
ISIC_2975904,0,0.01587491,inner_val
ISIC_2977985,0,0.011083021,inner_val
ISIC_2978327,0,0.00018247846,inner_val
ISIC_2978682,0,0.026050303,inner_val
ISIC_2981762,0,0.0075068427,inner_val
ISIC_2981912,0,0.015180812,inner_val
ISIC_2982945,0,0.0006450142,inner_val
ISIC_2986186,0,0.00029570554,inner_val
ISIC_2986565,0,0.0012270841,inner_val
ISIC_2990722,0,0.0012376687,inner_val
ISIC_2991680,0,0.016740754,inner_val
ISIC_2991936,0,0.010146821,inner_val
ISIC_2993517,0,0.0001970649,inner_val
ISIC_2994772,0,0.00039090076,inner_val
ISIC_2996791,0,0.0022344592,inner_val
ISIC_3001380,0,0.004916528,inner_val
ISIC_3003666,0,0.0016133708,inner_val
ISIC_3003779,0,0.005077189,inner_val
ISIC_3005396,0,0.022572061,inner_val
ISIC_3006507,0,0.0001872028,inner_val
ISIC_3010550,0,0.00035490008,inner_val
ISIC_3010582,0,0.015313779,inner_val
ISIC_3011638,0,0.014592634,inner_val
ISIC_3011836,0,0.0068669645,inner_val
ISIC_3012699,0,0.002298018,inner_val
ISIC_3014965,0,0.005020466,inner_val
ISIC_3016859,0,0.07007891,inner_val
ISIC_3018550,0,0.0024399175,inner_val
ISIC_3020913,0,0.00047384665,inner_val
ISIC_3022527,0,0.00016361533,inner_val
ISIC_3026934,0,0.0004158256,inner_val
ISIC_3029937,0,0.00069461885,inner_val
ISIC_3039519,0,0.0021676589,inner_val
ISIC_3043346,0,0.0003380102,inner_val
ISIC_3043475,0,0.0005390977,inner_val
ISIC_3049301,0,0.0033080506,inner_val
ISIC_3056425,0,0.0044196537,inner_val
ISIC_3059347,0,0.0029584554,inner_val
ISIC_3059967,0,0.0017458942,inner_val
ISIC_3062773,0,0.0007857947,inner_val
ISIC_3069054,0,0.0025904225,inner_val
ISIC_3070178,0,0.069142185,inner_val
ISIC_3073605,0,0.081391,inner_val
ISIC_3084312,1,0.08405832,inner_val
ISIC_3084862,0,0.0051301233,inner_val
ISIC_3086038,0,0.0013232676,inner_val
ISIC_3087371,0,0.003655033,inner_val
ISIC_3087402,0,0.00090414257,inner_val
ISIC_3088019,0,0.0028592856,inner_val
ISIC_3089729,0,0.1537945,inner_val
ISIC_3091757,0,0.0018142218,inner_val
ISIC_3095600,0,0.02889533,inner_val
ISIC_3097419,0,0.015652558,inner_val
ISIC_3097424,0,0.010497607,inner_val
ISIC_3100594,0,0.001889117,inner_val
ISIC_3105703,0,0.17345597,inner_val
ISIC_3105924,0,0.0060385456,inner_val
ISIC_3110196,0,0.0005810297,inner_val
ISIC_3112783,0,0.008920679,inner_val
ISIC_3113485,0,0.0053503946,inner_val
ISIC_3114020,0,0.00038525643,inner_val
ISIC_3114110,0,0.0041801454,inner_val
ISIC_3116288,0,0.04511351,inner_val
ISIC_3116777,0,0.0068910834,inner_val
ISIC_3118576,0,0.00019187099,inner_val
ISIC_3120665,0,0.020943737,inner_val
ISIC_3123377,0,0.013994648,inner_val
ISIC_3125030,0,0.0001835443,inner_val
ISIC_3126652,0,0.0012959007,inner_val
ISIC_3128414,0,0.0003666881,inner_val
ISIC_3134259,0,0.0013610843,inner_val
ISIC_3134745,0,0.0044168136,inner_val
ISIC_3139994,0,0.084272236,inner_val
ISIC_3140246,0,0.0007127193,inner_val
ISIC_3142775,0,0.034856077,inner_val
ISIC_3143650,0,0.039181944,inner_val
ISIC_3148048,0,0.11302598,inner_val
ISIC_3154122,0,0.0019243777,inner_val
ISIC_3154509,0,0.00013451939,inner_val
ISIC_3155020,0,0.0032594427,inner_val
ISIC_3156139,0,0.0027562026,inner_val
ISIC_3159130,0,0.00024003263,inner_val
ISIC_3159924,1,0.14160793,inner_val
ISIC_3161186,0,0.010231089,inner_val
ISIC_3162794,0,0.0009563035,inner_val
ISIC_3171104,0,0.0031685971,inner_val
ISIC_3175350,0,0.008387752,inner_val
ISIC_3177916,0,0.073601045,inner_val
ISIC_3183548,0,0.10587658,inner_val
ISIC_3183794,0,0.009818163,inner_val
ISIC_3185336,0,0.006805852,inner_val
ISIC_3197712,0,0.0028147202,inner_val
ISIC_3198731,0,0.00025089143,inner_val
ISIC_3202358,0,0.0012165171,inner_val
ISIC_3203435,0,0.0038516717,inner_val
ISIC_3206957,0,0.07208174,inner_val
ISIC_3209024,0,0.010922523,inner_val
ISIC_3209856,0,0.009832135,inner_val
ISIC_3211897,0,0.006386696,inner_val
ISIC_3215136,0,0.005328618,inner_val
ISIC_3217061,0,0.00036103287,inner_val
ISIC_3218135,0,0.0001922979,inner_val
ISIC_3218403,0,0.004277189,inner_val
ISIC_3220423,0,0.0072753304,inner_val
ISIC_3222214,0,0.013052602,inner_val
ISIC_3227705,0,0.0002785587,inner_val
ISIC_3230164,0,0.10621312,inner_val
ISIC_3232712,0,0.003965838,inner_val
ISIC_3234899,0,0.0038303214,inner_val
ISIC_3237364,0,0.01850177,inner_val
ISIC_3237861,0,0.120798804,inner_val
ISIC_3238687,0,0.0006565765,inner_val
ISIC_3246376,0,0.006640635,inner_val
ISIC_3249704,0,0.0003560433,inner_val
ISIC_3249783,0,0.0008216332,inner_val
ISIC_3249936,0,0.007949316,inner_val
ISIC_3249958,0,0.00022479263,inner_val
ISIC_3251275,0,0.079438284,inner_val
ISIC_3260746,0,0.0036558756,inner_val
ISIC_3260974,0,0.004208896,inner_val
ISIC_3261511,0,0.0006428807,inner_val
ISIC_3264992,0,0.011539343,inner_val
ISIC_3265470,0,0.009597747,inner_val
ISIC_3267196,0,0.0009240575,inner_val
ISIC_3267817,0,0.001199264,inner_val
ISIC_3274493,0,0.0029251736,inner_val
ISIC_3276395,0,0.0983481,inner_val
ISIC_3280963,0,0.021906199,inner_val
ISIC_3281252,0,0.00096589205,inner_val
ISIC_3283934,0,0.00045653345,inner_val
ISIC_3286597,0,0.012261431,inner_val
ISIC_3289651,0,0.015364035,inner_val
ISIC_3290678,0,0.011386595,inner_val
ISIC_3296136,0,0.011391361,inner_val
ISIC_3296152,0,0.0013553455,inner_val
ISIC_3297631,0,0.0011916176,inner_val
ISIC_3299783,0,0.00038551926,inner_val
ISIC_3300386,0,0.000222668,inner_val
ISIC_3301263,0,0.075439855,inner_val
ISIC_3302025,0,0.0091404,inner_val
ISIC_3304982,0,0.024192251,inner_val
ISIC_3310849,0,0.10914272,inner_val
ISIC_3311662,0,0.0028750037,inner_val
ISIC_3312201,0,0.002591905,inner_val
ISIC_3313317,0,0.00019557455,inner_val
ISIC_3316232,0,0.005584473,inner_val
ISIC_3319163,0,0.005514305,inner_val
ISIC_3319229,1,0.026255958,inner_val
ISIC_3319361,0,0.00018739693,inner_val
ISIC_3328612,0,0.0018460442,inner_val
ISIC_3328736,0,0.0012564062,inner_val
ISIC_3331853,0,0.078061916,inner_val
ISIC_3335955,0,0.008034274,inner_val
ISIC_3340180,0,0.00023905422,inner_val
ISIC_3340346,0,0.0056218724,inner_val
ISIC_3345065,0,0.000160687,inner_val
ISIC_3346045,0,0.011524547,inner_val
ISIC_3352700,0,0.003762948,inner_val
ISIC_3356316,0,0.002567072,inner_val
ISIC_3356497,0,0.00012944987,inner_val
ISIC_3356671,0,0.008704535,inner_val
ISIC_3361955,0,0.0024578178,inner_val
ISIC_3367944,0,0.013156123,inner_val
ISIC_3373004,0,0.041212466,inner_val
ISIC_3373578,0,0.0022917914,inner_val
ISIC_3376991,0,0.0008368121,inner_val
ISIC_3378691,0,0.024408318,inner_val
ISIC_3380009,0,0.09431535,inner_val
ISIC_3383093,0,0.007801905,inner_val
ISIC_3384989,0,0.06592519,inner_val
ISIC_3385071,0,0.00089298346,inner_val
ISIC_3387713,0,0.008545479,inner_val
ISIC_3389461,0,0.0023940804,inner_val
ISIC_3397468,0,0.01008852,inner_val
ISIC_3401240,0,0.00082228763,inner_val
ISIC_3401631,0,0.06586478,inner_val
ISIC_3401780,0,0.0006819964,inner_val
ISIC_3402149,0,0.00017365968,inner_val
ISIC_3403778,0,0.0054265726,inner_val
ISIC_3408742,0,0.0011665613,inner_val
ISIC_3412216,0,0.00026350448,inner_val
ISIC_3412637,0,0.0020439422,inner_val
ISIC_3413036,0,0.00030660708,inner_val
ISIC_3415223,0,0.0043181167,inner_val
ISIC_3417390,0,0.007602444,inner_val
ISIC_3418447,0,0.006930875,inner_val
ISIC_3421141,0,0.015289948,inner_val
ISIC_3424667,0,0.040122364,inner_val
ISIC_3426701,0,0.0003535968,inner_val
ISIC_3435535,0,0.11237545,inner_val
ISIC_3437734,0,0.0024548583,inner_val
ISIC_3440813,0,0.032317877,inner_val
ISIC_3441198,0,0.082946695,inner_val
ISIC_3443234,0,0.11918925,inner_val
ISIC_3444192,0,0.072550096,inner_val
ISIC_3445468,0,0.19633286,inner_val
ISIC_3447765,0,0.021677215,inner_val
ISIC_3448630,0,0.0060645198,inner_val
ISIC_3449290,0,0.023707014,inner_val
ISIC_3449292,0,0.0038730297,inner_val
ISIC_3455311,0,0.013887398,inner_val
ISIC_3458811,0,0.005337433,inner_val
ISIC_3461869,0,0.004199108,inner_val
ISIC_3463384,0,0.0021564069,inner_val
ISIC_3465385,0,0.004312971,inner_val
ISIC_3474681,0,0.0020956057,inner_val
ISIC_3475660,1,0.061710257,inner_val
ISIC_3477566,0,0.00667781,inner_val
ISIC_3477896,0,0.051489655,inner_val
ISIC_3478437,0,0.0014741921,inner_val
ISIC_3481768,0,0.12530483,inner_val
ISIC_3482676,0,0.011789992,inner_val
ISIC_3487151,0,0.00825271,inner_val
ISIC_3487632,0,0.020634597,inner_val
ISIC_3495799,0,0.0008865974,inner_val
ISIC_3499803,0,0.00059916056,inner_val
ISIC_3500137,0,0.007799691,inner_val
ISIC_3500673,0,0.01858957,inner_val
ISIC_3501997,0,0.003633521,inner_val
ISIC_3505327,0,0.017885897,inner_val
ISIC_3505339,0,0.0004203479,inner_val
ISIC_3510004,0,0.001960297,inner_val
ISIC_3510802,0,0.022749975,inner_val
ISIC_3511854,0,0.0017899428,inner_val
ISIC_3512019,0,0.00014834045,inner_val
ISIC_3513288,0,0.00067460246,inner_val
ISIC_3521671,0,0.00025635742,inner_val
ISIC_3524429,0,0.0014296643,inner_val
ISIC_3526799,0,0.01928825,inner_val
ISIC_3528120,0,0.13097282,inner_val
ISIC_3528295,0,0.008090025,inner_val
ISIC_3531360,0,0.00028219112,inner_val
ISIC_3535289,0,0.0014319494,inner_val
ISIC_3536436,0,0.00032429482,inner_val
ISIC_3537089,0,0.11186587,inner_val
ISIC_3544168,0,0.0015889421,inner_val
ISIC_3548393,0,0.0018712967,inner_val
ISIC_3550844,0,0.013769276,inner_val
ISIC_3552318,0,0.0009505099,inner_val
ISIC_3552860,0,0.0015463628,inner_val
ISIC_3555847,0,0.000804563,inner_val
ISIC_3556857,0,0.0019855998,inner_val
ISIC_3559215,0,0.0068744477,inner_val
ISIC_3562294,0,0.07912619,inner_val
ISIC_3562660,0,0.0019424554,inner_val
ISIC_3563518,0,0.00058907125,inner_val
ISIC_3573323,0,0.0022484097,inner_val
ISIC_3575305,0,0.03267446,inner_val
ISIC_3575814,0,0.06817988,inner_val
ISIC_3578203,0,0.00069181045,inner_val
ISIC_3579044,0,0.0034379945,inner_val
ISIC_3581871,0,0.012001373,inner_val
ISIC_3585381,0,0.00015956326,inner_val
ISIC_3586461,0,0.00044167545,inner_val
ISIC_3586611,0,0.0022887439,inner_val
ISIC_3587744,0,0.06143919,inner_val
ISIC_3588908,0,0.011231034,inner_val
ISIC_3589310,0,0.0016435134,inner_val
ISIC_3591686,0,0.012640264,inner_val
ISIC_3598244,0,0.0005190513,inner_val
ISIC_3599125,0,0.00084920874,inner_val
ISIC_3600802,0,0.007160517,inner_val
ISIC_3601224,0,0.031830013,inner_val
ISIC_3605210,0,0.0022123242,inner_val
ISIC_3605747,0,0.0028323235,inner_val
ISIC_3609716,0,0.002009407,inner_val
ISIC_3612211,0,0.0071126847,inner_val
ISIC_3612285,0,0.01190638,inner_val
ISIC_3616107,0,0.044555545,inner_val
ISIC_3621391,0,0.00591536,inner_val
ISIC_3622085,0,0.05119074,inner_val
ISIC_3628925,0,0.0033940435,inner_val
ISIC_3629614,0,0.007889614,inner_val
ISIC_3640401,0,0.002092928,inner_val
ISIC_3642241,0,0.0022658415,inner_val
ISIC_3645705,0,0.0051491526,inner_val
ISIC_3646643,0,0.073541716,inner_val
ISIC_3648961,0,0.00053975586,inner_val
ISIC_3650598,0,0.03383222,inner_val
ISIC_3654373,0,0.0030258924,inner_val
ISIC_3654454,0,0.008350454,inner_val
ISIC_3657408,0,0.06650375,inner_val
ISIC_3657663,0,0.00501803,inner_val
ISIC_3659682,0,0.02910079,inner_val
ISIC_3662337,0,0.049642473,inner_val
ISIC_3663705,0,0.006632923,inner_val
ISIC_3667693,0,0.008012103,inner_val
ISIC_3667705,0,0.08753106,inner_val
ISIC_3668644,0,0.040478744,inner_val
ISIC_3671955,0,0.25890383,inner_val
ISIC_3673090,0,0.022796798,inner_val
ISIC_3673482,0,0.098971136,inner_val
ISIC_3676639,0,0.027530175,inner_val
ISIC_3676643,0,0.008040779,inner_val
ISIC_3677742,0,0.005629408,inner_val
ISIC_3677905,0,0.07821041,inner_val
ISIC_3677945,0,0.0051814597,inner_val
ISIC_3679271,0,0.00027395587,inner_val
ISIC_3683263,0,0.00048082907,inner_val
ISIC_3683402,0,0.0014030021,inner_val
ISIC_3683530,0,0.0020673657,inner_val
ISIC_3684488,1,0.13507158,inner_val
ISIC_3685448,0,0.000705457,inner_val
ISIC_3687259,0,0.0013503946,inner_val
ISIC_3689907,0,0.0058148713,inner_val
ISIC_3696726,0,0.0026131647,inner_val
ISIC_3700351,0,0.0035656502,inner_val
ISIC_3701563,0,0.0031051552,inner_val
ISIC_3703408,0,0.03557496,inner_val
ISIC_3705852,0,0.0009909648,inner_val
ISIC_3707360,0,0.012431913,inner_val
ISIC_3707770,0,0.0009244997,inner_val
ISIC_3715736,0,0.0013163985,inner_val
ISIC_3716147,0,0.029370228,inner_val
ISIC_3716686,0,0.007977033,inner_val
ISIC_3718717,0,0.0033363297,inner_val
ISIC_3727292,0,0.0047945115,inner_val
ISIC_3730172,0,0.001419468,inner_val
ISIC_3730238,0,0.019741327,inner_val
ISIC_3731040,0,0.0006492696,inner_val
ISIC_3731815,0,0.0007732751,inner_val
ISIC_3734766,0,0.016605968,inner_val
ISIC_3735337,0,0.0010676938,inner_val
ISIC_3737487,0,0.06611831,inner_val
ISIC_3740201,0,0.0045470875,inner_val
ISIC_3742431,0,0.019420855,inner_val
ISIC_3744835,0,0.051583342,inner_val
ISIC_3745639,0,0.038180742,inner_val
ISIC_3746410,0,0.0005457545,inner_val
ISIC_3749028,0,0.02069546,inner_val
ISIC_3751001,0,0.100279205,inner_val
ISIC_3761634,0,0.003538888,inner_val
ISIC_3762853,0,0.033397775,inner_val
ISIC_3763248,0,0.028941453,inner_val
ISIC_3766837,0,0.0031816424,inner_val
ISIC_3773860,0,0.001615916,inner_val
ISIC_3774190,0,0.033290543,inner_val
ISIC_3779051,0,0.00060038845,inner_val
ISIC_3782372,0,0.042968344,inner_val
ISIC_3783114,0,0.0011374142,inner_val
ISIC_3787994,0,0.064542845,inner_val
ISIC_3788678,0,0.0018153449,inner_val
ISIC_3788873,0,0.00038589782,inner_val
ISIC_3789929,0,0.16905567,inner_val
ISIC_3792450,0,0.0009555411,inner_val
ISIC_3793261,0,0.15776922,inner_val
ISIC_3800974,0,0.0032610544,inner_val
ISIC_3801932,0,0.0038102074,inner_val
ISIC_3802785,0,0.006498122,inner_val
ISIC_3802812,0,0.072118364,inner_val
ISIC_3803947,0,0.0438736,inner_val
ISIC_3806211,0,0.065658785,inner_val
ISIC_3806554,0,0.0003714929,inner_val
ISIC_3808474,0,0.02300999,inner_val
ISIC_3812918,0,0.0030490668,inner_val
ISIC_3816122,0,0.012575691,inner_val
ISIC_3816833,0,0.008396029,inner_val
ISIC_3817292,0,0.00045777255,inner_val
ISIC_3818234,0,0.00015254955,inner_val
ISIC_3820602,0,0.013037353,inner_val
ISIC_3821027,0,0.13749912,inner_val
ISIC_3822815,0,0.03004992,inner_val
ISIC_3822864,0,0.0014005715,inner_val
ISIC_3825739,0,0.0050752936,inner_val
ISIC_3826102,0,0.003169537,inner_val
ISIC_3828455,0,0.00040768855,inner_val
ISIC_3835276,0,0.003411686,inner_val
ISIC_3836023,0,0.073934264,inner_val
ISIC_3838310,0,0.00056464213,inner_val
ISIC_3841073,0,0.024401836,inner_val
ISIC_3843634,0,0.00042514064,inner_val
ISIC_3844484,0,0.022334479,inner_val
ISIC_3846236,0,0.00020688334,inner_val
ISIC_3850432,0,0.0013811233,inner_val
ISIC_3854190,0,0.061730333,inner_val
ISIC_3854989,0,0.0003290473,inner_val
ISIC_3856662,0,0.015882874,inner_val
ISIC_3858405,0,0.03366503,inner_val
ISIC_3862917,0,0.011851903,inner_val
ISIC_3863508,0,0.17202397,inner_val
ISIC_3868370,0,0.0191299,inner_val
ISIC_3872560,0,0.0012201192,inner_val
ISIC_3875267,0,0.0011939344,inner_val
ISIC_3875681,0,0.020397637,inner_val
ISIC_3877413,0,0.0026028412,inner_val
ISIC_3877643,0,0.002010037,inner_val
ISIC_3877981,0,0.06582879,inner_val
ISIC_3878174,0,0.001067016,inner_val
ISIC_3879564,0,0.017139504,inner_val
ISIC_3881897,0,0.0017679216,inner_val
ISIC_3884221,0,0.08558667,inner_val
ISIC_3886001,0,0.0008565419,inner_val
ISIC_3889671,0,0.07682318,inner_val
ISIC_3896737,0,0.01102481,inner_val
ISIC_3898513,0,0.0013375513,inner_val
ISIC_3900327,0,0.0008186182,inner_val
ISIC_3904628,0,0.00031661917,inner_val
ISIC_3910037,0,0.00031258422,inner_val
ISIC_3913441,0,0.06275603,inner_val
ISIC_3913709,0,0.0014198661,inner_val
ISIC_3914743,0,0.0067334156,inner_val
ISIC_3916064,0,0.00031221373,inner_val
ISIC_3916830,0,0.036921475,inner_val
ISIC_3917306,0,0.00014874483,inner_val
ISIC_3919496,0,0.0016004507,inner_val
ISIC_3921769,0,0.021951007,inner_val
ISIC_3924772,0,0.002921032,inner_val
ISIC_3925125,0,0.0015599985,inner_val
ISIC_3925208,0,0.0036330342,inner_val
ISIC_3926972,0,0.009428363,inner_val
ISIC_3931484,0,0.020710489,inner_val
ISIC_3932232,0,0.0022166325,inner_val
ISIC_3936041,0,0.0009794193,inner_val
ISIC_3942075,0,0.07672154,inner_val
ISIC_3943136,0,0.00034727974,inner_val
ISIC_3944634,1,0.08254027,inner_val
ISIC_3946019,0,0.0056767617,inner_val
ISIC_3948560,0,0.0089974785,inner_val
ISIC_3948588,0,0.00045257574,inner_val
ISIC_3952070,0,0.009570055,inner_val
ISIC_3952513,0,0.012967284,inner_val
ISIC_3955302,0,0.0010659173,inner_val
ISIC_3955539,0,0.0016514984,inner_val
ISIC_3957077,0,0.0023484586,inner_val
ISIC_3964848,0,0.037542004,inner_val
ISIC_3967213,0,0.00017931104,inner_val
ISIC_3967953,0,0.0011883321,inner_val
ISIC_3968367,0,0.028894192,inner_val
ISIC_3969181,0,0.022048628,inner_val
ISIC_3969867,0,0.00771324,inner_val
ISIC_3970105,0,0.0008421249,inner_val
ISIC_3971174,0,0.0009737706,inner_val
ISIC_3971625,0,0.0022900684,inner_val
ISIC_3974064,0,0.0009468519,inner_val
ISIC_3979225,0,0.0011879666,inner_val
ISIC_3980606,0,0.00027117968,inner_val
ISIC_3984167,0,0.0014624677,inner_val
ISIC_3984393,0,0.00043342632,inner_val
ISIC_3985104,0,0.034331582,inner_val
ISIC_3994250,0,0.0010158186,inner_val
ISIC_3995579,0,0.08421178,inner_val
ISIC_4004088,0,0.0005576241,inner_val
ISIC_4005585,0,0.019242086,inner_val
ISIC_4005830,0,0.007880744,inner_val
ISIC_4006060,0,0.0053909044,inner_val
ISIC_4007918,0,0.00019090142,inner_val
ISIC_4015288,0,0.009185037,inner_val
ISIC_4015349,0,0.00025318388,inner_val
ISIC_4017765,0,0.09230658,inner_val
ISIC_4020689,0,0.13007742,inner_val
ISIC_4021456,0,0.0258834,inner_val
ISIC_4021645,0,0.15817958,inner_val
ISIC_4022621,0,0.023622796,inner_val
ISIC_4023618,0,0.0008066722,inner_val
ISIC_4023645,0,0.01638149,inner_val
ISIC_4024269,0,0.00027092334,inner_val
ISIC_4026806,0,0.00032362863,inner_val
ISIC_4028402,0,0.0035908155,inner_val
ISIC_4029055,0,0.00017100724,inner_val
ISIC_4030935,0,0.0070622135,inner_val
ISIC_4032170,0,0.00024925437,inner_val
ISIC_4034244,0,0.002373061,inner_val
ISIC_4043423,0,0.030004818,inner_val
ISIC_4044272,0,0.0017611319,inner_val
ISIC_4051128,0,0.007553794,inner_val
ISIC_4052701,0,0.06877865,inner_val
ISIC_4061316,0,0.0014300756,inner_val
ISIC_4063720,0,0.0219515,inner_val
ISIC_4067686,0,0.050779402,inner_val
ISIC_4068365,0,0.0734463,inner_val
ISIC_4068608,0,0.015972247,inner_val
ISIC_4068690,0,0.0017109644,inner_val
ISIC_4073074,0,0.012459284,inner_val
ISIC_4074472,0,0.026776046,inner_val
ISIC_4077798,0,0.0010192037,inner_val
ISIC_4079345,0,0.0026124883,inner_val
ISIC_4081632,0,0.0867435,inner_val
ISIC_4083200,0,0.0019224618,inner_val
ISIC_4083947,0,0.00051303365,inner_val
ISIC_4085552,0,0.23273456,inner_val
ISIC_4086375,0,0.013011197,inner_val
ISIC_4088252,0,0.014419626,inner_val
ISIC_4090494,0,0.060235087,inner_val
ISIC_4090714,0,0.035691466,inner_val
ISIC_4091981,0,0.00075192953,inner_val
ISIC_4094925,0,0.0055410685,inner_val
ISIC_4096361,0,0.0028094302,inner_val
ISIC_4100400,0,0.00030078835,inner_val
ISIC_4102922,0,0.0012528832,inner_val
ISIC_4108397,0,0.00033704643,inner_val
ISIC_4108630,0,0.14954908,inner_val
ISIC_4111600,0,0.0021138065,inner_val
ISIC_4114060,0,0.1748135,inner_val
ISIC_4114269,0,0.024568744,inner_val
ISIC_4115135,0,0.0037954024,inner_val
ISIC_4122125,0,0.001182218,inner_val
ISIC_4127690,0,0.012945784,inner_val
ISIC_4130478,0,0.00041787667,inner_val
ISIC_4131810,0,0.06145573,inner_val
ISIC_4137694,0,0.00049738085,inner_val
ISIC_4142024,0,0.0040300176,inner_val
ISIC_4144198,0,0.0001843497,inner_val
ISIC_4146342,0,0.046888366,inner_val
ISIC_4148681,0,0.021747446,inner_val
ISIC_4153687,0,0.0015867861,inner_val
ISIC_4159420,0,0.02318453,inner_val
ISIC_4159742,0,0.010778195,inner_val
ISIC_4160574,0,0.0002956373,inner_val
ISIC_4161113,0,0.0022023555,inner_val
ISIC_4162354,0,0.0044232453,inner_val
ISIC_4162828,0,0.20537809,inner_val
ISIC_4163686,1,0.008197065,inner_val
ISIC_4163881,0,0.055043556,inner_val
ISIC_4164426,0,0.006245996,inner_val
ISIC_4165214,0,0.00048827793,inner_val
ISIC_4167654,0,0.0012063398,inner_val
ISIC_4176809,0,0.0011021008,inner_val
ISIC_4176815,0,0.039687112,inner_val
ISIC_4186524,0,0.014976962,inner_val
ISIC_4189633,0,0.06787123,inner_val
ISIC_4190706,0,0.00015217197,inner_val
ISIC_4193775,0,0.12080427,inner_val
ISIC_4198421,0,0.19198209,inner_val
ISIC_4200486,0,0.023382738,inner_val
ISIC_4201327,0,0.022064393,inner_val
ISIC_4201571,0,0.0044763815,inner_val
ISIC_4207851,0,0.008697346,inner_val
ISIC_4208361,0,0.03998484,inner_val
ISIC_4210002,0,0.06842671,inner_val
ISIC_4221778,0,0.005824329,inner_val
ISIC_4221820,0,0.00037682895,inner_val
ISIC_4227455,0,0.08309745,inner_val
ISIC_4232726,0,0.06727815,inner_val
ISIC_4232756,0,0.00089179137,inner_val
ISIC_4238548,0,0.002500783,inner_val
ISIC_4241347,0,0.00096731726,inner_val
ISIC_4241907,0,0.000608954,inner_val
ISIC_4247550,0,0.005721299,inner_val
ISIC_4248273,0,0.0017526236,inner_val
ISIC_4249893,0,0.009191743,inner_val
ISIC_4252547,0,0.0045846775,inner_val
ISIC_4253581,0,0.0027306979,inner_val
ISIC_4253846,0,0.0065969676,inner_val
ISIC_4254754,0,0.016155988,inner_val
ISIC_4254809,0,0.0029592193,inner_val
ISIC_4257799,0,0.0263366,inner_val
ISIC_4262925,0,0.00030387827,inner_val
ISIC_4265726,0,0.044757333,inner_val
ISIC_4266157,0,0.01895113,inner_val
ISIC_4267177,0,0.06570833,inner_val
ISIC_4270126,0,0.31998405,inner_val
ISIC_4271140,0,0.0011934624,inner_val
ISIC_4274519,0,0.000607569,inner_val
ISIC_4276255,1,0.053829238,inner_val
ISIC_4276933,0,0.0006576273,inner_val
ISIC_4278569,0,0.004376752,inner_val
ISIC_4278981,0,0.00088281493,inner_val
ISIC_4282719,0,0.29695156,inner_val
ISIC_4283351,0,0.00047567088,inner_val
ISIC_4288307,0,0.0007864202,inner_val
ISIC_4289873,0,0.0048828544,inner_val
ISIC_4293419,0,0.0023478824,inner_val
ISIC_4298761,0,0.023058657,inner_val
ISIC_4299282,0,0.009621345,inner_val
ISIC_4299647,0,0.00954284,inner_val
ISIC_4300657,0,0.00041922202,inner_val
ISIC_4307205,0,0.0019048859,inner_val
ISIC_4307344,0,0.011024671,inner_val
ISIC_4311436,0,0.0026500747,inner_val
ISIC_4312841,0,0.0039427504,inner_val
ISIC_4313352,0,0.0007098426,inner_val
ISIC_4314003,0,0.00036633434,inner_val
ISIC_4314417,0,0.0016386027,inner_val
ISIC_4315107,0,0.00395848,inner_val
ISIC_4317478,0,0.0094537195,inner_val
ISIC_4322954,0,0.022360137,inner_val
ISIC_4324163,0,0.0070272665,inner_val
ISIC_4327247,0,0.17931874,inner_val
ISIC_4327726,0,0.0035027794,inner_val
ISIC_4332846,0,0.0013205921,inner_val
ISIC_4334767,0,0.013665181,inner_val
ISIC_4335080,0,0.0051004495,inner_val
ISIC_4337318,0,0.03291751,inner_val
ISIC_4348579,0,0.014497066,inner_val
ISIC_4350874,0,0.010747825,inner_val
ISIC_4352854,0,0.0070477906,inner_val
ISIC_4354896,0,0.01483767,inner_val
ISIC_4359340,0,0.0119294515,inner_val
ISIC_4361405,0,0.067083895,inner_val
ISIC_4364397,0,0.023025528,inner_val
ISIC_4366055,0,0.007528905,inner_val
ISIC_4367917,0,0.015116957,inner_val
ISIC_4368411,0,0.0015737303,inner_val
ISIC_4368478,0,0.0009083793,inner_val
ISIC_4370751,0,0.00029488682,inner_val
ISIC_4373429,0,0.1571761,inner_val
ISIC_4373835,0,0.00023025674,inner_val
ISIC_4374944,0,0.074247345,inner_val
ISIC_4384016,0,0.0075175758,inner_val
ISIC_4384341,0,0.016155245,inner_val
ISIC_4384861,0,0.0022671851,inner_val
ISIC_4385893,0,0.016438529,inner_val
ISIC_4386659,0,0.0006178189,inner_val
ISIC_4388706,0,0.008912634,inner_val
ISIC_4391942,0,0.0007280178,inner_val
ISIC_4392384,0,0.00036435015,inner_val
ISIC_4393209,0,0.013311769,inner_val
ISIC_4394837,0,0.06686199,inner_val
ISIC_4399411,0,0.0016015598,inner_val
ISIC_4407024,0,0.0015304034,inner_val
ISIC_4415203,0,0.035355087,inner_val
ISIC_4418259,0,0.007848007,inner_val
ISIC_4418458,0,0.00074906123,inner_val
ISIC_4419280,0,0.0018343121,inner_val
ISIC_4423793,0,0.062452175,inner_val
ISIC_4426345,0,0.00033420816,inner_val
ISIC_4427596,0,0.014040339,inner_val
ISIC_4431858,0,0.011266865,inner_val
ISIC_4432898,0,0.11832521,inner_val
ISIC_4433514,0,0.01688936,inner_val
ISIC_4434040,0,0.020939574,inner_val
ISIC_4438597,0,0.0005122059,inner_val
ISIC_4442490,0,0.00019901627,inner_val
ISIC_4443373,0,0.072130874,inner_val
ISIC_4447973,0,0.001001346,inner_val
ISIC_4452233,0,0.0028065303,inner_val
ISIC_4454485,0,0.012230446,inner_val
ISIC_4456975,0,0.0023422642,inner_val
ISIC_4457207,0,0.00036445403,inner_val
ISIC_4462870,0,0.017705256,inner_val
ISIC_4463126,0,0.006207331,inner_val
ISIC_4471367,0,0.00020868184,inner_val
ISIC_4478364,0,0.00017683853,inner_val
ISIC_4480504,0,0.0023776838,inner_val
ISIC_4489229,0,0.00012478822,inner_val
ISIC_4489943,0,0.00031287526,inner_val
ISIC_4490077,0,0.012986213,inner_val
ISIC_4490903,0,0.0011501745,inner_val
ISIC_4495210,0,0.0485965,inner_val
ISIC_4496457,0,0.00046540023,inner_val
ISIC_4497120,0,0.00054474233,inner_val
ISIC_4498012,0,0.0030359842,inner_val
ISIC_4498746,0,0.008697243,inner_val
ISIC_4499109,0,0.015946172,inner_val
ISIC_4499380,0,0.000313392,inner_val
ISIC_4506406,0,0.0043048845,inner_val
ISIC_4506518,0,0.0012232815,inner_val
ISIC_4506930,0,0.01712741,inner_val
ISIC_4507193,0,0.00056186016,inner_val
ISIC_4511841,0,0.005817968,inner_val
ISIC_4513493,0,0.001196252,inner_val
ISIC_4513843,0,0.001477724,inner_val
ISIC_4524422,0,0.006588442,inner_val
ISIC_4524493,0,0.000928541,inner_val
ISIC_4525143,0,0.011400677,inner_val
ISIC_4527758,0,0.0040268456,inner_val
ISIC_4529363,0,0.00045998636,inner_val
ISIC_4532303,0,0.11807331,inner_val
ISIC_4536709,0,0.019307472,inner_val
ISIC_4544879,0,0.015682187,inner_val
ISIC_4545717,0,0.014663103,inner_val
ISIC_4546136,0,0.0013243222,inner_val
ISIC_4547887,0,0.0003577774,inner_val
ISIC_4548356,0,0.017020129,inner_val
ISIC_4548483,0,0.021957623,inner_val
ISIC_4551517,0,0.004977353,inner_val
ISIC_4556455,0,0.00070516195,inner_val
ISIC_4561410,0,0.10314329,inner_val
ISIC_4562352,0,0.034286108,inner_val
ISIC_4563146,0,0.003038648,inner_val
ISIC_4564048,0,0.0013989114,inner_val
ISIC_4564960,0,0.30244595,inner_val
ISIC_4568084,0,0.00232146,inner_val
ISIC_4569383,0,0.0031485222,inner_val
ISIC_4571395,0,0.013814645,inner_val
ISIC_4572286,0,0.0031681769,inner_val
ISIC_4575112,0,0.0006537358,inner_val
ISIC_4581029,0,0.02547418,inner_val
ISIC_4581058,0,0.017385086,inner_val
ISIC_4585372,0,0.0037301872,inner_val
ISIC_4586133,0,0.0053754225,inner_val
ISIC_4587506,0,0.001682103,inner_val
ISIC_4591099,0,0.011059349,inner_val
ISIC_4593224,0,0.00041201164,inner_val
ISIC_4593940,0,0.0017830627,inner_val
ISIC_4597598,0,0.012241552,inner_val
ISIC_4600666,0,0.059417598,inner_val
ISIC_4601046,0,0.0013410527,inner_val
ISIC_4601418,0,0.00049786724,inner_val
ISIC_4602667,0,0.00044184725,inner_val
ISIC_4602983,0,0.002111824,inner_val
ISIC_4605737,0,0.0029664144,inner_val
ISIC_4606283,0,0.011875402,inner_val
ISIC_4610204,0,0.007842034,inner_val
ISIC_4612015,0,0.14574543,inner_val
ISIC_4612744,0,0.00028821378,inner_val
ISIC_4618932,0,0.12659228,inner_val
ISIC_4620192,0,0.0049572117,inner_val
ISIC_4620387,0,0.00088914967,inner_val
ISIC_4624536,0,0.002331057,inner_val
ISIC_4624753,0,0.007486248,inner_val
ISIC_4629184,0,0.0003696277,inner_val
ISIC_4629472,0,0.011182127,inner_val
ISIC_4629476,0,0.00037266628,inner_val
ISIC_4630926,0,0.15660511,inner_val
ISIC_4631509,0,0.10312335,inner_val
ISIC_4632059,0,0.0007990588,inner_val
ISIC_4633003,0,0.018059976,inner_val
ISIC_4634479,0,0.0002614699,inner_val
ISIC_4639099,0,0.020527232,inner_val
ISIC_4640293,0,0.0032118415,inner_val
ISIC_4643939,0,0.024087919,inner_val
ISIC_4647398,0,0.0029756422,inner_val
ISIC_4647804,0,0.00067273807,inner_val
ISIC_4653363,0,0.07975147,inner_val
ISIC_4654225,0,0.008394147,inner_val
ISIC_4655338,0,0.039920557,inner_val
ISIC_4658487,0,0.00024393259,inner_val
ISIC_4658681,0,0.013950245,inner_val
ISIC_4663404,0,0.00021353441,inner_val
ISIC_4669366,0,0.0039807362,inner_val
ISIC_4671738,0,0.00069173065,inner_val
ISIC_4677514,0,0.013931277,inner_val
ISIC_4678416,0,0.0017445193,inner_val
ISIC_4679428,0,0.0065059583,inner_val
ISIC_4680417,0,0.0028338016,inner_val
ISIC_4682438,0,0.0010486445,inner_val
ISIC_4682923,0,0.004223059,inner_val
ISIC_4684171,0,0.010501818,inner_val
ISIC_4691440,0,0.004009838,inner_val
ISIC_4691883,0,0.05577696,inner_val
ISIC_4693693,0,0.38830388,inner_val
ISIC_4698457,0,0.0033407868,inner_val
ISIC_4707552,0,0.012630121,inner_val
ISIC_4708642,0,0.00032625906,inner_val
ISIC_4716997,0,0.004721783,inner_val
ISIC_4718884,0,0.04296302,inner_val
ISIC_4719181,0,0.00037733294,inner_val
ISIC_4719620,0,0.0075486554,inner_val
ISIC_4724943,0,0.048968155,inner_val
ISIC_4726431,0,0.0035914911,inner_val
ISIC_4728589,0,0.0003967866,inner_val
ISIC_4730066,1,0.02461411,inner_val
ISIC_4730074,0,0.002635736,inner_val
ISIC_4732241,0,0.0002868344,inner_val
ISIC_4732460,0,0.0024740607,inner_val
ISIC_4732985,0,0.025440603,inner_val
ISIC_4735699,0,0.0015319897,inner_val
ISIC_4735706,0,0.016101629,inner_val
ISIC_4737109,0,0.00986251,inner_val
ISIC_4742252,0,0.0016176569,inner_val
ISIC_4742488,0,0.0018474753,inner_val
ISIC_4744272,0,0.0072986963,inner_val
ISIC_4749897,0,0.0023394178,inner_val
ISIC_4750973,0,0.00032412296,inner_val
ISIC_4752084,0,0.03487981,inner_val
ISIC_4752144,0,0.0019911134,inner_val
ISIC_4758757,0,0.0041319444,inner_val
ISIC_4760061,0,0.08879513,inner_val
ISIC_4762702,0,0.0028392258,inner_val
ISIC_4763436,0,0.011798018,inner_val
ISIC_4763943,0,0.024081789,inner_val
ISIC_4764292,0,0.00016358726,inner_val
ISIC_4764568,0,0.0010012763,inner_val
ISIC_4765961,0,0.0061676768,inner_val
ISIC_4768021,0,0.0007424024,inner_val
ISIC_4780541,0,0.004008372,inner_val
ISIC_4780793,0,0.012741224,inner_val
ISIC_4781140,0,0.00863654,inner_val
ISIC_4782254,0,0.018888399,inner_val
ISIC_4782878,0,0.022593234,inner_val
ISIC_4783933,0,0.018127633,inner_val
ISIC_4784925,0,0.008383498,inner_val
ISIC_4785358,0,0.0029265396,inner_val
ISIC_4786018,0,0.007982627,inner_val
ISIC_4786942,0,0.0023612485,inner_val
ISIC_4788878,0,0.00021830907,inner_val
ISIC_4796189,0,0.0015574442,inner_val
ISIC_4797654,0,0.007999251,inner_val
ISIC_4800314,0,0.001293973,inner_val
ISIC_4805419,0,0.007191054,inner_val
ISIC_4807196,0,0.012566304,inner_val
ISIC_4808930,0,0.007927483,inner_val
ISIC_4809078,0,0.14277594,inner_val
ISIC_4809996,0,0.031224428,inner_val
ISIC_4812480,0,0.00078886177,inner_val
ISIC_4812508,0,0.0013246905,inner_val
ISIC_4817112,0,0.005654249,inner_val
ISIC_4822306,0,0.0027171862,inner_val
ISIC_4824153,0,0.00025084073,inner_val
ISIC_4826024,0,0.004271117,inner_val
ISIC_4826449,0,0.002429783,inner_val
ISIC_4826839,0,0.0012792631,inner_val
ISIC_4827954,0,0.00033837356,inner_val
ISIC_4832697,0,0.13092792,inner_val
ISIC_4833252,0,0.000569095,inner_val
ISIC_4833303,0,0.0014337861,inner_val
ISIC_4836873,0,0.0020290802,inner_val
ISIC_4840770,0,0.0003959272,inner_val
ISIC_4841705,0,0.0035380388,inner_val
ISIC_4844937,0,0.0036983835,inner_val
ISIC_4846287,0,0.0070765154,inner_val
ISIC_4847287,0,0.0006887738,inner_val
ISIC_4848047,0,0.0028794184,inner_val
ISIC_4848484,0,0.0013366867,inner_val
ISIC_4851366,1,0.20919022,inner_val
ISIC_4859011,0,0.011850457,inner_val
ISIC_4861267,0,0.0044092885,inner_val
ISIC_4862692,0,0.0034383833,inner_val
ISIC_4868982,0,0.0021690375,inner_val
ISIC_4870813,0,0.0030609407,inner_val
ISIC_4872791,0,0.039348774,inner_val
ISIC_4873009,0,0.00032337787,inner_val
ISIC_4877995,0,0.0004048312,inner_val
ISIC_4879050,0,0.0037036636,inner_val
ISIC_4883688,0,0.0012706975,inner_val
ISIC_4884803,0,0.0017110427,inner_val
ISIC_4884879,0,0.011381988,inner_val
ISIC_4886992,0,0.006226288,inner_val
ISIC_4889196,0,0.0076466915,inner_val
ISIC_4890201,0,0.007891697,inner_val
ISIC_4891057,0,0.0011204808,inner_val
ISIC_4894602,0,0.08425515,inner_val
ISIC_4896088,0,0.028116604,inner_val
ISIC_4901330,0,0.030283013,inner_val
ISIC_4903900,0,0.026431138,inner_val
ISIC_4904364,0,0.17631482,inner_val
ISIC_4905331,0,0.0033477033,inner_val
ISIC_4909229,0,0.0016116805,inner_val
ISIC_4910683,0,0.03338746,inner_val
ISIC_4917748,0,0.0011178587,inner_val
ISIC_4919503,0,0.12140492,inner_val
ISIC_4920181,0,0.05155006,inner_val
ISIC_4921130,0,0.0013405419,inner_val
ISIC_4922651,0,0.0012629944,inner_val
ISIC_4925442,0,0.011183159,inner_val
ISIC_4925631,0,0.00085131085,inner_val
ISIC_4927573,0,9.725432e-05,inner_val
ISIC_4929101,0,0.0017862906,inner_val
ISIC_4930632,0,0.00025192308,inner_val
ISIC_4931777,0,0.002489377,inner_val
ISIC_4934323,0,0.0018962052,inner_val
ISIC_4936662,1,0.025967656,inner_val
ISIC_4936702,0,0.0015645042,inner_val
ISIC_4946953,0,0.00191994,inner_val
ISIC_4947726,0,0.0003193972,inner_val
ISIC_4950948,0,0.013516283,inner_val
ISIC_4956766,0,0.00056067127,inner_val
ISIC_4957315,0,0.0006796359,inner_val
ISIC_4965795,0,0.04003669,inner_val
ISIC_4967586,1,0.03177259,inner_val
ISIC_4971047,0,0.0146952905,inner_val
ISIC_4972972,0,0.00737455,inner_val
ISIC_4979624,0,0.064881645,inner_val
ISIC_4980328,0,0.0019140281,inner_val
ISIC_4981344,0,0.012978923,inner_val
ISIC_4984992,0,0.0016561355,inner_val
ISIC_4985369,0,0.005828516,inner_val
ISIC_4988671,0,0.00021788671,inner_val
ISIC_4992702,0,0.00861012,inner_val
ISIC_4993417,0,0.0109644625,inner_val
ISIC_4994445,0,0.0476492,inner_val
ISIC_5000359,0,0.007415572,inner_val
ISIC_5000531,0,0.0020045969,inner_val
ISIC_5001317,0,0.0065638046,inner_val
ISIC_5003226,0,0.001968273,inner_val
ISIC_5003751,0,0.034779657,inner_val
ISIC_5004291,0,0.007850483,inner_val
ISIC_5005961,0,0.00021342633,inner_val
ISIC_5006135,0,0.0035294185,inner_val
ISIC_5008602,0,0.0076746535,inner_val
ISIC_5011331,0,0.07233596,inner_val
ISIC_5011531,0,0.0011973202,inner_val
ISIC_5011583,0,0.0014086055,inner_val
ISIC_5013602,0,0.001370982,inner_val
ISIC_5017874,0,0.031244624,inner_val
ISIC_5022895,0,0.015800223,inner_val
ISIC_5026709,0,0.002019675,inner_val
ISIC_5028612,0,0.012163059,inner_val
ISIC_5028878,0,0.00027983586,inner_val
ISIC_5029636,0,0.0026109957,inner_val
ISIC_5032047,0,0.0012219661,inner_val
ISIC_5032464,0,0.020169651,inner_val
ISIC_5037784,1,0.19549994,inner_val
ISIC_5037796,0,0.010733193,inner_val
ISIC_5042524,0,0.0028137858,inner_val
ISIC_5044766,0,0.013101022,inner_val
ISIC_5046340,0,0.0014346315,inner_val
ISIC_5052760,0,0.0062180297,inner_val
ISIC_5053869,0,0.00097232254,inner_val
ISIC_5053904,0,0.034313824,inner_val
ISIC_5057875,0,0.0008657355,inner_val
ISIC_5064969,0,0.021035863,inner_val
ISIC_5069292,0,0.002283483,inner_val
ISIC_5069412,0,0.003676636,inner_val
ISIC_5069715,0,0.06325812,inner_val
ISIC_5073160,0,0.08101639,inner_val
ISIC_5074129,0,0.00014805177,inner_val
ISIC_5084682,0,0.0026503594,inner_val
ISIC_5086349,1,0.036500324,inner_val
ISIC_5086403,0,0.001068688,inner_val
ISIC_5093070,0,0.028157959,inner_val
ISIC_5099569,0,0.0009084633,inner_val
ISIC_5101218,0,0.0016881307,inner_val
ISIC_5103658,0,0.00035543268,inner_val
ISIC_5103854,0,0.045415074,inner_val
ISIC_5104241,0,0.006021963,inner_val
ISIC_5106545,0,0.0058020093,inner_val
ISIC_5111439,0,0.007224527,inner_val
ISIC_5112908,0,0.0026465633,inner_val
ISIC_5118951,0,0.0018656336,inner_val
ISIC_5120553,0,0.057822935,inner_val
ISIC_5122173,0,0.0051836185,inner_val
ISIC_5122220,0,0.002417151,inner_val
ISIC_5123366,0,0.001197575,inner_val
ISIC_5123817,0,0.0058277203,inner_val
ISIC_5128589,0,0.0017791374,inner_val
ISIC_5130418,0,0.004217444,inner_val
ISIC_5130916,0,0.014770898,inner_val
ISIC_5131198,0,0.002763087,inner_val
ISIC_5131821,0,0.002244131,inner_val
ISIC_5133396,0,0.008489452,inner_val
ISIC_5135858,0,0.0012569502,inner_val
ISIC_5138032,0,0.018931823,inner_val
ISIC_5138700,0,0.012953141,inner_val
ISIC_5140952,1,0.036102705,inner_val
ISIC_5141844,0,0.007233486,inner_val
ISIC_5142088,0,0.0013677868,inner_val
ISIC_5143697,0,0.02798982,inner_val
ISIC_5143786,0,0.0147961425,inner_val
ISIC_5144730,0,0.07082554,inner_val
ISIC_5146245,0,0.004333993,inner_val
ISIC_5148474,0,0.004626452,inner_val
ISIC_5148638,0,0.0053600413,inner_val
ISIC_5150671,0,0.0014303848,inner_val
ISIC_5151428,0,0.01325441,inner_val
ISIC_5152859,0,0.0023397072,inner_val
ISIC_5161114,0,0.11257575,inner_val
ISIC_5162699,0,0.00055362994,inner_val
ISIC_5163976,0,0.14525507,inner_val
ISIC_5164045,0,0.0012387419,inner_val
ISIC_5165286,0,0.00076152716,inner_val
ISIC_5165544,0,0.0014004497,inner_val
ISIC_5168662,0,0.0055143815,inner_val
ISIC_5170821,0,0.037201647,inner_val
ISIC_5173742,0,0.081449986,inner_val
ISIC_5176297,0,0.012892231,inner_val
ISIC_5182841,0,0.0042156503,inner_val
ISIC_5186059,0,0.00047158173,inner_val
ISIC_5187819,0,0.00037078775,inner_val
ISIC_5190484,0,0.001304652,inner_val
ISIC_5192051,0,0.00066129456,inner_val
ISIC_5193810,0,0.0126458835,inner_val
ISIC_5194345,0,0.0034146819,inner_val
ISIC_5194874,0,0.010526051,inner_val
ISIC_5196052,0,0.02038765,inner_val
ISIC_5204029,0,0.00024899596,inner_val
ISIC_5204245,0,0.0047839726,inner_val
ISIC_5204408,0,0.02741386,inner_val
ISIC_5205426,0,0.021537006,inner_val
ISIC_5207738,0,0.014868593,inner_val
ISIC_5209031,0,0.0114898775,inner_val
ISIC_5209265,0,0.001562197,inner_val
ISIC_5209769,0,0.086573355,inner_val
ISIC_5210063,0,0.03367159,inner_val
ISIC_5213792,0,0.005695266,inner_val
ISIC_5214247,0,0.074384235,inner_val
ISIC_5216654,0,0.00598853,inner_val
ISIC_5218739,0,0.028031679,inner_val
ISIC_5220580,0,0.0002929631,inner_val
ISIC_5225355,0,0.027456513,inner_val
ISIC_5226018,0,0.00015840783,inner_val
ISIC_5226371,0,0.00024729394,inner_val
ISIC_5230345,0,0.008171588,inner_val
ISIC_5234605,0,0.09969678,inner_val
ISIC_5234835,0,0.0010465233,inner_val
ISIC_5236367,0,0.003814686,inner_val
ISIC_5237723,0,0.0022141458,inner_val
ISIC_5238111,0,0.002749954,inner_val
ISIC_5239796,0,0.020492306,inner_val
ISIC_5240387,0,0.011365678,inner_val
ISIC_5246130,0,0.0074609364,inner_val
ISIC_5247102,0,0.020523205,inner_val
ISIC_5248304,0,0.0041901497,inner_val
ISIC_5251194,0,0.000482407,inner_val
ISIC_5252709,0,0.0017165003,inner_val
ISIC_5253149,0,0.00029581267,inner_val
ISIC_5255299,0,0.0076550622,inner_val
ISIC_5255922,0,0.00092889316,inner_val
ISIC_5256697,0,0.0040326025,inner_val
ISIC_5259313,0,0.02770329,inner_val
ISIC_5264912,0,0.000641546,inner_val
ISIC_5268507,0,0.00050641096,inner_val
ISIC_5271496,0,0.01736188,inner_val
ISIC_5272602,0,0.0032640393,inner_val
ISIC_5272953,0,0.00043085992,inner_val
ISIC_5273029,0,0.0014191152,inner_val
ISIC_5274992,0,0.0034958888,inner_val
ISIC_5275267,0,0.034019977,inner_val
ISIC_5278307,0,0.108843066,inner_val
ISIC_5284504,0,0.002286317,inner_val
ISIC_5284935,0,0.029226283,inner_val
ISIC_5289926,0,0.013542126,inner_val
ISIC_5292936,0,0.006605182,inner_val
ISIC_5297101,0,0.0117051555,inner_val
ISIC_5300453,0,0.0014815807,inner_val
ISIC_5300455,0,0.019490829,inner_val
ISIC_5300964,0,0.012871101,inner_val
ISIC_5302286,0,0.0025033178,inner_val
ISIC_5303069,0,0.03311357,inner_val
ISIC_5303717,0,0.0042149937,inner_val
ISIC_5307210,0,0.0010259927,inner_val
ISIC_5308066,0,0.0005139053,inner_val
ISIC_5308859,0,0.0001653851,inner_val
ISIC_5309561,0,0.0017103064,inner_val
ISIC_5311458,0,0.009399461,inner_val
ISIC_5312909,0,0.0011627726,inner_val
ISIC_5314534,0,0.05120355,inner_val
ISIC_5317565,0,0.0005793751,inner_val
ISIC_5318217,0,0.00020070981,inner_val
ISIC_5318659,0,0.07329298,inner_val
ISIC_5321144,0,0.0024327866,inner_val
ISIC_5321852,0,0.0002691266,inner_val
ISIC_5325356,0,0.07699844,inner_val
ISIC_5327976,0,0.014256902,inner_val
ISIC_5333356,0,0.00085507525,inner_val
ISIC_5334995,0,0.027848423,inner_val
ISIC_5338510,0,0.015093391,inner_val
ISIC_5339620,0,0.00014854953,inner_val
ISIC_5341021,0,0.22962753,inner_val
ISIC_5341267,0,0.008390119,inner_val
ISIC_5342103,0,0.0059450045,inner_val
ISIC_5346135,0,0.00025155803,inner_val
ISIC_5346504,0,0.0013551976,inner_val
ISIC_5346936,0,0.06635535,inner_val
ISIC_5347806,0,0.0065197963,inner_val
ISIC_5351167,0,0.0013701336,inner_val
ISIC_5351443,0,0.024149455,inner_val
ISIC_5355196,0,0.0046832934,inner_val
ISIC_5357781,0,0.007870631,inner_val
ISIC_5358421,0,0.045624133,inner_val
ISIC_5359621,0,0.0015101065,inner_val
ISIC_5360253,0,0.0017250238,inner_val
ISIC_5365015,0,0.10418555,inner_val
ISIC_5368880,0,0.15068345,inner_val
ISIC_5372911,0,0.022251965,inner_val
ISIC_5376036,0,0.0011836715,inner_val
ISIC_5378379,0,0.027029702,inner_val
ISIC_5380145,0,0.02148979,inner_val
ISIC_5381033,0,0.0032299936,inner_val
ISIC_5381502,0,0.012210679,inner_val
ISIC_5383252,0,0.003371201,inner_val
ISIC_5386739,0,0.0019720702,inner_val
ISIC_5388485,0,0.08030435,inner_val
ISIC_5389652,0,0.0009196921,inner_val
ISIC_5396264,0,0.010938881,inner_val
ISIC_5396459,0,0.000328787,inner_val
ISIC_5397058,0,0.0016716031,inner_val
ISIC_5400609,0,0.044943064,inner_val
ISIC_5400911,0,0.0009237952,inner_val
ISIC_5401671,0,0.000444435,inner_val
ISIC_5402119,0,0.047526024,inner_val
ISIC_5402787,0,0.00207348,inner_val
ISIC_5405889,0,0.00027936776,inner_val
ISIC_5407063,0,0.004384299,inner_val
ISIC_5407191,0,0.007849529,inner_val
ISIC_5407653,0,0.0077997795,inner_val
ISIC_5409902,0,0.0008253224,inner_val
ISIC_5412095,0,0.0024624635,inner_val
ISIC_5413630,0,0.002002873,inner_val
ISIC_5414133,0,0.009641513,inner_val
ISIC_5416567,0,0.03289889,inner_val
ISIC_5422123,0,0.0004493182,inner_val
ISIC_5425366,0,0.0149615565,inner_val
ISIC_5434275,0,0.0257435,inner_val
ISIC_5437785,0,0.008913257,inner_val
ISIC_5440296,0,0.0021052824,inner_val
ISIC_5440360,0,0.010429745,inner_val
ISIC_5441247,0,0.0006013385,inner_val
ISIC_5441597,0,0.03694186,inner_val
ISIC_5442452,0,0.005546618,inner_val
ISIC_5444991,0,0.0658655,inner_val
ISIC_5446957,0,0.04485252,inner_val
ISIC_5449908,0,0.00076257763,inner_val
ISIC_5457442,0,0.095412575,inner_val
ISIC_5457625,0,0.0023140877,inner_val
ISIC_5457826,0,0.03686492,inner_val
ISIC_5458290,0,0.00021501296,inner_val
ISIC_5459997,0,0.041230798,inner_val
ISIC_5464911,0,0.02590499,inner_val
ISIC_5465724,0,0.008974705,inner_val
ISIC_5470000,0,0.0013524462,inner_val
ISIC_5470594,0,0.0011416053,inner_val
ISIC_5476277,0,0.0012683807,inner_val
ISIC_5479774,0,0.004451474,inner_val
ISIC_5485524,0,0.13222986,inner_val
ISIC_5490251,0,0.015466975,inner_val
ISIC_5493359,0,0.0030775473,inner_val
ISIC_5496602,0,0.00016011012,inner_val
ISIC_5498059,0,0.001853458,inner_val
ISIC_5508662,0,0.00046615463,inner_val
ISIC_5513509,0,0.0007198677,inner_val
ISIC_5516082,0,0.0010384659,inner_val
ISIC_5516462,0,0.00063967775,inner_val
ISIC_5518595,0,0.00282908,inner_val
ISIC_5519357,0,0.0017033062,inner_val
ISIC_5523196,0,0.0022964769,inner_val
ISIC_5523637,0,0.00497363,inner_val
ISIC_5524048,0,0.0030521355,inner_val
ISIC_5525765,0,0.003774847,inner_val
ISIC_5526879,0,0.0012839834,inner_val
ISIC_5532680,0,0.0012523899,inner_val
ISIC_5534167,0,0.0032061632,inner_val
ISIC_5536600,0,0.0003900814,inner_val
ISIC_5539001,0,0.00441764,inner_val
ISIC_5540631,0,0.0033400564,inner_val
ISIC_5546806,0,0.021952974,inner_val
ISIC_5547318,0,0.005326912,inner_val
ISIC_5552666,0,0.00084158196,inner_val
ISIC_5553495,0,0.012801964,inner_val
ISIC_5555096,0,0.026063167,inner_val
ISIC_5556498,0,0.00569981,inner_val
ISIC_5557548,0,0.0010794485,inner_val
ISIC_5557806,0,0.0044875536,inner_val
ISIC_5558657,0,0.005036001,inner_val
ISIC_5565279,0,0.0066223373,inner_val
ISIC_5565349,0,0.064942725,inner_val
ISIC_5565696,0,0.00031449043,inner_val
ISIC_5567545,0,0.0031343533,inner_val
ISIC_5569205,0,0.049480356,inner_val
ISIC_5569766,0,0.00043072563,inner_val
ISIC_5573695,0,0.011061373,inner_val
ISIC_5576241,0,0.15974973,inner_val
ISIC_5578239,0,0.0007263961,inner_val
ISIC_5580000,0,0.0010762587,inner_val
ISIC_5580730,0,0.00019889012,inner_val
ISIC_5584181,0,0.05072211,inner_val
ISIC_5588968,0,0.0022416282,inner_val
ISIC_5589724,0,0.0015222338,inner_val
ISIC_5591515,0,0.00024500806,inner_val
ISIC_5592633,0,0.01045851,inner_val
ISIC_5601024,0,0.00040080838,inner_val
ISIC_5602528,0,0.024344994,inner_val
ISIC_5604110,0,0.0034457648,inner_val
ISIC_5605916,0,0.050587144,inner_val
ISIC_5606099,0,0.01586164,inner_val
ISIC_5607148,0,0.02273347,inner_val
ISIC_5607702,0,0.0026138793,inner_val
ISIC_5609541,0,0.014813015,inner_val
ISIC_5609848,0,0.014896922,inner_val
ISIC_5618239,0,0.004120533,inner_val
ISIC_5621546,0,0.001340902,inner_val
ISIC_5622348,0,0.0011815605,inner_val
ISIC_5623579,0,0.0020863824,inner_val
ISIC_5624273,0,0.0002547549,inner_val
ISIC_5624548,0,0.0004772625,inner_val
ISIC_5627269,0,0.004151827,inner_val
ISIC_5628322,0,0.019617705,inner_val
ISIC_5629390,0,0.061879613,inner_val
ISIC_5632905,0,0.019817574,inner_val
ISIC_5638873,0,0.0005922334,inner_val
ISIC_5639070,0,0.0002237135,inner_val
ISIC_5639154,0,0.0007922934,inner_val
ISIC_5644039,0,0.022278601,inner_val
ISIC_5644242,0,0.0015649855,inner_val
ISIC_5644962,0,0.0030083635,inner_val
ISIC_5647697,0,0.008312614,inner_val
ISIC_5650568,0,0.017396739,inner_val
ISIC_5654704,0,0.016055807,inner_val
ISIC_5654839,0,0.0006866549,inner_val
ISIC_5657661,0,0.0037003432,inner_val
ISIC_5660325,0,0.083707884,inner_val
ISIC_5661100,0,0.0017455103,inner_val
ISIC_5674396,0,0.00045456045,inner_val
ISIC_5675298,0,0.004571438,inner_val
ISIC_5678560,0,0.0027810081,inner_val
ISIC_5678799,0,0.021037297,inner_val
ISIC_5683747,0,0.00365884,inner_val
ISIC_5691568,0,0.033697993,inner_val
ISIC_5691740,0,0.20945849,inner_val
ISIC_5695927,0,0.005038716,inner_val
ISIC_5696315,0,0.03848147,inner_val
ISIC_5696426,0,0.0010409569,inner_val
ISIC_5701526,0,0.001108606,inner_val
ISIC_5702748,0,0.011286472,inner_val
ISIC_5703274,0,0.0023235197,inner_val
ISIC_5703639,0,0.00041596996,inner_val
ISIC_5705734,0,0.0032267435,inner_val
ISIC_5707762,0,0.020993093,inner_val
ISIC_5709247,0,0.00035318595,inner_val
ISIC_5714411,1,0.037017792,inner_val
ISIC_5717081,0,0.010708422,inner_val
ISIC_5717763,0,0.006008569,inner_val
ISIC_5719183,0,0.109801434,inner_val
ISIC_5721195,0,0.010922406,inner_val
ISIC_5723974,0,0.014424928,inner_val
ISIC_5726007,0,0.012440429,inner_val
ISIC_5728988,0,0.0025548344,inner_val
ISIC_5729266,0,0.04225769,inner_val
ISIC_5731061,0,0.0025895254,inner_val
ISIC_5734915,0,0.0048511494,inner_val
ISIC_5736292,0,0.0014827593,inner_val
ISIC_5736346,0,0.00123414,inner_val
ISIC_5742875,0,0.00090838625,inner_val
ISIC_5753709,0,0.005741306,inner_val
ISIC_5759054,0,0.0010522498,inner_val
ISIC_5759754,0,0.014079358,inner_val
ISIC_5760047,0,0.0016518129,inner_val
ISIC_5760868,0,0.001803435,inner_val
ISIC_5777169,0,0.0131981755,inner_val
ISIC_5777181,0,0.008474289,inner_val
ISIC_5777548,0,0.26438567,inner_val
ISIC_5777697,0,0.023357099,inner_val
ISIC_5780633,0,0.009105226,inner_val
ISIC_5781089,0,0.002812697,inner_val
ISIC_5784090,0,0.055149775,inner_val
ISIC_5785399,0,0.111444555,inner_val
ISIC_5789575,0,0.00025024448,inner_val
ISIC_5789952,0,0.022226984,inner_val
ISIC_5789994,0,0.00038224238,inner_val
ISIC_5790319,0,0.053318158,inner_val
ISIC_5790865,0,0.004902341,inner_val
ISIC_5792189,0,0.0064606364,inner_val
ISIC_5799433,0,0.004434205,inner_val
ISIC_5802232,0,0.0033125503,inner_val
ISIC_5802768,0,0.035319045,inner_val
ISIC_5803620,0,0.04089603,inner_val
ISIC_5810306,0,0.0022010596,inner_val
ISIC_5814641,0,0.006442829,inner_val
ISIC_5819133,0,0.0005695712,inner_val
ISIC_5821737,0,0.069587484,inner_val
ISIC_5821806,0,0.0017276076,inner_val
ISIC_5826063,0,0.01637126,inner_val
ISIC_5828564,0,0.0008602573,inner_val
ISIC_5829938,1,0.17202711,inner_val
ISIC_5831205,0,0.060130183,inner_val
ISIC_5833689,0,0.0013842593,inner_val
ISIC_5833957,0,0.0016917717,inner_val
ISIC_5836421,0,0.04580608,inner_val
ISIC_5840614,0,0.00065741583,inner_val
ISIC_5841774,0,0.008022266,inner_val
ISIC_5849517,0,0.028219746,inner_val
ISIC_5851248,0,0.021725373,inner_val
ISIC_5852396,0,0.032299742,inner_val
ISIC_5855918,0,0.037187986,inner_val
ISIC_5857303,0,0.00034343143,inner_val
ISIC_5857823,0,0.004147762,inner_val
ISIC_5863672,0,0.0052715004,inner_val
ISIC_5866419,0,0.005038193,inner_val
ISIC_5869480,1,0.16118217,inner_val
ISIC_5872498,0,0.022537777,inner_val
ISIC_5877211,0,0.0023936841,inner_val
ISIC_5879789,0,0.0003284937,inner_val
ISIC_5883331,0,0.01643156,inner_val
ISIC_5885403,0,0.002225242,inner_val
ISIC_5886468,0,0.0006412009,inner_val
ISIC_5888971,0,0.05162382,inner_val
ISIC_5889790,0,0.036312383,inner_val
ISIC_5890896,0,0.07262899,inner_val
ISIC_5891384,1,0.0252599,inner_val
ISIC_5891461,0,0.020432377,inner_val
ISIC_5893544,0,0.0002397257,inner_val
ISIC_5894728,0,0.006936177,inner_val
ISIC_5894764,0,0.0006398787,inner_val
ISIC_5899408,0,0.00022030261,inner_val
ISIC_5900283,0,0.0003075964,inner_val
ISIC_5910413,0,0.0015096809,inner_val
ISIC_5910518,0,0.0013149694,inner_val
ISIC_5912560,0,0.046938427,inner_val
ISIC_5920680,0,0.014909845,inner_val
ISIC_5924487,0,0.0029049776,inner_val
ISIC_5925557,0,0.027190331,inner_val
ISIC_5934696,0,0.010635825,inner_val
ISIC_5937990,0,0.023258617,inner_val
ISIC_5938708,0,0.00065034936,inner_val
ISIC_5942564,0,0.0003090485,inner_val
ISIC_5945155,0,0.0024539102,inner_val
ISIC_5946750,0,0.032771878,inner_val
ISIC_5948901,0,0.00024700174,inner_val
ISIC_5950041,0,0.00012734589,inner_val
ISIC_5954790,0,0.00406985,inner_val
ISIC_5957086,0,0.0013457644,inner_val
ISIC_5960534,0,0.00086027867,inner_val
ISIC_5960765,0,0.0033684657,inner_val
ISIC_5961333,0,0.06968038,inner_val
ISIC_5961619,0,0.009129493,inner_val
ISIC_5963015,0,0.062139515,inner_val
ISIC_5964381,0,0.003753962,inner_val
ISIC_5970338,0,0.004134942,inner_val
ISIC_5971915,0,0.033369955,inner_val
ISIC_5972490,0,0.012439592,inner_val
ISIC_5976532,0,0.00018849832,inner_val
ISIC_5976594,0,0.00046600623,inner_val
ISIC_5977230,0,0.004147352,inner_val
ISIC_5978705,0,0.008792801,inner_val
ISIC_5980439,0,0.0011139372,inner_val
ISIC_5983581,0,0.01454604,inner_val
ISIC_5983666,0,0.001118971,inner_val
ISIC_5988963,0,0.00037956124,inner_val
ISIC_5991112,0,0.000584901,inner_val
ISIC_5994390,0,0.00680807,inner_val
ISIC_5996708,0,0.00034236602,inner_val
ISIC_5997381,0,0.01715334,inner_val
ISIC_5997901,0,0.01927205,inner_val
ISIC_5999028,0,0.010954141,inner_val
ISIC_5999832,0,0.020710401,inner_val
ISIC_6003124,0,0.0014105915,inner_val
ISIC_6005045,0,0.013702947,inner_val
ISIC_6006658,0,0.1626756,inner_val
ISIC_6007360,0,0.0002915173,inner_val
ISIC_6007760,0,0.0018619418,inner_val
ISIC_6014025,0,0.0020315198,inner_val
ISIC_6019539,0,0.12855925,inner_val
ISIC_6020102,0,0.0030257585,inner_val
ISIC_6021556,0,0.0030222868,inner_val
ISIC_6023585,0,0.0035273582,inner_val
ISIC_6025721,0,0.0004279385,inner_val
ISIC_6028510,0,0.091177344,inner_val
ISIC_6029052,0,0.13522641,inner_val
ISIC_6029508,0,0.0011063325,inner_val
ISIC_6033220,0,0.0014012101,inner_val
ISIC_6034721,0,0.024257654,inner_val
ISIC_6039067,0,0.00059720274,inner_val
ISIC_6044518,0,0.0028931166,inner_val
ISIC_6045560,0,0.027710583,inner_val
ISIC_6046442,0,0.0030472002,inner_val
ISIC_6048088,0,0.0042923205,inner_val
ISIC_6050515,0,0.0003408848,inner_val
ISIC_6056295,0,0.014346528,inner_val
ISIC_6056692,0,0.0036320935,inner_val
ISIC_6064946,0,0.0005697143,inner_val
ISIC_6069236,0,0.0009599976,inner_val
ISIC_6073559,0,0.0014146421,inner_val
ISIC_6074454,0,0.054055955,inner_val
ISIC_6075066,0,0.03488989,inner_val
ISIC_6081901,0,0.04104599,inner_val
ISIC_6084191,0,0.028446535,inner_val
ISIC_6085739,0,0.032667648,inner_val
ISIC_6087652,0,0.0037336638,inner_val
ISIC_6088525,0,0.0010161913,inner_val
ISIC_6088974,0,0.00044593218,inner_val
ISIC_6089210,0,0.013577973,inner_val
ISIC_6089817,0,0.0007444665,inner_val
ISIC_6091348,0,0.0068428186,inner_val
ISIC_6094946,0,0.00018504745,inner_val
ISIC_6096163,0,0.00024764196,inner_val
ISIC_6096693,0,0.012036672,inner_val
ISIC_6097000,0,0.022296391,inner_val
ISIC_6097644,0,0.0021953657,inner_val
ISIC_6098768,0,0.0017583081,inner_val
ISIC_6099698,0,0.043803625,inner_val
ISIC_6101007,0,0.06988901,inner_val
ISIC_6104053,0,0.00042306908,inner_val
ISIC_6110309,0,0.05952071,inner_val
ISIC_6110590,0,0.15872005,inner_val
ISIC_6110888,1,0.16539069,inner_val
ISIC_6111487,0,0.008590048,inner_val
ISIC_6112879,0,0.008673529,inner_val
ISIC_6113248,0,0.09312926,inner_val
ISIC_6114646,0,0.0025709525,inner_val
ISIC_6117532,0,0.0021770897,inner_val
ISIC_6118204,0,0.00019612804,inner_val
ISIC_6119830,0,0.0007540186,inner_val
ISIC_6122473,0,0.16830733,inner_val
ISIC_6123672,0,0.06521134,inner_val
ISIC_6124241,0,0.008521276,inner_val
ISIC_6126598,0,0.007843986,inner_val
ISIC_6126775,0,0.0012330572,inner_val
ISIC_6128108,0,0.003909127,inner_val
ISIC_6129538,0,0.05208256,inner_val
ISIC_6133780,0,0.001541482,inner_val
ISIC_6136948,0,0.0014652167,inner_val
ISIC_6137928,0,0.014814797,inner_val
ISIC_6138576,0,0.00013332818,inner_val
ISIC_6140723,0,0.00053894386,inner_val
ISIC_6144433,0,0.010477126,inner_val
ISIC_6145764,0,0.0018654524,inner_val
ISIC_6150014,0,0.0016758778,inner_val
ISIC_6151703,0,0.029371455,inner_val
ISIC_6151842,0,0.019373838,inner_val
ISIC_6155423,0,0.1203306,inner_val
ISIC_6162308,0,0.0038876238,inner_val
ISIC_6164642,0,0.0062588244,inner_val
ISIC_6165499,0,0.0013541578,inner_val
ISIC_6166308,0,0.0015596509,inner_val
ISIC_6168551,0,0.00047360727,inner_val
ISIC_6172538,0,0.00028867688,inner_val
ISIC_6172565,0,0.004399265,inner_val
ISIC_6177670,0,0.031235987,inner_val
ISIC_6178149,0,0.008381717,inner_val
ISIC_6180870,0,0.00022275465,inner_val
ISIC_6180938,0,0.014047544,inner_val
ISIC_6187697,0,0.020157337,inner_val
ISIC_6193134,0,0.0050634756,inner_val
ISIC_6195257,0,0.076801844,inner_val
ISIC_6200040,0,0.034365334,inner_val
ISIC_6200373,0,0.00017358286,inner_val
ISIC_6200688,0,0.00042503286,inner_val
ISIC_6202554,0,0.0025819084,inner_val
ISIC_6204305,0,0.002555347,inner_val
ISIC_6204970,0,0.005101979,inner_val
ISIC_6207535,0,0.0022519084,inner_val
ISIC_6208107,0,0.005681705,inner_val
ISIC_6208222,0,0.0057092276,inner_val
ISIC_6209119,0,0.0004943099,inner_val
ISIC_6209322,0,0.0019068941,inner_val
ISIC_6211483,0,0.0015037196,inner_val
ISIC_6216671,0,0.05217098,inner_val
ISIC_6222431,0,0.00424259,inner_val
ISIC_6222956,0,0.22499873,inner_val
ISIC_6223183,0,0.0011420562,inner_val
ISIC_6225557,0,0.0014901296,inner_val
ISIC_6227942,0,0.0015897024,inner_val
ISIC_6228827,0,0.0040341844,inner_val
ISIC_6236396,0,0.00017866933,inner_val
ISIC_6237799,0,0.011448973,inner_val
ISIC_6238016,0,0.004428544,inner_val
ISIC_6239663,0,0.0029611797,inner_val
ISIC_6243521,0,0.0066794297,inner_val
ISIC_6244896,0,0.014713011,inner_val
ISIC_6250703,0,0.029877117,inner_val
ISIC_6250970,0,0.0033779426,inner_val
ISIC_6251471,0,0.013764789,inner_val
ISIC_6253292,0,0.0006904293,inner_val
ISIC_6254005,0,0.017653234,inner_val
ISIC_6254283,0,0.0013680108,inner_val
ISIC_6256314,0,0.009426573,inner_val
ISIC_6260432,0,0.0014351892,inner_val
ISIC_6260673,0,0.0014395048,inner_val
ISIC_6261648,0,0.00044356482,inner_val
ISIC_6263662,0,0.00017304595,inner_val
ISIC_6264165,0,0.004511075,inner_val
ISIC_6265319,0,0.000176207,inner_val
ISIC_6265890,0,0.119200766,inner_val
ISIC_6269503,0,0.00059850485,inner_val
ISIC_6270437,0,0.0035468235,inner_val
ISIC_6270513,0,0.0017380913,inner_val
ISIC_6270846,0,0.0026265539,inner_val
ISIC_6271218,0,0.00074339675,inner_val
ISIC_6272501,0,0.00092549063,inner_val
ISIC_6273964,0,0.0051391576,inner_val
ISIC_6288696,0,0.019600634,inner_val
ISIC_6289346,0,0.0003564789,inner_val
ISIC_6293227,0,0.20440131,inner_val
ISIC_6296088,0,0.0037550482,inner_val
ISIC_6296099,0,0.014887939,inner_val
ISIC_6298726,0,0.09295238,inner_val
ISIC_6299609,0,0.070074126,inner_val
ISIC_6302291,0,0.00033948992,inner_val
ISIC_6305442,0,0.08064036,inner_val
ISIC_6306333,0,0.00028059006,inner_val
ISIC_6306477,0,0.0082901195,inner_val
ISIC_6315192,0,0.0572777,inner_val
ISIC_6316043,0,0.046062276,inner_val
ISIC_6317597,0,0.00028284674,inner_val
ISIC_6320717,0,0.03464388,inner_val
ISIC_6320876,0,0.020055495,inner_val
ISIC_6323420,0,0.019353125,inner_val
ISIC_6323573,0,0.0010788558,inner_val
ISIC_6325673,0,0.00028484716,inner_val
ISIC_6325797,0,0.0006480353,inner_val
ISIC_6326389,0,0.09532528,inner_val
ISIC_6329930,0,0.00971347,inner_val
ISIC_6331731,0,0.0984406,inner_val
ISIC_6332780,0,0.01261505,inner_val
ISIC_6334015,0,0.00090014946,inner_val
ISIC_6339062,0,0.00028832565,inner_val
ISIC_6341033,0,0.0248092,inner_val
ISIC_6342533,0,0.0036482168,inner_val
ISIC_6342641,0,0.027528165,inner_val
ISIC_6353336,0,0.00544922,inner_val
ISIC_6364958,0,0.0074286615,inner_val
ISIC_6365318,0,0.00591775,inner_val
ISIC_6366677,0,0.079638146,inner_val
ISIC_6370597,0,0.0006577157,inner_val
ISIC_6370792,0,0.020669393,inner_val
ISIC_6371078,0,0.001172134,inner_val
ISIC_6373689,0,0.0010931877,inner_val
ISIC_6375797,0,0.03384826,inner_val
ISIC_6378798,0,0.0058760107,inner_val
ISIC_6381090,0,0.00029016967,inner_val
ISIC_6381197,0,0.010570673,inner_val
ISIC_6381236,0,0.046480257,inner_val
ISIC_6384274,0,0.0012485374,inner_val
ISIC_6385627,0,0.0010911038,inner_val
ISIC_6388531,0,0.011092584,inner_val
ISIC_6388815,0,0.0014270663,inner_val
ISIC_6388940,0,0.006230261,inner_val
ISIC_6391839,0,0.0016663308,inner_val
ISIC_6395861,0,0.12320384,inner_val
ISIC_6397631,0,0.0052417796,inner_val
ISIC_6400714,0,0.00026347156,inner_val
ISIC_6403592,0,0.013123581,inner_val
ISIC_6407190,0,0.0102372365,inner_val
ISIC_6410765,0,0.0017888015,inner_val
ISIC_6411966,0,0.0024247942,inner_val
ISIC_6413346,0,0.0029923525,inner_val
ISIC_6416533,0,0.12135879,inner_val
ISIC_6416889,0,0.049905334,inner_val
ISIC_6418410,0,0.0019909902,inner_val
ISIC_6418515,0,0.014239824,inner_val
ISIC_6419239,0,0.003925673,inner_val
ISIC_6422703,0,0.002856435,inner_val
ISIC_6422791,0,0.072101355,inner_val
ISIC_6430088,0,0.0056904755,inner_val
ISIC_6430210,0,0.005646835,inner_val
ISIC_6430323,0,0.020088602,inner_val
ISIC_6432413,0,0.19816312,inner_val
ISIC_6433084,0,0.15849824,inner_val
ISIC_6433744,0,0.0022864237,inner_val
ISIC_6436107,0,0.0036992745,inner_val
ISIC_6436998,0,0.0002479479,inner_val
ISIC_6437676,0,0.0002288695,inner_val
ISIC_6439380,0,0.032888506,inner_val
ISIC_6440229,0,0.002373141,inner_val
ISIC_6441261,0,0.066319965,inner_val
ISIC_6443984,0,0.0062040812,inner_val
ISIC_6444694,0,0.00015375653,inner_val
ISIC_6445453,0,0.0016721459,inner_val
ISIC_6450123,0,0.008474719,inner_val
ISIC_6450541,0,0.0007114252,inner_val
ISIC_6452498,0,0.07847195,inner_val
ISIC_6455034,0,0.00019908971,inner_val
ISIC_6455160,0,0.014658082,inner_val
ISIC_6455907,0,0.007929635,inner_val
ISIC_6455934,0,0.00048929505,inner_val
ISIC_6467369,0,0.06309366,inner_val
ISIC_6468817,0,0.0023614292,inner_val
ISIC_6469202,0,0.0006727243,inner_val
ISIC_6471878,0,0.0015016991,inner_val
ISIC_6472901,0,0.0010080693,inner_val
ISIC_6473446,0,0.0027943074,inner_val
ISIC_6473449,0,0.09052942,inner_val
ISIC_6473876,0,0.0066526453,inner_val
ISIC_6473894,0,0.067640215,inner_val
ISIC_6474368,0,0.0006138924,inner_val
ISIC_6476351,0,0.03873978,inner_val
ISIC_6476964,0,0.010127289,inner_val
ISIC_6481852,0,0.0013412539,inner_val
ISIC_6482425,0,0.005666925,inner_val
ISIC_6487069,0,0.010861719,inner_val
ISIC_6488089,0,0.010597489,inner_val
ISIC_6488658,0,0.020194361,inner_val
ISIC_6491919,0,0.011704163,inner_val
ISIC_6494965,0,0.00025696403,inner_val
ISIC_6496251,1,0.014258317,inner_val
ISIC_6498790,0,0.035355397,inner_val
ISIC_6499329,0,0.012131394,inner_val
ISIC_6501973,0,0.059496008,inner_val
ISIC_6502825,0,0.002285534,inner_val
ISIC_6505551,0,0.00094607554,inner_val
ISIC_6507492,0,0.00071468606,inner_val
ISIC_6511284,0,0.012764624,inner_val
ISIC_6520237,0,0.0009151267,inner_val
ISIC_6521444,0,0.011671896,inner_val
ISIC_6522126,0,0.013245949,inner_val
ISIC_6522713,0,0.023914518,inner_val
ISIC_6524119,0,0.0017389951,inner_val
ISIC_6526150,0,0.0046609067,inner_val
ISIC_6531410,0,0.00025583757,inner_val
ISIC_6532137,0,0.0011042305,inner_val
ISIC_6535558,1,0.16813013,inner_val
ISIC_6535961,0,0.0072783334,inner_val
ISIC_6544804,0,0.013601772,inner_val
ISIC_6546981,0,0.001954516,inner_val
ISIC_6547275,0,0.010307843,inner_val
ISIC_6550761,0,0.0106204115,inner_val
ISIC_6551980,0,0.023992825,inner_val
ISIC_6552421,0,0.037652906,inner_val
ISIC_6555618,0,0.011202824,inner_val
ISIC_6560677,0,0.015124889,inner_val
ISIC_6563695,0,0.010223689,inner_val
ISIC_6564920,0,0.00052182405,inner_val
ISIC_6572571,0,0.006025943,inner_val
ISIC_6575298,0,0.0033764536,inner_val
ISIC_6577745,0,0.0020083399,inner_val
ISIC_6578862,0,0.0014122139,inner_val
ISIC_6581411,1,0.08059174,inner_val
ISIC_6582297,0,0.00020584934,inner_val
ISIC_6585659,0,0.0036360922,inner_val
ISIC_6590191,0,0.00024815672,inner_val
ISIC_6590303,0,0.003792944,inner_val
ISIC_6590554,0,0.004171599,inner_val
ISIC_6592334,0,0.0032791982,inner_val
ISIC_6595273,0,0.011143504,inner_val
ISIC_6598889,0,0.00050388207,inner_val
ISIC_6603703,0,0.0004950877,inner_val
ISIC_6605912,0,0.008552959,inner_val
ISIC_6606131,0,0.000757175,inner_val
ISIC_6607633,0,0.001421627,inner_val
ISIC_6610220,0,0.04815634,inner_val
ISIC_6610700,0,0.0046367394,inner_val
ISIC_6612188,0,0.009326246,inner_val
ISIC_6613239,0,0.0008784147,inner_val
ISIC_6613992,0,0.00035061955,inner_val
ISIC_6616081,0,0.0045622275,inner_val
ISIC_6618140,0,0.0015087309,inner_val
ISIC_6618799,0,0.02314996,inner_val
ISIC_6620035,0,0.004133887,inner_val
ISIC_6620273,0,0.0026757938,inner_val
ISIC_6625189,0,0.00086521683,inner_val
ISIC_6625253,0,0.04095381,inner_val
ISIC_6625344,0,0.00013676939,inner_val
ISIC_6628607,0,0.0014489891,inner_val
ISIC_6628829,0,0.034433544,inner_val
ISIC_6630610,0,0.008955445,inner_val
ISIC_6634914,0,0.00056653976,inner_val
ISIC_6638065,0,0.0026139375,inner_val
ISIC_6639985,0,0.0114693595,inner_val
ISIC_6641378,0,0.08202579,inner_val
ISIC_6642886,0,0.00818482,inner_val
ISIC_6645328,0,0.00089805014,inner_val
ISIC_6650581,0,0.00071069476,inner_val
ISIC_6652978,0,0.004287418,inner_val
ISIC_6654619,0,0.00034126884,inner_val
ISIC_6665312,0,0.0014069142,inner_val
ISIC_6665401,0,0.00089670304,inner_val
ISIC_6665667,0,0.011190967,inner_val
ISIC_6666623,0,0.00021710969,inner_val
ISIC_6668197,0,0.0001934661,inner_val
ISIC_6673669,0,0.00072917284,inner_val
ISIC_6673956,0,0.024315372,inner_val
ISIC_6674653,0,0.012146947,inner_val
ISIC_6674739,0,0.12483496,inner_val
ISIC_6675773,0,0.0006327032,inner_val
ISIC_6680634,0,0.00037405227,inner_val
ISIC_6681802,0,0.007435946,inner_val
ISIC_6687327,0,0.0011422766,inner_val
ISIC_6689146,0,0.0017827096,inner_val
ISIC_6698114,0,0.0135848075,inner_val
ISIC_6700235,0,0.0002954708,inner_val
ISIC_6704623,0,0.00021747866,inner_val
ISIC_6707991,0,0.003990991,inner_val
ISIC_6708310,0,0.0070182625,inner_val
ISIC_6712655,0,0.00010494941,inner_val
ISIC_6713263,0,0.00027880658,inner_val
ISIC_6715731,0,0.0009914954,inner_val
ISIC_6717452,0,0.005684993,inner_val
ISIC_6722005,0,0.00056542736,inner_val
ISIC_6722934,0,0.010798142,inner_val
ISIC_6725045,0,0.003960219,inner_val
ISIC_6728496,0,0.0010195359,inner_val
ISIC_6739204,0,0.0013609896,inner_val
ISIC_6739241,0,0.08013152,inner_val
ISIC_6742185,0,0.041517217,inner_val
ISIC_6743860,0,0.00027507474,inner_val
ISIC_6745062,0,0.012301713,inner_val
ISIC_6753831,0,0.00057369156,inner_val
ISIC_6756474,0,0.036120396,inner_val
ISIC_6757533,0,0.13466692,inner_val
ISIC_6757674,0,0.00049778895,inner_val
ISIC_6757682,0,0.0024190121,inner_val
ISIC_6759615,0,0.0010532999,inner_val
ISIC_6760984,0,0.0040685125,inner_val
ISIC_6760986,0,0.00091369526,inner_val
ISIC_6762833,0,0.00045572102,inner_val
ISIC_6763221,0,0.0050832215,inner_val
ISIC_6765909,0,0.00066153944,inner_val
ISIC_6767038,0,0.00056691683,inner_val
ISIC_6767379,0,0.00022664282,inner_val
ISIC_6769445,0,0.002374906,inner_val
ISIC_6778515,0,0.0015163277,inner_val
ISIC_6778936,0,0.00027825424,inner_val
ISIC_6780841,0,0.18628457,inner_val
ISIC_6783285,0,0.00078613736,inner_val
ISIC_6786974,0,0.0039629648,inner_val
ISIC_6787039,0,0.0001418032,inner_val
ISIC_6800044,0,0.00017455532,inner_val
ISIC_6800115,0,0.014146879,inner_val
ISIC_6808543,0,0.06789926,inner_val
ISIC_6809329,0,0.07565829,inner_val
ISIC_6810183,0,0.03763402,inner_val
ISIC_6810607,0,0.0022494947,inner_val
ISIC_6815451,0,0.0090917535,inner_val
ISIC_6815964,0,0.00029900626,inner_val
ISIC_6820289,0,0.0015001369,inner_val
ISIC_6821459,0,0.022031108,inner_val
ISIC_6822870,0,0.0006601209,inner_val
ISIC_6822917,0,0.0005112333,inner_val
ISIC_6828892,0,0.0012288322,inner_val
ISIC_6829008,1,0.0098328125,inner_val
ISIC_6837656,0,0.00038506492,inner_val
ISIC_6839272,0,0.0088086445,inner_val
ISIC_6844752,0,0.00050914264,inner_val
ISIC_6846376,0,0.0013655643,inner_val
ISIC_6847618,0,0.0202382,inner_val
ISIC_6851073,0,0.008970126,inner_val
ISIC_6851122,0,0.0005424543,inner_val
ISIC_6862411,0,0.00016715456,inner_val
ISIC_6863391,0,0.04023752,inner_val
ISIC_6864484,0,0.0032868064,inner_val
ISIC_6867543,0,0.0039453637,inner_val
ISIC_6872685,0,0.010193999,inner_val
ISIC_6873847,0,0.006896839,inner_val
ISIC_6876281,0,0.0003842939,inner_val
ISIC_6878417,0,0.0051632808,inner_val
ISIC_6884378,0,0.039192412,inner_val
ISIC_6891226,0,0.00023342588,inner_val
ISIC_6898502,0,0.00041497542,inner_val
ISIC_6899397,0,0.003914149,inner_val
ISIC_6900559,0,0.015898243,inner_val
ISIC_6902487,0,0.011208424,inner_val
ISIC_6906953,0,0.024353055,inner_val
ISIC_6910922,0,0.0004563742,inner_val
ISIC_6910956,0,0.0025927112,inner_val
ISIC_6911252,0,0.009766716,inner_val
ISIC_6918302,0,0.007241456,inner_val
ISIC_6918981,0,0.013545287,inner_val
ISIC_6926090,0,0.008162438,inner_val
ISIC_6928990,0,0.007965868,inner_val
ISIC_6932951,0,0.0038888995,inner_val
ISIC_6933296,0,0.09205442,inner_val
ISIC_6933350,0,0.0011307923,inner_val
ISIC_6938682,0,0.000944355,inner_val
ISIC_6943610,0,0.0026500116,inner_val
ISIC_6948462,0,0.0006842023,inner_val
ISIC_6953334,0,0.014512531,inner_val
ISIC_6954994,0,0.023255492,inner_val
ISIC_6961503,1,0.06742354,inner_val
ISIC_6962990,0,0.0127171995,inner_val
ISIC_6963318,0,0.0003683401,inner_val
ISIC_6965417,0,0.0066504558,inner_val
ISIC_6968124,0,0.0013367427,inner_val
ISIC_6969393,0,0.0012162304,inner_val
ISIC_6971473,0,0.008878741,inner_val
ISIC_6971579,0,0.018033015,inner_val
ISIC_6971970,0,0.0042564175,inner_val
ISIC_6974830,0,0.049667783,inner_val
ISIC_6976494,0,0.018726915,inner_val
ISIC_6977092,0,0.00116862,inner_val
ISIC_6982406,0,0.062778935,inner_val
ISIC_6983347,0,0.00061271957,inner_val
ISIC_6985114,0,0.008054501,inner_val
ISIC_6985988,0,0.003450556,inner_val
ISIC_6985996,0,0.0006048921,inner_val
ISIC_6987824,0,0.07573298,inner_val
ISIC_6989592,0,0.009441996,inner_val
ISIC_6993690,0,0.0011813353,inner_val
ISIC_6993830,0,0.013655108,inner_val
ISIC_6994237,0,0.014193166,inner_val
ISIC_6996606,0,0.001980284,inner_val
ISIC_6997436,0,0.0066774273,inner_val
ISIC_7001063,0,0.024327897,inner_val
ISIC_7001584,0,0.0074779196,inner_val
ISIC_7002496,0,0.0025944442,inner_val
ISIC_7004652,0,0.037218355,inner_val
ISIC_7004857,0,0.0024836008,inner_val
ISIC_7011793,0,0.011051826,inner_val
ISIC_7012349,0,0.010470302,inner_val
ISIC_7016255,0,0.06010313,inner_val
ISIC_7017547,0,0.006204955,inner_val
ISIC_7017711,0,0.0067189685,inner_val
ISIC_7019211,0,0.021972077,inner_val
ISIC_7020578,0,0.021408916,inner_val
ISIC_7030461,0,0.0005001013,inner_val
ISIC_7031550,0,0.001381812,inner_val
ISIC_7035368,0,0.016375415,inner_val
ISIC_7038742,0,0.0020251675,inner_val
ISIC_7044032,0,0.16446076,inner_val
ISIC_7044840,0,0.0108485045,inner_val
ISIC_7049442,0,0.00023492475,inner_val
ISIC_7054053,0,0.006757302,inner_val
ISIC_7057515,0,0.002341394,inner_val
ISIC_7059794,0,0.00043945486,inner_val
ISIC_7061003,0,0.015782932,inner_val
ISIC_7065522,0,0.0062770015,inner_val
ISIC_7066393,0,0.0031439818,inner_val
ISIC_7068674,0,0.0004684406,inner_val
ISIC_7070020,1,0.26213136,inner_val
ISIC_7070384,0,0.00014876795,inner_val
ISIC_7073270,0,0.00036259438,inner_val
ISIC_7074763,0,0.00090384757,inner_val
ISIC_7077029,0,0.00023918667,inner_val
ISIC_7078487,0,0.017659074,inner_val
ISIC_7079349,1,0.12904404,inner_val
ISIC_7088774,0,0.0009153124,inner_val
ISIC_7089788,0,0.00022830503,inner_val
ISIC_7097507,0,0.00060424674,inner_val
ISIC_7098141,1,0.07184659,inner_val
ISIC_7107910,0,0.0019090552,inner_val
ISIC_7108277,0,0.0046878452,inner_val
ISIC_7109582,0,0.14857817,inner_val
ISIC_7110699,0,0.0016825061,inner_val
ISIC_7110889,0,0.0024819048,inner_val
ISIC_7115931,0,0.14379549,inner_val
ISIC_7117554,0,0.0037084506,inner_val
ISIC_7119992,0,0.0005002071,inner_val
ISIC_7124160,0,0.010361461,inner_val
ISIC_7124623,0,0.025828313,inner_val
ISIC_7124766,0,0.0045545674,inner_val
ISIC_7125870,0,0.0038480966,inner_val
ISIC_7126274,0,0.013938063,inner_val
ISIC_7128535,0,0.23570752,inner_val
ISIC_7129134,0,0.000938847,inner_val
ISIC_7129509,0,0.000121904486,inner_val
ISIC_7129901,0,0.00014936538,inner_val
ISIC_7132222,0,0.027434403,inner_val
ISIC_7133051,0,0.0006775302,inner_val
ISIC_7134476,0,0.022537902,inner_val
ISIC_7135859,0,0.010315464,inner_val
ISIC_7139532,0,0.0017435704,inner_val
ISIC_7139908,0,0.0023488877,inner_val
ISIC_7141361,0,0.0008289456,inner_val
ISIC_7141965,0,0.004405424,inner_val
ISIC_7143533,0,0.0017146838,inner_val
ISIC_7146904,0,0.018042378,inner_val
ISIC_7148289,0,0.0034267355,inner_val
ISIC_7149484,0,0.002519905,inner_val
ISIC_7151508,0,0.0091354465,inner_val
ISIC_7153718,0,0.0017278723,inner_val
ISIC_7155505,0,0.0059864754,inner_val
ISIC_7164970,0,0.002754012,inner_val
ISIC_7166676,0,0.12397344,inner_val
ISIC_7168151,0,0.0008313424,inner_val
ISIC_7173639,0,0.00031653617,inner_val
ISIC_7175873,0,0.02533316,inner_val
ISIC_7178155,0,0.045405257,inner_val
ISIC_7182917,0,0.003708942,inner_val
ISIC_7184491,0,0.0011891264,inner_val
ISIC_7185036,0,0.0010822465,inner_val
ISIC_7186410,0,0.0007330166,inner_val
ISIC_7186503,0,0.06019134,inner_val
ISIC_7187713,0,0.020130942,inner_val
ISIC_7189073,0,0.0050517973,inner_val
ISIC_7190175,0,0.013809496,inner_val
ISIC_7192157,0,0.032072414,inner_val
ISIC_7194377,0,0.0020417531,inner_val
ISIC_7194569,0,0.017034918,inner_val
ISIC_7198492,0,0.00013046378,inner_val
ISIC_7200497,0,0.0025879361,inner_val
ISIC_7201222,0,0.022773743,inner_val
ISIC_7204370,0,0.0011353743,inner_val
ISIC_7205745,1,0.0043923073,inner_val
ISIC_7207080,0,0.0003145657,inner_val
ISIC_7211590,0,0.000284288,inner_val
ISIC_7212975,0,0.0009944078,inner_val
ISIC_7213231,0,0.021235649,inner_val
ISIC_7215208,0,0.0006721549,inner_val
ISIC_7215375,0,0.000857421,inner_val
ISIC_7215643,0,0.003620602,inner_val
ISIC_7216585,0,0.013420493,inner_val
ISIC_7222438,0,0.13749096,inner_val
ISIC_7223327,0,0.010363191,inner_val
ISIC_7226974,0,0.0007068985,inner_val
ISIC_7228822,0,0.0039267046,inner_val
ISIC_7229357,0,0.012867072,inner_val
ISIC_7230898,0,0.00015593508,inner_val
ISIC_7231369,0,0.003439745,inner_val
ISIC_7246852,0,0.025250006,inner_val
ISIC_7254249,0,0.010523076,inner_val
ISIC_7255445,0,0.004837977,inner_val
ISIC_7255891,0,0.00044678955,inner_val
ISIC_7257380,0,0.0044930144,inner_val
ISIC_7259400,0,0.0012383756,inner_val
ISIC_7260977,0,0.00035663694,inner_val
ISIC_7261681,0,0.00047634353,inner_val
ISIC_7264231,0,0.13451013,inner_val
ISIC_7268592,0,0.004627642,inner_val
ISIC_7270233,0,0.03643615,inner_val
ISIC_7271718,0,0.0118415095,inner_val
ISIC_7276864,0,0.042335745,inner_val
ISIC_7278885,0,0.0005721151,inner_val
ISIC_7282415,0,0.0077824765,inner_val
ISIC_7282441,0,0.13905467,inner_val
ISIC_7284377,0,0.020409994,inner_val
ISIC_7291453,0,0.00078117213,inner_val
ISIC_7296462,0,0.019441938,inner_val
ISIC_7299025,0,0.006653786,inner_val
ISIC_7301963,0,0.0002735015,inner_val
ISIC_7304480,0,0.004913729,inner_val
ISIC_7307860,0,0.0005336636,inner_val
ISIC_7310249,0,0.031589124,inner_val
ISIC_7311624,0,0.044977505,inner_val
ISIC_7313348,0,0.0007960313,inner_val
ISIC_7315468,0,0.0052087004,inner_val
ISIC_7317646,0,0.014868468,inner_val
ISIC_7323761,0,0.0029103332,inner_val
ISIC_7327423,1,0.16094095,inner_val
ISIC_7330564,0,0.0039144275,inner_val
ISIC_7331098,0,0.0005255951,inner_val
ISIC_7331382,0,0.010135874,inner_val
ISIC_7333167,0,0.005035614,inner_val
ISIC_7333928,0,0.0006892676,inner_val
ISIC_7334758,0,0.015014883,inner_val
ISIC_7334783,0,0.0034867134,inner_val
ISIC_7335659,0,0.0005746528,inner_val
ISIC_7339138,0,0.0027640918,inner_val
ISIC_7342914,0,0.069969155,inner_val
ISIC_7352175,0,0.005707723,inner_val
ISIC_7352886,0,0.011947169,inner_val
ISIC_7353097,0,0.0003385252,inner_val
ISIC_7357436,0,0.010432369,inner_val
ISIC_7358625,0,0.002867318,inner_val
ISIC_7359014,0,0.00017253897,inner_val
ISIC_7365523,0,0.016180456,inner_val
ISIC_7366144,0,0.00081157236,inner_val
ISIC_7368544,0,0.023045292,inner_val
ISIC_7369690,0,0.07576293,inner_val
ISIC_7372081,0,0.0050290343,inner_val
ISIC_7375240,0,0.06583611,inner_val
ISIC_7376243,0,0.0006624543,inner_val
ISIC_7383521,0,0.042142205,inner_val
ISIC_7385430,0,0.005802777,inner_val
ISIC_7386566,0,0.0020745716,inner_val
ISIC_7386891,0,0.0013001041,inner_val
ISIC_7391160,0,0.026347823,inner_val
ISIC_7397129,0,0.010183636,inner_val
ISIC_7402440,0,0.0019182285,inner_val
ISIC_7404638,0,0.036382828,inner_val
ISIC_7407847,0,0.00028314732,inner_val
ISIC_7412559,0,0.0016875586,inner_val
ISIC_7413149,0,0.043107506,inner_val
ISIC_7416702,0,0.0010544735,inner_val
ISIC_7416783,0,0.043667916,inner_val
ISIC_7417678,0,0.029873071,inner_val
ISIC_7430054,0,0.04770779,inner_val
ISIC_7433711,0,0.22441909,inner_val
ISIC_7438675,0,0.0041522193,inner_val
ISIC_7441957,0,0.05039394,inner_val
ISIC_7443928,0,0.0011258181,inner_val
ISIC_7447716,0,0.028578138,inner_val
ISIC_7450481,0,0.0127408635,inner_val
ISIC_7452348,0,0.023740428,inner_val
ISIC_7452871,0,0.03128096,inner_val
ISIC_7453895,0,0.013357379,inner_val
ISIC_7454487,0,0.00066558016,inner_val
ISIC_7456891,0,0.0012336927,inner_val
ISIC_7457488,0,0.014869251,inner_val
ISIC_7457750,0,0.18933713,inner_val
ISIC_7460887,1,0.15990224,inner_val
ISIC_7462628,0,0.0002775344,inner_val
ISIC_7465237,0,0.00020304487,inner_val
ISIC_7465944,0,0.0012885623,inner_val
ISIC_7465990,0,0.01598704,inner_val
ISIC_7473338,0,0.0003273071,inner_val
ISIC_7473469,0,0.0015650236,inner_val
ISIC_7474655,0,0.0034293581,inner_val
ISIC_7476849,0,0.0077051166,inner_val
ISIC_7478024,0,0.00052130426,inner_val
ISIC_7478847,0,0.0009567783,inner_val
ISIC_7479548,0,0.061115474,inner_val
ISIC_7483552,0,0.06861057,inner_val
ISIC_7486266,0,0.0976255,inner_val
ISIC_7490776,0,0.0010490133,inner_val
ISIC_7492374,0,0.00021721901,inner_val
ISIC_7497699,0,0.002217893,inner_val
ISIC_7500238,0,0.0033813657,inner_val
ISIC_7504276,0,0.0017380831,inner_val
ISIC_7509284,0,0.014834423,inner_val
ISIC_7511365,0,0.00072753435,inner_val
ISIC_7514830,0,0.03392757,inner_val
ISIC_7515463,0,0.005813509,inner_val
ISIC_7519627,0,0.010326004,inner_val
ISIC_7520058,0,0.0017816798,inner_val
ISIC_7521457,0,0.011534297,inner_val
ISIC_7523226,0,0.0013882634,inner_val
ISIC_7525320,0,0.008930976,inner_val
ISIC_7526548,0,0.0072497902,inner_val
ISIC_7529513,0,0.014831196,inner_val
ISIC_7529560,0,0.00043773605,inner_val
ISIC_7531073,0,0.0013008094,inner_val
ISIC_7533116,0,0.004403312,inner_val
ISIC_7540354,0,0.0054639834,inner_val
ISIC_7542722,0,0.0036124864,inner_val
ISIC_7544537,0,0.015920632,inner_val
ISIC_7545549,0,0.22577819,inner_val
ISIC_7547058,0,0.001541269,inner_val
ISIC_7547714,0,0.05776786,inner_val
ISIC_7550917,0,0.0020437778,inner_val
ISIC_7558912,0,0.00072581245,inner_val
ISIC_7560495,0,0.009817912,inner_val
ISIC_7560723,0,0.00030050403,inner_val
ISIC_7563371,0,0.0013660039,inner_val
ISIC_7567699,0,0.013077638,inner_val
ISIC_7570495,0,0.006407718,inner_val
ISIC_7573559,0,0.0006518243,inner_val
ISIC_7574101,0,0.07887297,inner_val
ISIC_7577197,0,0.00040678593,inner_val
ISIC_7581388,0,0.010452787,inner_val
ISIC_7582315,0,0.02906536,inner_val
ISIC_7582765,0,0.00047966107,inner_val
ISIC_7583768,0,0.00011674856,inner_val
ISIC_7587078,0,0.0045356946,inner_val
ISIC_7587513,0,0.000537657,inner_val
ISIC_7588132,0,0.0893231,inner_val
ISIC_7589004,0,0.00048239794,inner_val
ISIC_7589300,0,0.00032264067,inner_val
ISIC_7592406,0,0.0009958053,inner_val
ISIC_7595351,0,0.0014719253,inner_val
ISIC_7596526,0,0.00026526317,inner_val
ISIC_7599973,0,0.00225079,inner_val
ISIC_7600279,0,0.006313704,inner_val
ISIC_7601936,0,0.0022702515,inner_val
ISIC_7603320,0,0.0019256878,inner_val
ISIC_7604178,0,0.0002455614,inner_val
ISIC_7616427,0,0.0021678095,inner_val
ISIC_7618103,0,0.0009335561,inner_val
ISIC_7619467,0,0.0011458625,inner_val
ISIC_7619491,0,0.00028876387,inner_val
ISIC_7626256,1,0.10184478,inner_val
ISIC_7628328,0,0.0023253718,inner_val
ISIC_7630208,0,0.037560098,inner_val
ISIC_7630831,0,0.00019693718,inner_val
ISIC_7633322,0,0.0010904378,inner_val
ISIC_7636321,0,0.00354858,inner_val
ISIC_7640835,0,0.00057937426,inner_val
ISIC_7641231,0,0.00042804293,inner_val
ISIC_7641956,0,0.012410483,inner_val
ISIC_7642991,0,0.004915758,inner_val
ISIC_7643966,0,0.009048707,inner_val
ISIC_7644093,0,0.008995672,inner_val
ISIC_7646954,0,0.0010679195,inner_val
ISIC_7648111,0,0.0017450949,inner_val
ISIC_7649708,0,0.0012098299,inner_val
ISIC_7649986,0,0.036852866,inner_val
ISIC_7652731,0,0.007560517,inner_val
ISIC_7654071,0,0.0049213967,inner_val
ISIC_7654211,0,0.0013506095,inner_val
ISIC_7659833,0,0.010035931,inner_val
ISIC_7661559,0,0.034976486,inner_val
ISIC_7662910,1,0.17408523,inner_val
ISIC_7663033,0,0.03262814,inner_val
ISIC_7663719,0,0.0015610385,inner_val
ISIC_7667157,0,0.0005699101,inner_val
ISIC_7668749,0,0.002861116,inner_val
ISIC_7670304,0,0.23983966,inner_val
ISIC_7671802,0,0.0046280967,inner_val
ISIC_7676485,0,0.07304657,inner_val
ISIC_7680333,0,0.0064160055,inner_val
ISIC_7682984,0,0.010232543,inner_val
ISIC_7685853,0,0.0010287337,inner_val
ISIC_7687367,0,0.054396104,inner_val
ISIC_7687848,0,0.00028811514,inner_val
ISIC_7693611,1,0.065590926,inner_val
ISIC_7696732,0,0.006543135,inner_val
ISIC_7697366,0,0.0004840077,inner_val
ISIC_7699392,0,0.0049256342,inner_val
ISIC_7700463,0,0.00977929,inner_val
ISIC_7705867,0,0.0014986286,inner_val
ISIC_7707720,0,0.03186504,inner_val
ISIC_7715260,0,0.012318312,inner_val
ISIC_7716088,0,0.0010697168,inner_val
ISIC_7716168,0,0.0030957314,inner_val
ISIC_7717552,0,0.0041809315,inner_val
ISIC_7717907,0,0.0022603797,inner_val
ISIC_7720684,0,0.021644527,inner_val
ISIC_7722716,0,0.031095667,inner_val
ISIC_7725971,0,0.0019986054,inner_val
ISIC_7727908,0,0.008229677,inner_val
ISIC_7730443,0,0.094041705,inner_val
ISIC_7731447,0,0.019431388,inner_val
ISIC_7731786,0,0.013167557,inner_val
ISIC_7733890,0,0.0001514622,inner_val
ISIC_7736423,0,0.0055970517,inner_val
ISIC_7738065,0,0.016619397,inner_val
ISIC_7738761,0,0.0018376216,inner_val
ISIC_7740004,0,0.0073775738,inner_val
ISIC_7744262,0,0.00016388686,inner_val
ISIC_7746409,0,0.006333311,inner_val
ISIC_7748144,0,0.00027228802,inner_val
ISIC_7748899,0,0.0135591,inner_val
ISIC_7755875,0,0.009724894,inner_val
ISIC_7756006,0,0.009422821,inner_val
ISIC_7756373,0,0.03224522,inner_val
ISIC_7757763,0,0.0002566443,inner_val
ISIC_7764021,0,0.11518472,inner_val
ISIC_7764847,0,0.0034312878,inner_val
ISIC_7765038,0,0.0023657558,inner_val
ISIC_7765193,0,0.014650736,inner_val
ISIC_7766704,0,0.005812986,inner_val
ISIC_7770394,0,0.0002019555,inner_val
ISIC_7776593,0,0.010511797,inner_val
ISIC_7777176,0,0.0012848085,inner_val
ISIC_7780098,0,0.013554127,inner_val
ISIC_7782274,0,0.22102016,inner_val
ISIC_7783346,0,0.030381072,inner_val
ISIC_7788567,0,0.022439595,inner_val
ISIC_7788814,0,0.006556191,inner_val
ISIC_7789537,0,0.38848677,inner_val
ISIC_7796822,0,0.00026300878,inner_val
ISIC_7799968,0,0.001661841,inner_val
ISIC_7800750,1,0.07334962,inner_val
ISIC_7806381,0,0.0008511287,inner_val
ISIC_7807526,0,0.005897654,inner_val
ISIC_7818740,0,0.017772697,inner_val
ISIC_7818763,0,0.0029851343,inner_val
ISIC_7818799,0,0.02556923,inner_val
ISIC_7819707,0,0.013660286,inner_val
ISIC_7822178,0,0.0075829807,inner_val
ISIC_7831645,0,0.007988044,inner_val
ISIC_7834075,0,0.0008768393,inner_val
ISIC_7835537,0,0.017832262,inner_val
ISIC_7838524,0,0.0014699446,inner_val
ISIC_7840165,0,0.001576038,inner_val
ISIC_7841993,0,0.017089298,inner_val
ISIC_7844565,0,0.0010929268,inner_val
ISIC_7845702,0,0.031053813,inner_val
ISIC_7847667,0,0.00023370469,inner_val
ISIC_7850134,0,0.008588762,inner_val
ISIC_7852280,0,0.00033482813,inner_val
ISIC_7852465,0,0.025509039,inner_val
ISIC_7852855,0,0.00059399486,inner_val
ISIC_7854663,0,0.004221888,inner_val
ISIC_7855286,0,0.017102199,inner_val
ISIC_7859098,0,0.00038782888,inner_val
ISIC_7860012,0,0.00049306115,inner_val
ISIC_7861718,0,0.00094534026,inner_val
ISIC_7861911,0,0.0005005541,inner_val
ISIC_7861942,0,0.00031521954,inner_val
ISIC_7862068,0,0.00081582996,inner_val
ISIC_7872595,1,0.030194517,inner_val
ISIC_7875088,0,0.049569417,inner_val
ISIC_7876737,0,0.13305134,inner_val
ISIC_7877034,0,0.0055808863,inner_val
ISIC_7877488,0,0.050021566,inner_val
ISIC_7882022,0,0.0041439743,inner_val
ISIC_7886188,0,0.00042378958,inner_val
ISIC_7887321,0,0.011344983,inner_val
ISIC_7889838,0,0.002271894,inner_val
ISIC_7894744,0,0.0007445031,inner_val
ISIC_7897484,0,0.0036405572,inner_val
ISIC_7902978,0,0.0005914225,inner_val
ISIC_7904250,0,0.0023273958,inner_val
ISIC_7904411,0,0.00044617415,inner_val
ISIC_7907665,0,0.027088309,inner_val
ISIC_7914631,1,0.07985678,inner_val
ISIC_7915595,0,0.06581045,inner_val
ISIC_7923745,0,0.028428065,inner_val
ISIC_7928614,0,0.0011861331,inner_val
ISIC_7929919,0,0.0003889993,inner_val
ISIC_7933774,0,0.07779986,inner_val
ISIC_7935528,0,0.0017217392,inner_val
ISIC_7936149,0,0.019026766,inner_val
ISIC_7936559,0,0.038711824,inner_val
ISIC_7948461,0,0.0055671814,inner_val
ISIC_7948728,0,0.0015714413,inner_val
ISIC_7948999,0,0.06732577,inner_val
ISIC_7950729,0,0.00839202,inner_val
ISIC_7951186,0,0.007845289,inner_val
ISIC_7951857,0,0.0007169955,inner_val
ISIC_7951995,0,0.041596204,inner_val
ISIC_7954325,0,0.0005252526,inner_val
ISIC_7959202,0,0.0006945017,inner_val
ISIC_7959339,0,0.03211382,inner_val
ISIC_7960920,0,0.011201921,inner_val
ISIC_7961805,0,0.021346657,inner_val
ISIC_7964757,0,0.00026770734,inner_val
ISIC_7964819,0,0.0026368042,inner_val
ISIC_7973296,0,0.00020555964,inner_val
ISIC_7973340,0,0.0018872082,inner_val
ISIC_7973500,0,0.00026245991,inner_val
ISIC_7973564,0,0.028339313,inner_val
ISIC_7975420,0,0.018603634,inner_val
ISIC_7975678,0,0.020174854,inner_val
ISIC_7980482,0,0.0013409045,inner_val
ISIC_7982020,0,0.009456636,inner_val
ISIC_7983553,0,0.012518244,inner_val
ISIC_7988517,0,0.00081323454,inner_val
ISIC_7990641,0,0.0501497,inner_val
ISIC_7992584,0,0.08035725,inner_val
ISIC_7994337,0,0.00020597302,inner_val
ISIC_7997132,0,0.00040818748,inner_val
ISIC_7997639,0,0.0062795714,inner_val
ISIC_8002456,0,0.049057618,inner_val
ISIC_8004013,0,0.0023789462,inner_val
ISIC_8010381,0,0.0028741101,inner_val
ISIC_8011253,0,0.093002364,inner_val
ISIC_8012737,0,0.006831619,inner_val
ISIC_8013179,0,0.062179115,inner_val
ISIC_8014513,0,0.00047204853,inner_val
ISIC_8015441,0,0.00093287503,inner_val
ISIC_8019487,0,0.024233384,inner_val
ISIC_8021960,0,0.003285485,inner_val
ISIC_8023338,0,0.022865633,inner_val
ISIC_8023705,0,0.00645272,inner_val
ISIC_8023823,0,0.00083271717,inner_val
ISIC_8025011,0,0.009745469,inner_val
ISIC_8025852,0,0.0018266421,inner_val
ISIC_8027491,0,0.0047028204,inner_val
ISIC_8028682,0,0.0019536018,inner_val
ISIC_8029120,0,0.012993549,inner_val
ISIC_8033373,0,0.00023619818,inner_val
ISIC_8034587,0,0.008368432,inner_val
ISIC_8035608,0,0.008894894,inner_val
ISIC_8036363,0,0.0075377175,inner_val
ISIC_8044983,0,0.060895618,inner_val
ISIC_8047080,0,0.00021459431,inner_val
ISIC_8047129,0,0.0020623254,inner_val
ISIC_8047316,0,0.002073634,inner_val
ISIC_8051628,0,0.0017205856,inner_val
ISIC_8051791,0,0.091419965,inner_val
ISIC_8052559,0,0.035216857,inner_val
ISIC_8052877,0,0.00044489087,inner_val
ISIC_8054626,0,0.023908323,inner_val
ISIC_8054710,0,0.03694779,inner_val
ISIC_8056974,0,0.00074569066,inner_val
ISIC_8063080,0,0.0021869359,inner_val
ISIC_8064866,0,0.0066962624,inner_val
ISIC_8065001,0,0.00093227613,inner_val
ISIC_8065633,0,0.014088635,inner_val
ISIC_8066110,1,0.0086537525,inner_val
ISIC_8066994,0,0.0065485365,inner_val
ISIC_8070074,0,0.07232529,inner_val
ISIC_8070555,0,0.03673557,inner_val
ISIC_8073036,0,0.008340691,inner_val
ISIC_8076451,0,0.0048629316,inner_val
ISIC_8078525,0,0.0023109415,inner_val
ISIC_8078589,0,0.008803853,inner_val
ISIC_8079008,0,0.15069625,inner_val
ISIC_8081676,0,0.00343537,inner_val
ISIC_8083174,0,0.00012488096,inner_val
ISIC_8086919,0,0.013908722,inner_val
ISIC_8092018,0,0.0019896282,inner_val
ISIC_8095877,0,0.073856324,inner_val
ISIC_8096541,0,0.18883222,inner_val
ISIC_8097610,0,0.0046316916,inner_val
ISIC_8100185,0,0.005131457,inner_val
ISIC_8102676,0,0.0025115449,inner_val
ISIC_8106591,0,0.0037548377,inner_val
ISIC_8108046,0,0.015709512,inner_val
ISIC_8108720,0,0.0049998546,inner_val
ISIC_8116421,0,0.0043082745,inner_val
ISIC_8117468,0,0.0062477007,inner_val
ISIC_8124436,0,0.061920274,inner_val
ISIC_8124482,0,0.02414149,inner_val
ISIC_8125684,0,0.0004273087,inner_val
ISIC_8126172,0,0.0028093236,inner_val
ISIC_8128927,0,0.0017866375,inner_val
ISIC_8129362,0,0.031863954,inner_val
ISIC_8130596,0,0.016075844,inner_val
ISIC_8132196,0,0.018477757,inner_val
ISIC_8133350,1,0.09570702,inner_val
ISIC_8141348,0,0.0012712386,inner_val
ISIC_8145195,0,0.00979633,inner_val
ISIC_8146629,0,0.020745996,inner_val
ISIC_8148759,0,0.031431653,inner_val
ISIC_8153123,0,0.022916604,inner_val
ISIC_8158285,0,0.039165452,inner_val
ISIC_8160576,0,0.040923502,inner_val
ISIC_8161933,0,0.006012432,inner_val
ISIC_8165293,0,0.075891085,inner_val
ISIC_8170665,0,0.005122052,inner_val
ISIC_8172170,0,0.116693445,inner_val
ISIC_8174981,0,0.00086760434,inner_val
ISIC_8189028,0,0.0013631566,inner_val
ISIC_8190308,0,0.00044549545,inner_val
ISIC_8190603,0,0.0060195033,inner_val
ISIC_8191639,0,0.018236214,inner_val
ISIC_8191696,0,0.0007525836,inner_val
ISIC_8191985,0,0.018613651,inner_val
ISIC_8194835,1,0.07473182,inner_val
ISIC_8195729,0,0.019375812,inner_val
ISIC_8196660,0,0.04865548,inner_val
ISIC_8199947,0,0.008211045,inner_val
ISIC_8202184,0,0.021139149,inner_val
ISIC_8202586,0,0.0057273703,inner_val
ISIC_8206400,0,0.001220189,inner_val
ISIC_8214071,0,0.00027237835,inner_val
ISIC_8217328,0,0.0009617273,inner_val
ISIC_8219342,0,0.011301199,inner_val
ISIC_8222181,0,0.016273208,inner_val
ISIC_8228433,0,0.01427539,inner_val
ISIC_8231704,0,0.04618268,inner_val
ISIC_8233211,0,0.045824476,inner_val
ISIC_8235663,0,0.0061441865,inner_val
ISIC_8239309,0,0.1368266,inner_val
ISIC_8241422,0,0.00044613605,inner_val
ISIC_8247499,0,0.03887774,inner_val
ISIC_8247802,0,0.0133305965,inner_val
ISIC_8248109,0,0.00044416395,inner_val
ISIC_8248707,0,0.002441074,inner_val
ISIC_8249834,0,0.087789066,inner_val
ISIC_8249854,1,0.041100446,inner_val
ISIC_8252406,1,0.17060743,inner_val
ISIC_8252558,0,0.010870647,inner_val
ISIC_8252886,0,0.0011447215,inner_val
ISIC_8253317,0,0.005974828,inner_val
ISIC_8255176,0,0.026226081,inner_val
ISIC_8258907,0,0.00025792426,inner_val
ISIC_8269660,0,0.00019100505,inner_val
ISIC_8270254,0,0.00075947406,inner_val
ISIC_8270405,0,0.1897512,inner_val
ISIC_8276053,0,0.004334598,inner_val
ISIC_8277845,0,0.0026193324,inner_val
ISIC_8278308,0,0.026929911,inner_val
ISIC_8282954,0,0.0010203714,inner_val
ISIC_8286826,0,0.0013332741,inner_val
ISIC_8288656,0,0.08799663,inner_val
ISIC_8289518,0,0.00062875677,inner_val
ISIC_8293834,0,0.00448805,inner_val
ISIC_8295152,0,0.01248439,inner_val
ISIC_8296246,0,0.0043643126,inner_val
ISIC_8296881,0,0.0012551341,inner_val
ISIC_8299820,0,0.00728886,inner_val
ISIC_8305581,0,0.00062192284,inner_val
ISIC_8311165,0,0.005607191,inner_val
ISIC_8311363,0,0.0021018332,inner_val
ISIC_8322005,0,0.0035300797,inner_val
ISIC_8324787,0,0.015879551,inner_val
ISIC_8325569,0,0.115990765,inner_val
ISIC_8329292,0,0.02707072,inner_val
ISIC_8329709,0,0.010194633,inner_val
ISIC_8331313,0,0.07060023,inner_val
ISIC_8332339,0,0.00019863748,inner_val
ISIC_8332695,0,0.009054219,inner_val
ISIC_8333592,0,0.0028165127,inner_val
ISIC_8337820,0,0.00028028633,inner_val
ISIC_8338141,0,0.0006857184,inner_val
ISIC_8338775,0,0.009436012,inner_val
ISIC_8342541,0,0.014653392,inner_val
ISIC_8344196,0,0.00054666534,inner_val
ISIC_8344948,0,0.008275581,inner_val
ISIC_8347739,0,0.00024704012,inner_val
ISIC_8356904,0,0.002882362,inner_val
ISIC_8357133,0,0.12807658,inner_val
ISIC_8357415,0,0.0047097025,inner_val
ISIC_8359258,0,0.009640625,inner_val
ISIC_8366327,0,0.010443387,inner_val
ISIC_8366553,0,0.00086062297,inner_val
ISIC_8370239,0,0.0011682432,inner_val
ISIC_8372381,0,0.00021103492,inner_val
ISIC_8375021,0,0.0011340923,inner_val
ISIC_8375123,0,0.00023644243,inner_val
ISIC_8375699,0,0.08108144,inner_val
ISIC_8375982,0,0.049191862,inner_val
ISIC_8378029,0,0.00076504546,inner_val
ISIC_8378376,0,0.004064318,inner_val
ISIC_8380039,0,0.0057376926,inner_val
ISIC_8380676,0,0.00025630585,inner_val
ISIC_8380874,0,0.03036295,inner_val
ISIC_8391394,0,0.012491405,inner_val
ISIC_8392065,0,0.06428365,inner_val
ISIC_8394030,0,0.003754442,inner_val
ISIC_8395701,0,0.00093713467,inner_val
ISIC_8403824,0,0.0001685076,inner_val
ISIC_8404470,0,0.013356927,inner_val
ISIC_8404950,0,0.000516958,inner_val
ISIC_8405555,0,0.0070116,inner_val
ISIC_8407218,0,0.0023021793,inner_val
ISIC_8409421,0,0.022849172,inner_val
ISIC_8409850,0,0.017973304,inner_val
ISIC_8409977,0,0.06386413,inner_val
ISIC_8412401,0,0.0009770413,inner_val
ISIC_8413593,0,0.00063604297,inner_val
ISIC_8413760,0,0.038866356,inner_val
ISIC_8414421,0,0.0005950074,inner_val
ISIC_8420927,0,0.028788852,inner_val
ISIC_8421033,0,0.0013158678,inner_val
ISIC_8431681,0,0.008383881,inner_val
ISIC_8433108,0,0.00042353477,inner_val
ISIC_8435125,0,0.0012041613,inner_val
ISIC_8435736,0,0.0013375761,inner_val
ISIC_8437480,0,0.0012671575,inner_val
ISIC_8437493,1,0.29877773,inner_val
ISIC_8438802,0,0.019042462,inner_val
ISIC_8439307,0,0.06277827,inner_val
ISIC_8441293,0,0.010913022,inner_val
ISIC_8441905,0,0.002987728,inner_val
ISIC_8443984,0,0.0025771533,inner_val
ISIC_8444919,0,0.011690359,inner_val
ISIC_8447315,0,0.0063424306,inner_val
ISIC_8447658,0,0.00066324935,inner_val
ISIC_8448473,0,0.0046125483,inner_val
ISIC_8449660,0,0.00039947443,inner_val
ISIC_8452718,0,0.010238377,inner_val
ISIC_8455853,0,0.00784654,inner_val
ISIC_8455866,0,0.001479747,inner_val
ISIC_8458440,0,0.01647978,inner_val
ISIC_8458843,0,0.09437499,inner_val
ISIC_8460093,0,0.0021972237,inner_val
ISIC_8465152,0,0.0060452586,inner_val
ISIC_8466745,0,0.0023375023,inner_val
ISIC_8466805,0,0.0008796804,inner_val
ISIC_8467834,0,0.12099349,inner_val
ISIC_8468512,0,0.014045259,inner_val
ISIC_8475324,0,0.013682628,inner_val
ISIC_8483799,0,0.043068714,inner_val
ISIC_8484867,0,0.0030935116,inner_val
ISIC_8487959,0,0.0035807854,inner_val
ISIC_8488204,0,0.00042052046,inner_val
ISIC_8492731,0,0.00020994314,inner_val
ISIC_8493108,1,0.038669083,inner_val
ISIC_8493313,0,0.0011123944,inner_val
ISIC_8493401,0,0.00241511,inner_val
ISIC_8496245,0,0.038932674,inner_val
ISIC_8498454,0,0.014345484,inner_val
ISIC_8498777,0,0.00068157277,inner_val
ISIC_8500876,0,0.026929023,inner_val
ISIC_8501248,0,0.04804352,inner_val
ISIC_8503192,0,0.04592689,inner_val
ISIC_8503961,0,0.01698242,inner_val
ISIC_8505098,0,0.002462193,inner_val
ISIC_8507809,0,0.00030685507,inner_val
ISIC_8510644,0,0.00085068034,inner_val
ISIC_8512716,0,0.002337093,inner_val
ISIC_8513112,0,0.000581131,inner_val
ISIC_8513649,0,0.006990754,inner_val
ISIC_8515281,0,0.00022468956,inner_val
ISIC_8516631,0,0.01280003,inner_val
ISIC_8521162,0,0.017762503,inner_val
ISIC_8523143,0,0.00036719657,inner_val
ISIC_8523423,0,0.0028651538,inner_val
ISIC_8524137,0,0.007143638,inner_val
ISIC_8524457,0,0.0011179599,inner_val
ISIC_8526513,0,0.0036889268,inner_val
ISIC_8527092,1,0.20714171,inner_val
ISIC_8531541,0,0.00030032443,inner_val
ISIC_8536913,0,0.000430006,inner_val
ISIC_8540111,0,0.0027810056,inner_val
ISIC_8545949,1,0.17629303,inner_val
ISIC_8547536,0,0.00073334714,inner_val
ISIC_8554535,0,0.004590204,inner_val
ISIC_8555379,0,0.068063885,inner_val
ISIC_8555610,0,0.0045954487,inner_val
ISIC_8556629,0,0.0067414413,inner_val
ISIC_8557006,0,0.0006016154,inner_val
ISIC_8557624,0,0.0058858963,inner_val
ISIC_8559778,0,0.0071026976,inner_val
ISIC_8561864,0,0.001137345,inner_val
ISIC_8566006,1,0.13786723,inner_val
ISIC_8568520,0,0.0491596,inner_val
ISIC_8570402,0,0.025323447,inner_val
ISIC_8570917,0,0.00020639315,inner_val
ISIC_8571168,0,0.011092567,inner_val
ISIC_8574363,0,0.0006905773,inner_val
ISIC_8574407,0,0.049753685,inner_val
ISIC_8577523,0,0.000252363,inner_val
ISIC_8577970,0,0.0041717696,inner_val
ISIC_8580692,0,0.00067799364,inner_val
ISIC_8582918,0,0.09503234,inner_val
ISIC_8583462,0,0.0006882046,inner_val
ISIC_8587556,0,0.0097674485,inner_val
ISIC_8587822,0,0.014514638,inner_val
ISIC_8592827,0,0.062607534,inner_val
ISIC_8595133,0,0.003477558,inner_val
ISIC_8597158,0,0.00031476608,inner_val
ISIC_8603493,0,0.0021540402,inner_val
ISIC_8609756,1,0.035246905,inner_val
ISIC_8612113,0,0.0001634968,inner_val
ISIC_8612828,0,0.0010733175,inner_val
ISIC_8617145,0,0.006725954,inner_val
ISIC_8620064,0,0.00030120846,inner_val
ISIC_8621723,0,0.0005986115,inner_val
ISIC_8622941,0,0.0011968407,inner_val
ISIC_8623291,0,0.070581555,inner_val
ISIC_8623743,0,0.00116014,inner_val
ISIC_8624230,0,0.026517546,inner_val
ISIC_8628723,0,0.041420035,inner_val
ISIC_8629084,0,0.0011987305,inner_val
ISIC_8629308,0,0.019174555,inner_val
ISIC_8630963,0,0.00031694476,inner_val
ISIC_8631304,0,0.0012457928,inner_val
ISIC_8632929,0,0.00018421441,inner_val
ISIC_8633512,0,0.059112158,inner_val
ISIC_8634670,0,0.00058753404,inner_val
ISIC_8635849,0,0.02603381,inner_val
ISIC_8639128,0,0.0015851356,inner_val
ISIC_8641048,0,0.0012101267,inner_val
ISIC_8643675,0,0.00027625271,inner_val
ISIC_8644092,0,0.00014150131,inner_val
ISIC_8649251,0,0.00021606062,inner_val
ISIC_8651541,0,0.054434896,inner_val
ISIC_8651863,0,0.0028387522,inner_val
ISIC_8653009,0,0.00085189956,inner_val
ISIC_8655487,0,0.00048264817,inner_val
ISIC_8657381,0,0.006972371,inner_val
ISIC_8657895,0,0.0115235485,inner_val
ISIC_8658618,0,0.0025650444,inner_val
ISIC_8663291,0,0.027145445,inner_val
ISIC_8663353,0,0.0016383586,inner_val
ISIC_8664196,0,0.005985307,inner_val
ISIC_8667319,0,0.0008922601,inner_val
ISIC_8675105,0,0.0007308985,inner_val
ISIC_8685259,0,0.007113453,inner_val
ISIC_8689284,0,0.057137407,inner_val
ISIC_8692006,0,0.00024711268,inner_val
ISIC_8693823,0,0.026212405,inner_val
ISIC_8698452,0,0.13722673,inner_val
ISIC_8698578,0,0.0008273326,inner_val
ISIC_8699796,0,0.00067115534,inner_val
ISIC_8700156,0,0.00069865,inner_val
ISIC_8700706,0,0.00053921744,inner_val
ISIC_8700740,0,0.0044496953,inner_val
ISIC_8703375,0,0.007487116,inner_val
ISIC_8706667,0,0.002575559,inner_val
ISIC_8711983,0,0.001849307,inner_val
ISIC_8712028,0,0.00049369084,inner_val
ISIC_8715507,0,0.0077967383,inner_val
ISIC_8716533,0,0.0002359848,inner_val
ISIC_8719134,0,0.0001321813,inner_val
ISIC_8723397,0,0.020082477,inner_val
ISIC_8724944,1,0.1504564,inner_val
ISIC_8725334,0,0.0075584967,inner_val
ISIC_8726948,0,0.00705268,inner_val
ISIC_8731219,0,0.0006234671,inner_val
ISIC_8738797,0,0.0010097409,inner_val
ISIC_8742034,0,0.015041773,inner_val
ISIC_8742277,0,0.00039514195,inner_val
ISIC_8742972,0,0.008547057,inner_val
ISIC_8745884,0,0.00021575185,inner_val
ISIC_8748253,0,0.006620496,inner_val
ISIC_8751106,0,0.06035245,inner_val
ISIC_8755239,0,0.0039092046,inner_val
ISIC_8756011,0,0.00012705078,inner_val
ISIC_8760731,0,0.001924093,inner_val
ISIC_8761972,0,0.0063549713,inner_val
ISIC_8769391,0,0.00030265178,inner_val
ISIC_8772241,0,0.0039086943,inner_val
ISIC_8773568,0,0.0019570142,inner_val
ISIC_8779013,0,0.0021612328,inner_val
ISIC_8779202,0,0.00051079877,inner_val
ISIC_8783000,0,0.019469826,inner_val
ISIC_8783066,0,0.003282404,inner_val
ISIC_8790885,0,0.014558527,inner_val
ISIC_8795968,0,0.16016144,inner_val
ISIC_8803537,0,0.0043473137,inner_val
ISIC_8806180,0,0.0016788346,inner_val
ISIC_8806647,0,0.08289575,inner_val
ISIC_8806941,0,0.00039733283,inner_val
ISIC_8808909,0,0.0006718721,inner_val
ISIC_8809821,0,0.0050547007,inner_val
ISIC_8813078,0,0.02421037,inner_val
ISIC_8818102,0,0.010717989,inner_val
ISIC_8819163,0,0.064480014,inner_val
ISIC_8819519,0,0.00058991794,inner_val
ISIC_8820527,0,0.0042233635,inner_val
ISIC_8820668,0,0.0022971686,inner_val
ISIC_8821017,0,0.008510514,inner_val
ISIC_8821259,0,0.003898837,inner_val
ISIC_8822331,0,0.0015587051,inner_val
ISIC_8822738,0,0.0015763605,inner_val
ISIC_8823875,0,0.066741586,inner_val
ISIC_8825731,0,0.00379515,inner_val
ISIC_8827745,0,0.0005560627,inner_val
ISIC_8828327,0,0.0024814585,inner_val
ISIC_8828770,0,0.0014175822,inner_val
ISIC_8829480,0,0.0138321575,inner_val
ISIC_8832449,0,0.00044661836,inner_val
ISIC_8834282,0,0.02242852,inner_val
ISIC_8838213,0,0.0035203123,inner_val
ISIC_8841384,0,0.00037009522,inner_val
ISIC_8845339,0,0.0013179271,inner_val
ISIC_8847638,0,0.00013873915,inner_val
ISIC_8849458,0,0.00032594008,inner_val
ISIC_8851036,0,0.0030624645,inner_val
ISIC_8853249,0,0.012815362,inner_val
ISIC_8855790,0,0.08434018,inner_val
ISIC_8862118,0,0.028463105,inner_val
ISIC_8862858,0,0.001269133,inner_val
ISIC_8862911,0,0.00016310971,inner_val
ISIC_8862967,0,0.044814743,inner_val
ISIC_8864811,0,0.0025527778,inner_val
ISIC_8867127,0,0.011599925,inner_val
ISIC_8868978,0,0.0035216862,inner_val
ISIC_8871092,0,0.03146527,inner_val
ISIC_8872422,0,0.0019862736,inner_val
ISIC_8873823,0,0.010186178,inner_val
ISIC_8873943,0,0.010110138,inner_val
ISIC_8875702,0,0.016217884,inner_val
ISIC_8875762,0,0.0015743258,inner_val
ISIC_8876880,0,0.0061018956,inner_val
ISIC_8883577,0,0.02000865,inner_val
ISIC_8887142,0,0.006710973,inner_val
ISIC_8888087,0,0.010378632,inner_val
ISIC_8889199,0,0.06301112,inner_val
ISIC_8889425,0,0.008006914,inner_val
ISIC_8889856,0,0.0006572448,inner_val
ISIC_8892663,0,0.0010300998,inner_val
ISIC_8892766,0,0.008238999,inner_val
ISIC_8893030,0,0.001542252,inner_val
ISIC_8893501,0,0.013536967,inner_val
ISIC_8894305,0,0.00026720678,inner_val
ISIC_8898552,0,0.0055626035,inner_val
ISIC_8901371,0,0.05121511,inner_val
ISIC_8903932,0,0.01373026,inner_val
ISIC_8904326,0,0.02129378,inner_val
ISIC_8905157,0,0.11784883,inner_val
ISIC_8906583,0,0.00034102588,inner_val
ISIC_8908280,0,0.033379793,inner_val
ISIC_8909618,0,0.020255936,inner_val
ISIC_8909957,0,0.0030667756,inner_val
ISIC_8913074,0,0.029459085,inner_val
ISIC_8913166,0,0.0002652662,inner_val
ISIC_8914978,0,0.015574851,inner_val
ISIC_8922111,0,0.0026746653,inner_val
ISIC_8923393,0,0.0016053667,inner_val
ISIC_8925378,0,0.06453024,inner_val
ISIC_8928166,0,0.011733807,inner_val
ISIC_8931012,0,0.002461865,inner_val
ISIC_8940715,0,0.02051302,inner_val
ISIC_8942401,0,0.0012861394,inner_val
ISIC_8943344,0,0.00046876262,inner_val
ISIC_8943855,0,0.0013437952,inner_val
ISIC_8943906,0,0.0014175411,inner_val
ISIC_8944716,0,0.026159342,inner_val
ISIC_8956614,0,0.02852335,inner_val
ISIC_8957490,0,0.00067476515,inner_val
ISIC_8957886,0,0.01716841,inner_val
ISIC_8958656,0,0.14300606,inner_val
ISIC_8959928,0,0.00027723686,inner_val
ISIC_8961663,0,0.026770057,inner_val
ISIC_8962375,0,0.0016283683,inner_val
ISIC_8963614,0,0.0021719052,inner_val
ISIC_8965320,0,0.023548378,inner_val
ISIC_8966567,0,0.0041331258,inner_val
ISIC_8966915,0,0.02037455,inner_val
ISIC_8977878,0,0.010784374,inner_val
ISIC_8981166,0,0.00059787737,inner_val
ISIC_8981301,0,0.0021906912,inner_val
ISIC_8986785,0,0.0004876428,inner_val
ISIC_8993666,0,0.00024187559,inner_val
ISIC_8994153,0,0.0018149266,inner_val
ISIC_8996654,0,0.000889032,inner_val
ISIC_8998017,0,0.0025116606,inner_val
ISIC_8998190,0,0.0098592,inner_val
ISIC_9000901,0,0.0011737322,inner_val
ISIC_9003062,0,0.009644978,inner_val
ISIC_9004374,0,0.017828805,inner_val
ISIC_9008095,0,0.000558883,inner_val
ISIC_9009242,0,0.0006597281,inner_val
ISIC_9010907,0,0.006445613,inner_val
ISIC_9012536,0,0.00020931353,inner_val
ISIC_9012868,0,0.000586955,inner_val
ISIC_9013023,0,0.00039827952,inner_val
ISIC_9013554,0,0.0007074596,inner_val
ISIC_9014098,0,0.006848359,inner_val
ISIC_9016601,0,0.00029210714,inner_val
ISIC_9018338,0,0.0025282574,inner_val
ISIC_9025263,0,0.098435484,inner_val
ISIC_9030482,0,0.024207352,inner_val
ISIC_9031637,0,0.028174276,inner_val
ISIC_9032302,0,0.00037954593,inner_val
ISIC_9034411,0,0.01837639,inner_val
ISIC_9035181,0,0.0033480772,inner_val
ISIC_9037499,0,0.014559642,inner_val
ISIC_9046478,0,0.0061866045,inner_val
ISIC_9047184,0,0.0063909884,inner_val
ISIC_9051856,0,0.0023496142,inner_val
ISIC_9054603,0,0.0032816005,inner_val
ISIC_9056246,0,0.0006079079,inner_val
ISIC_9056422,0,0.17691523,inner_val
ISIC_9056577,0,0.002072614,inner_val
ISIC_9056935,0,0.095307805,inner_val
ISIC_9057417,0,0.012025358,inner_val
ISIC_9059632,0,0.0028192124,inner_val
ISIC_9062530,0,0.001241221,inner_val
ISIC_9063429,0,0.0003695489,inner_val
ISIC_9064668,0,0.08012183,inner_val
ISIC_9066066,0,0.0002928606,inner_val
ISIC_9069537,0,0.00040222346,inner_val
ISIC_9081595,0,0.0023859616,inner_val
ISIC_9081663,0,0.0043191253,inner_val
ISIC_9081853,0,0.047741354,inner_val
ISIC_9085719,0,0.00022512594,inner_val
ISIC_9086288,0,0.007841593,inner_val
ISIC_9088656,0,0.0013288308,inner_val
ISIC_9093183,0,0.00094508135,inner_val
ISIC_9096001,0,0.0003415989,inner_val
ISIC_9099430,0,0.14645031,inner_val
ISIC_9100353,0,0.0046611745,inner_val
ISIC_9101055,0,0.0014278337,inner_val
ISIC_9101441,0,0.13358094,inner_val
ISIC_9102352,0,0.00012484012,inner_val
ISIC_9105258,0,0.014811917,inner_val
ISIC_9105994,0,0.044950165,inner_val
ISIC_9111229,0,0.0033229599,inner_val
ISIC_9111388,0,0.020810133,inner_val
ISIC_9115855,0,0.00025185393,inner_val
ISIC_9116179,0,0.007348519,inner_val
ISIC_9119549,0,0.00013862357,inner_val
ISIC_9122215,0,0.0042988635,inner_val
ISIC_9125216,0,0.010268573,inner_val
ISIC_9126992,0,0.0006837913,inner_val
ISIC_9130157,1,0.027636154,inner_val
ISIC_9130704,0,0.0047550267,inner_val
ISIC_9133087,0,0.0073220227,inner_val
ISIC_9134566,0,0.03731477,inner_val
ISIC_9140119,0,0.12513806,inner_val
ISIC_9140498,0,0.0010794151,inner_val
ISIC_9141282,0,0.014776561,inner_val
ISIC_9141379,0,0.01021616,inner_val
ISIC_9141416,0,0.0758422,inner_val
ISIC_9141613,0,0.0031177108,inner_val
ISIC_9143077,0,0.0008227171,inner_val
ISIC_9143744,0,0.0015965003,inner_val
ISIC_9144961,0,0.04906812,inner_val
ISIC_9147785,0,0.046504896,inner_val
ISIC_9157619,0,0.0027271449,inner_val
ISIC_9157809,0,0.0288817,inner_val
ISIC_9163684,0,0.00040701247,inner_val
ISIC_9165815,0,0.0035855405,inner_val
ISIC_9174092,0,0.0005367356,inner_val
ISIC_9176138,0,0.0010813696,inner_val
ISIC_9176281,0,0.003403971,inner_val
ISIC_9176472,0,0.0062760944,inner_val
ISIC_9181399,0,0.0012465608,inner_val
ISIC_9189319,0,0.00038667704,inner_val
ISIC_9191270,0,0.016580366,inner_val
ISIC_9192632,0,0.010207884,inner_val
ISIC_9194082,0,0.0011539003,inner_val
ISIC_9196424,0,0.001817494,inner_val
ISIC_9198021,0,0.00032965388,inner_val
ISIC_9199429,1,0.1468563,inner_val
ISIC_9203914,0,0.01815034,inner_val
ISIC_9204678,0,0.0013544776,inner_val
ISIC_9204688,0,0.0069899466,inner_val
ISIC_9205063,0,0.017859366,inner_val
ISIC_9211175,0,0.008083925,inner_val
ISIC_9212054,0,0.05115004,inner_val
ISIC_9214172,0,0.0011327874,inner_val
ISIC_9214601,0,0.0048891464,inner_val
ISIC_9217405,0,0.0004983751,inner_val
ISIC_9219421,0,0.01184349,inner_val
ISIC_9221004,0,0.04366,inner_val
ISIC_9221435,0,0.039489076,inner_val
ISIC_9223108,0,0.0058590164,inner_val
ISIC_9227253,0,0.00066652027,inner_val
ISIC_9229373,0,0.1355306,inner_val
ISIC_9230976,0,0.18924648,inner_val
ISIC_9231079,0,0.024614908,inner_val
ISIC_9232587,0,0.0010761197,inner_val
ISIC_9232615,0,0.0024941626,inner_val
ISIC_9236241,0,0.0009109847,inner_val
ISIC_9236253,0,0.0029947076,inner_val
ISIC_9239632,0,0.03932917,inner_val
ISIC_9241732,0,0.026472202,inner_val
ISIC_9242891,0,0.11444055,inner_val
ISIC_9245101,0,0.0043521584,inner_val
ISIC_9245680,0,0.004245044,inner_val
ISIC_9246565,0,0.019927233,inner_val
ISIC_9246908,0,0.00012774931,inner_val
ISIC_9252956,0,0.0013632975,inner_val
ISIC_9257356,0,0.00026010632,inner_val
ISIC_9259384,0,0.029712046,inner_val
ISIC_9260499,0,0.00021405159,inner_val
ISIC_9263896,0,0.01637016,inner_val
ISIC_9263990,0,0.011914231,inner_val
ISIC_9264072,0,0.009120356,inner_val
ISIC_9266841,0,0.008942522,inner_val
ISIC_9272859,0,0.000100989244,inner_val
ISIC_9273568,0,0.0042802608,inner_val
ISIC_9276066,0,0.0035247044,inner_val
ISIC_9276479,0,0.012367123,inner_val
ISIC_9277695,0,0.00731755,inner_val
ISIC_9277774,0,0.008891246,inner_val
ISIC_9280358,0,0.036117993,inner_val
ISIC_9281339,0,0.059029914,inner_val
ISIC_9285033,0,0.00015868644,inner_val
ISIC_9286929,0,0.104849,inner_val
ISIC_9288490,0,0.06636643,inner_val
ISIC_9288923,0,0.00011494587,inner_val
ISIC_9293571,0,0.00217319,inner_val
ISIC_9293624,0,0.0043934416,inner_val
ISIC_9297537,0,0.013842444,inner_val
ISIC_9298545,0,0.20092624,inner_val
ISIC_9302653,0,0.0004905583,inner_val
ISIC_9304022,0,0.0006103334,inner_val
ISIC_9305113,0,0.059789512,inner_val
ISIC_9305323,0,0.003825994,inner_val
ISIC_9308275,0,0.00073353335,inner_val
ISIC_9310210,0,0.0019052703,inner_val
ISIC_9311196,0,0.00043483582,inner_val
ISIC_9313377,0,0.012537852,inner_val
ISIC_9314646,0,0.038465735,inner_val
ISIC_9317483,1,0.042726822,inner_val
ISIC_9318528,0,0.00017646022,inner_val
ISIC_9320258,0,0.00020687527,inner_val
ISIC_9321537,0,0.00046969252,inner_val
ISIC_9321837,0,0.002809743,inner_val
ISIC_9328242,0,0.07565164,inner_val
ISIC_9330103,0,0.027482131,inner_val
ISIC_9333546,0,0.0109526375,inner_val
ISIC_9333906,0,0.12270215,inner_val
ISIC_9334145,0,0.00023072968,inner_val
ISIC_9339525,0,0.001984365,inner_val
ISIC_9345294,0,0.0004129583,inner_val
ISIC_9349930,0,0.0004285488,inner_val
ISIC_9350507,0,0.0012173308,inner_val
ISIC_9353895,0,0.00050341786,inner_val
ISIC_9354604,0,0.063376926,inner_val
ISIC_9355671,0,0.00025123495,inner_val
ISIC_9356120,0,0.00092317665,inner_val
ISIC_9356222,0,0.00025001363,inner_val
ISIC_9358532,0,0.00022596701,inner_val
ISIC_9361217,0,0.002855085,inner_val
ISIC_9367832,0,0.00029540513,inner_val
ISIC_9374187,0,0.04879918,inner_val
ISIC_9374598,0,0.005711047,inner_val
ISIC_9375426,0,0.004096391,inner_val
ISIC_9375930,0,0.0265118,inner_val
ISIC_9379545,0,0.014085291,inner_val
ISIC_9379816,0,0.0005083275,inner_val
ISIC_9380275,0,0.013456503,inner_val
ISIC_9383204,0,0.0057712435,inner_val
ISIC_9395707,0,0.0011568051,inner_val
ISIC_9399475,0,0.001966917,inner_val
ISIC_9401543,0,0.011186956,inner_val
ISIC_9407448,0,0.014406176,inner_val
ISIC_9410044,0,0.00015633958,inner_val
ISIC_9411337,0,0.00018990763,inner_val
ISIC_9416538,0,0.013381342,inner_val
ISIC_9418224,0,0.06118534,inner_val
ISIC_9424172,0,0.01954462,inner_val
ISIC_9426618,0,0.2134333,inner_val
ISIC_9433523,0,0.0010326707,inner_val
ISIC_9437380,0,0.0001684451,inner_val
ISIC_9437417,0,0.010033231,inner_val
ISIC_9438607,0,0.009733333,inner_val
ISIC_9440565,0,0.16746733,inner_val
ISIC_9443820,0,0.00025781093,inner_val
ISIC_9448629,0,0.030081522,inner_val
ISIC_9451910,0,0.020353755,inner_val
ISIC_9453392,0,0.0052489974,inner_val
ISIC_9453737,0,0.004581571,inner_val
ISIC_9454024,0,0.00029714513,inner_val
ISIC_9456752,0,0.13319565,inner_val
ISIC_9461940,0,0.0039406465,inner_val
ISIC_9461953,0,0.001403048,inner_val
ISIC_9462738,0,0.0032741944,inner_val
ISIC_9463691,0,0.0012731586,inner_val
ISIC_9463865,0,0.0034234342,inner_val
ISIC_9464203,0,0.2404119,inner_val
ISIC_9466320,0,0.0034899735,inner_val
ISIC_9467125,0,0.08124765,inner_val
ISIC_9469079,0,0.03456059,inner_val
ISIC_9470922,0,0.0058432007,inner_val
ISIC_9472193,0,0.0128141735,inner_val
ISIC_9472725,0,0.010461604,inner_val
ISIC_9475217,0,0.0006307626,inner_val
ISIC_9476273,0,0.002780498,inner_val
ISIC_9477362,0,0.0065485863,inner_val
ISIC_9477825,0,0.006699587,inner_val
ISIC_9478317,0,0.01610988,inner_val
ISIC_9480417,0,0.03522664,inner_val
ISIC_9482165,0,0.012671116,inner_val
ISIC_9483306,0,0.00020716738,inner_val
ISIC_9485883,0,0.008952864,inner_val
ISIC_9486917,0,0.00097401283,inner_val
ISIC_9487585,0,0.0044549475,inner_val
ISIC_9489128,0,0.011679335,inner_val
ISIC_9489813,0,0.011692392,inner_val
ISIC_9492000,0,0.092482075,inner_val
ISIC_9492750,0,0.0008234952,inner_val
ISIC_9492873,0,0.00063140475,inner_val
ISIC_9496098,0,0.0009277252,inner_val
ISIC_9496738,0,0.017722506,inner_val
ISIC_9497587,0,0.0010138975,inner_val
ISIC_9498714,0,0.26960552,inner_val
ISIC_9502555,0,0.010888483,inner_val
ISIC_9505910,0,0.0011781731,inner_val
ISIC_9508560,0,0.008627632,inner_val
ISIC_9509345,0,0.017212477,inner_val
ISIC_9511832,0,0.00029780652,inner_val
ISIC_9513953,0,0.00031325038,inner_val
ISIC_9516140,0,0.00028738732,inner_val
ISIC_9516457,0,0.0009951898,inner_val
ISIC_9528709,0,0.079648346,inner_val
ISIC_9531403,0,0.0012317532,inner_val
ISIC_9533977,0,0.04382544,inner_val
ISIC_9537698,0,0.0011534987,inner_val
ISIC_9538004,0,0.0028347974,inner_val
ISIC_9538621,0,0.0041102944,inner_val
ISIC_9542764,0,0.07738874,inner_val
ISIC_9542960,0,0.00020252241,inner_val
ISIC_9543982,0,0.003958875,inner_val
ISIC_9547089,0,0.0017048068,inner_val
ISIC_9547725,1,0.061594997,inner_val
ISIC_9551134,0,0.0008301123,inner_val
ISIC_9552235,0,0.053478405,inner_val
ISIC_9553830,0,0.052181076,inner_val
ISIC_9555044,0,0.0019972706,inner_val
ISIC_9560298,0,0.003176982,inner_val
ISIC_9560639,0,0.0017011029,inner_val
ISIC_9560804,0,0.046258565,inner_val
ISIC_9565194,0,0.011589095,inner_val
ISIC_9574051,0,0.0028792582,inner_val
ISIC_9574591,0,0.15531047,inner_val
ISIC_9585329,1,0.020034242,inner_val
ISIC_9585534,0,0.0013616846,inner_val
ISIC_9590673,0,0.0042421427,inner_val
ISIC_9593796,0,0.0027777068,inner_val
ISIC_9593940,1,0.07449031,inner_val
ISIC_9595201,0,0.00036089352,inner_val
ISIC_9595988,0,0.00035525806,inner_val
ISIC_9596837,0,0.012878882,inner_val
ISIC_9597728,0,0.00031527426,inner_val
ISIC_9598453,0,0.011094179,inner_val
ISIC_9603637,0,0.0062697185,inner_val
ISIC_9608861,0,0.007859119,inner_val
ISIC_9610311,0,0.0065679788,inner_val
ISIC_9611250,0,0.034260042,inner_val
ISIC_9615579,0,0.0018920738,inner_val
ISIC_9621586,0,0.0007855619,inner_val
ISIC_9625160,0,0.022123601,inner_val
ISIC_9625269,0,0.002816581,inner_val
ISIC_9625875,0,0.00029966806,inner_val
ISIC_9626843,1,0.0035782056,inner_val
ISIC_9627139,0,0.046995435,inner_val
ISIC_9629024,0,0.004818251,inner_val
ISIC_9631792,0,0.00021277127,inner_val
ISIC_9632917,0,0.011352174,inner_val
ISIC_9633789,0,0.00055303035,inner_val
ISIC_9634018,0,0.00029512646,inner_val
ISIC_9636849,0,0.0014914264,inner_val
ISIC_9639931,0,0.0001549639,inner_val
ISIC_9641092,0,0.0016289783,inner_val
ISIC_9648696,0,0.00042204393,inner_val
ISIC_9649028,0,0.043672297,inner_val
ISIC_9650774,0,0.04006608,inner_val
ISIC_9651698,0,0.0029502285,inner_val
ISIC_9654537,0,0.00012484656,inner_val
ISIC_9657153,0,0.00041862045,inner_val
ISIC_9659306,0,0.10170884,inner_val
ISIC_9660409,0,0.00048269698,inner_val
ISIC_9662367,0,0.0011511479,inner_val
ISIC_9668646,0,0.00127267,inner_val
ISIC_9669830,0,0.029031295,inner_val
ISIC_9672482,0,0.015334071,inner_val
ISIC_9672734,0,0.0018507774,inner_val
ISIC_9680071,0,0.0023285532,inner_val
ISIC_9680365,0,0.016311243,inner_val
ISIC_9680911,0,0.03157983,inner_val
ISIC_9684010,0,0.003249253,inner_val
ISIC_9686296,0,0.008399284,inner_val
ISIC_9690239,0,0.0027744567,inner_val
ISIC_9690256,0,0.035243064,inner_val
ISIC_9690371,0,0.007942874,inner_val
ISIC_9691287,0,0.009606517,inner_val
ISIC_9691303,0,0.0008725417,inner_val
ISIC_9691372,0,0.0003889218,inner_val
ISIC_9694663,0,0.117105916,inner_val
ISIC_9696502,0,0.1075962,inner_val
ISIC_9698498,0,0.021302488,inner_val
ISIC_9712479,0,0.0015475841,inner_val
ISIC_9712963,0,0.06440906,inner_val
ISIC_9713959,0,0.0029504672,inner_val
ISIC_9714746,0,0.0019401836,inner_val
ISIC_9716031,0,0.0030769375,inner_val
ISIC_9716059,0,0.0058802683,inner_val
ISIC_9719576,0,0.16736437,inner_val
ISIC_9719922,0,0.0005630994,inner_val
ISIC_9721056,0,0.06753699,inner_val
ISIC_9721312,0,0.0009239432,inner_val
ISIC_9722385,0,0.0020756302,inner_val
ISIC_9724550,0,0.0024452482,inner_val
ISIC_9724720,0,0.08708014,inner_val
ISIC_9725585,0,0.0004488835,inner_val
ISIC_9731969,0,0.000247293,inner_val
ISIC_9733592,0,0.0011101585,inner_val
ISIC_9739610,0,0.0040706038,inner_val
ISIC_9739881,0,0.013068085,inner_val
ISIC_9743002,0,0.018397199,inner_val
ISIC_9744755,0,0.0009070172,inner_val
ISIC_9748173,0,0.0015817125,inner_val
ISIC_9748543,0,0.0006439706,inner_val
ISIC_9748845,0,0.042514876,inner_val
ISIC_9752880,0,0.0011809535,inner_val
ISIC_9753415,0,0.0051909415,inner_val
ISIC_9755946,0,0.0025857883,inner_val
ISIC_9756791,0,0.10780549,inner_val
ISIC_9757654,0,0.00086412684,inner_val
ISIC_9762609,0,0.016657064,inner_val
ISIC_9764024,0,0.019213725,inner_val
ISIC_9769827,0,0.00050337036,inner_val
ISIC_9772383,0,0.00017676587,inner_val
ISIC_9772465,0,0.07606747,inner_val
ISIC_9773404,0,0.064495966,inner_val
ISIC_9776245,0,0.0018374431,inner_val
ISIC_9776851,0,0.00035463207,inner_val
ISIC_9777543,0,0.0028247624,inner_val
ISIC_9778786,0,0.0011529982,inner_val
ISIC_9781112,0,0.015507128,inner_val
ISIC_9782539,0,0.00085138745,inner_val
ISIC_9786943,0,0.008149296,inner_val
ISIC_9787802,0,0.0031223733,inner_val
ISIC_9788174,0,0.024848625,inner_val
ISIC_9788341,0,0.0011163848,inner_val
ISIC_9788537,0,0.004943372,inner_val
ISIC_9790808,0,0.0052089184,inner_val
ISIC_9791133,0,0.0011961517,inner_val
ISIC_9791811,0,0.0078115594,inner_val
ISIC_9792253,0,0.004622696,inner_val
ISIC_9794538,0,0.007905862,inner_val
ISIC_9794659,0,0.03621584,inner_val
ISIC_9797003,0,0.00063418475,inner_val
ISIC_9801917,0,0.0020873633,inner_val
ISIC_9806131,0,0.010927824,inner_val
ISIC_9806768,0,0.0068893316,inner_val
ISIC_9808161,0,0.011101473,inner_val
ISIC_9810417,0,0.041360416,inner_val
ISIC_9810847,0,0.0032904686,inner_val
ISIC_9815806,0,0.0029780846,inner_val
ISIC_9816203,0,0.030334134,inner_val
ISIC_9821002,1,0.04865423,inner_val
ISIC_9821398,0,0.0030576133,inner_val
ISIC_9821756,0,0.00039842288,inner_val
ISIC_9823162,0,0.012121929,inner_val
ISIC_9824967,0,0.0025670133,inner_val
ISIC_9826482,0,0.055300016,inner_val
ISIC_9828060,0,0.14142947,inner_val
ISIC_9829605,0,0.00012407821,inner_val
ISIC_9830963,0,0.02986961,inner_val
ISIC_9831378,0,0.01695901,inner_val
ISIC_9832775,0,0.0017246447,inner_val
ISIC_9834369,0,0.006557626,inner_val
ISIC_9837063,0,0.0008473477,inner_val
ISIC_9837324,0,0.0001553379,inner_val
ISIC_9838270,0,0.007739697,inner_val
ISIC_9839042,0,0.166329,inner_val
ISIC_9839324,0,0.17208856,inner_val
ISIC_9839867,0,0.0070797326,inner_val
ISIC_9841563,0,0.06932164,inner_val
ISIC_9846081,0,0.0019018676,inner_val
ISIC_9848607,0,0.00044226064,inner_val
ISIC_9848675,0,0.018145496,inner_val
ISIC_9848953,0,0.0012833012,inner_val
ISIC_9853087,0,0.00021656594,inner_val
ISIC_9861225,0,0.009463508,inner_val
ISIC_9865913,0,0.00264853,inner_val
ISIC_9867539,0,0.00037367234,inner_val
ISIC_9868319,0,0.00045197192,inner_val
ISIC_9868388,0,0.0022862486,inner_val
ISIC_9870313,0,0.021586874,inner_val
ISIC_9871124,0,0.007743485,inner_val
ISIC_9872751,0,0.024462912,inner_val
ISIC_9878449,0,0.0010950951,inner_val
ISIC_9883879,0,0.0063577094,inner_val
ISIC_9888203,0,0.00012238529,inner_val
ISIC_9889373,0,0.0058471384,inner_val
ISIC_9890873,0,0.00953754,inner_val
ISIC_9892318,0,0.004687472,inner_val
ISIC_9893641,0,0.0020840536,inner_val
ISIC_9893956,0,0.0010144714,inner_val
ISIC_9894782,0,0.00049324095,inner_val
ISIC_9895220,0,0.0019052485,inner_val
ISIC_9895582,0,0.06315825,inner_val
ISIC_9896192,0,0.0004760798,inner_val
ISIC_9898107,0,0.001066383,inner_val
ISIC_9898447,0,0.034660917,inner_val
ISIC_9900262,0,0.015579289,inner_val
ISIC_9906799,0,0.0056740143,inner_val
ISIC_9907084,0,0.0033747435,inner_val
ISIC_9910791,1,0.014309208,inner_val
ISIC_9913573,0,0.04687859,inner_val
ISIC_9915649,0,0.00053116685,inner_val
ISIC_9916654,0,0.0004360188,inner_val
ISIC_9918598,0,0.018452339,inner_val
ISIC_9918806,0,0.12667787,inner_val
ISIC_9924303,0,0.035869133,inner_val
ISIC_9927221,0,0.0001731316,inner_val
ISIC_9931733,0,0.00893899,inner_val
ISIC_9933406,0,0.09006755,inner_val
ISIC_9938316,0,0.00031604918,inner_val
ISIC_9939653,0,0.00022761058,inner_val
ISIC_9940802,0,0.0007890787,inner_val
ISIC_9945620,0,0.0012537696,inner_val
ISIC_9945993,0,0.0015377143,inner_val
ISIC_9951949,0,0.006344057,inner_val
ISIC_9952872,0,0.01568296,inner_val
ISIC_9955255,0,0.000930056,inner_val
ISIC_9956374,0,0.0010046614,inner_val
ISIC_9957107,0,0.0043407017,inner_val
ISIC_9958346,0,0.043318722,inner_val
ISIC_9959011,0,0.0027828906,inner_val
ISIC_9959813,0,0.08592112,inner_val
ISIC_9960578,0,0.0066377576,inner_val
ISIC_9960584,0,0.023907896,inner_val
ISIC_9962329,0,0.0017189066,inner_val
ISIC_9964362,0,0.05615859,inner_val
ISIC_9969263,0,0.010606866,inner_val
ISIC_9969907,0,0.00038947316,inner_val
ISIC_9970004,0,0.0098676095,inner_val
ISIC_9972518,0,0.003690731,inner_val
ISIC_9973322,0,0.005588115,inner_val
ISIC_9973894,0,0.010219034,inner_val
ISIC_9974613,0,0.00037996226,inner_val
ISIC_9978107,1,0.03611482,inner_val
ISIC_9979765,0,0.00046262078,inner_val
ISIC_9980055,0,0.01272236,inner_val
ISIC_9982060,0,0.0019151425,inner_val
ISIC_9982091,0,0.0011349932,inner_val
ISIC_9986333,0,0.0013506622,inner_val
ISIC_9989082,0,0.004930128,inner_val
ISIC_9989680,0,0.034830805,inner_val
ISIC_9991492,0,0.00033580876,inner_val
ISIC_9994390,0,0.00018708983,inner_val
ISIC_9996128,0,0.0015176581,inner_val
ISIC_9996662,0,0.00012433308,inner_val
ISIC_9998937,0,0.05842031,inner_val
ISIC_9999127,0,0.00023237,inner_val
ISIC_9999666,0,0.05616682,inner_val
ISIC_0074268,0,0.00077400316,held_fold
ISIC_0074542,0,0.004181392,held_fold
ISIC_0075914,0,0.0001574109,held_fold
ISIC_0083035,0,0.0019751536,held_fold
ISIC_0091559,0,0.00052795326,held_fold
ISIC_0095805,0,0.00040225376,held_fold
ISIC_0096328,0,0.0014337711,held_fold
ISIC_0109568,0,0.044026315,held_fold
ISIC_0112097,0,0.00024837026,held_fold
ISIC_0114225,0,0.010846473,held_fold
ISIC_0148751,0,0.0016083493,held_fold
ISIC_0148783,0,0.00045459514,held_fold
ISIC_0153265,0,0.03508006,held_fold
ISIC_0154338,0,0.018631304,held_fold
ISIC_0154872,0,0.0031431166,held_fold
ISIC_0155173,0,0.07443883,held_fold
ISIC_0155273,0,0.050505336,held_fold
ISIC_0155473,0,0.001493536,held_fold
ISIC_0157530,0,0.0033455722,held_fold
ISIC_0159782,0,0.007565991,held_fold
ISIC_0166935,0,0.028367931,held_fold
ISIC_0170285,0,0.084960386,held_fold
ISIC_0174527,0,0.013991136,held_fold
ISIC_0175837,0,0.003472957,held_fold
ISIC_0179104,0,0.0011817602,held_fold
ISIC_0180660,0,0.000600772,held_fold
ISIC_0185135,0,0.00051344605,held_fold
ISIC_0185547,0,0.0010781094,held_fold
ISIC_0186501,0,0.0013100847,held_fold
ISIC_0189059,0,0.23411353,held_fold
ISIC_0189694,0,0.013957929,held_fold
ISIC_0190725,0,0.0017043921,held_fold
ISIC_0191366,0,0.00028841748,held_fold
ISIC_0192490,0,0.0010539818,held_fold
ISIC_0194550,0,0.0066520306,held_fold
ISIC_0194914,0,0.059810247,held_fold
ISIC_0196399,0,0.014594857,held_fold
ISIC_0199116,0,0.030365627,held_fold
ISIC_0199494,0,0.006483805,held_fold
ISIC_0200153,0,0.00020891974,held_fold
ISIC_0202023,0,0.0041289986,held_fold
ISIC_0202576,0,0.00033230064,held_fold
ISIC_0202680,0,0.018257193,held_fold
ISIC_0203016,0,0.003523395,held_fold
ISIC_0203233,0,0.0028314714,held_fold
ISIC_0204275,0,0.001243529,held_fold
ISIC_0206442,0,0.0149113005,held_fold
ISIC_0207209,0,0.0032381709,held_fold
ISIC_0209871,0,0.00095479126,held_fold
ISIC_0210308,0,0.0094487285,held_fold
ISIC_0210423,0,0.045400314,held_fold
ISIC_0210830,0,0.0068906723,held_fold
ISIC_0213336,0,0.00034830527,held_fold
ISIC_0214335,0,0.02688934,held_fold
ISIC_0220649,0,0.0096539045,held_fold
ISIC_0224678,0,0.0022742643,held_fold
ISIC_0224681,0,0.0018869819,held_fold
ISIC_0225245,0,0.017325511,held_fold
ISIC_0227038,0,0.08523292,held_fold
ISIC_0227532,0,0.0009452349,held_fold
ISIC_0229680,0,0.00031597327,held_fold
ISIC_0232785,0,0.01827662,held_fold
ISIC_0234049,0,0.00021015944,held_fold
ISIC_0235728,0,0.06228197,held_fold
ISIC_0236237,0,0.00079130643,held_fold
ISIC_0237862,0,0.00035100084,held_fold
ISIC_0238002,0,0.0018956413,held_fold
ISIC_0238118,0,0.0002818865,held_fold
ISIC_0238711,0,0.00019779193,held_fold
ISIC_0239178,0,0.0036650295,held_fold
ISIC_0239843,0,0.036477715,held_fold
ISIC_0247330,1,0.0058091464,held_fold
ISIC_0250069,0,0.00096521364,held_fold
ISIC_0252649,0,0.0074708443,held_fold
ISIC_0253516,0,0.007998407,held_fold
ISIC_0254686,0,0.0010577218,held_fold
ISIC_0254698,0,0.0015347091,held_fold
ISIC_0257755,0,0.00041240436,held_fold
ISIC_0258065,0,0.0010396655,held_fold
ISIC_0260475,0,0.014465,held_fold
ISIC_0263916,0,0.1343711,held_fold
ISIC_0264941,0,0.0028521204,held_fold
ISIC_0268187,0,0.00059203355,held_fold
ISIC_0270289,0,0.00079539866,held_fold
ISIC_0271408,0,0.0022044405,held_fold
ISIC_0273222,0,0.010747003,held_fold
ISIC_0275661,0,0.0002871964,held_fold
ISIC_0275984,0,0.06344688,held_fold
ISIC_0276435,0,0.0015242528,held_fold
ISIC_0277164,0,0.0009141349,held_fold
ISIC_0278021,0,0.0020197837,held_fold
ISIC_0278130,0,0.0006902704,held_fold
ISIC_0280603,0,0.0127482675,held_fold
ISIC_0281286,0,0.00012752986,held_fold
ISIC_0281658,0,0.0053683883,held_fold
ISIC_0282422,0,0.0005668871,held_fold
ISIC_0283511,0,0.0057796272,held_fold
ISIC_0285157,0,0.0010589272,held_fold
ISIC_0291277,0,0.02154314,held_fold
ISIC_0291282,0,0.0003554779,held_fold
ISIC_0291882,0,0.0010712949,held_fold
ISIC_0292349,0,0.00014826763,held_fold
ISIC_0294170,0,0.013870781,held_fold
ISIC_0294687,0,0.00023944087,held_fold
ISIC_0295507,0,0.033849936,held_fold
ISIC_0295820,0,0.003061456,held_fold
ISIC_0302441,0,0.00084699737,held_fold
ISIC_0305842,0,0.0011056836,held_fold
ISIC_0308127,0,0.00046466972,held_fold
ISIC_0310231,0,0.0029733384,held_fold
ISIC_0311853,0,0.0034252862,held_fold
ISIC_0313067,0,0.059600342,held_fold
ISIC_0315631,0,0.00093269424,held_fold
ISIC_0316025,0,0.001353334,held_fold
ISIC_0319715,0,0.019206312,held_fold
ISIC_0319928,0,0.00031351,held_fold
ISIC_0324255,0,0.00031450874,held_fold
ISIC_0325771,0,0.0014945519,held_fold
ISIC_0326523,0,0.0032642672,held_fold
ISIC_0326608,0,0.012106451,held_fold
ISIC_0338377,0,0.0010588807,held_fold
ISIC_0340995,0,0.00026192048,held_fold
ISIC_0341262,0,0.00031142298,held_fold
ISIC_0341298,0,0.0019678185,held_fold
ISIC_0342608,0,0.0053395247,held_fold
ISIC_0344052,0,0.08196264,held_fold
ISIC_0345499,0,0.0015629824,held_fold
ISIC_0347263,0,0.0004155613,held_fold
ISIC_0348633,0,0.00042218278,held_fold
ISIC_0350472,0,0.0013624169,held_fold
ISIC_0354589,0,0.0015171155,held_fold
ISIC_0356611,0,0.0014234261,held_fold
ISIC_0358326,0,0.0039836583,held_fold
ISIC_0358490,0,0.004407769,held_fold
ISIC_0361034,0,0.0006842385,held_fold
ISIC_0362190,0,0.051155757,held_fold
ISIC_0363130,0,0.0009638628,held_fold
ISIC_0364478,0,0.13114442,held_fold
ISIC_0365410,0,0.004890638,held_fold
ISIC_0370132,0,0.0148319,held_fold
ISIC_0372376,0,0.00016438816,held_fold
ISIC_0372902,0,0.021615231,held_fold
ISIC_0375073,0,0.015042763,held_fold
ISIC_0379979,0,0.0026447955,held_fold
ISIC_0381169,0,0.08276132,held_fold
ISIC_0381342,0,0.007861894,held_fold
ISIC_0385609,0,0.0021946616,held_fold
ISIC_0385633,0,0.002063095,held_fold
ISIC_0389629,0,0.00033518265,held_fold
ISIC_0392334,0,0.011955447,held_fold
ISIC_0392966,0,0.17142566,held_fold
ISIC_0398005,0,0.029861722,held_fold
ISIC_0398069,0,0.0013935049,held_fold
ISIC_0398140,0,0.002220377,held_fold
ISIC_0399416,0,0.035025567,held_fold
ISIC_0400685,0,0.00034465845,held_fold
ISIC_0401078,0,0.09074634,held_fold
ISIC_0401116,0,0.004377498,held_fold
ISIC_0407005,0,0.003090748,held_fold
ISIC_0407040,0,0.17108788,held_fold
ISIC_0407905,0,0.015443848,held_fold
ISIC_0409276,0,0.032898225,held_fold
ISIC_0410824,0,0.07366762,held_fold
ISIC_0413111,0,0.0095809,held_fold
ISIC_0413372,0,0.026358338,held_fold
ISIC_0413715,0,0.040761154,held_fold
ISIC_0413804,0,0.008009353,held_fold
ISIC_0419212,0,0.0037451468,held_fold
ISIC_0422139,0,0.023228213,held_fold
ISIC_0422225,0,0.0398754,held_fold
ISIC_0423312,0,0.0014277127,held_fold
ISIC_0423395,0,0.0103373295,held_fold
ISIC_0423722,0,0.0046204277,held_fold
ISIC_0424784,0,0.0007849243,held_fold
ISIC_0426487,0,0.00013592742,held_fold
ISIC_0427760,0,0.0010140458,held_fold
ISIC_0428656,0,0.053002868,held_fold
ISIC_0430356,0,0.0017658544,held_fold
ISIC_0430837,0,0.0052789594,held_fold
ISIC_0430904,0,0.004237028,held_fold
ISIC_0432077,0,0.0050493414,held_fold
ISIC_0434114,0,0.002690313,held_fold
ISIC_0435434,0,0.05381341,held_fold
ISIC_0437593,0,0.0024340218,held_fold
ISIC_0437828,0,0.012436382,held_fold
ISIC_0439040,0,0.0009434561,held_fold
ISIC_0439839,0,0.013698824,held_fold
ISIC_0440584,0,0.00026612318,held_fold
ISIC_0442290,0,0.07733322,held_fold
ISIC_0443266,0,0.00023048824,held_fold
ISIC_0444347,0,0.043039873,held_fold
ISIC_0445396,0,0.06387218,held_fold
ISIC_0452388,0,0.005208535,held_fold
ISIC_0460833,0,0.18086539,held_fold
ISIC_0461085,0,0.0012641287,held_fold
ISIC_0463621,0,0.0013258902,held_fold
ISIC_0467100,0,0.00040816725,held_fold
ISIC_0470433,0,0.0020662977,held_fold
ISIC_0473135,0,0.003037451,held_fold
ISIC_0475718,0,0.00062362634,held_fold
ISIC_0476670,0,0.041847713,held_fold
ISIC_0478571,0,0.011633624,held_fold
ISIC_0479264,0,0.0024851782,held_fold
ISIC_0481425,0,0.0070104506,held_fold
ISIC_0481652,0,0.0035349794,held_fold
ISIC_0481910,0,0.0010179718,held_fold
ISIC_0482297,0,0.00034329327,held_fold
ISIC_0483469,0,0.00030567602,held_fold
ISIC_0484568,0,0.0068165064,held_fold
ISIC_0485881,0,0.002662167,held_fold
ISIC_0490442,0,0.00047656655,held_fold
ISIC_0491818,0,0.0015038234,held_fold
ISIC_0493653,0,0.01187382,held_fold
ISIC_0494046,0,0.00048296686,held_fold
ISIC_0494257,0,0.0034152544,held_fold
ISIC_0494263,0,0.00083159044,held_fold
ISIC_0494383,0,0.009615268,held_fold
ISIC_0497390,0,0.16028522,held_fold
ISIC_0499554,0,0.02543278,held_fold
ISIC_0500526,0,0.020202452,held_fold
ISIC_0502016,0,0.0002945783,held_fold
ISIC_0502419,0,0.0010545166,held_fold
ISIC_0506617,0,0.0022387262,held_fold
ISIC_0511782,0,0.001466196,held_fold
ISIC_0512155,0,0.0031012148,held_fold
ISIC_0513488,0,0.07241965,held_fold
ISIC_0514672,0,0.00069622864,held_fold
ISIC_0516337,0,0.003492555,held_fold
ISIC_0516982,0,0.0008177434,held_fold
ISIC_0518459,0,0.0002464649,held_fold
ISIC_0519719,0,0.25254005,held_fold
ISIC_0519765,0,0.042738855,held_fold
ISIC_0522865,0,0.05742564,held_fold
ISIC_0523125,0,0.00023508516,held_fold
ISIC_0526904,0,0.00014655938,held_fold
ISIC_0527166,0,0.00019304853,held_fold
ISIC_0527170,0,0.005934792,held_fold
ISIC_0527350,0,0.00040708698,held_fold
ISIC_0527593,0,0.0017235269,held_fold
ISIC_0529784,0,0.0025300966,held_fold
ISIC_0534529,0,0.00053119415,held_fold
ISIC_0534674,0,0.013144106,held_fold
ISIC_0538688,0,0.0019939523,held_fold
ISIC_0539380,0,0.004453311,held_fold
ISIC_0543132,0,0.06918404,held_fold
ISIC_0545237,0,0.0015870067,held_fold
ISIC_0545322,0,0.018302014,held_fold
ISIC_0545838,0,0.021581545,held_fold
ISIC_0547769,0,0.03436904,held_fold
ISIC_0547934,0,0.0002834401,held_fold
ISIC_0548904,0,0.0015187885,held_fold
ISIC_0549163,0,0.0004289197,held_fold
ISIC_0549791,0,0.020132523,held_fold
ISIC_0551392,0,0.05302393,held_fold
ISIC_0552911,0,0.018577153,held_fold
ISIC_0554499,0,0.00018829785,held_fold
ISIC_0557109,0,0.0041076466,held_fold
ISIC_0558046,0,0.00097138825,held_fold
ISIC_0559481,0,0.00043192582,held_fold
ISIC_0559566,0,0.04567936,held_fold
ISIC_0561295,0,0.00034311038,held_fold
ISIC_0563533,0,0.009104315,held_fold
ISIC_0563705,0,0.0004510199,held_fold
ISIC_0566530,0,0.021575937,held_fold
ISIC_0567142,0,0.003207913,held_fold
ISIC_0570393,0,0.00038161394,held_fold
ISIC_0570742,0,0.0040099886,held_fold
ISIC_0571560,0,0.069257684,held_fold
ISIC_0572205,1,0.010963015,held_fold
ISIC_0572450,0,0.00060510344,held_fold
ISIC_0574880,0,0.019294769,held_fold
ISIC_0576265,0,0.0053929244,held_fold
ISIC_0576455,0,0.00011966931,held_fold
ISIC_0578534,0,0.0012129523,held_fold
ISIC_0584130,0,0.0028906155,held_fold
ISIC_0586053,0,0.0029485896,held_fold
ISIC_0586680,0,0.0010674624,held_fold
ISIC_0588322,0,0.014111876,held_fold
ISIC_0588855,0,0.0008318496,held_fold
ISIC_0589744,0,0.0053044255,held_fold
ISIC_0590790,0,0.0002830847,held_fold
ISIC_0591226,0,0.00044213375,held_fold
ISIC_0592068,0,0.1497178,held_fold
ISIC_0593756,0,0.05288843,held_fold
ISIC_0595018,0,0.0005002467,held_fold
ISIC_0595199,0,0.007923284,held_fold
ISIC_0595676,0,0.003917509,held_fold
ISIC_0597581,0,0.061412245,held_fold
ISIC_0599918,0,0.019506134,held_fold
ISIC_0600789,0,0.010217629,held_fold
ISIC_0600866,0,0.0011530026,held_fold
ISIC_0601107,0,0.0570628,held_fold
ISIC_0602697,0,0.00059890107,held_fold
ISIC_0605145,0,0.012647062,held_fold
ISIC_0607852,0,0.038207475,held_fold
ISIC_0611629,0,0.0074753435,held_fold
ISIC_0612080,0,0.0020700907,held_fold
ISIC_0612624,0,0.13050124,held_fold
ISIC_0615335,0,0.003681703,held_fold
ISIC_0617442,0,0.0009747359,held_fold
ISIC_0617767,0,0.00090518605,held_fold
ISIC_0619244,0,0.0013862045,held_fold
ISIC_0619848,0,0.0123638725,held_fold
ISIC_0621550,0,0.091799155,held_fold
ISIC_0622084,0,0.009204155,held_fold
ISIC_0622112,0,0.014319003,held_fold
ISIC_0623386,0,0.0005043975,held_fold
ISIC_0623857,0,0.019978201,held_fold
ISIC_0623875,0,0.03392549,held_fold
ISIC_0624783,0,0.04998922,held_fold
ISIC_0630780,0,0.054283194,held_fold
ISIC_0632876,0,0.0033474616,held_fold
ISIC_0637043,0,0.00078629656,held_fold
ISIC_0637539,0,0.0008714749,held_fold
ISIC_0638652,0,0.012008499,held_fold
ISIC_0638857,0,0.00042073117,held_fold
ISIC_0641173,0,0.0013884149,held_fold
ISIC_0642200,0,0.000785065,held_fold
ISIC_0645116,0,0.0025360219,held_fold
ISIC_0645454,1,0.013353621,held_fold
ISIC_0648752,0,0.00025469417,held_fold
ISIC_0649544,0,0.005312334,held_fold
ISIC_0650027,0,0.08190618,held_fold
ISIC_0653308,0,0.01662267,held_fold
ISIC_0653456,0,0.15832122,held_fold
ISIC_0654104,0,0.05307292,held_fold
ISIC_0654636,0,0.0036519975,held_fold
ISIC_0658225,0,0.00046906839,held_fold
ISIC_0659540,0,0.0010154137,held_fold
ISIC_0660770,0,0.0011707174,held_fold
ISIC_0661120,0,0.00079238426,held_fold
ISIC_0664031,0,0.0008952969,held_fold
ISIC_0666641,0,0.0012108941,held_fold
ISIC_0667136,0,0.0075714663,held_fold
ISIC_0667315,0,0.0009783729,held_fold
ISIC_0668739,0,0.00066827296,held_fold
ISIC_0668772,0,0.001433034,held_fold
ISIC_0668969,0,0.112401925,held_fold
ISIC_0669605,0,0.0055029476,held_fold
ISIC_0671251,0,0.0023565702,held_fold
ISIC_0675972,0,0.013618831,held_fold
ISIC_0678196,0,0.00877518,held_fold
ISIC_0679359,0,0.053386774,held_fold
ISIC_0679494,0,0.01041706,held_fold
ISIC_0679553,0,0.0025593378,held_fold
ISIC_0680210,0,0.0028864653,held_fold
ISIC_0682255,0,0.0006613116,held_fold
ISIC_0683259,0,0.00047483027,held_fold
ISIC_0686839,0,0.12772892,held_fold
ISIC_0687823,0,0.0025674526,held_fold
ISIC_0690237,0,0.016878683,held_fold
ISIC_0690734,0,0.00068277935,held_fold
ISIC_0691454,0,0.00042227813,held_fold
ISIC_0694033,0,0.03382143,held_fold
ISIC_0694924,0,0.0092057455,held_fold
ISIC_0695428,0,0.0029206837,held_fold
ISIC_0697953,0,0.0051982207,held_fold
ISIC_0700870,0,0.06296785,held_fold
ISIC_0701455,0,0.013590074,held_fold
ISIC_0702042,0,0.00040301488,held_fold
ISIC_0702174,0,0.010241939,held_fold
ISIC_0708542,0,0.0014418201,held_fold
ISIC_0709699,0,0.00013938571,held_fold
ISIC_0712615,0,0.00038221432,held_fold
ISIC_0715115,0,0.004670843,held_fold
ISIC_0715869,0,0.00044149254,held_fold
ISIC_0716541,0,0.00037112762,held_fold
ISIC_0716674,0,0.018699333,held_fold
ISIC_0718834,0,0.0022381276,held_fold
ISIC_0719631,0,0.00075923314,held_fold
ISIC_0721010,0,0.012609664,held_fold
ISIC_0721819,0,0.0009500327,held_fold
ISIC_0726170,0,0.0025877676,held_fold
ISIC_0727322,0,0.012780956,held_fold
ISIC_0727489,0,0.00017914886,held_fold
ISIC_0734540,0,0.011738779,held_fold
ISIC_0737125,0,0.0026095852,held_fold
ISIC_0737399,0,0.021320319,held_fold
ISIC_0737883,0,0.0017746929,held_fold
ISIC_0738587,0,0.20101237,held_fold
ISIC_0743096,0,0.022998152,held_fold
ISIC_0744013,1,0.099269256,held_fold
ISIC_0744177,0,0.0075444304,held_fold
ISIC_0744553,0,0.0016359284,held_fold
ISIC_0745718,0,0.00023964206,held_fold
ISIC_0745721,0,0.0015399929,held_fold
ISIC_0746397,0,0.013430965,held_fold
ISIC_0747101,0,0.039239474,held_fold
ISIC_0749089,0,0.014022554,held_fold
ISIC_0749263,0,0.0008791513,held_fold
ISIC_0751219,0,0.00063931843,held_fold
ISIC_0752546,0,0.002773924,held_fold
ISIC_0754156,0,0.022925647,held_fold
ISIC_0754561,0,0.0012169072,held_fold
ISIC_0755565,0,0.004146876,held_fold
ISIC_0760168,0,0.0015741212,held_fold
ISIC_0763140,0,0.0003140572,held_fold
ISIC_0764975,0,0.015787294,held_fold
ISIC_0765632,0,0.0011544153,held_fold
ISIC_0769854,0,0.0012561614,held_fold
ISIC_0770861,0,0.0054413364,held_fold
ISIC_0771151,0,0.00075407076,held_fold
ISIC_0771537,0,0.0005908864,held_fold
ISIC_0772836,0,0.05613325,held_fold
ISIC_0772957,0,0.001363626,held_fold
ISIC_0786170,0,0.0014206013,held_fold
ISIC_0786233,0,0.0012375312,held_fold
ISIC_0787585,0,0.00069498963,held_fold
ISIC_0792805,0,0.000434921,held_fold
ISIC_0793501,0,0.0030934452,held_fold
ISIC_0796325,0,0.008776399,held_fold
ISIC_0800269,0,0.0013266716,held_fold
ISIC_0809173,0,0.00048339867,held_fold
ISIC_0809241,0,0.0055550328,held_fold
ISIC_0816917,0,0.008270151,held_fold
ISIC_0818621,0,0.0005392565,held_fold
ISIC_0821520,0,0.0018354388,held_fold
ISIC_0822656,0,0.023250991,held_fold
ISIC_0826834,0,0.00020178572,held_fold
ISIC_0828069,0,0.005032058,held_fold
ISIC_0830131,0,0.008315711,held_fold
ISIC_0830217,0,0.000271234,held_fold
ISIC_0830876,0,0.034793332,held_fold
ISIC_0834775,0,0.0004065797,held_fold
ISIC_0836546,0,0.009770728,held_fold
ISIC_0843662,0,0.006575257,held_fold
ISIC_0844312,1,0.043531258,held_fold
ISIC_0846482,0,0.016399387,held_fold
ISIC_0846915,0,0.0022517615,held_fold
ISIC_0847420,0,0.013056552,held_fold
ISIC_0849702,0,0.0004356428,held_fold
ISIC_0851556,0,0.051604167,held_fold
ISIC_0852790,0,0.1487279,held_fold
ISIC_0853825,0,0.017324854,held_fold
ISIC_0854335,0,0.014981224,held_fold
ISIC_0854601,0,0.00793323,held_fold
ISIC_0859438,0,0.013171039,held_fold
ISIC_0861128,0,0.0027898706,held_fold
ISIC_0862063,0,0.0051321094,held_fold
ISIC_0864226,0,0.00055189553,held_fold
ISIC_0864527,0,0.12602393,held_fold
ISIC_0867503,0,0.058421165,held_fold
ISIC_0869142,0,0.003539295,held_fold
ISIC_0870696,0,0.0010173836,held_fold
ISIC_0873044,0,0.004873052,held_fold
ISIC_0873923,0,0.05317632,held_fold
ISIC_0877543,0,0.0025633397,held_fold
ISIC_0878530,0,0.003295685,held_fold
ISIC_0879962,0,0.00036386037,held_fold
ISIC_0882619,0,0.018881962,held_fold
ISIC_0884463,0,0.00429586,held_fold
ISIC_0884576,0,0.00061005866,held_fold
ISIC_0885048,0,0.003860489,held_fold
ISIC_0886205,0,0.0010939206,held_fold
ISIC_0886853,0,0.005681964,held_fold
ISIC_0890364,0,0.007028345,held_fold
ISIC_0892089,0,0.0006813733,held_fold
ISIC_0892980,0,0.004472446,held_fold
ISIC_0894057,0,0.0016157291,held_fold
ISIC_0896635,0,0.05189434,held_fold
ISIC_0897459,0,0.0025378992,held_fold
ISIC_0899891,0,0.016661992,held_fold
ISIC_0899961,0,0.0013826195,held_fold
ISIC_0901403,0,0.0018906965,held_fold
ISIC_0902830,0,0.0022925078,held_fold
ISIC_0903020,0,0.0076083248,held_fold
ISIC_0903175,0,0.0021390794,held_fold
ISIC_0903330,0,0.005938608,held_fold
ISIC_0903548,0,0.006795758,held_fold
ISIC_0904214,0,0.00047860833,held_fold
ISIC_0905000,0,0.00026565493,held_fold
ISIC_0906639,0,0.00092569576,held_fold
ISIC_0909206,0,0.013327059,held_fold
ISIC_0911783,0,0.00091959006,held_fold
ISIC_0912196,0,0.0018221855,held_fold
ISIC_0914700,0,0.0015211311,held_fold
ISIC_0915750,0,0.008069007,held_fold
ISIC_0917416,0,0.001801961,held_fold
ISIC_0918831,0,0.016658705,held_fold
ISIC_0919271,0,0.01764692,held_fold
ISIC_0920000,0,0.037370037,held_fold
ISIC_0920968,0,0.001866289,held_fold
ISIC_0924724,0,0.049104787,held_fold
ISIC_0925758,0,0.00040041198,held_fold
ISIC_0928604,0,0.023243982,held_fold
ISIC_0931725,0,0.14675085,held_fold
ISIC_0932862,0,0.040910587,held_fold
ISIC_0937378,0,0.0027858831,held_fold
ISIC_0940385,0,0.012477531,held_fold
ISIC_0941085,0,0.0011299299,held_fold
ISIC_0942654,0,0.00049245293,held_fold
ISIC_0944103,0,0.1377596,held_fold
ISIC_0944753,0,0.00074321154,held_fold
ISIC_0951377,0,0.0034829725,held_fold
ISIC_0951438,0,0.014477546,held_fold
ISIC_0952472,1,0.04936842,held_fold
ISIC_0953133,0,0.017302569,held_fold
ISIC_0953500,0,0.0026361346,held_fold
ISIC_0953675,0,0.05045447,held_fold
ISIC_0954841,0,0.008000553,held_fold
ISIC_0958328,0,0.0036988896,held_fold
ISIC_0959863,0,0.0014004516,held_fold
ISIC_0960741,0,0.0004600701,held_fold
ISIC_0962601,0,0.00051880296,held_fold
ISIC_0963117,0,0.00035583324,held_fold
ISIC_0963460,0,0.015001743,held_fold
ISIC_0965224,0,0.0060177115,held_fold
ISIC_0966987,0,0.032605443,held_fold
ISIC_0974159,0,0.0044044307,held_fold
ISIC_0977333,0,0.00860723,held_fold
ISIC_0978977,0,0.0016266652,held_fold
ISIC_0980012,0,0.000792819,held_fold
ISIC_0980513,0,0.008988393,held_fold
ISIC_0981661,0,0.10400007,held_fold
ISIC_0981883,0,0.0004477045,held_fold
ISIC_0982855,0,0.0003400477,held_fold
ISIC_0983360,0,0.114329986,held_fold
ISIC_0985052,0,0.0036816562,held_fold
ISIC_0985863,0,0.007079669,held_fold
ISIC_0987176,0,0.0010729352,held_fold
ISIC_0987757,0,0.03698732,held_fold
ISIC_0988665,0,0.0065943464,held_fold
ISIC_0991133,0,0.04738326,held_fold
ISIC_0994556,0,0.0141292205,held_fold
ISIC_0998408,0,0.0014060062,held_fold
ISIC_0998651,0,0.0004907369,held_fold
ISIC_1001348,0,0.08664501,held_fold
ISIC_1001562,0,0.07132731,held_fold
ISIC_1002107,0,0.004434847,held_fold
ISIC_1003703,0,0.0007730942,held_fold
ISIC_1004225,0,0.0018914505,held_fold
ISIC_1006632,0,0.002398355,held_fold
ISIC_1008321,0,0.015659848,held_fold
ISIC_1008609,0,0.0028925815,held_fold
ISIC_1010416,0,0.00044554938,held_fold
ISIC_1010991,0,0.032231804,held_fold
ISIC_1011089,0,0.0024488613,held_fold
ISIC_1013648,0,0.0003982271,held_fold
ISIC_1015264,0,0.0011088976,held_fold
ISIC_1015644,0,0.0043236595,held_fold
ISIC_1020809,0,0.00070540153,held_fold
ISIC_1022653,0,0.0011409852,held_fold
ISIC_1023685,0,0.0012904062,held_fold
ISIC_1024569,0,0.005292912,held_fold
ISIC_1025009,0,0.004215502,held_fold
ISIC_1025192,0,0.0014135311,held_fold
ISIC_1029536,0,0.012734129,held_fold
ISIC_1031166,0,0.01695157,held_fold
ISIC_1031178,0,0.0011163555,held_fold
ISIC_1039970,0,0.04241215,held_fold
ISIC_1041406,0,0.00021643135,held_fold
ISIC_1042588,0,0.0050528063,held_fold
ISIC_1046786,0,0.0045871157,held_fold
ISIC_1048741,0,0.0010958064,held_fold
ISIC_1048856,0,0.0030241378,held_fold
ISIC_1048895,0,0.050568998,held_fold
ISIC_1050000,0,0.03572005,held_fold
ISIC_1060448,0,0.0051486352,held_fold
ISIC_1064163,0,0.02379089,held_fold
ISIC_1066052,0,0.05713915,held_fold
ISIC_1067985,0,0.13066733,held_fold
ISIC_1069960,0,0.0008599873,held_fold
ISIC_1070864,0,0.00017948331,held_fold
ISIC_1070883,0,0.005233993,held_fold
ISIC_1072321,0,0.00075291365,held_fold
ISIC_1073233,0,0.02032077,held_fold
ISIC_1073350,0,0.0006204776,held_fold
ISIC_1074551,0,0.0016729579,held_fold
ISIC_1075968,0,0.07078596,held_fold
ISIC_1077911,0,0.013371451,held_fold
ISIC_1078563,0,0.002618087,held_fold
ISIC_1080647,0,0.08166649,held_fold
ISIC_1082020,0,0.0012339513,held_fold
ISIC_1082748,0,0.0058886423,held_fold
ISIC_1084154,0,0.0007845075,held_fold
ISIC_1084452,0,0.0014524458,held_fold
ISIC_1085285,0,0.1342514,held_fold
ISIC_1087705,0,0.001054014,held_fold
ISIC_1088190,0,0.011859578,held_fold
ISIC_1096503,0,0.005058875,held_fold
ISIC_1101631,0,0.00039926334,held_fold
ISIC_1106211,0,0.032347526,held_fold
ISIC_1107820,0,0.0014843034,held_fold
ISIC_1108178,0,0.0013736364,held_fold
ISIC_1108204,0,0.0777523,held_fold
ISIC_1109485,0,0.026435304,held_fold
ISIC_1109641,0,0.0006090016,held_fold
ISIC_1111050,0,0.0011828054,held_fold
ISIC_1112803,0,0.00029522242,held_fold
ISIC_1114860,0,0.09337194,held_fold
ISIC_1115013,0,0.002330201,held_fold
ISIC_1115266,0,0.0037207312,held_fold
ISIC_1115695,0,0.00071029254,held_fold
ISIC_1116483,1,0.09730777,held_fold
ISIC_1117976,0,0.0005631123,held_fold
ISIC_1122023,0,0.060401857,held_fold
ISIC_1122524,0,0.0011297307,held_fold
ISIC_1124434,1,0.04372567,held_fold
ISIC_1124744,0,0.010928237,held_fold
ISIC_1126202,0,0.06901525,held_fold
ISIC_1126306,0,0.0050991434,held_fold
ISIC_1129508,0,0.01610165,held_fold
ISIC_1130830,0,0.020512741,held_fold
ISIC_1130888,0,0.034876727,held_fold
ISIC_1134319,0,0.00024635709,held_fold
ISIC_1134437,0,0.04255929,held_fold
ISIC_1134882,0,0.0014165929,held_fold
ISIC_1140717,0,0.002282928,held_fold
ISIC_1141666,0,0.011060987,held_fold
ISIC_1143655,0,0.0012053301,held_fold
ISIC_1144466,0,0.00040789886,held_fold
ISIC_1144769,0,0.0951248,held_fold
ISIC_1147442,0,0.00021440288,held_fold
ISIC_1147795,0,0.029742,held_fold
ISIC_1148932,0,0.019060865,held_fold
ISIC_1149693,0,0.016598027,held_fold
ISIC_1151910,0,0.054059573,held_fold
ISIC_1153106,0,0.00018462358,held_fold
ISIC_1153940,0,0.024976924,held_fold
ISIC_1154072,0,0.0008026039,held_fold
ISIC_1159773,0,0.031012595,held_fold
ISIC_1160040,0,0.031052189,held_fold
ISIC_1162156,0,0.0006516907,held_fold
ISIC_1163624,0,0.0010102523,held_fold
ISIC_1164612,0,0.047591094,held_fold
ISIC_1166337,0,0.0011289229,held_fold
ISIC_1166522,0,0.011865225,held_fold
ISIC_1166678,0,0.00451608,held_fold
ISIC_1167108,0,0.0008757397,held_fold
ISIC_1170134,0,0.0029291376,held_fold
ISIC_1171646,0,0.016309446,held_fold
ISIC_1171655,0,0.002849438,held_fold
ISIC_1172955,0,0.0017617757,held_fold
ISIC_1176970,0,0.001549441,held_fold
ISIC_1177505,1,0.040303256,held_fold
ISIC_1178491,0,0.0013556521,held_fold
ISIC_1181483,0,0.15434968,held_fold
ISIC_1182612,0,0.0014847761,held_fold
ISIC_1183565,0,0.031243635,held_fold
ISIC_1184373,0,0.008112022,held_fold
ISIC_1185468,0,0.100109994,held_fold
ISIC_1186495,0,0.12623256,held_fold
ISIC_1188141,0,0.00021366375,held_fold
ISIC_1190567,0,0.0020990567,held_fold
ISIC_1190994,0,0.009456462,held_fold
ISIC_1194944,0,0.011412753,held_fold
ISIC_1195254,0,0.00023807501,held_fold
ISIC_1195563,0,0.003793241,held_fold
ISIC_1198047,0,0.00028286723,held_fold
ISIC_1198929,0,0.0001312977,held_fold
ISIC_1202355,0,0.00067916774,held_fold
ISIC_1202976,0,0.00028099725,held_fold
ISIC_1203254,0,0.010076298,held_fold
ISIC_1204286,0,0.0026441175,held_fold
ISIC_1206571,0,0.0039322046,held_fold
ISIC_1207652,0,0.005686961,held_fold
ISIC_1209492,0,0.0017312989,held_fold
ISIC_1210011,1,0.16704357,held_fold
ISIC_1219427,0,0.0073341215,held_fold
ISIC_1219783,0,0.010922287,held_fold
ISIC_1222905,0,0.101966344,held_fold
ISIC_1224295,0,0.034406118,held_fold
ISIC_1224329,0,0.075797394,held_fold
ISIC_1224650,0,0.075461924,held_fold
ISIC_1225511,0,0.0021203787,held_fold
ISIC_1226868,0,0.0010256242,held_fold
ISIC_1226882,0,0.0007472347,held_fold
ISIC_1227931,0,0.013604405,held_fold
ISIC_1228845,0,0.0048182895,held_fold
ISIC_1233068,0,0.009809363,held_fold
ISIC_1233830,0,0.0010130767,held_fold
ISIC_1235053,0,0.000851299,held_fold
ISIC_1242176,0,0.0016171203,held_fold
ISIC_1242992,0,0.0007624072,held_fold
ISIC_1246630,0,0.00023680432,held_fold
ISIC_1248073,0,0.0018769752,held_fold
ISIC_1248372,0,0.0015007679,held_fold
ISIC_1248876,0,0.0008219543,held_fold
ISIC_1250861,0,0.000670317,held_fold
ISIC_1251364,0,0.017545506,held_fold
ISIC_1251721,0,0.00034504934,held_fold
ISIC_1257045,0,0.0819197,held_fold
ISIC_1258127,0,0.0027434404,held_fold
ISIC_1258763,0,0.0008759266,held_fold
ISIC_1259465,0,0.0025289657,held_fold
ISIC_1260198,0,0.0033994187,held_fold
ISIC_1261530,0,0.004570728,held_fold
ISIC_1264725,0,0.0020926124,held_fold
ISIC_1265427,0,0.001931746,held_fold
ISIC_1265609,0,0.0025107504,held_fold
ISIC_1265653,0,0.06311768,held_fold
ISIC_1266707,0,0.006985679,held_fold
ISIC_1269461,0,0.00012624287,held_fold
ISIC_1270305,0,0.0008523827,held_fold
ISIC_1270307,0,0.00022967572,held_fold
ISIC_1272233,0,0.0009931765,held_fold
ISIC_1274851,0,0.00034664368,held_fold
ISIC_1276037,0,0.0028794294,held_fold
ISIC_1281431,0,0.014631784,held_fold
ISIC_1283518,0,0.0062581156,held_fold
ISIC_1283950,0,0.0010396705,held_fold
ISIC_1284397,0,0.019785723,held_fold
ISIC_1284496,0,0.0014086169,held_fold
ISIC_1285997,0,0.0488519,held_fold
ISIC_1287050,0,0.0023740036,held_fold
ISIC_1287370,0,0.011091281,held_fold
ISIC_1292006,0,0.043584123,held_fold
ISIC_1292165,0,0.0007694249,held_fold
ISIC_1292607,0,0.08125146,held_fold
ISIC_1292799,0,0.0021325953,held_fold
ISIC_1296490,0,0.06756539,held_fold
ISIC_1298253,0,0.002315233,held_fold
ISIC_1300318,0,0.00039738073,held_fold
ISIC_1300967,0,0.0018548727,held_fold
ISIC_1301544,0,0.0005268937,held_fold
ISIC_1301591,0,0.0012125561,held_fold
ISIC_1307134,0,0.013396837,held_fold
ISIC_1307396,0,0.0041381433,held_fold
ISIC_1307419,0,0.0055831145,held_fold
ISIC_1309015,0,0.0007386594,held_fold
ISIC_1309130,0,0.012208782,held_fold
ISIC_1313105,0,0.0006797642,held_fold
ISIC_1318137,0,0.0048444234,held_fold
ISIC_1318781,0,0.0007439318,held_fold
ISIC_1322621,0,0.038537815,held_fold
ISIC_1326295,0,0.04991884,held_fold
ISIC_1326483,0,0.0006835789,held_fold
ISIC_1328417,0,0.036961883,held_fold
ISIC_1330242,0,0.0018234653,held_fold
ISIC_1333230,0,0.0015645206,held_fold
ISIC_1336519,0,0.0093845455,held_fold
ISIC_1336572,0,0.0251038,held_fold
ISIC_1337144,0,0.0006882571,held_fold
ISIC_1338069,0,0.039479654,held_fold
ISIC_1341106,0,0.06489705,held_fold
ISIC_1341586,0,0.025949022,held_fold
ISIC_1342117,0,0.0028112903,held_fold
ISIC_1342739,0,0.0008144862,held_fold
ISIC_1344537,0,0.010090777,held_fold
ISIC_1344757,0,0.0042065163,held_fold
ISIC_1346695,0,0.0032601417,held_fold
ISIC_1347099,0,0.00029144174,held_fold
ISIC_1348254,0,0.05645356,held_fold
ISIC_1348539,0,0.0005132513,held_fold
ISIC_1348843,0,0.00047475472,held_fold
ISIC_1350519,0,0.002377376,held_fold
ISIC_1350659,0,0.0016205251,held_fold
ISIC_1351604,0,0.0077407737,held_fold
ISIC_1352841,0,0.038342234,held_fold
ISIC_1352911,0,0.014031576,held_fold
ISIC_1353532,0,0.00050851505,held_fold
ISIC_1353653,0,0.0048156083,held_fold
ISIC_1355104,0,0.004388789,held_fold
ISIC_1355722,0,0.00057556684,held_fold
ISIC_1358348,0,0.0033938452,held_fold
ISIC_1358527,0,0.0067230877,held_fold
ISIC_1358757,0,0.015764358,held_fold
ISIC_1360595,0,0.020989526,held_fold
ISIC_1363718,0,0.026282,held_fold
ISIC_1364848,0,0.00026557923,held_fold
ISIC_1365434,0,0.017291268,held_fold
ISIC_1366993,0,0.25490353,held_fold
ISIC_1370034,0,0.0037004275,held_fold
ISIC_1373468,0,0.0056869797,held_fold
ISIC_1376528,0,0.0030508123,held_fold
ISIC_1377409,0,0.0011035837,held_fold
ISIC_1384413,0,0.00043058052,held_fold
ISIC_1384527,0,0.002397293,held_fold
ISIC_1387456,0,0.0076110247,held_fold
ISIC_1388230,0,0.0029370931,held_fold
ISIC_1388984,0,0.004134794,held_fold
ISIC_1389620,0,0.08844396,held_fold
ISIC_1390308,0,0.00088801386,held_fold
ISIC_1392776,0,0.0011689668,held_fold
ISIC_1394786,0,0.0017211051,held_fold
ISIC_1396573,0,0.0049209855,held_fold
ISIC_1396857,0,0.0048944037,held_fold
ISIC_1401235,0,0.020147823,held_fold
ISIC_1403974,0,0.00059276255,held_fold
ISIC_1405391,0,0.028469961,held_fold
ISIC_1410153,0,0.0027458651,held_fold
ISIC_1411384,0,0.004218792,held_fold
ISIC_1412620,0,0.0039550113,held_fold
ISIC_1412843,1,0.05688889,held_fold
ISIC_1413366,0,0.0005235406,held_fold
ISIC_1416869,0,0.006587634,held_fold
ISIC_1416995,0,0.08032146,held_fold
ISIC_1418788,0,0.021530898,held_fold
ISIC_1421644,0,0.011111,held_fold
ISIC_1422217,0,0.0013605594,held_fold
ISIC_1422429,0,0.03407044,held_fold
ISIC_1424529,0,0.0016153,held_fold
ISIC_1424655,0,0.0068764985,held_fold
ISIC_1425404,0,0.0013147915,held_fold
ISIC_1429437,0,0.016016351,held_fold
ISIC_1429954,0,0.0837293,held_fold
ISIC_1431332,0,0.0037064904,held_fold
ISIC_1432485,0,0.038317464,held_fold
ISIC_1433739,0,0.0034958324,held_fold
ISIC_1434244,0,0.000999675,held_fold
ISIC_1434340,0,0.009569884,held_fold
ISIC_1436124,0,0.001964381,held_fold
ISIC_1436341,0,0.0014884007,held_fold
ISIC_1437529,0,0.019378956,held_fold
ISIC_1438382,0,0.00046058546,held_fold
ISIC_1438584,0,0.0090082465,held_fold
ISIC_1438669,0,0.031067431,held_fold
ISIC_1440033,0,0.007155589,held_fold
ISIC_1442186,0,0.1486444,held_fold
ISIC_1444573,0,0.0345352,held_fold
ISIC_1446344,0,0.0046222024,held_fold
ISIC_1447118,0,0.00067587406,held_fold
ISIC_1447559,0,0.023064045,held_fold
ISIC_1448526,0,0.025347581,held_fold
ISIC_1449910,0,0.036770076,held_fold
ISIC_1450745,0,0.00083127746,held_fold
ISIC_1451092,0,0.0056759086,held_fold
ISIC_1452412,0,0.00020449133,held_fold
ISIC_1456444,0,0.0007378801,held_fold
ISIC_1457263,0,0.0022742231,held_fold
ISIC_1458551,0,0.0021984412,held_fold
ISIC_1459948,0,0.04910609,held_fold
ISIC_1461419,0,0.0060080676,held_fold
ISIC_1462268,0,0.0075218035,held_fold
ISIC_1463838,0,0.045503985,held_fold
ISIC_1466584,0,0.003154996,held_fold
ISIC_1467552,0,0.0020640856,held_fold
ISIC_1467583,0,0.11172231,held_fold
ISIC_1470522,0,0.0006820873,held_fold
ISIC_1471649,0,0.006839462,held_fold
ISIC_1472731,0,0.0059061088,held_fold
ISIC_1473522,1,0.16217886,held_fold
ISIC_1476176,0,0.0020531935,held_fold
ISIC_1477664,0,0.00213809,held_fold
ISIC_1478794,0,0.0005701393,held_fold
ISIC_1479729,0,0.011342341,held_fold
ISIC_1479891,0,0.00042264865,held_fold
ISIC_1483952,0,0.002496482,held_fold
ISIC_1485132,0,0.00077807973,held_fold
ISIC_1485969,0,0.0011461956,held_fold
ISIC_1486589,0,0.00047073828,held_fold
ISIC_1490161,0,0.011089879,held_fold
ISIC_1492055,0,0.002963233,held_fold
ISIC_1493314,0,0.0055981083,held_fold
ISIC_1493565,0,0.0032872907,held_fold
ISIC_1497992,0,0.0011154785,held_fold
ISIC_1500815,0,0.008767701,held_fold
ISIC_1500843,0,0.00036694322,held_fold
ISIC_1501034,0,0.03170689,held_fold
ISIC_1502140,0,0.003351763,held_fold
ISIC_1502309,0,0.21284889,held_fold
ISIC_1503020,0,0.00088232174,held_fold
ISIC_1505951,0,0.00801188,held_fold
ISIC_1506794,0,0.0009731102,held_fold
ISIC_1506912,0,0.00048565716,held_fold
ISIC_1506954,0,0.0022871916,held_fold
ISIC_1507090,0,0.012466778,held_fold
ISIC_1508810,0,0.0006262855,held_fold
ISIC_1510504,0,0.007920323,held_fold
ISIC_1511227,0,0.0031248129,held_fold
ISIC_1511536,0,0.028919317,held_fold
ISIC_1513720,0,0.10677047,held_fold
ISIC_1514117,0,0.001264667,held_fold
ISIC_1514364,0,0.0012220215,held_fold
ISIC_1514401,0,0.0036969169,held_fold
ISIC_1519645,0,0.004788036,held_fold
ISIC_1519891,0,0.00037135356,held_fold
ISIC_1520897,0,0.03445144,held_fold
ISIC_1528994,0,0.014543457,held_fold
ISIC_1529534,0,0.04452143,held_fold
ISIC_1531548,0,0.07408666,held_fold
ISIC_1532403,0,0.0012412872,held_fold
ISIC_1534800,0,0.03554883,held_fold
ISIC_1537566,0,0.0002933636,held_fold
ISIC_1537779,0,0.0018694468,held_fold
ISIC_1541817,0,0.0016431167,held_fold
ISIC_1542389,0,0.07158857,held_fold
ISIC_1543862,0,0.00069793896,held_fold
ISIC_1544093,0,0.0022913301,held_fold
ISIC_1545489,0,0.0011333714,held_fold
ISIC_1545675,0,0.00048527907,held_fold
ISIC_1545851,0,0.053925764,held_fold
ISIC_1548638,0,0.0040639206,held_fold
ISIC_1549857,0,0.043031324,held_fold
ISIC_1550349,0,0.032748573,held_fold
ISIC_1550785,0,0.006894328,held_fold
ISIC_1552127,0,0.06384761,held_fold
ISIC_1552570,0,0.09360981,held_fold
ISIC_1554843,0,0.0010359525,held_fold
ISIC_1556209,0,0.0135768745,held_fold
ISIC_1556765,0,0.004637162,held_fold
ISIC_1558731,0,0.00100034,held_fold
ISIC_1561177,0,0.0031906841,held_fold
ISIC_1566312,0,0.0010813032,held_fold
ISIC_1566381,0,0.030901667,held_fold
ISIC_1568752,0,0.009868812,held_fold
ISIC_1570838,0,0.0068859844,held_fold
ISIC_1573974,0,0.035097353,held_fold
ISIC_1574123,0,0.18751246,held_fold
ISIC_1575396,0,0.0027241716,held_fold
ISIC_1578194,0,0.043565337,held_fold
ISIC_1578811,0,0.0008360493,held_fold
ISIC_1579463,0,0.0029753211,held_fold
ISIC_1579497,0,0.0007768717,held_fold
ISIC_1580068,0,0.026078435,held_fold
ISIC_1584543,0,0.0010873585,held_fold
ISIC_1585511,0,0.0068217325,held_fold
ISIC_1588382,0,0.008267644,held_fold
ISIC_1589136,0,0.05603246,held_fold
ISIC_1589997,1,0.07931998,held_fold
ISIC_1590829,0,0.0010797657,held_fold
ISIC_1593175,0,0.024039201,held_fold
ISIC_1593638,0,0.012926994,held_fold
ISIC_1594422,0,0.0008457252,held_fold
ISIC_1595157,0,0.0028901538,held_fold
ISIC_1595325,0,0.0008958256,held_fold
ISIC_1597414,0,0.0007330585,held_fold
ISIC_1599163,0,0.00020531108,held_fold
ISIC_1601244,0,0.0020404458,held_fold
ISIC_1603509,0,0.0021573019,held_fold
ISIC_1604935,0,0.0024047694,held_fold
ISIC_1605988,0,0.0003442109,held_fold
ISIC_1608192,0,0.020449443,held_fold
ISIC_1608727,0,0.00071982516,held_fold
ISIC_1610092,0,0.0023687782,held_fold
ISIC_1611600,0,0.00023409787,held_fold
ISIC_1617282,0,0.006216996,held_fold
ISIC_1617896,0,0.001918738,held_fold
ISIC_1618730,0,0.0053473148,held_fold
ISIC_1624873,0,0.024589228,held_fold
ISIC_1631125,0,0.0026552079,held_fold
ISIC_1631397,0,0.00095041486,held_fold
ISIC_1633463,0,0.0104065165,held_fold
ISIC_1635633,0,0.0037789377,held_fold
ISIC_1636849,0,0.0010683271,held_fold
ISIC_1637536,0,0.106528975,held_fold
ISIC_1637588,0,0.0017139415,held_fold
ISIC_1638436,0,0.07446025,held_fold
ISIC_1639011,0,0.00030960352,held_fold
ISIC_1639765,0,0.0005137775,held_fold
ISIC_1640426,0,0.00025094408,held_fold
ISIC_1641301,0,0.0017314167,held_fold
ISIC_1641839,0,0.021328738,held_fold
ISIC_1646084,0,0.02214694,held_fold
ISIC_1648233,0,0.0012489686,held_fold
ISIC_1650523,0,0.014995642,held_fold
ISIC_1652008,0,0.0020812675,held_fold
ISIC_1654183,0,0.009531169,held_fold
ISIC_1654342,1,0.17171341,held_fold
ISIC_1655513,0,0.0002535825,held_fold
ISIC_1656186,0,0.015000784,held_fold
ISIC_1656452,0,0.0038442037,held_fold
ISIC_1664534,0,0.0041398793,held_fold
ISIC_1665248,0,0.005455483,held_fold
ISIC_1674776,0,0.0057950933,held_fold
ISIC_1675814,0,0.00089707825,held_fold
ISIC_1676261,0,0.0008615071,held_fold
ISIC_1676826,0,0.0022076955,held_fold
ISIC_1681627,0,0.0008382804,held_fold
ISIC_1682693,0,0.00066780054,held_fold
ISIC_1684067,0,0.0004554129,held_fold
ISIC_1684127,1,0.02270548,held_fold
ISIC_1684948,0,0.0024786275,held_fold
ISIC_1685833,0,0.0765902,held_fold
ISIC_1687584,0,0.0003035528,held_fold
ISIC_1688160,0,0.04668774,held_fold
ISIC_1689686,0,0.00015937502,held_fold
ISIC_1690499,0,0.07821494,held_fold
ISIC_1690909,0,0.00021755189,held_fold
ISIC_1691676,0,0.0008018654,held_fold
ISIC_1692144,0,0.04990852,held_fold
ISIC_1693686,0,0.001482438,held_fold
ISIC_1693912,0,0.00017508258,held_fold
ISIC_1695724,0,0.0037802712,held_fold
ISIC_1698119,0,0.00085055555,held_fold
ISIC_1700513,0,0.00137117,held_fold
ISIC_1704026,0,0.06947867,held_fold
ISIC_1708068,0,0.00032116854,held_fold
ISIC_1710179,0,0.0029722417,held_fold
ISIC_1715406,0,0.006859151,held_fold
ISIC_1718418,0,0.00044774442,held_fold
ISIC_1718707,0,0.012889573,held_fold
ISIC_1719236,0,0.0005278745,held_fold
ISIC_1720840,0,0.007029883,held_fold
ISIC_1723279,0,0.0047517414,held_fold
ISIC_1724802,0,0.0035248534,held_fold
ISIC_1725961,0,0.0019600452,held_fold
ISIC_1725997,0,0.012723003,held_fold
ISIC_1727369,0,0.00028372236,held_fold
ISIC_1728767,0,0.0047304025,held_fold
ISIC_1729465,0,0.02576532,held_fold
ISIC_1732965,0,0.0032882656,held_fold
ISIC_1736706,0,0.0011961432,held_fold
ISIC_1738348,0,0.01320896,held_fold
ISIC_1740379,0,0.0009188285,held_fold
ISIC_1743974,0,0.008964982,held_fold
ISIC_1744704,0,0.0010997955,held_fold
ISIC_1744817,0,0.00060385355,held_fold
ISIC_1745458,0,0.014181096,held_fold
ISIC_1745477,0,0.00207855,held_fold
ISIC_1747417,0,0.010342512,held_fold
ISIC_1749857,0,0.0018597879,held_fold
ISIC_1750674,0,0.0005248159,held_fold
ISIC_1752306,0,0.00028804017,held_fold
ISIC_1755832,0,0.053603075,held_fold
ISIC_1756265,0,0.0045255823,held_fold
ISIC_1757212,0,0.1595924,held_fold
ISIC_1758149,0,0.0005097069,held_fold
ISIC_1758558,0,0.06705412,held_fold
ISIC_1761138,0,0.011460226,held_fold
ISIC_1766601,0,0.0019022333,held_fold
ISIC_1768217,0,0.002838775,held_fold
ISIC_1769724,0,0.002821342,held_fold
ISIC_1772523,0,0.050422423,held_fold
ISIC_1772784,0,0.0014107239,held_fold
ISIC_1777398,0,0.0118143335,held_fold
ISIC_1779061,0,0.18162575,held_fold
ISIC_1779443,0,0.045061737,held_fold
ISIC_1780675,0,0.00030891533,held_fold
ISIC_1782911,0,0.02974194,held_fold
ISIC_1783021,0,0.002509503,held_fold
ISIC_1786025,0,0.01669818,held_fold
ISIC_1786309,0,0.03135747,held_fold
ISIC_1788314,0,0.028495455,held_fold
ISIC_1788671,0,0.00020237033,held_fold
ISIC_1788875,0,0.0060256347,held_fold
ISIC_1795959,0,0.024073923,held_fold
ISIC_1800066,0,0.090115316,held_fold
ISIC_1802793,0,0.007568905,held_fold
ISIC_1806497,0,0.00517861,held_fold
ISIC_1807638,0,0.0021014772,held_fold
ISIC_1809912,0,0.0009819309,held_fold
ISIC_1810207,0,0.19123557,held_fold
ISIC_1810790,0,0.014413857,held_fold
ISIC_1813911,0,0.00394998,held_fold
ISIC_1817714,0,0.0062586823,held_fold
ISIC_1819358,0,0.0028305948,held_fold
ISIC_1820193,0,0.014936551,held_fold
ISIC_1820389,0,0.0052026827,held_fold
ISIC_1825131,0,0.0039396393,held_fold
ISIC_1828652,0,0.026415147,held_fold
ISIC_1829378,0,0.011428559,held_fold
ISIC_1830017,0,0.00053940277,held_fold
ISIC_1831304,0,0.03831033,held_fold
ISIC_1832582,0,0.00080342765,held_fold
ISIC_1833138,0,0.0007871842,held_fold
ISIC_1835426,0,0.007085364,held_fold
ISIC_1835970,0,0.008834364,held_fold
ISIC_1837402,0,0.0026746944,held_fold
ISIC_1837609,0,0.0060156444,held_fold
ISIC_1838888,0,0.00046649732,held_fold
ISIC_1838904,0,0.012405457,held_fold
ISIC_1840418,0,0.00020726974,held_fold
ISIC_1841825,0,0.006106825,held_fold
ISIC_1841949,0,0.04621386,held_fold
ISIC_1844824,0,0.0010045565,held_fold
ISIC_1845271,0,0.0007543672,held_fold
ISIC_1845580,0,0.00063138094,held_fold
ISIC_1846528,0,0.0003739833,held_fold
ISIC_1847200,0,0.0007701941,held_fold
ISIC_1847516,0,0.0008944038,held_fold
ISIC_1847684,0,0.0005661403,held_fold
ISIC_1848300,0,0.00019344654,held_fold
ISIC_1849151,0,0.015338102,held_fold
ISIC_1849227,0,0.00023186365,held_fold
ISIC_1849442,0,0.014466978,held_fold
ISIC_1850122,0,0.036333892,held_fold
ISIC_1850388,0,0.0054194406,held_fold
ISIC_1852500,0,0.05323336,held_fold
ISIC_1852987,0,0.0067034536,held_fold
ISIC_1857587,0,0.0023004133,held_fold
ISIC_1858123,0,0.010572619,held_fold
ISIC_1858237,0,0.0036481856,held_fold
ISIC_1859531,0,0.0006868093,held_fold
ISIC_1859923,0,0.00824319,held_fold
ISIC_1861580,0,0.00918426,held_fold
ISIC_1863917,0,0.005403298,held_fold
ISIC_1864109,0,0.0004550994,held_fold
ISIC_1864210,0,0.0050397343,held_fold
ISIC_1865060,0,0.0077456906,held_fold
ISIC_1865170,0,0.00027100084,held_fold
ISIC_1867577,0,0.023745064,held_fold
ISIC_1870517,0,0.016878722,held_fold
ISIC_1873035,0,0.0008734971,held_fold
ISIC_1875086,0,0.0057563973,held_fold
ISIC_1876799,0,0.0005363081,held_fold
ISIC_1878972,0,0.004281212,held_fold
ISIC_1880540,0,0.1680742,held_fold
ISIC_1881268,0,0.057078637,held_fold
ISIC_1883184,0,0.0012288772,held_fold
ISIC_1883330,0,0.0026590074,held_fold
ISIC_1884256,0,0.0017854738,held_fold
ISIC_1886719,0,0.017667009,held_fold
ISIC_1886756,0,0.011686062,held_fold
ISIC_1887768,0,0.009965117,held_fold
ISIC_1888148,0,0.00020940254,held_fold
ISIC_1890263,0,0.0068197353,held_fold
ISIC_1892887,0,0.438193,held_fold
ISIC_1896350,0,0.0009612808,held_fold
ISIC_1897312,0,0.000852667,held_fold
ISIC_1897327,0,0.0010520883,held_fold
ISIC_1900721,0,0.006764168,held_fold
ISIC_1901204,0,0.00025232957,held_fold
ISIC_1901829,0,0.028470425,held_fold
ISIC_1903698,0,0.0010135642,held_fold
ISIC_1904002,0,0.0010423166,held_fold
ISIC_1910458,0,0.003795505,held_fold
ISIC_1911714,0,0.0009426743,held_fold
ISIC_1912184,0,0.0025879361,held_fold
ISIC_1912589,0,0.004105673,held_fold
ISIC_1915989,0,0.044594314,held_fold
ISIC_1917554,0,0.078834206,held_fold
ISIC_1917856,0,0.00023059882,held_fold
ISIC_1919196,0,0.036008447,held_fold
ISIC_1919324,0,0.0017167431,held_fold
ISIC_1919829,0,0.080655806,held_fold
ISIC_1920685,0,0.00023610026,held_fold
ISIC_1921387,0,0.0013189348,held_fold
ISIC_1921636,0,0.02202224,held_fold
ISIC_1922234,0,0.008752356,held_fold
ISIC_1922568,0,0.0025892633,held_fold
ISIC_1924949,0,0.0004591938,held_fold
ISIC_1925412,0,0.014335622,held_fold
ISIC_1926530,0,0.003271738,held_fold
ISIC_1927858,0,0.0050583086,held_fold
ISIC_1930598,0,0.009921882,held_fold
ISIC_1930877,0,0.003691941,held_fold
ISIC_1931408,0,0.0037445433,held_fold
ISIC_1932632,0,0.017832289,held_fold
ISIC_1932947,0,0.0003574946,held_fold
ISIC_1933026,0,0.0027198533,held_fold
ISIC_1934097,0,0.009272919,held_fold
ISIC_1937955,0,0.05994029,held_fold
ISIC_1943439,0,0.033830192,held_fold
ISIC_1943654,0,0.05446298,held_fold
ISIC_1944865,0,0.0017198258,held_fold
ISIC_1945381,0,0.034104865,held_fold
ISIC_1947992,0,0.0035641391,held_fold
ISIC_1948751,0,0.019758353,held_fold
ISIC_1950616,0,0.07716144,held_fold
ISIC_1951928,0,0.0027464672,held_fold
ISIC_1953808,0,0.00026741525,held_fold
ISIC_1954547,0,0.0012679151,held_fold
ISIC_1957587,0,0.0047377334,held_fold
ISIC_1958003,0,0.0006876752,held_fold
ISIC_1958612,0,0.029320618,held_fold
ISIC_1959078,0,0.013800134,held_fold
ISIC_1959939,1,0.038959414,held_fold
ISIC_1964334,0,0.0047381,held_fold
ISIC_1966916,0,0.001776297,held_fold
ISIC_1970027,0,0.008399595,held_fold
ISIC_1973320,0,0.00030910922,held_fold
ISIC_1974281,0,0.0005197614,held_fold
ISIC_1974530,0,0.0020615994,held_fold
ISIC_1975941,0,0.012173501,held_fold
ISIC_1977265,0,0.028996777,held_fold
ISIC_1977916,0,0.00868601,held_fold
ISIC_1978228,0,0.0005661967,held_fold
ISIC_1978426,0,0.00067026017,held_fold
ISIC_1979473,0,0.08637949,held_fold
ISIC_1981133,0,0.0030651665,held_fold
ISIC_1982295,0,0.002098769,held_fold
ISIC_1983516,0,0.0017566978,held_fold
ISIC_1985244,0,0.010218474,held_fold
ISIC_1985984,0,0.0019491118,held_fold
ISIC_1988336,0,0.0019075513,held_fold
ISIC_1990520,0,0.002553022,held_fold
ISIC_1991054,0,0.0034920007,held_fold
ISIC_1991528,0,0.025273584,held_fold
ISIC_1998849,0,0.029789697,held_fold
ISIC_2000184,0,0.022951158,held_fold
ISIC_2001492,0,0.0096373875,held_fold
ISIC_2003272,0,0.0070033413,held_fold
ISIC_2006783,0,0.010403803,held_fold
ISIC_2009055,0,0.0076906784,held_fold
ISIC_2009167,0,0.0021431993,held_fold
ISIC_2010841,0,0.008812957,held_fold
ISIC_2011145,0,0.065565035,held_fold
ISIC_2011758,0,0.001638839,held_fold
ISIC_2011893,0,0.0017629536,held_fold
ISIC_2014399,0,0.0023966888,held_fold
ISIC_2015441,0,0.006380166,held_fold
ISIC_2016546,0,0.0004796359,held_fold
ISIC_2019110,0,0.0012236796,held_fold
ISIC_2027392,0,0.0017690689,held_fold
ISIC_2027490,0,0.00095699524,held_fold
ISIC_2027705,0,0.0023145436,held_fold
ISIC_2031177,0,0.032558415,held_fold
ISIC_2035097,0,0.0011804524,held_fold
ISIC_2037324,0,0.0013698856,held_fold
ISIC_2041726,0,0.00017762095,held_fold
ISIC_2045595,0,0.0011713873,held_fold
ISIC_2046079,0,0.041600607,held_fold
ISIC_2048638,0,0.0044190367,held_fold
ISIC_2049818,0,0.0010901869,held_fold
ISIC_2049836,0,0.0006008229,held_fold
ISIC_2053045,0,0.017051566,held_fold
ISIC_2056104,0,0.01571527,held_fold
ISIC_2057606,0,0.014341958,held_fold
ISIC_2059085,0,0.006326221,held_fold
ISIC_2059481,0,0.0007233273,held_fold
ISIC_2060078,0,0.05862032,held_fold
ISIC_2061063,0,0.005944449,held_fold
ISIC_2066127,0,0.0017602653,held_fold
ISIC_2066146,0,0.003528508,held_fold
ISIC_2066654,0,0.0025958947,held_fold
ISIC_2067576,0,0.001615483,held_fold
ISIC_2068866,0,0.008213744,held_fold
ISIC_2069039,0,0.006854241,held_fold
ISIC_2069765,0,0.0063163065,held_fold
ISIC_2070718,0,0.016787788,held_fold
ISIC_2070726,0,0.0004305388,held_fold
ISIC_2071317,0,0.0020736272,held_fold
ISIC_2073994,0,0.021127833,held_fold
ISIC_2074396,0,0.00029817186,held_fold
ISIC_2074764,0,0.00043388765,held_fold
ISIC_2077460,0,0.006265341,held_fold
ISIC_2078053,0,0.00066517404,held_fold
ISIC_2079078,0,0.0019818812,held_fold
ISIC_2079121,0,0.0057385303,held_fold
ISIC_2079417,0,0.001078094,held_fold
ISIC_2080351,0,0.00069193507,held_fold
ISIC_2081142,0,0.0065090107,held_fold
ISIC_2081489,0,0.0026411565,held_fold
ISIC_2087446,0,0.04512814,held_fold
ISIC_2092879,0,0.0020489,held_fold
ISIC_2094429,0,0.017699493,held_fold
ISIC_2095347,0,0.0001476756,held_fold
ISIC_2099776,0,0.0009295909,held_fold
ISIC_2101624,1,0.14265098,held_fold
ISIC_2102371,0,0.061317496,held_fold
ISIC_2102551,0,0.003620665,held_fold
ISIC_2104487,0,0.019846259,held_fold
ISIC_2108787,0,0.009685969,held_fold
ISIC_2109563,0,0.00063101423,held_fold
ISIC_2120508,0,0.0018660936,held_fold
ISIC_2121292,0,0.0009254876,held_fold
ISIC_2122087,0,0.005033192,held_fold
ISIC_2123159,0,0.005712149,held_fold
ISIC_2123488,0,0.0005617863,held_fold
ISIC_2125450,0,0.034577698,held_fold
ISIC_2126248,0,0.0012112159,held_fold
ISIC_2126316,0,0.00075396436,held_fold
ISIC_2127685,0,0.0010396492,held_fold
ISIC_2127820,0,0.0042114444,held_fold
ISIC_2129226,0,0.00040713855,held_fold
ISIC_2129541,0,0.012340796,held_fold
ISIC_2130800,0,0.0081462255,held_fold
ISIC_2131707,0,0.00022580031,held_fold
ISIC_2134858,0,0.0048535513,held_fold
ISIC_2137041,0,0.006567431,held_fold
ISIC_2140115,0,0.035775103,held_fold
ISIC_2142072,0,0.00047399546,held_fold
ISIC_2142232,0,0.0008021138,held_fold
ISIC_2142639,0,0.0013042378,held_fold
ISIC_2148350,0,0.013066928,held_fold
ISIC_2149030,0,0.0011024724,held_fold
ISIC_2150031,0,0.0006286219,held_fold
ISIC_2151459,0,0.0003264302,held_fold
ISIC_2152051,0,0.0034120847,held_fold
ISIC_2152755,0,0.21063612,held_fold
ISIC_2153201,0,0.0032569529,held_fold
ISIC_2153401,1,0.066464454,held_fold
ISIC_2153879,0,0.0122733675,held_fold
ISIC_2155898,0,0.12312278,held_fold
ISIC_2159914,0,0.0005598657,held_fold
ISIC_2161864,0,0.0011115903,held_fold
ISIC_2161930,0,0.029832738,held_fold
ISIC_2168257,0,0.0011387321,held_fold
ISIC_2168953,0,0.012770125,held_fold
ISIC_2170531,0,0.0016999503,held_fold
ISIC_2172377,0,0.00878377,held_fold
ISIC_2174204,0,0.0014632375,held_fold
ISIC_2175855,0,0.008332759,held_fold
ISIC_2176370,0,0.0005270849,held_fold
ISIC_2179001,0,0.0005062739,held_fold
ISIC_2180439,0,0.00773608,held_fold
ISIC_2185831,0,0.0016235334,held_fold
ISIC_2186496,0,0.005230836,held_fold
ISIC_2186828,0,0.00033122176,held_fold
ISIC_2188465,0,0.0011240585,held_fold
ISIC_2192666,0,0.00058479287,held_fold
ISIC_2193761,0,0.00072280224,held_fold
ISIC_2194968,0,0.09361381,held_fold
ISIC_2199969,0,0.05720388,held_fold
ISIC_2200426,0,0.00040873667,held_fold
ISIC_2203306,0,0.12693289,held_fold
ISIC_2205780,0,0.0006168972,held_fold
ISIC_2208668,0,0.016108375,held_fold
ISIC_2211136,0,0.071929984,held_fold
ISIC_2212473,1,0.030791255,held_fold
ISIC_2215830,0,0.08332043,held_fold
ISIC_2216526,0,0.020407734,held_fold
ISIC_2217550,0,0.0013955714,held_fold
ISIC_2219050,0,0.0049745147,held_fold
ISIC_2219235,0,0.0038504256,held_fold
ISIC_2220508,0,0.0004802549,held_fold
ISIC_2222264,0,0.12679024,held_fold
ISIC_2222489,0,0.010126974,held_fold
ISIC_2227830,0,0.0062597706,held_fold
ISIC_2228270,0,0.0010849269,held_fold
ISIC_2229251,0,0.0028494296,held_fold
ISIC_2234023,0,0.0060186586,held_fold
ISIC_2241173,0,0.010935915,held_fold
ISIC_2241975,0,0.01361892,held_fold
ISIC_2243353,0,0.03661024,held_fold
ISIC_2243954,0,0.0017031553,held_fold
ISIC_2244742,0,0.044568155,held_fold
ISIC_2245695,0,0.0015861336,held_fold
ISIC_2248305,0,0.015958184,held_fold
ISIC_2248956,0,0.003811594,held_fold
ISIC_2255492,0,0.01552772,held_fold
ISIC_2262530,0,0.007551754,held_fold
ISIC_2263311,0,0.00025794984,held_fold
ISIC_2265410,0,0.00030274817,held_fold
ISIC_2266011,0,0.005437137,held_fold
ISIC_2266857,0,0.0053333486,held_fold
ISIC_2269849,0,0.057956558,held_fold
ISIC_2274871,0,0.08918582,held_fold
ISIC_2275181,0,0.0009937411,held_fold
ISIC_2275624,0,0.0053620217,held_fold
ISIC_2275821,0,0.00823394,held_fold
ISIC_2276141,0,0.015461224,held_fold
ISIC_2280085,0,0.019798558,held_fold
ISIC_2281048,0,0.022244435,held_fold
ISIC_2282086,0,0.15036401,held_fold
ISIC_2282330,0,0.001113052,held_fold
ISIC_2282522,0,0.000840086,held_fold
ISIC_2283628,0,0.006714318,held_fold
ISIC_2284502,0,0.0012526547,held_fold
ISIC_2284633,0,0.015598937,held_fold
ISIC_2295998,0,0.0017913908,held_fold
ISIC_2297858,0,0.0018971711,held_fold
ISIC_2313297,0,0.011056024,held_fold
ISIC_2316159,0,0.00025790656,held_fold
ISIC_2316827,0,0.029732812,held_fold
ISIC_2317156,0,0.00060614763,held_fold
ISIC_2318657,0,0.004292669,held_fold
ISIC_2318906,0,0.0021446755,held_fold
ISIC_2319122,0,0.0012189321,held_fold
ISIC_2321619,0,0.000778182,held_fold
ISIC_2321671,0,0.001536204,held_fold
ISIC_2326984,0,0.015402502,held_fold
ISIC_2328299,0,0.0006958386,held_fold
ISIC_2329701,0,0.0011755617,held_fold
ISIC_2337650,0,0.009350447,held_fold
ISIC_2337786,0,0.078126416,held_fold
ISIC_2339522,0,0.015257051,held_fold
ISIC_2347774,0,0.00039104387,held_fold
ISIC_2348481,0,0.055521585,held_fold
ISIC_2349386,0,0.00080903823,held_fold
ISIC_2349743,0,0.00023466685,held_fold
ISIC_2355513,0,0.0018825255,held_fold
ISIC_2356841,0,0.00038049632,held_fold
ISIC_2357022,0,0.077617615,held_fold
ISIC_2357307,0,0.00020926243,held_fold
ISIC_2364189,0,0.0024684595,held_fold
ISIC_2365588,0,0.0037776271,held_fold
ISIC_2366196,0,0.059024736,held_fold
ISIC_2367392,0,0.031145047,held_fold
ISIC_2370650,0,0.024881644,held_fold
ISIC_2371734,0,0.042979397,held_fold
ISIC_2373071,0,0.0027671116,held_fold
ISIC_2374446,0,0.005062433,held_fold
ISIC_2378303,0,0.05839894,held_fold
ISIC_2378495,0,0.00040398457,held_fold
ISIC_2382078,0,0.0045888927,held_fold
ISIC_2382323,0,0.012366971,held_fold
ISIC_2383335,0,0.04803959,held_fold
ISIC_2383571,0,0.018541453,held_fold
ISIC_2386668,0,0.094068676,held_fold
ISIC_2387403,0,0.0035230904,held_fold
ISIC_2387634,0,0.0016960907,held_fold
ISIC_2394780,0,0.006097051,held_fold
ISIC_2394894,0,0.0051805675,held_fold
ISIC_2396480,0,0.00061561825,held_fold
ISIC_2396791,0,0.020814814,held_fold
ISIC_2397307,0,0.00013025643,held_fold
ISIC_2398131,0,0.0012094987,held_fold
ISIC_2399130,0,0.0002688422,held_fold
ISIC_2400177,0,0.01387865,held_fold
ISIC_2401705,0,0.00024610446,held_fold
ISIC_2402717,0,0.00048297422,held_fold
ISIC_2406580,0,0.00032705005,held_fold
ISIC_2406848,0,0.0028438938,held_fold
ISIC_2407132,0,0.00033438695,held_fold
ISIC_2407914,0,0.0065096766,held_fold
ISIC_2408815,1,0.018546365,held_fold
ISIC_2410842,0,0.028887449,held_fold
ISIC_2412426,0,0.11393352,held_fold
ISIC_2413429,0,0.0026844468,held_fold
ISIC_2415030,0,0.0015366926,held_fold
ISIC_2416792,0,0.0029142338,held_fold
ISIC_2417638,0,0.017915465,held_fold
ISIC_2418848,0,0.0011019927,held_fold
ISIC_2418954,0,0.0043281163,held_fold
ISIC_2419593,0,0.013881913,held_fold
ISIC_2420042,0,0.0012657384,held_fold
ISIC_2421521,0,0.0019632557,held_fold
ISIC_2425013,0,0.0057640737,held_fold
ISIC_2427137,0,0.00065161625,held_fold
ISIC_2428554,0,0.10356512,held_fold
ISIC_2430137,0,0.046766225,held_fold
ISIC_2432058,0,0.06782149,held_fold
ISIC_2434382,0,0.0031626236,held_fold
ISIC_2437188,0,0.014421132,held_fold
ISIC_2438067,0,0.00020191968,held_fold
ISIC_2448123,1,0.0016731753,held_fold
ISIC_2448210,0,0.00069451163,held_fold
ISIC_2452083,0,0.009514263,held_fold
ISIC_2452931,0,0.0009269035,held_fold
ISIC_2454475,0,0.04279233,held_fold
ISIC_2457132,0,0.00085960596,held_fold
ISIC_2457369,0,0.0017186955,held_fold
ISIC_2459772,0,0.0032026249,held_fold
ISIC_2462485,0,0.0010150771,held_fold
ISIC_2467125,0,0.0010311804,held_fold
ISIC_2468975,0,0.0011260916,held_fold
ISIC_2470542,0,0.0014869714,held_fold
ISIC_2476876,0,0.0019496146,held_fold
ISIC_2477888,0,0.00036926207,held_fold
ISIC_2478012,0,0.003289202,held_fold
ISIC_2480608,0,0.041747652,held_fold
ISIC_2480615,0,0.008932031,held_fold
ISIC_2481230,0,0.025518026,held_fold
ISIC_2482427,0,0.0014533221,held_fold
ISIC_2482653,0,0.053667847,held_fold
ISIC_2482687,0,0.0418621,held_fold
ISIC_2484586,0,0.034781545,held_fold
ISIC_2487061,0,0.16567183,held_fold
ISIC_2489471,0,0.019827465,held_fold
ISIC_2490493,0,0.010071024,held_fold
ISIC_2493432,0,0.0016350299,held_fold
ISIC_2494956,0,0.0006062467,held_fold
ISIC_2495303,0,0.0040907613,held_fold
ISIC_2496053,0,0.0021968475,held_fold
ISIC_2496374,0,0.0034878699,held_fold
ISIC_2499559,0,0.00163304,held_fold
ISIC_2499678,0,0.003402572,held_fold
ISIC_2500087,0,0.0074477773,held_fold
ISIC_2502405,0,0.012284795,held_fold
ISIC_2502558,0,0.0008475177,held_fold
ISIC_2502855,0,0.0014323,held_fold
ISIC_2508032,0,0.012424587,held_fold
ISIC_2509736,0,0.0009311749,held_fold
ISIC_2514994,0,0.0030609467,held_fold
ISIC_2515324,0,0.003380814,held_fold
ISIC_2518672,0,0.0074899127,held_fold
ISIC_2520419,0,0.0005563006,held_fold
ISIC_2521947,0,0.00020152635,held_fold
ISIC_2523922,0,0.0068134633,held_fold
ISIC_2524005,0,0.008633638,held_fold
ISIC_2525084,1,0.18553485,held_fold
ISIC_2527238,0,0.32078722,held_fold
ISIC_2527485,0,0.002185779,held_fold
ISIC_2533114,0,0.07147674,held_fold
ISIC_2535541,1,0.08326695,held_fold
ISIC_2536728,0,0.020784236,held_fold
ISIC_2538378,0,0.0009221727,held_fold
ISIC_2538571,0,0.008572215,held_fold
ISIC_2539861,0,0.009251097,held_fold
ISIC_2540408,0,0.0042192508,held_fold
ISIC_2541562,0,0.008851467,held_fold
ISIC_2546094,0,0.044123653,held_fold
ISIC_2550872,0,0.009648417,held_fold
ISIC_2553784,0,0.014576346,held_fold
ISIC_2553976,0,0.00028136853,held_fold
ISIC_2555243,0,0.0018087615,held_fold
ISIC_2555358,0,0.001148098,held_fold
ISIC_2555494,0,0.0014519187,held_fold
ISIC_2558189,0,0.0012746048,held_fold
ISIC_2558439,0,0.16806081,held_fold
ISIC_2559074,0,0.001668644,held_fold
ISIC_2559472,0,0.09507441,held_fold
ISIC_2560645,0,0.0037481082,held_fold
ISIC_2563840,0,0.0019408098,held_fold
ISIC_2565512,0,0.0011694235,held_fold
ISIC_2565986,0,0.0011453414,held_fold
ISIC_2566365,0,0.05656247,held_fold
ISIC_2570708,0,0.018938262,held_fold
ISIC_2571614,0,0.033283252,held_fold
ISIC_2572530,0,0.0031640339,held_fold
ISIC_2574197,0,0.00042752913,held_fold
ISIC_2574344,0,0.0036105956,held_fold
ISIC_2574351,0,0.0001462213,held_fold
ISIC_2579390,0,0.013932553,held_fold
ISIC_2585066,0,0.07919565,held_fold
ISIC_2586708,0,0.0035351354,held_fold
ISIC_2587955,0,0.005974389,held_fold
ISIC_2594290,0,0.0008728207,held_fold
ISIC_2595590,0,0.002874487,held_fold
ISIC_2596574,0,0.0026409118,held_fold
ISIC_2597342,0,0.002575074,held_fold
ISIC_2597975,0,0.045301635,held_fold
ISIC_2598702,0,0.0070762145,held_fold
ISIC_2600276,0,0.018777315,held_fold
ISIC_2601156,0,0.003933561,held_fold
ISIC_2603420,0,0.002669595,held_fold
ISIC_2605567,0,0.0024870785,held_fold
ISIC_2606194,0,0.025563657,held_fold
ISIC_2607010,0,0.01451987,held_fold
ISIC_2608471,0,0.00023438643,held_fold
ISIC_2613405,0,0.002042027,held_fold
ISIC_2616788,0,0.0072832173,held_fold
ISIC_2618092,0,0.014248494,held_fold
ISIC_2620159,0,0.022466341,held_fold
ISIC_2621121,0,0.0025481281,held_fold
ISIC_2621493,0,0.029808171,held_fold
ISIC_2623707,0,0.040458206,held_fold
ISIC_2624189,0,0.0024145227,held_fold
ISIC_2625884,0,0.077614106,held_fold
ISIC_2626310,0,0.00027208612,held_fold
ISIC_2629998,0,0.0026746388,held_fold
ISIC_2632471,0,0.00047927303,held_fold
ISIC_2636012,0,0.0012012086,held_fold
ISIC_2637014,0,0.0016069087,held_fold
ISIC_2641186,0,0.0013366484,held_fold
ISIC_2645314,0,0.0007071539,held_fold
ISIC_2645615,0,0.032502797,held_fold
ISIC_2647070,0,0.0004517794,held_fold
ISIC_2649999,0,0.010855758,held_fold
ISIC_2652721,0,0.0020992646,held_fold
ISIC_2653098,0,0.001162468,held_fold
ISIC_2653824,0,0.03930246,held_fold
ISIC_2654412,0,0.0061920304,held_fold
ISIC_2658858,0,0.010400357,held_fold
ISIC_2659107,0,0.00035854822,held_fold
ISIC_2664973,0,0.082984425,held_fold
ISIC_2665039,0,0.054151256,held_fold
ISIC_2665487,0,0.0057957224,held_fold
ISIC_2667784,0,0.0057936152,held_fold
ISIC_2667921,0,0.0005497482,held_fold
ISIC_2671038,0,0.0018462042,held_fold
ISIC_2671727,0,0.0074543287,held_fold
ISIC_2672001,0,0.09355614,held_fold
ISIC_2672379,0,0.00034308256,held_fold
ISIC_2672587,0,0.0057348697,held_fold
ISIC_2673586,0,0.00041649092,held_fold
ISIC_2676784,0,0.021391006,held_fold
ISIC_2680842,0,0.0021779349,held_fold
ISIC_2682861,0,0.00044878016,held_fold
ISIC_2683125,0,0.00072650553,held_fold
ISIC_2684374,0,0.00025246508,held_fold
ISIC_2690733,0,0.0034007747,held_fold
ISIC_2691211,0,0.012194288,held_fold
ISIC_2700320,1,0.07620931,held_fold
ISIC_2700731,0,0.0105356565,held_fold
ISIC_2703447,0,0.0068460437,held_fold
ISIC_2704072,0,0.06257724,held_fold
ISIC_2705052,0,0.0027548005,held_fold
ISIC_2707664,0,0.00039304598,held_fold
ISIC_2709109,0,0.008922259,held_fold
ISIC_2709809,0,0.00041370557,held_fold
ISIC_2710887,0,0.08639353,held_fold
ISIC_2711946,0,0.0013214817,held_fold
ISIC_2716284,0,0.01129714,held_fold
ISIC_2716925,0,0.00019701174,held_fold
ISIC_2717587,0,0.005365866,held_fold
ISIC_2718135,0,0.001263294,held_fold
ISIC_2718199,0,0.0025563573,held_fold
ISIC_2719558,0,0.0152641535,held_fold
ISIC_2720231,0,0.00067682937,held_fold
ISIC_2721543,0,0.098328665,held_fold
ISIC_2722070,0,0.001486759,held_fold
ISIC_2729893,0,0.0020895018,held_fold
ISIC_2731386,0,0.0006082748,held_fold
ISIC_2732573,0,0.00024301706,held_fold
ISIC_2732720,0,0.0014097805,held_fold
ISIC_2733043,0,0.005380412,held_fold
ISIC_2734817,0,0.029972373,held_fold
ISIC_2735051,0,0.012143641,held_fold
ISIC_2735720,0,0.0019386811,held_fold
ISIC_2735846,0,0.020629652,held_fold
ISIC_2736793,0,0.0065492317,held_fold
ISIC_2738454,0,0.061031368,held_fold
ISIC_2740815,0,0.0032618293,held_fold
ISIC_2741984,0,0.006546254,held_fold
ISIC_2742870,0,0.00016344117,held_fold
ISIC_2746191,0,0.034416087,held_fold
ISIC_2746282,0,0.0013395234,held_fold
ISIC_2746974,0,0.002283519,held_fold
ISIC_2747749,0,0.0018004726,held_fold
ISIC_2748148,0,0.0012341712,held_fold
ISIC_2748736,0,0.00031334505,held_fold
ISIC_2751781,0,0.0011630107,held_fold
ISIC_2751896,0,0.03798947,held_fold
ISIC_2752297,0,0.0045707,held_fold
ISIC_2753908,0,0.04047291,held_fold
ISIC_2754170,0,0.109490514,held_fold
ISIC_2754186,0,0.0063444055,held_fold
ISIC_2754616,0,0.0011617895,held_fold
ISIC_2755502,0,0.015373841,held_fold
ISIC_2757414,0,0.0012185274,held_fold
ISIC_2757957,0,0.0023293898,held_fold
ISIC_2763060,0,0.0029068706,held_fold
ISIC_2769292,0,0.00055449177,held_fold
ISIC_2772581,0,0.00047256047,held_fold
ISIC_2773044,0,0.024750322,held_fold
ISIC_2773261,0,0.011880726,held_fold
ISIC_2773596,0,0.0015605392,held_fold
ISIC_2775157,0,0.02653412,held_fold
ISIC_2775638,0,0.06251229,held_fold
ISIC_2776906,1,0.1262002,held_fold
ISIC_2776986,0,0.07007004,held_fold
ISIC_2777137,0,0.0013230557,held_fold
ISIC_2786246,0,0.02149342,held_fold
ISIC_2790561,0,0.022101264,held_fold
ISIC_2793903,0,0.00022826757,held_fold
ISIC_2793989,0,0.021393122,held_fold
ISIC_2795397,0,0.09590046,held_fold
ISIC_2797898,0,0.0006518715,held_fold
ISIC_2799701,0,0.0011788264,held_fold
ISIC_2800198,0,0.07413994,held_fold
ISIC_2803212,0,0.00016389797,held_fold
ISIC_2803733,0,0.0011932577,held_fold
ISIC_2805634,0,0.0010215392,held_fold
ISIC_2808187,0,0.008714963,held_fold
ISIC_2810793,0,0.022487534,held_fold
ISIC_2811847,0,0.0029353076,held_fold
ISIC_2814675,0,0.0024467679,held_fold
ISIC_2817348,0,0.0024021307,held_fold
ISIC_2818530,0,0.063342094,held_fold
ISIC_2819721,0,0.0012107049,held_fold
ISIC_2820050,0,0.00016090261,held_fold
ISIC_2821172,0,0.0009478936,held_fold
ISIC_2822622,0,0.0019954618,held_fold
ISIC_2823287,1,0.08399958,held_fold
ISIC_2824679,0,0.00077450526,held_fold
ISIC_2829088,0,0.008435733,held_fold
ISIC_2832507,0,0.14357102,held_fold
ISIC_2834175,0,0.0001508055,held_fold
ISIC_2836038,0,0.000469407,held_fold
ISIC_2837876,0,0.016236532,held_fold
ISIC_2838960,0,0.005983219,held_fold
ISIC_2839053,0,0.084289484,held_fold
ISIC_2840136,0,0.016173983,held_fold
ISIC_2840727,0,0.0020032371,held_fold
ISIC_2841630,0,0.015922066,held_fold
ISIC_2844085,0,0.011934782,held_fold
ISIC_2845237,0,0.07114448,held_fold
ISIC_2845758,0,0.00040999855,held_fold
ISIC_2847358,0,0.0050976076,held_fold
ISIC_2849717,0,0.0016633477,held_fold
ISIC_2850155,0,0.00026732753,held_fold
ISIC_2852497,0,0.055730008,held_fold
ISIC_2853981,0,0.07205887,held_fold
ISIC_2855191,0,0.0024050062,held_fold
ISIC_2858035,0,0.0050452803,held_fold
ISIC_2858419,0,0.0020614523,held_fold
ISIC_2859012,0,0.002137188,held_fold
ISIC_2860230,0,0.04785877,held_fold
ISIC_2867740,0,0.0032261778,held_fold
ISIC_2871437,0,0.043923456,held_fold
ISIC_2872201,0,0.00016319402,held_fold
ISIC_2875622,0,0.0009739474,held_fold
ISIC_2879257,0,0.0008077672,held_fold
ISIC_2879512,0,0.00074008794,held_fold
ISIC_2887690,0,0.00024793844,held_fold
ISIC_2889208,0,0.017200142,held_fold
ISIC_2889670,0,0.0011839704,held_fold
ISIC_2889981,0,0.003620108,held_fold
ISIC_2894223,0,0.0017523075,held_fold
ISIC_2896341,0,0.004556715,held_fold
ISIC_2898780,0,0.00064016937,held_fold
ISIC_2898886,0,0.035382736,held_fold
ISIC_2899829,0,0.0026256344,held_fold
ISIC_2901944,0,0.0372812,held_fold
ISIC_2912335,0,0.058147352,held_fold
ISIC_2914304,0,0.0029071441,held_fold
ISIC_2914353,0,0.0055264416,held_fold
ISIC_2915930,0,0.0069829337,held_fold
ISIC_2917372,0,0.0001222297,held_fold
ISIC_2921679,0,0.05362503,held_fold
ISIC_2922270,0,0.003047713,held_fold
ISIC_2922381,0,0.02611689,held_fold
ISIC_2924281,0,0.06732423,held_fold
ISIC_2924418,0,0.003131342,held_fold
ISIC_2924748,0,0.026870841,held_fold
ISIC_2924968,0,0.03050704,held_fold
ISIC_2927587,0,0.0001930966,held_fold
ISIC_2928278,0,0.00072447245,held_fold
ISIC_2932418,0,0.0074192937,held_fold
ISIC_2935987,0,0.0002943363,held_fold
ISIC_2938284,0,0.0017082047,held_fold
ISIC_2939330,0,0.007217813,held_fold
ISIC_2939734,0,0.00021493918,held_fold
ISIC_2942057,0,0.019411359,held_fold
ISIC_2945310,0,0.0001985799,held_fold
ISIC_2946999,0,0.004829513,held_fold
ISIC_2947038,0,0.0067753736,held_fold
ISIC_2949980,0,0.0010105189,held_fold
ISIC_2951741,0,0.0011462577,held_fold
ISIC_2952684,0,0.0013743823,held_fold
ISIC_2954294,0,0.00029334737,held_fold
ISIC_2955499,0,0.027015092,held_fold
ISIC_2955610,0,0.059025194,held_fold
ISIC_2958240,0,0.027617449,held_fold
ISIC_2961666,0,0.0074273883,held_fold
ISIC_2962753,0,0.00045883984,held_fold
ISIC_2963478,0,0.017563393,held_fold
ISIC_2964397,0,0.0014252267,held_fold
ISIC_2968272,0,0.0007493411,held_fold
ISIC_2969055,0,0.0010643831,held_fold
ISIC_2969301,0,0.00045639748,held_fold
ISIC_2969373,0,0.023076426,held_fold
ISIC_2970632,0,0.24126415,held_fold
ISIC_2974884,0,0.0007265667,held_fold
ISIC_2977336,0,0.0021762673,held_fold
ISIC_2979268,1,0.00046892712,held_fold
ISIC_2980633,0,0.027014589,held_fold
ISIC_2982357,0,0.0008027863,held_fold
ISIC_2982883,0,0.004017482,held_fold
ISIC_2984214,0,0.059667725,held_fold
ISIC_2984437,0,0.0028833256,held_fold
ISIC_2984737,0,0.066342406,held_fold
ISIC_2985322,0,0.003129869,held_fold
ISIC_2985753,0,0.030583272,held_fold
ISIC_2985966,0,0.0028157453,held_fold
ISIC_2986014,0,0.00054688833,held_fold
ISIC_2989425,0,0.00081422704,held_fold
ISIC_2990228,0,0.004996115,held_fold
ISIC_2996391,0,0.01580097,held_fold
ISIC_2996668,0,0.06490236,held_fold
ISIC_2998411,0,0.0005106791,held_fold
ISIC_2999582,0,0.00667138,held_fold
ISIC_3003273,0,0.009788844,held_fold
ISIC_3003513,0,0.0016200468,held_fold
ISIC_3007232,0,0.0029062636,held_fold
ISIC_3008419,0,0.027787067,held_fold
ISIC_3009930,0,0.0001541307,held_fold
ISIC_3010487,0,0.018318271,held_fold
ISIC_3016696,0,0.00070369575,held_fold
ISIC_3016754,0,0.09397944,held_fold
ISIC_3017950,0,0.0011688215,held_fold
ISIC_3021188,0,0.064512104,held_fold
ISIC_3023901,0,0.024070427,held_fold
ISIC_3024600,0,0.0057649696,held_fold
ISIC_3033120,0,0.0030252005,held_fold
ISIC_3038950,0,0.00863892,held_fold
ISIC_3042091,0,0.00015090848,held_fold
ISIC_3042182,0,0.023327466,held_fold
ISIC_3042558,0,0.0009546725,held_fold
ISIC_3043105,0,0.0034493655,held_fold
ISIC_3046710,0,0.0015194735,held_fold
ISIC_3052675,0,0.0015674686,held_fold
ISIC_3054523,0,0.0044857096,held_fold
ISIC_3058625,0,0.0015221584,held_fold
ISIC_3060248,0,0.021057507,held_fold
ISIC_3062820,0,0.036575574,held_fold
ISIC_3063260,0,0.0017828912,held_fold
ISIC_3063649,0,0.0004399966,held_fold
ISIC_3063923,0,0.041591387,held_fold
ISIC_3065254,0,0.0042211884,held_fold
ISIC_3067522,0,0.00014308281,held_fold
ISIC_3070142,0,0.038755536,held_fold
ISIC_3072143,0,0.00026706388,held_fold
ISIC_3072382,0,0.004736081,held_fold
ISIC_3077866,0,0.02225637,held_fold
ISIC_3078678,0,0.0008676217,held_fold
ISIC_3079729,0,0.0002860168,held_fold
ISIC_3080307,0,0.008823973,held_fold
ISIC_3082841,0,0.06025947,held_fold
ISIC_3084791,0,0.021247271,held_fold
ISIC_3088518,0,0.13059263,held_fold
ISIC_3089388,0,0.0009159921,held_fold
ISIC_3090417,0,0.003132286,held_fold
ISIC_3090572,0,0.0018702407,held_fold
ISIC_3090792,0,0.004051499,held_fold
ISIC_3091420,0,0.06509267,held_fold
ISIC_3092441,0,0.005314284,held_fold
ISIC_3093025,0,0.14184181,held_fold
ISIC_3093069,0,0.00043236927,held_fold
ISIC_3093810,0,0.00042412928,held_fold
ISIC_3096269,0,0.009387862,held_fold
ISIC_3097899,0,0.013952633,held_fold
ISIC_3097976,0,0.110418774,held_fold
ISIC_3098299,0,0.013671468,held_fold
ISIC_3098342,0,0.00091547193,held_fold
ISIC_3102011,0,0.0005262779,held_fold
ISIC_3105314,0,0.023559328,held_fold
ISIC_3110425,0,0.0012585698,held_fold
ISIC_3110946,0,0.037848834,held_fold
ISIC_3111635,0,0.0009069687,held_fold
ISIC_3114066,0,0.005498098,held_fold
ISIC_3115568,0,0.009437328,held_fold
ISIC_3117977,0,0.0050080097,held_fold
ISIC_3123718,0,0.0013875457,held_fold
ISIC_3123835,0,0.0004724582,held_fold
ISIC_3125078,0,0.005389585,held_fold
ISIC_3125318,0,0.00022009436,held_fold
ISIC_3126161,0,0.0043492503,held_fold
ISIC_3126619,0,0.04578251,held_fold
ISIC_3127347,0,0.004643508,held_fold
ISIC_3131821,0,0.018436369,held_fold
ISIC_3133127,0,0.0007066032,held_fold
ISIC_3134556,0,0.00090132095,held_fold
ISIC_3135594,0,0.0006516069,held_fold
ISIC_3136263,0,0.0003578724,held_fold
ISIC_3136818,0,0.0047188955,held_fold
ISIC_3137003,0,0.0061961426,held_fold
ISIC_3143604,0,0.0018266845,held_fold
ISIC_3145458,0,0.007906255,held_fold
ISIC_3146074,0,0.00071670936,held_fold
ISIC_3147179,0,0.03546282,held_fold
ISIC_3149717,0,0.005266292,held_fold
ISIC_3152572,0,0.0022902829,held_fold
ISIC_3154716,0,0.00975446,held_fold
ISIC_3157046,0,0.0036634193,held_fold
ISIC_3157385,0,0.00993906,held_fold
ISIC_3157921,0,0.00031112917,held_fold
ISIC_3160147,0,0.016557043,held_fold
ISIC_3160224,0,0.00019830519,held_fold
ISIC_3161358,0,0.07120271,held_fold
ISIC_3161477,0,0.0053111515,held_fold
ISIC_3163216,0,0.0011050376,held_fold
ISIC_3165198,0,0.019452905,held_fold
ISIC_3166276,0,0.0379925,held_fold
ISIC_3172196,0,0.013483331,held_fold
ISIC_3172815,0,0.260202,held_fold
ISIC_3173007,0,0.0039210897,held_fold
ISIC_3175723,0,0.0019280904,held_fold
ISIC_3176296,0,0.0012571154,held_fold
ISIC_3176566,0,0.030958558,held_fold
ISIC_3180108,0,0.013618274,held_fold
ISIC_3180138,0,0.00074620283,held_fold
ISIC_3181358,0,0.003670205,held_fold
ISIC_3182075,0,0.0015532197,held_fold
ISIC_3183653,0,0.015184492,held_fold
ISIC_3185524,0,0.015649922,held_fold
ISIC_3186625,0,0.06617908,held_fold
ISIC_3187746,0,0.0012752545,held_fold
ISIC_3188758,0,0.0007440747,held_fold
ISIC_3189075,0,0.0016433734,held_fold
ISIC_3190790,0,0.0065215225,held_fold
ISIC_3191602,0,0.0021231014,held_fold
ISIC_3191646,0,0.022094654,held_fold
ISIC_3196630,0,0.08458098,held_fold
ISIC_3199821,0,0.011205819,held_fold
ISIC_3202724,0,0.0004550651,held_fold
ISIC_3203303,0,0.020337967,held_fold
ISIC_3204621,0,0.10314523,held_fold
ISIC_3206207,0,0.0039653336,held_fold
ISIC_3209363,0,0.0004351744,held_fold
ISIC_3209456,0,0.0021509258,held_fold
ISIC_3211631,0,0.009558916,held_fold
ISIC_3211915,0,0.0027754242,held_fold
ISIC_3212050,0,0.004278745,held_fold
ISIC_3215397,0,0.03852868,held_fold
ISIC_3217658,0,0.0124981655,held_fold
ISIC_3218245,0,0.061741702,held_fold
ISIC_3220970,0,0.0008630768,held_fold
ISIC_3223762,0,0.00030436972,held_fold
ISIC_3224181,0,0.0025061436,held_fold
ISIC_3224643,0,0.001070719,held_fold
ISIC_3224794,0,0.0070193694,held_fold
ISIC_3225754,0,0.0027178465,held_fold
ISIC_3226667,0,0.20607874,held_fold
ISIC_3228015,0,0.023754064,held_fold
ISIC_3229171,0,0.0006657014,held_fold
ISIC_3229755,0,0.020535214,held_fold
ISIC_3230630,0,0.0009103357,held_fold
ISIC_3232329,0,0.0047846106,held_fold
ISIC_3235868,0,0.0011075548,held_fold
ISIC_3236964,0,0.00053984125,held_fold
ISIC_3242282,0,0.0011507219,held_fold
ISIC_3244067,1,0.013704984,held_fold
ISIC_3246752,0,0.00087286683,held_fold
ISIC_3250584,0,0.04260005,held_fold
ISIC_3251421,0,0.001937896,held_fold
ISIC_3251951,0,0.010476058,held_fold
ISIC_3252522,0,0.07869095,held_fold
ISIC_3253484,1,0.12979405,held_fold
ISIC_3256966,0,0.04986501,held_fold
ISIC_3258598,0,0.0051630535,held_fold
ISIC_3259494,0,0.012618346,held_fold
ISIC_3260068,0,0.0017483991,held_fold
ISIC_3260211,0,0.053496525,held_fold
ISIC_3260549,0,0.013043361,held_fold
ISIC_3260571,0,0.0009115717,held_fold
ISIC_3260649,0,0.014763578,held_fold
ISIC_3262153,0,0.038214598,held_fold
ISIC_3264124,0,0.002342974,held_fold
ISIC_3266797,0,0.0110975895,held_fold
ISIC_3267259,0,0.0008731393,held_fold
ISIC_3269018,0,0.008434273,held_fold
ISIC_3270588,0,0.0237986,held_fold
ISIC_3272470,0,0.0025063881,held_fold
ISIC_3273115,0,0.09458456,held_fold
ISIC_3277722,0,0.05037309,held_fold
ISIC_3279911,0,0.00065744994,held_fold
ISIC_3287807,0,0.006253402,held_fold
ISIC_3288342,0,0.0021334246,held_fold
ISIC_3292915,0,0.0017027112,held_fold
ISIC_3296079,0,0.0019944382,held_fold
ISIC_3298596,0,0.00016685057,held_fold
ISIC_3299433,0,0.0010810348,held_fold
ISIC_3300710,0,0.0060193436,held_fold
ISIC_3301164,0,0.015194493,held_fold
ISIC_3302126,0,0.0014348651,held_fold
ISIC_3305468,0,0.0059192143,held_fold
ISIC_3308635,0,0.0034978576,held_fold
ISIC_3310625,0,0.00066904054,held_fold
ISIC_3310739,0,0.0010324783,held_fold
ISIC_3314853,0,0.00094873295,held_fold
ISIC_3315713,0,0.005714286,held_fold
ISIC_3316641,0,0.013260922,held_fold
ISIC_3316688,0,0.0063737878,held_fold
ISIC_3318860,0,0.009416654,held_fold
ISIC_3324479,0,0.0021741064,held_fold
ISIC_3326704,0,0.041377246,held_fold
ISIC_3331533,0,0.0038604175,held_fold
ISIC_3332207,0,0.020564463,held_fold
ISIC_3332756,0,0.024338976,held_fold
ISIC_3341471,0,0.0016560316,held_fold
ISIC_3341710,1,0.24641219,held_fold
ISIC_3341994,0,0.15725397,held_fold
ISIC_3342067,0,0.011550689,held_fold
ISIC_3342276,0,0.0072530033,held_fold
ISIC_3345230,0,0.0033768963,held_fold
ISIC_3348086,0,0.041481797,held_fold
ISIC_3348306,0,0.00016560902,held_fold
ISIC_3349107,0,0.00086818077,held_fold
ISIC_3350052,0,0.03251837,held_fold
ISIC_3351880,0,0.0009812411,held_fold
ISIC_3354831,0,0.0027464218,held_fold
ISIC_3358896,0,0.0002820061,held_fold
ISIC_3361126,0,0.0066053853,held_fold
ISIC_3361690,0,0.017671395,held_fold
ISIC_3365320,0,0.00588759,held_fold
ISIC_3365692,0,0.0002101418,held_fold
ISIC_3370255,0,0.00014028428,held_fold
ISIC_3375921,0,0.0040353993,held_fold
ISIC_3377082,0,0.0012994064,held_fold
ISIC_3377282,0,0.0055968873,held_fold
ISIC_3378194,0,0.007037296,held_fold
ISIC_3380212,0,0.023735935,held_fold
ISIC_3382231,0,0.011516825,held_fold
ISIC_3383330,0,0.004857549,held_fold
ISIC_3389740,0,0.0031200796,held_fold
ISIC_3395488,0,0.0036672975,held_fold
ISIC_3397583,0,0.01301443,held_fold
ISIC_3397764,0,0.024918474,held_fold
ISIC_3399603,0,0.029058263,held_fold
ISIC_3403144,0,0.0018082502,held_fold
ISIC_3406319,0,0.0041525313,held_fold
ISIC_3407960,0,0.05897093,held_fold
ISIC_3408080,0,0.012548483,held_fold
ISIC_3408231,1,0.054206967,held_fold
ISIC_3408383,0,0.00038922057,held_fold
ISIC_3410530,0,0.0034837835,held_fold
ISIC_3413657,0,0.002910455,held_fold
ISIC_3415967,0,0.0059018685,held_fold
ISIC_3416107,1,0.09437161,held_fold
ISIC_3416130,0,0.0005196676,held_fold
ISIC_3420287,0,0.0022777077,held_fold
ISIC_3420831,0,0.071984164,held_fold
ISIC_3424154,0,0.015669392,held_fold
ISIC_3424207,0,0.042082425,held_fold
ISIC_3424634,0,0.00025354503,held_fold
ISIC_3425388,0,0.0014962722,held_fold
ISIC_3425896,0,0.017295094,held_fold
ISIC_3426857,0,0.0053609125,held_fold
ISIC_3428559,0,0.01055267,held_fold
ISIC_3428894,0,0.00066278497,held_fold
ISIC_3429014,0,0.0006938686,held_fold
ISIC_3429552,0,0.089199014,held_fold
ISIC_3429860,0,0.05256757,held_fold
ISIC_3431064,0,0.007281811,held_fold
ISIC_3432318,0,0.013496237,held_fold
ISIC_3434670,0,0.003324982,held_fold
ISIC_3435747,0,0.0011766814,held_fold
ISIC_3440002,0,0.001713602,held_fold
ISIC_3441196,0,0.0015844927,held_fold
ISIC_3441698,0,0.020252632,held_fold
ISIC_3443898,0,0.0021625988,held_fold
ISIC_3444221,0,0.008328828,held_fold
ISIC_3446591,0,0.0026687572,held_fold
ISIC_3448409,0,0.0024707103,held_fold
ISIC_3449079,0,0.0040836614,held_fold
ISIC_3453060,0,0.0015939873,held_fold
ISIC_3456094,0,0.017434666,held_fold
ISIC_3464226,0,0.005982748,held_fold
ISIC_3469260,0,0.014422352,held_fold
ISIC_3469442,0,0.0007027106,held_fold
ISIC_3470824,0,0.012284634,held_fold
ISIC_3474609,0,0.001969656,held_fold
ISIC_3479948,0,0.0008241915,held_fold
ISIC_3481509,0,0.032886732,held_fold
ISIC_3484722,0,0.0009604728,held_fold
ISIC_3485300,0,0.002088639,held_fold
ISIC_3485482,0,0.020306269,held_fold
ISIC_3485557,0,0.00042025078,held_fold
ISIC_3488556,0,0.0053371415,held_fold
ISIC_3489630,0,0.002536392,held_fold
ISIC_3492490,0,0.049907602,held_fold
ISIC_3493050,0,0.001335006,held_fold
ISIC_3496369,0,0.0638802,held_fold
ISIC_3497346,0,0.01382353,held_fold
ISIC_3498983,0,0.0033907162,held_fold
ISIC_3499071,0,0.06679505,held_fold
ISIC_3501271,0,0.0011661801,held_fold
ISIC_3502577,0,0.0015839881,held_fold
ISIC_3507444,0,0.11001048,held_fold
ISIC_3507446,0,0.0071942243,held_fold
ISIC_3508192,0,0.0031824957,held_fold
ISIC_3509250,0,0.0003400516,held_fold
ISIC_3509838,0,0.0048463596,held_fold
ISIC_3510941,0,0.031591985,held_fold
ISIC_3513367,0,0.034381587,held_fold
ISIC_3520591,0,0.011162088,held_fold
ISIC_3521736,0,0.0019754996,held_fold
ISIC_3521744,0,0.04835733,held_fold
ISIC_3522342,0,0.0006830348,held_fold
ISIC_3523476,0,0.0003602454,held_fold
ISIC_3524546,0,0.000381517,held_fold
ISIC_3526017,0,0.00032075818,held_fold
ISIC_3526122,0,0.042588707,held_fold
ISIC_3529572,0,0.3698866,held_fold
ISIC_3529778,0,0.000935725,held_fold
ISIC_3529922,0,0.0051049283,held_fold
ISIC_3530337,0,0.028768528,held_fold
ISIC_3534633,0,0.07901085,held_fold
ISIC_3535007,0,0.04288345,held_fold
ISIC_3536858,0,0.0021322484,held_fold
ISIC_3537768,0,0.0015463966,held_fold
ISIC_3543244,0,0.005281762,held_fold
ISIC_3548927,0,0.051365197,held_fold
ISIC_3549384,0,0.00027389658,held_fold
ISIC_3549984,0,0.0079112835,held_fold
ISIC_3550939,0,0.0012724814,held_fold
ISIC_3552245,0,0.0764092,held_fold
ISIC_3556190,0,0.092484064,held_fold
ISIC_3556200,0,0.0021224015,held_fold
ISIC_3556980,0,0.00092263496,held_fold
ISIC_3558634,0,0.028846772,held_fold
ISIC_3559222,0,0.0008031115,held_fold
ISIC_3560466,0,0.016759926,held_fold
ISIC_3561065,1,0.03178327,held_fold
ISIC_3561857,0,0.0033233832,held_fold
ISIC_3563234,0,0.0067066005,held_fold
ISIC_3564263,0,0.0079775425,held_fold
ISIC_3564897,0,0.020709516,held_fold
ISIC_3567352,0,0.008797884,held_fold
ISIC_3569794,0,0.00036276894,held_fold
ISIC_3571523,0,0.0012338526,held_fold
ISIC_3575777,0,0.09190165,held_fold
ISIC_3578186,0,0.008611008,held_fold
ISIC_3579477,0,0.0025657292,held_fold
ISIC_3579853,0,0.020446377,held_fold
ISIC_3586480,0,0.0016539476,held_fold
ISIC_3586824,0,0.0059588654,held_fold
ISIC_3590167,1,0.017757338,held_fold
ISIC_3592731,0,0.005193387,held_fold
ISIC_3593240,0,0.00016246167,held_fold
ISIC_3593382,0,0.012306256,held_fold
ISIC_3593988,0,0.0014352055,held_fold
ISIC_3594764,0,0.00065500895,held_fold
ISIC_3594774,0,0.0074526574,held_fold
ISIC_3595825,0,0.017592188,held_fold
ISIC_3595918,0,0.0010952497,held_fold
ISIC_3596219,0,0.004532339,held_fold
ISIC_3597277,0,0.0008506074,held_fold
ISIC_3597812,0,0.00040932762,held_fold
ISIC_3597870,0,0.01902672,held_fold
ISIC_3598604,0,0.020355923,held_fold
ISIC_3599489,0,0.022891216,held_fold
ISIC_3599724,0,0.003557984,held_fold
ISIC_3601052,0,0.0017357828,held_fold
ISIC_3601493,0,0.008016144,held_fold
ISIC_3603228,0,0.0019545085,held_fold
ISIC_3603704,0,0.0013329654,held_fold
ISIC_3604100,0,0.00026337992,held_fold
ISIC_3604975,0,0.0010122325,held_fold
ISIC_3608670,0,0.06816989,held_fold
ISIC_3609265,0,0.005359952,held_fold
ISIC_3609379,0,0.0059790513,held_fold
ISIC_3613012,0,0.0016285821,held_fold
ISIC_3621887,0,0.0050639533,held_fold
ISIC_3622949,0,0.00990064,held_fold
ISIC_3623868,0,0.118225336,held_fold
ISIC_3624069,0,0.0024287803,held_fold
ISIC_3627732,0,0.000899653,held_fold
ISIC_3628451,0,0.027312633,held_fold
ISIC_3628831,0,0.026264627,held_fold
ISIC_3631165,0,0.0015279141,held_fold
ISIC_3633227,0,0.0005812789,held_fold
ISIC_3633306,0,0.015826093,held_fold
ISIC_3633436,0,0.0002438196,held_fold
ISIC_3633707,0,0.06280599,held_fold
ISIC_3635014,0,0.005550775,held_fold
ISIC_3635280,0,0.000679183,held_fold
ISIC_3642011,0,0.0014009097,held_fold
ISIC_3646670,0,0.00040019522,held_fold
ISIC_3649632,0,0.0012881787,held_fold
ISIC_3650533,0,0.0024560357,held_fold
ISIC_3651451,0,0.0009775772,held_fold
ISIC_3652884,0,0.0014456221,held_fold
ISIC_3653733,0,0.0071571073,held_fold
ISIC_3657135,0,0.00050640997,held_fold
ISIC_3657386,0,0.0006390017,held_fold
ISIC_3658449,0,0.0018466155,held_fold
ISIC_3659906,0,0.0004004139,held_fold
ISIC_3662678,0,0.004451419,held_fold
ISIC_3665298,0,0.0037005856,held_fold
ISIC_3669736,0,0.0020500596,held_fold
ISIC_3670261,0,0.02038527,held_fold
ISIC_3671169,0,0.005681956,held_fold
ISIC_3671274,0,0.019940997,held_fold
ISIC_3673517,0,0.024399066,held_fold
ISIC_3678586,0,0.0340621,held_fold
ISIC_3678595,0,0.06373369,held_fold
ISIC_3682700,0,0.00015253137,held_fold
ISIC_3686179,0,0.009710966,held_fold
ISIC_3686815,0,0.0003927484,held_fold
ISIC_3687263,0,0.0006878711,held_fold
ISIC_3688362,0,0.0009523196,held_fold
ISIC_3688410,0,0.006238796,held_fold
ISIC_3691714,0,0.0227243,held_fold
ISIC_3692092,0,0.06399053,held_fold
ISIC_3692753,0,0.0011094634,held_fold
ISIC_3692776,0,0.1902721,held_fold
ISIC_3692952,0,0.03321106,held_fold
ISIC_3693018,0,0.004159328,held_fold
ISIC_3693367,0,0.021475544,held_fold
ISIC_3693934,0,0.00018924892,held_fold
ISIC_3694619,0,0.025616448,held_fold
ISIC_3695635,0,0.0018994794,held_fold
ISIC_3700360,0,0.034395095,held_fold
ISIC_3700928,0,0.026366392,held_fold
ISIC_3701887,0,0.000803012,held_fold
ISIC_3702454,0,0.00049589813,held_fold
ISIC_3702724,0,0.015470116,held_fold
ISIC_3706973,0,0.020386534,held_fold
ISIC_3709724,0,0.0655435,held_fold
ISIC_3716384,0,0.020767484,held_fold
ISIC_3716504,0,0.03039785,held_fold
ISIC_3717769,0,0.013770856,held_fold
ISIC_3720117,0,0.00040194098,held_fold
ISIC_3721600,0,0.001095451,held_fold
ISIC_3723065,0,0.035589132,held_fold
ISIC_3724089,0,0.0034669684,held_fold
ISIC_3724491,0,0.021622464,held_fold
ISIC_3727856,0,0.0037956797,held_fold
ISIC_3729749,0,0.001578564,held_fold
ISIC_3729849,0,0.00019647654,held_fold
ISIC_3730507,0,0.018259808,held_fold
ISIC_3734724,0,0.0032411984,held_fold
ISIC_3734966,0,0.05924446,held_fold
ISIC_3735143,0,0.0005236891,held_fold
ISIC_3737739,0,0.0069760005,held_fold
ISIC_3738157,0,0.08329218,held_fold
ISIC_3740449,0,0.0027990683,held_fold
ISIC_3740798,0,0.0715729,held_fold
ISIC_3742028,0,0.0071117445,held_fold
ISIC_3742633,0,0.00023143186,held_fold
ISIC_3746471,0,0.00021964488,held_fold
ISIC_3746922,0,0.0008287276,held_fold
ISIC_3747575,0,0.0018085239,held_fold
ISIC_3749320,0,0.012055966,held_fold
ISIC_3753216,0,0.027224472,held_fold
ISIC_3754247,0,0.0062733917,held_fold
ISIC_3754466,0,0.0005154362,held_fold
ISIC_3757400,0,0.026311278,held_fold
ISIC_3760018,0,0.018203119,held_fold
ISIC_3760156,0,0.087521,held_fold
ISIC_3760796,0,0.05996996,held_fold
ISIC_3761071,0,0.0013520437,held_fold
ISIC_3762459,0,0.00018042754,held_fold
ISIC_3768097,0,0.0031820056,held_fold
ISIC_3769071,0,0.00252672,held_fold
ISIC_3770380,0,0.00047547524,held_fold
ISIC_3772941,0,0.00664454,held_fold
ISIC_3777026,0,0.009873164,held_fold
ISIC_3779093,0,0.00027534526,held_fold
ISIC_3779424,0,0.0007712889,held_fold
ISIC_3782451,0,0.0022974692,held_fold
ISIC_3783241,0,0.14696614,held_fold
ISIC_3783898,0,0.0011821606,held_fold
ISIC_3784838,0,0.004348336,held_fold
ISIC_3786438,0,0.00015684501,held_fold
ISIC_3789405,0,0.0017665698,held_fold
ISIC_3791435,0,0.006108024,held_fold
ISIC_3796594,0,0.0009429313,held_fold
ISIC_3797073,0,0.0041619847,held_fold
ISIC_3797573,0,0.016296385,held_fold
ISIC_3800435,0,0.0019105679,held_fold
ISIC_3800470,0,0.0054982444,held_fold
ISIC_3807708,0,0.005284057,held_fold
ISIC_3808007,0,0.006397965,held_fold
ISIC_3809013,0,0.0069099874,held_fold
ISIC_3810274,0,0.026665807,held_fold
ISIC_3814474,0,0.021823965,held_fold
ISIC_3814807,0,0.0017700115,held_fold
ISIC_3816423,0,0.011309067,held_fold
ISIC_3817719,1,0.11461363,held_fold
ISIC_3820232,0,0.0011716785,held_fold
ISIC_3820533,0,0.0016118921,held_fold
ISIC_3821242,1,0.12842882,held_fold
ISIC_3824206,1,0.117141426,held_fold
ISIC_3825762,0,0.0028407222,held_fold
ISIC_3826602,0,0.00061296194,held_fold
ISIC_3828561,0,0.0058422536,held_fold
ISIC_3830701,0,0.0007393009,held_fold
ISIC_3831858,0,0.00840236,held_fold
ISIC_3832462,0,0.11879377,held_fold
ISIC_3833013,0,0.1380548,held_fold
ISIC_3834379,0,0.011485773,held_fold
ISIC_3835100,0,0.008729533,held_fold
ISIC_3836174,0,0.019594882,held_fold
ISIC_3844080,0,0.0018892194,held_fold
ISIC_3844151,0,0.0017746175,held_fold
ISIC_3844983,0,0.002501661,held_fold
ISIC_3846648,0,0.0057837055,held_fold
ISIC_3846727,0,0.0010545981,held_fold
ISIC_3849316,0,0.0025873478,held_fold
ISIC_3852802,0,0.0035982342,held_fold
ISIC_3856233,0,0.0024526475,held_fold
ISIC_3856926,0,0.0011438162,held_fold
ISIC_3858113,0,0.00062282744,held_fold
ISIC_3858798,0,0.0058519496,held_fold
ISIC_3859068,0,0.02702438,held_fold
ISIC_3863610,0,0.0023993305,held_fold
ISIC_3864842,0,0.0051560774,held_fold
ISIC_3865993,0,0.0074135712,held_fold
ISIC_3866054,0,0.002002217,held_fold
ISIC_3866641,0,0.009346551,held_fold
ISIC_3866946,0,0.004415275,held_fold
ISIC_3871230,0,0.017718606,held_fold
ISIC_3871414,0,0.01937203,held_fold
ISIC_3871468,0,0.21689342,held_fold
ISIC_3872019,0,0.005026783,held_fold
ISIC_3877974,0,0.0010974177,held_fold
ISIC_3878213,0,0.0062610134,held_fold
ISIC_3880459,0,0.0010068426,held_fold
ISIC_3881573,0,0.006433227,held_fold
ISIC_3882374,0,0.0017652812,held_fold
ISIC_3882400,0,0.0006527067,held_fold
ISIC_3884285,0,0.0006286851,held_fold
ISIC_3884719,0,0.027859628,held_fold
ISIC_3887465,0,0.0032231738,held_fold
ISIC_3888054,0,0.00043703435,held_fold
ISIC_3888070,0,0.00015951932,held_fold
ISIC_3888550,0,0.0011452405,held_fold
ISIC_3888713,0,0.007648154,held_fold
ISIC_3892185,0,0.004143549,held_fold
ISIC_3894224,0,0.061379302,held_fold
ISIC_3906303,0,0.0072852243,held_fold
ISIC_3911901,0,0.054855194,held_fold
ISIC_3913561,0,0.005629133,held_fold
ISIC_3915289,0,0.0002610514,held_fold
ISIC_3916565,0,0.036520198,held_fold
ISIC_3919752,0,0.00039369677,held_fold
ISIC_3931132,0,0.008938757,held_fold
ISIC_3933658,0,0.003578483,held_fold
ISIC_3942947,0,0.024058392,held_fold
ISIC_3945469,0,0.00013455558,held_fold
ISIC_3945984,0,0.029823286,held_fold
ISIC_3946914,0,0.0020118924,held_fold
ISIC_3948041,0,0.0012869211,held_fold
ISIC_3948221,0,0.007743191,held_fold
ISIC_3948344,0,0.008494647,held_fold
ISIC_3950408,0,0.0015484816,held_fold
ISIC_3950474,0,0.0047088014,held_fold
ISIC_3950753,0,0.00023514929,held_fold
ISIC_3951677,0,0.10601954,held_fold
ISIC_3951907,0,0.16733819,held_fold
ISIC_3952030,0,0.007466557,held_fold
ISIC_3952709,0,0.00092020835,held_fold
ISIC_3956335,0,0.0018022251,held_fold
ISIC_3956570,0,0.028596219,held_fold
ISIC_3957475,0,0.0014013775,held_fold
ISIC_3958111,0,0.00090393104,held_fold
ISIC_3959262,0,0.0062410226,held_fold
ISIC_3959888,0,0.01530846,held_fold
ISIC_3961101,0,0.007540794,held_fold
ISIC_3963183,1,0.09978234,held_fold
ISIC_3965872,0,0.0017741853,held_fold
ISIC_3966717,0,0.011038919,held_fold
ISIC_3971712,0,0.00018557966,held_fold
ISIC_3971920,0,0.0059628016,held_fold
ISIC_3972249,0,0.036534563,held_fold
ISIC_3972569,0,0.0011043235,held_fold
ISIC_3975133,0,0.0020359491,held_fold
ISIC_3975143,0,0.038941167,held_fold
ISIC_3975294,0,0.0019477227,held_fold
ISIC_3975427,0,0.0008379251,held_fold
ISIC_3975743,0,0.053687576,held_fold
ISIC_3976718,0,0.00045805718,held_fold
ISIC_3978040,0,0.0017792543,held_fold
ISIC_3978732,0,0.0006787297,held_fold
ISIC_3979323,0,0.04319215,held_fold
ISIC_3981900,0,0.00036341627,held_fold
ISIC_3985273,0,0.0028332558,held_fold
ISIC_3990092,0,0.0021661185,held_fold
ISIC_3990124,0,0.0024135904,held_fold
ISIC_3992201,0,0.053337626,held_fold
ISIC_3997331,0,0.02195298,held_fold
ISIC_3998204,0,0.018626586,held_fold
ISIC_3998579,0,0.020073906,held_fold
ISIC_4003877,0,0.0011712566,held_fold
ISIC_4015361,0,0.0002830329,held_fold
ISIC_4015764,0,0.00048993906,held_fold
ISIC_4022642,0,0.05844298,held_fold
ISIC_4024333,0,0.0053441506,held_fold
ISIC_4026943,0,0.021567525,held_fold
ISIC_4032638,0,0.0007413635,held_fold
ISIC_4039290,0,0.007364393,held_fold
ISIC_4042947,0,0.03636154,held_fold
ISIC_4043580,0,0.0075022336,held_fold
ISIC_4045231,0,0.006442884,held_fold
ISIC_4046045,0,0.0021816043,held_fold
ISIC_4047707,0,0.14691065,held_fold
ISIC_4048449,0,0.00106954,held_fold
ISIC_4048509,0,0.0073103555,held_fold
ISIC_4049598,0,0.0032494646,held_fold
ISIC_4049855,0,0.0010379807,held_fold
ISIC_4050422,0,0.0006266401,held_fold
ISIC_4052597,0,0.035339776,held_fold
ISIC_4052659,0,0.0041533043,held_fold
ISIC_4053220,0,0.00044222435,held_fold
ISIC_4056017,0,0.01855121,held_fold
ISIC_4056158,0,0.00027426108,held_fold
ISIC_4057501,0,0.00058908924,held_fold
ISIC_4057921,0,0.011140709,held_fold
ISIC_4063097,0,0.0024910907,held_fold
ISIC_4063390,0,0.044122588,held_fold
ISIC_4064041,0,0.0012641173,held_fold
ISIC_4065034,0,0.015488851,held_fold
ISIC_4065779,0,0.0030269814,held_fold
ISIC_4066013,0,0.0011728549,held_fold
ISIC_4066094,0,0.012495771,held_fold
ISIC_4066314,0,0.004859647,held_fold
ISIC_4071099,0,0.0006755344,held_fold
ISIC_4072073,0,0.000101578,held_fold
ISIC_4074537,0,0.00025071017,held_fold
ISIC_4076162,0,0.0011613403,held_fold
ISIC_4077664,0,0.00088682043,held_fold
ISIC_4082318,0,0.012823845,held_fold
ISIC_4082515,0,0.005056998,held_fold
ISIC_4084359,0,0.0026165186,held_fold
ISIC_4084878,0,0.00224247,held_fold
ISIC_4086323,0,0.003525894,held_fold
ISIC_4086529,0,0.003607658,held_fold
ISIC_4090161,0,0.0005618934,held_fold
ISIC_4090811,0,0.00010197086,held_fold
ISIC_4092249,0,0.007158161,held_fold
ISIC_4092478,0,0.012566918,held_fold
ISIC_4093484,0,0.00023534038,held_fold
ISIC_4094763,0,0.0003446752,held_fold
ISIC_4095559,0,0.007903533,held_fold
ISIC_4098925,0,0.006931994,held_fold
ISIC_4099428,0,0.03528498,held_fold
ISIC_4100970,0,0.0022570374,held_fold
ISIC_4102250,0,0.0006113441,held_fold
ISIC_4103653,0,0.0003464324,held_fold
ISIC_4104378,0,0.009389246,held_fold
ISIC_4109725,0,0.05152537,held_fold
ISIC_4110997,0,0.007900307,held_fold
ISIC_4112392,0,0.0014445144,held_fold
ISIC_4112409,0,0.00040890975,held_fold
ISIC_4113246,0,0.0032148366,held_fold
ISIC_4116553,0,0.06213196,held_fold
ISIC_4118525,0,0.013002945,held_fold
ISIC_4120704,0,0.014680702,held_fold
ISIC_4123007,0,0.00073426036,held_fold
ISIC_4124060,0,0.00081576896,held_fold
ISIC_4127016,0,0.0033589064,held_fold
ISIC_4127065,0,0.0061434815,held_fold
ISIC_4129321,0,0.003321656,held_fold
ISIC_4129443,0,0.015047942,held_fold
ISIC_4129493,0,0.00094012846,held_fold
ISIC_4135058,0,0.00019483003,held_fold
ISIC_4136663,0,0.000772613,held_fold
ISIC_4137198,0,0.042701375,held_fold
ISIC_4140008,0,0.001082542,held_fold
ISIC_4141898,0,0.000776995,held_fold
ISIC_4142019,0,0.0012844898,held_fold
ISIC_4143831,0,0.05678527,held_fold
ISIC_4145671,0,0.027221011,held_fold
ISIC_4147166,0,0.0063240263,held_fold
ISIC_4147328,0,0.0009794529,held_fold
ISIC_4150885,0,0.0010195092,held_fold
ISIC_4152689,0,0.0012169785,held_fold
ISIC_4155471,0,0.0012367294,held_fold
ISIC_4156010,0,0.001321824,held_fold
ISIC_4157955,0,0.025616437,held_fold
ISIC_4158555,0,0.0025613713,held_fold
ISIC_4159272,0,0.0005884817,held_fold
ISIC_4160773,0,0.003674673,held_fold
ISIC_4163930,0,0.00021332195,held_fold
ISIC_4164955,0,0.032135557,held_fold
ISIC_4166364,0,0.0032453558,held_fold
ISIC_4167053,0,0.006663667,held_fold
ISIC_4170698,1,0.035451,held_fold
ISIC_4172470,0,0.00028935142,held_fold
ISIC_4174479,0,0.001270384,held_fold
ISIC_4174614,0,0.0014895281,held_fold
ISIC_4174983,0,0.0036915077,held_fold
ISIC_4181595,0,0.006562947,held_fold
ISIC_4181628,0,0.012338249,held_fold
ISIC_4187393,0,0.0072448365,held_fold
ISIC_4187485,0,0.014663056,held_fold
ISIC_4190595,0,0.0009813005,held_fold
ISIC_4190900,0,0.021412456,held_fold
ISIC_4191094,0,0.0187546,held_fold
ISIC_4191215,0,0.05181608,held_fold
ISIC_4191363,0,0.000983233,held_fold
ISIC_4192383,0,0.0037462711,held_fold
ISIC_4195837,0,0.00024667743,held_fold
ISIC_4196596,0,0.0004209504,held_fold
ISIC_4200081,0,0.00076287595,held_fold
ISIC_4205242,0,0.03627025,held_fold
ISIC_4209411,0,0.0002808451,held_fold
ISIC_4210857,0,0.00094367727,held_fold
ISIC_4211868,0,0.0017783762,held_fold
ISIC_4212259,0,0.0011113632,held_fold
ISIC_4216169,0,0.016676273,held_fold
ISIC_4220279,0,0.08085328,held_fold
ISIC_4220326,0,0.0017073357,held_fold
ISIC_4222616,0,0.003456311,held_fold
ISIC_4223575,0,0.053632837,held_fold
ISIC_4227209,0,0.0021366165,held_fold
ISIC_4227377,0,0.0014833722,held_fold
ISIC_4228971,0,0.0016352005,held_fold
ISIC_4231346,0,0.0032627613,held_fold
ISIC_4232172,0,0.033841323,held_fold
ISIC_4237064,0,0.0010787026,held_fold
ISIC_4237725,0,0.000672806,held_fold
ISIC_4241286,0,0.012805785,held_fold
ISIC_4243470,0,0.0062669325,held_fold
ISIC_4243801,0,0.002295972,held_fold
ISIC_4245634,0,0.0021158445,held_fold
ISIC_4247917,0,0.03229688,held_fold
ISIC_4248187,0,0.0007387002,held_fold
ISIC_4249243,0,0.00023949864,held_fold
ISIC_4253348,0,0.0007381147,held_fold
ISIC_4254687,0,0.00042632894,held_fold
ISIC_4255013,0,0.0009874001,held_fold
ISIC_4257634,0,0.0027454786,held_fold
ISIC_4259290,0,0.1743102,held_fold
ISIC_4262670,0,0.00033299864,held_fold
ISIC_4264422,0,0.0004051242,held_fold
ISIC_4265307,0,0.02819972,held_fold
ISIC_4266533,1,0.026531262,held_fold
ISIC_4270163,0,0.0009605176,held_fold
ISIC_4271110,0,0.0014582569,held_fold
ISIC_4277163,0,0.0013329161,held_fold
ISIC_4281745,0,0.02163159,held_fold
ISIC_4282783,0,0.005741015,held_fold
ISIC_4285297,0,0.007552847,held_fold
ISIC_4287463,0,0.0005997136,held_fold
ISIC_4288709,0,0.000536939,held_fold
ISIC_4289345,0,0.031614125,held_fold
ISIC_4289906,0,0.00093912485,held_fold
ISIC_4294705,0,0.0004232522,held_fold
ISIC_4300983,0,0.010677823,held_fold
ISIC_4301050,0,0.009421614,held_fold
ISIC_4301302,0,0.0023062122,held_fold
ISIC_4301919,0,0.00092435605,held_fold
ISIC_4303228,0,0.004286856,held_fold
ISIC_4304068,0,0.0004064683,held_fold
ISIC_4309183,0,0.00046452243,held_fold
ISIC_4310834,0,0.020852745,held_fold
ISIC_4311544,0,0.018836562,held_fold
ISIC_4311592,0,0.08971788,held_fold
ISIC_4312470,0,0.0048820246,held_fold
ISIC_4312804,0,0.016243588,held_fold
ISIC_4314577,0,0.04368536,held_fold
ISIC_4316501,0,0.0011812943,held_fold
ISIC_4319859,0,0.0005335817,held_fold
ISIC_4319945,0,0.0068361787,held_fold
ISIC_4320200,0,0.00033907036,held_fold
ISIC_4321815,0,0.00057538884,held_fold
ISIC_4322822,0,0.00038278496,held_fold
ISIC_4323160,0,0.014960023,held_fold
ISIC_4323391,0,0.00045139174,held_fold
ISIC_4325003,0,0.00046875034,held_fold
ISIC_4327046,0,0.0917281,held_fold
ISIC_4327358,0,0.0005100306,held_fold
ISIC_4327535,0,0.0012328177,held_fold
ISIC_4329598,0,0.009486941,held_fold
ISIC_4330796,0,0.00016759952,held_fold
ISIC_4331481,0,0.16599274,held_fold
ISIC_4331936,0,0.0009566097,held_fold
ISIC_4332771,0,0.033726778,held_fold
ISIC_4335758,0,0.0037700192,held_fold
ISIC_4336409,0,0.07946824,held_fold
ISIC_4338927,0,0.03374128,held_fold
ISIC_4340139,0,0.0029313273,held_fold
ISIC_4340509,0,0.006412313,held_fold
ISIC_4341875,0,0.006206758,held_fold
ISIC_4342416,0,0.057897996,held_fold
ISIC_4343129,0,0.007858253,held_fold
ISIC_4343552,0,0.0003333229,held_fold
ISIC_4343836,0,0.00032777424,held_fold
ISIC_4344540,0,0.005217276,held_fold
ISIC_4345015,0,0.008619764,held_fold
ISIC_4347590,0,0.00040705747,held_fold
ISIC_4348896,0,0.004362096,held_fold
ISIC_4349418,0,0.07417215,held_fold
ISIC_4350924,0,0.050216425,held_fold
ISIC_4351077,0,0.009505118,held_fold
ISIC_4351248,0,0.03689622,held_fold
ISIC_4351814,0,0.02602358,held_fold
ISIC_4352700,0,0.033579584,held_fold
ISIC_4355518,0,0.023703609,held_fold
ISIC_4357596,0,0.0033155475,held_fold
ISIC_4358017,0,0.007947172,held_fold
ISIC_4360127,0,0.002473996,held_fold
ISIC_4363398,0,0.0005690183,held_fold
ISIC_4364788,0,0.0013036683,held_fold
ISIC_4365093,0,0.03150744,held_fold
ISIC_4366175,0,0.00081944664,held_fold
ISIC_4366213,0,0.0010324715,held_fold
ISIC_4369035,0,0.00018513869,held_fold
ISIC_4369062,0,0.00043041346,held_fold
ISIC_4373563,0,0.00048400354,held_fold
ISIC_4375524,0,0.004138454,held_fold
ISIC_4377193,0,0.055935867,held_fold
ISIC_4378851,0,0.020260658,held_fold
ISIC_4379502,0,0.004038758,held_fold
ISIC_4380268,0,0.0005952386,held_fold
ISIC_4381427,0,0.0011018278,held_fold
ISIC_4389708,0,0.00044825065,held_fold
ISIC_4391894,0,0.01722053,held_fold
ISIC_4393704,0,0.0030811809,held_fold
ISIC_4393733,0,0.022419902,held_fold
ISIC_4397068,0,0.0007125862,held_fold
ISIC_4397755,0,0.0007496696,held_fold
ISIC_4400140,0,0.01068508,held_fold
ISIC_4404036,0,0.02051836,held_fold
ISIC_4405986,0,0.0007967846,held_fold
ISIC_4409067,0,0.0036848371,held_fold
ISIC_4410725,0,0.009262883,held_fold
ISIC_4412821,0,0.0061107283,held_fold
ISIC_4415049,0,0.09738763,held_fold
ISIC_4417295,0,0.0127986735,held_fold
ISIC_4419522,0,0.0064362087,held_fold
ISIC_4419720,0,0.108621374,held_fold
ISIC_4420727,0,0.0145845935,held_fold
ISIC_4420952,0,0.012192576,held_fold
ISIC_4422476,0,0.003538962,held_fold
ISIC_4422580,0,0.002694751,held_fold
ISIC_4425604,0,0.00056665554,held_fold
ISIC_4428649,0,0.00076745806,held_fold
ISIC_4428769,0,0.03886242,held_fold
ISIC_4431715,0,0.0029091325,held_fold
ISIC_4434221,0,0.0011668269,held_fold
ISIC_4435262,0,0.024995359,held_fold
ISIC_4436649,0,0.07555947,held_fold
ISIC_4438311,0,0.014959988,held_fold
ISIC_4439054,1,0.30885497,held_fold
ISIC_4441648,0,0.0042849863,held_fold
ISIC_4442506,0,0.0075424854,held_fold
ISIC_4445501,0,0.0061532515,held_fold
ISIC_4448257,0,0.0005629006,held_fold
ISIC_4448341,0,0.0042885807,held_fold
ISIC_4451735,0,0.0036229985,held_fold
ISIC_4457552,0,0.008256743,held_fold
ISIC_4459125,0,0.00024570237,held_fold
ISIC_4462476,0,0.022514138,held_fold
ISIC_4462621,0,0.0019064859,held_fold
ISIC_4464311,0,0.007039775,held_fold
ISIC_4464702,0,0.0010274496,held_fold
ISIC_4468474,0,0.07246292,held_fold
ISIC_4470574,0,0.0010623742,held_fold
ISIC_4473124,0,0.0026299788,held_fold
ISIC_4474170,0,0.027599366,held_fold
ISIC_4474341,0,0.00059556373,held_fold
ISIC_4474899,0,0.0017108511,held_fold
ISIC_4477916,0,0.0007421994,held_fold
ISIC_4478276,0,0.07016639,held_fold
ISIC_4481362,0,0.00052885857,held_fold
ISIC_4481684,0,0.068650745,held_fold
ISIC_4485854,0,0.0139776245,held_fold
ISIC_4487036,0,0.0025879485,held_fold
ISIC_4487743,0,0.009809878,held_fold
ISIC_4488579,0,0.0076811966,held_fold
ISIC_4494516,0,0.00018399462,held_fold
ISIC_4495092,0,0.0001321314,held_fold
ISIC_4496665,0,0.0016924113,held_fold
ISIC_4497373,0,0.042298738,held_fold
ISIC_4500503,0,0.004392545,held_fold
ISIC_4501838,0,0.013897869,held_fold
ISIC_4502420,0,0.017872376,held_fold
ISIC_4505178,0,0.04859048,held_fold
ISIC_4508878,1,0.24645212,held_fold
ISIC_4509525,0,0.0005949498,held_fold
ISIC_4510342,0,0.0006036625,held_fold
ISIC_4513934,0,0.0010959562,held_fold
ISIC_4516137,0,0.0008533838,held_fold
ISIC_4516437,0,0.0028580094,held_fold
ISIC_4516835,0,0.013148127,held_fold
ISIC_4517595,0,0.054724474,held_fold
ISIC_4517738,1,0.12081975,held_fold
ISIC_4518003,0,0.0065686875,held_fold
ISIC_4518384,0,0.021635583,held_fold
ISIC_4520704,0,0.026823487,held_fold
ISIC_4521482,0,0.0014907377,held_fold
ISIC_4523565,0,0.0038141331,held_fold
ISIC_4523750,0,0.011781679,held_fold
ISIC_4524900,0,0.014060567,held_fold
ISIC_4525463,0,0.015430833,held_fold
ISIC_4525721,0,0.0010831208,held_fold
ISIC_4527661,0,0.00045150903,held_fold
ISIC_4528140,0,0.0010545483,held_fold
ISIC_4529168,0,0.00049986946,held_fold
ISIC_4530249,0,0.0017630443,held_fold
ISIC_4530871,0,0.00093729846,held_fold
ISIC_4531585,0,0.0013892548,held_fold
ISIC_4532667,0,0.0016665212,held_fold
ISIC_4533487,0,0.0012559223,held_fold
ISIC_4535125,0,0.0007055747,held_fold
ISIC_4536154,0,0.00047400768,held_fold
ISIC_4536635,0,0.0045136474,held_fold
ISIC_4536982,0,0.0010329565,held_fold
ISIC_4538661,0,0.00019267506,held_fold
ISIC_4539674,0,0.0001855632,held_fold
ISIC_4543944,0,0.007838941,held_fold
ISIC_4545112,0,0.014267548,held_fold
ISIC_4547141,0,0.005946927,held_fold
ISIC_4549059,0,0.0016771387,held_fold
ISIC_4551082,0,0.0020202508,held_fold
ISIC_4553390,0,0.0009933667,held_fold
ISIC_4559397,0,0.079201,held_fold
ISIC_4560585,0,0.030903652,held_fold
ISIC_4561874,0,0.0043713986,held_fold
ISIC_4567730,0,0.0037188225,held_fold
ISIC_4568022,0,0.0014089999,held_fold
ISIC_4568565,0,0.0010431982,held_fold
ISIC_4570724,0,0.0026229734,held_fold
ISIC_4571687,0,0.004846288,held_fold
ISIC_4573256,0,0.28446043,held_fold
ISIC_4576725,0,0.042451262,held_fold
ISIC_4577414,0,0.0009555489,held_fold
ISIC_4578194,0,0.0010777937,held_fold
ISIC_4580458,0,0.0015808203,held_fold
ISIC_4580926,0,0.00047417765,held_fold
ISIC_4582670,0,0.012744666,held_fold
ISIC_4583929,0,0.000679295,held_fold
ISIC_4584265,1,0.0059016813,held_fold
ISIC_4584794,0,0.08813969,held_fold
ISIC_4588129,0,0.00039626381,held_fold
ISIC_4589123,0,0.00021196982,held_fold
ISIC_4589609,0,0.056993186,held_fold
ISIC_4591316,0,0.0004456823,held_fold
ISIC_4594982,0,0.037109137,held_fold
ISIC_4595856,0,0.00090513035,held_fold
ISIC_4600505,0,0.00027218316,held_fold
ISIC_4600831,0,0.0014107783,held_fold
ISIC_4601297,0,0.0020623961,held_fold
ISIC_4601757,0,0.0012512023,held_fold
ISIC_4603706,0,0.0062804637,held_fold
ISIC_4603987,0,0.0007753766,held_fold
ISIC_4606646,0,0.0011035936,held_fold
ISIC_4607215,0,0.0009993541,held_fold
ISIC_4608846,0,0.029462483,held_fold
ISIC_4610868,0,0.002501429,held_fold
ISIC_4612180,0,0.0011776524,held_fold
ISIC_4620053,0,0.005406338,held_fold
ISIC_4622069,0,0.0009873887,held_fold
ISIC_4622159,0,0.009897891,held_fold
ISIC_4623037,0,0.0032338768,held_fold
ISIC_4626633,0,0.014049372,held_fold
ISIC_4631698,0,0.009818107,held_fold
ISIC_4635765,0,0.010378648,held_fold
ISIC_4637454,0,0.0013602704,held_fold
ISIC_4639468,0,0.0005508715,held_fold
ISIC_4641968,0,0.0005687735,held_fold
ISIC_4644299,0,0.001720041,held_fold
ISIC_4645788,0,0.001883185,held_fold
ISIC_4645995,0,0.0019273647,held_fold
ISIC_4646413,0,0.012359449,held_fold
ISIC_4647349,0,0.018045725,held_fold
ISIC_4653073,0,0.07989882,held_fold
ISIC_4654965,0,0.0016999415,held_fold
ISIC_4656184,0,0.0010140346,held_fold
ISIC_4657078,0,0.009798115,held_fold
ISIC_4658144,0,0.10549485,held_fold
ISIC_4663008,0,0.0017338175,held_fold
ISIC_4667223,0,0.0026099738,held_fold
ISIC_4669149,0,0.0017090109,held_fold
ISIC_4669803,0,0.002638342,held_fold
ISIC_4670089,0,0.012204499,held_fold
ISIC_4671039,0,0.0014558038,held_fold
ISIC_4671324,0,0.025505664,held_fold
ISIC_4675065,0,0.053585973,held_fold
ISIC_4675269,0,0.0050400863,held_fold
ISIC_4679605,0,0.13024884,held_fold
ISIC_4682498,0,0.0018737287,held_fold
ISIC_4684100,0,0.15083808,held_fold
ISIC_4686274,0,0.014722803,held_fold
ISIC_4686662,0,0.001702032,held_fold
ISIC_4686690,0,0.00023235007,held_fold
ISIC_4687418,0,0.008535154,held_fold
ISIC_4690030,0,0.0009644777,held_fold
ISIC_4692454,0,0.002077842,held_fold
ISIC_4695396,0,0.00019368001,held_fold
ISIC_4695702,0,0.029334666,held_fold
ISIC_4695815,0,0.023429958,held_fold
ISIC_4696783,0,0.28107816,held_fold
ISIC_4700970,0,0.0035022567,held_fold
ISIC_4701889,0,0.0067205667,held_fold
ISIC_4705662,0,0.0013461886,held_fold
ISIC_4709512,0,0.13035189,held_fold
ISIC_4710645,0,0.0009778035,held_fold
ISIC_4715366,0,0.038103893,held_fold
ISIC_4718313,0,0.00018403499,held_fold
ISIC_4719895,0,0.0012418346,held_fold
ISIC_4721434,0,0.0010943995,held_fold
ISIC_4722119,0,0.0071721906,held_fold
ISIC_4723603,0,0.00418611,held_fold
ISIC_4725089,0,0.0015172174,held_fold
ISIC_4732584,0,0.0020372944,held_fold
ISIC_4735106,0,0.042912055,held_fold
ISIC_4737689,0,0.0007064446,held_fold
ISIC_4738525,0,0.0012348561,held_fold
ISIC_4740278,0,0.01011878,held_fold
ISIC_4745004,0,0.002514209,held_fold
ISIC_4745037,0,0.062355064,held_fold
ISIC_4745658,0,0.0006460712,held_fold
ISIC_4746361,0,0.007230644,held_fold
ISIC_4747355,0,0.0064033903,held_fold
ISIC_4748031,0,0.0034554522,held_fold
ISIC_4748977,0,0.0001653255,held_fold
ISIC_4749005,0,0.00019021281,held_fold
ISIC_4751140,0,0.035803437,held_fold
ISIC_4752151,0,0.00017437382,held_fold
ISIC_4755931,0,0.003377471,held_fold
ISIC_4756595,0,0.049765468,held_fold
ISIC_4758961,0,0.009246972,held_fold
ISIC_4761075,0,0.0003714074,held_fold
ISIC_4762598,0,0.0070925825,held_fold
ISIC_4763007,0,0.008133109,held_fold
ISIC_4765023,0,0.0022385365,held_fold
ISIC_4766046,0,0.00088557403,held_fold
ISIC_4771769,0,0.0011637289,held_fold
ISIC_4775964,0,0.000216964,held_fold
ISIC_4776213,0,0.0053492985,held_fold
ISIC_4781927,0,0.0032637985,held_fold
ISIC_4782134,0,0.045243658,held_fold
ISIC_4785487,0,0.005407836,held_fold
ISIC_4788195,0,0.00025752667,held_fold
ISIC_4788652,0,0.00024866953,held_fold
ISIC_4789784,0,0.0018880527,held_fold
ISIC_4790259,0,0.008996488,held_fold
ISIC_4791461,0,0.0019539692,held_fold
ISIC_4791893,0,0.0069399886,held_fold
ISIC_4792338,0,0.008069472,held_fold
ISIC_4794573,0,0.0036924495,held_fold
ISIC_4794860,0,0.019472493,held_fold
ISIC_4800695,0,0.004269584,held_fold
ISIC_4801737,0,0.0012153317,held_fold
ISIC_4803755,0,0.026172208,held_fold
ISIC_4808108,0,0.050411075,held_fold
ISIC_4811593,0,0.0030165666,held_fold
ISIC_4813932,0,0.013828684,held_fold
ISIC_4817121,0,0.021690356,held_fold
ISIC_4818460,0,0.0013448143,held_fold
ISIC_4820993,0,0.0009120131,held_fold
ISIC_4821309,0,0.0003977766,held_fold
ISIC_4827825,0,0.016976323,held_fold
ISIC_4828265,0,0.0021456736,held_fold
ISIC_4828943,0,0.012009828,held_fold
ISIC_4833737,0,0.0025606307,held_fold
ISIC_4837536,0,0.0003603548,held_fold
ISIC_4839421,0,0.014464312,held_fold
ISIC_4840686,0,0.0022248512,held_fold
ISIC_4845540,0,0.0028840713,held_fold
ISIC_4846741,0,0.009622754,held_fold
ISIC_4847584,0,0.0015831876,held_fold
ISIC_4848986,0,0.11501047,held_fold
ISIC_4850844,0,0.00025944525,held_fold
ISIC_4851437,0,0.007245176,held_fold
ISIC_4851979,0,0.0057785586,held_fold
ISIC_4854091,0,0.0018668968,held_fold
ISIC_4855628,0,0.008294355,held_fold
ISIC_4856908,0,0.036256943,held_fold
ISIC_4857994,0,0.0063307844,held_fold
ISIC_4860223,0,0.02038184,held_fold
ISIC_4863236,0,0.06123455,held_fold
ISIC_4863375,0,0.0019115363,held_fold
ISIC_4866649,0,0.0017304437,held_fold
ISIC_4869901,0,0.028796012,held_fold
ISIC_4870936,0,0.0017751397,held_fold
ISIC_4871936,0,0.007448499,held_fold
ISIC_4875370,0,0.037504748,held_fold
ISIC_4879144,0,0.0006580098,held_fold
ISIC_4879187,0,0.0392901,held_fold
ISIC_4880652,0,0.0030152302,held_fold
ISIC_4881109,0,0.40596187,held_fold
ISIC_4882333,0,0.07383839,held_fold
ISIC_4884712,0,0.0039914064,held_fold
ISIC_4886493,0,0.00046030045,held_fold
ISIC_4887874,0,0.012545387,held_fold
ISIC_4892083,0,0.0005942179,held_fold
ISIC_4894806,0,0.0017759275,held_fold
ISIC_4897171,0,0.0073236176,held_fold
ISIC_4897852,0,0.00024113369,held_fold
ISIC_4900077,0,0.024924401,held_fold
ISIC_4900923,0,0.0001006946,held_fold
ISIC_4902829,0,0.0017641683,held_fold
ISIC_4904317,0,0.0065421495,held_fold
ISIC_4906026,0,0.0013114574,held_fold
ISIC_4906385,0,0.08726647,held_fold
ISIC_4907595,0,0.0014346015,held_fold
ISIC_4909154,0,0.0027622196,held_fold
ISIC_4912127,0,0.022438249,held_fold
ISIC_4915889,0,0.0033187035,held_fold
ISIC_4915897,0,0.0009015786,held_fold
ISIC_4918571,0,0.00017545425,held_fold
ISIC_4920166,0,0.0023167755,held_fold
ISIC_4922965,0,0.13349152,held_fold
ISIC_4923457,0,0.0002933186,held_fold
ISIC_4924365,0,0.0067092627,held_fold
ISIC_4929865,0,0.06372663,held_fold
ISIC_4932000,0,0.011456493,held_fold
ISIC_4935711,0,0.0017789182,held_fold
ISIC_4937725,0,0.0023237173,held_fold
ISIC_4938376,0,0.00073464884,held_fold
ISIC_4938388,0,0.025246697,held_fold
ISIC_4938791,0,0.00044652002,held_fold
ISIC_4941125,0,0.0009177571,held_fold
ISIC_4945233,0,0.0010879283,held_fold
ISIC_4946006,0,0.00519038,held_fold
ISIC_4947778,0,0.07510006,held_fold
ISIC_4948642,0,0.003898789,held_fold
ISIC_4950151,0,0.0002867037,held_fold
ISIC_4952040,0,0.0012880033,held_fold
ISIC_4954282,0,0.016295405,held_fold
ISIC_4954719,0,0.0020935982,held_fold
ISIC_4954740,0,0.012689038,held_fold
ISIC_4955740,0,0.0014649606,held_fold
ISIC_4956352,0,0.010370902,held_fold
ISIC_4956965,0,0.008582657,held_fold
ISIC_4957730,0,0.0011067373,held_fold
ISIC_4958861,0,0.00055534096,held_fold
ISIC_4961292,0,0.096282765,held_fold
ISIC_4963410,0,0.0014582624,held_fold
ISIC_4964644,0,0.0024572485,held_fold
ISIC_4965160,0,0.002316196,held_fold
ISIC_4965526,0,0.0049080993,held_fold
ISIC_4965850,0,0.0031667436,held_fold
ISIC_4966496,0,0.0023908678,held_fold
ISIC_4967639,0,0.014892165,held_fold
ISIC_4967755,0,0.0038031912,held_fold
ISIC_4968536,0,0.012177361,held_fold
ISIC_4969660,0,0.00021147482,held_fold
ISIC_4969996,0,0.0007772923,held_fold
ISIC_4973809,0,0.0023515318,held_fold
ISIC_4975848,0,0.0012260678,held_fold
ISIC_4975949,0,0.02772045,held_fold
ISIC_4976189,0,0.0011504058,held_fold
ISIC_4977415,0,0.015784035,held_fold
ISIC_4978474,0,0.0068514603,held_fold
ISIC_4978697,0,0.00555261,held_fold
ISIC_4979071,0,0.00024550824,held_fold
ISIC_4981135,0,0.0013760875,held_fold
ISIC_4983237,0,0.024512323,held_fold
ISIC_4986879,0,0.0028913,held_fold
ISIC_4994695,0,0.0009461751,held_fold
ISIC_4996867,0,0.09291072,held_fold
ISIC_5000592,0,0.00067827577,held_fold
ISIC_5002041,0,0.0017715945,held_fold
ISIC_5005065,0,0.00688891,held_fold
ISIC_5005747,0,0.00027983772,held_fold
ISIC_5006020,0,0.00023956716,held_fold
ISIC_5009935,0,0.0059037264,held_fold
ISIC_5010197,0,0.00034921183,held_fold
ISIC_5013376,0,0.0023929235,held_fold
ISIC_5021038,0,0.0012254128,held_fold
ISIC_5022555,0,0.010802015,held_fold
ISIC_5028203,0,0.00013730567,held_fold
ISIC_5029146,0,0.003579522,held_fold
ISIC_5030416,0,0.0034135834,held_fold
ISIC_5031549,0,0.0005913873,held_fold
ISIC_5041059,0,0.009938304,held_fold
ISIC_5042497,0,0.0024183402,held_fold
ISIC_5043429,0,0.010672746,held_fold
ISIC_5048571,0,0.0011765016,held_fold
ISIC_5049137,0,0.000761844,held_fold
ISIC_5049365,0,0.010954306,held_fold
ISIC_5050669,0,0.0010429268,held_fold
ISIC_5051449,0,0.106923565,held_fold
ISIC_5054877,0,0.011559827,held_fold
ISIC_5056768,0,0.0006992639,held_fold
ISIC_5059195,0,0.065871075,held_fold
ISIC_5059375,0,0.0056736623,held_fold
ISIC_5060252,0,0.00076949457,held_fold
ISIC_5060576,0,0.018337552,held_fold
ISIC_5066448,0,0.0010366129,held_fold
ISIC_5066548,0,0.010101529,held_fold
ISIC_5070849,0,0.10340661,held_fold
ISIC_5072761,0,0.00031961742,held_fold
ISIC_5074228,0,0.0021065762,held_fold
ISIC_5075202,0,0.041198116,held_fold
ISIC_5075261,0,0.075976916,held_fold
ISIC_5081644,0,0.0022309737,held_fold
ISIC_5084175,0,0.057281367,held_fold
ISIC_5084661,0,0.0012837376,held_fold
ISIC_5088967,0,0.0038594,held_fold
ISIC_5090146,0,0.0036611594,held_fold
ISIC_5090739,0,0.009293894,held_fold
ISIC_5091950,0,0.0030680965,held_fold
ISIC_5093799,0,0.0013777438,held_fold
ISIC_5095848,0,0.00090185483,held_fold
ISIC_5096227,0,0.0016315646,held_fold
ISIC_5097785,0,0.00042261803,held_fold
ISIC_5097807,0,0.0018119368,held_fold
ISIC_5097947,0,0.09975261,held_fold
ISIC_5098492,0,0.010108473,held_fold
ISIC_5098663,0,0.0020671939,held_fold
ISIC_5099193,0,0.01888362,held_fold
ISIC_5099324,0,0.0028311696,held_fold
ISIC_5102846,0,0.0005709357,held_fold
ISIC_5103657,0,0.0027007908,held_fold
ISIC_5104921,0,0.07660461,held_fold
ISIC_5105824,0,0.047148723,held_fold
ISIC_5106239,0,0.03602266,held_fold
ISIC_5107195,0,0.0003608801,held_fold
ISIC_5108076,0,0.00072267343,held_fold
ISIC_5108538,0,0.0009655314,held_fold
ISIC_5110696,0,0.005133356,held_fold
ISIC_5112744,0,0.00063130126,held_fold
ISIC_5113530,0,0.0012545306,held_fold
ISIC_5122091,0,0.0008672143,held_fold
ISIC_5123813,0,0.01352027,held_fold
ISIC_5123979,0,0.11401244,held_fold
ISIC_5127944,0,0.009164684,held_fold
ISIC_5128793,0,0.0028897761,held_fold
ISIC_5130558,0,0.00065056415,held_fold
ISIC_5131914,0,0.00051651883,held_fold
ISIC_5132536,0,0.0014776818,held_fold
ISIC_5135143,0,0.010829931,held_fold
ISIC_5135700,0,0.0074078823,held_fold
ISIC_5136151,0,0.15712915,held_fold
ISIC_5136370,0,0.028116075,held_fold
ISIC_5137061,0,0.0008962841,held_fold
ISIC_5142275,0,0.050560195,held_fold
ISIC_5142479,0,0.000592158,held_fold
ISIC_5142496,0,0.00090694893,held_fold
ISIC_5142743,0,0.025857165,held_fold
ISIC_5144373,0,0.0017653013,held_fold
ISIC_5145347,0,0.008358383,held_fold
ISIC_5147263,0,0.014916639,held_fold
ISIC_5149397,0,0.028779348,held_fold
ISIC_5149730,0,0.0010298643,held_fold
ISIC_5153075,0,0.0009764588,held_fold
ISIC_5158305,0,0.008678878,held_fold
ISIC_5165522,0,0.00033122112,held_fold
ISIC_5165620,0,0.0011826482,held_fold
ISIC_5166636,0,0.010518014,held_fold
ISIC_5166956,0,0.031373214,held_fold
ISIC_5167001,0,0.015418739,held_fold
ISIC_5169434,0,0.0034687135,held_fold
ISIC_5169967,0,0.019584866,held_fold
ISIC_5173486,0,0.0015121613,held_fold
ISIC_5174617,0,0.003957175,held_fold
ISIC_5176105,0,0.0014702652,held_fold
ISIC_5176419,0,0.00048572893,held_fold
ISIC_5178216,0,0.00034179795,held_fold
ISIC_5178977,0,0.0005126018,held_fold
ISIC_5181340,0,0.0005644958,held_fold
ISIC_5182725,0,0.0068451487,held_fold
ISIC_5182820,0,0.028657766,held_fold
ISIC_5184722,0,0.025252482,held_fold
ISIC_5190920,0,0.029278873,held_fold
ISIC_5191344,1,0.01715277,held_fold
ISIC_5192527,0,0.0024231512,held_fold
ISIC_5194331,0,0.20751458,held_fold
ISIC_5195381,0,0.007455345,held_fold
ISIC_5196781,0,0.00029264958,held_fold
ISIC_5198439,0,0.0011235992,held_fold
ISIC_5199342,0,0.0053398125,held_fold
ISIC_5199497,0,0.00026703306,held_fold
ISIC_5201151,0,0.06225153,held_fold
ISIC_5202074,0,0.06227228,held_fold
ISIC_5203137,0,0.019196516,held_fold
ISIC_5207136,0,0.0006578862,held_fold
ISIC_5208357,0,0.0082962215,held_fold
ISIC_5208613,0,0.054562688,held_fold
ISIC_5209007,0,0.024596237,held_fold
ISIC_5210016,0,0.00025948038,held_fold
ISIC_5211080,0,0.16912737,held_fold
ISIC_5213224,0,0.0073049692,held_fold
ISIC_5213829,0,0.0005290567,held_fold
ISIC_5215191,0,0.005749025,held_fold
ISIC_5216675,0,0.0013056644,held_fold
ISIC_5223101,0,0.00077142374,held_fold
ISIC_5224107,0,0.033981472,held_fold
ISIC_5227635,0,0.009281039,held_fold
ISIC_5230497,0,0.0023547804,held_fold
ISIC_5231616,0,0.0039288444,held_fold
ISIC_5233226,0,0.00029763536,held_fold
ISIC_5233994,0,0.0009241844,held_fold
ISIC_5235200,0,0.001462901,held_fold
ISIC_5235229,0,0.035301857,held_fold
ISIC_5238649,0,0.00017567689,held_fold
ISIC_5244188,0,0.0010926244,held_fold
ISIC_5245212,0,0.0015795368,held_fold
ISIC_5247383,0,0.004102029,held_fold
ISIC_5249665,0,0.046747807,held_fold
ISIC_5254803,0,0.0024100305,held_fold
ISIC_5254982,0,0.0031390558,held_fold
ISIC_5258352,0,0.109208696,held_fold
ISIC_5259414,0,0.0061050397,held_fold
ISIC_5259518,0,0.0011525545,held_fold
ISIC_5259582,0,0.08591241,held_fold
ISIC_5261146,0,0.0066558127,held_fold
ISIC_5261384,0,0.0006078885,held_fold
ISIC_5261611,0,0.027693257,held_fold
ISIC_5265873,0,0.0011010944,held_fold
ISIC_5266696,0,0.047000125,held_fold
ISIC_5266861,0,0.00075027504,held_fold
ISIC_5267251,0,0.0029701302,held_fold
ISIC_5269341,0,0.005441109,held_fold
ISIC_5272223,1,0.0052786437,held_fold
ISIC_5280019,0,0.0012639596,held_fold
ISIC_5280199,0,0.018804708,held_fold
ISIC_5281514,0,0.0010358588,held_fold
ISIC_5281576,0,0.0024507781,held_fold
ISIC_5282642,0,0.0050933384,held_fold
ISIC_5286021,0,0.0750978,held_fold
ISIC_5289599,0,0.0010750649,held_fold
ISIC_5290569,0,0.00029071965,held_fold
ISIC_5292859,0,0.0004853915,held_fold
ISIC_5293624,0,0.02678285,held_fold
ISIC_5294689,0,0.061162084,held_fold
ISIC_5295497,0,0.001293033,held_fold
ISIC_5296443,0,0.00079571933,held_fold
ISIC_5297111,0,0.0008558827,held_fold
ISIC_5298608,0,0.010906967,held_fold
ISIC_5301131,0,0.00069842,held_fold
ISIC_5302229,0,0.038286835,held_fold
ISIC_5303641,0,0.003433444,held_fold
ISIC_5305288,0,0.00078670954,held_fold
ISIC_5305787,0,0.0047462466,held_fold
ISIC_5306427,0,0.00018162838,held_fold
ISIC_5307086,0,0.09426517,held_fold
ISIC_5309572,0,0.00061749987,held_fold
ISIC_5310011,0,0.0017106419,held_fold
ISIC_5310880,0,0.00072751945,held_fold
ISIC_5312003,0,0.0016922865,held_fold
ISIC_5312834,0,0.0014077285,held_fold
ISIC_5313087,0,0.005915327,held_fold
ISIC_5314855,0,0.00040051542,held_fold
ISIC_5315062,1,0.0378676,held_fold
ISIC_5315486,0,0.001260002,held_fold
ISIC_5316258,0,0.00072563643,held_fold
ISIC_5317348,0,0.00469326,held_fold
ISIC_5318506,0,0.0010238078,held_fold
ISIC_5320886,0,0.0620687,held_fold
ISIC_5321219,0,0.0029520176,held_fold
ISIC_5321221,0,0.12788315,held_fold
ISIC_5322011,0,0.014853871,held_fold
ISIC_5322232,0,0.022099257,held_fold
ISIC_5323944,0,0.00093906076,held_fold
ISIC_5324178,0,0.001776499,held_fold
ISIC_5325281,0,0.0072909025,held_fold
ISIC_5325805,0,0.13875046,held_fold
ISIC_5326225,0,0.00039764523,held_fold
ISIC_5327000,0,0.001421466,held_fold
ISIC_5327271,0,0.0034339563,held_fold
ISIC_5331089,0,0.033216264,held_fold
ISIC_5333549,0,0.007841834,held_fold
ISIC_5336007,0,0.005030423,held_fold
ISIC_5340305,0,0.22947517,held_fold
ISIC_5342109,0,0.016425066,held_fold
ISIC_5346591,0,0.00016811986,held_fold
ISIC_5349612,0,0.01155033,held_fold
ISIC_5350269,0,0.00036171227,held_fold
ISIC_5353241,0,0.023989128,held_fold
ISIC_5354607,0,0.0016207471,held_fold
ISIC_5357288,0,0.0037087675,held_fold
ISIC_5358234,0,0.00092148583,held_fold
ISIC_5359123,0,0.0012993327,held_fold
ISIC_5359253,0,0.0003256112,held_fold
ISIC_5360921,0,0.054167278,held_fold
ISIC_5361778,0,0.00021523262,held_fold
ISIC_5361965,0,0.001908266,held_fold
ISIC_5362038,0,0.00024103714,held_fold
ISIC_5362869,0,0.0057831653,held_fold
ISIC_5362925,0,0.00061931106,held_fold
ISIC_5363229,0,0.011080815,held_fold
ISIC_5364841,0,0.009658497,held_fold
ISIC_5365537,0,0.00042771627,held_fold
ISIC_5365919,0,0.014944629,held_fold
ISIC_5366635,0,0.0011726393,held_fold
ISIC_5366657,0,0.014388333,held_fold
ISIC_5368272,0,0.14184663,held_fold
ISIC_5368668,0,0.001983997,held_fold
ISIC_5377237,0,0.025590856,held_fold
ISIC_5379122,0,0.0022697807,held_fold
ISIC_5380827,0,0.00037873103,held_fold
ISIC_5382691,0,0.0008700291,held_fold
ISIC_5383356,0,0.0061334777,held_fold
ISIC_5385299,0,0.0009112565,held_fold
ISIC_5387348,0,0.0025818925,held_fold
ISIC_5388184,1,0.08203284,held_fold
ISIC_5392958,0,0.0037303553,held_fold
ISIC_5393017,0,0.0013875728,held_fold
ISIC_5393132,0,0.03017344,held_fold
ISIC_5393557,0,0.00076475175,held_fold
ISIC_5393919,0,0.028645717,held_fold
ISIC_5396394,0,0.0031681,held_fold
ISIC_5397818,0,0.00045377942,held_fold
ISIC_5399929,0,0.002440924,held_fold
ISIC_5400113,0,0.0044218153,held_fold
ISIC_5400342,0,0.0011952234,held_fold
ISIC_5402327,0,0.010745756,held_fold
ISIC_5403296,0,0.00047735916,held_fold
ISIC_5405456,0,0.087726116,held_fold
ISIC_5406752,0,0.09409532,held_fold
ISIC_5407343,0,0.00028704776,held_fold
ISIC_5407436,0,0.0050791064,held_fold
ISIC_5408967,0,0.05714551,held_fold
ISIC_5409137,0,0.0062720296,held_fold
ISIC_5409681,0,0.0024319028,held_fold
ISIC_5413136,0,0.0015952544,held_fold
ISIC_5415761,1,0.028127765,held_fold
ISIC_5415781,0,0.028588725,held_fold
ISIC_5416978,0,0.0019914943,held_fold
ISIC_5422432,0,0.010462962,held_fold
ISIC_5423896,0,0.0011482894,held_fold
ISIC_5424547,0,0.100117,held_fold
ISIC_5428274,0,0.011286776,held_fold
ISIC_5432603,0,0.025143147,held_fold
ISIC_5433553,0,0.0005359144,held_fold
ISIC_5434055,0,0.013116227,held_fold
ISIC_5434070,0,0.021927832,held_fold
ISIC_5435291,0,0.006263426,held_fold
ISIC_5435863,0,0.00070537464,held_fold
ISIC_5437356,0,0.08795866,held_fold
ISIC_5438431,0,0.10957893,held_fold
ISIC_5441132,0,0.0003622026,held_fold
ISIC_5443525,0,0.006864119,held_fold
ISIC_5443689,0,0.010339285,held_fold
ISIC_5445188,0,0.0014355172,held_fold
ISIC_5446127,0,0.00052756915,held_fold
ISIC_5446470,0,0.0008773667,held_fold
ISIC_5451336,0,0.0005146153,held_fold
ISIC_5451400,0,0.002420034,held_fold
ISIC_5454321,0,0.043147013,held_fold
ISIC_5455568,0,0.047896586,held_fold
ISIC_5457246,0,0.0016989948,held_fold
ISIC_5457974,0,0.00097096444,held_fold
ISIC_5464942,0,0.0006729657,held_fold
ISIC_5469457,0,0.032748282,held_fold
ISIC_5469999,0,0.0032868749,held_fold
ISIC_5475423,0,0.0053426777,held_fold
ISIC_5477838,0,0.013210658,held_fold
ISIC_5478846,0,0.030778378,held_fold
ISIC_5481211,0,0.0015858497,held_fold
ISIC_5481242,0,0.0028493812,held_fold
ISIC_5481673,0,0.0042215674,held_fold
ISIC_5484086,0,0.00016389873,held_fold
ISIC_5485254,0,0.01348382,held_fold
ISIC_5485279,0,0.058704577,held_fold
ISIC_5486725,0,0.004718045,held_fold
ISIC_5487058,0,0.07092638,held_fold
ISIC_5488046,0,0.0003016447,held_fold
ISIC_5488065,0,0.057496358,held_fold
ISIC_5488188,0,0.003443794,held_fold
ISIC_5491443,0,0.054486945,held_fold
ISIC_5492778,0,0.0012409958,held_fold
ISIC_5495452,0,0.0019612284,held_fold
ISIC_5496214,0,0.03831208,held_fold
ISIC_5496810,0,0.029950107,held_fold
ISIC_5497526,0,0.00047704077,held_fold
ISIC_5497851,0,0.0011542926,held_fold
ISIC_5500256,0,0.0015070696,held_fold
ISIC_5501375,0,0.0034387903,held_fold
ISIC_5502229,0,0.0099916095,held_fold
ISIC_5503634,0,0.05308506,held_fold
ISIC_5506059,0,0.0021248064,held_fold
ISIC_5508542,0,0.024725502,held_fold
ISIC_5510604,0,0.0016694305,held_fold
ISIC_5517594,0,0.00159609,held_fold
ISIC_5518025,0,0.05022764,held_fold
ISIC_5518934,0,0.0063399486,held_fold
ISIC_5519289,0,0.0071822414,held_fold
ISIC_5521974,0,0.01690334,held_fold
ISIC_5523221,0,0.0053309584,held_fold
ISIC_5524682,0,0.0011181954,held_fold
ISIC_5524986,0,0.0099120885,held_fold
ISIC_5525877,0,0.010193244,held_fold
ISIC_5526503,0,0.0033593534,held_fold
ISIC_5528990,0,0.01166168,held_fold
ISIC_5529201,0,0.0057049384,held_fold
ISIC_5529924,0,0.0029443172,held_fold
ISIC_5535143,0,0.0013100728,held_fold
ISIC_5536429,0,0.002356317,held_fold
ISIC_5537771,0,0.004355544,held_fold
ISIC_5538778,0,0.007250793,held_fold
ISIC_5539077,0,0.06916104,held_fold
ISIC_5540840,0,0.0078222845,held_fold
ISIC_5541028,0,0.0758588,held_fold
ISIC_5541999,0,0.0025986924,held_fold
ISIC_5542716,0,0.0015995877,held_fold
ISIC_5543178,0,0.0052018757,held_fold
ISIC_5545410,0,0.04651133,held_fold
ISIC_5547116,0,0.057772297,held_fold
ISIC_5548717,0,0.0039847596,held_fold
ISIC_5549768,0,0.0034642974,held_fold
ISIC_5552041,0,0.07916547,held_fold
ISIC_5552066,0,0.013950875,held_fold
ISIC_5552335,0,0.0002958815,held_fold
ISIC_5555505,0,0.0008686184,held_fold
ISIC_5558729,0,0.062375527,held_fold
ISIC_5559188,0,0.0020937477,held_fold
ISIC_5560538,0,0.016953167,held_fold
ISIC_5561003,1,0.06711826,held_fold
ISIC_5563553,0,0.012228257,held_fold
ISIC_5567663,0,0.0065578404,held_fold
ISIC_5568346,0,0.24524304,held_fold
ISIC_5568834,0,0.0024914502,held_fold
ISIC_5569091,0,0.0014431559,held_fold
ISIC_5569936,0,0.011043569,held_fold
ISIC_5570430,0,0.054283444,held_fold
ISIC_5573340,0,0.012827873,held_fold
ISIC_5573679,0,0.0012368943,held_fold
ISIC_5573733,0,0.0384015,held_fold
ISIC_5574940,0,0.011160715,held_fold
ISIC_5575449,0,0.0010569385,held_fold
ISIC_5576250,0,0.00093140476,held_fold
ISIC_5576986,0,0.0061375457,held_fold
ISIC_5581931,1,0.045532286,held_fold
ISIC_5583016,0,0.00068270194,held_fold
ISIC_5583139,0,0.003976842,held_fold
ISIC_5584185,0,0.0021046754,held_fold
ISIC_5584859,0,0.00014961838,held_fold
ISIC_5585279,0,0.0012407954,held_fold
ISIC_5587216,0,0.0037384026,held_fold
ISIC_5587291,0,0.009583162,held_fold
ISIC_5588302,0,0.0072448365,held_fold
ISIC_5592192,0,0.0014095729,held_fold
ISIC_5592257,0,0.00060795655,held_fold
ISIC_5592951,0,0.0060126684,held_fold
ISIC_5597530,0,0.017935336,held_fold
ISIC_5599298,0,0.0024478761,held_fold
ISIC_5601326,0,0.005936635,held_fold
ISIC_5603773,0,0.003952774,held_fold
ISIC_5604025,0,0.00030690918,held_fold
ISIC_5605246,0,0.00047352043,held_fold
ISIC_5609883,0,0.03266073,held_fold
ISIC_5610178,0,0.01749156,held_fold
ISIC_5611010,0,0.015692413,held_fold
ISIC_5611529,0,0.05486544,held_fold
ISIC_5612452,0,0.005954356,held_fold
ISIC_5613199,0,0.072320476,held_fold
ISIC_5615676,0,0.00018392902,held_fold
ISIC_5617952,0,0.040930614,held_fold
ISIC_5619062,0,0.00036347573,held_fold
ISIC_5620520,0,0.0017718407,held_fold
ISIC_5621310,0,0.0015126956,held_fold
ISIC_5623327,0,0.004178276,held_fold
ISIC_5623973,0,0.016923621,held_fold
ISIC_5625774,0,0.0008795299,held_fold
ISIC_5625980,0,0.011841525,held_fold
ISIC_5632533,0,0.00031948002,held_fold
ISIC_5634181,0,0.004425106,held_fold
ISIC_5635940,0,0.08231917,held_fold
ISIC_5636247,0,0.0078013586,held_fold
ISIC_5636983,0,0.013024131,held_fold
ISIC_5637105,0,0.013015852,held_fold
ISIC_5648111,0,0.0006074619,held_fold
ISIC_5650272,0,0.00065049005,held_fold
ISIC_5650747,0,0.0010935585,held_fold
ISIC_5652519,0,0.0050254567,held_fold
ISIC_5654651,0,0.005737856,held_fold
ISIC_5654818,0,0.055556722,held_fold
ISIC_5657535,0,0.000622785,held_fold
ISIC_5658900,0,0.009034787,held_fold
ISIC_5659240,0,0.001811734,held_fold
ISIC_5659295,0,0.04192962,held_fold
ISIC_5660360,0,0.0020917743,held_fold
ISIC_5664966,0,0.0009907075,held_fold
ISIC_5665011,0,0.00047389747,held_fold
ISIC_5665277,0,0.0064166714,held_fold
ISIC_5667461,1,0.0051889275,held_fold
ISIC_5667519,0,0.0014388497,held_fold
ISIC_5667935,0,0.008635788,held_fold
ISIC_5676027,0,0.003575631,held_fold
ISIC_5678933,0,0.00034472582,held_fold
ISIC_5679708,0,0.00047341886,held_fold
ISIC_5679942,0,0.0020516876,held_fold
ISIC_5681025,0,0.055409685,held_fold
ISIC_5681794,0,0.0020212738,held_fold
ISIC_5686768,0,0.0017118182,held_fold
ISIC_5686868,0,0.04269971,held_fold
ISIC_5688051,0,0.091747805,held_fold
ISIC_5688657,0,0.006407658,held_fold
ISIC_5688720,0,0.044021342,held_fold
ISIC_5688950,0,0.0005613198,held_fold
ISIC_5689986,0,0.0005487054,held_fold
ISIC_5692481,0,0.0010180654,held_fold
ISIC_5692863,0,0.00059966097,held_fold
ISIC_5694393,0,0.0040089316,held_fold
ISIC_5696540,0,0.0011756081,held_fold
ISIC_5697228,0,0.007861819,held_fold
ISIC_5699175,0,0.0056087305,held_fold
ISIC_5700599,0,0.00084756204,held_fold
ISIC_5702549,0,0.0012693276,held_fold
ISIC_5702591,0,0.03541291,held_fold
ISIC_5705413,0,0.00012630428,held_fold
ISIC_5705973,0,0.0014983581,held_fold
ISIC_5708288,0,0.002037848,held_fold
ISIC_5709170,0,0.016894532,held_fold
ISIC_5712029,0,0.009018165,held_fold
ISIC_5713588,0,0.004832438,held_fold
ISIC_5714201,0,0.07361288,held_fold
ISIC_5718343,0,0.0016278985,held_fold
ISIC_5720694,0,0.016937986,held_fold
ISIC_5721677,0,0.00048903393,held_fold
ISIC_5722194,0,0.0026382667,held_fold
ISIC_5722211,0,0.021298839,held_fold
ISIC_5723510,0,0.00097418355,held_fold
ISIC_5727083,0,0.018072106,held_fold
ISIC_5730636,0,0.12547159,held_fold
ISIC_5733557,0,0.00044306702,held_fold
ISIC_5733748,1,0.004104425,held_fold
ISIC_5735592,0,0.029913679,held_fold
ISIC_5736023,0,0.007389935,held_fold
ISIC_5736126,0,0.008099942,held_fold
ISIC_5736595,0,0.000284681,held_fold
ISIC_5736966,0,0.1422421,held_fold
ISIC_5736979,0,0.0014377431,held_fold
ISIC_5737191,0,0.002368882,held_fold
ISIC_5737704,0,0.006749748,held_fold
ISIC_5738103,0,0.02088348,held_fold
ISIC_5738587,0,0.00019571296,held_fold
ISIC_5739570,0,0.0006158424,held_fold
ISIC_5743012,0,0.0021199703,held_fold
ISIC_5745349,0,0.0003479855,held_fold
ISIC_5745941,0,0.0006488387,held_fold
ISIC_5746706,0,0.09085411,held_fold
ISIC_5747367,0,0.008425664,held_fold
ISIC_5747486,1,0.0044265455,held_fold
ISIC_5747681,0,0.004161657,held_fold
ISIC_5748751,0,0.000103165454,held_fold
ISIC_5748858,0,0.017157441,held_fold
ISIC_5749706,0,0.00057870394,held_fold
ISIC_5750242,0,0.11119795,held_fold
ISIC_5754233,0,0.0141192265,held_fold
ISIC_5755210,0,0.0061243717,held_fold
ISIC_5755836,0,0.0010876046,held_fold
ISIC_5757336,0,0.02689901,held_fold
ISIC_5760948,0,0.005276203,held_fold
ISIC_5763398,0,0.02631934,held_fold
ISIC_5766141,0,0.0067949216,held_fold
ISIC_5766923,0,0.0020536392,held_fold
ISIC_5767976,0,0.0005014027,held_fold
ISIC_5768602,0,0.076958954,held_fold
ISIC_5771106,0,0.002775795,held_fold
ISIC_5773967,0,0.002783317,held_fold
ISIC_5778330,0,0.047579296,held_fold
ISIC_5778476,0,0.00042278727,held_fold
ISIC_5779688,0,0.037971474,held_fold
ISIC_5782816,0,0.0030439456,held_fold
ISIC_5783685,0,0.004351402,held_fold
ISIC_5784362,0,0.0143409865,held_fold
ISIC_5787517,0,0.0021001177,held_fold
ISIC_5788057,0,0.0004685625,held_fold
ISIC_5789052,0,0.049657024,held_fold
ISIC_5790458,0,0.00090203783,held_fold
ISIC_5790534,0,0.0004415285,held_fold
ISIC_5797220,0,0.00023976734,held_fold
ISIC_5797942,0,0.0009942373,held_fold
ISIC_5798539,0,0.16476843,held_fold
ISIC_5800113,0,0.007942317,held_fold
ISIC_5804606,0,0.002580125,held_fold
ISIC_5805349,0,0.006097276,held_fold
ISIC_5807112,0,0.004542563,held_fold
ISIC_5810736,0,0.00046680935,held_fold
ISIC_5816788,0,0.0030815613,held_fold
ISIC_5819754,0,0.1592349,held_fold
ISIC_5821292,0,0.0015177478,held_fold
ISIC_5822691,0,0.008665702,held_fold
ISIC_5823076,0,0.004841578,held_fold
ISIC_5823292,0,0.007904431,held_fold
ISIC_5824656,0,0.0008991504,held_fold
ISIC_5824730,0,0.00056842744,held_fold
ISIC_5825647,0,0.048802856,held_fold
ISIC_5827217,0,0.0013727334,held_fold
ISIC_5828787,0,0.0061880467,held_fold
ISIC_5831201,0,0.0008861235,held_fold
ISIC_5831880,0,0.0003970537,held_fold
ISIC_5832440,0,0.022622114,held_fold
ISIC_5832623,0,0.002440108,held_fold
ISIC_5833015,0,0.005998368,held_fold
ISIC_5837974,0,0.0010205334,held_fold
ISIC_5843515,0,0.02442943,held_fold
ISIC_5846233,0,0.0026692639,held_fold
ISIC_5849178,0,0.0015148289,held_fold
ISIC_5849715,0,0.0016255799,held_fold
ISIC_5850699,0,0.0015282116,held_fold
ISIC_5852061,0,0.0062574483,held_fold
ISIC_5853048,0,0.0007884673,held_fold
ISIC_5854870,0,0.0036521815,held_fold
ISIC_5855400,0,0.00034074736,held_fold
ISIC_5855700,0,0.0019781855,held_fold
ISIC_5855835,0,0.020559259,held_fold
ISIC_5857155,0,0.017818829,held_fold
ISIC_5857239,0,0.025482658,held_fold
ISIC_5859895,0,0.021936052,held_fold
ISIC_5860849,0,0.04021625,held_fold
ISIC_5864067,0,0.0009814547,held_fold
ISIC_5865142,0,0.00063890236,held_fold
ISIC_5865828,0,0.0009332102,held_fold
ISIC_5866381,0,0.14711483,held_fold
ISIC_5867862,0,0.0074603013,held_fold
ISIC_5868291,1,0.15044016,held_fold
ISIC_5870406,0,0.0012348355,held_fold
ISIC_5873539,0,0.014767644,held_fold
ISIC_5876289,0,0.0012894254,held_fold
ISIC_5881363,0,0.003446651,held_fold
ISIC_5882254,0,0.00082540733,held_fold
ISIC_5882629,0,0.04521345,held_fold
ISIC_5883505,0,0.103800744,held_fold
ISIC_5885421,0,0.001237707,held_fold
ISIC_5885837,0,0.00031407335,held_fold
ISIC_5886168,0,0.006842209,held_fold
ISIC_5888460,0,0.007909689,held_fold
ISIC_5888672,0,0.0004305228,held_fold
ISIC_5889246,0,0.003764067,held_fold
ISIC_5892920,0,0.00019917647,held_fold
ISIC_5894246,0,0.0008444673,held_fold
ISIC_5899228,0,0.044954512,held_fold
ISIC_5900141,0,0.017249316,held_fold
ISIC_5901919,0,0.002267294,held_fold
ISIC_5902175,0,0.002515186,held_fold
ISIC_5903054,0,0.0015857196,held_fold
ISIC_5904214,0,0.08968565,held_fold
ISIC_5908780,0,0.0055740466,held_fold
ISIC_5909403,0,0.0045853783,held_fold
ISIC_5910514,0,0.031475227,held_fold
ISIC_5910595,0,0.0010349646,held_fold
ISIC_5910975,0,0.004455,held_fold
ISIC_5912392,0,0.027001444,held_fold
ISIC_5917004,0,0.00063572265,held_fold
ISIC_5917605,0,0.017166272,held_fold
ISIC_5917755,0,0.0010339717,held_fold
ISIC_5918756,0,0.0064548906,held_fold
ISIC_5920471,0,0.0037435957,held_fold
ISIC_5921734,0,0.0039089057,held_fold
ISIC_5923430,0,0.0005042689,held_fold
ISIC_5924459,0,0.019320907,held_fold
ISIC_5930509,0,0.0021417597,held_fold
ISIC_5932996,0,0.020720892,held_fold
ISIC_5934104,0,0.00031302022,held_fold
ISIC_5934319,0,0.16403188,held_fold
ISIC_5935362,0,0.0004459228,held_fold
ISIC_5941271,0,0.03291452,held_fold
ISIC_5941314,0,0.0013048651,held_fold
ISIC_5942073,0,0.0058133304,held_fold
ISIC_5942312,0,0.000205063,held_fold
ISIC_5942756,0,0.10460582,held_fold
ISIC_5943355,0,0.00015368413,held_fold
ISIC_5944524,0,0.008139197,held_fold
ISIC_5945822,0,0.0010361272,held_fold
ISIC_5950144,0,0.011686493,held_fold
ISIC_5950453,0,0.0012813519,held_fold
ISIC_5952026,0,0.015592382,held_fold
ISIC_5952650,0,0.007979569,held_fold
ISIC_5953416,0,0.0009815819,held_fold
ISIC_5955314,0,0.0015046198,held_fold
ISIC_5958657,0,0.077014476,held_fold
ISIC_5960183,0,0.00018800884,held_fold
ISIC_5960641,0,0.0005350441,held_fold
ISIC_5961421,0,0.03610229,held_fold
ISIC_5961544,0,0.10342045,held_fold
ISIC_5962268,0,0.0009002823,held_fold
ISIC_5962462,0,0.021788316,held_fold
ISIC_5963113,0,0.00029195676,held_fold
ISIC_5963344,0,0.0027754041,held_fold
ISIC_5963491,0,0.0002405867,held_fold
ISIC_5971574,0,0.0007608221,held_fold
ISIC_5973717,0,0.019657852,held_fold
ISIC_5974286,0,0.00015066362,held_fold
ISIC_5976373,0,0.00021905174,held_fold
ISIC_5979771,0,0.0009767513,held_fold
ISIC_5979783,0,0.00026291952,held_fold
ISIC_5981150,0,0.0017203515,held_fold
ISIC_5983942,0,0.0024968951,held_fold
ISIC_5985961,0,0.12390792,held_fold
ISIC_5990428,0,0.014545658,held_fold
ISIC_5997133,0,0.0021685306,held_fold
ISIC_6000048,0,0.00046983227,held_fold
ISIC_6000142,0,0.0053039244,held_fold
ISIC_6000889,0,0.07966177,held_fold
ISIC_6002622,0,0.14004606,held_fold
ISIC_6003494,0,0.00043593027,held_fold
ISIC_6004540,0,0.014589796,held_fold
ISIC_6006795,0,0.00039104518,held_fold
ISIC_6013568,0,0.0020474137,held_fold
ISIC_6016197,0,0.004477657,held_fold
ISIC_6016330,0,0.016894136,held_fold
ISIC_6017897,0,0.0025120978,held_fold
ISIC_6019322,0,0.00054611114,held_fold
ISIC_6019374,0,0.008502535,held_fold
ISIC_6019516,0,0.00054126716,held_fold
ISIC_6020615,0,0.011722698,held_fold
ISIC_6020636,0,0.0062695816,held_fold
ISIC_6022423,0,0.0012022972,held_fold
ISIC_6023504,0,0.022054117,held_fold
ISIC_6023518,0,0.014420291,held_fold
ISIC_6024691,0,0.00832332,held_fold
ISIC_6025224,0,0.000622741,held_fold
ISIC_6028622,0,0.009893905,held_fold
ISIC_6030901,0,0.0013222327,held_fold
ISIC_6033222,0,0.00042838257,held_fold
ISIC_6035362,0,0.0042480608,held_fold
ISIC_6041346,0,0.02290822,held_fold
ISIC_6041880,0,0.0003313658,held_fold
ISIC_6043051,0,0.0002151239,held_fold
ISIC_6047070,0,0.017183263,held_fold
ISIC_6049499,0,0.05170762,held_fold
ISIC_6050281,0,0.0013561699,held_fold
ISIC_6051598,0,0.0001853388,held_fold
ISIC_6052702,0,0.0005065777,held_fold
ISIC_6052995,0,0.00025185873,held_fold
ISIC_6053980,0,0.007306249,held_fold
ISIC_6054420,0,0.0462899,held_fold
ISIC_6057455,0,0.0013450576,held_fold
ISIC_6058822,0,0.032335725,held_fold
ISIC_6062638,0,0.008005738,held_fold
ISIC_6062657,0,0.0015011316,held_fold
ISIC_6063007,0,0.0057441867,held_fold
ISIC_6065618,0,0.010432339,held_fold
ISIC_6067058,0,0.0020356702,held_fold
ISIC_6072001,0,0.00019017345,held_fold
ISIC_6076242,0,0.00036365507,held_fold
ISIC_6078211,0,0.030167433,held_fold
ISIC_6081091,0,0.005068635,held_fold
ISIC_6081985,0,0.008670951,held_fold
ISIC_6089318,1,0.21821588,held_fold
ISIC_6090848,0,0.085166655,held_fold
ISIC_6092849,0,0.0076347464,held_fold
ISIC_6092911,0,0.030793976,held_fold
ISIC_6093728,0,0.07709223,held_fold
ISIC_6096306,0,0.00034097745,held_fold
ISIC_6096541,0,0.013643796,held_fold
ISIC_6096598,0,0.010871006,held_fold
ISIC_6099309,0,0.0019584268,held_fold
ISIC_6100064,0,0.0017595782,held_fold
ISIC_6101341,0,0.00019119581,held_fold
ISIC_6107273,0,0.015931722,held_fold
ISIC_6110788,0,0.07248502,held_fold
ISIC_6111078,0,0.002497059,held_fold
ISIC_6113524,0,0.005443453,held_fold
ISIC_6116536,0,0.004190826,held_fold
ISIC_6121393,0,0.002934674,held_fold
ISIC_6124127,0,0.00021442599,held_fold
ISIC_6124481,1,0.07700109,held_fold
ISIC_6125014,0,0.017158736,held_fold
ISIC_6125652,1,0.15973811,held_fold
ISIC_6127074,0,0.019481625,held_fold
ISIC_6127167,0,0.0006006649,held_fold
ISIC_6127495,0,0.01345692,held_fold
ISIC_6131501,0,0.0019317964,held_fold
ISIC_6132976,0,0.0022012962,held_fold
ISIC_6133418,0,0.0014038467,held_fold
ISIC_6133988,0,0.00038280466,held_fold
ISIC_6138246,0,0.0024507921,held_fold
ISIC_6141422,0,0.0002542977,held_fold
ISIC_6142525,0,0.00091356895,held_fold
ISIC_6144716,0,0.00057143444,held_fold
ISIC_6151555,0,0.0010980055,held_fold
ISIC_6153134,0,0.018954668,held_fold
ISIC_6153728,0,0.004910953,held_fold
ISIC_6153896,0,0.0009961592,held_fold
ISIC_6155782,0,0.0019299568,held_fold
ISIC_6155981,0,0.00031357846,held_fold
ISIC_6158021,0,0.0023490577,held_fold
ISIC_6161876,0,0.000398801,held_fold
ISIC_6162609,0,0.0016941191,held_fold
ISIC_6162663,0,0.0012096721,held_fold
ISIC_6162711,0,0.007733635,held_fold
ISIC_6163926,0,0.021054521,held_fold
ISIC_6165627,0,0.0029810015,held_fold
ISIC_6166247,0,0.0013808431,held_fold
ISIC_6167855,0,0.060802806,held_fold
ISIC_6168754,0,0.005810369,held_fold
ISIC_6173977,0,0.012029092,held_fold
ISIC_6174735,0,0.0019648962,held_fold
ISIC_6174933,0,0.0137397805,held_fold
ISIC_6176182,0,0.000674364,held_fold
ISIC_6176518,0,0.03666536,held_fold
ISIC_6178088,0,0.00017912923,held_fold
ISIC_6178350,0,0.018506689,held_fold
ISIC_6180030,0,0.0055159633,held_fold
ISIC_6182833,0,0.008198406,held_fold
ISIC_6184190,0,0.0065412666,held_fold
ISIC_6186813,0,0.0007168295,held_fold
ISIC_6188916,0,0.00095271313,held_fold
ISIC_6189075,0,0.00090769195,held_fold
ISIC_6189375,0,0.004527688,held_fold
ISIC_6192108,0,0.023391519,held_fold
ISIC_6197608,0,0.00093380164,held_fold
ISIC_6205288,0,0.0027509835,held_fold
ISIC_6208762,0,0.00031243498,held_fold
ISIC_6208775,0,0.005292131,held_fold
ISIC_6210500,0,0.013340308,held_fold
ISIC_6216261,0,0.002784017,held_fold
ISIC_6217184,0,0.005603595,held_fold
ISIC_6224828,0,0.020915791,held_fold
ISIC_6225107,0,0.007065026,held_fold
ISIC_6225303,0,0.005942306,held_fold
ISIC_6225409,0,0.016288185,held_fold
ISIC_6231450,0,0.0048736734,held_fold
ISIC_6242842,0,0.00047952938,held_fold
ISIC_6243238,0,0.0031803362,held_fold
ISIC_6245809,0,0.0020310644,held_fold
ISIC_6247314,0,0.001197453,held_fold
ISIC_6248789,0,0.025244243,held_fold
ISIC_6254324,0,0.16313085,held_fold
ISIC_6255494,0,0.0014538938,held_fold
ISIC_6255613,0,0.0011609746,held_fold
ISIC_6256797,0,0.00036497938,held_fold
ISIC_6257804,0,0.0036022782,held_fold
ISIC_6257952,0,0.0019485756,held_fold
ISIC_6258246,0,0.013636047,held_fold
ISIC_6260485,0,0.0008068095,held_fold
ISIC_6264379,0,0.0023509492,held_fold
ISIC_6265284,0,0.000369052,held_fold
ISIC_6267455,0,0.0031279798,held_fold
ISIC_6267562,0,0.0036253815,held_fold
ISIC_6268546,0,0.0006318005,held_fold
ISIC_6269166,1,0.06361319,held_fold
ISIC_6269414,0,0.006850412,held_fold
ISIC_6269556,0,0.00080026285,held_fold
ISIC_6273566,0,0.0023370152,held_fold
ISIC_6274020,0,0.10595805,held_fold
ISIC_6278584,0,0.01768326,held_fold
ISIC_6279017,0,0.0054216078,held_fold
ISIC_6281419,0,0.00017933772,held_fold
ISIC_6284704,0,0.00027406687,held_fold
ISIC_6287575,0,0.005838308,held_fold
ISIC_6287803,0,0.01812439,held_fold
ISIC_6291051,0,0.00028090802,held_fold
ISIC_6292209,0,0.003430075,held_fold
ISIC_6293132,0,0.001426169,held_fold
ISIC_6293829,0,0.00047912865,held_fold
ISIC_6297408,0,0.0014306471,held_fold
ISIC_6303154,0,0.022083014,held_fold
ISIC_6304007,0,0.0009634249,held_fold
ISIC_6304412,0,0.033511817,held_fold
ISIC_6310591,0,0.022978216,held_fold
ISIC_6312590,0,0.005772294,held_fold
ISIC_6313487,1,0.08951812,held_fold
ISIC_6315037,0,0.00073961593,held_fold
ISIC_6316410,0,0.010850143,held_fold
ISIC_6321119,0,0.0036966254,held_fold
ISIC_6322191,0,0.00024154835,held_fold
ISIC_6323199,0,0.013537262,held_fold
ISIC_6323489,0,0.009045069,held_fold
ISIC_6324832,0,0.00078137877,held_fold
ISIC_6328526,0,0.004424982,held_fold
ISIC_6328606,0,0.0012746886,held_fold
ISIC_6330808,0,0.03586661,held_fold
ISIC_6335490,0,0.009879357,held_fold
ISIC_6336141,0,0.054255586,held_fold
ISIC_6339509,0,0.25528678,held_fold
ISIC_6340018,0,0.002805515,held_fold
ISIC_6340529,0,0.00024254785,held_fold
ISIC_6341685,0,0.02904467,held_fold
ISIC_6343199,0,0.00076981436,held_fold
ISIC_6344114,0,0.25352305,held_fold
ISIC_6344673,0,0.0027484256,held_fold
ISIC_6345354,0,0.0008659963,held_fold
ISIC_6347269,0,0.010044111,held_fold
ISIC_6352726,0,0.009643579,held_fold
ISIC_6352730,0,0.0002968399,held_fold
ISIC_6353527,0,0.042453192,held_fold
ISIC_6355245,0,0.00019481314,held_fold
ISIC_6355353,1,0.0064525735,held_fold
ISIC_6357644,0,0.0013243732,held_fold
ISIC_6358383,0,0.051283646,held_fold
ISIC_6363862,0,0.004155401,held_fold
ISIC_6364051,0,0.0043465686,held_fold
ISIC_6371233,0,0.016264532,held_fold
ISIC_6373500,0,0.0053988565,held_fold
ISIC_6376959,0,0.00034362334,held_fold
ISIC_6377578,0,0.0008262619,held_fold
ISIC_6379690,0,0.0012115008,held_fold
ISIC_6380662,0,0.0010091378,held_fold
ISIC_6383193,0,0.0025315003,held_fold
ISIC_6383486,0,0.014275908,held_fold
ISIC_6383922,0,0.000382943,held_fold
ISIC_6384559,0,0.0031776738,held_fold
ISIC_6384997,0,0.00074002414,held_fold
ISIC_6385074,0,0.0033287073,held_fold
ISIC_6385374,0,0.0033860577,held_fold
ISIC_6390738,0,0.00085372874,held_fold
ISIC_6391835,0,0.0103145195,held_fold
ISIC_6392461,1,0.035756346,held_fold
ISIC_6393699,0,0.00031255116,held_fold
ISIC_6394612,0,0.0023025319,held_fold
ISIC_6396565,0,0.00024764857,held_fold
ISIC_6398669,1,0.020144904,held_fold
ISIC_6399275,0,0.0001610174,held_fold
ISIC_6399303,0,0.00093763846,held_fold
ISIC_6400815,0,0.040927347,held_fold
ISIC_6401355,0,0.0007276401,held_fold
ISIC_6402680,0,0.029227149,held_fold
ISIC_6403268,0,0.00064361846,held_fold
ISIC_6404238,0,0.0010962025,held_fold
ISIC_6405298,0,0.008579375,held_fold
ISIC_6405981,0,0.006979562,held_fold
ISIC_6407004,0,0.004023296,held_fold
ISIC_6407230,0,0.0007495525,held_fold
ISIC_6408480,0,0.021136763,held_fold
ISIC_6409296,0,0.09628317,held_fold
ISIC_6411466,0,0.00041478183,held_fold
ISIC_6412486,0,0.0012557775,held_fold
ISIC_6413382,0,0.003971515,held_fold
ISIC_6415466,0,9.5167845e-05,held_fold
ISIC_6420431,0,0.0011502205,held_fold
ISIC_6422862,0,0.0017767932,held_fold
ISIC_6423301,0,0.00029942617,held_fold
ISIC_6423914,0,0.0006202656,held_fold
ISIC_6425807,0,0.00026268975,held_fold
ISIC_6425888,0,0.01897956,held_fold
ISIC_6432495,0,0.0026295998,held_fold
ISIC_6433551,0,0.005916619,held_fold
ISIC_6434605,0,0.0017994676,held_fold
ISIC_6435644,0,0.02325074,held_fold
ISIC_6438174,0,0.008377347,held_fold
ISIC_6438355,0,0.0021955958,held_fold
ISIC_6440753,0,0.00077314686,held_fold
ISIC_6444653,0,0.09051048,held_fold
ISIC_6446616,0,0.00022314089,held_fold
ISIC_6447071,0,0.004325347,held_fold
ISIC_6447681,0,0.04370595,held_fold
ISIC_6448063,0,0.025805186,held_fold
ISIC_6449939,0,0.0005020256,held_fold
ISIC_6450517,0,0.00034900347,held_fold
ISIC_6450756,0,0.06970613,held_fold
ISIC_6451230,0,0.0019278134,held_fold
ISIC_6453506,0,0.001308083,held_fold
ISIC_6455702,0,0.000716947,held_fold
ISIC_6457849,0,0.0023973545,held_fold
ISIC_6459796,0,0.0038990558,held_fold
ISIC_6460696,0,0.00025670303,held_fold
ISIC_6464177,0,0.006911182,held_fold
ISIC_6464905,0,0.004509281,held_fold
ISIC_6466611,0,0.00062030525,held_fold
ISIC_6467876,0,0.0009492818,held_fold
ISIC_6470697,0,0.00059599645,held_fold
ISIC_6477782,0,0.003456776,held_fold
ISIC_6479999,0,0.0016719374,held_fold
ISIC_6480784,0,0.0047111977,held_fold
ISIC_6482239,0,0.001200866,held_fold
ISIC_6484136,0,0.0704211,held_fold
ISIC_6485050,0,0.030151907,held_fold
ISIC_6486815,0,0.007663746,held_fold
ISIC_6486856,0,0.005644534,held_fold
ISIC_6487809,0,0.00052563567,held_fold
ISIC_6490895,0,0.0028944637,held_fold
ISIC_6496927,0,0.053825017,held_fold
ISIC_6497797,0,0.00068872655,held_fold
ISIC_6498670,0,0.0023517725,held_fold
ISIC_6500094,0,0.07999478,held_fold
ISIC_6500700,0,0.020388497,held_fold
ISIC_6506429,0,0.012312251,held_fold
ISIC_6506481,0,0.00067830196,held_fold
ISIC_6507412,0,0.00057313766,held_fold
ISIC_6507640,0,0.00030929668,held_fold
ISIC_6509682,1,0.113398306,held_fold
ISIC_6510403,0,0.0007881123,held_fold
ISIC_6512878,0,0.12495701,held_fold
ISIC_6513575,0,0.00027957666,held_fold
ISIC_6513977,0,0.00031356502,held_fold
ISIC_6515221,0,0.18513606,held_fold
ISIC_6515241,0,0.0010579797,held_fold
ISIC_6524052,0,0.0011541542,held_fold
ISIC_6524810,0,0.0035664465,held_fold
ISIC_6527464,0,0.004097035,held_fold
ISIC_6528080,0,0.0035186838,held_fold
ISIC_6528650,0,0.007980158,held_fold
ISIC_6529773,0,0.0027076192,held_fold
ISIC_6530659,0,0.0039744605,held_fold
ISIC_6533307,0,0.0007878037,held_fold
ISIC_6534346,0,0.005695812,held_fold
ISIC_6538955,0,0.0056475694,held_fold
ISIC_6539116,0,0.00021673118,held_fold
ISIC_6540624,0,0.005612016,held_fold
ISIC_6543121,0,0.0012667086,held_fold
ISIC_6543564,0,0.00036219464,held_fold
ISIC_6544548,0,0.0041443678,held_fold
ISIC_6545051,0,0.00041484964,held_fold
ISIC_6547083,0,0.0017854993,held_fold
ISIC_6547379,0,0.00992058,held_fold
ISIC_6547605,0,0.0021183174,held_fold
ISIC_6547878,0,0.0016267736,held_fold
ISIC_6549908,0,0.06940367,held_fold
ISIC_6550427,0,0.0016247336,held_fold
ISIC_6551532,0,0.015140401,held_fold
ISIC_6553389,0,0.000982613,held_fold
ISIC_6553768,0,0.000396336,held_fold
ISIC_6556473,0,0.0047375336,held_fold
ISIC_6559979,0,0.0005037577,held_fold
ISIC_6561787,0,0.034204237,held_fold
ISIC_6563211,0,0.010036224,held_fold
ISIC_6563761,0,0.05083396,held_fold
ISIC_6564034,0,0.01118276,held_fold
ISIC_6564818,0,0.003402771,held_fold
ISIC_6565709,0,0.021129413,held_fold
ISIC_6567382,0,0.0012839028,held_fold
ISIC_6568247,0,0.014181316,held_fold
ISIC_6570611,0,0.04524584,held_fold
ISIC_6571305,0,0.0019169344,held_fold
ISIC_6571335,0,0.0024558066,held_fold
ISIC_6571459,0,0.010373437,held_fold
ISIC_6571597,0,0.0014421516,held_fold
ISIC_6572463,0,0.0019314325,held_fold
ISIC_6572646,0,0.00024200615,held_fold
ISIC_6576397,0,0.00074784155,held_fold
ISIC_6576549,0,0.005097878,held_fold
ISIC_6581665,0,0.0064333617,held_fold
ISIC_6582783,0,0.054385092,held_fold
ISIC_6584847,0,0.0013471531,held_fold
ISIC_6586052,0,0.003765487,held_fold
ISIC_6588756,0,0.0062907403,held_fold
ISIC_6588853,0,0.023944277,held_fold
ISIC_6593826,0,0.000862335,held_fold
ISIC_6594273,0,0.005909192,held_fold
ISIC_6602724,0,0.009452224,held_fold
ISIC_6607895,0,0.0032119239,held_fold
ISIC_6608281,0,0.0006182401,held_fold
ISIC_6608507,0,0.061714455,held_fold
ISIC_6608618,0,0.00083203183,held_fold
ISIC_6609931,0,0.00072253984,held_fold
ISIC_6610645,0,0.00022598122,held_fold
ISIC_6613228,0,0.0035158142,held_fold
ISIC_6615566,0,0.024058057,held_fold
ISIC_6616174,0,0.017010663,held_fold
ISIC_6617840,0,0.0011690162,held_fold
ISIC_6618652,0,0.0016573019,held_fold
ISIC_6619970,0,0.0046981513,held_fold
ISIC_6622594,0,0.0002820959,held_fold
ISIC_6622892,0,0.002022239,held_fold
ISIC_6627142,0,0.004172308,held_fold
ISIC_6627659,0,0.0032833964,held_fold
ISIC_6628544,0,0.00095546653,held_fold
ISIC_6632997,0,0.013342305,held_fold
ISIC_6636275,0,0.00018327551,held_fold
ISIC_6636720,0,0.02410696,held_fold
ISIC_6637323,0,0.00024587347,held_fold
ISIC_6638892,0,0.0017328802,held_fold
ISIC_6640753,0,0.0018641709,held_fold
ISIC_6644265,0,0.00110585,held_fold
ISIC_6646410,0,0.004250704,held_fold
ISIC_6646749,0,0.0006904194,held_fold
ISIC_6651931,0,0.0020693343,held_fold
ISIC_6652211,0,0.0015283078,held_fold
ISIC_6653311,0,0.019675596,held_fold
ISIC_6653456,0,0.011514769,held_fold
ISIC_6660516,0,0.04592384,held_fold
ISIC_6661691,0,0.002716237,held_fold
ISIC_6661904,0,0.11973041,held_fold
ISIC_6661910,0,0.04519923,held_fold
ISIC_6664275,0,0.06640796,held_fold
ISIC_6665380,0,0.017254757,held_fold
ISIC_6665515,0,0.0007989888,held_fold
ISIC_6668604,0,0.010198728,held_fold
ISIC_6668859,0,0.0021082577,held_fold
ISIC_6673875,0,0.059099488,held_fold
ISIC_6674202,0,0.029846042,held_fold
ISIC_6676568,0,0.03023941,held_fold
ISIC_6676705,0,0.004645884,held_fold
ISIC_6680873,0,0.00062453223,held_fold
ISIC_6681346,0,0.004837022,held_fold
ISIC_6683756,0,0.00043220547,held_fold
ISIC_6686144,0,0.00046468945,held_fold
ISIC_6687927,0,0.0008012151,held_fold
ISIC_6688311,0,0.0005657713,held_fold
ISIC_6689593,0,0.0068950006,held_fold
ISIC_6689717,0,0.00067840633,held_fold
ISIC_6690049,0,0.004528421,held_fold
ISIC_6691092,0,0.00022914507,held_fold
ISIC_6696515,0,0.016835196,held_fold
ISIC_6696536,0,0.0004645559,held_fold
ISIC_6698186,0,0.0019533713,held_fold
ISIC_6701139,0,0.0002090359,held_fold
ISIC_6702684,0,0.0013192722,held_fold
ISIC_6703021,0,0.00022320943,held_fold
ISIC_6703027,0,0.033007994,held_fold
ISIC_6704036,0,0.0004505036,held_fold
ISIC_6704130,0,0.0011324298,held_fold
ISIC_6706289,0,0.0009825667,held_fold
ISIC_6706678,0,0.020351063,held_fold
ISIC_6708968,0,0.021284698,held_fold
ISIC_6709052,0,0.002302359,held_fold
ISIC_6712470,0,0.04928656,held_fold
ISIC_6713062,0,0.0061273673,held_fold
ISIC_6716036,0,0.0008725155,held_fold
ISIC_6721304,0,0.013347102,held_fold
ISIC_6723937,0,0.0031917489,held_fold
ISIC_6725390,0,0.00047614856,held_fold
ISIC_6725760,0,0.003709277,held_fold
ISIC_6725828,0,0.07041902,held_fold
ISIC_6726495,0,0.032836903,held_fold
ISIC_6727495,0,0.00410776,held_fold
ISIC_6729594,0,0.017778575,held_fold
ISIC_6731796,0,0.0034096856,held_fold
ISIC_6735970,0,0.027293991,held_fold
ISIC_6738013,0,0.0018309914,held_fold
ISIC_6747026,0,0.0036193957,held_fold
ISIC_6749688,0,0.0026504048,held_fold
ISIC_6753364,0,0.012131885,held_fold
ISIC_6753425,0,0.0017970377,held_fold
ISIC_6754034,0,0.062032808,held_fold
ISIC_6754749,0,0.0006331671,held_fold
ISIC_6756517,0,0.008351888,held_fold
ISIC_6758042,0,0.004215838,held_fold
ISIC_6759319,0,0.0014468768,held_fold
ISIC_6761980,0,0.0015462819,held_fold
ISIC_6764541,0,0.0016579491,held_fold
ISIC_6767017,0,0.0015736088,held_fold
ISIC_6772067,0,0.002497242,held_fold
ISIC_6774796,0,0.0021489381,held_fold
ISIC_6778483,0,0.00588917,held_fold
ISIC_6778756,0,0.012051491,held_fold
ISIC_6779354,0,0.008568605,held_fold
ISIC_6781075,0,0.0016392306,held_fold
ISIC_6781637,0,0.0019852256,held_fold
ISIC_6781665,0,0.031091418,held_fold
ISIC_6784722,0,0.045212895,held_fold
ISIC_6787097,0,0.002253131,held_fold
ISIC_6789876,0,0.0014533699,held_fold
ISIC_6790949,0,0.0033176849,held_fold
ISIC_6792155,0,0.006861854,held_fold
ISIC_6794321,0,0.000665952,held_fold
ISIC_6794899,0,0.07077279,held_fold
ISIC_6795009,0,0.0016677253,held_fold
ISIC_6798880,0,0.00030779265,held_fold
ISIC_6804665,0,0.00588826,held_fold
ISIC_6814478,0,0.06213615,held_fold
ISIC_6815524,0,0.0074512432,held_fold
ISIC_6815672,0,0.030164246,held_fold
ISIC_6817651,0,0.031096382,held_fold
ISIC_6826081,0,0.00049402606,held_fold
ISIC_6827929,0,0.015837846,held_fold
ISIC_6828587,0,0.05595176,held_fold
ISIC_6831482,0,0.033898696,held_fold
ISIC_6841294,1,0.29400498,held_fold
ISIC_6841752,0,0.0011560936,held_fold
ISIC_6844282,0,0.13582589,held_fold
ISIC_6845907,0,0.08573253,held_fold
ISIC_6847317,0,0.00037037017,held_fold
ISIC_6848560,0,0.009806329,held_fold
ISIC_6852275,0,0.028914254,held_fold
ISIC_6852281,0,0.008306468,held_fold
ISIC_6853087,0,0.023802437,held_fold
ISIC_6853657,0,0.0018948042,held_fold
ISIC_6853786,0,0.0099538425,held_fold
ISIC_6854940,0,0.0014656731,held_fold
ISIC_6855125,0,0.00029525394,held_fold
ISIC_6857334,0,0.0013005679,held_fold
ISIC_6858074,0,0.014621742,held_fold
ISIC_6858892,0,0.00045344303,held_fold
ISIC_6859159,0,0.031401865,held_fold
ISIC_6866526,0,0.0008242193,held_fold
ISIC_6872792,0,0.029503524,held_fold
ISIC_6873669,0,0.0074369633,held_fold
ISIC_6874316,0,0.0024580176,held_fold
ISIC_6876297,0,0.031681813,held_fold
ISIC_6876309,0,0.0014499043,held_fold
ISIC_6876820,0,0.01280282,held_fold
ISIC_6878588,0,0.45072642,held_fold
ISIC_6879085,0,0.001351747,held_fold
ISIC_6880164,0,0.002044166,held_fold
ISIC_6882582,0,0.03628001,held_fold
ISIC_6888012,0,0.0001276995,held_fold
ISIC_6888353,0,0.0069519253,held_fold
ISIC_6889965,0,0.0028703655,held_fold
ISIC_6890820,0,0.018295493,held_fold
ISIC_6893552,0,0.018919408,held_fold
ISIC_6896427,0,0.0011329477,held_fold
ISIC_6898059,0,0.0060325842,held_fold
ISIC_6898841,0,0.0003068466,held_fold
ISIC_6899551,0,0.001722609,held_fold
ISIC_6900579,0,0.0047002234,held_fold
ISIC_6901340,0,0.005019904,held_fold
ISIC_6901681,0,0.024895916,held_fold
ISIC_6903643,0,0.002321756,held_fold
ISIC_6904082,1,0.06266664,held_fold
ISIC_6904410,0,0.00019494673,held_fold
ISIC_6905594,0,0.0002388166,held_fold
ISIC_6906203,0,0.00099697,held_fold
ISIC_6908286,0,0.0008566741,held_fold
ISIC_6915759,0,0.11453003,held_fold
ISIC_6916987,0,0.022563979,held_fold
ISIC_6928607,0,0.0060463245,held_fold
ISIC_6930690,0,0.070512794,held_fold
ISIC_6930828,0,0.09569549,held_fold
ISIC_6933471,0,0.015798286,held_fold
ISIC_6933978,0,0.00025123564,held_fold
ISIC_6934211,0,0.00236658,held_fold
ISIC_6938489,0,0.001277994,held_fold
ISIC_6938905,0,0.027603144,held_fold
ISIC_6940677,0,0.004305218,held_fold
ISIC_6941441,0,0.00069909834,held_fold
ISIC_6943717,0,0.009117875,held_fold
ISIC_6944466,0,0.024615183,held_fold
ISIC_6944481,0,0.0005362534,held_fold
ISIC_6945725,0,0.015524491,held_fold
ISIC_6946260,0,0.0032757963,held_fold
ISIC_6947870,0,0.00018135998,held_fold
ISIC_6949941,0,0.010363006,held_fold
ISIC_6952773,0,0.016422486,held_fold
ISIC_6954577,0,0.002245004,held_fold
ISIC_6955095,0,0.0013701832,held_fold
ISIC_6955799,0,0.0024817148,held_fold
ISIC_6959018,0,0.010778337,held_fold
ISIC_6963252,0,0.0047411094,held_fold
ISIC_6967033,0,0.027291898,held_fold
ISIC_6968422,0,0.00162788,held_fold
ISIC_6968972,0,0.009137662,held_fold
ISIC_6968982,0,0.035694007,held_fold
ISIC_6970181,0,0.0022115663,held_fold
ISIC_6970271,0,0.0013617143,held_fold
ISIC_6973257,0,0.0029132958,held_fold
ISIC_6974005,0,0.0071521555,held_fold
ISIC_6974286,0,0.0025452296,held_fold
ISIC_6977097,0,0.0134273,held_fold
ISIC_6977581,0,0.044213235,held_fold
ISIC_6986010,0,0.0015035471,held_fold
ISIC_6991849,0,0.014036367,held_fold
ISIC_6992267,0,0.015299629,held_fold
ISIC_6992709,0,0.0015681718,held_fold
ISIC_6997349,0,0.00025263554,held_fold
ISIC_7002323,0,0.0016939765,held_fold
ISIC_7006312,0,0.0007769824,held_fold
ISIC_7009273,0,0.0009249547,held_fold
ISIC_7011753,0,0.0040082233,held_fold
ISIC_7012881,0,0.0013039303,held_fold
ISIC_7013418,0,0.0008340243,held_fold
ISIC_7013991,0,0.0002839337,held_fold
ISIC_7015694,0,0.0048452346,held_fold
ISIC_7016839,0,0.0004602063,held_fold
ISIC_7020708,0,0.012946527,held_fold
ISIC_7024662,0,0.022685647,held_fold
ISIC_7024807,0,0.021801248,held_fold
ISIC_7027424,0,0.018157821,held_fold
ISIC_7027536,0,0.009241313,held_fold
ISIC_7028320,0,0.14277527,held_fold
ISIC_7030974,0,0.0013468335,held_fold
ISIC_7032085,0,0.001450443,held_fold
ISIC_7032787,0,0.0062544895,held_fold
ISIC_7033912,0,0.0032575857,held_fold
ISIC_7035517,0,0.05679432,held_fold
ISIC_7038586,0,0.00139383,held_fold
ISIC_7041484,0,0.0157606,held_fold
ISIC_7041558,0,0.0003719772,held_fold
ISIC_7043443,0,0.007821433,held_fold
ISIC_7044173,0,0.0014546604,held_fold
ISIC_7046324,0,0.003189204,held_fold
ISIC_7051167,0,0.0005888015,held_fold
ISIC_7052158,0,0.017688297,held_fold
ISIC_7054108,0,0.0053169415,held_fold
ISIC_7056776,0,0.0020802082,held_fold
ISIC_7056918,0,0.08434242,held_fold
ISIC_7058883,0,0.0024581358,held_fold
ISIC_7064137,0,0.0006537037,held_fold
ISIC_7066320,0,0.005662018,held_fold
ISIC_7066695,0,0.0013255316,held_fold
ISIC_7066945,0,0.008811151,held_fold
ISIC_7067750,0,0.0029295206,held_fold
ISIC_7068021,0,0.0050889645,held_fold
ISIC_7069404,0,0.0005271123,held_fold
ISIC_7069423,0,0.00076235493,held_fold
ISIC_7069853,0,0.003957367,held_fold
ISIC_7071213,0,0.024446428,held_fold
ISIC_7073263,0,0.0054371418,held_fold
ISIC_7079714,0,0.0061842594,held_fold
ISIC_7080584,0,0.0032274062,held_fold
ISIC_7082703,0,0.02127808,held_fold
ISIC_7083307,0,0.012357849,held_fold
ISIC_7084197,0,0.0034204274,held_fold
ISIC_7091750,0,0.014197291,held_fold
ISIC_7095245,0,0.0019281931,held_fold
ISIC_7096946,0,0.0018136133,held_fold
ISIC_7097343,0,0.00075675617,held_fold
ISIC_7100755,1,0.025520528,held_fold
ISIC_7104307,0,0.0038446926,held_fold
ISIC_7105639,0,0.0005318951,held_fold
ISIC_7105681,0,0.00027228697,held_fold
ISIC_7107371,0,0.004676506,held_fold
ISIC_7115605,0,0.19779857,held_fold
ISIC_7116781,0,0.004559642,held_fold
ISIC_7117338,0,0.014008973,held_fold
ISIC_7119225,0,0.00024796967,held_fold
ISIC_7121198,0,0.008600906,held_fold
ISIC_7121344,0,0.008115622,held_fold
ISIC_7124408,0,0.0018722668,held_fold
ISIC_7125023,0,0.0009206832,held_fold
ISIC_7125512,0,0.054392476,held_fold
ISIC_7125703,0,0.012002188,held_fold
ISIC_7126877,0,0.0007406013,held_fold
ISIC_7128233,0,0.0007823831,held_fold
ISIC_7128674,0,0.0127955545,held_fold
ISIC_7129085,0,0.054778274,held_fold
ISIC_7135134,0,0.0005018065,held_fold
ISIC_7136995,0,0.0005175578,held_fold
ISIC_7137773,0,0.05215153,held_fold
ISIC_7139484,0,0.00040542634,held_fold
ISIC_7140636,0,0.14359541,held_fold
ISIC_7140783,0,0.0011438776,held_fold
ISIC_7143388,0,0.0842134,held_fold
ISIC_7144795,0,0.0007179316,held_fold
ISIC_7145266,0,0.010147233,held_fold
ISIC_7145969,0,0.014491631,held_fold
ISIC_7148656,0,0.08388298,held_fold
ISIC_7150966,0,0.057530332,held_fold
ISIC_7152347,0,0.002473709,held_fold
ISIC_7153240,0,0.05174554,held_fold
ISIC_7155873,0,0.0007731683,held_fold
ISIC_7156715,0,0.0006670541,held_fold
ISIC_7161002,0,0.0006844511,held_fold
ISIC_7161069,0,0.0019405928,held_fold
ISIC_7162343,0,0.055708203,held_fold
ISIC_7162711,0,0.03194506,held_fold
ISIC_7164076,0,0.00032294902,held_fold
ISIC_7167473,0,0.00017884301,held_fold
ISIC_7168604,0,0.00537269,held_fold
ISIC_7170391,0,0.00023980116,held_fold
ISIC_7170431,0,0.00029677793,held_fold
ISIC_7171799,0,0.031724043,held_fold
ISIC_7173520,0,0.0075484305,held_fold
ISIC_7173850,0,0.00031691603,held_fold
ISIC_7175127,0,0.0056836964,held_fold
ISIC_7179067,0,0.00088973914,held_fold
ISIC_7180332,0,0.026246695,held_fold
ISIC_7181396,0,0.017471004,held_fold
ISIC_7182677,0,0.0027937137,held_fold
ISIC_7183212,1,0.07094767,held_fold
ISIC_7183931,0,0.00023598703,held_fold
ISIC_7185157,0,0.000593958,held_fold
ISIC_7187577,0,0.017835945,held_fold
ISIC_7188330,0,0.021835132,held_fold
ISIC_7192331,0,0.05785794,held_fold
ISIC_7194695,0,0.14265308,held_fold
ISIC_7195168,0,0.008781695,held_fold
ISIC_7199167,0,0.0030010897,held_fold
ISIC_7204331,0,0.07588377,held_fold
ISIC_7205039,0,0.01801977,held_fold
ISIC_7205863,0,0.0122865485,held_fold
ISIC_7207496,0,0.04234512,held_fold
ISIC_7207715,0,0.00056395476,held_fold
ISIC_7210752,0,0.0013026511,held_fold
ISIC_7212312,0,0.008876677,held_fold
ISIC_7212966,0,0.035056032,held_fold
ISIC_7216772,0,0.031461705,held_fold
ISIC_7219262,0,0.00034804287,held_fold
ISIC_7220538,0,0.0017614361,held_fold
ISIC_7226381,0,0.0041153156,held_fold
ISIC_7227599,0,0.0008014877,held_fold
ISIC_7230027,0,0.002656203,held_fold
ISIC_7230304,0,0.005807089,held_fold
ISIC_7231735,0,0.06237698,held_fold
ISIC_7232375,0,0.007149369,held_fold
ISIC_7236143,0,0.058416873,held_fold
ISIC_7238139,0,0.0009280887,held_fold
ISIC_7240224,0,0.0062452857,held_fold
ISIC_7240424,0,0.0019158818,held_fold
ISIC_7240915,0,0.08783173,held_fold
ISIC_7243256,0,0.015023996,held_fold
ISIC_7243593,0,0.0006462165,held_fold
ISIC_7244323,0,0.00041287346,held_fold
ISIC_7246096,0,0.004557275,held_fold
ISIC_7248532,0,0.00080264214,held_fold
ISIC_7248566,0,0.00031172892,held_fold
ISIC_7250813,0,0.0002326307,held_fold
ISIC_7259980,0,0.0016503634,held_fold
ISIC_7260013,0,0.0256686,held_fold
ISIC_7260492,0,0.0012744047,held_fold
ISIC_7266940,0,0.018383056,held_fold
ISIC_7268804,0,0.0032611007,held_fold
ISIC_7270858,0,0.010377226,held_fold
ISIC_7272509,0,0.035363894,held_fold
ISIC_7273853,0,0.0019725526,held_fold
ISIC_7279098,0,0.010454484,held_fold
ISIC_7281014,0,0.00039651946,held_fold
ISIC_7286958,0,0.13554344,held_fold
ISIC_7287053,0,0.001578737,held_fold
ISIC_7287161,0,0.0020842708,held_fold
ISIC_7287338,0,0.004051926,held_fold
ISIC_7288627,0,0.0009869256,held_fold
ISIC_7288949,0,0.03213841,held_fold
ISIC_7292533,0,0.0012115886,held_fold
ISIC_7294446,0,0.004524272,held_fold
ISIC_7298784,0,0.001194238,held_fold
ISIC_7301029,0,0.027531955,held_fold
ISIC_7302456,0,0.00060579734,held_fold
ISIC_7309600,0,0.006634039,held_fold
ISIC_7312781,0,0.00040720924,held_fold
ISIC_7313390,0,0.00020756936,held_fold
ISIC_7313923,0,0.02435642,held_fold
ISIC_7315641,0,0.038462754,held_fold
ISIC_7316364,0,0.00097366155,held_fold
ISIC_7316871,0,0.12885837,held_fold
ISIC_7319707,0,0.021273924,held_fold
ISIC_7321132,0,0.0033282703,held_fold
ISIC_7322169,0,0.0022869175,held_fold
ISIC_7324228,0,0.005849733,held_fold
ISIC_7324840,0,0.02414463,held_fold
ISIC_7326713,0,0.0029732566,held_fold
ISIC_7327087,0,0.012607789,held_fold
ISIC_7332657,0,0.009371628,held_fold
ISIC_7334875,0,0.06439969,held_fold
ISIC_7335785,0,0.0001492169,held_fold
ISIC_7337194,0,0.0007301192,held_fold
ISIC_7338634,0,0.0013219637,held_fold
ISIC_7338760,0,0.011889568,held_fold
ISIC_7338843,0,0.00018251568,held_fold
ISIC_7342741,0,0.007951072,held_fold
ISIC_7344014,0,0.0006232407,held_fold
ISIC_7345367,0,0.01393737,held_fold
ISIC_7345709,0,0.004996229,held_fold
ISIC_7346739,1,0.152655,held_fold
ISIC_7351007,0,0.0016748225,held_fold
ISIC_7353070,0,0.0036712945,held_fold
ISIC_7356472,0,0.009417615,held_fold
ISIC_7356589,0,0.008338826,held_fold
ISIC_7357474,0,0.0019475811,held_fold
ISIC_7358425,0,0.00060565356,held_fold
ISIC_7358848,0,0.0991647,held_fold
ISIC_7358998,0,0.033743408,held_fold
ISIC_7360101,0,0.010892183,held_fold
ISIC_7364411,0,0.02299735,held_fold
ISIC_7365445,0,0.0077271317,held_fold
ISIC_7367323,0,0.00024250042,held_fold
ISIC_7368046,0,0.0038598708,held_fold
ISIC_7369843,0,0.00370407,held_fold
ISIC_7370756,0,0.00566401,held_fold
ISIC_7372459,0,0.0010121111,held_fold
ISIC_7380364,0,0.0007941047,held_fold
ISIC_7382594,0,0.042726498,held_fold
ISIC_7383044,0,0.0008242983,held_fold
ISIC_7383585,0,0.038164936,held_fold
ISIC_7384638,0,0.037100043,held_fold
ISIC_7389320,0,0.00019570343,held_fold
ISIC_7394756,0,0.036181733,held_fold
ISIC_7394834,0,0.00054985326,held_fold
ISIC_7394897,0,0.015571787,held_fold
ISIC_7395166,0,0.023914672,held_fold
ISIC_7399970,0,0.0059063216,held_fold
ISIC_7401893,0,0.00064209255,held_fold
ISIC_7402256,0,0.0015644492,held_fold
ISIC_7404937,0,0.00038277401,held_fold
ISIC_7409797,0,0.0002205054,held_fold
ISIC_7410598,0,0.001881516,held_fold
ISIC_7410677,0,0.012093462,held_fold
ISIC_7413098,0,0.0005359016,held_fold
ISIC_7413468,0,0.0062145307,held_fold
ISIC_7414124,0,0.0026854186,held_fold
ISIC_7416797,0,0.0024415604,held_fold
ISIC_7418760,0,0.0067865783,held_fold
ISIC_7422026,0,0.0018986217,held_fold
ISIC_7423788,0,0.0047539524,held_fold
ISIC_7424320,0,0.06845508,held_fold
ISIC_7430481,0,0.03550446,held_fold
ISIC_7431480,0,0.0020216415,held_fold
ISIC_7434918,0,0.0008421066,held_fold
ISIC_7436377,0,0.0011049308,held_fold
ISIC_7438913,0,0.0010972944,held_fold
ISIC_7439160,0,0.002771278,held_fold
ISIC_7441917,0,0.00037565967,held_fold
ISIC_7445800,0,0.0055104103,held_fold
ISIC_7446443,0,0.0021423919,held_fold
ISIC_7452503,0,0.0043521277,held_fold
ISIC_7452767,0,0.0001322977,held_fold
ISIC_7453902,0,0.031787667,held_fold
ISIC_7456769,0,0.0062071546,held_fold
ISIC_7458272,0,0.00056836865,held_fold
ISIC_7459066,0,0.0014342833,held_fold
ISIC_7459410,0,0.014970363,held_fold
ISIC_7460111,0,0.0046687555,held_fold
ISIC_7460444,0,0.009302785,held_fold
ISIC_7461086,0,0.0007855776,held_fold
ISIC_7462746,0,0.036280714,held_fold
ISIC_7465209,0,0.014193014,held_fold
ISIC_7465753,0,0.047059502,held_fold
ISIC_7466101,0,0.017966991,held_fold
ISIC_7468182,0,0.0010083815,held_fold
ISIC_7468407,0,0.15166683,held_fold
ISIC_7468410,0,0.00020486151,held_fold
ISIC_7471517,0,0.13070773,held_fold
ISIC_7474949,0,0.000232302,held_fold
ISIC_7474994,0,0.010422999,held_fold
ISIC_7477006,0,0.041330393,held_fold
ISIC_7477754,0,0.0027047547,held_fold
ISIC_7477771,0,0.015683195,held_fold
ISIC_7480166,0,0.00017315222,held_fold
ISIC_7481978,0,0.00080199994,held_fold
ISIC_7482149,0,0.006030046,held_fold
ISIC_7484011,0,0.00015844966,held_fold
ISIC_7484618,0,0.00045113557,held_fold
ISIC_7489895,0,0.0018961673,held_fold
ISIC_7491217,0,0.052209333,held_fold
ISIC_7495148,0,0.06195708,held_fold
ISIC_7495157,0,0.0006426086,held_fold
ISIC_7495971,0,0.0083860615,held_fold
ISIC_7496225,0,0.013050557,held_fold
ISIC_7496511,0,0.041923877,held_fold
ISIC_7498132,0,0.00081203034,held_fold
ISIC_7498716,0,0.03275477,held_fold
ISIC_7499769,0,0.0058497526,held_fold
ISIC_7503521,0,0.005170308,held_fold
ISIC_7503950,1,0.06731468,held_fold
ISIC_7504741,0,0.0019846899,held_fold
ISIC_7505533,0,0.032537665,held_fold
ISIC_7505675,0,0.00021636613,held_fold
ISIC_7507065,0,0.005284135,held_fold
ISIC_7507286,0,0.00606387,held_fold
ISIC_7507808,0,0.013624457,held_fold
ISIC_7508320,0,0.008758535,held_fold
ISIC_7509837,0,0.0027061389,held_fold
ISIC_7511557,0,0.0009428378,held_fold
ISIC_7513139,0,0.0014123188,held_fold
ISIC_7513677,0,0.015159797,held_fold
ISIC_7514840,0,0.003905317,held_fold
ISIC_7517099,0,0.002756056,held_fold
ISIC_7519274,0,0.0031300026,held_fold
ISIC_7522199,0,0.06674147,held_fold
ISIC_7523330,0,0.0016724381,held_fold
ISIC_7524426,0,0.0010037969,held_fold
ISIC_7527413,0,0.18754359,held_fold
ISIC_7533216,0,0.0027872014,held_fold
ISIC_7536704,1,0.19906147,held_fold
ISIC_7539588,0,0.0009286862,held_fold
ISIC_7540824,0,0.0006902615,held_fold
ISIC_7543874,0,0.006803776,held_fold
ISIC_7544251,0,0.000920414,held_fold
ISIC_7546192,0,0.0014994928,held_fold
ISIC_7547609,0,0.062007774,held_fold
ISIC_7548405,0,0.020038955,held_fold
ISIC_7548923,0,0.02900549,held_fold
ISIC_7549398,0,0.01342101,held_fold
ISIC_7552521,0,0.0011208582,held_fold
ISIC_7555016,0,0.0116935875,held_fold
ISIC_7559435,0,0.0049597244,held_fold
ISIC_7560157,0,0.108439855,held_fold
ISIC_7561521,0,0.002911161,held_fold
ISIC_7562175,0,0.0060612955,held_fold
ISIC_7564040,0,0.0058242683,held_fold
ISIC_7566403,0,0.0012900499,held_fold
ISIC_7567374,0,0.009081471,held_fold
ISIC_7570834,0,0.02268938,held_fold
ISIC_7571957,0,0.029037714,held_fold
ISIC_7572137,0,0.0019123518,held_fold
ISIC_7574666,0,0.24234292,held_fold
ISIC_7575131,0,0.0021977988,held_fold
ISIC_7575246,0,0.0085099265,held_fold
ISIC_7575644,0,0.016750317,held_fold
ISIC_7575815,0,0.001008429,held_fold
ISIC_7576735,0,0.03074568,held_fold
ISIC_7582764,0,0.0016304408,held_fold
ISIC_7583644,0,0.0009170779,held_fold
ISIC_7583922,0,0.0059608854,held_fold
ISIC_7585280,0,0.010440351,held_fold
ISIC_7585550,0,0.0004753445,held_fold
ISIC_7585924,0,0.019501029,held_fold
ISIC_7586566,0,0.029563384,held_fold
ISIC_7587006,0,0.06812377,held_fold
ISIC_7589802,0,0.0025525228,held_fold
ISIC_7593561,0,0.00050900195,held_fold
ISIC_7594124,0,0.0011594385,held_fold
ISIC_7594625,0,0.10081927,held_fold
ISIC_7595826,0,0.0011533124,held_fold
ISIC_7596866,0,0.01726667,held_fold
ISIC_7598658,0,0.0020168195,held_fold
ISIC_7600348,0,0.0012386881,held_fold
ISIC_7601364,0,0.0004117199,held_fold
ISIC_7602656,0,0.0048887194,held_fold
ISIC_7603831,0,0.06262913,held_fold
ISIC_7604870,0,0.005747319,held_fold
ISIC_7607101,0,0.00048758514,held_fold
ISIC_7607107,0,0.0015741542,held_fold
ISIC_7607335,0,0.0021939133,held_fold
ISIC_7609643,0,0.0026402548,held_fold
ISIC_7612427,0,0.011659257,held_fold
ISIC_7612589,0,0.01601645,held_fold
ISIC_7615896,0,0.01959385,held_fold
ISIC_7617445,0,0.00027144662,held_fold
ISIC_7619041,0,0.030905074,held_fold
ISIC_7619234,0,0.0010629011,held_fold
ISIC_7620347,0,0.042477842,held_fold
ISIC_7622520,0,0.005612255,held_fold
ISIC_7626632,0,0.0065406314,held_fold
ISIC_7628175,0,0.000978957,held_fold
ISIC_7629264,0,0.000301555,held_fold
ISIC_7632525,0,0.0425245,held_fold
ISIC_7634151,0,0.15328892,held_fold
ISIC_7634281,0,0.0008153442,held_fold
ISIC_7635056,0,0.007915233,held_fold
ISIC_7637091,0,0.11910363,held_fold
ISIC_7637801,0,0.0013095252,held_fold
ISIC_7638574,0,0.01135082,held_fold
ISIC_7642500,0,0.004232064,held_fold
ISIC_7643396,0,0.047728978,held_fold
ISIC_7643603,0,0.0018204908,held_fold
ISIC_7644571,0,0.0003161664,held_fold
ISIC_7646866,0,0.00064844894,held_fold
ISIC_7647201,0,0.0077425144,held_fold
ISIC_7649562,0,0.013425816,held_fold
ISIC_7649781,0,0.021992793,held_fold
ISIC_7650216,0,0.012080788,held_fold
ISIC_7650369,0,0.0010119159,held_fold
ISIC_7652615,0,0.030114817,held_fold
ISIC_7653121,0,0.003994258,held_fold
ISIC_7656935,0,0.0024581114,held_fold
ISIC_7657085,0,0.018414471,held_fold
ISIC_7658006,0,0.018875584,held_fold
ISIC_7661657,0,0.0072970553,held_fold
ISIC_7665526,0,0.016029771,held_fold
ISIC_7665645,0,0.05142877,held_fold
ISIC_7668206,0,0.0012375354,held_fold
ISIC_7670149,0,0.0035132524,held_fold
ISIC_7671589,0,0.00093016843,held_fold
ISIC_7671776,0,0.0028412542,held_fold
ISIC_7671972,0,0.028448677,held_fold
ISIC_7672895,0,0.01707636,held_fold
ISIC_7677461,0,0.0012257397,held_fold
ISIC_7677876,0,0.00030750112,held_fold
ISIC_7683437,0,0.0014232397,held_fold
ISIC_7685761,0,0.0056882286,held_fold
ISIC_7686795,0,0.0008793502,held_fold
ISIC_7687686,0,0.0043596905,held_fold
ISIC_7690228,0,0.000959852,held_fold
ISIC_7691262,0,0.032941345,held_fold
ISIC_7693995,0,0.0021811447,held_fold
ISIC_7694028,0,0.04541538,held_fold
ISIC_7694184,0,0.00019125416,held_fold
ISIC_7694877,0,0.00051079004,held_fold
ISIC_7697022,0,0.0005009933,held_fold
ISIC_7697445,0,0.00060936133,held_fold
ISIC_7701105,0,0.0019472842,held_fold
ISIC_7702225,0,0.0002541547,held_fold
ISIC_7704533,0,0.029627182,held_fold
ISIC_7705876,0,0.00854087,held_fold
ISIC_7706215,0,0.12673093,held_fold
ISIC_7709419,0,0.00039919806,held_fold
ISIC_7709611,0,0.0033881098,held_fold
ISIC_7710816,0,0.0022381297,held_fold
ISIC_7711688,0,0.017805507,held_fold
ISIC_7711947,0,0.0028965808,held_fold
ISIC_7712138,0,0.006754942,held_fold
ISIC_7712996,0,0.0044351397,held_fold
ISIC_7713180,0,0.0043748594,held_fold
ISIC_7714981,0,0.01886022,held_fold
ISIC_7715315,0,0.00737932,held_fold
ISIC_7723150,0,0.00049527414,held_fold
ISIC_7724906,0,0.09328971,held_fold
ISIC_7727347,0,0.007171726,held_fold
ISIC_7727960,0,0.0010380514,held_fold
ISIC_7728520,0,0.0073092966,held_fold
ISIC_7729573,0,0.004220601,held_fold
ISIC_7737437,0,0.008032853,held_fold
ISIC_7738923,0,0.021146191,held_fold
ISIC_7744571,0,0.0003338502,held_fold
ISIC_7745175,0,0.00046251295,held_fold
ISIC_7750508,0,0.0005845527,held_fold
ISIC_7750544,0,0.03681394,held_fold
ISIC_7753375,0,0.0040342575,held_fold
ISIC_7753753,0,0.0011556052,held_fold
ISIC_7754416,0,0.00032616514,held_fold
ISIC_7756791,0,0.0008948237,held_fold
ISIC_7759376,0,0.0015300317,held_fold
ISIC_7759630,0,0.0017576747,held_fold
ISIC_7760219,0,0.0007752798,held_fold
ISIC_7760920,0,0.0024906513,held_fold
ISIC_7760948,0,0.008077385,held_fold
ISIC_7761884,0,0.0041796095,held_fold
ISIC_7762499,0,0.006038491,held_fold
ISIC_7763701,0,0.0015942173,held_fold
ISIC_7764481,0,0.01416627,held_fold
ISIC_7767350,0,0.0038477767,held_fold
ISIC_7767423,0,0.003863279,held_fold
ISIC_7769639,0,0.00029584428,held_fold
ISIC_7769827,0,0.0057022455,held_fold
ISIC_7771615,0,0.0024919477,held_fold
ISIC_7775535,0,0.002914587,held_fold
ISIC_7777873,0,0.0028857146,held_fold
ISIC_7779225,0,0.00094824354,held_fold
ISIC_7779685,0,0.0015410286,held_fold
ISIC_7780704,0,0.0048094103,held_fold
ISIC_7783914,0,0.00065282616,held_fold
ISIC_7784796,0,0.001473898,held_fold
ISIC_7791478,0,0.00034186864,held_fold
ISIC_7792073,0,0.003948509,held_fold
ISIC_7796174,0,0.0036146182,held_fold
ISIC_7797745,0,0.0060031884,held_fold
ISIC_7798403,0,0.06536115,held_fold
ISIC_7800170,0,0.00019079515,held_fold
ISIC_7800415,0,0.070309274,held_fold
ISIC_7801815,0,0.046258386,held_fold
ISIC_7803010,0,0.00040182623,held_fold
ISIC_7803118,0,0.00090958236,held_fold
ISIC_7803496,0,0.0036629534,held_fold
ISIC_7804919,0,0.00079102593,held_fold
ISIC_7806040,0,0.0008224529,held_fold
ISIC_7806612,0,0.0030421866,held_fold
ISIC_7806765,0,0.001737681,held_fold
ISIC_7807235,0,0.021022478,held_fold
ISIC_7808132,0,0.0005573191,held_fold
ISIC_7809643,0,0.0023658571,held_fold
ISIC_7811951,0,0.0058584893,held_fold
ISIC_7814144,0,0.008692836,held_fold
ISIC_7815762,0,0.0008650865,held_fold
ISIC_7816367,0,0.0014002402,held_fold
ISIC_7818429,0,0.013365701,held_fold
ISIC_7819084,0,0.0014010485,held_fold
ISIC_7821676,0,0.0014865134,held_fold
ISIC_7823773,0,0.0021761213,held_fold
ISIC_7824206,0,0.0048387437,held_fold
ISIC_7824250,0,0.04443963,held_fold
ISIC_7824420,0,0.031178415,held_fold
ISIC_7824688,0,0.0001366888,held_fold
ISIC_7826983,0,0.00043688877,held_fold
ISIC_7827067,0,0.0016112216,held_fold
ISIC_7828320,0,0.06874473,held_fold
ISIC_7830937,0,0.010998949,held_fold
ISIC_7832323,0,0.0006933074,held_fold
ISIC_7833195,0,0.0008556642,held_fold
ISIC_7836872,0,0.0032162366,held_fold
ISIC_7839220,0,0.018277118,held_fold
ISIC_7841085,0,0.00012499926,held_fold
ISIC_7841317,0,0.0016243855,held_fold
ISIC_7842567,0,0.0008964391,held_fold
ISIC_7843406,0,0.075838655,held_fold
ISIC_7844276,0,0.022033272,held_fold
ISIC_7845281,0,0.08504652,held_fold
ISIC_7847294,0,0.014527024,held_fold
ISIC_7850058,0,0.0003577223,held_fold
ISIC_7850191,0,0.007889524,held_fold
ISIC_7850786,0,0.0002679379,held_fold
ISIC_7850884,0,0.010645743,held_fold
ISIC_7851399,0,0.00035290222,held_fold
ISIC_7852508,0,0.046466794,held_fold
ISIC_7852759,0,0.00033794637,held_fold
ISIC_7853136,0,0.0007285178,held_fold
ISIC_7857144,0,0.00023051485,held_fold
ISIC_7859801,0,0.022809247,held_fold
ISIC_7867320,0,0.034391977,held_fold
ISIC_7868525,0,0.0015121512,held_fold
ISIC_7868855,0,0.003933419,held_fold
ISIC_7869953,0,0.04519602,held_fold
ISIC_7873885,0,0.0015405165,held_fold
ISIC_7875959,0,0.02182304,held_fold
ISIC_7876620,0,0.0009150534,held_fold
ISIC_7879597,0,0.000388305,held_fold
ISIC_7880046,0,0.00037434374,held_fold
ISIC_7880706,0,0.0027228168,held_fold
ISIC_7881514,0,0.0081630945,held_fold
ISIC_7882053,0,0.001572287,held_fold
ISIC_7885531,0,0.0022980135,held_fold
ISIC_7888672,0,0.00025103043,held_fold
ISIC_7890383,0,0.091337495,held_fold
ISIC_7891992,0,0.0037815107,held_fold
ISIC_7892276,0,0.019200902,held_fold
ISIC_7895093,0,0.00048010342,held_fold
ISIC_7896667,0,0.00021034805,held_fold
ISIC_7897374,0,0.040465288,held_fold
ISIC_7897626,0,0.03222556,held_fold
ISIC_7900295,0,0.00035216927,held_fold
ISIC_7901662,0,0.01208418,held_fold
ISIC_7901891,0,0.037870336,held_fold
ISIC_7903213,0,0.001681594,held_fold
ISIC_7903561,0,0.006947887,held_fold
ISIC_7903873,0,0.00068333786,held_fold
ISIC_7904191,0,0.00023987547,held_fold
ISIC_7905714,0,0.0012403907,held_fold
ISIC_7907113,0,0.0008050715,held_fold
ISIC_7907304,0,0.0005948951,held_fold
ISIC_7907808,0,0.04943721,held_fold
ISIC_7908575,0,0.08941593,held_fold
ISIC_7911353,0,0.00028515694,held_fold
ISIC_7912183,0,0.0015417961,held_fold
ISIC_7915094,0,0.0013820779,held_fold
ISIC_7915366,0,0.0009754569,held_fold
ISIC_7917961,0,0.007358825,held_fold
ISIC_7920705,0,0.007791355,held_fold
ISIC_7924119,0,0.0006497725,held_fold
ISIC_7929089,0,0.0037239706,held_fold
ISIC_7929649,0,0.0025897967,held_fold
ISIC_7932466,0,0.07123818,held_fold
ISIC_7932658,0,0.021289835,held_fold
ISIC_7933565,0,0.0049312166,held_fold
ISIC_7935007,0,0.002827989,held_fold
ISIC_7936798,0,0.0009702316,held_fold
ISIC_7937728,0,0.0028299165,held_fold
ISIC_7940137,0,0.0044027544,held_fold
ISIC_7940744,0,0.0002797057,held_fold
ISIC_7942323,0,0.0012483384,held_fold
ISIC_7947847,0,0.00082314527,held_fold
ISIC_7948290,1,0.0011373509,held_fold
ISIC_7949832,0,0.0016927391,held_fold
ISIC_7950240,0,0.0008900288,held_fold
ISIC_7956925,0,0.1669452,held_fold
ISIC_7957630,0,0.002487287,held_fold
ISIC_7958439,0,0.0015529394,held_fold
ISIC_7960251,0,0.008887935,held_fold
ISIC_7960953,0,0.07395452,held_fold
ISIC_7966295,0,0.0009636154,held_fold
ISIC_7967586,0,0.0022052506,held_fold
ISIC_7968733,0,0.0013410783,held_fold
ISIC_7969673,0,0.0012869549,held_fold
ISIC_7970478,0,0.00062356575,held_fold
ISIC_7972675,0,0.0005154993,held_fold
ISIC_7972756,0,0.15605481,held_fold
ISIC_7974409,0,0.006821089,held_fold
ISIC_7975613,0,0.0027542163,held_fold
ISIC_7976463,0,0.0033376953,held_fold
ISIC_7976522,0,0.07946641,held_fold
ISIC_7977871,0,0.02264286,held_fold
ISIC_7978358,0,0.0135882655,held_fold
ISIC_7984985,0,0.1469519,held_fold
ISIC_7985659,0,0.23756865,held_fold
ISIC_7987407,0,0.016030043,held_fold
ISIC_7988726,0,0.017468704,held_fold
ISIC_7989119,0,0.0001728403,held_fold
ISIC_7989205,0,0.0029453784,held_fold
ISIC_7991159,0,0.00060366996,held_fold
ISIC_7991305,0,0.009300377,held_fold
ISIC_7991424,0,0.14560345,held_fold
ISIC_7991740,0,0.006770367,held_fold
ISIC_7991932,0,0.00095241674,held_fold
ISIC_7993653,0,0.00055334665,held_fold
ISIC_7996054,0,0.0014939914,held_fold
ISIC_7997461,0,0.026778156,held_fold
ISIC_8000880,0,0.00036023188,held_fold
ISIC_8001757,0,0.000666702,held_fold
ISIC_8002875,1,0.15340127,held_fold
ISIC_8004811,0,0.007555346,held_fold
ISIC_8008356,0,0.039803736,held_fold
ISIC_8008932,0,0.01903671,held_fold
ISIC_8009201,0,0.0011150063,held_fold
ISIC_8011058,1,0.027962614,held_fold
ISIC_8011403,0,0.012456614,held_fold
ISIC_8012279,0,0.000688041,held_fold
ISIC_8013946,0,0.0025864854,held_fold
ISIC_8015990,0,0.00029576584,held_fold
ISIC_8017829,0,0.0015218481,held_fold
ISIC_8024647,0,0.0014689497,held_fold
ISIC_8025243,0,0.031588763,held_fold
ISIC_8025644,0,0.00020301774,held_fold
ISIC_8026249,0,0.24100447,held_fold
ISIC_8028126,0,0.0007722574,held_fold
ISIC_8029954,0,0.0063869953,held_fold
ISIC_8030063,0,0.017760439,held_fold
ISIC_8031776,0,0.006997099,held_fold
ISIC_8032520,0,0.010691261,held_fold
ISIC_8033131,0,0.00023559632,held_fold
ISIC_8034738,0,0.032734964,held_fold
ISIC_8034792,0,0.046961535,held_fold
ISIC_8035790,0,0.023299823,held_fold
ISIC_8036544,0,0.0012966909,held_fold
ISIC_8038427,0,0.031202583,held_fold
ISIC_8039056,0,0.00077665143,held_fold
ISIC_8041078,0,0.0608349,held_fold
ISIC_8041953,0,0.011721897,held_fold
ISIC_8042423,0,0.005975244,held_fold
ISIC_8043887,0,0.0022069141,held_fold
ISIC_8044526,0,0.0021090996,held_fold
ISIC_8045105,0,0.0019919132,held_fold
ISIC_8045277,0,0.23203944,held_fold
ISIC_8049738,0,0.006579454,held_fold
ISIC_8049923,0,0.00022539333,held_fold
ISIC_8050763,0,0.042229343,held_fold
ISIC_8051015,0,0.002295673,held_fold
ISIC_8051579,0,0.0032313787,held_fold
ISIC_8052769,1,0.053033594,held_fold
ISIC_8053432,0,0.0007223884,held_fold
ISIC_8053864,0,0.0013568023,held_fold
ISIC_8055525,0,0.0054817353,held_fold
ISIC_8055992,0,0.0021510925,held_fold
ISIC_8059246,0,0.00079365616,held_fold
ISIC_8064759,0,0.0560884,held_fold
ISIC_8066191,0,0.0032043685,held_fold
ISIC_8066391,0,0.0028128591,held_fold
ISIC_8066487,0,0.0034360215,held_fold
ISIC_8069416,0,0.040266026,held_fold
ISIC_8071131,0,0.0083054155,held_fold
ISIC_8073568,0,0.006365579,held_fold
ISIC_8075868,0,0.002318727,held_fold
ISIC_8089289,0,0.0010102133,held_fold
ISIC_8090739,0,0.036351826,held_fold
ISIC_8094432,0,0.055959493,held_fold
ISIC_8095966,0,0.00021233837,held_fold
ISIC_8096904,0,0.00030942116,held_fold
ISIC_8097600,0,0.0005001964,held_fold
ISIC_8099296,0,0.005133198,held_fold
ISIC_8099354,0,0.023080995,held_fold
ISIC_8101117,0,0.0955677,held_fold
ISIC_8102580,0,0.015449665,held_fold
ISIC_8105845,0,0.0021225247,held_fold
ISIC_8108090,0,0.0002861237,held_fold
ISIC_8108870,0,0.0028905883,held_fold
ISIC_8109433,0,0.0012051126,held_fold
ISIC_8112306,0,0.0006335655,held_fold
ISIC_8114321,0,0.08917248,held_fold
ISIC_8116363,0,0.002078821,held_fold
ISIC_8116716,0,0.0005503695,held_fold
ISIC_8118312,0,0.00038221647,held_fold
ISIC_8119105,0,0.009043342,held_fold
ISIC_8119115,0,0.0018835687,held_fold
ISIC_8121679,0,0.013013983,held_fold
ISIC_8123257,0,0.0014275393,held_fold
ISIC_8124459,0,0.0004411064,held_fold
ISIC_8125621,0,0.014805489,held_fold
ISIC_8127242,0,0.013801613,held_fold
ISIC_8129907,0,0.0018254764,held_fold
ISIC_8130007,0,0.009771978,held_fold
ISIC_8132874,0,0.002156527,held_fold
ISIC_8140229,0,0.0033891406,held_fold
ISIC_8142461,0,0.027437804,held_fold
ISIC_8145260,0,0.00025307576,held_fold
ISIC_8147189,0,0.0009682637,held_fold
ISIC_8148300,0,0.00096193294,held_fold
ISIC_8150300,0,0.00019608522,held_fold
ISIC_8150469,0,0.0016230004,held_fold
ISIC_8151437,0,0.0047912207,held_fold
ISIC_8151700,0,0.0030528477,held_fold
ISIC_8151991,0,0.069022134,held_fold
ISIC_8153237,0,0.0020081047,held_fold
ISIC_8154358,0,0.0028486876,held_fold
ISIC_8155634,0,0.0048028873,held_fold
ISIC_8157303,0,0.0031446214,held_fold
ISIC_8157405,0,0.029817108,held_fold
ISIC_8157972,0,0.000954062,held_fold
ISIC_8158542,0,0.071905,held_fold
ISIC_8159779,0,0.0008651261,held_fold
ISIC_8160979,0,0.0020659755,held_fold
ISIC_8163269,0,0.0021852248,held_fold
ISIC_8164676,0,0.008651801,held_fold
ISIC_8165434,0,0.0032873969,held_fold
ISIC_8166690,0,0.09708254,held_fold
ISIC_8167062,0,0.000771866,held_fold
ISIC_8168507,0,0.00033755996,held_fold
ISIC_8170115,0,0.00032277912,held_fold
ISIC_8172795,0,0.0034789662,held_fold
ISIC_8174925,0,0.008546605,held_fold
ISIC_8177108,0,0.00079568295,held_fold
ISIC_8184471,0,0.13972937,held_fold
ISIC_8187997,0,0.00045406722,held_fold
ISIC_8188597,0,0.17062709,held_fold
ISIC_8189863,0,0.002862696,held_fold
ISIC_8190321,0,0.24774532,held_fold
ISIC_8190660,0,0.052245684,held_fold
ISIC_8191809,0,0.0023214102,held_fold
ISIC_8194465,0,0.033675086,held_fold
ISIC_8195062,0,0.015137289,held_fold
ISIC_8195528,0,0.00033975707,held_fold
ISIC_8196859,0,0.00011579461,held_fold
ISIC_8199467,0,0.0032154142,held_fold
ISIC_8200593,0,0.0018289448,held_fold
ISIC_8200928,0,0.0011728286,held_fold
ISIC_8202573,0,0.00094339676,held_fold
ISIC_8206290,0,0.042664096,held_fold
ISIC_8206577,0,0.0029803538,held_fold
ISIC_8207162,0,0.0013508043,held_fold
ISIC_8208962,0,0.010196837,held_fold
ISIC_8212536,0,0.02336855,held_fold
ISIC_8212937,0,0.08512759,held_fold
ISIC_8215842,0,0.0008862485,held_fold
ISIC_8218058,0,0.017367631,held_fold
ISIC_8222134,0,0.00048250443,held_fold
ISIC_8222678,0,0.07762011,held_fold
ISIC_8223051,0,0.010611816,held_fold
ISIC_8225018,0,0.004006743,held_fold
ISIC_8228595,0,0.0002948112,held_fold
ISIC_8228671,0,0.0021962298,held_fold
ISIC_8229770,0,0.0050919396,held_fold
ISIC_8229833,0,0.014025154,held_fold
ISIC_8230318,1,0.09203922,held_fold
ISIC_8231594,0,0.009341648,held_fold
ISIC_8231949,0,0.020579653,held_fold
ISIC_8231999,1,0.031959683,held_fold
ISIC_8233378,0,0.0005901339,held_fold
ISIC_8233560,0,0.0045685745,held_fold
ISIC_8235969,0,0.00046710178,held_fold
ISIC_8236604,0,0.0007084997,held_fold
ISIC_8238508,0,0.0030987335,held_fold
ISIC_8239034,0,0.048121206,held_fold
ISIC_8241770,0,0.002669068,held_fold
ISIC_8242918,0,0.012777502,held_fold
ISIC_8243312,0,0.0012135642,held_fold
ISIC_8243893,0,0.0018326689,held_fold
ISIC_8246858,0,0.009221199,held_fold
ISIC_8247847,0,0.0015058933,held_fold
ISIC_8248941,0,0.00062265916,held_fold
ISIC_8249743,0,0.0003328612,held_fold
ISIC_8249766,0,0.031567648,held_fold
ISIC_8250729,0,0.00019803912,held_fold
ISIC_8251042,0,0.006476851,held_fold
ISIC_8258795,0,0.00095770624,held_fold
ISIC_8260720,0,0.00056104705,held_fold
ISIC_8262345,0,0.0004446639,held_fold
ISIC_8263741,0,0.00072200364,held_fold
ISIC_8265045,0,0.0036048496,held_fold
ISIC_8266469,0,0.07200784,held_fold
ISIC_8267758,0,0.004180278,held_fold
ISIC_8267961,0,0.00094225944,held_fold
ISIC_8270195,0,0.004224956,held_fold
ISIC_8272138,0,0.0006989324,held_fold
ISIC_8275353,0,0.0005495355,held_fold
ISIC_8276583,0,0.0026083533,held_fold
ISIC_8277987,0,0.015106204,held_fold
ISIC_8278517,0,0.0012709813,held_fold
ISIC_8278742,0,0.09875506,held_fold
ISIC_8278912,0,0.0025152385,held_fold
ISIC_8278996,0,0.0011068734,held_fold
ISIC_8280581,0,0.00029558883,held_fold
ISIC_8283033,0,0.049081247,held_fold
ISIC_8284404,0,0.0006753844,held_fold
ISIC_8284602,0,0.000957132,held_fold
ISIC_8284685,0,0.016682765,held_fold
ISIC_8287528,0,0.12368667,held_fold
ISIC_8291368,0,0.0012270923,held_fold
ISIC_8292122,0,0.0002775537,held_fold
ISIC_8293201,0,0.00028507703,held_fold
ISIC_8293930,0,0.00031275745,held_fold
ISIC_8294905,0,0.001284956,held_fold
ISIC_8297517,0,0.0012635425,held_fold
ISIC_8297563,0,0.026619015,held_fold
ISIC_8300858,0,0.0002382637,held_fold
ISIC_8304346,0,0.0011047397,held_fold
ISIC_8310944,0,0.00041688955,held_fold
ISIC_8313202,0,0.004721642,held_fold
ISIC_8314055,0,0.0022141763,held_fold
ISIC_8314115,0,0.019761907,held_fold
ISIC_8314759,0,0.0016035249,held_fold
ISIC_8315128,0,0.06539973,held_fold
ISIC_8316125,0,0.00047762727,held_fold
ISIC_8316885,0,0.005147255,held_fold
ISIC_8318077,0,0.0005234079,held_fold
ISIC_8319058,0,0.0004002538,held_fold
ISIC_8319586,0,0.00027688028,held_fold
ISIC_8321678,0,0.000107877015,held_fold
ISIC_8322239,0,0.039858,held_fold
ISIC_8323234,0,0.0003685954,held_fold
ISIC_8323829,0,0.0051739244,held_fold
ISIC_8324271,0,0.01232996,held_fold
ISIC_8324371,0,0.09761001,held_fold
ISIC_8324681,0,0.0007085152,held_fold
ISIC_8324870,0,0.0025566623,held_fold
ISIC_8324895,0,0.000751248,held_fold
ISIC_8325107,0,0.00026228634,held_fold
ISIC_8325198,0,0.0005399457,held_fold
ISIC_8325260,0,0.005665023,held_fold
ISIC_8326957,0,0.0058056,held_fold
ISIC_8327302,0,0.07668242,held_fold
ISIC_8327352,0,0.0030620163,held_fold
ISIC_8327455,0,0.018925223,held_fold
ISIC_8327485,0,0.020467341,held_fold
ISIC_8333087,0,0.0038777662,held_fold
ISIC_8334115,0,0.021111993,held_fold
ISIC_8335489,0,0.11737965,held_fold
ISIC_8335722,0,0.00021915244,held_fold
ISIC_8336956,0,0.0071498463,held_fold
ISIC_8341144,0,0.00013236243,held_fold
ISIC_8342761,0,0.04130939,held_fold
ISIC_8343285,0,0.0007364791,held_fold
ISIC_8343678,0,0.006623112,held_fold
ISIC_8344124,0,0.0010289561,held_fold
ISIC_8345964,0,0.0013662544,held_fold
ISIC_8347165,0,0.049118336,held_fold
ISIC_8347675,0,0.06405604,held_fold
ISIC_8349600,0,0.0027891968,held_fold
ISIC_8353156,0,0.0044103647,held_fold
ISIC_8354409,0,0.011017363,held_fold
ISIC_8356805,0,0.021820556,held_fold
ISIC_8362113,0,0.00093083206,held_fold
ISIC_8363791,0,0.0011918282,held_fold
ISIC_8366005,0,0.0024720975,held_fold
ISIC_8368870,0,0.030027281,held_fold
ISIC_8373218,0,0.040193025,held_fold
ISIC_8374044,0,0.00035254008,held_fold
ISIC_8374497,0,0.0027008473,held_fold
ISIC_8376027,0,0.002070542,held_fold
ISIC_8378094,0,0.0006669289,held_fold
ISIC_8378321,0,0.00058483245,held_fold
ISIC_8378790,0,0.00040909942,held_fold
ISIC_8379890,0,0.00020727034,held_fold
ISIC_8379956,1,0.031669192,held_fold
ISIC_8380527,0,0.02131825,held_fold
ISIC_8380605,0,0.01055258,held_fold
ISIC_8380904,0,0.04454678,held_fold
ISIC_8381608,0,0.0017492822,held_fold
ISIC_8381673,0,0.00011364847,held_fold
ISIC_8383915,0,0.0021002097,held_fold
ISIC_8386146,0,0.00033572616,held_fold
ISIC_8387437,0,0.0001592526,held_fold
ISIC_8388593,0,0.009258819,held_fold
ISIC_8393181,0,0.008673169,held_fold
ISIC_8397698,0,0.0021725409,held_fold
ISIC_8400393,0,0.083093435,held_fold
ISIC_8406777,0,0.0005986283,held_fold
ISIC_8409053,0,0.00025246458,held_fold
ISIC_8409475,0,0.005487827,held_fold
ISIC_8414396,0,0.0016639511,held_fold
ISIC_8416554,0,0.0034542386,held_fold
ISIC_8418506,0,0.004182959,held_fold
ISIC_8418610,0,0.077584244,held_fold
ISIC_8419036,0,0.0029867876,held_fold
ISIC_8419663,0,0.00088397437,held_fold
ISIC_8420148,0,0.00091221044,held_fold
ISIC_8421394,0,0.0002501548,held_fold
ISIC_8422703,0,0.0087469965,held_fold
ISIC_8423312,0,0.0009614318,held_fold
ISIC_8423604,0,0.0049388665,held_fold
ISIC_8424599,0,0.06734333,held_fold
ISIC_8424785,0,0.032341257,held_fold
ISIC_8425338,0,0.0018240069,held_fold
ISIC_8425541,0,0.027239818,held_fold
ISIC_8429099,0,0.062377114,held_fold
ISIC_8429564,0,0.0007213496,held_fold
ISIC_8429722,0,0.00014056427,held_fold
ISIC_8430749,0,0.0059820544,held_fold
ISIC_8432001,0,0.0026324538,held_fold
ISIC_8434081,0,0.00028655503,held_fold
ISIC_8435651,0,0.004535817,held_fold
ISIC_8436590,0,0.005234842,held_fold
ISIC_8438071,0,0.034630593,held_fold
ISIC_8440070,0,0.007182466,held_fold
ISIC_8442933,0,0.012208593,held_fold
ISIC_8444072,0,0.0013164713,held_fold
ISIC_8445041,0,0.0026521701,held_fold
ISIC_8445238,0,0.007981087,held_fold
ISIC_8446043,0,0.037474565,held_fold
ISIC_8449514,0,0.061507866,held_fold
ISIC_8450723,0,0.0018984437,held_fold
ISIC_8451130,0,0.012056266,held_fold
ISIC_8451869,0,0.0026641719,held_fold
ISIC_8458149,0,0.00072963716,held_fold
ISIC_8460669,0,0.030936599,held_fold
ISIC_8462445,0,0.0019055062,held_fold
ISIC_8463146,0,0.0006150963,held_fold
ISIC_8467665,0,0.00091567007,held_fold
ISIC_8468957,0,0.004147285,held_fold
ISIC_8469765,0,0.00081967,held_fold
ISIC_8474660,0,0.017272078,held_fold
ISIC_8475681,0,0.0062158853,held_fold
ISIC_8479104,0,0.016127234,held_fold
ISIC_8479651,0,0.00029386356,held_fold
ISIC_8480329,0,0.00016430228,held_fold
ISIC_8481822,0,0.0019205897,held_fold
ISIC_8484660,0,0.0045099487,held_fold
ISIC_8492463,0,0.002274047,held_fold
ISIC_8495497,0,0.014740318,held_fold
ISIC_8495875,0,0.006658446,held_fold
ISIC_8496646,0,0.00049164664,held_fold
ISIC_8497457,1,0.042068597,held_fold
ISIC_8502248,0,0.0013285714,held_fold
ISIC_8502341,0,0.0010746962,held_fold
ISIC_8504450,0,0.039154984,held_fold
ISIC_8504479,0,0.00026654647,held_fold
ISIC_8504517,0,0.010484119,held_fold
ISIC_8506003,0,0.0015151291,held_fold
ISIC_8506618,0,0.0525394,held_fold
ISIC_8509430,0,0.009984514,held_fold
ISIC_8510975,0,0.01401657,held_fold
ISIC_8515165,0,0.0018207384,held_fold
ISIC_8518406,0,0.0008572567,held_fold
ISIC_8519931,0,0.0014753388,held_fold
ISIC_8525314,0,0.0038121338,held_fold
ISIC_8526729,0,0.09325584,held_fold
ISIC_8526902,0,0.0015392159,held_fold
ISIC_8526982,0,0.013519689,held_fold
ISIC_8527330,0,0.0011906328,held_fold
ISIC_8528486,0,0.0018487674,held_fold
ISIC_8528824,0,0.0058206352,held_fold
ISIC_8533045,0,0.04063425,held_fold
ISIC_8534863,0,0.0011871674,held_fold
ISIC_8535943,0,0.0010337736,held_fold
ISIC_8536138,0,0.0006808138,held_fold
ISIC_8539990,0,0.002627743,held_fold
ISIC_8541038,0,0.005641379,held_fold
ISIC_8546213,0,0.002492735,held_fold
ISIC_8546378,0,0.024513964,held_fold
ISIC_8551624,0,0.009833825,held_fold
ISIC_8554450,0,0.00014506376,held_fold
ISIC_8555960,0,0.00024400519,held_fold
ISIC_8556519,0,0.015088543,held_fold
ISIC_8561070,0,0.16171856,held_fold
ISIC_8561963,0,0.0104785105,held_fold
ISIC_8564527,0,0.017083813,held_fold
ISIC_8564636,0,0.0003182027,held_fold
ISIC_8566184,0,0.0005096938,held_fold
ISIC_8566203,0,0.057733867,held_fold
ISIC_8567027,0,0.014032131,held_fold
ISIC_8567199,0,0.0071255765,held_fold
ISIC_8569148,0,0.001058199,held_fold
ISIC_8570817,0,0.00041903328,held_fold
ISIC_8571262,0,0.024886759,held_fold
ISIC_8573647,0,0.06730047,held_fold
ISIC_8576068,0,0.0005268159,held_fold
ISIC_8578732,0,0.0038325782,held_fold
ISIC_8584089,0,0.022968048,held_fold
ISIC_8584585,0,0.00046266156,held_fold
ISIC_8585685,0,0.0020053976,held_fold
ISIC_8591003,0,0.020748824,held_fold
ISIC_8596724,0,0.0722249,held_fold
ISIC_8597354,0,0.0024951145,held_fold
ISIC_8599384,0,0.011469191,held_fold
ISIC_8600358,0,0.023345865,held_fold
ISIC_8602467,0,0.12729435,held_fold
ISIC_8603124,0,0.0022302088,held_fold
ISIC_8603396,0,0.0027895987,held_fold
ISIC_8605422,0,0.0006118617,held_fold
ISIC_8608894,0,0.006444508,held_fold
ISIC_8614359,0,0.00044188724,held_fold
ISIC_8614778,0,0.005165699,held_fold
ISIC_8618266,0,0.004016993,held_fold
ISIC_8624063,0,0.0028647343,held_fold
ISIC_8624123,0,0.0049893404,held_fold
ISIC_8626941,0,0.0002709763,held_fold
ISIC_8629973,0,0.0022948878,held_fold
ISIC_8630818,0,0.0020028958,held_fold
ISIC_8631846,0,0.00018923647,held_fold
ISIC_8633719,0,0.035028048,held_fold
ISIC_8633889,0,0.04312077,held_fold
ISIC_8634356,0,0.0006200502,held_fold
ISIC_8635903,0,0.0029532264,held_fold
ISIC_8638021,0,0.00030488294,held_fold
ISIC_8638173,0,0.00059908576,held_fold
ISIC_8639771,0,0.009069614,held_fold
ISIC_8645104,0,0.011310911,held_fold
ISIC_8646276,0,0.08054241,held_fold
ISIC_8647900,0,0.0005460144,held_fold
ISIC_8648090,0,0.00029189777,held_fold
ISIC_8649055,0,0.0012792788,held_fold
ISIC_8651476,0,0.004144019,held_fold
ISIC_8657079,0,0.0028184662,held_fold
ISIC_8658037,0,0.0048590796,held_fold
ISIC_8658889,0,0.010116071,held_fold
ISIC_8659694,0,0.0012851916,held_fold
ISIC_8661226,0,0.02542379,held_fold
ISIC_8663971,0,0.0037361532,held_fold
ISIC_8664315,0,0.015922192,held_fold
ISIC_8664819,0,0.00032614925,held_fold
ISIC_8666405,0,0.0637952,held_fold
ISIC_8666637,0,0.0015150957,held_fold
ISIC_8668448,0,0.0010072514,held_fold
ISIC_8668530,0,0.0043251193,held_fold
ISIC_8669314,0,0.10142124,held_fold
ISIC_8670684,0,0.00027862165,held_fold
ISIC_8672185,0,0.085458994,held_fold
ISIC_8677110,0,0.011740992,held_fold
ISIC_8679149,0,0.00024220027,held_fold
ISIC_8680421,0,0.006674063,held_fold
ISIC_8680948,0,0.0061550513,held_fold
ISIC_8681290,0,0.003477725,held_fold
ISIC_8681917,0,0.0907559,held_fold
ISIC_8691091,0,0.016526923,held_fold
ISIC_8691163,0,0.00542533,held_fold
ISIC_8692950,0,0.00049616833,held_fold
ISIC_8694888,0,0.004763604,held_fold
ISIC_8695109,0,0.00067173794,held_fold
ISIC_8695317,0,0.10520048,held_fold
ISIC_8699205,0,0.0028000919,held_fold
ISIC_8699453,0,0.037551876,held_fold
ISIC_8700403,0,0.024722662,held_fold
ISIC_8701975,0,0.008546831,held_fold
ISIC_8702706,0,0.00080955494,held_fold
ISIC_8703209,0,0.003631902,held_fold
ISIC_8704004,0,0.00025867243,held_fold
ISIC_8705626,0,0.03260573,held_fold
ISIC_8707606,0,0.0021185917,held_fold
ISIC_8715792,0,0.03769793,held_fold
ISIC_8716235,0,0.0043435963,held_fold
ISIC_8716644,0,0.0010042513,held_fold
ISIC_8717336,0,0.0145939775,held_fold
ISIC_8723815,0,0.00425095,held_fold
ISIC_8727731,0,0.0013039148,held_fold
ISIC_8729091,0,0.0026841008,held_fold
ISIC_8739046,0,0.0012954503,held_fold
ISIC_8739533,0,0.025720391,held_fold
ISIC_8742875,0,0.0026102506,held_fold
ISIC_8747095,0,0.06191874,held_fold
ISIC_8748689,0,0.0010222776,held_fold
ISIC_8750055,0,0.040751964,held_fold
ISIC_8751393,0,0.030898662,held_fold
ISIC_8754461,0,0.0017087847,held_fold
ISIC_8755163,0,0.0010254415,held_fold
ISIC_8755714,0,0.063038185,held_fold
ISIC_8757664,0,0.0015675701,held_fold
ISIC_8759073,0,0.007026525,held_fold
ISIC_8759726,0,0.008851157,held_fold
ISIC_8759744,0,0.029566012,held_fold
ISIC_8759813,0,0.022774624,held_fold
ISIC_8760029,0,0.0007316745,held_fold
ISIC_8760380,0,0.08481428,held_fold
ISIC_8762437,0,0.0006899711,held_fold
ISIC_8764927,0,0.11541328,held_fold
ISIC_8770401,0,0.0046250843,held_fold
ISIC_8773685,0,0.00091967237,held_fold
ISIC_8774880,0,0.0068900785,held_fold
ISIC_8776363,0,0.0004081462,held_fold
ISIC_8776661,0,0.046172705,held_fold
ISIC_8777622,0,0.0014970887,held_fold
ISIC_8777866,0,0.017164566,held_fold
ISIC_8778648,0,0.0042090653,held_fold
ISIC_8780547,0,0.017981637,held_fold
ISIC_8781451,0,0.0341311,held_fold
ISIC_8781751,0,0.0018168179,held_fold
ISIC_8783667,0,0.027136784,held_fold
ISIC_8786606,0,0.0002890459,held_fold
ISIC_8789673,0,0.0038909304,held_fold
ISIC_8790198,0,0.0021625431,held_fold
ISIC_8791729,0,0.027360164,held_fold
ISIC_8799089,0,0.00863518,held_fold
ISIC_8802047,0,0.00017847131,held_fold
ISIC_8804704,0,0.0018193048,held_fold
ISIC_8805000,0,0.00015934645,held_fold
ISIC_8808756,0,0.003924693,held_fold
ISIC_8812739,0,0.0018632892,held_fold
ISIC_8812781,0,0.0031074893,held_fold
ISIC_8812830,0,0.029641777,held_fold
ISIC_8813303,0,0.0020535295,held_fold
ISIC_8813306,0,0.006055148,held_fold
ISIC_8813415,0,0.012437694,held_fold
ISIC_8813838,0,0.00057056773,held_fold
ISIC_8814843,0,0.00016031422,held_fold
ISIC_8816154,0,0.020526249,held_fold
ISIC_8816494,0,0.0008010937,held_fold
ISIC_8821137,0,0.0011783335,held_fold
ISIC_8826643,0,0.0007337421,held_fold
ISIC_8831176,0,0.0006288994,held_fold
ISIC_8831631,0,0.017438333,held_fold
ISIC_8834606,0,0.008922601,held_fold
ISIC_8835154,0,0.18738523,held_fold
ISIC_8837100,0,0.019446306,held_fold
ISIC_8837792,0,0.037568823,held_fold
ISIC_8838232,0,0.00036592127,held_fold
ISIC_8840271,0,0.0008277032,held_fold
ISIC_8841738,0,0.0036475721,held_fold
ISIC_8841886,0,0.018133447,held_fold
ISIC_8842295,0,0.0014091078,held_fold
ISIC_8842646,0,0.0066625345,held_fold
ISIC_8844233,0,0.0020464465,held_fold
ISIC_8845891,0,0.04754793,held_fold
ISIC_8846654,0,0.00050973555,held_fold
ISIC_8847321,0,0.0042838347,held_fold
ISIC_8847503,0,0.11136294,held_fold
ISIC_8848134,0,0.015200238,held_fold
ISIC_8848327,0,0.0024747327,held_fold
ISIC_8849117,0,0.0015040018,held_fold
ISIC_8849466,0,0.009445859,held_fold
ISIC_8850826,0,0.036621835,held_fold
ISIC_8853902,0,0.00064687215,held_fold
ISIC_8853995,0,0.0014674391,held_fold
ISIC_8854196,0,0.024551893,held_fold
ISIC_8858877,0,0.060038224,held_fold
ISIC_8862107,0,0.01192671,held_fold
ISIC_8866651,1,0.30093798,held_fold
ISIC_8867555,0,0.0059908046,held_fold
ISIC_8867565,0,0.00015687193,held_fold
ISIC_8869249,0,0.0020505767,held_fold
ISIC_8872158,1,0.029171431,held_fold
ISIC_8878967,0,0.009761408,held_fold
ISIC_8882801,0,0.0035881514,held_fold
ISIC_8883212,0,0.0010249658,held_fold
ISIC_8887095,0,0.003414127,held_fold
ISIC_8887170,0,0.052788015,held_fold
ISIC_8887405,0,0.0025740075,held_fold
ISIC_8889010,0,0.0006989431,held_fold
ISIC_8890072,0,0.0007499351,held_fold
ISIC_8891234,0,0.018636106,held_fold
ISIC_8893724,0,0.16917151,held_fold
ISIC_8896223,0,0.0044141933,held_fold
ISIC_8898680,0,0.0004978703,held_fold
ISIC_8900012,0,0.0013910288,held_fold
ISIC_8901419,0,0.02257634,held_fold
ISIC_8902080,0,0.010074587,held_fold
ISIC_8904256,0,0.0055193417,held_fold
ISIC_8905349,0,0.009152171,held_fold
ISIC_8910635,0,0.0017254165,held_fold
ISIC_8911740,0,0.08748478,held_fold
ISIC_8917078,0,0.0048256577,held_fold
ISIC_8917755,0,0.17213087,held_fold
ISIC_8920064,0,0.0038154563,held_fold
ISIC_8921327,0,0.0015853778,held_fold
ISIC_8921647,0,0.0048293388,held_fold
ISIC_8923673,0,0.005273206,held_fold
ISIC_8924292,0,0.0010160548,held_fold
ISIC_8924426,0,0.06583353,held_fold
ISIC_8924853,0,0.003015024,held_fold
ISIC_8926341,0,0.021886494,held_fold
ISIC_8926892,0,0.006805578,held_fold
ISIC_8926980,0,0.012142576,held_fold
ISIC_8927825,0,0.010830084,held_fold
ISIC_8933744,0,0.0016484861,held_fold
ISIC_8935984,0,0.0027296427,held_fold
ISIC_8936977,0,0.003942224,held_fold
ISIC_8937646,0,0.0018514593,held_fold
ISIC_8938681,0,0.0010470672,held_fold
ISIC_8938776,0,0.0002652589,held_fold
ISIC_8941586,0,0.00097171596,held_fold
ISIC_8944892,0,0.0072780238,held_fold
ISIC_8951449,0,0.00058792304,held_fold
ISIC_8952288,0,0.030210065,held_fold
ISIC_8953242,0,0.013738831,held_fold
ISIC_8956001,0,0.0014357975,held_fold
ISIC_8957426,0,0.0021762217,held_fold
ISIC_8960763,0,0.12062842,held_fold
ISIC_8965285,0,0.006093856,held_fold
ISIC_8966170,0,0.011413377,held_fold
ISIC_8967404,0,0.030802377,held_fold
ISIC_8967818,0,0.0013745603,held_fold
ISIC_8970333,0,0.00038037178,held_fold
ISIC_8970499,0,0.0015969892,held_fold
ISIC_8972403,0,0.00052322634,held_fold
ISIC_8977933,0,0.0035581107,held_fold
ISIC_8980801,0,0.0003463766,held_fold
ISIC_8981700,0,0.093063325,held_fold
ISIC_8981851,0,0.0011837003,held_fold
ISIC_8985109,1,0.048254855,held_fold
ISIC_8986997,0,0.031259082,held_fold
ISIC_8987085,0,0.0003817853,held_fold
ISIC_8989572,0,0.0008846164,held_fold
ISIC_8991530,0,0.12282196,held_fold
ISIC_8991672,0,0.0027092912,held_fold
ISIC_8992925,0,0.03434422,held_fold
ISIC_8996902,0,0.0015570187,held_fold
ISIC_8997109,0,0.00426605,held_fold
ISIC_9000030,0,0.0009264347,held_fold
ISIC_9000226,0,0.0014624491,held_fold
ISIC_9000824,1,0.13404281,held_fold
ISIC_9001948,1,0.11665447,held_fold
ISIC_9004995,0,0.03848358,held_fold
ISIC_9008026,0,0.0024328781,held_fold
ISIC_9011777,0,0.0006658397,held_fold
ISIC_9012721,0,0.00048887683,held_fold
ISIC_9013045,0,0.017636802,held_fold
ISIC_9014036,0,0.0027764775,held_fold
ISIC_9014786,0,0.0007084439,held_fold
ISIC_9015818,0,0.0011552089,held_fold
ISIC_9021889,0,0.01769224,held_fold
ISIC_9022054,0,0.050873846,held_fold
ISIC_9023603,0,0.009195271,held_fold
ISIC_9023945,0,0.007192824,held_fold
ISIC_9024038,0,0.10980711,held_fold
ISIC_9024245,0,0.0006279192,held_fold
ISIC_9028177,0,0.0032395811,held_fold
ISIC_9028997,0,0.03316058,held_fold
ISIC_9029328,0,0.0012692369,held_fold
ISIC_9037248,0,0.0012191092,held_fold
ISIC_9037301,0,0.0012177008,held_fold
ISIC_9037423,0,0.00331007,held_fold
ISIC_9037453,0,0.016170463,held_fold
ISIC_9041509,0,0.00031055897,held_fold
ISIC_9041897,0,0.0012553643,held_fold
ISIC_9043344,0,0.0936175,held_fold
ISIC_9043908,0,0.022688208,held_fold
ISIC_9050608,0,0.00018605342,held_fold
ISIC_9051057,0,0.00018174325,held_fold
ISIC_9051287,0,0.04671162,held_fold
ISIC_9052594,0,0.0014534419,held_fold
ISIC_9053619,0,0.0010644571,held_fold
ISIC_9053699,0,0.0145359,held_fold
ISIC_9053788,0,0.014277195,held_fold
ISIC_9054920,0,0.017767977,held_fold
ISIC_9055357,0,0.007392276,held_fold
ISIC_9059086,0,0.0040467475,held_fold
ISIC_9059296,0,0.0009043443,held_fold
ISIC_9059686,0,0.044194527,held_fold
ISIC_9060377,0,0.043580487,held_fold
ISIC_9064053,0,0.033720795,held_fold
ISIC_9066883,0,0.001605524,held_fold
ISIC_9069800,0,0.0033435582,held_fold
ISIC_9071758,0,0.002912706,held_fold
ISIC_9072309,0,0.0030639046,held_fold
ISIC_9072567,0,0.0040211086,held_fold
ISIC_9076034,0,0.15341261,held_fold
ISIC_9077709,0,0.039429046,held_fold
ISIC_9078100,0,0.0001985288,held_fold
ISIC_9079223,0,0.018135976,held_fold
ISIC_9079489,0,0.00060516753,held_fold
ISIC_9080743,0,0.0017288184,held_fold
ISIC_9080990,0,0.03958837,held_fold
ISIC_9082440,0,0.008694887,held_fold
ISIC_9083592,0,0.0011406678,held_fold
ISIC_9084483,0,0.018568581,held_fold
ISIC_9085473,0,0.0019008813,held_fold
ISIC_9087581,0,0.0032964887,held_fold
ISIC_9087655,0,0.029694447,held_fold
ISIC_9089575,0,0.0017681909,held_fold
ISIC_9089987,0,0.0014174281,held_fold
ISIC_9091415,0,0.0032739223,held_fold
ISIC_9091954,0,0.0017849249,held_fold
ISIC_9092759,0,0.04808637,held_fold
ISIC_9094201,0,0.00064652483,held_fold
ISIC_9099529,0,0.017412968,held_fold
ISIC_9102834,0,0.0004975857,held_fold
ISIC_9103422,0,0.0052825315,held_fold
ISIC_9103556,0,0.004791382,held_fold
ISIC_9105740,0,0.05921732,held_fold
ISIC_9107811,0,0.0009765793,held_fold
ISIC_9109515,0,0.0008426764,held_fold
ISIC_9109847,0,0.0006715277,held_fold
ISIC_9112443,0,0.0003034417,held_fold
ISIC_9114776,0,0.0031083701,held_fold
ISIC_9115001,0,0.0018541559,held_fold
ISIC_9115256,0,0.009259991,held_fold
ISIC_9117456,0,0.00638551,held_fold
ISIC_9118842,0,0.020345693,held_fold
ISIC_9119271,0,0.062360916,held_fold
ISIC_9122329,0,0.00029753067,held_fold
ISIC_9127934,0,0.004288088,held_fold
ISIC_9128304,0,0.016740495,held_fold
ISIC_9134100,0,0.00042816743,held_fold
ISIC_9135390,0,0.014043905,held_fold
ISIC_9138647,0,0.02787527,held_fold
ISIC_9143795,0,0.00067856186,held_fold
ISIC_9146648,0,0.003994613,held_fold
ISIC_9150050,0,0.0013347593,held_fold
ISIC_9151409,0,0.0045753713,held_fold
ISIC_9153636,0,0.014501351,held_fold
ISIC_9154282,0,0.016194543,held_fold
ISIC_9159739,0,0.003805248,held_fold
ISIC_9160772,0,0.033644244,held_fold
ISIC_9161341,0,0.0035008756,held_fold
ISIC_9162451,0,0.0012407588,held_fold
ISIC_9162798,0,0.0009214801,held_fold
ISIC_9163905,0,0.0034119778,held_fold
ISIC_9165807,0,0.003076348,held_fold
ISIC_9167285,0,0.00016794361,held_fold
ISIC_9167290,0,0.00026666367,held_fold
ISIC_9168779,0,0.010380479,held_fold
ISIC_9169000,0,0.04847651,held_fold
ISIC_9169586,0,0.001032532,held_fold
ISIC_9172605,0,0.01066568,held_fold
ISIC_9174306,1,0.061885748,held_fold
ISIC_9174347,0,0.06054767,held_fold
ISIC_9174412,0,0.005265343,held_fold
ISIC_9174830,0,0.07521693,held_fold
ISIC_9177813,0,0.00025365505,held_fold
ISIC_9182285,0,0.0016797675,held_fold
ISIC_9187978,0,0.026180614,held_fold
ISIC_9190018,0,0.0035156554,held_fold
ISIC_9190784,0,0.00097295723,held_fold
ISIC_9193127,1,0.048404958,held_fold
ISIC_9196819,0,0.00063790154,held_fold
ISIC_9199229,0,0.0010552277,held_fold
ISIC_9202278,0,0.008605881,held_fold
ISIC_9206499,0,0.0049581523,held_fold
ISIC_9207137,0,0.0018651454,held_fold
ISIC_9208006,0,0.22899437,held_fold
ISIC_9209515,0,0.00015043968,held_fold
ISIC_9210825,0,0.0016035632,held_fold
ISIC_9211989,0,0.05048495,held_fold
ISIC_9215836,0,0.04707259,held_fold
ISIC_9216989,0,0.00461687,held_fold
ISIC_9217340,0,0.012639812,held_fold
ISIC_9223481,0,0.0052318336,held_fold
ISIC_9225184,0,0.0015922603,held_fold
ISIC_9225210,0,0.012781009,held_fold
ISIC_9226193,0,0.0023142814,held_fold
ISIC_9228224,0,0.0015396856,held_fold
ISIC_9229525,0,0.0054079485,held_fold
ISIC_9230826,0,0.0010968524,held_fold
ISIC_9231263,0,0.02077653,held_fold
ISIC_9233009,0,0.00065361464,held_fold
ISIC_9235975,0,0.005948263,held_fold
ISIC_9237244,0,0.19557273,held_fold
ISIC_9237341,0,0.038159702,held_fold
ISIC_9239339,0,0.0011646948,held_fold
ISIC_9241093,0,0.00026653096,held_fold
ISIC_9241222,0,0.005154146,held_fold
ISIC_9241497,0,0.0015279803,held_fold
ISIC_9241722,0,0.0006187211,held_fold
ISIC_9243440,0,0.0021758822,held_fold
ISIC_9244634,0,0.06808909,held_fold
ISIC_9244659,0,0.05505287,held_fold
ISIC_9246022,0,0.0014449401,held_fold
ISIC_9247687,0,0.117651135,held_fold
ISIC_9249257,0,0.04875321,held_fold
ISIC_9250898,0,0.002475152,held_fold
ISIC_9252800,0,0.042725775,held_fold
ISIC_9254433,0,0.00221385,held_fold
ISIC_9255522,0,0.0033786558,held_fold
ISIC_9258027,0,0.009585343,held_fold
ISIC_9259697,0,0.009325611,held_fold
ISIC_9259892,0,0.0044762543,held_fold
ISIC_9262162,0,0.00046102892,held_fold
ISIC_9264993,0,0.00021034888,held_fold
ISIC_9265406,0,0.0010443595,held_fold
ISIC_9267058,0,0.0010747797,held_fold
ISIC_9268137,0,0.002932197,held_fold
ISIC_9270335,0,0.0011896068,held_fold
ISIC_9270418,0,0.008426217,held_fold
ISIC_9271416,0,0.001556599,held_fold
ISIC_9271800,0,0.00472753,held_fold
ISIC_9272770,0,0.0013263803,held_fold
ISIC_9273465,0,0.005037636,held_fold
ISIC_9276442,0,0.061256457,held_fold
ISIC_9276931,0,0.0009794967,held_fold
ISIC_9279329,0,0.001557201,held_fold
ISIC_9280210,0,0.021421056,held_fold
ISIC_9283427,0,0.0012530986,held_fold
ISIC_9283914,0,0.00058347813,held_fold
ISIC_9285635,0,0.0033468953,held_fold
ISIC_9290617,0,0.0044719256,held_fold
ISIC_9290968,0,0.0004879201,held_fold
ISIC_9293970,0,0.035296977,held_fold
ISIC_9294326,0,0.00018423022,held_fold
ISIC_9294593,0,0.000495153,held_fold
ISIC_9295267,0,0.005904166,held_fold
ISIC_9296537,0,0.0014362432,held_fold
ISIC_9297472,0,0.004611047,held_fold
ISIC_9299721,0,0.00041428037,held_fold
ISIC_9300579,0,0.005452387,held_fold
ISIC_9301333,0,0.005162779,held_fold
ISIC_9303849,0,0.0003034188,held_fold
ISIC_9305788,0,0.0011394508,held_fold
ISIC_9307584,0,0.0007750711,held_fold
ISIC_9307997,0,0.00063157175,held_fold
ISIC_9309245,0,0.0058035087,held_fold
ISIC_9310101,0,0.0015729999,held_fold
ISIC_9310178,0,0.0034232554,held_fold
ISIC_9310505,0,0.1782503,held_fold
ISIC_9312099,0,0.0019040874,held_fold
ISIC_9312164,1,0.024563396,held_fold
ISIC_9314144,0,0.058122743,held_fold
ISIC_9316994,0,0.0012632723,held_fold
ISIC_9317894,0,0.11043175,held_fold
ISIC_9323095,0,0.0010005535,held_fold
ISIC_9323283,0,0.08376151,held_fold
ISIC_9325254,0,0.06292063,held_fold
ISIC_9328589,0,0.086735465,held_fold
ISIC_9331684,0,0.041941397,held_fold
ISIC_9332795,0,0.05153157,held_fold
ISIC_9333245,0,0.0036594428,held_fold
ISIC_9333842,0,0.015315068,held_fold
ISIC_9334956,0,0.03528629,held_fold
ISIC_9335977,0,0.0010411261,held_fold
ISIC_9338267,0,0.09527949,held_fold
ISIC_9339096,0,0.027892662,held_fold
ISIC_9339713,0,0.029668486,held_fold
ISIC_9340122,0,0.0027488205,held_fold
ISIC_9340334,0,0.1033029,held_fold
ISIC_9340659,0,0.16435796,held_fold
ISIC_9342053,0,0.0041895723,held_fold
ISIC_9344253,0,0.002800718,held_fold
ISIC_9344352,0,0.06857211,held_fold
ISIC_9344664,0,0.00053634896,held_fold
ISIC_9349327,0,0.019499367,held_fold
ISIC_9350197,0,0.0042297654,held_fold
ISIC_9351189,0,0.001811091,held_fold
ISIC_9353514,0,0.045061965,held_fold
ISIC_9356306,0,0.012449853,held_fold
ISIC_9356313,0,0.0055754744,held_fold
ISIC_9356630,0,0.008307725,held_fold
ISIC_9361625,0,0.0018212377,held_fold
ISIC_9362964,0,0.026283013,held_fold
ISIC_9363106,0,0.0037195664,held_fold
ISIC_9364690,0,0.0009866543,held_fold
ISIC_9365475,0,0.00027761617,held_fold
ISIC_9366873,0,0.00819301,held_fold
ISIC_9367353,0,0.004858033,held_fold
ISIC_9368534,0,0.0043873037,held_fold
ISIC_9371867,0,0.00016815016,held_fold
ISIC_9371926,0,0.0060286345,held_fold
ISIC_9374061,0,0.0063630277,held_fold
ISIC_9375086,0,0.0004138288,held_fold
ISIC_9378153,0,0.0045048264,held_fold
ISIC_9378883,0,0.0034750488,held_fold
ISIC_9379477,0,0.0009891428,held_fold
ISIC_9379917,0,0.0022342391,held_fold
ISIC_9385014,0,0.011446556,held_fold
ISIC_9386541,0,0.0016740056,held_fold
ISIC_9387488,0,0.012988573,held_fold
ISIC_9389584,0,0.000412707,held_fold
ISIC_9390305,0,0.00057405914,held_fold
ISIC_9393022,0,0.0032566339,held_fold
ISIC_9394148,0,0.00034883214,held_fold
ISIC_9395144,0,0.06800936,held_fold
ISIC_9395519,0,0.0011197611,held_fold
ISIC_9396628,0,0.00065404206,held_fold
ISIC_9398499,0,0.0010877972,held_fold
ISIC_9398989,0,0.00037075506,held_fold
ISIC_9399365,0,0.0028817481,held_fold
ISIC_9399686,0,0.050045528,held_fold
ISIC_9402324,1,0.008449353,held_fold
ISIC_9403241,0,0.012761525,held_fold
ISIC_9404190,0,0.0018930986,held_fold
ISIC_9405403,0,0.0010146208,held_fold
ISIC_9406299,0,0.00078085624,held_fold
ISIC_9406568,0,0.21528119,held_fold
ISIC_9407543,0,0.0023399768,held_fold
ISIC_9407667,0,0.008031599,held_fold
ISIC_9407690,0,0.0052169547,held_fold
ISIC_9407781,0,0.021764856,held_fold
ISIC_9408359,0,0.005375851,held_fold
ISIC_9414126,0,0.017865648,held_fold
ISIC_9414574,0,0.017914878,held_fold
ISIC_9414904,0,0.0017285008,held_fold
ISIC_9416183,0,0.002600902,held_fold
ISIC_9416765,0,0.0021926747,held_fold
ISIC_9418745,0,0.0067630787,held_fold
ISIC_9419454,0,0.023281405,held_fold
ISIC_9422298,0,0.0007556752,held_fold
ISIC_9424706,0,0.0036757663,held_fold
ISIC_9424787,0,0.009568889,held_fold
ISIC_9426433,0,0.00044750585,held_fold
ISIC_9431739,0,0.0148139205,held_fold
ISIC_9437390,0,0.0043803253,held_fold
ISIC_9437975,0,0.019774592,held_fold
ISIC_9438178,0,0.013595368,held_fold
ISIC_9443041,0,0.00047591605,held_fold
ISIC_9445196,0,0.00045571756,held_fold
ISIC_9447286,0,0.03221599,held_fold
ISIC_9455994,0,0.0023812992,held_fold
ISIC_9458746,0,0.015193079,held_fold
ISIC_9460379,0,0.005580462,held_fold
ISIC_9466416,0,0.00083593774,held_fold
ISIC_9466790,0,0.019192066,held_fold
ISIC_9466794,0,0.010318083,held_fold
ISIC_9467082,0,0.0013913189,held_fold
ISIC_9467292,0,0.0059143733,held_fold
ISIC_9469650,0,0.0011830521,held_fold
ISIC_9471383,0,0.036755078,held_fold
ISIC_9473134,0,0.00044747064,held_fold
ISIC_9473731,0,0.011175164,held_fold
ISIC_9475559,0,0.0005217967,held_fold
ISIC_9475941,0,0.005656794,held_fold
ISIC_9476904,0,0.006820737,held_fold
ISIC_9478109,0,0.057382945,held_fold
ISIC_9478930,0,0.027782612,held_fold
ISIC_9479161,0,0.029393962,held_fold
ISIC_9483417,0,0.0021359364,held_fold
ISIC_9483894,0,0.011592111,held_fold
ISIC_9484538,0,0.028658485,held_fold
ISIC_9485536,0,0.007296669,held_fold
ISIC_9485901,0,0.00087534846,held_fold
ISIC_9489738,0,0.014451316,held_fold
ISIC_9491630,0,0.020484174,held_fold
ISIC_9493710,0,0.017014707,held_fold
ISIC_9497062,0,0.0007838802,held_fold
ISIC_9498448,0,0.0047266237,held_fold
ISIC_9498942,0,0.004660042,held_fold
ISIC_9500701,0,0.0033860237,held_fold
ISIC_9502241,0,0.008804149,held_fold
ISIC_9505595,0,0.00020096851,held_fold
ISIC_9509360,0,0.08069114,held_fold
ISIC_9511888,0,0.004889717,held_fold
ISIC_9513808,0,0.005204228,held_fold
ISIC_9514450,0,0.057255764,held_fold
ISIC_9517456,0,0.0035416617,held_fold
ISIC_9519906,0,0.025000343,held_fold
ISIC_9522628,0,0.005466414,held_fold
ISIC_9525136,0,0.0022466122,held_fold
ISIC_9526877,0,0.08115412,held_fold
ISIC_9528732,0,0.001995626,held_fold
ISIC_9529297,0,0.009958608,held_fold
ISIC_9531527,0,0.044774387,held_fold
ISIC_9535114,0,0.09724216,held_fold
ISIC_9540598,0,0.0037282722,held_fold
ISIC_9540703,0,0.0022769212,held_fold
ISIC_9542037,0,0.0033337765,held_fold
ISIC_9542791,0,0.00046158978,held_fold
ISIC_9543841,0,0.014463347,held_fold
ISIC_9544059,0,0.00056827033,held_fold
ISIC_9544832,1,0.038588423,held_fold
ISIC_9546197,0,0.026997287,held_fold
ISIC_9546876,0,0.003615043,held_fold
ISIC_9548821,1,0.1272045,held_fold
ISIC_9549857,0,0.003577291,held_fold
ISIC_9550834,0,0.026617931,held_fold
ISIC_9551111,0,0.0005310671,held_fold
ISIC_9551360,0,0.0003522448,held_fold
ISIC_9551406,0,0.002417336,held_fold
ISIC_9551696,0,0.0010425514,held_fold
ISIC_9553125,0,0.002570873,held_fold
ISIC_9556334,1,0.091355145,held_fold
ISIC_9559293,0,0.008780557,held_fold
ISIC_9560390,0,0.020834528,held_fold
ISIC_9560694,0,0.0006198454,held_fold
ISIC_9561954,0,0.0008635004,held_fold
ISIC_9562292,0,0.019043282,held_fold
ISIC_9562442,0,0.007499723,held_fold
ISIC_9562731,0,0.000909354,held_fold
ISIC_9563514,0,0.00040699073,held_fold
ISIC_9564379,0,0.0011256642,held_fold
ISIC_9564875,0,0.0030063335,held_fold
ISIC_9566964,0,0.00026723632,held_fold
ISIC_9568868,0,0.001263403,held_fold
ISIC_9569891,0,0.0034081372,held_fold
ISIC_9571044,0,0.000328381,held_fold
ISIC_9571107,0,0.058674797,held_fold
ISIC_9571685,0,0.005066046,held_fold
ISIC_9573024,0,0.0015080731,held_fold
ISIC_9573267,0,0.029228918,held_fold
ISIC_9573538,0,0.0020293167,held_fold
ISIC_9574237,0,0.039350804,held_fold
ISIC_9574819,0,0.021817172,held_fold
ISIC_9578109,0,0.17792755,held_fold
ISIC_9578603,0,0.00020323892,held_fold
ISIC_9578777,0,0.0008780926,held_fold
ISIC_9579506,0,0.001147041,held_fold
ISIC_9580101,0,0.0003736075,held_fold
ISIC_9580143,0,0.0015482471,held_fold
ISIC_9580344,0,0.00034959952,held_fold
ISIC_9581761,0,0.02127502,held_fold
ISIC_9582535,0,0.0021445826,held_fold
ISIC_9587745,0,0.024841238,held_fold
ISIC_9589883,0,0.06327718,held_fold
ISIC_9590586,0,0.00043859085,held_fold
ISIC_9590644,0,0.0008322333,held_fold
ISIC_9590727,0,0.004998434,held_fold
ISIC_9590964,0,0.0038653365,held_fold
ISIC_9596685,0,0.00024387911,held_fold
ISIC_9596955,0,0.0036159034,held_fold
ISIC_9597731,0,0.019158682,held_fold
ISIC_9598426,0,0.002050479,held_fold
ISIC_9600205,0,0.0029240614,held_fold
ISIC_9601132,0,0.00054444256,held_fold
ISIC_9606109,0,0.00047818146,held_fold
ISIC_9606139,0,0.002527412,held_fold
ISIC_9607252,0,0.043381944,held_fold
ISIC_9608191,0,0.008613923,held_fold
ISIC_9609865,0,0.027204836,held_fold
ISIC_9612481,1,0.06101382,held_fold
ISIC_9613570,0,0.00025920494,held_fold
ISIC_9616024,0,0.0021306076,held_fold
ISIC_9622274,0,0.035006545,held_fold
ISIC_9627148,0,0.0004054897,held_fold
ISIC_9628600,0,0.00038799047,held_fold
ISIC_9629757,0,0.0014993815,held_fold
ISIC_9632819,0,0.00791192,held_fold
ISIC_9636293,0,0.15302055,held_fold
ISIC_9636881,0,0.13123126,held_fold
ISIC_9637180,0,0.0014899991,held_fold
ISIC_9637306,0,0.0070957034,held_fold
ISIC_9637932,0,0.01029291,held_fold
ISIC_9637941,0,0.09123481,held_fold
ISIC_9638088,0,0.056580525,held_fold
ISIC_9640145,0,0.014522,held_fold
ISIC_9640847,0,0.14911784,held_fold
ISIC_9642671,0,0.0013424737,held_fold
ISIC_9643846,0,0.0002437938,held_fold
ISIC_9644412,0,0.03698005,held_fold
ISIC_9647024,0,0.010345622,held_fold
ISIC_9647502,0,0.004937725,held_fold
ISIC_9648563,0,0.09986022,held_fold
ISIC_9648904,0,0.0037892538,held_fold
ISIC_9649253,0,0.0035615324,held_fold
ISIC_9657852,0,0.04211111,held_fold
ISIC_9659443,0,0.00043620585,held_fold
ISIC_9660528,0,0.07096931,held_fold
ISIC_9660555,0,0.0013024985,held_fold
ISIC_9665206,0,0.0031343128,held_fold
ISIC_9666709,0,0.03415489,held_fold
ISIC_9671143,0,0.025643557,held_fold
ISIC_9671443,0,0.013524945,held_fold
ISIC_9676233,0,0.04893941,held_fold
ISIC_9677250,0,0.0064304485,held_fold
ISIC_9679700,0,0.0009273492,held_fold
ISIC_9681146,0,0.05092606,held_fold
ISIC_9681655,0,0.00033116905,held_fold
ISIC_9682473,0,0.010915304,held_fold
ISIC_9685344,0,0.00030614703,held_fold
ISIC_9686581,0,0.0066290437,held_fold
ISIC_9687369,0,0.0010635311,held_fold
ISIC_9687776,0,0.06834675,held_fold
ISIC_9688617,0,0.18215336,held_fold
ISIC_9690422,0,0.17280623,held_fold
ISIC_9693103,0,0.00067115785,held_fold
ISIC_9693759,0,0.0022419835,held_fold
ISIC_9694198,0,0.012127995,held_fold
ISIC_9694275,0,0.00025268662,held_fold
ISIC_9694867,0,0.00085853273,held_fold
ISIC_9695501,0,0.025189929,held_fold
ISIC_9695809,0,0.04666462,held_fold
ISIC_9698774,0,0.0031205441,held_fold
ISIC_9698786,0,0.053831812,held_fold
ISIC_9699238,0,0.0041148546,held_fold
ISIC_9699728,0,0.00020811216,held_fold
ISIC_9700920,0,0.00093771843,held_fold
ISIC_9701912,0,0.0015204317,held_fold
ISIC_9704788,0,0.0009057485,held_fold
ISIC_9705832,0,0.0030667055,held_fold
ISIC_9706034,0,0.00051295664,held_fold
ISIC_9706318,0,0.0015845712,held_fold
ISIC_9710168,0,0.00505138,held_fold
ISIC_9711252,0,0.052017916,held_fold
ISIC_9713363,0,0.0013719943,held_fold
ISIC_9713897,0,0.00427998,held_fold
ISIC_9714255,0,0.0007503515,held_fold
ISIC_9720044,0,0.00013136795,held_fold
ISIC_9720518,0,0.0049418313,held_fold
ISIC_9723594,0,0.0018758749,held_fold
ISIC_9725043,0,0.0030012482,held_fold
ISIC_9725205,0,0.0016300172,held_fold
ISIC_9728805,0,0.11117077,held_fold
ISIC_9730889,0,0.011375134,held_fold
ISIC_9731788,0,0.00040019635,held_fold
ISIC_9732811,0,0.0010528518,held_fold
ISIC_9733758,0,0.031643398,held_fold
ISIC_9736710,0,0.0146166235,held_fold
ISIC_9738306,0,0.0033189731,held_fold
ISIC_9742891,0,0.033079863,held_fold
ISIC_9743014,0,0.23848368,held_fold
ISIC_9743638,0,0.0705673,held_fold
ISIC_9744206,0,0.07162833,held_fold
ISIC_9744723,0,0.0026409407,held_fold
ISIC_9745492,0,0.00077319,held_fold
ISIC_9745942,0,0.014678564,held_fold
ISIC_9746246,0,0.0005161783,held_fold
ISIC_9746861,0,0.0009770623,held_fold
ISIC_9749009,0,0.07624158,held_fold
ISIC_9749497,0,0.08551677,held_fold
ISIC_9749852,0,0.0025809493,held_fold
ISIC_9756215,0,0.0010680209,held_fold
ISIC_9758444,0,0.007959762,held_fold
ISIC_9759505,0,0.0030122888,held_fold
ISIC_9761658,0,0.0006816143,held_fold
ISIC_9765760,0,0.0025549447,held_fold
ISIC_9766574,0,0.00085951376,held_fold
ISIC_9767292,0,0.00040749,held_fold
ISIC_9767883,0,0.02332401,held_fold
ISIC_9768834,0,0.023415413,held_fold
ISIC_9770536,0,0.0005251945,held_fold
ISIC_9770765,0,0.0007270014,held_fold
ISIC_9773002,0,0.004605104,held_fold
ISIC_9776242,0,0.0054269712,held_fold
ISIC_9778389,0,0.000472121,held_fold
ISIC_9783456,0,0.0030562151,held_fold
ISIC_9785970,0,0.014951811,held_fold
ISIC_9787058,0,0.0018783433,held_fold
ISIC_9787633,0,0.0009594195,held_fold
ISIC_9788591,0,0.011986664,held_fold
ISIC_9788987,0,0.005865302,held_fold
ISIC_9791586,0,0.017733898,held_fold
ISIC_9794738,0,0.0031487395,held_fold
ISIC_9795608,0,0.0016739904,held_fold
ISIC_9796680,0,0.0005035611,held_fold
ISIC_9797914,0,0.00273287,held_fold
ISIC_9800787,0,0.0005385813,held_fold
ISIC_9810276,0,0.08846059,held_fold
ISIC_9811939,0,0.0010253374,held_fold
ISIC_9812330,0,0.19617833,held_fold
ISIC_9816307,0,0.0025315445,held_fold
ISIC_9818733,0,0.0041883434,held_fold
ISIC_9822350,0,0.004586698,held_fold
ISIC_9824129,0,0.0011961795,held_fold
ISIC_9825491,0,0.00096133613,held_fold
ISIC_9825604,0,0.0063428245,held_fold
ISIC_9825836,0,0.00038538923,held_fold
ISIC_9826904,0,0.018152416,held_fold
ISIC_9829655,0,0.00017770802,held_fold
ISIC_9829667,0,0.0049169105,held_fold
ISIC_9829781,0,0.023866773,held_fold
ISIC_9833462,0,0.00020460268,held_fold
ISIC_9834469,0,0.002919358,held_fold
ISIC_9834664,0,0.0032273768,held_fold
ISIC_9842000,0,0.04081561,held_fold
ISIC_9842269,0,0.00021045782,held_fold
ISIC_9847262,0,0.056525614,held_fold
ISIC_9847284,0,0.0053601246,held_fold
ISIC_9847972,0,0.0010721459,held_fold
ISIC_9851993,0,0.0241775,held_fold
ISIC_9852341,0,0.0012313477,held_fold
ISIC_9854912,0,0.0032443395,held_fold
ISIC_9855719,0,0.043585412,held_fold
ISIC_9859594,0,0.01248479,held_fold
ISIC_9859708,0,0.002845877,held_fold
ISIC_9860895,0,0.0019535674,held_fold
ISIC_9863059,0,0.00092926587,held_fold
ISIC_9864416,0,0.039982125,held_fold
ISIC_9865814,0,0.00044417137,held_fold
ISIC_9866375,0,0.0016544493,held_fold
ISIC_9866767,0,0.0065560453,held_fold
ISIC_9869789,0,0.033483315,held_fold
ISIC_9871571,0,0.004884583,held_fold
ISIC_9877164,0,0.044920903,held_fold
ISIC_9878424,0,0.009688751,held_fold
ISIC_9879041,0,0.0005294293,held_fold
ISIC_9879347,0,0.0015775107,held_fold
ISIC_9880854,0,0.012367902,held_fold
ISIC_9883092,0,0.002066416,held_fold
ISIC_9883380,0,0.0023311323,held_fold
ISIC_9885210,0,0.052015264,held_fold
ISIC_9886540,0,0.036474966,held_fold
ISIC_9887282,0,0.002117594,held_fold
ISIC_9888213,0,0.030478464,held_fold
ISIC_9889001,0,0.0015212608,held_fold
ISIC_9889470,0,0.00074390025,held_fold
ISIC_9889687,0,0.017644504,held_fold
ISIC_9892275,0,0.033121206,held_fold
ISIC_9894283,0,0.001370621,held_fold
ISIC_9899140,0,0.02022072,held_fold
ISIC_9899644,0,0.00036167225,held_fold
ISIC_9900623,0,0.09398293,held_fold
ISIC_9901871,0,0.0074897986,held_fold
ISIC_9907793,0,0.0050426098,held_fold
ISIC_9907938,0,0.00015216167,held_fold
ISIC_9908982,0,0.021661337,held_fold
ISIC_9909173,0,0.005316916,held_fold
ISIC_9913091,0,0.005750568,held_fold
ISIC_9915927,0,0.0013753591,held_fold
ISIC_9916907,0,0.0059608854,held_fold
ISIC_9919255,0,0.045889612,held_fold
ISIC_9919374,0,0.0006422452,held_fold
ISIC_9920161,0,0.0019906198,held_fold
ISIC_9921831,0,0.0007761443,held_fold
ISIC_9926111,0,0.04933703,held_fold
ISIC_9927490,0,0.107157566,held_fold
ISIC_9928774,0,0.0014646322,held_fold
ISIC_9929556,0,0.00034136287,held_fold
ISIC_9932789,0,0.013316047,held_fold
ISIC_9933119,0,0.000818706,held_fold
ISIC_9934553,0,0.09988184,held_fold
ISIC_9936188,0,0.064182326,held_fold
ISIC_9939963,0,0.0008398739,held_fold
ISIC_9942347,0,0.09847572,held_fold
ISIC_9943579,0,0.0070025423,held_fold
ISIC_9944803,0,0.0035233868,held_fold
ISIC_9945083,0,0.0030946778,held_fold
ISIC_9946557,0,0.0015787912,held_fold
ISIC_9946910,0,0.00041030193,held_fold
ISIC_9948815,0,0.00056412356,held_fold
ISIC_9954582,0,0.00032349722,held_fold
ISIC_9955092,0,0.0018733088,held_fold
ISIC_9956957,0,0.0062562595,held_fold
ISIC_9960855,0,0.016273178,held_fold
ISIC_9962720,0,0.014617805,held_fold
ISIC_9963177,1,0.053081773,held_fold
ISIC_9971202,0,0.007933681,held_fold
ISIC_9973015,0,0.0011567099,held_fold
ISIC_9973459,0,0.0053320713,held_fold
ISIC_9974860,0,0.0026448155,held_fold
ISIC_9975260,0,0.11415614,held_fold
ISIC_9975974,0,0.06865619,held_fold
ISIC_9978498,0,0.0032488946,held_fold
ISIC_9979438,0,0.00035647737,held_fold
ISIC_9980068,0,0.0005922523,held_fold
ISIC_9981394,0,0.024792325,held_fold
ISIC_9981925,0,0.046145663,held_fold
ISIC_9982953,0,0.011731706,held_fold
ISIC_9985141,0,0.0014875004,held_fold
ISIC_9991451,0,0.1639731,held_fold
ISIC_9995837,0,0.004287151,held_fold
ISIC_9998152,0,0.0005234575,held_fold
ISIC_9998682,1,0.0130598415,held_fold
